loan_id,year_month,outstanding_balance,current_interest_rate,scheduled_payment,actual_payment,days_past_due,delinquency_status,arrears_amount
L0000003,2026-01,275000.0,9.34,0.0,0.0,0,CURRENT,0.0
L0000003,2026-02,270429.14,9.34,8788.51,6711.28,12,DPD_1_30,2077.23
L0000003,2026-03,261772.1,9.34,8856.54,10761.87,15,DPD_1_30,171.89
L0000003,2026-04,255017.02,9.34,8792.54,8792.54,14,DPD_1_30,171.89
L0000003,2026-05,248110.57,9.34,8792.54,8891.34,15,DPD_1_30,73.09
L0000003,2026-06,241180.91,9.34,8789.04,8860.79,14,DPD_1_30,1.34
L0000003,2026-07,234264.53,9.26,8777.49,8777.49,15,DPD_1_30,1.34
L0000003,2026-08,227293.44,9.26,8777.49,8778.83,0,CURRENT,0.0
L0000003,2026-09,227893.57,9.26,8777.44,1153.82,14,DPD_1_30,7623.62
L0000003,2026-10,214202.5,9.26,9057.31,15445.02,15,DPD_1_30,1235.91
L0000003,2026-11,0.0,9.26,8819.03,215855.43,0,CURRENT,0.0
L0000004,2021-09,1210000.0,14.63,0.0,0.0,0,CURRENT,0.0
L0000004,2021-10,1191303.22,14.63,33448.7,33448.7,0,CURRENT,0.0
L0000004,2021-11,1172378.49,14.63,33448.7,33448.7,0,CURRENT,0.0
L0000004,2021-12,1153223.04,14.63,33448.7,33448.7,0,CURRENT,0.0
L0000004,2022-01,1133834.05,14.63,33448.7,33448.7,0,CURRENT,0.0
L0000004,2022-02,1114208.68,14.63,33448.7,33448.7,0,CURRENT,0.0
L0000004,2022-03,1094646.03,15.4425,33901.12,33901.12,0,CURRENT,0.0
L0000004,2022-04,1074831.63,15.4425,33901.12,33901.12,0,CURRENT,0.0
L0000004,2022-05,1054762.25,15.4425,33901.12,33901.12,0,CURRENT,0.0
L0000004,2022-06,1034434.6,15.4425,33901.12,33901.12,0,CURRENT,0.0
L0000004,2022-07,1013845.35,15.4425,33901.12,33901.12,0,CURRENT,0.0
L0000004,2022-08,992991.15,15.4425,33901.12,33901.12,0,CURRENT,0.0
L0000004,2022-09,972058.1,16.005,34177.08,34177.08,0,CURRENT,0.0
L0000004,2022-10,955317.54,16.005,34177.08,29705.38,16,DPD_1_30,4471.7
L0000004,2022-11,968059.09,16.005,34337.81,0.0,46,DPD_31_60,38809.51
L0000004,2022-12,930158.34,16.005,35132.02,50642.3,16,DPD_1_30,23299.23
L0000004,2023-01,907558.68,16.005,34993.53,34993.53,16,DPD_1_30,23299.23
L0000004,2023-02,861460.75,16.005,35001.6,58193.16,13,DPD_1_30,107.67
L0000004,2023-03,848105.54,16.1925,34189.64,24979.54,16,DPD_1_30,9317.77
L0000004,2023-04,819022.95,16.1925,34565.01,40526.72,15,DPD_1_30,3356.06
L0000004,2023-05,793324.96,16.1925,34315.22,36749.68,16,DPD_1_30,921.6
L0000004,2023-06,769268.17,16.1925,34210.24,34761.72,15,DPD_1_30,370.13
L0000004,2023-07,745462.75,16.1925,34185.74,34185.74,16,DPD_1_30,370.13
L0000004,2023-08,727487.94,16.1925,34185.74,28033.89,16,DPD_1_30,6521.97
L0000004,2023-09,718348.15,15.63,34281.4,18615.32,15,DPD_1_30,22188.05
L0000004,2023-10,692658.94,15.63,35045.7,35045.7,16,DPD_1_30,22188.05
L0000004,2023-11,653996.94,15.63,35045.7,47683.89,15,DPD_1_30,9549.86
L0000004,2023-12,638271.91,15.63,34381.29,24243.34,16,DPD_1_30,19687.82
L0000004,2024-01,624456.12,15.63,34936.2,22129.28,16,DPD_1_30,32494.73
L0000004,2024-02,580489.49,15.63,35332.31,52023.69,14,DPD_1_30,15803.36
L0000004,2024-03,542560.82,15.13,34548.84,45247.67,16,DPD_1_30,5104.53
L0000004,2024-04,510928.05,15.13,33880.75,38473.56,15,DPD_1_30,511.71
L0000004,2024-05,483552.45,15.13,33578.9,33817.55,16,DPD_1_30,273.06
L0000004,2024-06,489649.24,15.13,33562.34,0.0,46,DPD_31_60,33835.4
L0000004,2024-07,446906.81,15.13,35583.46,48839.23,16,DPD_1_30,20579.63
L0000004,2024-08,417519.12,15.13,35022.44,35022.44,16,DPD_1_30,20579.63
L0000004,2024-09,372290.05,14.755,34948.72,50362.82,15,DPD_1_30,5165.53
L0000004,2024-10,0.0,14.755,33559.25,376867.66,0,CURRENT,0.0
L0000005,2026-08,12550000.0,13.79,62750.0,0.0,17,DPD_1_30,62750.0
L0000005,2026-09,12694220.42,13.79,290652.01,0.0,47,DPD_31_60,353402.01
L0000005,2026-10,12838440.83,13.79,294083.33,0.0,78,DPD_61_90,647485.34
L0000005,2026-11,12982661.25,13.79,297637.5,0.0,108,DPD_90_PLUS,945122.83
L0000005,2026-12,13126881.67,13.79,301320.99,0.0,139,DPD_90_PLUS,1246443.82
L0000006,2021-01,4637467.0,17.3,64357.6,4198.66,108,DPD_90_PLUS,253092.2
L0000006,2021-02,4636362.27,17.3,64373.58,64373.58,105,DPD_90_PLUS,253092.2
L0000006,2021-03,4635241.6,17.3,64374.49,64374.49,106,DPD_90_PLUS,253092.2
L0000006,2021-04,4634104.75,17.3,64375.64,64375.64,105,DPD_90_PLUS,253092.2
L0000006,2021-05,4632951.48,17.3,64377.03,64377.03,105,DPD_90_PLUS,253092.2
L0000006,2021-06,4696159.55,17.3,64377.98,0.0,135,DPD_90_PLUS,317470.18
L0000006,2021-07,4749247.72,17.3,64395.16,10119.9,166,DPD_90_PLUS,371745.44
L0000006,2021-08,4760927.14,17.3,64412.6,51528.65,169,DPD_90_PLUS,384629.4
L0000006,2021-09,4824119.28,17.3,64414.07,0.0,199,DPD_90_PLUS,449043.47
L0000006,2021-10,4822879.4,17.3,64432.03,64432.03,199,DPD_90_PLUS,449043.47
L0000006,2021-11,4821621.6,17.3,64433.78,64433.78,199,DPD_90_PLUS,449043.47
L0000006,2021-12,4884781.2,17.3,64435.56,0.0,230,DPD_90_PLUS,513479.03
L0000006,2022-01,4908880.61,17.3,64454.33,39060.19,261,DPD_90_PLUS,538873.17
L0000006,2022-02,4972040.21,17.3,64473.39,0.0,289,DPD_90_PLUS,603346.56
L0000006,2022-03,4970707.08,17.3,64492.73,64492.73,289,DPD_90_PLUS,603346.56
L0000006,2022-04,4995800.84,17.3,64495.38,38049.21,289,DPD_90_PLUS,629792.73
L0000006,2022-05,5005408.1,17.3,64498.07,53518.84,289,DPD_90_PLUS,640771.95
L0000006,2022-06,5068517.09,17.3,64500.79,0.0,319,DPD_90_PLUS,705272.74
L0000006,2022-07,5077525.07,17.3,64521.3,54101.01,350,DPD_90_PLUS,715693.04
L0000006,2022-08,5140634.07,17.3,64542.13,0.0,381,DPD_90_PLUS,780235.16
L0000006,2022-09,5200319.08,17.3,64563.26,3423.97,411,DPD_90_PLUS,841374.45
L0000006,2022-10,4370574.11,17.3,64584.72,892853.96,16,DPD_1_30,13105.21
L0000006,2022-11,4433415.57,17.3,64332.61,0.0,46,DPD_31_60,77437.83
L0000006,2022-12,4496257.02,17.3,64354.63,0.0,77,DPD_61_90,141792.45
L0000006,2023-01,4559098.47,17.3,64376.98,0.0,108,DPD_90_PLUS,206169.43
L0000006,2023-02,4621939.92,17.3,64399.66,0.0,136,DPD_90_PLUS,270569.09
L0000006,2023-03,4639948.49,17.3,64422.69,44832.88,136,DPD_90_PLUS,290158.9
L0000006,2023-04,4665752.98,17.3,64424.25,37015.69,136,DPD_90_PLUS,317567.46
L0000006,2023-05,4720594.52,17.3,64425.92,7957.14,167,DPD_90_PLUS,374036.24
L0000006,2023-06,4783393.2,17.3,64450.0,0.0,197,DPD_90_PLUS,438486.24
L0000006,2023-07,4781717.44,17.3,64474.44,64474.44,197,DPD_90_PLUS,438486.24
L0000006,2023-08,4793747.3,17.3,64476.85,50747.0,228,DPD_90_PLUS,452216.08
L0000006,2023-09,4792022.3,17.3,64496.2,64496.2,227,DPD_90_PLUS,452216.08
L0000006,2023-10,4816383.99,17.3,64497.24,38385.65,230,DPD_90_PLUS,478327.68
L0000006,2023-11,4814608.57,17.3,64507.68,64507.68,229,DPD_90_PLUS,478327.68
L0000006,2023-12,4812807.47,17.3,64510.56,64510.56,230,DPD_90_PLUS,478327.68
L0000006,2024-01,4810980.33,17.3,64513.49,64513.49,230,DPD_90_PLUS,478327.68
L0000006,2024-02,4809126.76,17.3,64516.45,64516.45,229,DPD_90_PLUS,478327.68
L0000006,2024-03,4818133.17,17.3,64519.46,53632.66,229,DPD_90_PLUS,489214.48
L0000006,2024-04,4816225.6,17.3,64522.5,64522.5,228,DPD_90_PLUS,489214.48
L0000006,2024-05,4878816.0,17.3,64525.58,0.0,259,DPD_90_PLUS,553740.06
L0000006,2024-06,4876852.06,17.3,64554.36,64554.36,259,DPD_90_PLUS,553740.06
L0000006,2024-07,4874859.69,17.3,64557.91,64557.91,259,DPD_90_PLUS,553740.06
L0000006,2024-08,4872838.48,17.3,64561.52,64561.52,260,DPD_90_PLUS,553740.06
L0000006,2024-09,4926582.05,17.3,64565.18,8771.14,290,DPD_90_PLUS,609534.1
L0000006,2024-10,4989096.77,17.3,64595.72,0.0,321,DPD_90_PLUS,674129.82
L0000006,2024-11,4996558.39,17.3,64626.74,55053.09,320,DPD_90_PLUS,683703.47
L0000006,2024-12,4994415.77,17.3,64631.37,64631.37,320,DPD_90_PLUS,683703.47
L0000006,2025-01,5002519.39,17.3,64636.08,54358.79,322,DPD_90_PLUS,693980.76
L0000006,2025-02,5000314.22,17.3,64640.86,64640.86,319,DPD_90_PLUS,693980.76
L0000006,2025-03,5015515.08,17.3,64645.71,47207.71,350,DPD_90_PLUS,711418.75
L0000006,2025-04,5013245.07,17.3,64663.75,64663.75,350,DPD_90_PLUS,711418.75
L0000006,2025-05,5017490.32,17.3,64666.69,58118.59,350,DPD_90_PLUS,717966.85
L0000006,2025-06,5015153.43,17.3,64690.07,64690.07,350,DPD_90_PLUS,717966.85
L0000006,2025-07,4309304.59,17.3,64695.65,768173.7,16,DPD_1_30,14488.8
L0000006,2025-08,4306912.74,17.3,64342.96,64342.96,16,DPD_1_30,14488.8
L0000006,2025-09,4322773.38,16.8667,62941.12,44505.38,15,DPD_1_30,32924.55
L0000006,2025-10,4291030.03,16.8667,62943.81,92075.75,16,DPD_1_30,3792.6
L0000006,2025-11,4286191.48,16.8667,62944.34,65134.76,15,DPD_1_30,1602.18
L0000006,2025-12,4283506.76,16.8667,62929.52,62929.52,16,DPD_1_30,1602.18
L0000006,2026-01,4289442.81,16.8667,62929.52,54271.02,16,DPD_1_30,10260.69
L0000006,2026-02,4349627.35,16.8667,62945.99,0.0,44,DPD_31_60,73206.68
L0000006,2026-03,4377814.34,16.8667,62986.61,31997.56,44,DPD_31_60,104195.73
L0000006,2026-04,4437960.63,16.8667,62987.79,0.0,74,DPD_61_90,167183.52
L0000006,2026-05,4463159.89,16.8667,63029.64,34947.02,105,DPD_90_PLUS,195266.14
L0000006,2026-06,4295056.86,16.8667,63072.14,228249.31,15,DPD_1_30,30088.97
L0000006,2026-07,4355044.48,16.8667,81987.62,0.0,46,DPD_31_60,112076.59
L0000006,2026-08,4415032.1,16.8667,62992.5,0.0,77,DPD_61_90,175069.09
L0000006,2026-09,4474326.18,16.6717,62420.38,0.0,107,DPD_90_PLUS,237489.47
L0000006,2026-10,4533620.27,16.6717,62466.14,0.0,138,DPD_90_PLUS,299955.61
L0000006,2026-11,4592914.35,16.6717,62512.6,0.0,168,DPD_90_PLUS,362468.21
L0000006,2026-12,4652208.44,16.6717,62559.78,0.0,199,DPD_90_PLUS,425027.99
L0000007,2023-02,2000.0,16.49,0.0,0.0,0,CURRENT,0.0
L0000007,2023-03,1677.94,16.49,349.55,349.55,0,CURRENT,0.0
L0000007,2023-04,1445.72,16.49,349.55,255.27,21,DPD_1_30,94.27
L0000007,2023-05,1465.59,16.49,373.93,0.0,52,DPD_31_60,468.21
L0000007,2023-06,1260.42,16.49,495.21,225.03,52,DPD_31_60,738.39
L0000007,2023-07,1013.5,16.49,539.08,263.97,52,DPD_31_60,1013.5
L0000007,2023-08,404.1,16.49,13.69,623.09,53,DPD_31_60,404.1
L0000007,2023-09,115.18,16.49,5.36,294.29,83,DPD_61_90,115.18
L0000007,2023-10,39.9,16.49,1.32,76.59,114,DPD_90_PLUS,39.9
L0000007,2023-11,6.81,16.49,0.27,33.36,82,DPD_61_90,6.81
L0000007,2023-12,1.71,16.49,0.0,5.11,113,DPD_90_PLUS,1.7
L0000007,2024-01,0.14,16.49,0.0,1.58,83,DPD_61_90,0.13
L0000007,2024-02,0.04,16.49,0.0,0.1,112,DPD_90_PLUS,0.03
L0000007,2024-03,0.02,16.49,0.0,0.02,143,DPD_90_PLUS,0.01
L0000007,2024-04,0.01,16.49,0.0,0.01,0,CURRENT,0.0
L0000007,2024-05,0.01,16.49,0.0,0.0,0,CURRENT,0.0
L0000007,2024-06,0.01,16.49,0.0,0.0,0,CURRENT,0.0
L0000007,2024-07,0.01,16.49,0.0,0.0,0,CURRENT,0.0
L0000007,2024-08,0.0,16.49,0.0,0.01,0,CURRENT,0.0
L0000008,2023-11,13000.0,12.06,0.0,0.0,0,CURRENT,0.0
L0000008,2023-12,12518.33,12.06,612.32,612.32,0,CURRENT,0.0
L0000008,2024-01,12031.82,12.06,612.32,612.32,0,CURRENT,0.0
L0000008,2024-02,11616.21,12.06,612.32,536.53,21,DPD_1_30,75.79
L0000008,2024-03,11399.96,12.06,616.34,333.0,23,DPD_1_30,359.13
L0000008,2024-04,11206.67,12.06,632.05,307.86,53,DPD_31_60,683.33
L0000008,2024-05,10673.51,11.96,643.71,643.71,53,DPD_31_60,683.33
L0000008,2024-06,10134.84,11.96,643.95,643.95,53,DPD_31_60,683.33
L0000008,2024-07,10177.01,11.96,644.29,57.78,53,DPD_31_60,1269.84
L0000008,2024-08,9597.99,11.96,678.59,678.59,54,DPD_31_60,1269.84
L0000008,2024-09,9692.19,11.96,681.5,0.0,84,DPD_61_90,1951.34
L0000008,2024-10,9356.54,11.96,726.66,429.85,115,DPD_90_PLUS,2248.15
L0000008,2024-11,6762.69,11.8475,746.74,2683.39,22,DPD_1_30,311.5
L0000008,2024-12,6381.38,11.8475,600.37,448.07,23,DPD_1_30,463.8
L0000008,2025-01,6444.38,11.8475,615.05,0.0,54,DPD_31_60,1078.86
L0000008,2025-02,0.0,11.8475,673.3,6507.39,0,CURRENT,0.0
L0000009,2021-01,34403.39,21.92,2642.86,2642.86,0,CURRENT,0.0
L0000009,2021-02,32388.96,21.92,2642.86,2642.86,0,CURRENT,0.0
L0000009,2021-03,30337.73,21.92,2642.86,2642.86,0,CURRENT,0.0
L0000009,2021-04,28249.04,21.92,2642.86,2642.86,0,CURRENT,0.0
L0000009,2021-05,26122.19,21.92,2642.86,2642.86,0,CURRENT,0.0
L0000009,2021-06,23956.49,21.92,2642.86,2642.86,0,CURRENT,0.0
L0000009,2021-07,21751.23,21.92,2642.86,2642.86,0,CURRENT,0.0
L0000009,2021-08,19505.69,21.92,2642.86,2642.86,0,CURRENT,0.0
L0000009,2021-09,17219.13,21.92,2642.86,2642.86,0,CURRENT,0.0
L0000009,2021-10,14890.8,21.92,2642.86,2642.86,0,CURRENT,0.0
L0000009,2021-11,12519.95,21.92,2642.86,2642.86,0,CURRENT,0.0
L0000009,2021-12,10105.78,21.92,2642.86,2642.86,0,CURRENT,0.0
L0000009,2022-01,7647.52,21.92,2642.86,2642.86,0,CURRENT,0.0
L0000009,2022-02,5144.35,21.92,2642.86,2642.86,0,CURRENT,0.0
L0000009,2022-03,2595.45,21.92,2642.86,2642.86,0,CURRENT,0.0
L0000009,2022-04,0.0,21.92,2642.86,2642.86,0,CURRENT,0.0
L0000009,2022-05,0.08,21.92,0.0,0.0,0,CURRENT,0.0
L0000009,2022-06,0.08,21.92,0.0,0.0,0,CURRENT,0.0
L0000009,2022-07,0.08,21.92,0.0,0.0,0,CURRENT,0.0
L0000009,2022-08,0.08,21.92,0.0,0.0,0,CURRENT,0.0
L0000009,2022-09,0.08,21.92,0.0,0.0,0,CURRENT,0.0
L0000009,2022-10,0.08,21.92,0.0,0.0,0,CURRENT,0.0
L0000009,2022-11,0.08,21.92,0.0,0.0,0,CURRENT,0.0
L0000009,2022-12,0.0,21.92,0.0,0.08,0,CURRENT,0.0
L0000010,2021-12,295000.0,19.49,0.0,0.0,0,CURRENT,0.0
L0000010,2022-01,290894.3,19.49,8896.99,8896.99,0,CURRENT,0.0
L0000010,2022-02,286721.91,19.49,8896.99,8896.99,0,CURRENT,0.0
L0000010,2022-03,282481.76,19.49,8896.99,8896.99,0,CURRENT,0.0
L0000010,2022-04,278172.74,19.49,8896.99,8896.99,0,CURRENT,0.0
L0000010,2022-05,273793.74,19.49,8896.99,8896.99,0,CURRENT,0.0
L0000010,2022-06,269343.61,19.49,8896.99,8896.99,0,CURRENT,0.0
L0000010,2022-07,264821.21,19.49,8896.99,8896.99,0,CURRENT,0.0
L0000010,2022-08,260225.35,19.49,8896.99,8896.99,0,CURRENT,0.0
L0000010,2022-09,255554.85,19.49,8896.99,8896.99,0,CURRENT,0.0
L0000010,2022-10,250808.49,19.49,8896.99,8896.99,0,CURRENT,0.0
L0000010,2022-11,245985.05,19.49,8896.99,8896.99,0,CURRENT,0.0
L0000010,2022-12,243268.93,19.49,8896.99,6711.33,24,DPD_1_30,2185.67
L0000010,2023-01,236653.52,19.49,8977.65,10566.5,24,DPD_1_30,596.82
L0000010,2023-02,231333.8,19.49,8917.78,9163.36,21,DPD_1_30,351.23
L0000010,2023-03,225912.97,19.49,8908.32,9178.08,24,DPD_1_30,81.48
L0000010,2023-04,220647.99,19.49,8897.7,8934.19,23,DPD_1_30,45.0
L0000010,2023-05,215304.09,19.49,8896.23,8927.59,24,DPD_1_30,13.64
L0000010,2023-06,209901.25,19.49,8894.93,8899.74,23,DPD_1_30,8.83
L0000010,2023-07,204415.66,19.49,8894.73,8894.73,24,DPD_1_30,8.83
L0000010,2023-08,198833.1,19.49,8894.73,8902.62,24,DPD_1_30,0.94
L0000010,2023-09,193167.31,19.49,8894.38,8895.17,23,DPD_1_30,0.14
L0000010,2023-10,187410.24,19.49,8894.34,8894.43,24,DPD_1_30,0.05
L0000010,2023-11,181559.75,19.49,8894.34,8894.34,23,DPD_1_30,0.05
L0000010,2023-12,184508.59,19.49,8894.34,0.0,54,DPD_31_60,8894.39
L0000010,2024-01,183098.41,19.49,9195.46,4359.02,55,DPD_31_60,13730.83
L0000010,2024-02,186024.33,19.49,9449.14,0.0,84,DPD_61_90,23179.97
L0000010,2024-03,179146.12,19.49,9804.14,9804.14,84,DPD_61_90,23179.97
L0000010,2024-04,150697.12,19.49,9805.44,31263.59,23,DPD_1_30,1721.82
L0000010,2024-05,144259.42,19.49,8885.28,8885.28,24,DPD_1_30,1721.82
L0000010,2024-06,137717.15,19.49,8885.28,8885.28,23,DPD_1_30,1721.82
L0000010,2024-07,130217.55,19.49,8885.28,9736.36,24,DPD_1_30,870.74
L0000010,2024-08,123504.92,19.49,8827.58,8827.58,24,DPD_1_30,870.74
L0000010,2024-09,116083.91,19.49,8827.58,9426.94,23,DPD_1_30,271.38
L0000010,2024-10,109187.07,19.49,8782.24,8782.24,24,DPD_1_30,271.38
L0000010,2024-11,102178.21,19.49,8782.24,8782.24,23,DPD_1_30,271.38
L0000010,2024-12,103837.75,19.49,8782.24,0.0,54,DPD_31_60,9053.62
L0000010,2025-01,96056.99,19.49,9440.31,9440.31,24,DPD_1_30,9053.62
L0000010,2025-02,92022.53,19.49,9478.98,5573.91,52,DPD_31_60,12958.68
L0000010,2025-03,83616.02,19.49,9876.11,9876.11,52,DPD_31_60,12958.68
L0000010,2025-04,67521.35,19.49,9884.52,17428.86,23,DPD_1_30,5414.33
L0000010,2025-05,59549.38,19.49,9068.63,9068.63,24,DPD_1_30,5414.33
L0000010,2025-06,51447.93,19.49,9068.63,9068.63,23,DPD_1_30,5414.33
L0000010,2025-07,43214.9,19.49,9068.63,9068.63,24,DPD_1_30,5414.33
L0000010,2025-08,34848.15,19.49,9068.63,9068.63,24,DPD_1_30,5414.33
L0000010,2025-09,26345.51,19.49,9068.63,9068.63,23,DPD_1_30,5414.33
L0000010,2025-10,13279.62,19.49,9068.63,13493.79,24,DPD_1_30,989.18
L0000010,2025-11,0.0,19.49,6802.0,13495.3,0,CURRENT,0.0
L0000011,2021-01,3084365.86,19.65,85501.37,85501.37,0,CURRENT,0.0
L0000011,2021-02,3049370.98,19.65,85501.37,85501.37,0,CURRENT,0.0
L0000011,2021-03,3013803.06,19.65,85501.37,85501.37,0,CURRENT,0.0
L0000011,2021-04,2977652.72,19.65,85501.37,85501.37,0,CURRENT,0.0
L0000011,2021-05,2940910.41,19.65,85501.37,85501.37,0,CURRENT,0.0
L0000011,2021-06,2903566.45,19.65,85501.37,85501.37,0,CURRENT,0.0
L0000011,2021-07,2899298.5,19.65,85501.37,51813.85,22,DPD_1_30,33687.52
L0000011,2021-08,2868185.73,19.65,86506.51,78588.78,22,DPD_1_30,41605.24
L0000011,2021-09,2813270.24,19.65,86668.1,101839.87,21,DPD_1_30,26433.48
L0000011,2021-10,2773055.79,19.65,86281.76,86281.76,22,DPD_1_30,26433.48
L0000011,2021-11,2818464.57,19.65,86281.76,0.0,52,DPD_31_60,112715.23
L0000011,2021-12,2802075.98,19.65,87572.52,61797.39,52,DPD_31_60,138490.36
L0000011,2022-01,2678428.73,19.65,88076.94,168623.18,22,DPD_1_30,57944.12
L0000011,2022-02,2669769.08,19.65,86775.89,52275.87,50,DPD_31_60,92444.14
L0000011,2022-03,2581056.05,19.65,86965.54,131716.28,22,DPD_1_30,47693.41
L0000011,2022-04,2536458.08,19.65,86801.67,86801.67,21,DPD_1_30,47693.41
L0000011,2022-05,2491118.43,19.65,86823.46,86823.46,22,DPD_1_30,47693.41
L0000011,2022-06,2464306.09,19.65,86849.34,67565.86,21,DPD_1_30,66976.89
L0000011,2022-07,2461037.11,19.65,86876.23,43280.06,52,DPD_31_60,110573.05
L0000011,2022-08,2448647.34,19.65,87763.13,52034.08,53,DPD_31_60,146302.11
L0000011,2022-09,2487903.6,19.65,88666.39,0.0,83,DPD_61_90,234968.5
L0000011,2022-10,2248056.64,19.65,90532.31,279103.23,22,DPD_1_30,46397.58
L0000011,2022-11,2198117.87,19.65,86750.7,86750.7,21,DPD_1_30,46397.58
L0000011,2022-12,2160311.13,19.65,86750.7,73800.92,22,DPD_1_30,59347.37
L0000011,2023-01,2064818.02,19.65,86926.8,130727.53,22,DPD_1_30,15546.63
L0000011,2023-02,2037760.36,19.65,85469.35,60869.05,19,DPD_1_30,40146.93
L0000011,2023-03,1957264.47,19.65,86513.76,113864.21,22,DPD_1_30,12796.47
L0000011,2023-04,1918541.36,19.65,85321.5,70773.32,21,DPD_1_30,27344.65
L0000011,2023-05,1842832.95,19.65,85973.43,107124.52,22,DPD_1_30,6193.56
L0000011,2023-06,1873009.34,19.65,84997.86,0.0,52,DPD_31_60,91191.42
L0000011,2023-07,1766159.51,19.65,87603.95,137026.21,22,DPD_1_30,41769.15
L0000011,2023-08,1755472.55,19.65,86659.62,39607.83,53,DPD_31_60,88820.94
L0000011,2023-09,1622217.57,19.65,87579.31,161527.26,21,DPD_1_30,14872.99
L0000011,2023-10,1563567.32,19.65,85214.06,85214.06,22,DPD_1_30,14872.99
L0000011,2023-11,1503956.68,19.65,85214.06,85214.06,21,DPD_1_30,14872.99
L0000011,2023-12,1443369.9,19.65,85214.06,85214.06,22,DPD_1_30,14872.99
L0000011,2024-01,1458666.49,19.65,85214.06,8338.6,53,DPD_31_60,91748.46
L0000011,2024-02,1393667.77,19.65,88497.35,88497.35,51,DPD_31_60,91748.46
L0000011,2024-03,1350714.94,19.65,88506.17,65389.35,51,DPD_31_60,114865.28
L0000011,2024-04,1234086.47,19.65,90147.14,138379.03,21,DPD_1_30,66633.39
L0000011,2024-05,1182428.29,19.65,88301.43,71866.35,22,DPD_1_30,83068.47
L0000011,2024-06,1054118.19,19.65,88411.99,147427.14,21,DPD_1_30,24053.32
L0000011,2024-07,976971.83,19.65,84866.36,94407.55,22,DPD_1_30,14512.13
L0000011,2024-08,930230.97,19.65,84045.56,62738.78,22,DPD_1_30,35818.92
L0000011,2024-09,828563.6,19.65,86015.74,116899.9,21,DPD_1_30,4934.75
L0000011,2024-10,759206.55,19.65,82924.77,82924.77,22,DPD_1_30,4934.75
L0000011,2024-11,686449.58,19.65,82924.77,85188.98,21,DPD_1_30,2670.55
L0000011,2024-12,612748.31,19.65,82652.15,84941.88,22,DPD_1_30,380.82
L0000011,2025-01,540437.62,19.65,82344.45,82344.45,22,DPD_1_30,380.82
L0000011,2025-02,466942.84,19.65,82344.45,82344.45,19,DPD_1_30,380.82
L0000011,2025-03,406984.27,19.65,82344.45,67604.77,22,DPD_1_30,15120.5
L0000011,2025-04,314810.01,19.65,85438.77,98838.63,21,DPD_1_30,1720.64
L0000011,2025-05,319965.02,19.65,81950.55,0.0,52,DPD_31_60,83671.19
L0000011,2025-06,276308.09,19.65,108391.95,48811.94,52,DPD_31_60,143251.2
L0000011,2025-07,280748.23,19.65,137497.02,0.0,83,DPD_61_90,280748.23
L0000011,2025-08,0.0,19.65,4440.13,285188.36,0,CURRENT,0.0
L0000012,2021-01,19477886.17,13.93,258109.61,165193.11,13,DPD_1_30,92916.5
L0000012,2021-02,19703292.99,13.93,258545.05,0.0,41,DPD_31_60,351461.54
L0000012,2021-03,19669712.77,13.93,258987.03,258987.03,41,DPD_31_60,351461.54
L0000012,2021-04,19491719.67,13.93,258998.76,403020.29,12,DPD_1_30,207440.01
L0000012,2021-05,19715972.37,13.93,258560.46,0.0,43,DPD_31_60,466000.47
L0000012,2021-06,19736883.89,13.93,259020.47,203341.18,73,DPD_61_90,521679.76
L0000012,2021-07,19960789.82,13.93,259086.22,0.0,104,DPD_90_PLUS,780765.98
L0000012,2021-08,19925136.11,13.93,259559.63,259559.63,105,DPD_90_PLUS,780765.98
L0000012,2021-09,19988958.3,13.93,259564.31,159673.89,104,DPD_90_PLUS,880656.39
L0000012,2021-10,19952408.77,13.93,260009.61,260009.61,105,DPD_90_PLUS,880656.39
L0000012,2021-11,19396427.88,13.93,260033.72,779037.39,43,DPD_31_60,361652.73
L0000012,2021-12,19015851.0,13.93,259085.62,602392.42,13,DPD_1_30,18345.94
L0000012,2022-01,19059927.67,13.93,258335.98,176665.67,13,DPD_1_30,100016.24
L0000012,2022-02,19280457.04,13.93,258597.98,0.0,41,DPD_31_60,358614.22
L0000012,2022-03,19500986.41,13.93,259117.22,0.0,72,DPD_61_90,617731.44
L0000012,2022-04,19721515.78,13.93,259644.61,0.0,102,DPD_90_PLUS,877376.05
L0000012,2022-05,18808486.71,13.93,260180.31,1133558.45,13,DPD_1_30,3997.92
L0000012,2022-06,18768691.52,13.93,258130.37,258130.37,12,DPD_1_30,3997.92
L0000012,2022-07,18728434.37,13.93,258130.37,258130.37,13,DPD_1_30,3997.92
L0000012,2022-08,18687709.91,13.93,258130.37,258130.37,13,DPD_1_30,3997.92
L0000012,2022-09,18646512.7,13.93,258130.37,258130.37,12,DPD_1_30,3997.92
L0000012,2022-10,18862967.63,13.93,258130.37,0.0,43,DPD_31_60,262128.29
L0000012,2022-11,18820713.97,13.93,258708.59,258708.59,43,DPD_31_60,262128.29
L0000012,2022-12,19036678.41,13.93,258708.59,0.0,74,DPD_61_90,520836.89
L0000012,2023-01,19252642.85,13.93,259304.36,0.0,105,DPD_90_PLUS,780141.25
L0000012,2023-02,18507260.57,13.93,259909.84,961346.73,10,DPD_1_30,78704.36
L0000012,2023-03,18576722.35,13.93,258680.16,144973.18,13,DPD_1_30,192411.34
L0000012,2023-04,18593290.24,13.93,258684.37,197356.93,12,DPD_1_30,253738.77
L0000012,2023-05,18548009.84,13.93,258691.6,258691.6,13,DPD_1_30,253738.77
L0000012,2023-06,18597991.24,13.93,258698.95,162910.23,43,DPD_31_60,349527.49
L0000012,2023-07,18578037.73,13.93,259346.73,232845.14,43,DPD_31_60,376029.08
L0000012,2023-08,18531040.34,13.93,259363.38,259363.38,44,DPD_31_60,376029.08
L0000012,2023-09,18483494.29,13.93,259380.3,259380.3,43,DPD_31_60,376029.08
L0000012,2023-10,18435393.43,13.93,259395.85,259395.85,43,DPD_31_60,376029.08
L0000012,2023-11,18459485.19,13.93,259411.61,186657.66,43,DPD_31_60,448783.04
L0000012,2023-12,18410255.08,13.93,259427.61,259427.61,43,DPD_31_60,448783.04
L0000012,2024-01,18445701.02,13.93,259443.83,174193.18,74,DPD_61_90,534033.69
L0000012,2024-02,18598738.9,13.93,259678.71,56212.36,73,DPD_61_90,737500.04
L0000012,2024-03,18547624.96,13.93,260188.18,260188.18,73,DPD_61_90,737500.04
L0000012,2024-04,18713768.22,13.93,260215.47,42359.49,103,DPD_90_PLUS,955356.02
L0000012,2024-05,17752087.53,13.93,260966.82,1170183.45,13,DPD_1_30,46139.39
L0000012,2024-06,17814532.67,13.93,258680.2,143627.01,12,DPD_1_30,161192.59
L0000012,2024-07,18020069.22,13.93,258774.74,0.0,43,DPD_31_60,419967.33
L0000012,2024-08,17757097.21,13.93,259555.17,468508.56,13,DPD_1_30,211013.95
L0000012,2024-09,17515977.35,13.93,258793.1,445427.71,12,DPD_1_30,24379.33
L0000012,2024-10,17719308.65,13.93,258355.92,0.0,43,DPD_31_60,282735.25
L0000012,2024-11,17776050.39,13.93,259170.08,146589.57,43,DPD_31_60,395315.77
L0000012,2024-12,17381542.46,13.93,259637.05,597556.23,13,DPD_1_30,57396.59
L0000012,2025-01,17451284.38,13.93,258828.81,132019.44,13,DPD_1_30,184205.96
L0000012,2025-02,17439163.47,13.93,258835.96,213225.37,10,DPD_1_30,229816.55
L0000012,2025-03,17209596.67,13.93,258845.91,430008.8,13,DPD_1_30,58653.66
L0000012,2025-04,17150512.48,13.93,258856.03,258856.03,12,DPD_1_30,58653.66
L0000012,2025-05,17090741.55,13.93,258859.8,258859.8,13,DPD_1_30,58653.66
L0000012,2025-06,17059755.2,13.93,258859.8,229381.38,12,DPD_1_30,88132.08
L0000012,2025-07,17257469.35,13.93,258887.33,0.0,43,DPD_31_60,347019.41
L0000012,2025-08,17195363.0,13.93,259820.51,259820.51,44,DPD_31_60,347019.41
L0000012,2025-09,17191475.01,13.93,259845.64,200900.24,43,DPD_31_60,405964.81
L0000012,2025-10,17387777.15,13.93,259871.16,0.0,74,DPD_61_90,665835.96
L0000012,2025-11,16788887.02,13.93,260851.74,795192.27,12,DPD_1_30,131495.43
L0000012,2025-12,16724068.6,13.93,258932.28,258932.28,13,DPD_1_30,131495.43
L0000012,2026-01,16793326.16,13.93,258936.46,124107.0,44,DPD_31_60,266324.89
L0000012,2026-02,16772784.59,13.93,259063.53,213239.45,41,DPD_31_60,312148.96
L0000012,2026-03,16765790.09,13.93,259791.99,199461.68,41,DPD_31_60,372479.27
L0000012,2026-04,16741977.08,13.93,260016.01,215663.95,43,DPD_31_60,416831.33
L0000012,2026-05,16933057.62,13.93,260044.44,0.0,74,DPD_61_90,676875.77
L0000012,2026-06,17124138.17,13.93,261138.51,0.0,104,DPD_90_PLUS,938014.28
L0000012,2026-07,17052964.02,13.93,262254.69,262254.69,104,DPD_90_PLUS,938014.28
L0000012,2026-08,17043495.22,13.93,262316.29,199767.82,105,DPD_90_PLUS,1000562.74
L0000012,2026-09,16520776.17,13.93,262378.2,712226.78,74,DPD_61_90,550714.16
L0000012,2026-10,16227716.24,13.93,260581.27,480429.68,43,DPD_31_60,330865.74
L0000012,2026-11,16153781.22,13.93,260136.72,260136.72,43,DPD_31_60,330865.74
L0000012,2026-12,15748116.71,13.93,260155.75,591021.49,0,CURRENT,0.0
L0000013,2023-01,175000.0,11.61,0.0,0.0,0,CURRENT,0.0
L0000013,2023-02,174636.54,11.61,2056.59,2056.59,0,CURRENT,0.0
L0000013,2023-03,173791.95,11.61,2056.59,2534.19,0,CURRENT,0.0
L0000013,2023-04,173422.44,11.61,2050.95,2050.95,0,CURRENT,0.0
L0000013,2023-05,173049.35,11.61,2050.95,2050.95,0,CURRENT,0.0
L0000013,2023-06,172672.66,11.61,2050.95,2050.95,0,CURRENT,0.0
L0000013,2023-07,172292.31,11.61,2050.95,2050.95,0,CURRENT,0.0
L0000013,2023-08,171908.29,11.61,2050.95,2050.95,0,CURRENT,0.0
L0000013,2023-09,171520.55,11.61,2050.95,2050.95,0,CURRENT,0.0
L0000013,2023-10,171129.07,11.61,2050.95,2050.95,0,CURRENT,0.0
L0000013,2023-11,170733.79,11.61,2050.95,2050.95,0,CURRENT,0.0
L0000013,2023-12,170334.69,11.61,2050.95,2050.95,0,CURRENT,0.0
L0000013,2024-01,169931.73,11.61,2050.95,2050.95,0,CURRENT,0.0
L0000013,2024-02,169524.87,11.61,2050.95,2050.95,0,CURRENT,0.0
L0000013,2024-03,169114.07,11.61,2050.95,2050.95,0,CURRENT,0.0
L0000013,2024-04,168699.3,11.61,2050.95,2050.95,0,CURRENT,0.0
L0000013,2024-05,168280.51,11.61,2050.95,2050.95,0,CURRENT,0.0
L0000013,2024-06,167857.68,11.61,2050.95,2050.95,0,CURRENT,0.0
L0000013,2024-07,169481.7,11.61,2050.95,0.0,26,DPD_1_30,2050.95
L0000013,2024-08,167300.68,11.61,2056.18,3805.04,26,DPD_1_30,302.09
L0000013,2024-09,166625.24,11.61,2054.65,2294.08,25,DPD_1_30,62.66
L0000013,2024-10,166185.64,11.61,2051.7,2051.7,26,DPD_1_30,62.66
L0000013,2024-11,166494.19,11.61,2051.7,1299.29,25,DPD_1_30,815.06
L0000013,2024-12,166045.01,11.61,2056.42,2056.42,26,DPD_1_30,815.06
L0000013,2025-01,164889.97,11.61,2056.48,2757.99,26,DPD_1_30,113.56
L0000013,2025-02,164432.97,11.61,2052.31,2052.31,23,DPD_1_30,113.56
L0000013,2025-03,163892.56,11.61,2052.31,2131.3,26,DPD_1_30,34.56
L0000013,2025-04,163426.9,11.61,2051.32,2051.32,25,DPD_1_30,34.56
L0000013,2025-05,162956.74,11.61,2051.32,2051.32,26,DPD_1_30,34.56
L0000013,2025-06,162462.22,11.61,2051.32,2071.13,25,DPD_1_30,14.75
L0000013,2025-07,161970.73,11.61,2051.07,2063.31,26,DPD_1_30,2.5
L0000013,2025-08,161486.88,11.61,2050.91,2050.91,26,DPD_1_30,2.5
L0000013,2025-09,163049.27,11.61,2050.91,0.0,56,DPD_31_60,2053.41
L0000013,2025-10,161631.35,11.61,2057.14,2980.3,26,DPD_1_30,1130.25
L0000013,2025-11,162944.17,11.61,2057.18,244.82,56,DPD_31_60,2942.62
L0000013,2025-12,162438.22,11.61,2063.59,2063.59,56,DPD_31_60,2942.62
L0000013,2026-01,161927.34,11.61,2063.73,2063.73,57,DPD_31_60,2942.62
L0000013,2026-02,158623.73,11.61,2063.88,4851.62,23,DPD_1_30,154.87
L0000013,2026-03,158005.64,11.61,2052.72,2152.78,26,DPD_1_30,54.81
L0000013,2026-04,157708.96,11.61,2051.42,1825.38,25,DPD_1_30,280.86
L0000013,2026-05,159234.8,11.61,2054.37,0.0,56,DPD_31_60,2335.22
L0000013,2026-06,158975.44,11.61,2061.28,1785.19,56,DPD_31_60,2611.31
L0000013,2026-07,156903.13,11.61,2064.61,3595.42,26,DPD_1_30,1080.5
L0000013,2026-08,155936.93,11.61,2057.74,2479.03,26,DPD_1_30,659.21
L0000013,2026-09,155038.48,11.61,2057.78,2406.03,25,DPD_1_30,310.96
L0000013,2026-10,154483.79,11.61,2054.68,2054.68,26,DPD_1_30,310.96
L0000013,2026-11,155978.42,11.61,2054.68,0.0,56,DPD_31_60,2365.64
L0000013,2026-12,153045.25,11.61,2062.16,4427.8,0,CURRENT,0.0
L0000014,2025-12,0.0,18.88,0.0,125000.0,0,CURRENT,0.0
L0000015,2026-04,650000.0,18.69,0.0,0.0,0,CURRENT,0.0
L0000015,2026-05,640794.84,18.69,19328.91,19328.91,0,CURRENT,0.0
L0000015,2026-06,631446.31,18.69,19328.91,19328.91,0,CURRENT,0.0
L0000015,2026-07,641281.09,18.69,19328.91,0.0,21,DPD_1_30,19328.91
L0000015,2026-08,651115.87,18.69,19623.96,0.0,52,DPD_31_60,38952.87
L0000015,2026-09,660950.64,18.69,19932.98,0.0,82,DPD_61_90,58885.85
L0000015,2026-10,670785.42,18.69,20256.93,0.0,113,DPD_90_PLUS,79142.79
L0000015,2026-11,680620.2,18.69,20596.89,0.0,143,DPD_90_PLUS,99739.68
L0000015,2026-12,690454.97,18.69,20954.02,0.0,174,DPD_90_PLUS,120693.7
L0000016,2021-01,134371.87,21.6,11733.85,39155.05,17,DPD_1_30,2983.88
L0000016,2021-02,124066.1,21.6,10301.73,12724.46,14,DPD_1_30,561.15
L0000016,2021-03,116194.88,21.6,10104.41,10104.41,17,DPD_1_30,561.15
L0000016,2021-04,107854.41,21.6,10104.41,10431.97,16,DPD_1_30,233.59
L0000016,2021-05,99525.27,21.6,10073.82,10270.52,17,DPD_1_30,36.88
L0000016,2021-06,91238.15,21.6,10053.94,10078.58,16,DPD_1_30,12.25
L0000016,2021-07,82829.2,21.6,10051.23,10051.23,17,DPD_1_30,12.25
L0000016,2021-08,74268.9,21.6,10051.23,10051.23,17,DPD_1_30,12.25
L0000016,2021-09,65544.68,21.6,10051.23,10061.06,16,DPD_1_30,2.42
L0000016,2021-10,56672.53,21.6,10049.72,10051.95,17,DPD_1_30,0.19
L0000016,2021-11,47643.31,21.6,10049.33,10049.33,16,DPD_1_30,0.19
L0000016,2021-12,38451.43,21.6,10049.33,10049.45,17,DPD_1_30,0.06
L0000016,2022-01,29094.22,21.6,10049.3,10049.34,17,DPD_1_30,0.01
L0000016,2022-02,19568.62,21.6,10049.28,10049.29,0,CURRENT,0.0
L0000016,2022-03,9871.58,21.6,10049.27,10049.27,0,CURRENT,0.0
L0000016,2022-04,1850.0,21.6,8199.27,8199.27,0,CURRENT,0.0
L0000016,2022-05,1850.0,21.6,33.3,33.3,0,CURRENT,0.0
L0000016,2022-06,1850.0,21.6,33.3,33.3,0,CURRENT,0.0
L0000016,2022-07,1850.0,21.6,33.3,33.3,0,CURRENT,0.0
L0000016,2022-08,1850.0,21.6,33.3,33.3,0,CURRENT,0.0
L0000016,2022-09,1850.0,21.6,33.3,33.3,0,CURRENT,0.0
L0000016,2022-10,1850.0,21.6,33.3,33.3,0,CURRENT,0.0
L0000016,2022-11,1850.0,21.6,33.3,33.3,0,CURRENT,0.0
L0000016,2022-12,1850.0,21.6,33.3,33.3,0,CURRENT,0.0
L0000016,2023-01,1850.0,21.6,33.3,33.3,0,CURRENT,0.0
L0000016,2023-02,1850.0,21.6,33.3,33.3,0,CURRENT,0.0
L0000016,2023-03,1850.0,21.6,33.3,33.3,0,CURRENT,0.0
L0000016,2023-04,1850.0,21.6,33.3,33.3,0,CURRENT,0.0
L0000016,2023-05,1850.0,21.6,33.3,33.3,0,CURRENT,0.0
L0000016,2023-06,1850.0,21.6,33.3,33.3,0,CURRENT,0.0
L0000016,2023-07,1850.0,21.6,33.3,33.3,0,CURRENT,0.0
L0000016,2023-08,1850.0,21.6,33.3,33.3,0,CURRENT,0.0
L0000016,2023-09,1850.0,21.6,33.3,33.3,0,CURRENT,0.0
L0000016,2023-10,1850.0,21.6,33.3,33.3,0,CURRENT,0.0
L0000016,2023-11,1850.0,21.6,33.3,33.3,0,CURRENT,0.0
L0000016,2023-12,1850.0,21.6,33.3,33.3,0,CURRENT,0.0
L0000016,2024-01,1850.0,21.6,33.3,33.3,0,CURRENT,0.0
L0000016,2024-02,1850.0,21.6,33.3,33.3,0,CURRENT,0.0
L0000016,2024-03,1850.0,21.6,33.3,33.3,0,CURRENT,0.0
L0000016,2024-04,1850.0,21.6,33.3,33.3,0,CURRENT,0.0
L0000016,2024-05,1883.3,21.6,33.3,0.0,17,DPD_1_30,33.3
L0000016,2024-06,1854.04,21.6,33.3,62.56,16,DPD_1_30,4.04
L0000016,2024-07,1852.2,21.6,33.3,35.13,17,DPD_1_30,2.2
L0000016,2024-08,1852.2,21.6,33.3,33.3,17,DPD_1_30,2.2
L0000016,2024-09,1850.71,21.6,33.3,34.79,16,DPD_1_30,0.71
L0000016,2024-10,1850.71,21.6,33.3,33.3,17,DPD_1_30,0.71
L0000016,2024-11,1850.71,21.6,33.3,33.3,16,DPD_1_30,0.71
L0000016,2024-12,1850.37,21.6,33.3,33.64,17,DPD_1_30,0.37
L0000016,2025-01,1850.37,21.6,33.3,33.3,17,DPD_1_30,0.37
L0000016,2025-02,1850.37,21.6,33.3,33.3,14,DPD_1_30,0.37
L0000016,2025-03,1850.14,21.6,33.3,33.53,17,DPD_1_30,0.14
L0000016,2025-04,1850.14,21.6,33.3,33.3,16,DPD_1_30,0.14
L0000016,2025-05,1850.05,21.6,33.3,33.39,17,DPD_1_30,0.05
L0000016,2025-06,1850.0,21.6,33.3,33.35,0,CURRENT,0.0
L0000016,2025-07,1850.0,21.6,33.3,33.3,0,CURRENT,0.0
L0000016,2025-08,1850.0,21.6,33.3,33.3,0,CURRENT,0.0
L0000016,2025-09,1850.0,21.6,33.3,33.3,0,CURRENT,0.0
L0000016,2025-10,1850.0,21.6,33.3,33.3,0,CURRENT,0.0
L0000016,2025-11,1850.0,21.6,33.3,33.3,0,CURRENT,0.0
L0000016,2025-12,1850.0,21.6,33.3,33.3,0,CURRENT,0.0
L0000016,2026-01,1850.0,21.6,33.3,33.3,0,CURRENT,0.0
L0000016,2026-02,1850.0,21.6,33.3,33.3,0,CURRENT,0.0
L0000016,2026-03,1850.0,21.6,33.3,33.3,0,CURRENT,0.0
L0000016,2026-04,1850.0,21.6,33.3,33.3,0,CURRENT,0.0
L0000016,2026-05,1850.0,21.6,33.3,33.3,0,CURRENT,0.0
L0000016,2026-06,1850.0,21.6,33.3,33.3,0,CURRENT,0.0
L0000016,2026-07,1883.3,21.6,1883.3,0.0,17,DPD_1_30,1883.3
L0000016,2026-08,1916.6,21.6,33.3,0.0,48,DPD_31_60,1916.6
L0000016,2026-09,1949.9,21.6,33.3,0.0,78,DPD_61_90,1949.9
L0000016,2026-10,1983.2,21.6,33.3,0.0,109,DPD_90_PLUS,1983.2
L0000016,2026-11,2016.5,21.6,33.3,0.0,139,DPD_90_PLUS,2016.5
L0000016,2026-12,2049.8,21.6,33.3,0.0,170,DPD_90_PLUS,2049.8
L0000017,2025-01,245000.0,19.06,0.0,0.0,0,CURRENT,0.0
L0000017,2025-02,244647.34,19.06,7333.29,4244.08,6,DPD_1_30,3089.21
L0000017,2025-03,239429.43,19.06,7427.07,9103.72,9,DPD_1_30,1412.56
L0000017,2025-04,235057.69,19.06,7375.42,8174.68,8,DPD_1_30,613.3
L0000017,2025-05,231440.76,19.06,7350.43,7350.43,9,DPD_1_30,613.3
L0000017,2025-06,227766.38,19.06,7350.43,7350.43,8,DPD_1_30,613.3
L0000017,2025-07,224033.64,19.06,7350.43,7350.43,9,DPD_1_30,613.3
L0000017,2025-08,220241.61,19.06,7350.43,7350.43,9,DPD_1_30,613.3
L0000017,2025-09,215924.39,19.06,7350.43,7815.39,8,DPD_1_30,148.34
L0000017,2025-10,211927.44,19.06,7334.64,7426.55,9,DPD_1_30,56.43
L0000017,2025-11,207917.75,19.06,7331.46,7375.81,8,DPD_1_30,12.08
L0000017,2025-12,203884.7,19.06,7329.89,7335.48,9,DPD_1_30,6.5
L0000017,2026-01,199787.81,19.06,7329.69,7335.26,9,DPD_1_30,0.93
L0000017,2026-02,195630.91,19.06,7329.49,7330.2,6,DPD_1_30,0.22
L0000017,2026-03,191408.54,19.06,7329.46,7329.64,9,DPD_1_30,0.04
L0000017,2026-04,187119.29,19.06,7329.45,7329.45,8,DPD_1_30,0.04
L0000017,2026-05,182761.89,19.06,7329.45,7329.47,9,DPD_1_30,0.02
L0000017,2026-06,178335.31,19.06,7329.45,7329.45,8,DPD_1_30,0.02
L0000017,2026-07,173838.4,19.06,7329.45,7329.47,9,DPD_1_30,0.01
L0000017,2026-08,169270.07,19.06,7329.45,7329.46,0,CURRENT,0.0
L0000017,2026-09,164629.19,19.06,7329.45,7329.45,0,CURRENT,0.0
L0000017,2026-10,159914.6,19.06,7329.45,7329.45,0,CURRENT,0.0
L0000017,2026-11,155125.12,19.06,7329.45,7329.45,0,CURRENT,0.0
L0000017,2026-12,150259.57,19.06,7329.45,7329.45,0,CURRENT,0.0
L0000018,2026-09,9220000.0,14.99,0.0,0.0,0,CURRENT,0.0
L0000018,2026-10,9335173.17,14.99,118021.05,0.0,24,DPD_1_30,118021.05
L0000018,2026-11,9435014.04,14.99,118057.52,15332.29,54,DPD_31_60,220746.28
L0000018,2026-12,9211346.47,14.99,118094.46,338840.74,0,CURRENT,0.0
L0000019,2026-01,2000.0,15.62,0.0,0.0,0,CURRENT,0.0
L0000019,2026-02,1793.31,15.62,348.68,232.72,18,DPD_1_30,115.96
L0000019,2026-03,1575.48,15.62,372.79,241.18,21,DPD_1_30,247.57
L0000019,2026-04,1595.98,15.62,406.77,0.0,51,DPD_31_60,654.34
L0000019,2026-05,1616.49,15.62,538.89,0.0,82,DPD_61_90,1193.23
L0000019,2026-06,1272.56,15.62,443.77,364.44,81,DPD_61_90,1272.56
L0000019,2026-07,756.42,15.62,16.03,532.17,82,DPD_61_90,756.42
L0000019,2026-08,759.59,15.62,9.37,6.19,113,DPD_90_PLUS,759.59
L0000019,2026-09,0.0,15.62,9.29,768.88,0,CURRENT,0.0
L0000020,2024-12,400000.0,19.04,0.0,0.0,0,CURRENT,0.0
L0000020,2025-01,406346.67,19.04,70417.45,0.0,17,DPD_1_30,70417.45
L0000020,2025-02,294832.42,19.04,83847.96,117860.92,14,DPD_1_30,36404.49
L0000020,2025-03,294891.99,19.04,76654.87,4618.44,45,DPD_31_60,108440.93
L0000020,2025-04,299496.72,19.04,99823.92,0.0,75,DPD_61_90,208264.85
L0000020,2025-05,208264.85,19.04,95836.6,95836.6,78,DPD_61_90,208264.85
L0000020,2025-06,208264.85,19.04,3158.35,3158.35,108,DPD_90_PLUS,208264.85
L0000020,2025-07,208264.85,19.04,3108.23,3108.23,139,DPD_90_PLUS,208264.85
L0000020,2025-08,208264.85,19.04,3058.92,3058.92,170,DPD_90_PLUS,208264.85
L0000020,2025-09,208264.85,19.04,3010.38,3010.38,200,DPD_90_PLUS,208264.85
L0000020,2025-10,0.0,19.04,2962.62,211227.47,0,CURRENT,0.0
L0000021,2025-11,710000.0,18.05,0.0,0.0,0,CURRENT,0.0
L0000021,2025-12,694993.57,18.05,25686.01,25686.01,0,CURRENT,0.0
L0000021,2026-01,679761.42,18.05,25686.01,25686.01,0,CURRENT,0.0
L0000021,2026-02,664300.15,18.05,25686.01,25686.01,0,CURRENT,0.0
L0000021,2026-03,648606.32,18.05,25686.01,25686.01,0,CURRENT,0.0
L0000021,2026-04,658362.44,18.05,25686.01,0.0,17,DPD_1_30,25686.01
L0000021,2026-05,617018.25,18.05,26332.75,51100.31,18,DPD_1_30,918.46
L0000021,2026-06,600591.92,18.05,25707.32,25707.32,17,DPD_1_30,918.46
L0000021,2026-07,583918.5,18.05,25707.32,25707.32,18,DPD_1_30,918.46
L0000021,2026-08,566465.34,18.05,25707.32,26236.27,18,DPD_1_30,389.5
L0000021,2026-09,548980.95,18.05,25683.33,26004.98,17,DPD_1_30,67.86
L0000021,2026-10,531527.89,18.05,25668.3,25710.64,18,DPD_1_30,25.51
L0000021,2026-11,513838.89,18.05,25666.25,25684.07,17,DPD_1_30,7.69
L0000021,2026-12,495894.83,18.05,25665.36,25673.05,0,CURRENT,0.0
L0000022,2026-04,210000.0,21.54,0.0,0.0,0,CURRENT,0.0
L0000022,2026-05,202922.73,21.54,10846.77,10846.77,0,CURRENT,0.0
L0000022,2026-06,195718.43,21.54,10846.77,10846.77,0,CURRENT,0.0
L0000022,2026-07,188384.81,21.54,10846.77,10846.77,0,CURRENT,0.0
L0000022,2026-08,180919.55,21.54,10846.77,10846.77,0,CURRENT,0.0
L0000022,2026-09,174844.15,21.54,10846.77,9322.9,13,DPD_1_30,1523.87
L0000022,2026-10,167040.47,21.54,10942.13,10942.13,14,DPD_1_30,1523.87
L0000022,2026-11,159096.71,21.54,10942.13,10942.13,13,DPD_1_30,1523.87
L0000022,2026-12,149486.5,21.54,10942.13,12466.0,0,CURRENT,0.0
L0000023,2024-03,10000.0,12.75,0.0,0.0,0,CURRENT,0.0
L0000023,2024-04,9770.51,12.75,335.74,335.74,0,CURRENT,0.0
L0000023,2024-05,9538.59,12.75,335.74,335.74,0,CURRENT,0.0
L0000023,2024-06,9639.94,12.75,335.74,0.0,22,DPD_1_30,335.74
L0000023,2024-07,9397.09,12.75,344.19,344.19,23,DPD_1_30,335.74
L0000023,2024-08,8975.7,12.75,344.51,520.25,23,DPD_1_30,160.0
L0000023,2024-09,8661.74,12.75,341.36,409.33,22,DPD_1_30,92.03
L0000023,2024-10,8415.07,12.75,338.7,338.7,23,DPD_1_30,92.03
L0000023,2024-11,8094.13,12.75,338.7,410.35,22,DPD_1_30,20.38
L0000023,2024-12,7832.67,12.75,335.73,347.46,23,DPD_1_30,8.64
L0000023,2025-01,7580.67,12.75,335.22,335.22,23,DPD_1_30,8.64
L0000023,2025-02,7325.99,12.75,335.22,335.22,20,DPD_1_30,8.64
L0000023,2025-03,7118.53,12.75,335.22,285.29,23,DPD_1_30,58.57
L0000023,2025-04,6816.8,12.75,337.59,377.37,22,DPD_1_30,18.79
L0000023,2025-05,6543.76,12.75,335.63,345.46,23,DPD_1_30,8.97
L0000023,2025-06,6278.16,12.75,335.13,335.13,22,DPD_1_30,8.97
L0000023,2025-07,6009.74,12.75,335.13,335.13,23,DPD_1_30,8.97
L0000023,2025-08,5995.29,12.75,335.13,78.3,23,DPD_1_30,265.8
L0000023,2025-09,5448.02,12.75,350.13,610.97,22,DPD_1_30,4.96
L0000023,2025-10,5168.6,12.75,334.13,337.3,23,DPD_1_30,1.79
L0000023,2025-11,4889.59,12.75,333.93,333.93,22,DPD_1_30,1.79
L0000023,2025-12,4637.21,12.75,333.93,304.33,23,DPD_1_30,31.38
L0000023,2026-01,4350.41,12.75,336.07,336.07,23,DPD_1_30,31.38
L0000023,2026-02,4060.56,12.75,336.07,336.07,20,DPD_1_30,31.38
L0000023,2026-03,3747.62,12.75,336.07,356.08,23,DPD_1_30,11.37
L0000023,2026-04,3453.15,12.75,334.29,334.29,22,DPD_1_30,11.37
L0000023,2026-05,3144.99,12.75,334.29,344.85,23,DPD_1_30,0.82
L0000023,2026-06,0.0,12.75,333.17,3178.41,0,CURRENT,0.0
L0000024,2025-11,7350000.0,14.96,0.0,0.0,0,CURRENT,0.0
L0000024,2025-12,7338961.64,14.96,102668.36,102668.36,0,CURRENT,0.0
L0000024,2026-01,7327785.67,14.96,102668.36,102668.36,0,CURRENT,0.0
L0000024,2026-02,7316470.37,14.96,102668.36,102668.36,0,CURRENT,0.0
L0000024,2026-03,7305014.01,14.96,102668.36,102668.36,0,CURRENT,0.0
L0000024,2026-04,7293414.83,14.96,102668.36,102668.36,0,CURRENT,0.0
L0000024,2026-05,7281671.04,14.96,102668.36,102668.36,0,CURRENT,0.0
L0000024,2026-06,7269780.84,14.96,102668.36,102668.36,0,CURRENT,0.0
L0000024,2026-07,7257742.42,14.96,102668.36,102668.36,0,CURRENT,0.0
L0000024,2026-08,7245553.92,14.96,102668.36,102668.36,0,CURRENT,0.0
L0000024,2026-09,7282609.82,14.96,102668.36,53272.0,22,DPD_1_30,49396.36
L0000024,2026-10,7242710.16,14.96,102843.52,130227.56,23,DPD_1_30,22012.32
L0000024,2026-11,7229847.97,14.7975,102056.76,102056.76,22,DPD_1_30,22012.32
L0000024,2026-12,7194814.23,14.7975,102061.66,124073.97,0,CURRENT,0.0
L0000025,2021-01,631349.15,16.0,83726.92,83726.92,0,CURRENT,0.0
L0000025,2021-02,0.0,16.0,83726.92,639767.14,0,CURRENT,0.0
L0000026,2022-04,105000.0,12.21,0.0,0.0,0,CURRENT,0.0
L0000026,2022-05,102570.33,12.21,3498.04,3498.04,0,CURRENT,0.0
L0000026,2022-06,100115.94,12.21,3498.04,3498.04,0,CURRENT,0.0
L0000026,2022-07,97636.58,12.21,3498.04,3498.04,0,CURRENT,0.0
L0000026,2022-08,95131.99,12.21,3498.04,3498.04,0,CURRENT,0.0
L0000026,2022-09,92601.91,12.21,3498.04,3498.04,0,CURRENT,0.0
L0000026,2022-10,90046.09,12.21,3498.04,3498.04,0,CURRENT,0.0
L0000026,2022-11,88957.61,12.21,3498.04,2004.7,16,DPD_1_30,1493.35
L0000026,2022-12,85014.64,12.21,3557.77,4848.12,17,DPD_1_30,202.99
L0000026,2023-01,82375.08,12.21,3504.58,3504.58,17,DPD_1_30,202.99
L0000026,2023-02,79708.68,12.21,3504.58,3504.58,14,DPD_1_30,202.99
L0000026,2023-03,76864.37,12.21,3504.58,3655.34,17,DPD_1_30,52.23
L0000026,2023-04,74102.27,12.21,3497.72,3544.19,16,DPD_1_30,5.75
L0000026,2023-05,71355.72,12.21,3495.52,3500.55,17,DPD_1_30,0.73
L0000026,2023-06,68586.17,12.21,3495.28,3495.59,16,DPD_1_30,0.42
L0000026,2023-07,65788.59,12.21,3495.26,3495.44,17,DPD_1_30,0.23
L0000026,2023-08,62962.52,12.21,3495.25,3495.47,17,DPD_1_30,0.01
L0000026,2023-09,60107.92,12.21,3495.24,3495.24,16,DPD_1_30,0.01
L0000026,2023-10,57224.28,12.21,3495.24,3495.24,17,DPD_1_30,0.01
L0000026,2023-11,54311.29,12.21,3495.24,3495.24,0,CURRENT,0.0
L0000026,2023-12,51368.67,12.21,3495.24,3495.24,0,CURRENT,0.0
L0000026,2024-01,48396.11,12.21,3495.24,3495.24,0,CURRENT,0.0
L0000026,2024-02,45393.3,12.21,3495.24,3495.24,0,CURRENT,0.0
L0000026,2024-03,42359.94,12.21,3495.24,3495.24,0,CURRENT,0.0
L0000026,2024-04,39295.72,12.21,3495.24,3495.24,0,CURRENT,0.0
L0000026,2024-05,36200.31,12.21,3495.24,3495.24,0,CURRENT,0.0
L0000026,2024-06,33073.41,12.21,3495.24,3495.24,0,CURRENT,0.0
L0000026,2024-07,29914.69,12.21,3495.24,3495.24,0,CURRENT,0.0
L0000026,2024-08,26723.84,12.21,3495.24,3495.24,0,CURRENT,0.0
L0000026,2024-09,23500.52,12.21,3495.24,3495.24,0,CURRENT,0.0
L0000026,2024-10,20243.41,12.09,3493.87,3493.87,0,CURRENT,0.0
L0000026,2024-11,16953.5,12.09,3493.87,3493.87,0,CURRENT,0.0
L0000026,2024-12,13630.44,12.09,3493.87,3493.87,0,CURRENT,0.0
L0000026,2025-01,10273.89,12.09,3493.87,3493.87,0,CURRENT,0.0
L0000026,2025-02,6883.54,12.09,3493.87,3493.87,0,CURRENT,0.0
L0000026,2025-03,0.0,12.09,3493.87,6952.89,0,CURRENT,0.0
L0000027,2023-12,901713.5,21.59,0.0,0.0,0,CURRENT,0.0
L0000027,2024-01,1016819.17,21.59,39419.04,39419.04,0,CURRENT,0.0
L0000027,2024-02,996482.79,21.59,38630.66,38630.66,0,CURRENT,0.0
L0000027,2024-03,976553.13,21.59,37858.04,37858.04,0,CURRENT,0.0
L0000027,2024-04,957022.07,21.59,37100.88,37100.88,0,CURRENT,0.0
L0000027,2024-05,937881.63,21.59,36358.86,36358.86,0,CURRENT,0.0
L0000027,2024-06,0.0,21.59,35631.69,954755.68,0,CURRENT,0.0
L0000028,2022-09,13000.0,12.46,0.0,0.0,0,CURRENT,0.0
L0000028,2022-10,12700.34,12.46,434.65,434.65,0,CURRENT,0.0
L0000028,2022-11,12397.56,12.46,434.65,434.65,0,CURRENT,0.0
L0000028,2022-12,12091.64,12.46,434.65,434.65,0,CURRENT,0.0
L0000028,2023-01,11782.54,12.46,434.65,434.65,0,CURRENT,0.0
L0000028,2023-02,11470.24,12.46,434.65,434.65,0,CURRENT,0.0
L0000028,2023-03,11154.69,12.46,434.65,434.65,0,CURRENT,0.0
L0000028,2023-04,10835.86,12.46,434.65,434.65,0,CURRENT,0.0
L0000028,2023-05,10513.73,12.46,434.65,434.65,0,CURRENT,0.0
L0000028,2023-06,10188.25,12.46,434.65,434.65,0,CURRENT,0.0
L0000028,2023-07,9859.39,12.46,434.65,434.65,0,CURRENT,0.0
L0000028,2023-08,9527.11,12.46,434.65,434.65,0,CURRENT,0.0
L0000028,2023-09,9191.39,12.46,434.65,434.65,0,CURRENT,0.0
L0000028,2023-10,8852.18,12.46,434.65,434.65,0,CURRENT,0.0
L0000028,2023-11,8509.45,12.46,434.65,434.65,0,CURRENT,0.0
L0000028,2023-12,8163.16,12.46,434.65,434.65,0,CURRENT,0.0
L0000028,2024-01,7813.27,12.46,434.65,434.65,0,CURRENT,0.0
L0000028,2024-02,7459.75,12.46,434.65,434.65,0,CURRENT,0.0
L0000028,2024-03,7193.61,12.46,434.65,343.6,18,DPD_1_30,91.05
L0000028,2024-04,6828.08,12.46,440.22,440.22,17,DPD_1_30,91.05
L0000028,2024-05,6397.66,12.46,440.22,501.32,18,DPD_1_30,29.95
L0000028,2024-06,6028.04,12.46,436.06,436.06,17,DPD_1_30,29.95
L0000028,2024-07,5654.57,12.46,436.06,436.06,18,DPD_1_30,29.95
L0000028,2024-08,5713.29,12.46,436.06,0.0,49,DPD_31_60,466.01
L0000028,2024-09,4917.55,12.46,467.23,854.45,17,DPD_1_30,78.8
L0000028,2024-10,4458.83,12.46,437.98,509.79,18,DPD_1_30,6.99
L0000028,2024-11,4505.12,12.46,431.04,0.0,48,DPD_31_60,438.02
L0000028,2024-12,4079.68,12.46,471.74,471.74,18,DPD_1_30,438.02
L0000028,2025-01,3361.46,12.46,475.68,760.45,18,DPD_1_30,153.26
L0000028,2025-02,2855.46,12.46,440.05,540.9,15,DPD_1_30,52.41
L0000028,2025-03,2459.96,12.3475,424.88,424.88,18,DPD_1_30,52.41
L0000028,2025-04,2031.41,12.3475,424.88,453.86,17,DPD_1_30,23.43
L0000028,2025-05,1610.59,12.3475,418.91,441.72,18,DPD_1_30,0.62
L0000028,2025-06,1213.86,12.3475,413.06,413.3,17,DPD_1_30,0.38
L0000028,2025-07,813.1,12.3475,412.98,413.25,18,DPD_1_30,0.1
L0000028,2025-08,408.59,12.3475,412.84,412.88,18,DPD_1_30,0.06
L0000028,2025-09,412.76,12.235,347.69,0.0,48,DPD_31_60,347.76
L0000028,2025-10,416.92,12.235,4.17,0.0,79,DPD_61_90,351.92
L0000028,2025-11,421.09,12.235,4.17,0.0,109,DPD_90_PLUS,356.09
L0000028,2025-12,425.25,12.235,4.17,0.0,140,DPD_90_PLUS,360.25
L0000028,2026-01,429.42,12.235,4.17,0.0,171,DPD_90_PLUS,364.42
L0000028,2026-02,433.59,12.235,4.17,0.0,199,DPD_90_PLUS,368.59
L0000029,2025-04,1850000.0,18.69,0.0,0.0,0,CURRENT,0.0
L0000029,2025-05,1829868.36,18.69,67524.03,48945.39,14,DPD_1_30,18578.64
L0000029,2025-06,1772175.12,18.69,68216.63,86193.44,13,DPD_1_30,601.83
L0000029,2025-07,1731662.49,18.69,67531.6,68114.26,14,DPD_1_30,19.16
L0000029,2025-08,1758633.13,18.69,67508.88,0.0,45,DPD_31_60,67528.04
L0000029,2025-09,1785603.77,18.69,69127.15,0.0,75,DPD_61_90,136655.19
L0000029,2025-10,1812574.42,18.69,70852.01,0.0,106,DPD_90_PLUS,207507.19
L0000029,2025-11,1766850.94,18.69,72694.12,72694.12,74,DPD_61_90,207507.19
L0000029,2025-12,1793189.9,18.69,72916.87,0.0,105,DPD_90_PLUS,280424.06
L0000029,2026-01,1819528.86,18.69,74982.09,0.0,136,DPD_90_PLUS,355406.15
L0000029,2026-02,1523174.85,18.69,77202.76,322692.98,42,DPD_31_60,109915.94
L0000029,2026-03,1500976.93,18.69,70452.96,45511.14,42,DPD_31_60,134857.76
L0000029,2026-04,1342572.91,18.69,71154.07,181207.74,13,DPD_1_30,24804.1
L0000029,2026-05,1274685.21,18.69,67475.21,88798.27,14,DPD_1_30,3481.04
L0000029,2026-06,1224920.98,18.69,66365.04,69617.45,13,DPD_1_30,228.63
L0000029,2026-07,1177809.83,18.69,66189.3,66189.3,14,DPD_1_30,228.63
L0000029,2026-08,1145525.39,18.69,66189.3,50628.82,14,DPD_1_30,15789.11
L0000029,2026-09,1087397.18,18.69,67100.78,75969.77,13,DPD_1_30,6920.11
L0000029,2026-10,1095066.71,18.69,66557.92,9266.68,14,DPD_1_30,64211.35
L0000029,2026-11,1042598.55,18.69,69296.59,69296.59,13,DPD_1_30,64211.35
L0000029,2026-12,924954.3,18.69,69488.47,133699.82,0,CURRENT,0.0
L0000030,2025-07,5580000.0,15.61,0.0,0.0,0,CURRENT,0.0
L0000030,2025-08,5560465.83,15.61,92120.67,92120.67,0,CURRENT,0.0
L0000030,2025-09,5540677.56,15.61,92120.67,92120.67,0,CURRENT,0.0
L0000030,2025-10,5520631.87,15.61,92120.67,92120.67,0,CURRENT,0.0
L0000030,2025-11,5500325.42,15.61,92120.67,92120.67,0,CURRENT,0.0
L0000030,2025-12,5479754.82,15.61,92120.67,92120.67,0,CURRENT,0.0
L0000030,2026-01,5534733.26,15.61,92120.67,16304.04,13,DPD_1_30,75816.63
L0000030,2026-02,5484150.0,15.61,92472.32,121865.74,10,DPD_1_30,46423.21
L0000030,2026-03,5555161.4,15.61,92478.28,0.0,41,DPD_31_60,138901.48
L0000030,2026-04,5478921.42,15.61,92843.38,147251.39,12,DPD_1_30,84493.46
L0000030,2026-05,5415825.41,15.61,92487.77,133552.52,13,DPD_1_30,43428.72
L0000030,2026-06,5366290.29,15.61,92491.19,119707.64,12,DPD_1_30,16212.27
L0000030,2026-07,5381969.52,15.3825,91655.68,53109.9,13,DPD_1_30,54758.05
L0000030,2026-08,5335077.09,15.3825,91769.82,115473.75,13,DPD_1_30,31054.12
L0000030,2026-09,5297703.26,15.3825,91775.36,105662.02,12,DPD_1_30,17167.46
L0000030,2026-10,5273942.02,15.3825,91671.18,91671.18,13,DPD_1_30,17167.46
L0000030,2026-11,5234074.3,15.3825,91671.18,107473.06,12,DPD_1_30,1365.57
L0000030,2026-12,5208407.77,15.3825,91395.25,92760.82,0,CURRENT,0.0
L0000031,2025-03,8680000.0,17.58,0.0,0.0,0,CURRENT,0.0
L0000031,2025-04,8626857.71,17.58,180304.29,180304.29,0,CURRENT,0.0
L0000031,2025-05,8572936.89,17.58,180304.29,180304.29,0,CURRENT,0.0
L0000031,2025-06,8518226.13,17.58,180304.29,180304.29,0,CURRENT,0.0
L0000031,2025-07,8479020.24,17.58,180304.29,163997.9,17,DPD_1_30,16306.38
L0000031,2025-08,8414689.55,17.58,180651.71,188548.33,17,DPD_1_30,8409.76
L0000031,2025-09,8352488.21,17.58,180482.34,185476.55,16,DPD_1_30,3415.54
L0000031,2025-10,8294477.68,17.58,180374.48,180374.48,17,DPD_1_30,3415.54
L0000031,2025-11,8235617.29,17.58,180374.48,180374.48,16,DPD_1_30,3415.54
L0000031,2025-12,8175894.6,17.58,180374.48,180374.48,17,DPD_1_30,3415.54
L0000031,2026-01,8112945.84,17.58,180374.48,182725.62,17,DPD_1_30,1064.41
L0000031,2026-02,8050906.31,17.58,180322.23,180894.19,14,DPD_1_30,492.45
L0000031,2026-03,7988542.67,17.58,180309.42,180309.42,17,DPD_1_30,492.45
L0000031,2026-04,7924950.47,17.58,180309.42,180624.35,16,DPD_1_30,177.52
L0000031,2026-05,7860644.47,17.58,180302.25,180406.52,17,DPD_1_30,73.25
L0000031,2026-06,7795451.38,17.58,180299.86,180351.53,16,DPD_1_30,21.57
L0000031,2026-07,7729336.0,17.58,180298.66,180318.75,17,DPD_1_30,1.49
L0000031,2026-08,7662271.4,17.58,180298.2,180299.37,17,DPD_1_30,0.32
L0000031,2026-09,7594225.51,17.58,180298.17,180298.17,16,DPD_1_30,0.32
L0000031,2026-10,7525182.74,17.58,180298.17,180298.17,17,DPD_1_30,0.32
L0000031,2026-11,7455128.31,17.58,180298.17,180298.36,16,DPD_1_30,0.13
L0000031,2026-12,7384047.65,17.58,180298.16,180298.29,0,CURRENT,0.0
L0000033,2021-01,1525.0,16.0575,20.41,20.41,0,CURRENT,0.0
L0000033,2021-02,1525.0,16.0575,20.41,20.41,0,CURRENT,0.0
L0000033,2021-03,1525.0,16.245,20.64,20.64,0,CURRENT,0.0
L0000033,2021-04,1525.0,16.245,20.64,20.64,0,CURRENT,0.0
L0000033,2021-05,1525.0,16.245,20.64,20.64,0,CURRENT,0.0
L0000033,2021-06,1525.0,16.245,20.64,20.64,0,CURRENT,0.0
L0000033,2021-07,1525.0,16.245,20.64,20.64,0,CURRENT,0.0
L0000033,2021-08,1525.0,16.245,20.64,20.64,0,CURRENT,0.0
L0000033,2021-09,1525.0,17.1825,21.84,21.84,0,CURRENT,0.0
L0000033,2021-10,1525.0,17.1825,21.84,21.84,0,CURRENT,0.0
L0000033,2021-11,1525.0,17.1825,21.84,21.84,0,CURRENT,0.0
L0000033,2021-12,1525.0,17.1825,21.84,21.84,0,CURRENT,0.0
L0000033,2022-01,1525.0,17.1825,21.84,21.84,0,CURRENT,0.0
L0000033,2022-02,1525.0,17.1825,21.84,21.84,0,CURRENT,0.0
L0000033,2022-03,1525.0,17.995,22.87,22.87,0,CURRENT,0.0
L0000033,2022-04,1525.0,17.995,22.87,22.87,0,CURRENT,0.0
L0000033,2022-05,1525.0,17.995,22.87,22.87,0,CURRENT,0.0
L0000033,2022-06,1525.0,17.995,22.87,22.87,0,CURRENT,0.0
L0000033,2022-07,1525.0,17.995,22.87,22.87,0,CURRENT,0.0
L0000033,2022-08,1525.0,17.995,22.87,22.87,0,CURRENT,0.0
L0000033,2022-09,1525.0,18.5575,23.58,23.58,0,CURRENT,0.0
L0000033,2022-10,1525.0,18.5575,23.58,23.58,0,CURRENT,0.0
L0000033,2022-11,1525.0,18.5575,23.58,23.58,0,CURRENT,0.0
L0000033,2022-12,1525.0,18.5575,23.58,23.58,0,CURRENT,0.0
L0000033,2023-01,1525.0,18.5575,23.58,23.58,0,CURRENT,0.0
L0000033,2023-02,1525.0,18.5575,23.58,23.58,0,CURRENT,0.0
L0000033,2023-03,1525.0,18.745,23.82,23.82,0,CURRENT,0.0
L0000033,2023-04,1525.0,18.745,23.82,23.82,0,CURRENT,0.0
L0000033,2023-05,1525.0,18.745,23.82,23.82,0,CURRENT,0.0
L0000033,2023-06,1525.0,18.745,23.82,23.82,0,CURRENT,0.0
L0000033,2023-07,1525.0,18.745,23.82,23.82,0,CURRENT,0.0
L0000033,2023-08,1525.0,18.745,23.82,23.82,0,CURRENT,0.0
L0000033,2023-09,1525.0,18.1825,23.11,23.11,0,CURRENT,0.0
L0000033,2023-10,1525.0,18.1825,23.11,23.11,0,CURRENT,0.0
L0000033,2023-11,1525.0,18.1825,23.11,23.11,0,CURRENT,0.0
L0000033,2023-12,1525.0,18.1825,23.11,23.11,0,CURRENT,0.0
L0000033,2024-01,1525.0,18.1825,23.11,23.11,0,CURRENT,0.0
L0000033,2024-02,1525.0,18.1825,23.11,23.11,0,CURRENT,0.0
L0000033,2024-03,1525.0,17.6825,22.47,22.47,0,CURRENT,0.0
L0000033,2024-04,1525.0,17.6825,22.47,22.47,0,CURRENT,0.0
L0000033,2024-05,1525.0,17.6825,22.47,22.47,0,CURRENT,0.0
L0000033,2024-06,1525.0,17.6825,22.47,22.47,0,CURRENT,0.0
L0000033,2024-07,1525.0,17.6825,22.47,22.47,0,CURRENT,0.0
L0000033,2024-08,1525.0,17.6825,22.47,22.47,0,CURRENT,0.0
L0000033,2024-09,1525.0,17.3075,21.99,21.99,0,CURRENT,0.0
L0000033,2024-10,1525.0,17.3075,21.99,21.99,0,CURRENT,0.0
L0000033,2024-11,1525.0,17.3075,21.99,21.99,0,CURRENT,0.0
L0000033,2024-12,1525.0,17.3075,21.99,21.99,0,CURRENT,0.0
L0000033,2025-01,1525.0,17.3075,21.99,21.99,0,CURRENT,0.0
L0000033,2025-02,1525.0,17.3075,21.99,21.99,0,CURRENT,0.0
L0000033,2025-03,1525.0,16.995,21.6,21.6,0,CURRENT,0.0
L0000033,2025-04,1525.0,16.995,21.6,21.6,0,CURRENT,0.0
L0000033,2025-05,1525.0,16.995,21.6,21.6,0,CURRENT,0.0
L0000033,2025-06,1525.0,16.995,21.6,21.6,0,CURRENT,0.0
L0000033,2025-07,1525.0,16.995,21.6,21.6,0,CURRENT,0.0
L0000033,2025-08,1525.0,16.995,21.6,21.6,0,CURRENT,0.0
L0000033,2025-09,1525.0,16.8075,21.36,21.36,0,CURRENT,0.0
L0000033,2025-10,1525.0,16.8075,21.36,21.36,0,CURRENT,0.0
L0000033,2025-11,1525.0,16.8075,21.36,21.36,0,CURRENT,0.0
L0000033,2025-12,1525.0,16.8075,21.36,21.36,0,CURRENT,0.0
L0000033,2026-01,1525.0,16.8075,21.36,21.36,0,CURRENT,0.0
L0000033,2026-02,1525.0,16.8075,21.36,21.36,0,CURRENT,0.0
L0000033,2026-03,1525.0,16.6575,21.17,21.17,0,CURRENT,0.0
L0000033,2026-04,1525.0,16.6575,21.17,21.17,0,CURRENT,0.0
L0000033,2026-05,1525.0,16.6575,21.17,21.17,0,CURRENT,0.0
L0000033,2026-06,1525.0,16.6575,21.17,21.17,0,CURRENT,0.0
L0000033,2026-07,1525.0,16.6575,21.17,21.17,0,CURRENT,0.0
L0000033,2026-08,1525.0,16.6575,21.17,21.17,0,CURRENT,0.0
L0000033,2026-09,1525.0,16.5825,21.07,21.07,0,CURRENT,0.0
L0000033,2026-10,1546.07,16.5825,1546.07,0.0,12,DPD_1_30,1546.07
L0000033,2026-11,1567.15,16.5825,21.07,0.0,42,DPD_31_60,1567.15
L0000033,2026-12,1588.22,16.5825,21.07,0.0,73,DPD_61_90,1588.22
L0000034,2021-01,376310.28,19.93,5913.97,3429.83,118,DPD_90_PLUS,370461.25
L0000034,2021-02,215664.53,19.93,5913.97,166559.71,115,DPD_90_PLUS,209815.5
L0000034,2021-03,136535.17,19.93,3287.17,82416.52,116,DPD_90_PLUS,130686.14
L0000034,2021-04,136535.17,19.93,2016.59,2016.59,146,DPD_90_PLUS,130686.14
L0000034,2021-05,86420.6,19.93,1983.09,52097.67,177,DPD_90_PLUS,80571.57
L0000034,2021-06,19272.9,19.93,1117.84,68265.53,145,DPD_90_PLUS,13423.88
L0000034,2021-07,9049.98,19.93,97.14,10320.07,117,DPD_90_PLUS,3200.95
L0000034,2021-08,6341.88,19.93,97.14,2805.23,87,DPD_61_90,492.86
L0000034,2021-09,5868.48,19.93,97.14,570.54,25,DPD_1_30,19.46
L0000034,2021-10,5851.67,19.93,97.14,113.95,26,DPD_1_30,2.65
L0000034,2021-11,5851.67,19.93,97.14,97.14,25,DPD_1_30,2.65
L0000034,2021-12,5851.67,19.93,97.14,97.14,26,DPD_1_30,2.65
L0000034,2022-01,5851.67,19.93,97.14,97.14,26,DPD_1_30,2.65
L0000034,2022-02,5851.67,19.93,97.14,97.14,23,DPD_1_30,2.65
L0000034,2022-03,5851.67,19.93,97.14,97.14,26,DPD_1_30,2.65
L0000034,2022-04,5850.71,19.93,97.14,98.11,25,DPD_1_30,1.68
L0000034,2022-05,5850.03,19.93,97.14,97.82,26,DPD_1_30,1.01
L0000034,2022-06,5849.15,19.93,97.14,98.03,25,DPD_1_30,0.12
L0000034,2022-07,5849.1,19.93,97.14,97.2,26,DPD_1_30,0.07
L0000034,2022-08,5849.04,19.93,97.14,97.2,26,DPD_1_30,0.01
L0000034,2022-09,5879.2,19.93,97.14,66.98,25,DPD_1_30,30.18
L0000034,2022-10,5860.56,19.93,97.14,115.78,26,DPD_1_30,11.53
L0000034,2022-11,5854.86,19.93,97.14,102.84,25,DPD_1_30,5.83
L0000034,2022-12,5854.86,19.93,97.14,97.14,26,DPD_1_30,5.83
L0000034,2023-01,5850.58,19.93,97.14,101.42,26,DPD_1_30,1.55
L0000034,2023-02,5850.58,19.93,97.14,97.14,23,DPD_1_30,1.55
L0000034,2023-03,5850.58,19.93,97.14,97.14,26,DPD_1_30,1.55
L0000034,2023-04,5849.3,19.93,97.14,98.43,25,DPD_1_30,0.27
L0000034,2023-05,5849.07,19.93,97.14,97.37,26,DPD_1_30,0.04
L0000034,2023-06,5849.07,19.93,97.14,97.14,25,DPD_1_30,0.04
L0000034,2023-07,5894.83,19.93,97.14,51.38,26,DPD_1_30,45.8
L0000034,2023-08,5894.83,19.93,97.14,97.14,26,DPD_1_30,45.8
L0000034,2023-09,5851.1,19.93,97.14,140.87,25,DPD_1_30,2.08
L0000034,2023-10,5849.59,19.93,97.14,98.65,26,DPD_1_30,0.57
L0000034,2023-11,5849.24,19.93,97.14,97.5,25,DPD_1_30,0.21
L0000034,2023-12,5849.24,19.93,97.14,97.14,26,DPD_1_30,0.21
L0000034,2024-01,5871.4,19.93,97.14,74.98,26,DPD_1_30,22.38
L0000034,2024-02,5850.37,19.93,97.14,118.17,24,DPD_1_30,1.35
L0000034,2024-03,5849.88,19.93,97.14,97.63,26,DPD_1_30,0.86
L0000034,2024-04,5849.5,19.93,97.14,97.52,25,DPD_1_30,0.47
L0000034,2024-05,5849.5,19.93,97.14,97.14,26,DPD_1_30,0.47
L0000034,2024-06,5849.5,19.93,97.14,97.14,25,DPD_1_30,0.47
L0000034,2024-07,5849.5,19.93,97.14,97.14,26,DPD_1_30,0.47
L0000034,2024-08,5849.27,19.93,97.14,97.37,26,DPD_1_30,0.24
L0000034,2024-09,5849.08,19.93,97.14,97.33,25,DPD_1_30,0.05
L0000034,2024-10,5849.06,19.93,97.14,97.16,26,DPD_1_30,0.03
L0000034,2024-11,5849.06,19.93,97.14,97.14,25,DPD_1_30,0.03
L0000034,2024-12,5849.03,19.93,97.14,97.17,26,DPD_1_30,0.01
L0000034,2025-01,5849.03,19.93,97.14,97.14,26,DPD_1_30,0.01
L0000034,2025-02,5849.03,19.93,97.14,97.15,0,CURRENT,0.0
L0000034,2025-03,5849.03,19.93,97.14,97.14,0,CURRENT,0.0
L0000034,2025-04,5849.03,19.93,97.14,97.14,0,CURRENT,0.0
L0000034,2025-05,5849.03,19.93,97.14,97.14,0,CURRENT,0.0
L0000034,2025-06,5849.03,19.93,97.14,97.14,0,CURRENT,0.0
L0000034,2025-07,5849.03,19.93,97.14,97.14,0,CURRENT,0.0
L0000034,2025-08,5849.03,19.93,97.14,97.14,0,CURRENT,0.0
L0000034,2025-09,5849.03,19.93,97.14,97.14,0,CURRENT,0.0
L0000034,2025-10,5849.03,19.93,97.14,97.14,0,CURRENT,0.0
L0000034,2025-11,5849.03,19.93,97.14,97.14,0,CURRENT,0.0
L0000034,2025-12,5849.03,19.93,97.14,97.14,0,CURRENT,0.0
L0000034,2026-01,5849.03,19.93,97.14,97.14,0,CURRENT,0.0
L0000034,2026-02,5849.03,19.93,97.14,97.14,0,CURRENT,0.0
L0000034,2026-03,5946.17,19.93,3572.14,0.0,26,DPD_1_30,3572.14
L0000034,2026-04,6043.31,19.93,97.14,0.0,56,DPD_31_60,3669.29
L0000034,2026-05,6140.45,19.93,97.14,0.0,87,DPD_61_90,3766.43
L0000034,2026-06,6237.6,19.93,97.14,0.0,117,DPD_90_PLUS,3863.57
L0000034,2026-07,6334.74,19.93,97.14,0.0,148,DPD_90_PLUS,3960.71
L0000034,2026-08,6431.88,19.93,97.14,0.0,179,DPD_90_PLUS,4057.86
L0000035,2021-01,12584.98,10.0813,674.5,0.0,56,DPD_31_60,1323.49
L0000035,2021-02,11021.54,10.0813,707.12,1667.36,22,DPD_1_30,363.24
L0000035,2021-03,10451.8,10.0813,662.33,662.33,25,DPD_1_30,363.24
L0000035,2021-04,10539.6,10.0813,662.33,0.0,55,DPD_31_60,1025.58
L0000035,2021-05,10083.17,10.0813,700.86,544.24,55,DPD_31_60,1182.2
L0000035,2021-06,9455.12,10.0813,712.02,712.02,55,DPD_31_60,1182.2
L0000035,2021-07,7852.09,10.0813,712.31,1681.76,25,DPD_1_30,212.74
L0000035,2021-08,7401.39,10.3683,641.17,518.54,25,DPD_1_30,335.36
L0000035,2021-09,7465.34,10.3683,651.97,0.0,55,DPD_31_60,987.33
L0000035,2021-10,6948.4,10.3683,708.24,580.89,55,DPD_31_60,1114.68
L0000035,2021-11,6286.3,10.3683,721.58,721.58,55,DPD_31_60,1114.68
L0000035,2021-12,5618.0,10.3683,722.1,722.1,55,DPD_31_60,1114.68
L0000035,2022-01,5666.08,10.3683,722.84,0.0,86,DPD_61_90,1837.52
L0000035,2022-02,5011.5,10.3683,822.59,702.65,84,DPD_61_90,1957.46
L0000035,2022-03,4855.28,10.3683,844.18,198.69,115,DPD_90_PLUS,2602.95
L0000035,2022-04,3928.11,10.3683,967.92,967.92,83,DPD_61_90,2602.95
L0000035,2022-05,705.41,10.3683,977.9,3255.78,25,DPD_1_30,325.07
L0000035,2022-06,254.54,10.3683,239.21,456.96,24,DPD_1_30,107.32
L0000035,2022-07,73.69,10.3683,128.92,183.05,25,DPD_1_30,53.19
L0000035,2022-08,53.19,11.0671,21.18,21.18,56,DPD_31_60,53.19
L0000035,2022-09,53.19,11.0671,0.48,0.48,86,DPD_61_90,53.19
L0000035,2022-10,53.19,11.0671,0.48,0.48,117,DPD_90_PLUS,53.19
L0000035,2022-11,53.36,11.0671,0.48,0.3,147,DPD_90_PLUS,53.36
L0000035,2022-12,0.0,11.0671,0.47,53.84,0,CURRENT,0.0
L0000037,2021-01,4701501.9,49.05,192113.66,0.0,18,DPD_1_30,192113.66
L0000037,2021-02,4750142.85,49.05,192432.6,135986.31,46,DPD_31_60,248559.95
L0000037,2021-03,4742004.39,49.05,192765.71,192765.71,46,DPD_31_60,248559.95
L0000037,2021-04,4900413.76,49.05,192793.59,25911.87,76,DPD_61_90,415441.67
L0000037,2021-05,4891578.51,49.05,193156.49,193156.49,79,DPD_61_90,415441.67
L0000037,2021-06,5075580.72,49.05,193200.7,0.0,109,DPD_90_PLUS,608642.37
L0000037,2021-07,5065986.63,49.05,193596.29,193596.29,109,DPD_90_PLUS,608642.37
L0000037,2021-08,5055997.15,49.05,193659.02,193659.02,110,DPD_90_PLUS,608642.37
L0000037,2021-09,5045595.82,49.05,193724.56,193724.56,109,DPD_90_PLUS,608642.37
L0000037,2021-10,5060500.25,49.05,193792.36,168057.67,110,DPD_90_PLUS,634377.05
L0000037,2021-11,5049223.17,49.05,193863.18,193863.18,109,DPD_90_PLUS,634377.05
L0000037,2021-12,5037480.72,49.05,193936.4,193936.4,109,DPD_90_PLUS,634377.05
L0000037,2022-01,5105141.44,49.05,194012.87,114124.9,110,DPD_90_PLUS,714265.03
L0000037,2022-02,5286501.92,49.05,194092.75,0.0,138,DPD_90_PLUS,908357.77
L0000037,2022-03,5306960.84,49.05,194651.32,160901.55,138,DPD_90_PLUS,942107.54
L0000037,2022-04,5487878.63,49.05,194759.59,0.0,168,DPD_90_PLUS,1136867.13
L0000037,2022-05,5641695.1,49.05,195370.57,27101.31,199,DPD_90_PLUS,1305136.39
L0000037,2022-06,5659963.46,49.05,196010.61,162649.43,199,DPD_90_PLUS,1338497.58
L0000037,2022-07,4373427.67,49.05,196180.17,1466992.62,18,DPD_1_30,67685.13
L0000037,2022-08,4404006.97,49.05,192717.04,146060.62,18,DPD_1_30,114341.55
L0000037,2022-09,4580004.19,49.05,192732.88,0.0,48,DPD_31_60,307074.42
L0000037,2022-10,4756001.42,49.05,193484.92,0.0,79,DPD_61_90,500559.34
L0000037,2022-11,4737724.69,49.05,194273.96,194273.96,78,DPD_61_90,500559.34
L0000037,2022-12,4769242.39,49.05,194373.63,143822.37,79,DPD_61_90,551110.59
L0000037,2023-01,4749420.18,49.05,194478.21,194478.21,79,DPD_61_90,551110.59
L0000037,2023-02,4728776.42,49.05,194584.96,194584.96,77,DPD_61_90,551110.59
L0000037,2023-03,4744403.83,49.05,194693.72,157566.72,108,DPD_90_PLUS,588237.6
L0000037,2023-04,4721988.57,49.05,195014.55,195014.55,107,DPD_90_PLUS,588237.6
L0000037,2023-05,4156860.24,49.05,195110.04,736895.46,18,DPD_1_30,46452.18
L0000037,2023-06,4132825.76,49.05,193001.55,193001.55,17,DPD_1_30,46452.18
L0000037,2023-07,4148689.34,49.05,193034.03,152149.35,18,DPD_1_30,87336.86
L0000037,2023-08,4122639.21,49.05,193080.65,193080.65,18,DPD_1_30,87336.86
L0000037,2023-09,4008776.85,49.05,193129.58,279870.14,17,DPD_1_30,596.3
L0000037,2023-10,4017323.91,49.05,191911.04,155311.7,18,DPD_1_30,37195.64
L0000037,2023-11,4181158.29,49.05,193234.69,0.0,48,DPD_31_60,230430.33
L0000037,2023-12,4150330.11,49.05,194662.56,194662.56,48,DPD_31_60,230430.33
L0000037,2024-01,4118219.44,49.05,194798.42,194798.42,49,DPD_31_60,230430.33
L0000037,2024-02,4084773.29,49.05,194932.15,194932.15,47,DPD_31_60,230430.33
L0000037,2024-03,4244999.19,49.05,195062.42,0.0,78,DPD_61_90,425492.76
L0000037,2024-04,4405225.1,49.05,196811.51,0.0,108,DPD_90_PLUS,622304.26
L0000037,2024-05,3925344.01,49.05,198665.71,640106.99,18,DPD_1_30,180862.99
L0000037,2024-06,3886348.74,49.05,193622.16,193622.16,17,DPD_1_30,180862.99
L0000037,2024-07,3845753.51,49.05,193650.89,193650.89,18,DPD_1_30,180862.99
L0000037,2024-08,3997215.24,49.05,193734.54,0.0,49,DPD_31_60,374597.53
L0000037,2024-09,4148676.97,49.05,195970.2,0.0,79,DPD_61_90,570567.72
L0000037,2024-10,4141603.22,49.05,198352.71,158535.48,110,DPD_90_PLUS,610384.96
L0000037,2024-11,4092413.71,49.05,199904.54,199904.54,109,DPD_90_PLUS,610384.96
L0000037,2024-12,4078209.52,49.05,199945.57,162939.13,109,DPD_90_PLUS,647391.39
L0000037,2025-01,3600434.13,49.05,201899.18,625849.89,49,DPD_31_60,223440.69
L0000037,2025-02,3546237.19,49.05,195312.14,195312.14,46,DPD_31_60,223440.69
L0000037,2025-03,3591489.8,49.05,195712.13,93931.75,46,DPD_31_60,325221.07
L0000037,2025-04,3532152.46,49.05,197371.95,197371.95,48,DPD_31_60,325221.07
L0000037,2025-05,3470294.0,49.05,197677.76,197677.76,48,DPD_31_60,325221.07
L0000037,2025-06,3405801.83,49.05,198000.91,198000.91,48,DPD_31_60,325221.07
L0000037,2025-07,3513128.94,49.05,198319.69,23756.21,79,DPD_61_90,499784.54
L0000037,2025-08,3537287.98,49.05,202566.69,106924.28,79,DPD_61_90,595426.95
L0000037,2025-09,3665842.84,49.05,203188.51,0.0,109,DPD_90_PLUS,798615.46
L0000037,2025-10,3586270.25,49.05,208127.45,208127.45,110,DPD_90_PLUS,798615.46
L0000037,2025-11,3531990.75,49.05,209151.31,180198.24,140,DPD_90_PLUS,827568.53
L0000037,2025-12,3608891.56,49.05,210583.92,46454.99,140,DPD_90_PLUS,991697.46
L0000037,2026-01,2655814.22,49.05,216525.92,1076247.8,18,DPD_1_30,131975.59
L0000037,2026-02,0.0,49.05,194072.78,2762792.03,0,CURRENT,0.0
L0000040,2022-08,25000.0,22.68,0.0,0.0,0,CURRENT,0.0
L0000040,2022-09,24167.14,22.68,1305.36,1305.36,0,CURRENT,0.0
L0000040,2022-10,23318.53,22.68,1305.36,1305.36,0,CURRENT,0.0
L0000040,2022-11,22453.89,22.68,1305.36,1305.36,0,CURRENT,0.0
L0000040,2022-12,21572.9,22.68,1305.36,1305.36,0,CURRENT,0.0
L0000040,2023-01,20675.26,22.68,1305.36,1305.36,0,CURRENT,0.0
L0000040,2023-02,19760.66,22.68,1305.36,1305.36,0,CURRENT,0.0
L0000040,2023-03,18828.77,22.68,1305.36,1305.36,0,CURRENT,0.0
L0000040,2023-04,17879.27,22.68,1305.36,1305.36,0,CURRENT,0.0
L0000040,2023-05,16911.83,22.68,1305.36,1305.36,0,CURRENT,0.0
L0000040,2023-06,15078.27,22.68,1305.36,2153.2,0,CURRENT,0.0
L0000040,2023-07,14127.37,22.68,1235.87,1235.87,0,CURRENT,0.0
L0000040,2023-08,13158.51,22.68,1235.87,1235.87,0,CURRENT,0.0
L0000040,2023-09,12171.33,22.68,1235.87,1235.87,0,CURRENT,0.0
L0000040,2023-10,11165.5,22.68,1235.87,1235.87,0,CURRENT,0.0
L0000040,2023-11,10140.65,22.68,1235.87,1235.87,0,CURRENT,0.0
L0000040,2023-12,9096.44,22.68,1235.87,1235.87,0,CURRENT,0.0
L0000040,2024-01,8032.49,22.68,1235.87,1235.87,0,CURRENT,0.0
L0000040,2024-02,6948.43,22.68,1235.87,1235.87,0,CURRENT,0.0
L0000040,2024-03,5843.88,22.68,1235.87,1235.87,0,CURRENT,0.0
L0000040,2024-04,4905.26,22.68,1235.87,1049.07,10,DPD_1_30,186.8
L0000040,2024-05,3642.42,22.68,1284.8,1355.55,11,DPD_1_30,116.06
L0000040,2024-06,2349.99,22.68,1260.32,1361.27,10,DPD_1_30,15.11
L0000040,2024-07,1179.47,22.68,1208.41,1214.94,11,DPD_1_30,8.58
L0000040,2024-08,129.6,22.68,1068.18,1072.16,11,DPD_1_30,4.6
L0000040,2024-09,127.05,22.68,2.45,5.0,10,DPD_1_30,2.05
L0000040,2024-10,125.17,22.68,2.36,4.25,11,DPD_1_30,0.17
L0000040,2024-11,125.01,22.68,2.36,2.53,10,DPD_1_30,0.01
L0000040,2024-12,125.0,22.68,2.36,2.37,0,CURRENT,0.0
L0000040,2025-01,125.0,22.68,2.36,2.36,0,CURRENT,0.0
L0000040,2025-02,125.0,22.68,2.36,2.36,0,CURRENT,0.0
L0000040,2025-03,125.0,22.68,2.36,2.36,0,CURRENT,0.0
L0000040,2025-04,125.0,22.68,2.36,2.36,0,CURRENT,0.0
L0000040,2025-05,125.0,22.68,2.36,2.36,0,CURRENT,0.0
L0000040,2025-06,125.0,22.68,2.36,2.36,0,CURRENT,0.0
L0000040,2025-07,125.0,22.68,2.36,2.36,0,CURRENT,0.0
L0000040,2025-08,125.0,22.68,2.36,2.36,0,CURRENT,0.0
L0000040,2025-09,125.0,22.68,2.36,2.36,0,CURRENT,0.0
L0000040,2025-10,125.0,22.68,2.36,2.36,0,CURRENT,0.0
L0000040,2025-11,125.0,22.68,2.36,2.36,0,CURRENT,0.0
L0000040,2025-12,125.0,22.68,2.36,2.36,0,CURRENT,0.0
L0000040,2026-01,125.0,22.68,2.36,2.36,0,CURRENT,0.0
L0000040,2026-02,125.0,22.68,2.36,2.36,0,CURRENT,0.0
L0000040,2026-03,125.0,22.68,2.36,2.36,0,CURRENT,0.0
L0000040,2026-04,125.0,22.68,2.36,2.36,0,CURRENT,0.0
L0000040,2026-05,125.0,22.68,2.36,2.36,0,CURRENT,0.0
L0000040,2026-06,125.0,22.68,2.36,2.36,0,CURRENT,0.0
L0000040,2026-07,127.36,22.68,127.36,0.0,11,DPD_1_30,127.36
L0000040,2026-08,129.72,22.68,2.36,0.0,42,DPD_31_60,129.72
L0000040,2026-09,132.09,22.68,2.36,0.0,72,DPD_61_90,132.09
L0000040,2026-10,134.45,22.68,2.36,0.0,103,DPD_90_PLUS,134.45
L0000040,2026-11,136.81,22.68,2.36,0.0,133,DPD_90_PLUS,136.81
L0000040,2026-12,139.18,22.68,2.36,0.0,164,DPD_90_PLUS,139.17
L0000041,2023-06,99000.0,10.3,0.0,0.0,0,CURRENT,0.0
L0000041,2023-07,97731.65,10.3,2118.1,2118.1,0,CURRENT,0.0
L0000041,2023-08,98570.51,10.3,2118.1,0.0,6,DPD_1_30,2118.1
L0000041,2023-09,99409.38,10.3,2146.19,0.0,36,DPD_31_60,4264.29
L0000041,2023-10,95730.9,10.3,2175.29,4517.34,6,DPD_1_30,1922.24
L0000041,2023-11,94400.48,10.3,2147.08,2147.08,5,DPD_1_30,1922.24
L0000041,2023-12,93758.36,10.3,2146.94,1447.31,36,DPD_31_60,2621.88
L0000041,2024-01,92397.98,10.3,2158.23,2158.23,37,DPD_31_60,2621.88
L0000041,2024-02,91429.9,10.3,2158.41,1754.31,35,DPD_31_60,3025.98
L0000041,2024-03,90039.58,10.3,2168.35,2168.35,35,DPD_31_60,3025.98
L0000041,2024-04,90805.74,10.3,2168.55,0.0,65,DPD_61_90,5194.53
L0000041,2024-05,89368.74,10.3,2203.16,2203.16,67,DPD_61_90,5194.53
L0000041,2024-06,90111.17,10.1429,2196.81,0.0,97,DPD_90_PLUS,7391.33
L0000041,2024-07,90853.6,10.1429,2233.79,0.0,128,DPD_90_PLUS,9625.12
L0000041,2024-08,89323.66,10.1429,2272.37,2272.37,128,DPD_90_PLUS,9625.12
L0000041,2024-09,88949.78,10.1429,2273.0,1103.58,128,DPD_90_PLUS,10794.54
L0000041,2024-10,89264.84,10.1429,2295.1,408.56,159,DPD_90_PLUS,12681.08
L0000041,2024-11,87650.96,10.1429,2337.28,2337.28,158,DPD_90_PLUS,12681.08
L0000041,2024-12,86568.93,10.1429,2337.81,1791.94,159,DPD_90_PLUS,13226.94
L0000041,2025-01,85598.16,10.1429,2347.98,1669.95,190,DPD_90_PLUS,13904.97
L0000041,2025-02,72131.73,10.1429,2353.74,14153.36,3,DPD_1_30,2105.35
L0000041,2025-03,71183.45,10.1429,2119.85,1554.26,34,DPD_31_60,2670.94
L0000041,2025-04,68030.13,10.1429,2131.88,3749.87,5,DPD_1_30,1052.95
L0000041,2025-05,66746.91,10.1429,2100.63,1858.24,6,DPD_1_30,1295.35
L0000041,2025-06,65857.39,9.9479,2102.16,1442.85,5,DPD_1_30,1954.66
L0000041,2025-07,64289.64,9.9479,2110.34,2110.34,6,DPD_1_30,1954.66
L0000041,2025-08,64819.39,9.9479,2110.96,0.0,37,DPD_31_60,4065.62
L0000041,2025-09,59872.12,9.9479,2164.52,5477.02,5,DPD_1_30,753.12
L0000041,2025-10,60368.45,9.9479,2081.24,0.0,36,DPD_31_60,2834.36
L0000041,2025-11,58726.96,9.9479,2137.83,2137.83,36,DPD_31_60,2834.36
L0000041,2025-12,58141.58,9.9479,2137.83,1068.11,36,DPD_31_60,3904.08
L0000041,2026-01,58618.53,9.9479,2174.05,0.0,67,DPD_61_90,6078.14
L0000041,2026-02,56855.36,9.9479,2240.13,2240.13,65,DPD_61_90,6078.14
L0000041,2026-03,55073.68,9.9479,2245.02,2245.02,65,DPD_61_90,6078.14
L0000041,2026-04,53276.5,9.9479,2245.95,2245.95,64,DPD_61_90,6078.14
L0000041,2026-05,53710.59,9.9479,2247.16,0.0,95,DPD_90_PLUS,8325.3
L0000041,2026-06,54137.36,9.78,2323.7,0.0,125,DPD_90_PLUS,10648.99
L0000041,2026-07,52153.1,9.78,2411.04,2411.04,128,DPD_90_PLUS,10648.99
L0000041,2026-08,50151.21,9.78,2412.79,2412.79,128,DPD_90_PLUS,10648.99
L0000041,2026-09,48131.42,9.78,2414.67,2414.67,128,DPD_90_PLUS,10648.99
L0000041,2026-10,46093.45,9.78,2416.71,2416.71,128,DPD_90_PLUS,10648.99
L0000041,2026-11,46455.98,9.78,2419.33,0.0,158,DPD_90_PLUS,13068.32
L0000041,2026-12,31213.58,9.78,2536.62,15604.93,0,CURRENT,0.0
L0000043,2023-12,99000.0,22.41,0.0,0.0,0,CURRENT,0.0
L0000043,2024-01,94322.0,22.41,6526.83,6526.83,0,CURRENT,0.0
L0000043,2024-02,89556.63,22.41,6526.83,6526.83,0,CURRENT,0.0
L0000043,2024-03,84702.27,22.41,6526.83,6526.83,0,CURRENT,0.0
L0000043,2024-04,79757.26,22.41,6526.83,6526.83,0,CURRENT,0.0
L0000043,2024-05,74719.9,22.41,6526.83,6526.83,0,CURRENT,0.0
L0000043,2024-06,69588.46,22.41,6526.83,6526.83,0,CURRENT,0.0
L0000043,2024-07,64361.2,22.41,6526.83,6526.83,0,CURRENT,0.0
L0000043,2024-08,59036.32,22.41,6526.83,6526.83,0,CURRENT,0.0
L0000043,2024-09,53611.99,22.41,6526.83,6526.83,0,CURRENT,0.0
L0000043,2024-10,48086.37,22.41,6526.83,6526.83,0,CURRENT,0.0
L0000043,2024-11,42457.55,22.41,6526.83,6526.83,0,CURRENT,0.0
L0000043,2024-12,36723.62,22.41,6526.83,6526.83,0,CURRENT,0.0
L0000043,2025-01,30882.6,22.41,6526.83,6526.83,0,CURRENT,0.0
L0000043,2025-02,24932.51,22.41,6526.83,6526.83,0,CURRENT,0.0
L0000043,2025-03,18871.3,22.41,6526.83,6526.83,0,CURRENT,0.0
L0000043,2025-04,12696.89,22.41,6526.83,6526.83,0,CURRENT,0.0
L0000043,2025-05,6407.17,22.41,6526.83,6526.83,0,CURRENT,0.0
L0000043,2025-06,495.0,22.41,6031.83,6031.83,0,CURRENT,0.0
L0000043,2025-07,495.0,22.41,9.24,9.24,0,CURRENT,0.0
L0000043,2025-08,495.0,22.41,9.24,9.24,0,CURRENT,0.0
L0000043,2025-09,495.0,22.41,9.24,9.24,0,CURRENT,0.0
L0000043,2025-10,495.0,22.41,9.24,9.24,0,CURRENT,0.0
L0000043,2025-11,495.0,22.41,9.24,9.24,0,CURRENT,0.0
L0000043,2025-12,495.0,22.41,9.24,9.24,0,CURRENT,0.0
L0000043,2026-01,495.0,22.41,9.24,9.24,0,CURRENT,0.0
L0000043,2026-02,495.0,22.41,9.24,9.24,0,CURRENT,0.0
L0000043,2026-03,495.0,22.41,9.24,9.24,0,CURRENT,0.0
L0000043,2026-04,495.0,22.41,9.24,9.24,0,CURRENT,0.0
L0000043,2026-05,495.0,22.41,9.24,9.24,0,CURRENT,0.0
L0000043,2026-06,495.0,22.41,9.24,9.24,0,CURRENT,0.0
L0000043,2026-07,504.24,22.41,504.24,0.0,15,DPD_1_30,504.24
L0000043,2026-08,513.49,22.41,9.24,0.0,46,DPD_31_60,513.49
L0000043,2026-09,522.73,22.41,9.24,0.0,76,DPD_61_90,522.73
L0000043,2026-10,531.98,22.41,9.24,0.0,107,DPD_90_PLUS,531.98
L0000043,2026-11,541.22,22.41,9.24,0.0,137,DPD_90_PLUS,541.22
L0000043,2026-12,550.46,22.41,9.24,0.0,168,DPD_90_PLUS,550.46
L0000044,2021-01,162702.21,18.275,7625.15,7625.15,0,CURRENT,0.0
L0000044,2021-02,157554.88,18.275,7625.15,7625.15,0,CURRENT,0.0
L0000044,2021-03,152338.75,18.45,7638.54,7638.54,0,CURRENT,0.0
L0000044,2021-04,147042.42,18.45,7638.54,7638.54,0,CURRENT,0.0
L0000044,2021-05,144378.95,18.45,7638.54,4924.24,10,DPD_1_30,2714.3
L0000044,2021-06,136323.75,18.45,7784.89,10275.03,9,DPD_1_30,224.17
L0000044,2021-07,130620.26,18.45,7645.24,7799.47,10,DPD_1_30,69.94
L0000044,2021-08,124992.32,18.45,7636.23,7636.23,10,DPD_1_30,69.94
L0000044,2021-09,119248.59,19.325,7688.66,7756.62,9,DPD_1_30,1.97
L0000044,2021-10,113482.94,19.325,7684.28,7686.04,10,DPD_1_30,0.21
L0000044,2021-11,107626.16,19.325,7684.16,7684.34,9,DPD_1_30,0.04
L0000044,2021-12,101675.24,19.325,7684.15,7684.15,10,DPD_1_30,0.04
L0000044,2022-01,95628.48,19.325,7684.15,7684.15,10,DPD_1_30,0.04
L0000044,2022-02,89484.34,19.325,7684.15,7684.16,7,DPD_1_30,0.02
L0000044,2022-03,83265.39,20.0833,7716.57,7716.57,10,DPD_1_30,0.02
L0000044,2022-04,76942.35,20.0833,7716.57,7716.58,9,DPD_1_30,0.01
L0000044,2022-05,70513.5,20.0833,7716.57,7716.57,10,DPD_1_30,0.01
L0000044,2022-06,63977.04,20.0833,7716.57,7716.58,9,DPD_1_30,0.01
L0000044,2022-07,57331.2,20.0833,7716.57,7716.57,0,CURRENT,0.0
L0000044,2022-08,50574.13,20.0833,7716.57,7716.57,0,CURRENT,0.0
L0000044,2022-09,43713.04,20.6083,7729.63,7729.63,0,CURRENT,0.0
L0000044,2022-10,36734.12,20.6083,7729.63,7729.63,0,CURRENT,0.0
L0000044,2022-11,29635.34,20.6083,7729.63,7729.63,0,CURRENT,0.0
L0000044,2022-12,22414.65,20.6083,7729.63,7729.63,0,CURRENT,0.0
L0000044,2023-01,15069.96,20.6083,7729.63,7729.63,0,CURRENT,0.0
L0000044,2023-02,7599.13,20.6083,7729.63,7729.63,0,CURRENT,0.0
L0000044,2023-03,0.0,20.7833,7730.74,7730.74,0,CURRENT,0.0
L0000045,2024-06,8650000.0,15.54,0.0,0.0,0,CURRENT,0.0
L0000045,2024-07,8553774.62,15.54,208242.88,208242.88,0,CURRENT,0.0
L0000045,2024-08,8533683.7,15.54,208242.88,130862.3,15,DPD_1_30,77380.58
L0000045,2024-09,8434046.47,15.54,210148.44,210148.44,14,DPD_1_30,77380.58
L0000045,2024-10,8543267.37,15.54,210148.44,0.0,45,DPD_31_60,287529.01
L0000045,2024-11,8652488.27,15.54,212693.67,0.0,75,DPD_61_90,500222.69
L0000045,2024-12,8546373.67,15.54,215335.51,215335.51,76,DPD_61_90,500222.69
L0000045,2025-01,8537889.51,15.54,215335.51,116330.87,76,DPD_61_90,599227.32
L0000045,2025-02,8644801.32,15.54,216260.07,0.0,104,DPD_90_PLUS,815487.39
L0000045,2025-03,8751713.13,15.54,219162.91,0.0,135,DPD_90_PLUS,1034650.3
L0000045,2025-04,8662208.52,15.54,222183.89,196416.43,135,DPD_90_PLUS,1060417.76
L0000045,2025-05,8767780.35,15.54,222505.93,0.0,166,DPD_90_PLUS,1282923.7
L0000045,2025-06,8724650.18,15.0254,223604.89,145206.16,196,DPD_90_PLUS,1361322.43
L0000045,2025-07,8825926.75,15.0254,225211.01,0.0,227,DPD_90_PLUS,1586533.44
L0000045,2025-08,7318130.98,15.0254,228715.49,1609072.34,15,DPD_1_30,206176.59
L0000045,2025-09,7257952.59,15.0254,207984.59,150824.14,45,DPD_31_60,263337.04
L0000045,2025-10,7138389.64,15.0254,209306.09,209306.09,45,DPD_31_60,263337.04
L0000045,2025-11,7226647.02,15.0254,209332.89,0.0,75,DPD_61_90,472669.93
L0000045,2025-12,7101912.92,15.0254,212991.48,212991.48,76,DPD_61_90,472669.93
L0000045,2026-01,7065143.41,15.0254,213037.18,123483.67,76,DPD_61_90,562223.44
L0000045,2026-02,6622584.51,15.0254,215417.8,528642.67,43,DPD_31_60,248998.57
L0000045,2026-03,6603501.1,15.0254,208736.64,100928.12,43,DPD_31_60,356807.09
L0000045,2026-04,6684925.33,15.0254,211775.43,0.0,73,DPD_61_90,568582.52
L0000045,2026-05,6622357.86,15.0254,216107.31,143991.71,104,DPD_90_PLUS,640698.11
L0000045,2026-06,6485253.84,14.7817,215664.45,215664.45,75,DPD_61_90,640698.11
L0000045,2026-07,6346324.55,14.7817,215876.41,215876.41,76,DPD_61_90,640698.11
L0000045,2026-08,6205486.41,14.7817,216179.6,216179.6,76,DPD_61_90,640698.11
L0000045,2026-09,6279168.82,14.7817,216402.27,0.0,106,DPD_90_PLUS,857100.39
L0000045,2026-10,5385559.61,14.7817,221691.74,967291.63,15,DPD_1_30,111500.5
L0000045,2026-11,5247235.94,14.7817,204663.29,204663.29,14,DPD_1_30,111500.5
L0000045,2026-12,4995707.89,14.7817,204663.29,316163.79,0,CURRENT,0.0
L0000046,2021-01,42210.27,17.86,2069.26,105098.8,54,DPD_31_60,40161.39
L0000046,2021-02,13166.69,17.86,597.43,29641.01,82,DPD_61_90,11117.81
L0000046,2021-03,13322.97,17.86,156.28,0.0,113,DPD_90_PLUS,11274.09
L0000046,2021-04,13479.24,17.86,156.28,0.0,143,DPD_90_PLUS,11430.36
L0000046,2021-05,13635.52,17.86,156.28,0.0,174,DPD_90_PLUS,11586.64
L0000046,2021-06,13791.79,17.86,156.28,0.0,204,DPD_90_PLUS,11742.91
L0000046,2021-07,13948.07,17.86,156.28,0.0,235,DPD_90_PLUS,11899.19
L0000046,2021-08,14104.34,17.86,156.28,0.0,266,DPD_90_PLUS,12055.46
L0000046,2021-09,14260.62,17.86,156.28,0.0,296,DPD_90_PLUS,12211.74
L0000046,2021-10,14416.89,17.86,156.28,0.0,327,DPD_90_PLUS,12368.01
L0000046,2021-11,14573.17,17.86,156.28,0.0,357,DPD_90_PLUS,12524.29
L0000046,2021-12,14729.44,17.86,156.28,0.0,388,DPD_90_PLUS,12680.56
L0000046,2022-01,14885.72,17.86,156.28,0.0,419,DPD_90_PLUS,12836.84
L0000046,2022-02,15041.99,17.86,156.28,0.0,447,DPD_90_PLUS,12993.11
L0000046,2022-03,15198.27,17.86,156.28,0.0,478,DPD_90_PLUS,13149.39
L0000046,2022-04,15354.54,17.86,156.28,0.0,508,DPD_90_PLUS,13305.66
L0000046,2022-05,15510.82,17.86,156.28,0.0,539,DPD_90_PLUS,13461.94
L0000046,2022-06,15667.09,17.86,156.28,0.0,569,DPD_90_PLUS,13618.21
L0000046,2022-07,15823.37,17.86,156.28,0.0,600,DPD_90_PLUS,13774.49
L0000046,2022-08,15979.64,17.86,156.28,0.0,631,DPD_90_PLUS,13930.76
L0000046,2022-09,16135.92,17.86,156.28,0.0,661,DPD_90_PLUS,14087.04
L0000046,2022-10,16292.19,17.86,156.28,0.0,692,DPD_90_PLUS,14243.31
L0000046,2022-11,16448.47,17.86,156.28,0.0,722,DPD_90_PLUS,14399.59
L0000046,2022-12,16604.74,17.86,156.28,0.0,753,DPD_90_PLUS,14555.86
L0000046,2023-01,16761.02,17.86,156.28,0.0,784,DPD_90_PLUS,14712.14
L0000046,2023-02,16917.29,17.86,156.28,0.0,812,DPD_90_PLUS,14868.41
L0000046,2023-03,17073.57,17.86,156.28,0.0,843,DPD_90_PLUS,15024.69
L0000046,2023-04,17229.84,17.86,156.28,0.0,873,DPD_90_PLUS,15180.96
L0000046,2023-05,17386.12,17.86,156.28,0.0,904,DPD_90_PLUS,15337.24
L0000046,2023-06,17542.39,17.86,156.28,0.0,934,DPD_90_PLUS,15493.51
L0000046,2023-07,17698.67,17.86,156.28,0.0,965,DPD_90_PLUS,15649.79
L0000046,2023-08,17854.94,17.86,156.28,0.0,996,DPD_90_PLUS,15806.06
L0000046,2023-09,18011.22,17.86,156.28,0.0,1026,DPD_90_PLUS,15962.34
L0000046,2023-10,18167.49,17.86,156.28,0.0,1057,DPD_90_PLUS,16118.61
L0000046,2023-11,18323.77,17.86,156.28,0.0,1087,DPD_90_PLUS,16274.89
L0000046,2023-12,18480.04,17.86,156.28,0.0,1118,DPD_90_PLUS,16431.16
L0000046,2024-01,18636.32,17.86,156.28,0.0,1149,DPD_90_PLUS,16587.44
L0000046,2024-02,18792.59,17.86,156.28,0.0,1178,DPD_90_PLUS,16743.71
L0000046,2024-03,18948.87,17.86,156.28,0.0,1209,DPD_90_PLUS,16899.99
L0000046,2024-04,19105.14,17.86,156.28,0.0,1239,DPD_90_PLUS,17056.26
L0000046,2024-05,19261.42,17.86,156.28,0.0,1270,DPD_90_PLUS,17212.54
L0000046,2024-06,19417.69,17.86,156.28,0.0,1300,DPD_90_PLUS,17368.81
L0000046,2024-07,19573.97,17.86,156.28,0.0,1331,DPD_90_PLUS,17525.09
L0000046,2024-08,19730.24,17.86,156.28,0.0,1362,DPD_90_PLUS,17681.36
L0000046,2024-09,19886.52,17.86,156.28,0.0,1392,DPD_90_PLUS,17837.64
L0000046,2024-10,20042.79,17.86,156.28,0.0,1423,DPD_90_PLUS,17993.91
L0000046,2024-11,20199.07,17.86,156.28,0.0,1453,DPD_90_PLUS,18150.19
L0000046,2024-12,20355.34,17.86,156.28,0.0,1484,DPD_90_PLUS,18306.46
L0000046,2025-01,20511.62,17.86,156.28,0.0,1515,DPD_90_PLUS,18462.74
L0000046,2025-02,20667.89,17.86,156.28,0.0,1543,DPD_90_PLUS,18619.01
L0000046,2025-03,20824.17,17.86,156.28,0.0,1574,DPD_90_PLUS,18775.29
L0000046,2025-04,20980.44,17.86,156.28,0.0,1604,DPD_90_PLUS,18931.56
L0000046,2025-05,21136.72,17.86,156.28,0.0,1635,DPD_90_PLUS,19087.84
L0000046,2025-06,21292.99,17.86,156.28,0.0,1665,DPD_90_PLUS,19244.11
L0000046,2025-07,21449.27,17.86,156.28,0.0,1696,DPD_90_PLUS,19400.39
L0000046,2025-08,21605.54,17.86,156.28,0.0,1727,DPD_90_PLUS,19556.66
L0000046,2025-09,21761.82,17.86,156.28,0.0,1757,DPD_90_PLUS,19712.94
L0000046,2025-10,21918.09,17.86,156.28,0.0,1788,DPD_90_PLUS,19869.21
L0000046,2025-11,22074.37,17.86,156.28,0.0,1818,DPD_90_PLUS,20025.49
L0000046,2025-12,22230.64,17.86,156.28,0.0,1849,DPD_90_PLUS,20181.76
L0000046,2026-01,22386.92,17.86,156.28,0.0,1880,DPD_90_PLUS,20338.04
L0000046,2026-02,22543.19,17.86,156.28,0.0,1908,DPD_90_PLUS,20494.31
L0000046,2026-03,22699.47,17.86,156.28,0.0,1939,DPD_90_PLUS,20650.59
L0000046,2026-04,22855.74,17.86,156.28,0.0,1969,DPD_90_PLUS,20806.86
L0000046,2026-05,23012.02,17.86,156.28,0.0,2000,DPD_90_PLUS,20963.14
L0000046,2026-06,23168.29,17.86,156.28,0.0,2030,DPD_90_PLUS,21119.41
L0000046,2026-07,23324.57,17.86,2205.16,0.0,2061,DPD_90_PLUS,23324.57
L0000046,2026-08,23480.84,17.86,156.28,0.0,2092,DPD_90_PLUS,23480.84
L0000046,2026-09,23637.12,17.86,156.28,0.0,2122,DPD_90_PLUS,23637.12
L0000046,2026-10,23793.39,17.86,156.28,0.0,2153,DPD_90_PLUS,23793.39
L0000046,2026-11,23949.67,17.86,156.28,0.0,2183,DPD_90_PLUS,23949.67
L0000046,2026-12,24105.94,17.86,156.28,0.0,2214,DPD_90_PLUS,24105.94
L0000047,2021-01,356219.6,18.13,15392.5,8489.14,25,DPD_1_30,6903.35
L0000047,2021-02,343472.19,18.13,15696.69,18129.3,22,DPD_1_30,4470.75
L0000047,2021-03,333075.18,18.13,15586.3,15586.3,25,DPD_1_30,4470.75
L0000047,2021-04,320713.91,18.13,15586.3,17393.48,24,DPD_1_30,2663.58
L0000047,2021-05,325559.37,18.13,15498.97,0.0,55,DPD_31_60,18162.55
L0000047,2021-06,299818.81,18.13,16031.51,30586.01,24,DPD_1_30,3608.05
L0000047,2021-07,288819.93,18.13,15528.64,15528.64,25,DPD_1_30,3608.05
L0000047,2021-08,274627.07,18.13,15528.64,18556.45,25,DPD_1_30,580.24
L0000047,2021-09,263082.3,18.13,15359.3,15693.94,24,DPD_1_30,245.61
L0000047,2021-10,251526.2,18.13,15339.79,15530.84,25,DPD_1_30,54.56
L0000047,2021-11,248323.41,18.13,15328.15,7002.93,24,DPD_1_30,8379.79
L0000047,2021-12,228746.47,18.13,15859.86,23328.69,25,DPD_1_30,910.95
L0000047,2022-01,216323.71,18.13,15358.39,15878.74,25,DPD_1_30,390.61
L0000047,2022-02,203898.93,18.13,15321.54,15693.07,22,DPD_1_30,19.08
L0000047,2022-03,191670.29,18.13,15293.67,15309.21,25,DPD_1_30,3.54
L0000047,2022-04,179270.88,18.13,15292.43,15295.23,24,DPD_1_30,0.74
L0000047,2022-05,166686.77,18.13,15292.19,15292.59,25,DPD_1_30,0.34
L0000047,2022-06,165589.24,18.13,15292.16,3615.89,24,DPD_1_30,11676.61
L0000047,2022-07,151638.76,18.13,16452.26,16452.26,25,DPD_1_30,11676.61
L0000047,2022-08,127079.92,18.13,16452.26,26849.84,25,DPD_1_30,1279.02
L0000047,2022-09,113791.93,18.13,15207.96,15207.96,24,DPD_1_30,1279.02
L0000047,2022-10,100303.17,18.13,15207.96,15207.96,25,DPD_1_30,1279.02
L0000047,2022-11,86047.21,18.13,15207.96,15771.38,24,DPD_1_30,715.61
L0000047,2022-12,71660.69,18.13,15109.03,15686.55,25,DPD_1_30,138.09
L0000047,2023-01,57656.33,18.13,14988.24,15087.03,25,DPD_1_30,39.29
L0000047,2023-02,58527.42,18.13,14962.6,0.0,53,DPD_31_60,15001.88
L0000047,2023-03,32280.52,18.13,19802.41,27118.0,25,DPD_1_30,7686.29
L0000047,2023-04,16261.27,18.13,16506.95,16506.95,24,DPD_1_30,7686.29
L0000047,2023-05,4871.37,18.13,8820.66,11635.58,25,DPD_1_30,4871.37
L0000047,2023-06,4871.37,18.13,73.6,73.6,55,DPD_31_60,4871.37
L0000047,2023-07,0.0,18.13,72.49,4943.85,0,CURRENT,0.0
L0000048,2023-11,160000.0,22.46,0.0,0.0,0,CURRENT,0.0
L0000048,2023-12,152442.37,22.46,10552.29,10552.29,0,CURRENT,0.0
L0000048,2024-01,144743.29,22.46,10552.29,10552.29,0,CURRENT,0.0
L0000048,2024-02,136900.11,22.46,10552.29,10552.29,0,CURRENT,0.0
L0000048,2024-03,128910.13,22.46,10552.29,10552.29,0,CURRENT,0.0
L0000048,2024-04,120770.6,22.46,10552.29,10552.29,0,CURRENT,0.0
L0000048,2024-05,112478.73,22.46,10552.29,10552.29,0,CURRENT,0.0
L0000048,2024-06,104031.66,22.46,10552.29,10552.29,0,CURRENT,0.0
L0000048,2024-07,95426.5,22.46,10552.29,10552.29,0,CURRENT,0.0
L0000048,2024-08,86660.27,22.46,10552.29,10552.29,0,CURRENT,0.0
L0000048,2024-09,77729.96,22.46,10552.29,10552.29,0,CURRENT,0.0
L0000048,2024-10,68632.52,22.46,10552.29,10552.29,0,CURRENT,0.0
L0000048,2024-11,69917.09,22.46,10552.29,0.0,25,DPD_1_30,10552.29
L0000048,2024-12,53729.73,22.46,12199.66,17471.93,26,DPD_1_30,5280.03
L0000048,2025-01,43378.58,22.46,11356.79,11356.79,26,DPD_1_30,5280.03
L0000048,2025-02,30923.22,22.46,11356.79,13267.26,23,DPD_1_30,3369.55
L0000048,2025-03,18758.77,22.46,10695.98,12743.23,26,DPD_1_30,1322.3
L0000048,2025-04,9466.35,22.46,9643.52,9643.52,25,DPD_1_30,1322.3
L0000048,2025-05,625.04,22.46,8321.22,9018.49,26,DPD_1_30,625.04
L0000048,2025-06,237.44,22.46,11.7,399.3,56,DPD_31_60,237.44
L0000048,2025-07,0.0,22.46,4.23,241.66,0,CURRENT,0.0
L0000049,2026-06,59000.0,18.15,0.0,0.0,0,CURRENT,0.0
L0000049,2026-07,49531.98,18.15,10360.4,10360.4,0,CURRENT,0.0
L0000049,2026-08,39920.75,18.15,10360.4,10360.4,0,CURRENT,0.0
L0000049,2026-09,30164.16,18.15,10360.4,10360.4,0,CURRENT,0.0
L0000049,2026-10,20259.99,18.15,10360.4,10360.4,0,CURRENT,0.0
L0000049,2026-11,10206.03,18.15,10360.4,10360.4,0,CURRENT,0.0
L0000049,2026-12,0.0,18.15,10360.4,10360.4,0,CURRENT,0.0
L0000050,2021-01,816258.89,16.05,28970.11,0.0,16,DPD_1_30,28970.11
L0000050,2021-02,797392.55,16.05,29639.7,29639.7,13,DPD_1_30,28970.11
L0000050,2021-03,807922.54,16.05,29664.93,0.0,44,DPD_31_60,58635.04
L0000050,2021-04,763244.82,16.05,30403.9,55207.71,46,DPD_31_60,33831.23
L0000050,2021-05,756912.19,16.6125,30028.0,16753.03,46,DPD_31_60,47106.2
L0000050,2021-06,767246.43,16.6125,30576.23,0.0,76,DPD_61_90,77682.43
L0000050,2021-07,713248.32,16.6125,31428.45,64332.36,46,DPD_31_60,44778.52
L0000050,2021-08,722979.29,16.6125,30454.33,0.0,77,DPD_61_90,75232.86
L0000050,2021-09,660111.89,16.6125,31379.46,72598.36,46,DPD_31_60,34013.96
L0000050,2021-10,623253.97,16.6125,29956.9,45861.64,16,DPD_1_30,18109.22
L0000050,2021-11,602424.38,17.55,29944.67,29944.67,15,DPD_1_30,18109.22
L0000050,2021-12,567615.68,17.55,29944.67,43619.16,16,DPD_1_30,4434.74
L0000050,2022-01,544630.76,17.55,29240.24,31286.3,16,DPD_1_30,2388.69
L0000050,2022-02,552595.98,17.55,29130.81,0.0,44,DPD_31_60,31519.49
L0000050,2022-03,530252.54,17.55,30308.67,30308.67,44,DPD_31_60,31519.49
L0000050,2022-04,491247.21,17.55,30308.67,46643.78,15,DPD_1_30,15184.38
L0000050,2022-05,458013.09,18.2375,29962.12,40700.05,16,DPD_1_30,4446.46
L0000050,2022-06,461422.69,18.2375,29275.76,3551.25,46,DPD_31_60,30170.97
L0000050,2022-07,417921.11,18.2375,30536.55,50408.45,16,DPD_1_30,10299.07
L0000050,2022-08,424272.64,18.2375,29621.44,0.0,47,DPD_31_60,39920.5
L0000050,2022-09,399256.16,18.2375,31368.01,31368.01,46,DPD_31_60,39920.5
L0000050,2022-10,356375.88,18.2375,31368.01,48851.62,16,DPD_1_30,22436.9
L0000050,2022-11,331445.82,18.8,30513.28,30513.28,15,DPD_1_30,22436.9
L0000050,2022-12,286345.51,18.8,30513.28,50292.95,16,DPD_1_30,2657.23
L0000050,2023-01,262289.86,18.8,28541.73,28541.73,16,DPD_1_30,2657.23
L0000050,2023-02,237857.34,18.8,28541.73,28541.73,13,DPD_1_30,2657.23
L0000050,2023-03,213042.05,18.8,28541.73,28541.73,16,DPD_1_30,2657.23
L0000050,2023-04,185342.09,18.8,28541.73,31037.62,15,DPD_1_30,161.34
L0000050,2023-05,160071.4,18.6125,28145.42,28145.42,16,DPD_1_30,161.34
L0000050,2023-06,134322.35,18.6125,28145.42,28231.82,15,DPD_1_30,74.95
L0000050,2023-07,108233.49,18.6125,28127.33,28172.26,16,DPD_1_30,30.02
L0000050,2023-08,81767.44,18.6125,28115.66,28144.79,16,DPD_1_30,0.89
L0000050,2023-09,65650.99,18.6125,28105.65,17384.7,15,DPD_1_30,10721.84
L0000050,2023-10,33078.1,18.6125,33591.16,33591.16,16,DPD_1_30,10721.84
L0000050,2023-11,0.0,18.05,22853.81,33575.65,0,CURRENT,0.0
L0000051,2024-05,130000.0,22.49,0.0,0.0,0,CURRENT,0.0
L0000051,2024-06,125660.76,22.49,6775.66,6775.66,0,CURRENT,0.0
L0000051,2024-07,121240.19,22.49,6775.66,6775.66,0,CURRENT,0.0
L0000051,2024-08,116736.78,22.49,6775.66,6775.66,0,CURRENT,0.0
L0000051,2024-09,114530.88,22.49,6775.66,4393.74,8,DPD_1_30,2381.92
L0000051,2024-10,109757.81,22.49,6919.57,6919.57,9,DPD_1_30,2381.92
L0000051,2024-11,102999.53,22.49,6919.57,8815.33,8,DPD_1_30,486.15
L0000051,2024-12,97811.27,22.49,6794.51,7118.64,9,DPD_1_30,162.02
L0000051,2025-01,92746.66,22.49,6772.07,6897.76,9,DPD_1_30,36.33
L0000051,2025-02,87721.98,22.49,6762.9,6762.9,6,DPD_1_30,36.33
L0000051,2025-03,0.0,22.49,6762.9,89366.04,0,CURRENT,0.0
L0000052,2026-12,190000.0,17.2,0.0,0.0,0,CURRENT,0.0
L0000055,2021-01,52728.07,19.03,9114.84,9114.84,15,DPD_1_30,8037.23
L0000055,2021-02,44282.07,19.03,9282.18,9282.18,12,DPD_1_30,8037.23
L0000055,2021-03,28872.0,19.03,9282.18,16112.31,15,DPD_1_30,1207.1
L0000055,2021-04,21823.45,19.03,7506.41,7506.41,14,DPD_1_30,1207.1
L0000055,2021-05,14663.12,19.03,7506.41,7506.41,15,DPD_1_30,1207.1
L0000055,2021-06,6358.14,19.03,7506.41,8537.51,14,DPD_1_30,176.0
L0000055,2021-07,703.94,19.03,5657.97,5755.02,15,DPD_1_30,78.94
L0000055,2021-08,672.11,19.03,11.16,43.0,46,DPD_31_60,47.11
L0000055,2021-09,674.04,19.03,10.48,8.55,76,DPD_61_90,49.04
L0000055,2021-10,674.04,19.03,10.35,10.35,107,DPD_90_PLUS,49.04
L0000055,2021-11,677.05,19.03,10.18,7.17,137,DPD_90_PLUS,52.05
L0000055,2021-12,638.74,19.03,10.07,48.37,45,DPD_31_60,13.74
L0000055,2022-01,643.67,19.03,9.91,4.98,46,DPD_31_60,18.67
L0000055,2022-02,643.67,19.03,9.91,9.91,43,DPD_31_60,18.67
L0000055,2022-03,643.67,19.03,9.91,9.91,43,DPD_31_60,18.67
L0000055,2022-04,631.46,19.03,9.91,22.13,14,DPD_1_30,6.46
L0000055,2022-05,628.69,19.03,9.91,12.68,15,DPD_1_30,3.69
L0000055,2022-06,625.13,19.03,9.91,13.47,14,DPD_1_30,0.13
L0000055,2022-07,625.13,19.03,9.91,9.91,15,DPD_1_30,0.13
L0000055,2022-08,628.55,19.03,9.91,6.49,15,DPD_1_30,3.55
L0000055,2022-09,625.77,19.03,9.91,12.69,14,DPD_1_30,0.77
L0000055,2022-10,625.77,19.03,9.91,9.91,15,DPD_1_30,0.77
L0000055,2022-11,625.77,19.03,9.91,9.91,14,DPD_1_30,0.77
L0000055,2022-12,625.77,19.03,9.91,9.91,15,DPD_1_30,0.77
L0000055,2023-01,625.48,19.03,9.91,10.21,15,DPD_1_30,0.48
L0000055,2023-02,626.44,19.03,9.91,8.95,12,DPD_1_30,1.44
L0000055,2023-03,625.77,19.03,9.91,10.58,15,DPD_1_30,0.77
L0000055,2023-04,625.03,19.03,9.91,10.65,14,DPD_1_30,0.03
L0000055,2023-05,634.14,19.03,9.91,0.8,15,DPD_1_30,9.14
L0000055,2023-06,627.27,19.03,9.91,16.79,14,DPD_1_30,2.27
L0000055,2023-07,625.38,19.03,9.91,11.79,15,DPD_1_30,0.38
L0000055,2023-08,625.11,19.03,9.91,10.19,15,DPD_1_30,0.11
L0000055,2023-09,625.11,19.03,9.91,9.91,14,DPD_1_30,0.11
L0000055,2023-10,625.05,19.03,9.91,9.97,15,DPD_1_30,0.05
L0000055,2023-11,625.02,19.03,9.91,9.94,14,DPD_1_30,0.02
L0000055,2023-12,625.02,19.03,9.91,9.91,15,DPD_1_30,0.02
L0000055,2024-01,625.02,19.03,9.91,9.91,15,DPD_1_30,0.02
L0000055,2024-02,625.02,19.03,9.91,9.91,13,DPD_1_30,0.02
L0000055,2024-03,625.0,19.03,9.91,9.93,0,CURRENT,0.0
L0000055,2024-04,625.0,19.03,9.91,9.91,0,CURRENT,0.0
L0000055,2024-05,625.0,19.03,9.91,9.91,0,CURRENT,0.0
L0000055,2024-06,625.0,19.03,9.91,9.91,0,CURRENT,0.0
L0000055,2024-07,625.0,19.03,9.91,9.91,0,CURRENT,0.0
L0000055,2024-08,625.0,19.03,9.91,9.91,0,CURRENT,0.0
L0000055,2024-09,625.0,19.03,9.91,9.91,0,CURRENT,0.0
L0000055,2024-10,625.0,19.03,9.91,9.91,0,CURRENT,0.0
L0000055,2024-11,625.0,19.03,9.91,9.91,0,CURRENT,0.0
L0000055,2024-12,625.0,19.03,9.91,9.91,0,CURRENT,0.0
L0000055,2025-01,625.0,19.03,9.91,9.91,0,CURRENT,0.0
L0000055,2025-02,625.0,19.03,9.91,9.91,0,CURRENT,0.0
L0000055,2025-03,625.0,19.03,9.91,9.91,0,CURRENT,0.0
L0000055,2025-04,625.0,19.03,9.91,9.91,0,CURRENT,0.0
L0000055,2025-05,625.0,19.03,9.91,9.91,0,CURRENT,0.0
L0000055,2025-06,625.0,19.03,9.91,9.91,0,CURRENT,0.0
L0000055,2025-07,625.0,19.03,9.91,9.91,0,CURRENT,0.0
L0000055,2025-08,625.0,19.03,9.91,9.91,0,CURRENT,0.0
L0000055,2025-09,625.0,19.03,9.91,9.91,0,CURRENT,0.0
L0000055,2025-10,625.0,19.03,9.91,9.91,0,CURRENT,0.0
L0000055,2025-11,625.0,19.03,9.91,9.91,0,CURRENT,0.0
L0000055,2025-12,625.0,19.03,9.91,9.91,0,CURRENT,0.0
L0000055,2026-01,625.0,19.03,9.91,9.91,0,CURRENT,0.0
L0000055,2026-02,625.0,19.03,9.91,9.91,0,CURRENT,0.0
L0000055,2026-03,625.0,19.03,9.91,9.91,0,CURRENT,0.0
L0000055,2026-04,625.0,19.03,9.91,9.91,0,CURRENT,0.0
L0000055,2026-05,625.0,19.03,9.91,9.91,0,CURRENT,0.0
L0000055,2026-06,625.0,19.03,9.91,9.91,0,CURRENT,0.0
L0000055,2026-07,634.91,19.03,634.91,0.0,15,DPD_1_30,634.91
L0000055,2026-08,644.82,19.03,9.91,0.0,46,DPD_31_60,644.82
L0000055,2026-09,654.73,19.03,9.91,0.0,76,DPD_61_90,654.73
L0000055,2026-10,664.65,19.03,9.91,0.0,107,DPD_90_PLUS,664.65
L0000055,2026-11,674.56,19.03,9.91,0.0,137,DPD_90_PLUS,674.56
L0000055,2026-12,684.47,19.03,9.91,0.0,168,DPD_90_PLUS,684.47
L0000056,2021-07,250000.0,15.55,0.0,0.0,0,CURRENT,0.0
L0000056,2021-08,241052.49,15.55,12187.09,12187.09,0,CURRENT,0.0
L0000056,2021-09,231989.04,15.55,12187.09,12187.09,0,CURRENT,0.0
L0000056,2021-10,222808.14,15.55,12187.09,12187.09,0,CURRENT,0.0
L0000056,2021-11,213508.27,15.55,12187.09,12187.09,0,CURRENT,0.0
L0000056,2021-12,204087.89,15.55,12187.09,12187.09,0,CURRENT,0.0
L0000056,2022-01,194545.43,15.55,12187.09,12187.09,0,CURRENT,0.0
L0000056,2022-02,189264.17,15.55,12187.09,7802.24,4,DPD_1_30,4384.85
L0000056,2022-03,183600.43,15.55,12476.14,8116.29,7,DPD_1_30,8744.69
L0000056,2022-04,173199.98,15.55,12779.61,12779.61,6,DPD_1_30,8744.69
L0000056,2022-05,167540.93,15.55,12779.61,7903.43,37,DPD_31_60,13620.87
L0000056,2022-06,144972.71,15.55,12986.37,24710.18,6,DPD_1_30,1897.06
L0000056,2022-07,133680.48,15.55,12189.34,13170.84,7,DPD_1_30,915.56
L0000056,2022-08,123312.26,15.55,12100.5,12100.5,7,DPD_1_30,915.56
L0000056,2022-09,112809.68,15.55,12100.5,12100.5,6,DPD_1_30,915.56
L0000056,2022-10,102171.01,15.55,12100.5,12100.5,7,DPD_1_30,915.56
L0000056,2022-11,90485.75,15.55,12100.5,13009.23,6,DPD_1_30,6.82
L0000056,2022-12,79675.56,15.55,11980.18,11982.73,7,DPD_1_30,4.27
L0000056,2023-01,68724.92,15.55,11979.8,11983.1,7,DPD_1_30,0.96
L0000056,2023-02,61857.39,15.55,11979.22,7758.09,4,DPD_1_30,4222.09
L0000056,2023-03,49802.41,15.55,12856.55,12856.55,7,DPD_1_30,4222.09
L0000056,2023-04,43662.28,15.55,12856.55,6785.49,6,DPD_1_30,10293.15
L0000056,2023-05,19794.88,15.55,14932.91,24433.19,7,DPD_1_30,792.86
L0000056,2023-06,9650.53,15.55,10090.23,10400.85,6,DPD_1_30,482.24
L0000056,2023-07,209.34,15.55,9293.35,9566.25,7,DPD_1_30,209.34
L0000056,2023-08,99.16,15.55,2.71,112.88,38,DPD_31_60,99.16
L0000056,2023-09,0.0,15.55,1.25,100.41,0,CURRENT,0.0
L0000057,2023-06,74000.0,24.93,0.0,0.0,0,CURRENT,0.0
L0000057,2023-07,73086.61,24.93,2450.74,2450.74,0,CURRENT,0.0
L0000057,2023-08,72154.25,24.93,2450.74,2450.74,0,CURRENT,0.0
L0000057,2023-09,71202.51,24.93,2450.74,2450.74,0,CURRENT,0.0
L0000057,2023-10,70231.0,24.93,2450.74,2450.74,0,CURRENT,0.0
L0000057,2023-11,69239.31,24.93,2450.74,2450.74,0,CURRENT,0.0
L0000057,2023-12,68227.02,24.93,2450.74,2450.74,0,CURRENT,0.0
L0000057,2024-01,67193.7,24.93,2450.74,2450.74,0,CURRENT,0.0
L0000057,2024-02,66138.91,24.93,2450.74,2450.74,0,CURRENT,0.0
L0000057,2024-03,65062.2,24.93,2450.74,2450.74,0,CURRENT,0.0
L0000057,2024-04,63963.13,24.93,2450.74,2450.74,0,CURRENT,0.0
L0000057,2024-05,62841.23,24.93,2450.74,2450.74,0,CURRENT,0.0
L0000057,2024-06,61696.01,24.93,2450.74,2450.74,0,CURRENT,0.0
L0000057,2024-07,60527.01,24.93,2450.74,2450.74,0,CURRENT,0.0
L0000057,2024-08,59333.72,24.93,2450.74,2450.74,0,CURRENT,0.0
L0000057,2024-09,58115.64,24.93,2450.74,2450.74,0,CURRENT,0.0
L0000057,2024-10,56872.25,24.93,2450.74,2450.74,0,CURRENT,0.0
L0000057,2024-11,55603.03,24.93,2450.74,2450.74,0,CURRENT,0.0
L0000057,2024-12,54307.45,24.93,2450.74,2450.74,0,CURRENT,0.0
L0000057,2025-01,52984.94,24.93,2450.74,2450.74,0,CURRENT,0.0
L0000057,2025-02,51634.97,24.93,2450.74,2450.74,0,CURRENT,0.0
L0000057,2025-03,50256.95,24.93,2450.74,2450.74,0,CURRENT,0.0
L0000057,2025-04,48850.29,24.93,2450.74,2450.74,0,CURRENT,0.0
L0000057,2025-05,47414.42,24.93,2450.74,2450.74,0,CURRENT,0.0
L0000057,2025-06,45948.71,24.93,2450.74,2450.74,0,CURRENT,0.0
L0000057,2025-07,46903.3,24.93,2450.74,0.0,16,DPD_1_30,2450.74
L0000057,2025-08,43719.55,24.93,2533.22,4138.33,16,DPD_1_30,845.63
L0000057,2025-09,41334.12,24.93,2496.08,3293.7,15,DPD_1_30,48.01
L0000057,2025-10,39744.01,24.93,2448.83,2448.83,16,DPD_1_30,48.01
L0000057,2025-11,38081.29,24.93,2448.83,2488.4,15,DPD_1_30,8.44
L0000057,2025-12,36418.71,24.93,2446.29,2453.72,16,DPD_1_30,1.01
L0000057,2026-01,34728.68,24.93,2445.79,2446.63,16,DPD_1_30,0.17
L0000057,2026-02,33004.34,24.93,2445.73,2445.83,13,DPD_1_30,0.07
L0000057,2026-03,31244.25,24.93,2445.72,2445.76,16,DPD_1_30,0.03
L0000057,2026-04,29447.63,24.93,2445.72,2445.72,15,DPD_1_30,0.03
L0000057,2026-05,27613.68,24.93,2445.72,2445.72,16,DPD_1_30,0.03
L0000057,2026-06,25741.62,24.93,2445.72,2445.73,15,DPD_1_30,0.02
L0000057,2026-07,23830.69,24.93,2445.72,2445.72,16,DPD_1_30,0.02
L0000057,2026-08,21880.05,24.93,2445.72,2445.73,16,DPD_1_30,0.01
L0000057,2026-09,19888.88,24.93,2445.72,2445.73,0,CURRENT,0.0
L0000057,2026-10,17856.35,24.93,2445.72,2445.72,0,CURRENT,0.0
L0000057,2026-11,0.0,24.93,2445.72,18227.32,0,CURRENT,0.0
L0000058,2026-10,465000.0,19.84,0.0,0.0,0,CURRENT,0.0
L0000058,2026-11,458577.49,19.84,14110.51,14110.51,0,CURRENT,0.0
L0000058,2026-12,452048.8,19.84,14110.51,14110.51,0,CURRENT,0.0
L0000059,2021-08,0.0,18.85,0.0,900000.0,0,CURRENT,0.0
L0000060,2024-08,1260000.0,18.41,0.0,0.0,0,CURRENT,0.0
L0000060,2024-09,1247053.09,18.41,32277.41,32277.41,0,CURRENT,0.0
L0000060,2024-10,1248593.84,18.41,32277.41,17591.12,21,DPD_1_30,14686.29
L0000060,2024-11,1235104.44,18.41,32621.28,32621.28,20,DPD_1_30,14686.29
L0000060,2024-12,1233180.73,18.41,32630.37,20853.91,21,DPD_1_30,26462.76
L0000060,2025-01,1200630.08,18.41,32636.01,51273.89,21,DPD_1_30,7824.88
L0000060,2025-02,1186572.66,18.41,32477.08,32477.08,18,DPD_1_30,7824.88
L0000060,2025-03,1172299.58,18.41,32477.08,32477.08,21,DPD_1_30,7824.88
L0000060,2025-04,1150960.81,18.41,32477.08,39323.8,20,DPD_1_30,978.17
L0000060,2025-05,1136333.44,18.41,32285.03,32285.03,21,DPD_1_30,978.17
L0000060,2025-06,1120932.17,18.41,32285.03,32834.52,20,DPD_1_30,428.68
L0000060,2025-07,1105859.93,18.41,32269.21,32269.21,21,DPD_1_30,428.68
L0000060,2025-08,1122825.66,18.41,32269.21,0.0,52,DPD_31_60,32697.89
L0000060,2025-09,1079572.05,18.41,32722.04,60219.34,20,DPD_1_30,5200.59
L0000060,2025-10,1060702.35,18.41,32405.91,35432.13,21,DPD_1_30,2174.36
L0000060,2025-11,1043779.43,18.41,32313.71,33195.86,20,DPD_1_30,1292.21
L0000060,2025-12,1027506.32,18.41,32286.43,32286.43,21,DPD_1_30,1292.21
L0000060,2026-01,1019070.26,18.41,32286.43,24199.72,21,DPD_1_30,9378.92
L0000060,2026-02,998680.73,18.41,32544.68,36023.76,18,DPD_1_30,5899.84
L0000060,2026-03,976930.83,18.41,32431.7,37071.33,21,DPD_1_30,1260.2
L0000060,2026-04,959640.17,18.41,32278.4,32278.4,20,DPD_1_30,1260.2
L0000060,2026-05,941547.12,18.41,32278.4,32815.53,21,DPD_1_30,723.08
L0000060,2026-06,923033.14,18.41,32260.0,32958.88,20,DPD_1_30,24.2
L0000060,2026-07,904958.41,18.41,32235.59,32235.59,21,DPD_1_30,24.2
L0000060,2026-08,886606.39,18.41,32235.59,32235.59,21,DPD_1_30,24.2
L0000060,2026-09,867972.82,18.41,32235.59,32235.59,20,DPD_1_30,24.2
L0000060,2026-10,849031.18,18.41,32235.59,32257.79,21,DPD_1_30,2.0
L0000060,2026-11,829820.17,18.41,32234.75,32236.56,20,DPD_1_30,0.2
L0000060,2026-12,810316.12,18.41,32234.68,32234.88,0,CURRENT,0.0
L0000061,2025-04,270000.0,20.49,0.0,0.0,0,CURRENT,0.0
L0000061,2025-05,249535.57,20.49,25074.68,25074.68,0,CURRENT,0.0
L0000061,2025-06,228721.71,20.49,25074.68,25074.68,0,CURRENT,0.0
L0000061,2025-07,207552.46,20.49,25074.68,25074.68,0,CURRENT,0.0
L0000061,2025-08,186021.74,20.49,25074.68,25074.68,0,CURRENT,0.0
L0000061,2025-09,164123.38,20.49,25074.68,25074.68,0,CURRENT,0.0
L0000061,2025-10,141851.11,20.49,25074.68,25074.68,0,CURRENT,0.0
L0000061,2025-11,119198.54,20.49,25074.68,25074.68,0,CURRENT,0.0
L0000061,2025-12,96159.17,20.49,25074.68,25074.68,0,CURRENT,0.0
L0000061,2026-01,72726.41,20.49,25074.68,25074.68,0,CURRENT,0.0
L0000061,2026-02,48893.54,20.49,25074.68,25074.68,0,CURRENT,0.0
L0000061,2026-03,24653.72,20.49,25074.68,25074.68,0,CURRENT,0.0
L0000061,2026-04,0.0,20.49,25074.68,25074.68,0,CURRENT,0.0
L0000061,2026-05,0.27,20.49,0.0,0.0,0,CURRENT,0.0
L0000061,2026-06,0.27,20.49,0.0,0.0,0,CURRENT,0.0
L0000061,2026-07,0.27,20.49,0.0,0.0,0,CURRENT,0.0
L0000061,2026-08,0.27,20.49,0.0,0.0,0,CURRENT,0.0
L0000061,2026-09,0.27,20.49,0.0,0.0,0,CURRENT,0.0
L0000061,2026-10,0.0,20.49,0.0,0.27,0,CURRENT,0.0
L0000062,2026-05,110000.0,10.59,0.0,0.0,0,CURRENT,0.0
L0000062,2026-06,109748.67,10.59,1222.08,1222.08,0,CURRENT,0.0
L0000062,2026-07,109495.11,10.59,1222.08,1222.08,0,CURRENT,0.0
L0000062,2026-08,109239.33,10.59,1222.08,1222.08,0,CURRENT,0.0
L0000062,2026-09,108981.28,10.59,1222.08,1222.08,0,CURRENT,0.0
L0000062,2026-10,108720.96,10.59,1222.08,1222.08,0,CURRENT,0.0
L0000062,2026-11,108458.33,10.59,1222.08,1222.08,0,CURRENT,0.0
L0000062,2026-12,108193.4,10.59,1222.08,1222.08,0,CURRENT,0.0
L0000063,2023-04,1410000.0,18.05,0.0,0.0,0,CURRENT,0.0
L0000063,2023-05,1395365.65,18.05,35843.1,35843.1,0,CURRENT,0.0
L0000063,2023-06,1380511.18,18.05,35843.1,35843.1,0,CURRENT,0.0
L0000063,2023-07,1365433.28,18.05,35843.1,35843.1,0,CURRENT,0.0
L0000063,2023-08,1350128.57,18.05,35843.1,35843.1,0,CURRENT,0.0
L0000063,2023-09,1334593.66,18.05,35843.1,35843.1,0,CURRENT,0.0
L0000063,2023-10,1318600.14,17.4875,35442.44,35442.44,0,CURRENT,0.0
L0000063,2023-11,1302373.55,17.4875,35442.44,35442.44,0,CURRENT,0.0
L0000063,2023-12,1285910.49,17.4875,35442.44,35442.44,0,CURRENT,0.0
L0000063,2024-01,1269207.51,17.4875,35442.44,35442.44,0,CURRENT,0.0
L0000063,2024-02,1252261.12,17.4875,35442.44,35442.44,0,CURRENT,0.0
L0000063,2024-03,1249083.38,17.4875,35442.44,21426.84,7,DPD_1_30,14015.61
L0000063,2024-04,1220143.03,17.0188,35539.96,46655.22,6,DPD_1_30,2900.34
L0000063,2024-05,1205993.57,17.0188,35219.12,31453.89,7,DPD_1_30,6665.57
L0000063,2024-06,1185236.43,17.0188,35329.42,37860.89,6,DPD_1_30,4134.1
L0000063,2024-07,1163761.64,17.0188,35254.12,38284.16,7,DPD_1_30,1104.06
L0000063,2024-08,1145103.88,17.0188,35162.57,35162.57,7,DPD_1_30,1104.06
L0000063,2024-09,1126181.5,17.0188,35162.57,35162.57,6,DPD_1_30,1104.06
L0000063,2024-10,1106853.47,16.6438,34947.93,34947.93,7,DPD_1_30,1104.06
L0000063,2024-11,1086536.64,16.6438,34947.93,35668.66,6,DPD_1_30,383.34
L0000063,2024-12,1081737.6,16.6438,34924.77,19869.08,7,DPD_1_30,15439.03
L0000063,2025-01,0.0,16.6438,35417.71,1096741.08,0,CURRENT,0.0
L0000064,2024-01,395000.0,20.93,0.0,0.0,0,CURRENT,0.0
L0000064,2024-02,391218.93,20.93,10670.53,10670.53,0,CURRENT,0.0
L0000064,2024-03,387371.91,20.93,10670.53,10670.53,0,CURRENT,0.0
L0000064,2024-04,383457.79,20.93,10670.53,10670.53,0,CURRENT,0.0
L0000064,2024-05,379475.41,20.93,10670.53,10670.53,0,CURRENT,0.0
L0000064,2024-06,375423.56,20.93,10670.53,10670.53,0,CURRENT,0.0
L0000064,2024-07,371301.04,20.93,10670.53,10670.53,0,CURRENT,0.0
L0000064,2024-08,367106.62,20.93,10670.53,10670.53,0,CURRENT,0.0
L0000064,2024-09,362839.05,20.93,10670.53,10670.53,0,CURRENT,0.0
L0000064,2024-10,358497.03,20.93,10670.53,10670.53,0,CURRENT,0.0
L0000064,2024-11,354079.29,20.93,10670.53,10670.53,0,CURRENT,0.0
L0000064,2024-12,349584.5,20.93,10670.53,10670.53,0,CURRENT,0.0
L0000064,2025-01,345011.3,20.93,10670.53,10670.53,0,CURRENT,0.0
L0000064,2025-02,340358.35,20.93,10670.53,10670.53,0,CURRENT,0.0
L0000064,2025-03,335624.23,20.93,10670.53,10670.53,0,CURRENT,0.0
L0000064,2025-04,330807.55,20.93,10670.53,10670.53,0,CURRENT,0.0
L0000064,2025-05,325906.86,20.93,10670.53,10670.53,0,CURRENT,0.0
L0000064,2025-06,320920.69,20.93,10670.53,10670.53,0,CURRENT,0.0
L0000064,2025-07,315847.55,20.93,10670.53,10670.53,0,CURRENT,0.0
L0000064,2025-08,310685.93,20.93,10670.53,10670.53,0,CURRENT,0.0
L0000064,2025-09,305434.28,20.93,10670.53,10670.53,0,CURRENT,0.0
L0000064,2025-10,300091.03,20.93,10670.53,10670.53,0,CURRENT,0.0
L0000064,2025-11,294654.59,20.93,10670.53,10670.53,0,CURRENT,0.0
L0000064,2025-12,289123.33,20.93,10670.53,10670.53,0,CURRENT,0.0
L0000064,2026-01,283495.59,20.93,10670.53,10670.53,0,CURRENT,0.0
L0000064,2026-02,277769.7,20.93,10670.53,10670.53,0,CURRENT,0.0
L0000064,2026-03,271943.93,20.93,10670.53,10670.53,0,CURRENT,0.0
L0000064,2026-04,266016.56,20.93,10670.53,10670.53,0,CURRENT,0.0
L0000064,2026-05,259985.8,20.93,10670.53,10670.53,0,CURRENT,0.0
L0000064,2026-06,253849.86,20.93,10670.53,10670.53,0,CURRENT,0.0
L0000064,2026-07,247606.9,20.93,10670.53,10670.53,0,CURRENT,0.0
L0000064,2026-08,241255.04,20.93,10670.53,10670.53,0,CURRENT,0.0
L0000064,2026-09,234792.4,20.93,10670.53,10670.53,0,CURRENT,0.0
L0000064,2026-10,228217.05,20.93,10670.53,10670.53,0,CURRENT,0.0
L0000064,2026-11,221527.0,20.93,10670.53,10670.53,0,CURRENT,0.0
L0000064,2026-12,214720.27,20.93,10670.53,10670.53,0,CURRENT,0.0
L0000065,2025-05,110000.0,20.29,0.0,0.0,0,CURRENT,0.0
L0000065,2025-06,106245.78,20.29,5614.13,5614.13,0,CURRENT,0.0
L0000065,2025-07,102428.09,20.29,5614.13,5614.13,0,CURRENT,0.0
L0000065,2025-08,98545.84,20.29,5614.13,5614.13,0,CURRENT,0.0
L0000065,2025-09,94597.95,20.29,5614.13,5614.13,0,CURRENT,0.0
L0000065,2025-10,90583.31,20.29,5614.13,5614.13,0,CURRENT,0.0
L0000065,2025-11,86500.79,20.29,5614.13,5614.13,0,CURRENT,0.0
L0000065,2025-12,82349.24,20.29,5614.13,5614.13,0,CURRENT,0.0
L0000065,2026-01,78127.49,20.29,5614.13,5614.13,0,CURRENT,0.0
L0000065,2026-02,73834.37,20.29,5614.13,5614.13,0,CURRENT,0.0
L0000065,2026-03,69468.65,20.29,5614.13,5614.13,0,CURRENT,0.0
L0000065,2026-04,65029.11,20.29,5614.13,5614.13,0,CURRENT,0.0
L0000065,2026-05,60514.51,20.29,5614.13,5614.13,0,CURRENT,0.0
L0000065,2026-06,55923.58,20.29,5614.13,5614.13,0,CURRENT,0.0
L0000065,2026-07,51255.02,20.29,5614.13,5614.13,0,CURRENT,0.0
L0000065,2026-08,46507.52,20.29,5614.13,5614.13,0,CURRENT,0.0
L0000065,2026-09,0.0,20.29,5614.13,47293.88,0,CURRENT,0.0
L0000066,2026-12,955000.0,18.06,0.0,0.0,0,CURRENT,0.0
L0000067,2023-07,765000.0,23.13,0.0,0.0,0,CURRENT,0.0
L0000067,2023-08,729042.96,23.13,50702.42,50702.42,0,CURRENT,0.0
L0000067,2023-09,718713.87,23.13,50702.42,24381.39,6,DPD_1_30,26321.03
L0000067,2023-10,679937.23,23.13,52629.85,52629.85,7,DPD_1_30,26321.03
L0000067,2023-11,631086.66,23.13,52629.85,61956.36,6,DPD_1_30,16994.52
L0000067,2023-12,583577.72,23.13,51863.39,59673.14,7,DPD_1_30,9184.77
L0000067,2024-01,543647.69,23.13,51178.49,51178.49,7,DPD_1_30,9184.77
L0000067,2024-02,502948.01,23.13,51178.49,51178.49,5,DPD_1_30,9184.77
L0000067,2024-03,457947.73,23.13,51178.49,54694.6,7,DPD_1_30,5668.66
L0000067,2024-04,411037.4,23.13,50788.54,55737.27,6,DPD_1_30,719.92
L0000067,2024-05,418960.15,23.13,50184.34,0.0,37,DPD_31_60,50904.26
L0000067,2024-06,370947.45,23.13,55935.44,55935.44,6,DPD_1_30,50904.26
L0000067,2024-07,340999.05,23.13,56710.66,37042.68,37,DPD_31_60,70572.23
L0000067,2024-08,287970.21,23.13,59464.85,59464.85,38,DPD_31_60,70572.23
L0000067,2024-09,204162.08,23.13,59604.22,89234.7,6,DPD_1_30,40941.75
L0000067,2024-10,199873.89,23.13,53523.51,8223.42,37,DPD_31_60,86241.84
L0000067,2024-11,203650.61,23.13,67846.72,0.0,67,DPD_61_90,154088.57
L0000067,2024-12,35686.09,23.13,49513.76,171741.23,7,DPD_1_30,31861.09
L0000067,2025-01,19680.35,23.13,687.85,16693.59,38,DPD_31_60,15855.35
L0000067,2025-02,20046.43,23.13,366.08,0.0,66,DPD_61_90,16221.43
L0000067,2025-03,20046.43,23.13,366.08,366.08,97,DPD_90_PLUS,16221.43
L0000067,2025-04,11953.76,23.13,359.02,8451.7,127,DPD_90_PLUS,8128.76
L0000067,2025-05,6846.75,23.13,196.12,5303.13,158,DPD_90_PLUS,3021.75
L0000067,2025-06,6874.08,23.13,93.9,66.57,188,DPD_90_PLUS,3049.08
L0000067,2025-07,4771.5,23.13,92.62,2195.2,129,DPD_90_PLUS,946.5
L0000067,2025-08,4771.5,23.13,73.73,73.73,160,DPD_90_PLUS,946.5
L0000067,2025-09,4370.25,23.13,73.73,474.97,159,DPD_90_PLUS,545.25
L0000067,2025-10,4370.25,23.13,73.73,73.73,160,DPD_90_PLUS,545.25
L0000067,2025-11,4370.25,23.13,73.73,73.73,190,DPD_90_PLUS,545.25
L0000067,2025-12,3851.71,23.13,73.73,592.27,7,DPD_1_30,26.71
L0000067,2026-01,3851.71,23.13,73.73,73.73,7,DPD_1_30,26.71
L0000067,2026-02,3851.71,23.13,73.73,73.73,4,DPD_1_30,26.71
L0000067,2026-03,3828.25,23.13,73.73,97.19,7,DPD_1_30,3.25
L0000067,2026-04,3827.06,23.13,73.73,74.92,6,DPD_1_30,2.06
L0000067,2026-05,3825.04,23.13,73.73,75.75,7,DPD_1_30,0.04
L0000067,2026-06,3825.0,23.13,73.73,73.76,0,CURRENT,0.0
L0000067,2026-07,3898.73,23.13,3898.73,0.0,7,DPD_1_30,3898.73
L0000067,2026-08,3972.45,23.13,73.73,0.0,38,DPD_31_60,3972.45
L0000067,2026-09,4046.18,23.13,73.73,0.0,68,DPD_61_90,4046.18
L0000067,2026-10,4119.91,23.13,73.73,0.0,99,DPD_90_PLUS,4119.91
L0000067,2026-11,4193.63,23.13,73.73,0.0,129,DPD_90_PLUS,4193.63
L0000067,2026-12,4267.36,23.13,73.73,0.0,160,DPD_90_PLUS,4267.36
L0000068,2025-11,0.0,13.21,0.0,8560000.0,0,CURRENT,0.0
L0000070,2021-01,99093.83,21.71,9510.15,12178.25,0,CURRENT,0.0
L0000070,2021-02,91625.8,21.71,9260.8,9260.8,0,CURRENT,0.0
L0000070,2021-03,84022.67,21.71,9260.8,9260.8,0,CURRENT,0.0
L0000070,2021-04,76281.98,21.71,9260.8,9260.8,0,CURRENT,0.0
L0000070,2021-05,68401.24,21.71,9260.8,9260.8,0,CURRENT,0.0
L0000070,2021-06,60377.93,21.71,9260.8,9260.8,0,CURRENT,0.0
L0000070,2021-07,52209.47,21.71,9260.8,9260.8,0,CURRENT,0.0
L0000070,2021-08,43893.23,21.71,9260.8,9260.8,0,CURRENT,0.0
L0000070,2021-09,35426.53,21.71,9260.8,9260.8,0,CURRENT,0.0
L0000070,2021-10,26806.65,21.71,9260.8,9260.8,0,CURRENT,0.0
L0000070,2021-11,18030.83,21.71,9260.8,9260.8,0,CURRENT,0.0
L0000070,2021-12,9096.23,21.71,9260.8,9260.8,0,CURRENT,0.0
L0000070,2022-01,0.0,21.71,9260.8,9260.8,0,CURRENT,0.0
L0000070,2022-02,0.25,21.71,0.0,0.0,0,CURRENT,0.0
L0000070,2022-03,0.25,21.71,0.0,0.0,0,CURRENT,0.0
L0000070,2022-04,0.25,21.71,0.0,0.0,0,CURRENT,0.0
L0000070,2022-05,0.25,21.71,0.0,0.0,0,CURRENT,0.0
L0000070,2022-06,0.25,21.71,0.0,0.0,0,CURRENT,0.0
L0000070,2022-07,0.25,21.71,0.0,0.0,0,CURRENT,0.0
L0000070,2022-08,0.25,21.71,0.0,0.0,0,CURRENT,0.0
L0000070,2022-09,0.25,21.71,0.0,0.0,0,CURRENT,0.0
L0000070,2022-10,0.25,21.71,0.0,0.0,0,CURRENT,0.0
L0000070,2022-11,0.0,21.71,0.0,0.25,0,CURRENT,0.0
L0000071,2021-06,69000.0,17.74,0.0,0.0,0,CURRENT,0.0
L0000071,2021-07,65626.0,17.74,4394.05,4394.05,0,CURRENT,0.0
L0000071,2021-08,62202.12,17.74,4394.05,4394.05,0,CURRENT,0.0
L0000071,2021-09,63121.67,17.74,4394.05,0.0,9,DPD_1_30,4394.05
L0000071,2021-10,59387.21,17.74,4654.02,4654.02,10,DPD_1_30,4394.05
L0000071,2021-11,55580.69,17.74,4674.71,4674.71,9,DPD_1_30,4394.05
L0000071,2021-12,47817.27,17.74,4680.84,8576.4,10,DPD_1_30,498.49
L0000071,2022-01,43836.29,17.74,4377.97,4687.87,10,DPD_1_30,188.59
L0000071,2022-02,40064.52,17.74,4347.24,4419.83,7,DPD_1_30,116.0
L0000071,2022-03,36249.47,17.74,4339.38,4407.33,10,DPD_1_30,48.05
L0000071,2022-04,32412.67,17.74,4331.26,4372.68,9,DPD_1_30,6.62
L0000071,2022-05,28563.29,17.74,4325.73,4328.55,10,DPD_1_30,3.8
L0000071,2022-06,24660.25,17.74,4325.3,4325.3,9,DPD_1_30,3.8
L0000071,2022-07,24789.43,17.74,4325.3,235.38,10,DPD_1_30,4093.72
L0000071,2022-08,17734.07,17.74,5152.13,7419.86,10,DPD_1_30,1825.99
L0000071,2022-09,13397.66,17.74,4598.58,4598.58,9,DPD_1_30,1825.99
L0000071,2022-10,7401.77,17.74,4598.58,6193.96,10,DPD_1_30,230.61
L0000071,2022-11,3728.04,17.74,3783.15,3783.15,9,DPD_1_30,230.61
L0000071,2022-12,575.61,17.74,3207.54,3207.54,10,DPD_1_30,230.61
L0000071,2023-01,584.12,17.74,8.51,0.0,41,DPD_31_60,239.12
L0000071,2023-02,488.07,17.74,8.51,104.56,69,DPD_61_90,143.07
L0000071,2023-03,373.17,17.74,6.96,121.87,100,DPD_90_PLUS,28.17
L0000071,2023-04,373.17,17.74,5.16,5.16,99,DPD_90_PLUS,28.17
L0000071,2023-05,373.17,17.74,5.1,5.1,130,DPD_90_PLUS,28.17
L0000071,2023-06,362.06,17.74,5.1,16.2,101,DPD_90_PLUS,17.06
L0000071,2023-07,352.23,17.74,5.1,14.93,40,DPD_31_60,7.23
L0000071,2023-08,347.7,17.74,5.1,9.63,10,DPD_1_30,2.7
L0000071,2023-09,345.66,17.74,5.1,7.15,9,DPD_1_30,0.66
L0000071,2023-10,345.66,17.74,5.1,5.1,10,DPD_1_30,0.66
L0000071,2023-11,345.29,17.74,5.1,5.47,9,DPD_1_30,0.29
L0000071,2023-12,345.29,17.74,5.1,5.1,10,DPD_1_30,0.29
L0000071,2024-01,345.01,17.74,5.1,5.37,10,DPD_1_30,0.01
L0000071,2024-02,347.53,17.74,5.1,2.58,8,DPD_1_30,2.53
L0000071,2024-03,345.29,17.74,5.1,7.34,10,DPD_1_30,0.29
L0000071,2024-04,345.12,17.74,5.1,5.27,9,DPD_1_30,0.12
L0000071,2024-05,345.07,17.74,5.1,5.14,10,DPD_1_30,0.07
L0000071,2024-06,345.07,17.74,5.1,5.1,9,DPD_1_30,0.07
L0000071,2024-07,345.04,17.74,5.1,5.13,10,DPD_1_30,0.04
L0000071,2024-08,345.04,17.74,5.1,5.1,10,DPD_1_30,0.04
L0000071,2024-09,345.04,17.74,5.1,5.1,9,DPD_1_30,0.04
L0000071,2024-10,345.01,17.74,5.1,5.13,10,DPD_1_30,0.01
L0000071,2024-11,345.0,17.74,5.1,5.11,0,CURRENT,0.0
L0000071,2024-12,345.0,17.74,5.1,5.1,0,CURRENT,0.0
L0000071,2025-01,345.0,17.74,5.1,5.1,0,CURRENT,0.0
L0000071,2025-02,345.0,17.74,5.1,5.1,0,CURRENT,0.0
L0000071,2025-03,345.0,17.74,5.1,5.1,0,CURRENT,0.0
L0000071,2025-04,345.0,17.74,5.1,5.1,0,CURRENT,0.0
L0000071,2025-05,345.0,17.74,5.1,5.1,0,CURRENT,0.0
L0000071,2025-06,345.0,17.74,5.1,5.1,0,CURRENT,0.0
L0000071,2025-07,345.0,17.74,5.1,5.1,0,CURRENT,0.0
L0000071,2025-08,350.1,17.74,350.1,0.0,10,DPD_1_30,350.1
L0000071,2025-09,355.2,17.74,5.1,0.0,40,DPD_31_60,355.2
L0000071,2025-10,360.3,17.74,5.1,0.0,71,DPD_61_90,360.3
L0000071,2025-11,365.4,17.74,5.1,0.0,101,DPD_90_PLUS,365.4
L0000071,2025-12,370.5,17.74,5.1,0.0,132,DPD_90_PLUS,370.5
L0000071,2026-01,375.6,17.74,5.1,0.0,163,DPD_90_PLUS,375.6
L0000072,2021-12,17650000.0,15.05,0.0,0.0,0,CURRENT,0.0
L0000072,2022-01,17644608.88,15.05,226751.54,226751.54,0,CURRENT,0.0
L0000072,2022-02,17865901.68,15.05,226751.54,0.0,21,DPD_1_30,226751.54
L0000072,2022-03,17948399.67,15.05,226821.71,138794.82,52,DPD_31_60,314778.43
L0000072,2022-04,17942799.67,15.05,226892.81,226892.81,54,DPD_31_60,314778.43
L0000072,2022-05,17937129.38,15.05,226894.62,226894.62,54,DPD_31_60,314778.43
L0000072,2022-06,17994905.44,15.05,226896.44,163378.95,54,DPD_31_60,378295.93
L0000072,2022-07,17989091.94,15.05,226898.26,226898.26,54,DPD_31_60,378295.93
L0000072,2022-08,18210105.59,15.05,226900.11,0.0,85,DPD_61_90,605196.04
L0000072,2022-09,18204143.32,15.05,226975.93,226975.93,85,DPD_61_90,605196.04
L0000072,2022-10,18425084.96,15.05,226978.77,0.0,116,DPD_90_PLUS,832174.81
L0000072,2022-11,18467407.14,15.05,227056.58,178619.46,115,DPD_90_PLUS,880611.93
L0000072,2022-12,18461215.41,15.05,227060.47,227060.47,115,DPD_90_PLUS,880611.93
L0000072,2023-01,18682010.31,15.05,227064.41,0.0,146,DPD_90_PLUS,1107676.33
L0000072,2023-02,18675659.93,15.05,227145.3,227145.3,144,DPD_90_PLUS,1107676.33
L0000072,2023-03,17955683.21,15.05,227150.31,940696.84,52,DPD_31_60,394129.8
L0000072,2023-04,18176094.65,15.05,226915.53,0.0,82,DPD_61_90,621045.33
L0000072,2023-05,18169506.55,15.05,226999.54,226999.54,85,DPD_61_90,621045.33
L0000072,2023-06,18162835.73,15.05,227002.61,227002.61,84,DPD_61_90,621045.33
L0000072,2023-07,17815607.72,15.05,227005.72,567479.16,54,DPD_31_60,280571.89
L0000072,2023-08,18035694.67,15.05,226923.77,0.0,85,DPD_61_90,507495.66
L0000072,2023-09,18067513.01,15.05,227012.21,188268.61,85,DPD_61_90,546239.26
L0000072,2023-10,18060500.79,15.05,227015.51,227015.51,85,DPD_61_90,546239.26
L0000072,2023-11,18261353.97,15.05,227018.84,19065.4,115,DPD_90_PLUS,754192.71
L0000072,2023-12,18481272.55,15.05,227110.8,0.0,146,DPD_90_PLUS,981303.51
L0000072,2024-01,18584148.71,15.05,227203.99,117042.41,146,DPD_90_PLUS,1091465.09
L0000072,2024-02,18576771.73,15.05,227209.81,227209.81,145,DPD_90_PLUS,1091465.09
L0000072,2024-03,18569302.04,15.05,227215.67,227215.67,145,DPD_90_PLUS,1091465.09
L0000072,2024-04,18788960.07,15.05,227221.6,0.0,175,DPD_90_PLUS,1318686.7
L0000072,2024-05,19008618.1,15.05,227319.77,0.0,206,DPD_90_PLUS,1546006.47
L0000072,2024-06,19107826.29,15.05,227419.26,120449.84,236,DPD_90_PLUS,1652975.88
L0000072,2024-07,19327484.32,15.05,227520.08,0.0,267,DPD_90_PLUS,1880495.96
L0000072,2024-08,19547142.35,15.05,227622.26,0.0,298,DPD_90_PLUS,2108118.22
L0000072,2024-09,19766800.38,15.05,227725.81,0.0,328,DPD_90_PLUS,2335844.03
L0000072,2024-10,19758627.65,15.05,227830.76,227830.76,329,DPD_90_PLUS,2335844.03
L0000072,2024-11,19750351.92,15.05,227844.72,227844.72,328,DPD_90_PLUS,2335844.03
L0000072,2024-12,19741971.87,15.05,227858.82,227858.82,328,DPD_90_PLUS,2335844.03
L0000072,2025-01,19733486.2,15.05,227873.08,227873.08,330,DPD_90_PLUS,2335844.03
L0000072,2025-02,19724893.55,15.05,227887.53,227887.53,327,DPD_90_PLUS,2335844.03
L0000072,2025-03,19944094.76,15.05,227902.18,0.0,358,DPD_90_PLUS,2563746.2
L0000072,2025-04,19935280.27,15.05,228015.69,228015.69,358,DPD_90_PLUS,2563746.2
L0000072,2025-05,20001440.92,15.05,228032.02,152945.7,358,DPD_90_PLUS,2638832.52
L0000072,2025-06,20050296.37,15.05,228048.52,170154.8,358,DPD_90_PLUS,2696726.24
L0000072,2025-07,20041144.08,15.05,228065.21,228065.21,358,DPD_90_PLUS,2696726.24
L0000072,2025-08,17759533.11,15.05,228082.07,2500425.29,55,DPD_31_60,424383.03
L0000072,2025-09,17977175.8,15.05,226981.4,0.0,85,DPD_61_90,651364.43
L0000072,2025-10,17967714.88,15.05,227103.62,227103.62,85,DPD_61_90,651364.43
L0000072,2025-11,18022036.4,15.05,227107.66,163206.38,115,DPD_90_PLUS,715265.71
L0000072,2025-12,18087898.73,15.05,227233.16,151665.57,115,DPD_90_PLUS,790833.3
L0000072,2026-01,18078071.51,15.05,227238.9,227238.9,116,DPD_90_PLUS,790833.3
L0000072,2026-02,18295366.06,15.05,227245.31,0.0,144,DPD_90_PLUS,1018078.61
L0000072,2026-03,18497778.55,15.05,227375.9,14882.06,175,DPD_90_PLUS,1230572.45
L0000072,2026-04,18487564.83,15.05,227508.28,227508.28,174,DPD_90_PLUS,1230572.45
L0000072,2026-05,18704740.72,15.05,227518.17,0.0,205,DPD_90_PLUS,1458090.61
L0000072,2026-06,17408725.31,15.05,227654.13,1513191.3,23,DPD_1_30,172553.44
L0000072,2026-07,17625027.05,15.05,304551.74,0.0,54,DPD_31_60,477105.18
L0000072,2026-08,17841328.79,15.05,227014.26,0.0,85,DPD_61_90,704119.44
L0000072,2026-09,18057630.52,15.05,227155.35,0.0,115,DPD_90_PLUS,931274.79
L0000072,2026-10,18273932.26,15.05,227298.4,0.0,146,DPD_90_PLUS,1158573.19
L0000072,2026-11,18490234.0,15.05,227443.42,0.0,176,DPD_90_PLUS,1386016.61
L0000072,2026-12,18706535.73,15.05,227590.44,0.0,207,DPD_90_PLUS,1613607.05
L0000073,2023-02,7000.0,15.48,0.0,0.0,0,CURRENT,0.0
L0000073,2023-03,6456.91,15.48,633.39,633.39,0,CURRENT,0.0
L0000073,2023-04,5906.8,15.48,633.39,633.39,0,CURRENT,0.0
L0000073,2023-05,5349.61,15.48,633.39,633.39,0,CURRENT,0.0
L0000073,2023-06,4785.22,15.48,633.39,633.39,0,CURRENT,0.0
L0000073,2023-07,4213.56,15.48,633.39,633.39,0,CURRENT,0.0
L0000073,2023-08,3634.42,15.41,633.25,633.25,0,CURRENT,0.0
L0000073,2023-09,3047.84,15.41,633.25,633.25,0,CURRENT,0.0
L0000073,2023-10,2453.73,15.41,633.25,633.25,0,CURRENT,0.0
L0000073,2023-11,1851.98,15.41,633.25,633.25,0,CURRENT,0.0
L0000073,2023-12,1242.52,15.41,633.25,633.25,0,CURRENT,0.0
L0000073,2024-01,625.22,15.41,633.25,633.25,0,CURRENT,0.0
L0000073,2024-02,0.0,15.3342,633.21,633.21,0,CURRENT,0.0
L0000073,2024-03,0.01,15.3342,0.0,0.0,0,CURRENT,0.0
L0000073,2024-04,0.01,15.3342,0.0,0.0,0,CURRENT,0.0
L0000073,2024-05,0.01,15.3342,0.0,0.0,0,CURRENT,0.0
L0000073,2024-06,0.01,15.3342,0.0,0.0,0,CURRENT,0.0
L0000073,2024-07,0.01,15.3342,0.0,0.0,0,CURRENT,0.0
L0000073,2024-08,0.0,15.2292,0.0,0.01,0,CURRENT,0.0
L0000074,2024-09,4000.0,14.99,0.0,0.0,0,CURRENT,0.0
L0000074,2024-10,3688.95,14.99,361.01,361.01,0,CURRENT,0.0
L0000074,2024-11,3374.02,14.99,361.01,361.01,0,CURRENT,0.0
L0000074,2024-12,3055.15,14.99,361.01,361.01,0,CURRENT,0.0
L0000074,2025-01,2732.3,14.99,361.01,361.01,0,CURRENT,0.0
L0000074,2025-02,2405.42,14.99,361.01,361.01,0,CURRENT,0.0
L0000074,2025-03,2074.45,14.99,361.01,361.01,0,CURRENT,0.0
L0000074,2025-04,1739.35,14.99,361.01,361.01,0,CURRENT,0.0
L0000074,2025-05,1400.06,14.99,361.01,361.01,0,CURRENT,0.0
L0000074,2025-06,1056.54,14.99,361.01,361.01,0,CURRENT,0.0
L0000074,2025-07,1020.61,14.99,361.01,49.13,14,DPD_1_30,311.88
L0000074,2025-08,223.23,14.99,519.88,810.12,14,DPD_1_30,21.65
L0000074,2025-09,0.0,14.99,204.37,226.02,0,CURRENT,0.0
L0000075,2026-07,360000.0,19.38,0.0,0.0,0,CURRENT,0.0
L0000075,2026-08,352548.56,19.38,13265.44,13265.44,0,CURRENT,0.0
L0000075,2026-09,344976.79,19.38,13265.44,13265.44,0,CURRENT,0.0
L0000075,2026-10,337282.73,19.38,13265.44,13265.44,0,CURRENT,0.0
L0000075,2026-11,329464.41,19.38,13265.44,13265.44,0,CURRENT,0.0
L0000075,2026-12,321519.82,19.38,13265.44,13265.44,0,CURRENT,0.0
L0000076,2026-08,0.0,17.86,0.0,105000.0,0,CURRENT,0.0
L0000078,2022-07,120000.0,21.71,0.0,0.0,0,CURRENT,0.0
L0000078,2022-08,114300.42,21.71,7870.58,7870.58,0,CURRENT,0.0
L0000078,2022-09,108497.73,21.71,7870.58,7870.58,0,CURRENT,0.0
L0000078,2022-10,104912.81,21.71,7870.58,5547.82,11,DPD_1_30,2322.76
L0000078,2022-11,98762.08,21.71,8048.78,8048.78,10,DPD_1_30,2322.76
L0000078,2022-12,92500.07,21.71,8048.78,8048.78,11,DPD_1_30,2322.76
L0000078,2023-01,94173.55,21.71,8048.78,0.0,42,DPD_31_60,10371.54
L0000078,2023-02,80213.89,21.71,8644.58,15633.14,8,DPD_1_30,3382.98
L0000078,2023-03,72178.28,21.71,8107.38,9486.82,11,DPD_1_30,2003.54
L0000078,2023-04,65528.76,21.71,7955.34,7955.34,10,DPD_1_30,2003.54
L0000078,2023-05,57948.69,21.71,7955.34,8765.6,11,DPD_1_30,1193.28
L0000078,2023-06,50090.83,21.71,7845.64,8906.25,10,DPD_1_30,132.66
L0000078,2023-07,43314.1,21.71,7682.96,7682.96,11,DPD_1_30,132.66
L0000078,2023-08,36353.01,21.71,7682.96,7744.71,11,DPD_1_30,70.92
L0000078,2023-09,29340.77,21.71,7669.93,7669.93,10,DPD_1_30,70.92
L0000078,2023-10,22201.66,21.71,7669.93,7669.93,11,DPD_1_30,70.92
L0000078,2023-11,14896.31,21.71,7669.93,7707.02,10,DPD_1_30,33.83
L0000078,2023-12,7490.31,21.71,7650.88,7675.5,11,DPD_1_30,9.21
L0000078,2024-01,5.63,21.71,7616.61,7620.18,11,DPD_1_30,5.63
L0000078,2024-02,2.97,21.71,0.1,2.76,40,DPD_31_60,2.97
L0000078,2024-03,2.97,21.71,0.05,0.05,71,DPD_61_90,2.97
L0000078,2024-04,2.97,21.71,0.05,0.05,101,DPD_90_PLUS,2.97
L0000078,2024-05,0.44,21.71,0.05,2.58,132,DPD_90_PLUS,0.44
L0000078,2024-06,0.21,21.71,0.0,0.24,131,DPD_90_PLUS,0.21
L0000078,2024-07,0.33,21.71,0.0,0.0,162,DPD_90_PLUS,0.21
L0000078,2024-08,0.0,21.71,0.0,0.33,0,CURRENT,0.0
L0000079,2025-03,0.0,22.18,0.0,200000.0,0,CURRENT,0.0
L0000080,2025-01,840000.0,17.31,0.0,0.0,0,CURRENT,0.0
L0000080,2025-02,810460.27,17.31,41656.73,41656.73,0,CURRENT,0.0
L0000080,2025-03,780494.43,17.31,41656.73,41656.73,0,CURRENT,0.0
L0000080,2025-04,750096.33,17.31,41656.73,41656.73,0,CURRENT,0.0
L0000080,2025-05,719259.73,17.31,41656.73,41656.73,0,CURRENT,0.0
L0000080,2025-06,729635.06,17.31,41656.73,0.0,21,DPD_1_30,41656.73
L0000080,2025-07,714149.71,17.31,43550.8,25860.67,52,DPD_31_60,59346.87
L0000080,2025-08,657547.82,17.31,44673.73,66753.84,22,DPD_1_30,37266.76
L0000080,2025-09,588173.97,17.31,43709.18,78819.38,21,DPD_1_30,2156.56
L0000080,2025-10,553428.23,17.31,41429.46,43230.15,22,DPD_1_30,355.87
L0000080,2025-11,519894.21,17.31,41295.1,41517.22,21,DPD_1_30,133.74
L0000080,2025-12,527393.68,17.31,41277.46,0.0,52,DPD_31_60,41411.21
L0000080,2026-01,490747.51,17.31,44145.64,44145.64,22,DPD_1_30,41411.21
L0000080,2026-02,432911.28,17.31,44395.44,64846.53,19,DPD_1_30,20960.11
L0000080,2026-03,400556.76,17.31,42843.07,38599.27,22,DPD_1_30,25203.91
L0000080,2026-04,0.0,17.31,43301.84,406334.79,0,CURRENT,0.0
L0000081,2026-10,565000.0,20.43,0.0,0.0,0,CURRENT,0.0
L0000081,2026-11,557296.26,20.43,17322.86,17322.86,0,CURRENT,0.0
L0000081,2026-12,549461.37,20.43,17322.86,17322.86,0,CURRENT,0.0
L0000082,2025-08,310000.0,23.98,0.0,0.0,0,CURRENT,0.0
L0000082,2025-09,306407.74,23.98,55339.89,9787.1,10,DPD_1_30,45552.79
L0000082,2025-10,247526.95,23.98,65003.83,65003.83,11,DPD_1_30,45552.79
L0000082,2025-11,216492.28,23.98,65003.83,35981.09,41,DPD_31_60,74575.53
L0000082,2025-12,147367.53,23.98,73352.14,73352.14,41,DPD_31_60,74575.53
L0000082,2026-01,76505.49,23.98,73722.46,73722.46,42,DPD_31_60,74575.53
L0000082,2026-02,77612.49,23.98,1851.64,364.67,70,DPD_61_90,76062.49
L0000082,2026-03,77612.49,23.98,1464.39,1464.39,70,DPD_61_90,76062.49
L0000082,2026-04,77612.49,23.98,1454.63,1454.63,100,DPD_90_PLUS,76062.49
L0000082,2026-05,77612.49,23.98,1454.63,1454.63,131,DPD_90_PLUS,76062.49
L0000082,2026-06,30364.27,23.98,1434.15,48682.37,161,DPD_90_PLUS,28814.27
L0000082,2026-07,6514.33,23.98,461.31,24311.24,133,DPD_90_PLUS,4964.33
L0000082,2026-08,2046.26,23.98,30.97,4499.05,72,DPD_61_90,496.26
L0000082,2026-09,1569.73,23.98,30.97,507.51,10,DPD_1_30,19.73
L0000082,2026-10,1600.7,23.98,1580.97,0.0,41,DPD_31_60,1600.7
L0000082,2026-11,1631.67,23.98,30.97,0.0,71,DPD_61_90,1631.67
L0000082,2026-12,1662.65,23.98,30.97,0.0,102,DPD_90_PLUS,1662.65
L0000083,2024-08,1200000.0,17.73,0.0,0.0,0,CURRENT,0.0
L0000083,2024-09,1174509.49,17.73,43220.51,43220.51,0,CURRENT,0.0
L0000083,2024-10,1162791.16,17.73,43220.51,29071.71,12,DPD_1_30,14148.81
L0000083,2024-11,1129414.16,17.73,43752.9,50557.24,11,DPD_1_30,7344.47
L0000083,2024-12,1102610.38,17.73,43490.88,43490.88,12,DPD_1_30,7344.47
L0000083,2025-01,1075410.57,17.73,43490.88,43490.88,12,DPD_1_30,7344.47
L0000083,2025-02,1047682.67,17.3862,43309.02,43309.02,9,DPD_1_30,7344.47
L0000083,2025-03,1016356.03,17.3862,43309.02,46506.03,12,DPD_1_30,4147.46
L0000083,2025-04,984297.49,17.3862,43173.22,46784.06,11,DPD_1_30,536.62
L0000083,2025-05,955158.43,17.3862,43015.42,43400.1,12,DPD_1_30,151.94
L0000083,2025-06,925919.0,17.3862,42998.1,43078.29,11,DPD_1_30,71.76
L0000083,2025-07,939334.21,17.3862,42994.38,0.0,42,DPD_31_60,43066.14
L0000083,2025-08,908275.34,17.1987,44329.42,44329.42,12,DPD_1_30,43066.14
L0000083,2025-09,921120.91,17.1987,44399.16,0.0,42,DPD_31_60,87465.3
L0000083,2025-10,887947.19,17.1987,46019.3,46019.3,42,DPD_31_60,87465.3
L0000083,2025-11,854215.57,17.1987,46132.06,46132.06,42,DPD_31_60,87465.3
L0000083,2025-12,0.0,17.1987,46252.9,866163.76,0,CURRENT,0.0
L0000084,2026-04,4070000.0,14.24,0.0,0.0,0,CURRENT,0.0
L0000084,2026-05,4068555.44,14.24,49741.89,49741.89,0,CURRENT,0.0
L0000084,2026-06,4067093.74,14.24,49741.89,49741.89,0,CURRENT,0.0
L0000084,2026-07,4065614.69,14.24,49741.89,49741.89,0,CURRENT,0.0
L0000084,2026-08,4064118.09,14.24,49741.89,49741.89,0,CURRENT,0.0
L0000084,2026-09,4062603.73,14.24,49741.89,49741.89,0,CURRENT,0.0
L0000084,2026-10,4061071.41,14.24,49741.89,49741.89,0,CURRENT,0.0
L0000084,2026-11,4059520.89,14.24,49741.89,49741.89,0,CURRENT,0.0
L0000084,2026-12,4057951.98,14.24,49741.89,49741.89,0,CURRENT,0.0
L0000085,2021-01,337154.72,16.2362,15985.59,15985.59,0,CURRENT,0.0
L0000085,2021-02,339639.68,16.2362,15985.59,2076.82,13,DPD_1_30,13908.78
L0000085,2021-03,331362.67,16.2362,16546.23,12838.77,44,DPD_31_60,17616.23
L0000085,2021-04,308965.99,16.2362,16629.2,26818.36,15,DPD_1_30,7427.07
L0000085,2021-05,289888.86,16.2362,16331.74,23257.5,16,DPD_1_30,501.3
L0000085,2021-06,277396.36,16.2362,15950.66,16414.76,15,DPD_1_30,37.21
L0000085,2021-07,265198.85,16.2362,15924.02,15950.74,16,DPD_1_30,10.49
L0000085,2021-08,252947.65,17.1737,16040.46,16046.58,16,DPD_1_30,4.37
L0000085,2021-09,240527.64,17.1737,16040.07,16040.07,15,DPD_1_30,4.37
L0000085,2021-10,227927.99,17.1737,16040.07,16041.94,16,DPD_1_30,2.49
L0000085,2021-11,215150.04,17.1737,16039.94,16039.94,15,DPD_1_30,2.49
L0000085,2021-12,202187.37,17.1737,16039.94,16041.78,16,DPD_1_30,0.65
L0000085,2022-01,205080.97,17.1737,16039.79,0.0,47,DPD_31_60,16040.44
L0000085,2022-02,190882.78,18.0487,17239.21,17239.21,13,DPD_1_30,16040.44
L0000085,2022-03,169452.59,18.0487,17335.62,24273.48,16,DPD_1_30,9102.58
L0000085,2022-04,149670.79,18.0487,16829.54,22330.48,15,DPD_1_30,3601.65
L0000085,2022-05,133134.61,18.0487,16232.92,18787.32,16,DPD_1_30,1047.25
L0000085,2022-06,121290.25,18.0487,15927.33,13846.79,15,DPD_1_30,3127.8
L0000085,2022-07,106909.23,18.0487,16205.31,16205.31,16,DPD_1_30,3127.8
L0000085,2022-08,92332.51,18.6112,16234.81,16234.81,16,DPD_1_30,3127.8
L0000085,2022-09,77529.72,18.6112,16234.81,16234.81,15,DPD_1_30,3127.8
L0000085,2022-10,78732.16,18.6112,16234.81,0.0,46,DPD_31_60,19362.6
L0000085,2022-11,45646.51,18.6112,20139.74,34288.08,15,DPD_1_30,5214.26
L0000085,2022-12,26242.55,18.6112,15689.89,20111.91,16,DPD_1_30,792.24
L0000085,2023-01,13222.24,18.6112,13427.31,13427.31,16,DPD_1_30,792.24
L0000085,2023-02,792.24,18.9862,12639.21,12639.21,13,DPD_1_30,792.24
L0000085,2023-03,428.43,18.9862,12.53,376.35,44,DPD_31_60,428.43
L0000085,2023-04,428.43,18.9862,6.58,6.58,74,DPD_61_90,428.43
L0000085,2023-05,93.86,18.9862,6.48,341.04,105,DPD_90_PLUS,93.86
L0000085,2023-06,45.04,18.9862,1.08,49.9,135,DPD_90_PLUS,45.04
L0000085,2023-07,0.0,18.9862,0.29,45.34,0,CURRENT,0.0
L0000086,2022-05,125000.0,22.09,0.0,0.0,0,CURRENT,0.0
L0000086,2022-06,123356.67,22.09,3944.37,3944.37,0,CURRENT,0.0
L0000086,2022-07,121683.09,22.09,3944.37,3944.37,0,CURRENT,0.0
L0000086,2022-08,119978.71,22.09,3944.37,3944.37,0,CURRENT,0.0
L0000086,2022-09,118242.94,22.09,3944.37,3944.37,0,CURRENT,0.0
L0000086,2022-10,116475.23,22.09,3944.37,3944.37,0,CURRENT,0.0
L0000086,2022-11,114674.97,22.09,3944.37,3944.37,0,CURRENT,0.0
L0000086,2022-12,112841.58,22.09,3944.37,3944.37,0,CURRENT,0.0
L0000086,2023-01,110974.44,22.09,3944.37,3944.37,0,CURRENT,0.0
L0000086,2023-02,109072.92,22.09,3944.37,3944.37,0,CURRENT,0.0
L0000086,2023-03,107136.4,22.09,3944.37,3944.37,0,CURRENT,0.0
L0000086,2023-04,105164.23,22.09,3944.37,3944.37,0,CURRENT,0.0
L0000086,2023-05,103155.76,22.09,3944.37,3944.37,0,CURRENT,0.0
L0000086,2023-06,101110.32,22.09,3944.37,3944.37,0,CURRENT,0.0
L0000086,2023-07,99027.22,22.09,3944.37,3944.37,0,CURRENT,0.0
L0000086,2023-08,96905.78,22.09,3944.37,3944.37,0,CURRENT,0.0
L0000086,2023-09,94745.28,22.09,3944.37,3944.37,0,CURRENT,0.0
L0000086,2023-10,92545.01,22.09,3944.37,3944.37,0,CURRENT,0.0
L0000086,2023-11,94248.61,22.09,3944.37,0.0,14,DPD_1_30,3944.37
L0000086,2023-12,88942.39,22.09,4042.24,7009.82,15,DPD_1_30,976.79
L0000086,2024-01,86594.07,22.09,3985.6,3985.6,15,DPD_1_30,976.79
L0000086,2024-02,84202.52,22.09,3985.6,3985.6,13,DPD_1_30,976.79
L0000086,2024-03,80928.36,22.09,3985.6,4824.19,15,DPD_1_30,138.21
L0000086,2024-04,78473.39,22.09,3944.73,3944.73,14,DPD_1_30,138.21
L0000086,2024-05,75973.22,22.09,3944.73,3944.73,15,DPD_1_30,138.21
L0000086,2024-06,73311.67,22.09,3944.73,4060.09,14,DPD_1_30,22.85
L0000086,2024-07,72396.27,22.09,3938.53,2264.95,15,DPD_1_30,1696.43
L0000086,2024-08,70842.12,22.09,4031.73,2886.85,15,DPD_1_30,2841.31
L0000086,2024-09,68053.86,22.09,4089.73,4089.73,14,DPD_1_30,2841.31
L0000086,2024-10,63510.49,22.09,4095.1,5795.14,15,DPD_1_30,1141.27
L0000086,2024-11,60688.03,22.09,3991.59,3991.59,14,DPD_1_30,1141.27
L0000086,2024-12,56810.94,22.09,3991.59,4994.26,15,DPD_1_30,138.61
L0000086,2025-01,53934.37,22.09,3922.36,3922.36,15,DPD_1_30,138.61
L0000086,2025-02,50911.76,22.09,3922.36,4015.44,12,DPD_1_30,45.53
L0000086,2025-03,47913.67,22.09,3915.21,3935.3,15,DPD_1_30,25.43
L0000086,2025-04,44859.8,22.09,3913.56,3935.87,14,DPD_1_30,3.12
L0000086,2025-05,41772.77,22.09,3911.62,3912.82,15,DPD_1_30,1.92
L0000086,2025-06,38628.52,22.09,3911.51,3913.22,14,DPD_1_30,0.21
L0000086,2025-07,35428.19,22.09,3911.33,3911.42,15,DPD_1_30,0.12
L0000086,2025-08,32169.04,22.09,3911.32,3911.32,15,DPD_1_30,0.12
L0000086,2025-09,28849.83,22.09,3911.32,3911.39,14,DPD_1_30,0.06
L0000086,2025-10,25843.0,22.09,3911.32,3537.91,15,DPD_1_30,373.46
L0000086,2025-11,22179.21,22.09,3968.66,4139.51,14,DPD_1_30,202.61
L0000086,2025-12,18649.17,22.09,3938.32,3938.32,15,DPD_1_30,202.61
L0000086,2026-01,15054.16,22.09,3938.32,3938.32,15,DPD_1_30,202.61
L0000086,2026-02,11318.92,22.09,3938.32,4012.36,12,DPD_1_30,128.57
L0000086,2026-03,7614.56,22.09,3912.73,3912.73,15,DPD_1_30,128.57
L0000086,2026-04,7754.73,22.09,3912.73,0.0,45,DPD_31_60,4041.3
L0000086,2026-05,7894.9,22.09,3228.6,0.0,76,DPD_61_90,7269.9
L0000086,2026-06,8035.07,22.09,140.17,0.0,106,DPD_90_PLUS,7410.07
L0000086,2026-07,8175.24,22.09,140.17,0.0,137,DPD_90_PLUS,7550.24
L0000086,2026-08,8315.41,22.09,140.17,0.0,168,DPD_90_PLUS,7690.41
L0000086,2026-09,8455.58,22.09,140.17,0.0,198,DPD_90_PLUS,7830.58
