world_seed,leader_2021_id,leader_2021_name,leader_2021_weight,leader_2026_id,leader_2026_name,leader_2026_weight,leadership_changed
20260901,B001,BROU,0.31192983784934614,B001,BROU,0.3167078160216289,False
20260902,B001,BROU,0.322793424925753,B001,BROU,0.25853242984069696,False
20260903,B001,BROU,0.30122408294954,B001,BROU,0.28769412653965803,False
20260904,B001,BROU,0.2893463471157558,B001,BROU,0.30311111815069747,False
20260905,B001,BROU,0.31007299203774696,B001,BROU,0.31350644368481906,False
20260906,B001,BROU,0.31441742064540007,B001,BROU,0.31329251614319475,False
20260907,B001,BROU,0.30898347140262056,B001,BROU,0.19660292567479742,False
20260908,B001,BROU,0.3020223363615599,B001,BROU,0.2959934397683432,False
20260909,B001,BROU,0.3127323665660239,B001,BROU,0.3239327405554193,False
20260910,B001,BROU,0.28507648980634903,B001,BROU,0.265855086613626,False
20260911,B001,BROU,0.3228014070446248,B001,BROU,0.3309280870344925,False
20260912,B001,BROU,0.32221663498066466,B001,BROU,0.3004728309831827,False
20260913,B001,BROU,0.3099607848356086,B001,BROU,0.28492705383630684,False
20260914,B001,BROU,0.3063883525531529,B001,BROU,0.2729623744866975,False
20260915,B001,BROU,0.30433572425407546,B001,BROU,0.29791984073276456,False
20260916,B001,BROU,0.28469158433923236,B007,Santander Uruguay,0.18942898750555306,True
20260917,B001,BROU,0.3182458931815718,B001,BROU,0.3221295569905026,False
20260918,B001,BROU,0.3357143886269911,B001,BROU,0.35363206264607033,False
20260919,B001,BROU,0.31546841920196744,B001,BROU,0.2987275650845357,False
20260920,B001,BROU,0.30747814513038285,B001,BROU,0.32735885443974583,False
20260921,B001,BROU,0.2832103518716238,B001,BROU,0.25879937828336463,False
20260922,B001,BROU,0.33661077881343604,B001,BROU,0.32565612388668586,False
20260923,B001,BROU,0.3096296434089266,B001,BROU,0.3206574208011366,False
20260924,B001,BROU,0.3070327903995951,B001,BROU,0.3075118411348425,False
20260925,B001,BROU,0.29431773742349143,B001,BROU,0.2882448904066885,False
20260926,B001,BROU,0.29214351529677307,B001,BROU,0.27027075778879245,False
20260927,B001,BROU,0.30574771119603217,B001,BROU,0.31527188482053015,False
20260928,B001,BROU,0.3082879913440418,B001,BROU,0.3177128088917177,False
20260929,B001,BROU,0.33271696584245647,B001,BROU,0.3323188078621551,False
20260930,B001,BROU,0.3064403248365508,B001,BROU,0.29309159647258776,False
20260931,B001,BROU,0.2919298592509696,B001,BROU,0.33125677687064115,False
20260932,B001,BROU,0.30183429529775785,B001,BROU,0.2562015870022394,False
20260933,B001,BROU,0.2916478499841949,B001,BROU,0.2640244225441561,False
20260934,B001,BROU,0.3074155478623695,B001,BROU,0.3233849762475439,False
20260935,B001,BROU,0.30864134148464767,B001,BROU,0.3853037640201192,False
20260936,B001,BROU,0.32302515854201475,B001,BROU,0.34603129356905227,False
20260937,B001,BROU,0.2910314433544845,B001,BROU,0.27850442339162396,False
20260938,B001,BROU,0.31187077843586775,B001,BROU,0.3189213435808748,False
20260939,B001,BROU,0.3046743179289172,B001,BROU,0.2974422655646494,False
20260940,B001,BROU,0.28240646414622245,B001,BROU,0.30679990357799874,False
20260941,B001,BROU,0.31419011069794806,B001,BROU,0.3272855217832536,False
20260942,B001,BROU,0.30476238773071324,B001,BROU,0.32059096660856673,False
20260943,B001,BROU,0.30569253427859217,B001,BROU,0.3196174691731028,False
20260944,B001,BROU,0.29139864604309135,B001,BROU,0.3271372570020987,False
20260945,B001,BROU,0.2883559798887755,B001,BROU,0.28726282248906193,False
20260946,B001,BROU,0.28944750440484257,B001,BROU,0.27854469602570847,False
20260947,B001,BROU,0.3019200977004652,B001,BROU,0.2869079484441202,False
20260948,B001,BROU,0.29930864197320917,B001,BROU,0.27674415571004735,False
20260949,B001,BROU,0.3273315513710935,B001,BROU,0.2665956785625456,False
20260950,B001,BROU,0.3037761521783437,B001,BROU,0.33545406513324744,False
20260951,B001,BROU,0.27702883401950756,B001,BROU,0.2889090526114233,False
20260952,B001,BROU,0.3015917795380239,B001,BROU,0.2970755695607876,False
20260953,B001,BROU,0.2867620306147044,B001,BROU,0.2657202257195606,False
20260954,B001,BROU,0.32265631815002876,B001,BROU,0.3526829243666249,False
20260955,B001,BROU,0.29876149374155375,B001,BROU,0.3016331197454631,False
20260956,B001,BROU,0.2865731802707951,B001,BROU,0.271780949553575,False
20260957,B001,BROU,0.29132894502889917,B001,BROU,0.29539531914167494,False
20260958,B001,BROU,0.3143248255753113,B001,BROU,0.29816400079864885,False
20260959,B001,BROU,0.30669568002231434,B001,BROU,0.3375676407038631,False
20260960,B001,BROU,0.3179411779887259,B001,BROU,0.2996568530776292,False
20260961,B001,BROU,0.28479593800005426,B001,BROU,0.23476661553260644,False
20260962,B001,BROU,0.2877561689729759,B001,BROU,0.2884458555332402,False
20260963,B001,BROU,0.28859190584923156,B001,BROU,0.2789864074972916,False
20260964,B001,BROU,0.30480748501419286,B001,BROU,0.2929719557423875,False
20260965,B001,BROU,0.2851292057757114,B001,BROU,0.2957319590328771,False
20260966,B001,BROU,0.3037407473116567,B001,BROU,0.3085597829810679,False
20260967,B001,BROU,0.3127278894423582,B001,BROU,0.2461433264982172,False
20260968,B001,BROU,0.3245787370554394,B001,BROU,0.29908788807320513,False
20260969,B001,BROU,0.3151985116845517,B001,BROU,0.30056681350680675,False
20260970,B001,BROU,0.2958717786101532,B001,BROU,0.29666776508303067,False
20260971,B001,BROU,0.29499466871792707,B001,BROU,0.2891388205234359,False
20260972,B001,BROU,0.2791553939374161,B001,BROU,0.3074861764399251,False
20260973,B001,BROU,0.27750728706259825,B001,BROU,0.2896664427496232,False
20260974,B001,BROU,0.2751667624516984,B001,BROU,0.23669085218736044,False
20260975,B001,BROU,0.2961212520355895,B001,BROU,0.2581473990155165,False
20260976,B001,BROU,0.31846296880928043,B001,BROU,0.2939257680244505,False
20260977,B001,BROU,0.2835553475836069,B001,BROU,0.2808784726906731,False
20260978,B001,BROU,0.3039454566953679,B001,BROU,0.30552224941017986,False
20260979,B001,BROU,0.28803831276698655,B001,BROU,0.3070722702007656,False
20260980,B001,BROU,0.29696434585743847,B001,BROU,0.31499935940762996,False
20260981,B001,BROU,0.2717503487760604,B001,BROU,0.3105420152961507,False
20260982,B001,BROU,0.2915752351523534,B001,BROU,0.301344985102508,False
20260983,B001,BROU,0.30784878643613867,B001,BROU,0.3028408825943772,False
20260984,B001,BROU,0.30334794291745404,B001,BROU,0.2974131593911274,False
20260985,B001,BROU,0.2861435956002225,B001,BROU,0.29881270515598535,False
20260986,B001,BROU,0.27590539292498045,B001,BROU,0.283451572310856,False
20260987,B001,BROU,0.2927353372065507,B001,BROU,0.26808405955657044,False
20260988,B001,BROU,0.34387539918472027,B001,BROU,0.3294810422349328,False
20260989,B001,BROU,0.3010164028719382,B001,BROU,0.29060885565296557,False
20260990,B001,BROU,0.26482122048552076,B001,BROU,0.25993023349062605,False
20260991,B001,BROU,0.28600383721201966,B001,BROU,0.291398054394674,False
20260992,B001,BROU,0.30119534653756125,B001,BROU,0.29266333161457764,False
20260993,B001,BROU,0.2845457378581941,B001,BROU,0.29246361845682334,False
20260994,B001,BROU,0.29502704579757677,B001,BROU,0.30375007477894883,False
20260995,B001,BROU,0.3081874897102358,B001,BROU,0.30007357158776016,False
20260996,B001,BROU,0.2827755620145777,B001,BROU,0.27525137206128436,False
20260997,B001,BROU,0.2915703114495293,B001,BROU,0.2999039361133332,False
20260998,B001,BROU,0.2884991216764103,B001,BROU,0.2936669963738711,False
20260999,B001,BROU,0.3074480226650972,B001,BROU,0.2815982904025492,False
20261000,B001,BROU,0.3055677894058818,B001,BROU,0.31314849838190995,False
20261001,B001,BROU,0.3069911923681039,B001,BROU,0.31487197309441883,False
20261002,B001,BROU,0.3217401934145426,B001,BROU,0.3466902815532989,False
20261003,B001,BROU,0.29175664032375254,B001,BROU,0.2961421080714714,False
20261004,B001,BROU,0.2884736739659296,B001,BROU,0.31260999920321764,False
20261005,B001,BROU,0.2965530747547051,B001,BROU,0.33039956915338065,False
20261006,B001,BROU,0.2775564398062407,B007,Santander Uruguay,0.20932230207956143,True
20261007,B001,BROU,0.29548447175423603,B001,BROU,0.2967683259238889,False
20261008,B001,BROU,0.296529907953905,B001,BROU,0.3199194928022328,False
20261009,B001,BROU,0.2904407939553061,B001,BROU,0.29370560579431515,False
20261010,B001,BROU,0.29778026063296775,B001,BROU,0.2969656941107622,False
20261011,B001,BROU,0.27796765028479475,B001,BROU,0.2949609737915737,False
20261012,B001,BROU,0.30950761690032935,B001,BROU,0.27507839929583955,False
20261013,B001,BROU,0.2796015939021194,B001,BROU,0.29511700621416515,False
20261014,B001,BROU,0.2969577854139209,B001,BROU,0.28266088779578247,False
20261015,B001,BROU,0.31385234219075997,B001,BROU,0.28985311695975624,False
20261016,B001,BROU,0.2876131494020282,B001,BROU,0.2774587085844819,False
20261017,B001,BROU,0.3044276530188386,B001,BROU,0.26877121263214343,False
20261018,B001,BROU,0.30003742899128694,B001,BROU,0.32244891017925625,False
20261019,B001,BROU,0.330694080157049,B001,BROU,0.27670626922612973,False
20261020,B001,BROU,0.30212168168374787,B001,BROU,0.24794144262747528,False
20261021,B001,BROU,0.31056360321844406,B001,BROU,0.2864920973594702,False
20261022,B001,BROU,0.29876907659578655,B001,BROU,0.273516271244587,False
20261023,B001,BROU,0.31225056729769557,B001,BROU,0.31661787882268144,False
20261024,B001,BROU,0.3000924751098681,B001,BROU,0.30817988577987326,False
20261025,B001,BROU,0.3157167669615045,B001,BROU,0.2795899801806926,False
20261026,B001,BROU,0.2819285066144146,B001,BROU,0.28536893901054955,False
20261027,B001,BROU,0.34482847406774,B001,BROU,0.40000928296965965,False
20261028,B001,BROU,0.2932260106808396,B001,BROU,0.2864665869388735,False
20261029,B001,BROU,0.31499198090410635,B001,BROU,0.36301591375568076,False
20261030,B001,BROU,0.3081584305660557,B001,BROU,0.34038459192408993,False
20261031,B001,BROU,0.28862798730884076,B001,BROU,0.3199278316132283,False
20261032,B001,BROU,0.30005519702813055,B001,BROU,0.3001892949796539,False
20261033,B001,BROU,0.3085893911621317,B001,BROU,0.3692388619027823,False
20261034,B001,BROU,0.2991544097853708,B001,BROU,0.298423126160057,False
20261035,B001,BROU,0.32725124768526603,B001,BROU,0.33593559825521657,False
20261036,B001,BROU,0.3144969511826826,B001,BROU,0.3673923770351857,False
20261037,B001,BROU,0.29788340492475157,B001,BROU,0.36480439838776557,False
20261038,B001,BROU,0.2815389306235564,B001,BROU,0.2857684816651998,False
20261039,B001,BROU,0.29788138837244427,B001,BROU,0.35388752106460525,False
20261040,B001,BROU,0.2997590774506091,B001,BROU,0.30857829647095164,False
20261041,B001,BROU,0.2895047777135336,B001,BROU,0.27811784577796017,False
20261042,B001,BROU,0.30741064533945284,B001,BROU,0.2892659140803584,False
20261043,B001,BROU,0.3319501538426732,B001,BROU,0.31897479589991745,False
20261044,B001,BROU,0.30790587701863814,B007,Santander Uruguay,0.20850191130783008,True
20261045,B001,BROU,0.2936094489370874,B001,BROU,0.29129851787828653,False
20261046,B001,BROU,0.3067290292692462,B001,BROU,0.28323376315508336,False
20261047,B001,BROU,0.3375473251436563,B001,BROU,0.32507993331860574,False
20261048,B001,BROU,0.3072234578033961,B001,BROU,0.3033578128199712,False
20261049,B001,BROU,0.2980135364236835,B001,BROU,0.30031389164881567,False
20261050,B001,BROU,0.29926227530136246,B001,BROU,0.2839447701527006,False
20261051,B001,BROU,0.30490392422517115,B001,BROU,0.3224032261226865,False
20261052,B001,BROU,0.31094371509354596,B001,BROU,0.2954374325365489,False
20261053,B001,BROU,0.3341357075301292,B001,BROU,0.3233505818147459,False
20261054,B001,BROU,0.30653701935673494,B001,BROU,0.3125028682759374,False
20261055,B001,BROU,0.30881917984093554,B001,BROU,0.3165082164232329,False
20261056,B001,BROU,0.3037125591650705,B001,BROU,0.2845412807543137,False
20261057,B001,BROU,0.2797468117305264,B001,BROU,0.2821848314212228,False
20261058,B001,BROU,0.29478504594957033,B001,BROU,0.2954070230136863,False
20261059,B001,BROU,0.3144215203664974,B001,BROU,0.29451400886235507,False
20261060,B001,BROU,0.29216562088753417,B001,BROU,0.2487880149200857,False
20261061,B001,BROU,0.28215650090340005,B001,BROU,0.27716220706954364,False
20261062,B001,BROU,0.285797845667779,B001,BROU,0.277460336526271,False
20261063,B001,BROU,0.3426575382571747,B001,BROU,0.30941270309731,False
20261064,B001,BROU,0.29493094312300583,B001,BROU,0.32518202550969527,False
20261065,B001,BROU,0.3119938150839559,B001,BROU,0.30309358940074566,False
20261066,B001,BROU,0.3016841958060143,B001,BROU,0.30747717919816264,False
20261067,B001,BROU,0.2916313100473688,B001,BROU,0.2387893132406993,False
20261068,B001,BROU,0.29749948910287566,B001,BROU,0.34900088630263926,False
20261069,B001,BROU,0.30107313623214055,B007,Santander Uruguay,0.19808202308018605,True
20261070,B001,BROU,0.29845532034783256,B001,BROU,0.30248181269679675,False
20261071,B001,BROU,0.3054810356881583,B001,BROU,0.31471333344273866,False
20261072,B001,BROU,0.30178869858090973,B001,BROU,0.31402918603257546,False
20261073,B001,BROU,0.2985217630655132,B001,BROU,0.2994627822191054,False
20261074,B001,BROU,0.28045399503508023,B001,BROU,0.25667323222125626,False
20261075,B001,BROU,0.30587209088598616,B001,BROU,0.282700946536313,False
20261076,B001,BROU,0.3149184483976978,B001,BROU,0.3285937045416342,False
20261077,B001,BROU,0.3128418120493456,B001,BROU,0.3428296878319085,False
20261078,B001,BROU,0.27346398923607623,B001,BROU,0.31300878962871664,False
20261079,B001,BROU,0.34132134027502925,B001,BROU,0.3041762713284292,False
20261080,B001,BROU,0.30061633184063064,B001,BROU,0.2892993254169213,False
20261081,B001,BROU,0.3120499696793446,B001,BROU,0.29513565871753134,False
20261082,B001,BROU,0.30111268937985425,B001,BROU,0.3116235373814804,False
20261083,B001,BROU,0.3226377268504184,B001,BROU,0.33925431306222537,False
20261084,B001,BROU,0.29666471449912446,B001,BROU,0.3747703899405059,False
20261085,B001,BROU,0.3038876803745172,B001,BROU,0.2624866035340661,False
20261086,B001,BROU,0.3081205989000224,B001,BROU,0.2764207393469472,False
20261087,B001,BROU,0.2852965657844172,B001,BROU,0.31119637025291536,False
20261088,B001,BROU,0.3103535701558491,B001,BROU,0.298804021144193,False
20261089,B001,BROU,0.3277366374579593,B001,BROU,0.3449933500101033,False
20261090,B001,BROU,0.29641706877859914,B001,BROU,0.2752567781006409,False
20261091,B001,BROU,0.2925701394365734,B001,BROU,0.2888877554430974,False
20261092,B001,BROU,0.28611532200830575,B001,BROU,0.25394733755862464,False
20261093,B001,BROU,0.2910097293243439,B001,BROU,0.2911082948981575,False
20261094,B001,BROU,0.30471453704218276,B001,BROU,0.29038940001523733,False
20261095,B001,BROU,0.29725819316376534,B001,BROU,0.3144129900213591,False
20261096,B001,BROU,0.30422244853082714,B001,BROU,0.29719981520679223,False
20261097,B001,BROU,0.334718351382822,B001,BROU,0.32928627002416366,False
20261098,B001,BROU,0.304096466776013,B001,BROU,0.31046705820763865,False
20261099,B001,BROU,0.2789312716441971,B001,BROU,0.24709924923430965,False
20261100,B001,BROU,0.30136791205339253,B001,BROU,0.30481284640443174,False
20261101,B001,BROU,0.314325336034939,B001,BROU,0.3137767567917447,False
20261102,B001,BROU,0.29795068127877533,B001,BROU,0.3322353762716915,False
20261103,B001,BROU,0.28954572037005094,B001,BROU,0.2631297195803293,False
20261104,B001,BROU,0.313113261123948,B001,BROU,0.29676828258574506,False
20261105,B001,BROU,0.3313061431177225,B001,BROU,0.34518448384303085,False
20261106,B001,BROU,0.30312601379856474,B001,BROU,0.27551825574801014,False
20261107,B001,BROU,0.3008098740772982,B001,BROU,0.3148297397828626,False
20261108,B001,BROU,0.286035292717723,B001,BROU,0.24877002108870755,False
20261109,B001,BROU,0.33010237908824325,B001,BROU,0.3273949220468888,False
20261110,B001,BROU,0.2837498212521081,B001,BROU,0.3111544291233624,False
20261111,B001,BROU,0.3176642299312387,B001,BROU,0.35572385661408906,False
20261112,B001,BROU,0.3328278482272598,B001,BROU,0.3088305167859788,False
20261113,B001,BROU,0.31174601213517716,B001,BROU,0.29080484164161113,False
20261114,B001,BROU,0.3035843233517006,B001,BROU,0.31993353551248027,False
20261115,B001,BROU,0.3226517008536578,B001,BROU,0.3177469836084134,False
20261116,B001,BROU,0.3013918974731228,B001,BROU,0.3849282472945348,False
20261117,B001,BROU,0.30885249695366546,B001,BROU,0.34387237581647145,False
20261118,B001,BROU,0.28396511524595697,B001,BROU,0.2841214496638846,False
20261119,B001,BROU,0.30373733886165144,B001,BROU,0.30653163536241484,False
20261120,B001,BROU,0.3014899476767221,B001,BROU,0.2827253961687422,False
20261121,B001,BROU,0.3002988223866549,B001,BROU,0.2794893631241049,False
20261122,B001,BROU,0.34768924645388394,B001,BROU,0.327826034083126,False
20261123,B001,BROU,0.30998732119193295,B001,BROU,0.34132620243679146,False
20261124,B001,BROU,0.3066110553049325,B001,BROU,0.26679265351091364,False
20261125,B001,BROU,0.29047665563245284,B001,BROU,0.32021681060338886,False
20261126,B001,BROU,0.2844999849957748,B001,BROU,0.3157973170504958,False
20261127,B001,BROU,0.2920675218919517,B001,BROU,0.33586828802584817,False
20261128,B001,BROU,0.3110246912456774,B001,BROU,0.31391615807457357,False
20261129,B001,BROU,0.33455811776718936,B001,BROU,0.3228880463354578,False
20261130,B001,BROU,0.290975315191097,B001,BROU,0.3057299665511712,False
20261131,B001,BROU,0.28586346182253924,B001,BROU,0.2790172108927087,False
20261132,B001,BROU,0.2898138286718049,B001,BROU,0.2666575463903615,False
20261133,B001,BROU,0.323637140199888,B001,BROU,0.32038286222017226,False
20261134,B001,BROU,0.30155753148077563,B001,BROU,0.2982403309938897,False
20261135,B001,BROU,0.29766120433434473,B001,BROU,0.361099726181521,False
20261136,B001,BROU,0.29580514762122884,B001,BROU,0.30207418064600045,False
20261137,B001,BROU,0.3031479811626861,B001,BROU,0.3123623413059768,False
20261138,B001,BROU,0.3090917748460297,B001,BROU,0.31568978423989535,False
20261139,B001,BROU,0.2857774415804186,B001,BROU,0.2762924879563454,False
20261140,B001,BROU,0.27196040572175784,B001,BROU,0.27305365135112264,False
20261141,B001,BROU,0.31001497798060873,B001,BROU,0.21196745688381005,False
20261142,B001,BROU,0.28603703992844354,B001,BROU,0.284543798893257,False
20261143,B001,BROU,0.3109634594122005,B001,BROU,0.33986570895095414,False
20261144,B001,BROU,0.3060720778569337,B001,BROU,0.2919040992671916,False
20261145,B001,BROU,0.3178278754004611,B001,BROU,0.3036996974517701,False
20261146,B001,BROU,0.32125575778298704,B001,BROU,0.28201584646992345,False
20261147,B001,BROU,0.3011921690179231,B001,BROU,0.3545781120661389,False
20261148,B001,BROU,0.30513347542009217,B001,BROU,0.2816485894753468,False
20261149,B001,BROU,0.2933444043886759,B001,BROU,0.32037816309959094,False
20261150,B001,BROU,0.31513322773311025,B001,BROU,0.3026538896504197,False
20261151,B001,BROU,0.3021570224575155,B001,BROU,0.2954217730293107,False
20261152,B001,BROU,0.31943803401592785,B001,BROU,0.32796794010018,False
20261153,B001,BROU,0.2978630842693016,B001,BROU,0.3182254966509435,False
20261154,B001,BROU,0.28733814113470235,B001,BROU,0.2735167239100944,False
20261155,B001,BROU,0.3216427341573883,B001,BROU,0.38968082304825863,False
20261156,B001,BROU,0.30446431411307634,B001,BROU,0.34526505444053357,False
20261157,B001,BROU,0.3158267510024953,B001,BROU,0.3025709435823022,False
20261158,B001,BROU,0.3142726997790442,B001,BROU,0.35097857170453856,False
20261159,B001,BROU,0.30781863600959547,B001,BROU,0.29909906205007186,False
20261160,B001,BROU,0.31153808250472437,B001,BROU,0.3158913903599478,False
20261161,B001,BROU,0.3313862688658112,B001,BROU,0.3037112347856576,False
20261162,B001,BROU,0.3267264237743502,B001,BROU,0.30615440481967937,False
20261163,B001,BROU,0.304339454119399,B001,BROU,0.3440228271196533,False
20261164,B001,BROU,0.29959380217698833,B001,BROU,0.3453133028941754,False
20261165,B001,BROU,0.3067063265355181,B001,BROU,0.33418305087559563,False
20261166,B001,BROU,0.29813686300589826,B001,BROU,0.30580047591820436,False
20261167,B001,BROU,0.3024042558242629,B001,BROU,0.33060864641447385,False
20261168,B001,BROU,0.3097222089333256,B001,BROU,0.28844396858041416,False
20261169,B001,BROU,0.29342717859974243,B001,BROU,0.2810406121771634,False
20261170,B001,BROU,0.3152531965116626,B001,BROU,0.32431539858424574,False
20261171,B001,BROU,0.31316289455033774,B001,BROU,0.298202823273861,False
20261172,B001,BROU,0.30366016920600136,B001,BROU,0.2985896277274674,False
20261173,B001,BROU,0.34420504204792746,B001,BROU,0.3415238486806699,False
20261174,B001,BROU,0.3014919518881064,B001,BROU,0.28850257679754926,False
20261175,B001,BROU,0.30143311258330685,B001,BROU,0.2890414615823269,False
20261176,B001,BROU,0.3035072325654631,B001,BROU,0.3262456827596708,False
20261177,B001,BROU,0.3037669259411055,B001,BROU,0.3111829753045497,False
20261178,B001,BROU,0.3106017568231371,B001,BROU,0.30704173003161433,False
20261179,B001,BROU,0.28662499645063905,B001,BROU,0.2791912288894013,False
20261180,B001,BROU,0.2836373650040328,B001,BROU,0.2773236207354164,False
20261181,B001,BROU,0.30054419666022325,B001,BROU,0.31170071104258423,False
20261182,B001,BROU,0.3035516341530251,B001,BROU,0.31098273713691604,False
20261183,B001,BROU,0.3042329835502617,B001,BROU,0.2805289294007598,False
20261184,B001,BROU,0.30856892144619297,B001,BROU,0.33474061976924724,False
20261185,B001,BROU,0.29516551861908547,B001,BROU,0.24787924373584425,False
20261186,B001,BROU,0.3065185174853635,B001,BROU,0.26750932249985976,False
20261187,B001,BROU,0.2842127915436533,B001,BROU,0.2730851548781177,False
20261188,B001,BROU,0.3119121313346932,B001,BROU,0.22022306117973434,False
20261189,B001,BROU,0.29394617572728515,B001,BROU,0.2931038093648521,False
20261190,B001,BROU,0.27289068026705304,B001,BROU,0.28494477405044666,False
20261191,B001,BROU,0.3146503633034794,B001,BROU,0.3119733068334947,False
20261192,B001,BROU,0.30211915029836023,B001,BROU,0.2967582519438752,False
20261193,B001,BROU,0.29432362366214704,B001,BROU,0.308201117787924,False
20261194,B001,BROU,0.28823072113550763,B001,BROU,0.31898108830671673,False
20261195,B001,BROU,0.2716906389532087,B001,BROU,0.281866961689531,False
20261196,B001,BROU,0.2700139214509389,B001,BROU,0.2969274819176599,False
20261197,B001,BROU,0.2866242035923826,B001,BROU,0.2938069996924256,False
20261198,B001,BROU,0.29450817341774627,B001,BROU,0.32995203246479726,False
20261199,B001,BROU,0.3293598720025968,B001,BROU,0.34238490983644065,False
20261200,B001,BROU,0.2748087745356864,B001,BROU,0.28935218578353233,False
20261201,B001,BROU,0.2709088399414853,B001,BROU,0.3004688909245476,False
20261202,B001,BROU,0.289704841045173,B001,BROU,0.2793366882554706,False
20261203,B001,BROU,0.3145891849327008,B001,BROU,0.3078908304723253,False
20261204,B001,BROU,0.28982316647743855,B001,BROU,0.27375936912979526,False
20261205,B001,BROU,0.3044823642143267,B001,BROU,0.28971076642579496,False
20261206,B001,BROU,0.32663067388091527,B001,BROU,0.30491359654745087,False
20261207,B001,BROU,0.29086251469175056,B001,BROU,0.2814729413862923,False
20261208,B001,BROU,0.2875124533265082,B001,BROU,0.3013801942375751,False
20261209,B001,BROU,0.27550216770465913,B001,BROU,0.3066150930378734,False
20261210,B001,BROU,0.30364838579196296,B001,BROU,0.3426039955872966,False
20261211,B001,BROU,0.3062640499536087,B001,BROU,0.30244117232560475,False
20261212,B001,BROU,0.28452734500536436,B001,BROU,0.3048929351342832,False
20261213,B001,BROU,0.28023259673978296,B001,BROU,0.23537413798055085,False
20261214,B001,BROU,0.30179864004416035,B001,BROU,0.22124688364153344,False
20261215,B001,BROU,0.3035240597626211,B001,BROU,0.3002985445979786,False
20261216,B001,BROU,0.33894445435670884,B001,BROU,0.3477021121852482,False
20261217,B001,BROU,0.3147809255836398,B001,BROU,0.34483031986393653,False
20261218,B001,BROU,0.3004835493344322,B001,BROU,0.29733223354252264,False
20261219,B001,BROU,0.3319534905393195,B001,BROU,0.31444955845592637,False
20261220,B001,BROU,0.31452015548073,B001,BROU,0.2875668210467067,False
20261221,B001,BROU,0.3201521035463656,B001,BROU,0.32056148285667874,False
20261222,B001,BROU,0.3148831386307758,B001,BROU,0.3468181592276321,False
20261223,B001,BROU,0.30017409972266157,B001,BROU,0.32688216745581,False
20261224,B001,BROU,0.2913035778806695,B001,BROU,0.2824153381471398,False
20261225,B001,BROU,0.2922419559866911,B001,BROU,0.2802712167921975,False
20261226,B001,BROU,0.3122397641631795,B001,BROU,0.30833123250659883,False
20261227,B001,BROU,0.3212165624723674,B001,BROU,0.304575726641915,False
20261228,B001,BROU,0.31144855847154096,B001,BROU,0.32594620949886194,False
20261229,B001,BROU,0.3298573293981836,B001,BROU,0.2926991693423336,False
20261230,B001,BROU,0.32481155001535184,B001,BROU,0.30595678657278463,False
20261231,B001,BROU,0.3273521634746137,B001,BROU,0.32233182294113255,False
20261232,B001,BROU,0.3016488554282548,B001,BROU,0.3024727908243061,False
20261233,B001,BROU,0.3225719424580786,B001,BROU,0.3149330433526773,False
20261234,B001,BROU,0.3256828321223212,B001,BROU,0.3558068015081686,False
20261235,B001,BROU,0.30027001606148823,B001,BROU,0.2862764081803253,False
20261236,B001,BROU,0.2936088969947532,B001,BROU,0.30391700479281253,False
20261237,B001,BROU,0.28258051615954444,B001,BROU,0.2862583970892305,False
20261238,B001,BROU,0.3092494890834411,B001,BROU,0.31565689075601383,False
20261239,B001,BROU,0.29766768194420407,B001,BROU,0.2583114665014339,False
20261240,B001,BROU,0.30751204352266753,B001,BROU,0.33003078958913795,False
20261241,B001,BROU,0.3031371947693932,B001,BROU,0.30641361068496353,False
20261242,B001,BROU,0.30513586298997825,B001,BROU,0.3315623501131007,False
20261243,B001,BROU,0.31493554468189927,B001,BROU,0.3164327247712191,False
20261244,B001,BROU,0.31430381948657415,B001,BROU,0.3028808530015983,False
20261245,B001,BROU,0.3042571686879075,B001,BROU,0.32464637207077784,False
20261246,B001,BROU,0.2981259974945196,B001,BROU,0.28113329311840135,False
20261247,B001,BROU,0.31755182355607253,B001,BROU,0.3455201103905677,False
20261248,B001,BROU,0.29704724074181604,B001,BROU,0.28070360820998497,False
20261249,B001,BROU,0.29191902191275476,B001,BROU,0.2918509428517502,False
20261250,B001,BROU,0.3089793802456303,B001,BROU,0.33491686507492957,False
20261251,B001,BROU,0.3055872070503587,B001,BROU,0.29804621048120084,False
20261252,B001,BROU,0.31098465758913474,B001,BROU,0.3259325453698352,False
20261253,B001,BROU,0.3037875610432478,B001,BROU,0.24555421806417554,False
20261254,B001,BROU,0.30688618536401086,B001,BROU,0.31578160859640675,False
20261255,B001,BROU,0.29778940544792826,B001,BROU,0.2932378559373294,False
20261256,B001,BROU,0.2947769904173503,B001,BROU,0.28709100370314516,False
20261257,B001,BROU,0.2960221005323129,B001,BROU,0.3292058276557983,False
20261258,B001,BROU,0.2996012471251463,B001,BROU,0.2663449057343767,False
20261259,B001,BROU,0.3190783183102836,B001,BROU,0.2673521503596575,False
20261260,B001,BROU,0.3278736945563958,B001,BROU,0.3336211096484932,False
20261261,B001,BROU,0.30249574732218226,B001,BROU,0.3220455846838047,False
20261262,B001,BROU,0.30283613016624444,B001,BROU,0.31189535704143784,False
20261263,B001,BROU,0.29421542779378,B001,BROU,0.2686825298570759,False
20261264,B001,BROU,0.2945240686895069,B001,BROU,0.27539664920216844,False
20261265,B001,BROU,0.3147337035447269,B001,BROU,0.31737645742823617,False
20261266,B001,BROU,0.33591921150504694,B001,BROU,0.3350678037816698,False
20261267,B001,BROU,0.29648130023273284,B001,BROU,0.32192805216804843,False
20261268,B001,BROU,0.3008850128141399,B001,BROU,0.26243566201533636,False
20261269,B001,BROU,0.29060643000806285,B001,BROU,0.28398797217521665,False
20261270,B001,BROU,0.31430541659338124,B001,BROU,0.3088837294607355,False
20261271,B001,BROU,0.2629751727274419,B001,BROU,0.2973447609498628,False
20261272,B001,BROU,0.289237671766432,B001,BROU,0.2993290975892762,False
20261273,B001,BROU,0.30838361123790325,B001,BROU,0.2874121844593467,False
20261274,B001,BROU,0.28289151835218573,B001,BROU,0.2676420216789387,False
20261275,B001,BROU,0.30004596617275986,B001,BROU,0.30238385464764883,False
20261276,B001,BROU,0.2899800231709026,B001,BROU,0.3029471037075079,False
20261277,B001,BROU,0.30784294395973816,B001,BROU,0.2823174034165086,False
20261278,B001,BROU,0.291546302196007,B001,BROU,0.2983943715490104,False
20261279,B001,BROU,0.32192085210473825,B001,BROU,0.2641290211793532,False
20261280,B001,BROU,0.30634399751380387,B001,BROU,0.2779881275133191,False
20261281,B001,BROU,0.3061397462797408,B001,BROU,0.3189004625058374,False
20261282,B001,BROU,0.3144632464765619,B001,BROU,0.28806105852766517,False
20261283,B001,BROU,0.3012822141489868,B001,BROU,0.3220402908362117,False
20261284,B001,BROU,0.31036839118246096,B001,BROU,0.2986338410540151,False
20261285,B001,BROU,0.2873819337967583,B001,BROU,0.3294083074237814,False
20261286,B001,BROU,0.2792168472676476,B001,BROU,0.30611429800938894,False
20261287,B001,BROU,0.2844341140187788,B001,BROU,0.2908968786087402,False
20261288,B001,BROU,0.30290581484572593,B001,BROU,0.28039166028071794,False
20261289,B001,BROU,0.27998025823179096,B001,BROU,0.29988760052669916,False
20261290,B001,BROU,0.3147019421124288,B001,BROU,0.304512738855843,False
20261291,B001,BROU,0.2997493908176858,B001,BROU,0.27944392876329827,False
20261292,B001,BROU,0.2969601521409878,B001,BROU,0.24098852292518838,False
20261293,B001,BROU,0.322804809958369,B001,BROU,0.3391596753541104,False
20261294,B001,BROU,0.32883995766425755,B001,BROU,0.32900071861831276,False
20261295,B001,BROU,0.2760133225575865,B001,BROU,0.2519313826432483,False
20261296,B001,BROU,0.30902215025192153,B001,BROU,0.3357196532628107,False
20261297,B001,BROU,0.3057449785742167,B001,BROU,0.306108142230168,False
20261298,B001,BROU,0.289595194510789,B001,BROU,0.3107055426090088,False
20261299,B001,BROU,0.28320178044804223,B001,BROU,0.29364103157882887,False
20261300,B001,BROU,0.3173508902551138,B001,BROU,0.2850407644114801,False
20261301,B001,BROU,0.2796808705802138,B001,BROU,0.29569029081692544,False
20261302,B001,BROU,0.2914918696812015,B001,BROU,0.26910015057120007,False
20261303,B001,BROU,0.28847759092340713,B001,BROU,0.2651023140821676,False
20261304,B001,BROU,0.3105220209769584,B001,BROU,0.2959920142147949,False
20261305,B001,BROU,0.30867638929578667,B001,BROU,0.32338155419584763,False
20261306,B001,BROU,0.2969237709517608,B001,BROU,0.26271505600495904,False
20261307,B001,BROU,0.29516438913748033,B001,BROU,0.3366642542337907,False
20261308,B001,BROU,0.289591846974027,B001,BROU,0.28253214236842833,False
20261309,B001,BROU,0.29758896387253686,B001,BROU,0.3139748639891312,False
20261310,B001,BROU,0.30085351714877245,B001,BROU,0.3219855761737315,False
20261311,B001,BROU,0.2862003775991756,B001,BROU,0.30269154554945227,False
20261312,B001,BROU,0.30061043985684754,B001,BROU,0.3115304835086321,False
20261313,B001,BROU,0.29970072954662785,B001,BROU,0.30321348434710677,False
20261314,B001,BROU,0.2982949620763737,B001,BROU,0.3113303517406364,False
20261315,B001,BROU,0.33105915940541697,B001,BROU,0.3127882697518551,False
20261316,B001,BROU,0.308345811434764,B001,BROU,0.3249801879662281,False
20261317,B001,BROU,0.28254962136594336,B001,BROU,0.31234059003015796,False
20261318,B001,BROU,0.3217402974725314,B001,BROU,0.3300702519248257,False
20261319,B001,BROU,0.30007699920828956,B001,BROU,0.3382268052538604,False
20261320,B001,BROU,0.28594552578236776,B001,BROU,0.2821573907355721,False
20261321,B001,BROU,0.3106182162552896,B001,BROU,0.3069289578638966,False
20261322,B001,BROU,0.3183535095159167,B001,BROU,0.34021168813293795,False
20261323,B001,BROU,0.2841568891114035,B001,BROU,0.2681840583373725,False
20261324,B001,BROU,0.3240064897497272,B001,BROU,0.28715441477221687,False
20261325,B001,BROU,0.28305433777395034,B001,BROU,0.2731683933142052,False
20261326,B001,BROU,0.32420675355934475,B001,BROU,0.36823287357866474,False
20261327,B001,BROU,0.3191013947716379,B001,BROU,0.2729886343221153,False
20261328,B001,BROU,0.314487702853934,B001,BROU,0.36367079732181706,False
20261329,B001,BROU,0.30767733533385144,B001,BROU,0.26867134316937524,False
20261330,B001,BROU,0.3104436304471634,B001,BROU,0.28912009595341237,False
20261331,B001,BROU,0.3276403176437175,B001,BROU,0.3056606497026846,False
20261332,B001,BROU,0.3095392999444563,B001,BROU,0.31961218081786746,False
20261333,B001,BROU,0.29765521462771466,B001,BROU,0.33297283045212606,False
20261334,B001,BROU,0.3166632838852813,B001,BROU,0.2847240005659135,False
20261335,B001,BROU,0.32111822957093983,B001,BROU,0.31666775338570835,False
20261336,B001,BROU,0.3080683339742093,B001,BROU,0.3350763150625824,False
20261337,B001,BROU,0.3041323165503158,B001,BROU,0.29435176500882543,False
20261338,B001,BROU,0.2862030080795451,B001,BROU,0.300610771292493,False
20261339,B001,BROU,0.28659932514472164,B001,BROU,0.30306055621262845,False
20261340,B001,BROU,0.3224665182693177,B001,BROU,0.3134945209361146,False
20261341,B001,BROU,0.3296409591204804,B001,BROU,0.29447345963523824,False
20261342,B001,BROU,0.3113059983741689,B001,BROU,0.2929196936686942,False
20261343,B001,BROU,0.2716859597214305,B001,BROU,0.21254340894674595,False
20261344,B001,BROU,0.3031381029483302,B001,BROU,0.2782635710577848,False
20261345,B001,BROU,0.2680209651757489,B001,BROU,0.2447562197297595,False
20261346,B001,BROU,0.28827136043550844,B001,BROU,0.2987348399875767,False
20261347,B001,BROU,0.3106448245272865,B001,BROU,0.3134669461298198,False
20261348,B001,BROU,0.2958951961264239,B001,BROU,0.2889654342355248,False
20261349,B001,BROU,0.32680230866095183,B001,BROU,0.3149401853639516,False
20261350,B001,BROU,0.2758256106736722,B001,BROU,0.33224366194902594,False
20261351,B001,BROU,0.28953268895314666,B001,BROU,0.2957902363888128,False
20261352,B001,BROU,0.29078965662786455,B001,BROU,0.2964962509327095,False
20261353,B001,BROU,0.3033879553386091,B001,BROU,0.3760406657734831,False
20261354,B001,BROU,0.28528131931924045,B001,BROU,0.3067259040715443,False
20261355,B001,BROU,0.29641859051927866,B001,BROU,0.33187583744196997,False
20261356,B001,BROU,0.26681687610778393,B001,BROU,0.2657179842181578,False
20261357,B001,BROU,0.3118470288530466,B001,BROU,0.2575801650218906,False
20261358,B001,BROU,0.30398446648567523,B001,BROU,0.30828648671829595,False
20261359,B001,BROU,0.3292437392666395,B001,BROU,0.2952479379903185,False
20261360,B001,BROU,0.2992096707076673,B001,BROU,0.304673727868382,False
20261361,B001,BROU,0.302250826524945,B001,BROU,0.26312822958958537,False
20261362,B001,BROU,0.30110249649367704,B001,BROU,0.2768292428867348,False
20261363,B001,BROU,0.29857413043002873,B001,BROU,0.345544970874009,False
20261364,B001,BROU,0.30894446899789385,B001,BROU,0.35994334312236503,False
20261365,B001,BROU,0.3238914175218839,B001,BROU,0.27451416264686224,False
20261366,B001,BROU,0.28687112943310605,B001,BROU,0.3793368509141412,False
20261367,B001,BROU,0.28447263097723247,B001,BROU,0.31087310981522126,False
20261368,B001,BROU,0.2904412348928558,B001,BROU,0.3009097103453625,False
20261369,B001,BROU,0.2900711309327955,B001,BROU,0.3019024837341307,False
20261370,B001,BROU,0.2834375251674439,B001,BROU,0.2415415520961999,False
20261371,B001,BROU,0.28993668797244865,B001,BROU,0.26343065593485926,False
20261372,B001,BROU,0.2908370260790191,B001,BROU,0.3066721287866048,False
20261373,B001,BROU,0.2882806995959282,B001,BROU,0.28152308509424684,False
20261374,B001,BROU,0.30106630357896746,B001,BROU,0.3030089283217557,False
20261375,B001,BROU,0.2916660979985204,B001,BROU,0.34928773909659844,False
20261376,B001,BROU,0.28818898899273304,B001,BROU,0.35034176933687255,False
20261377,B001,BROU,0.2786808471649957,B001,BROU,0.30270214913739124,False
20261378,B001,BROU,0.2700989216309999,B001,BROU,0.2740699340291519,False
20261379,B001,BROU,0.34296143336342577,B001,BROU,0.28162018026066565,False
20261380,B001,BROU,0.30317408733218043,B001,BROU,0.304723845565126,False
20261381,B001,BROU,0.3119166692063384,B001,BROU,0.3332494689255386,False
20261382,B001,BROU,0.2878254540532456,B001,BROU,0.29945749406518557,False
20261383,B001,BROU,0.32148081810837015,B001,BROU,0.3377338068865404,False
20261384,B001,BROU,0.31565739012664024,B001,BROU,0.2895252755056281,False
20261385,B001,BROU,0.3259371183792022,B001,BROU,0.31001543162177186,False
20261386,B001,BROU,0.2964277458407825,B001,BROU,0.31909889901171495,False
20261387,B001,BROU,0.30689254037184693,B001,BROU,0.2848263210584523,False
20261388,B001,BROU,0.30921491580696003,B001,BROU,0.2502172341958277,False
20261389,B001,BROU,0.33519495127867494,B001,BROU,0.3476041046523791,False
20261390,B001,BROU,0.34329444134492093,B001,BROU,0.30095796569818983,False
20261391,B001,BROU,0.2847198167919921,B001,BROU,0.27683688785965066,False
20261392,B001,BROU,0.30892768149620775,B001,BROU,0.31684910422381213,False
20261393,B001,BROU,0.2901691784086322,B001,BROU,0.2996480103012431,False
20261394,B001,BROU,0.29733026554562375,B001,BROU,0.2939218235088553,False
20261395,B001,BROU,0.30358739036075183,B001,BROU,0.38078265179309867,False
20261396,B001,BROU,0.2786300159499013,B007,Santander Uruguay,0.1849613093990503,True
20261397,B001,BROU,0.29461851144529005,B001,BROU,0.24209089875244152,False
20261398,B001,BROU,0.2861240684132933,B001,BROU,0.30341502328126924,False
20261399,B001,BROU,0.30041926154874615,B001,BROU,0.30491725381558865,False
20261400,B001,BROU,0.3034583050913339,B001,BROU,0.2835178163265466,False
20261401,B001,BROU,0.2913324052463771,B001,BROU,0.2709301921329456,False
20261402,B001,BROU,0.278240065974752,B001,BROU,0.2833753713412835,False
20261403,B001,BROU,0.2979247925287283,B001,BROU,0.30688945259342193,False
20261404,B001,BROU,0.2642745320305474,B001,BROU,0.30043236359196074,False
20261405,B001,BROU,0.31112889504785574,B001,BROU,0.3738426476408923,False
20261406,B001,BROU,0.3164051782429333,B001,BROU,0.3094479802550592,False
20261407,B001,BROU,0.30378138683457656,B001,BROU,0.21141886837601134,False
20261408,B001,BROU,0.3313918143595922,B001,BROU,0.3478363213171484,False
20261409,B001,BROU,0.31932410160844643,B001,BROU,0.32420122216755926,False
20261410,B001,BROU,0.3094681392926121,B001,BROU,0.2916233574688881,False
20261411,B001,BROU,0.3379513618127601,B001,BROU,0.30745264060495153,False
20261412,B001,BROU,0.30509033108091144,B001,BROU,0.2500050807020625,False
20261413,B001,BROU,0.3106107205949032,B001,BROU,0.24891525602113823,False
20261414,B001,BROU,0.2937908659398854,B001,BROU,0.2991265683092849,False
20261415,B001,BROU,0.29078457467655794,B001,BROU,0.2967185892316236,False
20261416,B001,BROU,0.2850842152344391,B001,BROU,0.3110694655960408,False
20261417,B001,BROU,0.2891286225846045,B001,BROU,0.29194091940258715,False
20261418,B001,BROU,0.34109781603287437,B001,BROU,0.29135356531505796,False
20261419,B001,BROU,0.2736090846981998,B001,BROU,0.23574476636606373,False
20261420,B001,BROU,0.3089562388839501,B001,BROU,0.29880695266610363,False
20261421,B001,BROU,0.2840062087996286,B001,BROU,0.3021878139024539,False
20261422,B001,BROU,0.30592161893702846,B001,BROU,0.25719503368580304,False
20261423,B001,BROU,0.30071753621196295,B001,BROU,0.3282768799695271,False
20261424,B001,BROU,0.29265264263511587,B001,BROU,0.31288469317968737,False
20261425,B001,BROU,0.2747324358943546,B001,BROU,0.30469879287265667,False
20261426,B001,BROU,0.2967251653003032,B001,BROU,0.3726726644679379,False
20261427,B001,BROU,0.2654119823402729,B001,BROU,0.25968562054312627,False
20261428,B001,BROU,0.28477316794090307,B001,BROU,0.27049524002729414,False
20261429,B001,BROU,0.31273834627432756,B001,BROU,0.36318923592602315,False
20261430,B001,BROU,0.30905941520410785,B001,BROU,0.2961543079587832,False
20261431,B001,BROU,0.3320536081771947,B001,BROU,0.294371270125247,False
20261432,B001,BROU,0.3015646926551853,B001,BROU,0.31988211166313885,False
20261433,B001,BROU,0.31312403823867885,B001,BROU,0.27658956367820686,False
20261434,B001,BROU,0.3241450863255066,B001,BROU,0.3209477562363893,False
20261435,B001,BROU,0.2727544575068304,B001,BROU,0.2764590448641494,False
20261436,B001,BROU,0.314253786459456,B001,BROU,0.32913484876385046,False
20261437,B001,BROU,0.2743648485905525,B001,BROU,0.2979722170896875,False
20261438,B001,BROU,0.2810884003898971,B001,BROU,0.27605956753008404,False
20261439,B001,BROU,0.2970594567666781,B001,BROU,0.3219299260724746,False
20261440,B001,BROU,0.2991708688408374,B001,BROU,0.3245232629734912,False
20261441,B001,BROU,0.2940897159123183,B001,BROU,0.3197247816033283,False
20261442,B001,BROU,0.3036183771996085,B007,Santander Uruguay,0.21646066985661905,True
20261443,B001,BROU,0.3347697263774936,B001,BROU,0.3074440228027177,False
20261444,B001,BROU,0.27388230009774145,B001,BROU,0.2857838465845681,False
20261445,B001,BROU,0.2877053029382569,B001,BROU,0.30326446888666636,False
20261446,B001,BROU,0.34108432259362365,B001,BROU,0.36043870279242074,False
20261447,B001,BROU,0.290870766089765,B001,BROU,0.2781037414741927,False
20261448,B001,BROU,0.3217527495879302,B001,BROU,0.32964534686309416,False
20261449,B001,BROU,0.2883543745016233,B001,BROU,0.2998996277368757,False
20261450,B001,BROU,0.28326951561426483,B001,BROU,0.28903273927802375,False
20261451,B001,BROU,0.3086478393435827,B001,BROU,0.29151307350158506,False
20261452,B001,BROU,0.2996599206964458,B001,BROU,0.2951641043746797,False
20261453,B001,BROU,0.3173189360887454,B001,BROU,0.2614245963194224,False
20261454,B001,BROU,0.2982690535902418,B001,BROU,0.32757496883343296,False
20261455,B001,BROU,0.3242741893840463,B001,BROU,0.3246445250765321,False
20261456,B001,BROU,0.3081014304002936,B001,BROU,0.25287781313971885,False
20261457,B001,BROU,0.310748224899646,B001,BROU,0.23426000013735984,False
20261458,B001,BROU,0.30166869758915626,B001,BROU,0.32960911784732466,False
20261459,B001,BROU,0.303233251807138,B001,BROU,0.29886283415174353,False
20261460,B001,BROU,0.27083533218420086,B001,BROU,0.2928484789866952,False
20261461,B001,BROU,0.3080430984754491,B001,BROU,0.2916700525089243,False
20261462,B001,BROU,0.30190312757399385,B001,BROU,0.29491184522794267,False
20261463,B001,BROU,0.2897223717505934,B001,BROU,0.3059990305505144,False
20261464,B001,BROU,0.28032435447187526,B001,BROU,0.31258872172188873,False
20261465,B001,BROU,0.304007477980518,B001,BROU,0.31295115236915055,False
20261466,B001,BROU,0.3187449774647498,B001,BROU,0.3227680713123246,False
20261467,B001,BROU,0.2877403995747302,B001,BROU,0.289998219422225,False
20261468,B001,BROU,0.2997553380965208,B001,BROU,0.35433252706094226,False
20261469,B001,BROU,0.3299617781733933,B001,BROU,0.33561800029540556,False
20261470,B001,BROU,0.29163763959321665,B001,BROU,0.2912653628972455,False
20261471,B001,BROU,0.2743372054486474,B001,BROU,0.27999486174317595,False
20261472,B001,BROU,0.3138287311725848,B001,BROU,0.31208161868290246,False
20261473,B001,BROU,0.28836106161129726,B001,BROU,0.32794078082073624,False
20261474,B001,BROU,0.28244675962716204,B001,BROU,0.3632151183583122,False
20261475,B001,BROU,0.3073913692698584,B001,BROU,0.3374524995734787,False
20261476,B001,BROU,0.2894692432470368,B001,BROU,0.2886308520956006,False
20261477,B001,BROU,0.2791751210562068,B001,BROU,0.2990693387733684,False
20261478,B001,BROU,0.2998659363027668,B001,BROU,0.3389397679080717,False
20261479,B001,BROU,0.2946372351747067,B001,BROU,0.3081692687070929,False
20261480,B001,BROU,0.3045381779169371,B001,BROU,0.2920841675725533,False
20261481,B001,BROU,0.3074088704044385,B001,BROU,0.34996949528679133,False
20261482,B001,BROU,0.2918869313497315,B001,BROU,0.2658614316653879,False
20261483,B001,BROU,0.30094365913920185,B001,BROU,0.2968026806651059,False
20261484,B001,BROU,0.2848322228241029,B001,BROU,0.2702895551701673,False
20261485,B001,BROU,0.3184656196068509,B001,BROU,0.3240692268998497,False
20261486,B001,BROU,0.28875905736091606,B001,BROU,0.30501378444192123,False
20261487,B001,BROU,0.2949300461274446,B001,BROU,0.3166238800245689,False
20261488,B001,BROU,0.302347437487846,B001,BROU,0.2817466577493861,False
20261489,B001,BROU,0.30404731292690895,B001,BROU,0.2914011098954684,False
20261490,B001,BROU,0.2989047900369816,B001,BROU,0.2721377742693325,False
20261491,B001,BROU,0.30744467260839925,B001,BROU,0.3248760612145213,False
20261492,B001,BROU,0.3013788871553129,B001,BROU,0.25143260256772976,False
20261493,B001,BROU,0.2888827683737988,B001,BROU,0.2953202789369623,False
20261494,B001,BROU,0.2946943350501864,B001,BROU,0.30167712897944937,False
20261495,B001,BROU,0.31097174416938045,B001,BROU,0.30930758588789675,False
20261496,B001,BROU,0.2904578292256648,B001,BROU,0.2867941806624951,False
20261497,B001,BROU,0.30079836904729146,B001,BROU,0.24721696554476585,False
20261498,B001,BROU,0.32730232392480746,B001,BROU,0.26224619712683306,False
20261499,B001,BROU,0.3133026937911285,B001,BROU,0.29398892010493355,False
20261500,B001,BROU,0.29631053783625527,B001,BROU,0.3444604997225074,False
20261501,B001,BROU,0.2961302122151607,B001,BROU,0.26659751146597815,False
20261502,B001,BROU,0.3007747917684711,B001,BROU,0.3338381129921439,False
20261503,B001,BROU,0.3105952734814771,B001,BROU,0.33568592909176254,False
20261504,B001,BROU,0.3051278338148833,B001,BROU,0.31135791597114926,False
20261505,B001,BROU,0.31199047510259,B001,BROU,0.3394356333583661,False
20261506,B001,BROU,0.29124827525584884,B001,BROU,0.28140338872522436,False
20261507,B001,BROU,0.282768656732599,B001,BROU,0.283736272671276,False
20261508,B001,BROU,0.3292629777944305,B001,BROU,0.30606998043476585,False
20261509,B001,BROU,0.3035453117547152,B001,BROU,0.30396149311739407,False
20261510,B001,BROU,0.2872771451593024,B001,BROU,0.2520173228471495,False
20261511,B001,BROU,0.3076104919063749,B001,BROU,0.3222520965399331,False
20261512,B001,BROU,0.30422133422130077,B001,BROU,0.27852543871316954,False
20261513,B001,BROU,0.2843992201512009,B001,BROU,0.24728376985138423,False
20261514,B001,BROU,0.30347070761239475,B001,BROU,0.2796631245598874,False
20261515,B001,BROU,0.3153447479343837,B001,BROU,0.32257277146108704,False
20261516,B001,BROU,0.3009298870423565,B001,BROU,0.31518669771433017,False
20261517,B001,BROU,0.317195637891937,B001,BROU,0.31074714505250245,False
20261518,B001,BROU,0.2909657367609989,B001,BROU,0.22114915521999043,False
20261519,B001,BROU,0.2869997252778741,B001,BROU,0.2792752523180612,False
20261520,B001,BROU,0.28435371451572433,B001,BROU,0.28204909278482293,False
20261521,B001,BROU,0.292304683528964,B001,BROU,0.28967556192078825,False
20261522,B001,BROU,0.3104973431057426,B001,BROU,0.3288970821794715,False
20261523,B001,BROU,0.31669121388396465,B001,BROU,0.31371658137407066,False
20261524,B001,BROU,0.30886030506980233,B001,BROU,0.3317998510261918,False
20261525,B001,BROU,0.2936023721107356,B001,BROU,0.23767670402801355,False
20261526,B001,BROU,0.29228101538556117,B001,BROU,0.3021177347304272,False
20261527,B001,BROU,0.30955253959110596,B001,BROU,0.29568690884601967,False
20261528,B001,BROU,0.2993726951921802,B001,BROU,0.3601933537571093,False
20261529,B001,BROU,0.29482449572538866,B001,BROU,0.31492390810851933,False
20261530,B001,BROU,0.26619392438325945,B001,BROU,0.22398076190879626,False
20261531,B001,BROU,0.32144506508589027,B001,BROU,0.3247771135139571,False
20261532,B001,BROU,0.27918658687397047,B001,BROU,0.2883212333971418,False
20261533,B001,BROU,0.3136593808229914,B001,BROU,0.28821226692504187,False
20261534,B001,BROU,0.26858438889666264,B001,BROU,0.2717362682366007,False
20261535,B001,BROU,0.3129303173642173,B001,BROU,0.3181887745172164,False
20261536,B001,BROU,0.3241330533777903,B001,BROU,0.3181037265636514,False
20261537,B001,BROU,0.3064725492041829,B001,BROU,0.278692911453504,False
20261538,B001,BROU,0.34150816543379964,B001,BROU,0.416792424702726,False
20261539,B001,BROU,0.2956121000488667,B001,BROU,0.2863405641010647,False
20261540,B001,BROU,0.2962819885087866,B001,BROU,0.3294360437584829,False
20261541,B001,BROU,0.2953147330453595,B001,BROU,0.29727140139193486,False
20261542,B001,BROU,0.3113771687524131,B001,BROU,0.3139984566977882,False
20261543,B001,BROU,0.3359681068968718,B001,BROU,0.33389104824900756,False
20261544,B001,BROU,0.30610028374660264,B001,BROU,0.3174090759810146,False
20261545,B001,BROU,0.2845572909681504,B001,BROU,0.27245174020545976,False
20261546,B001,BROU,0.3175886848210743,B001,BROU,0.30268097768135466,False
20261547,B001,BROU,0.2836477893035861,B001,BROU,0.2675013058491174,False
20261548,B001,BROU,0.3089518293171749,B001,BROU,0.30053529533961104,False
20261549,B001,BROU,0.3086028310380968,B001,BROU,0.3268065896450736,False
20261550,B001,BROU,0.28326942053435666,B001,BROU,0.2679113484799937,False
20261551,B001,BROU,0.2913997958962855,B001,BROU,0.31301694794194185,False
20261552,B001,BROU,0.2941201479504957,B001,BROU,0.2942038785156809,False
20261553,B001,BROU,0.3041164948269909,B001,BROU,0.27831422476308887,False
20261554,B001,BROU,0.303422340922907,B001,BROU,0.3728828132626584,False
20261555,B001,BROU,0.2951667658572037,B001,BROU,0.27141521534035157,False
20261556,B001,BROU,0.3230574878017256,B001,BROU,0.29616152331243456,False
20261557,B001,BROU,0.295344395814945,B001,BROU,0.3201140190864135,False
20261558,B001,BROU,0.28273966220381386,B001,BROU,0.3131918937725892,False
20261559,B001,BROU,0.2827821242450496,B001,BROU,0.2777940127187101,False
20261560,B001,BROU,0.3157059816655029,B001,BROU,0.2996083803544581,False
20261561,B001,BROU,0.30935932926308285,B001,BROU,0.2829825988554396,False
20261562,B001,BROU,0.28602429962344356,B001,BROU,0.2810186396907393,False
20261563,B001,BROU,0.25085114414316717,B001,BROU,0.21438982375884882,False
20261564,B001,BROU,0.30709991621086363,B001,BROU,0.2931752312775911,False
20261565,B001,BROU,0.28534759833278933,B001,BROU,0.3112771035254319,False
20261566,B001,BROU,0.2908015073839591,B001,BROU,0.30047794867932576,False
20261567,B001,BROU,0.28708771866356,B001,BROU,0.28660174300584096,False
20261568,B001,BROU,0.29333646646032274,B001,BROU,0.31745045339916106,False
20261569,B001,BROU,0.31574108689969915,B001,BROU,0.40763709189650027,False
20261570,B001,BROU,0.29397486399713496,B001,BROU,0.2892062788655489,False
20261571,B001,BROU,0.291326193624294,B001,BROU,0.26173196438877533,False
20261572,B001,BROU,0.35882504700208895,B001,BROU,0.3495190750852565,False
20261573,B001,BROU,0.26252889242910943,B001,BROU,0.2877583495170813,False
20261574,B001,BROU,0.29412957412528445,B001,BROU,0.29395670167703036,False
20261575,B001,BROU,0.32549694516799604,B001,BROU,0.3344912970579358,False
20261576,B001,BROU,0.30086962531428263,B001,BROU,0.30013943423820233,False
20261577,B001,BROU,0.28947641117995004,B001,BROU,0.3163796327473682,False
20261578,B001,BROU,0.2894901501235233,B001,BROU,0.3043113423751113,False
20261579,B001,BROU,0.27381378404287515,B001,BROU,0.2876661773669049,False
20261580,B001,BROU,0.28187004589115106,B001,BROU,0.2921481428249844,False
20261581,B001,BROU,0.30885424868699396,B001,BROU,0.3050197228235561,False
20261582,B001,BROU,0.2973431903201469,B001,BROU,0.3577033466249229,False
20261583,B001,BROU,0.2975022861472983,B001,BROU,0.3201469988610154,False
20261584,B001,BROU,0.30307823722239235,B001,BROU,0.25867382448708354,False
20261585,B001,BROU,0.29243660376635777,B001,BROU,0.27643634839408376,False
20261586,B001,BROU,0.28396529718349217,B001,BROU,0.2816085676695096,False
20261587,B001,BROU,0.30533262901038993,B001,BROU,0.3023398344033929,False
20261588,B001,BROU,0.325330352541346,B001,BROU,0.3098724180929178,False
20261589,B001,BROU,0.30242520775463794,B001,BROU,0.25330233425636833,False
20261590,B001,BROU,0.30988861826758224,B001,BROU,0.3030262998228551,False
20261591,B001,BROU,0.30864050194761716,B001,BROU,0.2752384441962867,False
20261592,B001,BROU,0.3071777411454617,B001,BROU,0.2945926567942844,False
20261593,B001,BROU,0.3148340708031051,B001,BROU,0.3007335178851146,False
20261594,B001,BROU,0.3027407850534485,B001,BROU,0.2847724353148009,False
20261595,B001,BROU,0.29062031133705557,B001,BROU,0.28914299065157784,False
20261596,B001,BROU,0.2928592306441079,B001,BROU,0.33641910868250596,False
20261597,B001,BROU,0.2802810385824691,B001,BROU,0.2891752935619419,False
20261598,B001,BROU,0.29168160661849646,B001,BROU,0.3024456424387687,False
20261599,B001,BROU,0.28639410864234316,B001,BROU,0.33046535237761543,False
20261600,B001,BROU,0.28894954091567066,B001,BROU,0.2971796009085883,False
20261601,B001,BROU,0.32772880197727816,B001,BROU,0.3251836404641207,False
20261602,B001,BROU,0.30349747414564676,B001,BROU,0.25741610286244127,False
20261603,B001,BROU,0.2966217341774991,B001,BROU,0.3041207470864465,False
20261604,B001,BROU,0.2939021256921106,B001,BROU,0.30759815571963606,False
20261605,B001,BROU,0.2975981221048127,B001,BROU,0.27727029470390696,False
20261606,B001,BROU,0.3155578276863441,B001,BROU,0.316437166601404,False
20261607,B001,BROU,0.29255730986971734,B001,BROU,0.30971164053063066,False
20261608,B001,BROU,0.31930642048513547,B001,BROU,0.2079005032048377,False
20261609,B001,BROU,0.3102456979130255,B001,BROU,0.3059392284631691,False
20261610,B001,BROU,0.3070435779210959,B001,BROU,0.2971801696328809,False
20261611,B001,BROU,0.29101713316528416,B001,BROU,0.3266415537802026,False
20261612,B001,BROU,0.30524147087197745,B001,BROU,0.31235230265527925,False
20261613,B001,BROU,0.27996561656328617,B001,BROU,0.2982612192684609,False
20261614,B001,BROU,0.28609205762176315,B001,BROU,0.2968200891174204,False
20261615,B001,BROU,0.2988207668685962,B001,BROU,0.3383914007397355,False
20261616,B001,BROU,0.29792393569794273,B001,BROU,0.292332516088561,False
20261617,B001,BROU,0.31430358708813977,B001,BROU,0.29981096720711836,False
20261618,B001,BROU,0.27912659700896664,B001,BROU,0.3606986549222098,False
20261619,B001,BROU,0.29505892503108183,B001,BROU,0.3012389606408724,False
20261620,B001,BROU,0.3138066176138066,B001,BROU,0.3281887351166441,False
20261621,B001,BROU,0.30199807123739525,B001,BROU,0.3658484226774288,False
20261622,B001,BROU,0.30108839504333135,B001,BROU,0.22893871812921304,False
20261623,B001,BROU,0.30422758174282777,B001,BROU,0.30943359131378134,False
20261624,B001,BROU,0.30047627771439717,B001,BROU,0.2831830416714815,False
20261625,B001,BROU,0.283434140087566,B001,BROU,0.2981419743515679,False
20261626,B001,BROU,0.31299265326648257,B001,BROU,0.3632720503381369,False
20261627,B001,BROU,0.2957533062460054,B001,BROU,0.3222706762742247,False
20261628,B001,BROU,0.33550577618269994,B001,BROU,0.3302918956028305,False
20261629,B001,BROU,0.30483947420093493,B001,BROU,0.2935104479564835,False
20261630,B001,BROU,0.28346846701982215,B001,BROU,0.284439206261615,False
20261631,B001,BROU,0.30332887944661335,B001,BROU,0.3444763774498257,False
20261632,B001,BROU,0.2891037102378948,B001,BROU,0.29620072321908986,False
20261633,B001,BROU,0.28290256186806984,B001,BROU,0.29142038947035104,False
20261634,B001,BROU,0.2899608801478781,B001,BROU,0.2943754828096169,False
20261635,B001,BROU,0.28212554543464946,B001,BROU,0.26719838834945037,False
20261636,B001,BROU,0.311123690087124,B001,BROU,0.2766809705374747,False
20261637,B001,BROU,0.29047619488907944,B001,BROU,0.293164243501576,False
20261638,B001,BROU,0.31329041955855996,B001,BROU,0.338057975004498,False
20261639,B001,BROU,0.283704299692055,B001,BROU,0.20500431042655615,False
20261640,B001,BROU,0.30940857029774765,B001,BROU,0.30759796458336663,False
20261641,B001,BROU,0.28406878201167285,B001,BROU,0.3318972311329665,False
20261642,B001,BROU,0.29693881916216813,B001,BROU,0.26768875971697476,False
20261643,B001,BROU,0.3118549710683872,B001,BROU,0.2840489970271702,False
20261644,B001,BROU,0.30322321738784713,B001,BROU,0.30624146763831234,False
20261645,B001,BROU,0.3026534828878818,B001,BROU,0.27776018721560336,False
20261646,B001,BROU,0.31760967501569426,B001,BROU,0.3025941501723318,False
20261647,B001,BROU,0.30199256923467344,B001,BROU,0.31205955083610004,False
20261648,B001,BROU,0.3048332740986486,B001,BROU,0.28484819484053286,False
20261649,B001,BROU,0.2964423054612115,B001,BROU,0.29511303906022324,False
20261650,B001,BROU,0.3190252164626539,B001,BROU,0.2781220356838746,False
20261651,B001,BROU,0.3208823246151121,B001,BROU,0.3349886237183762,False
20261652,B001,BROU,0.32253877010772813,B001,BROU,0.35417687932248587,False
20261653,B001,BROU,0.30132885203787524,B001,BROU,0.2705780784222308,False
20261654,B001,BROU,0.28225195700139843,B001,BROU,0.29843262254983277,False
20261655,B001,BROU,0.2864607786634514,B001,BROU,0.20949421643812735,False
20261656,B001,BROU,0.27608438441279676,B001,BROU,0.2758824714426576,False
20261657,B001,BROU,0.28493596825675116,B001,BROU,0.29678287128499364,False
20261658,B001,BROU,0.28242277248102793,B001,BROU,0.3378120822989163,False
20261659,B001,BROU,0.28942106051235184,B001,BROU,0.29775138604983387,False
20261660,B001,BROU,0.28519968801367773,B001,BROU,0.3142672556425692,False
20261661,B001,BROU,0.3134623171528847,B001,BROU,0.32940789370577755,False
20261662,B001,BROU,0.30594302630696213,B001,BROU,0.32131587406128403,False
20261663,B001,BROU,0.2953728949628547,B001,BROU,0.3106128170846573,False
20261664,B001,BROU,0.3109876786493832,B001,BROU,0.33310307806031464,False
20261665,B001,BROU,0.30585781413222934,B001,BROU,0.2686343777629796,False
20261666,B001,BROU,0.28368013545621396,B001,BROU,0.2958102363109596,False
20261667,B001,BROU,0.31309659829083236,B001,BROU,0.3346815966163931,False
20261668,B001,BROU,0.28657514680256785,B001,BROU,0.29110799821325395,False
20261669,B001,BROU,0.2933227932733355,B001,BROU,0.3068949014419602,False
20261670,B001,BROU,0.3048190979652504,B001,BROU,0.3002033410062144,False
20261671,B001,BROU,0.3153456385940975,B001,BROU,0.39309103494341613,False
20261672,B001,BROU,0.3076306811178746,B001,BROU,0.32584148826683806,False
20261673,B001,BROU,0.28218780281350053,B001,BROU,0.35493827601665556,False
20261674,B001,BROU,0.2873249621833118,B001,BROU,0.2876291532617404,False
20261675,B001,BROU,0.3306376886641465,B001,BROU,0.3136948942496975,False
20261676,B001,BROU,0.30674644874655677,B001,BROU,0.2907924934819329,False
20261677,B001,BROU,0.2748565164307169,B001,BROU,0.328670044084543,False
20261678,B001,BROU,0.2864639491390981,B001,BROU,0.2897433844868814,False
20261679,B001,BROU,0.31623605429585044,B001,BROU,0.2606360209009838,False
20261680,B001,BROU,0.3076893474869385,B001,BROU,0.3236714705359219,False
20261681,B001,BROU,0.3122547793666341,B001,BROU,0.3080089577773586,False
20261682,B001,BROU,0.2953823786829725,B001,BROU,0.3047401063831249,False
20261683,B001,BROU,0.29025796464891496,B001,BROU,0.29796954024704425,False
20261684,B001,BROU,0.28411148141565734,B001,BROU,0.2648110298471133,False
20261685,B001,BROU,0.2931700509625215,B001,BROU,0.3052438446047013,False
20261686,B001,BROU,0.3372272436179746,B001,BROU,0.31631471433865155,False
20261687,B001,BROU,0.30215701767801917,B001,BROU,0.3137168021773416,False
20261688,B001,BROU,0.2814206597931531,B001,BROU,0.29547631398937885,False
20261689,B001,BROU,0.2962654799028316,B001,BROU,0.25934281228260225,False
20261690,B001,BROU,0.28150843539526943,B001,BROU,0.2580223647041084,False
20261691,B001,BROU,0.2901156418105633,B001,BROU,0.27700153923062876,False
20261692,B001,BROU,0.3103131284633415,B001,BROU,0.3622193990187307,False
20261693,B001,BROU,0.3290006194800307,B001,BROU,0.2921470627554417,False
20261694,B001,BROU,0.3332339042987348,B001,BROU,0.31308080570091545,False
20261695,B001,BROU,0.29898739693693965,B001,BROU,0.2589846967359873,False
20261696,B001,BROU,0.2885101772291345,B001,BROU,0.29233998965656277,False
20261697,B001,BROU,0.29161028030495156,B001,BROU,0.3360805043703941,False
20261698,B001,BROU,0.31959573012829734,B001,BROU,0.2869690803364458,False
20261699,B001,BROU,0.306167497564971,B001,BROU,0.30247723031055523,False
20261700,B001,BROU,0.2879804498829579,B001,BROU,0.21640486494739725,False
20261701,B001,BROU,0.31798701827410814,B001,BROU,0.3076623258854073,False
20261702,B001,BROU,0.31119810801174314,B001,BROU,0.30522461210535284,False
20261703,B001,BROU,0.29302805129682297,B001,BROU,0.29302450798620244,False
20261704,B001,BROU,0.2996256828363971,B001,BROU,0.31174489919121623,False
20261705,B001,BROU,0.3273280797007674,B001,BROU,0.29290297227248585,False
20261706,B001,BROU,0.3005374888298473,B001,BROU,0.23206417966187678,False
20261707,B001,BROU,0.3213421525652175,B001,BROU,0.29123110971854843,False
20261708,B001,BROU,0.29201172284419025,B001,BROU,0.3119980757503258,False
20261709,B001,BROU,0.3129040871268807,B001,BROU,0.3037725729432205,False
20261710,B001,BROU,0.3083132163639934,B001,BROU,0.3318377421877912,False
20261711,B001,BROU,0.3013903493750144,B001,BROU,0.3133190631755687,False
20261712,B001,BROU,0.31000194963734934,B001,BROU,0.32621458016975113,False
20261713,B001,BROU,0.2965213071481298,B001,BROU,0.2949816110961652,False
20261714,B001,BROU,0.29299433768053307,B001,BROU,0.2922301866733387,False
20261715,B001,BROU,0.31867218864185415,B001,BROU,0.31539781635149056,False
20261716,B001,BROU,0.3120544057613731,B001,BROU,0.2850148216576584,False
20261717,B001,BROU,0.3153561734997684,B001,BROU,0.2994688260771028,False
20261718,B001,BROU,0.31328773350801736,B001,BROU,0.3193073308808559,False
20261719,B001,BROU,0.29233238375632314,B001,BROU,0.31373626283366934,False
20261720,B001,BROU,0.3002233382063075,B001,BROU,0.3519558780510507,False
20261721,B001,BROU,0.28085917980166875,B001,BROU,0.3099816762430371,False
20261722,B001,BROU,0.2829680077482994,B001,BROU,0.290326563985988,False
20261723,B001,BROU,0.3027585176355458,B001,BROU,0.2447641839137725,False
20261724,B001,BROU,0.30008425136024774,B001,BROU,0.29716811432022483,False
20261725,B001,BROU,0.2699055164993405,B001,BROU,0.2547666174953387,False
20261726,B001,BROU,0.314112797888802,B001,BROU,0.31658243599529773,False
20261727,B001,BROU,0.30343996800284934,B001,BROU,0.39354866051420456,False
20261728,B001,BROU,0.3292752102692124,B001,BROU,0.38009322292479586,False
20261729,B001,BROU,0.29532736744347543,B001,BROU,0.2760280782342032,False
20261730,B001,BROU,0.332441654302843,B001,BROU,0.35394624385975476,False
20261731,B001,BROU,0.2999487757844901,B001,BROU,0.24988322852379533,False
20261732,B001,BROU,0.3005648016889316,B001,BROU,0.3198050384735419,False
20261733,B001,BROU,0.31508157514575075,B001,BROU,0.29417622945554694,False
20261734,B001,BROU,0.2989197509293711,B001,BROU,0.2823689443867572,False
20261735,B001,BROU,0.30309046667429085,B001,BROU,0.2986051031175757,False
20261736,B001,BROU,0.30618407690451677,B001,BROU,0.2985986665448128,False
20261737,B001,BROU,0.33926907242616294,B001,BROU,0.28145228741064904,False
20261738,B001,BROU,0.28971902133579575,B001,BROU,0.23367216077491507,False
20261739,B001,BROU,0.3291888388873853,B001,BROU,0.36072420842107067,False
20261740,B001,BROU,0.3078968287739644,B001,BROU,0.3011027787450104,False
20261741,B001,BROU,0.29171720936508605,B001,BROU,0.3166055560643845,False
20261742,B001,BROU,0.2974204257746518,B001,BROU,0.3208877341792724,False
20261743,B001,BROU,0.3087413227284662,B001,BROU,0.29690702338877606,False
20261744,B001,BROU,0.29911327397856974,B001,BROU,0.35182404443521814,False
20261745,B001,BROU,0.30738253476283783,B001,BROU,0.2844715687619152,False
20261746,B001,BROU,0.28312466478115167,B001,BROU,0.2927539010047015,False
20261747,B001,BROU,0.3021085510192856,B001,BROU,0.28880224572680285,False
20261748,B001,BROU,0.29962685198274386,B001,BROU,0.32574941019902237,False
20261749,B001,BROU,0.30652293930037416,B001,BROU,0.27631191215701023,False
20261750,B001,BROU,0.312199848272017,B001,BROU,0.30999796711387245,False
20261751,B001,BROU,0.3362615576278972,B001,BROU,0.3329055803817422,False
20261752,B001,BROU,0.33381532309800543,B001,BROU,0.3479539039635161,False
20261753,B001,BROU,0.2854649866269165,B001,BROU,0.2364670074521023,False
20261754,B001,BROU,0.2929991006538501,B001,BROU,0.2917795935225001,False
20261755,B001,BROU,0.30995112777232375,B001,BROU,0.20687265646844605,False
20261756,B001,BROU,0.2965350319303015,B007,Santander Uruguay,0.22086901869117054,True
20261757,B001,BROU,0.29883262227202645,B001,BROU,0.32752883028966734,False
20261758,B001,BROU,0.2982695382714929,B001,BROU,0.31166070289569,False
20261759,B001,BROU,0.2898357163640275,B001,BROU,0.33240888155048115,False
20261760,B001,BROU,0.29013815576774743,B001,BROU,0.270022295872775,False
20261761,B001,BROU,0.28708471366797683,B001,BROU,0.2950268725910279,False
20261762,B001,BROU,0.3103943410166819,B001,BROU,0.297762625908889,False
20261763,B001,BROU,0.28614467669797017,B001,BROU,0.28207454105996727,False
20261764,B001,BROU,0.2857148107957264,B001,BROU,0.32247180358854927,False
20261765,B001,BROU,0.29336699894414664,B001,BROU,0.3231889811150571,False
20261766,B001,BROU,0.28481789550893977,B001,BROU,0.27057494062925047,False
20261767,B001,BROU,0.2904055603603657,B001,BROU,0.3286390811859849,False
20261768,B001,BROU,0.29663044895811,B001,BROU,0.3082551155636755,False
20261769,B001,BROU,0.31189637733965336,B001,BROU,0.31219911446396637,False
20261770,B001,BROU,0.30540431463075424,B001,BROU,0.33994313072235555,False
20261771,B001,BROU,0.30136668836213326,B001,BROU,0.29930384587849174,False
20261772,B001,BROU,0.30415598765092633,B001,BROU,0.33166166456644003,False
20261773,B001,BROU,0.3107785419031113,B001,BROU,0.32260421006908985,False
20261774,B001,BROU,0.2800704502567833,B001,BROU,0.24100536942494785,False
20261775,B001,BROU,0.3104969810917898,B001,BROU,0.31657202652721356,False
20261776,B001,BROU,0.3046164570492387,B001,BROU,0.367365742831791,False
20261777,B001,BROU,0.2898249290621003,B001,BROU,0.33561906621927085,False
20261778,B001,BROU,0.30668107953048873,B001,BROU,0.3065082653425164,False
20261779,B001,BROU,0.30164334655811076,B001,BROU,0.3201472542089996,False
20261780,B001,BROU,0.2836238146229481,B001,BROU,0.2780096345256857,False
20261781,B001,BROU,0.31869241320183217,B001,BROU,0.30582713155210367,False
20261782,B001,BROU,0.2979554762208837,B001,BROU,0.2963196791984509,False
20261783,B001,BROU,0.280302123832923,B001,BROU,0.28366506885565235,False
20261784,B001,BROU,0.28306886789645486,B001,BROU,0.2748508470566305,False
20261785,B001,BROU,0.28573141946762337,B001,BROU,0.24573007250353748,False
20261786,B001,BROU,0.29435914133286456,B001,BROU,0.2853181639849636,False
20261787,B001,BROU,0.29165583230055614,B001,BROU,0.316493595015389,False
20261788,B001,BROU,0.28514692677300535,B001,BROU,0.3160890222445521,False
20261789,B001,BROU,0.27624323030169884,B001,BROU,0.29910207028936203,False
20261790,B001,BROU,0.2819700408494668,B001,BROU,0.2805142432848286,False
20261791,B001,BROU,0.3177967707588826,B001,BROU,0.30970551606731983,False
20261792,B001,BROU,0.2869747426759917,B001,BROU,0.3309848986753894,False
20261793,B001,BROU,0.2988969025293184,B001,BROU,0.2865490931942728,False
20261794,B001,BROU,0.2963424125485651,B001,BROU,0.29042495604627244,False
20261795,B001,BROU,0.2732111378010168,B001,BROU,0.268624497481648,False
20261796,B001,BROU,0.28655040520069763,B001,BROU,0.2548473196200574,False
20261797,B001,BROU,0.30536352668999606,B001,BROU,0.31825087163571775,False
20261798,B001,BROU,0.3138170358466235,B001,BROU,0.2721584444088621,False
20261799,B001,BROU,0.303860434046031,B001,BROU,0.3090499847537591,False
20261800,B001,BROU,0.3052428296387847,B001,BROU,0.3569424715177342,False
20261801,B001,BROU,0.3110205630182515,B001,BROU,0.32156246415534595,False
20261802,B001,BROU,0.30372830021749136,B001,BROU,0.3418243655831488,False
20261803,B001,BROU,0.28785223905740337,B001,BROU,0.2819038797306594,False
20261804,B001,BROU,0.30605400286566575,B001,BROU,0.30996608923296515,False
20261805,B001,BROU,0.3025330746781142,B001,BROU,0.29609563953105106,False
20261806,B001,BROU,0.2980929972391378,B001,BROU,0.3033369944134021,False
20261807,B001,BROU,0.29342287470620626,B001,BROU,0.2798243658246744,False
20261808,B001,BROU,0.3179664399203783,B001,BROU,0.33893739578120863,False
20261809,B001,BROU,0.2970476150137015,B001,BROU,0.3020026823158863,False
20261810,B001,BROU,0.3129443527147418,B001,BROU,0.310162860693697,False
20261811,B001,BROU,0.32241885034999573,B001,BROU,0.27624758532285526,False
20261812,B001,BROU,0.30281652762571654,B001,BROU,0.279330276275011,False
20261813,B001,BROU,0.31158011589399676,B001,BROU,0.3063125544748702,False
20261814,B001,BROU,0.33434032842501593,B001,BROU,0.32192266111336265,False
20261815,B001,BROU,0.29110857322296857,B001,BROU,0.27017273480108134,False
20261816,B001,BROU,0.3167318796739923,B001,BROU,0.24539725891570763,False
20261817,B001,BROU,0.2933023890298496,B001,BROU,0.30291225591236026,False
20261818,B001,BROU,0.28288418282210065,B001,BROU,0.28813666066154964,False
20261819,B001,BROU,0.34736498787014053,B001,BROU,0.32905983405812034,False
20261820,B001,BROU,0.30457691295412476,B001,BROU,0.3125372478526659,False
20261821,B001,BROU,0.27271751935334704,B001,BROU,0.32636618393196587,False
20261822,B001,BROU,0.3044001138716478,B001,BROU,0.33945276317922846,False
20261823,B001,BROU,0.2898918732751632,B001,BROU,0.26943097959514045,False
20261824,B001,BROU,0.30316470892417025,B001,BROU,0.2932731658289297,False
20261825,B001,BROU,0.30709587095476026,B001,BROU,0.3101688528154069,False
20261826,B001,BROU,0.2985354025211506,B001,BROU,0.26828968908505346,False
20261827,B001,BROU,0.29158910861012005,B001,BROU,0.3370093211344105,False
20261828,B001,BROU,0.30296376162183997,B001,BROU,0.2739474606024371,False
20261829,B001,BROU,0.3220306290105113,B001,BROU,0.3097082123843453,False
20261830,B001,BROU,0.3089922087535574,B001,BROU,0.27675432310359765,False
20261831,B001,BROU,0.30406205867382347,B001,BROU,0.29322807627663483,False
20261832,B001,BROU,0.27641696120550907,B001,BROU,0.2630678791760266,False
20261833,B001,BROU,0.29694337204540866,B001,BROU,0.2731782737999298,False
20261834,B001,BROU,0.3044113659496737,B001,BROU,0.36593557908484514,False
20261835,B001,BROU,0.3118833175824016,B001,BROU,0.25400410352418784,False
20261836,B001,BROU,0.297351604275792,B001,BROU,0.35479359016444817,False
20261837,B001,BROU,0.29743079701416303,B001,BROU,0.31593313136229534,False
20261838,B001,BROU,0.33095764436696834,B001,BROU,0.39448580614829154,False
20261839,B001,BROU,0.3518411679707295,B001,BROU,0.34811365253608584,False
20261840,B001,BROU,0.2927313090331852,B001,BROU,0.28989104934631915,False
20261841,B001,BROU,0.30254534042069037,B001,BROU,0.27107306005614146,False
20261842,B001,BROU,0.297824385734174,B001,BROU,0.27809518955764356,False
20261843,B001,BROU,0.32030618335230415,B001,BROU,0.36587164103226233,False
20261844,B001,BROU,0.2706417791867868,B001,BROU,0.2842921131731983,False
20261845,B001,BROU,0.3052393435896969,B001,BROU,0.3000263081467608,False
20261846,B001,BROU,0.2843576983270156,B001,BROU,0.28410152584794074,False
20261847,B001,BROU,0.3250600693173904,B001,BROU,0.3148528655170162,False
20261848,B001,BROU,0.30128574620857634,B001,BROU,0.262264750204326,False
20261849,B001,BROU,0.309026185164392,B001,BROU,0.24919045529186085,False
20261850,B001,BROU,0.2814463816114663,B001,BROU,0.34045330560595327,False
20261851,B001,BROU,0.31142314753302425,B001,BROU,0.32827231642203714,False
20261852,B001,BROU,0.3225673838253578,B001,BROU,0.2983231391850949,False
20261853,B001,BROU,0.3068380154099316,B001,BROU,0.27721190527738426,False
20261854,B001,BROU,0.3077687763869178,B001,BROU,0.35605094721737574,False
20261855,B001,BROU,0.30574027029141826,B001,BROU,0.24525846146292757,False
20261856,B001,BROU,0.307882821028953,B001,BROU,0.28871392406331975,False
20261857,B001,BROU,0.291870451006041,B001,BROU,0.291259983437141,False
20261858,B001,BROU,0.27346561862834745,B001,BROU,0.2510258920682979,False
20261859,B001,BROU,0.2968775666613993,B001,BROU,0.30857606358983636,False
20261860,B001,BROU,0.29606509868118275,B001,BROU,0.29292151149139334,False
20261861,B001,BROU,0.33076308844168056,B001,BROU,0.341241980045613,False
20261862,B001,BROU,0.304719300108345,B001,BROU,0.28498012048438426,False
20261863,B001,BROU,0.30666840338571366,B001,BROU,0.32236431895269513,False
20261864,B001,BROU,0.288137687407512,B001,BROU,0.26293940931836624,False
20261865,B001,BROU,0.27732009178177025,B001,BROU,0.2908711232623405,False
20261866,B001,BROU,0.29456621407886396,B001,BROU,0.34175637275558773,False
20261867,B001,BROU,0.28105389831041055,B001,BROU,0.2299084473677413,False
20261868,B001,BROU,0.3216195959238049,B001,BROU,0.3422452661801493,False
20261869,B001,BROU,0.3159002882046911,B001,BROU,0.30322386736883894,False
20261870,B001,BROU,0.30136111610347194,B001,BROU,0.3145442615633345,False
20261871,B001,BROU,0.30842167413594584,B001,BROU,0.32880577347485185,False
20261872,B001,BROU,0.313666140108225,B001,BROU,0.2984455065430267,False
20261873,B001,BROU,0.277821103814313,B001,BROU,0.250375759380126,False
20261874,B001,BROU,0.27650385272273076,B001,BROU,0.28104900334834976,False
20261875,B001,BROU,0.31696105438478756,B001,BROU,0.3479038075938976,False
20261876,B001,BROU,0.30868200062048495,B001,BROU,0.3046181038752437,False
20261877,B001,BROU,0.310607914230286,B001,BROU,0.3083712784529373,False
20261878,B001,BROU,0.30514131582923465,B001,BROU,0.29656318581357666,False
20261879,B001,BROU,0.3032358164311058,B001,BROU,0.30227093744123484,False
20261880,B001,BROU,0.3544782235264022,B001,BROU,0.3828887859687114,False
20261881,B001,BROU,0.2811276394371276,B001,BROU,0.27587315637899607,False
20261882,B001,BROU,0.3049282648595787,B001,BROU,0.31139214977323637,False
20261883,B001,BROU,0.304680040116023,B001,BROU,0.29647370458433586,False
20261884,B001,BROU,0.3211632720598998,B001,BROU,0.34179218689114116,False
20261885,B001,BROU,0.29768339205730665,B001,BROU,0.31155437989578966,False
20261886,B001,BROU,0.3158647892620087,B001,BROU,0.3079719572919799,False
20261887,B001,BROU,0.31501423299731174,B001,BROU,0.30145330373560913,False
20261888,B001,BROU,0.28455329790122663,B001,BROU,0.2816187427009013,False
20261889,B001,BROU,0.2935706095199109,B001,BROU,0.29846957352742837,False
20261890,B001,BROU,0.2893106964787506,B001,BROU,0.28690068878079006,False
20261891,B001,BROU,0.29055652159753886,B007,Santander Uruguay,0.21651813352561303,True
20261892,B001,BROU,0.28677212781512756,B001,BROU,0.2861392125256629,False
20261893,B001,BROU,0.3309848641966087,B001,BROU,0.3302544600134367,False
20261894,B001,BROU,0.31780873801364323,B001,BROU,0.3185306123086853,False
20261895,B001,BROU,0.300270342816868,B001,BROU,0.30702373402627686,False
20261896,B001,BROU,0.2816206948219977,B001,BROU,0.26887643371176895,False
20261897,B001,BROU,0.29999400285809574,B001,BROU,0.2945883563035197,False
20261898,B001,BROU,0.30321120897296583,B001,BROU,0.30995635712794345,False
20261899,B001,BROU,0.3099717744763935,B001,BROU,0.291656782454832,False
20261900,B001,BROU,0.3055683006004624,B001,BROU,0.2791153463332851,False
20261901,B001,BROU,0.30286760398945556,B001,BROU,0.2992009422571489,False
20261902,B001,BROU,0.31320489006837215,B001,BROU,0.32208156089308637,False
20261903,B001,BROU,0.28998532518516196,B001,BROU,0.28900384482423636,False
20261904,B001,BROU,0.2905615743811164,B001,BROU,0.2850534192325075,False
20261905,B001,BROU,0.3013258917598212,B001,BROU,0.3106078030611273,False
20261906,B001,BROU,0.31079503921980467,B001,BROU,0.27876672460594826,False
20261907,B001,BROU,0.31869875135213566,B001,BROU,0.38584265232485854,False
20261908,B001,BROU,0.3137558253916627,B001,BROU,0.32336113962684654,False
20261909,B001,BROU,0.3031371802276761,B001,BROU,0.3726250507693262,False
20261910,B001,BROU,0.30271409721747067,B001,BROU,0.28645942499186267,False
20261911,B001,BROU,0.3065928522539242,B001,BROU,0.3398001715947822,False
20261912,B001,BROU,0.32168368934651836,B001,BROU,0.3430460365614901,False
20261913,B001,BROU,0.31658899884995556,B001,BROU,0.2618515799255271,False
20261914,B001,BROU,0.3106081040501287,B001,BROU,0.29129425870833153,False
20261915,B001,BROU,0.295545016184785,B001,BROU,0.3040581555631822,False
20261916,B001,BROU,0.2921100458438334,B001,BROU,0.29595461103838816,False
20261917,B001,BROU,0.3019448414051654,B001,BROU,0.28560045694189,False
20261918,B001,BROU,0.30516200305598307,B001,BROU,0.23367468589147433,False
20261919,B001,BROU,0.2775909290116903,B001,BROU,0.26272760040683973,False
20261920,B001,BROU,0.3123173042001887,B001,BROU,0.3190290044243311,False
20261921,B001,BROU,0.3235646879697652,B007,Santander Uruguay,0.2670485202015233,True
20261922,B001,BROU,0.29054714244903634,B001,BROU,0.33754053027780156,False
20261923,B001,BROU,0.2983083457872639,B001,BROU,0.19690376126018463,False
20261924,B001,BROU,0.270559577103262,B001,BROU,0.2834310702188602,False
20261925,B001,BROU,0.29923357203624484,B001,BROU,0.2875598998297614,False
20261926,B001,BROU,0.30691651912409545,B001,BROU,0.3075749661380465,False
20261927,B001,BROU,0.29545819014604385,B001,BROU,0.3169520275012372,False
20261928,B001,BROU,0.3178123999108223,B001,BROU,0.22695330335863104,False
20261929,B001,BROU,0.29940509210376226,B001,BROU,0.27251626860665507,False
20261930,B001,BROU,0.2878315559945894,B001,BROU,0.3165485476991649,False
20261931,B001,BROU,0.3030735442335217,B001,BROU,0.3172099129573864,False
20261932,B001,BROU,0.2974526065869074,B001,BROU,0.29105417757879753,False
20261933,B001,BROU,0.32306022677101964,B001,BROU,0.3347001572338593,False
20261934,B001,BROU,0.32665253403932304,B001,BROU,0.3334457821726433,False
20261935,B001,BROU,0.29260671095680046,B001,BROU,0.28422214761430764,False
20261936,B001,BROU,0.29705711486860753,B001,BROU,0.31220745542135064,False
20261937,B001,BROU,0.31168085889897423,B001,BROU,0.2993343355658428,False
20261938,B001,BROU,0.3137049819155385,B001,BROU,0.3166008593992264,False
20261939,B001,BROU,0.31012655443122605,B001,BROU,0.2925207919810051,False
20261940,B001,BROU,0.28690027500982235,B001,BROU,0.27847423944656263,False
20261941,B001,BROU,0.3149917318763531,B001,BROU,0.27080450388939276,False
20261942,B001,BROU,0.31774631188754393,B001,BROU,0.35039698483640397,False
20261943,B001,BROU,0.30228642049226195,B001,BROU,0.30348137778363077,False
20261944,B001,BROU,0.2709849379212518,B001,BROU,0.2303996031438722,False
20261945,B001,BROU,0.3043152552730123,B001,BROU,0.3046950236780313,False
20261946,B001,BROU,0.2862691272227422,B001,BROU,0.28631663468721424,False
20261947,B001,BROU,0.2970385482747139,B001,BROU,0.2410619903891346,False
20261948,B001,BROU,0.2908673607024558,B001,BROU,0.2688030223779087,False
20261949,B001,BROU,0.2787290770909017,B001,BROU,0.2810993548181865,False
20261950,B001,BROU,0.30880337870907043,B001,BROU,0.2877686671349799,False
20261951,B001,BROU,0.30414478975996584,B001,BROU,0.2840695604880232,False
20261952,B001,BROU,0.28228279889302843,B001,BROU,0.2909566354788768,False
20261953,B001,BROU,0.2996580422288472,B001,BROU,0.3003029794320474,False
20261954,B001,BROU,0.3554641613670961,B001,BROU,0.23695147700494548,False
20261955,B001,BROU,0.2883224116853218,B001,BROU,0.2866639168518082,False
20261956,B001,BROU,0.307580975656726,B001,BROU,0.32070293207239886,False
20261957,B001,BROU,0.3060548060007648,B001,BROU,0.2702061947586872,False
20261958,B001,BROU,0.2964892377422457,B001,BROU,0.29871235407513513,False
20261959,B001,BROU,0.2905971678199795,B001,BROU,0.33460085451734595,False
20261960,B001,BROU,0.3105872407291593,B001,BROU,0.29530393249808984,False
20261961,B001,BROU,0.2815675343163498,B001,BROU,0.2800543684739827,False
20261962,B001,BROU,0.29591734766709377,B001,BROU,0.3075619362720609,False
20261963,B001,BROU,0.29248676737732815,B001,BROU,0.29231975962593215,False
20261964,B001,BROU,0.3294086650204445,B001,BROU,0.2875084869914447,False
20261965,B001,BROU,0.2809986264433617,B001,BROU,0.23951163183694302,False
20261966,B001,BROU,0.31317036069376186,B001,BROU,0.3207810873732728,False
20261967,B001,BROU,0.28393686794067685,B001,BROU,0.2921502908737407,False
20261968,B001,BROU,0.3124572921497938,B001,BROU,0.33677009352723625,False
20261969,B001,BROU,0.30303676995764256,B001,BROU,0.27099444925010235,False
20261970,B001,BROU,0.28997534286513477,B001,BROU,0.3023273099189961,False
20261971,B001,BROU,0.27938952416135376,B001,BROU,0.2239274926559224,False
20261972,B001,BROU,0.31793820706228193,B001,BROU,0.3296345694475128,False
20261973,B001,BROU,0.2982320996855599,B001,BROU,0.2895905331550397,False
20261974,B001,BROU,0.31189655106969494,B001,BROU,0.31461835372478664,False
20261975,B001,BROU,0.32233313954804593,B001,BROU,0.29719215129561016,False
20261976,B001,BROU,0.3079108655427803,B001,BROU,0.35887445539308793,False
20261977,B001,BROU,0.30266322283697056,B001,BROU,0.1873016454188127,False
20261978,B001,BROU,0.2896122568236802,B001,BROU,0.29943100205068746,False
20261979,B001,BROU,0.31031989148805683,B001,BROU,0.30354674761695805,False
20261980,B001,BROU,0.26712911418684787,B001,BROU,0.23858164505393478,False
20261981,B001,BROU,0.3156444534501388,B001,BROU,0.3232705281373907,False
20261982,B001,BROU,0.2985535715581554,B001,BROU,0.337397632756093,False
20261983,B001,BROU,0.318724086653854,B001,BROU,0.32680973110927625,False
20261984,B001,BROU,0.28998563944245964,B001,BROU,0.2970985524030482,False
20261985,B001,BROU,0.29188331902652126,B001,BROU,0.28456848822969966,False
20261986,B001,BROU,0.2892661661798363,B001,BROU,0.3089539669297193,False
20261987,B001,BROU,0.2901699320293187,B001,BROU,0.2638837181725335,False
20261988,B001,BROU,0.32104786644420924,B001,BROU,0.30018586062501024,False
20261989,B001,BROU,0.31918246737809247,B001,BROU,0.32819775239485927,False
20261990,B001,BROU,0.29099855512318773,B001,BROU,0.29224990654522454,False
20261991,B001,BROU,0.31720606295055925,B001,BROU,0.27103810802858236,False
20261992,B001,BROU,0.302695147737522,B001,BROU,0.27769596270565544,False
20261993,B001,BROU,0.2789437569433177,B001,BROU,0.27541341271989117,False
20261994,B001,BROU,0.32281739176767116,B001,BROU,0.3102671976774607,False
20261995,B001,BROU,0.26698455971422885,B001,BROU,0.2653669092702901,False
20261996,B001,BROU,0.2751558390991451,B001,BROU,0.269707743788936,False
20261997,B001,BROU,0.300933764445472,B001,BROU,0.29029855680169153,False
20261998,B001,BROU,0.2900547365085539,B001,BROU,0.3092495701673114,False
20261999,B001,BROU,0.30792540573990973,B001,BROU,0.32432794960105565,False
20262000,B001,BROU,0.31677606617364906,B001,BROU,0.32918695790467734,False
20262001,B001,BROU,0.2991868671480192,B001,BROU,0.2999223460635556,False
20262002,B001,BROU,0.31125969038261286,B001,BROU,0.27366010450105616,False
20262003,B001,BROU,0.2830730629691821,B001,BROU,0.30783768899954905,False
20262004,B001,BROU,0.2953209657404423,B001,BROU,0.31897342050940125,False
20262005,B001,BROU,0.2997614707300089,B001,BROU,0.31077936211747376,False
20262006,B001,BROU,0.29865137522733765,B001,BROU,0.2909724410067839,False
20262007,B001,BROU,0.30527759394782544,B001,BROU,0.27165647519268377,False
20262008,B001,BROU,0.2947838717852089,B001,BROU,0.2801424485005881,False
20262009,B001,BROU,0.29589289943494945,B001,BROU,0.2640959598763782,False
20262010,B001,BROU,0.34573765477044,B001,BROU,0.3588731430727394,False
20262011,B001,BROU,0.28219434816605227,B001,BROU,0.3030672835245031,False
20262012,B001,BROU,0.3019193902776253,B001,BROU,0.2975316989735682,False
20262013,B001,BROU,0.29633807834922554,B001,BROU,0.30905453125600585,False
20262014,B001,BROU,0.2998168904840834,B001,BROU,0.28682984385956134,False
20262015,B001,BROU,0.2903614408392366,B001,BROU,0.3264910943842889,False
20262016,B001,BROU,0.3041366579069092,B001,BROU,0.3085672040976181,False
20262017,B001,BROU,0.30675365680147004,B001,BROU,0.26401725218950783,False
20262018,B001,BROU,0.2875876699349834,B001,BROU,0.29964048774595575,False
20262019,B001,BROU,0.26778932854021487,B001,BROU,0.3090147351713784,False
20262020,B001,BROU,0.2980401362223148,B001,BROU,0.3069680214896101,False
20262021,B001,BROU,0.28010027896109635,B001,BROU,0.29364620047755813,False
20262022,B001,BROU,0.2919456875353291,B001,BROU,0.28665205475541483,False
20262023,B001,BROU,0.30740789131436824,B001,BROU,0.2890155249772374,False
20262024,B001,BROU,0.3394281281937877,B001,BROU,0.36201811385816146,False
20262025,B001,BROU,0.30174564251733704,B001,BROU,0.29606904836461817,False
20262026,B001,BROU,0.2980502059994303,B001,BROU,0.2846155371136659,False
20262027,B001,BROU,0.28251820712141307,B001,BROU,0.3268738145944605,False
20262028,B001,BROU,0.31393160754849914,B001,BROU,0.3149423908501838,False
20262029,B001,BROU,0.3009878639856278,B001,BROU,0.32668244639459293,False
20262030,B001,BROU,0.2919839610491591,B001,BROU,0.3016218820425982,False
20262031,B001,BROU,0.3064713313461428,B001,BROU,0.29335792241685466,False
20262032,B001,BROU,0.3462570788066908,B001,BROU,0.32613763503895793,False
20262033,B001,BROU,0.3005388610411954,B001,BROU,0.3186058870655878,False
20262034,B001,BROU,0.31316285600013716,B001,BROU,0.3343869694039715,False
20262035,B001,BROU,0.2873308226358835,B001,BROU,0.27842196263127805,False
20262036,B001,BROU,0.295533161835937,B001,BROU,0.28263607511803773,False
20262037,B001,BROU,0.2906594515852594,B001,BROU,0.2846376850062476,False
20262038,B001,BROU,0.3184405087504097,B001,BROU,0.3944248241835817,False
20262039,B001,BROU,0.30813474446670525,B001,BROU,0.28698140207938927,False
20262040,B001,BROU,0.3085478665560443,B001,BROU,0.3128042323204001,False
20262041,B001,BROU,0.2821958399250169,B001,BROU,0.2712333183923304,False
20262042,B001,BROU,0.30105651906085223,B001,BROU,0.25945355289474864,False
20262043,B001,BROU,0.34049358522567547,B001,BROU,0.3143685103226461,False
20262044,B001,BROU,0.30008227907096163,B001,BROU,0.3321533602140206,False
20262045,B001,BROU,0.29793331158230413,B001,BROU,0.28048982999703553,False
20262046,B001,BROU,0.35355166623819645,B001,BROU,0.38215660416491826,False
20262047,B001,BROU,0.3030482601953416,B001,BROU,0.2741670907530243,False
20262048,B001,BROU,0.29938578506284447,B001,BROU,0.2761663696054586,False
20262049,B001,BROU,0.3101632934763338,B001,BROU,0.2859934859723123,False
20262050,B001,BROU,0.3214111305767687,B001,BROU,0.343091896375427,False
20262051,B001,BROU,0.33089302781186114,B001,BROU,0.3443978730101947,False
20262052,B001,BROU,0.3086383766380697,B001,BROU,0.2762878551036926,False
20262053,B001,BROU,0.29997608113996466,B001,BROU,0.25349964373633294,False
20262054,B001,BROU,0.27601702579273907,B001,BROU,0.2985988473759686,False
20262055,B001,BROU,0.2837168090425338,B001,BROU,0.28906942537878805,False
20262056,B001,BROU,0.2877567688297013,B001,BROU,0.27294923259276344,False
20262057,B001,BROU,0.31668097342204204,B001,BROU,0.30750024511851876,False
20262058,B001,BROU,0.28607781580700864,B001,BROU,0.30432245760468957,False
20262059,B001,BROU,0.3215857125311545,B001,BROU,0.1911184834010342,False
20262060,B001,BROU,0.2868302536363613,B001,BROU,0.21077540807702674,False
20262061,B001,BROU,0.30778050255318257,B001,BROU,0.2921540764222128,False
20262062,B001,BROU,0.34312499268980495,B001,BROU,0.328692706875844,False
20262063,B001,BROU,0.2974313718865169,B001,BROU,0.28468562534226033,False
20262064,B001,BROU,0.2981973550312101,B001,BROU,0.30976871618751706,False
20262065,B001,BROU,0.3163286288944869,B001,BROU,0.2744540458173594,False
20262066,B001,BROU,0.29366917341380655,B001,BROU,0.27015926250002714,False
20262067,B001,BROU,0.3053885054065005,B001,BROU,0.2775532382843082,False
20262068,B001,BROU,0.3018815418405375,B001,BROU,0.3097721781222977,False
20262069,B001,BROU,0.29183561161802996,B001,BROU,0.32339569036729,False
20262070,B001,BROU,0.30811334940494656,B001,BROU,0.26748721188240177,False
20262071,B001,BROU,0.3076166880004294,B001,BROU,0.3219142709175373,False
20262072,B001,BROU,0.3060090195158127,B001,BROU,0.3240100749087667,False
20262073,B001,BROU,0.3005181928378908,B001,BROU,0.3014256504982307,False
20262074,B001,BROU,0.34220359890839475,B001,BROU,0.3437232660314138,False
20262075,B001,BROU,0.31315114916241976,B001,BROU,0.3266894296541098,False
20262076,B001,BROU,0.2962735775927362,B001,BROU,0.30012762727571746,False
20262077,B001,BROU,0.2958970285981757,B001,BROU,0.2905790499381033,False
20262078,B001,BROU,0.27437109607007154,B001,BROU,0.26396117801407504,False
20262079,B001,BROU,0.30825622841881917,B001,BROU,0.33894988050914243,False
20262080,B001,BROU,0.30975270269694544,B001,BROU,0.30502748694307763,False
20262081,B001,BROU,0.30326610829440315,B006,Itaú Uruguay,0.1988523158359113,True
20262082,B001,BROU,0.30636049495691087,B001,BROU,0.3462522061645274,False
20262083,B001,BROU,0.29587975999525695,B001,BROU,0.2761453673573846,False
20262084,B001,BROU,0.3347257820271937,B001,BROU,0.34023483173511454,False
20262085,B001,BROU,0.30347710426583513,B001,BROU,0.3230504217649069,False
20262086,B001,BROU,0.2993644697116557,B001,BROU,0.32799218518641204,False
20262087,B001,BROU,0.27247310908719047,B001,BROU,0.23485560714820017,False
20262088,B001,BROU,0.29974890896596407,B001,BROU,0.324786851587232,False
20262089,B001,BROU,0.3323505131110275,B001,BROU,0.2958551244350956,False
20262090,B001,BROU,0.3026347700115503,B001,BROU,0.30455923016764586,False
20262091,B001,BROU,0.31055294386450094,B001,BROU,0.3220310214493994,False
20262092,B001,BROU,0.30027435703867617,B001,BROU,0.3016968214782993,False
20262093,B001,BROU,0.3011817160291193,B001,BROU,0.3004749621754695,False
20262094,B001,BROU,0.2977130975404916,B001,BROU,0.28445289511289484,False
20262095,B001,BROU,0.30133354818929226,B001,BROU,0.33858004368856837,False
20262096,B001,BROU,0.29189782552994875,B001,BROU,0.329485757272817,False
20262097,B001,BROU,0.2988361972448883,B001,BROU,0.2927150760204808,False
20262098,B001,BROU,0.30715878516772244,B001,BROU,0.2907567533022495,False
20262099,B001,BROU,0.31022065129059917,B001,BROU,0.31068769694685294,False
20262100,B001,BROU,0.3175069296823195,B001,BROU,0.3191562308114881,False
20262101,B001,BROU,0.31067209220337955,B001,BROU,0.2952846996509597,False
20262102,B001,BROU,0.3034950077643566,B001,BROU,0.3011226991803381,False
20262103,B001,BROU,0.29430936052430956,B001,BROU,0.3160530753710062,False
20262104,B001,BROU,0.30698114134204046,B001,BROU,0.3008155918683194,False
20262105,B001,BROU,0.30836392636004595,B001,BROU,0.32714493551822976,False
20262106,B001,BROU,0.28667734860881916,B001,BROU,0.2934440093174757,False
20262107,B001,BROU,0.32793015186355284,B001,BROU,0.3258288086762456,False
20262108,B001,BROU,0.3072401235669781,B001,BROU,0.31224510515324827,False
20262109,B001,BROU,0.3141642900234173,B001,BROU,0.29297630325046276,False
20262110,B001,BROU,0.27704100542098614,B007,Santander Uruguay,0.21761116016022514,True
20262111,B001,BROU,0.29361518995169555,B001,BROU,0.3224287055915079,False
20262112,B001,BROU,0.33876824295897456,B001,BROU,0.3360094676810816,False
20262113,B001,BROU,0.27684449680308093,B001,BROU,0.3087768865948712,False
20262114,B001,BROU,0.29370131658477716,B001,BROU,0.32053855542756593,False
20262115,B001,BROU,0.3090193027936382,B001,BROU,0.26950799000729997,False
20262116,B001,BROU,0.30039964264298347,B001,BROU,0.33820317560267077,False
20262117,B001,BROU,0.2895177433192644,B001,BROU,0.2591433779502671,False
20262118,B001,BROU,0.29000539607981474,B001,BROU,0.32730730842057515,False
20262119,B001,BROU,0.2886206978087258,B001,BROU,0.30462535694946213,False
20262120,B001,BROU,0.32717849693650214,B001,BROU,0.32106299968108093,False
20262121,B001,BROU,0.28188609438416923,B001,BROU,0.3035811121537491,False
20262122,B001,BROU,0.31464783932011936,B001,BROU,0.33403651642846643,False
20262123,B001,BROU,0.3143765157623374,B001,BROU,0.33413023373114226,False
20262124,B001,BROU,0.28448252960162906,B001,BROU,0.2862930525180453,False
20262125,B001,BROU,0.30859000771933415,B001,BROU,0.3384554886044182,False
20262126,B001,BROU,0.3198091578034786,B001,BROU,0.3073075988422597,False
20262127,B001,BROU,0.27946649259298195,B001,BROU,0.28141737107121206,False
20262128,B001,BROU,0.30816214909549744,B001,BROU,0.25370717153610584,False
20262129,B001,BROU,0.30252425672312977,B001,BROU,0.28769967213780023,False
20262130,B001,BROU,0.2853004841965317,B001,BROU,0.2989801015702336,False
20262131,B001,BROU,0.27691701398520235,B001,BROU,0.18516965108968,False
20262132,B001,BROU,0.30106787603812135,B001,BROU,0.307508497209614,False
20262133,B001,BROU,0.2883185996915015,B001,BROU,0.2975672145459197,False
20262134,B001,BROU,0.2985554244668584,B001,BROU,0.27941144097166243,False
20262135,B001,BROU,0.28998012063078416,B001,BROU,0.25906418348484317,False
20262136,B001,BROU,0.28683187924823406,B001,BROU,0.3110931741579412,False
20262137,B001,BROU,0.2861430916751292,B001,BROU,0.3336608376276169,False
20262138,B001,BROU,0.3195198701214095,B001,BROU,0.3365267909553391,False
20262139,B001,BROU,0.30147596538255983,B001,BROU,0.31501352975119395,False
20262140,B001,BROU,0.30715018971908353,B001,BROU,0.2901173303239998,False
20262141,B001,BROU,0.3024086386816131,B001,BROU,0.31708169395723623,False
20262142,B001,BROU,0.28924631721976474,B001,BROU,0.27304526445231386,False
20262143,B001,BROU,0.32901602336275765,B001,BROU,0.3225640526539423,False
20262144,B001,BROU,0.30691724462244074,B001,BROU,0.28943213469406187,False
20262145,B001,BROU,0.28713134130405515,B001,BROU,0.2730130886891671,False
20262146,B001,BROU,0.3243686581002517,B001,BROU,0.31887092529704497,False
20262147,B001,BROU,0.3008157150681539,B001,BROU,0.2950497187855489,False
20262148,B001,BROU,0.2781144214746311,B001,BROU,0.2929495187954329,False
20262149,B001,BROU,0.2875589598451773,B001,BROU,0.2840262409031472,False
20262150,B001,BROU,0.3109673160769002,B001,BROU,0.33832479017819334,False
20262151,B001,BROU,0.27795425816724856,B001,BROU,0.2730606415727691,False
20262152,B001,BROU,0.2679111955689371,B001,BROU,0.31866614777237456,False
20262153,B001,BROU,0.28596766722810385,B001,BROU,0.30293261435300284,False
20262154,B001,BROU,0.329156294520595,B001,BROU,0.3283470999736616,False
20262155,B001,BROU,0.28716375671834404,B001,BROU,0.2700888880675078,False
20262156,B001,BROU,0.31097526789801794,B001,BROU,0.2949221645129051,False
20262157,B001,BROU,0.2907169634095473,B001,BROU,0.30937058846678267,False
20262158,B001,BROU,0.3022887370709282,B001,BROU,0.28657194791122803,False
20262159,B001,BROU,0.3041541986054372,B001,BROU,0.3206424252761363,False
20262160,B001,BROU,0.2767280115914115,B006,Itaú Uruguay,0.22263596909702546,True
20262161,B001,BROU,0.32448414178697393,B001,BROU,0.3083726894636685,False
20262162,B001,BROU,0.3005568227260884,B001,BROU,0.289383792760136,False
20262163,B001,BROU,0.3275029501531479,B001,BROU,0.27938900761123153,False
20262164,B001,BROU,0.3134746397680013,B001,BROU,0.3158332713555016,False
20262165,B001,BROU,0.30285868485027156,B001,BROU,0.3107159372194063,False
20262166,B001,BROU,0.30309106934933594,B001,BROU,0.28477490226654456,False
20262167,B001,BROU,0.31494675676353867,B001,BROU,0.2873558148058683,False
20262168,B001,BROU,0.33077123973161043,B001,BROU,0.33284549285144627,False
20262169,B001,BROU,0.28107024071724507,B001,BROU,0.303113369301496,False
20262170,B001,BROU,0.28293181109201865,B001,BROU,0.27128241412990023,False
20262171,B001,BROU,0.2955308757879532,B001,BROU,0.30998016837978576,False
20262172,B001,BROU,0.32884583557612523,B001,BROU,0.3668050330318745,False
20262173,B001,BROU,0.33549579660866824,B001,BROU,0.34327249299558854,False
20262174,B001,BROU,0.29544138591726404,B001,BROU,0.295164448265159,False
20262175,B001,BROU,0.26594520098324725,B007,Santander Uruguay,0.23151745042983105,True
20262176,B001,BROU,0.30979908750565194,B001,BROU,0.3020790289928325,False
20262177,B001,BROU,0.3000148314037576,B001,BROU,0.28878638406975243,False
20262178,B001,BROU,0.2685123752312877,B001,BROU,0.2572129412547312,False
20262179,B001,BROU,0.3066104126512344,B001,BROU,0.34138696365233123,False
20262180,B001,BROU,0.30032616376292903,B001,BROU,0.2880436727892895,False
20262181,B001,BROU,0.2854088940767977,B001,BROU,0.2689759089480405,False
20262182,B001,BROU,0.3137203205800425,B001,BROU,0.3345787402475944,False
20262183,B001,BROU,0.2912870646176922,B001,BROU,0.25193883653004095,False
20262184,B001,BROU,0.30695220167116044,B001,BROU,0.25379055405899437,False
20262185,B001,BROU,0.29561083522516785,B001,BROU,0.29521894587929476,False
20262186,B001,BROU,0.30472833941286426,B001,BROU,0.3288483994458804,False
20262187,B001,BROU,0.2787266383659749,B001,BROU,0.3172795130217128,False
20262188,B001,BROU,0.3046053171167895,B001,BROU,0.2848294141187854,False
20262189,B001,BROU,0.3266096198862196,B001,BROU,0.37568524094119166,False
20262190,B001,BROU,0.29105319223065135,B001,BROU,0.28697663049119865,False
20262191,B001,BROU,0.28052900652161916,B004,BBVA Uruguay,0.1782589850409918,True
20262192,B001,BROU,0.31322500512294965,B001,BROU,0.23803893954059654,False
20262193,B001,BROU,0.3222353936627892,B001,BROU,0.3395165161451037,False
20262194,B001,BROU,0.2848791290535492,B001,BROU,0.28610385267204475,False
20262195,B001,BROU,0.296689519416572,B001,BROU,0.3094099518080161,False
20262196,B001,BROU,0.3099217269947374,B001,BROU,0.3203405688293837,False
20262197,B001,BROU,0.31602587527387294,B001,BROU,0.3015772969981661,False
20262198,B001,BROU,0.3081565320725051,B001,BROU,0.3318845609574248,False
20262199,B001,BROU,0.29362742793519514,B001,BROU,0.3106574688035959,False
20262200,B001,BROU,0.2805086468630712,B001,BROU,0.2773566719533026,False
20262201,B001,BROU,0.2832818996863354,B001,BROU,0.30630860026467366,False
20262202,B001,BROU,0.29341141740792764,B001,BROU,0.29973420695430175,False
20262203,B001,BROU,0.2968149342955209,B001,BROU,0.3032494684111262,False
20262204,B001,BROU,0.3085598110006414,B001,BROU,0.2919552214651125,False
20262205,B001,BROU,0.3306573848447721,B001,BROU,0.325977088648644,False
20262206,B001,BROU,0.3242803554136438,B001,BROU,0.2984726091249289,False
20262207,B001,BROU,0.30900245368177415,B001,BROU,0.3452660696337372,False
20262208,B001,BROU,0.29943091914827197,B001,BROU,0.2758065612832664,False
20262209,B001,BROU,0.31079249409164644,B001,BROU,0.31780447773994724,False
20262210,B001,BROU,0.30016714426333674,B001,BROU,0.29536322510387825,False
20262211,B001,BROU,0.3197774046064459,B001,BROU,0.30186760340230634,False
20262212,B001,BROU,0.29724208749697767,B001,BROU,0.3210150494069893,False
20262213,B001,BROU,0.2788234015568468,B001,BROU,0.33089309223662633,False
20262214,B001,BROU,0.3060024890853839,B001,BROU,0.2865924773397803,False
20262215,B001,BROU,0.2981597358863407,B001,BROU,0.2923946118881513,False
20262216,B001,BROU,0.29800845100581325,B001,BROU,0.37269073866815866,False
20262217,B001,BROU,0.2765063738584917,B001,BROU,0.2828280985816762,False
20262218,B001,BROU,0.30322972116161806,B001,BROU,0.3215055028975352,False
20262219,B001,BROU,0.28867609044807013,B001,BROU,0.3243606423775961,False
20262220,B001,BROU,0.27180595081543046,B001,BROU,0.2623346380198315,False
20262221,B001,BROU,0.3078288065463442,B001,BROU,0.3366537868897439,False
20262222,B001,BROU,0.30707970519709904,B001,BROU,0.2990172026610393,False
20262223,B001,BROU,0.2849264184846991,B001,BROU,0.2757691566625871,False
20262224,B001,BROU,0.29204526629973027,B001,BROU,0.29932407669281463,False
20262225,B001,BROU,0.2884445299098729,B001,BROU,0.248617127612054,False
20262226,B001,BROU,0.2967921308730565,B001,BROU,0.27941005403880687,False
20262227,B001,BROU,0.29794245144225756,B001,BROU,0.27015895420843306,False
20262228,B001,BROU,0.29868567322530704,B001,BROU,0.2894871794224271,False
20262229,B001,BROU,0.2701444645703323,B001,BROU,0.28072746043814084,False
20262230,B001,BROU,0.3132510310564505,B001,BROU,0.3031133260518347,False
20262231,B001,BROU,0.2921683463139864,B007,Santander Uruguay,0.2373754299163626,True
20262232,B001,BROU,0.3087845533341561,B001,BROU,0.27886351511795765,False
20262233,B001,BROU,0.3368514613074127,B001,BROU,0.327322811837116,False
20262234,B001,BROU,0.2735917946538523,B001,BROU,0.23118410523343605,False
20262235,B001,BROU,0.3054885657634028,B001,BROU,0.3133909998699756,False
20262236,B001,BROU,0.2998864723656529,B001,BROU,0.39190250757149075,False
20262237,B001,BROU,0.34186358230114583,B001,BROU,0.40081551338485105,False
20262238,B001,BROU,0.32274447902561504,B001,BROU,0.3119554314496142,False
20262239,B001,BROU,0.29833549592331365,B001,BROU,0.25203689711314836,False
20262240,B001,BROU,0.3192151189503175,B001,BROU,0.31344161058836445,False
20262241,B001,BROU,0.3224279344651543,B001,BROU,0.2806960617241632,False
20262242,B001,BROU,0.2792703670783134,B001,BROU,0.268777235385413,False
20262243,B001,BROU,0.28416423561798665,B001,BROU,0.31492303768407487,False
20262244,B001,BROU,0.30956050230791715,B001,BROU,0.31816951771312374,False
20262245,B001,BROU,0.2926297180916172,B001,BROU,0.2963943545703764,False
20262246,B001,BROU,0.28962978837011855,B001,BROU,0.2638609179871375,False
20262247,B001,BROU,0.3199135701195562,B001,BROU,0.3121285945782417,False
20262248,B001,BROU,0.29743065091501686,B001,BROU,0.29271946309609753,False
20262249,B001,BROU,0.3195303168116968,B001,BROU,0.2916723209103935,False
20262250,B001,BROU,0.3086067650971209,B001,BROU,0.32765940609577343,False
20262251,B001,BROU,0.2982604208820757,B001,BROU,0.29709551769047415,False
20262252,B001,BROU,0.29716847404634045,B001,BROU,0.329272096425461,False
20262253,B001,BROU,0.3195948769117647,B001,BROU,0.32907055586943884,False
20262254,B001,BROU,0.2958807587682558,B001,BROU,0.30250939600660476,False
20262255,B001,BROU,0.29208211747461027,B001,BROU,0.3301366266630296,False
20262256,B001,BROU,0.2950493962037425,B001,BROU,0.30248895343726195,False
20262257,B001,BROU,0.2903223337820075,B001,BROU,0.26638463152541336,False
20262258,B001,BROU,0.3140084586114481,B001,BROU,0.3108784691037015,False
20262259,B001,BROU,0.31110841986475546,B001,BROU,0.30572226991211,False
20262260,B001,BROU,0.2830166159452387,B001,BROU,0.31475578118248715,False
20262261,B001,BROU,0.30660856384401847,B001,BROU,0.3085906684906086,False
20262262,B001,BROU,0.3198815103360915,B001,BROU,0.30232594013438685,False
20262263,B001,BROU,0.2890010154537355,B001,BROU,0.2957844844645162,False
20262264,B001,BROU,0.29176515061110697,B001,BROU,0.30974683762592914,False
20262265,B001,BROU,0.3016509453745896,B001,BROU,0.2382842484416601,False
20262266,B001,BROU,0.3148400692684078,B001,BROU,0.3210426876280631,False
20262267,B001,BROU,0.31111401479723544,B001,BROU,0.30452317125125705,False
20262268,B001,BROU,0.2970898516597665,B001,BROU,0.2929374568937792,False
20262269,B001,BROU,0.2845998791397392,B001,BROU,0.3236357636752187,False
20262270,B001,BROU,0.2814648103965723,B001,BROU,0.25280628973310404,False
20262271,B001,BROU,0.3309043590796918,B001,BROU,0.3579564135566447,False
20262272,B001,BROU,0.2793159422531083,B001,BROU,0.27667866383668943,False
20262273,B001,BROU,0.3006528658561306,B001,BROU,0.3405999216016019,False
20262274,B001,BROU,0.29045352451810236,B001,BROU,0.29395158426564594,False
20262275,B001,BROU,0.2881901354435467,B001,BROU,0.2856922824526848,False
20262276,B001,BROU,0.30851765031016626,B001,BROU,0.2819968424090956,False
20262277,B001,BROU,0.29948131115042187,B001,BROU,0.3248884241156099,False
20262278,B001,BROU,0.2999096305676937,B001,BROU,0.3097349850113422,False
20262279,B001,BROU,0.2938292937250524,B001,BROU,0.27973101094336833,False
20262280,B001,BROU,0.3190381760802773,B001,BROU,0.3220683368906155,False
20262281,B001,BROU,0.3288631136142377,B001,BROU,0.28228656252416756,False
20262282,B001,BROU,0.308313303192103,B001,BROU,0.3106276473192501,False
20262283,B001,BROU,0.3189872161857742,B001,BROU,0.3255279072983282,False
20262284,B001,BROU,0.32011672187973605,B001,BROU,0.30198477519087935,False
20262285,B001,BROU,0.32423141798157373,B001,BROU,0.31276617555904024,False
20262286,B001,BROU,0.3126463227342897,B001,BROU,0.22290949505358035,False
20262287,B001,BROU,0.2928858442908771,B001,BROU,0.3216706834620696,False
20262288,B001,BROU,0.2893716521135735,B001,BROU,0.29253586263463544,False
20262289,B001,BROU,0.30607940430092667,B001,BROU,0.3612240538844736,False
20262290,B001,BROU,0.28904930034362597,B001,BROU,0.33176832493338837,False
20262291,B001,BROU,0.30948276677626385,B001,BROU,0.22949726808815607,False
20262292,B001,BROU,0.298396457744841,B001,BROU,0.3092229618678325,False
20262293,B001,BROU,0.30578727942244877,B001,BROU,0.31695172251826254,False
20262294,B001,BROU,0.30391048952033883,B001,BROU,0.3035098507030174,False
20262295,B001,BROU,0.32864458310799577,B001,BROU,0.38800264806590185,False
20262296,B001,BROU,0.2967474963204655,B001,BROU,0.30043506531630443,False
20262297,B001,BROU,0.2985813590801113,B001,BROU,0.28221325098143935,False
20262298,B001,BROU,0.28645364311572097,B001,BROU,0.31670827960276143,False
20262299,B001,BROU,0.2847635994003768,B001,BROU,0.2710672755638722,False
20262300,B001,BROU,0.2912407082525737,B001,BROU,0.28191602181975406,False
20262301,B001,BROU,0.30145493136096446,B001,BROU,0.3009181390691267,False
20262302,B001,BROU,0.32183508027231056,B001,BROU,0.31941539654750956,False
20262303,B001,BROU,0.31868796879144295,B001,BROU,0.32934163767047514,False
20262304,B001,BROU,0.2861627066856861,B001,BROU,0.29587363823476254,False
20262305,B001,BROU,0.3070343085166171,B001,BROU,0.3015033137996731,False
20262306,B001,BROU,0.2931719193588728,B001,BROU,0.29670724940843174,False
20262307,B001,BROU,0.3281146513814158,B001,BROU,0.3258205405221627,False
20262308,B001,BROU,0.31086797223378426,B001,BROU,0.30738947047645687,False
20262309,B001,BROU,0.3029913036580445,B001,BROU,0.29699462578376834,False
20262310,B001,BROU,0.3053635502016688,B001,BROU,0.2786121955560016,False
20262311,B001,BROU,0.3122263562431177,B001,BROU,0.33912110676563817,False
20262312,B001,BROU,0.2742178721683801,B001,BROU,0.263552876676377,False
20262313,B001,BROU,0.3163522621498321,B001,BROU,0.3151488802272022,False
20262314,B001,BROU,0.3050109651539841,B001,BROU,0.31279921415709194,False
20262315,B001,BROU,0.29905003741606007,B001,BROU,0.2887717974558267,False
20262316,B001,BROU,0.2908197073502571,B001,BROU,0.2742233150990573,False
20262317,B001,BROU,0.2769977483683371,B001,BROU,0.2901623154636595,False
20262318,B001,BROU,0.329270529393626,B001,BROU,0.34512946722552984,False
20262319,B001,BROU,0.33734414254498896,B001,BROU,0.36670809764386775,False
20262320,B001,BROU,0.2792252761630088,B001,BROU,0.26281474821717726,False
20262321,B001,BROU,0.32339104838581456,B001,BROU,0.30895735523123424,False
20262322,B001,BROU,0.3166895185785154,B001,BROU,0.32578685340309876,False
20262323,B001,BROU,0.30622089231092864,B001,BROU,0.27681210177508264,False
20262324,B001,BROU,0.2944889901354627,B001,BROU,0.33469585379471345,False
20262325,B001,BROU,0.3047462281800496,B001,BROU,0.31442945324209615,False
20262326,B001,BROU,0.30506982512026165,B001,BROU,0.279100990882647,False
20262327,B001,BROU,0.2910617098822418,B001,BROU,0.3088320593649987,False
20262328,B001,BROU,0.31119128627307835,B001,BROU,0.3200387580231878,False
20262329,B001,BROU,0.3444551789040773,B001,BROU,0.3474548382965849,False
20262330,B001,BROU,0.30693430294528457,B001,BROU,0.3109333858220208,False
20262331,B001,BROU,0.3029791152693359,B001,BROU,0.2967272273434076,False
20262332,B001,BROU,0.27580100618077147,B001,BROU,0.28971653039905415,False
20262333,B001,BROU,0.3038117165565706,B001,BROU,0.29850538492590084,False
20262334,B001,BROU,0.30081739236305804,B001,BROU,0.3800074851007851,False
20262335,B001,BROU,0.316544610013221,B001,BROU,0.2949699565624593,False
20262336,B001,BROU,0.3336169579106237,B001,BROU,0.29148950731232853,False
20262337,B001,BROU,0.29947352263849986,B001,BROU,0.3329210642557507,False
20262338,B001,BROU,0.2848215499555234,B001,BROU,0.2657199740993139,False
20262339,B001,BROU,0.31480194294760777,B001,BROU,0.3208307386761623,False
20262340,B001,BROU,0.3113415209626961,B001,BROU,0.34359892575221046,False
20262341,B001,BROU,0.32222193977120417,B001,BROU,0.39806678406129337,False
20262342,B001,BROU,0.31148631947606636,B001,BROU,0.26248991807787314,False
20262343,B001,BROU,0.3095437673414439,B001,BROU,0.29717375093579385,False
20262344,B001,BROU,0.2978829609889354,B001,BROU,0.2691040228218471,False
20262345,B001,BROU,0.27716744451881814,B001,BROU,0.2753128511241244,False
20262346,B001,BROU,0.3474023673354096,B001,BROU,0.3674464602387775,False
20262347,B001,BROU,0.286657279459515,B001,BROU,0.30119514468434044,False
20262348,B001,BROU,0.2880655812669885,B001,BROU,0.323519952785567,False
20262349,B001,BROU,0.2797508984697792,B001,BROU,0.3312508005346921,False
20262350,B001,BROU,0.2956570327050628,B001,BROU,0.26899145228886845,False
20262351,B001,BROU,0.3103835670459479,B001,BROU,0.2634492427463397,False
20262352,B001,BROU,0.3112285890554467,B001,BROU,0.3005266856439402,False
20262353,B001,BROU,0.2983213062627143,B001,BROU,0.31872953798255094,False
20262354,B001,BROU,0.31867504371866395,B001,BROU,0.3189106586320829,False
20262355,B001,BROU,0.33344610364196714,B001,BROU,0.3302784958045943,False
20262356,B001,BROU,0.3183058646941014,B001,BROU,0.33965341680945565,False
20262357,B001,BROU,0.2896535333741145,B001,BROU,0.37741333527431964,False
20262358,B001,BROU,0.3054279502876764,B001,BROU,0.2903625671198301,False
20262359,B001,BROU,0.2849900759074903,B001,BROU,0.31261448385407464,False
20262360,B001,BROU,0.29858213875759854,B001,BROU,0.25846626971092357,False
20262361,B001,BROU,0.28567893197402006,B001,BROU,0.28177776079335676,False
20262362,B001,BROU,0.32338161392731923,B001,BROU,0.3159685285059276,False
20262363,B001,BROU,0.2971312533628417,B001,BROU,0.28858959879095825,False
20262364,B001,BROU,0.2945780299819834,B001,BROU,0.31241259447889974,False
20262365,B001,BROU,0.2988207366084496,B001,BROU,0.2856013672987572,False
20262366,B001,BROU,0.3013608865868825,B001,BROU,0.28895596305726934,False
20262367,B001,BROU,0.30789127200645294,B001,BROU,0.2921152301829871,False
20262368,B001,BROU,0.3227033530476123,B001,BROU,0.30577109036138334,False
20262369,B001,BROU,0.2936904413795984,B001,BROU,0.24904651681021547,False
20262370,B001,BROU,0.3090109176507097,B001,BROU,0.29034273789475656,False
20262371,B001,BROU,0.2869751207949494,B001,BROU,0.28110143289331246,False
20262372,B001,BROU,0.3166666881780289,B001,BROU,0.29312210837400987,False
20262373,B001,BROU,0.2987022394285643,B001,BROU,0.3198485120957597,False
20262374,B001,BROU,0.3108533192958769,B001,BROU,0.2949223239146819,False
20262375,B001,BROU,0.321797267456878,B001,BROU,0.33669890916927375,False
20262376,B001,BROU,0.3204034844169265,B007,Santander Uruguay,0.21686836145538987,True
20262377,B001,BROU,0.3061148427300133,B001,BROU,0.2947787161081873,False
20262378,B001,BROU,0.3187258882390958,B001,BROU,0.3276836528576037,False
20262379,B001,BROU,0.28474167570405584,B001,BROU,0.27556246867893675,False
20262380,B001,BROU,0.31093740936132375,B001,BROU,0.30093324246062947,False
20262381,B001,BROU,0.2943630419656527,B001,BROU,0.3289400258642603,False
20262382,B001,BROU,0.3155915420705285,B001,BROU,0.32285056295847453,False
20262383,B001,BROU,0.32319798991565757,B001,BROU,0.33681274655669713,False
20262384,B001,BROU,0.32075771516764046,B001,BROU,0.27730831764879504,False
20262385,B001,BROU,0.28729321200035307,B001,BROU,0.27094565386586483,False
20262386,B001,BROU,0.30246451875485697,B001,BROU,0.27796113661385796,False
20262387,B001,BROU,0.2947357177307456,B001,BROU,0.2941552586981854,False
20262388,B001,BROU,0.3106024749125195,B001,BROU,0.2896465656824217,False
20262389,B001,BROU,0.2757031464637935,B001,BROU,0.22599450377566072,False
20262390,B001,BROU,0.3051916007420171,B001,BROU,0.32021768041991333,False
20262391,B001,BROU,0.3242714115455096,B001,BROU,0.3167067950872257,False
20262392,B001,BROU,0.2955506735392772,B001,BROU,0.2779153068574562,False
20262393,B001,BROU,0.28822707724860447,B001,BROU,0.2842777226472765,False
20262394,B001,BROU,0.29703304540012504,B001,BROU,0.29457035205839316,False
20262395,B001,BROU,0.29991538705571635,B001,BROU,0.24610676328410563,False
20262396,B001,BROU,0.3120058158955447,B001,BROU,0.30166469058539275,False
20262397,B001,BROU,0.3090813662674109,B001,BROU,0.28775404983541497,False
20262398,B001,BROU,0.30970189407713355,B001,BROU,0.29896096251659027,False
20262399,B001,BROU,0.3215524840031267,B001,BROU,0.2986913881154914,False
20262400,B001,BROU,0.30267031111598375,B001,BROU,0.2938955572116841,False
20262401,B001,BROU,0.3217205061446204,B001,BROU,0.3214950815453676,False
20262402,B001,BROU,0.3169411981256933,B001,BROU,0.29988425774011485,False
20262403,B001,BROU,0.32033621382540867,B001,BROU,0.2763627986200619,False
20262404,B001,BROU,0.30939932519508817,B001,BROU,0.3051487350286029,False
20262405,B001,BROU,0.3008073853042787,B001,BROU,0.3080206685088611,False
20262406,B001,BROU,0.3141972201201716,B001,BROU,0.28156614500576255,False
20262407,B001,BROU,0.2989734720573077,B007,Santander Uruguay,0.18344489058996688,True
20262408,B001,BROU,0.29883807727674755,B001,BROU,0.31914315804789306,False
20262409,B001,BROU,0.2974777298300072,B001,BROU,0.3015170042928294,False
20262410,B001,BROU,0.32488736982646277,B001,BROU,0.2864894834718847,False
20262411,B001,BROU,0.3027560987513692,B001,BROU,0.3100402738965171,False
20262412,B001,BROU,0.2873202069265469,B001,BROU,0.28409269726034,False
20262413,B001,BROU,0.3059360161644237,B001,BROU,0.3108579626657976,False
20262414,B001,BROU,0.31269770096549876,B001,BROU,0.3086967570714308,False
20262415,B001,BROU,0.3115889443111069,B001,BROU,0.2825249963679962,False
20262416,B001,BROU,0.3046707138810134,B001,BROU,0.30212991178158916,False
20262417,B001,BROU,0.3062749792102132,B001,BROU,0.2937568513044342,False
20262418,B001,BROU,0.28727045978391075,B001,BROU,0.3092896446218893,False
20262419,B001,BROU,0.29251920764958717,B001,BROU,0.2941597143597775,False
20262420,B001,BROU,0.30404259820158375,B001,BROU,0.3273222515440282,False
20262421,B001,BROU,0.3180835823370227,B001,BROU,0.24115399652805256,False
20262422,B001,BROU,0.29481639153401057,B001,BROU,0.29925469885715783,False
20262423,B001,BROU,0.2820818002423502,B001,BROU,0.29589831342502837,False
20262424,B001,BROU,0.300038902868205,B001,BROU,0.32567867790217203,False
20262425,B001,BROU,0.3006036875649796,B001,BROU,0.3238080853246677,False
20262426,B001,BROU,0.306717496746854,B001,BROU,0.27347647436930195,False
20262427,B001,BROU,0.28549647183457477,B001,BROU,0.3180069128049284,False
20262428,B001,BROU,0.31796939102334576,B001,BROU,0.3206869940537881,False
20262429,B001,BROU,0.33677205391545517,B001,BROU,0.31354436694884574,False
20262430,B001,BROU,0.2958964439421965,B001,BROU,0.2893549597614712,False
20262431,B001,BROU,0.29590485342843664,B001,BROU,0.28755012648697115,False
20262432,B001,BROU,0.33114127606294,B001,BROU,0.302206613519197,False
20262433,B001,BROU,0.29900597429611536,B001,BROU,0.290213219774491,False
20262434,B001,BROU,0.3118832847897765,B001,BROU,0.34016968752203713,False
20262435,B001,BROU,0.3183254422043095,B001,BROU,0.30583712203022906,False
20262436,B001,BROU,0.3101482670130818,B001,BROU,0.3315419160239615,False
20262437,B001,BROU,0.2948962213298424,B001,BROU,0.29912860354278115,False
20262438,B001,BROU,0.31075482824289846,B001,BROU,0.31650080715709744,False
20262439,B001,BROU,0.2841282747506533,B001,BROU,0.2989157861667112,False
20262440,B001,BROU,0.2951086645714837,B001,BROU,0.2681286449237681,False
20262441,B001,BROU,0.2912872251462097,B001,BROU,0.28360735086724004,False
20262442,B001,BROU,0.3114952676390341,B001,BROU,0.26066450661550866,False
20262443,B001,BROU,0.30413361904651104,B001,BROU,0.2952188450132868,False
20262444,B001,BROU,0.2913593980631397,B001,BROU,0.2944155964898606,False
20262445,B001,BROU,0.29658700614111727,B001,BROU,0.3119147026898067,False
20262446,B001,BROU,0.2923616603533856,B001,BROU,0.26214996310384586,False
20262447,B001,BROU,0.3180385257166643,B001,BROU,0.28870056518342024,False
20262448,B001,BROU,0.31079223089708435,B001,BROU,0.3194347077294663,False
20262449,B001,BROU,0.3069848884376697,B001,BROU,0.2917881329442302,False
20262450,B001,BROU,0.2959177327720969,B001,BROU,0.2882068985467539,False
20262451,B001,BROU,0.2896308009273053,B001,BROU,0.2929613558036524,False
20262452,B001,BROU,0.31925339796578045,B001,BROU,0.2843570261289707,False
20262453,B001,BROU,0.3008665330480805,B001,BROU,0.25741301498879343,False
20262454,B001,BROU,0.31309713826591634,B001,BROU,0.3069802655143002,False
20262455,B001,BROU,0.29610601688445437,B001,BROU,0.29450828376421034,False
20262456,B001,BROU,0.31147998832472473,B001,BROU,0.29499919416015696,False
20262457,B001,BROU,0.3171769100216193,B001,BROU,0.31470578887821304,False
20262458,B001,BROU,0.31850712011851734,B001,BROU,0.25310788743687157,False
20262459,B001,BROU,0.28753309444227193,B001,BROU,0.2629049619889931,False
20262460,B001,BROU,0.2866985001601484,B001,BROU,0.32591010273680343,False
20262461,B001,BROU,0.32202124553545053,B001,BROU,0.37063796748531813,False
20262462,B001,BROU,0.3210672492292652,B001,BROU,0.3192652719844249,False
20262463,B001,BROU,0.298639506348439,B001,BROU,0.27018342354298985,False
20262464,B001,BROU,0.31720042052532804,B001,BROU,0.19765606146267886,False
20262465,B001,BROU,0.2969028373476612,B001,BROU,0.2873010729596056,False
20262466,B001,BROU,0.30624031004157964,B001,BROU,0.2901661968249311,False
20262467,B001,BROU,0.28636912760055666,B001,BROU,0.29386395500807405,False
20262468,B001,BROU,0.30544898114711794,B001,BROU,0.2865966979796379,False
20262469,B001,BROU,0.32218215517609017,B001,BROU,0.3397792737088743,False
20262470,B001,BROU,0.2936601540392964,B001,BROU,0.33700011949457037,False
20262471,B001,BROU,0.30914463406672354,B001,BROU,0.3126881297879045,False
20262472,B001,BROU,0.2957932902254636,B001,BROU,0.30301592036856834,False
20262473,B001,BROU,0.26276808786161143,B001,BROU,0.26310252991741456,False
20262474,B001,BROU,0.28884544924204225,B001,BROU,0.27007055853353573,False
20262475,B001,BROU,0.3041152542022982,B001,BROU,0.3215126856103885,False
20262476,B001,BROU,0.2809682594162893,B007,Santander Uruguay,0.20028603668425016,True
20262477,B001,BROU,0.29866791922008545,B001,BROU,0.3188715036860629,False
20262478,B001,BROU,0.30009080663336674,B001,BROU,0.28862867974553547,False
20262479,B001,BROU,0.2957869672498651,B001,BROU,0.30136985020482526,False
20262480,B001,BROU,0.2866618745632286,B001,BROU,0.3130134586429368,False
20262481,B001,BROU,0.2685105502684217,B001,BROU,0.3068212124216582,False
20262482,B001,BROU,0.30193508897048127,B001,BROU,0.30219040378051826,False
20262483,B001,BROU,0.2899376393574987,B001,BROU,0.29951701278105286,False
20262484,B001,BROU,0.30926116453489017,B001,BROU,0.3159481125151008,False
20262485,B001,BROU,0.28863240240222054,B001,BROU,0.2980258731647544,False
20262486,B001,BROU,0.3263990264667333,B001,BROU,0.319372741487677,False
20262487,B001,BROU,0.2901388737884803,B001,BROU,0.2824574362374027,False
20262488,B001,BROU,0.29585814664500704,B001,BROU,0.26270659352666925,False
20262489,B001,BROU,0.3115081828187792,B001,BROU,0.34027277154185975,False
20262490,B001,BROU,0.2948870716342908,B001,BROU,0.29398087991054084,False
20262491,B001,BROU,0.31827181319553965,B001,BROU,0.20961806166106134,False
20262492,B001,BROU,0.3019447326663136,B001,BROU,0.2940582711406418,False
20262493,B001,BROU,0.3144994602043206,B001,BROU,0.328440118272774,False
20262494,B001,BROU,0.28281442968680853,B001,BROU,0.3153974092270276,False
20262495,B001,BROU,0.27166038474884413,B001,BROU,0.2805419348000273,False
20262496,B001,BROU,0.320965769379754,B001,BROU,0.28195737955277456,False
20262497,B001,BROU,0.3090001077467439,B001,BROU,0.3290050219521922,False
20262498,B001,BROU,0.292240369742809,B001,BROU,0.28501944895357145,False
20262499,B001,BROU,0.31160302882509966,B001,BROU,0.29650475029473944,False
20262500,B001,BROU,0.2966364897824656,B001,BROU,0.3352580845346848,False
20262501,B001,BROU,0.26966590266208434,B001,BROU,0.26413607349868645,False
20262502,B001,BROU,0.32252763707432575,B001,BROU,0.30132256591040196,False
20262503,B001,BROU,0.29516263399548803,B001,BROU,0.3172665968474197,False
20262504,B001,BROU,0.33612016806828726,B001,BROU,0.339388794278871,False
20262505,B001,BROU,0.32451407406065225,B001,BROU,0.3091188986154265,False
20262506,B001,BROU,0.3236942619581818,B001,BROU,0.28695833124010184,False
20262507,B001,BROU,0.31206596844570367,B001,BROU,0.22625471057628013,False
20262508,B001,BROU,0.33127405889287326,B001,BROU,0.3460043530209164,False
20262509,B001,BROU,0.3158009003243088,B001,BROU,0.29453017684261823,False
20262510,B001,BROU,0.31456140363702195,B001,BROU,0.25590742897122243,False
20262511,B001,BROU,0.3153847645212666,B001,BROU,0.25784163708713354,False
20262512,B001,BROU,0.29659543183802084,B001,BROU,0.27651550658640406,False
20262513,B001,BROU,0.31281713787321613,B001,BROU,0.3138785637811554,False
20262514,B001,BROU,0.31238997117155215,B001,BROU,0.2759789169296762,False
20262515,B001,BROU,0.30632207845022535,B001,BROU,0.3264176142953199,False
20262516,B001,BROU,0.2932274701152406,B001,BROU,0.28595373525463025,False
20262517,B001,BROU,0.29782241605036747,B001,BROU,0.3227382854001683,False
20262518,B001,BROU,0.27414389475602347,B001,BROU,0.29425905163977933,False
20262519,B001,BROU,0.3167149363503172,B001,BROU,0.3471434335691875,False
20262520,B001,BROU,0.30623795267149456,B001,BROU,0.27468936628909174,False
20262521,B001,BROU,0.30748565866305505,B001,BROU,0.30412594000429377,False
20262522,B001,BROU,0.29791594472936367,B001,BROU,0.3213072981460315,False
20262523,B001,BROU,0.3049978588489278,B001,BROU,0.28423767035262343,False
20262524,B001,BROU,0.29494340596301694,B001,BROU,0.3109699894415328,False
20262525,B001,BROU,0.2931464783528836,B001,BROU,0.26009067454455753,False
20262526,B001,BROU,0.313465130732456,B006,Itaú Uruguay,0.20214249429034004,True
20262527,B001,BROU,0.2851201324484717,B001,BROU,0.28497380430146724,False
20262528,B001,BROU,0.3230889673266308,B001,BROU,0.28460559102534155,False
20262529,B001,BROU,0.29487586273195937,B001,BROU,0.278358252756655,False
20262530,B001,BROU,0.3047478445942701,B001,BROU,0.2871465426672949,False
20262531,B001,BROU,0.30156760786717696,B001,BROU,0.23773485424327223,False
20262532,B001,BROU,0.28119659514862977,B001,BROU,0.28767572182267387,False
20262533,B001,BROU,0.2859981833026562,B001,BROU,0.2906479123046278,False
20262534,B001,BROU,0.32097240318775755,B001,BROU,0.2851250786393244,False
20262535,B001,BROU,0.32019682071702416,B001,BROU,0.3361861228970302,False
20262536,B001,BROU,0.3023118995491333,B001,BROU,0.3692752566161832,False
20262537,B001,BROU,0.2863815759772038,B001,BROU,0.2984145831170604,False
20262538,B001,BROU,0.28746606723536394,B001,BROU,0.28933238972397585,False
20262539,B001,BROU,0.3144794188196926,B001,BROU,0.33650878196008344,False
20262540,B001,BROU,0.30950187652035077,B001,BROU,0.31775856964386073,False
20262541,B001,BROU,0.29410386200207783,B001,BROU,0.29649197683482714,False
20262542,B001,BROU,0.3131076773087648,B001,BROU,0.2681366397930731,False
20262543,B001,BROU,0.3081100014534248,B001,BROU,0.2975837737987108,False
20262544,B001,BROU,0.29217177577415776,B001,BROU,0.3083789857457344,False
20262545,B001,BROU,0.29618245552048705,B001,BROU,0.2791601976293835,False
20262546,B001,BROU,0.29692001145597835,B001,BROU,0.2685166914358854,False
20262547,B001,BROU,0.30258922177553366,B001,BROU,0.30572123122115025,False
20262548,B001,BROU,0.283479248218557,B001,BROU,0.2778570486553685,False
20262549,B001,BROU,0.33145974766353026,B001,BROU,0.3244731419846984,False
20262550,B001,BROU,0.2669190078579589,B001,BROU,0.29028350333296615,False
20262551,B001,BROU,0.30108079935611826,B001,BROU,0.2755284583126675,False
20262552,B001,BROU,0.31338734039123617,B001,BROU,0.3550854446379874,False
20262553,B001,BROU,0.2823198893904632,B001,BROU,0.2715142401484685,False
20262554,B001,BROU,0.29870871944347616,B001,BROU,0.32079388984065327,False
20262555,B001,BROU,0.28482820638002165,B001,BROU,0.2384086977613949,False
20262556,B001,BROU,0.31430425184261257,B001,BROU,0.3071564564812176,False
20262557,B001,BROU,0.2992396682176356,B001,BROU,0.30651097611189243,False
20262558,B001,BROU,0.3145770259757317,B001,BROU,0.32713925712581315,False
20262559,B001,BROU,0.31767475996976835,B001,BROU,0.3206904641010266,False
20262560,B001,BROU,0.3127743196956329,B001,BROU,0.3328162710556765,False
20262561,B001,BROU,0.2894022697592651,B001,BROU,0.2831748430904792,False
20262562,B001,BROU,0.2847379144597286,B001,BROU,0.26452056257283235,False
20262563,B001,BROU,0.2810483446904788,B001,BROU,0.2674059957330908,False
20262564,B001,BROU,0.3181929646646734,B001,BROU,0.257441992662552,False
20262565,B001,BROU,0.2859385783317546,B001,BROU,0.269971673949943,False
20262566,B001,BROU,0.31394037916582207,B001,BROU,0.31226456604815406,False
20262567,B001,BROU,0.3062909683514812,B001,BROU,0.30715439565166913,False
20262568,B001,BROU,0.2805184668583813,B001,BROU,0.25947940462629243,False
20262569,B001,BROU,0.3128524718447791,B001,BROU,0.28900847736870494,False
20262570,B001,BROU,0.3168305843333331,B001,BROU,0.30362937783407207,False
20262571,B001,BROU,0.2888051220092636,B001,BROU,0.3141602315021727,False
20262572,B001,BROU,0.3030387964755069,B001,BROU,0.35672649967403597,False
20262573,B001,BROU,0.27427769317015993,B001,BROU,0.2645476776256451,False
20262574,B001,BROU,0.2950225318006971,B007,Santander Uruguay,0.18588043626513975,True
20262575,B001,BROU,0.28004846097088065,B001,BROU,0.25607942894754326,False
20262576,B001,BROU,0.31987156510314485,B001,BROU,0.31203513650987885,False
20262577,B001,BROU,0.28293994760672486,B001,BROU,0.2990211429050257,False
20262578,B001,BROU,0.32729855299059485,B001,BROU,0.2693582661538593,False
20262579,B001,BROU,0.3025588471747426,B001,BROU,0.27478384237420017,False
20262580,B001,BROU,0.27595245876769825,B001,BROU,0.24721033029851877,False
20262581,B001,BROU,0.30844718251445513,B001,BROU,0.3148101305982227,False
20262582,B001,BROU,0.33431872267202223,B001,BROU,0.3141725732923925,False
20262583,B001,BROU,0.30608074825418446,B001,BROU,0.3077615593648935,False
20262584,B001,BROU,0.30051556136775764,B001,BROU,0.2758402004171969,False
20262585,B001,BROU,0.30897579254927954,B001,BROU,0.32189155006066755,False
20262586,B001,BROU,0.32003503602692057,B001,BROU,0.3269093140375719,False
20262587,B001,BROU,0.3153772784833103,B001,BROU,0.3156896261005853,False
20262588,B001,BROU,0.33332430274405245,B001,BROU,0.34006625982679495,False
20262589,B001,BROU,0.33326532646061946,B001,BROU,0.3178201844696832,False
20262590,B001,BROU,0.2951800869314701,B001,BROU,0.2852900657692936,False
20262591,B001,BROU,0.2887097273303215,B001,BROU,0.27648589525243494,False
20262592,B001,BROU,0.31058944098236785,B001,BROU,0.31757135270307224,False
20262593,B001,BROU,0.3072961404945285,B001,BROU,0.3356861068370807,False
20262594,B001,BROU,0.28909193207637474,B001,BROU,0.27580682092423575,False
20262595,B001,BROU,0.2995848152898064,B001,BROU,0.28931282331784985,False
20262596,B001,BROU,0.2970469697038408,B001,BROU,0.30206403983738783,False
20262597,B001,BROU,0.3064938435226593,B001,BROU,0.2871156045208065,False
20262598,B001,BROU,0.28299037180135894,B001,BROU,0.3379658143973047,False
20262599,B001,BROU,0.29588746115341313,B001,BROU,0.26004529112929803,False
20262600,B001,BROU,0.2744063961033372,B001,BROU,0.2775031154134198,False
20262601,B001,BROU,0.2835320556393879,B001,BROU,0.28148822427961856,False
20262602,B001,BROU,0.2855743593402542,B001,BROU,0.2644764317240028,False
20262603,B001,BROU,0.2829134449786012,B001,BROU,0.28535335424294495,False
20262604,B001,BROU,0.2857184053117475,B001,BROU,0.3231934645837365,False
20262605,B001,BROU,0.3311571299720646,B001,BROU,0.3148824930430386,False
20262606,B001,BROU,0.3062305233511269,B001,BROU,0.29262618298046433,False
20262607,B001,BROU,0.30193685416354804,B001,BROU,0.2845079694858104,False
20262608,B001,BROU,0.31673017582681706,B001,BROU,0.3235081894152856,False
20262609,B001,BROU,0.32953773524039404,B001,BROU,0.3464681929963138,False
20262610,B001,BROU,0.3069134616432921,B001,BROU,0.29690623156106283,False
20262611,B001,BROU,0.29114583306883657,B006,Itaú Uruguay,0.19275553180950666,True
20262612,B001,BROU,0.2809833725309601,B001,BROU,0.29776837393952055,False
20262613,B001,BROU,0.31720621221925405,B001,BROU,0.2995026161530612,False
20262614,B001,BROU,0.31655119079930505,B001,BROU,0.3126954567360623,False
20262615,B001,BROU,0.2940494931235716,B001,BROU,0.2937374539919032,False
20262616,B001,BROU,0.28822526730910314,B001,BROU,0.2743805287131233,False
20262617,B001,BROU,0.3012618641203972,B001,BROU,0.30850383688860233,False
20262618,B001,BROU,0.3166564059407629,B001,BROU,0.2988498918587655,False
20262619,B001,BROU,0.3035948502961814,B001,BROU,0.29139893133290085,False
20262620,B001,BROU,0.3020745338776417,B001,BROU,0.28115224124397026,False
20262621,B001,BROU,0.32530552642081617,B001,BROU,0.30539088629066946,False
20262622,B001,BROU,0.29701360704785923,B001,BROU,0.29764351359486196,False
20262623,B001,BROU,0.30086578102909833,B001,BROU,0.22171293390651947,False
20262624,B001,BROU,0.29113924644062694,B001,BROU,0.2772872472408657,False
20262625,B001,BROU,0.310558830426999,B001,BROU,0.2839630619117792,False
20262626,B001,BROU,0.29623374797942104,B001,BROU,0.3026494079248839,False
20262627,B001,BROU,0.29156179249352226,B001,BROU,0.26807966387881266,False
20262628,B001,BROU,0.3039299939190249,B001,BROU,0.3044937864485096,False
20262629,B001,BROU,0.3049596920116976,B001,BROU,0.3065019577027305,False
20262630,B001,BROU,0.2815611408239732,B001,BROU,0.22620969570936666,False
20262631,B001,BROU,0.30466290267103713,B001,BROU,0.3125206385088028,False
20262632,B001,BROU,0.34754527614832276,B001,BROU,0.31437204175639144,False
20262633,B001,BROU,0.2809512807433845,B001,BROU,0.28940310658699603,False
20262634,B001,BROU,0.30710357136696176,B001,BROU,0.3356432870619046,False
20262635,B001,BROU,0.27966154917038477,B001,BROU,0.28209193711565195,False
20262636,B001,BROU,0.28668322076057384,B001,BROU,0.272332030315016,False
20262637,B001,BROU,0.2806624576153117,B001,BROU,0.2673826585133534,False
20262638,B001,BROU,0.2995428322480817,B001,BROU,0.2900812324676018,False
20262639,B001,BROU,0.298628391830006,B001,BROU,0.26413648397204065,False
20262640,B001,BROU,0.30445675319470944,B001,BROU,0.36104563255969113,False
20262641,B001,BROU,0.32213128908777466,B001,BROU,0.31306157282882696,False
20262642,B001,BROU,0.28572668202397394,B001,BROU,0.28663442882644097,False
20262643,B001,BROU,0.3026848849612056,B001,BROU,0.3193736370970886,False
20262644,B001,BROU,0.30762895359965986,B001,BROU,0.29162755931283485,False
20262645,B001,BROU,0.3057783590826115,B001,BROU,0.3192965466277897,False
20262646,B001,BROU,0.3014430010317196,B001,BROU,0.29489320041900896,False
20262647,B001,BROU,0.27739941707233223,B001,BROU,0.2887851236616788,False
20262648,B001,BROU,0.29757390858368954,B001,BROU,0.30404481692742225,False
20262649,B001,BROU,0.29065295959674436,B001,BROU,0.295868839115468,False
20262650,B001,BROU,0.3098226091549739,B001,BROU,0.30962865924360805,False
20262651,B001,BROU,0.3276032276494928,B001,BROU,0.29610046867713513,False
20262652,B001,BROU,0.32341935510588204,B001,BROU,0.30907403061095723,False
20262653,B001,BROU,0.31567467786872644,B001,BROU,0.3684141776529196,False
20262654,B001,BROU,0.29242016837225765,B001,BROU,0.3171161398071669,False
20262655,B001,BROU,0.31158164772138014,B001,BROU,0.2999047143280453,False
20262656,B001,BROU,0.3032345615797741,B001,BROU,0.30266147548721484,False
20262657,B001,BROU,0.2816122109969994,B001,BROU,0.2674145941829891,False
20262658,B001,BROU,0.2873239401360306,B001,BROU,0.2995500600804963,False
20262659,B001,BROU,0.3068262011618394,B001,BROU,0.2809681438535559,False
20262660,B001,BROU,0.3095138972033062,B001,BROU,0.29419375972190037,False
20262661,B001,BROU,0.3097056218599069,B001,BROU,0.3804057792435256,False
20262662,B001,BROU,0.2933649671165955,B001,BROU,0.32189168093146225,False
20262663,B001,BROU,0.28175330462183434,B001,BROU,0.2758621994665919,False
20262664,B001,BROU,0.29529677192579357,B001,BROU,0.28169437122731644,False
20262665,B001,BROU,0.2872525360636745,B001,BROU,0.2592723580196137,False
20262666,B001,BROU,0.33797182735753595,B001,BROU,0.33531347194922667,False
20262667,B001,BROU,0.281929004308555,B001,BROU,0.27237591658431176,False
20262668,B001,BROU,0.2813285437060456,B007,Santander Uruguay,0.18817946140844546,True
20262669,B001,BROU,0.31778976260853936,B001,BROU,0.30608690569000685,False
20262670,B001,BROU,0.294270892902211,B001,BROU,0.3163061463109942,False
20262671,B001,BROU,0.34084736084579337,B001,BROU,0.3588914714193765,False
20262672,B001,BROU,0.3347307623526675,B001,BROU,0.3222884972995183,False
20262673,B001,BROU,0.3098633315372855,B001,BROU,0.34614334539381975,False
20262674,B001,BROU,0.29789150026414324,B001,BROU,0.32381941102936,False
20262675,B001,BROU,0.2958289836744538,B007,Santander Uruguay,0.18875410054399358,True
20262676,B001,BROU,0.32190238442099656,B001,BROU,0.30448821350507205,False
20262677,B001,BROU,0.29641087654629605,B001,BROU,0.36571591101666867,False
20262678,B001,BROU,0.2967643141929567,B001,BROU,0.2565820951411452,False
20262679,B001,BROU,0.31411711668220454,B001,BROU,0.2862690112199245,False
20262680,B001,BROU,0.2926542574501684,B001,BROU,0.23559766806665455,False
20262681,B001,BROU,0.2810354705163946,B001,BROU,0.2935319792339817,False
20262682,B001,BROU,0.29471456247424077,B001,BROU,0.30421137253273367,False
20262683,B001,BROU,0.2696218897185392,B001,BROU,0.29341499550694455,False
20262684,B001,BROU,0.3039677404281781,B001,BROU,0.29814246097222447,False
20262685,B001,BROU,0.28663456618101196,B001,BROU,0.29621828709542286,False
20262686,B001,BROU,0.3076774727714007,B001,BROU,0.34870632997412365,False
20262687,B001,BROU,0.2977724329663562,B001,BROU,0.29897374793219483,False
20262688,B001,BROU,0.3095036934233642,B001,BROU,0.267313285739841,False
20262689,B001,BROU,0.2976194719293451,B001,BROU,0.2959284844559069,False
20262690,B001,BROU,0.31790809128828335,B001,BROU,0.2802713500209294,False
20262691,B001,BROU,0.2961718194101233,B001,BROU,0.29157482810504454,False
20262692,B001,BROU,0.3110074990177361,B001,BROU,0.31995904535684094,False
20262693,B001,BROU,0.28077857041270365,B001,BROU,0.27692834667540983,False
20262694,B001,BROU,0.297879651145329,B001,BROU,0.27785355810865914,False
20262695,B001,BROU,0.3150894001077891,B001,BROU,0.3009129962145301,False
20262696,B001,BROU,0.28086054990431014,B001,BROU,0.2852255568811572,False
20262697,B001,BROU,0.3126318583249821,B001,BROU,0.3415217083828312,False
20262698,B001,BROU,0.31783414738502935,B001,BROU,0.3553854276430667,False
20262699,B001,BROU,0.3079845801170069,B001,BROU,0.3326849958407231,False
20262700,B001,BROU,0.32719957430459634,B001,BROU,0.2973130462260458,False
20262701,B001,BROU,0.28527049926037723,B001,BROU,0.29594671696403496,False
20262702,B001,BROU,0.290344245271048,B001,BROU,0.31318578828840216,False
20262703,B001,BROU,0.29634589882487494,B001,BROU,0.299799472806887,False
20262704,B001,BROU,0.2843452666585274,B001,BROU,0.33763867775049794,False
20262705,B001,BROU,0.2918049043395076,B001,BROU,0.3062540466591022,False
20262706,B001,BROU,0.336548749191387,B001,BROU,0.3674961552690696,False
20262707,B001,BROU,0.29490344244614347,B001,BROU,0.30085210462127615,False
20262708,B001,BROU,0.27763059276261914,B001,BROU,0.2673507630333438,False
20262709,B001,BROU,0.3033927920607288,B001,BROU,0.2977757933575661,False
20262710,B001,BROU,0.31842341096339605,B001,BROU,0.3079161780940832,False
20262711,B001,BROU,0.31924206747993955,B001,BROU,0.31369333891096696,False
20262712,B001,BROU,0.32099895426478664,B001,BROU,0.2879745739551234,False
20262713,B001,BROU,0.2830525626925755,B001,BROU,0.27108854615557954,False
20262714,B001,BROU,0.31612787133721154,B001,BROU,0.29805472369681363,False
20262715,B001,BROU,0.29528248734501206,B001,BROU,0.32751927102463546,False
20262716,B001,BROU,0.33843984165512603,B001,BROU,0.32469369510563156,False
20262717,B001,BROU,0.32012376403756343,B001,BROU,0.30464768751147986,False
20262718,B001,BROU,0.31417262346370606,B001,BROU,0.2744416380293817,False
20262719,B001,BROU,0.3271114943355126,B001,BROU,0.3179332348566967,False
20262720,B001,BROU,0.2904283978883571,B001,BROU,0.29894894206378636,False
20262721,B001,BROU,0.28279688495918964,B001,BROU,0.30767077530137826,False
20262722,B001,BROU,0.31073347156676323,B007,Santander Uruguay,0.19610901974514833,True
20262723,B001,BROU,0.3205687898627936,B001,BROU,0.26043822850266507,False
20262724,B001,BROU,0.30466790787540793,B001,BROU,0.3475117638329527,False
20262725,B001,BROU,0.3248336743208462,B001,BROU,0.31017229231218835,False
20262726,B001,BROU,0.3191882192250276,B001,BROU,0.3343432421272562,False
20262727,B001,BROU,0.31823431142694153,B001,BROU,0.33621099507525937,False
20262728,B001,BROU,0.29645899916270124,B001,BROU,0.34153975822574195,False
20262729,B001,BROU,0.294748249058952,B001,BROU,0.28980426032666545,False
20262730,B001,BROU,0.32865867624645406,B001,BROU,0.2950532708657421,False
20262731,B001,BROU,0.29082576170842356,B001,BROU,0.2484661899759263,False
20262732,B001,BROU,0.306023595112098,B001,BROU,0.29660493508855396,False
20262733,B001,BROU,0.31637773791236645,B001,BROU,0.3475402222546715,False
20262734,B001,BROU,0.29960063803580633,B001,BROU,0.3040811212178146,False
20262735,B001,BROU,0.31139152296510736,B001,BROU,0.29415408915359303,False
20262736,B001,BROU,0.2885615686632584,B001,BROU,0.28523280596631256,False
20262737,B001,BROU,0.2876978799832701,B006,Itaú Uruguay,0.23332724575253008,True
20262738,B001,BROU,0.31659037487052266,B001,BROU,0.29769874503483906,False
20262739,B001,BROU,0.31253133300940117,B001,BROU,0.29896859541435894,False
20262740,B001,BROU,0.32095658511875125,B001,BROU,0.29960484910835616,False
20262741,B001,BROU,0.29314172419117607,B001,BROU,0.2978368856973563,False
20262742,B001,BROU,0.29567104266501393,B001,BROU,0.3352810446370201,False
20262743,B001,BROU,0.29231163132310134,B001,BROU,0.29431766134401555,False
20262744,B001,BROU,0.28694332534042016,B001,BROU,0.27453970487765506,False
20262745,B001,BROU,0.29018742856747126,B001,BROU,0.29081123337015147,False
20262746,B001,BROU,0.2906395185306304,B001,BROU,0.33109885149966206,False
20262747,B001,BROU,0.2948462634341893,B001,BROU,0.25065825370233286,False
20262748,B001,BROU,0.28613301311149,B001,BROU,0.24284715503482063,False
20262749,B001,BROU,0.2768247487135654,B001,BROU,0.31019718147607944,False
20262750,B001,BROU,0.30602088095261865,B001,BROU,0.24321255696541474,False
20262751,B001,BROU,0.31810935547650876,B001,BROU,0.30428546437400145,False
20262752,B001,BROU,0.2846449708876249,B001,BROU,0.2703185545767705,False
20262753,B001,BROU,0.30839633429103097,B001,BROU,0.29981338412663733,False
20262754,B001,BROU,0.31411490552759663,B001,BROU,0.3204909818207739,False
20262755,B001,BROU,0.3064297950209563,B001,BROU,0.3072300470900922,False
20262756,B001,BROU,0.30808791273912695,B001,BROU,0.29800835624971755,False
20262757,B001,BROU,0.28546476553862965,B001,BROU,0.2994551794454621,False
20262758,B001,BROU,0.3025740813126518,B001,BROU,0.3270569466781953,False
20262759,B001,BROU,0.3107101056961417,B001,BROU,0.33554581517592114,False
20262760,B001,BROU,0.32148143946750884,B001,BROU,0.30820028374391695,False
20262761,B001,BROU,0.32722334844022194,B001,BROU,0.3051278241243693,False
20262762,B001,BROU,0.2893788420840323,B001,BROU,0.2823763106717631,False
20262763,B001,BROU,0.276303972018608,B001,BROU,0.2674243483451487,False
20262764,B001,BROU,0.3110241771213962,B001,BROU,0.3400051531821467,False
20262765,B001,BROU,0.2836133662278742,B001,BROU,0.28331537137452506,False
20262766,B001,BROU,0.30690277963576074,B001,BROU,0.26410432503950393,False
20262767,B001,BROU,0.30823320912209995,B001,BROU,0.29804377009340405,False
20262768,B001,BROU,0.29848536988179686,B001,BROU,0.3578602836276094,False
20262769,B001,BROU,0.3063726803951596,B001,BROU,0.32886442882960965,False
20262770,B001,BROU,0.311999729461393,B001,BROU,0.29530495832347714,False
20262771,B001,BROU,0.30706348616590395,B001,BROU,0.3347491156054623,False
20262772,B001,BROU,0.29251599101126924,B001,BROU,0.3095377931953658,False
20262773,B001,BROU,0.2904787676028392,B001,BROU,0.2789992030365909,False
20262774,B001,BROU,0.3088142414328659,B001,BROU,0.26939365917586333,False
20262775,B001,BROU,0.3116988929877892,B001,BROU,0.26293255915381547,False
20262776,B001,BROU,0.29183569591667774,B001,BROU,0.31416257023688976,False
20262777,B001,BROU,0.280022850084729,B001,BROU,0.3271527030169333,False
20262778,B001,BROU,0.2802674354368182,B001,BROU,0.3365889842988261,False
20262779,B001,BROU,0.31560615352039634,B001,BROU,0.31637091870501416,False
20262780,B001,BROU,0.2991308225652852,B001,BROU,0.2594963880280662,False
20262781,B001,BROU,0.2975226767436213,B001,BROU,0.2850740593085437,False
20262782,B001,BROU,0.3219924129936415,B001,BROU,0.31843658064996183,False
20262783,B001,BROU,0.30750678096443484,B001,BROU,0.32186860906124903,False
20262784,B001,BROU,0.2804994767738415,B001,BROU,0.28706863671156946,False
20262785,B001,BROU,0.3199052283359287,B001,BROU,0.33243773774016655,False
20262786,B001,BROU,0.29457124515940925,B001,BROU,0.3285386531013013,False
20262787,B001,BROU,0.2962515981528572,B001,BROU,0.30052153496124057,False
20262788,B001,BROU,0.3011214009012724,B001,BROU,0.28331459993123365,False
20262789,B001,BROU,0.31159235098770466,B001,BROU,0.2950108014802571,False
20262790,B001,BROU,0.3206951428220869,B001,BROU,0.28576191247156957,False
20262791,B001,BROU,0.2794410647837208,B001,BROU,0.2978118981622663,False
20262792,B001,BROU,0.2963145897984536,B001,BROU,0.31364195486207325,False
20262793,B001,BROU,0.2954902382354325,B001,BROU,0.31067784182351466,False
20262794,B001,BROU,0.2959837480869814,B001,BROU,0.2878834224977939,False
20262795,B001,BROU,0.30686935470920285,B001,BROU,0.2552139868306833,False
20262796,B001,BROU,0.2787960612059267,B001,BROU,0.28895307756886074,False
20262797,B001,BROU,0.2885639675172409,B001,BROU,0.274404001265574,False
20262798,B001,BROU,0.2790676228296053,B001,BROU,0.2784218316545134,False
20262799,B001,BROU,0.31503090287425695,B001,BROU,0.32030405108315285,False
20262800,B001,BROU,0.3151212525540426,B001,BROU,0.2897944850086435,False
20262801,B001,BROU,0.29522007189538363,B001,BROU,0.29614653938194957,False
20262802,B001,BROU,0.3299121532654067,B001,BROU,0.3252847450704336,False
20262803,B001,BROU,0.3133551742914252,B001,BROU,0.2788330934785144,False
20262804,B001,BROU,0.3003029819514872,B001,BROU,0.2982721458671277,False
20262805,B001,BROU,0.29220458288730367,B001,BROU,0.25233218081231623,False
20262806,B001,BROU,0.3191377422189995,B001,BROU,0.3019967102892832,False
20262807,B001,BROU,0.30455286502712897,B001,BROU,0.31797590274953574,False
20262808,B001,BROU,0.3072849177338743,B001,BROU,0.3145374920769509,False
20262809,B001,BROU,0.29873785756268145,B001,BROU,0.27028257881789974,False
20262810,B001,BROU,0.28694233580817646,B001,BROU,0.35567032261382714,False
20262811,B001,BROU,0.2964243547963083,B001,BROU,0.2672546680451146,False
20262812,B001,BROU,0.32472475112681454,B001,BROU,0.381243629191828,False
20262813,B001,BROU,0.32354044339999477,B001,BROU,0.29490240999724104,False
20262814,B001,BROU,0.3249463728682074,B001,BROU,0.3177578987615577,False
20262815,B001,BROU,0.31998164441043125,B001,BROU,0.2826601612409759,False
20262816,B001,BROU,0.3271068314171308,B001,BROU,0.28205555023836115,False
20262817,B001,BROU,0.3028212591740575,B001,BROU,0.27115527086794133,False
20262818,B001,BROU,0.3047636699273574,B001,BROU,0.364882923166678,False
20262819,B001,BROU,0.32296703412691863,B001,BROU,0.3243153946644829,False
20262820,B001,BROU,0.28590602098378814,B001,BROU,0.3281337801694796,False
20262821,B001,BROU,0.3170978427151766,B001,BROU,0.280438791198187,False
20262822,B001,BROU,0.2857044623797341,B001,BROU,0.2726071689861209,False
20262823,B001,BROU,0.2993837515952972,B001,BROU,0.3194024496856951,False
20262824,B001,BROU,0.2975278105507825,B001,BROU,0.2852467981290008,False
20262825,B001,BROU,0.30080519244966564,B001,BROU,0.31334348556248676,False
20262826,B001,BROU,0.3104329150276741,B001,BROU,0.3043123953749662,False
20262827,B001,BROU,0.32697452154311657,B001,BROU,0.31593786156329623,False
20262828,B001,BROU,0.30304852913059144,B001,BROU,0.3159656748998817,False
20262829,B001,BROU,0.28051268201411206,B001,BROU,0.27722998345218497,False
20262830,B001,BROU,0.2955531599701334,B001,BROU,0.23107893245292999,False
20262831,B001,BROU,0.289770353200345,B001,BROU,0.3430197891095711,False
20262832,B001,BROU,0.2848549501131904,B001,BROU,0.2739843303311403,False
20262833,B001,BROU,0.29629009567152625,B001,BROU,0.32671693826907966,False
20262834,B001,BROU,0.2889202904073502,B001,BROU,0.3325291836503689,False
20262835,B001,BROU,0.31848698459414393,B001,BROU,0.3532074216480665,False
20262836,B001,BROU,0.3022298096934621,B001,BROU,0.2707992246421198,False
20262837,B001,BROU,0.29011281914300485,B001,BROU,0.3026938970901588,False
20262838,B001,BROU,0.2888421680488316,B001,BROU,0.3112376795681047,False
20262839,B001,BROU,0.2999295063368688,B001,BROU,0.2799499490215471,False
20262840,B001,BROU,0.29437912337169514,B001,BROU,0.28249681067334464,False
20262841,B001,BROU,0.30143195345608487,B001,BROU,0.2415360246490078,False
20262842,B001,BROU,0.2838113393475484,B001,BROU,0.24012738170573575,False
20262843,B001,BROU,0.30896218757227845,B001,BROU,0.31806472023576166,False
20262844,B001,BROU,0.31949176172578714,B001,BROU,0.2771026627225602,False
20262845,B001,BROU,0.28600192322788537,B001,BROU,0.27198813252590065,False
20262846,B001,BROU,0.28114916045324034,B001,BROU,0.29076282341475457,False
20262847,B001,BROU,0.2991057584747494,B001,BROU,0.32575613237831336,False
20262848,B001,BROU,0.2950196801676891,B001,BROU,0.26595127661462115,False
20262849,B001,BROU,0.32210332444480827,B001,BROU,0.3143616728078275,False
20262850,B001,BROU,0.2823153602087788,B001,BROU,0.2207238583527753,False
20262851,B001,BROU,0.31129347985617084,B001,BROU,0.3266038622288079,False
20262852,B001,BROU,0.2927319154175923,B001,BROU,0.2797015540092689,False
20262853,B001,BROU,0.31177424530419295,B001,BROU,0.3234802593939047,False
20262854,B001,BROU,0.2967831915839984,B001,BROU,0.3145169412055538,False
20262855,B001,BROU,0.3080905473179372,B001,BROU,0.29523689222097954,False
20262856,B001,BROU,0.2827457147769997,B001,BROU,0.289411388366311,False
20262857,B001,BROU,0.307930525841152,B001,BROU,0.2948282266199549,False
20262858,B001,BROU,0.3125385075787424,B001,BROU,0.3818732165968615,False
20262859,B001,BROU,0.2844494599694303,B001,BROU,0.29821886794688746,False
20262860,B001,BROU,0.3183665767722661,B001,BROU,0.3276244121298478,False
20262861,B001,BROU,0.28278466508115313,B001,BROU,0.2900683703874389,False
20262862,B001,BROU,0.28957178814791545,B001,BROU,0.30564177693164457,False
20262863,B001,BROU,0.3010124622596866,B001,BROU,0.28210739812341984,False
20262864,B001,BROU,0.3137152477972872,B001,BROU,0.2835390672442314,False
20262865,B001,BROU,0.31347905756667876,B001,BROU,0.31626097843441026,False
20262866,B001,BROU,0.2974376431175086,B001,BROU,0.30147620839049183,False
20262867,B001,BROU,0.2903480936386963,B001,BROU,0.2736495173429057,False
20262868,B001,BROU,0.31440442783896005,B001,BROU,0.2538550641582405,False
20262869,B001,BROU,0.3255992275903109,B001,BROU,0.29268264018547735,False
20262870,B001,BROU,0.3128711348218145,B001,BROU,0.2604442251183382,False
20262871,B001,BROU,0.2939754627062695,B001,BROU,0.31177095243283226,False
20262872,B001,BROU,0.29530901909538976,B001,BROU,0.2752930598976423,False
20262873,B001,BROU,0.2930604571051708,B001,BROU,0.25748563379978423,False
20262874,B001,BROU,0.3268228579596174,B001,BROU,0.294353820014791,False
20262875,B001,BROU,0.31089940546755085,B001,BROU,0.28802958587750804,False
20262876,B001,BROU,0.331990430536141,B001,BROU,0.3191939488525436,False
20262877,B001,BROU,0.3076795291349864,B001,BROU,0.3187734137011021,False
20262878,B001,BROU,0.3061553767836215,B001,BROU,0.30596762386553067,False
20262879,B001,BROU,0.3186814190901198,B001,BROU,0.3135065652335118,False
20262880,B001,BROU,0.28204354457116304,B001,BROU,0.3199099070547991,False
20262881,B001,BROU,0.2881748124584262,B001,BROU,0.2853117566545707,False
20262882,B001,BROU,0.275120679736989,B001,BROU,0.26956340197347956,False
20262883,B001,BROU,0.2959542264687889,B001,BROU,0.3119950169784536,False
20262884,B001,BROU,0.3167342483364646,B001,BROU,0.28478250799474963,False
20262885,B001,BROU,0.31845487127967487,B001,BROU,0.3165149510575459,False
20262886,B001,BROU,0.3148609485901813,B001,BROU,0.2984570263324067,False
20262887,B001,BROU,0.2939628023158852,B001,BROU,0.28775868615499034,False
20262888,B001,BROU,0.3105684954707587,B001,BROU,0.3149014870543044,False
20262889,B001,BROU,0.3117446654235758,B001,BROU,0.2967456368728396,False
20262890,B001,BROU,0.31096198645343126,B001,BROU,0.32201215314740567,False
20262891,B001,BROU,0.32461478759461526,B001,BROU,0.33175668847681083,False
20262892,B001,BROU,0.33166191659417893,B001,BROU,0.32938364991935076,False
20262893,B001,BROU,0.28820949870714113,B001,BROU,0.20363464863397424,False
20262894,B001,BROU,0.30214434517077887,B001,BROU,0.3264177157162319,False
20262895,B001,BROU,0.30720437916413496,B001,BROU,0.29322915829375495,False
20262896,B001,BROU,0.36,B001,BROU,0.3838491466686889,False
20262897,B001,BROU,0.2825449762703577,B001,BROU,0.30224835604355105,False
20262898,B001,BROU,0.3158509712462735,B001,BROU,0.3232762206103473,False
20262899,B001,BROU,0.3193925137530679,B001,BROU,0.19125697972634034,False
20262900,B001,BROU,0.29751569116380205,B001,BROU,0.30064721932639016,False
20262901,B001,BROU,0.31958719745802605,B001,BROU,0.31137535809255285,False
20262902,B001,BROU,0.2936671967077587,B001,BROU,0.3382484619009827,False
20262903,B001,BROU,0.2955949261550442,B001,BROU,0.28555569942604264,False
20262904,B001,BROU,0.30672421743500833,B001,BROU,0.2641825859341391,False
20262905,B001,BROU,0.29071415805369577,B001,BROU,0.2743698180784174,False
20262906,B001,BROU,0.29169753522046943,B001,BROU,0.29061348042983803,False
20262907,B001,BROU,0.3020571595923491,B001,BROU,0.28822320105195387,False
20262908,B001,BROU,0.28465755283029187,B001,BROU,0.30368343528310227,False
20262909,B001,BROU,0.3057560481235224,B001,BROU,0.30441675220855935,False
20262910,B001,BROU,0.29312818217082043,B001,BROU,0.27758961104566676,False
20262911,B001,BROU,0.29003296494392794,B001,BROU,0.2867316356217504,False
20262912,B001,BROU,0.28801316614606765,B001,BROU,0.28089348775702755,False
20262913,B001,BROU,0.2921222726565061,B001,BROU,0.2660337512462754,False
20262914,B001,BROU,0.3086564840480855,B001,BROU,0.3449597046975624,False
20262915,B001,BROU,0.2952169327551666,B001,BROU,0.23351434597935852,False
20262916,B001,BROU,0.3118122800478,B001,BROU,0.3616961212534421,False
20262917,B001,BROU,0.2983470803472747,B001,BROU,0.36010586009516665,False
20262918,B001,BROU,0.3031799776970555,B001,BROU,0.30575078798839816,False
20262919,B001,BROU,0.30222697774555,B001,BROU,0.2956989344603354,False
20262920,B001,BROU,0.32286724850099624,B001,BROU,0.32915334741565627,False
20262921,B001,BROU,0.2944445774435338,B001,BROU,0.3255227896223953,False
20262922,B001,BROU,0.3063805741698037,B001,BROU,0.2843921972499071,False
20262923,B001,BROU,0.28155785973442804,B001,BROU,0.2882690674907848,False
20262924,B001,BROU,0.29098364162356277,B001,BROU,0.2669331588629488,False
20262925,B001,BROU,0.2922936082683635,B001,BROU,0.26166947265039825,False
20262926,B001,BROU,0.3135640206102181,B001,BROU,0.2861173343867166,False
20262927,B001,BROU,0.28569487954354855,B001,BROU,0.23648690780603868,False
20262928,B001,BROU,0.32368307943710073,B001,BROU,0.324233435761556,False
20262929,B001,BROU,0.29179752169647116,B001,BROU,0.26422612007575114,False
20262930,B001,BROU,0.28715746181313345,B001,BROU,0.29496341999489134,False
20262931,B001,BROU,0.3139579885797886,B001,BROU,0.3155454497208382,False
20262932,B001,BROU,0.28984677121701424,B001,BROU,0.29140656591048814,False
20262933,B001,BROU,0.2833591728814857,B001,BROU,0.27947835696968515,False
20262934,B001,BROU,0.2984792756199877,B001,BROU,0.2761853993634028,False
20262935,B001,BROU,0.2932435162276332,B001,BROU,0.2709329129190294,False
20262936,B001,BROU,0.3158758698650028,B001,BROU,0.3297372192164763,False
20262937,B001,BROU,0.29651783227025075,B001,BROU,0.29735466321255805,False
20262938,B001,BROU,0.29192488754690643,B001,BROU,0.31083269675741076,False
20262939,B001,BROU,0.2869548915147049,B001,BROU,0.32689545638346734,False
20262940,B001,BROU,0.30002647728259846,B001,BROU,0.3096635072189,False
20262941,B001,BROU,0.2819142847198275,B001,BROU,0.29667138628455914,False
20262942,B001,BROU,0.29420915964761585,B001,BROU,0.2857288472045927,False
20262943,B001,BROU,0.29846375546327975,B001,BROU,0.2823312501489888,False
20262944,B001,BROU,0.3010430625116958,B001,BROU,0.2429837374966969,False
20262945,B001,BROU,0.28926337340773695,B001,BROU,0.3169725425277294,False
20262946,B001,BROU,0.2882569180555411,B001,BROU,0.3001658705457514,False
20262947,B001,BROU,0.28028427068741874,B001,BROU,0.28381876183546645,False
20262948,B001,BROU,0.32381424281364024,B001,BROU,0.29162536973110315,False
20262949,B001,BROU,0.3351979016280553,B001,BROU,0.3511204055702646,False
20262950,B001,BROU,0.3011435016486087,B001,BROU,0.3591998521784912,False
20262951,B001,BROU,0.31230307901276344,B001,BROU,0.3318564347421448,False
20262952,B001,BROU,0.2873148803002202,B001,BROU,0.3022841918159603,False
20262953,B001,BROU,0.29482006542143746,B001,BROU,0.23630863420179746,False
20262954,B001,BROU,0.2807657427615972,B001,BROU,0.29137959318141654,False
20262955,B001,BROU,0.3204477415914296,B001,BROU,0.3198709867190708,False
20262956,B001,BROU,0.3031474597467031,B001,BROU,0.3527985503045433,False
20262957,B001,BROU,0.3059560838553237,B001,BROU,0.3171068726164428,False
20262958,B001,BROU,0.3046488932190299,B001,BROU,0.3052128621925225,False
20262959,B001,BROU,0.313038123513696,B001,BROU,0.3358802958726387,False
20262960,B001,BROU,0.3282820562241966,B001,BROU,0.3401046349064588,False
20262961,B001,BROU,0.30261343292049847,B001,BROU,0.2936913782324135,False
20262962,B001,BROU,0.29238569644507745,B001,BROU,0.3184486049575218,False
20262963,B001,BROU,0.3443956145905819,B001,BROU,0.30810697717007585,False
20262964,B001,BROU,0.30629172829960416,B001,BROU,0.2640592166020211,False
20262965,B001,BROU,0.28462271395173094,B001,BROU,0.2906093378407348,False
20262966,B001,BROU,0.3129997524716483,B001,BROU,0.27620965934207614,False
20262967,B001,BROU,0.30025193968559966,B001,BROU,0.27844193980855614,False
20262968,B001,BROU,0.2896330161396616,B001,BROU,0.2961060411657803,False
20262969,B001,BROU,0.28150667508428473,B001,BROU,0.24794201219123696,False
20262970,B001,BROU,0.28452456723810543,B001,BROU,0.30109126308605666,False
20262971,B001,BROU,0.26849335539062724,B001,BROU,0.2874582107910666,False
20262972,B001,BROU,0.28512054453361874,B001,BROU,0.2989490679753851,False
20262973,B001,BROU,0.33314767850602045,B001,BROU,0.28767242159956824,False
20262974,B001,BROU,0.3199066933154613,B001,BROU,0.3182480624889912,False
20262975,B001,BROU,0.32886514237917663,B001,BROU,0.25996614840834203,False
20262976,B001,BROU,0.2718165975254828,B001,BROU,0.2788486501849428,False
20262977,B001,BROU,0.294790053378559,B001,BROU,0.2615385421078173,False
20262978,B001,BROU,0.2967981205610335,B001,BROU,0.28515454522210215,False
20262979,B001,BROU,0.29397505274448765,B001,BROU,0.28895150013695214,False
20262980,B001,BROU,0.29474044951151485,B001,BROU,0.27085681861002814,False
20262981,B001,BROU,0.29306449577148,B001,BROU,0.29469794066176075,False
20262982,B001,BROU,0.31258788704367985,B001,BROU,0.3518299360691078,False
20262983,B001,BROU,0.33137556865067525,B001,BROU,0.303132532427424,False
20262984,B001,BROU,0.29110117217815656,B001,BROU,0.2893270430095952,False
20262985,B001,BROU,0.2965537304724799,B001,BROU,0.3061514046757887,False
20262986,B001,BROU,0.2780274915076074,B001,BROU,0.27374148558533024,False
20262987,B001,BROU,0.29425177625374926,B001,BROU,0.318761448499462,False
20262988,B001,BROU,0.2901579654361822,B001,BROU,0.2762920770668737,False
20262989,B001,BROU,0.31297642208779725,B001,BROU,0.307857618701915,False
20262990,B001,BROU,0.2925657382760602,B001,BROU,0.28572417671978345,False
20262991,B001,BROU,0.2938282465393589,B001,BROU,0.3474514461173641,False
20262992,B001,BROU,0.29610222771557376,B001,BROU,0.29689225179686757,False
20262993,B001,BROU,0.30447728980695454,B001,BROU,0.29198167836483263,False
20262994,B001,BROU,0.30389981426688806,B001,BROU,0.2846691187697501,False
20262995,B001,BROU,0.31792516038775254,B001,BROU,0.2709847763250696,False
20262996,B001,BROU,0.3106036211051778,B001,BROU,0.3191398428866103,False
20262997,B001,BROU,0.328702935545207,B001,BROU,0.3259330155292013,False
20262998,B001,BROU,0.28817609140486655,B001,BROU,0.27860521735319865,False
20262999,B001,BROU,0.32033526268304835,B001,BROU,0.33855779652847307,False
20263000,B001,BROU,0.3192281222670959,B001,BROU,0.3199671482568852,False
20263001,B001,BROU,0.27826925301417416,B001,BROU,0.3282729817441149,False
20263002,B001,BROU,0.30612692808039366,B001,BROU,0.32312022876236446,False
20263003,B001,BROU,0.2703305116377642,B001,BROU,0.28728317471410814,False
20263004,B001,BROU,0.30517750191856746,B001,BROU,0.30987216806760115,False
20263005,B001,BROU,0.32275066359787197,B001,BROU,0.30095707346282186,False
20263006,B001,BROU,0.2896204017178645,B001,BROU,0.2807250932425812,False
20263007,B001,BROU,0.3101962629974721,B001,BROU,0.25928005187684555,False
20263008,B001,BROU,0.30214913958503103,B001,BROU,0.3658874315628618,False
20263009,B001,BROU,0.3003887887653731,B001,BROU,0.3127149347204603,False
20263010,B001,BROU,0.29784245557565375,B001,BROU,0.28257261756337565,False
20263011,B001,BROU,0.30676352166380294,B001,BROU,0.2998362769362221,False
20263012,B001,BROU,0.2869830588561178,B001,BROU,0.291119547311862,False
20263013,B001,BROU,0.30795082697341886,B006,Itaú Uruguay,0.22080224139306856,True
20263014,B001,BROU,0.2873750113722368,B001,BROU,0.2971989035252019,False
20263015,B001,BROU,0.3044707831900131,B001,BROU,0.2159858826389142,False
20263016,B001,BROU,0.29938672040971637,B001,BROU,0.2973191703229959,False
20263017,B001,BROU,0.30401496953460366,B001,BROU,0.29409982134931695,False
20263018,B001,BROU,0.29845234331354054,B001,BROU,0.28238048311143815,False
20263019,B001,BROU,0.29876883032099993,B001,BROU,0.30037420476205884,False
20263020,B001,BROU,0.2876776916993219,B001,BROU,0.2644288969218054,False
20263021,B001,BROU,0.3227554589107346,B001,BROU,0.3283606780558166,False
20263022,B001,BROU,0.29618617019415516,B001,BROU,0.31945166106620815,False
20263023,B001,BROU,0.3075532364680459,B001,BROU,0.2771627957755056,False
20263024,B001,BROU,0.31325017496508745,B001,BROU,0.28461484705791706,False
20263025,B001,BROU,0.28483174919354665,B001,BROU,0.3037552238662487,False
20263026,B001,BROU,0.3021164634404063,B001,BROU,0.3000325428158233,False
20263027,B001,BROU,0.32193144727465484,B001,BROU,0.35625627948275995,False
20263028,B001,BROU,0.3373651926543195,B001,BROU,0.34615980905855837,False
20263029,B001,BROU,0.32208603533713187,B001,BROU,0.3120289484319636,False
20263030,B001,BROU,0.3107853364286547,B001,BROU,0.4072716107669169,False
20263031,B001,BROU,0.29149588281479033,B001,BROU,0.2715364042781206,False
20263032,B001,BROU,0.3281098033451698,B001,BROU,0.30279364097577366,False
20263033,B001,BROU,0.3153103937475828,B001,BROU,0.2845391164062577,False
20263034,B001,BROU,0.2890013684056119,B001,BROU,0.295111450622929,False
20263035,B001,BROU,0.3078914452133175,B001,BROU,0.31460980919115245,False
20263036,B001,BROU,0.3019221560819229,B001,BROU,0.3245744086611008,False
20263037,B001,BROU,0.3221677261782715,B001,BROU,0.3491016360947051,False
20263038,B001,BROU,0.3035790822856945,B001,BROU,0.33002247662186296,False
20263039,B001,BROU,0.3238169569163179,B001,BROU,0.34756845116409013,False
20263040,B001,BROU,0.30887907718860697,B001,BROU,0.2780927360176833,False
20263041,B001,BROU,0.2924215908642266,B001,BROU,0.3116413626483109,False
20263042,B001,BROU,0.298355125172051,B001,BROU,0.3248656193597704,False
20263043,B001,BROU,0.2776317786942774,B001,BROU,0.27393782589047044,False
20263044,B001,BROU,0.30503213628939674,B001,BROU,0.3472317700756094,False
20263045,B001,BROU,0.2947411060473815,B001,BROU,0.30469857347483187,False
20263046,B001,BROU,0.30364218300014156,B001,BROU,0.2930475867387554,False
20263047,B001,BROU,0.30517145918454336,B001,BROU,0.2968306679173997,False
20263048,B001,BROU,0.2983085055137861,B001,BROU,0.3117429822914201,False
20263049,B001,BROU,0.28701407391626765,B001,BROU,0.2997637805250182,False
20263050,B001,BROU,0.29007414315121094,B001,BROU,0.29622846800772346,False
20263051,B001,BROU,0.30466980943342076,B001,BROU,0.2599360432056254,False
20263052,B001,BROU,0.29068310791061575,B001,BROU,0.30385066545215916,False
20263053,B001,BROU,0.30515674943679094,B001,BROU,0.34156159100849925,False
20263054,B001,BROU,0.28474194383618595,B001,BROU,0.29098915041713824,False
20263055,B001,BROU,0.3045437430999031,B001,BROU,0.27359454134743755,False
20263056,B001,BROU,0.3104166639639512,B001,BROU,0.2140713855097646,False
20263057,B001,BROU,0.30140170606886185,B001,BROU,0.32192377088443896,False
20263058,B001,BROU,0.2953450299996318,B001,BROU,0.28983303439277897,False
20263059,B001,BROU,0.3083425494929665,B001,BROU,0.3257451356553414,False
20263060,B001,BROU,0.2934483625013748,B001,BROU,0.2836181276603267,False
20263061,B001,BROU,0.3064324591874531,B001,BROU,0.33940418002161826,False
20263062,B001,BROU,0.29507826983583985,B001,BROU,0.30799262715402953,False
20263063,B001,BROU,0.32771521464518893,B001,BROU,0.22742430028857488,False
20263064,B001,BROU,0.2874654487567056,B001,BROU,0.3293980069004789,False
20263065,B001,BROU,0.28290207696800684,B001,BROU,0.2792392304358561,False
20263066,B001,BROU,0.3092364010258929,B001,BROU,0.2884160940461125,False
20263067,B001,BROU,0.29459683846239887,B001,BROU,0.2837466147967378,False
20263068,B001,BROU,0.31595838893165173,B001,BROU,0.3099235692265229,False
20263069,B001,BROU,0.27626406701696904,B001,BROU,0.25007361302830905,False
20263070,B001,BROU,0.36,B001,BROU,0.30866272203131917,False
20263071,B001,BROU,0.2912038334332466,B001,BROU,0.2667601844009975,False
20263072,B001,BROU,0.3000010639549605,B001,BROU,0.27727623534389784,False
20263073,B001,BROU,0.3223078998196016,B001,BROU,0.30734823409189355,False
20263074,B001,BROU,0.30939632520347754,B001,BROU,0.2904984123336998,False
20263075,B001,BROU,0.3069054690601979,B001,BROU,0.2589358270316963,False
20263076,B001,BROU,0.3096078959802617,B001,BROU,0.265065763109253,False
20263077,B001,BROU,0.30228923158449644,B001,BROU,0.30348322533392924,False
20263078,B001,BROU,0.2934215245388937,B001,BROU,0.29736898932368433,False
20263079,B001,BROU,0.3042897364743278,B001,BROU,0.3056092013306071,False
20263080,B001,BROU,0.27804474017922937,B001,BROU,0.32955825616622786,False
20263081,B001,BROU,0.29702336401696877,B001,BROU,0.30088065396167407,False
20263082,B001,BROU,0.32116355430252264,B001,BROU,0.32115858153082616,False
20263083,B001,BROU,0.30254350109737693,B001,BROU,0.30532101726128463,False
20263084,B001,BROU,0.3050785292878938,B001,BROU,0.27361404442819537,False
20263085,B001,BROU,0.3065145871625112,B001,BROU,0.3382806237127414,False
20263086,B001,BROU,0.3203276670628102,B001,BROU,0.3132721137835943,False
20263087,B001,BROU,0.31649254363820384,B001,BROU,0.3243891989924709,False
20263088,B001,BROU,0.2931149677518721,B001,BROU,0.30675570019552073,False
20263089,B001,BROU,0.2960761307462525,B001,BROU,0.3498441871934526,False
20263090,B001,BROU,0.29039881317068705,B001,BROU,0.2518058398952537,False
20263091,B001,BROU,0.2895528628463801,B001,BROU,0.2916435035799567,False
20263092,B001,BROU,0.27672921298663605,B001,BROU,0.2684615252418652,False
20263093,B001,BROU,0.2923590777276207,B001,BROU,0.29071347475482534,False
20263094,B001,BROU,0.2835120533480522,B001,BROU,0.29129326776529185,False
20263095,B001,BROU,0.33266992591688455,B001,BROU,0.31381963002271407,False
20263096,B001,BROU,0.32941882334873085,B001,BROU,0.3168905164745264,False
20263097,B001,BROU,0.3061845327850018,B001,BROU,0.33063816722774403,False
20263098,B001,BROU,0.3241903078551712,B001,BROU,0.32711617119471953,False
20263099,B001,BROU,0.3310124639755998,B001,BROU,0.3771508206707831,False
20263100,B001,BROU,0.2976061143750916,B001,BROU,0.2918368323113143,False
20263101,B001,BROU,0.3415288469914246,B001,BROU,0.301777942967244,False
20263102,B001,BROU,0.26994004444070085,B001,BROU,0.27102843967486356,False
20263103,B001,BROU,0.2907957700759264,B001,BROU,0.29078898635649464,False
20263104,B001,BROU,0.2773962431643403,B001,BROU,0.30201548138529877,False
20263105,B001,BROU,0.2943015527093662,B001,BROU,0.30043063906257816,False
20263106,B001,BROU,0.30198812552916804,B001,BROU,0.30751513881258397,False
20263107,B001,BROU,0.3112354081412171,B001,BROU,0.31403492025278484,False
20263108,B001,BROU,0.3066138678007232,B001,BROU,0.33957325453774834,False
20263109,B001,BROU,0.3130951898641959,B001,BROU,0.3180121009730572,False
20263110,B001,BROU,0.29341408149020415,B001,BROU,0.3105564865646438,False
20263111,B001,BROU,0.3117243146076483,B001,BROU,0.30291597801491493,False
20263112,B001,BROU,0.28718933463890073,B001,BROU,0.26126799296294345,False
20263113,B001,BROU,0.2908557995788197,B001,BROU,0.38314233479860044,False
20263114,B001,BROU,0.28412903195103123,B001,BROU,0.28869549711602405,False
20263115,B001,BROU,0.29472377490416146,B001,BROU,0.2908254798836623,False
20263116,B001,BROU,0.2977018702985589,B001,BROU,0.30122312408545776,False
20263117,B001,BROU,0.3155721457190806,B001,BROU,0.30487053243641066,False
20263118,B001,BROU,0.29264538354815856,B001,BROU,0.28757021682161515,False
20263119,B001,BROU,0.3051637451562437,B001,BROU,0.28395699426955273,False
20263120,B001,BROU,0.29315410606223663,B001,BROU,0.32020740702525513,False
20263121,B001,BROU,0.31225293829943324,B001,BROU,0.29466516439377405,False
20263122,B001,BROU,0.3340322118164406,B001,BROU,0.3025451561694602,False
20263123,B001,BROU,0.2889141218862984,B001,BROU,0.28660863977313655,False
20263124,B001,BROU,0.29377761564280847,B001,BROU,0.30454489194453077,False
20263125,B001,BROU,0.3043562730503559,B001,BROU,0.3013959354159376,False
20263126,B001,BROU,0.29554127978431544,B001,BROU,0.27267399557812355,False
20263127,B001,BROU,0.29492386465197773,B001,BROU,0.2671855500719599,False
20263128,B001,BROU,0.3447222710788388,B001,BROU,0.3447320080504484,False
20263129,B001,BROU,0.30954183399391283,B001,BROU,0.2897370156822384,False
20263130,B001,BROU,0.3318366850629193,B001,BROU,0.30777364827151865,False
20263131,B001,BROU,0.29902826902779545,B001,BROU,0.31241461803236237,False
20263132,B001,BROU,0.3068168338093387,B007,Santander Uruguay,0.2150266411516973,True
20263133,B001,BROU,0.3072587125024784,B001,BROU,0.32595113708358475,False
20263134,B001,BROU,0.32687073941646394,B001,BROU,0.311138741633527,False
20263135,B001,BROU,0.3080424759568336,B006,Itaú Uruguay,0.19139216703237924,True
20263136,B001,BROU,0.306306340198898,B001,BROU,0.2832405867319614,False
20263137,B001,BROU,0.26814649849906036,B001,BROU,0.28238398453656743,False
20263138,B001,BROU,0.29494724377853365,B001,BROU,0.30310894140110106,False
20263139,B001,BROU,0.31402999976834933,B001,BROU,0.29461314704436475,False
20263140,B001,BROU,0.29444657300239757,B001,BROU,0.30751401118392724,False
20263141,B001,BROU,0.2986147534185523,B001,BROU,0.30181633493389404,False
20263142,B001,BROU,0.301852147916425,B001,BROU,0.33268941971510585,False
20263143,B001,BROU,0.30627774797670393,B001,BROU,0.30454308580539335,False
20263144,B001,BROU,0.28723782984156887,B007,Santander Uruguay,0.1780612539827892,True
20263145,B001,BROU,0.2882675159866598,B001,BROU,0.2809815875110971,False
20263146,B001,BROU,0.31046809613953025,B001,BROU,0.3641989216235739,False
20263147,B001,BROU,0.2915994827056204,B001,BROU,0.2865382978302682,False
20263148,B001,BROU,0.2737381368839449,B001,BROU,0.2790396303350045,False
20263149,B001,BROU,0.2778209409963823,B001,BROU,0.2826265965540482,False
20263150,B001,BROU,0.27197696594489207,B001,BROU,0.2786362109399057,False
20263151,B001,BROU,0.2976201793599913,B001,BROU,0.29231447383108955,False
20263152,B001,BROU,0.28749527757216814,B001,BROU,0.27989188671702553,False
20263153,B001,BROU,0.3131946972974094,B001,BROU,0.3146989744683437,False
20263154,B001,BROU,0.2993135569386687,B001,BROU,0.3632500133705562,False
20263155,B001,BROU,0.2858467566059867,B001,BROU,0.27266925835949185,False
20263156,B001,BROU,0.2995501312066002,B001,BROU,0.3200475987065851,False
20263157,B001,BROU,0.29975843356575044,B001,BROU,0.29698896865752583,False
20263158,B001,BROU,0.3120836296836523,B001,BROU,0.3196515432732276,False
20263159,B001,BROU,0.2866974792089573,B001,BROU,0.3051617981535801,False
20263160,B001,BROU,0.31098800158548134,B001,BROU,0.30685688170766134,False
20263161,B001,BROU,0.3047519192313889,B001,BROU,0.3420015494749297,False
20263162,B001,BROU,0.31769388748343635,B001,BROU,0.3339172605452538,False
20263163,B001,BROU,0.2932398279041639,B001,BROU,0.2768861677322169,False
20263164,B001,BROU,0.34748378788925205,B001,BROU,0.28943061920404245,False
20263165,B001,BROU,0.29189862086263596,B001,BROU,0.2968491527667595,False
20263166,B001,BROU,0.2850138532567613,B001,BROU,0.2643907815735634,False
20263167,B001,BROU,0.2903569431278794,B001,BROU,0.3100878809692059,False
20263168,B001,BROU,0.32275273805930216,B001,BROU,0.3110854516143244,False
20263169,B001,BROU,0.3185613124136945,B001,BROU,0.27758230816279456,False
20263170,B001,BROU,0.3065047546346701,B001,BROU,0.30562208240035793,False
20263171,B001,BROU,0.2991508705504051,B001,BROU,0.2707828773992928,False
20263172,B001,BROU,0.2777283610204001,B001,BROU,0.2928185417737048,False
20263173,B001,BROU,0.307148109195876,B001,BROU,0.3860679496827492,False
20263174,B001,BROU,0.329465829053593,B001,BROU,0.34175912301427136,False
20263175,B001,BROU,0.2998847113877081,B001,BROU,0.31696532160485097,False
20263176,B001,BROU,0.285129656154498,B001,BROU,0.28200513547351147,False
20263177,B001,BROU,0.29826475966019844,B001,BROU,0.3216171964076977,False
20263178,B001,BROU,0.2926980714520052,B001,BROU,0.2932093365985689,False
20263179,B001,BROU,0.33477876600434514,B001,BROU,0.3410169273695409,False
20263180,B001,BROU,0.28854061914666146,B001,BROU,0.2826720713352584,False
20263181,B001,BROU,0.2652293148062425,B001,BROU,0.2967486401794666,False
20263182,B001,BROU,0.2899475994735076,B001,BROU,0.27857560587352564,False
20263183,B001,BROU,0.2960681585369267,B001,BROU,0.2993042572984463,False
20263184,B001,BROU,0.3172696162725821,B001,BROU,0.2900657534555528,False
20263185,B001,BROU,0.3085147413916107,B001,BROU,0.3298804791947395,False
20263186,B001,BROU,0.29476342800314687,B001,BROU,0.31727368598216615,False
20263187,B001,BROU,0.29495004100213185,B001,BROU,0.35118707185795356,False
20263188,B001,BROU,0.28997216570287987,B001,BROU,0.35191029071523383,False
20263189,B001,BROU,0.29574938453252675,B001,BROU,0.23857521410561233,False
20263190,B001,BROU,0.297311513745596,B001,BROU,0.2609934623063469,False
20263191,B001,BROU,0.3016501954453191,B001,BROU,0.24185324323491597,False
20263192,B001,BROU,0.29832570644671885,B001,BROU,0.2624948138253338,False
20263193,B001,BROU,0.31366911961162935,B001,BROU,0.2491135368261877,False
20263194,B001,BROU,0.29947467778225967,B001,BROU,0.32214637966501214,False
20263195,B001,BROU,0.3046357611515324,B001,BROU,0.3062659741162122,False
20263196,B001,BROU,0.3027909792243829,B001,BROU,0.305302065907419,False
20263197,B001,BROU,0.3170893463312084,B001,BROU,0.2877726534683939,False
20263198,B001,BROU,0.3273974950626644,B001,BROU,0.2991715704097777,False
20263199,B001,BROU,0.31971844093721374,B001,BROU,0.34081683918478306,False
20263200,B001,BROU,0.2805851047957097,B001,BROU,0.2791647498287872,False
20263201,B001,BROU,0.31025630129584064,B001,BROU,0.302835256621287,False
20263202,B001,BROU,0.28546870535856644,B001,BROU,0.2827432078907132,False
20263203,B001,BROU,0.2988466718244664,B001,BROU,0.3030798219264589,False
20263204,B001,BROU,0.27662742051990313,B001,BROU,0.3207279802528313,False
20263205,B001,BROU,0.34314304890159386,B001,BROU,0.29778520164832634,False
20263206,B001,BROU,0.3024439084941445,B001,BROU,0.2908047951203869,False
20263207,B001,BROU,0.28862795907010996,B001,BROU,0.3205331900303464,False
20263208,B001,BROU,0.288508404370321,B001,BROU,0.29211563786974604,False
20263209,B001,BROU,0.2919639819217439,B001,BROU,0.27403707491287604,False
20263210,B001,BROU,0.28674627972875943,B001,BROU,0.330262057885632,False
20263211,B001,BROU,0.2955543225391139,B001,BROU,0.2795367691498036,False
20263212,B001,BROU,0.28667738584516517,B001,BROU,0.3118843297974437,False
20263213,B001,BROU,0.30813968212551296,B001,BROU,0.33262316356814026,False
20263214,B001,BROU,0.2952736735145743,B007,Santander Uruguay,0.1983060604769866,True
20263215,B001,BROU,0.29491906984267247,B001,BROU,0.27366566579517576,False
20263216,B001,BROU,0.28054016263076736,B001,BROU,0.27923827039993027,False
20263217,B001,BROU,0.3018553199433712,B001,BROU,0.31002454043161753,False
20263218,B001,BROU,0.2705886367986188,B001,BROU,0.2696517692365915,False
20263219,B001,BROU,0.3079291874179891,B001,BROU,0.22584015327673312,False
20263220,B001,BROU,0.3029190304665287,B001,BROU,0.28067998437668673,False
20263221,B001,BROU,0.2981558851942327,B001,BROU,0.3121706310694592,False
20263222,B001,BROU,0.3122715858931434,B001,BROU,0.28028691258091315,False
20263223,B001,BROU,0.32464650943225615,B001,BROU,0.31097381150080455,False
20263224,B001,BROU,0.2912592892723487,B001,BROU,0.31804358513032105,False
20263225,B001,BROU,0.31623256705426317,B001,BROU,0.3535416805175248,False
20263226,B001,BROU,0.29760229765989094,B001,BROU,0.28389328230422284,False
20263227,B001,BROU,0.3185397554389098,B001,BROU,0.32145471635766426,False
20263228,B001,BROU,0.29535281888454246,B001,BROU,0.2874263463759502,False
20263229,B001,BROU,0.3251205125124518,B001,BROU,0.32492497162842177,False
20263230,B001,BROU,0.2931854716334466,B001,BROU,0.30042272601851155,False
20263231,B001,BROU,0.3418894536270849,B001,BROU,0.1979020454175564,False
20263232,B001,BROU,0.32117007984660556,B001,BROU,0.40332137940884577,False
20263233,B001,BROU,0.26987955571260874,B001,BROU,0.2911968964175605,False
20263234,B001,BROU,0.2713722493021745,B001,BROU,0.28560885238339306,False
20263235,B001,BROU,0.29266957552059814,B001,BROU,0.28126460154059085,False
20263236,B001,BROU,0.3282439625712963,B001,BROU,0.32554545413007896,False
20263237,B001,BROU,0.29715343697605945,B001,BROU,0.25005099798408986,False
20263238,B001,BROU,0.31861368435735593,B001,BROU,0.31017729213653233,False
20263239,B001,BROU,0.28954154721313125,B001,BROU,0.3522341882268603,False
20263240,B001,BROU,0.3296189883740394,B001,BROU,0.29727133235245823,False
20263241,B001,BROU,0.300340728961616,B001,BROU,0.31519278650171884,False
20263242,B001,BROU,0.3271069725905159,B001,BROU,0.3026172112619704,False
20263243,B001,BROU,0.3200948906273151,B001,BROU,0.30661743558402427,False
20263244,B001,BROU,0.30337365225273266,B001,BROU,0.36875720086921715,False
20263245,B001,BROU,0.3149651698905678,B001,BROU,0.29407855360185164,False
20263246,B001,BROU,0.3163261291510944,B001,BROU,0.3238838421585659,False
20263247,B001,BROU,0.2988436300851729,B001,BROU,0.31816089412828363,False
20263248,B001,BROU,0.2820204090026769,B001,BROU,0.22864697751747093,False
20263249,B001,BROU,0.2781371589115126,B001,BROU,0.2968825719686208,False
20263250,B001,BROU,0.28467632584960406,B001,BROU,0.3187192320570129,False
20263251,B001,BROU,0.31619172645402405,B001,BROU,0.2669489967649533,False
20263252,B001,BROU,0.3165056494813101,B001,BROU,0.30123088460837605,False
20263253,B001,BROU,0.295083441626691,B001,BROU,0.29044236640281457,False
20263254,B001,BROU,0.2786656426949323,B001,BROU,0.29159066722567395,False
20263255,B001,BROU,0.30848565105931447,B001,BROU,0.26518307286520504,False
20263256,B001,BROU,0.2912735238919881,B001,BROU,0.32978159206728364,False
20263257,B001,BROU,0.2960131256066085,B001,BROU,0.34884943169555765,False
20263258,B001,BROU,0.29775807258296944,B001,BROU,0.2914006862866538,False
20263259,B001,BROU,0.2823680594445318,B001,BROU,0.29702724880037795,False
20263260,B001,BROU,0.3319814083611755,B001,BROU,0.3513053720712953,False
20263261,B001,BROU,0.27988215581378967,B001,BROU,0.32222967899939814,False
20263262,B001,BROU,0.28299740699013765,B001,BROU,0.27666634154776776,False
20263263,B001,BROU,0.3315526044898219,B001,BROU,0.3285666746552081,False
20263264,B001,BROU,0.31073815128453003,B001,BROU,0.32398958355297075,False
20263265,B001,BROU,0.31652990738107345,B001,BROU,0.30772320649638324,False
20263266,B001,BROU,0.30165981526123975,B001,BROU,0.2894169831401002,False
20263267,B001,BROU,0.3221788044529885,B001,BROU,0.34473335193993204,False
20263268,B001,BROU,0.30187138586910117,B001,BROU,0.3064160859811332,False
20263269,B001,BROU,0.28676338367883164,B001,BROU,0.28295505709985674,False
20263270,B001,BROU,0.30406414942496174,B001,BROU,0.2613821219605714,False
20263271,B001,BROU,0.30205510071824193,B001,BROU,0.3008611024261153,False
20263272,B001,BROU,0.290338929934979,B001,BROU,0.30340532983929924,False
20263273,B001,BROU,0.3035368292830797,B001,BROU,0.2913394988883027,False
20263274,B001,BROU,0.29343137452354606,B001,BROU,0.3164609829221948,False
20263275,B001,BROU,0.3004210368679772,B001,BROU,0.29281730261621547,False
20263276,B001,BROU,0.31121081196561357,B001,BROU,0.2684114484282991,False
20263277,B001,BROU,0.2846079218161933,B001,BROU,0.2773699342687405,False
20263278,B001,BROU,0.2877015912278867,B001,BROU,0.26647026611036856,False
20263279,B001,BROU,0.30123237973536227,B001,BROU,0.3268121438326324,False
20263280,B001,BROU,0.30395902099149497,B001,BROU,0.28397630008315466,False
20263281,B001,BROU,0.3243445003889544,B001,BROU,0.35756266705484163,False
20263282,B001,BROU,0.29773518772329854,B001,BROU,0.3084233494375065,False
20263283,B001,BROU,0.33115970478173695,B001,BROU,0.31786947556959777,False
20263284,B001,BROU,0.2837075825581019,B001,BROU,0.3132707929870798,False
20263285,B001,BROU,0.26315578208686724,B001,BROU,0.2579735094273782,False
20263286,B001,BROU,0.29662643272498784,B001,BROU,0.3133145276071383,False
20263287,B001,BROU,0.2870656151550732,B001,BROU,0.3280891896417489,False
20263288,B001,BROU,0.311475931803903,B001,BROU,0.33620795386444,False
20263289,B001,BROU,0.32032597745512087,B001,BROU,0.29799780380489227,False
20263290,B001,BROU,0.30908810190821395,B007,Santander Uruguay,0.1831909542677271,True
20263291,B001,BROU,0.30910515554843854,B001,BROU,0.32364783972397193,False
20263292,B001,BROU,0.3244357705790797,B001,BROU,0.30660471576764375,False
20263293,B001,BROU,0.29753240815376536,B001,BROU,0.275831757406171,False
20263294,B001,BROU,0.3244501374092797,B001,BROU,0.28951910252287105,False
20263295,B001,BROU,0.2921269684203652,B001,BROU,0.29291686791688193,False
20263296,B001,BROU,0.2910246355373913,B001,BROU,0.2890272281564451,False
20263297,B001,BROU,0.31243964688836495,B001,BROU,0.3062250628110414,False
20263298,B001,BROU,0.2838652995860299,B001,BROU,0.2739113673739807,False
20263299,B001,BROU,0.31187892914605025,B001,BROU,0.29060971288369375,False
20263300,B001,BROU,0.30070820375797663,B001,BROU,0.30752357356629745,False
20263301,B001,BROU,0.3028532002397665,B001,BROU,0.3248458399169709,False
20263302,B001,BROU,0.28109642215087693,B001,BROU,0.29210917128115005,False
20263303,B001,BROU,0.3018127797285063,B001,BROU,0.31294572294671624,False
20263304,B001,BROU,0.30895618472898634,B001,BROU,0.3169536408616648,False
20263305,B001,BROU,0.2834272488740326,B001,BROU,0.27866335918952545,False
20263306,B001,BROU,0.2949117590875558,B001,BROU,0.28625223977918685,False
20263307,B001,BROU,0.30489313155820225,B001,BROU,0.29958144980605544,False
20263308,B001,BROU,0.28087458601056847,B001,BROU,0.28764738187091604,False
20263309,B001,BROU,0.33024112635135316,B001,BROU,0.3281387782895321,False
20263310,B001,BROU,0.31776026076745434,B001,BROU,0.3154124547925915,False
20263311,B001,BROU,0.3272574398706851,B001,BROU,0.32701916838262735,False
20263312,B001,BROU,0.29799307594927915,B001,BROU,0.3506114050149032,False
20263313,B001,BROU,0.2907313402934113,B001,BROU,0.2926279978179182,False
20263314,B001,BROU,0.27805213770087717,B001,BROU,0.270250538383693,False
20263315,B001,BROU,0.3099809820459656,B001,BROU,0.3048245870198681,False
20263316,B001,BROU,0.3081899562559665,B001,BROU,0.29940382290625417,False
20263317,B001,BROU,0.2944926274572106,B001,BROU,0.28620025769343865,False
20263318,B001,BROU,0.27871953119861037,B001,BROU,0.31319749420472287,False
20263319,B001,BROU,0.2983282935175745,B001,BROU,0.3390214116384855,False
20263320,B001,BROU,0.2990937998803194,B001,BROU,0.3116665017119229,False
20263321,B001,BROU,0.2891839559758411,B001,BROU,0.286760947091333,False
20263322,B001,BROU,0.2706836466786468,B001,BROU,0.2729296572437101,False
20263323,B001,BROU,0.3138910513713414,B001,BROU,0.34241991531927624,False
20263324,B001,BROU,0.323305054380575,B001,BROU,0.33656060397807713,False
20263325,B001,BROU,0.3112881094775404,B001,BROU,0.3069939084533499,False
20263326,B001,BROU,0.2932962642010071,B001,BROU,0.2928413934816791,False
20263327,B001,BROU,0.29613270149769316,B001,BROU,0.2811544078759255,False
20263328,B001,BROU,0.3030116248452945,B001,BROU,0.31155826731151437,False
20263329,B001,BROU,0.2990261960538277,B001,BROU,0.2819895535093088,False
20263330,B001,BROU,0.2999756455595589,B001,BROU,0.2927342287264839,False
20263331,B001,BROU,0.2926766566075262,B001,BROU,0.2866052017340083,False
20263332,B001,BROU,0.2933003379185845,B001,BROU,0.29258171465712607,False
20263333,B001,BROU,0.288376661228651,B001,BROU,0.3228463077702678,False
20263334,B001,BROU,0.31197596114986753,B001,BROU,0.360540448777987,False
20263335,B001,BROU,0.29959278416770146,B001,BROU,0.2796786508964056,False
20263336,B001,BROU,0.29939043182134184,B001,BROU,0.35467924170238513,False
20263337,B001,BROU,0.34328116077762905,B001,BROU,0.3374333796296426,False
20263338,B001,BROU,0.3107909515361299,B001,BROU,0.31457255334224343,False
20263339,B001,BROU,0.29865316005515646,B001,BROU,0.29320253958612974,False
20263340,B001,BROU,0.3146833528952689,B001,BROU,0.309034769986267,False
20263341,B001,BROU,0.31128090249978196,B001,BROU,0.29110415591583755,False
20263342,B001,BROU,0.28944515741157995,B001,BROU,0.2988889147168489,False
20263343,B001,BROU,0.3079756582833344,B001,BROU,0.2601774910245078,False
20263344,B001,BROU,0.30100337247595055,B001,BROU,0.30128058360979837,False
20263345,B001,BROU,0.3134606671513105,B001,BROU,0.2824279786045623,False
20263346,B001,BROU,0.3311653727760326,B001,BROU,0.321402723509182,False
20263347,B001,BROU,0.3054189535568985,B001,BROU,0.2976376481224413,False
20263348,B001,BROU,0.32069779507362917,B001,BROU,0.3059916126217993,False
20263349,B001,BROU,0.28171739278535224,B001,BROU,0.29661018726545774,False
20263350,B001,BROU,0.2746615896354001,B001,BROU,0.2781259564019399,False
20263351,B001,BROU,0.31804245410794835,B001,BROU,0.34523309153490556,False
20263352,B001,BROU,0.2875292717780672,B001,BROU,0.27607297306706413,False
20263353,B001,BROU,0.2885740634814121,B001,BROU,0.3045550994061162,False
20263354,B001,BROU,0.2875113875125595,B001,BROU,0.26046488107450194,False
20263355,B001,BROU,0.3305179340427806,B001,BROU,0.3307991214467954,False
20263356,B001,BROU,0.28612168989918346,B001,BROU,0.292571536403102,False
20263357,B001,BROU,0.2787800888408957,B001,BROU,0.2660680279069756,False
20263358,B001,BROU,0.2973943343149899,B001,BROU,0.2848949268217359,False
20263359,B001,BROU,0.29722155314160087,B001,BROU,0.2938873793590892,False
20263360,B001,BROU,0.2989988146809736,B001,BROU,0.290858630348807,False
20263361,B001,BROU,0.299214378957373,B001,BROU,0.3189550581442185,False
20263362,B001,BROU,0.3152701589642246,B001,BROU,0.3138973615922549,False
20263363,B001,BROU,0.29219581311986337,B001,BROU,0.31483386221847354,False
20263364,B001,BROU,0.29002021080648405,B001,BROU,0.31159198233535207,False
20263365,B001,BROU,0.2825927088673307,B001,BROU,0.2920296380207071,False
20263366,B001,BROU,0.32026875067164595,B001,BROU,0.3218652138348989,False
20263367,B001,BROU,0.28731810530530355,B001,BROU,0.2786659218221327,False
20263368,B001,BROU,0.31411770688255447,B001,BROU,0.2913225694692791,False
20263369,B001,BROU,0.2825636439908238,B001,BROU,0.28358234697470763,False
20263370,B001,BROU,0.3282868222989801,B001,BROU,0.3713160773862172,False
20263371,B001,BROU,0.31815276945711035,B001,BROU,0.3189620774289528,False
20263372,B001,BROU,0.28279552874768693,B001,BROU,0.29803712603003174,False
20263373,B001,BROU,0.30495413914647823,B001,BROU,0.2950378682642207,False
20263374,B001,BROU,0.3144326768521609,B007,Santander Uruguay,0.19008787810088537,True
20263375,B001,BROU,0.3107904677794278,B001,BROU,0.3047228277417874,False
20263376,B001,BROU,0.33868466971033023,B001,BROU,0.34306925156403656,False
20263377,B001,BROU,0.2885853960537314,B001,BROU,0.28778133064446715,False
20263378,B001,BROU,0.32068520803635525,B001,BROU,0.301096972759232,False
20263379,B001,BROU,0.27520111629793054,B001,BROU,0.27101694361874384,False
20263380,B001,BROU,0.3020373428047681,B001,BROU,0.2792431434726683,False
20263381,B001,BROU,0.28092145498328214,B001,BROU,0.2978166195129322,False
20263382,B001,BROU,0.32971434284318873,B001,BROU,0.33349755481469306,False
20263383,B001,BROU,0.2788401970468841,B001,BROU,0.29290922119382445,False
20263384,B001,BROU,0.29004573867961303,B001,BROU,0.28578979705432733,False
20263385,B001,BROU,0.3115997969810116,B001,BROU,0.30634433121021515,False
20263386,B001,BROU,0.31134350499116437,B001,BROU,0.2876685145762592,False
20263387,B001,BROU,0.2893210547804887,B001,BROU,0.29060111631831337,False
20263388,B001,BROU,0.29421746813120664,B001,BROU,0.3013888092352756,False
20263389,B001,BROU,0.30220596553579726,B001,BROU,0.3460273196889709,False
20263390,B001,BROU,0.2966281125193508,B001,BROU,0.31097620706015,False
20263391,B001,BROU,0.29745180429044094,B001,BROU,0.2968846013717639,False
20263392,B001,BROU,0.31346109766664776,B001,BROU,0.27500671270780536,False
20263393,B001,BROU,0.31135043296776865,B001,BROU,0.3036919192929198,False
20263394,B001,BROU,0.31713406394612176,B001,BROU,0.18969999348360933,False
20263395,B001,BROU,0.27615408076570913,B001,BROU,0.2779508698365601,False
20263396,B001,BROU,0.2899506155174633,B001,BROU,0.2677884022168071,False
20263397,B001,BROU,0.295302023897262,B001,BROU,0.3175312699896138,False
20263398,B001,BROU,0.29395911024754773,B001,BROU,0.29630596611674115,False
20263399,B001,BROU,0.29959948349286636,B001,BROU,0.3063256645835137,False
20263400,B001,BROU,0.2870560338690487,B001,BROU,0.2864449481477521,False
20263401,B001,BROU,0.2746136856612447,B001,BROU,0.26701753778605436,False
20263402,B001,BROU,0.32027465001606215,B001,BROU,0.3255461352586047,False
20263403,B001,BROU,0.2929712262831136,B001,BROU,0.28201144383007204,False
20263404,B001,BROU,0.3092564492431197,B001,BROU,0.3177763061362546,False
20263405,B001,BROU,0.295560703362611,B001,BROU,0.29415667639348825,False
20263406,B001,BROU,0.2865172083877838,B001,BROU,0.25005493823691005,False
20263407,B001,BROU,0.31440937195456553,B001,BROU,0.2713745104374962,False
20263408,B001,BROU,0.30744577276570956,B001,BROU,0.28665450344265414,False
20263409,B001,BROU,0.28398699548880174,B001,BROU,0.2728763957272383,False
20263410,B001,BROU,0.32204989584708144,B001,BROU,0.3408798330417713,False
20263411,B001,BROU,0.2953409880991202,B001,BROU,0.27930438534024216,False
20263412,B001,BROU,0.28490876594592957,B001,BROU,0.32562005256928256,False
20263413,B001,BROU,0.299633315257489,B001,BROU,0.31378436662353354,False
20263414,B001,BROU,0.30537114679451555,B001,BROU,0.3172639262858858,False
20263415,B001,BROU,0.2954676484309579,B001,BROU,0.3045913823022448,False
20263416,B001,BROU,0.2939128554038276,B001,BROU,0.28474001062332405,False
20263417,B001,BROU,0.29751906897261005,B001,BROU,0.27431705662392497,False
20263418,B001,BROU,0.3086903697382488,B001,BROU,0.29974724204037584,False
20263419,B001,BROU,0.3175477109714059,B001,BROU,0.2554668085249796,False
20263420,B001,BROU,0.30588936486154317,B001,BROU,0.3142396627102879,False
20263421,B001,BROU,0.2987098463348328,B001,BROU,0.28794352059977874,False
20263422,B001,BROU,0.3082527490706298,B001,BROU,0.3204210289897017,False
20263423,B001,BROU,0.2754811803275268,B001,BROU,0.3273033213763958,False
20263424,B001,BROU,0.2875170058990634,B001,BROU,0.2732160864751752,False
20263425,B001,BROU,0.31797556920720504,B001,BROU,0.40267971119847257,False
20263426,B001,BROU,0.2992749353843602,B001,BROU,0.3100947097086714,False
20263427,B001,BROU,0.3114319293616262,B001,BROU,0.2594631836563965,False
20263428,B001,BROU,0.31506921257346576,B001,BROU,0.3041145422695648,False
20263429,B001,BROU,0.29658201996634986,B001,BROU,0.2927594310317694,False
20263430,B001,BROU,0.2909023533048674,B001,BROU,0.2975684979061541,False
20263431,B001,BROU,0.3087649770323878,B001,BROU,0.3309644227750055,False
20263432,B001,BROU,0.3133225193339867,B001,BROU,0.3070119645887438,False
20263433,B001,BROU,0.29785779861228195,B001,BROU,0.26188988337553915,False
20263434,B001,BROU,0.31117197184633394,B001,BROU,0.3036408639530635,False
20263435,B001,BROU,0.31478090017542165,B001,BROU,0.20637387279814143,False
20263436,B001,BROU,0.320549725596323,B001,BROU,0.34941431673490003,False
20263437,B001,BROU,0.2888974863676736,B001,BROU,0.3102295216165866,False
20263438,B001,BROU,0.2990729893648145,B001,BROU,0.29599290802068495,False
20263439,B001,BROU,0.27697719422124295,B001,BROU,0.30051848483628346,False
20263440,B001,BROU,0.2860240943547071,B001,BROU,0.26492723026916504,False
20263441,B001,BROU,0.2971414648872712,B007,Santander Uruguay,0.24692032998738475,True
20263442,B001,BROU,0.3178729896530341,B001,BROU,0.2977114794252576,False
20263443,B001,BROU,0.28640475040374425,B001,BROU,0.2982083376987452,False
20263444,B001,BROU,0.3257631665639573,B001,BROU,0.35052919889167505,False
20263445,B001,BROU,0.3102909518277316,B001,BROU,0.3091533925537187,False
20263446,B001,BROU,0.2776355447043074,B001,BROU,0.2498989573463317,False
20263447,B001,BROU,0.3061697321247035,B001,BROU,0.3251551962116495,False
20263448,B001,BROU,0.2994821792208025,B001,BROU,0.29366825447415584,False
20263449,B001,BROU,0.292528050219892,B001,BROU,0.300445444160769,False
20263450,B001,BROU,0.2926567724942458,B001,BROU,0.24023651972846985,False
20263451,B001,BROU,0.32013810240812024,B001,BROU,0.30073946895786957,False
20263452,B001,BROU,0.34191131802378916,B001,BROU,0.29677259724723787,False
20263453,B001,BROU,0.3198963235726461,B001,BROU,0.3395138389741064,False
20263454,B001,BROU,0.2968580841106121,B001,BROU,0.24399313774573864,False
20263455,B001,BROU,0.29890264684965673,B001,BROU,0.28599308881174196,False
20263456,B001,BROU,0.25444091268381425,B001,BROU,0.2738996332458153,False
20263457,B001,BROU,0.30506984831188955,B001,BROU,0.3021884176558324,False
20263458,B001,BROU,0.2974312047408395,B001,BROU,0.3067686876260585,False
20263459,B001,BROU,0.3056424132763875,B001,BROU,0.3206167699767837,False
20263460,B001,BROU,0.31638226873251746,B001,BROU,0.28389287768480137,False
20263461,B001,BROU,0.2891828972570801,B001,BROU,0.25681112620301944,False
20263462,B001,BROU,0.28351385971658294,B001,BROU,0.2972914801245343,False
20263463,B001,BROU,0.31754943048264334,B001,BROU,0.29448182653069427,False
20263464,B001,BROU,0.29763992733857014,B001,BROU,0.273373800302923,False
20263465,B001,BROU,0.2936299744392317,B001,BROU,0.296992373181484,False
20263466,B001,BROU,0.2915253186108006,B001,BROU,0.33590492795502536,False
20263467,B001,BROU,0.30592764236735254,B001,BROU,0.29327084650305685,False
20263468,B001,BROU,0.30265157690116146,B001,BROU,0.33090345786135117,False
20263469,B001,BROU,0.3076334779982119,B001,BROU,0.29001161168423617,False
20263470,B001,BROU,0.3175834362845934,B001,BROU,0.3577882970865924,False
20263471,B001,BROU,0.3312800940258086,B001,BROU,0.3936546803858494,False
20263472,B001,BROU,0.3107935305062891,B001,BROU,0.28751826823426974,False
20263473,B001,BROU,0.30044006573137116,B001,BROU,0.3254369936629667,False
20263474,B001,BROU,0.3209427184995228,B001,BROU,0.32476941744604493,False
20263475,B001,BROU,0.2974264610520215,B001,BROU,0.35619639285192956,False
20263476,B001,BROU,0.3004588935728497,B001,BROU,0.2745610967331572,False
20263477,B001,BROU,0.2980236520310496,B001,BROU,0.3124165405106302,False
20263478,B001,BROU,0.3224185987828549,B001,BROU,0.273933564707453,False
20263479,B001,BROU,0.32143724626969855,B001,BROU,0.31851654641843574,False
20263480,B001,BROU,0.2986526584763895,B001,BROU,0.3125642345453343,False
20263481,B001,BROU,0.32346013071008484,B001,BROU,0.33614493244479177,False
20263482,B001,BROU,0.28104540514450255,B001,BROU,0.2873460786490787,False
20263483,B001,BROU,0.2973079903331464,B001,BROU,0.3119818071443439,False
20263484,B001,BROU,0.3146517786311116,B001,BROU,0.3254516111062774,False
20263485,B001,BROU,0.3174450817859704,B001,BROU,0.3327754753605479,False
20263486,B001,BROU,0.32114772765200017,B001,BROU,0.3015137238559565,False
20263487,B001,BROU,0.2762549623410781,B001,BROU,0.2554548420207335,False
20263488,B001,BROU,0.27809616619766747,B001,BROU,0.26790540710960503,False
20263489,B001,BROU,0.31981343856473615,B001,BROU,0.35560361052432576,False
20263490,B001,BROU,0.32657398994371817,B001,BROU,0.32777792141278805,False
20263491,B001,BROU,0.27724589382280374,B001,BROU,0.2503975984395071,False
20263492,B001,BROU,0.33496121018426783,B001,BROU,0.2814793530533668,False
20263493,B001,BROU,0.31501183916606257,B001,BROU,0.31688728694462326,False
20263494,B001,BROU,0.2981744690072399,B001,BROU,0.31542481615734413,False
20263495,B001,BROU,0.29125357357486675,B001,BROU,0.29624029198962665,False
20263496,B001,BROU,0.3093620249938792,B001,BROU,0.3220100588760877,False
20263497,B001,BROU,0.29528568863482446,B001,BROU,0.29236839795695596,False
20263498,B001,BROU,0.29024359744238387,B001,BROU,0.2760635831106358,False
20263499,B001,BROU,0.30419414806678624,B001,BROU,0.2932648587322573,False
20263500,B001,BROU,0.30726806349880853,B001,BROU,0.32148438793982526,False
20263501,B001,BROU,0.2980824737022626,B001,BROU,0.31505394448056934,False
20263502,B001,BROU,0.3069280264656997,B001,BROU,0.32190656542081064,False
20263503,B001,BROU,0.3009754942307176,B001,BROU,0.2961233357548976,False
20263504,B001,BROU,0.295619180944938,B001,BROU,0.2635488444692144,False
20263505,B001,BROU,0.3040823783038747,B001,BROU,0.30201608791663864,False
20263506,B001,BROU,0.32371481184227396,B001,BROU,0.3302034051921145,False
20263507,B001,BROU,0.3068937164639621,B001,BROU,0.3115549524753263,False
20263508,B001,BROU,0.3111072838927599,B001,BROU,0.3218578233808051,False
20263509,B001,BROU,0.28865077833855474,B001,BROU,0.2946616673310217,False
20263510,B001,BROU,0.28281737243957566,B001,BROU,0.2923190335253339,False
20263511,B001,BROU,0.32566455870971794,B001,BROU,0.33374066116508694,False
20263512,B001,BROU,0.3117247952987914,B001,BROU,0.3103096511011821,False
20263513,B001,BROU,0.292641106094021,B001,BROU,0.19548628084184405,False
20263514,B001,BROU,0.345275272636518,B001,BROU,0.3725893930356393,False
20263515,B001,BROU,0.2893562401459603,B001,BROU,0.33312371267380464,False
20263516,B001,BROU,0.3043636400312054,B001,BROU,0.32279745763826556,False
20263517,B001,BROU,0.30812798204623676,B001,BROU,0.29851087736293386,False
20263518,B001,BROU,0.30772378164026304,B001,BROU,0.316038009118718,False
20263519,B001,BROU,0.3225222092406647,B001,BROU,0.3143821313208816,False
20263520,B001,BROU,0.29721309443133476,B001,BROU,0.28055285180371964,False
20263521,B001,BROU,0.31704881243181404,B001,BROU,0.310318235218141,False
20263522,B001,BROU,0.2792019246497205,B001,BROU,0.26247010820393674,False
20263523,B001,BROU,0.2951852247428341,B001,BROU,0.3172662294851965,False
20263524,B001,BROU,0.31920000642655794,B001,BROU,0.3338453589149743,False
20263525,B001,BROU,0.3101307209340091,B001,BROU,0.2873445938550878,False
20263526,B001,BROU,0.3383507810891411,B001,BROU,0.3699984189887415,False
20263527,B001,BROU,0.3270557903184926,B001,BROU,0.31567111784842766,False
20263528,B001,BROU,0.2917764215195914,B001,BROU,0.2945778813595279,False
20263529,B001,BROU,0.3004768571584123,B001,BROU,0.2955106175433934,False
20263530,B001,BROU,0.283947006572732,B001,BROU,0.30553125478693227,False
20263531,B001,BROU,0.2791931508709546,B001,BROU,0.23867636373823653,False
20263532,B001,BROU,0.3035079948320706,B001,BROU,0.3658590440599852,False
20263533,B001,BROU,0.29505515443464125,B006,Itaú Uruguay,0.189436044819698,True
20263534,B001,BROU,0.3449883180087394,B001,BROU,0.31717529323369537,False
20263535,B001,BROU,0.30939258640882644,B001,BROU,0.3115182640173394,False
20263536,B001,BROU,0.2988355753068158,B001,BROU,0.2864465444045941,False
20263537,B001,BROU,0.31121313369891146,B001,BROU,0.3206809584473495,False
20263538,B001,BROU,0.29828447015740506,B001,BROU,0.29310503297698487,False
20263539,B001,BROU,0.30132583151889447,B001,BROU,0.30001249885471803,False
20263540,B001,BROU,0.2850803077718892,B001,BROU,0.27465818694858013,False
20263541,B001,BROU,0.3012201891477222,B001,BROU,0.305402758217612,False
20263542,B001,BROU,0.29054892099670826,B001,BROU,0.24298043400424965,False
20263543,B001,BROU,0.3034685704221749,B001,BROU,0.3197338947600114,False
20263544,B001,BROU,0.33731119387176256,B001,BROU,0.31909528005551563,False
20263545,B001,BROU,0.312397815423923,B001,BROU,0.31637838865832013,False
20263546,B001,BROU,0.2813031201549931,B001,BROU,0.31735120956711,False
20263547,B001,BROU,0.30373654437101716,B001,BROU,0.3150289636204429,False
20263548,B001,BROU,0.2892058577460726,B001,BROU,0.2934136449402853,False
20263549,B001,BROU,0.2896247824931401,B001,BROU,0.26862083838967077,False
20263550,B001,BROU,0.30375074708848343,B001,BROU,0.30891678243244,False
20263551,B001,BROU,0.28708066861361153,B001,BROU,0.28827091837806884,False
20263552,B001,BROU,0.3222439299564872,B001,BROU,0.27071965308446255,False
20263553,B001,BROU,0.3000153331416514,B001,BROU,0.3072986552914124,False
20263554,B001,BROU,0.2780054914818896,B001,BROU,0.29813245411522205,False
20263555,B001,BROU,0.2900834489177078,B001,BROU,0.23277609405503907,False
20263556,B001,BROU,0.2991602153580881,B001,BROU,0.2853210357208607,False
20263557,B001,BROU,0.2757183472922773,B001,BROU,0.2780818032906515,False
20263558,B001,BROU,0.2820923173406208,B001,BROU,0.2984265576295477,False
20263559,B001,BROU,0.28177588754000615,B001,BROU,0.3052181574978595,False
20263560,B001,BROU,0.29564382382445065,B001,BROU,0.3070274157178355,False
20263561,B001,BROU,0.3146784234636088,B001,BROU,0.3007572374509992,False
20263562,B001,BROU,0.2989141077337779,B001,BROU,0.3024583273835482,False
20263563,B001,BROU,0.32019693892607803,B001,BROU,0.34344096321725237,False
20263564,B001,BROU,0.28889696850141744,B001,BROU,0.3243683990006869,False
20263565,B001,BROU,0.2924698016334949,B001,BROU,0.29933727605039234,False
20263566,B001,BROU,0.29606638060630813,B001,BROU,0.33774270940972073,False
20263567,B001,BROU,0.3125471391407352,B001,BROU,0.3333835636385464,False
20263568,B001,BROU,0.29082530497372605,B001,BROU,0.3090113501910501,False
20263569,B001,BROU,0.2960626902095073,B001,BROU,0.32032716325264504,False
20263570,B001,BROU,0.300619162510024,B001,BROU,0.294835626246776,False
20263571,B001,BROU,0.29993027176138065,B001,BROU,0.3217664268366277,False
20263572,B001,BROU,0.29368171628952355,B001,BROU,0.32938544553613786,False
20263573,B001,BROU,0.2954915495176365,B001,BROU,0.2820670640930717,False
20263574,B001,BROU,0.3291786558589165,B001,BROU,0.28764047970936346,False
20263575,B001,BROU,0.2904156635093072,B001,BROU,0.2726424095974782,False
20263576,B001,BROU,0.30897991863215674,B001,BROU,0.2814949595037104,False
20263577,B001,BROU,0.2924587123005381,B001,BROU,0.30541609211720544,False
20263578,B001,BROU,0.2918417461663847,B001,BROU,0.2741293051946285,False
20263579,B001,BROU,0.28519901457470204,B001,BROU,0.2613845991801695,False
20263580,B001,BROU,0.3069830417375045,B007,Santander Uruguay,0.22605421405956405,True
20263581,B001,BROU,0.2992533299311859,B001,BROU,0.26852378374119945,False
20263582,B001,BROU,0.30129457845001056,B001,BROU,0.3104639964087147,False
20263583,B001,BROU,0.29995597313910755,B001,BROU,0.31604238570991955,False
20263584,B001,BROU,0.31385429207453636,B001,BROU,0.3204316763033674,False
20263585,B001,BROU,0.28462318217086713,B001,BROU,0.2946528639720986,False
20263586,B001,BROU,0.31354503029980946,B001,BROU,0.31281157310694097,False
20263587,B001,BROU,0.3247380546304151,B001,BROU,0.3183612625605434,False
20263588,B001,BROU,0.31256913263787045,B001,BROU,0.2566964470851993,False
20263589,B001,BROU,0.30156120535755354,B001,BROU,0.30758711490361673,False
20263590,B001,BROU,0.28306026810407303,B001,BROU,0.2433897336314362,False
20263591,B001,BROU,0.3117155530855604,B001,BROU,0.3182286256789048,False
20263592,B001,BROU,0.3081496173615424,B001,BROU,0.3210218297728866,False
20263593,B001,BROU,0.3284004130011773,B001,BROU,0.3193940977028116,False
20263594,B001,BROU,0.3028587272155015,B001,BROU,0.32005671137118713,False
20263595,B001,BROU,0.3184071210982546,B001,BROU,0.314435144320057,False
20263596,B001,BROU,0.25964142612226165,B001,BROU,0.2946710133458679,False
20263597,B001,BROU,0.30782305585864067,B001,BROU,0.29185102273201025,False
20263598,B001,BROU,0.28458522732512986,B001,BROU,0.2532246574109153,False
20263599,B001,BROU,0.2956682358587273,B001,BROU,0.2860377748359603,False
20263600,B001,BROU,0.3035853322063793,B001,BROU,0.32300940001621276,False
20263601,B001,BROU,0.3235450734552671,B001,BROU,0.34049156328615016,False
20263602,B001,BROU,0.2856864634237382,B001,BROU,0.23572990631634114,False
20263603,B001,BROU,0.2789004285744737,B001,BROU,0.2973199392361685,False
20263604,B001,BROU,0.26933524604104564,B001,BROU,0.30385402613922197,False
20263605,B001,BROU,0.30693835162014743,B001,BROU,0.28979325887069257,False
20263606,B001,BROU,0.310784889029755,B001,BROU,0.30370029945948823,False
20263607,B001,BROU,0.29671710776409177,B001,BROU,0.2867914475283369,False
20263608,B001,BROU,0.29643204863319816,B001,BROU,0.31423658931660303,False
20263609,B001,BROU,0.27054102598543806,B001,BROU,0.24597957586827113,False
20263610,B001,BROU,0.2868810541889239,B001,BROU,0.2944956017090678,False
20263611,B001,BROU,0.30640865459142375,B001,BROU,0.3144173740532073,False
20263612,B001,BROU,0.3128899174062929,B001,BROU,0.2839682010127821,False
20263613,B001,BROU,0.29966341755090387,B001,BROU,0.34985006644610095,False
20263614,B001,BROU,0.3183463503564607,B001,BROU,0.30917382975446106,False
20263615,B001,BROU,0.2784500981911634,B001,BROU,0.2726196499650517,False
20263616,B001,BROU,0.2916684484771093,B001,BROU,0.28328656404173547,False
20263617,B001,BROU,0.29250220889603884,B001,BROU,0.306402945494616,False
20263618,B001,BROU,0.2928267087965639,B001,BROU,0.2919136396629641,False
20263619,B001,BROU,0.3003862104648626,B001,BROU,0.31512893354190263,False
20263620,B001,BROU,0.2929915582282451,B001,BROU,0.35461935431732267,False
20263621,B001,BROU,0.3047830498565066,B001,BROU,0.30344174249704214,False
20263622,B001,BROU,0.3096254838386285,B001,BROU,0.30678432297001157,False
20263623,B001,BROU,0.3074136969946414,B001,BROU,0.2984050838662844,False
20263624,B001,BROU,0.28273499039807526,B001,BROU,0.34745301003410295,False
20263625,B001,BROU,0.2948692472270335,B001,BROU,0.2965116129921335,False
20263626,B001,BROU,0.30114701881369427,B001,BROU,0.2840272993694971,False
20263627,B001,BROU,0.30725673398254927,B001,BROU,0.26570201540792704,False
20263628,B001,BROU,0.3252994322579238,B001,BROU,0.3062197085644918,False
20263629,B001,BROU,0.3047007383282809,B001,BROU,0.30524171290063,False
20263630,B001,BROU,0.2857072837933076,B001,BROU,0.2952761950725577,False
20263631,B001,BROU,0.27835184979406546,B001,BROU,0.30721111526833733,False
20263632,B001,BROU,0.3031389030235163,B001,BROU,0.2884674561433648,False
20263633,B001,BROU,0.3189427187669705,B001,BROU,0.31808926970368456,False
20263634,B001,BROU,0.28987572303555975,B001,BROU,0.29313743841838147,False
20263635,B001,BROU,0.2832123920402654,B001,BROU,0.29678005493838927,False
20263636,B001,BROU,0.31799041219054297,B001,BROU,0.32335703900105206,False
20263637,B001,BROU,0.30809091824761536,B001,BROU,0.34673693159899804,False
20263638,B001,BROU,0.2939225683464953,B001,BROU,0.3309058639063425,False
20263639,B001,BROU,0.30003400224082216,B001,BROU,0.3265888862543729,False
20263640,B001,BROU,0.2804657132132822,B001,BROU,0.2990224571725022,False
20263641,B001,BROU,0.2927873728586844,B001,BROU,0.2863952709588266,False
20263642,B001,BROU,0.2824920815520775,B001,BROU,0.2968626202250303,False
20263643,B001,BROU,0.3083128968572775,B001,BROU,0.32509380825074885,False
20263644,B001,BROU,0.2815540797631222,B001,BROU,0.256412254891363,False
20263645,B001,BROU,0.3154738320287285,B001,BROU,0.2788750597219887,False
20263646,B001,BROU,0.291199682838993,B001,BROU,0.2782531943026007,False
20263647,B001,BROU,0.30066170232410805,B001,BROU,0.39029745375954716,False
20263648,B001,BROU,0.3044736494036201,B001,BROU,0.3231281397306189,False
20263649,B001,BROU,0.28198783192393645,B001,BROU,0.31344251113833477,False
20263650,B001,BROU,0.3053400772740193,B001,BROU,0.2935664273397085,False
20263651,B001,BROU,0.27606935391948073,B001,BROU,0.34626319708392017,False
20263652,B001,BROU,0.3216975713383916,B001,BROU,0.3288781928662137,False
20263653,B001,BROU,0.31539929874080364,B001,BROU,0.32368279681762596,False
20263654,B001,BROU,0.3044923033719526,B001,BROU,0.30862208531136076,False
20263655,B001,BROU,0.3138581423915898,B001,BROU,0.26978479225743673,False
20263656,B001,BROU,0.2948939642278503,B001,BROU,0.3120855267001199,False
20263657,B001,BROU,0.32733879744954986,B001,BROU,0.30343926575015584,False
20263658,B001,BROU,0.30007533233722045,B001,BROU,0.32256096620515423,False
20263659,B001,BROU,0.32111897976319825,B001,BROU,0.3234828721672651,False
20263660,B001,BROU,0.30044998881767726,B001,BROU,0.27988781769484405,False
20263661,B001,BROU,0.3068969160207883,B001,BROU,0.2688041758402896,False
20263662,B001,BROU,0.2836084785679064,B001,BROU,0.29237360986709965,False
20263663,B001,BROU,0.29365041645612167,B001,BROU,0.30710149877901716,False
20263664,B001,BROU,0.3136428147848469,B001,BROU,0.3557078491604593,False
20263665,B001,BROU,0.2927511657588812,B001,BROU,0.25004679826793064,False
20263666,B001,BROU,0.29744669467331175,B001,BROU,0.28796150536653964,False
20263667,B001,BROU,0.30214201085576503,B001,BROU,0.2870237389168712,False
20263668,B001,BROU,0.26974598976122066,B001,BROU,0.3004858612800979,False
20263669,B001,BROU,0.3059104943932716,B001,BROU,0.30915369237938545,False
20263670,B001,BROU,0.30298828016508733,B001,BROU,0.295561455536452,False
20263671,B001,BROU,0.3072388298554958,B001,BROU,0.3016286963551573,False
20263672,B001,BROU,0.30361584074018627,B007,Santander Uruguay,0.21908808137338828,True
20263673,B001,BROU,0.3239840595065578,B001,BROU,0.32152651574594787,False
20263674,B001,BROU,0.2922526903728216,B001,BROU,0.27956468812458385,False
20263675,B001,BROU,0.308086397444022,B001,BROU,0.30019758392806245,False
20263676,B001,BROU,0.2944007449994438,B001,BROU,0.1969318051866443,False
20263677,B001,BROU,0.3236010799590278,B001,BROU,0.3541368508099419,False
20263678,B001,BROU,0.31247302178245895,B001,BROU,0.3064791054997675,False
20263679,B001,BROU,0.307729677071174,B001,BROU,0.29309577346520127,False
20263680,B001,BROU,0.3149122490882038,B001,BROU,0.3877698509666615,False
20263681,B001,BROU,0.3068006515332994,B001,BROU,0.3334007710238325,False
20263682,B001,BROU,0.32188883203799706,B001,BROU,0.3252162799547368,False
20263683,B001,BROU,0.33331427479949866,B001,BROU,0.317496209217622,False
20263684,B001,BROU,0.29214556070988207,B001,BROU,0.3249692577577051,False
20263685,B001,BROU,0.32691594210246483,B001,BROU,0.3395517737405476,False
20263686,B001,BROU,0.2891455981497986,B001,BROU,0.28106979827359846,False
20263687,B001,BROU,0.3031635329793129,B001,BROU,0.30139067999684094,False
20263688,B001,BROU,0.30752504364865163,B001,BROU,0.2789575207269763,False
20263689,B001,BROU,0.30875017135631194,B001,BROU,0.3150633083953289,False
20263690,B001,BROU,0.27862789067556454,B001,BROU,0.2933829610013456,False
20263691,B001,BROU,0.31239049182563416,B001,BROU,0.3118680530488745,False
20263692,B001,BROU,0.3280051978540472,B001,BROU,0.19458410943601565,False
20263693,B001,BROU,0.3206161391681602,B001,BROU,0.3166706976169785,False
20263694,B001,BROU,0.2984534269705072,B001,BROU,0.2780452699333432,False
20263695,B001,BROU,0.26788311057204894,B001,BROU,0.2846347883121283,False
20263696,B001,BROU,0.2714498941781538,B001,BROU,0.26662649996699367,False
20263697,B001,BROU,0.2933807140652842,B001,BROU,0.26526511146039194,False
20263698,B001,BROU,0.28155855889139303,B001,BROU,0.37113649123091585,False
20263699,B001,BROU,0.29436047602042975,B001,BROU,0.26876022429805185,False
20263700,B001,BROU,0.28740301475033203,B001,BROU,0.30310687579043705,False
20263701,B001,BROU,0.30598844155502536,B001,BROU,0.33128345180814833,False
20263702,B001,BROU,0.2956255700558598,B001,BROU,0.2855995423318033,False
20263703,B001,BROU,0.30220570480227876,B001,BROU,0.3394909261086308,False
20263704,B001,BROU,0.31791021399459923,B001,BROU,0.3284057772616909,False
20263705,B001,BROU,0.30805962529588654,B001,BROU,0.31750356049356043,False
20263706,B001,BROU,0.2818082659162441,B001,BROU,0.2672536155724709,False
20263707,B001,BROU,0.3236050305831651,B001,BROU,0.31541400859464075,False
20263708,B001,BROU,0.2899069927509461,B001,BROU,0.297012838184168,False
20263709,B001,BROU,0.3254003490105159,B001,BROU,0.3388679798759625,False
20263710,B001,BROU,0.35060168077600445,B001,BROU,0.34942056154408513,False
20263711,B001,BROU,0.2792325821243541,B001,BROU,0.2532408805886043,False
20263712,B001,BROU,0.2916704627851952,B001,BROU,0.3139585626146838,False
20263713,B001,BROU,0.30662317490774105,B001,BROU,0.29459432092553905,False
20263714,B001,BROU,0.28578521620147407,B001,BROU,0.3111125955528227,False
20263715,B001,BROU,0.30394203378771173,B001,BROU,0.30347382042843624,False
20263716,B001,BROU,0.2867402117635298,B001,BROU,0.28976961366016357,False
20263717,B001,BROU,0.2877901167387192,B001,BROU,0.28828814830028887,False
20263718,B001,BROU,0.30584774648557755,B001,BROU,0.32139129105917186,False
20263719,B001,BROU,0.31175017627766455,B001,BROU,0.324637127570942,False
20263720,B001,BROU,0.31361751474960003,B001,BROU,0.2619562011155606,False
20263721,B001,BROU,0.30549355438414977,B001,BROU,0.3282070883702812,False
20263722,B001,BROU,0.305109350392026,B001,BROU,0.2895340272659216,False
20263723,B001,BROU,0.2938346321964753,B001,BROU,0.3006882448029704,False
20263724,B001,BROU,0.3196325867154005,B001,BROU,0.34789047097254905,False
20263725,B001,BROU,0.30729528277251106,B001,BROU,0.3101869309685153,False
20263726,B001,BROU,0.32732031968321035,B001,BROU,0.3264776084297227,False
20263727,B001,BROU,0.27491059085487174,B001,BROU,0.24771271448281418,False
20263728,B001,BROU,0.308832656163349,B001,BROU,0.29336636190603976,False
20263729,B001,BROU,0.31458636115426203,B001,BROU,0.30214151078417206,False
20263730,B001,BROU,0.3005432388384395,B001,BROU,0.3463905658604214,False
20263731,B001,BROU,0.3449605123101824,B001,BROU,0.3457271549495833,False
20263732,B001,BROU,0.2971843432393093,B001,BROU,0.3175361189101715,False
20263733,B001,BROU,0.31095053258807276,B001,BROU,0.18960506045055223,False
20263734,B001,BROU,0.31284615991450493,B001,BROU,0.3374155460691821,False
20263735,B001,BROU,0.3032160125921765,B001,BROU,0.29617533403727675,False
20263736,B001,BROU,0.28217791756411914,B001,BROU,0.3211340445337012,False
20263737,B001,BROU,0.2821951851754519,B001,BROU,0.2641944365907892,False
20263738,B001,BROU,0.28221656986210625,B001,BROU,0.2510818426237465,False
20263739,B001,BROU,0.28267454118032237,B001,BROU,0.2986792464263048,False
20263740,B001,BROU,0.31282924288508596,B001,BROU,0.3008586442888791,False
20263741,B001,BROU,0.3005732430009292,B001,BROU,0.3104948843651599,False
20263742,B001,BROU,0.3337761876569397,B001,BROU,0.29060624633203497,False
20263743,B001,BROU,0.3005857575363716,B001,BROU,0.3570179201077888,False
20263744,B001,BROU,0.29854689453526745,B001,BROU,0.2987484436818615,False
20263745,B001,BROU,0.30382281305880615,B001,BROU,0.3124936559720038,False
20263746,B001,BROU,0.2893325703441063,B001,BROU,0.2959708133453616,False
20263747,B001,BROU,0.2944686513520617,B001,BROU,0.2780823078441672,False
20263748,B001,BROU,0.2866126764847062,B001,BROU,0.2769860849222191,False
20263749,B001,BROU,0.3006905808883239,B001,BROU,0.30605379603647576,False
20263750,B001,BROU,0.3003393888518519,B001,BROU,0.3220349540781565,False
20263751,B001,BROU,0.31189483744574364,B001,BROU,0.2968969681807668,False
20263752,B001,BROU,0.29207562648121366,B001,BROU,0.3047685145564791,False
20263753,B001,BROU,0.307977206414267,B001,BROU,0.24908383895371847,False
20263754,B001,BROU,0.3260258608469725,B001,BROU,0.3049465838420881,False
20263755,B001,BROU,0.3186714754220474,B001,BROU,0.349888949077498,False
20263756,B001,BROU,0.3134826859905855,B001,BROU,0.29884560148586026,False
20263757,B001,BROU,0.28951274532563187,B001,BROU,0.2945971641908667,False
20263758,B001,BROU,0.31338978575350274,B001,BROU,0.32115343048916345,False
20263759,B001,BROU,0.2979610303073119,B001,BROU,0.2679421772784056,False
20263760,B001,BROU,0.29259820203557335,B001,BROU,0.29422864509547286,False
20263761,B001,BROU,0.27873971988942037,B001,BROU,0.2697880928351822,False
20263762,B001,BROU,0.3006854475906866,B001,BROU,0.3076250795678032,False
20263763,B001,BROU,0.2957273449953349,B001,BROU,0.31944826207493704,False
20263764,B001,BROU,0.2914997189650799,B001,BROU,0.32457543569278363,False
20263765,B001,BROU,0.2800129701444909,B001,BROU,0.29519349271936035,False
20263766,B001,BROU,0.31693419694421543,B001,BROU,0.28528985596613515,False
20263767,B001,BROU,0.3296584968014117,B001,BROU,0.337433573334457,False
20263768,B001,BROU,0.29400801624073014,B001,BROU,0.310947098400155,False
20263769,B001,BROU,0.2890511799547175,B001,BROU,0.2851805403257492,False
20263770,B001,BROU,0.2985904995491828,B001,BROU,0.33023403183399264,False
20263771,B001,BROU,0.3023010241168193,B001,BROU,0.30069988635784684,False
20263772,B001,BROU,0.3186459711556232,B001,BROU,0.3039020815962914,False
20263773,B001,BROU,0.3100103075379868,B001,BROU,0.3284748251192611,False
20263774,B001,BROU,0.3012452766482853,B001,BROU,0.2893926274633397,False
20263775,B001,BROU,0.2879757262296292,B001,BROU,0.2745131689155946,False
20263776,B001,BROU,0.28537689073839484,B001,BROU,0.2872481556612334,False
20263777,B001,BROU,0.2875934933714672,B001,BROU,0.28168456434895817,False
20263778,B001,BROU,0.3115451100375564,B001,BROU,0.3107548608975003,False
20263779,B001,BROU,0.27177649263964687,B001,BROU,0.26675338829879935,False
20263780,B001,BROU,0.2978747047874348,B001,BROU,0.29959929976428074,False
20263781,B001,BROU,0.27435191630044087,B001,BROU,0.31494348896903773,False
20263782,B001,BROU,0.3093874783553162,B001,BROU,0.2517056733779097,False
20263783,B001,BROU,0.27834104438382573,B001,BROU,0.28215741352118345,False
20263784,B001,BROU,0.3058510036175715,B001,BROU,0.3042429462504147,False
20263785,B001,BROU,0.290944914552202,B001,BROU,0.3000282208055624,False
20263786,B001,BROU,0.34898590497954013,B001,BROU,0.3404103246596288,False
20263787,B001,BROU,0.3137065804759948,B001,BROU,0.2896632191187876,False
20263788,B001,BROU,0.3157786654222008,B001,BROU,0.292706675238757,False
20263789,B001,BROU,0.3007396824569613,B001,BROU,0.32074309049983196,False
20263790,B001,BROU,0.29628177802583433,B001,BROU,0.2886214706552644,False
20263791,B001,BROU,0.3161030540393315,B001,BROU,0.3197154507516367,False
20263792,B001,BROU,0.3147702903541247,B001,BROU,0.3242871554743455,False
20263793,B001,BROU,0.2800657489360156,B001,BROU,0.28075235871076676,False
20263794,B001,BROU,0.27820438212550824,B001,BROU,0.33171615621428363,False
20263795,B001,BROU,0.2775139200703379,B001,BROU,0.3322654696320618,False
20263796,B001,BROU,0.27483026104722674,B007,Santander Uruguay,0.19314724026145239,True
20263797,B001,BROU,0.2942556327325069,B001,BROU,0.26836793915657275,False
20263798,B001,BROU,0.28286750813563255,B001,BROU,0.25722912153929306,False
20263799,B001,BROU,0.2918527830074062,B001,BROU,0.31240089118326125,False
20263800,B001,BROU,0.3107692063540434,B001,BROU,0.3186626858531494,False
20263801,B001,BROU,0.2977450389928995,B001,BROU,0.2864646433036147,False
20263802,B001,BROU,0.29540773741046605,B001,BROU,0.29415034311922766,False
20263803,B001,BROU,0.26683279740971627,B001,BROU,0.303946023229336,False
20263804,B001,BROU,0.30593332976163906,B001,BROU,0.3086663503943308,False
20263805,B001,BROU,0.30855097498177997,B001,BROU,0.28528188735324916,False
20263806,B001,BROU,0.29103053858570155,B001,BROU,0.2717220197892628,False
20263807,B001,BROU,0.29516078251230915,B001,BROU,0.32112139536268336,False
20263808,B001,BROU,0.315646068349126,B001,BROU,0.32541885944161003,False
20263809,B001,BROU,0.2872236997987013,B001,BROU,0.2942592811949651,False
20263810,B001,BROU,0.3046689253335937,B001,BROU,0.3330106014333019,False
20263811,B001,BROU,0.31710906791118293,B001,BROU,0.32236787317140797,False
20263812,B001,BROU,0.2975770816929998,B001,BROU,0.264343877232152,False
20263813,B001,BROU,0.31499154567808596,B001,BROU,0.35921597202776906,False
20263814,B001,BROU,0.29210859228564895,B001,BROU,0.27648691386740204,False
20263815,B001,BROU,0.2901434475002992,B001,BROU,0.29672362664658497,False
20263816,B001,BROU,0.3103783622990575,B001,BROU,0.2956490391673221,False
20263817,B001,BROU,0.2786096252264426,B001,BROU,0.2658083481930138,False
20263818,B001,BROU,0.2992709334215497,B001,BROU,0.3049518176825423,False
20263819,B001,BROU,0.3120084346741966,B001,BROU,0.3352859357245244,False
20263820,B001,BROU,0.3050021777608576,B001,BROU,0.303839167204682,False
20263821,B001,BROU,0.31687115606138727,B001,BROU,0.3300596748072126,False
20263822,B001,BROU,0.3062149015349095,B001,BROU,0.3031266781165376,False
20263823,B001,BROU,0.32204747462014305,B001,BROU,0.2993098050483735,False
20263824,B001,BROU,0.2852866000720186,B001,BROU,0.28936427579535734,False
20263825,B001,BROU,0.29138792350639037,B001,BROU,0.33229612736756714,False
20263826,B001,BROU,0.30904724715904125,B001,BROU,0.2968728784536807,False
20263827,B001,BROU,0.3125873031443919,B001,BROU,0.3176877097898622,False
20263828,B001,BROU,0.29918635223457335,B001,BROU,0.2924677114768534,False
20263829,B001,BROU,0.2837780214401821,B001,BROU,0.27293432693964176,False
20263830,B001,BROU,0.308665323511927,B001,BROU,0.3028725765004495,False
20263831,B001,BROU,0.2821288380780555,B001,BROU,0.2840835554109989,False
20263832,B001,BROU,0.28159795034626567,B001,BROU,0.25061649462392843,False
20263833,B001,BROU,0.3168869176189799,B001,BROU,0.3284960245115871,False
20263834,B001,BROU,0.320206822010723,B001,BROU,0.33973174749859386,False
20263835,B001,BROU,0.31356405040199514,B001,BROU,0.2796859255609763,False
20263836,B001,BROU,0.3073271463038453,B001,BROU,0.3291258431049608,False
20263837,B001,BROU,0.2858176546772513,B001,BROU,0.3294624571738706,False
20263838,B001,BROU,0.287675574115203,B001,BROU,0.30685506685226666,False
20263839,B001,BROU,0.28461170534071795,B001,BROU,0.29164662123665175,False
20263840,B001,BROU,0.30104850253542137,B001,BROU,0.28107416958088727,False
20263841,B001,BROU,0.31781315261496235,B001,BROU,0.3092028772683158,False
20263842,B001,BROU,0.29619117624691194,B001,BROU,0.2817109136699816,False
20263843,B001,BROU,0.3161706650336786,B001,BROU,0.28549661986002156,False
20263844,B001,BROU,0.3019345684865248,B001,BROU,0.34277015481110923,False
20263845,B001,BROU,0.29235263937371,B001,BROU,0.29733526706041247,False
20263846,B001,BROU,0.288121703317492,B001,BROU,0.25979629932231535,False
20263847,B001,BROU,0.31826416333350815,B001,BROU,0.3266048432623476,False
20263848,B001,BROU,0.3097687750275446,B001,BROU,0.30104183704784926,False
20263849,B001,BROU,0.31071595415630776,B001,BROU,0.3264943207003284,False
20263850,B001,BROU,0.3061831972788508,B001,BROU,0.23496430244377992,False
20263851,B001,BROU,0.31668342108538655,B001,BROU,0.3220957539627067,False
20263852,B001,BROU,0.3197725265016512,B001,BROU,0.2969774209456688,False
20263853,B001,BROU,0.29496964116357793,B001,BROU,0.22529953351768187,False
20263854,B001,BROU,0.2992746271531426,B001,BROU,0.32356550416252317,False
20263855,B001,BROU,0.2863260455371409,B001,BROU,0.2828489426983778,False
20263856,B001,BROU,0.289203242593217,B001,BROU,0.31218110729434273,False
20263857,B001,BROU,0.3091385875601712,B001,BROU,0.30651065989612747,False
20263858,B001,BROU,0.30871738637088053,B001,BROU,0.20223675807387245,False
20263859,B001,BROU,0.27856895152637945,B001,BROU,0.28936083902676524,False
20263860,B001,BROU,0.34776600894417276,B001,BROU,0.2876038412633704,False
20263861,B001,BROU,0.28721979109183493,B001,BROU,0.3263446780416515,False
20263862,B001,BROU,0.3030421663695605,B001,BROU,0.30364881664032456,False
20263863,B001,BROU,0.3276810042263538,B001,BROU,0.3166425834391469,False
20263864,B001,BROU,0.2935921201389667,B001,BROU,0.3066398203970402,False
20263865,B001,BROU,0.3175464175240934,B001,BROU,0.3215319231020732,False
20263866,B001,BROU,0.32559313908944,B001,BROU,0.315752746658255,False
20263867,B001,BROU,0.2845319302742448,B001,BROU,0.2776437889893662,False
20263868,B001,BROU,0.3330677806820849,B001,BROU,0.36466110025038984,False
20263869,B001,BROU,0.3205394787622037,B001,BROU,0.2667759759348841,False
20263870,B001,BROU,0.2935751390385464,B001,BROU,0.27862254079910714,False
20263871,B001,BROU,0.3050048536094644,B001,BROU,0.3133199474077337,False
20263872,B001,BROU,0.285359389807147,B001,BROU,0.3136526959178735,False
20263873,B001,BROU,0.3059414323994498,B001,BROU,0.2981637578114604,False
20263874,B001,BROU,0.29999696751763905,B001,BROU,0.28707019016881086,False
20263875,B001,BROU,0.29787571850618605,B001,BROU,0.2719240926136553,False
20263876,B001,BROU,0.28217239767843194,B001,BROU,0.2818962801976787,False
20263877,B001,BROU,0.2768112112866236,B001,BROU,0.29884545754333897,False
20263878,B001,BROU,0.3012831854670238,B001,BROU,0.2523029177008489,False
20263879,B001,BROU,0.28272426616082613,B001,BROU,0.2851189359377936,False
20263880,B001,BROU,0.290951933071013,B001,BROU,0.31202128049690947,False
20263881,B001,BROU,0.31425042219850596,B001,BROU,0.2963247761723953,False
20263882,B001,BROU,0.28582810763573985,B001,BROU,0.30584904824748704,False
20263883,B001,BROU,0.33714880032738853,B001,BROU,0.32473007072503784,False
20263884,B001,BROU,0.28306701829340597,B001,BROU,0.27591579838496394,False
20263885,B001,BROU,0.3047911269187882,B001,BROU,0.32889158408294566,False
20263886,B001,BROU,0.2905711950463573,B001,BROU,0.3160392337715972,False
20263887,B001,BROU,0.2699411128653613,B001,BROU,0.28320733568527245,False
20263888,B001,BROU,0.33040328174556616,B001,BROU,0.3328104558519244,False
20263889,B001,BROU,0.3196375067507795,B001,BROU,0.3212032685143185,False
20263890,B001,BROU,0.3016134279831781,B001,BROU,0.2999686806073788,False
20263891,B001,BROU,0.31136444330893276,B001,BROU,0.28640516820771034,False
20263892,B001,BROU,0.2905051883676232,B001,BROU,0.2671120534611608,False
20263893,B001,BROU,0.30826851976747677,B001,BROU,0.30938395624870774,False
20263894,B001,BROU,0.29273145226062547,B001,BROU,0.295334802851256,False
20263895,B001,BROU,0.3031293244007348,B001,BROU,0.3237336213827229,False
20263896,B001,BROU,0.30445977075725295,B001,BROU,0.2978033453742594,False
20263897,B001,BROU,0.2812557290429711,B001,BROU,0.32154298237544054,False
20263898,B001,BROU,0.30215819757140666,B001,BROU,0.3043694154784653,False
20263899,B001,BROU,0.2851856757824981,B001,BROU,0.3268523677221607,False
20263900,B001,BROU,0.29931893294485606,B001,BROU,0.3019594576936725,False
20263901,B001,BROU,0.2926115654068199,B001,BROU,0.3048105085445738,False
20263902,B001,BROU,0.30709539398868163,B001,BROU,0.3240677828191503,False
20263903,B001,BROU,0.2877775865239129,B001,BROU,0.2991123644088557,False
20263904,B001,BROU,0.28748381002425355,B001,BROU,0.27395909748149916,False
20263905,B001,BROU,0.3358701308782115,B001,BROU,0.33138374444516777,False
20263906,B001,BROU,0.2783882415847753,B001,BROU,0.2801103990536868,False
20263907,B001,BROU,0.29499456652980505,B001,BROU,0.27722196941577076,False
20263908,B001,BROU,0.3101589403078606,B001,BROU,0.30378846078221283,False
20263909,B001,BROU,0.2986754366277191,B001,BROU,0.29841246437502733,False
20263910,B001,BROU,0.3144023222985831,B001,BROU,0.32681639403697105,False
20263911,B001,BROU,0.3001851173297841,B001,BROU,0.3329512633718695,False
20263912,B001,BROU,0.28646726816590734,B001,BROU,0.3480147695472818,False
20263913,B001,BROU,0.3295714715287949,B001,BROU,0.31234729268608047,False
20263914,B001,BROU,0.3026114362301863,B001,BROU,0.2927694379690871,False
20263915,B001,BROU,0.27786954483610665,B001,BROU,0.3429364249593449,False
20263916,B001,BROU,0.273159133474181,B001,BROU,0.3136514807488612,False
20263917,B001,BROU,0.3015971965572362,B001,BROU,0.32503447165695665,False
20263918,B001,BROU,0.3082783650123158,B001,BROU,0.2799466780344129,False
20263919,B001,BROU,0.29429397698133375,B001,BROU,0.2805676635607796,False
20263920,B001,BROU,0.3011222579169037,B001,BROU,0.2985038069848223,False
20263921,B001,BROU,0.29653997751256245,B001,BROU,0.2894255385825144,False
20263922,B001,BROU,0.30438084415608047,B001,BROU,0.2843403064860885,False
20263923,B001,BROU,0.3309901013980055,B001,BROU,0.30706162027826084,False
20263924,B001,BROU,0.2874780329570951,B001,BROU,0.31630341992960465,False
20263925,B001,BROU,0.30627762326782737,B001,BROU,0.26815474991450305,False
20263926,B001,BROU,0.2863674714326847,B001,BROU,0.2822487081447766,False
20263927,B001,BROU,0.2883860426595706,B001,BROU,0.2750427731072638,False
20263928,B001,BROU,0.31914714934305655,B001,BROU,0.27502462501123526,False
20263929,B001,BROU,0.33282913330836333,B001,BROU,0.2964520399785836,False
20263930,B001,BROU,0.29204404827345076,B001,BROU,0.33341549611924554,False
20263931,B001,BROU,0.30564301518322534,B001,BROU,0.307633823068628,False
20263932,B001,BROU,0.3207691539952077,B001,BROU,0.30743475213841664,False
20263933,B001,BROU,0.2846919466987822,B001,BROU,0.2791574837954879,False
20263934,B001,BROU,0.29098803512776295,B001,BROU,0.292971437177017,False
20263935,B001,BROU,0.2841671490192025,B001,BROU,0.307899100262564,False
20263936,B001,BROU,0.2884928312147802,B001,BROU,0.3016277896678044,False
20263937,B001,BROU,0.3178224049484794,B001,BROU,0.2966994730101741,False
20263938,B001,BROU,0.2962755052677474,B001,BROU,0.2964521980417189,False
20263939,B001,BROU,0.3172484418610107,B001,BROU,0.33909765007502524,False
20263940,B001,BROU,0.29649207764536106,B001,BROU,0.2966456231960256,False
20263941,B001,BROU,0.2940822874841785,B001,BROU,0.2853546648975894,False
20263942,B001,BROU,0.2886076237921804,B001,BROU,0.3527098917059181,False
20263943,B001,BROU,0.2993867632985371,B001,BROU,0.3117273992153922,False
20263944,B001,BROU,0.30238216199024576,B001,BROU,0.3197093014349714,False
20263945,B001,BROU,0.3113960217171336,B001,BROU,0.1983209369451748,False
20263946,B001,BROU,0.29538199113810054,B001,BROU,0.30298932121902056,False
20263947,B001,BROU,0.28160651194450936,B001,BROU,0.23449662964660858,False
20263948,B001,BROU,0.2811689613108218,B001,BROU,0.3343981433304579,False
20263949,B001,BROU,0.30386877857389155,B001,BROU,0.2987354731541467,False
20263950,B001,BROU,0.30524026467984827,B001,BROU,0.3165565993494718,False
20263951,B001,BROU,0.2921541367651599,B001,BROU,0.24268389866046905,False
20263952,B001,BROU,0.3126123685086426,B001,BROU,0.2777855503101298,False
20263953,B001,BROU,0.28652695398687394,B001,BROU,0.2973812052162733,False
20263954,B001,BROU,0.31784708044615506,B001,BROU,0.3089085249832253,False
20263955,B001,BROU,0.271553216797305,B001,BROU,0.28794370076584136,False
20263956,B001,BROU,0.3207759341522287,B001,BROU,0.32978158117478534,False
20263957,B001,BROU,0.2847697238256404,B001,BROU,0.3096839270719962,False
20263958,B001,BROU,0.3002122904786235,B001,BROU,0.31565439214584634,False
20263959,B001,BROU,0.3121934641062625,B001,BROU,0.3225414388189567,False
20263960,B001,BROU,0.30803599524906156,B001,BROU,0.28790084232629787,False
20263961,B001,BROU,0.2937291686427735,B001,BROU,0.302891144315298,False
20263962,B001,BROU,0.2789410885111629,B001,BROU,0.2887747541551783,False
20263963,B001,BROU,0.3256752951403106,B001,BROU,0.3455420562327061,False
20263964,B001,BROU,0.2930636586348715,B001,BROU,0.2579039952318133,False
20263965,B001,BROU,0.290499356055995,B001,BROU,0.2975319083478917,False
20263966,B001,BROU,0.29483412861011976,B001,BROU,0.30109670899748253,False
20263967,B001,BROU,0.3088197409995349,B001,BROU,0.31832771372144464,False
20263968,B001,BROU,0.2980221457117269,B001,BROU,0.31640941706440867,False
20263969,B001,BROU,0.31180220986798446,B001,BROU,0.300448237438558,False
20263970,B001,BROU,0.29447008850929846,B001,BROU,0.23158589313527933,False
20263971,B001,BROU,0.27430184540045255,B001,BROU,0.2734917706935662,False
20263972,B001,BROU,0.2910017260767746,B001,BROU,0.27440833997492803,False
20263973,B001,BROU,0.3045740738190783,B001,BROU,0.29379437869300357,False
20263974,B001,BROU,0.32440476501760085,B001,BROU,0.2750816219082513,False
20263975,B001,BROU,0.300741243426685,B001,BROU,0.2731871971496615,False
20263976,B001,BROU,0.28386341921674524,B001,BROU,0.3740272863708051,False
20263977,B001,BROU,0.305596563723449,B001,BROU,0.2707853414527542,False
20263978,B001,BROU,0.30975498617201846,B001,BROU,0.3390843735154988,False
20263979,B001,BROU,0.2827226748175448,B001,BROU,0.27222647705914155,False
20263980,B001,BROU,0.30824559909255594,B001,BROU,0.3949239700045271,False
20263981,B001,BROU,0.2991366175902157,B001,BROU,0.27993236089394863,False
20263982,B001,BROU,0.3118628678397338,B001,BROU,0.29147639339137255,False
20263983,B001,BROU,0.27843019910207095,B001,BROU,0.2599244344299845,False
20263984,B001,BROU,0.32818197842939684,B001,BROU,0.29607089671292586,False
20263985,B001,BROU,0.3134181249001411,B001,BROU,0.3044801563922909,False
20263986,B001,BROU,0.31334241465154367,B001,BROU,0.35089753115844874,False
20263987,B001,BROU,0.28435022821553296,B001,BROU,0.27260916729194434,False
20263988,B001,BROU,0.30601031721393934,B001,BROU,0.3101683350965569,False
20263989,B001,BROU,0.28217465960744265,B001,BROU,0.2716425527275953,False
20263990,B001,BROU,0.28531207756066623,B001,BROU,0.27151727307841506,False
20263991,B001,BROU,0.312983501459433,B001,BROU,0.31370477057780166,False
20263992,B001,BROU,0.33348986157780797,B001,BROU,0.34022255283052616,False
20263993,B001,BROU,0.34282902756097383,B001,BROU,0.3168645155929313,False
20263994,B001,BROU,0.3044367605229907,B001,BROU,0.3224693640772487,False
20263995,B001,BROU,0.28033778766247147,B001,BROU,0.28722263311304536,False
20263996,B001,BROU,0.3112772636840698,B001,BROU,0.26495130812472334,False
20263997,B001,BROU,0.3113126349166783,B001,BROU,0.2931354401827367,False
20263998,B001,BROU,0.32553854434751783,B001,BROU,0.3584048725860467,False
20263999,B001,BROU,0.27873321251043953,B001,BROU,0.31569334947751465,False
20264000,B001,BROU,0.27353074376129133,B001,BROU,0.279876623354495,False
20264001,B001,BROU,0.2999714888932373,B001,BROU,0.30147952739270606,False
20264002,B001,BROU,0.27651242260686665,B001,BROU,0.21588074099410895,False
20264003,B001,BROU,0.2884651217449978,B001,BROU,0.3238568627038142,False
20264004,B001,BROU,0.30917735746381186,B001,BROU,0.2684322869449546,False
20264005,B001,BROU,0.2909835094468626,B001,BROU,0.31105117690884504,False
20264006,B001,BROU,0.3028648325524306,B001,BROU,0.28448809530135255,False
20264007,B001,BROU,0.31013518880774255,B001,BROU,0.2820447821441399,False
20264008,B001,BROU,0.2774332611441529,B001,BROU,0.2893049826055632,False
20264009,B001,BROU,0.29353507437974535,B001,BROU,0.2907871323892103,False
20264010,B001,BROU,0.2886830918200388,B001,BROU,0.32890658652608573,False
20264011,B001,BROU,0.3133984167817384,B001,BROU,0.30552359589543077,False
20264012,B001,BROU,0.30719893944379456,B001,BROU,0.3487808794196707,False
20264013,B001,BROU,0.2986976718499272,B001,BROU,0.32479815707495635,False
20264014,B001,BROU,0.27958298172594265,B001,BROU,0.2855134707846178,False
20264015,B001,BROU,0.2988301000163106,B001,BROU,0.24914625140674185,False
20264016,B001,BROU,0.2762739591812426,B001,BROU,0.31093505952050604,False
20264017,B001,BROU,0.29672973259331903,B001,BROU,0.3182793085355697,False
20264018,B001,BROU,0.27993214213402023,B001,BROU,0.3072932619952347,False
20264019,B001,BROU,0.29264890221127576,B001,BROU,0.30036252253983753,False
20264020,B001,BROU,0.30890031629642856,B001,BROU,0.31093098854783696,False
20264021,B001,BROU,0.30672446317979596,B001,BROU,0.29665325882914495,False
20264022,B001,BROU,0.29243114901228173,B001,BROU,0.27249965205608345,False
20264023,B001,BROU,0.3006101834123097,B001,BROU,0.32146233515870026,False
20264024,B001,BROU,0.31755756623151016,B001,BROU,0.3014806306101351,False
20264025,B001,BROU,0.29961311614740205,B001,BROU,0.23040433020475118,False
20264026,B001,BROU,0.3072291536682652,B001,BROU,0.31830232421529836,False
20264027,B001,BROU,0.3066623643550124,B001,BROU,0.32097100284281055,False
20264028,B001,BROU,0.3216836418044433,B001,BROU,0.3194510029279608,False
20264029,B001,BROU,0.3379878170639708,B001,BROU,0.37910514496206393,False
20264030,B001,BROU,0.289163141399724,B001,BROU,0.29155744085943747,False
20264031,B001,BROU,0.3086518621592156,B001,BROU,0.30964388217586836,False
20264032,B001,BROU,0.3086450573720777,B001,BROU,0.3455906905747738,False
20264033,B001,BROU,0.2886097551024642,B001,BROU,0.30296017777142287,False
20264034,B001,BROU,0.27854374347669975,B001,BROU,0.2742763917487496,False
20264035,B001,BROU,0.2891200946588602,B001,BROU,0.3227959152260055,False
20264036,B001,BROU,0.3445995164690168,B001,BROU,0.28055758799768415,False
20264037,B001,BROU,0.3034496672574774,B001,BROU,0.30217913458546813,False
20264038,B001,BROU,0.28680713783954376,B001,BROU,0.2751751867976518,False
20264039,B001,BROU,0.3051838944977705,B001,BROU,0.2973505125668414,False
20264040,B001,BROU,0.2995291688315771,B001,BROU,0.29568135542222534,False
20264041,B001,BROU,0.2846866119480845,B001,BROU,0.3010051341034293,False
20264042,B001,BROU,0.3196703048776235,B001,BROU,0.2799650488172253,False
20264043,B001,BROU,0.28786785418827643,B001,BROU,0.314390755875662,False
20264044,B001,BROU,0.2906367307329858,B001,BROU,0.3073408541520771,False
20264045,B001,BROU,0.2873946622205061,B001,BROU,0.3357497936169691,False
20264046,B001,BROU,0.3154039404174269,B001,BROU,0.25418062152898885,False
20264047,B001,BROU,0.29461390120243264,B001,BROU,0.3008861036760133,False
20264048,B001,BROU,0.29107598939149465,B001,BROU,0.29586532276054023,False
20264049,B001,BROU,0.3025063078320252,B001,BROU,0.27439596157460167,False
20264050,B001,BROU,0.31602775517970116,B001,BROU,0.3156745825215746,False
20264051,B001,BROU,0.29961738493469653,B001,BROU,0.36711157420612034,False
20264052,B001,BROU,0.30251798469380475,B001,BROU,0.2986282099206508,False
20264053,B001,BROU,0.2994799895868908,B001,BROU,0.27814604690818856,False
20264054,B001,BROU,0.3069065155601888,B001,BROU,0.30979694374813826,False
20264055,B001,BROU,0.2854038804058112,B001,BROU,0.3330402661627399,False
20264056,B001,BROU,0.2766577970036094,B001,BROU,0.2609885419402592,False
20264057,B001,BROU,0.334646510518881,B001,BROU,0.31209361076205755,False
20264058,B001,BROU,0.2959205889167431,B001,BROU,0.2816382888105699,False
20264059,B001,BROU,0.30604226158315356,B001,BROU,0.3190885676627254,False
20264060,B001,BROU,0.30432566628662777,B001,BROU,0.28465699067182937,False
20264061,B001,BROU,0.27403808857720985,B001,BROU,0.2814995118811198,False
20264062,B001,BROU,0.2650614581394146,B001,BROU,0.27868002800729796,False
20264063,B001,BROU,0.31277461716344573,B001,BROU,0.3021388006381069,False
20264064,B001,BROU,0.2926514483375505,B001,BROU,0.2768750654566898,False
20264065,B001,BROU,0.29951261634172066,B001,BROU,0.28681772282689294,False
20264066,B001,BROU,0.3072353926186398,B001,BROU,0.3145079533795082,False
20264067,B001,BROU,0.29444975143266194,B001,BROU,0.25787257195536645,False
20264068,B001,BROU,0.2984783773697989,B001,BROU,0.28747010244277005,False
20264069,B001,BROU,0.301733479827746,B001,BROU,0.3109471711954186,False
20264070,B001,BROU,0.3072103455077868,B001,BROU,0.31700455484480233,False
20264071,B001,BROU,0.28383576682674916,B001,BROU,0.29622347566151713,False
20264072,B001,BROU,0.28885952528548986,B001,BROU,0.35224473771566034,False
20264073,B001,BROU,0.27919679833821953,B001,BROU,0.2876331936285106,False
20264074,B001,BROU,0.30458150666586103,B001,BROU,0.3198866363390199,False
20264075,B001,BROU,0.2997020245833724,B001,BROU,0.2953151658757883,False
20264076,B001,BROU,0.326677549159556,B001,BROU,0.3004022053551105,False
20264077,B001,BROU,0.2892206248131051,B001,BROU,0.3152770287636242,False
20264078,B001,BROU,0.2965136776468269,B001,BROU,0.3072157618160106,False
20264079,B001,BROU,0.29095461041196397,B001,BROU,0.3624010288935189,False
20264080,B001,BROU,0.2952003277115235,B001,BROU,0.29675148353291997,False
20264081,B001,BROU,0.2816245940007857,B001,BROU,0.27947461456406786,False
20264082,B001,BROU,0.3039275660554393,B001,BROU,0.3046812177700235,False
20264083,B001,BROU,0.31462302736483183,B001,BROU,0.28108162715897606,False
20264084,B001,BROU,0.2901532575720847,B001,BROU,0.29335230125511047,False
20264085,B001,BROU,0.31344737570284176,B001,BROU,0.3049420078204589,False
20264086,B001,BROU,0.3045481501021353,B001,BROU,0.3035324244018991,False
20264087,B001,BROU,0.2933092917820936,B001,BROU,0.2730651436678857,False
20264088,B001,BROU,0.29015285973904537,B001,BROU,0.17536124050134047,False
20264089,B001,BROU,0.29628705681440065,B001,BROU,0.29101191601505105,False
20264090,B001,BROU,0.32308387637635294,B001,BROU,0.2768965147879327,False
20264091,B001,BROU,0.32019162862843725,B001,BROU,0.30374401962393893,False
20264092,B001,BROU,0.292003124992937,B001,BROU,0.28544667542246754,False
20264093,B001,BROU,0.30062072051797784,B001,BROU,0.3148208487053009,False
20264094,B001,BROU,0.3202949406582037,B001,BROU,0.3451189753544727,False
20264095,B001,BROU,0.31797878094604837,B001,BROU,0.3313310528855141,False
20264096,B001,BROU,0.2961213472272122,B001,BROU,0.29868891139056075,False
20264097,B001,BROU,0.27735845738282067,B001,BROU,0.36463676127332445,False
20264098,B001,BROU,0.31570834866595976,B001,BROU,0.29807681515949436,False
20264099,B001,BROU,0.3064744033036707,B001,BROU,0.3080822467841136,False
20264100,B001,BROU,0.30711355862100276,B001,BROU,0.30303358488598525,False
20264101,B001,BROU,0.308874936147037,B001,BROU,0.299318196332615,False
20264102,B001,BROU,0.324778114929389,B001,BROU,0.2924545701612042,False
20264103,B001,BROU,0.28058082867460576,B001,BROU,0.28172731701505926,False
20264104,B001,BROU,0.26864245602957565,B001,BROU,0.24958130259679084,False
20264105,B001,BROU,0.30170675725167156,B001,BROU,0.3005866560098528,False
20264106,B001,BROU,0.2796419145923366,B001,BROU,0.27941220897380276,False
20264107,B001,BROU,0.33156885478380044,B001,BROU,0.33693462970809523,False
20264108,B001,BROU,0.29080654293549635,B001,BROU,0.27537738323826344,False
20264109,B001,BROU,0.2875009226371073,B001,BROU,0.2926254826602199,False
20264110,B001,BROU,0.2982183205705295,B001,BROU,0.32682800533372336,False
20264111,B001,BROU,0.3146311096127141,B001,BROU,0.3225634313264331,False
20264112,B001,BROU,0.29431868129695254,B001,BROU,0.31204143618622876,False
20264113,B001,BROU,0.29961342955710135,B001,BROU,0.31049756862170136,False
20264114,B001,BROU,0.3192660629271925,B001,BROU,0.32599624541737554,False
20264115,B001,BROU,0.3118656896821862,B001,BROU,0.3221523286706148,False
20264116,B001,BROU,0.2968552790783505,B001,BROU,0.31092897657372714,False
20264117,B001,BROU,0.2977188126654335,B001,BROU,0.2924173805914573,False
20264118,B001,BROU,0.3160669426958671,B001,BROU,0.3278327898864273,False
20264119,B001,BROU,0.30187303918895286,B001,BROU,0.33661498074691315,False
20264120,B001,BROU,0.2783843054490711,B001,BROU,0.368781091226112,False
20264121,B001,BROU,0.3032459996775246,B001,BROU,0.30565295973186507,False
20264122,B001,BROU,0.2989898640178098,B001,BROU,0.2878519763496515,False
20264123,B001,BROU,0.2716373315120144,B001,BROU,0.27146578521790554,False
20264124,B001,BROU,0.29938400342101606,B001,BROU,0.3025733722917849,False
20264125,B001,BROU,0.28606632309417646,B001,BROU,0.2946394695127593,False
20264126,B001,BROU,0.29311467104601374,B001,BROU,0.29217275789895697,False
20264127,B001,BROU,0.3053385854348195,B001,BROU,0.1814884761011807,False
20264128,B001,BROU,0.29709850753552225,B001,BROU,0.2921170339349641,False
20264129,B001,BROU,0.28107421493169105,B001,BROU,0.2765170269863855,False
20264130,B001,BROU,0.31771824662580794,B001,BROU,0.3251666137489071,False
20264131,B001,BROU,0.28608759619243057,B001,BROU,0.2969795515509276,False
20264132,B001,BROU,0.31061711783876433,B001,BROU,0.31114702122301985,False
20264133,B001,BROU,0.2908975195032838,B001,BROU,0.3149122292686245,False
20264134,B001,BROU,0.2723886999827515,B001,BROU,0.25977418855629675,False
20264135,B001,BROU,0.29858382021685975,B001,BROU,0.29409783745112156,False
20264136,B001,BROU,0.3004684153211376,B001,BROU,0.3159870028152446,False
20264137,B001,BROU,0.2860667624638791,B001,BROU,0.30198065046274014,False
20264138,B001,BROU,0.28180454507852837,B001,BROU,0.21930544030255633,False
20264139,B001,BROU,0.31003647118330585,B001,BROU,0.30770238930952115,False
20264140,B001,BROU,0.2946525072271727,B001,BROU,0.31574221806744657,False
20264141,B001,BROU,0.2833334159447464,B001,BROU,0.3058842228186043,False
20264142,B001,BROU,0.30377627142279495,B001,BROU,0.3064688710382278,False
20264143,B001,BROU,0.33734422900772715,B001,BROU,0.3825083039651756,False
20264144,B001,BROU,0.3160077038885262,B001,BROU,0.3125259973289679,False
20264145,B001,BROU,0.29997940035179405,B001,BROU,0.31308368094401634,False
20264146,B001,BROU,0.32370936775787623,B001,BROU,0.27013226613717023,False
20264147,B001,BROU,0.30325480096578505,B001,BROU,0.2666952183357791,False
20264148,B001,BROU,0.2999930001790081,B001,BROU,0.33185958103599533,False
20264149,B001,BROU,0.30522910832973793,B001,BROU,0.2975634086577657,False
20264150,B001,BROU,0.308585756648621,B001,BROU,0.32077754618957893,False
20264151,B001,BROU,0.3049701176419975,B001,BROU,0.3072046501411883,False
20264152,B001,BROU,0.30069134810096565,B001,BROU,0.31394549069449945,False
20264153,B001,BROU,0.29665031880640985,B001,BROU,0.30213530968162944,False
20264154,B001,BROU,0.304042821106535,B001,BROU,0.3026499679877601,False
20264155,B001,BROU,0.29202310718079444,B001,BROU,0.2260468497149047,False
20264156,B001,BROU,0.302332304834557,B001,BROU,0.3275793601917045,False
20264157,B001,BROU,0.27859225599625675,B001,BROU,0.267784243748113,False
20264158,B001,BROU,0.30205711066401364,B001,BROU,0.332803579993684,False
20264159,B001,BROU,0.3044555291696266,B001,BROU,0.29822828111657723,False
20264160,B001,BROU,0.32442702448311983,B001,BROU,0.34103281884796416,False
20264161,B001,BROU,0.291745503001517,B001,BROU,0.32785257673187934,False
20264162,B001,BROU,0.293740194521385,B001,BROU,0.28147234400299614,False
20264163,B001,BROU,0.27341810430753033,B001,BROU,0.250000055931578,False
20264164,B001,BROU,0.3217270323502274,B001,BROU,0.3151459168919573,False
20264165,B001,BROU,0.28833055148998543,B001,BROU,0.28135389374060377,False
20264166,B001,BROU,0.30151055097262797,B001,BROU,0.2932830740486937,False
20264167,B001,BROU,0.3159533066317524,B001,BROU,0.3052755956199826,False
20264168,B001,BROU,0.2821745273205597,B001,BROU,0.29710154815980666,False
20264169,B001,BROU,0.29249497650999,B001,BROU,0.2951485157303199,False
20264170,B001,BROU,0.3092957618657553,B001,BROU,0.3044651599091502,False
20264171,B001,BROU,0.28473301784443894,B001,BROU,0.27798578820950165,False
20264172,B001,BROU,0.3098017777328095,B001,BROU,0.2923604729736862,False
20264173,B001,BROU,0.3060332070072804,B001,BROU,0.351296648681358,False
20264174,B001,BROU,0.30097594836725156,B001,BROU,0.2477957519934118,False
20264175,B001,BROU,0.302957790163502,B001,BROU,0.3097269573228857,False
20264176,B001,BROU,0.3011994353299058,B001,BROU,0.28224295063634636,False
20264177,B001,BROU,0.3093523531005955,B001,BROU,0.2927768904616345,False
20264178,B001,BROU,0.29780913757113503,B001,BROU,0.32449791528619676,False
20264179,B001,BROU,0.3179709487747562,B001,BROU,0.31295033210757567,False
20264180,B001,BROU,0.3064618745596336,B001,BROU,0.35094703002100414,False
20264181,B001,BROU,0.28874717039807757,B001,BROU,0.33423783574106053,False
20264182,B001,BROU,0.3301265718960243,B001,BROU,0.3147291451564276,False
20264183,B001,BROU,0.3188058887944538,B001,BROU,0.3435340376333717,False
20264184,B001,BROU,0.3002393858510058,B001,BROU,0.3241498906108677,False
20264185,B001,BROU,0.3000979108463962,B001,BROU,0.33014124114279053,False
20264186,B001,BROU,0.28036258730526875,B001,BROU,0.2595892461954025,False
20264187,B001,BROU,0.2835685842118475,B001,BROU,0.29621822727836844,False
20264188,B001,BROU,0.30124988012566734,B001,BROU,0.3238822113844362,False
20264189,B001,BROU,0.34397241070186657,B001,BROU,0.3335193130554836,False
20264190,B001,BROU,0.3132071156768956,B001,BROU,0.3091317378658495,False
20264191,B001,BROU,0.3175616124915085,B001,BROU,0.3164098721552975,False
20264192,B001,BROU,0.30807642291502124,B001,BROU,0.3055204763917336,False
20264193,B001,BROU,0.323862041524896,B001,BROU,0.3038958080559902,False
20264194,B001,BROU,0.3191378067457562,B001,BROU,0.312123802663196,False
20264195,B001,BROU,0.32687616091958904,B001,BROU,0.20179230382705798,False
20264196,B001,BROU,0.2779302237826986,B001,BROU,0.2889872395673163,False
20264197,B001,BROU,0.32599129544343847,B001,BROU,0.32214681915510174,False
20264198,B001,BROU,0.36,B001,BROU,0.3718697624943147,False
20264199,B001,BROU,0.2848370181333436,B001,BROU,0.254234968204886,False
20264200,B001,BROU,0.28877590167214184,B001,BROU,0.31326022831478784,False
20264201,B001,BROU,0.2767740701907674,B001,BROU,0.257731106204557,False
20264202,B001,BROU,0.3178369162209194,B001,BROU,0.3283406039130689,False
20264203,B001,BROU,0.2978891591078965,B001,BROU,0.28296474217798295,False
20264204,B001,BROU,0.31907729001683727,B001,BROU,0.23306585442624492,False
20264205,B001,BROU,0.28428031517234253,B001,BROU,0.2932641076991752,False
20264206,B001,BROU,0.3386614412610813,B001,BROU,0.36511909264646397,False
20264207,B001,BROU,0.2928273637328078,B001,BROU,0.3336793668125087,False
20264208,B001,BROU,0.2968156398728556,B001,BROU,0.2808251456621508,False
20264209,B001,BROU,0.3136983346233305,B001,BROU,0.3240585831633113,False
20264210,B001,BROU,0.3040127570111715,B001,BROU,0.298364303268459,False
20264211,B001,BROU,0.30246223923420973,B001,BROU,0.246928432854203,False
20264212,B001,BROU,0.28652021695528507,B001,BROU,0.276667161036319,False
20264213,B001,BROU,0.29428794606624614,B001,BROU,0.29962571769879687,False
20264214,B001,BROU,0.2834817693027561,B001,BROU,0.2679083234070497,False
20264215,B001,BROU,0.28950407591746374,B001,BROU,0.29445711296509747,False
20264216,B001,BROU,0.3085644225970421,B001,BROU,0.2884072777099435,False
20264217,B001,BROU,0.28535050279416285,B001,BROU,0.32092600090751244,False
20264218,B001,BROU,0.28228951788673473,B001,BROU,0.28964008796917945,False
20264219,B001,BROU,0.31742442938094806,B001,BROU,0.2800008655380313,False
20264220,B001,BROU,0.29705058367360865,B001,BROU,0.30772015918809326,False
20264221,B001,BROU,0.2921215173763641,B001,BROU,0.2796625122563382,False
20264222,B001,BROU,0.3044509887874023,B001,BROU,0.2971646742751405,False
20264223,B001,BROU,0.29261054782463136,B001,BROU,0.2919129676081034,False
20264224,B001,BROU,0.2866042363972785,B001,BROU,0.32321948808292833,False
20264225,B001,BROU,0.3083047399250628,B001,BROU,0.3015435701521303,False
20264226,B001,BROU,0.31642743695305575,B001,BROU,0.30296154628275446,False
20264227,B001,BROU,0.29384341414558235,B001,BROU,0.2899605375348991,False
20264228,B001,BROU,0.3001763160738058,B001,BROU,0.30248825088045095,False
20264229,B001,BROU,0.30987159759685845,B001,BROU,0.3751332714554616,False
20264230,B001,BROU,0.2702874367860332,B001,BROU,0.2805229700510879,False
20264231,B001,BROU,0.3343695893153217,B001,BROU,0.319988194964296,False
20264232,B001,BROU,0.299963710424976,B001,BROU,0.29793509093832315,False
20264233,B001,BROU,0.2951393854609393,B001,BROU,0.29698871086209594,False
20264234,B001,BROU,0.29862539815710587,B001,BROU,0.3069205474956217,False
20264235,B001,BROU,0.28792864814259483,B001,BROU,0.35530452013276437,False
20264236,B001,BROU,0.34070434914564407,B001,BROU,0.35581138931149797,False
20264237,B001,BROU,0.2906952980311885,B001,BROU,0.28750443636106154,False
20264238,B001,BROU,0.3411028278881528,B001,BROU,0.33919584234189637,False
20264239,B001,BROU,0.29228297843820217,B001,BROU,0.35865098505419957,False
20264240,B001,BROU,0.292873227815219,B001,BROU,0.2706201165846031,False
20264241,B001,BROU,0.30237712563698077,B001,BROU,0.2660960352290692,False
20264242,B001,BROU,0.31702493774808616,B001,BROU,0.29760533803832506,False
20264243,B001,BROU,0.30924856134177425,B001,BROU,0.2885613363293691,False
20264244,B001,BROU,0.3047613254356837,B001,BROU,0.3430797400927372,False
20264245,B001,BROU,0.2759135095341391,B001,BROU,0.28800638851071336,False
20264246,B001,BROU,0.3117707947046814,B001,BROU,0.3035623678139251,False
20264247,B001,BROU,0.3045996173107344,B001,BROU,0.3689918425150529,False
20264248,B001,BROU,0.2861653347873051,B001,BROU,0.2974611563469222,False
20264249,B001,BROU,0.30219456926702015,B001,BROU,0.3243245285436758,False
20264250,B001,BROU,0.27608900285139426,B001,BROU,0.2766839448709433,False
20264251,B001,BROU,0.28607943869840113,B001,BROU,0.2980803976985403,False
20264252,B001,BROU,0.33189392975309606,B001,BROU,0.30125654323253565,False
20264253,B001,BROU,0.30804296874605425,B001,BROU,0.2842935062187115,False
20264254,B001,BROU,0.31212866259269945,B001,BROU,0.22470480561162604,False
20264255,B001,BROU,0.3271378930492791,B001,BROU,0.34021106130264517,False
20264256,B001,BROU,0.27063995513576056,B001,BROU,0.2722939277824881,False
20264257,B001,BROU,0.30032758697758233,B001,BROU,0.2894824341085512,False
20264258,B001,BROU,0.30681302492724916,B001,BROU,0.2986923592898268,False
20264259,B001,BROU,0.2971863909161037,B001,BROU,0.29524359884296203,False
20264260,B001,BROU,0.32392429045167215,B001,BROU,0.33972684217660165,False
20264261,B001,BROU,0.29034527816175204,B001,BROU,0.31953088866308654,False
20264262,B001,BROU,0.28133552969132986,B001,BROU,0.2695312565541205,False
20264263,B001,BROU,0.3022674414281808,B001,BROU,0.19390882356270908,False
20264264,B001,BROU,0.2781603483729087,B001,BROU,0.3284145326038401,False
20264265,B001,BROU,0.2775014711377206,B001,BROU,0.2785750618275398,False
20264266,B001,BROU,0.29433314846744607,B001,BROU,0.27598098903779206,False
20264267,B001,BROU,0.3322019227438907,B001,BROU,0.3205027781336467,False
20264268,B001,BROU,0.2901149362875526,B001,BROU,0.3208816137626995,False
20264269,B001,BROU,0.31074435739982853,B001,BROU,0.32052695001370995,False
20264270,B001,BROU,0.30000219184128096,B001,BROU,0.2819434615077648,False
20264271,B001,BROU,0.2905033878169244,B001,BROU,0.27160636202309374,False
20264272,B001,BROU,0.29586986458697484,B001,BROU,0.3022791001813992,False
20264273,B001,BROU,0.31239591551443935,B001,BROU,0.3096498078580719,False
20264274,B001,BROU,0.2907968990029558,B001,BROU,0.28823092960116486,False
20264275,B001,BROU,0.3174064328558709,B001,BROU,0.33136443813848326,False
20264276,B001,BROU,0.30184102049705547,B001,BROU,0.3225802210234667,False
20264277,B001,BROU,0.298868405779656,B001,BROU,0.28845812801618137,False
20264278,B001,BROU,0.2808050765845687,B001,BROU,0.3172079968587238,False
20264279,B001,BROU,0.33754002692091756,B001,BROU,0.3177593174958904,False
20264280,B001,BROU,0.2779850267569243,B001,BROU,0.31693414667699454,False
20264281,B001,BROU,0.3256894362530479,B001,BROU,0.28995913610249696,False
20264282,B001,BROU,0.302907594160285,B001,BROU,0.3095423159087015,False
20264283,B001,BROU,0.2753293018097416,B001,BROU,0.2955985668929487,False
20264284,B001,BROU,0.30841239708287327,B001,BROU,0.2880059716616915,False
20264285,B001,BROU,0.32367398928553265,B001,BROU,0.2940296543280742,False
20264286,B001,BROU,0.32554718056057763,B001,BROU,0.30626756760898255,False
20264287,B001,BROU,0.29731732214158285,B001,BROU,0.31191981637324784,False
20264288,B001,BROU,0.292517062245984,B001,BROU,0.27961687126003004,False
20264289,B001,BROU,0.2811566197002223,B001,BROU,0.30014352502078784,False
20264290,B001,BROU,0.2909444325263702,B001,BROU,0.2986453012754446,False
20264291,B001,BROU,0.30936982939986574,B001,BROU,0.27253383261674113,False
20264292,B001,BROU,0.2873402088134841,B001,BROU,0.2817989491713091,False
20264293,B001,BROU,0.30055853719921327,B001,BROU,0.27908032835137825,False
20264294,B001,BROU,0.3067834525592986,B001,BROU,0.31312367327999546,False
20264295,B001,BROU,0.2854905489909239,B001,BROU,0.2879029048269799,False
20264296,B001,BROU,0.298370427608821,B001,BROU,0.2846452324496801,False
20264297,B001,BROU,0.30050875495125856,B001,BROU,0.3075590724593695,False
20264298,B001,BROU,0.29172003884100384,B001,BROU,0.20808792745650126,False
20264299,B001,BROU,0.30853978581712027,B001,BROU,0.28845516684186806,False
20264300,B001,BROU,0.27805104835225986,B001,BROU,0.20964234351546432,False
20264301,B001,BROU,0.3071092944507745,B001,BROU,0.2914690949928327,False
20264302,B001,BROU,0.30798999445593417,B001,BROU,0.3107654371729334,False
20264303,B001,BROU,0.34081539598232724,B001,BROU,0.33660182242579717,False
20264304,B001,BROU,0.31137199249670355,B001,BROU,0.2718741483002175,False
20264305,B001,BROU,0.30753725250341907,B001,BROU,0.32082661071184665,False
20264306,B001,BROU,0.3390930994928736,B001,BROU,0.3446938507702625,False
20264307,B001,BROU,0.2952710730302006,B001,BROU,0.32024748900301475,False
20264308,B001,BROU,0.3421338538889269,B001,BROU,0.3253988790305848,False
20264309,B001,BROU,0.2832756205838034,B001,BROU,0.2794764585447206,False
20264310,B001,BROU,0.30863647018874096,B001,BROU,0.36399950924081925,False
20264311,B001,BROU,0.29543611545271936,B001,BROU,0.2681314080345407,False
20264312,B001,BROU,0.2945645432112593,B001,BROU,0.25649028459702,False
20264313,B001,BROU,0.31131236474008983,B001,BROU,0.31004182507002354,False
20264314,B001,BROU,0.2893677088970566,B001,BROU,0.29122911441872174,False
20264315,B001,BROU,0.3047474466828296,B001,BROU,0.30014244413115543,False
20264316,B001,BROU,0.2938589948126335,B001,BROU,0.23074921604348794,False
20264317,B001,BROU,0.3080167710405359,B001,BROU,0.3190881496713912,False
20264318,B001,BROU,0.28086582869762666,B001,BROU,0.30508834062410906,False
20264319,B001,BROU,0.33082087113723735,B001,BROU,0.2808096612903277,False
20264320,B001,BROU,0.3163655282180622,B001,BROU,0.26627491895203237,False
20264321,B001,BROU,0.3010525193563821,B001,BROU,0.3230550430661535,False
20264322,B001,BROU,0.3133588452138888,B001,BROU,0.3213477509793826,False
20264323,B001,BROU,0.3127845865917129,B001,BROU,0.24723697224231503,False
20264324,B001,BROU,0.32980749844265517,B001,BROU,0.3059067505776045,False
20264325,B001,BROU,0.29261316900183887,B001,BROU,0.30046575953441035,False
20264326,B001,BROU,0.29781216645846037,B001,BROU,0.3174815511034441,False
20264327,B001,BROU,0.29619153940694176,B001,BROU,0.23093700123160413,False
20264328,B001,BROU,0.3163220054100426,B001,BROU,0.32018412095915966,False
20264329,B001,BROU,0.30247078274700107,B001,BROU,0.3177856238929426,False
20264330,B001,BROU,0.2981269704656291,B001,BROU,0.275681452827419,False
20264331,B001,BROU,0.3093651792149812,B001,BROU,0.3240255236709571,False
20264332,B001,BROU,0.3217363605472304,B001,BROU,0.315574460936128,False
20264333,B001,BROU,0.2798902255167707,B001,BROU,0.2748509124923419,False
20264334,B001,BROU,0.2881266610544318,B001,BROU,0.26410366663856,False
20264335,B001,BROU,0.310257080453439,B001,BROU,0.31507218220606703,False
20264336,B001,BROU,0.2953217678753898,B001,BROU,0.3066566626622701,False
20264337,B001,BROU,0.28106711915287985,B001,BROU,0.27573586146715806,False
20264338,B001,BROU,0.29569433693995145,B001,BROU,0.31250057057197783,False
20264339,B001,BROU,0.3097688492175583,B001,BROU,0.21846830767347566,False
20264340,B001,BROU,0.3019376170437574,B001,BROU,0.30986505246076007,False
20264341,B001,BROU,0.28663206250690354,B001,BROU,0.30987332346483426,False
20264342,B001,BROU,0.31597646638413684,B001,BROU,0.3015553744960187,False
20264343,B001,BROU,0.30622016679648834,B001,BROU,0.2888468543095601,False
20264344,B001,BROU,0.32205994633339946,B001,BROU,0.3881735385517591,False
20264345,B001,BROU,0.3115407960695072,B001,BROU,0.318143916067664,False
20264346,B001,BROU,0.30603995620107116,B001,BROU,0.23170620815431228,False
20264347,B001,BROU,0.2892710488408417,B001,BROU,0.28081401943229584,False
20264348,B001,BROU,0.31056895148716196,B001,BROU,0.30556220227001435,False
20264349,B001,BROU,0.3008809198496658,B001,BROU,0.33759207739422903,False
20264350,B001,BROU,0.3145750262930487,B001,BROU,0.3337304595058013,False
20264351,B001,BROU,0.31372509213894817,B001,BROU,0.3318663731476113,False
20264352,B001,BROU,0.2979048960424634,B001,BROU,0.3059849527143396,False
20264353,B001,BROU,0.29149467273591556,B001,BROU,0.2984377339484273,False
20264354,B001,BROU,0.30339114353278424,B001,BROU,0.31189593740766025,False
20264355,B001,BROU,0.28400353022921954,B001,BROU,0.29927978839418057,False
20264356,B001,BROU,0.29562406909531125,B001,BROU,0.27525652926596317,False
20264357,B001,BROU,0.3167163012763687,B001,BROU,0.3051973630253551,False
20264358,B001,BROU,0.34889817958905156,B001,BROU,0.31833765859699703,False
20264359,B001,BROU,0.2702914258991647,B001,BROU,0.26368140397622475,False
20264360,B001,BROU,0.3219617417930683,B001,BROU,0.2981015393140974,False
20264361,B001,BROU,0.3233580778746759,B001,BROU,0.39069453260150394,False
20264362,B001,BROU,0.31971432065971245,B001,BROU,0.32941139005608094,False
20264363,B001,BROU,0.28880747726435446,B001,BROU,0.2680024081833006,False
20264364,B001,BROU,0.30534210910990595,B001,BROU,0.303664070034171,False
20264365,B001,BROU,0.3141901622619108,B001,BROU,0.26641852156357293,False
20264366,B001,BROU,0.2897992678498329,B001,BROU,0.31367566544625614,False
20264367,B001,BROU,0.3069118451932007,B001,BROU,0.3309363033993331,False
20264368,B001,BROU,0.3132582661064525,B001,BROU,0.3137376230966403,False
20264369,B001,BROU,0.29778768712338094,B001,BROU,0.31793580605791305,False
20264370,B001,BROU,0.2949733119847543,B001,BROU,0.25569653253721164,False
20264371,B001,BROU,0.2738785612123178,B001,BROU,0.3025101927407608,False
20264372,B001,BROU,0.3109483193327398,B001,BROU,0.2752862201367058,False
20264373,B001,BROU,0.3026486708216565,B001,BROU,0.30663045047224285,False
20264374,B001,BROU,0.3130725565341698,B001,BROU,0.3293533384669772,False
20264375,B001,BROU,0.3103818234550183,B001,BROU,0.35194260100389746,False
20264376,B001,BROU,0.2908608417862674,B001,BROU,0.3002233665864044,False
20264377,B001,BROU,0.3180181286262604,B001,BROU,0.3017826146722473,False
20264378,B001,BROU,0.2933350563433229,B001,BROU,0.3092320273182958,False
20264379,B001,BROU,0.28431952960265694,B001,BROU,0.28842054628410146,False
20264380,B001,BROU,0.2925853627017292,B001,BROU,0.29374561433071644,False
20264381,B001,BROU,0.2877961939584271,B001,BROU,0.26436638856897293,False
20264382,B001,BROU,0.2871759554167821,B001,BROU,0.2618327984417993,False
20264383,B001,BROU,0.3018891091688944,B001,BROU,0.26916869663970466,False
20264384,B001,BROU,0.3092978625053873,B001,BROU,0.306069283447539,False
20264385,B001,BROU,0.2876850033346441,B001,BROU,0.27258835500507655,False
20264386,B001,BROU,0.309932860303075,B001,BROU,0.3189563698171936,False
20264387,B001,BROU,0.2910055832137174,B001,BROU,0.19993689771182685,False
20264388,B001,BROU,0.29937135860874237,B001,BROU,0.2584894958798797,False
20264389,B001,BROU,0.3147136348213144,B001,BROU,0.2783036270027681,False
20264390,B001,BROU,0.29503169437151805,B001,BROU,0.3269118275524592,False
20264391,B001,BROU,0.3007993233184441,B001,BROU,0.28676492893784533,False
20264392,B001,BROU,0.31165476811090337,B001,BROU,0.29280639356301796,False
20264393,B001,BROU,0.32151082608693315,B001,BROU,0.3151556629772685,False
20264394,B001,BROU,0.27166128954545904,B001,BROU,0.3090938997356863,False
20264395,B001,BROU,0.31621208991615163,B001,BROU,0.35117773946584757,False
20264396,B001,BROU,0.29887672075863475,B001,BROU,0.2740235681363871,False
20264397,B001,BROU,0.2862678987799163,B001,BROU,0.34116705685852494,False
20264398,B001,BROU,0.30534485154933394,B001,BROU,0.3086110080121685,False
20264399,B001,BROU,0.302932852820464,B001,BROU,0.28481097628183527,False
20264400,B001,BROU,0.31492814842642963,B001,BROU,0.31889576674863546,False
20264401,B001,BROU,0.30811741552637917,B001,BROU,0.3191494889056122,False
20264402,B001,BROU,0.30278056375293433,B001,BROU,0.30836663474766324,False
20264403,B001,BROU,0.32685942887162767,B001,BROU,0.3259083768544396,False
20264404,B001,BROU,0.2984501401237723,B001,BROU,0.3090766675854305,False
20264405,B001,BROU,0.2873939614477472,B001,BROU,0.30493449449847193,False
20264406,B001,BROU,0.31958909012917414,B001,BROU,0.279710081334119,False
20264407,B001,BROU,0.3216863805317955,B001,BROU,0.315033630723267,False
20264408,B001,BROU,0.2902697344008163,B001,BROU,0.26468276972185445,False
20264409,B001,BROU,0.29708570373099924,B001,BROU,0.29259162459091814,False
20264410,B001,BROU,0.30817506181353016,B001,BROU,0.29035623145391826,False
20264411,B001,BROU,0.3123819737950645,B001,BROU,0.22233490493105373,False
20264412,B001,BROU,0.2874097632286463,B001,BROU,0.31086037469374106,False
20264413,B001,BROU,0.2875957485069849,B001,BROU,0.311163362901281,False
20264414,B001,BROU,0.2856016185358721,B001,BROU,0.3011657299497683,False
20264415,B001,BROU,0.27174950227805683,B001,BROU,0.2845549602416099,False
20264416,B001,BROU,0.3111691973391148,B001,BROU,0.26917041424850263,False
20264417,B001,BROU,0.2970144822028519,B001,BROU,0.30823825604426097,False
20264418,B001,BROU,0.28387078778547037,B001,BROU,0.28398263557123654,False
20264419,B001,BROU,0.31428990998103984,B001,BROU,0.3236754644744858,False
20264420,B001,BROU,0.2997722913516232,B001,BROU,0.29815530048690797,False
20264421,B001,BROU,0.30943496451593694,B001,BROU,0.2953368288660017,False
20264422,B001,BROU,0.30338158171364904,B001,BROU,0.2842899691016256,False
20264423,B001,BROU,0.29123088249491635,B001,BROU,0.2677979570604412,False
20264424,B001,BROU,0.2945259214180862,B001,BROU,0.30649217732786654,False
20264425,B001,BROU,0.2976695529243875,B001,BROU,0.28393424267339284,False
20264426,B001,BROU,0.31706570575710136,B001,BROU,0.3307375975741267,False
20264427,B001,BROU,0.2789355245539365,B001,BROU,0.2912427903649142,False
20264428,B001,BROU,0.2852709856833972,B001,BROU,0.26512175303601765,False
20264429,B001,BROU,0.3094541757839605,B001,BROU,0.28978984312108386,False
20264430,B001,BROU,0.3155525687111689,B001,BROU,0.2980020745732298,False
20264431,B001,BROU,0.29756270116890754,B001,BROU,0.28647138249626874,False
20264432,B001,BROU,0.3190196472900655,B001,BROU,0.2809568035266766,False
20264433,B001,BROU,0.2783034239469271,B001,BROU,0.31455940329130966,False
20264434,B001,BROU,0.34213163908314675,B001,BROU,0.31581775720789385,False
20264435,B001,BROU,0.315123688705611,B001,BROU,0.33947751849450897,False
20264436,B001,BROU,0.3195514960360218,B001,BROU,0.3151368940230193,False
20264437,B001,BROU,0.29019944358349314,B001,BROU,0.28013474989497705,False
20264438,B001,BROU,0.3201340553470051,B001,BROU,0.30909773766249704,False
20264439,B001,BROU,0.30241754653883895,B001,BROU,0.28621124397919023,False
20264440,B001,BROU,0.2771209777320198,B006,Itaú Uruguay,0.19229676263263756,True
20264441,B001,BROU,0.28031566538259517,B001,BROU,0.292294940409993,False
20264442,B001,BROU,0.27742632751414853,B001,BROU,0.27731912360956035,False
20264443,B001,BROU,0.32006244624174734,B001,BROU,0.30951426873165744,False
20264444,B001,BROU,0.2850043524879975,B001,BROU,0.27318931704036975,False
20264445,B001,BROU,0.2884938554061574,B001,BROU,0.2617796821764734,False
20264446,B001,BROU,0.28903192656611054,B001,BROU,0.27933277498811554,False
20264447,B001,BROU,0.2881691657509182,B001,BROU,0.3292172608585321,False
20264448,B001,BROU,0.3037953056267054,B001,BROU,0.28004489148288864,False
20264449,B001,BROU,0.324552230302301,B001,BROU,0.3295861248726558,False
20264450,B001,BROU,0.32323524079611976,B001,BROU,0.3141476947812226,False
20264451,B001,BROU,0.2853628099916729,B001,BROU,0.3171311999673975,False
20264452,B001,BROU,0.317569686816362,B001,BROU,0.35059494993810253,False
20264453,B001,BROU,0.3033006382627969,B001,BROU,0.32922106638357795,False
20264454,B001,BROU,0.2834453343358552,B001,BROU,0.28771930825927633,False
20264455,B001,BROU,0.2899818341064851,B001,BROU,0.29904951903404303,False
20264456,B001,BROU,0.31160808983807625,B001,BROU,0.30762054361583047,False
20264457,B001,BROU,0.28630437654616,B001,BROU,0.2900338568262159,False
20264458,B001,BROU,0.30089227967212073,B001,BROU,0.30423018498831117,False
20264459,B001,BROU,0.2976524162018746,B001,BROU,0.2551715959721676,False
20264460,B001,BROU,0.34332916865189345,B001,BROU,0.37770952307890115,False
20264461,B001,BROU,0.31969518085368714,B001,BROU,0.30584796879007026,False
20264462,B001,BROU,0.30657330054677634,B001,BROU,0.34789363564458337,False
20264463,B001,BROU,0.31069686293502197,B001,BROU,0.2854546522648112,False
20264464,B001,BROU,0.29317320616459,B001,BROU,0.2783393506918237,False
20264465,B001,BROU,0.2824846945893071,B001,BROU,0.3263937635214305,False
20264466,B001,BROU,0.28963617431452415,B001,BROU,0.2595258645412675,False
20264467,B001,BROU,0.313550096579865,B001,BROU,0.30445070546427516,False
20264468,B001,BROU,0.31492427753857,B001,BROU,0.2902351148679912,False
20264469,B001,BROU,0.3150220483131021,B001,BROU,0.32188721594789,False
20264470,B001,BROU,0.3015743883548269,B001,BROU,0.3213197116041048,False
20264471,B001,BROU,0.3080342014528705,B001,BROU,0.36244556970622976,False
20264472,B001,BROU,0.3019897891950303,B001,BROU,0.19317696962747746,False
20264473,B001,BROU,0.2881399469979917,B001,BROU,0.31223209375918376,False
20264474,B001,BROU,0.2953571691966949,B001,BROU,0.2938409438184084,False
20264475,B001,BROU,0.33935972889643096,B001,BROU,0.32066939929600013,False
20264476,B001,BROU,0.30917515356143654,B001,BROU,0.3074466661548677,False
20264477,B001,BROU,0.2993339551828793,B001,BROU,0.28402115939240924,False
20264478,B001,BROU,0.31327553720052104,B001,BROU,0.25105155902711984,False
20264479,B001,BROU,0.27850558861907765,B001,BROU,0.30006750048052216,False
20264480,B001,BROU,0.28407427209819347,B001,BROU,0.2887149455893607,False
20264481,B001,BROU,0.2990474060838797,B001,BROU,0.32845855055789525,False
20264482,B001,BROU,0.3124206846342982,B001,BROU,0.3106623412546659,False
20264483,B001,BROU,0.3138148180007263,B001,BROU,0.32807538968871236,False
20264484,B001,BROU,0.2909041292351916,B001,BROU,0.29198262622007554,False
20264485,B001,BROU,0.29616330198264473,B001,BROU,0.30215099171502635,False
20264486,B001,BROU,0.303334529071972,B001,BROU,0.32132168653812965,False
20264487,B001,BROU,0.29291615675780447,B001,BROU,0.31249381682999133,False
20264488,B001,BROU,0.28638716590758634,B001,BROU,0.2805470219431868,False
20264489,B001,BROU,0.272252766961226,B001,BROU,0.2901048567477299,False
20264490,B001,BROU,0.2972355306226904,B001,BROU,0.3080822858717022,False
20264491,B001,BROU,0.3037611371532466,B001,BROU,0.31101824171977355,False
20264492,B001,BROU,0.3030992411227032,B001,BROU,0.3293575387279345,False
20264493,B001,BROU,0.30986905318448427,B001,BROU,0.31042226956870056,False
20264494,B001,BROU,0.2966522177794233,B001,BROU,0.33476327756258817,False
20264495,B001,BROU,0.3237557759166626,B001,BROU,0.32664675755590006,False
20264496,B001,BROU,0.27101516091710165,B001,BROU,0.2806890415955064,False
20264497,B001,BROU,0.3085840295038375,B001,BROU,0.31358528826003634,False
20264498,B001,BROU,0.29175070148160914,B001,BROU,0.29257713315580974,False
20264499,B001,BROU,0.2920015086649204,B001,BROU,0.33913777930580463,False
20264500,B001,BROU,0.2974894090068731,B001,BROU,0.3034517248732228,False
20264501,B001,BROU,0.28737863314573603,B001,BROU,0.2867044089254369,False
20264502,B001,BROU,0.29233830303572916,B001,BROU,0.2786289916822295,False
20264503,B001,BROU,0.281290109047954,B001,BROU,0.3035466530979409,False
20264504,B001,BROU,0.2955600016239215,B001,BROU,0.29339739519375063,False
20264505,B001,BROU,0.30521542673413293,B001,BROU,0.29402784300505136,False
20264506,B001,BROU,0.2833682336931665,B001,BROU,0.2915515308108828,False
20264507,B001,BROU,0.31136434692097453,B001,BROU,0.3110687342878917,False
20264508,B001,BROU,0.3083850388434622,B001,BROU,0.30571714716189285,False
20264509,B001,BROU,0.2922458325172205,B001,BROU,0.29647064895132796,False
20264510,B001,BROU,0.3113776303255425,B001,BROU,0.29952658475665045,False
20264511,B001,BROU,0.2852988285321562,B001,BROU,0.25875309741277175,False
20264512,B001,BROU,0.3052471935964298,B001,BROU,0.27065287991496356,False
20264513,B001,BROU,0.2896131774282873,B001,BROU,0.3073047691673789,False
20264514,B001,BROU,0.2971215155361396,B001,BROU,0.25461518535814825,False
20264515,B001,BROU,0.3204452261922295,B001,BROU,0.22581365932467923,False
20264516,B001,BROU,0.3091875292072439,B001,BROU,0.2984482343207048,False
20264517,B001,BROU,0.3144489957473692,B001,BROU,0.3001153556063091,False
20264518,B001,BROU,0.29477757973208174,B001,BROU,0.2903694400097821,False
20264519,B001,BROU,0.2944621632795695,B001,BROU,0.30476185083537893,False
20264520,B001,BROU,0.2923933602458798,B001,BROU,0.27017902119717846,False
20264521,B001,BROU,0.3188550550606533,B001,BROU,0.3250126455430532,False
20264522,B001,BROU,0.31667909071379796,B001,BROU,0.31905398765001547,False
20264523,B001,BROU,0.30533786511651323,B001,BROU,0.3247502315846766,False
20264524,B001,BROU,0.290835332687132,B001,BROU,0.2962112304605432,False
20264525,B001,BROU,0.30506702944940517,B001,BROU,0.2853984783182064,False
20264526,B001,BROU,0.2883242984477046,B001,BROU,0.3110253074246748,False
20264527,B001,BROU,0.32547328069762516,B001,BROU,0.27337094756270236,False
20264528,B001,BROU,0.3021651007763809,B001,BROU,0.28344312850747866,False
20264529,B001,BROU,0.30326872537475064,B001,BROU,0.3021312756144001,False
20264530,B001,BROU,0.28406147366198525,B001,BROU,0.2345952485167232,False
20264531,B001,BROU,0.29145838736867413,B001,BROU,0.2755302029913916,False
20264532,B001,BROU,0.31019248480793776,B001,BROU,0.2843894209384714,False
20264533,B001,BROU,0.3195786125555693,B001,BROU,0.3352430783935755,False
20264534,B001,BROU,0.29544040293898194,B001,BROU,0.33214298009293747,False
20264535,B001,BROU,0.3371788714736872,B001,BROU,0.34177693579792795,False
20264536,B001,BROU,0.31008141944214723,B001,BROU,0.2678685434645387,False
20264537,B001,BROU,0.31286758753973753,B001,BROU,0.23618089516746057,False
20264538,B001,BROU,0.27890639417498075,B001,BROU,0.29510431502314843,False
20264539,B001,BROU,0.30784162564829276,B001,BROU,0.28375574440752593,False
20264540,B001,BROU,0.3055623238124153,B001,BROU,0.32657013909044785,False
20264541,B001,BROU,0.31831964146179953,B001,BROU,0.30733996809003983,False
20264542,B001,BROU,0.30852850101418,B001,BROU,0.3192854578781967,False
20264543,B001,BROU,0.3154335436629383,B001,BROU,0.3042452659419035,False
20264544,B001,BROU,0.2807094160356929,B001,BROU,0.28608530710657554,False
20264545,B001,BROU,0.31597388685534133,B001,BROU,0.36153802366774457,False
20264546,B001,BROU,0.3113185417329296,B001,BROU,0.31743306754127987,False
20264547,B001,BROU,0.31882240387886857,B001,BROU,0.3348422559315739,False
20264548,B001,BROU,0.2802960583238586,B001,BROU,0.26692737679793993,False
20264549,B001,BROU,0.29143344500114615,B001,BROU,0.314435997176881,False
20264550,B001,BROU,0.307134719372617,B001,BROU,0.28956271183246807,False
20264551,B001,BROU,0.29476084609570286,B001,BROU,0.29988717910683144,False
20264552,B001,BROU,0.2911966306401996,B001,BROU,0.2566325292758637,False
20264553,B001,BROU,0.3004802411260842,B001,BROU,0.29860028482336454,False
20264554,B001,BROU,0.28026821043091205,B001,BROU,0.3198164679771563,False
20264555,B001,BROU,0.3072604411365019,B001,BROU,0.31025919148772635,False
20264556,B001,BROU,0.2956511023672891,B001,BROU,0.3178534572873288,False
20264557,B001,BROU,0.3143753614310221,B001,BROU,0.30789122239833455,False
20264558,B001,BROU,0.3134276325671035,B001,BROU,0.33060570921224974,False
20264559,B001,BROU,0.312954617109954,B001,BROU,0.2882960397705367,False
20264560,B001,BROU,0.31911495114492744,B001,BROU,0.31542543168652065,False
20264561,B001,BROU,0.2861447490661569,B001,BROU,0.30724574538105653,False
20264562,B001,BROU,0.319848911953954,B001,BROU,0.2775465472781956,False
20264563,B001,BROU,0.2909208154606763,B001,BROU,0.25639625642193653,False
20264564,B001,BROU,0.29067089606584195,B001,BROU,0.29983108074319353,False
20264565,B001,BROU,0.2818933070273991,B001,BROU,0.3099459811110014,False
20264566,B001,BROU,0.3155899698755009,B001,BROU,0.33780600542897565,False
20264567,B001,BROU,0.28830495544888546,B001,BROU,0.2822198473752922,False
20264568,B001,BROU,0.3074886339217573,B001,BROU,0.2757869745336061,False
20264569,B001,BROU,0.29820853839526995,B001,BROU,0.29063900532286163,False
20264570,B001,BROU,0.30672665973262325,B001,BROU,0.2780203191515893,False
20264571,B001,BROU,0.2918413824769788,B001,BROU,0.28016736592311475,False
20264572,B001,BROU,0.28455090890520823,B001,BROU,0.27874129720136304,False
20264573,B001,BROU,0.30713064880844554,B001,BROU,0.291949252505568,False
20264574,B001,BROU,0.29748886880323044,B001,BROU,0.2910594676924058,False
20264575,B001,BROU,0.29947316682618275,B001,BROU,0.3070291754186585,False
20264576,B001,BROU,0.2973279900739975,B001,BROU,0.3037886699158936,False
20264577,B001,BROU,0.31317797863203245,B001,BROU,0.32636875363812723,False
20264578,B001,BROU,0.30554365288516017,B001,BROU,0.3645842350215772,False
20264579,B001,BROU,0.3169354268339295,B001,BROU,0.33828481603794663,False
20264580,B001,BROU,0.30161423507860524,B001,BROU,0.3122931676936261,False
20264581,B001,BROU,0.3127567951996999,B001,BROU,0.3437105991138895,False
20264582,B001,BROU,0.29105575118165966,B001,BROU,0.3222371118351047,False
20264583,B001,BROU,0.3051410926409737,B001,BROU,0.34035997342609037,False
20264584,B001,BROU,0.29893442917029917,B001,BROU,0.32428844308655846,False
20264585,B001,BROU,0.302288044924925,B001,BROU,0.25609539146907134,False
20264586,B001,BROU,0.28360731238754944,B001,BROU,0.3015542228302858,False
20264587,B001,BROU,0.28935036287889615,B001,BROU,0.3055379702262117,False
20264588,B001,BROU,0.2940491565385139,B001,BROU,0.31617829424199867,False
20264589,B001,BROU,0.3343182107735135,B001,BROU,0.2838004961910829,False
20264590,B001,BROU,0.2838409697055465,B001,BROU,0.2901989743215099,False
20264591,B001,BROU,0.2976282463022403,B001,BROU,0.32905631573986893,False
20264592,B001,BROU,0.3035312972605862,B001,BROU,0.30571402884265103,False
20264593,B001,BROU,0.31575477619124603,B001,BROU,0.3229205682084219,False
20264594,B001,BROU,0.2791526286697849,B001,BROU,0.27861255030652143,False
20264595,B001,BROU,0.2991709484393525,B001,BROU,0.29409491702844426,False
20264596,B001,BROU,0.30647413154201064,B001,BROU,0.3100794018001279,False
20264597,B001,BROU,0.2964749417615466,B001,BROU,0.3306763312138537,False
20264598,B001,BROU,0.28191482111837884,B001,BROU,0.2919605873905528,False
20264599,B001,BROU,0.30657398762124943,B001,BROU,0.3397369648045008,False
20264600,B001,BROU,0.2925270327236687,B001,BROU,0.2774459772412211,False
20264601,B001,BROU,0.2964779590536334,B001,BROU,0.3256999041998877,False
20264602,B001,BROU,0.29736478022897495,B001,BROU,0.274546257943939,False
20264603,B001,BROU,0.29086343675691423,B001,BROU,0.30066492749545853,False
20264604,B001,BROU,0.2939655753831958,B001,BROU,0.26868169305024053,False
20264605,B001,BROU,0.27424084067545373,B001,BROU,0.26944796176897323,False
20264606,B001,BROU,0.2967254494269613,B001,BROU,0.2973805501987144,False
20264607,B001,BROU,0.29846745897598204,B001,BROU,0.2722899242408287,False
20264608,B001,BROU,0.30459565962627067,B001,BROU,0.27966715507254053,False
20264609,B001,BROU,0.3043873509965589,B001,BROU,0.2472204195108469,False
20264610,B001,BROU,0.2948778709980744,B001,BROU,0.26171752330555825,False
20264611,B001,BROU,0.29340651037458904,B001,BROU,0.2685596943841501,False
20264612,B001,BROU,0.29025313148866383,B001,BROU,0.3102973605391823,False
20264613,B001,BROU,0.29795516910335035,B001,BROU,0.27597777632035175,False
20264614,B001,BROU,0.2987920998428693,B001,BROU,0.3045573614889868,False
20264615,B001,BROU,0.29297994892063517,B001,BROU,0.29474634401362265,False
20264616,B001,BROU,0.2770865785272726,B001,BROU,0.2583244135677851,False
20264617,B001,BROU,0.29206972969265815,B001,BROU,0.2901539312206843,False
20264618,B001,BROU,0.3167994142798066,B001,BROU,0.31090378458864915,False
20264619,B001,BROU,0.3257313434824315,B001,BROU,0.30925910356255537,False
20264620,B001,BROU,0.32658775103667675,B001,BROU,0.3173387969382634,False
20264621,B001,BROU,0.29314524802554687,B001,BROU,0.2998114640605726,False
20264622,B001,BROU,0.28190363386345985,B001,BROU,0.2985078441085027,False
20264623,B001,BROU,0.30111328036651724,B001,BROU,0.3188786475134051,False
20264624,B001,BROU,0.33064734584939115,B001,BROU,0.3216898092183959,False
20264625,B001,BROU,0.32445770304036053,B001,BROU,0.2608568936711367,False
20264626,B001,BROU,0.31117166710985106,B001,BROU,0.2744038943980976,False
20264627,B001,BROU,0.2989043936469934,B001,BROU,0.29926696718457757,False
20264628,B001,BROU,0.30295139096812485,B001,BROU,0.27034480649023335,False
20264629,B001,BROU,0.2820925376752244,B001,BROU,0.28668026910693034,False
20264630,B001,BROU,0.31987917096883833,B001,BROU,0.2798589964896942,False
20264631,B001,BROU,0.29662292144255614,B001,BROU,0.31626880378594163,False
20264632,B001,BROU,0.2978457632883284,B001,BROU,0.31535214860287947,False
20264633,B001,BROU,0.29787208459584963,B001,BROU,0.27542818884351067,False
20264634,B001,BROU,0.3024639674410687,B001,BROU,0.33793069382699586,False
20264635,B001,BROU,0.3016239196446955,B001,BROU,0.2868645027532484,False
20264636,B001,BROU,0.2687016470876827,B001,BROU,0.2687588957064313,False
20264637,B001,BROU,0.2969958444313894,B001,BROU,0.3128283028895076,False
20264638,B001,BROU,0.3178119726223293,B001,BROU,0.3013610754500798,False
20264639,B001,BROU,0.29185322576224754,B001,BROU,0.2924247258258789,False
20264640,B001,BROU,0.2753151302822936,B001,BROU,0.2885242642152526,False
20264641,B001,BROU,0.32530448680630286,B001,BROU,0.2670845427518397,False
20264642,B001,BROU,0.2906349016063525,B001,BROU,0.30905411186989173,False
20264643,B001,BROU,0.2823397061827052,B001,BROU,0.29516516998877157,False
20264644,B001,BROU,0.3091696650872913,B001,BROU,0.32526482939080714,False
20264645,B001,BROU,0.3099640692966891,B001,BROU,0.3302381559581206,False
20264646,B001,BROU,0.33064250921183497,B001,BROU,0.33914606211102444,False
20264647,B001,BROU,0.3028617556050031,B001,BROU,0.32497415829808635,False
20264648,B001,BROU,0.29775273146409353,B001,BROU,0.2596151833564675,False
20264649,B001,BROU,0.3233858679105897,B001,BROU,0.32447723655904487,False
20264650,B001,BROU,0.28979215322993923,B001,BROU,0.2967494452796183,False
20264651,B001,BROU,0.3126096477672485,B001,BROU,0.2574858852266757,False
20264652,B001,BROU,0.31565920096879324,B001,BROU,0.2958402441511232,False
20264653,B001,BROU,0.2987812351578238,B001,BROU,0.309383468270213,False
20264654,B001,BROU,0.3105280510440869,B001,BROU,0.2982595077166444,False
20264655,B001,BROU,0.30604751415502096,B001,BROU,0.2986370797023527,False
20264656,B001,BROU,0.2772099859727481,B001,BROU,0.2995820820339988,False
20264657,B001,BROU,0.3004871409485607,B001,BROU,0.28940358880251904,False
20264658,B001,BROU,0.31274634932889916,B001,BROU,0.30814594997925066,False
20264659,B001,BROU,0.2909665027268487,B001,BROU,0.3048372466737269,False
20264660,B001,BROU,0.28270013541127714,B001,BROU,0.26130397696223157,False
20264661,B001,BROU,0.29484585981970574,B001,BROU,0.1757312543450805,False
20264662,B001,BROU,0.3210670967370758,B001,BROU,0.3641096530071808,False
20264663,B001,BROU,0.3053276579505187,B001,BROU,0.27451044008396186,False
20264664,B001,BROU,0.2973415414344372,B001,BROU,0.3232907211300558,False
20264665,B001,BROU,0.29942419986549274,B001,BROU,0.222245573717361,False
20264666,B001,BROU,0.3227662358445572,B001,BROU,0.2971576189155834,False
20264667,B001,BROU,0.2858875870186775,B001,BROU,0.24937279943642993,False
20264668,B001,BROU,0.2779441042048359,B001,BROU,0.28320193252394144,False
20264669,B001,BROU,0.29581691464461196,B001,BROU,0.34647992485128426,False
20264670,B001,BROU,0.30865298144285136,B001,BROU,0.29830036064633403,False
20264671,B001,BROU,0.28947642992892275,B001,BROU,0.1970146653388611,False
20264672,B001,BROU,0.2938025301621576,B001,BROU,0.2935637066880301,False
20264673,B001,BROU,0.3162115009409302,B001,BROU,0.2916565468959151,False
20264674,B001,BROU,0.3155664820461289,B001,BROU,0.29605472292949725,False
20264675,B001,BROU,0.28772040478703037,B001,BROU,0.2652317497530209,False
20264676,B001,BROU,0.31591597591728127,B001,BROU,0.2831650274570603,False
20264677,B001,BROU,0.29718133218860987,B001,BROU,0.2779956628644847,False
20264678,B001,BROU,0.292524491426539,B001,BROU,0.32279651010983684,False
20264679,B001,BROU,0.32371836265910725,B001,BROU,0.2758181839219548,False
20264680,B001,BROU,0.3167731300400506,B001,BROU,0.32987615371126966,False
20264681,B001,BROU,0.29672176756757895,B001,BROU,0.2919893056642697,False
20264682,B001,BROU,0.30297906344163844,B001,BROU,0.28563917366055647,False
20264683,B001,BROU,0.33215990779754434,B006,Itaú Uruguay,0.18513555985546568,True
20264684,B001,BROU,0.2801637813117578,B001,BROU,0.2831024413454292,False
20264685,B001,BROU,0.3110645950912345,B001,BROU,0.3145336853478848,False
20264686,B001,BROU,0.30435361413545703,B001,BROU,0.3122728570372109,False
20264687,B001,BROU,0.30782616673478147,B001,BROU,0.29543379117815544,False
20264688,B001,BROU,0.3183252227528871,B001,BROU,0.30725129184361066,False
20264689,B001,BROU,0.3021714073852748,B001,BROU,0.35641739295243363,False
20264690,B001,BROU,0.3224046916570013,B001,BROU,0.3374957649653718,False
20264691,B001,BROU,0.30554402760912525,B001,BROU,0.31913941789450867,False
20264692,B001,BROU,0.26750140480353674,B001,BROU,0.2660262920098069,False
20264693,B001,BROU,0.31328126308234455,B001,BROU,0.28433397272152233,False
20264694,B001,BROU,0.31238986987593453,B001,BROU,0.2417639231635189,False
20264695,B001,BROU,0.3136243454277576,B001,BROU,0.3151819999306938,False
20264696,B001,BROU,0.31367687531879584,B001,BROU,0.3239763270086559,False
20264697,B001,BROU,0.30191999430938415,B001,BROU,0.3092571717383937,False
20264698,B001,BROU,0.297371228321433,B001,BROU,0.2978741529022139,False
20264699,B001,BROU,0.28838415683415675,B001,BROU,0.3004593387329951,False
20264700,B001,BROU,0.29227876602430747,B001,BROU,0.2876133110846861,False
20264701,B001,BROU,0.29453864030986754,B001,BROU,0.3191902540103481,False
20264702,B001,BROU,0.2951937810467612,B001,BROU,0.2860062688923816,False
20264703,B001,BROU,0.29338460697723634,B001,BROU,0.3164317534461187,False
20264704,B001,BROU,0.3015987598577372,B001,BROU,0.27185979228573826,False
20264705,B001,BROU,0.28044030810499876,B001,BROU,0.2646482851333107,False
20264706,B001,BROU,0.312185278960714,B001,BROU,0.3143299031517569,False
20264707,B001,BROU,0.2918666453344736,B001,BROU,0.2686969740097044,False
20264708,B001,BROU,0.2917899566174662,B001,BROU,0.29815899798046297,False
20264709,B001,BROU,0.3109854646640699,B001,BROU,0.27386382691648364,False
20264710,B001,BROU,0.29546340945724603,B001,BROU,0.3071027508071794,False
20264711,B001,BROU,0.2980731271357728,B001,BROU,0.31334050916534945,False
20264712,B001,BROU,0.31919868915327915,B001,BROU,0.3323810040919924,False
20264713,B001,BROU,0.29306088440397454,B001,BROU,0.2849665475520949,False
20264714,B001,BROU,0.29895880126952384,B001,BROU,0.3184934548022265,False
20264715,B001,BROU,0.311991844981537,B001,BROU,0.28187753680161176,False
20264716,B001,BROU,0.2875062922958466,B001,BROU,0.2814463007038105,False
20264717,B001,BROU,0.30339136933216604,B001,BROU,0.35267513088257313,False
20264718,B001,BROU,0.30477359780987895,B001,BROU,0.3058231516204434,False
20264719,B001,BROU,0.34077075764981357,B001,BROU,0.3379668691311299,False
20264720,B001,BROU,0.295502493125356,B001,BROU,0.33554542969018586,False
20264721,B001,BROU,0.3055773167114635,B001,BROU,0.31989465633537395,False
20264722,B001,BROU,0.30780915021799493,B001,BROU,0.29959660691713785,False
20264723,B001,BROU,0.2856182969804881,B001,BROU,0.2895078588635392,False
20264724,B001,BROU,0.2961336283360956,B001,BROU,0.2877804310539944,False
20264725,B001,BROU,0.3012128339343234,B001,BROU,0.30404881328478156,False
20264726,B001,BROU,0.3017203035100235,B001,BROU,0.3466932252382656,False
20264727,B001,BROU,0.3014258129015869,B001,BROU,0.2766746475575695,False
20264728,B001,BROU,0.34014049270005137,B001,BROU,0.3688504513350416,False
20264729,B001,BROU,0.3161124736261432,B001,BROU,0.3590129486700744,False
20264730,B001,BROU,0.3194070489151125,B001,BROU,0.3001794015683512,False
20264731,B001,BROU,0.27813910655852675,B001,BROU,0.2958472865158386,False
20264732,B001,BROU,0.32095245719111826,B001,BROU,0.302074601645339,False
20264733,B001,BROU,0.3107364801933127,B001,BROU,0.3321729537725382,False
20264734,B001,BROU,0.3283442943262828,B001,BROU,0.3142566365864705,False
20264735,B001,BROU,0.27697664176874826,B001,BROU,0.2891962560116284,False
20264736,B001,BROU,0.3075965352863769,B001,BROU,0.3222558624056233,False
20264737,B001,BROU,0.3081506384213753,B001,BROU,0.1926780000781859,False
20264738,B001,BROU,0.2965325133791745,B001,BROU,0.3041833403016487,False
20264739,B001,BROU,0.2826858759094919,B001,BROU,0.29316275387624235,False
20264740,B001,BROU,0.3342509021674623,B001,BROU,0.2986310796863498,False
20264741,B001,BROU,0.3313783926559175,B001,BROU,0.3103649003045882,False
20264742,B001,BROU,0.288121943366614,B001,BROU,0.3264899792876557,False
20264743,B001,BROU,0.31065181946642845,B001,BROU,0.3309570369486601,False
20264744,B001,BROU,0.2918729022609217,B001,BROU,0.33419868897095584,False
20264745,B001,BROU,0.31209163956896235,B001,BROU,0.34975526109619853,False
20264746,B001,BROU,0.28826796376438574,B001,BROU,0.3121077389816872,False
20264747,B001,BROU,0.3113221317092751,B001,BROU,0.3347753674224392,False
20264748,B001,BROU,0.3131262071314032,B001,BROU,0.2756568250801739,False
20264749,B001,BROU,0.28603595040646285,B001,BROU,0.2984325979444992,False
20264750,B001,BROU,0.29247275015686236,B001,BROU,0.2596996868596891,False
20264751,B001,BROU,0.3066828658455339,B001,BROU,0.289779131885671,False
20264752,B001,BROU,0.29157459532682306,B001,BROU,0.32007557300767675,False
20264753,B001,BROU,0.2836657466120783,B001,BROU,0.2668624729481295,False
20264754,B001,BROU,0.3280780408664486,B001,BROU,0.2666985080558971,False
20264755,B001,BROU,0.3169894922428974,B001,BROU,0.3052545777336207,False
20264756,B001,BROU,0.3335459295433559,B001,BROU,0.3106012750322278,False
20264757,B001,BROU,0.3055164569929819,B001,BROU,0.29875035728253435,False
20264758,B001,BROU,0.29407927226504593,B001,BROU,0.3118490134148381,False
20264759,B001,BROU,0.30931440626162443,B001,BROU,0.34142817010607307,False
20264760,B001,BROU,0.29818348227325103,B001,BROU,0.28833233975297784,False
20264761,B001,BROU,0.3427956303095828,B001,BROU,0.3414392178274833,False
20264762,B001,BROU,0.3188001412554938,B001,BROU,0.33604601129335643,False
20264763,B001,BROU,0.29261320438865185,B001,BROU,0.31232466736733794,False
20264764,B001,BROU,0.3118254113088636,B001,BROU,0.30860602954310123,False
20264765,B001,BROU,0.2768414680143865,B001,BROU,0.30154028020658263,False
20264766,B001,BROU,0.30025939519725064,B001,BROU,0.2742786031967555,False
20264767,B001,BROU,0.3191984294656075,B001,BROU,0.3345201351987458,False
20264768,B001,BROU,0.29921896695180017,B001,BROU,0.28428280653988447,False
20264769,B001,BROU,0.3222008104845299,B001,BROU,0.3375906729785817,False
20264770,B001,BROU,0.2869800220693672,B001,BROU,0.29272260944577616,False
20264771,B001,BROU,0.30793133838698034,B001,BROU,0.323407196206512,False
20264772,B001,BROU,0.2891879306620467,B001,BROU,0.34106270502036384,False
20264773,B001,BROU,0.3078037664100517,B001,BROU,0.3266594858435507,False
20264774,B001,BROU,0.2725750568154218,B001,BROU,0.29897622522883044,False
20264775,B001,BROU,0.29791813780968524,B001,BROU,0.31143780112309355,False
20264776,B001,BROU,0.3142788029728025,B001,BROU,0.31847900033434706,False
20264777,B001,BROU,0.3118568794656903,B001,BROU,0.31263673498459166,False
20264778,B001,BROU,0.2759152957376269,B001,BROU,0.28033108000440204,False
20264779,B001,BROU,0.2981249045111092,B001,BROU,0.2966705474005856,False
20264780,B001,BROU,0.2923524458914748,B001,BROU,0.29481106601623447,False
20264781,B001,BROU,0.3331094377876061,B001,BROU,0.3326641332851883,False
20264782,B001,BROU,0.2884961586961481,B001,BROU,0.2745751835705605,False
20264783,B001,BROU,0.30815909746856723,B001,BROU,0.333152068954179,False
20264784,B001,BROU,0.29599109484528696,B001,BROU,0.2992953348240305,False
20264785,B001,BROU,0.3057653269329221,B001,BROU,0.2819352373064427,False
20264786,B001,BROU,0.32729181920340256,B001,BROU,0.3258793188050472,False
20264787,B001,BROU,0.29419720860945564,B001,BROU,0.28147044059910425,False
20264788,B001,BROU,0.2770092181084516,B001,BROU,0.31451306615348656,False
20264789,B001,BROU,0.30431292900339435,B001,BROU,0.2938976319593512,False
20264790,B001,BROU,0.25442655677686565,B001,BROU,0.23459028669883422,False
20264791,B001,BROU,0.2913153628405569,B001,BROU,0.3132135544145565,False
20264792,B001,BROU,0.3066682510179204,B001,BROU,0.29598538686336734,False
20264793,B001,BROU,0.30016741400247154,B001,BROU,0.35998145001272236,False
20264794,B001,BROU,0.2883046029772462,B001,BROU,0.29915420608133925,False
20264795,B001,BROU,0.2881445976131594,B001,BROU,0.3097244882041709,False
20264796,B001,BROU,0.30696605162975055,B001,BROU,0.32039633875946305,False
20264797,B001,BROU,0.29104964474898176,B001,BROU,0.2906111270792919,False
20264798,B001,BROU,0.30537673856729797,B001,BROU,0.3150907520727031,False
20264799,B001,BROU,0.29736394866409044,B001,BROU,0.31517057370594875,False
20264800,B001,BROU,0.2990123138304797,B001,BROU,0.24045652165494621,False
20264801,B001,BROU,0.32083898797136035,B001,BROU,0.3289962483183909,False
20264802,B001,BROU,0.302580245237539,B001,BROU,0.30021020575673774,False
20264803,B001,BROU,0.2889039817253619,B001,BROU,0.2595730190264491,False
20264804,B001,BROU,0.29044823292570293,B001,BROU,0.30324324310799927,False
20264805,B001,BROU,0.2917020431614237,B001,BROU,0.28822571428117966,False
20264806,B001,BROU,0.3084342817717507,B001,BROU,0.3066795326306011,False
20264807,B001,BROU,0.2995203186377232,B001,BROU,0.3094143485090001,False
20264808,B001,BROU,0.31253539473191516,B001,BROU,0.26945613300303456,False
20264809,B001,BROU,0.296007673902166,B001,BROU,0.2891896477836625,False
20264810,B001,BROU,0.3086031561825274,B001,BROU,0.2970295965089861,False
20264811,B001,BROU,0.29037105552571796,B001,BROU,0.33402669737606683,False
20264812,B001,BROU,0.3339841978572885,B001,BROU,0.312619262562152,False
20264813,B001,BROU,0.29468214452286,B001,BROU,0.2784110585888263,False
20264814,B001,BROU,0.28424463637531977,B001,BROU,0.29617160691632205,False
20264815,B001,BROU,0.29841517879039314,B001,BROU,0.28581752575298236,False
20264816,B001,BROU,0.29538204526486334,B001,BROU,0.28811149651174056,False
20264817,B001,BROU,0.2936908360067247,B001,BROU,0.3031333314263668,False
20264818,B001,BROU,0.3122856669535905,B001,BROU,0.3147465131592457,False
20264819,B001,BROU,0.2909635071779514,B001,BROU,0.30500350032905393,False
20264820,B001,BROU,0.3016082975348275,B001,BROU,0.30003661893825245,False
20264821,B001,BROU,0.3170792483578318,B001,BROU,0.2979998968999527,False
20264822,B001,BROU,0.2955289023087864,B001,BROU,0.31842837052282047,False
20264823,B001,BROU,0.297474509587961,B001,BROU,0.2589832992188014,False
20264824,B001,BROU,0.30376451321318576,B001,BROU,0.3155396421801663,False
20264825,B001,BROU,0.2990001695958404,B001,BROU,0.3036993856572607,False
20264826,B001,BROU,0.3045781648720461,B001,BROU,0.30039619966039144,False
20264827,B001,BROU,0.2965885593172331,B001,BROU,0.2789159406120128,False
20264828,B001,BROU,0.2749564141360271,B001,BROU,0.2689456179051064,False
20264829,B001,BROU,0.33904994870224603,B001,BROU,0.35081409359692967,False
20264830,B001,BROU,0.29575902829145007,B001,BROU,0.2957124859829831,False
20264831,B001,BROU,0.3066598606208202,B001,BROU,0.281074357195546,False
20264832,B001,BROU,0.30090679586539776,B001,BROU,0.31474830282098576,False
20264833,B001,BROU,0.28016479143052087,B001,BROU,0.25065466686786086,False
20264834,B001,BROU,0.2992597424065286,B001,BROU,0.30646099280288297,False
20264835,B001,BROU,0.2928892635176519,B001,BROU,0.3253149634540018,False
20264836,B001,BROU,0.28682698017085345,B001,BROU,0.28703770787307803,False
20264837,B001,BROU,0.30538994343480474,B001,BROU,0.30455015058613877,False
20264838,B001,BROU,0.2953690057114886,B001,BROU,0.3249859335631568,False
20264839,B001,BROU,0.2986308765343515,B001,BROU,0.28399892766552515,False
20264840,B001,BROU,0.30920391144105025,B001,BROU,0.2946639425088229,False
20264841,B001,BROU,0.28840776073173324,B001,BROU,0.27370650318466005,False
20264842,B001,BROU,0.31623566583280255,B001,BROU,0.31058353150173673,False
20264843,B001,BROU,0.3082333500465498,B001,BROU,0.33460355718402585,False
20264844,B001,BROU,0.30345258912300893,B001,BROU,0.2902750080375039,False
20264845,B001,BROU,0.3090185215741009,B001,BROU,0.3036748455916613,False
20264846,B001,BROU,0.28081258534511033,B001,BROU,0.27253555110980476,False
20264847,B001,BROU,0.2917970983515248,B001,BROU,0.33058478955171283,False
20264848,B001,BROU,0.3107585727652206,B001,BROU,0.3617745073458082,False
20264849,B001,BROU,0.31804094863056503,B001,BROU,0.3047607536833193,False
20264850,B001,BROU,0.3262808405987182,B001,BROU,0.3213078502689055,False
20264851,B001,BROU,0.29297395587540737,B001,BROU,0.30356359274480604,False
20264852,B001,BROU,0.2863938908895166,B001,BROU,0.26370993088717753,False
20264853,B001,BROU,0.2918026931212176,B001,BROU,0.29846251803360524,False
20264854,B001,BROU,0.2958278995012713,B001,BROU,0.3229299694804316,False
20264855,B001,BROU,0.30059614164642867,B001,BROU,0.27424435306993183,False
20264856,B001,BROU,0.2935169226400107,B001,BROU,0.2980631773642509,False
20264857,B001,BROU,0.2867964397914568,B001,BROU,0.2875558341096565,False
20264858,B001,BROU,0.30676358510198287,B001,BROU,0.27281370352936024,False
20264859,B001,BROU,0.3394438619279896,B001,BROU,0.33120782901967033,False
20264860,B001,BROU,0.29844293429946966,B001,BROU,0.3264349001832832,False
20264861,B001,BROU,0.3263329099506685,B001,BROU,0.28509033754875773,False
20264862,B001,BROU,0.2883860176104443,B001,BROU,0.3001082147362366,False
20264863,B001,BROU,0.29277507758015653,B001,BROU,0.29634679327155156,False
20264864,B001,BROU,0.3320370518591218,B001,BROU,0.3150007632415712,False
20264865,B001,BROU,0.3009078849389128,B001,BROU,0.3018766199591492,False
20264866,B001,BROU,0.33758997628741777,B001,BROU,0.352787471293996,False
20264867,B001,BROU,0.27501730130091884,B001,BROU,0.3502741197671679,False
20264868,B001,BROU,0.29721335938938476,B001,BROU,0.2819414456108335,False
20264869,B001,BROU,0.2750220854640887,B001,BROU,0.29483285584488894,False
20264870,B001,BROU,0.32475718576227797,B001,BROU,0.3176887153791615,False
20264871,B001,BROU,0.3264573690200041,B001,BROU,0.30233051384863036,False
20264872,B001,BROU,0.3137913474313454,B001,BROU,0.30950389723744476,False
20264873,B001,BROU,0.3080145511289187,B001,BROU,0.24680948452543794,False
20264874,B001,BROU,0.28622519478301106,B001,BROU,0.3119720736853466,False
20264875,B001,BROU,0.27691575991841133,B001,BROU,0.27747409472704754,False
20264876,B001,BROU,0.29403379260803136,B001,BROU,0.3186661823921952,False
20264877,B001,BROU,0.3088558825093113,B001,BROU,0.30421100974063847,False
20264878,B001,BROU,0.2866386416837092,B001,BROU,0.29253950656,False
20264879,B001,BROU,0.31027726799413735,B001,BROU,0.31514467545562697,False
20264880,B001,BROU,0.3475227260191888,B001,BROU,0.370547353879124,False
20264881,B001,BROU,0.2900526606455122,B001,BROU,0.3312433625999822,False
20264882,B001,BROU,0.33257231444894475,B001,BROU,0.3530419284768122,False
20264883,B001,BROU,0.30422634157392503,B001,BROU,0.3166834947010841,False
20264884,B001,BROU,0.31341500997534627,B001,BROU,0.3149699897939487,False
20264885,B001,BROU,0.3209310940235247,B001,BROU,0.3179398593966017,False
20264886,B001,BROU,0.32024805337326945,B001,BROU,0.3234690089506169,False
20264887,B001,BROU,0.3083700188975959,B001,BROU,0.31946756689376493,False
20264888,B001,BROU,0.2906560228945305,B001,BROU,0.3145995180809037,False
20264889,B001,BROU,0.3201736629073339,B001,BROU,0.3134088781185588,False
20264890,B001,BROU,0.29791426950299094,B001,BROU,0.32772549807759394,False
20264891,B001,BROU,0.2927289374807481,B001,BROU,0.3126750091074417,False
20264892,B001,BROU,0.2930785830373599,B001,BROU,0.28234394582254607,False
20264893,B001,BROU,0.3032366864920751,B001,BROU,0.2876408497452906,False
20264894,B001,BROU,0.32987744193464075,B001,BROU,0.3468642639992398,False
20264895,B001,BROU,0.2986817916387877,B001,BROU,0.3360342284278314,False
20264896,B001,BROU,0.2831986402738801,B001,BROU,0.30579740493046265,False
20264897,B001,BROU,0.3249120922309824,B001,BROU,0.30963264213250197,False
20264898,B001,BROU,0.3033331283730059,B001,BROU,0.30761644453120374,False
20264899,B001,BROU,0.31098233161705374,B001,BROU,0.3253069252200762,False
20264900,B001,BROU,0.26395251358705163,B001,BROU,0.2673624364888471,False
20264901,B001,BROU,0.3211379243784801,B001,BROU,0.28501342120136564,False
20264902,B001,BROU,0.28858006966312816,B001,BROU,0.3036417909564341,False
20264903,B001,BROU,0.294118443604938,B001,BROU,0.2633720582825137,False
20264904,B001,BROU,0.2824575977269835,B001,BROU,0.2903005554478877,False
20264905,B001,BROU,0.32860232264114597,B001,BROU,0.3193427608411823,False
20264906,B001,BROU,0.3028838917379276,B001,BROU,0.3096651159933813,False
20264907,B001,BROU,0.30497997984557934,B001,BROU,0.3236929465962416,False
20264908,B001,BROU,0.2771604408492084,B001,BROU,0.2799587171475603,False
20264909,B001,BROU,0.27686403204130966,B001,BROU,0.27152905853108333,False
20264910,B001,BROU,0.296003784622302,B001,BROU,0.28617470336509937,False
20264911,B001,BROU,0.3404297228403504,B001,BROU,0.3452345908695054,False
20264912,B001,BROU,0.3043762403305482,B001,BROU,0.2959959303086573,False
20264913,B001,BROU,0.3328383339359859,B001,BROU,0.32235907348069937,False
20264914,B001,BROU,0.32129420385813656,B001,BROU,0.3056042266257146,False
20264915,B001,BROU,0.278730643283068,B001,BROU,0.30267889547316307,False
20264916,B001,BROU,0.30092978341995597,B001,BROU,0.3092302276993763,False
20264917,B001,BROU,0.30942509377582883,B001,BROU,0.27734595459585754,False
20264918,B001,BROU,0.2825647998545805,B001,BROU,0.2908450302413717,False
20264919,B001,BROU,0.33179103484283606,B001,BROU,0.2956705134763835,False
20264920,B001,BROU,0.32544100409275944,B001,BROU,0.3850623217929527,False
20264921,B001,BROU,0.3005682286580797,B001,BROU,0.3133780679371936,False
20264922,B001,BROU,0.30499494968745444,B001,BROU,0.2745090751116876,False
20264923,B001,BROU,0.30107363007695553,B001,BROU,0.320211254372534,False
20264924,B001,BROU,0.29635814793521026,B001,BROU,0.26944817828181833,False
20264925,B001,BROU,0.2812715208045891,B001,BROU,0.2843340368646098,False
20264926,B001,BROU,0.3015407966954099,B001,BROU,0.3012498278539547,False
20264927,B001,BROU,0.3164999565458899,B001,BROU,0.34915176364930467,False
20264928,B001,BROU,0.33345512176329406,B001,BROU,0.31380775272623235,False
20264929,B001,BROU,0.29814473220002813,B001,BROU,0.2966435442882652,False
20264930,B001,BROU,0.2858253699311529,B001,BROU,0.2760574678997803,False
20264931,B001,BROU,0.2856854655647848,B001,BROU,0.3577970446883138,False
20264932,B001,BROU,0.3372410967060076,B001,BROU,0.3545738840612874,False
20264933,B001,BROU,0.2989890287883826,B001,BROU,0.2849636178729841,False
20264934,B001,BROU,0.29656595396287416,B001,BROU,0.30061643076687306,False
20264935,B001,BROU,0.27812985252632755,B001,BROU,0.29547625672408967,False
20264936,B001,BROU,0.2879195821270996,B001,BROU,0.27695679798863015,False
20264937,B001,BROU,0.30232623489645744,B001,BROU,0.3295618616198124,False
20264938,B001,BROU,0.29672604060477986,B001,BROU,0.2770893377700155,False
20264939,B001,BROU,0.3157092618775668,B001,BROU,0.3191343868733642,False
20264940,B001,BROU,0.29794696038776164,B001,BROU,0.26496768144797905,False
20264941,B001,BROU,0.3162981321720318,B001,BROU,0.3238549144624795,False
20264942,B001,BROU,0.30427101924748945,B001,BROU,0.29946373626032946,False
20264943,B001,BROU,0.28015084246990296,B001,BROU,0.2712127777217931,False
20264944,B001,BROU,0.30680397199649334,B001,BROU,0.2846104089005359,False
20264945,B001,BROU,0.3216537398448844,B001,BROU,0.3221707122732806,False
20264946,B001,BROU,0.2967985978429324,B001,BROU,0.2828821154275652,False
20264947,B001,BROU,0.2958690163009689,B001,BROU,0.31000273692861235,False
20264948,B001,BROU,0.2906531999112511,B001,BROU,0.309138636541727,False
20264949,B001,BROU,0.3029745259387647,B001,BROU,0.32290105631043914,False
20264950,B001,BROU,0.3161197615877647,B001,BROU,0.3104502487856062,False
20264951,B001,BROU,0.2821646910742517,B001,BROU,0.3184163810300344,False
20264952,B001,BROU,0.29101063844400016,B001,BROU,0.28970192578323045,False
20264953,B001,BROU,0.3078116514110035,B001,BROU,0.294821624557931,False
20264954,B001,BROU,0.3023849873616636,B001,BROU,0.2447985728921767,False
20264955,B001,BROU,0.29492590036926747,B001,BROU,0.29618713083323694,False
20264956,B001,BROU,0.31033458099246597,B001,BROU,0.28671638473025657,False
20264957,B001,BROU,0.2921711668439815,B001,BROU,0.2869730284322714,False
20264958,B001,BROU,0.27264282061354467,B001,BROU,0.2748068566787294,False
20264959,B001,BROU,0.2887625810506247,B001,BROU,0.31404272883649237,False
20264960,B001,BROU,0.29027047851934307,B001,BROU,0.26454001832275376,False
20264961,B001,BROU,0.2991768664097572,B001,BROU,0.31249007068785095,False
20264962,B001,BROU,0.3310216561594216,B001,BROU,0.3224603911173085,False
20264963,B001,BROU,0.2908282473642128,B001,BROU,0.3184584815130906,False
20264964,B001,BROU,0.3210282184604929,B001,BROU,0.29731954159500185,False
20264965,B001,BROU,0.2954894148151652,B001,BROU,0.2958278184419998,False
20264966,B001,BROU,0.30355654335819615,B001,BROU,0.2746085628391557,False
20264967,B001,BROU,0.31750535721880757,B001,BROU,0.3077551684848635,False
20264968,B001,BROU,0.3118203250533163,B001,BROU,0.32274686123435925,False
20264969,B001,BROU,0.3188702253835109,B001,BROU,0.32377551838997465,False
20264970,B001,BROU,0.30794561660457676,B001,BROU,0.302751370847569,False
20264971,B001,BROU,0.2938460383562088,B001,BROU,0.30879324504083294,False
20264972,B001,BROU,0.31119550829076104,B001,BROU,0.2779641820921198,False
20264973,B001,BROU,0.3116806196173998,B001,BROU,0.29568810951839436,False
20264974,B001,BROU,0.29301978121325967,B001,BROU,0.31451745687163496,False
20264975,B001,BROU,0.3022715170511663,B001,BROU,0.3385704512530663,False
20264976,B001,BROU,0.2815698721582506,B001,BROU,0.28392430891246534,False
20264977,B001,BROU,0.27760457631510604,B001,BROU,0.29669014907617736,False
20264978,B001,BROU,0.31047757591431685,B001,BROU,0.3013572512686736,False
20264979,B001,BROU,0.28567154711015386,B001,BROU,0.2778873438655397,False
20264980,B001,BROU,0.28444859729928873,B001,BROU,0.2122899351942287,False
20264981,B001,BROU,0.3071945258833719,B001,BROU,0.2571294050547155,False
20264982,B001,BROU,0.3337548143222546,B001,BROU,0.26180737115355673,False
20264983,B001,BROU,0.2901761969311057,B001,BROU,0.23442572269397774,False
20264984,B001,BROU,0.2955353436454238,B001,BROU,0.3084724876352407,False
20264985,B001,BROU,0.2847156203365737,B001,BROU,0.2917926711075716,False
20264986,B001,BROU,0.318390121192063,B001,BROU,0.3410586805751788,False
20264987,B001,BROU,0.28006268426539366,B001,BROU,0.29351938291969504,False
20264988,B001,BROU,0.3255044813499386,B001,BROU,0.3057269070901732,False
20264989,B001,BROU,0.31914874197449744,B001,BROU,0.3153940485392505,False
20264990,B001,BROU,0.2922412604853373,B001,BROU,0.2823673350808623,False
20264991,B001,BROU,0.2725192372418922,B001,BROU,0.2731906079536659,False
20264992,B001,BROU,0.33480082995898375,B001,BROU,0.3440928507106233,False
20264993,B001,BROU,0.2933286660808441,B001,BROU,0.2816157511689018,False
20264994,B001,BROU,0.32404512158491927,B001,BROU,0.29449234217872144,False
20264995,B001,BROU,0.3047161663201349,B001,BROU,0.3203037456905025,False
20264996,B001,BROU,0.2971922999363992,B001,BROU,0.26937197142997327,False
20264997,B001,BROU,0.31762809335950704,B001,BROU,0.3359499614218543,False
20264998,B001,BROU,0.31137648410744423,B001,BROU,0.3309697263899695,False
20264999,B001,BROU,0.31584754797148734,B001,BROU,0.3142484060534099,False
20265000,B001,BROU,0.31661992459702454,B001,BROU,0.30432500097691406,False
20265001,B001,BROU,0.2926631427720542,B001,BROU,0.2816940485938441,False
20265002,B001,BROU,0.31855307756237616,B001,BROU,0.32403171399278874,False
20265003,B001,BROU,0.2873141027710753,B001,BROU,0.3193559146471291,False
20265004,B001,BROU,0.29464825363525887,B001,BROU,0.3071209673226038,False
20265005,B001,BROU,0.3382780234921082,B001,BROU,0.33354385594577446,False
20265006,B001,BROU,0.316075117893748,B001,BROU,0.3003782843853156,False
20265007,B001,BROU,0.2988174477215554,B001,BROU,0.26638725750041614,False
20265008,B001,BROU,0.2828706721094079,B001,BROU,0.3226529337091489,False
20265009,B001,BROU,0.3013147648124953,B001,BROU,0.30833045431807665,False
20265010,B001,BROU,0.3133922403765264,B001,BROU,0.23445518024755901,False
20265011,B001,BROU,0.3013504814270401,B001,BROU,0.29812582122944564,False
20265012,B001,BROU,0.3167341307312328,B001,BROU,0.24378233720121806,False
20265013,B001,BROU,0.30580160195132694,B001,BROU,0.3293569065085862,False
20265014,B001,BROU,0.2953477795121822,B001,BROU,0.28046266191911934,False
20265015,B001,BROU,0.3185159645482957,B001,BROU,0.31881259943629847,False
20265016,B001,BROU,0.3163202241680664,B001,BROU,0.19949990911046703,False
20265017,B001,BROU,0.2959732378652712,B001,BROU,0.29229526643174397,False
20265018,B001,BROU,0.30245786634936345,B001,BROU,0.3086644235360202,False
20265019,B001,BROU,0.29402293405170216,B001,BROU,0.2874743711759159,False
20265020,B001,BROU,0.3455555678459912,B001,BROU,0.3220853260101384,False
20265021,B001,BROU,0.29577527542917104,B001,BROU,0.29536340089707125,False
20265022,B001,BROU,0.2951103188508516,B001,BROU,0.2988568055810667,False
20265023,B001,BROU,0.30431649954670137,B001,BROU,0.3065458013404863,False
20265024,B001,BROU,0.33536895744571876,B001,BROU,0.2752178707350675,False
20265025,B001,BROU,0.3000113017296122,B001,BROU,0.2862933757995482,False
20265026,B001,BROU,0.29729331571684525,B001,BROU,0.35487245161378334,False
20265027,B001,BROU,0.324422563000066,B001,BROU,0.31576676180074875,False
20265028,B001,BROU,0.2765956276164998,B001,BROU,0.2841683791119233,False
20265029,B001,BROU,0.28310658037346886,B001,BROU,0.2930667551083862,False
20265030,B001,BROU,0.2894249109390268,B001,BROU,0.28898353768605706,False
20265031,B001,BROU,0.30395212510074476,B001,BROU,0.3737933988254337,False
20265032,B001,BROU,0.2929149914829067,B001,BROU,0.33532466520338866,False
20265033,B001,BROU,0.2909018736950937,B001,BROU,0.3520114271578134,False
20265034,B001,BROU,0.288520384801748,B001,BROU,0.2971672202935589,False
20265035,B001,BROU,0.2991957835868335,B001,BROU,0.2903211782820005,False
20265036,B001,BROU,0.3477308297088721,B001,BROU,0.33436190530122895,False
20265037,B001,BROU,0.29127910374725424,B001,BROU,0.32348679915409206,False
20265038,B001,BROU,0.3332911544917583,B001,BROU,0.3088193050759511,False
20265039,B001,BROU,0.3364513590730981,B001,BROU,0.3397434041598917,False
20265040,B001,BROU,0.30597372577718873,B001,BROU,0.288152997056764,False
20265041,B001,BROU,0.2856339114065916,B001,BROU,0.24239443183508133,False
20265042,B001,BROU,0.30455292561957614,B001,BROU,0.3230518982325763,False
20265043,B001,BROU,0.2959151217846113,B001,BROU,0.3372699409504454,False
20265044,B001,BROU,0.3132596670249904,B001,BROU,0.2926925216678941,False
20265045,B001,BROU,0.34875948678023816,B001,BROU,0.33868941710165307,False
20265046,B001,BROU,0.3004426920478584,B001,BROU,0.29454281964719514,False
20265047,B001,BROU,0.28095445231178623,B001,BROU,0.28746814705359786,False
20265048,B001,BROU,0.30724151035062963,B001,BROU,0.25825143391669814,False
20265049,B001,BROU,0.31126853371346436,B001,BROU,0.2926250919162664,False
20265050,B001,BROU,0.3140747327244688,B001,BROU,0.3088181797651091,False
20265051,B001,BROU,0.2840784753590373,B001,BROU,0.2700277359755466,False
20265052,B001,BROU,0.3121120289361518,B001,BROU,0.3351394057389101,False
20265053,B001,BROU,0.3053611328537535,B001,BROU,0.3424026026384217,False
20265054,B001,BROU,0.29587157859718083,B001,BROU,0.28875842303866683,False
20265055,B001,BROU,0.3103869662096194,B001,BROU,0.281626270585121,False
20265056,B001,BROU,0.28838832329308184,B001,BROU,0.30961269862194657,False
20265057,B001,BROU,0.30139127634415863,B001,BROU,0.30031155769911766,False
20265058,B001,BROU,0.2880510384191626,B001,BROU,0.29962400846661114,False
20265059,B001,BROU,0.2889692270550289,B001,BROU,0.28233360622156517,False
20265060,B001,BROU,0.33374468878733726,B001,BROU,0.3226549184830405,False
20265061,B001,BROU,0.2970777667151628,B001,BROU,0.2826978964254403,False
20265062,B001,BROU,0.30505590038951236,B001,BROU,0.29183970283101435,False
20265063,B001,BROU,0.3133862635995142,B001,BROU,0.334461190473855,False
20265064,B001,BROU,0.30546471428765953,B001,BROU,0.2534004828954753,False
20265065,B001,BROU,0.3071653795126514,B001,BROU,0.2781413816788242,False
20265066,B001,BROU,0.3052272330014646,B001,BROU,0.3226150548959257,False
20265067,B001,BROU,0.3082828939772701,B001,BROU,0.329042845331346,False
20265068,B001,BROU,0.26502747668708776,B001,BROU,0.27025905243409587,False
20265069,B001,BROU,0.2995252206103259,B001,BROU,0.3123101109103432,False
20265070,B001,BROU,0.31548715839249464,B001,BROU,0.30604965643160126,False
20265071,B001,BROU,0.3038246582333606,B001,BROU,0.2796273509185072,False
20265072,B001,BROU,0.30742733815583556,B001,BROU,0.3376795661182345,False
20265073,B001,BROU,0.2725616118088001,B001,BROU,0.2771122406267047,False
20265074,B001,BROU,0.2971238762968617,B001,BROU,0.3062741484635476,False
20265075,B001,BROU,0.3142151375122215,B001,BROU,0.3268210399262957,False
20265076,B001,BROU,0.30015115301979195,B001,BROU,0.27252664070481714,False
20265077,B001,BROU,0.3105200415723904,B001,BROU,0.32489217568082873,False
20265078,B001,BROU,0.32847456440977735,B001,BROU,0.3262432612855136,False
20265079,B001,BROU,0.294494739474417,B001,BROU,0.28066109916458465,False
20265080,B001,BROU,0.30686800052621016,B001,BROU,0.2818661796877801,False
20265081,B001,BROU,0.31756489606926375,B001,BROU,0.33817425029901316,False
20265082,B001,BROU,0.3188061753961963,B001,BROU,0.24366955679375318,False
20265083,B001,BROU,0.30254412197511055,B001,BROU,0.31550641511071337,False
20265084,B001,BROU,0.2920606179743184,B001,BROU,0.26830577161810437,False
20265085,B001,BROU,0.2779224027091911,B001,BROU,0.2958997458275339,False
20265086,B001,BROU,0.2791061798375656,B001,BROU,0.3023258003149698,False
20265087,B001,BROU,0.2823067305968482,B001,BROU,0.2745901017951055,False
20265088,B001,BROU,0.2748402362917633,B001,BROU,0.29700032799947784,False
20265089,B001,BROU,0.31759560788069197,B001,BROU,0.3281203974657861,False
20265090,B001,BROU,0.3005215133203988,B001,BROU,0.2686321958885001,False
20265091,B001,BROU,0.2959233420144282,B001,BROU,0.2506790440510043,False
20265092,B001,BROU,0.30540885268565865,B001,BROU,0.32560752431923207,False
20265093,B001,BROU,0.2959044734729761,B001,BROU,0.30466398667330374,False
20265094,B001,BROU,0.2641327997748894,B001,BROU,0.28258589977456994,False
20265095,B001,BROU,0.28542460764375693,B001,BROU,0.2958411462450852,False
20265096,B001,BROU,0.31161024452195535,B001,BROU,0.3033070583090503,False
20265097,B001,BROU,0.2832108249892464,B001,BROU,0.3005967267216167,False
20265098,B001,BROU,0.31584938514445127,B001,BROU,0.29065635930979505,False
20265099,B001,BROU,0.31206198593768625,B001,BROU,0.3167827944940804,False
20265100,B001,BROU,0.27573752099028054,B001,BROU,0.2840451663713693,False
20265101,B001,BROU,0.3114243517170464,B001,BROU,0.3086751884068367,False
20265102,B001,BROU,0.299249289944674,B001,BROU,0.2786511522445474,False
20265103,B001,BROU,0.298994431698094,B001,BROU,0.3010198656651021,False
20265104,B001,BROU,0.3165983492924242,B001,BROU,0.31530289168423126,False
20265105,B001,BROU,0.32959935654809225,B001,BROU,0.3325734438345293,False
20265106,B001,BROU,0.29886405090820506,B001,BROU,0.3036591509128187,False
20265107,B001,BROU,0.30402359766878256,B001,BROU,0.29459300906758445,False
20265108,B001,BROU,0.3339964167536465,B001,BROU,0.3127564412618547,False
20265109,B001,BROU,0.3015986033260959,B001,BROU,0.33423548619381827,False
20265110,B001,BROU,0.33779652195956156,B001,BROU,0.3046848926926396,False
20265111,B001,BROU,0.2866021056130328,B001,BROU,0.29224649999209806,False
20265112,B001,BROU,0.29010401977887057,B001,BROU,0.3140839018105527,False
20265113,B001,BROU,0.2997872826457304,B001,BROU,0.30857759449912414,False
20265114,B001,BROU,0.2968437824087104,B001,BROU,0.3192665038665901,False
20265115,B001,BROU,0.31074329017018887,B001,BROU,0.28973452861269905,False
20265116,B001,BROU,0.30610818415766455,B001,BROU,0.3229213297536738,False
20265117,B001,BROU,0.30008373682198597,B001,BROU,0.2722033530777544,False
20265118,B001,BROU,0.29469595689030226,B001,BROU,0.2779200432371323,False
20265119,B001,BROU,0.29495865836626267,B001,BROU,0.2983244269478238,False
20265120,B001,BROU,0.30908781876062563,B001,BROU,0.3254740165223186,False
20265121,B001,BROU,0.2993530048610141,B001,BROU,0.30326261687996636,False
20265122,B001,BROU,0.28878878456901025,B001,BROU,0.2994617132702072,False
20265123,B001,BROU,0.2883820334031274,B001,BROU,0.2825087615237584,False
20265124,B001,BROU,0.33545805242879484,B001,BROU,0.28589032048408874,False
20265125,B001,BROU,0.29926559668568065,B001,BROU,0.2498091756214023,False
20265126,B001,BROU,0.29968147865566175,B001,BROU,0.192041512157267,False
20265127,B001,BROU,0.31336849472959655,B001,BROU,0.31121303603693806,False
20265128,B001,BROU,0.280103886282839,B001,BROU,0.28261017442237457,False
20265129,B001,BROU,0.28124713299204124,B001,BROU,0.2964790002223713,False
20265130,B001,BROU,0.26061033362267605,B001,BROU,0.27506974167721837,False
20265131,B001,BROU,0.30783631116576626,B001,BROU,0.2934452165140989,False
20265132,B001,BROU,0.3162005937388666,B001,BROU,0.3277461568573002,False
20265133,B001,BROU,0.3236265203923231,B001,BROU,0.3248532330097705,False
20265134,B001,BROU,0.30441097867538947,B001,BROU,0.34858845900053825,False
20265135,B001,BROU,0.3080529222126671,B001,BROU,0.330922081539776,False
20265136,B001,BROU,0.2930732152327065,B001,BROU,0.29298689017961926,False
20265137,B001,BROU,0.3197958706455703,B001,BROU,0.3261627331919965,False
20265138,B001,BROU,0.3123984167198247,B001,BROU,0.2904892262502737,False
20265139,B001,BROU,0.2832300636545284,B001,BROU,0.2817515326457996,False
20265140,B001,BROU,0.2917255027862418,B001,BROU,0.2844699234891988,False
20265141,B001,BROU,0.2813213186268948,B001,BROU,0.2835195274358121,False
20265142,B001,BROU,0.30851171701606517,B001,BROU,0.3052383025811926,False
20265143,B001,BROU,0.3012422946595772,B001,BROU,0.30001585067966996,False
20265144,B001,BROU,0.305506966053594,B001,BROU,0.30699945194581346,False
20265145,B001,BROU,0.3194163241308914,B001,BROU,0.35991149556144303,False
20265146,B001,BROU,0.3031145512845841,B001,BROU,0.30638868882161246,False
20265147,B001,BROU,0.29630219260088086,B001,BROU,0.3037502392256698,False
20265148,B001,BROU,0.3056695132494204,B001,BROU,0.3192062130060828,False
20265149,B001,BROU,0.2845434809545181,B001,BROU,0.2921634537348836,False
20265150,B001,BROU,0.30437576513285386,B001,BROU,0.30847268324511273,False
20265151,B001,BROU,0.29220499936693367,B001,BROU,0.32941879835446064,False
20265152,B001,BROU,0.2660001526212371,B001,BROU,0.17623434692487644,False
20265153,B001,BROU,0.29708235435566716,B001,BROU,0.2935004057185669,False
20265154,B001,BROU,0.31122801950053114,B001,BROU,0.28907288245361956,False
20265155,B001,BROU,0.2924094769649354,B001,BROU,0.33544447351788054,False
20265156,B001,BROU,0.2863251140400627,B001,BROU,0.3081572134926988,False
20265157,B001,BROU,0.3043929779013473,B001,BROU,0.29146522193639696,False
20265158,B001,BROU,0.3203164103108036,B001,BROU,0.3254277083282151,False
20265159,B001,BROU,0.290974259152044,B001,BROU,0.3110416548652992,False
20265160,B001,BROU,0.28867235440670136,B001,BROU,0.3116122459405839,False
20265161,B001,BROU,0.31685871374210317,B001,BROU,0.2744644555541611,False
20265162,B001,BROU,0.30077823303351453,B001,BROU,0.24332946406574762,False
20265163,B001,BROU,0.32716087577779274,B001,BROU,0.21234638535235092,False
20265164,B001,BROU,0.2997096658469852,B001,BROU,0.28647236271718873,False
20265165,B001,BROU,0.3013912822657784,B001,BROU,0.31069158821394977,False
20265166,B001,BROU,0.3094209289918342,B001,BROU,0.20556713441379382,False
20265167,B001,BROU,0.3067432941387472,B001,BROU,0.3211921564477225,False
20265168,B001,BROU,0.3241319151277531,B001,BROU,0.34432125068758485,False
20265169,B001,BROU,0.305850243760854,B001,BROU,0.37055220714898196,False
20265170,B001,BROU,0.2990648841374006,B001,BROU,0.28987520782747844,False
20265171,B001,BROU,0.28285433671213833,B001,BROU,0.3106226004602158,False
20265172,B001,BROU,0.3110978256212918,B001,BROU,0.3222156718638016,False
20265173,B001,BROU,0.3185547740190061,B001,BROU,0.298205141499876,False
20265174,B001,BROU,0.2933120393507128,B001,BROU,0.3208078852841219,False
20265175,B001,BROU,0.27736163104028605,B001,BROU,0.2723914064050881,False
20265176,B001,BROU,0.29774336212765967,B001,BROU,0.3102850213835683,False
20265177,B001,BROU,0.32398276017276584,B001,BROU,0.2640764399932305,False
20265178,B001,BROU,0.29062734944461727,B001,BROU,0.3276422301895701,False
20265179,B001,BROU,0.300517511006343,B001,BROU,0.3290622802558083,False
20265180,B001,BROU,0.303994485655419,B001,BROU,0.3217419494558804,False
20265181,B001,BROU,0.3049262443549464,B001,BROU,0.3232046510583841,False
20265182,B001,BROU,0.3030009621909429,B001,BROU,0.22403796795813546,False
20265183,B001,BROU,0.29805708632765177,B001,BROU,0.2798070247695952,False
20265184,B001,BROU,0.2928064172435284,B001,BROU,0.2744095600670328,False
20265185,B001,BROU,0.28989446959125564,B001,BROU,0.26359296839774493,False
20265186,B001,BROU,0.2950910726799122,B001,BROU,0.26885471171864783,False
20265187,B001,BROU,0.2940837020143519,B001,BROU,0.3222245610783737,False
20265188,B001,BROU,0.2909768508133911,B001,BROU,0.2957178184470152,False
20265189,B001,BROU,0.3092083253056589,B001,BROU,0.26668495367425454,False
20265190,B001,BROU,0.2968685627133644,B001,BROU,0.2884257520901518,False
20265191,B001,BROU,0.3192763608221655,B001,BROU,0.32494826826386647,False
20265192,B001,BROU,0.3335066509712701,B001,BROU,0.32148367184838744,False
20265193,B001,BROU,0.3150056895416039,B001,BROU,0.3440170806780148,False
20265194,B001,BROU,0.2937990185723511,B001,BROU,0.3009301368995126,False
20265195,B001,BROU,0.3047257310252492,B001,BROU,0.2969183538681453,False
20265196,B001,BROU,0.30766399273266715,B001,BROU,0.294901617736932,False
20265197,B001,BROU,0.270377067523571,B001,BROU,0.284110715091605,False
20265198,B001,BROU,0.28290856950065907,B001,BROU,0.3068597430522875,False
20265199,B001,BROU,0.3215885719393943,B001,BROU,0.3119341006454871,False
20265200,B001,BROU,0.32365779499501135,B001,BROU,0.32065315426328145,False
20265201,B001,BROU,0.29934558531480177,B001,BROU,0.27986699030428963,False
20265202,B001,BROU,0.32427911839481116,B001,BROU,0.3192734463150222,False
20265203,B001,BROU,0.28641382770748636,B001,BROU,0.29259064232012655,False
20265204,B001,BROU,0.2892169395721419,B001,BROU,0.2636601932667739,False
20265205,B001,BROU,0.3080208929552158,B001,BROU,0.3023675045344077,False
20265206,B001,BROU,0.2985866211925558,B001,BROU,0.3139066799256458,False
20265207,B001,BROU,0.2924677689154966,B001,BROU,0.2675430800251712,False
20265208,B001,BROU,0.29880913571944323,B001,BROU,0.2939884513972165,False
20265209,B001,BROU,0.3026692583680633,B001,BROU,0.2714967468351821,False
20265210,B001,BROU,0.3242542402854344,B001,BROU,0.3218965929221889,False
20265211,B001,BROU,0.29397462222716664,B001,BROU,0.27040302679539574,False
20265212,B001,BROU,0.30629110742713817,B001,BROU,0.29455255158141175,False
20265213,B001,BROU,0.3019450124827746,B001,BROU,0.3078083340422099,False
20265214,B001,BROU,0.298843550608934,B001,BROU,0.2528372181438182,False
20265215,B001,BROU,0.2987251240038131,B006,Itaú Uruguay,0.1986052464643096,True
20265216,B001,BROU,0.3252291255600553,B001,BROU,0.27656916116134544,False
20265217,B001,BROU,0.28760817795704496,B001,BROU,0.34579590021307616,False
20265218,B001,BROU,0.3144297958739293,B001,BROU,0.29149648155104524,False
20265219,B001,BROU,0.3145507803977372,B001,BROU,0.3260592729766498,False
20265220,B001,BROU,0.298029040600206,B001,BROU,0.28529496858993814,False
20265221,B001,BROU,0.2951875843491037,B001,BROU,0.3142752712982961,False
20265222,B001,BROU,0.2695698557062238,B001,BROU,0.2922709856305672,False
20265223,B001,BROU,0.29561137855589686,B001,BROU,0.2950185238433093,False
20265224,B001,BROU,0.3270627091358741,B001,BROU,0.30716092781015086,False
20265225,B001,BROU,0.2808266000500973,B001,BROU,0.28846817141150316,False
20265226,B001,BROU,0.2940321083180749,B001,BROU,0.3208447538460954,False
20265227,B001,BROU,0.28788469283879264,B001,BROU,0.3407309978203591,False
20265228,B001,BROU,0.32066161248290304,B007,Santander Uruguay,0.21676318731410762,True
20265229,B001,BROU,0.3137099960798504,B001,BROU,0.33012759689757104,False
20265230,B001,BROU,0.29868517450608273,B001,BROU,0.31906025704323127,False
20265231,B001,BROU,0.2878556139186617,B001,BROU,0.29346211642473985,False
20265232,B001,BROU,0.2681337863284951,B001,BROU,0.2806606480372938,False
20265233,B001,BROU,0.2786861545629691,B001,BROU,0.2885335331597833,False
20265234,B001,BROU,0.3099012454062678,B001,BROU,0.3001272108595114,False
20265235,B001,BROU,0.3067963785582889,B001,BROU,0.37756156411884906,False
20265236,B001,BROU,0.28853186903193145,B001,BROU,0.3063206119209018,False
20265237,B001,BROU,0.319368378136088,B001,BROU,0.3134767261287491,False
20265238,B001,BROU,0.30099854786602,B001,BROU,0.2794097919982192,False
20265239,B001,BROU,0.315324343311219,B001,BROU,0.2548826070435625,False
20265240,B001,BROU,0.30500897092514684,B001,BROU,0.28007883407303596,False
20265241,B001,BROU,0.2990579117522906,B001,BROU,0.29388514437871494,False
20265242,B001,BROU,0.29297457202183214,B001,BROU,0.40701226452916306,False
20265243,B001,BROU,0.3089819325630425,B001,BROU,0.309091915812699,False
20265244,B001,BROU,0.2943082095132794,B001,BROU,0.2834529693872949,False
20265245,B001,BROU,0.3147867922081761,B001,BROU,0.32343377542142604,False
20265246,B001,BROU,0.2901042328933531,B001,BROU,0.31413969635985256,False
20265247,B001,BROU,0.29280453779510723,B001,BROU,0.3028634708218787,False
20265248,B001,BROU,0.2780144005182096,B001,BROU,0.2552784474742686,False
20265249,B001,BROU,0.3239382257704472,B001,BROU,0.3235708916950015,False
20265250,B001,BROU,0.296294289274395,B001,BROU,0.2993380325255868,False
20265251,B001,BROU,0.31605507110090664,B001,BROU,0.3036597165599533,False
20265252,B001,BROU,0.3038757351743556,B001,BROU,0.29247047329276554,False
20265253,B001,BROU,0.30000558837788993,B001,BROU,0.25581327542660404,False
20265254,B001,BROU,0.31828453202160595,B001,BROU,0.31695695715598027,False
20265255,B001,BROU,0.29696406920018154,B001,BROU,0.30835147735774604,False
20265256,B001,BROU,0.2972098477912059,B001,BROU,0.3551063062061672,False
20265257,B001,BROU,0.27629754571027065,B001,BROU,0.28666498189441775,False
20265258,B001,BROU,0.29696834402193917,B001,BROU,0.29437991856052276,False
20265259,B001,BROU,0.2947999408118613,B001,BROU,0.2997817003092239,False
20265260,B001,BROU,0.3020172071834244,B001,BROU,0.28395944155596115,False
20265261,B001,BROU,0.28127337645365375,B001,BROU,0.28035881169301335,False
20265262,B001,BROU,0.3079108717324226,B001,BROU,0.2974563969857975,False
20265263,B001,BROU,0.29198742454659726,B001,BROU,0.3153770183811648,False
20265264,B001,BROU,0.3077913625576483,B001,BROU,0.20080398662457782,False
20265265,B001,BROU,0.3137358330724941,B001,BROU,0.3587543542048755,False
20265266,B001,BROU,0.34278785455854294,B001,BROU,0.32570491496076115,False
20265267,B001,BROU,0.28898580497855,B001,BROU,0.30327450413404944,False
20265268,B001,BROU,0.30153484171017114,B001,BROU,0.285285486615888,False
20265269,B001,BROU,0.3072587310404711,B001,BROU,0.32535498579360406,False
20265270,B001,BROU,0.30818919650223375,B001,BROU,0.3258329465288602,False
20265271,B001,BROU,0.2867955623517763,B001,BROU,0.25605452854304567,False
20265272,B001,BROU,0.3113246889332968,B001,BROU,0.36831109007303675,False
20265273,B001,BROU,0.30808922642310715,B001,BROU,0.29104029241520946,False
20265274,B001,BROU,0.2954144804705683,B001,BROU,0.28834021044353897,False
20265275,B001,BROU,0.2918229735252524,B001,BROU,0.3100942302714473,False
20265276,B001,BROU,0.30910259822463043,B001,BROU,0.3719138535956249,False
20265277,B001,BROU,0.3291674059409655,B001,BROU,0.307915573194968,False
20265278,B001,BROU,0.3352789437534477,B001,BROU,0.3265856418421253,False
20265279,B001,BROU,0.297467823892852,B001,BROU,0.2903436688583474,False
20265280,B001,BROU,0.29370452140762804,B001,BROU,0.2622963753638164,False
20265281,B001,BROU,0.30688935398669603,B001,BROU,0.3140932212688035,False
20265282,B001,BROU,0.27583628658600357,B001,BROU,0.28826552107293557,False
20265283,B001,BROU,0.2971186535779511,B001,BROU,0.32026843962508694,False
20265284,B001,BROU,0.29008778572540217,B001,BROU,0.3115064670571945,False
20265285,B001,BROU,0.31568231259970125,B007,Santander Uruguay,0.23572526709757444,True
20265286,B001,BROU,0.28110572896564023,B001,BROU,0.2722123378479189,False
20265287,B001,BROU,0.3042820062749153,B001,BROU,0.30682329859106505,False
20265288,B001,BROU,0.2948394647717426,B001,BROU,0.26870669198267,False
20265289,B001,BROU,0.2810574437826787,B001,BROU,0.27557321372841664,False
20265290,B001,BROU,0.2844200830340609,B001,BROU,0.27782548906762816,False
20265291,B001,BROU,0.29969764242345803,B001,BROU,0.27605544254123504,False
20265292,B001,BROU,0.33072523228210154,B001,BROU,0.32931399808262524,False
20265293,B001,BROU,0.3073359885676382,B001,BROU,0.3041063467383949,False
20265294,B001,BROU,0.3142623808632887,B001,BROU,0.3385268240545188,False
20265295,B001,BROU,0.29486319074142375,B001,BROU,0.34378118902569044,False
20265296,B001,BROU,0.3184415209785288,B001,BROU,0.3101619084057134,False
20265297,B001,BROU,0.2940387342645085,B001,BROU,0.3028895235781861,False
20265298,B001,BROU,0.32451167292886485,B001,BROU,0.3764016459414641,False
20265299,B001,BROU,0.29555371768361005,B001,BROU,0.3111893138650048,False
20265300,B001,BROU,0.3057433478443798,B001,BROU,0.29296890205052706,False
20265301,B001,BROU,0.3063639882056069,B001,BROU,0.23891257453267825,False
20265302,B001,BROU,0.27256453447254386,B001,BROU,0.2629351496352929,False
20265303,B001,BROU,0.29872310819196757,B001,BROU,0.263718962357651,False
20265304,B001,BROU,0.3287233519801938,B001,BROU,0.3280906297748476,False
20265305,B001,BROU,0.2965945242871875,B001,BROU,0.27271767440912387,False
20265306,B001,BROU,0.33503695280877266,B001,BROU,0.3385401560212176,False
20265307,B001,BROU,0.3124631381083154,B001,BROU,0.29908896471775065,False
20265308,B001,BROU,0.30162978667407037,B001,BROU,0.2840692356438901,False
20265309,B001,BROU,0.2990850181120147,B001,BROU,0.30785867666562516,False
20265310,B001,BROU,0.2856799164666175,B001,BROU,0.2699167184518369,False
20265311,B001,BROU,0.2791951827336616,B001,BROU,0.3098256390830931,False
20265312,B001,BROU,0.3134452278772149,B001,BROU,0.33185562253247025,False
20265313,B001,BROU,0.30674359291439174,B001,BROU,0.37426701777777854,False
20265314,B001,BROU,0.30985158998527523,B001,BROU,0.31264036444910004,False
20265315,B001,BROU,0.28227340010883745,B001,BROU,0.2715352297742314,False
20265316,B001,BROU,0.3044672559899835,B001,BROU,0.32534965518399817,False
20265317,B001,BROU,0.28385863700775305,B001,BROU,0.2834012983674327,False
20265318,B001,BROU,0.30062785888687815,B001,BROU,0.30512498132795535,False
20265319,B001,BROU,0.3073705722908315,B001,BROU,0.33648709341733657,False
20265320,B001,BROU,0.30172587574125553,B001,BROU,0.32515610869433265,False
20265321,B001,BROU,0.3013696471247326,B001,BROU,0.30188971025969585,False
20265322,B001,BROU,0.3052348405178548,B001,BROU,0.35848363353647517,False
20265323,B001,BROU,0.30843549873512194,B001,BROU,0.3170447541650071,False
20265324,B001,BROU,0.29967150072986226,B001,BROU,0.2760013856000572,False
20265325,B001,BROU,0.2848822737854175,B001,BROU,0.3131046542158865,False
20265326,B001,BROU,0.32153346686196643,B001,BROU,0.3035676818723151,False
20265327,B001,BROU,0.3015024725311308,B001,BROU,0.30269183909170494,False
20265328,B001,BROU,0.3108984661576175,B001,BROU,0.30728441062265527,False
20265329,B001,BROU,0.31035626625563567,B001,BROU,0.3004739306107427,False
20265330,B001,BROU,0.2972771780049493,B001,BROU,0.3253579029507015,False
20265331,B001,BROU,0.3066145078730848,B001,BROU,0.3385898235057864,False
20265332,B001,BROU,0.27894927081113097,B001,BROU,0.27958581769911744,False
20265333,B001,BROU,0.29148318826440733,B001,BROU,0.2778399773828268,False
20265334,B001,BROU,0.3068126534223046,B001,BROU,0.30341936893803256,False
20265335,B001,BROU,0.30489629728645,B001,BROU,0.3191112427652543,False
20265336,B001,BROU,0.30463167329220625,B001,BROU,0.30952161028465364,False
20265337,B001,BROU,0.29266389008039945,B001,BROU,0.28942030726345536,False
20265338,B001,BROU,0.306155759728888,B001,BROU,0.33976834105795545,False
20265339,B001,BROU,0.27281143451696166,B001,BROU,0.30021400385094765,False
20265340,B001,BROU,0.29806584655887813,B001,BROU,0.26156853976403843,False
20265341,B001,BROU,0.3256918281649618,B001,BROU,0.3337115661278732,False
20265342,B001,BROU,0.2947206096510924,B001,BROU,0.2538966551452907,False
20265343,B001,BROU,0.3253478133333369,B001,BROU,0.2962336796178694,False
20265344,B001,BROU,0.27843066907871333,B001,BROU,0.3104688502973037,False
20265345,B001,BROU,0.29786120999451443,B001,BROU,0.30838372005637565,False
20265346,B001,BROU,0.31773348422084313,B001,BROU,0.22287768021204507,False
20265347,B001,BROU,0.30137143395898985,B001,BROU,0.29621638142706486,False
20265348,B001,BROU,0.3003690270207951,B001,BROU,0.2563103014320739,False
20265349,B001,BROU,0.28220056322945064,B001,BROU,0.2809775370675324,False
20265350,B001,BROU,0.2938018469385485,B001,BROU,0.32479893774604773,False
20265351,B001,BROU,0.31477059319691914,B001,BROU,0.34446656706924234,False
20265352,B001,BROU,0.31539098371335283,B001,BROU,0.3484983045347916,False
20265353,B001,BROU,0.3010284280913483,B001,BROU,0.29149530389232287,False
20265354,B001,BROU,0.2918774756547678,B001,BROU,0.2935251132711588,False
20265355,B001,BROU,0.2754406301157866,B001,BROU,0.3776051619295175,False
20265356,B001,BROU,0.30815289408939367,B001,BROU,0.1992800499347203,False
20265357,B001,BROU,0.30761554682826003,B001,BROU,0.3119235738043486,False
20265358,B001,BROU,0.3107825312118966,B001,BROU,0.3197503645175242,False
20265359,B001,BROU,0.335002868035123,B001,BROU,0.3167142420012524,False
20265360,B001,BROU,0.2940460203179014,B001,BROU,0.28159149627018254,False
20265361,B001,BROU,0.2842633221247356,B001,BROU,0.2723091751105508,False
20265362,B001,BROU,0.3030393722161616,B001,BROU,0.236031701882839,False
20265363,B001,BROU,0.30174807887681876,B001,BROU,0.27267345358854606,False
20265364,B001,BROU,0.33241707826256583,B001,BROU,0.290834461277726,False
20265365,B001,BROU,0.28570344175187856,B001,BROU,0.2535816047407356,False
20265366,B001,BROU,0.3044206857188541,B001,BROU,0.3794523941261782,False
20265367,B001,BROU,0.28318045462447694,B001,BROU,0.2901451812978576,False
20265368,B001,BROU,0.29329254653936027,B001,BROU,0.263488389009522,False
20265369,B001,BROU,0.2921762020026309,B001,BROU,0.29687623616703895,False
20265370,B001,BROU,0.3045839036844881,B001,BROU,0.21613185687279504,False
20265371,B001,BROU,0.2989914087889483,B001,BROU,0.3276250110396935,False
20265372,B001,BROU,0.2839744356479729,B001,BROU,0.27664982680167943,False
20265373,B001,BROU,0.3226770546945469,B001,BROU,0.33341603954494886,False
20265374,B001,BROU,0.29876681797322563,B001,BROU,0.27360941088342977,False
20265375,B001,BROU,0.30449815422043014,B001,BROU,0.31211788773910953,False
20265376,B001,BROU,0.3205716843508755,B001,BROU,0.31248715149967465,False
20265377,B001,BROU,0.3064847479276293,B001,BROU,0.28843072625282784,False
20265378,B001,BROU,0.29329838152561477,B001,BROU,0.3031759692662519,False
20265379,B001,BROU,0.26926961407118705,B001,BROU,0.3072634575192064,False
20265380,B001,BROU,0.2921603047588799,B001,BROU,0.2973976350995061,False
20265381,B001,BROU,0.3116648647858661,B001,BROU,0.2987959636805418,False
20265382,B001,BROU,0.31287436286921677,B001,BROU,0.30663105368981797,False
20265383,B001,BROU,0.30910376740464224,B001,BROU,0.32543230612399915,False
20265384,B001,BROU,0.285430961855924,B001,BROU,0.299986362439915,False
20265385,B001,BROU,0.31212093757184833,B001,BROU,0.3559421658716434,False
20265386,B001,BROU,0.32258357689996126,B001,BROU,0.31427266832980566,False
20265387,B001,BROU,0.32399466283949035,B001,BROU,0.31242327784089396,False
20265388,B001,BROU,0.277183688010577,B001,BROU,0.3486641627629329,False
20265389,B001,BROU,0.339240590445104,B001,BROU,0.31006109374209,False
20265390,B001,BROU,0.28334531528250995,B001,BROU,0.28207649005096064,False
20265391,B001,BROU,0.3183690724637829,B001,BROU,0.3018069312856029,False
20265392,B001,BROU,0.29024057198937164,B001,BROU,0.3271953507273064,False
20265393,B001,BROU,0.28195380533042635,B001,BROU,0.2954898560813893,False
20265394,B001,BROU,0.2973356083194178,B001,BROU,0.3449674131940178,False
20265395,B001,BROU,0.3139196792887062,B001,BROU,0.29924622990164995,False
20265396,B001,BROU,0.32057214022687647,B001,BROU,0.28949928289773225,False
20265397,B001,BROU,0.29733859791139383,B001,BROU,0.3534168526053211,False
20265398,B001,BROU,0.28456823319725844,B001,BROU,0.27181399840842274,False
20265399,B001,BROU,0.2890018307764761,B001,BROU,0.3013371146884481,False
20265400,B001,BROU,0.30737641901426643,B001,BROU,0.2984870632339238,False
20265401,B001,BROU,0.2899140858502306,B001,BROU,0.30131455588075223,False
20265402,B001,BROU,0.2685079214328041,B001,BROU,0.27092440012310864,False
20265403,B001,BROU,0.2829657401920186,B001,BROU,0.2905101993282846,False
20265404,B001,BROU,0.29604375992757437,B001,BROU,0.30848119678823366,False
20265405,B001,BROU,0.2999444596062628,B001,BROU,0.32081529550142673,False
20265406,B001,BROU,0.29781287118099053,B001,BROU,0.29063914648821965,False
20265407,B001,BROU,0.27700411240594536,B001,BROU,0.2772580040668542,False
20265408,B001,BROU,0.29647197907074824,B001,BROU,0.29820920580417476,False
20265409,B001,BROU,0.2986827770797375,B001,BROU,0.27519067668795655,False
20265410,B001,BROU,0.29076422093328186,B001,BROU,0.3100120622602477,False
20265411,B001,BROU,0.318996854901422,B001,BROU,0.28464384841526347,False
20265412,B001,BROU,0.33955985173037,B001,BROU,0.2987174968748105,False
20265413,B001,BROU,0.28734202041306744,B001,BROU,0.33464067531242436,False
20265414,B001,BROU,0.33301836522137207,B001,BROU,0.32328452029026994,False
20265415,B001,BROU,0.3070189820633503,B001,BROU,0.2734522607351433,False
20265416,B001,BROU,0.28117538129351305,B001,BROU,0.312122904062014,False
20265417,B001,BROU,0.2954637883197999,B001,BROU,0.35704045235959553,False
20265418,B001,BROU,0.2946926440056095,B001,BROU,0.33747789550479135,False
20265419,B001,BROU,0.3035958133883472,B001,BROU,0.2855597179054332,False
20265420,B001,BROU,0.3249989424665256,B001,BROU,0.3255677436655176,False
20265421,B001,BROU,0.28891890355367944,B001,BROU,0.3282384074232631,False
20265422,B001,BROU,0.301159822487598,B001,BROU,0.33435094762731954,False
20265423,B001,BROU,0.29923072416893304,B001,BROU,0.27169391007776345,False
20265424,B001,BROU,0.2748038506295172,B001,BROU,0.2354686531461567,False
20265425,B001,BROU,0.2867773776442808,B001,BROU,0.2957922374029966,False
20265426,B001,BROU,0.32630251703825064,B001,BROU,0.32143888644869884,False
20265427,B001,BROU,0.2682111023816397,B001,BROU,0.2602800473660585,False
20265428,B001,BROU,0.3161573173553281,B001,BROU,0.3122541980476321,False
20265429,B001,BROU,0.321709145605035,B001,BROU,0.32071768878224716,False
20265430,B001,BROU,0.306041005410571,B001,BROU,0.30601010501959386,False
20265431,B001,BROU,0.2947905836513103,B001,BROU,0.31819849444322706,False
20265432,B001,BROU,0.30740596005981974,B001,BROU,0.30004930837321553,False
20265433,B001,BROU,0.3226378460318209,B001,BROU,0.3337073874506446,False
20265434,B001,BROU,0.2846320384492954,B001,BROU,0.281743106466471,False
20265435,B001,BROU,0.2927701221592128,B001,BROU,0.27301595712910603,False
20265436,B001,BROU,0.3355178679049473,B001,BROU,0.3485974819269323,False
20265437,B001,BROU,0.31973567312722945,B001,BROU,0.31743910550846766,False
20265438,B001,BROU,0.30256481737731283,B001,BROU,0.27719495623849905,False
20265439,B001,BROU,0.3121854237033585,B001,BROU,0.29247808930175634,False
20265440,B001,BROU,0.30794047757148646,B001,BROU,0.29423564718214046,False
20265441,B001,BROU,0.2935670673628339,B001,BROU,0.2720691478082316,False
20265442,B001,BROU,0.2990847580255416,B001,BROU,0.3034691099443758,False
20265443,B001,BROU,0.27429195648707316,B001,BROU,0.2776601109922054,False
20265444,B001,BROU,0.29762001814135364,B001,BROU,0.2700430397808722,False
20265445,B001,BROU,0.31486627470442907,B001,BROU,0.32531385784300887,False
20265446,B001,BROU,0.29416094375810636,B001,BROU,0.2904835202438799,False
20265447,B001,BROU,0.2956739526925635,B001,BROU,0.31147274090609955,False
20265448,B001,BROU,0.322186488097592,B001,BROU,0.33183855090929365,False
20265449,B001,BROU,0.29732645337506897,B001,BROU,0.33008190322955894,False
20265450,B001,BROU,0.2911251018727974,B001,BROU,0.31477549462237436,False
20265451,B001,BROU,0.311786899286378,B001,BROU,0.2906012958941216,False
20265452,B001,BROU,0.3014102162945027,B001,BROU,0.27998987057668284,False
20265453,B001,BROU,0.31221659306030664,B001,BROU,0.34933767567927376,False
20265454,B001,BROU,0.31537114108127035,B001,BROU,0.3215187004797227,False
20265455,B001,BROU,0.30399708414524446,B001,BROU,0.23344862792013255,False
20265456,B001,BROU,0.2937584516658045,B001,BROU,0.28409638548349303,False
20265457,B001,BROU,0.3147164252281013,B001,BROU,0.3230494353976107,False
20265458,B001,BROU,0.2980376555308041,B001,BROU,0.301395604218606,False
20265459,B001,BROU,0.3067847304238013,B001,BROU,0.32075468590933004,False
20265460,B001,BROU,0.3059328025590954,B001,BROU,0.2802198773299805,False
20265461,B001,BROU,0.2992163429756763,B001,BROU,0.33163623250554236,False
20265462,B001,BROU,0.31738893669589696,B001,BROU,0.31916688592272535,False
20265463,B001,BROU,0.2874123766044275,B001,BROU,0.2565410604773241,False
20265464,B001,BROU,0.28503573345946687,B001,BROU,0.28694916153715316,False
20265465,B001,BROU,0.2906330787962713,B001,BROU,0.28796057150204474,False
20265466,B001,BROU,0.2765359274100158,B001,BROU,0.27756119215541214,False
20265467,B001,BROU,0.27507959993409403,B001,BROU,0.29123418195673434,False
20265468,B001,BROU,0.3080989514498016,B001,BROU,0.3374809661572037,False
20265469,B001,BROU,0.3109888134654143,B001,BROU,0.3441398118921528,False
20265470,B001,BROU,0.28575604024049545,B001,BROU,0.33117117629793885,False
20265471,B001,BROU,0.3092284959374771,B001,BROU,0.3086129756268182,False
20265472,B001,BROU,0.29546846015454187,B001,BROU,0.31013909171624116,False
20265473,B001,BROU,0.3173514674836926,B001,BROU,0.28951537326444815,False
20265474,B001,BROU,0.2856196430889195,B001,BROU,0.2990136427562856,False
20265475,B001,BROU,0.30170106754420833,B001,BROU,0.31531011739188486,False
20265476,B001,BROU,0.2616245559727512,B001,BROU,0.26052846675819913,False
20265477,B001,BROU,0.30492451699107515,B001,BROU,0.3124264342042494,False
20265478,B001,BROU,0.3085943214170822,B001,BROU,0.32180530783506806,False
20265479,B001,BROU,0.29651628662150054,B001,BROU,0.28852788677367136,False
20265480,B001,BROU,0.2679634582515297,B001,BROU,0.26360434861723775,False
20265481,B001,BROU,0.2917677193765479,B001,BROU,0.28020542851859037,False
20265482,B001,BROU,0.2807474279286993,B001,BROU,0.27606812045790086,False
20265483,B001,BROU,0.3159124442357322,B001,BROU,0.3156420121404085,False
20265484,B001,BROU,0.30194716465188487,B001,BROU,0.29973062047887283,False
20265485,B001,BROU,0.3044148537107438,B001,BROU,0.298731005888125,False
20265486,B001,BROU,0.2868415648798941,B001,BROU,0.31421116423997175,False
20265487,B001,BROU,0.3093938263676344,B001,BROU,0.3380511756919066,False
20265488,B001,BROU,0.3054831503476892,B001,BROU,0.34765028336778,False
20265489,B001,BROU,0.30323160601575117,B001,BROU,0.33967733717649295,False
20265490,B001,BROU,0.28657811742379163,B001,BROU,0.2762364110521506,False
20265491,B001,BROU,0.3054998930165467,B001,BROU,0.29665108955722796,False
20265492,B001,BROU,0.3133102716897067,B001,BROU,0.3229619511135748,False
20265493,B001,BROU,0.26515150530187925,B001,BROU,0.27628121310879133,False
20265494,B001,BROU,0.30258434526147093,B001,BROU,0.30303461289238026,False
20265495,B001,BROU,0.318732567450481,B001,BROU,0.3140258551524982,False
20265496,B001,BROU,0.32915127477861367,B001,BROU,0.35104072706973233,False
20265497,B001,BROU,0.3082413005927954,B001,BROU,0.2551920550203642,False
20265498,B001,BROU,0.3116786844871582,B001,BROU,0.25782645746834487,False
20265499,B001,BROU,0.33483318177106713,B001,BROU,0.4012634642756702,False
20265500,B001,BROU,0.2824462035252443,B001,BROU,0.36257009052731687,False
20265501,B001,BROU,0.3367343526209996,B001,BROU,0.2994980126471681,False
20265502,B001,BROU,0.2871371813990428,B001,BROU,0.22891372996381176,False
20265503,B001,BROU,0.2745747005624371,B001,BROU,0.27602540950271676,False
20265504,B001,BROU,0.3230000269932145,B001,BROU,0.300366521141852,False
20265505,B001,BROU,0.2953731490225678,B001,BROU,0.32107146844491696,False
20265506,B001,BROU,0.30424476176190896,B001,BROU,0.2868974079350855,False
20265507,B001,BROU,0.2833973711191094,B001,BROU,0.29799815138267216,False
20265508,B001,BROU,0.2965437572383016,B001,BROU,0.30299880171529536,False
20265509,B001,BROU,0.29010715631328243,B001,BROU,0.2985428593998007,False
20265510,B001,BROU,0.3167523418343966,B001,BROU,0.32746478797021,False
20265511,B001,BROU,0.295548914155864,B001,BROU,0.31013620519829577,False
20265512,B001,BROU,0.3049391086332864,B001,BROU,0.31785527631624694,False
20265513,B001,BROU,0.278177979111793,B001,BROU,0.3304014138933135,False
20265514,B001,BROU,0.28922166712694297,B007,Santander Uruguay,0.22886651364250782,True
20265515,B001,BROU,0.2718567807215359,B001,BROU,0.2606585166125044,False
20265516,B001,BROU,0.2937703387625288,B001,BROU,0.29601446444252366,False
20265517,B001,BROU,0.3052885378970919,B001,BROU,0.3112378223739666,False
20265518,B001,BROU,0.28141902064474295,B001,BROU,0.26564408850894894,False
20265519,B001,BROU,0.2726664114019358,B001,BROU,0.23815528589014975,False
20265520,B001,BROU,0.2909817769013923,B001,BROU,0.29197188510425076,False
20265521,B001,BROU,0.28516306946402525,B007,Santander Uruguay,0.17443446943926486,True
20265522,B001,BROU,0.30375965029345803,B001,BROU,0.31211429578569344,False
20265523,B001,BROU,0.3396083515172713,B001,BROU,0.35418392514755037,False
20265524,B001,BROU,0.3019758658006999,B001,BROU,0.30319419935532743,False
20265525,B001,BROU,0.29052746044037503,B001,BROU,0.3009011860610729,False
20265526,B001,BROU,0.2851787951060553,B001,BROU,0.31162797114256496,False
20265527,B001,BROU,0.29545496735184446,B001,BROU,0.24188866732737066,False
20265528,B001,BROU,0.3017096064313718,B001,BROU,0.2940913820426746,False
20265529,B001,BROU,0.3219736436084633,B001,BROU,0.3098347902326233,False
20265530,B001,BROU,0.3136857606806468,B001,BROU,0.29456750739555987,False
20265531,B001,BROU,0.28569453090668023,B001,BROU,0.28883220161648043,False
20265532,B001,BROU,0.3120870636918646,B001,BROU,0.266110768630555,False
20265533,B001,BROU,0.33968241354466744,B001,BROU,0.3115567041565887,False
20265534,B001,BROU,0.280101165046977,B001,BROU,0.2901250762311821,False
20265535,B001,BROU,0.30519714144775756,B001,BROU,0.2987934270372405,False
20265536,B001,BROU,0.31235388613805704,B001,BROU,0.28294910740810814,False
20265537,B001,BROU,0.27409770197705824,B001,BROU,0.26337311393152285,False
20265538,B001,BROU,0.31176295688950495,B001,BROU,0.30092258444815845,False
20265539,B001,BROU,0.2824715951498297,B001,BROU,0.31040963116790515,False
20265540,B001,BROU,0.3024451096663605,B001,BROU,0.27437494327263184,False
20265541,B001,BROU,0.32495296389282896,B001,BROU,0.3438157330025344,False
20265542,B001,BROU,0.3120421740390321,B001,BROU,0.3289334358296559,False
20265543,B001,BROU,0.30069059512123986,B001,BROU,0.2562720282679366,False
20265544,B001,BROU,0.3086148826892415,B001,BROU,0.2862728068259377,False
20265545,B001,BROU,0.3428388260906851,B001,BROU,0.3296582768844927,False
20265546,B001,BROU,0.2762726057858156,B001,BROU,0.2890563673658319,False
20265547,B001,BROU,0.28633937176978136,B001,BROU,0.275866505299892,False
20265548,B001,BROU,0.33472673206314785,B001,BROU,0.32560774583274155,False
20265549,B001,BROU,0.30142068264934113,B001,BROU,0.27828595273296947,False
20265550,B001,BROU,0.29019611907336834,B001,BROU,0.2773982592490914,False
20265551,B001,BROU,0.30516375487261577,B001,BROU,0.2796868753604683,False
20265552,B001,BROU,0.30833819070313084,B001,BROU,0.3151755914784983,False
20265553,B001,BROU,0.2861502061427875,B001,BROU,0.29708588505169253,False
20265554,B001,BROU,0.3248318528844498,B001,BROU,0.32142603836396694,False
20265555,B001,BROU,0.3127940579807556,B001,BROU,0.29266639289935653,False
20265556,B001,BROU,0.2997284578188783,B001,BROU,0.22039833624184701,False
20265557,B001,BROU,0.30514146581497903,B001,BROU,0.2968515845532783,False
20265558,B001,BROU,0.3120695446814321,B001,BROU,0.34911233093365096,False
20265559,B001,BROU,0.3066089239824634,B001,BROU,0.28142229305897437,False
20265560,B001,BROU,0.2837069177894541,B001,BROU,0.3452663230947357,False
20265561,B001,BROU,0.2881343728672111,B001,BROU,0.2703007160010597,False
20265562,B001,BROU,0.2996404404094774,B001,BROU,0.2792232319255457,False
20265563,B001,BROU,0.29388134112974884,B001,BROU,0.34679126872206534,False
20265564,B001,BROU,0.2915008668512995,B001,BROU,0.31945144818501464,False
20265565,B001,BROU,0.2916220191725473,B001,BROU,0.2893007652492846,False
20265566,B001,BROU,0.3058119275002661,B001,BROU,0.28336755906048217,False
20265567,B001,BROU,0.296840151531982,B001,BROU,0.2961614445112391,False
20265568,B001,BROU,0.30171284222381717,B001,BROU,0.33948362086870926,False
20265569,B001,BROU,0.32401163912478925,B001,BROU,0.3173592146096931,False
20265570,B001,BROU,0.30917898522891546,B001,BROU,0.3142514794538253,False
20265571,B001,BROU,0.3221925170078327,B001,BROU,0.3453272071792107,False
20265572,B001,BROU,0.3451850771833312,B001,BROU,0.3053442117238924,False
20265573,B001,BROU,0.29489432648720115,B001,BROU,0.29314528152486335,False
20265574,B001,BROU,0.300324129255667,B007,Santander Uruguay,0.2015033354208312,True
20265575,B001,BROU,0.2992050039832323,B001,BROU,0.32682487072772526,False
20265576,B001,BROU,0.2947026377186938,B001,BROU,0.31650960212202267,False
20265577,B001,BROU,0.32471797486896126,B001,BROU,0.3326693712312869,False
20265578,B001,BROU,0.3046466281221457,B001,BROU,0.25850803447691406,False
20265579,B001,BROU,0.28927144002028427,B001,BROU,0.29426404588288835,False
20265580,B001,BROU,0.2884174986845974,B001,BROU,0.281910236871272,False
20265581,B001,BROU,0.3007720630596998,B001,BROU,0.30402418058478753,False
20265582,B001,BROU,0.3054771902206687,B001,BROU,0.27432143637368317,False
20265583,B001,BROU,0.3090660424553493,B001,BROU,0.28466431650738083,False
20265584,B001,BROU,0.3174882753202882,B001,BROU,0.29015546468616743,False
20265585,B001,BROU,0.294570690608868,B001,BROU,0.293310937696775,False
20265586,B001,BROU,0.28890044886298033,B001,BROU,0.3088514540830319,False
20265587,B001,BROU,0.30228634567502116,B001,BROU,0.31901792818820773,False
20265588,B001,BROU,0.3005209166935915,B001,BROU,0.20024090817289944,False
20265589,B001,BROU,0.2989277951106312,B001,BROU,0.26922786312876895,False
20265590,B001,BROU,0.31183813362320245,B001,BROU,0.30900119796729153,False
20265591,B001,BROU,0.3121013702787903,B001,BROU,0.30495081362879073,False
20265592,B001,BROU,0.2995036531934408,B001,BROU,0.3176300973505336,False
20265593,B001,BROU,0.3039770448139395,B001,BROU,0.2692791461206527,False
20265594,B001,BROU,0.3425597100288368,B001,BROU,0.2863472631071294,False
20265595,B001,BROU,0.33638920779715387,B001,BROU,0.35956904386200644,False
20265596,B001,BROU,0.32067159111057864,B001,BROU,0.3318644535277869,False
20265597,B001,BROU,0.34105461604362464,B001,BROU,0.3151432330646845,False
20265598,B001,BROU,0.3315669194900172,B001,BROU,0.32544096804544226,False
20265599,B001,BROU,0.29091035030899026,B001,BROU,0.282564722003274,False
20265600,B001,BROU,0.32180889300248305,B001,BROU,0.3221310772787388,False
20265601,B001,BROU,0.2937355691925001,B001,BROU,0.27402417304196197,False
20265602,B001,BROU,0.2919422792990069,B001,BROU,0.29222480279604823,False
20265603,B001,BROU,0.2889142815164704,B001,BROU,0.29594825932306834,False
20265604,B001,BROU,0.2893420332765073,B001,BROU,0.3485877295315642,False
20265605,B001,BROU,0.2930161726163707,B001,BROU,0.30047042748991554,False
20265606,B001,BROU,0.30336650620994066,B001,BROU,0.20697939265654813,False
20265607,B001,BROU,0.34661003244164473,B001,BROU,0.43112008487127496,False
20265608,B001,BROU,0.3151743611359243,B001,BROU,0.30734756100047705,False
20265609,B001,BROU,0.3252992693672289,B001,BROU,0.34362251226721346,False
20265610,B001,BROU,0.3099549686299042,B001,BROU,0.31534738890076514,False
20265611,B001,BROU,0.3037579395691679,B001,BROU,0.2865236366377712,False
20265612,B001,BROU,0.30285635341428097,B001,BROU,0.32054993170417523,False
20265613,B001,BROU,0.30529973403981137,B001,BROU,0.3443523576876198,False
20265614,B001,BROU,0.3071579129812626,B001,BROU,0.3239588525690532,False
20265615,B001,BROU,0.319193794456586,B001,BROU,0.33595982217742165,False
20265616,B001,BROU,0.3029614621344235,B001,BROU,0.33080168548406685,False
20265617,B001,BROU,0.3021526314095098,B001,BROU,0.3083302671740602,False
20265618,B001,BROU,0.2899864214528789,B001,BROU,0.2800189557541411,False
20265619,B001,BROU,0.3079245581441325,B001,BROU,0.32074223675598695,False
20265620,B001,BROU,0.3115982504423229,B001,BROU,0.29359680324946413,False
20265621,B001,BROU,0.3045287752364179,B001,BROU,0.30975518059396046,False
20265622,B001,BROU,0.31766661331547524,B001,BROU,0.2811746006565799,False
20265623,B001,BROU,0.31533198569172183,B001,BROU,0.30292977713408986,False
20265624,B001,BROU,0.2993662321251527,B001,BROU,0.3119097619493261,False
20265625,B001,BROU,0.2816869230964189,B001,BROU,0.3149983927749596,False
20265626,B001,BROU,0.279719479594173,B001,BROU,0.29621625751654157,False
20265627,B001,BROU,0.2984696224094894,B001,BROU,0.2866776228308438,False
20265628,B001,BROU,0.30425233900142123,B001,BROU,0.3102880972840485,False
20265629,B001,BROU,0.28801807557448533,B001,BROU,0.3041374226258093,False
20265630,B001,BROU,0.30817757250943817,B001,BROU,0.30633606747462444,False
20265631,B001,BROU,0.3005197221242392,B001,BROU,0.2604487432423278,False
20265632,B001,BROU,0.2956405583920093,B001,BROU,0.32930301515680627,False
20265633,B001,BROU,0.2914280170549465,B001,BROU,0.24105143242608643,False
20265634,B001,BROU,0.3032571447390138,B001,BROU,0.30055061001425537,False
20265635,B001,BROU,0.30686503131744963,B001,BROU,0.2773995080409977,False
20265636,B001,BROU,0.2715565399927351,B001,BROU,0.26609234580638674,False
20265637,B001,BROU,0.3014084822765892,B001,BROU,0.30854899970179345,False
20265638,B001,BROU,0.27240011086175014,B001,BROU,0.2764869034507649,False
20265639,B001,BROU,0.31267610058224826,B001,BROU,0.34313095895539947,False
20265640,B001,BROU,0.314777037169382,B001,BROU,0.2896831035107545,False
20265641,B001,BROU,0.3105715587401021,B001,BROU,0.35577505723135844,False
20265642,B001,BROU,0.30755407925405714,B001,BROU,0.3030438305225193,False
20265643,B001,BROU,0.3002066288042089,B001,BROU,0.30891979250615276,False
20265644,B001,BROU,0.2929116630471306,B001,BROU,0.296571153180112,False
20265645,B001,BROU,0.33682592135886613,B001,BROU,0.316322900031589,False
20265646,B001,BROU,0.3193690387454972,B001,BROU,0.29126292364659223,False
20265647,B001,BROU,0.27423390309524237,B001,BROU,0.27714311924474827,False
20265648,B001,BROU,0.31882849905869753,B001,BROU,0.28228845471358877,False
20265649,B001,BROU,0.3039643699067468,B001,BROU,0.32805455212584694,False
20265650,B001,BROU,0.2828282510871546,B001,BROU,0.3021524491141844,False
20265651,B001,BROU,0.29556509059932184,B001,BROU,0.3048953955044252,False
20265652,B001,BROU,0.30238321875562857,B001,BROU,0.2997237776649759,False
20265653,B001,BROU,0.3034324534405688,B001,BROU,0.24087521973309856,False
20265654,B001,BROU,0.30500154408287883,B001,BROU,0.26671600271710916,False
20265655,B001,BROU,0.3327319454332642,B001,BROU,0.33646850293940017,False
20265656,B001,BROU,0.3070490097843066,B001,BROU,0.25147407637676916,False
20265657,B001,BROU,0.29250335614108247,B001,BROU,0.2769269438842879,False
20265658,B001,BROU,0.3005347319384443,B001,BROU,0.2318692241824395,False
20265659,B001,BROU,0.30308686860849116,B001,BROU,0.3083564626596717,False
20265660,B001,BROU,0.3003271386847456,B001,BROU,0.2862517243153067,False
20265661,B001,BROU,0.3029185479048857,B001,BROU,0.2837713396930305,False
20265662,B001,BROU,0.28333794565042203,B001,BROU,0.3022498127108162,False
20265663,B001,BROU,0.29480069724168856,B001,BROU,0.28659989138921577,False
20265664,B001,BROU,0.3391411278314592,B001,BROU,0.24074606004268229,False
20265665,B001,BROU,0.31612111347538585,B001,BROU,0.28559268956843314,False
20265666,B001,BROU,0.30698061966468254,B001,BROU,0.32031983772366107,False
20265667,B001,BROU,0.2861272428405926,B001,BROU,0.2938693469351111,False
20265668,B001,BROU,0.3035006733371928,B001,BROU,0.29647560982612764,False
20265669,B001,BROU,0.2835427080723462,B001,BROU,0.3228708345553987,False
20265670,B001,BROU,0.2852512194500587,B001,BROU,0.3104205083287076,False
20265671,B001,BROU,0.3083842224931015,B001,BROU,0.3057537397613935,False
20265672,B001,BROU,0.2845813347043772,B001,BROU,0.34285478984393186,False
20265673,B001,BROU,0.2877837836404072,B001,BROU,0.3073292242966363,False
20265674,B001,BROU,0.2996715172196909,B001,BROU,0.3017501705436424,False
20265675,B001,BROU,0.31075266800205126,B001,BROU,0.31615734517751926,False
20265676,B001,BROU,0.30833232045340087,B001,BROU,0.3037469014449257,False
20265677,B001,BROU,0.3028911906322138,B001,BROU,0.3085528267775817,False
20265678,B001,BROU,0.2994752709159598,B001,BROU,0.27242942776752843,False
20265679,B001,BROU,0.34372869217981106,B001,BROU,0.30623033253528237,False
20265680,B001,BROU,0.28745216512313365,B001,BROU,0.304867722445663,False
20265681,B001,BROU,0.3206483090433675,B001,BROU,0.22333577061785925,False
20265682,B001,BROU,0.31361827745602533,B001,BROU,0.3560384992243629,False
20265683,B001,BROU,0.2882966672985499,B001,BROU,0.3021181388388507,False
20265684,B001,BROU,0.2902838196767556,B001,BROU,0.257076884185113,False
20265685,B001,BROU,0.2808036216074001,B001,BROU,0.26224527581367246,False
20265686,B001,BROU,0.3170470499322644,B001,BROU,0.3096639252866084,False
20265687,B001,BROU,0.2731626102019971,B001,BROU,0.27936821353135277,False
20265688,B001,BROU,0.2860076462285949,B001,BROU,0.2674878975485965,False
20265689,B001,BROU,0.3064395052337437,B001,BROU,0.289667554898711,False
20265690,B001,BROU,0.3496995105705282,B001,BROU,0.36649945257215677,False
20265691,B001,BROU,0.3093275668926279,B001,BROU,0.3361452106711086,False
20265692,B001,BROU,0.29890044991050546,B001,BROU,0.32096841103728063,False
20265693,B001,BROU,0.31333410371299386,B001,BROU,0.2787155271965772,False
20265694,B001,BROU,0.30001721994043495,B001,BROU,0.27330866086465405,False
20265695,B001,BROU,0.2889683532049912,B001,BROU,0.3209415455698349,False
20265696,B001,BROU,0.3273504696067918,B001,BROU,0.2802730779994642,False
20265697,B001,BROU,0.3284846079970646,B001,BROU,0.3264160345836942,False
20265698,B001,BROU,0.3145234236073117,B001,BROU,0.3185045207859137,False
20265699,B001,BROU,0.3046103751948213,B001,BROU,0.3100100344639391,False
20265700,B001,BROU,0.32022271371413424,B001,BROU,0.3030795183810205,False
20265701,B001,BROU,0.28542403076402445,B001,BROU,0.25666844534207506,False
20265702,B001,BROU,0.28018410778253544,B001,BROU,0.2602937969903389,False
20265703,B001,BROU,0.33192456406717696,B001,BROU,0.29223793647534213,False
20265704,B001,BROU,0.30686203304949217,B001,BROU,0.311184109252472,False
20265705,B001,BROU,0.2842520596282174,B001,BROU,0.28340353208583535,False
20265706,B001,BROU,0.30748901881854607,B001,BROU,0.29676861699028045,False
20265707,B001,BROU,0.31835086644017174,B001,BROU,0.2970086700850276,False
20265708,B001,BROU,0.285048306042944,B001,BROU,0.31880731838986837,False
20265709,B001,BROU,0.3050790951036212,B001,BROU,0.2694530917737105,False
20265710,B001,BROU,0.29764116738984037,B001,BROU,0.30917260124181517,False
20265711,B001,BROU,0.3365781745862247,B001,BROU,0.3285821129616885,False
20265712,B001,BROU,0.3318148536106303,B001,BROU,0.32285553547197043,False
20265713,B001,BROU,0.30743738537270193,B001,BROU,0.2959492080657473,False
20265714,B001,BROU,0.2971706623934551,B001,BROU,0.2879225824248531,False
20265715,B001,BROU,0.3054270132648731,B001,BROU,0.3134939119899817,False
20265716,B001,BROU,0.31483170632604085,B001,BROU,0.32344959588292765,False
20265717,B001,BROU,0.29896526569335535,B001,BROU,0.3030950927756244,False
20265718,B001,BROU,0.30216114066745087,B001,BROU,0.31534180062643036,False
20265719,B001,BROU,0.2907208206226862,B001,BROU,0.1894720119715018,False
20265720,B001,BROU,0.3175332466318434,B001,BROU,0.31785692555725914,False
20265721,B001,BROU,0.31053420686627714,B001,BROU,0.3015904675481756,False
20265722,B001,BROU,0.2809742442536882,B001,BROU,0.27031413659056736,False
20265723,B001,BROU,0.29475307343687746,B001,BROU,0.30921969063215915,False
20265724,B001,BROU,0.29154842947187454,B001,BROU,0.27662711593678224,False
20265725,B001,BROU,0.2937053380299588,B001,BROU,0.30654385786287297,False
20265726,B001,BROU,0.328820528255918,B001,BROU,0.29879929362107865,False
20265727,B001,BROU,0.30555810832207164,B001,BROU,0.2539994178297203,False
20265728,B001,BROU,0.318423825073103,B001,BROU,0.31977866035157754,False
20265729,B001,BROU,0.30493915521278436,B001,BROU,0.28737666295155506,False
20265730,B001,BROU,0.3445399998060505,B001,BROU,0.33545519513217265,False
20265731,B001,BROU,0.2945275013677839,B001,BROU,0.3127515798202867,False
20265732,B001,BROU,0.27901325428947604,B001,BROU,0.29314524712431317,False
20265733,B001,BROU,0.2970974371256117,B001,BROU,0.28519290601936853,False
20265734,B001,BROU,0.30774980857242923,B001,BROU,0.28528581957935034,False
20265735,B001,BROU,0.2990043054280632,B001,BROU,0.29062555808574464,False
20265736,B001,BROU,0.29308927794326617,B001,BROU,0.3091091620392859,False
20265737,B001,BROU,0.3153244979592359,B001,BROU,0.3181106310968305,False
20265738,B001,BROU,0.2900924149886656,B001,BROU,0.29880814122501753,False
20265739,B001,BROU,0.2863096180553917,B001,BROU,0.30381716751557236,False
20265740,B001,BROU,0.3199450059190716,B001,BROU,0.31915724209162966,False
20265741,B001,BROU,0.31119533976606145,B001,BROU,0.30102153323488046,False
20265742,B001,BROU,0.32422533906045314,B001,BROU,0.37484056852535846,False
20265743,B001,BROU,0.3208980890542712,B001,BROU,0.34287224199208793,False
20265744,B001,BROU,0.3156421687905576,B001,BROU,0.30158653633664767,False
20265745,B001,BROU,0.316218545184354,B001,BROU,0.3322003233757779,False
20265746,B001,BROU,0.3036412067987459,B001,BROU,0.2838925961562238,False
20265747,B001,BROU,0.27121152670989973,B001,BROU,0.32396101371462527,False
20265748,B001,BROU,0.30438385172253934,B001,BROU,0.3001941520156422,False
20265749,B001,BROU,0.2894228491884253,B001,BROU,0.22633754301762304,False
20265750,B001,BROU,0.29377512318131643,B001,BROU,0.20905314679820006,False
20265751,B001,BROU,0.31501813367166814,B001,BROU,0.3235651734440174,False
20265752,B001,BROU,0.32476590113609277,B001,BROU,0.25038692513801725,False
20265753,B001,BROU,0.2894799348629563,B001,BROU,0.2777989797898836,False
20265754,B001,BROU,0.2845321848615968,B001,BROU,0.26523013914931376,False
20265755,B001,BROU,0.3075292586654724,B001,BROU,0.2737107402390133,False
20265756,B001,BROU,0.28632952326028865,B001,BROU,0.27145465447563655,False
20265757,B001,BROU,0.28001515319474124,B001,BROU,0.28075431668379447,False
20265758,B001,BROU,0.2856979890983584,B001,BROU,0.28486877957995993,False
20265759,B001,BROU,0.2900479011960202,B001,BROU,0.2532904600579619,False
20265760,B001,BROU,0.30995516113260146,B001,BROU,0.298068735841485,False
20265761,B001,BROU,0.2967515117833687,B001,BROU,0.2903146877066009,False
20265762,B001,BROU,0.3027126564261365,B001,BROU,0.2954052233556492,False
20265763,B001,BROU,0.3161223831834386,B001,BROU,0.3274136000929002,False
20265764,B001,BROU,0.3380890473302002,B001,BROU,0.36872322214079134,False
20265765,B001,BROU,0.29790564029628364,B001,BROU,0.26424568916635105,False
20265766,B001,BROU,0.28517891315722566,B001,BROU,0.32779480252014265,False
20265767,B001,BROU,0.3204637216521522,B001,BROU,0.3232285757686826,False
20265768,B001,BROU,0.3130048820867582,B001,BROU,0.2691167922178968,False
20265769,B001,BROU,0.3000133424271302,B001,BROU,0.2974153385026127,False
20265770,B001,BROU,0.3098769771129046,B001,BROU,0.22843094668251696,False
20265771,B001,BROU,0.281568480179849,B001,BROU,0.3078096634009734,False
20265772,B001,BROU,0.3051812733556456,B001,BROU,0.2852364888249363,False
20265773,B001,BROU,0.3037009557857927,B001,BROU,0.32359921244966827,False
20265774,B001,BROU,0.2909062252593128,B001,BROU,0.32010192881004534,False
20265775,B001,BROU,0.26755446893717116,B001,BROU,0.2582623455909675,False
20265776,B001,BROU,0.2942459427782973,B001,BROU,0.2779166768207609,False
20265777,B001,BROU,0.2942145292030132,B001,BROU,0.31152116537123803,False
20265778,B001,BROU,0.28581478005631744,B001,BROU,0.30226449688620904,False
20265779,B001,BROU,0.3060313488431044,B001,BROU,0.27558263881172884,False
20265780,B001,BROU,0.2928639798821866,B001,BROU,0.3066285092746634,False
20265781,B001,BROU,0.30223363071612097,B001,BROU,0.31884057088904355,False
20265782,B001,BROU,0.3351552382542471,B001,BROU,0.32854547298307457,False
20265783,B001,BROU,0.2938845616740755,B001,BROU,0.3390493888374215,False
20265784,B001,BROU,0.31278017091611243,B001,BROU,0.2678188956491705,False
20265785,B001,BROU,0.2982159850595079,B001,BROU,0.30342025564421143,False
20265786,B001,BROU,0.3069370216183252,B001,BROU,0.30480937969264904,False
20265787,B001,BROU,0.3259259396105249,B001,BROU,0.3025809828654764,False
20265788,B001,BROU,0.2767370237543011,B001,BROU,0.3072577084264659,False
20265789,B001,BROU,0.30755525005800144,B001,BROU,0.300525212686111,False
20265790,B001,BROU,0.2988306327333869,B001,BROU,0.2996463123800129,False
20265791,B001,BROU,0.29603882369771917,B001,BROU,0.3237698569045975,False
20265792,B001,BROU,0.33706699158936826,B001,BROU,0.36277385845478327,False
20265793,B001,BROU,0.30250955175321703,B001,BROU,0.21266826219599605,False
20265794,B001,BROU,0.305553974302282,B001,BROU,0.31298267435835425,False
20265795,B001,BROU,0.2687395738666141,B001,BROU,0.26732921744017596,False
20265796,B001,BROU,0.2866847648809641,B001,BROU,0.294916551773191,False
20265797,B001,BROU,0.3279655835491884,B001,BROU,0.3282659959791593,False
20265798,B001,BROU,0.3182865189531282,B001,BROU,0.3243989387905921,False
20265799,B001,BROU,0.3064418452829068,B001,BROU,0.2860150660075464,False
20265800,B001,BROU,0.31423583170056457,B001,BROU,0.2974080544769746,False
20265801,B001,BROU,0.26165299050023566,B001,BROU,0.29220129106291104,False
20265802,B001,BROU,0.31822681241569717,B001,BROU,0.2864442870845974,False
20265803,B001,BROU,0.3049331566673774,B001,BROU,0.28024923864994467,False
20265804,B001,BROU,0.2946935988697244,B001,BROU,0.31773893697159944,False
20265805,B001,BROU,0.31864631200172544,B001,BROU,0.31360139530866116,False
20265806,B001,BROU,0.3250602477970904,B001,BROU,0.33581896175007436,False
20265807,B001,BROU,0.30202730495292496,B001,BROU,0.25406175861213215,False
20265808,B001,BROU,0.30357287963320534,B001,BROU,0.28240676504253914,False
20265809,B001,BROU,0.27733575701008456,B001,BROU,0.2880283855318419,False
20265810,B001,BROU,0.304429392979334,B001,BROU,0.327296015001606,False
20265811,B001,BROU,0.2986436364759859,B001,BROU,0.34017654488841426,False
20265812,B001,BROU,0.3106504939884504,B001,BROU,0.31217437592601505,False
20265813,B001,BROU,0.2891906465352705,B001,BROU,0.28963449230162247,False
20265814,B001,BROU,0.27852940583552066,B001,BROU,0.2514434630550498,False
20265815,B001,BROU,0.3158230674679425,B001,BROU,0.34706443431266537,False
20265816,B001,BROU,0.2934739683109251,B007,Santander Uruguay,0.2229122135178558,True
20265817,B001,BROU,0.2883157534417335,B001,BROU,0.2840074674455635,False
20265818,B001,BROU,0.30718477646261527,B001,BROU,0.28563540687082045,False
20265819,B001,BROU,0.28337272495730237,B001,BROU,0.2788605789850911,False
20265820,B001,BROU,0.3143119567617386,B001,BROU,0.2932198081162546,False
20265821,B001,BROU,0.2968418538393686,B001,BROU,0.3069358722321903,False
20265822,B001,BROU,0.2903308091828261,B001,BROU,0.32843084329497624,False
20265823,B001,BROU,0.29878689648279255,B001,BROU,0.2845905403740849,False
20265824,B001,BROU,0.31548519849283785,B001,BROU,0.3018547105573154,False
20265825,B001,BROU,0.3042595012098698,B001,BROU,0.32477064136946004,False
20265826,B001,BROU,0.28781741401556976,B001,BROU,0.20012575146488332,False
20265827,B001,BROU,0.3108120779512988,B001,BROU,0.3173762510097507,False
20265828,B001,BROU,0.27745841184860703,B001,BROU,0.29882991829316663,False
20265829,B001,BROU,0.3003668185200983,B001,BROU,0.29874170501924696,False
20265830,B001,BROU,0.2933151731394669,B001,BROU,0.31459543919015415,False
20265831,B001,BROU,0.30309501110810066,B001,BROU,0.32873871653503683,False
20265832,B001,BROU,0.28671240738032977,B001,BROU,0.2923468627066683,False
20265833,B001,BROU,0.3008927526694444,B001,BROU,0.2875467646433807,False
20265834,B001,BROU,0.27385683138379946,B001,BROU,0.3061819056151826,False
20265835,B001,BROU,0.310843232788066,B001,BROU,0.3083987135382777,False
20265836,B001,BROU,0.3070687091131825,B001,BROU,0.33946214616548753,False
20265837,B001,BROU,0.3117760581970226,B001,BROU,0.34741822919130116,False
20265838,B001,BROU,0.32320819456848415,B001,BROU,0.3115224470332689,False
20265839,B001,BROU,0.30637767073803807,B001,BROU,0.29169308934930205,False
20265840,B001,BROU,0.30928376468839075,B001,BROU,0.2675937468684946,False
20265841,B001,BROU,0.28522471098321195,B001,BROU,0.30284551131786575,False
20265842,B001,BROU,0.28869621521667105,B001,BROU,0.299155429680687,False
20265843,B001,BROU,0.2941544295702676,B001,BROU,0.29688032839471795,False
20265844,B001,BROU,0.33039647161577856,B001,BROU,0.31575537775789114,False
20265845,B001,BROU,0.31808200902621064,B001,BROU,0.32693559254195936,False
20265846,B001,BROU,0.30813905974552513,B001,BROU,0.35378663903116375,False
20265847,B001,BROU,0.3116793395614436,B001,BROU,0.4089692312931681,False
20265848,B001,BROU,0.302155062814542,B001,BROU,0.31305020560650637,False
20265849,B001,BROU,0.29317470877921276,B001,BROU,0.29597091213826804,False
20265850,B001,BROU,0.30176153719600535,B001,BROU,0.2855875061257076,False
20265851,B001,BROU,0.29935480640342904,B001,BROU,0.2726593360813536,False
20265852,B001,BROU,0.2890971463058238,B001,BROU,0.32891495305529794,False
20265853,B001,BROU,0.3148179832037686,B001,BROU,0.3355165988294142,False
20265854,B001,BROU,0.32110064564445234,B001,BROU,0.3252131174688914,False
20265855,B001,BROU,0.2904876542347375,B001,BROU,0.2920433386966718,False
20265856,B001,BROU,0.3417362675933841,B001,BROU,0.33531345206391716,False
20265857,B001,BROU,0.3235643234072422,B001,BROU,0.323908469364625,False
20265858,B001,BROU,0.29487183698127295,B001,BROU,0.31788406463646923,False
20265859,B001,BROU,0.30127171657462026,B001,BROU,0.29253317887368524,False
20265860,B001,BROU,0.2970653763498743,B001,BROU,0.28918992720922104,False
20265861,B001,BROU,0.29235133912251143,B001,BROU,0.283500043383471,False
20265862,B001,BROU,0.32439234404526923,B001,BROU,0.3208517138120355,False
20265863,B001,BROU,0.30308015934076726,B001,BROU,0.32920077989549856,False
20265864,B001,BROU,0.3242475823007199,B001,BROU,0.2181472759261238,False
20265865,B001,BROU,0.3138026631948002,B001,BROU,0.28268144397052913,False
20265866,B001,BROU,0.30022323731804756,B001,BROU,0.286616547619698,False
20265867,B001,BROU,0.3042704143465745,B001,BROU,0.24643098756488482,False
20265868,B001,BROU,0.3209667757349271,B001,BROU,0.3080612427312297,False
20265869,B001,BROU,0.28835695339197953,B001,BROU,0.28304010192187684,False
20265870,B001,BROU,0.29035589688231833,B001,BROU,0.27473493071196614,False
20265871,B001,BROU,0.2989070400920947,B001,BROU,0.30525691129922444,False
20265872,B001,BROU,0.29733719543922954,B001,BROU,0.30415948323797914,False
20265873,B001,BROU,0.29821753994486455,B001,BROU,0.29570544760264605,False
20265874,B001,BROU,0.3262623435003039,B001,BROU,0.32745450328932696,False
20265875,B001,BROU,0.32161479749210253,B001,BROU,0.32606307588889316,False
20265876,B001,BROU,0.2974373283368968,B001,BROU,0.30924469341572713,False
20265877,B001,BROU,0.28926511562654833,B001,BROU,0.3095795167310189,False
20265878,B001,BROU,0.31068832018531434,B001,BROU,0.3465916642253642,False
20265879,B001,BROU,0.3087382336760111,B001,BROU,0.31465365139807,False
20265880,B001,BROU,0.29373820856423544,B001,BROU,0.36900627518483264,False
20265881,B001,BROU,0.3094376783006183,B001,BROU,0.2773878732048225,False
20265882,B001,BROU,0.2922864220851056,B001,BROU,0.34299468663471017,False
20265883,B001,BROU,0.3176371765010575,B001,BROU,0.29115073787691526,False
20265884,B001,BROU,0.2883412804263902,B001,BROU,0.2594556675956304,False
20265885,B001,BROU,0.2987644216429325,B001,BROU,0.2781900613786985,False
20265886,B001,BROU,0.36,B001,BROU,0.3374221356584437,False
20265887,B001,BROU,0.3050727191386735,B001,BROU,0.31301921084947726,False
20265888,B001,BROU,0.31762826082696805,B001,BROU,0.3036319719240855,False
20265889,B001,BROU,0.32361755168485173,B001,BROU,0.2918012741977454,False
20265890,B001,BROU,0.3038200438247886,B001,BROU,0.3020027493490002,False
20265891,B001,BROU,0.30305264296079965,B001,BROU,0.27482285093561004,False
20265892,B001,BROU,0.2690401548267283,B001,BROU,0.23368893603540375,False
20265893,B001,BROU,0.29214683020526283,B001,BROU,0.2799035955018274,False
20265894,B001,BROU,0.2961375467246631,B001,BROU,0.24900179642984094,False
20265895,B001,BROU,0.3128477735154798,B001,BROU,0.32107627140253336,False
20265896,B001,BROU,0.3152564231356477,B001,BROU,0.3085574216050021,False
20265897,B001,BROU,0.3137233501025009,B001,BROU,0.31485702458822834,False
20265898,B001,BROU,0.2925324813653289,B001,BROU,0.2864348437356819,False
20265899,B001,BROU,0.28697425664232773,B001,BROU,0.2680784736994802,False
20265900,B001,BROU,0.2809894603398745,B001,BROU,0.28498931583554954,False
20265901,B001,BROU,0.30312471521002676,B001,BROU,0.3223952367443846,False
20265902,B001,BROU,0.3143067933021677,B001,BROU,0.3128733420474249,False
20265903,B001,BROU,0.3160643778052431,B001,BROU,0.3075331019228396,False
20265904,B001,BROU,0.3090704767910625,B001,BROU,0.2918062989701586,False
20265905,B001,BROU,0.3102447886466634,B001,BROU,0.27338922513810604,False
20265906,B001,BROU,0.2946605793276706,B001,BROU,0.30874644638374427,False
20265907,B001,BROU,0.30639712653510015,B001,BROU,0.31219727065782915,False
20265908,B001,BROU,0.3010074099540422,B001,BROU,0.33711614125150635,False
20265909,B001,BROU,0.2906392971082334,B001,BROU,0.3019322887995609,False
20265910,B001,BROU,0.27511582589845046,B001,BROU,0.22825894624405949,False
20265911,B001,BROU,0.28734574962523535,B001,BROU,0.26803892329627993,False
20265912,B001,BROU,0.30718930377851306,B001,BROU,0.261362561408129,False
20265913,B001,BROU,0.2922324882085169,B001,BROU,0.29398370720729883,False
20265914,B001,BROU,0.31458470227325874,B001,BROU,0.2975262923230824,False
20265915,B001,BROU,0.3171538132840832,B001,BROU,0.3233926337896372,False
20265916,B001,BROU,0.3527474086645709,B001,BROU,0.3269477408414431,False
20265917,B001,BROU,0.295711065883201,B001,BROU,0.26733837161359303,False
20265918,B001,BROU,0.2742327550390437,B001,BROU,0.30135813132523126,False
20265919,B001,BROU,0.2808718114176837,B001,BROU,0.29094473939102317,False
20265920,B001,BROU,0.3013375782613166,B001,BROU,0.29600422090422374,False
20265921,B001,BROU,0.31789459398002495,B001,BROU,0.2879759644363072,False
20265922,B001,BROU,0.2881117195784339,B001,BROU,0.31320331875895524,False
20265923,B001,BROU,0.3133341100589673,B001,BROU,0.3099264892202052,False
20265924,B001,BROU,0.3361014971163616,B001,BROU,0.320390453120052,False
20265925,B001,BROU,0.3266911977027274,B001,BROU,0.37840522570567453,False
20265926,B001,BROU,0.3219167623098186,B001,BROU,0.33344894198392133,False
20265927,B001,BROU,0.28801898872148013,B001,BROU,0.3525088799905462,False
20265928,B001,BROU,0.2813994715649032,B001,BROU,0.25379882782599533,False
20265929,B001,BROU,0.33031569512072106,B001,BROU,0.32392278803947505,False
20265930,B001,BROU,0.27519610087060276,B001,BROU,0.294886163703068,False
20265931,B001,BROU,0.30394230487800755,B001,BROU,0.2736024392214906,False
20265932,B001,BROU,0.2877241589555635,B001,BROU,0.2729521829366831,False
20265933,B001,BROU,0.32658973805516134,B001,BROU,0.3047579194867382,False
20265934,B001,BROU,0.2898965161601387,B001,BROU,0.26845431017696514,False
20265935,B001,BROU,0.2814317986415855,B001,BROU,0.2720064069854469,False
20265936,B001,BROU,0.2897884131511148,B001,BROU,0.3073377168350804,False
20265937,B001,BROU,0.2832506592740311,B001,BROU,0.2714443995591673,False
20265938,B001,BROU,0.30918899725675186,B001,BROU,0.30492561018261033,False
20265939,B001,BROU,0.2836519404134629,B001,BROU,0.27132310346712857,False
20265940,B001,BROU,0.31856785790213293,B001,BROU,0.281418047320432,False
20265941,B001,BROU,0.3284523661521124,B001,BROU,0.3222318255443838,False
20265942,B001,BROU,0.3188828175950708,B001,BROU,0.34955352984429505,False
20265943,B001,BROU,0.3027901731347834,B001,BROU,0.2985460379012618,False
20265944,B001,BROU,0.3220563308372897,B001,BROU,0.3077308473131397,False
20265945,B001,BROU,0.31995870790840575,B001,BROU,0.3143550603253192,False
20265946,B001,BROU,0.2900124299888859,B001,BROU,0.33737787712095435,False
20265947,B001,BROU,0.29212217539601254,B001,BROU,0.24616636826285287,False
20265948,B001,BROU,0.3279897666081829,B001,BROU,0.32571553578125223,False
20265949,B001,BROU,0.2932020358438975,B001,BROU,0.31265086959869215,False
20265950,B001,BROU,0.3073978944277348,B001,BROU,0.31345251123689877,False
20265951,B001,BROU,0.31026616629799214,B001,BROU,0.3115445514696648,False
20265952,B001,BROU,0.29921868067813595,B001,BROU,0.28043531046604975,False
20265953,B001,BROU,0.2923579796992491,B001,BROU,0.33428791004749975,False
20265954,B001,BROU,0.30403760092874044,B001,BROU,0.28741556348530795,False
20265955,B001,BROU,0.2956137890460147,B001,BROU,0.27959265502889896,False
20265956,B001,BROU,0.3021478899996396,B001,BROU,0.264525840087251,False
20265957,B001,BROU,0.3244525196715091,B001,BROU,0.3145942297390843,False
20265958,B001,BROU,0.2762648354977091,B001,BROU,0.29181575431064577,False
20265959,B001,BROU,0.3109920353120451,B001,BROU,0.2974414443080963,False
20265960,B001,BROU,0.29790330897971606,B001,BROU,0.3276893151452464,False
20265961,B001,BROU,0.29254951573821875,B001,BROU,0.30617681942935504,False
20265962,B001,BROU,0.294188513042142,B001,BROU,0.25734818834314854,False
20265963,B001,BROU,0.29343964335016115,B001,BROU,0.2801622060384073,False
20265964,B001,BROU,0.3043195238079318,B001,BROU,0.30529884603199053,False
20265965,B001,BROU,0.2996633072152801,B001,BROU,0.28885373820364724,False
20265966,B001,BROU,0.3299677784589147,B001,BROU,0.30657309708208935,False
20265967,B001,BROU,0.31893119382765533,B001,BROU,0.35786104607397723,False
20265968,B001,BROU,0.2987796256137527,B001,BROU,0.35230783983392844,False
20265969,B001,BROU,0.27669025567450023,B001,BROU,0.27252544434695697,False
20265970,B001,BROU,0.30156274948472056,B001,BROU,0.36310247550810826,False
20265971,B001,BROU,0.3211025216795825,B001,BROU,0.3234210401381467,False
20265972,B001,BROU,0.3235838839801837,B001,BROU,0.3137094926586171,False
20265973,B001,BROU,0.3042098769124286,B001,BROU,0.25064611260964015,False
20265974,B001,BROU,0.2970094250243137,B001,BROU,0.3495780860632919,False
20265975,B001,BROU,0.2904078369427207,B001,BROU,0.2794919451042355,False
20265976,B001,BROU,0.3023691380691267,B001,BROU,0.28477380740725894,False
20265977,B001,BROU,0.318034255366055,B001,BROU,0.30831864095768374,False
20265978,B001,BROU,0.2884195769609305,B001,BROU,0.2943272045378497,False
20265979,B001,BROU,0.2813212584834092,B001,BROU,0.2848392075789961,False
20265980,B001,BROU,0.2857406259090727,B001,BROU,0.3039361023209341,False
20265981,B001,BROU,0.32004351530825287,B001,BROU,0.31671010959487506,False
20265982,B001,BROU,0.2933882462333901,B001,BROU,0.3012787893711674,False
20265983,B001,BROU,0.3089207004321246,B001,BROU,0.1984383480338788,False
20265984,B001,BROU,0.29069782761933544,B001,BROU,0.2916114332163048,False
20265985,B001,BROU,0.28314151522003195,B001,BROU,0.2876297769822827,False
20265986,B001,BROU,0.3190478986856996,B001,BROU,0.3143412444729806,False
20265987,B001,BROU,0.29390941265483306,B001,BROU,0.27804485076340707,False
20265988,B001,BROU,0.3319650265849847,B001,BROU,0.3496262087495835,False
20265989,B001,BROU,0.3176468771390154,B001,BROU,0.32222324500647676,False
20265990,B001,BROU,0.3090357506845462,B001,BROU,0.2789600022914798,False
20265991,B001,BROU,0.335609359491308,B001,BROU,0.32201625411460244,False
20265992,B001,BROU,0.3057292626144079,B001,BROU,0.2651282934755024,False
20265993,B001,BROU,0.29544860606834655,B001,BROU,0.2754495525684974,False
20265994,B001,BROU,0.30102402857484123,B001,BROU,0.3190880309177157,False
20265995,B001,BROU,0.315873358074076,B001,BROU,0.29986955671983345,False
20265996,B001,BROU,0.31138827760347765,B001,BROU,0.2925330648655154,False
20265997,B001,BROU,0.3002185750485735,B001,BROU,0.32477124217551956,False
20265998,B001,BROU,0.27962424852264167,B001,BROU,0.25176127074735455,False
20265999,B001,BROU,0.29430776950617177,B001,BROU,0.29853903542524357,False
20266000,B001,BROU,0.29908904266592967,B001,BROU,0.2865983790048762,False
20266001,B001,BROU,0.28533141576134696,B001,BROU,0.2865953032674694,False
20266002,B001,BROU,0.2794388400670746,B001,BROU,0.29885209215663006,False
20266003,B001,BROU,0.2861058585424025,B001,BROU,0.2985641023379261,False
20266004,B001,BROU,0.2870267904113032,B001,BROU,0.27384731866030065,False
20266005,B001,BROU,0.31769353542655854,B001,BROU,0.3240069656517662,False
20266006,B001,BROU,0.3129112214156251,B001,BROU,0.32054501994431583,False
20266007,B001,BROU,0.29875515682078085,B001,BROU,0.3006535444652859,False
20266008,B001,BROU,0.3173039081145013,B001,BROU,0.29715525627951017,False
20266009,B001,BROU,0.2908937361121723,B001,BROU,0.2513046764531523,False
20266010,B001,BROU,0.28933107082432297,B001,BROU,0.26549989853787986,False
20266011,B001,BROU,0.3190535893812486,B001,BROU,0.30120388734486203,False
20266012,B001,BROU,0.31181621194161546,B001,BROU,0.2968541902318231,False
20266013,B001,BROU,0.29610176951902994,B001,BROU,0.2940935358717306,False
20266014,B001,BROU,0.3015337402884768,B001,BROU,0.30223570843484415,False
20266015,B001,BROU,0.3155399976665146,B001,BROU,0.3131598087307737,False
20266016,B001,BROU,0.2793316030745061,B001,BROU,0.3113440260644741,False
20266017,B001,BROU,0.35987870758887186,B001,BROU,0.2984816141028224,False
20266018,B001,BROU,0.2793743520885546,B001,BROU,0.24257418459565372,False
20266019,B001,BROU,0.30323803565697205,B001,BROU,0.27277816361652724,False
20266020,B001,BROU,0.30660617491450715,B001,BROU,0.2854829655316962,False
20266021,B001,BROU,0.3070476932561781,B001,BROU,0.2933250060466821,False
20266022,B001,BROU,0.32721356604053203,B001,BROU,0.28466980559749827,False
20266023,B001,BROU,0.30976957133067756,B001,BROU,0.2954368590975387,False
20266024,B001,BROU,0.30383327351487355,B001,BROU,0.31747464462216207,False
20266025,B001,BROU,0.29739853299372904,B001,BROU,0.3168536305400314,False
20266026,B001,BROU,0.33454695246177824,B001,BROU,0.30934714552936204,False
20266027,B001,BROU,0.28345441406976796,B001,BROU,0.27278654168669236,False
20266028,B001,BROU,0.3129054357614298,B001,BROU,0.31199237489146187,False
20266029,B001,BROU,0.3015391213170892,B001,BROU,0.32656552536018835,False
20266030,B001,BROU,0.2825628761738693,B001,BROU,0.26681214767266803,False
20266031,B001,BROU,0.29436331099473007,B001,BROU,0.314155315652696,False
20266032,B001,BROU,0.3466008123033615,B001,BROU,0.30983947727589334,False
20266033,B001,BROU,0.29317545585696186,B007,Santander Uruguay,0.18441312983582614,True
20266034,B001,BROU,0.2855384491015397,B001,BROU,0.3076201768189687,False
20266035,B001,BROU,0.2990334814060483,B001,BROU,0.2960184224723074,False
20266036,B001,BROU,0.29154572115164884,B001,BROU,0.3018853720735084,False
20266037,B001,BROU,0.3048750840086466,B001,BROU,0.2964143851221587,False
20266038,B001,BROU,0.2996776730154034,B001,BROU,0.3415473637605848,False
20266039,B001,BROU,0.2997664913198312,B001,BROU,0.2810821276988171,False
20266040,B001,BROU,0.3230346117338714,B001,BROU,0.34309564507500784,False
20266041,B001,BROU,0.31992901384714695,B001,BROU,0.193121537428989,False
20266042,B001,BROU,0.33682144924837293,B001,BROU,0.3235539742166438,False
20266043,B001,BROU,0.30235615355700257,B001,BROU,0.27195372666994244,False
20266044,B001,BROU,0.3108388866387526,B001,BROU,0.3182477660154494,False
20266045,B001,BROU,0.2897724028182064,B001,BROU,0.35160634183246203,False
20266046,B001,BROU,0.29744237243311644,B001,BROU,0.29891327286792513,False
20266047,B001,BROU,0.3042398682813566,B001,BROU,0.3325223779292189,False
20266048,B001,BROU,0.27958032143838674,B001,BROU,0.342918057832462,False
20266049,B001,BROU,0.28103409750499325,B001,BROU,0.2587369593982279,False
20266050,B001,BROU,0.3011412094943544,B001,BROU,0.3087273563903283,False
20266051,B001,BROU,0.30502025317865533,B001,BROU,0.31938300248122176,False
20266052,B001,BROU,0.2660393347700641,B001,BROU,0.29604631334449155,False
20266053,B001,BROU,0.3036512887657673,B001,BROU,0.31589937315220973,False
20266054,B001,BROU,0.29666084902067774,B001,BROU,0.32441437213393454,False
20266055,B001,BROU,0.30222272707191905,B001,BROU,0.3124079941738683,False
20266056,B001,BROU,0.28193095149139347,B001,BROU,0.2317461031410852,False
20266057,B001,BROU,0.30884610491702835,B001,BROU,0.28242847873408367,False
20266058,B001,BROU,0.3081762194182289,B001,BROU,0.28695627776091925,False
20266059,B001,BROU,0.32686973045726286,B001,BROU,0.3093682711334764,False
20266060,B001,BROU,0.2960087996739569,B001,BROU,0.28628772991676893,False
20266061,B001,BROU,0.3334637711494963,B001,BROU,0.3133577673750665,False
20266062,B001,BROU,0.3314044156810554,B001,BROU,0.32399525736630747,False
20266063,B001,BROU,0.29032266538364104,B001,BROU,0.3612999580955175,False
20266064,B001,BROU,0.29823363780125023,B001,BROU,0.3016490823584548,False
20266065,B001,BROU,0.3053333331832182,B001,BROU,0.3084397715652669,False
20266066,B001,BROU,0.2866188644503324,B001,BROU,0.28846909495727135,False
20266067,B001,BROU,0.3007172253978007,B001,BROU,0.3126981309740036,False
20266068,B001,BROU,0.2989548937888208,B001,BROU,0.29427205329821254,False
20266069,B001,BROU,0.299642678270644,B001,BROU,0.27048592080971806,False
20266070,B001,BROU,0.30414097039542065,B001,BROU,0.3037647297327623,False
20266071,B001,BROU,0.3296049111109691,B001,BROU,0.2973875902723137,False
20266072,B001,BROU,0.30687927532743203,B001,BROU,0.3119513623341069,False
20266073,B001,BROU,0.30336601216570275,B001,BROU,0.297232546204319,False
20266074,B001,BROU,0.2917603523320636,B001,BROU,0.2861428320351097,False
20266075,B001,BROU,0.30702434544364055,B001,BROU,0.3014509428436788,False
20266076,B001,BROU,0.2938006723694694,B001,BROU,0.29648806318175225,False
20266077,B001,BROU,0.2846915118094965,B001,BROU,0.3106126270273284,False
20266078,B001,BROU,0.3027713393909262,B001,BROU,0.2755845638053299,False
20266079,B001,BROU,0.303456531121064,B001,BROU,0.3273967511647068,False
20266080,B001,BROU,0.3258624526497853,B001,BROU,0.2540112338472955,False
20266081,B001,BROU,0.29713841677540337,B001,BROU,0.30496106849102733,False
20266082,B001,BROU,0.30061494982695536,B001,BROU,0.2898799681664561,False
20266083,B001,BROU,0.31350799046790806,B001,BROU,0.3067855738392694,False
20266084,B001,BROU,0.29919383657187315,B001,BROU,0.30591285389513184,False
20266085,B001,BROU,0.31021864709933467,B001,BROU,0.27490349079041254,False
20266086,B001,BROU,0.28708048400075437,B001,BROU,0.28753116834442527,False
20266087,B001,BROU,0.3236053840961863,B001,BROU,0.30188944648497956,False
20266088,B001,BROU,0.3096282352795318,B001,BROU,0.32356410912944045,False
20266089,B001,BROU,0.2775651936562686,B001,BROU,0.2907935297118034,False
20266090,B001,BROU,0.2941855002508808,B001,BROU,0.27417164937241373,False
20266091,B001,BROU,0.2855176771821233,B001,BROU,0.30323573550371286,False
20266092,B001,BROU,0.3137631203846389,B001,BROU,0.30022572499673816,False
20266093,B001,BROU,0.30919770292347537,B001,BROU,0.3135922381779171,False
20266094,B001,BROU,0.2685786033063606,B001,BROU,0.2810625228300613,False
20266095,B001,BROU,0.2904432474008831,B001,BROU,0.2804018014346801,False
20266096,B001,BROU,0.31138645280363964,B001,BROU,0.32446463699832434,False
20266097,B001,BROU,0.2910551959283577,B001,BROU,0.28301385594842354,False
20266098,B001,BROU,0.27938342623304113,B001,BROU,0.29359377504343936,False
20266099,B001,BROU,0.3016372598387912,B001,BROU,0.3213166730551901,False
20266100,B001,BROU,0.28168701751226244,B001,BROU,0.22664792766204853,False
20266101,B001,BROU,0.3230717836834297,B001,BROU,0.32335981114389006,False
20266102,B001,BROU,0.3065140634834715,B001,BROU,0.31230204078902596,False
20266103,B001,BROU,0.3043424723783482,B001,BROU,0.256552761840625,False
20266104,B001,BROU,0.2781532604544673,B001,BROU,0.25165339784571067,False
20266105,B001,BROU,0.3078037445281258,B001,BROU,0.31486118147712855,False
20266106,B001,BROU,0.28501354554919955,B001,BROU,0.276686466964456,False
20266107,B001,BROU,0.31671093083998536,B001,BROU,0.36008800530978147,False
20266108,B001,BROU,0.312474593467429,B001,BROU,0.30410091441665904,False
20266109,B001,BROU,0.29669381808025214,B001,BROU,0.2949654536734157,False
20266110,B001,BROU,0.3343230794652224,B001,BROU,0.3254333474655283,False
20266111,B001,BROU,0.3167426920930987,B001,BROU,0.30106714534205514,False
20266112,B001,BROU,0.3152403274598839,B001,BROU,0.3184055555928199,False
20266113,B001,BROU,0.31175267220747266,B001,BROU,0.2966237660755042,False
20266114,B001,BROU,0.3190782474669768,B001,BROU,0.32173936879221254,False
20266115,B001,BROU,0.281178366839025,B001,BROU,0.29524502938590214,False
20266116,B001,BROU,0.30744923814329866,B001,BROU,0.3187308964082367,False
20266117,B001,BROU,0.2870780594720937,B001,BROU,0.2744315540795695,False
20266118,B001,BROU,0.2849086161892608,B001,BROU,0.31508512560564433,False
20266119,B001,BROU,0.3027224452232533,B001,BROU,0.3284463283754151,False
20266120,B001,BROU,0.27764689142790966,B001,BROU,0.28047453761440183,False
20266121,B001,BROU,0.28338350619262415,B001,BROU,0.288543008436165,False
20266122,B001,BROU,0.2937227121806389,B001,BROU,0.3018567461545492,False
20266123,B001,BROU,0.2893678396469652,B001,BROU,0.25455565041570233,False
20266124,B001,BROU,0.2784370389794649,B001,BROU,0.27183218910909346,False
20266125,B001,BROU,0.2822687148473988,B001,BROU,0.29859858705329106,False
20266126,B001,BROU,0.31080531480297646,B001,BROU,0.3309651312670527,False
20266127,B001,BROU,0.2850738594594292,B001,BROU,0.28800873586406844,False
20266128,B001,BROU,0.2956788899040483,B001,BROU,0.3220597712544109,False
20266129,B001,BROU,0.2979682411039945,B001,BROU,0.29977541038133587,False
20266130,B001,BROU,0.31881818702647613,B001,BROU,0.19801393497089606,False
20266131,B001,BROU,0.3049232801617652,B001,BROU,0.3305052660069103,False
20266132,B001,BROU,0.32489661766173117,B001,BROU,0.32544097236653446,False
20266133,B001,BROU,0.29489197324196065,B001,BROU,0.2879521047961485,False
20266134,B001,BROU,0.2921034013056638,B001,BROU,0.31531359871958997,False
20266135,B001,BROU,0.2954285185335553,B001,BROU,0.30310773051241635,False
20266136,B001,BROU,0.3261514339815445,B001,BROU,0.3285412833325877,False
20266137,B001,BROU,0.3042730971992051,B001,BROU,0.2948969569615175,False
20266138,B001,BROU,0.30257487113679626,B001,BROU,0.31032202050931573,False
20266139,B001,BROU,0.31343703552329694,B001,BROU,0.2971515987327625,False
20266140,B001,BROU,0.3157894510346143,B001,BROU,0.32247349465253256,False
20266141,B001,BROU,0.3069268868851959,B001,BROU,0.2986251103420567,False
20266142,B001,BROU,0.2873640546249517,B001,BROU,0.28134951492437466,False
20266143,B001,BROU,0.29060409489489014,B001,BROU,0.3091831091090985,False
20266144,B001,BROU,0.30839612529024785,B001,BROU,0.2732198179695438,False
20266145,B001,BROU,0.3010565900082055,B001,BROU,0.3108929049917868,False
20266146,B001,BROU,0.2993250612111446,B001,BROU,0.2399688923363956,False
20266147,B001,BROU,0.3235650781954474,B001,BROU,0.327785085338235,False
20266148,B001,BROU,0.2792203056954241,B001,BROU,0.29637781557350057,False
20266149,B001,BROU,0.3017102704180158,B001,BROU,0.3039889095690168,False
20266150,B001,BROU,0.29765999280914673,B001,BROU,0.2782894872242997,False
20266151,B001,BROU,0.3315087021857568,B001,BROU,0.29446226197313863,False
20266152,B001,BROU,0.2942787342572596,B001,BROU,0.30175150529973177,False
20266153,B001,BROU,0.3157571724307867,B001,BROU,0.30384469946003784,False
20266154,B001,BROU,0.2890537930678086,B001,BROU,0.3237103224642541,False
20266155,B001,BROU,0.30984880801102277,B001,BROU,0.3187642681238316,False
20266156,B001,BROU,0.3106870232608755,B001,BROU,0.2928016682993423,False
20266157,B001,BROU,0.3078707265725047,B001,BROU,0.2901636895603697,False
20266158,B001,BROU,0.29993667033811633,B001,BROU,0.3006786519374022,False
20266159,B001,BROU,0.2825526466858994,B001,BROU,0.19291527363990696,False
20266160,B001,BROU,0.3253379045245106,B001,BROU,0.3594058950339389,False
20266161,B001,BROU,0.29321819237280444,B001,BROU,0.3027446502342652,False
20266162,B001,BROU,0.3296423071602782,B001,BROU,0.4421543472843509,False
20266163,B001,BROU,0.28517553134360657,B001,BROU,0.2943483050528152,False
20266164,B001,BROU,0.34452207717332006,B001,BROU,0.3348069134176221,False
20266165,B001,BROU,0.2912102257591778,B001,BROU,0.27361104781867507,False
20266166,B001,BROU,0.33123386622730017,B001,BROU,0.32818141247183596,False
20266167,B001,BROU,0.28502316117190735,B001,BROU,0.25322687661477844,False
20266168,B001,BROU,0.30364206334579324,B001,BROU,0.32303245774298295,False
20266169,B001,BROU,0.30336669976691194,B001,BROU,0.34114041552587354,False
20266170,B001,BROU,0.30865458657513234,B001,BROU,0.3367567508077214,False
20266171,B001,BROU,0.295179187677883,B001,BROU,0.29515762132386286,False
20266172,B001,BROU,0.2805915852979113,B001,BROU,0.2922928996471499,False
20266173,B001,BROU,0.3305806949739548,B001,BROU,0.3373609946043124,False
20266174,B001,BROU,0.31964593902814187,B001,BROU,0.3281703009848986,False
20266175,B001,BROU,0.29342301834222634,B001,BROU,0.27954945093892314,False
20266176,B001,BROU,0.29406341197644786,B001,BROU,0.28662534554686075,False
20266177,B001,BROU,0.29047456403934896,B001,BROU,0.29315912562979834,False
20266178,B001,BROU,0.2727243116398914,B001,BROU,0.27108754678669494,False
20266179,B001,BROU,0.3116517225859665,B001,BROU,0.32103152168799715,False
20266180,B001,BROU,0.28081772635543467,B001,BROU,0.2985240467733357,False
20266181,B001,BROU,0.31376503335401373,B001,BROU,0.33096981671384873,False
20266182,B001,BROU,0.30193538388752095,B001,BROU,0.2808329059170041,False
20266183,B001,BROU,0.3086652242154496,B001,BROU,0.30308913257425757,False
20266184,B001,BROU,0.2784563252738143,B001,BROU,0.2772870909674745,False
20266185,B001,BROU,0.2800152773415363,B001,BROU,0.2869554436737077,False
20266186,B001,BROU,0.27720286042953146,B001,BROU,0.27985234622271654,False
20266187,B001,BROU,0.3267955539390476,B001,BROU,0.3088228135228542,False
20266188,B001,BROU,0.2923406281956125,B001,BROU,0.2905877818157988,False
20266189,B001,BROU,0.30741097793488353,B001,BROU,0.2970164222765269,False
20266190,B001,BROU,0.2924919122987878,B001,BROU,0.2889528333497485,False
20266191,B001,BROU,0.2846336375927672,B001,BROU,0.21112667471592256,False
20266192,B001,BROU,0.33553861009968056,B001,BROU,0.3112550480527331,False
20266193,B001,BROU,0.30544510029699123,B001,BROU,0.3210428866271251,False
20266194,B001,BROU,0.3002907291749125,B001,BROU,0.3232035656747834,False
20266195,B001,BROU,0.29304276454148126,B001,BROU,0.288917352553616,False
20266196,B001,BROU,0.2785345239467486,B001,BROU,0.2448466152043558,False
20266197,B001,BROU,0.31420501699467385,B001,BROU,0.30969846380737415,False
20266198,B001,BROU,0.2903954582957276,B001,BROU,0.27969684882388296,False
20266199,B001,BROU,0.2919616585544186,B001,BROU,0.2929452112831991,False
20266200,B001,BROU,0.3037089711719797,B001,BROU,0.31779132424351897,False
20266201,B001,BROU,0.26787559294685154,B001,BROU,0.2529074439060375,False
20266202,B001,BROU,0.2992058606429003,B001,BROU,0.2974869928545918,False
20266203,B001,BROU,0.31146099569937247,B001,BROU,0.33328274100019245,False
20266204,B001,BROU,0.29938718759309535,B001,BROU,0.3065822301527252,False
20266205,B001,BROU,0.2874534461003149,B001,BROU,0.28202370158605156,False
20266206,B001,BROU,0.2817111323939336,B001,BROU,0.307116135541952,False
20266207,B001,BROU,0.2988294329013979,B001,BROU,0.3098461802435104,False
20266208,B001,BROU,0.3100787289537209,B001,BROU,0.28247883793733936,False
20266209,B001,BROU,0.29122869635225185,B001,BROU,0.3183635337865528,False
20266210,B001,BROU,0.2991753411598158,B001,BROU,0.2979149741691277,False
20266211,B001,BROU,0.2947575160262658,B001,BROU,0.31457885457051976,False
20266212,B001,BROU,0.2944848288349282,B001,BROU,0.29927317914444634,False
20266213,B001,BROU,0.2928936670393455,B001,BROU,0.35186490523810526,False
20266214,B001,BROU,0.2836733979491954,B001,BROU,0.27864915861470246,False
20266215,B001,BROU,0.29757102874284236,B001,BROU,0.35839722046173267,False
20266216,B001,BROU,0.29961557201042005,B001,BROU,0.2686244121064435,False
20266217,B001,BROU,0.29972469723101564,B001,BROU,0.3125990324098995,False
20266218,B001,BROU,0.3201915100248869,B001,BROU,0.2877859348259461,False
20266219,B001,BROU,0.3257244604730537,B001,BROU,0.36322794485093557,False
20266220,B001,BROU,0.3271502244685594,B001,BROU,0.3123211834910439,False
20266221,B001,BROU,0.2979260857831211,B001,BROU,0.28345335883539147,False
20266222,B001,BROU,0.31155796899555144,B001,BROU,0.324478026935366,False
20266223,B001,BROU,0.2968710283000201,B001,BROU,0.292773098719994,False
20266224,B001,BROU,0.2989475803586345,B001,BROU,0.23834868372903362,False
20266225,B001,BROU,0.27903121501789696,B001,BROU,0.2528718829804173,False
20266226,B001,BROU,0.2908759380343697,B007,Santander Uruguay,0.24941421471848843,True
20266227,B001,BROU,0.3252602054934237,B001,BROU,0.279151752985066,False
20266228,B001,BROU,0.3327726779457293,B001,BROU,0.3027439766829717,False
20266229,B001,BROU,0.28788624245364003,B001,BROU,0.2820876884686857,False
20266230,B001,BROU,0.2934480901394645,B001,BROU,0.27641961566780204,False
20266231,B001,BROU,0.31396792123472406,B001,BROU,0.33110209837708526,False
20266232,B001,BROU,0.30075419498886397,B001,BROU,0.30695517618494,False
20266233,B001,BROU,0.30587507271457237,B001,BROU,0.28053321760968425,False
20266234,B001,BROU,0.30087324502743157,B001,BROU,0.2933517303066168,False
20266235,B001,BROU,0.29261300973736104,B001,BROU,0.2997933796329421,False
20266236,B001,BROU,0.3048393043255716,B001,BROU,0.2986712738067282,False
20266237,B001,BROU,0.2901526190254572,B001,BROU,0.2838343194092891,False
20266238,B001,BROU,0.2922493902242886,B001,BROU,0.29944160010709375,False
20266239,B001,BROU,0.29723289722894064,B001,BROU,0.2962493454461395,False
20266240,B001,BROU,0.34020907993060323,B001,BROU,0.3448992163369987,False
20266241,B001,BROU,0.30589363507792855,B001,BROU,0.30204209639365825,False
20266242,B001,BROU,0.2866472819315843,B001,BROU,0.3242793015508866,False
20266243,B001,BROU,0.27208667274279924,B001,BROU,0.3097161788559478,False
20266244,B001,BROU,0.2934689491986787,B001,BROU,0.2931628854926601,False
20266245,B001,BROU,0.29703796832174334,B001,BROU,0.2768827978798417,False
20266246,B001,BROU,0.3040592111439976,B001,BROU,0.27895380125373387,False
20266247,B001,BROU,0.2780578899152276,B001,BROU,0.2975837171883695,False
20266248,B001,BROU,0.30086560472366053,B001,BROU,0.29436888181730536,False
20266249,B001,BROU,0.2869345953812589,B001,BROU,0.25761456428709784,False
20266250,B001,BROU,0.31538927440079034,B001,BROU,0.29132374970107106,False
20266251,B001,BROU,0.2987776255568755,B001,BROU,0.30162918977579894,False
20266252,B001,BROU,0.29924829949573734,B001,BROU,0.32245273871784397,False
20266253,B001,BROU,0.3120522366239741,B001,BROU,0.33747313973307397,False
20266254,B001,BROU,0.3009125499016432,B001,BROU,0.278123146535404,False
20266255,B001,BROU,0.29213378786470573,B001,BROU,0.28406431911399505,False
20266256,B001,BROU,0.30598990335030807,B001,BROU,0.31698713745288293,False
20266257,B001,BROU,0.34683116324703106,B001,BROU,0.2924177675567987,False
20266258,B001,BROU,0.27514265458036413,B001,BROU,0.280530905199991,False
20266259,B001,BROU,0.3442433172504412,B001,BROU,0.33247466260144415,False
20266260,B001,BROU,0.30262610370357523,B001,BROU,0.3102363410432292,False
20266261,B001,BROU,0.2795156357329917,B001,BROU,0.27238056719925247,False
20266262,B001,BROU,0.28606907306683965,B001,BROU,0.2888157276885812,False
20266263,B001,BROU,0.3134190803372806,B001,BROU,0.3663840852366831,False
20266264,B001,BROU,0.31469844481884673,B001,BROU,0.2692190664443212,False
20266265,B001,BROU,0.30407667077142253,B001,BROU,0.271137646365635,False
20266266,B001,BROU,0.2809879084528923,B001,BROU,0.2937634164458375,False
20266267,B001,BROU,0.2700316695473661,B001,BROU,0.264647437153053,False
20266268,B001,BROU,0.3168256241394505,B001,BROU,0.29937037076650325,False
20266269,B001,BROU,0.2895048269893144,B001,BROU,0.2997105374328301,False
20266270,B001,BROU,0.29329552117512586,B001,BROU,0.315685431416044,False
20266271,B001,BROU,0.2797203364325771,B001,BROU,0.27414998527833395,False
20266272,B001,BROU,0.2931580230348657,B001,BROU,0.30812508930175836,False
20266273,B001,BROU,0.27311212278933694,B001,BROU,0.27661684891864347,False
20266274,B001,BROU,0.31177521101337174,B001,BROU,0.31309530803846697,False
20266275,B001,BROU,0.3233041945942781,B001,BROU,0.2632792597000155,False
20266276,B001,BROU,0.31317276805272065,B001,BROU,0.3071828527249393,False
20266277,B001,BROU,0.28799840515335373,B006,Itaú Uruguay,0.18696761590168304,True
20266278,B001,BROU,0.2953933515895339,B001,BROU,0.3256061752705421,False
20266279,B001,BROU,0.30496936612940106,B001,BROU,0.28358428404664227,False
20266280,B001,BROU,0.2920537084056034,B001,BROU,0.2697480671130198,False
20266281,B001,BROU,0.3598355076960714,B001,BROU,0.3941504453689921,False
20266282,B001,BROU,0.3228146079059209,B001,BROU,0.29123069928789636,False
20266283,B001,BROU,0.27949540099825587,B001,BROU,0.2566398388141529,False
20266284,B001,BROU,0.3024672446874279,B001,BROU,0.278644857779007,False
20266285,B001,BROU,0.2790218615827231,B001,BROU,0.27130461298503317,False
20266286,B001,BROU,0.31582723229563114,B001,BROU,0.32721829223347515,False
20266287,B001,BROU,0.2954221583703065,B001,BROU,0.31445075230729724,False
20266288,B001,BROU,0.2897135612105782,B001,BROU,0.30789997552348464,False
20266289,B001,BROU,0.30332938938256004,B001,BROU,0.2817412050801791,False
20266290,B001,BROU,0.3034951213509388,B001,BROU,0.291221863363229,False
20266291,B001,BROU,0.27944894058000513,B001,BROU,0.2702629728426392,False
20266292,B001,BROU,0.3160352544231703,B001,BROU,0.2852475026626287,False
20266293,B001,BROU,0.28557787896080417,B001,BROU,0.2615875159659493,False
20266294,B001,BROU,0.31057772251994653,B001,BROU,0.2946554344812021,False
20266295,B001,BROU,0.29396225777111396,B001,BROU,0.28346917844896735,False
20266296,B001,BROU,0.30542103063915244,B001,BROU,0.3062195121734492,False
20266297,B001,BROU,0.2914315738499849,B001,BROU,0.2854913100737139,False
20266298,B001,BROU,0.30704765945779405,B001,BROU,0.26343784301209133,False
20266299,B001,BROU,0.31217678376946034,B001,BROU,0.2955490203126991,False
20266300,B001,BROU,0.28434293313429704,B001,BROU,0.29883496898185136,False
20266301,B001,BROU,0.30362177377332933,B001,BROU,0.28338387896664335,False
20266302,B001,BROU,0.3046987397326243,B001,BROU,0.3181935869992743,False
20266303,B001,BROU,0.30106095310443187,B001,BROU,0.3124799957475011,False
20266304,B001,BROU,0.2894345066230254,B001,BROU,0.27728964932346595,False
20266305,B001,BROU,0.29434019977409426,B001,BROU,0.2852212647201494,False
20266306,B001,BROU,0.31236977559457574,B001,BROU,0.31334110994246817,False
20266307,B001,BROU,0.2962545333739217,B001,BROU,0.2979312473313358,False
20266308,B001,BROU,0.3516637703010469,B001,BROU,0.32491753545085583,False
20266309,B001,BROU,0.32230514257651205,B001,BROU,0.33105073354316533,False
20266310,B001,BROU,0.32537833667407845,B001,BROU,0.3128052413672745,False
20266311,B001,BROU,0.2981592339671281,B001,BROU,0.2910807924021189,False
20266312,B001,BROU,0.29829856555662376,B001,BROU,0.3497309090328368,False
20266313,B001,BROU,0.31304739062630127,B001,BROU,0.3025603389019236,False
20266314,B001,BROU,0.28996525641417914,B001,BROU,0.26976044824793677,False
20266315,B001,BROU,0.30454564147663543,B001,BROU,0.3256331874479187,False
20266316,B001,BROU,0.2914660270769585,B001,BROU,0.277035393541305,False
20266317,B001,BROU,0.31760046707594974,B001,BROU,0.3135922262539954,False
20266318,B001,BROU,0.3115126321363235,B001,BROU,0.29541719915090603,False
20266319,B001,BROU,0.30882825508989525,B001,BROU,0.3132097853767371,False
20266320,B001,BROU,0.27999929149615665,B001,BROU,0.29909323262945425,False
20266321,B001,BROU,0.2809505270035861,B001,BROU,0.2786228835889036,False
20266322,B001,BROU,0.2942917272860356,B001,BROU,0.3140823875391831,False
20266323,B001,BROU,0.31258688367674975,B001,BROU,0.30139176950499863,False
20266324,B001,BROU,0.32740025350329355,B001,BROU,0.33144973639976827,False
20266325,B001,BROU,0.29100263463715237,B001,BROU,0.269452207983029,False
20266326,B001,BROU,0.309081837700109,B001,BROU,0.3276714919256257,False
20266327,B001,BROU,0.3104710280997262,B001,BROU,0.2954112409418619,False
20266328,B001,BROU,0.2974607656227317,B001,BROU,0.3042183637068439,False
20266329,B001,BROU,0.27405397478356264,B001,BROU,0.31446490262771465,False
20266330,B001,BROU,0.29859113328927883,B001,BROU,0.2993633994246696,False
20266331,B001,BROU,0.3166915071527873,B001,BROU,0.3434635702440198,False
20266332,B001,BROU,0.2995628844515229,B001,BROU,0.27458733076071545,False
20266333,B001,BROU,0.3043979244056786,B001,BROU,0.2757986722635593,False
20266334,B001,BROU,0.2766273225712463,B001,BROU,0.280801524383319,False
20266335,B001,BROU,0.2916519280178063,B001,BROU,0.3036688465818684,False
20266336,B001,BROU,0.29021447387064553,B001,BROU,0.3195894424059264,False
20266337,B001,BROU,0.3062063258493466,B001,BROU,0.321963554129157,False
20266338,B001,BROU,0.31529520072503237,B001,BROU,0.348912601875229,False
20266339,B001,BROU,0.3063735018241711,B001,BROU,0.3053553599392351,False
20266340,B001,BROU,0.3104780324608939,B001,BROU,0.3291488358654811,False
20266341,B001,BROU,0.2833129119091103,B001,BROU,0.28272243393188,False
20266342,B001,BROU,0.29310280658746624,B001,BROU,0.3199906803313761,False
20266343,B001,BROU,0.3225635917152599,B001,BROU,0.31898178685217726,False
20266344,B001,BROU,0.3162888782375678,B001,BROU,0.28438852505822054,False
20266345,B001,BROU,0.27873592662837837,B001,BROU,0.270865802088374,False
20266346,B001,BROU,0.31648661084918694,B001,BROU,0.3212789214135735,False
20266347,B001,BROU,0.30961141160782857,B001,BROU,0.3380207027385618,False
20266348,B001,BROU,0.30591991585411227,B001,BROU,0.24709033330702332,False
20266349,B001,BROU,0.30095008527593603,B001,BROU,0.3068708549183593,False
20266350,B001,BROU,0.3043707101428418,B001,BROU,0.3126575196623261,False
20266351,B001,BROU,0.29949993743655845,B001,BROU,0.29584842934573097,False
20266352,B001,BROU,0.29688199349661765,B001,BROU,0.30975142272066447,False
20266353,B001,BROU,0.3085247270602754,B001,BROU,0.30886313648042907,False
20266354,B001,BROU,0.306495787572472,B001,BROU,0.26792628004093344,False
20266355,B001,BROU,0.2745688435656389,B001,BROU,0.2426431497500185,False
20266356,B001,BROU,0.3184748908275562,B001,BROU,0.31302481239820173,False
20266357,B001,BROU,0.2849321006175585,B001,BROU,0.287761238451677,False
20266358,B001,BROU,0.31275591947621506,B001,BROU,0.33229367421060885,False
20266359,B001,BROU,0.2923884592654949,B001,BROU,0.2617351476455802,False
20266360,B001,BROU,0.31164312534817873,B001,BROU,0.3269901773714337,False
20266361,B001,BROU,0.31531537310070523,B001,BROU,0.3350162420619748,False
20266362,B001,BROU,0.3136731253242251,B001,BROU,0.33546020439931923,False
20266363,B001,BROU,0.32468012826409576,B001,BROU,0.317895031207109,False
20266364,B001,BROU,0.3114224382221169,B001,BROU,0.23206800199132235,False
20266365,B001,BROU,0.3137514975287712,B001,BROU,0.35661501644910126,False
20266366,B001,BROU,0.29549497771016936,B001,BROU,0.27501217681673296,False
20266367,B001,BROU,0.2985035253196646,B001,BROU,0.3024815033948136,False
20266368,B001,BROU,0.270008031908101,B001,BROU,0.23102060767985266,False
20266369,B001,BROU,0.29412220546136536,B001,BROU,0.2864641080713969,False
20266370,B001,BROU,0.29764909547321544,B001,BROU,0.2847791017989374,False
20266371,B001,BROU,0.3010362873433769,B001,BROU,0.2836420831123157,False
20266372,B001,BROU,0.30032109887365777,B001,BROU,0.3155010624326968,False
20266373,B001,BROU,0.28659564141107197,B001,BROU,0.2904919819958121,False
20266374,B001,BROU,0.2941859449663629,B001,BROU,0.3233752584848877,False
20266375,B001,BROU,0.29592441497192745,B001,BROU,0.2946222490115451,False
20266376,B001,BROU,0.29410943181986654,B001,BROU,0.301131140585144,False
20266377,B001,BROU,0.31053614568084703,B001,BROU,0.3068960388085913,False
20266378,B001,BROU,0.3071645623960675,B001,BROU,0.2941770032594391,False
20266379,B001,BROU,0.2973513681643229,B001,BROU,0.30734545003522135,False
20266380,B001,BROU,0.30379365568673133,B001,BROU,0.25278300573866913,False
20266381,B001,BROU,0.3042686791285955,B001,BROU,0.26604823596646504,False
20266382,B001,BROU,0.3276985484366981,B001,BROU,0.3203375723423363,False
20266383,B001,BROU,0.3061131470111598,B001,BROU,0.27671729636360315,False
20266384,B001,BROU,0.29051840214606467,B006,Itaú Uruguay,0.20042017711632495,True
20266385,B001,BROU,0.2860006402335763,B001,BROU,0.2873678927148888,False
20266386,B001,BROU,0.3064285473051902,B001,BROU,0.3268280739210079,False
20266387,B001,BROU,0.28456091009813117,B001,BROU,0.2719684861172549,False
20266388,B001,BROU,0.30253334011719146,B001,BROU,0.2883751420690177,False
20266389,B001,BROU,0.2957007718121881,B001,BROU,0.28195122384359234,False
20266390,B001,BROU,0.3135982866242335,B001,BROU,0.3199509921624119,False
20266391,B001,BROU,0.3192559355650474,B001,BROU,0.3249337026015691,False
20266392,B001,BROU,0.29095825350140075,B001,BROU,0.3089755206306722,False
20266393,B001,BROU,0.317514994384854,B001,BROU,0.26470562176697976,False
20266394,B001,BROU,0.2885326672262018,B001,BROU,0.3190145979566658,False
20266395,B001,BROU,0.2969529333344558,B001,BROU,0.22702237007801332,False
20266396,B001,BROU,0.29537563712854326,B001,BROU,0.3238764814704419,False
20266397,B001,BROU,0.30304844736651326,B001,BROU,0.25366899437927537,False
20266398,B001,BROU,0.2886825212494859,B001,BROU,0.3282726868681874,False
20266399,B001,BROU,0.3200341439870818,B007,Santander Uruguay,0.17340019105436666,True
20266400,B001,BROU,0.3022753497817802,B001,BROU,0.3245133243812964,False
20266401,B001,BROU,0.3115739346799907,B001,BROU,0.30637521825885483,False
20266402,B001,BROU,0.29668226194974473,B001,BROU,0.2836414947672573,False
20266403,B001,BROU,0.29539963079758247,B001,BROU,0.2351785126676616,False
20266404,B001,BROU,0.3170528162631481,B001,BROU,0.35779140373555723,False
20266405,B001,BROU,0.3002675308978403,B001,BROU,0.2631075334363536,False
20266406,B001,BROU,0.3021570277490482,B001,BROU,0.3302432127823869,False
20266407,B001,BROU,0.2861730168364159,B001,BROU,0.30149015545605695,False
20266408,B001,BROU,0.29019583300649954,B001,BROU,0.30854132245629806,False
20266409,B001,BROU,0.29295551990212587,B001,BROU,0.2984454053716046,False
20266410,B001,BROU,0.3256080674924373,B001,BROU,0.31376881662546635,False
20266411,B001,BROU,0.3145007317476671,B001,BROU,0.31364144084952,False
20266412,B001,BROU,0.3132317129776538,B001,BROU,0.29324332887066884,False
20266413,B001,BROU,0.33245094531322106,B001,BROU,0.31915843269231847,False
20266414,B001,BROU,0.3240437327090015,B001,BROU,0.30365194478842045,False
20266415,B001,BROU,0.28765399902629374,B001,BROU,0.3349099736276096,False
20266416,B001,BROU,0.30116324260480065,B001,BROU,0.2924906746672937,False
20266417,B001,BROU,0.3096317877291569,B001,BROU,0.29087474870558355,False
20266418,B001,BROU,0.30153762461874933,B001,BROU,0.30734173619159727,False
20266419,B001,BROU,0.3216002628114515,B001,BROU,0.31722584135996096,False
20266420,B001,BROU,0.30299232685887595,B001,BROU,0.2853599106867496,False
20266421,B001,BROU,0.2953891498120569,B001,BROU,0.3484453114692173,False
20266422,B001,BROU,0.30586461568874845,B001,BROU,0.29080111740783116,False
20266423,B001,BROU,0.32285149274793373,B001,BROU,0.33519394798034563,False
20266424,B001,BROU,0.3225284013696229,B001,BROU,0.33871284064331897,False
20266425,B001,BROU,0.275456348012877,B001,BROU,0.30376811263738573,False
20266426,B001,BROU,0.29656521510052203,B001,BROU,0.3522776961290153,False
20266427,B001,BROU,0.2980340653875994,B001,BROU,0.3113467340200715,False
20266428,B001,BROU,0.2995831425055648,B001,BROU,0.3032470358802295,False
20266429,B001,BROU,0.3260573390824071,B001,BROU,0.3515274872317044,False
20266430,B001,BROU,0.27418616640838883,B001,BROU,0.33172194132474575,False
20266431,B001,BROU,0.29178368184212644,B001,BROU,0.28594690057243427,False
20266432,B001,BROU,0.2863055718074192,B001,BROU,0.29184485461968185,False
20266433,B001,BROU,0.2915322754404289,B001,BROU,0.29084541912904793,False
20266434,B001,BROU,0.3333287284411369,B001,BROU,0.3022897344224457,False
20266435,B001,BROU,0.311810905906461,B001,BROU,0.298447167303857,False
20266436,B001,BROU,0.2842043369863312,B001,BROU,0.29035596491482835,False
20266437,B001,BROU,0.29015396665772775,B001,BROU,0.30350466269184734,False
20266438,B001,BROU,0.30064805032495134,B001,BROU,0.3018407105104284,False
20266439,B001,BROU,0.3138553989643376,B001,BROU,0.3289677964703419,False
20266440,B001,BROU,0.32104759296214025,B001,BROU,0.3157269462485011,False
20266441,B001,BROU,0.2927805631347586,B001,BROU,0.3002621635258637,False
20266442,B001,BROU,0.2971920692289434,B001,BROU,0.2315355728294948,False
20266443,B001,BROU,0.2803299264380863,B007,Santander Uruguay,0.2145577985162236,True
20266444,B001,BROU,0.2664180677496714,B001,BROU,0.28328589361581274,False
20266445,B001,BROU,0.2769944333598362,B001,BROU,0.2901262264706013,False
20266446,B001,BROU,0.30508860132605414,B001,BROU,0.3074179802612995,False
20266447,B001,BROU,0.2996139295561731,B001,BROU,0.34428015512347643,False
20266448,B001,BROU,0.299942762024476,B001,BROU,0.28157760968228907,False
20266449,B001,BROU,0.29391483053168266,B001,BROU,0.2920431664377639,False
20266450,B001,BROU,0.2915088640469917,B001,BROU,0.32019184602874273,False
20266451,B001,BROU,0.31058896922278756,B001,BROU,0.3673084734262785,False
20266452,B001,BROU,0.3087121816280685,B001,BROU,0.2997971116254974,False
20266453,B001,BROU,0.33495714593992887,B001,BROU,0.3202640319244147,False
20266454,B001,BROU,0.28298381063726497,B001,BROU,0.28982177102150736,False
20266455,B001,BROU,0.2968024829323913,B001,BROU,0.2954223589570933,False
20266456,B001,BROU,0.27282112886969445,B001,BROU,0.24000439532029003,False
20266457,B001,BROU,0.2978388261069383,B001,BROU,0.2753193673315353,False
20266458,B001,BROU,0.28258870726467505,B001,BROU,0.27334715501677365,False
20266459,B001,BROU,0.3294540191281235,B001,BROU,0.31372556295100995,False
20266460,B001,BROU,0.2891708902261322,B001,BROU,0.3300791973674121,False
20266461,B001,BROU,0.2914887131081193,B001,BROU,0.30241896902684134,False
20266462,B001,BROU,0.30961109540175985,B001,BROU,0.32641240700898383,False
20266463,B001,BROU,0.28779847510023626,B001,BROU,0.28772495284347466,False
20266464,B001,BROU,0.28887053092055787,B001,BROU,0.30444879241603984,False
20266465,B001,BROU,0.3067674883552405,B001,BROU,0.3042437403778642,False
20266466,B001,BROU,0.29136859600001774,B001,BROU,0.29170814036225695,False
20266467,B001,BROU,0.30194264134597776,B001,BROU,0.30236761742796864,False
20266468,B001,BROU,0.32526302011489416,B001,BROU,0.38591851227737006,False
20266469,B001,BROU,0.291549719281711,B001,BROU,0.27063389524405623,False
20266470,B001,BROU,0.2882039923350567,B001,BROU,0.2837056414391313,False
20266471,B001,BROU,0.32216734337971215,B001,BROU,0.30321612080091537,False
20266472,B001,BROU,0.3016015727031182,B001,BROU,0.3261946011712524,False
20266473,B001,BROU,0.30678945933592483,B001,BROU,0.31333605545429244,False
20266474,B001,BROU,0.31912415983903863,B001,BROU,0.29053781463443423,False
20266475,B001,BROU,0.28199615187471583,B001,BROU,0.2919494119806216,False
20266476,B001,BROU,0.2874665530577749,B001,BROU,0.27578658423252334,False
20266477,B001,BROU,0.3183197818514307,B001,BROU,0.32287800956648666,False
20266478,B001,BROU,0.30036298092505725,B001,BROU,0.2563369674007364,False
20266479,B001,BROU,0.3233409322100091,B001,BROU,0.31913647906381504,False
20266480,B001,BROU,0.30209414470923335,B001,BROU,0.30558822874982017,False
20266481,B001,BROU,0.3012568883524627,B001,BROU,0.29800186201732454,False
20266482,B001,BROU,0.3126535653642556,B001,BROU,0.18377876208729182,False
20266483,B001,BROU,0.2948829364195228,B001,BROU,0.2949457062587571,False
20266484,B001,BROU,0.3090631151225886,B001,BROU,0.3217879975935452,False
20266485,B001,BROU,0.28480645800245813,B001,BROU,0.30082933471860945,False
20266486,B001,BROU,0.2950200616902691,B001,BROU,0.27344766604197374,False
20266487,B001,BROU,0.30473237109358153,B001,BROU,0.2868833026355731,False
20266488,B001,BROU,0.29833636663849955,B001,BROU,0.32774609816669614,False
20266489,B001,BROU,0.2964502911472634,B001,BROU,0.26712114951649696,False
20266490,B001,BROU,0.2993426546808269,B001,BROU,0.2803700692830874,False
20266491,B001,BROU,0.3165496239538046,B001,BROU,0.3257387148250671,False
20266492,B001,BROU,0.29350874176196584,B001,BROU,0.30287225481089486,False
20266493,B001,BROU,0.27474891363123455,B001,BROU,0.1857739568707259,False
20266494,B001,BROU,0.30910687570181844,B001,BROU,0.2964042964165942,False
20266495,B001,BROU,0.31575360568769906,B001,BROU,0.3229205236051937,False
20266496,B001,BROU,0.30448444764704496,B001,BROU,0.26496398179167574,False
20266497,B001,BROU,0.28697116607449874,B001,BROU,0.2823047822775498,False
20266498,B001,BROU,0.3071264969017215,B001,BROU,0.3560442810163401,False
20266499,B001,BROU,0.32012507460166373,B001,BROU,0.2961838161739592,False
20266500,B001,BROU,0.3047226240365387,B001,BROU,0.3419768836985556,False
20266501,B001,BROU,0.321422354322937,B001,BROU,0.28817642649295716,False
20266502,B001,BROU,0.3196846284259476,B001,BROU,0.2643081864879161,False
20266503,B001,BROU,0.2868705455967321,B001,BROU,0.276324871630489,False
20266504,B001,BROU,0.29666343736482104,B001,BROU,0.3438139947558436,False
20266505,B001,BROU,0.28987020137949865,B001,BROU,0.27818005288719516,False
20266506,B001,BROU,0.30545154369187866,B001,BROU,0.27644637077838174,False
20266507,B001,BROU,0.31845435205709943,B001,BROU,0.23870831185176825,False
20266508,B001,BROU,0.2915256173802713,B001,BROU,0.27563054625154076,False
20266509,B001,BROU,0.28967091048275323,B001,BROU,0.3115659873764672,False
20266510,B001,BROU,0.29847101983155166,B001,BROU,0.28812458603774094,False
20266511,B001,BROU,0.3019681793096444,B001,BROU,0.3377678584473126,False
20266512,B001,BROU,0.32044825566387747,B001,BROU,0.3172517581471964,False
20266513,B001,BROU,0.3050412563484312,B001,BROU,0.2850672769713224,False
20266514,B001,BROU,0.33031569352674334,B001,BROU,0.32170763758459037,False
20266515,B001,BROU,0.2960731625278134,B001,BROU,0.2906429793211298,False
20266516,B001,BROU,0.310097205206583,B001,BROU,0.32525698447997115,False
20266517,B001,BROU,0.281229592535152,B001,BROU,0.2793607640884344,False
20266518,B001,BROU,0.29589899286682947,B001,BROU,0.30543565370974957,False
20266519,B001,BROU,0.2792680241808483,B001,BROU,0.29700132382967026,False
20266520,B001,BROU,0.32595416010914985,B001,BROU,0.33110058891036886,False
20266521,B001,BROU,0.27320281864794926,B001,BROU,0.2681022792813793,False
20266522,B001,BROU,0.3222606745742289,B001,BROU,0.29728157493929097,False
20266523,B001,BROU,0.2969434632090875,B001,BROU,0.3203561640597376,False
20266524,B001,BROU,0.3059174731134528,B001,BROU,0.3229895307150653,False
20266525,B001,BROU,0.3080825870824727,B001,BROU,0.2928297859265711,False
20266526,B001,BROU,0.29707307526089066,B001,BROU,0.2997143405758136,False
20266527,B001,BROU,0.2975676719113108,B001,BROU,0.28058437149484244,False
20266528,B001,BROU,0.29636932126943205,B001,BROU,0.3092755973484107,False
20266529,B001,BROU,0.3031430528752537,B001,BROU,0.2983134678762534,False
20266530,B001,BROU,0.27935910077693227,B001,BROU,0.2987901426049857,False
20266531,B001,BROU,0.31401291996721814,B001,BROU,0.2779306872100591,False
20266532,B001,BROU,0.2757669244571578,B001,BROU,0.3017693230865151,False
20266533,B001,BROU,0.327271482865341,B001,BROU,0.31195378240595034,False
20266534,B001,BROU,0.2999276307263085,B001,BROU,0.30611286321079373,False
20266535,B001,BROU,0.29785145088662524,B001,BROU,0.3042651373741999,False
20266536,B001,BROU,0.32520683984404164,B001,BROU,0.29542769829964755,False
20266537,B001,BROU,0.3060921073577535,B001,BROU,0.28032857104953046,False
20266538,B001,BROU,0.298807262948476,B001,BROU,0.3195014023545192,False
20266539,B001,BROU,0.2886727429327658,B001,BROU,0.270053156592531,False
20266540,B001,BROU,0.2994640611736705,B001,BROU,0.29750445851322477,False
20266541,B001,BROU,0.31214484944310017,B001,BROU,0.24513015149825537,False
20266542,B001,BROU,0.2915305463267035,B001,BROU,0.27096580528210384,False
20266543,B001,BROU,0.2759912607847113,B001,BROU,0.24426412636278602,False
20266544,B001,BROU,0.27962613804488734,B001,BROU,0.2667486964461645,False
20266545,B001,BROU,0.28553870802852144,B001,BROU,0.30847161444371995,False
20266546,B001,BROU,0.31586780109654355,B001,BROU,0.33034104175684614,False
20266547,B001,BROU,0.27514549857666115,B001,BROU,0.19779677779797622,False
20266548,B001,BROU,0.27961195758496904,B001,BROU,0.2848606878960723,False
20266549,B001,BROU,0.291966600370582,B001,BROU,0.28815381082199787,False
20266550,B001,BROU,0.33631747638247433,B001,BROU,0.28258219947954716,False
20266551,B001,BROU,0.3108138490505249,B001,BROU,0.29800118536342446,False
20266552,B001,BROU,0.3220868615670898,B001,BROU,0.29052735924912115,False
20266553,B001,BROU,0.29558274743576746,B001,BROU,0.33893865653208494,False
20266554,B001,BROU,0.31346048090862294,B001,BROU,0.24732884611700537,False
20266555,B001,BROU,0.30632918286312794,B001,BROU,0.3575175015169425,False
20266556,B001,BROU,0.3046191615160834,B001,BROU,0.30552108238463094,False
20266557,B001,BROU,0.3137018514781734,B001,BROU,0.33396728836178124,False
20266558,B001,BROU,0.30558137652603606,B001,BROU,0.28230219586707955,False
20266559,B001,BROU,0.32203643910108987,B001,BROU,0.3032792842213744,False
20266560,B001,BROU,0.2958935879246709,B001,BROU,0.27768924630148745,False
20266561,B001,BROU,0.3054113684706867,B001,BROU,0.30089912316370865,False
20266562,B001,BROU,0.29770483528396663,B001,BROU,0.28106343118067884,False
20266563,B001,BROU,0.3112235333442992,B007,Santander Uruguay,0.21433020026168967,True
20266564,B001,BROU,0.3074978135249967,B001,BROU,0.2631853330870176,False
20266565,B001,BROU,0.27874103517347915,B001,BROU,0.2799934970383437,False
20266566,B001,BROU,0.3278674713890936,B001,BROU,0.29600043650923735,False
20266567,B001,BROU,0.2958729250754851,B001,BROU,0.3384677227018715,False
20266568,B001,BROU,0.2956819742269629,B001,BROU,0.32725257626719834,False
20266569,B001,BROU,0.28381760771106956,B001,BROU,0.2681442386197232,False
20266570,B001,BROU,0.2905364284978146,B001,BROU,0.31574965449201475,False
20266571,B001,BROU,0.32505450370134426,B001,BROU,0.3262789718200752,False
20266572,B001,BROU,0.30796969786471756,B001,BROU,0.2946536775476154,False
20266573,B001,BROU,0.2952134874676163,B001,BROU,0.3196382153879939,False
20266574,B001,BROU,0.3026069500425913,B001,BROU,0.3161032379842796,False
20266575,B001,BROU,0.3216553570034633,B001,BROU,0.28739381685928456,False
20266576,B001,BROU,0.30632518105965745,B001,BROU,0.3002995422922894,False
20266577,B001,BROU,0.3187890316881601,B001,BROU,0.30208514743115805,False
20266578,B001,BROU,0.3147159723025853,B001,BROU,0.3292860525740465,False
20266579,B001,BROU,0.2773651177652506,B001,BROU,0.348850556424461,False
20266580,B001,BROU,0.2956872894451982,B001,BROU,0.2797196971134054,False
20266581,B001,BROU,0.31515302656274613,B001,BROU,0.28316445771028975,False
20266582,B001,BROU,0.3178189222490707,B001,BROU,0.2581314590812343,False
20266583,B001,BROU,0.278456725767631,B006,Itaú Uruguay,0.20351066764603395,True
20266584,B001,BROU,0.31562992715435606,B001,BROU,0.3226280753578043,False
20266585,B001,BROU,0.27723636169979077,B001,BROU,0.3133301644664183,False
20266586,B001,BROU,0.2840527816947718,B001,BROU,0.3001073040749826,False
20266587,B001,BROU,0.30446969566758775,B001,BROU,0.30769629796291675,False
20266588,B001,BROU,0.2826177411188676,B001,BROU,0.2977659541853234,False
20266589,B001,BROU,0.2866389563837967,B001,BROU,0.2685598039318466,False
20266590,B001,BROU,0.33290659817112855,B001,BROU,0.3114607887085398,False
20266591,B001,BROU,0.29482087772441656,B001,BROU,0.29627800988277475,False
20266592,B001,BROU,0.2996475184213429,B001,BROU,0.3343004271056236,False
20266593,B001,BROU,0.2838468506957574,B001,BROU,0.27353370101324287,False
20266594,B001,BROU,0.3265622891135563,B001,BROU,0.33237949889348983,False
20266595,B001,BROU,0.3102513517218616,B001,BROU,0.30179930511277414,False
20266596,B001,BROU,0.2972910816836095,B001,BROU,0.3140140512721523,False
20266597,B001,BROU,0.2794140909145107,B001,BROU,0.2549811129977109,False
20266598,B001,BROU,0.29365450684907546,B001,BROU,0.29994267476304304,False
20266599,B001,BROU,0.3130170398851213,B001,BROU,0.2911721722433006,False
20266600,B001,BROU,0.3024346184907306,B001,BROU,0.30264108691811936,False
20266601,B001,BROU,0.29512054449683234,B001,BROU,0.31022158082426243,False
20266602,B001,BROU,0.2858514710741041,B007,Santander Uruguay,0.18840604377441705,True
20266603,B001,BROU,0.3253248488041054,B001,BROU,0.31251395407806554,False
20266604,B001,BROU,0.30696530666241095,B001,BROU,0.29462388384151067,False
20266605,B001,BROU,0.3215344011744086,B001,BROU,0.3506512886776563,False
20266606,B001,BROU,0.31209664386373215,B001,BROU,0.3409557701939751,False
20266607,B001,BROU,0.3195142379436046,B001,BROU,0.3199004452663003,False
20266608,B001,BROU,0.29103654878715335,B001,BROU,0.269367620243117,False
20266609,B001,BROU,0.28561770789697105,B001,BROU,0.3090009158786056,False
20266610,B001,BROU,0.32736312127165274,B001,BROU,0.3235437974768039,False
20266611,B001,BROU,0.3199082797073994,B001,BROU,0.28001796700606524,False
20266612,B001,BROU,0.3243357853403343,B001,BROU,0.3384507328780424,False
20266613,B001,BROU,0.3147799672289107,B001,BROU,0.32996148100595873,False
20266614,B001,BROU,0.3098578094871483,B001,BROU,0.37209988657359233,False
20266615,B001,BROU,0.2752769067115561,B001,BROU,0.31976599209065565,False
20266616,B001,BROU,0.28987893746025833,B001,BROU,0.25832695720535376,False
20266617,B001,BROU,0.3191909780994083,B001,BROU,0.32747567469034833,False
20266618,B001,BROU,0.30806187126699924,B001,BROU,0.27711745149087774,False
20266619,B001,BROU,0.3229703331414383,B001,BROU,0.3036081951438718,False
20266620,B001,BROU,0.29732861224185103,B001,BROU,0.29428081290806224,False
20266621,B001,BROU,0.27709159100127423,B001,BROU,0.28184219996249527,False
20266622,B001,BROU,0.28649321507497116,B001,BROU,0.2683756295415499,False
20266623,B001,BROU,0.2887962905202712,B001,BROU,0.30230271475124615,False
20266624,B001,BROU,0.30782502047720667,B001,BROU,0.3519938114694245,False
20266625,B001,BROU,0.2859958986722466,B001,BROU,0.30281226920881854,False
20266626,B001,BROU,0.29984100870388697,B001,BROU,0.2910698307890801,False
20266627,B001,BROU,0.2946736052074575,B001,BROU,0.28428645042759276,False
20266628,B001,BROU,0.3006206429510299,B001,BROU,0.283753230785938,False
20266629,B001,BROU,0.28821158096412614,B001,BROU,0.3001864160808906,False
20266630,B001,BROU,0.31056959160664455,B001,BROU,0.2864922492397655,False
20266631,B001,BROU,0.3113084036818201,B001,BROU,0.2986985904470514,False
20266632,B001,BROU,0.2968334411094771,B001,BROU,0.31903900227527165,False
20266633,B001,BROU,0.3115461470261077,B001,BROU,0.29788315192290116,False
20266634,B001,BROU,0.27936614332006143,B001,BROU,0.3071179967083428,False
20266635,B001,BROU,0.3018929418679327,B001,BROU,0.27188561903175734,False
20266636,B001,BROU,0.30824517076409585,B001,BROU,0.2779313760832214,False
20266637,B001,BROU,0.30981505546319216,B001,BROU,0.30660108722619644,False
20266638,B001,BROU,0.2956189527553135,B001,BROU,0.2916721934494625,False
20266639,B001,BROU,0.2597106808850907,B001,BROU,0.2814072874881027,False
20266640,B001,BROU,0.289418444545326,B001,BROU,0.2565101424633039,False
20266641,B001,BROU,0.30631664703334105,B001,BROU,0.29551120607965964,False
20266642,B001,BROU,0.28145080482326745,B001,BROU,0.27141777922717075,False
20266643,B001,BROU,0.2850105568959928,B001,BROU,0.30989892746253384,False
20266644,B001,BROU,0.30204655723594254,B001,BROU,0.30572263665329347,False
20266645,B001,BROU,0.30005629405886763,B001,BROU,0.2768212619808339,False
20266646,B001,BROU,0.31925219697449414,B001,BROU,0.31716282157717074,False
20266647,B001,BROU,0.3299444904982298,B001,BROU,0.3511826760614876,False
20266648,B001,BROU,0.3352362768379515,B001,BROU,0.3421624675694165,False
20266649,B001,BROU,0.3002318805858613,B001,BROU,0.3424163068744504,False
20266650,B001,BROU,0.31772889902137086,B001,BROU,0.3000832727897311,False
20266651,B001,BROU,0.2798694452263273,B001,BROU,0.2517339944439103,False
20266652,B001,BROU,0.27493098375068503,B001,BROU,0.28122442662381686,False
20266653,B001,BROU,0.2928362649250105,B001,BROU,0.30151813408475164,False
20266654,B001,BROU,0.29843352183523136,B001,BROU,0.33923240796211146,False
20266655,B001,BROU,0.31874361080911623,B001,BROU,0.2959120445458165,False
20266656,B001,BROU,0.2750433673063028,B001,BROU,0.27495616996367556,False
20266657,B001,BROU,0.2920275059578406,B001,BROU,0.27444702016789896,False
20266658,B001,BROU,0.3048693687512707,B001,BROU,0.33622233207690994,False
20266659,B001,BROU,0.28922181578241535,B001,BROU,0.3037907426224773,False
20266660,B001,BROU,0.2987254702218313,B001,BROU,0.2884809165770818,False
20266661,B001,BROU,0.2789496675803306,B001,BROU,0.31564259683004714,False
20266662,B001,BROU,0.2875626497181063,B001,BROU,0.30133597522464656,False
20266663,B001,BROU,0.30538489724205303,B001,BROU,0.31233783110248703,False
20266664,B001,BROU,0.3194620761053008,B001,BROU,0.3142712968648822,False
20266665,B001,BROU,0.2700351947779055,B001,BROU,0.28947419307630406,False
20266666,B001,BROU,0.30081989374106266,B001,BROU,0.3099641466712372,False
20266667,B001,BROU,0.29237327800423984,B001,BROU,0.3077296872956021,False
20266668,B001,BROU,0.2995203857838884,B001,BROU,0.2938243148737928,False
20266669,B001,BROU,0.32236520564549553,B001,BROU,0.301936014970676,False
20266670,B001,BROU,0.29897788001259046,B001,BROU,0.29771592798231816,False
20266671,B001,BROU,0.3026103880433997,B001,BROU,0.3123304204025822,False
20266672,B001,BROU,0.31213449034985336,B001,BROU,0.29561432071073174,False
20266673,B001,BROU,0.2793055014903411,B001,BROU,0.24111773001407585,False
20266674,B001,BROU,0.32744372464845667,B001,BROU,0.304748249412107,False
20266675,B001,BROU,0.3303834693217661,B001,BROU,0.3207934869885991,False
20266676,B001,BROU,0.2947351323372781,B001,BROU,0.33926112756703347,False
20266677,B001,BROU,0.2909549034361744,B001,BROU,0.283671958049466,False
20266678,B001,BROU,0.29238034664825874,B001,BROU,0.27701756281657575,False
20266679,B001,BROU,0.2896260625129264,B001,BROU,0.27632768127801005,False
20266680,B001,BROU,0.29740713473549557,B001,BROU,0.2715524376130749,False
20266681,B001,BROU,0.31321491432488907,B001,BROU,0.33235118356775917,False
20266682,B001,BROU,0.29716583227494053,B001,BROU,0.2718969382393409,False
20266683,B001,BROU,0.30380539196157624,B001,BROU,0.29858273779800026,False
20266684,B001,BROU,0.2827754102547408,B001,BROU,0.31953228072604667,False
20266685,B001,BROU,0.3025932115258934,B001,BROU,0.2979493290144116,False
20266686,B001,BROU,0.26810125088777836,B001,BROU,0.29142067606397987,False
20266687,B001,BROU,0.3130346968762533,B001,BROU,0.32107818770907587,False
20266688,B001,BROU,0.3149778467030586,B001,BROU,0.2709242126152394,False
20266689,B001,BROU,0.2800890101280236,B001,BROU,0.25249475098262086,False
20266690,B001,BROU,0.30284632280741786,B001,BROU,0.3093299281018303,False
20266691,B001,BROU,0.32535406676894,B001,BROU,0.3177946512415393,False
20266692,B001,BROU,0.29615125302746714,B001,BROU,0.29608668815912736,False
20266693,B001,BROU,0.3020334660270763,B001,BROU,0.30503522460989324,False
20266694,B001,BROU,0.30023038541073277,B001,BROU,0.28421364319463105,False
20266695,B001,BROU,0.29012029636657055,B001,BROU,0.3054659413858475,False
20266696,B001,BROU,0.2974057625227672,B001,BROU,0.29467820668239225,False
20266697,B001,BROU,0.3333628273441271,B001,BROU,0.3237391242508864,False
20266698,B001,BROU,0.28501120017327586,B001,BROU,0.2573135250691421,False
20266699,B001,BROU,0.3056742137886166,B001,BROU,0.32021949030734537,False
20266700,B001,BROU,0.3112469436342473,B001,BROU,0.29238587598298,False
20266701,B001,BROU,0.27733342982649234,B001,BROU,0.26296563729716527,False
20266702,B001,BROU,0.28845590660993015,B001,BROU,0.2979621403901816,False
20266703,B001,BROU,0.2907480407577801,B001,BROU,0.2972835800087534,False
20266704,B001,BROU,0.30739160621719663,B001,BROU,0.30173531258967023,False
20266705,B001,BROU,0.28576021805025453,B001,BROU,0.2797233773889065,False
20266706,B001,BROU,0.28578259135229284,B001,BROU,0.2881362751006824,False
20266707,B001,BROU,0.29110464274247755,B001,BROU,0.274567368766341,False
20266708,B001,BROU,0.3038323308705676,B001,BROU,0.2662141811094354,False
20266709,B001,BROU,0.30126348918920176,B001,BROU,0.31596826582379656,False
20266710,B001,BROU,0.326857149889218,B001,BROU,0.31613214891759134,False
20266711,B001,BROU,0.27886278033323786,B001,BROU,0.30909863362219137,False
20266712,B001,BROU,0.28878867327459445,B001,BROU,0.24181159280156694,False
20266713,B001,BROU,0.2818935660630554,B001,BROU,0.25763527512587947,False
20266714,B001,BROU,0.30028899496792133,B001,BROU,0.3104699334491164,False
20266715,B001,BROU,0.2933842042547584,B001,BROU,0.28314701953998456,False
20266716,B001,BROU,0.29737654461589447,B001,BROU,0.27647466174676644,False
20266717,B001,BROU,0.30262204664100506,B001,BROU,0.27551197936852834,False
20266718,B001,BROU,0.31495465558973107,B001,BROU,0.29053258188854875,False
20266719,B001,BROU,0.29546899835869217,B001,BROU,0.3326694827526202,False
20266720,B001,BROU,0.27876577517125173,B001,BROU,0.2888394373708893,False
20266721,B001,BROU,0.30071153957762387,B001,BROU,0.2527712272760668,False
20266722,B001,BROU,0.3047584831727239,B001,BROU,0.32624759875569903,False
20266723,B001,BROU,0.2860244427962179,B001,BROU,0.29016673436509843,False
20266724,B001,BROU,0.31035918248170274,B001,BROU,0.3060746835300839,False
20266725,B001,BROU,0.2835546958226165,B001,BROU,0.32283690522711644,False
20266726,B001,BROU,0.3239992540795824,B001,BROU,0.3329732050560433,False
20266727,B001,BROU,0.29621122691407364,B001,BROU,0.305509991394149,False
20266728,B001,BROU,0.3062763272122958,B001,BROU,0.3132871657328711,False
20266729,B001,BROU,0.29962302150785775,B001,BROU,0.32451892093063184,False
20266730,B001,BROU,0.3220450330009069,B001,BROU,0.31345920726350684,False
20266731,B001,BROU,0.3073199578619622,B001,BROU,0.3126876580107416,False
20266732,B001,BROU,0.3099676497708659,B001,BROU,0.2889108292820179,False
20266733,B001,BROU,0.28012220297385787,B001,BROU,0.29002902930196156,False
20266734,B001,BROU,0.3342879445147231,B001,BROU,0.34637565373971313,False
20266735,B001,BROU,0.2957078038642431,B001,BROU,0.2725496775930634,False
20266736,B001,BROU,0.30474901057144616,B001,BROU,0.31028180609770395,False
20266737,B001,BROU,0.32224519082553027,B001,BROU,0.3252314848619863,False
20266738,B001,BROU,0.29536762389142035,B001,BROU,0.30098814434342647,False
20266739,B001,BROU,0.2886781832966412,B001,BROU,0.3630085127736512,False
20266740,B001,BROU,0.288433300676386,B001,BROU,0.3536098301976963,False
20266741,B001,BROU,0.30521910253194706,B001,BROU,0.3040752868768352,False
20266742,B001,BROU,0.2957992838065065,B001,BROU,0.33077243815622925,False
20266743,B001,BROU,0.31269822446681017,B001,BROU,0.23961490442213157,False
20266744,B001,BROU,0.3146141772688892,B001,BROU,0.33831994234167495,False
20266745,B001,BROU,0.29961484183449855,B001,BROU,0.30788384248737954,False
20266746,B001,BROU,0.26735058113691423,B001,BROU,0.2775056785109221,False
20266747,B001,BROU,0.31720638098054804,B001,BROU,0.35764773450688486,False
20266748,B001,BROU,0.2929597985042753,B001,BROU,0.3667515962342516,False
20266749,B001,BROU,0.3152271352003985,B001,BROU,0.34703081643751627,False
20266750,B001,BROU,0.2966410209995339,B001,BROU,0.34458212585268544,False
20266751,B001,BROU,0.314178947465714,B001,BROU,0.3191362906413997,False
20266752,B001,BROU,0.29466141352521824,B001,BROU,0.240787949805497,False
20266753,B001,BROU,0.31443144410830115,B001,BROU,0.3160131911802224,False
20266754,B001,BROU,0.31764500283106656,B001,BROU,0.3259290002943618,False
20266755,B001,BROU,0.30699181604884984,B001,BROU,0.31304426775460725,False
20266756,B001,BROU,0.2929588552748239,B001,BROU,0.28205875788785745,False
20266757,B001,BROU,0.30666894216066815,B001,BROU,0.3196674445596811,False
20266758,B001,BROU,0.29397027692116595,B001,BROU,0.24350579921843135,False
20266759,B001,BROU,0.2758185465652481,B001,BROU,0.2738302055215151,False
20266760,B001,BROU,0.28183926489706346,B001,BROU,0.28682130130965217,False
20266761,B001,BROU,0.29852733152175664,B001,BROU,0.26447054700367567,False
20266762,B001,BROU,0.31061053953306467,B001,BROU,0.29549066199088414,False
20266763,B001,BROU,0.3410075980361573,B001,BROU,0.3723698975105536,False
20266764,B001,BROU,0.3034275808172039,B001,BROU,0.3350708284085404,False
20266765,B001,BROU,0.2975288309697881,B001,BROU,0.3037490759404237,False
20266766,B001,BROU,0.3225358978821274,B001,BROU,0.3327930746693384,False
20266767,B001,BROU,0.30164733844268554,B001,BROU,0.3122832329369307,False
20266768,B001,BROU,0.30557584990641595,B001,BROU,0.3216113013197732,False
20266769,B001,BROU,0.3125401568191445,B001,BROU,0.302175920844418,False
20266770,B001,BROU,0.3279899946496359,B001,BROU,0.2787085041841349,False
20266771,B001,BROU,0.3024569263538739,B001,BROU,0.3338964380153208,False
20266772,B001,BROU,0.30502737717964723,B001,BROU,0.2846438983666167,False
20266773,B001,BROU,0.31260842600209937,B001,BROU,0.2807329537846598,False
20266774,B001,BROU,0.290362142256434,B001,BROU,0.2657573207926136,False
20266775,B001,BROU,0.30654477110491163,B001,BROU,0.2970731202658867,False
20266776,B001,BROU,0.34012641248783715,B001,BROU,0.30501679725957825,False
20266777,B001,BROU,0.31005922897083976,B001,BROU,0.31681958592423115,False
20266778,B001,BROU,0.29010685554880383,B001,BROU,0.29907728399202343,False
20266779,B001,BROU,0.303199105945116,B001,BROU,0.2867914297454875,False
20266780,B001,BROU,0.3135476509311821,B001,BROU,0.3091124781812196,False
20266781,B001,BROU,0.2953036881725549,B001,BROU,0.2818992963174286,False
20266782,B001,BROU,0.2939761477149071,B001,BROU,0.29309848205538735,False
20266783,B001,BROU,0.30939129356771267,B001,BROU,0.31342447981148275,False
20266784,B001,BROU,0.2934736500166698,B001,BROU,0.3146122291440495,False
20266785,B001,BROU,0.29302825112624925,B001,BROU,0.33288043548865165,False
20266786,B001,BROU,0.335096481116372,B001,BROU,0.327675364022843,False
20266787,B001,BROU,0.31063104357724924,B001,BROU,0.31637660247616384,False
20266788,B001,BROU,0.33136257250604306,B001,BROU,0.41134483742169964,False
20266789,B001,BROU,0.28929268363135474,B001,BROU,0.27984117518046436,False
20266790,B001,BROU,0.32360985428611955,B001,BROU,0.24867806411800705,False
20266791,B001,BROU,0.3158357752049098,B001,BROU,0.31956960214279995,False
20266792,B001,BROU,0.3484978061796228,B001,BROU,0.331221695441252,False
20266793,B001,BROU,0.28140428287292274,B001,BROU,0.26182267510090085,False
20266794,B001,BROU,0.32290696058185786,B001,BROU,0.26127871884656734,False
20266795,B001,BROU,0.3068251567877504,B001,BROU,0.29983044646298523,False
20266796,B001,BROU,0.2870058296019788,B001,BROU,0.3008514846010918,False
20266797,B001,BROU,0.2985359478446958,B001,BROU,0.28438510992618055,False
20266798,B001,BROU,0.29435245469849813,B001,BROU,0.34639752889318953,False
20266799,B001,BROU,0.3084023767509845,B001,BROU,0.26865850337152725,False
20266800,B001,BROU,0.3254202767131121,B001,BROU,0.3059942994899052,False
20266801,B001,BROU,0.3164142034578887,B001,BROU,0.3090080541193166,False
20266802,B001,BROU,0.30066810727097076,B001,BROU,0.3315593967422496,False
20266803,B001,BROU,0.3059237215597479,B001,BROU,0.3535360262327957,False
20266804,B001,BROU,0.30054358773710216,B001,BROU,0.2882505959303496,False
20266805,B001,BROU,0.3047203546647437,B001,BROU,0.2730876824484047,False
20266806,B001,BROU,0.29756511287587945,B001,BROU,0.32679241155833993,False
20266807,B001,BROU,0.31751432320123596,B001,BROU,0.3115913552209365,False
20266808,B001,BROU,0.3027094159704062,B001,BROU,0.30631715288255695,False
20266809,B001,BROU,0.319121242130403,B001,BROU,0.4447346592726254,False
20266810,B001,BROU,0.3075847627105829,B001,BROU,0.31831793184251095,False
20266811,B001,BROU,0.3027977856561437,B001,BROU,0.29939599142179607,False
20266812,B001,BROU,0.3032791042533568,B001,BROU,0.29326447101515934,False
20266813,B001,BROU,0.2920852399599063,B001,BROU,0.20577907903794712,False
20266814,B001,BROU,0.31996927073242554,B001,BROU,0.29431709111392856,False
20266815,B001,BROU,0.3083943701589718,B001,BROU,0.30508354504910673,False
20266816,B001,BROU,0.326010372839046,B001,BROU,0.306744909452384,False
20266817,B001,BROU,0.30099231994725445,B001,BROU,0.3010379023500407,False
20266818,B001,BROU,0.31887827962861226,B001,BROU,0.3465943815440777,False
20266819,B001,BROU,0.28585707440094543,B001,BROU,0.2382517457369166,False
20266820,B001,BROU,0.30434988225835546,B001,BROU,0.32852561851544315,False
20266821,B001,BROU,0.3099311318266549,B001,BROU,0.3311534588650568,False
20266822,B001,BROU,0.2874676619804074,B001,BROU,0.2764511047243087,False
20266823,B001,BROU,0.3151663140138493,B001,BROU,0.29036907823352615,False
20266824,B001,BROU,0.2989199139486357,B001,BROU,0.2762062912801561,False
20266825,B001,BROU,0.300687741190785,B001,BROU,0.31855676531148847,False
20266826,B001,BROU,0.298544818030484,B001,BROU,0.29460659961604085,False
20266827,B001,BROU,0.30051383498416284,B001,BROU,0.26597442948747024,False
20266828,B001,BROU,0.27944936627620615,B001,BROU,0.23874542744049979,False
20266829,B001,BROU,0.30264622996049617,B001,BROU,0.2963191044677634,False
20266830,B001,BROU,0.2957983002082091,B001,BROU,0.30322806805322794,False
20266831,B001,BROU,0.28926466129134976,B001,BROU,0.23306737179420003,False
20266832,B001,BROU,0.30452913658276687,B001,BROU,0.32097308106606265,False
20266833,B001,BROU,0.29469372371396113,B001,BROU,0.2669651576201329,False
20266834,B001,BROU,0.3439326772028876,B001,BROU,0.35593242824994403,False
20266835,B001,BROU,0.2926546662614584,B001,BROU,0.32263752219810515,False
20266836,B001,BROU,0.29576768715039364,B001,BROU,0.3457651503266292,False
20266837,B001,BROU,0.2899625013915802,B001,BROU,0.27717102135154603,False
20266838,B001,BROU,0.32459397036148385,B001,BROU,0.326483154382568,False
20266839,B001,BROU,0.2962556516776915,B001,BROU,0.3037592573769316,False
20266840,B001,BROU,0.28881567974878625,B001,BROU,0.2925580722372172,False
20266841,B001,BROU,0.29076247932489574,B001,BROU,0.25383835990552417,False
20266842,B001,BROU,0.28414128232205854,B001,BROU,0.2317621957574658,False
20266843,B001,BROU,0.3308788177955477,B001,BROU,0.2997374286815996,False
20266844,B001,BROU,0.31079476493769254,B001,BROU,0.27045593361930437,False
20266845,B001,BROU,0.3338309226312679,B001,BROU,0.317421858170127,False
20266846,B001,BROU,0.3271384225995811,B001,BROU,0.31235979241095163,False
20266847,B001,BROU,0.30706858583670543,B001,BROU,0.30279876049159066,False
20266848,B001,BROU,0.275814670519541,B001,BROU,0.2848653309937994,False
20266849,B001,BROU,0.3170239229450891,B001,BROU,0.3198248516017955,False
20266850,B001,BROU,0.2962231190196539,B001,BROU,0.27126975317093077,False
20266851,B001,BROU,0.33819614019186184,B001,BROU,0.345452936662458,False
20266852,B001,BROU,0.31025737635457,B001,BROU,0.3105504734234194,False
20266853,B001,BROU,0.3113998903161259,B001,BROU,0.31836088337503443,False
20266854,B001,BROU,0.30372047093410176,B001,BROU,0.3245539900434852,False
20266855,B001,BROU,0.2781378197044242,B001,BROU,0.2842968072823146,False
20266856,B001,BROU,0.30196977892250054,B001,BROU,0.3099904610217131,False
20266857,B001,BROU,0.2840476600347126,B001,BROU,0.28464954346995,False
20266858,B001,BROU,0.27754534929632246,B001,BROU,0.3204136577213353,False
20266859,B001,BROU,0.30039459833943855,B001,BROU,0.3551988967557484,False
20266860,B001,BROU,0.2998720348209607,B001,BROU,0.3216762632126496,False
20266861,B001,BROU,0.2936262552846951,B001,BROU,0.2980444386479607,False
20266862,B001,BROU,0.30319386699159157,B001,BROU,0.2839862294496641,False
20266863,B001,BROU,0.2800927074927252,B001,BROU,0.3030095971064305,False
20266864,B001,BROU,0.2822325701943838,B001,BROU,0.2627935838916978,False
20266865,B001,BROU,0.3217298139988063,B001,BROU,0.3332297477331911,False
20266866,B001,BROU,0.303394619415684,B001,BROU,0.2441849381442095,False
20266867,B001,BROU,0.3088805136090689,B001,BROU,0.2993221161697809,False
20266868,B001,BROU,0.2904064376292209,B001,BROU,0.3070393801772494,False
20266869,B001,BROU,0.3241636349464131,B001,BROU,0.30647657726292005,False
20266870,B001,BROU,0.3084176209348546,B001,BROU,0.2917459278335763,False
20266871,B001,BROU,0.31749479324339686,B001,BROU,0.2945132936014745,False
20266872,B001,BROU,0.2834526908763311,B001,BROU,0.25468521115157217,False
20266873,B001,BROU,0.30775667157814784,B001,BROU,0.32602285282640514,False
20266874,B001,BROU,0.2811533233686466,B001,BROU,0.32652752453602446,False
20266875,B001,BROU,0.2867309383084988,B001,BROU,0.29139177277859823,False
20266876,B001,BROU,0.31084003839777674,B001,BROU,0.2891335826159701,False
20266877,B001,BROU,0.2910118313577606,B001,BROU,0.26231532546948994,False
20266878,B001,BROU,0.282820715719195,B001,BROU,0.2890722132249312,False
20266879,B001,BROU,0.3112907603738335,B001,BROU,0.3129937536017156,False
20266880,B001,BROU,0.31293333812483015,B001,BROU,0.2624613815498458,False
20266881,B001,BROU,0.28367077305922755,B001,BROU,0.3033899465043649,False
20266882,B001,BROU,0.3216757123393927,B001,BROU,0.2851939400899292,False
20266883,B001,BROU,0.28166148691498966,B001,BROU,0.28714121111565666,False
20266884,B001,BROU,0.2830579727005083,B001,BROU,0.2620551218199412,False
20266885,B001,BROU,0.2752948557728486,B001,BROU,0.2826048131717134,False
20266886,B001,BROU,0.302034572335911,B001,BROU,0.3175551833746727,False
20266887,B001,BROU,0.2920803748421195,B001,BROU,0.2984514744056972,False
20266888,B001,BROU,0.28753439419858595,B001,BROU,0.30127073263843307,False
20266889,B001,BROU,0.3189881599642231,B001,BROU,0.3206221144569455,False
20266890,B001,BROU,0.2972428177393826,B001,BROU,0.3021653300729384,False
20266891,B001,BROU,0.31101845067789036,B001,BROU,0.21506028396306906,False
20266892,B001,BROU,0.3202977150140333,B001,BROU,0.33370501866563385,False
20266893,B001,BROU,0.3292271960707189,B001,BROU,0.3305831941809515,False
20266894,B001,BROU,0.31347281909709557,B001,BROU,0.33323296913277534,False
20266895,B001,BROU,0.3192566927783472,B001,BROU,0.3190702373779948,False
20266896,B001,BROU,0.28109986962562034,B001,BROU,0.3015334299991355,False
20266897,B001,BROU,0.2819975530721743,B001,BROU,0.2615989591580303,False
20266898,B001,BROU,0.28938664787871865,B001,BROU,0.23695903641693603,False
20266899,B001,BROU,0.31717214156772855,B001,BROU,0.3032660640630621,False
20266900,B001,BROU,0.2753498582229129,B001,BROU,0.294640781982002,False
20266901,B001,BROU,0.3047348276653951,B001,BROU,0.3268003250593987,False
20266902,B001,BROU,0.3186046073986317,B001,BROU,0.28138634928885936,False
20266903,B001,BROU,0.30755863469170924,B001,BROU,0.29891867580837544,False
20266904,B001,BROU,0.2982921340658346,B001,BROU,0.3262002055535731,False
20266905,B001,BROU,0.29856102113261057,B001,BROU,0.31181228358545926,False
20266906,B001,BROU,0.29623520457914027,B001,BROU,0.2888751393014404,False
20266907,B001,BROU,0.28861281198659994,B001,BROU,0.3064403527899955,False
20266908,B001,BROU,0.31483601014094087,B001,BROU,0.28678854609000254,False
20266909,B001,BROU,0.2870328182935029,B001,BROU,0.28316194733389854,False
20266910,B001,BROU,0.30508421267158464,B001,BROU,0.3617554885572919,False
20266911,B001,BROU,0.31229576170511747,B001,BROU,0.30255078543880937,False
20266912,B001,BROU,0.28073451923124143,B001,BROU,0.29111719197289865,False
20266913,B001,BROU,0.3100444059676868,B001,BROU,0.379345040714161,False
20266914,B001,BROU,0.3160762781793705,B001,BROU,0.32352810329181925,False
20266915,B001,BROU,0.28431840636915184,B001,BROU,0.291907091803333,False
20266916,B001,BROU,0.2896479022691737,B001,BROU,0.3010207057455061,False
20266917,B001,BROU,0.3357557505476544,B001,BROU,0.3166982497133604,False
20266918,B001,BROU,0.3327614102220686,B001,BROU,0.3414398445786884,False
20266919,B001,BROU,0.2816810588151814,B001,BROU,0.30165145098436597,False
20266920,B001,BROU,0.2751304878789699,B001,BROU,0.22425168109338747,False
20266921,B001,BROU,0.30877920792002367,B001,BROU,0.27739044762775417,False
20266922,B001,BROU,0.29637690389422716,B001,BROU,0.2788241510109036,False
20266923,B001,BROU,0.33152347671016635,B001,BROU,0.3259259308145544,False
20266924,B001,BROU,0.3218410034771918,B001,BROU,0.354607625315144,False
20266925,B001,BROU,0.3063925849270587,B001,BROU,0.3297865150077541,False
20266926,B001,BROU,0.2949197251597123,B001,BROU,0.3111399689079248,False
20266927,B001,BROU,0.2840412727137635,B001,BROU,0.30559466551549114,False
20266928,B001,BROU,0.28695351988554857,B001,BROU,0.26452734670933314,False
20266929,B001,BROU,0.299057305723833,B001,BROU,0.2827777183623747,False
20266930,B001,BROU,0.29320757365687516,B001,BROU,0.3246603189344954,False
20266931,B001,BROU,0.3079423826839939,B001,BROU,0.2828076865191711,False
20266932,B001,BROU,0.3015501499254232,B001,BROU,0.2837765088170213,False
20266933,B001,BROU,0.2991630176668879,B001,BROU,0.2946882554137336,False
20266934,B001,BROU,0.3034506743652731,B001,BROU,0.3120473688359022,False
20266935,B001,BROU,0.288743029172598,B001,BROU,0.25829042522476664,False
20266936,B001,BROU,0.31211277973669327,B001,BROU,0.37328711959021227,False
20266937,B001,BROU,0.3003375427806305,B001,BROU,0.2907869850594849,False
20266938,B001,BROU,0.2901380738609269,B001,BROU,0.3158986109701647,False
20266939,B001,BROU,0.3023175495319588,B001,BROU,0.3084010734573957,False
20266940,B001,BROU,0.27530415018359294,B001,BROU,0.2930895980429618,False
20266941,B001,BROU,0.2813117666088467,B001,BROU,0.2785053595270441,False
20266942,B001,BROU,0.28434748507272983,B001,BROU,0.19488115372556417,False
20266943,B001,BROU,0.3070169674040888,B001,BROU,0.30615870305911114,False
20266944,B001,BROU,0.32059856955124416,B001,BROU,0.19391227324635188,False
20266945,B001,BROU,0.30958949499415983,B001,BROU,0.31619957540416455,False
20266946,B001,BROU,0.3018178062122683,B001,BROU,0.3122497341805619,False
20266947,B001,BROU,0.3054593313295558,B001,BROU,0.306522966757323,False
20266948,B001,BROU,0.29598458053322746,B001,BROU,0.30983946850788263,False
20266949,B001,BROU,0.3069362112107989,B001,BROU,0.29930616177632946,False
20266950,B001,BROU,0.3048741341604687,B001,BROU,0.31348071737234795,False
20266951,B001,BROU,0.30962820677914604,B001,BROU,0.3033588542442965,False
20266952,B001,BROU,0.30918756071028863,B001,BROU,0.29510380047599727,False
20266953,B001,BROU,0.30728956676924574,B001,BROU,0.3058413551597698,False
20266954,B001,BROU,0.28964201570328085,B001,BROU,0.34169257806365433,False
20266955,B001,BROU,0.32156827434794366,B001,BROU,0.2865998821673252,False
20266956,B001,BROU,0.3021992829309915,B001,BROU,0.3172231300969592,False
20266957,B001,BROU,0.293063814648425,B001,BROU,0.3140047394140752,False
20266958,B001,BROU,0.2888723600589371,B001,BROU,0.29365914096811596,False
20266959,B001,BROU,0.28411474824900296,B001,BROU,0.29087842643527034,False
20266960,B001,BROU,0.2988118326768629,B001,BROU,0.2477875969205532,False
20266961,B001,BROU,0.2980911722176229,B001,BROU,0.29826287605723645,False
20266962,B001,BROU,0.3039598010414306,B001,BROU,0.25909635138662085,False
20266963,B001,BROU,0.2923411624635689,B001,BROU,0.28940345227814135,False
20266964,B001,BROU,0.28564861207115505,B001,BROU,0.22976762581365703,False
20266965,B001,BROU,0.29532712681832946,B001,BROU,0.27021549198926575,False
20266966,B001,BROU,0.32366479883013677,B001,BROU,0.3116874167803863,False
20266967,B001,BROU,0.3069542320006653,B001,BROU,0.30630185645889996,False
20266968,B001,BROU,0.2899399089651861,B001,BROU,0.33010712448218116,False
20266969,B001,BROU,0.30420954238452097,B001,BROU,0.31204322427107295,False
20266970,B001,BROU,0.28833164193985117,B001,BROU,0.30272342255245327,False
20266971,B001,BROU,0.2966714730808236,B001,BROU,0.29743985900274816,False
20266972,B001,BROU,0.29259880419953427,B001,BROU,0.311184833892944,False
20266973,B001,BROU,0.2955654592902988,B001,BROU,0.3520673473730011,False
20266974,B001,BROU,0.34169886223102175,B001,BROU,0.3145261067695457,False
20266975,B001,BROU,0.27833281812569655,B001,BROU,0.33733482886604543,False
20266976,B001,BROU,0.30076311651988136,B001,BROU,0.2871423985705841,False
20266977,B001,BROU,0.3100157741405078,B001,BROU,0.3287862863907087,False
20266978,B001,BROU,0.2880871234973093,B001,BROU,0.32389801458213513,False
20266979,B001,BROU,0.32782396985515755,B001,BROU,0.3229616403401879,False
20266980,B001,BROU,0.30200403038271484,B001,BROU,0.29350190605921334,False
20266981,B001,BROU,0.29720404903828535,B001,BROU,0.28466361624400943,False
20266982,B001,BROU,0.2845965618645781,B001,BROU,0.3034497009348717,False
20266983,B001,BROU,0.29759209550128485,B001,BROU,0.2682094840175407,False
20266984,B001,BROU,0.28610164074697253,B001,BROU,0.26267363119870385,False
20266985,B001,BROU,0.3027340558762053,B001,BROU,0.2777452653138947,False
20266986,B001,BROU,0.3153357048834837,B001,BROU,0.2949172587777038,False
20266987,B001,BROU,0.3063600916471112,B001,BROU,0.30964301543843303,False
20266988,B001,BROU,0.30375569642452305,B001,BROU,0.30412880245940926,False
20266989,B001,BROU,0.27513603979166135,B001,BROU,0.2769144415198259,False
20266990,B001,BROU,0.30577099210833286,B001,BROU,0.3152664001189656,False
20266991,B001,BROU,0.3221568734092787,B001,BROU,0.34000274861070223,False
20266992,B001,BROU,0.29901266693491874,B001,BROU,0.3111876806795015,False
20266993,B001,BROU,0.30833559491719753,B001,BROU,0.3226362354617901,False
20266994,B001,BROU,0.30851806608823307,B001,BROU,0.30503729971662974,False
20266995,B001,BROU,0.3159881589455291,B001,BROU,0.31637303235258496,False
20266996,B001,BROU,0.29154332965822616,B001,BROU,0.3004080285699562,False
20266997,B001,BROU,0.3030010968620257,B001,BROU,0.28641787900586535,False
20266998,B001,BROU,0.2903459093080287,B001,BROU,0.27889036046695864,False
20266999,B001,BROU,0.30530097905634246,B001,BROU,0.3029648143583145,False
20267000,B001,BROU,0.30780358320767764,B001,BROU,0.3023758839853558,False
20267001,B001,BROU,0.3048964617390128,B001,BROU,0.3098809432478966,False
20267002,B001,BROU,0.3010411277053805,B001,BROU,0.29828252185494886,False
20267003,B001,BROU,0.31107256778427517,B001,BROU,0.32023481665188924,False
20267004,B001,BROU,0.3117713870033383,B001,BROU,0.3178031105928243,False
20267005,B001,BROU,0.3075893168832316,B001,BROU,0.3282479637887293,False
20267006,B001,BROU,0.3397234913445948,B001,BROU,0.3417429156360028,False
20267007,B001,BROU,0.33382693112203454,B001,BROU,0.3195948055331905,False
20267008,B001,BROU,0.28994584465908774,B001,BROU,0.30911363505957407,False
20267009,B001,BROU,0.2842615805752045,B001,BROU,0.27735466974672485,False
20267010,B001,BROU,0.2811319998464801,B001,BROU,0.28546732291172827,False
20267011,B001,BROU,0.2737100750973904,B001,BROU,0.28074005804110214,False
20267012,B001,BROU,0.29109204621163476,B001,BROU,0.2878078952180828,False
20267013,B001,BROU,0.31328035917388725,B001,BROU,0.3057977980336449,False
20267014,B001,BROU,0.2742965739445738,B001,BROU,0.28745066264446717,False
20267015,B001,BROU,0.30928847025005235,B001,BROU,0.3135573314048955,False
20267016,B001,BROU,0.2886522615339249,B001,BROU,0.22592603604953296,False
20267017,B001,BROU,0.31005231858456683,B001,BROU,0.2700042284067528,False
20267018,B001,BROU,0.2803430158480344,B001,BROU,0.31383029670985163,False
20267019,B001,BROU,0.2918848325005988,B001,BROU,0.3132251793952394,False
20267020,B001,BROU,0.3132248353900001,B001,BROU,0.2999749355258729,False
20267021,B001,BROU,0.29722090038649457,B001,BROU,0.29151177832593694,False
20267022,B001,BROU,0.2850164188474122,B001,BROU,0.3148320323092486,False
20267023,B001,BROU,0.30805908706290197,B001,BROU,0.2943957833960323,False
20267024,B001,BROU,0.28277394556352037,B001,BROU,0.3197710606305364,False
20267025,B001,BROU,0.280684993484211,B001,BROU,0.25724752639355136,False
20267026,B001,BROU,0.28223806629595133,B001,BROU,0.2840644736384208,False
20267027,B001,BROU,0.2911070365073162,B001,BROU,0.33181554772322125,False
20267028,B001,BROU,0.3108112822323878,B001,BROU,0.32433542480181066,False
20267029,B001,BROU,0.3106976751035183,B001,BROU,0.30873749854434335,False
20267030,B001,BROU,0.3040810853828536,B001,BROU,0.35274986134523406,False
20267031,B001,BROU,0.2754151340375326,B001,BROU,0.2831016831729919,False
20267032,B001,BROU,0.3238204979761716,B001,BROU,0.3134103771145714,False
20267033,B001,BROU,0.31119267473981904,B001,BROU,0.2965621233518227,False
20267034,B001,BROU,0.3077328095946734,B001,BROU,0.3178016519536557,False
20267035,B001,BROU,0.31409310599337614,B001,BROU,0.3157273433253,False
20267036,B001,BROU,0.2813290525302354,B001,BROU,0.28579316913833075,False
20267037,B001,BROU,0.30130639073926646,B001,BROU,0.3129520364958091,False
20267038,B001,BROU,0.31933057432417716,B001,BROU,0.3063468909942843,False
20267039,B001,BROU,0.2986503401878873,B001,BROU,0.2983669921153052,False
20267040,B001,BROU,0.2982127991070229,B001,BROU,0.29468522357641225,False
20267041,B001,BROU,0.3212908315169683,B001,BROU,0.3383481774939718,False
20267042,B001,BROU,0.2973919455967393,B001,BROU,0.21151144946957637,False
20267043,B001,BROU,0.28523620374150827,B001,BROU,0.2967765091973608,False
20267044,B001,BROU,0.35349746034578566,B001,BROU,0.3079649231116095,False
20267045,B001,BROU,0.2799334393050065,B001,BROU,0.27671523112503155,False
20267046,B001,BROU,0.3128147591221313,B001,BROU,0.30665836651813894,False
20267047,B001,BROU,0.2883255979973228,B001,BROU,0.27999789151804566,False
20267048,B001,BROU,0.3407067168383682,B006,Itaú Uruguay,0.22398036670404028,True
20267049,B001,BROU,0.3001689496359935,B001,BROU,0.29055465908615646,False
20267050,B001,BROU,0.33023556524615155,B001,BROU,0.3423099980389755,False
20267051,B001,BROU,0.29290082492291747,B001,BROU,0.3061935704639737,False
20267052,B001,BROU,0.3072822090563014,B001,BROU,0.3137167423338793,False
20267053,B001,BROU,0.3182135383140988,B001,BROU,0.3223048955618654,False
20267054,B001,BROU,0.2816938020019987,B001,BROU,0.3101487876808324,False
20267055,B001,BROU,0.2915043366300414,B001,BROU,0.2777043398488117,False
20267056,B001,BROU,0.2720143472792521,B001,BROU,0.21477537372036687,False
20267057,B001,BROU,0.2993119881933979,B001,BROU,0.3215303896803209,False
20267058,B001,BROU,0.29557843511681225,B001,BROU,0.30945624942359956,False
20267059,B001,BROU,0.28632744903575935,B001,BROU,0.2688859353538563,False
20267060,B001,BROU,0.28133976180290177,B001,BROU,0.305678762386737,False
20267061,B001,BROU,0.2920595012011386,B001,BROU,0.29761177144410433,False
20267062,B001,BROU,0.30756493377569577,B001,BROU,0.32518198475259286,False
20267063,B001,BROU,0.3020816686952912,B001,BROU,0.2926109707181726,False
20267064,B001,BROU,0.28966413073191366,B001,BROU,0.3210757523793459,False
20267065,B001,BROU,0.29425953798285226,B001,BROU,0.29879097877380156,False
20267066,B001,BROU,0.3159612955784024,B001,BROU,0.3261098511714503,False
20267067,B001,BROU,0.3087164035827766,B001,BROU,0.2665088161686245,False
20267068,B001,BROU,0.3264660457288659,B001,BROU,0.30692147110598045,False
20267069,B001,BROU,0.2872158398774776,B001,BROU,0.3315851258674631,False
20267070,B001,BROU,0.2923505619126278,B001,BROU,0.30149585503722315,False
20267071,B001,BROU,0.29480906328978845,B001,BROU,0.3104456329580465,False
20267072,B001,BROU,0.2931601834100579,B001,BROU,0.2901930234213595,False
20267073,B001,BROU,0.3033069378997572,B001,BROU,0.28109392721211274,False
20267074,B001,BROU,0.32778071989033486,B001,BROU,0.3331422276224167,False
20267075,B001,BROU,0.28207118761247796,B001,BROU,0.2768276596879387,False
20267076,B001,BROU,0.2982586652566118,B001,BROU,0.2732727879415048,False
20267077,B001,BROU,0.2971921644803384,B001,BROU,0.3283042257739218,False
20267078,B001,BROU,0.30885832079400444,B001,BROU,0.3756241297974138,False
20267079,B001,BROU,0.3115004937262762,B001,BROU,0.3249365320084146,False
20267080,B001,BROU,0.3220554700692736,B001,BROU,0.32235610588865693,False
20267081,B001,BROU,0.28673979910625813,B001,BROU,0.2677073269266193,False
20267082,B001,BROU,0.303950257038301,B001,BROU,0.28991745373264394,False
20267083,B001,BROU,0.2963084317926845,B001,BROU,0.2681632207247556,False
20267084,B001,BROU,0.2756819659945383,B001,BROU,0.3164235211674161,False
20267085,B001,BROU,0.2995752393947266,B001,BROU,0.28918528691959644,False
20267086,B001,BROU,0.30545761852184966,B001,BROU,0.32077077649406194,False
20267087,B001,BROU,0.3133908402308559,B001,BROU,0.30758669569592856,False
20267088,B001,BROU,0.2950555482293521,B001,BROU,0.29721449901470215,False
20267089,B001,BROU,0.2798874433656671,B001,BROU,0.28651483233513064,False
20267090,B001,BROU,0.3181595429655939,B001,BROU,0.31521070699878184,False
20267091,B001,BROU,0.3134888611816739,B001,BROU,0.3103431954843426,False
20267092,B001,BROU,0.2822079896003242,B001,BROU,0.30570071251189496,False
20267093,B001,BROU,0.3339355685351027,B001,BROU,0.31817982968008884,False
20267094,B001,BROU,0.3391420632579541,B001,BROU,0.33476284874392537,False
20267095,B001,BROU,0.2813344457270259,B001,BROU,0.32749937433699755,False
20267096,B001,BROU,0.3169861854880611,B001,BROU,0.2541669604486617,False
20267097,B001,BROU,0.2793355377185581,B001,BROU,0.2311394348585821,False
20267098,B001,BROU,0.30102699749204154,B001,BROU,0.3045428820459039,False
20267099,B001,BROU,0.32174315699550216,B001,BROU,0.30549523960187286,False
20267100,B001,BROU,0.31920692822437824,B001,BROU,0.2712950939545848,False
20267101,B001,BROU,0.2766393460823179,B001,BROU,0.2930204174284381,False
20267102,B001,BROU,0.29448386566977003,B001,BROU,0.277779293704366,False
20267103,B001,BROU,0.30340687892283236,B001,BROU,0.32257504508860907,False
20267104,B001,BROU,0.3455401246588739,B001,BROU,0.3772870781750835,False
20267105,B001,BROU,0.29335601993422566,B001,BROU,0.2995820615802095,False
20267106,B001,BROU,0.27694034207540563,B001,BROU,0.2930169000558721,False
20267107,B001,BROU,0.3212255816319587,B001,BROU,0.31595561833254576,False
20267108,B001,BROU,0.33708088498767985,B001,BROU,0.28523156830557866,False
20267109,B001,BROU,0.3220310444005104,B001,BROU,0.3236447273272481,False
20267110,B001,BROU,0.32485970749406623,B001,BROU,0.3289999008536818,False
20267111,B001,BROU,0.28419277823885686,B001,BROU,0.3028816418592521,False
20267112,B001,BROU,0.3139395749960794,B001,BROU,0.3037330467336916,False
20267113,B001,BROU,0.299887901004006,B001,BROU,0.3045790419149734,False
20267114,B001,BROU,0.3250553329027847,B001,BROU,0.32294674410424284,False
20267115,B001,BROU,0.2981513840577737,B001,BROU,0.31919895583482377,False
20267116,B001,BROU,0.28556427174007465,B001,BROU,0.3146081988426411,False
20267117,B001,BROU,0.30151668420803046,B001,BROU,0.24045370389617873,False
20267118,B001,BROU,0.3070212327439525,B001,BROU,0.2911669548212227,False
20267119,B001,BROU,0.2983409475717082,B001,BROU,0.3538627161075474,False
20267120,B001,BROU,0.2996669358440359,B001,BROU,0.31266803033084056,False
20267121,B001,BROU,0.3105959635075776,B001,BROU,0.30947676398428947,False
20267122,B001,BROU,0.32083902825772925,B001,BROU,0.3019137574111326,False
20267123,B001,BROU,0.29075865823079095,B001,BROU,0.2896515193586085,False
20267124,B001,BROU,0.31380753481889057,B001,BROU,0.3178907318105936,False
20267125,B001,BROU,0.26525254499052064,B001,BROU,0.2514207927144932,False
20267126,B001,BROU,0.3141366913555787,B001,BROU,0.3064160614348322,False
20267127,B001,BROU,0.28673541931869967,B001,BROU,0.2780163604115487,False
20267128,B001,BROU,0.299758421366956,B001,BROU,0.33807606284537955,False
20267129,B001,BROU,0.31466486015090356,B001,BROU,0.30549827633574733,False
20267130,B001,BROU,0.2934762849167539,B001,BROU,0.31158473418723226,False
20267131,B001,BROU,0.2987639216093949,B001,BROU,0.29810910373096844,False
20267132,B001,BROU,0.29368142474864495,B001,BROU,0.3152067655933089,False
20267133,B001,BROU,0.3223330773303237,B001,BROU,0.3301269976155422,False
20267134,B001,BROU,0.3075137487177456,B001,BROU,0.2910590616497904,False
20267135,B001,BROU,0.31236935738676364,B001,BROU,0.3249179373607474,False
20267136,B001,BROU,0.30138976470045886,B001,BROU,0.3066252698806172,False
20267137,B001,BROU,0.3194433421973199,B001,BROU,0.2988877539803521,False
20267138,B001,BROU,0.31768221075825687,B001,BROU,0.34038593577400855,False
20267139,B001,BROU,0.2965272361395844,B001,BROU,0.29802567384744166,False
20267140,B001,BROU,0.3101291613562899,B001,BROU,0.26432638227288513,False
20267141,B001,BROU,0.29073857455133456,B001,BROU,0.3231040042728264,False
20267142,B001,BROU,0.288787195028878,B001,BROU,0.27494412373627575,False
20267143,B001,BROU,0.2785115157045336,B001,BROU,0.328345593826874,False
20267144,B001,BROU,0.3364364078115291,B001,BROU,0.3116891808542729,False
20267145,B001,BROU,0.2774815437364697,B001,BROU,0.28249316213664527,False
20267146,B001,BROU,0.31847119577601074,B001,BROU,0.2545198101788528,False
20267147,B001,BROU,0.30969160588582917,B001,BROU,0.30526458246952215,False
20267148,B001,BROU,0.3020150563525222,B001,BROU,0.3192753733706022,False
20267149,B001,BROU,0.31703941926384893,B001,BROU,0.27655655473220525,False
20267150,B001,BROU,0.31545445966041014,B001,BROU,0.2942997935045431,False
20267151,B001,BROU,0.3283646533690191,B001,BROU,0.30863806861080295,False
20267152,B001,BROU,0.28167660995594845,B001,BROU,0.29520980884445874,False
20267153,B001,BROU,0.3231793992586495,B001,BROU,0.33105542592830156,False
20267154,B001,BROU,0.298907099591249,B001,BROU,0.31251477231192987,False
20267155,B001,BROU,0.28913236085830935,B001,BROU,0.3355220256404513,False
20267156,B001,BROU,0.2903318727102596,B001,BROU,0.24337104254597508,False
20267157,B001,BROU,0.2767025850536015,B001,BROU,0.29903084691158266,False
20267158,B001,BROU,0.32856102054204406,B001,BROU,0.35247595897517964,False
20267159,B001,BROU,0.29629259975738004,B001,BROU,0.27311339664520023,False
20267160,B001,BROU,0.29641653903685505,B001,BROU,0.25080184240485526,False
20267161,B001,BROU,0.29373545468836354,B001,BROU,0.283444328868843,False
20267162,B001,BROU,0.31359138778038215,B001,BROU,0.3143017551470884,False
20267163,B001,BROU,0.2919257340455184,B001,BROU,0.3465565434526271,False
20267164,B001,BROU,0.30355490077561464,B001,BROU,0.34656731468405705,False
20267165,B001,BROU,0.29375266928512195,B001,BROU,0.33384058850237064,False
20267166,B001,BROU,0.2961520819714829,B001,BROU,0.30405946279818924,False
20267167,B001,BROU,0.28053326463914274,B001,BROU,0.29092733553299743,False
20267168,B001,BROU,0.30117556443245547,B001,BROU,0.30966108013470234,False
20267169,B001,BROU,0.2754750927439666,B001,BROU,0.2810896695568854,False
20267170,B001,BROU,0.298377454962159,B001,BROU,0.30797881853774833,False
20267171,B001,BROU,0.26576992138358524,B001,BROU,0.2923388564232156,False
20267172,B001,BROU,0.3247248793881075,B001,BROU,0.31546115361096355,False
20267173,B001,BROU,0.28877602239066436,B001,BROU,0.29671633618942295,False
20267174,B001,BROU,0.32318996966865376,B001,BROU,0.359747375625998,False
20267175,B001,BROU,0.30361027250074013,B001,BROU,0.3187534510495881,False
20267176,B001,BROU,0.30358025064822475,B001,BROU,0.3154050111232072,False
20267177,B001,BROU,0.2895449296182505,B001,BROU,0.32633026922554476,False
20267178,B001,BROU,0.3043490688216199,B001,BROU,0.334785055497432,False
20267179,B001,BROU,0.30542119478315755,B001,BROU,0.2981817275167506,False
20267180,B001,BROU,0.3022262621653833,B001,BROU,0.2930833631666766,False
20267181,B001,BROU,0.29156127508479845,B001,BROU,0.30261774633511623,False
20267182,B001,BROU,0.28486483309641925,B001,BROU,0.24310603699769293,False
20267183,B001,BROU,0.2815163500525133,B001,BROU,0.3140216990237894,False
20267184,B001,BROU,0.3055644739391965,B001,BROU,0.3079501354073322,False
20267185,B001,BROU,0.2864769918863218,B001,BROU,0.2901994951106307,False
20267186,B001,BROU,0.30011098801806463,B001,BROU,0.28666317901566885,False
20267187,B001,BROU,0.2859528963208658,B001,BROU,0.2950310216721603,False
20267188,B001,BROU,0.30760517829466816,B001,BROU,0.2851323314685472,False
20267189,B001,BROU,0.27819402934134985,B001,BROU,0.3068265090420969,False
20267190,B001,BROU,0.285416739876257,B001,BROU,0.3297823044428538,False
20267191,B001,BROU,0.32691789262370524,B001,BROU,0.31605959470580197,False
20267192,B001,BROU,0.299040891701421,B001,BROU,0.3159742451186292,False
20267193,B001,BROU,0.33019975394149026,B001,BROU,0.28995766742296203,False
20267194,B001,BROU,0.2902081316628808,B001,BROU,0.2903347182511956,False
20267195,B001,BROU,0.30744932418643633,B001,BROU,0.2598984031006126,False
20267196,B001,BROU,0.28845273622335543,B001,BROU,0.29925512775886937,False
20267197,B001,BROU,0.2976261084613091,B001,BROU,0.31018475603476114,False
20267198,B001,BROU,0.29469128026194563,B001,BROU,0.3196893534675317,False
20267199,B001,BROU,0.3193617388450048,B001,BROU,0.32284084304257904,False
20267200,B001,BROU,0.3148401412210412,B001,BROU,0.30984856834639773,False
20267201,B001,BROU,0.3028458785504143,B001,BROU,0.31748319538084324,False
20267202,B001,BROU,0.29797503780770396,B001,BROU,0.29983523931126466,False
20267203,B001,BROU,0.3102699489783514,B001,BROU,0.3022280404381866,False
20267204,B001,BROU,0.33002214109191275,B001,BROU,0.2966670832218564,False
20267205,B001,BROU,0.3115699748491252,B001,BROU,0.3026985559500952,False
20267206,B001,BROU,0.3019141473390847,B001,BROU,0.2774029535904488,False
20267207,B001,BROU,0.28659669496152634,B001,BROU,0.3053807467474445,False
20267208,B001,BROU,0.30892141080997104,B001,BROU,0.32427053396769945,False
20267209,B001,BROU,0.31369213809431495,B001,BROU,0.33235423955894233,False
20267210,B001,BROU,0.2814562603350403,B001,BROU,0.2808742540796903,False
20267211,B001,BROU,0.3151543125423691,B001,BROU,0.3368774476094888,False
20267212,B001,BROU,0.29455370730759245,B006,Itaú Uruguay,0.22721707858121495,True
20267213,B001,BROU,0.32790376973128377,B001,BROU,0.3162917022677629,False
20267214,B001,BROU,0.31010754306268096,B001,BROU,0.30070032222188703,False
20267215,B001,BROU,0.31712847611637063,B001,BROU,0.3082416593904946,False
20267216,B001,BROU,0.30506549863992927,B001,BROU,0.2880724783838577,False
20267217,B001,BROU,0.32401856626298253,B001,BROU,0.3633561059665794,False
20267218,B001,BROU,0.29680892594817815,B001,BROU,0.31654037021342063,False
20267219,B001,BROU,0.2921932795889407,B001,BROU,0.2197404301189966,False
20267220,B001,BROU,0.28366272176803786,B001,BROU,0.29344776970070385,False
20267221,B001,BROU,0.2857247851577858,B001,BROU,0.3279183220244924,False
20267222,B001,BROU,0.2911377233634923,B001,BROU,0.2767836300738761,False
20267223,B001,BROU,0.31312146249008976,B001,BROU,0.28212862298310665,False
20267224,B001,BROU,0.29493331033585457,B001,BROU,0.28007472148135687,False
20267225,B001,BROU,0.2894843068719011,B001,BROU,0.2935996345364759,False
20267226,B001,BROU,0.28002731206027043,B001,BROU,0.2947853346245986,False
20267227,B001,BROU,0.32668857134737217,B001,BROU,0.3159854729611421,False
20267228,B001,BROU,0.28350959685113,B001,BROU,0.3195110652806714,False
20267229,B001,BROU,0.28206702394994637,B001,BROU,0.2780664437645924,False
20267230,B001,BROU,0.315835166883999,B001,BROU,0.2985931036719992,False
20267231,B001,BROU,0.28150939339221986,B001,BROU,0.3631461477831691,False
20267232,B001,BROU,0.30365751553178955,B001,BROU,0.30598267830613485,False
20267233,B001,BROU,0.3034978159000686,B001,BROU,0.28170672864841717,False
20267234,B001,BROU,0.3001013399113178,B001,BROU,0.24334433690476662,False
20267235,B001,BROU,0.29473825397488507,B001,BROU,0.301220107579968,False
20267236,B001,BROU,0.32062254492791076,B001,BROU,0.3429541715879551,False
20267237,B001,BROU,0.31657718664318535,B001,BROU,0.3101608862873671,False
20267238,B001,BROU,0.322331727542867,B001,BROU,0.33743964720888386,False
20267239,B001,BROU,0.28947510646267827,B001,BROU,0.28063377117321886,False
20267240,B001,BROU,0.2916235792543485,B001,BROU,0.27177022972533993,False
20267241,B001,BROU,0.28460916153819726,B001,BROU,0.31929578968929967,False
20267242,B001,BROU,0.31464315020877587,B001,BROU,0.19538800324787856,False
20267243,B001,BROU,0.3118412852877747,B001,BROU,0.286052793197462,False
20267244,B001,BROU,0.2872038850626369,B001,BROU,0.2604239607696879,False
20267245,B001,BROU,0.2995758077290245,B001,BROU,0.27945825471213437,False
20267246,B001,BROU,0.2822031551400289,B001,BROU,0.29243446358720854,False
20267247,B001,BROU,0.2936010692164729,B001,BROU,0.3058563348257587,False
20267248,B001,BROU,0.320737964555297,B001,BROU,0.3021478670510171,False
20267249,B001,BROU,0.31988852839287046,B001,BROU,0.2776691419891013,False
20267250,B001,BROU,0.28754719840693854,B001,BROU,0.30463716663502005,False
20267251,B001,BROU,0.32427592887445444,B001,BROU,0.2909662253589418,False
20267252,B001,BROU,0.3056401387783078,B001,BROU,0.2916174104382806,False
20267253,B001,BROU,0.3009709237197336,B001,BROU,0.37276764279425756,False
20267254,B001,BROU,0.29591819404648334,B001,BROU,0.2771236758328826,False
20267255,B001,BROU,0.28976621657842044,B001,BROU,0.26384277308278004,False
20267256,B001,BROU,0.30106297239143054,B001,BROU,0.2960159563902244,False
20267257,B001,BROU,0.29702526221021236,B001,BROU,0.2537647180920211,False
20267258,B001,BROU,0.2821931240614667,B001,BROU,0.29472592485203425,False
20267259,B001,BROU,0.33814122663984053,B001,BROU,0.31669643643404155,False
20267260,B001,BROU,0.31465505639344715,B001,BROU,0.3040984051886571,False
20267261,B001,BROU,0.3028886738014729,B001,BROU,0.3171600699654323,False
20267262,B001,BROU,0.2923316860948677,B001,BROU,0.33193378561777714,False
20267263,B001,BROU,0.3022939280936385,B001,BROU,0.29936247996876325,False
20267264,B001,BROU,0.3099834877639701,B001,BROU,0.2652525511912118,False
20267265,B001,BROU,0.28768695745059264,B001,BROU,0.3782091195506351,False
20267266,B001,BROU,0.3199467195082134,B001,BROU,0.3171225650584754,False
20267267,B001,BROU,0.32193784035527184,B001,BROU,0.3081081282632271,False
20267268,B001,BROU,0.31413984702545455,B001,BROU,0.28951948689234086,False
20267269,B001,BROU,0.2979532825830858,B001,BROU,0.28643135381632107,False
20267270,B001,BROU,0.3147716673263765,B001,BROU,0.19491606244344942,False
20267271,B001,BROU,0.2949877622351686,B001,BROU,0.3081260157778634,False
20267272,B001,BROU,0.32238202308436487,B001,BROU,0.30525765663241683,False
20267273,B001,BROU,0.2996293316692206,B001,BROU,0.29338498096115184,False
20267274,B001,BROU,0.3030840158084307,B001,BROU,0.31273182317524206,False
20267275,B001,BROU,0.29794397211593265,B001,BROU,0.32894708432376485,False
20267276,B001,BROU,0.29586061990221674,B001,BROU,0.3009041341801283,False
20267277,B001,BROU,0.3137941110391888,B001,BROU,0.32188945444235734,False
20267278,B001,BROU,0.3099533535914418,B001,BROU,0.27013119501743044,False
20267279,B001,BROU,0.3052225153719794,B001,BROU,0.29100686178610835,False
20267280,B001,BROU,0.30234299217985966,B001,BROU,0.29275459127935927,False
20267281,B001,BROU,0.3130297032608617,B001,BROU,0.35674731648628427,False
20267282,B001,BROU,0.27400835128776113,B001,BROU,0.28926613932701795,False
20267283,B001,BROU,0.28822624561365995,B001,BROU,0.2327916211881409,False
20267284,B001,BROU,0.3076946263560445,B001,BROU,0.3076096490665394,False
20267285,B001,BROU,0.2738963174585588,B001,BROU,0.20980293071273642,False
20267286,B001,BROU,0.30985948214824593,B001,BROU,0.3127935791437455,False
20267287,B001,BROU,0.31054960503780227,B001,BROU,0.27058589797186355,False
20267288,B001,BROU,0.3028393109499006,B001,BROU,0.29866358449480035,False
20267289,B001,BROU,0.30695443086109236,B001,BROU,0.30573265763080415,False
20267290,B001,BROU,0.3210946325409819,B001,BROU,0.28077849382352993,False
20267291,B001,BROU,0.32459885659272103,B001,BROU,0.3493378237427473,False
20267292,B001,BROU,0.3105101789036311,B001,BROU,0.32007737973385014,False
20267293,B001,BROU,0.2869760265744722,B001,BROU,0.3140733690017343,False
20267294,B001,BROU,0.2828493438634609,B001,BROU,0.28995617529809303,False
20267295,B001,BROU,0.28302669549643344,B001,BROU,0.3145701017239331,False
20267296,B001,BROU,0.2726880857819951,B001,BROU,0.2399276326249681,False
20267297,B001,BROU,0.2796702505870362,B001,BROU,0.3051125374962135,False
20267298,B001,BROU,0.297835420447084,B001,BROU,0.18625754416175017,False
20267299,B001,BROU,0.2888521499325551,B001,BROU,0.2784122620092447,False
20267300,B001,BROU,0.29646022468447164,B001,BROU,0.33805872228431644,False
20267301,B001,BROU,0.30212429782931677,B001,BROU,0.27823476327405666,False
20267302,B001,BROU,0.28276964436003565,B001,BROU,0.2883386844587784,False
20267303,B001,BROU,0.308215173253789,B001,BROU,0.2783769953533351,False
20267304,B001,BROU,0.3022584857700388,B001,BROU,0.33225930983098284,False
20267305,B001,BROU,0.3017679163892632,B001,BROU,0.31333834535288996,False
20267306,B001,BROU,0.2982485324155827,B001,BROU,0.3327749201124393,False
20267307,B001,BROU,0.3149380636110149,B001,BROU,0.3269976190670285,False
20267308,B001,BROU,0.3007395544871416,B001,BROU,0.2952558356947979,False
20267309,B001,BROU,0.2961909894279464,B001,BROU,0.27911406901097835,False
20267310,B001,BROU,0.27624442455504056,B001,BROU,0.2966965088567769,False
20267311,B001,BROU,0.3149438957557884,B001,BROU,0.2945840370632884,False
20267312,B001,BROU,0.29193171798609263,B001,BROU,0.29720304690367033,False
20267313,B001,BROU,0.3115913634565789,B001,BROU,0.3490020447500973,False
20267314,B001,BROU,0.2876952132058525,B001,BROU,0.18170129300615123,False
20267315,B001,BROU,0.30664486400881136,B001,BROU,0.32339064307652565,False
20267316,B001,BROU,0.3140561646772214,B001,BROU,0.31458058787645743,False
20267317,B001,BROU,0.28280970637912434,B001,BROU,0.2930359745007256,False
20267318,B001,BROU,0.31134074585202154,B001,BROU,0.2815381833189833,False
20267319,B001,BROU,0.2958926267775488,B001,BROU,0.3560275172508898,False
20267320,B001,BROU,0.2919032425068815,B001,BROU,0.29730246159214063,False
20267321,B001,BROU,0.3375118599635597,B001,BROU,0.31268012324076244,False
20267322,B001,BROU,0.28409972833971847,B001,BROU,0.3337506937117336,False
20267323,B001,BROU,0.26926952495310025,B001,BROU,0.3224939036165603,False
20267324,B001,BROU,0.3002282182868195,B001,BROU,0.3029516403478265,False
20267325,B001,BROU,0.29635928049086496,B001,BROU,0.31510120590000457,False
20267326,B001,BROU,0.2982931111689733,B001,BROU,0.2787785423298566,False
20267327,B001,BROU,0.30654679854453676,B001,BROU,0.32210168341434925,False
20267328,B001,BROU,0.3057392724594976,B001,BROU,0.31761233091250973,False
20267329,B001,BROU,0.3036930384800342,B001,BROU,0.30519444889736974,False
20267330,B001,BROU,0.28438073046110873,B001,BROU,0.24537984738966706,False
20267331,B001,BROU,0.3145173074585709,B001,BROU,0.3235705575483069,False
20267332,B001,BROU,0.28607655969239626,B001,BROU,0.3198596931725532,False
20267333,B001,BROU,0.3063120215253052,B001,BROU,0.34379147360802775,False
20267334,B001,BROU,0.2882447928768389,B001,BROU,0.32438656217327494,False
20267335,B001,BROU,0.3113027924586007,B007,Santander Uruguay,0.21830602657236703,True
20267336,B001,BROU,0.2694765099338212,B001,BROU,0.2922376947675519,False
20267337,B001,BROU,0.2946659225054152,B001,BROU,0.3072135382721944,False
20267338,B001,BROU,0.28055461462266185,B001,BROU,0.27870017388860363,False
20267339,B001,BROU,0.2931416691982006,B001,BROU,0.2179881149791785,False
20267340,B001,BROU,0.27277502760501354,B001,BROU,0.35833134413659734,False
20267341,B001,BROU,0.3065305059048039,B001,BROU,0.3716126487801698,False
20267342,B001,BROU,0.28525905297841825,B001,BROU,0.28202212850342945,False
20267343,B001,BROU,0.32448767323616323,B001,BROU,0.3155405956811399,False
20267344,B001,BROU,0.3089788293142289,B001,BROU,0.342541884389875,False
20267345,B001,BROU,0.3147224368022743,B001,BROU,0.3277315136962428,False
20267346,B001,BROU,0.3287673829064003,B001,BROU,0.2722806787932389,False
20267347,B001,BROU,0.2935920690042433,B001,BROU,0.311587694377312,False
20267348,B001,BROU,0.29140977710445126,B001,BROU,0.26977567933273844,False
20267349,B001,BROU,0.31364791653711493,B001,BROU,0.2914360586797831,False
20267350,B001,BROU,0.3220144143774517,B001,BROU,0.3133743294720733,False
20267351,B001,BROU,0.3372581734280879,B001,BROU,0.32068618929965303,False
20267352,B001,BROU,0.3004037063072964,B001,BROU,0.2779613992541939,False
20267353,B001,BROU,0.29462617659508855,B001,BROU,0.3545752646419031,False
20267354,B001,BROU,0.2732093415993496,B001,BROU,0.2730951486102379,False
20267355,B001,BROU,0.3378904618327709,B001,BROU,0.32605889480829764,False
20267356,B001,BROU,0.2989946083589714,B001,BROU,0.2750769697203882,False
20267357,B001,BROU,0.30517303461545575,B001,BROU,0.3127015159248398,False
20267358,B001,BROU,0.2908689761845364,B001,BROU,0.26212198695120464,False
20267359,B001,BROU,0.2855410017098552,B001,BROU,0.28499002068436413,False
20267360,B001,BROU,0.30695503685049813,B001,BROU,0.30641310317459025,False
20267361,B001,BROU,0.2929233926285149,B001,BROU,0.326918848685227,False
20267362,B001,BROU,0.31371685954717016,B001,BROU,0.3176809108520224,False
20267363,B001,BROU,0.2979822258659441,B001,BROU,0.298962826182534,False
20267364,B001,BROU,0.3195201204437328,B001,BROU,0.313523212730544,False
20267365,B001,BROU,0.28078193638945453,B001,BROU,0.27693665414832785,False
20267366,B001,BROU,0.30431717902419503,B001,BROU,0.325272556314212,False
20267367,B001,BROU,0.3152005674401805,B001,BROU,0.30954020498912527,False
20267368,B001,BROU,0.31343083426095514,B001,BROU,0.30750618880965563,False
20267369,B001,BROU,0.34097084438173064,B001,BROU,0.3222137973162647,False
20267370,B001,BROU,0.29318206375687694,B001,BROU,0.3009746552066571,False
20267371,B001,BROU,0.29997265512331556,B001,BROU,0.23035947344311272,False
20267372,B001,BROU,0.2861008611437752,B001,BROU,0.3043569422386107,False
20267373,B001,BROU,0.2849034619605731,B001,BROU,0.28305953127004746,False
20267374,B001,BROU,0.29041628989503876,B001,BROU,0.30038899406272523,False
20267375,B001,BROU,0.34283958336727316,B001,BROU,0.33587767207361735,False
20267376,B001,BROU,0.29149135950207117,B001,BROU,0.26245139866145667,False
20267377,B001,BROU,0.32220128393910086,B001,BROU,0.33136841886351853,False
20267378,B001,BROU,0.30812574625273975,B001,BROU,0.28973963561385907,False
20267379,B001,BROU,0.29880307452432897,B001,BROU,0.3267880064365913,False
20267380,B001,BROU,0.29756967888515545,B001,BROU,0.23754421517694138,False
20267381,B001,BROU,0.3011877365553832,B001,BROU,0.3747182694266152,False
20267382,B001,BROU,0.29409964232809455,B001,BROU,0.29009511954876166,False
20267383,B001,BROU,0.30394666518855046,B001,BROU,0.31192809909744734,False
20267384,B001,BROU,0.2968524810537163,B001,BROU,0.3144095415000404,False
20267385,B001,BROU,0.30102506736402357,B001,BROU,0.2706642330397443,False
20267386,B001,BROU,0.2958785539146849,B001,BROU,0.2725903423845026,False
20267387,B001,BROU,0.27198632797667655,B001,BROU,0.2876143004614196,False
20267388,B001,BROU,0.33687302972467925,B001,BROU,0.3452479827056909,False
20267389,B001,BROU,0.2993499354841769,B001,BROU,0.29518944174462697,False
20267390,B001,BROU,0.3015493288953662,B001,BROU,0.34319068750547893,False
20267391,B001,BROU,0.2849721560364355,B001,BROU,0.2625166340300611,False
20267392,B001,BROU,0.3134371795369591,B001,BROU,0.3815509239703574,False
20267393,B001,BROU,0.30847681830825946,B001,BROU,0.2673677482969184,False
20267394,B001,BROU,0.29707388812192326,B001,BROU,0.27697011163542296,False
20267395,B001,BROU,0.30371787534679284,B001,BROU,0.3523637173871606,False
20267396,B001,BROU,0.3039467439044521,B001,BROU,0.2787692378720728,False
20267397,B001,BROU,0.2996760593231298,B001,BROU,0.33293113704744115,False
20267398,B001,BROU,0.2923453170284471,B001,BROU,0.21578764267706407,False
20267399,B001,BROU,0.3202434514883401,B001,BROU,0.33339270194361204,False
20267400,B001,BROU,0.29988775031448534,B001,BROU,0.3017795909223334,False
20267401,B001,BROU,0.3055640553428307,B001,BROU,0.268875150320121,False
20267402,B001,BROU,0.2846253334217669,B001,BROU,0.28573606903698745,False
20267403,B001,BROU,0.309359759717872,B001,BROU,0.3718877932504803,False
20267404,B001,BROU,0.3083256053999402,B001,BROU,0.3553573007774439,False
20267405,B001,BROU,0.3099797606882108,B001,BROU,0.30918084935672907,False
20267406,B001,BROU,0.3050269365774068,B001,BROU,0.3523599054111278,False
20267407,B001,BROU,0.2861697357060665,B001,BROU,0.2992924802667325,False
20267408,B001,BROU,0.2956584127871818,B001,BROU,0.2855590904940048,False
20267409,B001,BROU,0.2656653335350815,B001,BROU,0.29113576391838153,False
20267410,B001,BROU,0.31721048730194457,B001,BROU,0.316415384445241,False
20267411,B001,BROU,0.2974661646693894,B001,BROU,0.3196629215767305,False
20267412,B001,BROU,0.3089555496453025,B001,BROU,0.3081675884222129,False
20267413,B001,BROU,0.2889408221293861,B001,BROU,0.3056570825759775,False
20267414,B001,BROU,0.3398184721713711,B001,BROU,0.3282601577621302,False
20267415,B001,BROU,0.2806347534456059,B001,BROU,0.2837179174665138,False
20267416,B001,BROU,0.28449572072958024,B001,BROU,0.3569343226160768,False
20267417,B001,BROU,0.29932321555578634,B001,BROU,0.34446532764864923,False
20267418,B001,BROU,0.3339203790539783,B001,BROU,0.3344155150976165,False
20267419,B001,BROU,0.2839173221600828,B001,BROU,0.30360227712933907,False
20267420,B001,BROU,0.32182903595881635,B001,BROU,0.32861037732120413,False
20267421,B001,BROU,0.30262992776156167,B001,BROU,0.29602042098821246,False
20267422,B001,BROU,0.3004203540534298,B001,BROU,0.2690539763974494,False
20267423,B001,BROU,0.3068171823805672,B001,BROU,0.3636055829337383,False
20267424,B001,BROU,0.32306170069057083,B001,BROU,0.33075186490637143,False
20267425,B001,BROU,0.30507965728220804,B001,BROU,0.3293346610527458,False
20267426,B001,BROU,0.28655965226324126,B001,BROU,0.29069203837688695,False
20267427,B001,BROU,0.3095001188295443,B001,BROU,0.33145657767793385,False
20267428,B001,BROU,0.28889869819692926,B001,BROU,0.3039170709745417,False
20267429,B001,BROU,0.2867337444413893,B001,BROU,0.3432971498929288,False
20267430,B001,BROU,0.32441091747634593,B001,BROU,0.30427526256138204,False
20267431,B001,BROU,0.3262913985969819,B001,BROU,0.29877627153186737,False
20267432,B001,BROU,0.2837776067051366,B001,BROU,0.2832516310883486,False
20267433,B001,BROU,0.3113742865186392,B001,BROU,0.2814078573108257,False
20267434,B001,BROU,0.298628628851731,B001,BROU,0.29897759299233934,False
20267435,B001,BROU,0.31253345176449615,B001,BROU,0.31478877509858794,False
20267436,B001,BROU,0.2960221183176891,B001,BROU,0.331097334874083,False
20267437,B001,BROU,0.28941585923807644,B001,BROU,0.30605600859943477,False
20267438,B001,BROU,0.30396364594318503,B001,BROU,0.30783465945408833,False
20267439,B001,BROU,0.29339160208741466,B001,BROU,0.31250972315186787,False
20267440,B001,BROU,0.2952654479800246,B001,BROU,0.2549458313180727,False
20267441,B001,BROU,0.284084860456196,B001,BROU,0.29947264566110865,False
20267442,B001,BROU,0.29260199543223153,B001,BROU,0.2702842839334783,False
20267443,B001,BROU,0.3183120296545455,B001,BROU,0.2561231807910902,False
20267444,B001,BROU,0.3212711130523096,B001,BROU,0.2982502205540212,False
20267445,B001,BROU,0.2822412210581894,B001,BROU,0.22414348415056143,False
20267446,B001,BROU,0.2796072334184123,B001,BROU,0.26807411761824146,False
20267447,B001,BROU,0.28523289605030727,B001,BROU,0.2893680522557494,False
20267448,B001,BROU,0.28404481112152785,B001,BROU,0.26087167642917836,False
20267449,B001,BROU,0.3169330563086412,B001,BROU,0.27436294006889483,False
20267450,B001,BROU,0.310108269348074,B001,BROU,0.28527575300300373,False
20267451,B001,BROU,0.2895073294719872,B001,BROU,0.29600331269271174,False
20267452,B001,BROU,0.3203243908126788,B001,BROU,0.32376500234952194,False
20267453,B001,BROU,0.29330530650285885,B001,BROU,0.3357275219126733,False
20267454,B001,BROU,0.2953735622965825,B001,BROU,0.3268848566434214,False
20267455,B001,BROU,0.30395390509808756,B007,Santander Uruguay,0.18942941587430587,True
20267456,B001,BROU,0.3114348884369487,B001,BROU,0.2914444345044055,False
20267457,B001,BROU,0.310353279749391,B001,BROU,0.3144489102927221,False
20267458,B001,BROU,0.31263061390578717,B001,BROU,0.22130312155032203,False
20267459,B001,BROU,0.29253935690078253,B001,BROU,0.2976715942395446,False
20267460,B001,BROU,0.3413474920982744,B001,BROU,0.21834163332511408,False
20267461,B001,BROU,0.27101391189207336,B001,BROU,0.2729089465301193,False
20267462,B001,BROU,0.2937038652732914,B001,BROU,0.30478998086755005,False
20267463,B001,BROU,0.30634963620396055,B001,BROU,0.2947521292551971,False
20267464,B001,BROU,0.30791001599679596,B001,BROU,0.2957535129257417,False
20267465,B001,BROU,0.2766986208751577,B001,BROU,0.31865967130107864,False
20267466,B001,BROU,0.31805691441941497,B001,BROU,0.2938922262254777,False
20267467,B001,BROU,0.29843061655364106,B001,BROU,0.30778424496687895,False
20267468,B001,BROU,0.29063747039213983,B001,BROU,0.2524470708439215,False
20267469,B001,BROU,0.2844268619197373,B001,BROU,0.25380059833814533,False
20267470,B001,BROU,0.3019974354092326,B001,BROU,0.21134829502540814,False
20267471,B001,BROU,0.29425259969585116,B001,BROU,0.3004341805268686,False
20267472,B001,BROU,0.30755780724561976,B001,BROU,0.308665510726478,False
20267473,B001,BROU,0.2905642896340199,B001,BROU,0.3105072130235711,False
20267474,B001,BROU,0.3043503316151581,B001,BROU,0.3070025871720053,False
20267475,B001,BROU,0.27741524142537555,B001,BROU,0.2934754185163244,False
20267476,B001,BROU,0.3065286188608282,B001,BROU,0.2759278116404669,False
20267477,B001,BROU,0.29147054956396284,B001,BROU,0.3348016573188084,False
20267478,B001,BROU,0.29056200607973104,B001,BROU,0.30913686170244015,False
20267479,B001,BROU,0.31492852388028114,B001,BROU,0.32650392079648044,False
20267480,B001,BROU,0.2786263197281124,B001,BROU,0.2946879618445161,False
20267481,B001,BROU,0.2951818051748365,B001,BROU,0.2729050832287575,False
20267482,B001,BROU,0.30548366888753375,B001,BROU,0.32501015273529293,False
20267483,B001,BROU,0.3141411874877431,B001,BROU,0.38476781792359865,False
20267484,B001,BROU,0.2921369804511892,B001,BROU,0.26395683280659155,False
20267485,B001,BROU,0.306938476500986,B001,BROU,0.35456150117403773,False
20267486,B001,BROU,0.27980807495504206,B001,BROU,0.23691444826978786,False
20267487,B001,BROU,0.2994255459490015,B001,BROU,0.2911863041434115,False
20267488,B001,BROU,0.29582011327795493,B001,BROU,0.277493659392983,False
20267489,B001,BROU,0.2931041621394486,B001,BROU,0.28149825647893567,False
20267490,B001,BROU,0.30535517100284726,B001,BROU,0.3161953504200421,False
20267491,B001,BROU,0.2935890489239163,B001,BROU,0.32561451669346797,False
20267492,B001,BROU,0.28765698576193843,B001,BROU,0.2998025369724303,False
20267493,B001,BROU,0.29986375605304844,B001,BROU,0.2976636947367336,False
20267494,B001,BROU,0.26958065638326056,B001,BROU,0.26073030366852523,False
20267495,B001,BROU,0.2800907182457851,B001,BROU,0.27733988432931467,False
20267496,B001,BROU,0.29188421256373204,B001,BROU,0.2835409722093878,False
20267497,B001,BROU,0.2894371913869318,B001,BROU,0.29939665657143044,False
20267498,B001,BROU,0.32351537707039024,B001,BROU,0.31962834717643057,False
20267499,B001,BROU,0.28185718187595876,B001,BROU,0.2521299577154454,False
20267500,B001,BROU,0.2910495446733544,B001,BROU,0.2991940358704357,False
20267501,B001,BROU,0.28678498533254226,B001,BROU,0.31276042726561065,False
20267502,B001,BROU,0.27392832430844843,B001,BROU,0.27747885021583407,False
20267503,B001,BROU,0.2899700242266743,B001,BROU,0.2159502171176746,False
20267504,B001,BROU,0.29843959811616316,B001,BROU,0.30824017673452275,False
20267505,B001,BROU,0.32175659735030027,B001,BROU,0.32186017065926836,False
20267506,B001,BROU,0.30638599005153555,B001,BROU,0.2788210950441692,False
20267507,B001,BROU,0.2904593168911628,B001,BROU,0.27591155805723283,False
20267508,B001,BROU,0.2911955297599802,B001,BROU,0.3175619119372018,False
20267509,B001,BROU,0.3093146956972016,B001,BROU,0.2787253191106219,False
20267510,B001,BROU,0.30818892097372397,B001,BROU,0.28600700698816306,False
20267511,B001,BROU,0.3007354969056052,B001,BROU,0.28307197907640985,False
20267512,B001,BROU,0.29244638759928,B001,BROU,0.31136759983015566,False
20267513,B001,BROU,0.32822942305815717,B001,BROU,0.2682836715092805,False
20267514,B001,BROU,0.290321237703431,B001,BROU,0.3020226059531466,False
20267515,B001,BROU,0.3203439367871688,B001,BROU,0.3298849810620313,False
20267516,B001,BROU,0.2847974354506072,B001,BROU,0.2898888718376204,False
20267517,B001,BROU,0.29606445227475137,B001,BROU,0.3080830317917813,False
20267518,B001,BROU,0.30708475368522975,B001,BROU,0.2639204280252036,False
20267519,B001,BROU,0.29692719039076837,B001,BROU,0.2804721722203607,False
20267520,B001,BROU,0.28540523665072015,B001,BROU,0.3189585550579842,False
20267521,B001,BROU,0.3157919052212207,B001,BROU,0.29909077639260584,False
20267522,B001,BROU,0.270905285722673,B001,BROU,0.28712291297637843,False
20267523,B001,BROU,0.2896175261191779,B001,BROU,0.2572883709591267,False
20267524,B001,BROU,0.30897212697258225,B001,BROU,0.3101858114023929,False
20267525,B001,BROU,0.31467578159089327,B001,BROU,0.33136896289913126,False
20267526,B001,BROU,0.33035173374802695,B001,BROU,0.3148844727429401,False
20267527,B001,BROU,0.30771199991899556,B001,BROU,0.2923011502267229,False
20267528,B001,BROU,0.3157399902038126,B001,BROU,0.3190023072409065,False
20267529,B001,BROU,0.2877479453012092,B001,BROU,0.27063589452383535,False
20267530,B001,BROU,0.32303003437279854,B001,BROU,0.3012251480830571,False
20267531,B001,BROU,0.30581477434357823,B001,BROU,0.3242116092627732,False
20267532,B001,BROU,0.3321772122843911,B001,BROU,0.3764752013505058,False
20267533,B001,BROU,0.28745313790874444,B001,BROU,0.3038137398274355,False
20267534,B001,BROU,0.33172617447605274,B001,BROU,0.3121881799191617,False
20267535,B001,BROU,0.2891287070304675,B001,BROU,0.23833708276190077,False
20267536,B001,BROU,0.27760630601801206,B001,BROU,0.2441269299884601,False
20267537,B001,BROU,0.2990995150979735,B001,BROU,0.30273140437110413,False
20267538,B001,BROU,0.2799478505693611,B001,BROU,0.2969983165738483,False
20267539,B001,BROU,0.3021841871029417,B001,BROU,0.2822857165100108,False
20267540,B001,BROU,0.2948882425560949,B001,BROU,0.26420439004188445,False
20267541,B001,BROU,0.2976514408399249,B001,BROU,0.2909988867122876,False
20267542,B001,BROU,0.3047116111815086,B001,BROU,0.30056293063603495,False
20267543,B001,BROU,0.2966445775398604,B001,BROU,0.31000821065719847,False
20267544,B001,BROU,0.30441855817462804,B001,BROU,0.28770283887503995,False
20267545,B001,BROU,0.30806999474784325,B001,BROU,0.29395325916870424,False
20267546,B001,BROU,0.2952431952537463,B001,BROU,0.3222572255409662,False
20267547,B001,BROU,0.2694341880657529,B001,BROU,0.276323146834681,False
20267548,B001,BROU,0.33733682685124694,B001,BROU,0.33922826233233117,False
20267549,B001,BROU,0.2828459221850516,B001,BROU,0.268070996568938,False
20267550,B001,BROU,0.3230071847241874,B001,BROU,0.3367843479421482,False
20267551,B001,BROU,0.29944297740811704,B001,BROU,0.3013185292319345,False
20267552,B001,BROU,0.27966581813621927,B001,BROU,0.2924555636401184,False
20267553,B001,BROU,0.27978217181756077,B001,BROU,0.32078513055914043,False
20267554,B001,BROU,0.2652533334576514,B001,BROU,0.3120143546294468,False
20267555,B001,BROU,0.29925097213628477,B001,BROU,0.31071643290699846,False
20267556,B001,BROU,0.27169556700828734,B001,BROU,0.27971525847292833,False
20267557,B001,BROU,0.2941394427125581,B001,BROU,0.2880583140555717,False
20267558,B001,BROU,0.28687360707376297,B001,BROU,0.3268884395237094,False
20267559,B001,BROU,0.30669369868216906,B001,BROU,0.3078083298593604,False
20267560,B001,BROU,0.316395795061734,B001,BROU,0.26319452051911907,False
20267561,B001,BROU,0.3019916739562499,B001,BROU,0.341932823601365,False
20267562,B001,BROU,0.3063258920749808,B001,BROU,0.3017877147556327,False
20267563,B001,BROU,0.2946748855375601,B001,BROU,0.2784746130142357,False
20267564,B001,BROU,0.2920507178297554,B001,BROU,0.3177656205426128,False
20267565,B001,BROU,0.3180865433922532,B001,BROU,0.309195893018265,False
20267566,B001,BROU,0.3114460063704312,B001,BROU,0.3190550724745484,False
20267567,B001,BROU,0.2983466592545358,B001,BROU,0.30909246226559683,False
20267568,B001,BROU,0.3212381455137159,B001,BROU,0.31557659151040474,False
20267569,B001,BROU,0.29936572170781023,B001,BROU,0.28231090518422985,False
20267570,B001,BROU,0.29127771637837807,B001,BROU,0.2842681350055505,False
20267571,B001,BROU,0.3099397760551225,B001,BROU,0.29973442247822146,False
20267572,B001,BROU,0.31182675585783115,B001,BROU,0.18973702400471812,False
20267573,B001,BROU,0.31885140498113407,B001,BROU,0.35465418849217023,False
20267574,B001,BROU,0.3258739260701429,B001,BROU,0.24728958720620994,False
20267575,B001,BROU,0.3087752291028974,B001,BROU,0.3206927976347003,False
20267576,B001,BROU,0.3243834395419057,B001,BROU,0.2504435486330643,False
20267577,B001,BROU,0.3149527573246188,B001,BROU,0.3262186906881074,False
20267578,B001,BROU,0.28310735130975306,B001,BROU,0.2802979655266806,False
20267579,B001,BROU,0.312490545018967,B001,BROU,0.29625990052627255,False
20267580,B001,BROU,0.3117171565055977,B001,BROU,0.3050309458284794,False
20267581,B001,BROU,0.31410871462999984,B001,BROU,0.2950089437379145,False
20267582,B001,BROU,0.2788063974468855,B001,BROU,0.2999869352202551,False
20267583,B001,BROU,0.320164064547856,B001,BROU,0.2968663342513312,False
20267584,B001,BROU,0.3025735459830453,B001,BROU,0.3316938606904822,False
20267585,B001,BROU,0.31146287831824604,B001,BROU,0.30980282606508597,False
20267586,B001,BROU,0.3187804347161479,B001,BROU,0.3060452922161557,False
20267587,B001,BROU,0.295916049343714,B001,BROU,0.31178735063670654,False
20267588,B001,BROU,0.2917960418214901,B001,BROU,0.2875659065440466,False
20267589,B001,BROU,0.3036741678984209,B001,BROU,0.2999218752823002,False
20267590,B001,BROU,0.3098289205633401,B001,BROU,0.3046043759501918,False
20267591,B001,BROU,0.2844717404888106,B001,BROU,0.3013398632686044,False
20267592,B001,BROU,0.2860307835637713,B001,BROU,0.30458702209873434,False
20267593,B001,BROU,0.3281004321054758,B001,BROU,0.34883255243340633,False
20267594,B001,BROU,0.3074122906119826,B001,BROU,0.30997955841823566,False
20267595,B001,BROU,0.2857272968770672,B001,BROU,0.29254380666935703,False
20267596,B001,BROU,0.3114352702574308,B001,BROU,0.3121593051425937,False
20267597,B001,BROU,0.28265755652621344,B001,BROU,0.2973550231685614,False
20267598,B001,BROU,0.30473904278187547,B001,BROU,0.28837357686268295,False
20267599,B001,BROU,0.3014860799841809,B001,BROU,0.3035126051803787,False
20267600,B001,BROU,0.30233643658850623,B001,BROU,0.3617811129924245,False
20267601,B001,BROU,0.28910786266481664,B001,BROU,0.2968768654666916,False
20267602,B001,BROU,0.33500172569042974,B001,BROU,0.35218037399408947,False
20267603,B001,BROU,0.315783274445344,B001,BROU,0.3209629935350163,False
20267604,B001,BROU,0.2935539268156854,B001,BROU,0.2990516855758257,False
20267605,B001,BROU,0.28840545336869083,B001,BROU,0.30484964835949185,False
20267606,B001,BROU,0.29876780623746313,B001,BROU,0.288561475695036,False
20267607,B001,BROU,0.2796525491125986,B001,BROU,0.29110203769249837,False
20267608,B001,BROU,0.34325837923022684,B001,BROU,0.35479109244286916,False
20267609,B001,BROU,0.31033664478884737,B001,BROU,0.33005393592909527,False
20267610,B001,BROU,0.3098177664051065,B001,BROU,0.31842126287239103,False
20267611,B001,BROU,0.2623151837559991,B001,BROU,0.27802062424838364,False
20267612,B001,BROU,0.3115365615412683,B001,BROU,0.21260996751711625,False
20267613,B001,BROU,0.302962505840506,B001,BROU,0.306910966177236,False
20267614,B001,BROU,0.3135950985156555,B001,BROU,0.3199217766419926,False
20267615,B001,BROU,0.30430678004076267,B001,BROU,0.2519168221076653,False
20267616,B001,BROU,0.28970247646893,B001,BROU,0.29973031914167286,False
20267617,B001,BROU,0.28676317059001766,B001,BROU,0.2550935462100639,False
20267618,B001,BROU,0.2916112727235566,B001,BROU,0.2612189289549506,False
20267619,B001,BROU,0.32235229413199595,B001,BROU,0.3209883385668666,False
20267620,B001,BROU,0.30088932902471893,B001,BROU,0.3161366905617522,False
20267621,B001,BROU,0.29256147746828487,B001,BROU,0.30547230022913524,False
20267622,B001,BROU,0.2860070592129672,B001,BROU,0.3320280181628004,False
20267623,B001,BROU,0.30897739243401,B001,BROU,0.33138204257450626,False
20267624,B001,BROU,0.30227247713344596,B001,BROU,0.29103241169266386,False
20267625,B001,BROU,0.3020444253391562,B001,BROU,0.2896285193431916,False
20267626,B001,BROU,0.2911968144188017,B001,BROU,0.2644166310006628,False
20267627,B001,BROU,0.3192217523537837,B001,BROU,0.3209343287194947,False
20267628,B001,BROU,0.30707162061624993,B001,BROU,0.3150937875067971,False
20267629,B001,BROU,0.2870028630918276,B001,BROU,0.278485872265858,False
20267630,B001,BROU,0.32105427701995864,B001,BROU,0.3649305785133013,False
20267631,B001,BROU,0.28953423988318666,B001,BROU,0.30398461342224414,False
20267632,B001,BROU,0.2888159511758476,B001,BROU,0.3105923032696841,False
20267633,B001,BROU,0.313974181748493,B001,BROU,0.3435654779440407,False
20267634,B001,BROU,0.3115478869386817,B001,BROU,0.3176866698990931,False
20267635,B001,BROU,0.2872491473443628,B001,BROU,0.2945565427500886,False
20267636,B001,BROU,0.2718702795818324,B001,BROU,0.19693095063512012,False
20267637,B001,BROU,0.30392942496076747,B001,BROU,0.3002505404157606,False
20267638,B001,BROU,0.28807438320455203,B001,BROU,0.3134070563283893,False
20267639,B001,BROU,0.32376049656172234,B001,BROU,0.3231169826892266,False
20267640,B001,BROU,0.30335460517419466,B001,BROU,0.28135769435760827,False
20267641,B001,BROU,0.3028464037315416,B001,BROU,0.2762630332975459,False
20267642,B001,BROU,0.3106387766524029,B001,BROU,0.32403814544215465,False
20267643,B001,BROU,0.2773286529832448,B001,BROU,0.29792288156258784,False
20267644,B001,BROU,0.32517295395131185,B001,BROU,0.32419373963769066,False
20267645,B001,BROU,0.28031503003148356,B001,BROU,0.28836828082761445,False
20267646,B001,BROU,0.29990990907818327,B001,BROU,0.29097884911766625,False
20267647,B001,BROU,0.30271654711611445,B001,BROU,0.318787678232672,False
20267648,B001,BROU,0.2784017304815936,B001,BROU,0.27651336743371147,False
20267649,B001,BROU,0.3066348134467046,B001,BROU,0.3289770541481553,False
20267650,B001,BROU,0.2915337094215786,B001,BROU,0.30037824454578876,False
20267651,B001,BROU,0.28239092749814554,B001,BROU,0.27957464534325394,False
20267652,B001,BROU,0.3128043655445851,B001,BROU,0.3011179179189907,False
20267653,B001,BROU,0.2973047144808488,B001,BROU,0.27524204723260437,False
20267654,B001,BROU,0.2756063766795603,B001,BROU,0.28034157336544047,False
20267655,B001,BROU,0.2992242324665397,B001,BROU,0.2793152421060701,False
20267656,B001,BROU,0.3080001866129422,B001,BROU,0.28507280068834145,False
20267657,B001,BROU,0.28693529434944004,B001,BROU,0.20013208528168983,False
20267658,B001,BROU,0.31607782157478526,B001,BROU,0.2941665663417083,False
20267659,B001,BROU,0.2991371550970012,B001,BROU,0.2900869000586534,False
20267660,B001,BROU,0.29595614352370725,B001,BROU,0.2953244626824417,False
20267661,B001,BROU,0.28809394943411326,B001,BROU,0.28737684860950163,False
20267662,B001,BROU,0.2917404190781211,B001,BROU,0.3084754929270139,False
20267663,B001,BROU,0.31022762848300406,B001,BROU,0.306247334693088,False
20267664,B001,BROU,0.32057591570820076,B001,BROU,0.36345539951686057,False
20267665,B001,BROU,0.30075029625043587,B001,BROU,0.28544448765060454,False
20267666,B001,BROU,0.31059770225772715,B001,BROU,0.31072478483704496,False
20267667,B001,BROU,0.3133127879738239,B001,BROU,0.3007988130118561,False
20267668,B001,BROU,0.30828820478320274,B001,BROU,0.3272085434766662,False
20267669,B001,BROU,0.28445707493912753,B001,BROU,0.29749682225962204,False
20267670,B001,BROU,0.30276399054574105,B001,BROU,0.29560784170630977,False
20267671,B001,BROU,0.3179731091028051,B001,BROU,0.31931446819981435,False
20267672,B001,BROU,0.30530654533521956,B001,BROU,0.2798502385337416,False
20267673,B001,BROU,0.28857527548027795,B001,BROU,0.28727188814219407,False
20267674,B001,BROU,0.27793581467622197,B001,BROU,0.28985766790798123,False
20267675,B001,BROU,0.29849191210919246,B001,BROU,0.29694760911682105,False
20267676,B001,BROU,0.30901760026196495,B001,BROU,0.2959405688790589,False
20267677,B001,BROU,0.30579391517040516,B001,BROU,0.2927697037493191,False
20267678,B001,BROU,0.31441425056577044,B001,BROU,0.257057334053636,False
20267679,B001,BROU,0.29106572774141654,B001,BROU,0.31489838976382173,False
20267680,B001,BROU,0.29211054579054696,B001,BROU,0.2829415763263766,False
20267681,B001,BROU,0.33749090713883856,B001,BROU,0.3950608111623044,False
20267682,B001,BROU,0.31621977313538835,B001,BROU,0.2920165550343793,False
20267683,B001,BROU,0.3161185207535182,B001,BROU,0.32466544356564647,False
20267684,B001,BROU,0.28327822934906727,B001,BROU,0.29225219834019933,False
20267685,B001,BROU,0.3101207089446687,B001,BROU,0.32025287790159696,False
20267686,B001,BROU,0.3042815806222192,B001,BROU,0.28900308096330085,False
20267687,B001,BROU,0.3021444161779309,B001,BROU,0.302921353934288,False
20267688,B001,BROU,0.28873070262229494,B001,BROU,0.32025294642661245,False
20267689,B001,BROU,0.3048316614030294,B001,BROU,0.34046982936407333,False
20267690,B001,BROU,0.29994445009128157,B001,BROU,0.3148270250834897,False
20267691,B001,BROU,0.30554286434535277,B001,BROU,0.3085947130625745,False
20267692,B001,BROU,0.3086073385558507,B001,BROU,0.2516937147197519,False
20267693,B001,BROU,0.30647449293743795,B001,BROU,0.30936806841700737,False
20267694,B001,BROU,0.2963326995704438,B001,BROU,0.29834829002900803,False
20267695,B001,BROU,0.3099268366607448,B001,BROU,0.290588553649436,False
20267696,B001,BROU,0.33266268042709585,B001,BROU,0.3148888017771941,False
20267697,B001,BROU,0.2694831811379262,B001,BROU,0.3272552726145011,False
20267698,B001,BROU,0.3059698425791356,B001,BROU,0.33277958251964956,False
20267699,B001,BROU,0.29823794270548504,B001,BROU,0.38167394477487754,False
20267700,B001,BROU,0.29566810895306517,B001,BROU,0.2894352633072412,False
20267701,B001,BROU,0.2921674858415328,B001,BROU,0.27568192282909354,False
20267702,B001,BROU,0.29442864879692254,B001,BROU,0.296512651994994,False
20267703,B001,BROU,0.3002119433467505,B001,BROU,0.2822205361642044,False
20267704,B001,BROU,0.2969896432878842,B001,BROU,0.32322931288970397,False
20267705,B001,BROU,0.31604763720349927,B001,BROU,0.2533769569786097,False
20267706,B001,BROU,0.3044037249648781,B001,BROU,0.2906181720117378,False
20267707,B001,BROU,0.3176375628854245,B001,BROU,0.30213108755776635,False
20267708,B001,BROU,0.30919060374837415,B001,BROU,0.3061900533875891,False
20267709,B001,BROU,0.3082351092719555,B001,BROU,0.3294957147656624,False
20267710,B001,BROU,0.30619531931371236,B001,BROU,0.24192651758142641,False
20267711,B001,BROU,0.30039429332396234,B001,BROU,0.3252993771334902,False
20267712,B001,BROU,0.32589706796183304,B001,BROU,0.2620794042578994,False
20267713,B001,BROU,0.293615234591892,B001,BROU,0.2743875839079949,False
20267714,B001,BROU,0.29087650999686415,B001,BROU,0.28034555184369025,False
20267715,B001,BROU,0.27741935060606826,B001,BROU,0.2663297994154771,False
20267716,B001,BROU,0.3131257645925491,B001,BROU,0.308484505495513,False
20267717,B001,BROU,0.30180676154377606,B001,BROU,0.2814702289077304,False
20267718,B001,BROU,0.3016123254400926,B001,BROU,0.2780190577102066,False
20267719,B001,BROU,0.27849506238627997,B001,BROU,0.2659241316688388,False
20267720,B001,BROU,0.2924132713851602,B001,BROU,0.3120085907776851,False
20267721,B001,BROU,0.3070051851268121,B001,BROU,0.31009824575788364,False
20267722,B001,BROU,0.32607983717525324,B001,BROU,0.2904221523334305,False
20267723,B001,BROU,0.31805662749660746,B001,BROU,0.31689958064214807,False
20267724,B001,BROU,0.28625752040874664,B001,BROU,0.28698493853985935,False
20267725,B001,BROU,0.3178185672216223,B001,BROU,0.3065699615041458,False
20267726,B001,BROU,0.32347839650437266,B001,BROU,0.32702093764373025,False
20267727,B001,BROU,0.288251327921967,B001,BROU,0.24510219064358463,False
20267728,B001,BROU,0.28179669100484595,B001,BROU,0.3227924683732536,False
20267729,B001,BROU,0.2881201918791916,B001,BROU,0.2987640056414875,False
20267730,B001,BROU,0.28133989094872125,B001,BROU,0.2871149826170781,False
20267731,B001,BROU,0.3221117887352548,B001,BROU,0.3606406288703515,False
20267732,B001,BROU,0.30867188710568,B001,BROU,0.25131248996404215,False
20267733,B001,BROU,0.29200084471630816,B001,BROU,0.291856236397545,False
20267734,B001,BROU,0.2830264421534999,B001,BROU,0.2795450153975062,False
20267735,B001,BROU,0.3008672596335561,B001,BROU,0.3152083283424637,False
20267736,B001,BROU,0.28277776771414465,B001,BROU,0.22812251665541083,False
20267737,B001,BROU,0.3137387205824863,B001,BROU,0.2796812716516931,False
20267738,B001,BROU,0.2828689140546041,B001,BROU,0.2972476812024857,False
20267739,B001,BROU,0.32589713011149124,B001,BROU,0.3107295581753955,False
20267740,B001,BROU,0.29526988713939883,B001,BROU,0.2797829002658552,False
20267741,B001,BROU,0.29116990419922806,B001,BROU,0.3170574751281961,False
20267742,B001,BROU,0.3024745175770839,B001,BROU,0.2787028426911255,False
20267743,B001,BROU,0.27732336280142716,B001,BROU,0.2961372980368046,False
20267744,B001,BROU,0.30767952539950344,B001,BROU,0.36674715893245513,False
20267745,B001,BROU,0.3001219416341693,B001,BROU,0.31676930732771374,False
20267746,B001,BROU,0.3048316808472178,B001,BROU,0.31756790681151786,False
20267747,B001,BROU,0.2868183070042463,B001,BROU,0.3418284909332086,False
20267748,B001,BROU,0.3152764586870932,B001,BROU,0.31497223969571003,False
20267749,B001,BROU,0.314646803275624,B001,BROU,0.2717542536639155,False
20267750,B001,BROU,0.3002864026991644,B001,BROU,0.2825723061800321,False
20267751,B001,BROU,0.29310368154260397,B001,BROU,0.2914495553373107,False
20267752,B001,BROU,0.3112679791458558,B001,BROU,0.313256915775271,False
20267753,B001,BROU,0.3243962431003499,B001,BROU,0.32407899084973807,False
20267754,B001,BROU,0.31088396115937883,B001,BROU,0.3246043728371092,False
20267755,B001,BROU,0.2950070375425497,B001,BROU,0.309912010718352,False
20267756,B001,BROU,0.3152755256592254,B001,BROU,0.2788279897952441,False
20267757,B001,BROU,0.2915098306887482,B001,BROU,0.34803630604197233,False
20267758,B001,BROU,0.3070855659373668,B001,BROU,0.3274930663637536,False
20267759,B001,BROU,0.2747567507101483,B001,BROU,0.2668802810111251,False
20267760,B001,BROU,0.3017405753901152,B001,BROU,0.3323374295779302,False
20267761,B001,BROU,0.30636464272306707,B001,BROU,0.21232554662272377,False
20267762,B001,BROU,0.31890135885678506,B001,BROU,0.3335306802588315,False
20267763,B001,BROU,0.30092213973307713,B001,BROU,0.3106250865159686,False
20267764,B001,BROU,0.32321182023474093,B001,BROU,0.3253298471243092,False
20267765,B001,BROU,0.29913376656569535,B001,BROU,0.23491100427953332,False
20267766,B001,BROU,0.27690219549520956,B001,BROU,0.30834269912731366,False
20267767,B001,BROU,0.29642943197417776,B001,BROU,0.3105907947467754,False
20267768,B001,BROU,0.30875451466267656,B001,BROU,0.3248353982223771,False
20267769,B001,BROU,0.32376821068775563,B001,BROU,0.30961860849205347,False
20267770,B001,BROU,0.3078486854927729,B001,BROU,0.31443042228374557,False
20267771,B001,BROU,0.292047291456873,B001,BROU,0.30889061623395325,False
20267772,B001,BROU,0.30651000738722833,B001,BROU,0.3036870930047557,False
20267773,B001,BROU,0.288442138591637,B001,BROU,0.3190111742895358,False
20267774,B001,BROU,0.29528778382471277,B001,BROU,0.29072581592460883,False
20267775,B001,BROU,0.3223796491950073,B001,BROU,0.31211796131692565,False
20267776,B001,BROU,0.2808667141464906,B001,BROU,0.2594761663051202,False
20267777,B001,BROU,0.29577142518596566,B001,BROU,0.27122052638610433,False
20267778,B001,BROU,0.3253305336307421,B001,BROU,0.30490682804092173,False
20267779,B001,BROU,0.32741587580970455,B001,BROU,0.29123417419218534,False
20267780,B001,BROU,0.3129003271070697,B001,BROU,0.3083640028592147,False
20267781,B001,BROU,0.2946233581802836,B001,BROU,0.30015281671382377,False
20267782,B001,BROU,0.32626911557298366,B001,BROU,0.29959420465110287,False
20267783,B001,BROU,0.33089179063448376,B001,BROU,0.284224444485065,False
20267784,B001,BROU,0.28505344493199347,B001,BROU,0.2971793755149178,False
20267785,B001,BROU,0.28854593869385226,B001,BROU,0.3121175773848299,False
20267786,B001,BROU,0.30369919748272656,B001,BROU,0.30860955435884346,False
20267787,B001,BROU,0.2880771369005188,B001,BROU,0.31144711180404105,False
20267788,B001,BROU,0.31524444314616906,B001,BROU,0.31687978814981055,False
20267789,B001,BROU,0.3092295095380638,B001,BROU,0.2864632501227466,False
20267790,B001,BROU,0.2929643022596187,B001,BROU,0.28587725827774624,False
20267791,B001,BROU,0.28833341093298076,B001,BROU,0.30198928710952194,False
20267792,B001,BROU,0.29339104468441823,B001,BROU,0.27059402311812525,False
20267793,B001,BROU,0.289949467818907,B001,BROU,0.2920977437241636,False
20267794,B001,BROU,0.3055875228910298,B001,BROU,0.3513302140276572,False
20267795,B001,BROU,0.31827838392409685,B001,BROU,0.29669295511000343,False
20267796,B001,BROU,0.3174937605727246,B001,BROU,0.28225182190939097,False
20267797,B001,BROU,0.2886976182157969,B001,BROU,0.27876398793031093,False
20267798,B001,BROU,0.2920043154156893,B001,BROU,0.29192505085988885,False
20267799,B001,BROU,0.31670632938198184,B001,BROU,0.29567315484696804,False
20267800,B001,BROU,0.3102731656620625,B001,BROU,0.24870067851016425,False
20267801,B001,BROU,0.27720819670201946,B001,BROU,0.1782129118765756,False
20267802,B001,BROU,0.30298745634254914,B001,BROU,0.27214544733478385,False
20267803,B001,BROU,0.3215690003687916,B001,BROU,0.32106569069620283,False
20267804,B001,BROU,0.3037327247730065,B001,BROU,0.31806284432306725,False
20267805,B001,BROU,0.3031539315319526,B001,BROU,0.302482732318113,False
20267806,B001,BROU,0.2998600440352256,B001,BROU,0.31547905044159086,False
20267807,B001,BROU,0.3109183291529611,B001,BROU,0.306166452838586,False
20267808,B001,BROU,0.3277756630228201,B001,BROU,0.3762116647029634,False
20267809,B001,BROU,0.3213772630920058,B001,BROU,0.3440758912218505,False
20267810,B001,BROU,0.30105150094360744,B001,BROU,0.2797672651384001,False
20267811,B001,BROU,0.300621570308039,B001,BROU,0.36502258209176147,False
20267812,B001,BROU,0.3095394037078631,B001,BROU,0.31408866712992767,False
20267813,B001,BROU,0.2945544915279725,B001,BROU,0.2981216453584943,False
20267814,B001,BROU,0.2944847772375711,B001,BROU,0.29983189472129707,False
20267815,B001,BROU,0.31047347556905636,B001,BROU,0.306785596198029,False
20267816,B001,BROU,0.29232613349726677,B001,BROU,0.2687310871108624,False
20267817,B001,BROU,0.3222958249125827,B001,BROU,0.35684208482043195,False
20267818,B001,BROU,0.32126316134776217,B001,BROU,0.3241740787852647,False
20267819,B001,BROU,0.3059547173777427,B001,BROU,0.29791205916132046,False
20267820,B001,BROU,0.2984839562012273,B001,BROU,0.24986445651614372,False
20267821,B001,BROU,0.3204046240769095,B001,BROU,0.34484836620543835,False
20267822,B001,BROU,0.3011089533931692,B001,BROU,0.3213594681863356,False
20267823,B001,BROU,0.29490399619894053,B001,BROU,0.2942710939792141,False
20267824,B001,BROU,0.27872843117828305,B001,BROU,0.29209627560251183,False
20267825,B001,BROU,0.3316637894779589,B001,BROU,0.33270920690726097,False
20267826,B001,BROU,0.29238823211803955,B001,BROU,0.32813182451193884,False
20267827,B001,BROU,0.2960211204615641,B001,BROU,0.34670685155616165,False
20267828,B001,BROU,0.30467843573489584,B001,BROU,0.27816885097515825,False
20267829,B001,BROU,0.29880415148717504,B001,BROU,0.30466231602450117,False
20267830,B001,BROU,0.3290199091815077,B001,BROU,0.31102596985229813,False
20267831,B001,BROU,0.30116549523795716,B001,BROU,0.26312596480172434,False
20267832,B001,BROU,0.30559379785386853,B001,BROU,0.3608584924807555,False
20267833,B001,BROU,0.2746359437795233,B001,BROU,0.3003930792625942,False
20267834,B001,BROU,0.3044578682911455,B001,BROU,0.2952320254177874,False
20267835,B001,BROU,0.30442692857826636,B001,BROU,0.2653208090375082,False
20267836,B001,BROU,0.31700024994657383,B001,BROU,0.31154552999502255,False
20267837,B001,BROU,0.30009581991067286,B001,BROU,0.27429917218035443,False
20267838,B001,BROU,0.29656093113150694,B001,BROU,0.24693442595075774,False
20267839,B001,BROU,0.3279256674753612,B001,BROU,0.33702905399459454,False
20267840,B001,BROU,0.3105715048488238,B001,BROU,0.2826042959330909,False
20267841,B001,BROU,0.2956665056229885,B001,BROU,0.284797693555271,False
20267842,B001,BROU,0.28233383845654636,B001,BROU,0.30853786187779664,False
20267843,B001,BROU,0.2917088874694963,B001,BROU,0.2574095992261503,False
20267844,B001,BROU,0.2868630179455222,B001,BROU,0.2970692041034267,False
20267845,B001,BROU,0.2951011382437556,B001,BROU,0.31194674842744496,False
20267846,B001,BROU,0.336278564764672,B001,BROU,0.3672713251002114,False
20267847,B001,BROU,0.3066801876583765,B001,BROU,0.3630756041452124,False
20267848,B001,BROU,0.3221162482709703,B001,BROU,0.2925938751948745,False
20267849,B001,BROU,0.3084875206601943,B001,BROU,0.29340103560023056,False
20267850,B001,BROU,0.3044612614943083,B001,BROU,0.28377811980958373,False
20267851,B001,BROU,0.278712116026441,B001,BROU,0.2778413918605843,False
20267852,B001,BROU,0.29713626053214137,B001,BROU,0.28393877279774565,False
20267853,B001,BROU,0.32388157237313475,B001,BROU,0.35892070387615543,False
20267854,B001,BROU,0.303809252412023,B001,BROU,0.31029820066078795,False
20267855,B001,BROU,0.2900382192586527,B001,BROU,0.31658755737536387,False
20267856,B001,BROU,0.2950388187480745,B001,BROU,0.2936206963818048,False
20267857,B001,BROU,0.32054786212987896,B001,BROU,0.3353939430671985,False
20267858,B001,BROU,0.3118235504495864,B001,BROU,0.3088634044430808,False
20267859,B001,BROU,0.3024248539290161,B001,BROU,0.3703996597427763,False
20267860,B001,BROU,0.27841383336175257,B001,BROU,0.3274170958880633,False
20267861,B001,BROU,0.3017518355823148,B001,BROU,0.3025651708118326,False
20267862,B001,BROU,0.31248359966602196,B001,BROU,0.29573432033294916,False
20267863,B001,BROU,0.2885463175460748,B001,BROU,0.2930466389289593,False
20267864,B001,BROU,0.31505428706484057,B001,BROU,0.28111143322018906,False
20267865,B001,BROU,0.3049515340528941,B001,BROU,0.3193013106958288,False
20267866,B001,BROU,0.28402091225479204,B001,BROU,0.3176783465646869,False
20267867,B001,BROU,0.2857787864008506,B001,BROU,0.2745622443649459,False
20267868,B001,BROU,0.2811680911456314,B001,BROU,0.28074072606784906,False
20267869,B001,BROU,0.32254402792107817,B001,BROU,0.2607911555678139,False
20267870,B001,BROU,0.3220606467951518,B001,BROU,0.282081126149278,False
20267871,B001,BROU,0.28495938388541614,B001,BROU,0.27916962329228756,False
20267872,B001,BROU,0.3032306620394492,B001,BROU,0.296913295796351,False
20267873,B001,BROU,0.2893906835317003,B001,BROU,0.2696471916164735,False
20267874,B001,BROU,0.3011019339913316,B001,BROU,0.28709265722004923,False
20267875,B001,BROU,0.2894970082186907,B001,BROU,0.31897916520306724,False
20267876,B001,BROU,0.30521457044053435,B001,BROU,0.29215328276487923,False
20267877,B001,BROU,0.3107221897041034,B001,BROU,0.3342939580248408,False
20267878,B001,BROU,0.2970687135803197,B001,BROU,0.3159054574092215,False
20267879,B001,BROU,0.30146779727474676,B001,BROU,0.2642335360179223,False
20267880,B001,BROU,0.29447788739579245,B001,BROU,0.30308985047302095,False
20267881,B001,BROU,0.2953100277667764,B001,BROU,0.286180275096121,False
20267882,B001,BROU,0.35556302389981465,B001,BROU,0.3312912359411029,False
20267883,B001,BROU,0.29086754273379595,B001,BROU,0.2595009356466308,False
20267884,B001,BROU,0.2934263910230089,B001,BROU,0.22813736988049937,False
20267885,B001,BROU,0.30959618301557057,B001,BROU,0.297378077325123,False
20267886,B001,BROU,0.2889793304584204,B001,BROU,0.31867666687746105,False
20267887,B001,BROU,0.31340378733992125,B001,BROU,0.3107906547490765,False
20267888,B001,BROU,0.30853272699309975,B001,BROU,0.33478531584686105,False
20267889,B001,BROU,0.30859068475554646,B001,BROU,0.36057375703725314,False
20267890,B001,BROU,0.3066731868402527,B001,BROU,0.3311588805693502,False
20267891,B001,BROU,0.302748856739956,B001,BROU,0.33516857539404205,False
20267892,B001,BROU,0.3120481113034492,B001,BROU,0.31433406319138285,False
20267893,B001,BROU,0.2948738299729981,B001,BROU,0.20931853610648682,False
20267894,B001,BROU,0.3416555480938959,B001,BROU,0.3041003449076083,False
20267895,B001,BROU,0.34210062288577486,B001,BROU,0.33781915459805245,False
20267896,B001,BROU,0.28966610992323144,B001,BROU,0.3003393479022754,False
20267897,B001,BROU,0.277710227385003,B001,BROU,0.28772798612125716,False
20267898,B001,BROU,0.3007067268385859,B001,BROU,0.3213150530545762,False
20267899,B001,BROU,0.2942997568472584,B001,BROU,0.3179576061680157,False
20267900,B001,BROU,0.2903688634811215,B001,BROU,0.29855285579033247,False
20267901,B001,BROU,0.3161615358144096,B001,BROU,0.3023477236914159,False
20267902,B001,BROU,0.31878559741911183,B001,BROU,0.37088446745958775,False
20267903,B001,BROU,0.2870317136243255,B001,BROU,0.35594938080469185,False
20267904,B001,BROU,0.2928381561085497,B001,BROU,0.3150953415751977,False
20267905,B001,BROU,0.33041060188345805,B001,BROU,0.3288340131822378,False
20267906,B001,BROU,0.28127608911698737,B001,BROU,0.2969645529697001,False
20267907,B001,BROU,0.284530147199717,B001,BROU,0.3147055361452972,False
20267908,B001,BROU,0.3049996342425866,B001,BROU,0.30864913733765686,False
20267909,B001,BROU,0.2785857014622337,B001,BROU,0.2770866558757235,False
20267910,B001,BROU,0.2910999981105465,B001,BROU,0.3001127439901928,False
20267911,B001,BROU,0.2878089499384896,B001,BROU,0.3384480301227852,False
20267912,B001,BROU,0.3177623076366738,B001,BROU,0.306277079300308,False
20267913,B001,BROU,0.2883586546698078,B001,BROU,0.308625182298971,False
20267914,B001,BROU,0.2999773275701379,B001,BROU,0.29867201958239564,False
20267915,B001,BROU,0.29610600764217104,B001,BROU,0.29715064685023806,False
20267916,B001,BROU,0.29623558062675864,B001,BROU,0.2938109177020947,False
20267917,B001,BROU,0.31113949193878054,B001,BROU,0.31775541128743584,False
20267918,B001,BROU,0.29280510924767833,B001,BROU,0.28555132804764094,False
20267919,B001,BROU,0.30009023402214613,B001,BROU,0.30325499935575206,False
20267920,B001,BROU,0.30500108075624394,B001,BROU,0.3030287987042081,False
20267921,B001,BROU,0.30694723575619265,B001,BROU,0.3225082991306393,False
20267922,B001,BROU,0.2992856536722538,B001,BROU,0.3225205375486258,False
20267923,B001,BROU,0.29311554900991255,B001,BROU,0.27413907380285185,False
20267924,B001,BROU,0.3341888247562707,B001,BROU,0.2803815875732185,False
20267925,B001,BROU,0.3211391466499844,B001,BROU,0.2979218358070046,False
20267926,B001,BROU,0.3042557277192892,B001,BROU,0.2948799125754827,False
20267927,B001,BROU,0.3064242717360008,B001,BROU,0.26578746002088893,False
20267928,B001,BROU,0.29288107641738736,B001,BROU,0.29266469259678796,False
20267929,B001,BROU,0.2857607927851013,B001,BROU,0.21666515270761547,False
20267930,B001,BROU,0.30431480950151224,B001,BROU,0.323001614811221,False
20267931,B001,BROU,0.28422108781736755,B001,BROU,0.2807149780931026,False
20267932,B001,BROU,0.286334995915037,B001,BROU,0.2744762181823131,False
20267933,B001,BROU,0.32738699843933167,B001,BROU,0.3171570356906555,False
20267934,B001,BROU,0.2789807194925538,B001,BROU,0.309010116621218,False
20267935,B001,BROU,0.2963156519408448,B001,BROU,0.3007929096009599,False
20267936,B001,BROU,0.2835219077085188,B001,BROU,0.2943101851883651,False
20267937,B001,BROU,0.2969679037005424,B001,BROU,0.24072448370911834,False
20267938,B001,BROU,0.2880006429497123,B001,BROU,0.287329644933974,False
20267939,B001,BROU,0.3021836757795036,B001,BROU,0.27814000067338707,False
20267940,B001,BROU,0.3345977904558205,B001,BROU,0.33082452609762003,False
20267941,B001,BROU,0.3123277218982513,B001,BROU,0.23816006033139617,False
20267942,B001,BROU,0.31425184313608756,B001,BROU,0.3194766079133046,False
20267943,B001,BROU,0.3004929253665948,B001,BROU,0.2899367652054674,False
20267944,B001,BROU,0.31001509858270637,B001,BROU,0.2675187375994442,False
20267945,B001,BROU,0.3248723500725652,B001,BROU,0.3175122681991617,False
20267946,B001,BROU,0.30082697415388365,B001,BROU,0.3183436460758973,False
20267947,B001,BROU,0.30502761792831357,B001,BROU,0.29957741287619055,False
20267948,B001,BROU,0.30871636571064176,B001,BROU,0.22180824951613018,False
20267949,B001,BROU,0.291991926148203,B001,BROU,0.2976343593910682,False
20267950,B001,BROU,0.302081685332333,B001,BROU,0.3181337112567902,False
20267951,B001,BROU,0.2843986554464126,B001,BROU,0.2769748405674855,False
20267952,B001,BROU,0.30207969407398716,B001,BROU,0.353766367379039,False
20267953,B001,BROU,0.30043941467827434,B001,BROU,0.27377327519316674,False
20267954,B001,BROU,0.30522088437906914,B001,BROU,0.3018885759515694,False
20267955,B001,BROU,0.2890045316653324,B001,BROU,0.28903968877880354,False
20267956,B001,BROU,0.283652232919362,B001,BROU,0.27290286565937233,False
20267957,B001,BROU,0.2922835811301711,B001,BROU,0.2661533848089018,False
20267958,B001,BROU,0.3184109518803159,B001,BROU,0.3211921334697297,False
20267959,B001,BROU,0.29641935582074896,B001,BROU,0.32271296544655637,False
20267960,B001,BROU,0.29390104950718565,B001,BROU,0.2888002972413191,False
20267961,B001,BROU,0.30735803439377124,B006,Itaú Uruguay,0.23016082316180422,True
20267962,B001,BROU,0.3162468914951468,B001,BROU,0.3214429689652959,False
20267963,B001,BROU,0.2989078737341264,B001,BROU,0.3196739651265439,False
20267964,B001,BROU,0.3236002648863219,B001,BROU,0.27728127071645137,False
20267965,B001,BROU,0.304519560430326,B001,BROU,0.33075136595196486,False
20267966,B001,BROU,0.29817813085845435,B001,BROU,0.22638196605027064,False
20267967,B001,BROU,0.3097301457759951,B001,BROU,0.32318532584023035,False
20267968,B001,BROU,0.29609441292652,B001,BROU,0.31493797280979724,False
20267969,B001,BROU,0.3073397895002182,B001,BROU,0.30970985275185536,False
20267970,B001,BROU,0.3030829119868601,B001,BROU,0.2961050839898519,False
20267971,B001,BROU,0.30144040780070247,B001,BROU,0.30168976484807747,False
20267972,B001,BROU,0.2875308817321746,B001,BROU,0.28587486986037003,False
20267973,B001,BROU,0.32430424045334816,B001,BROU,0.32699728202598805,False
20267974,B001,BROU,0.3283664015266483,B001,BROU,0.3100919355692473,False
20267975,B001,BROU,0.30533701344675795,B001,BROU,0.24860951426458228,False
20267976,B001,BROU,0.3218231547521726,B001,BROU,0.3010182882750719,False
20267977,B001,BROU,0.30757220201403973,B001,BROU,0.29518960258991894,False
20267978,B001,BROU,0.3057243568901785,B001,BROU,0.27742107794092524,False
20267979,B001,BROU,0.2900013775270777,B001,BROU,0.3342507415161209,False
20267980,B001,BROU,0.30127988472625744,B001,BROU,0.27979237279649644,False
20267981,B001,BROU,0.28817020201069976,B001,BROU,0.29547220063409385,False
20267982,B001,BROU,0.2712258914111622,B001,BROU,0.2618190973295777,False
20267983,B001,BROU,0.30885344022381267,B001,BROU,0.3209766962169497,False
20267984,B001,BROU,0.32585588901805745,B001,BROU,0.3249649313977086,False
20267985,B001,BROU,0.2759310525521275,B001,BROU,0.2575798226716914,False
20267986,B001,BROU,0.3053419980487824,B001,BROU,0.29174617361032773,False
20267987,B001,BROU,0.28335292188228156,B001,BROU,0.2791429557719278,False
20267988,B001,BROU,0.2949583702475729,B001,BROU,0.3259091326699609,False
20267989,B001,BROU,0.28666753213798235,B001,BROU,0.2786650437349781,False
20267990,B001,BROU,0.3202444787060099,B001,BROU,0.32333463720670896,False
20267991,B001,BROU,0.30796999074107007,B001,BROU,0.36104716120984587,False
20267992,B001,BROU,0.2968820465167946,B001,BROU,0.20891959665969273,False
20267993,B001,BROU,0.2994445515784606,B001,BROU,0.3840388848386853,False
20267994,B001,BROU,0.319098591681267,B001,BROU,0.3182817814687913,False
20267995,B001,BROU,0.2961787063153881,B001,BROU,0.31929083151420823,False
20267996,B001,BROU,0.3176915612509086,B001,BROU,0.32089318791360943,False
20267997,B001,BROU,0.29997602571504073,B001,BROU,0.17775088529177463,False
20267998,B001,BROU,0.30048007514332437,B001,BROU,0.3123092433701336,False
20267999,B001,BROU,0.30196012845885534,B001,BROU,0.29969531721041004,False
20268000,B001,BROU,0.30383836879449183,B001,BROU,0.310557357007146,False
20268001,B001,BROU,0.3033126006702376,B001,BROU,0.2742361424132735,False
20268002,B001,BROU,0.2907866617740345,B001,BROU,0.2965217946739048,False
20268003,B001,BROU,0.27870695476233076,B001,BROU,0.320866366218184,False
20268004,B001,BROU,0.32104505873847217,B001,BROU,0.32879298212776453,False
20268005,B001,BROU,0.31023106301949,B001,BROU,0.337259526189179,False
20268006,B001,BROU,0.3168766552855707,B001,BROU,0.3119899916997208,False
20268007,B001,BROU,0.31140078966097995,B001,BROU,0.30767415689424504,False
20268008,B001,BROU,0.34785855221285034,B001,BROU,0.3131895264460995,False
20268009,B001,BROU,0.3058017840392276,B001,BROU,0.27908522496538757,False
20268010,B001,BROU,0.29926519551336345,B001,BROU,0.2802815010705161,False
20268011,B001,BROU,0.3045977910445272,B001,BROU,0.33717621580226537,False
20268012,B001,BROU,0.28979629619575253,B001,BROU,0.2884925643182327,False
20268013,B001,BROU,0.3137192029921299,B001,BROU,0.2732446552828985,False
20268014,B001,BROU,0.31677409176670374,B001,BROU,0.30677118271449116,False
20268015,B001,BROU,0.3014253036524886,B001,BROU,0.29832551194613877,False
20268016,B001,BROU,0.31088712170775057,B001,BROU,0.31817193037521285,False
20268017,B001,BROU,0.292265457947886,B001,BROU,0.29398211312608363,False
20268018,B001,BROU,0.3123492660278051,B001,BROU,0.28367647132298573,False
20268019,B001,BROU,0.3153396069730965,B001,BROU,0.31230084077121884,False
20268020,B001,BROU,0.29841664819489055,B001,BROU,0.2850415847495459,False
20268021,B001,BROU,0.3062655484110355,B001,BROU,0.24043268949446267,False
20268022,B001,BROU,0.2752847926407549,B001,BROU,0.2880925473101902,False
20268023,B001,BROU,0.2928476679066438,B001,BROU,0.21638911089112298,False
20268024,B001,BROU,0.30789027321225204,B001,BROU,0.32815767986517846,False
20268025,B001,BROU,0.3206634243898996,B001,BROU,0.3372842410981846,False
20268026,B001,BROU,0.2888365742024674,B001,BROU,0.26908181900961253,False
20268027,B001,BROU,0.32098801777960484,B001,BROU,0.29692312612145244,False
20268028,B001,BROU,0.32290144245779234,B001,BROU,0.3220407781116765,False
20268029,B001,BROU,0.2656048249443191,B001,BROU,0.2809344398333113,False
20268030,B001,BROU,0.32256934822666394,B001,BROU,0.3086366487499567,False
20268031,B001,BROU,0.2875434016529833,B001,BROU,0.2837798258329749,False
20268032,B001,BROU,0.2966510221940193,B001,BROU,0.28484399402941063,False
20268033,B001,BROU,0.29139678499679467,B001,BROU,0.34044672656441893,False
20268034,B001,BROU,0.3099630527844077,B001,BROU,0.301374042182395,False
20268035,B001,BROU,0.30140526684132457,B001,BROU,0.3452266681304544,False
20268036,B001,BROU,0.2817228009840562,B001,BROU,0.31423998551744514,False
20268037,B001,BROU,0.296153551804868,B001,BROU,0.2401872312235039,False
20268038,B001,BROU,0.28223761636473305,B001,BROU,0.28223995155724574,False
20268039,B001,BROU,0.29867564431230087,B001,BROU,0.2979384506597047,False
20268040,B001,BROU,0.2901305169800985,B001,BROU,0.2856399753769947,False
20268041,B001,BROU,0.27896807280201785,B001,BROU,0.27591707960836404,False
20268042,B001,BROU,0.2891857255501765,B001,BROU,0.2927837026156703,False
20268043,B001,BROU,0.29323131330635244,B001,BROU,0.26922250108172135,False
20268044,B001,BROU,0.29027770950548,B001,BROU,0.27729168030060786,False
20268045,B001,BROU,0.3041545942770507,B001,BROU,0.3482307130385762,False
20268046,B001,BROU,0.2524636406738804,B001,BROU,0.2741389807008949,False
20268047,B001,BROU,0.30139341182797397,B001,BROU,0.2910063096536136,False
20268048,B001,BROU,0.30536625901783954,B001,BROU,0.29713721867917736,False
20268049,B001,BROU,0.3140558256720746,B001,BROU,0.3211431615006055,False
20268050,B001,BROU,0.30856310531746434,B001,BROU,0.2937296395770624,False
20268051,B001,BROU,0.3001928245700494,B001,BROU,0.2772934529267333,False
20268052,B001,BROU,0.2854081908667204,B001,BROU,0.26629640505558905,False
20268053,B001,BROU,0.3117142652718112,B001,BROU,0.3123294090105463,False
20268054,B001,BROU,0.2951853979022306,B001,BROU,0.33716315833966215,False
20268055,B001,BROU,0.2995849630443839,B001,BROU,0.31145770156466523,False
20268056,B001,BROU,0.31717826602216553,B001,BROU,0.32476829054632844,False
20268057,B001,BROU,0.3077326361873113,B001,BROU,0.3093657724793033,False
20268058,B001,BROU,0.30237511347622315,B001,BROU,0.2717808383490923,False
20268059,B001,BROU,0.2853837977344525,B001,BROU,0.31198972911667566,False
20268060,B001,BROU,0.3260569060064621,B001,BROU,0.3036162959432304,False
20268061,B001,BROU,0.30869878243546817,B001,BROU,0.30681291609040645,False
20268062,B001,BROU,0.3326603639657884,B001,BROU,0.3147544055322773,False
20268063,B001,BROU,0.3127223720291582,B001,BROU,0.31508221690220756,False
20268064,B001,BROU,0.2801298289818665,B001,BROU,0.31004905969315705,False
20268065,B001,BROU,0.2970557672810097,B001,BROU,0.30130693700658523,False
20268066,B001,BROU,0.29201089790897583,B001,BROU,0.30217093678070533,False
20268067,B001,BROU,0.30147556741548376,B001,BROU,0.3158578154844033,False
20268068,B001,BROU,0.29664682557557737,B001,BROU,0.29627335635868635,False
20268069,B001,BROU,0.29992743281149703,B001,BROU,0.25974518942857006,False
20268070,B001,BROU,0.30234950807392863,B001,BROU,0.28043990839067223,False
20268071,B001,BROU,0.33014778856543486,B001,BROU,0.3229653000150307,False
20268072,B001,BROU,0.30749102868231076,B001,BROU,0.3001289551476628,False
20268073,B001,BROU,0.3040075203576452,B001,BROU,0.3061351512475638,False
20268074,B001,BROU,0.29941065254088156,B001,BROU,0.2787541094655857,False
20268075,B001,BROU,0.3112070016807267,B001,BROU,0.2951314776963503,False
20268076,B001,BROU,0.30093526074152094,B001,BROU,0.33834756270797284,False
20268077,B001,BROU,0.3318788929200015,B001,BROU,0.348936320487867,False
20268078,B001,BROU,0.312655003453861,B001,BROU,0.30766101646649513,False
20268079,B001,BROU,0.2993755688553783,B001,BROU,0.3432076043285372,False
20268080,B001,BROU,0.29535323458788487,B001,BROU,0.3189576677892034,False
20268081,B001,BROU,0.3099885717784508,B001,BROU,0.26412116688788545,False
20268082,B001,BROU,0.3179821546779099,B001,BROU,0.3290974621464599,False
20268083,B001,BROU,0.3165254589253321,B001,BROU,0.3187218188593843,False
20268084,B001,BROU,0.2718876646250654,B001,BROU,0.29468385234200395,False
20268085,B001,BROU,0.30935391059619305,B001,BROU,0.29831712163866886,False
20268086,B001,BROU,0.3016868042426317,B001,BROU,0.2998358386629166,False
20268087,B001,BROU,0.3038096093456197,B006,Itaú Uruguay,0.19350870308351528,True
20268088,B001,BROU,0.30582958234518826,B001,BROU,0.3068656528535603,False
20268089,B001,BROU,0.28521917093413085,B001,BROU,0.2184058648058293,False
20268090,B001,BROU,0.30148496909675015,B001,BROU,0.3104188643702441,False
20268091,B001,BROU,0.28457128980864793,B001,BROU,0.3050681121429594,False
20268092,B001,BROU,0.30947045717742977,B001,BROU,0.3269888925873518,False
20268093,B001,BROU,0.33659100017131555,B001,BROU,0.3385131607801753,False
20268094,B001,BROU,0.2775414188289615,B001,BROU,0.28675205008222965,False
20268095,B001,BROU,0.2995788235922203,B001,BROU,0.302246756276712,False
20268096,B001,BROU,0.30752449475666244,B001,BROU,0.3147902152093973,False
20268097,B001,BROU,0.30456893226187626,B001,BROU,0.2879843530475763,False
20268098,B001,BROU,0.31414196449325593,B001,BROU,0.31808344187404547,False
20268099,B001,BROU,0.2768177210292421,B001,BROU,0.2912288097028358,False
20268100,B001,BROU,0.3137465465777619,B001,BROU,0.2804093947087653,False
20268101,B001,BROU,0.3139298539421201,B001,BROU,0.28727098773811605,False
20268102,B001,BROU,0.2857549429014478,B001,BROU,0.286980870488132,False
20268103,B001,BROU,0.2812659127712331,B001,BROU,0.2695500989808804,False
20268104,B001,BROU,0.3203998793510425,B001,BROU,0.27524140792126484,False
20268105,B001,BROU,0.2998559002024989,B001,BROU,0.3006322522187594,False
20268106,B001,BROU,0.29521468236823845,B001,BROU,0.30912263787814015,False
20268107,B001,BROU,0.3167621321210803,B001,BROU,0.35487844937658747,False
20268108,B001,BROU,0.3015534658320195,B001,BROU,0.3117193008324069,False
20268109,B001,BROU,0.2833022302262603,B001,BROU,0.3093396802536557,False
20268110,B001,BROU,0.2955839730739697,B001,BROU,0.2788389586409781,False
20268111,B001,BROU,0.2987204487275631,B001,BROU,0.30484560051243614,False
20268112,B001,BROU,0.3125671034764573,B001,BROU,0.31461286254956405,False
20268113,B001,BROU,0.31804020218026186,B001,BROU,0.3241087321637141,False
20268114,B001,BROU,0.3048542750690705,B001,BROU,0.28746841027875675,False
20268115,B001,BROU,0.308478227018986,B001,BROU,0.3127983568594185,False
20268116,B001,BROU,0.3031359092603417,B001,BROU,0.2938722362891531,False
20268117,B001,BROU,0.3073770283135812,B001,BROU,0.2985280719147231,False
20268118,B001,BROU,0.311518203159896,B001,BROU,0.28199467558665103,False
20268119,B001,BROU,0.29389303259829963,B001,BROU,0.28483141154436964,False
20268120,B001,BROU,0.3012728520773736,B001,BROU,0.2838986667567159,False
20268121,B001,BROU,0.30395395563947925,B001,BROU,0.30014225337281636,False
20268122,B001,BROU,0.2902839522107461,B001,BROU,0.3244796473747609,False
20268123,B001,BROU,0.28996492543390145,B001,BROU,0.3013065899981377,False
20268124,B001,BROU,0.29950054155058314,B001,BROU,0.31394559992137416,False
20268125,B001,BROU,0.2952509994940751,B001,BROU,0.2775925609852647,False
20268126,B001,BROU,0.28938401952176296,B001,BROU,0.2919699495424508,False
20268127,B001,BROU,0.3207041976118005,B001,BROU,0.31648547365226143,False
20268128,B001,BROU,0.31178695199498496,B001,BROU,0.30813196672785303,False
20268129,B001,BROU,0.32926783550136146,B001,BROU,0.31747882654361864,False
20268130,B001,BROU,0.30383492821615826,B001,BROU,0.30964159246921397,False
20268131,B001,BROU,0.3411165670386366,B001,BROU,0.3291700602049245,False
20268132,B001,BROU,0.27026426439710194,B001,BROU,0.29232203647872035,False
20268133,B001,BROU,0.30593537990745145,B001,BROU,0.3244528932555052,False
20268134,B001,BROU,0.2778616674322802,B001,BROU,0.2102773223908739,False
20268135,B001,BROU,0.3260825124498352,B001,BROU,0.313359009211297,False
20268136,B001,BROU,0.29742664832593746,B001,BROU,0.25785452370257134,False
20268137,B001,BROU,0.2929331680842916,B001,BROU,0.3321923928118327,False
20268138,B001,BROU,0.30690427583717617,B001,BROU,0.29301662720525706,False
20268139,B001,BROU,0.2999003783424984,B001,BROU,0.32009928840011215,False
20268140,B001,BROU,0.30623632215830526,B001,BROU,0.3111540629656847,False
20268141,B001,BROU,0.30187594598321466,B001,BROU,0.30148785352411006,False
20268142,B001,BROU,0.28570536234404853,B001,BROU,0.29079833821092593,False
20268143,B001,BROU,0.28208481529977064,B001,BROU,0.28461946258722487,False
20268144,B001,BROU,0.33348776449814854,B001,BROU,0.2916823050530087,False
20268145,B001,BROU,0.31796240386992264,B001,BROU,0.30490191300047387,False
20268146,B001,BROU,0.2926031835989604,B001,BROU,0.2980993059913519,False
20268147,B001,BROU,0.3179094443159358,B001,BROU,0.2931258749259314,False
20268148,B001,BROU,0.3106340946090537,B001,BROU,0.305191643061872,False
20268149,B001,BROU,0.2993821516132806,B001,BROU,0.2936047646379602,False
20268150,B001,BROU,0.30912632889240893,B001,BROU,0.30453946091614775,False
20268151,B001,BROU,0.29874089024606687,B001,BROU,0.3214117142347543,False
20268152,B001,BROU,0.32348712513163386,B001,BROU,0.3424929874086144,False
20268153,B001,BROU,0.3140484363065852,B001,BROU,0.28165717374871313,False
20268154,B001,BROU,0.3106571039441548,B001,BROU,0.2772469050969387,False
20268155,B001,BROU,0.3123941030890728,B001,BROU,0.31945548930880857,False
20268156,B001,BROU,0.29410125887546973,B001,BROU,0.2894750342133381,False
20268157,B001,BROU,0.3016952661508988,B001,BROU,0.34429553812938035,False
20268158,B001,BROU,0.31177840264692264,B001,BROU,0.28395078344968194,False
20268159,B001,BROU,0.3104836700628292,B001,BROU,0.31903164079776664,False
20268160,B001,BROU,0.30707450097067884,B001,BROU,0.3059033969831597,False
20268161,B001,BROU,0.3099383090900595,B001,BROU,0.26154022872250293,False
20268162,B001,BROU,0.3044209789329884,B001,BROU,0.30004428902329494,False
20268163,B001,BROU,0.31271468079097453,B001,BROU,0.30733921462267866,False
20268164,B001,BROU,0.31024646453696814,B001,BROU,0.2592273792102083,False
20268165,B001,BROU,0.29840843793510563,B001,BROU,0.298594071530889,False
20268166,B001,BROU,0.3201134094245798,B001,BROU,0.29210508241197314,False
20268167,B001,BROU,0.32213149663415785,B001,BROU,0.356994079760013,False
20268168,B001,BROU,0.29715581643520744,B001,BROU,0.2966248743470162,False
20268169,B001,BROU,0.300476298843521,B001,BROU,0.26741144531537686,False
20268170,B001,BROU,0.325859007092283,B001,BROU,0.2904601128033951,False
20268171,B001,BROU,0.32724450148857864,B001,BROU,0.3121075849495409,False
20268172,B001,BROU,0.31206683263961865,B001,BROU,0.33027389278308195,False
20268173,B001,BROU,0.30045143009949926,B001,BROU,0.2988241625841335,False
20268174,B001,BROU,0.3134751996924871,B001,BROU,0.2722910486132297,False
20268175,B001,BROU,0.27766045541811746,B001,BROU,0.2999864827092775,False
20268176,B001,BROU,0.28649955665764004,B001,BROU,0.25499239687558356,False
20268177,B001,BROU,0.2945315692584961,B001,BROU,0.32124070677067357,False
20268178,B001,BROU,0.28383296431469596,B001,BROU,0.26719913427875025,False
20268179,B001,BROU,0.31100854458395594,B001,BROU,0.27340258164984715,False
20268180,B001,BROU,0.28122044955327286,B001,BROU,0.2741026838724376,False
20268181,B001,BROU,0.30052576770856837,B001,BROU,0.3084120890450521,False
20268182,B001,BROU,0.3079162041667103,B001,BROU,0.3257874603659237,False
20268183,B001,BROU,0.30326807503706565,B001,BROU,0.3066286902833643,False
20268184,B001,BROU,0.27340187545476696,B001,BROU,0.28115648100407037,False
20268185,B001,BROU,0.30034433107131986,B001,BROU,0.30776316208802956,False
20268186,B001,BROU,0.3123569810110287,B001,BROU,0.2879081080754126,False
20268187,B001,BROU,0.3128140943330452,B001,BROU,0.35771245290710785,False
20268188,B001,BROU,0.2988656536481769,B001,BROU,0.29171447612005064,False
20268189,B001,BROU,0.31166978097958875,B001,BROU,0.3187800310226071,False
20268190,B001,BROU,0.33274037167453085,B001,BROU,0.33442361273318716,False
20268191,B001,BROU,0.2739875242530075,B001,BROU,0.2977193223277885,False
20268192,B001,BROU,0.32289099731251686,B001,BROU,0.3196349312258942,False
20268193,B001,BROU,0.30063036980587515,B001,BROU,0.29676111322090415,False
20268194,B001,BROU,0.28993437457154403,B001,BROU,0.3431681345212205,False
20268195,B001,BROU,0.30776824986023466,B001,BROU,0.34547292712645084,False
20268196,B001,BROU,0.2965525660431492,B001,BROU,0.3285049499370019,False
20268197,B001,BROU,0.3110285686662757,B001,BROU,0.31589158796342726,False
20268198,B001,BROU,0.3080111377398164,B001,BROU,0.30701437850224234,False
20268199,B001,BROU,0.2927266577873564,B001,BROU,0.26885346508497715,False
20268200,B001,BROU,0.2909378269720423,B001,BROU,0.27879704123396654,False
20268201,B001,BROU,0.28932932155504687,B001,BROU,0.30458982627748327,False
20268202,B001,BROU,0.3028802449720197,B001,BROU,0.2855424168840164,False
20268203,B001,BROU,0.30283003006594333,B001,BROU,0.3908548776599723,False
20268204,B001,BROU,0.3141021753882557,B001,BROU,0.2982846540246659,False
20268205,B001,BROU,0.2928259865765807,B001,BROU,0.2858525333705956,False
20268206,B001,BROU,0.3188708667577872,B001,BROU,0.27925457595808095,False
20268207,B001,BROU,0.31897151054879164,B001,BROU,0.2898187172069136,False
20268208,B001,BROU,0.2919760088121187,B001,BROU,0.29042323252710556,False
20268209,B001,BROU,0.28102821086713164,B001,BROU,0.2869511855834395,False
20268210,B001,BROU,0.27755580889803566,B001,BROU,0.2774327183852462,False
20268211,B001,BROU,0.3014443747297496,B001,BROU,0.3023000676359015,False
20268212,B001,BROU,0.29254632089779287,B001,BROU,0.2814487787408287,False
20268213,B001,BROU,0.3074948835747826,B001,BROU,0.35731963843109105,False
20268214,B001,BROU,0.30889820018500463,B001,BROU,0.31480378948556664,False
20268215,B001,BROU,0.3130201759832242,B001,BROU,0.2779793330621553,False
20268216,B001,BROU,0.31169823042121547,B001,BROU,0.27208358809544814,False
20268217,B001,BROU,0.3086369397803359,B001,BROU,0.3111840737943925,False
20268218,B001,BROU,0.2818411980921652,B001,BROU,0.3145938025890957,False
20268219,B001,BROU,0.29710392457486573,B001,BROU,0.29507472858402695,False
20268220,B001,BROU,0.30855975328305474,B001,BROU,0.29600061935391786,False
20268221,B001,BROU,0.2982888442308365,B001,BROU,0.3214199752846688,False
20268222,B001,BROU,0.31058638224219637,B001,BROU,0.28578146725233183,False
20268223,B001,BROU,0.2904146519591937,B001,BROU,0.2975334411472942,False
20268224,B001,BROU,0.27322861710605395,B001,BROU,0.28539031042018387,False
20268225,B001,BROU,0.3174312708373755,B001,BROU,0.2865824502809185,False
20268226,B001,BROU,0.304301279598995,B001,BROU,0.29132222707220634,False
20268227,B001,BROU,0.31246835182019195,B001,BROU,0.32465921585771945,False
20268228,B001,BROU,0.29459284393647583,B001,BROU,0.32041711853657906,False
20268229,B001,BROU,0.28477035506601617,B001,BROU,0.3046364904483317,False
20268230,B001,BROU,0.3037580861784823,B001,BROU,0.37950759297323683,False
20268231,B001,BROU,0.31035291750977,B001,BROU,0.22864000019805705,False
20268232,B001,BROU,0.3155078951316983,B001,BROU,0.30707511556998385,False
20268233,B001,BROU,0.29999804919662354,B001,BROU,0.26965640957026094,False
20268234,B001,BROU,0.29399149782243494,B001,BROU,0.303907227740532,False
20268235,B001,BROU,0.3203978471949431,B001,BROU,0.30323401894838414,False
20268236,B001,BROU,0.2978102097817041,B001,BROU,0.29336448499424733,False
20268237,B001,BROU,0.3312633275431829,B001,BROU,0.3266590285119323,False
20268238,B001,BROU,0.29637558232444666,B001,BROU,0.2905178907828679,False
20268239,B001,BROU,0.29499705100626566,B001,BROU,0.2824408250366999,False
20268240,B001,BROU,0.31091590331286545,B001,BROU,0.34633118223151566,False
20268241,B001,BROU,0.3174376690533314,B001,BROU,0.32355413820791457,False
20268242,B001,BROU,0.2920515769410637,B001,BROU,0.304461464629137,False
20268243,B001,BROU,0.30433448361809823,B001,BROU,0.3068441698449462,False
20268244,B001,BROU,0.31687446663551416,B001,BROU,0.3641302361323766,False
20268245,B001,BROU,0.33878586684272993,B001,BROU,0.3159171303325881,False
20268246,B001,BROU,0.3026007874772625,B001,BROU,0.32504271827433207,False
20268247,B001,BROU,0.30246724746234244,B001,BROU,0.29258876421039354,False
20268248,B001,BROU,0.2916919908309151,B001,BROU,0.2978740152993973,False
20268249,B001,BROU,0.28957104868550276,B001,BROU,0.2655266677824809,False
20268250,B001,BROU,0.29608105936664864,B001,BROU,0.29008040564913196,False
20268251,B001,BROU,0.34650873939645427,B001,BROU,0.35577718087207216,False
20268252,B001,BROU,0.2979097263972616,B001,BROU,0.32973919918753986,False
20268253,B001,BROU,0.2964033409624033,B001,BROU,0.3209407271249886,False
20268254,B001,BROU,0.29306702209585195,B001,BROU,0.3007074733030221,False
20268255,B001,BROU,0.31120823291823335,B001,BROU,0.31533159363961877,False
20268256,B001,BROU,0.33322443625333426,B001,BROU,0.265294054104822,False
20268257,B001,BROU,0.28039361670668994,B001,BROU,0.2668584127075526,False
20268258,B001,BROU,0.28620167760295157,B001,BROU,0.27186456382587315,False
20268259,B001,BROU,0.30483737278422124,B001,BROU,0.3201653429429007,False
20268260,B001,BROU,0.316135575767708,B001,BROU,0.29698372727790623,False
20268261,B001,BROU,0.3278637766332254,B001,BROU,0.32318022458800905,False
20268262,B001,BROU,0.2752357704444032,B001,BROU,0.24059221190629723,False
20268263,B001,BROU,0.28815755638807394,B001,BROU,0.30649250456031596,False
20268264,B001,BROU,0.2861579378310153,B001,BROU,0.2949463604925688,False
20268265,B001,BROU,0.3201418489758474,B001,BROU,0.30437258494037917,False
20268266,B001,BROU,0.27821528816708213,B001,BROU,0.2972290756543092,False
20268267,B001,BROU,0.2966672192368786,B001,BROU,0.32632775192412833,False
20268268,B001,BROU,0.31748415828551846,B001,BROU,0.28489405178786653,False
20268269,B001,BROU,0.326173763657699,B001,BROU,0.29269075297938574,False
20268270,B001,BROU,0.2956286157838392,B001,BROU,0.2535885009130272,False
20268271,B001,BROU,0.31089053670395156,B001,BROU,0.3220577997510331,False
20268272,B001,BROU,0.2925693833055486,B001,BROU,0.23813200808904686,False
20268273,B001,BROU,0.30312492015484266,B001,BROU,0.2489396587663813,False
20268274,B001,BROU,0.2801194820719197,B001,BROU,0.2787527226031745,False
20268275,B001,BROU,0.292401850479121,B001,BROU,0.3127467970860061,False
20268276,B001,BROU,0.30230935027330963,B001,BROU,0.30960570889788136,False
20268277,B001,BROU,0.29264743848671854,B001,BROU,0.2953279243464206,False
20268278,B001,BROU,0.31832046374761713,B001,BROU,0.31685726184459156,False
20268279,B001,BROU,0.28196054774335694,B001,BROU,0.28879760103105057,False
20268280,B001,BROU,0.295791356940912,B001,BROU,0.3248924059358729,False
20268281,B001,BROU,0.28661691822800545,B001,BROU,0.30001360357279055,False
20268282,B001,BROU,0.32028245613906103,B001,BROU,0.314361437262782,False
20268283,B001,BROU,0.3074532634923082,B001,BROU,0.33210546957329895,False
20268284,B001,BROU,0.2903413724992218,B001,BROU,0.29556266994700364,False
20268285,B001,BROU,0.2896885446007412,B001,BROU,0.29493772270365065,False
20268286,B001,BROU,0.33625519309208285,B001,BROU,0.3187760460334944,False
20268287,B001,BROU,0.3018824160305536,B001,BROU,0.3070268992869668,False
20268288,B001,BROU,0.2878716254885031,B001,BROU,0.18949379591243984,False
20268289,B001,BROU,0.30934961582489806,B001,BROU,0.28508137219170043,False
20268290,B001,BROU,0.3215693409184617,B001,BROU,0.3248603901605114,False
20268291,B001,BROU,0.30399160840967465,B001,BROU,0.3084705878749649,False
20268292,B001,BROU,0.3490938001251666,B001,BROU,0.2967573800108331,False
20268293,B001,BROU,0.30962128506770037,B001,BROU,0.27084095499877603,False
20268294,B001,BROU,0.3063670418971606,B001,BROU,0.2882170444093666,False
20268295,B001,BROU,0.2890925298112437,B001,BROU,0.328987794175291,False
20268296,B001,BROU,0.29594244929663704,B001,BROU,0.31184474025733044,False
20268297,B001,BROU,0.2956792593646501,B001,BROU,0.2546875831813292,False
20268298,B001,BROU,0.3007485490036967,B001,BROU,0.34785968129495914,False
20268299,B001,BROU,0.2962514175281363,B001,BROU,0.2867602340401341,False
20268300,B001,BROU,0.31766221238776854,B001,BROU,0.3487071253417228,False
20268301,B001,BROU,0.33053084453373427,B001,BROU,0.3252742877753482,False
20268302,B001,BROU,0.2923733270066445,B001,BROU,0.27534762030183235,False
20268303,B001,BROU,0.30585782863068955,B001,BROU,0.28063218358471914,False
20268304,B001,BROU,0.29795781249840786,B001,BROU,0.27391302615083785,False
20268305,B001,BROU,0.30843902087467195,B001,BROU,0.3315051271196329,False
20268306,B001,BROU,0.2920082572079036,B001,BROU,0.3419895774362986,False
20268307,B001,BROU,0.3058763108356584,B001,BROU,0.297928828606091,False
20268308,B001,BROU,0.2978344477385653,B001,BROU,0.2523172201019908,False
20268309,B001,BROU,0.30976282342458344,B001,BROU,0.3405179009934805,False
20268310,B001,BROU,0.3074966064307183,B001,BROU,0.33480308265370007,False
20268311,B001,BROU,0.3194945775870706,B001,BROU,0.35973605328588387,False
20268312,B001,BROU,0.3188454595872001,B001,BROU,0.3213498490170143,False
20268313,B001,BROU,0.3152749571206048,B001,BROU,0.2994265194954106,False
20268314,B001,BROU,0.2956029602101661,B001,BROU,0.29655042633661466,False
20268315,B001,BROU,0.31336536629537703,B001,BROU,0.3168618733187572,False
20268316,B001,BROU,0.30449279609407814,B001,BROU,0.33911246816139157,False
20268317,B001,BROU,0.278934817934251,B001,BROU,0.2690369202634233,False
20268318,B001,BROU,0.275430650845565,B001,BROU,0.3155995189027703,False
20268319,B001,BROU,0.3111681292353308,B001,BROU,0.2891210361246415,False
20268320,B001,BROU,0.2874990837375385,B001,BROU,0.28472244980320693,False
20268321,B001,BROU,0.3034027199609772,B001,BROU,0.25995276711264137,False
20268322,B001,BROU,0.31485330929346456,B001,BROU,0.3247326545853219,False
20268323,B001,BROU,0.3309380346727697,B001,BROU,0.30248660923129544,False
20268324,B001,BROU,0.3066229206852304,B001,BROU,0.3300667834365148,False
20268325,B001,BROU,0.27766564468548266,B001,BROU,0.2868980189044925,False
20268326,B001,BROU,0.2901223352521701,B001,BROU,0.3078012852994028,False
20268327,B001,BROU,0.31205118256901565,B001,BROU,0.3112243785988361,False
20268328,B001,BROU,0.3126591351829082,B001,BROU,0.287130129108925,False
20268329,B001,BROU,0.3123402276060937,B001,BROU,0.30846324967282795,False
20268330,B001,BROU,0.2977187426217602,B001,BROU,0.26951263679521137,False
20268331,B001,BROU,0.297445703524648,B001,BROU,0.2896100178860389,False
20268332,B001,BROU,0.31488669928599844,B001,BROU,0.3027321616837656,False
20268333,B001,BROU,0.28098887876467227,B001,BROU,0.2618040870405326,False
20268334,B001,BROU,0.28732378617117427,B001,BROU,0.2755382652799696,False
20268335,B001,BROU,0.2682627236077645,B001,BROU,0.23986691384176947,False
20268336,B001,BROU,0.28750641861925486,B001,BROU,0.273064920883512,False
20268337,B001,BROU,0.287487892713713,B001,BROU,0.28635228752892017,False
20268338,B001,BROU,0.36,B001,BROU,0.3572550093570108,False
20268339,B001,BROU,0.3075509980550781,B001,BROU,0.3629986496337861,False
20268340,B001,BROU,0.29595199043251547,B001,BROU,0.30018969392556094,False
20268341,B001,BROU,0.3139895121442505,B001,BROU,0.31291161445823507,False
20268342,B001,BROU,0.301369338732705,B001,BROU,0.2860398073161925,False
20268343,B001,BROU,0.30272890763675486,B001,BROU,0.3265702150642771,False
20268344,B001,BROU,0.28706517828426226,B001,BROU,0.28220546141916225,False
20268345,B001,BROU,0.31064843674322284,B001,BROU,0.30328066090557226,False
20268346,B001,BROU,0.3093615352662925,B001,BROU,0.27060357545916564,False
20268347,B001,BROU,0.3282480435640177,B001,BROU,0.33949847706261016,False
20268348,B001,BROU,0.31335814828500574,B001,BROU,0.30079384145542437,False
20268349,B001,BROU,0.31440120798468185,B001,BROU,0.2799108673718567,False
20268350,B001,BROU,0.29450418112102755,B001,BROU,0.2941223887957243,False
20268351,B001,BROU,0.30030038854341823,B001,BROU,0.2682353054426903,False
20268352,B001,BROU,0.30105013586560775,B001,BROU,0.31695679454215053,False
20268353,B001,BROU,0.30867427548297255,B001,BROU,0.3035574917641629,False
20268354,B001,BROU,0.3166760069825309,B001,BROU,0.285399681401872,False
20268355,B001,BROU,0.30001024929336656,B001,BROU,0.29760383406996144,False
20268356,B001,BROU,0.2979162747995746,B001,BROU,0.28885591555404044,False
20268357,B001,BROU,0.2880020861971916,B001,BROU,0.2512601445252001,False
20268358,B001,BROU,0.33011079722074993,B001,BROU,0.32669312808182965,False
20268359,B001,BROU,0.3154041299498863,B001,BROU,0.31825989374324604,False
20268360,B001,BROU,0.3301842197026417,B001,BROU,0.2739219865290336,False
20268361,B001,BROU,0.35485675626300756,B001,BROU,0.20145073993174797,False
20268362,B001,BROU,0.2975874381711006,B001,BROU,0.30871350005457254,False
20268363,B001,BROU,0.3069659587129553,B001,BROU,0.31215908142025284,False
20268364,B001,BROU,0.31504308427428496,B001,BROU,0.25836342180908584,False
20268365,B001,BROU,0.28628530848946177,B001,BROU,0.25818750273592217,False
20268366,B001,BROU,0.3009238393694822,B001,BROU,0.31385219960391064,False
20268367,B001,BROU,0.2975698075986981,B001,BROU,0.3337455522129913,False
20268368,B001,BROU,0.3073016321496554,B001,BROU,0.28847957176701994,False
20268369,B001,BROU,0.2869183380057084,B001,BROU,0.2977115523052032,False
20268370,B001,BROU,0.2935055378333201,B001,BROU,0.279307889858132,False
20268371,B001,BROU,0.27630975799652635,B001,BROU,0.28004906877065733,False
20268372,B001,BROU,0.27059361470675436,B001,BROU,0.2999493578767405,False
20268373,B001,BROU,0.2928858132280216,B001,BROU,0.3162929309309463,False
20268374,B001,BROU,0.3223572496047692,B001,BROU,0.3133363432126372,False
20268375,B001,BROU,0.3013418770322282,B001,BROU,0.3107191518835524,False
20268376,B001,BROU,0.32137814706749046,B001,BROU,0.3325836524639412,False
20268377,B001,BROU,0.3246257709527911,B001,BROU,0.39553812620757567,False
20268378,B001,BROU,0.3512624528427182,B001,BROU,0.3637380565468297,False
20268379,B001,BROU,0.3055355856359928,B001,BROU,0.2703206190756206,False
20268380,B001,BROU,0.28990438156016557,B001,BROU,0.30976912077900637,False
20268381,B001,BROU,0.3136713519812623,B001,BROU,0.320114074516319,False
20268382,B001,BROU,0.30137295518566853,B001,BROU,0.3286221133099677,False
20268383,B001,BROU,0.293008190976882,B001,BROU,0.290122098621729,False
20268384,B001,BROU,0.30990479734701104,B001,BROU,0.31952919944768515,False
20268385,B001,BROU,0.3283416446426044,B001,BROU,0.33084049887360606,False
20268386,B001,BROU,0.2909343278021277,B001,BROU,0.2879256874285778,False
20268387,B001,BROU,0.28448864558793335,B001,BROU,0.2793487905357481,False
20268388,B001,BROU,0.288337345129533,B001,BROU,0.3186067379916911,False
20268389,B001,BROU,0.3024287861953997,B001,BROU,0.30699367247976156,False
20268390,B001,BROU,0.2958228572660536,B001,BROU,0.2892456430647769,False
20268391,B001,BROU,0.28876268308450415,B001,BROU,0.31034385166455514,False
20268392,B001,BROU,0.3037123681362242,B001,BROU,0.3359193221170695,False
20268393,B001,BROU,0.2964769911054473,B001,BROU,0.24399405501465726,False
20268394,B001,BROU,0.29506352240673744,B001,BROU,0.2755141628079676,False
20268395,B001,BROU,0.291007285186164,B001,BROU,0.2829474043617769,False
20268396,B001,BROU,0.3006051366128737,B001,BROU,0.29850788325277955,False
20268397,B001,BROU,0.2826942196910298,B001,BROU,0.34276241328551965,False
20268398,B001,BROU,0.29018547274558176,B001,BROU,0.27559924815550446,False
20268399,B001,BROU,0.29922380583824615,B001,BROU,0.31551549822624647,False
20268400,B001,BROU,0.2911532606917398,B001,BROU,0.30863729223031494,False
20268401,B001,BROU,0.30324540705112374,B001,BROU,0.20606112713226535,False
20268402,B001,BROU,0.285151634362391,B001,BROU,0.2706368186254172,False
20268403,B001,BROU,0.2876239579637118,B001,BROU,0.3269423411905373,False
20268404,B001,BROU,0.2797668887400434,B001,BROU,0.2906878463619397,False
20268405,B001,BROU,0.2963911559220944,B001,BROU,0.2986866403488441,False
20268406,B001,BROU,0.2948112869611886,B001,BROU,0.3018259142302522,False
20268407,B001,BROU,0.2995619127569727,B001,BROU,0.3185287597566075,False
20268408,B001,BROU,0.3175484228653454,B001,BROU,0.32995250381649455,False
20268409,B001,BROU,0.29863196744327214,B001,BROU,0.32753119549219883,False
20268410,B001,BROU,0.3206980823161788,B001,BROU,0.3414901139740347,False
20268411,B001,BROU,0.33187028251609657,B001,BROU,0.31512923840935053,False
20268412,B001,BROU,0.31484389147990993,B001,BROU,0.32713465888208854,False
20268413,B001,BROU,0.30476482063884736,B001,BROU,0.32015511554160875,False
20268414,B001,BROU,0.31722613131766064,B001,BROU,0.2966654357315381,False
20268415,B001,BROU,0.2999474427064581,B001,BROU,0.22528067230145235,False
20268416,B001,BROU,0.2929751065040487,B001,BROU,0.31161306984647497,False
20268417,B001,BROU,0.2838492456602367,B001,BROU,0.36338228110460363,False
20268418,B001,BROU,0.28180537641405956,B001,BROU,0.28387019892662757,False
20268419,B001,BROU,0.3132938666176933,B001,BROU,0.31829555125524417,False
20268420,B001,BROU,0.30398492689222123,B001,BROU,0.29599648272218876,False
20268421,B001,BROU,0.2991422896494506,B001,BROU,0.2955891381436161,False
20268422,B001,BROU,0.30701017137356196,B001,BROU,0.26436371415046195,False
20268423,B001,BROU,0.33981921146361016,B001,BROU,0.29938899568838206,False
20268424,B001,BROU,0.29667239290078334,B001,BROU,0.3219494950077733,False
20268425,B001,BROU,0.303934863545092,B001,BROU,0.296594671478526,False
20268426,B001,BROU,0.27023437052118676,B001,BROU,0.30246776604037406,False
20268427,B001,BROU,0.28041359833662666,B001,BROU,0.35982360401605956,False
20268428,B001,BROU,0.3280260615318157,B001,BROU,0.3379429001890673,False
20268429,B001,BROU,0.3094001615035987,B001,BROU,0.3145656045258216,False
20268430,B001,BROU,0.3118578691047029,B001,BROU,0.3153069059615035,False
20268431,B001,BROU,0.3362450836726418,B001,BROU,0.3029463028968742,False
20268432,B001,BROU,0.3035897399367897,B001,BROU,0.28436859009919874,False
20268433,B001,BROU,0.2780377534563983,B001,BROU,0.27797465177706215,False
20268434,B001,BROU,0.3215229116638622,B001,BROU,0.33382449866561786,False
20268435,B001,BROU,0.30821896997561865,B001,BROU,0.32579519112178384,False
20268436,B001,BROU,0.3143301794020927,B001,BROU,0.29672509026933047,False
20268437,B001,BROU,0.3063943310842379,B001,BROU,0.3231085825657773,False
20268438,B001,BROU,0.31271349017150274,B001,BROU,0.31816342214918875,False
20268439,B001,BROU,0.30208372385029597,B001,BROU,0.3273223273142134,False
20268440,B001,BROU,0.2883027993862451,B001,BROU,0.271806403102448,False
20268441,B001,BROU,0.30617626878478266,B001,BROU,0.2238823048264973,False
20268442,B001,BROU,0.3358832272306811,B001,BROU,0.27284196647837444,False
20268443,B001,BROU,0.3050235599139187,B001,BROU,0.3206093871835969,False
20268444,B001,BROU,0.3054457705916173,B001,BROU,0.34022715198306763,False
20268445,B001,BROU,0.30734225257560227,B001,BROU,0.27638847948958806,False
20268446,B001,BROU,0.28509595092039147,B001,BROU,0.3102475334789543,False
20268447,B001,BROU,0.3307831466118914,B001,BROU,0.4069974248843379,False
20268448,B001,BROU,0.3007774745081685,B001,BROU,0.2899077285120168,False
20268449,B001,BROU,0.28806484215419886,B001,BROU,0.29003290282500277,False
20268450,B001,BROU,0.3350240468467131,B001,BROU,0.2890937453867667,False
20268451,B001,BROU,0.2981383256220438,B001,BROU,0.29994994905785877,False
20268452,B001,BROU,0.3008037722305339,B001,BROU,0.29375291415287647,False
20268453,B001,BROU,0.3174303656667342,B001,BROU,0.37106815770133916,False
20268454,B001,BROU,0.28942355256202346,B001,BROU,0.30610768274912475,False
20268455,B001,BROU,0.30922604473698095,B001,BROU,0.331113254752603,False
20268456,B001,BROU,0.27889173137072143,B001,BROU,0.31982995177105583,False
20268457,B001,BROU,0.30440953555039174,B001,BROU,0.3425467352733151,False
20268458,B001,BROU,0.2911996987284936,B001,BROU,0.2928634847904309,False
20268459,B001,BROU,0.3055690691834432,B001,BROU,0.2661012795314906,False
20268460,B001,BROU,0.2894617528762765,B001,BROU,0.3171006729680376,False
20268461,B001,BROU,0.29797384870981797,B001,BROU,0.28786804611173866,False
20268462,B001,BROU,0.2930679684898478,B001,BROU,0.23332131984024565,False
20268463,B001,BROU,0.29406496629772433,B001,BROU,0.29688284137024346,False
20268464,B001,BROU,0.3080056012540238,B001,BROU,0.2781470576996369,False
20268465,B001,BROU,0.3003027146100412,B001,BROU,0.308596768656229,False
20268466,B001,BROU,0.3033803386917997,B001,BROU,0.3005136165597044,False
20268467,B001,BROU,0.29753331217385054,B001,BROU,0.2969705230073681,False
20268468,B001,BROU,0.3073701942372458,B001,BROU,0.30899610895764795,False
20268469,B001,BROU,0.29215362724754157,B001,BROU,0.18117540707865906,False
20268470,B001,BROU,0.2993284154658546,B001,BROU,0.2739821496284967,False
20268471,B001,BROU,0.33008028631335184,B001,BROU,0.40047717379192527,False
20268472,B001,BROU,0.3222701886977779,B001,BROU,0.33534019960076883,False
20268473,B001,BROU,0.2891812210066954,B001,BROU,0.28829453875021904,False
20268474,B001,BROU,0.287471157877108,B001,BROU,0.3157899657576659,False
20268475,B001,BROU,0.3264104305925509,B001,BROU,0.24676873450504097,False
20268476,B001,BROU,0.3316277376937474,B001,BROU,0.31064967113699393,False
20268477,B001,BROU,0.3100429971433712,B001,BROU,0.2130300283502449,False
20268478,B001,BROU,0.2900198578751578,B001,BROU,0.2878939195833063,False
20268479,B001,BROU,0.2776920912068612,B001,BROU,0.31610361007489485,False
20268480,B001,BROU,0.31555411168496583,B001,BROU,0.3352462500247234,False
20268481,B001,BROU,0.30130966477188154,B001,BROU,0.27925606072813236,False
20268482,B001,BROU,0.28976654519937867,B001,BROU,0.31529691613400357,False
20268483,B001,BROU,0.29680366909955314,B001,BROU,0.3071002483074397,False
20268484,B001,BROU,0.330407118912165,B001,BROU,0.31278284912438215,False
20268485,B001,BROU,0.2959043094931381,B001,BROU,0.3028008024661257,False
20268486,B001,BROU,0.31030861438538215,B001,BROU,0.2915163365974798,False
20268487,B001,BROU,0.3046447785994596,B001,BROU,0.28789843181600444,False
20268488,B001,BROU,0.3040093299434063,B001,BROU,0.24766854693518173,False
20268489,B001,BROU,0.2957929147263546,B001,BROU,0.3215711818775928,False
20268490,B001,BROU,0.318380382308471,B001,BROU,0.29838844386615027,False
20268491,B001,BROU,0.3008545203693611,B001,BROU,0.2880999362785986,False
20268492,B001,BROU,0.29021296238917427,B001,BROU,0.323567445479695,False
20268493,B001,BROU,0.3098521632676897,B001,BROU,0.29961230174785386,False
20268494,B001,BROU,0.2806830487820975,B001,BROU,0.21963399478907236,False
20268495,B001,BROU,0.2907119949986203,B001,BROU,0.2769173133473226,False
20268496,B001,BROU,0.2940722859549302,B001,BROU,0.30410564080329067,False
20268497,B001,BROU,0.28707178162958513,B001,BROU,0.2962353774418317,False
20268498,B001,BROU,0.3117185264760096,B001,BROU,0.31353652421158096,False
20268499,B001,BROU,0.29935792939003597,B001,BROU,0.27035211203697335,False
20268500,B001,BROU,0.3018810974068024,B001,BROU,0.2705512020786268,False
20268501,B001,BROU,0.29474468397303855,B001,BROU,0.28822287988296874,False
20268502,B001,BROU,0.2637377445275806,B001,BROU,0.24621209658260795,False
20268503,B001,BROU,0.3045824259658654,B001,BROU,0.2999834585818242,False
20268504,B001,BROU,0.2787248622492347,B001,BROU,0.295573135170804,False
20268505,B001,BROU,0.3179909742219229,B001,BROU,0.34586801452687166,False
20268506,B001,BROU,0.3439047032633954,B001,BROU,0.3292596799758486,False
20268507,B001,BROU,0.29722922144077735,B001,BROU,0.29147038840389417,False
20268508,B001,BROU,0.32480756442565173,B001,BROU,0.34180949946494554,False
20268509,B001,BROU,0.2997233273750197,B001,BROU,0.3176817863598907,False
20268510,B001,BROU,0.31808122941905065,B001,BROU,0.19173094596946322,False
20268511,B001,BROU,0.2893234198676357,B001,BROU,0.2790408397281027,False
20268512,B001,BROU,0.28876812723632106,B001,BROU,0.2753232944165717,False
20268513,B001,BROU,0.3146840903401634,B001,BROU,0.3145573557695207,False
20268514,B001,BROU,0.2740606415538083,B001,BROU,0.24902045549698773,False
20268515,B001,BROU,0.30375042894433707,B001,BROU,0.30555377219124724,False
20268516,B001,BROU,0.27594634741039903,B001,BROU,0.25921102422892073,False
20268517,B001,BROU,0.30791076068326,B001,BROU,0.3033336482603785,False
20268518,B001,BROU,0.2867954708865924,B001,BROU,0.2833761410279594,False
20268519,B001,BROU,0.2966824237178836,B001,BROU,0.29131909913241066,False
20268520,B001,BROU,0.3079966400591362,B001,BROU,0.30097544835621687,False
20268521,B001,BROU,0.3112657324578352,B001,BROU,0.35850703069263173,False
20268522,B001,BROU,0.29357512204161146,B001,BROU,0.3160190874134694,False
20268523,B001,BROU,0.3029794771630522,B001,BROU,0.22310908172858995,False
20268524,B001,BROU,0.3068422541643313,B001,BROU,0.32183600832683573,False
20268525,B001,BROU,0.2970501810800332,B001,BROU,0.2429488698870919,False
20268526,B001,BROU,0.3502468332027879,B001,BROU,0.294979151624842,False
20268527,B001,BROU,0.2983874909055359,B001,BROU,0.3293757109284503,False
20268528,B001,BROU,0.28997566561528904,B007,Santander Uruguay,0.18062927061056286,True
20268529,B001,BROU,0.3085477678404422,B001,BROU,0.29448722174087844,False
20268530,B001,BROU,0.29112173026438093,B001,BROU,0.26760224857402726,False
20268531,B001,BROU,0.31246817838509994,B001,BROU,0.31379520233600466,False
20268532,B001,BROU,0.3102419816545735,B001,BROU,0.3282996746239546,False
20268533,B001,BROU,0.3119749201900004,B001,BROU,0.28566343008640654,False
20268534,B001,BROU,0.30790848755112005,B001,BROU,0.26785872280001266,False
20268535,B001,BROU,0.3056855785682407,B001,BROU,0.29498773912692877,False
20268536,B001,BROU,0.28985235159510553,B001,BROU,0.2812680585785924,False
20268537,B001,BROU,0.2948275910028807,B001,BROU,0.3024264462034162,False
20268538,B001,BROU,0.31947962033630856,B001,BROU,0.31627999385694094,False
20268539,B001,BROU,0.29848013738472323,B001,BROU,0.3264995598447158,False
20268540,B001,BROU,0.3032031002326023,B001,BROU,0.30618557105732047,False
20268541,B001,BROU,0.2995544900936499,B001,BROU,0.29216636243594235,False
20268542,B001,BROU,0.2967192116465863,B001,BROU,0.28761676154309146,False
20268543,B001,BROU,0.295377428719595,B001,BROU,0.31738558800139216,False
20268544,B001,BROU,0.30009983475995156,B001,BROU,0.28329947315971404,False
20268545,B001,BROU,0.3292875136296733,B001,BROU,0.31929799513984664,False
20268546,B001,BROU,0.31385005150925466,B001,BROU,0.2892238052671485,False
20268547,B001,BROU,0.2944368130363139,B001,BROU,0.2693905563265772,False
20268548,B001,BROU,0.3090533713282473,B001,BROU,0.30435549757678465,False
20268549,B001,BROU,0.3067716140465895,B001,BROU,0.3397979612532803,False
20268550,B001,BROU,0.31055899515784957,B001,BROU,0.21742594693506925,False
20268551,B001,BROU,0.2878218853136534,B001,BROU,0.30217638918419915,False
20268552,B001,BROU,0.2914690900630827,B001,BROU,0.2924510413694538,False
20268553,B001,BROU,0.29431900784138754,B001,BROU,0.29422054786995827,False
20268554,B001,BROU,0.27099227955945354,B001,BROU,0.29259162946373274,False
20268555,B001,BROU,0.3150343106148981,B001,BROU,0.30571952184706364,False
20268556,B001,BROU,0.354180169541645,B001,BROU,0.3078590276145255,False
20268557,B001,BROU,0.3171624714707924,B001,BROU,0.2757395298627676,False
20268558,B001,BROU,0.29321600781874535,B001,BROU,0.3132141773750181,False
20268559,B001,BROU,0.3054789640648808,B001,BROU,0.2980830917657931,False
20268560,B001,BROU,0.29450924205982515,B001,BROU,0.31524049481081834,False
20268561,B001,BROU,0.2694007752944398,B001,BROU,0.2669743206604056,False
20268562,B001,BROU,0.32130835543015623,B001,BROU,0.24582290999214157,False
20268563,B001,BROU,0.31428663972891946,B001,BROU,0.30575920256905514,False
20268564,B001,BROU,0.33516269626092454,B001,BROU,0.29522303941435873,False
20268565,B001,BROU,0.288379907778049,B001,BROU,0.2873511920729849,False
20268566,B001,BROU,0.2871585581153777,B001,BROU,0.3082646757605987,False
20268567,B001,BROU,0.30073672447781113,B001,BROU,0.28855126323675034,False
20268568,B001,BROU,0.28452661995023715,B001,BROU,0.2617592239536989,False
20268569,B001,BROU,0.315042860638707,B001,BROU,0.3022827710330957,False
20268570,B001,BROU,0.28470851445478396,B001,BROU,0.2649285749348138,False
20268571,B001,BROU,0.30657935030182226,B001,BROU,0.30598371738592844,False
20268572,B001,BROU,0.3172598964528975,B001,BROU,0.2993230412213016,False
20268573,B001,BROU,0.2732659122278738,B001,BROU,0.282373833431878,False
20268574,B001,BROU,0.3216240515956488,B001,BROU,0.3367853743542773,False
20268575,B001,BROU,0.3080308967599534,B001,BROU,0.30768726953498904,False
20268576,B001,BROU,0.27462081041349046,B001,BROU,0.316562538564735,False
20268577,B001,BROU,0.29141451452220707,B001,BROU,0.17884603192445522,False
20268578,B001,BROU,0.29626788904381307,B001,BROU,0.3447291488035386,False
20268579,B001,BROU,0.30712511876097076,B001,BROU,0.2691463392967902,False
20268580,B001,BROU,0.3113117055617343,B001,BROU,0.28386675230686154,False
20268581,B001,BROU,0.3013868074424043,B001,BROU,0.30424200801358076,False
20268582,B001,BROU,0.3052085895828264,B001,BROU,0.30920563019960073,False
20268583,B001,BROU,0.31639402468252953,B001,BROU,0.3234332392756365,False
20268584,B001,BROU,0.28482542802247035,B001,BROU,0.24434277089836826,False
20268585,B001,BROU,0.2954494878993598,B001,BROU,0.2857936938972061,False
20268586,B001,BROU,0.3069320428081217,B001,BROU,0.31376089101341753,False
20268587,B001,BROU,0.2991143838600634,B001,BROU,0.3164346747388285,False
20268588,B001,BROU,0.2908054250221299,B001,BROU,0.3237770247984019,False
20268589,B001,BROU,0.2767387577174927,B001,BROU,0.29054065331413564,False
20268590,B001,BROU,0.31695492684154347,B001,BROU,0.33774917915997776,False
20268591,B001,BROU,0.3072250292883238,B001,BROU,0.3006351958936649,False
20268592,B001,BROU,0.30772286387093034,B001,BROU,0.3102199336851332,False
20268593,B001,BROU,0.2875063998040032,B001,BROU,0.2858683679871921,False
20268594,B001,BROU,0.2937201904812812,B001,BROU,0.2672424796239671,False
20268595,B001,BROU,0.27256083860565394,B001,BROU,0.2897241124807231,False
20268596,B001,BROU,0.29315044773141535,B001,BROU,0.27504158072480345,False
20268597,B001,BROU,0.29372686539406906,B001,BROU,0.29519113408669617,False
20268598,B001,BROU,0.3295493121411434,B001,BROU,0.31307482314573354,False
20268599,B001,BROU,0.3238381810955248,B001,BROU,0.32506665486855035,False
20268600,B001,BROU,0.3078443884028651,B001,BROU,0.3272825799811045,False
20268601,B001,BROU,0.29045127607008187,B001,BROU,0.3154317867625872,False
20268602,B001,BROU,0.30010236594991935,B001,BROU,0.2761508136520439,False
20268603,B001,BROU,0.33538763242440034,B001,BROU,0.35114691361732503,False
20268604,B001,BROU,0.2851641679165183,B001,BROU,0.2848039213125192,False
20268605,B001,BROU,0.28382316070867336,B001,BROU,0.2823745496119796,False
20268606,B001,BROU,0.3013519078437576,B001,BROU,0.3047891638110347,False
20268607,B001,BROU,0.27563084859394116,B001,BROU,0.31498753983916455,False
20268608,B001,BROU,0.27516947513942475,B001,BROU,0.2761988020986767,False
20268609,B001,BROU,0.3077888569677336,B001,BROU,0.3156600405298104,False
20268610,B001,BROU,0.3015887616504964,B001,BROU,0.3032556422481818,False
20268611,B001,BROU,0.28563671973300664,B001,BROU,0.3450531126411768,False
20268612,B001,BROU,0.31256466984069425,B001,BROU,0.28401524141957957,False
20268613,B001,BROU,0.2968382451245719,B001,BROU,0.31120380064578845,False
20268614,B001,BROU,0.315375637118353,B001,BROU,0.31836412428530936,False
20268615,B001,BROU,0.3162922251470026,B001,BROU,0.31183007578439476,False
20268616,B001,BROU,0.31950796353942224,B001,BROU,0.2925093381684827,False
20268617,B001,BROU,0.31717147542253116,B001,BROU,0.337485902415112,False
20268618,B001,BROU,0.30077877939805275,B001,BROU,0.2987061832367774,False
20268619,B001,BROU,0.2851964223680189,B001,BROU,0.2735507660375012,False
20268620,B001,BROU,0.2864195361915984,B001,BROU,0.32610197677326314,False
20268621,B001,BROU,0.29084575686624525,B001,BROU,0.31020911340591956,False
20268622,B001,BROU,0.28180911217210425,B001,BROU,0.24069897388087347,False
20268623,B001,BROU,0.28694281789524384,B001,BROU,0.28564167596532825,False
20268624,B001,BROU,0.29843907447619566,B001,BROU,0.27492620908865195,False
20268625,B001,BROU,0.31590691555282074,B001,BROU,0.3084612254541985,False
20268626,B001,BROU,0.2885602515866184,B001,BROU,0.3257932989330272,False
20268627,B001,BROU,0.28231819056984375,B001,BROU,0.27239886390284573,False
20268628,B001,BROU,0.3047287175264245,B001,BROU,0.29952448420033045,False
20268629,B001,BROU,0.2834099827170932,B001,BROU,0.2747695382638584,False
20268630,B001,BROU,0.30991762446221793,B001,BROU,0.29877104845845204,False
20268631,B001,BROU,0.31026013808623853,B001,BROU,0.30953507534022445,False
20268632,B001,BROU,0.3054169745927421,B001,BROU,0.30274119871523814,False
20268633,B001,BROU,0.3082200626040708,B001,BROU,0.3247217230193155,False
20268634,B001,BROU,0.3019052824101054,B001,BROU,0.29675501960681017,False
20268635,B001,BROU,0.3194078663791987,B001,BROU,0.21051688423481368,False
20268636,B001,BROU,0.30941053778663036,B001,BROU,0.3407185669344879,False
20268637,B001,BROU,0.29009523536588416,B001,BROU,0.2928387663482562,False
20268638,B001,BROU,0.29704905896919254,B001,BROU,0.18574982269704043,False
20268639,B001,BROU,0.31629169326664736,B001,BROU,0.31982618082973713,False
20268640,B001,BROU,0.301765508325786,B001,BROU,0.3201525477658584,False
20268641,B001,BROU,0.3009763016285848,B001,BROU,0.30923352555474903,False
20268642,B001,BROU,0.29748466109984784,B001,BROU,0.3096565416265692,False
20268643,B001,BROU,0.3096184346690091,B001,BROU,0.33326936815798497,False
20268644,B001,BROU,0.3018400134285403,B001,BROU,0.3187764728903301,False
20268645,B001,BROU,0.32011546457653084,B001,BROU,0.3103144796752791,False
20268646,B001,BROU,0.3019961093442296,B001,BROU,0.3421813672404935,False
20268647,B001,BROU,0.3114204373201005,B001,BROU,0.28037677304673814,False
20268648,B001,BROU,0.3063419936435125,B001,BROU,0.3199113131077908,False
20268649,B001,BROU,0.28508922029798145,B001,BROU,0.24780375069292465,False
20268650,B001,BROU,0.3090435833881533,B001,BROU,0.29437395937237537,False
20268651,B001,BROU,0.31185820433839717,B001,BROU,0.2987319095702154,False
20268652,B001,BROU,0.307638801523096,B001,BROU,0.3556557430968235,False
20268653,B001,BROU,0.28783976979422116,B001,BROU,0.29921760772344996,False
20268654,B001,BROU,0.30388536073596445,B001,BROU,0.2951250320054756,False
20268655,B001,BROU,0.2770011128712821,B001,BROU,0.3661927539834324,False
20268656,B001,BROU,0.3014770886306926,B001,BROU,0.30092317901522186,False
20268657,B001,BROU,0.3052096382538796,B001,BROU,0.3619140228584165,False
20268658,B001,BROU,0.3125476124632945,B001,BROU,0.326120052363552,False
20268659,B001,BROU,0.312630238552839,B001,BROU,0.2750734056493947,False
20268660,B001,BROU,0.3102542187753757,B001,BROU,0.28647037800643615,False
20268661,B001,BROU,0.29407941666829485,B001,BROU,0.26457793578398214,False
20268662,B001,BROU,0.266897194398923,B001,BROU,0.2441978491502456,False
20268663,B001,BROU,0.2953978525604424,B001,BROU,0.29538630035720354,False
20268664,B001,BROU,0.29657242342134144,B001,BROU,0.26096319113056665,False
20268665,B001,BROU,0.2932923955558989,B001,BROU,0.2805731038737314,False
20268666,B001,BROU,0.29269896406117435,B001,BROU,0.3110301441195742,False
20268667,B001,BROU,0.2721077376685069,B001,BROU,0.29445635507285267,False
20268668,B001,BROU,0.29077684613723087,B001,BROU,0.30061485174056307,False
20268669,B001,BROU,0.3018042873039793,B001,BROU,0.3120053426049209,False
20268670,B001,BROU,0.30534952716577346,B001,BROU,0.32401347274941306,False
20268671,B001,BROU,0.30497958392984414,B001,BROU,0.3185985641891733,False
20268672,B001,BROU,0.2801107025625859,B001,BROU,0.26204093869009487,False
20268673,B001,BROU,0.3347343626207208,B001,BROU,0.306642211317264,False
20268674,B001,BROU,0.2836772888536787,B001,BROU,0.21254771733673586,False
20268675,B001,BROU,0.316252346470536,B001,BROU,0.3111860412858594,False
20268676,B001,BROU,0.31568515313687234,B001,BROU,0.31627046116647795,False
20268677,B001,BROU,0.2982555293185398,B001,BROU,0.2792008040296421,False
20268678,B001,BROU,0.31188282232448755,B001,BROU,0.31058711861616367,False
20268679,B001,BROU,0.28635736250255517,B001,BROU,0.3084915754620634,False
20268680,B001,BROU,0.29491093930530815,B001,BROU,0.27277207465814296,False
20268681,B001,BROU,0.3263102413319307,B001,BROU,0.3681628973342367,False
20268682,B001,BROU,0.31229489262468,B001,BROU,0.2848786693066729,False
20268683,B001,BROU,0.2730232581346751,B001,BROU,0.27257493382376513,False
20268684,B001,BROU,0.2907300823472199,B001,BROU,0.3128907914731713,False
20268685,B001,BROU,0.3068019571046515,B001,BROU,0.3079505258109967,False
20268686,B001,BROU,0.3051154979157194,B001,BROU,0.34953216997252284,False
20268687,B001,BROU,0.3108234955705558,B001,BROU,0.30477091416464885,False
20268688,B001,BROU,0.29328912219250874,B001,BROU,0.28916483799693254,False
20268689,B001,BROU,0.2849142842044701,B001,BROU,0.2228918759878397,False
20268690,B001,BROU,0.2816998928367206,B001,BROU,0.2828445101243002,False
20268691,B001,BROU,0.2874886655225801,B001,BROU,0.33458353519048956,False
20268692,B001,BROU,0.2869313121281675,B001,BROU,0.30262347647461857,False
20268693,B001,BROU,0.2943579235629686,B001,BROU,0.2994935665694159,False
20268694,B001,BROU,0.307557297779072,B001,BROU,0.30268742635988116,False
20268695,B001,BROU,0.3089919882955975,B001,BROU,0.3187179388421943,False
20268696,B001,BROU,0.3012721156675668,B001,BROU,0.2846824049362494,False
20268697,B001,BROU,0.2947450482707904,B001,BROU,0.2733224799991636,False
20268698,B001,BROU,0.30603691605387373,B001,BROU,0.2996126196322339,False
20268699,B001,BROU,0.3131445941757769,B001,BROU,0.298426117835043,False
20268700,B001,BROU,0.3035790879039471,B001,BROU,0.3299987518310397,False
20268701,B001,BROU,0.3021783138549979,B001,BROU,0.31701115091351634,False
20268702,B001,BROU,0.2997491933146319,B001,BROU,0.28390707431323586,False
20268703,B001,BROU,0.3165792527221153,B001,BROU,0.3183871417244793,False
20268704,B001,BROU,0.30809207206546724,B001,BROU,0.31695745460066505,False
20268705,B001,BROU,0.3033737387347851,B001,BROU,0.26760989553792996,False
20268706,B001,BROU,0.3157440134348983,B001,BROU,0.31828182238334857,False
20268707,B001,BROU,0.2940406873688409,B001,BROU,0.2993336942920832,False
20268708,B001,BROU,0.29956561389747705,B001,BROU,0.2901470832055231,False
20268709,B001,BROU,0.30237022942344394,B001,BROU,0.3156944082485567,False
20268710,B001,BROU,0.3030912936352077,B001,BROU,0.26596615100869603,False
20268711,B001,BROU,0.31244923751430753,B001,BROU,0.24952459792030296,False
20268712,B001,BROU,0.310633708947247,B001,BROU,0.34620667468195443,False
20268713,B001,BROU,0.31257408261272146,B001,BROU,0.32847163881714597,False
20268714,B001,BROU,0.292718881346523,B001,BROU,0.2769559385684613,False
20268715,B001,BROU,0.29247287970965685,B001,BROU,0.2882077067462502,False
20268716,B001,BROU,0.2839973499674761,B001,BROU,0.2672949946161934,False
20268717,B001,BROU,0.2993028137222009,B001,BROU,0.3012456715392577,False
20268718,B001,BROU,0.30175046262132016,B001,BROU,0.29545619850745625,False
20268719,B001,BROU,0.29625852180602946,B001,BROU,0.3111579069067879,False
20268720,B001,BROU,0.2964290096439896,B001,BROU,0.24310240144330156,False
20268721,B001,BROU,0.2847053655526033,B001,BROU,0.29279718126204995,False
20268722,B001,BROU,0.31449251225810004,B001,BROU,0.3079000616740198,False
20268723,B001,BROU,0.2971237246464955,B001,BROU,0.32859031714744397,False
20268724,B001,BROU,0.312829211266172,B001,BROU,0.3149278966571061,False
20268725,B001,BROU,0.28015416592174536,B001,BROU,0.29003318158006364,False
20268726,B001,BROU,0.2802333059005542,B001,BROU,0.2866643294077994,False
20268727,B001,BROU,0.29905148719218155,B001,BROU,0.3101622115474057,False
20268728,B001,BROU,0.2952883397465708,B001,BROU,0.3042500978385134,False
20268729,B001,BROU,0.32004802573668734,B001,BROU,0.3081991746699335,False
20268730,B001,BROU,0.2938656506203843,B001,BROU,0.28654185710926294,False
20268731,B001,BROU,0.31292745128489474,B001,BROU,0.28003652770833154,False
20268732,B001,BROU,0.29672670228404796,B001,BROU,0.31966556166338617,False
20268733,B001,BROU,0.2884654119070512,B001,BROU,0.27646091341241075,False
20268734,B001,BROU,0.323023791016442,B001,BROU,0.3213574989936995,False
20268735,B001,BROU,0.29352964549912236,B001,BROU,0.3337008945246473,False
20268736,B001,BROU,0.3202373630948543,B001,BROU,0.3154080423290408,False
20268737,B001,BROU,0.3170654232136234,B001,BROU,0.30514279183562354,False
20268738,B001,BROU,0.3119428210414287,B001,BROU,0.34087676569630526,False
20268739,B001,BROU,0.3054278254912439,B001,BROU,0.29854927734059705,False
20268740,B001,BROU,0.29857344659162094,B001,BROU,0.29527168263376635,False
20268741,B001,BROU,0.32203977961590424,B001,BROU,0.3080718284663596,False
20268742,B001,BROU,0.26508980371030655,B001,BROU,0.30273903593696766,False
20268743,B001,BROU,0.28971863650907037,B001,BROU,0.29740130244104507,False
20268744,B001,BROU,0.29678801162743773,B001,BROU,0.3092590357791394,False
20268745,B001,BROU,0.3024956956542329,B001,BROU,0.3045776412413845,False
20268746,B001,BROU,0.2918079265998082,B001,BROU,0.2441586469532003,False
20268747,B001,BROU,0.2947067846475188,B001,BROU,0.26493154301732236,False
20268748,B001,BROU,0.3006664257093422,B001,BROU,0.31476557439547326,False
20268749,B001,BROU,0.30989169807471345,B001,BROU,0.3079228645039285,False
20268750,B001,BROU,0.27897345808861895,B001,BROU,0.29578502407619156,False
20268751,B001,BROU,0.3261127801662229,B001,BROU,0.3182012800592747,False
20268752,B001,BROU,0.3159268053437345,B001,BROU,0.28679241654669085,False
20268753,B001,BROU,0.30343840124911714,B001,BROU,0.30761974545500315,False
20268754,B001,BROU,0.3216486086538514,B001,BROU,0.31323619908930167,False
20268755,B001,BROU,0.29858672036070255,B001,BROU,0.2897354380627975,False
20268756,B001,BROU,0.266660465756465,B001,BROU,0.2561370712694676,False
20268757,B001,BROU,0.3158798428610362,B001,BROU,0.31675782351464915,False
20268758,B001,BROU,0.3152063942809773,B001,BROU,0.27827499438724673,False
20268759,B001,BROU,0.29037472158719496,B001,BROU,0.309623216951554,False
20268760,B001,BROU,0.2823476561332743,B001,BROU,0.30082235142811925,False
20268761,B001,BROU,0.30831815422548003,B001,BROU,0.2816313143540661,False
20268762,B001,BROU,0.34037243633972847,B001,BROU,0.22695381182194252,False
20268763,B001,BROU,0.2816507090898565,B001,BROU,0.18998333600929648,False
20268764,B001,BROU,0.300774880079669,B001,BROU,0.3058857460133734,False
20268765,B001,BROU,0.2981389055425644,B001,BROU,0.3402428931613374,False
20268766,B001,BROU,0.31325623359878924,B001,BROU,0.3098458074199173,False
20268767,B001,BROU,0.30114561987258104,B001,BROU,0.3031873784925143,False
20268768,B001,BROU,0.2960019282549146,B001,BROU,0.30273604480012567,False
20268769,B001,BROU,0.30723447649754465,B001,BROU,0.29427275264132224,False
20268770,B001,BROU,0.30600726245844617,B001,BROU,0.21740668510230965,False
20268771,B001,BROU,0.30298344387556186,B001,BROU,0.2994870709499016,False
20268772,B001,BROU,0.35199346119256103,B001,BROU,0.35067778492001883,False
20268773,B001,BROU,0.30784943452519475,B001,BROU,0.3232946943947185,False
20268774,B001,BROU,0.30282277526672097,B001,BROU,0.29856587521409117,False
20268775,B001,BROU,0.30713131620319956,B001,BROU,0.3042500172263105,False
20268776,B001,BROU,0.2900720379831439,B001,BROU,0.31876449137095625,False
20268777,B001,BROU,0.2678624393128408,B001,BROU,0.28511674112084595,False
20268778,B001,BROU,0.32749785751935806,B001,BROU,0.2957632485561249,False
20268779,B001,BROU,0.303123945731479,B001,BROU,0.30300324193169426,False
20268780,B001,BROU,0.3109112944794925,B001,BROU,0.3140629841024256,False
20268781,B001,BROU,0.32109508277449345,B001,BROU,0.3075106347351457,False
20268782,B001,BROU,0.29522967010701723,B001,BROU,0.3077871436070396,False
20268783,B001,BROU,0.28764479220801553,B001,BROU,0.30565440802213467,False
20268784,B001,BROU,0.29307251403963974,B001,BROU,0.2634431119538866,False
20268785,B001,BROU,0.31334436906276614,B001,BROU,0.3060538755125562,False
20268786,B001,BROU,0.2713522643322694,B001,BROU,0.24540800037431235,False
20268787,B001,BROU,0.2962132796607011,B001,BROU,0.31607177644355644,False
20268788,B001,BROU,0.2751599237865337,B001,BROU,0.26879452936063253,False
20268789,B001,BROU,0.30957186679081905,B001,BROU,0.2695221291931978,False
20268790,B001,BROU,0.27153135888915264,B001,BROU,0.2831129000368497,False
20268791,B001,BROU,0.3035420541907196,B001,BROU,0.28203225966961637,False
20268792,B001,BROU,0.3051703896214002,B001,BROU,0.32193251785454985,False
20268793,B001,BROU,0.3213985973347499,B001,BROU,0.296508506377727,False
20268794,B001,BROU,0.3212037938210993,B001,BROU,0.31179185699636974,False
20268795,B001,BROU,0.3325743965615206,B001,BROU,0.31101947363056753,False
20268796,B001,BROU,0.3051827909458642,B001,BROU,0.3305451374731863,False
20268797,B001,BROU,0.3047002751324104,B001,BROU,0.2647802973932653,False
20268798,B001,BROU,0.32030149086400717,B001,BROU,0.3165661156578988,False
20268799,B001,BROU,0.31383756354753367,B001,BROU,0.30589550070866134,False
20268800,B001,BROU,0.2962263729821111,B001,BROU,0.29739571227924005,False
20268801,B001,BROU,0.306137418860324,B001,BROU,0.31921478499081835,False
20268802,B001,BROU,0.333559316054976,B001,BROU,0.3033300863594884,False
20268803,B001,BROU,0.2930882861284131,B001,BROU,0.2703935616571123,False
20268804,B001,BROU,0.31567083496406845,B001,BROU,0.28313116982844444,False
20268805,B001,BROU,0.29593962376431177,B001,BROU,0.28919272642235694,False
20268806,B001,BROU,0.31103479621904373,B001,BROU,0.2804569731225709,False
20268807,B001,BROU,0.3105537913568061,B001,BROU,0.2980788344612521,False
20268808,B001,BROU,0.32401027747821504,B001,BROU,0.3226193519715685,False
20268809,B001,BROU,0.31562581843942306,B001,BROU,0.28096363778780586,False
20268810,B001,BROU,0.29231902283233124,B001,BROU,0.2956854653127129,False
20268811,B001,BROU,0.27807404962407267,B001,BROU,0.254346004822161,False
20268812,B001,BROU,0.26026757765357555,B001,BROU,0.30352695993814965,False
20268813,B001,BROU,0.323073732619303,B001,BROU,0.33579972892987886,False
20268814,B001,BROU,0.3048330855277504,B001,BROU,0.3147665601531667,False
20268815,B001,BROU,0.29252159828772295,B001,BROU,0.3378110582784203,False
20268816,B001,BROU,0.29091095850672954,B001,BROU,0.27115690090035643,False
20268817,B001,BROU,0.27202409160346736,B001,BROU,0.298624116285314,False
20268818,B001,BROU,0.29136000807315504,B001,BROU,0.2677574271502401,False
20268819,B001,BROU,0.27981724490948684,B001,BROU,0.2607287480995932,False
20268820,B001,BROU,0.3094528356905901,B001,BROU,0.27064149407024235,False
20268821,B001,BROU,0.2882392187436626,B001,BROU,0.30869226521714394,False
20268822,B001,BROU,0.3137800781015667,B001,BROU,0.32822391970876835,False
20268823,B001,BROU,0.3076056469880961,B001,BROU,0.20859868272908832,False
20268824,B001,BROU,0.29637352143219153,B001,BROU,0.26133236254127185,False
20268825,B001,BROU,0.3226529559537175,B001,BROU,0.36060749908815426,False
20268826,B001,BROU,0.28049085808584917,B001,BROU,0.2994820726219984,False
20268827,B001,BROU,0.30408756081332095,B001,BROU,0.2820607450948645,False
20268828,B001,BROU,0.2880660655524356,B001,BROU,0.3037866649422071,False
20268829,B001,BROU,0.3106256386706776,B001,BROU,0.28573707347440325,False
20268830,B001,BROU,0.29764013556631574,B001,BROU,0.3196848612559001,False
20268831,B001,BROU,0.3133040232355345,B001,BROU,0.29947672696736066,False
20268832,B001,BROU,0.3224152902801409,B001,BROU,0.3260171630829827,False
20268833,B001,BROU,0.28499496088990955,B001,BROU,0.25692248659920375,False
20268834,B001,BROU,0.30667169450515097,B001,BROU,0.3242378827458576,False
20268835,B001,BROU,0.3069581995799429,B001,BROU,0.2782646993844445,False
20268836,B001,BROU,0.32309949773142377,B001,BROU,0.39051642153865984,False
20268837,B001,BROU,0.26225972465135705,B001,BROU,0.28253129249067144,False
20268838,B001,BROU,0.3250041387560334,B001,BROU,0.29167394205722397,False
20268839,B001,BROU,0.3108183521667297,B001,BROU,0.2996419529011548,False
20268840,B001,BROU,0.2886523908508449,B001,BROU,0.20363546062812302,False
20268841,B001,BROU,0.32574793755693754,B001,BROU,0.32894212849752885,False
20268842,B001,BROU,0.27763754887073194,B001,BROU,0.2956762116601725,False
20268843,B001,BROU,0.33918735213987383,B001,BROU,0.28297543623605886,False
20268844,B001,BROU,0.3127581812644701,B001,BROU,0.31018461977626155,False
20268845,B001,BROU,0.30920967389567167,B001,BROU,0.2623907337661303,False
20268846,B001,BROU,0.3127198640898796,B001,BROU,0.3020040945436036,False
20268847,B001,BROU,0.3143603745516691,B001,BROU,0.2889002370836184,False
20268848,B001,BROU,0.2769083893663743,B001,BROU,0.2863837242640664,False
20268849,B001,BROU,0.28959960382972394,B001,BROU,0.34414088912669555,False
20268850,B001,BROU,0.3004903162410997,B001,BROU,0.3052934298484509,False
20268851,B001,BROU,0.318075703509549,B001,BROU,0.2777120208796465,False
20268852,B001,BROU,0.29634761053539654,B001,BROU,0.29330229126528806,False
20268853,B001,BROU,0.3150681879336173,B001,BROU,0.30305124136007583,False
20268854,B001,BROU,0.3062691336505494,B001,BROU,0.3094345466759805,False
20268855,B001,BROU,0.29639470754524017,B001,BROU,0.33300059077134936,False
20268856,B001,BROU,0.2722674724083849,B001,BROU,0.297473102008978,False
20268857,B001,BROU,0.30636630549906985,B001,BROU,0.29066022755557924,False
20268858,B001,BROU,0.29973391863393734,B001,BROU,0.3109595674757278,False
20268859,B001,BROU,0.2952172417389429,B001,BROU,0.3154619559647234,False
20268860,B001,BROU,0.3031785797120542,B001,BROU,0.2876292976814568,False
20268861,B001,BROU,0.31408822965173383,B001,BROU,0.2675572177048952,False
20268862,B001,BROU,0.30444556979209847,B001,BROU,0.29384598369855447,False
20268863,B001,BROU,0.2974573307331871,B001,BROU,0.3025996512572005,False
20268864,B001,BROU,0.29677692999118754,B001,BROU,0.2975056690929041,False
20268865,B001,BROU,0.3314883732365454,B001,BROU,0.2806598422962745,False
20268866,B001,BROU,0.30644160201720777,B001,BROU,0.33841806661174667,False
20268867,B001,BROU,0.29478412654861025,B001,BROU,0.34409130943563426,False
20268868,B001,BROU,0.3063221797725755,B001,BROU,0.3114177406290792,False
20268869,B001,BROU,0.30547988054839265,B001,BROU,0.3523790254699297,False
20268870,B001,BROU,0.31053037372204806,B001,BROU,0.3049354202452419,False
20268871,B001,BROU,0.3069166315659695,B001,BROU,0.29634115180629683,False
20268872,B001,BROU,0.30128918549048783,B001,BROU,0.3038147761848901,False
20268873,B001,BROU,0.2894646041088914,B001,BROU,0.26753882055146966,False
20268874,B001,BROU,0.2928370655626255,B001,BROU,0.27474879768331584,False
20268875,B001,BROU,0.2726268127075244,B001,BROU,0.2653102441132834,False
20268876,B001,BROU,0.29068800006287326,B001,BROU,0.282951749901522,False
20268877,B001,BROU,0.3068470742503094,B001,BROU,0.2620153491654287,False
20268878,B001,BROU,0.3058079753480747,B001,BROU,0.330922026343789,False
20268879,B001,BROU,0.3039808391088917,B001,BROU,0.2852541460893254,False
20268880,B001,BROU,0.2528253277830658,B001,BROU,0.27271900996625736,False
20268881,B001,BROU,0.30534448026681865,B001,BROU,0.2945512970432043,False
20268882,B001,BROU,0.3127857289059046,B001,BROU,0.3086360064036764,False
20268883,B001,BROU,0.30473680637086287,B001,BROU,0.29571104977245183,False
20268884,B001,BROU,0.29694534777430603,B001,BROU,0.3474597871534055,False
20268885,B001,BROU,0.2970332142771077,B001,BROU,0.31485945318713754,False
20268886,B001,BROU,0.2988180240960242,B001,BROU,0.29377172615899927,False
20268887,B001,BROU,0.3068923406003812,B001,BROU,0.33354655261889143,False
20268888,B001,BROU,0.315919311639024,B001,BROU,0.31928272558695564,False
20268889,B001,BROU,0.3339615491580534,B001,BROU,0.3368757682374632,False
20268890,B001,BROU,0.3177933057230127,B001,BROU,0.3538733313458045,False
20268891,B001,BROU,0.3154381862512886,B001,BROU,0.30581724558031964,False
20268892,B001,BROU,0.2997243651226591,B001,BROU,0.30999926552486035,False
20268893,B001,BROU,0.28928549107837886,B001,BROU,0.2704480045950989,False
20268894,B001,BROU,0.3026701477983137,B001,BROU,0.34594926510018215,False
20268895,B001,BROU,0.2841227881014017,B001,BROU,0.2576101204845356,False
20268896,B001,BROU,0.29027604828382747,B001,BROU,0.29674173247470137,False
20268897,B001,BROU,0.3099244064433002,B001,BROU,0.2702795553967397,False
20268898,B001,BROU,0.2913455089747147,B001,BROU,0.29935499600452564,False
20268899,B001,BROU,0.30101063541393125,B001,BROU,0.3424194278688502,False
20268900,B001,BROU,0.3018703307866033,B001,BROU,0.31305000354642293,False
20268901,B001,BROU,0.30031008192581904,B001,BROU,0.2947623598432742,False
20268902,B001,BROU,0.28038078705675884,B001,BROU,0.2798785193390027,False
20268903,B001,BROU,0.28409709646334835,B001,BROU,0.273063687444037,False
20268904,B001,BROU,0.2755645570719406,B001,BROU,0.22100441939318807,False
20268905,B001,BROU,0.30716277694197114,B001,BROU,0.3032150614001948,False
20268906,B001,BROU,0.28670398515178264,B001,BROU,0.28908877756792,False
20268907,B001,BROU,0.3189514252550171,B001,BROU,0.32425908890719723,False
20268908,B001,BROU,0.30008148804332646,B001,BROU,0.3053621146372532,False
20268909,B001,BROU,0.2899266090321977,B001,BROU,0.3519448015771445,False
20268910,B001,BROU,0.30815018039843156,B001,BROU,0.3028004135333586,False
20268911,B001,BROU,0.28881969578224675,B001,BROU,0.28736444338357203,False
20268912,B001,BROU,0.3103487510680993,B001,BROU,0.2520114613224793,False
20268913,B001,BROU,0.29102748448907834,B001,BROU,0.32205392545794137,False
20268914,B001,BROU,0.2725250920396421,B001,BROU,0.2927712831400798,False
20268915,B001,BROU,0.27608750488074135,B007,Santander Uruguay,0.17846656665796432,True
20268916,B001,BROU,0.30899210718117787,B001,BROU,0.32027522583016077,False
20268917,B001,BROU,0.28920093646524875,B001,BROU,0.25073554280599486,False
20268918,B001,BROU,0.30465506266831754,B001,BROU,0.19864493499099803,False
20268919,B001,BROU,0.2972333867975091,B001,BROU,0.33361076688326136,False
20268920,B001,BROU,0.29185735428813936,B001,BROU,0.26873732429339275,False
20268921,B001,BROU,0.2950805014350028,B001,BROU,0.2529944056386043,False
20268922,B001,BROU,0.3034069508734626,B001,BROU,0.3106815551095911,False
20268923,B001,BROU,0.31945465993924094,B001,BROU,0.2717663491669867,False
20268924,B001,BROU,0.3043593809957515,B001,BROU,0.3472176204523927,False
20268925,B001,BROU,0.320916432075665,B001,BROU,0.3211483083117335,False
20268926,B001,BROU,0.3024881416371962,B001,BROU,0.2836788532914788,False
20268927,B001,BROU,0.30467639503842636,B001,BROU,0.29652910911841907,False
20268928,B001,BROU,0.29120639886288036,B001,BROU,0.332405661976208,False
20268929,B001,BROU,0.3101116290240523,B001,BROU,0.31187710933781815,False
20268930,B001,BROU,0.2967714168654491,B001,BROU,0.3065217778941509,False
20268931,B001,BROU,0.31445638373264195,B001,BROU,0.27738889139677375,False
20268932,B001,BROU,0.29011731389030343,B001,BROU,0.3032675341597242,False
20268933,B001,BROU,0.30705765808597685,B001,BROU,0.3165354398928417,False
20268934,B001,BROU,0.29782985255354755,B001,BROU,0.3091937736962053,False
20268935,B001,BROU,0.27940175907991865,B001,BROU,0.28878636596985513,False
20268936,B001,BROU,0.2711722222723976,B001,BROU,0.29710630624763756,False
20268937,B001,BROU,0.3053463698567163,B001,BROU,0.2945241804276436,False
20268938,B001,BROU,0.2879850499748016,B001,BROU,0.2859506061852141,False
20268939,B001,BROU,0.3420198740448594,B001,BROU,0.2639539219410238,False
20268940,B001,BROU,0.30474356845576245,B001,BROU,0.3387110694693669,False
20268941,B001,BROU,0.30674973866715616,B001,BROU,0.3136113012469981,False
20268942,B001,BROU,0.3265540696075904,B001,BROU,0.30262116789378435,False
20268943,B001,BROU,0.2921872003917987,B001,BROU,0.3072586432458657,False
20268944,B001,BROU,0.2853991007509988,B001,BROU,0.3255485205749251,False
20268945,B001,BROU,0.3075953403660513,B001,BROU,0.32300036668834453,False
20268946,B001,BROU,0.2752696294659977,B001,BROU,0.2776650903597728,False
20268947,B001,BROU,0.28838989137447635,B001,BROU,0.30375188293015815,False
20268948,B001,BROU,0.3153802390183817,B001,BROU,0.3270828801917187,False
20268949,B001,BROU,0.2832930053020591,B001,BROU,0.2724610145307518,False
20268950,B001,BROU,0.27391259299753945,B001,BROU,0.29946007953121706,False
20268951,B001,BROU,0.29601281630524906,B001,BROU,0.21333144020337824,False
20268952,B001,BROU,0.3101172284783446,B001,BROU,0.3440620411332918,False
20268953,B001,BROU,0.27598332241757884,B001,BROU,0.3265653613768769,False
20268954,B001,BROU,0.32288043002531697,B001,BROU,0.3220617484300568,False
20268955,B001,BROU,0.29168899430877937,B001,BROU,0.3044226093023417,False
20268956,B001,BROU,0.3207378574549889,B001,BROU,0.3207759386772103,False
20268957,B001,BROU,0.28729492297537235,B001,BROU,0.31329735133997816,False
20268958,B001,BROU,0.29378283000177746,B001,BROU,0.3080463159593235,False
20268959,B001,BROU,0.30294879655272927,B001,BROU,0.28864938923116334,False
20268960,B001,BROU,0.30723503950593867,B001,BROU,0.3540944958645402,False
20268961,B001,BROU,0.3253345919147718,B001,BROU,0.3495610918670898,False
20268962,B001,BROU,0.31616757892038144,B001,BROU,0.3011968229331836,False
20268963,B001,BROU,0.36,B001,BROU,0.32506387241923684,False
20268964,B001,BROU,0.2901550580537894,B001,BROU,0.2778040444726988,False
20268965,B001,BROU,0.29414980730838514,B001,BROU,0.3102866579643056,False
20268966,B001,BROU,0.3181181446358024,B001,BROU,0.32951232159087407,False
20268967,B001,BROU,0.31138721005285747,B001,BROU,0.2795853025497572,False
20268968,B001,BROU,0.29953105845275213,B001,BROU,0.30554048203994805,False
20268969,B001,BROU,0.30496089328903364,B001,BROU,0.22910252112743468,False
20268970,B001,BROU,0.3177197021886242,B001,BROU,0.3092926350710226,False
20268971,B001,BROU,0.30198289973976244,B001,BROU,0.30447731240994846,False
20268972,B001,BROU,0.3341241496142189,B001,BROU,0.2909477171282364,False
20268973,B001,BROU,0.2858313360109466,B001,BROU,0.28262233001275555,False
20268974,B001,BROU,0.3163850011922479,B001,BROU,0.30710012807327863,False
20268975,B001,BROU,0.2865785566628541,B001,BROU,0.19657660702290713,False
20268976,B001,BROU,0.2767580921810178,B001,BROU,0.29005966145499523,False
20268977,B001,BROU,0.3116518526273505,B001,BROU,0.18368962113149429,False
20268978,B001,BROU,0.3064643306453263,B001,BROU,0.29950951189376707,False
20268979,B001,BROU,0.32257677101197424,B001,BROU,0.25244454678517386,False
20268980,B001,BROU,0.30581134997503634,B001,BROU,0.29939981371131535,False
20268981,B001,BROU,0.2974316824640038,B001,BROU,0.28829063303032815,False
20268982,B001,BROU,0.30007280064076447,B001,BROU,0.2780508766110352,False
20268983,B001,BROU,0.29301231649514237,B001,BROU,0.18097029747100973,False
20268984,B001,BROU,0.30364906144798465,B001,BROU,0.24670869974128679,False
20268985,B001,BROU,0.32699983578711167,B001,BROU,0.3958717878304456,False
20268986,B001,BROU,0.3022012878183477,B001,BROU,0.2978117873376292,False
20268987,B001,BROU,0.2973295492160923,B001,BROU,0.27765140898207297,False
20268988,B001,BROU,0.30499010655206626,B001,BROU,0.29465774642798975,False
20268989,B001,BROU,0.3012905515536284,B001,BROU,0.2738810141178831,False
20268990,B001,BROU,0.28710624534424356,B001,BROU,0.27925059694062976,False
20268991,B001,BROU,0.3066667438827327,B001,BROU,0.38676246821538324,False
20268992,B001,BROU,0.32377940093718827,B001,BROU,0.3086537300311322,False
20268993,B001,BROU,0.2927457208262299,B001,BROU,0.2828809612081592,False
20268994,B001,BROU,0.31948001060013537,B001,BROU,0.2944449386208631,False
20268995,B001,BROU,0.2980985120470941,B001,BROU,0.33784898683109077,False
20268996,B001,BROU,0.2878104779626461,B001,BROU,0.20999670763470402,False
20268997,B001,BROU,0.3034619625174215,B001,BROU,0.3113269901336045,False
20268998,B001,BROU,0.306814874231876,B001,BROU,0.29466714959936313,False
20268999,B001,BROU,0.30082604724860446,B001,BROU,0.3787437073699392,False
20269000,B001,BROU,0.30172436955296983,B001,BROU,0.30107875991844213,False
20269001,B001,BROU,0.3042308127822027,B001,BROU,0.3031085513470285,False
20269002,B001,BROU,0.31419519329943363,B001,BROU,0.3240184232876578,False
20269003,B001,BROU,0.3106779188766143,B001,BROU,0.322129496205403,False
20269004,B001,BROU,0.26320772293310013,B001,BROU,0.27217700810700385,False
20269005,B001,BROU,0.3244896097014518,B001,BROU,0.2924314903434411,False
20269006,B001,BROU,0.2752858816898151,B001,BROU,0.27950911474533874,False
20269007,B001,BROU,0.2742526732839373,B001,BROU,0.27501764101489384,False
20269008,B001,BROU,0.2957646659425528,B001,BROU,0.30120988412945976,False
20269009,B001,BROU,0.3208234982908077,B001,BROU,0.31691915037580876,False
20269010,B001,BROU,0.32603174269596863,B001,BROU,0.3256801645317481,False
20269011,B001,BROU,0.3090299980758156,B001,BROU,0.2916604050804849,False
20269012,B001,BROU,0.2886462045577629,B001,BROU,0.26674314791999504,False
20269013,B001,BROU,0.3222733636825529,B001,BROU,0.3593326974910361,False
20269014,B001,BROU,0.28463428637533045,B001,BROU,0.28294664659524293,False
20269015,B001,BROU,0.2981873764736124,B001,BROU,0.2804147211598315,False
20269016,B001,BROU,0.2979135225010586,B001,BROU,0.2740080657359237,False
20269017,B001,BROU,0.30488317577595403,B001,BROU,0.31192459686205937,False
20269018,B001,BROU,0.30084117847053093,B001,BROU,0.29277236560922126,False
20269019,B001,BROU,0.29756560115738184,B001,BROU,0.31587377718338566,False
20269020,B001,BROU,0.2956661013264434,B001,BROU,0.2919077379935915,False
20269021,B001,BROU,0.3030209660859612,B001,BROU,0.3383686100885918,False
20269022,B001,BROU,0.2722971973758266,B001,BROU,0.2856346889580339,False
20269023,B001,BROU,0.2939009740544523,B001,BROU,0.3397501690143742,False
20269024,B001,BROU,0.3060141617764707,B001,BROU,0.1942851332660039,False
20269025,B001,BROU,0.3084407009539163,B001,BROU,0.3468747342134565,False
20269026,B001,BROU,0.2894362764991723,B001,BROU,0.29246219190595607,False
20269027,B001,BROU,0.31970011331698905,B001,BROU,0.2919159570420088,False
20269028,B001,BROU,0.317727484905865,B001,BROU,0.305106055877991,False
20269029,B001,BROU,0.31028423583204995,B001,BROU,0.3309662027145318,False
20269030,B001,BROU,0.3145802658421322,B001,BROU,0.301408868580886,False
20269031,B001,BROU,0.2960468266577498,B001,BROU,0.30063452701953114,False
20269032,B001,BROU,0.3038455447538962,B001,BROU,0.2757107927171626,False
20269033,B001,BROU,0.3176975841787944,B001,BROU,0.2884165712722335,False
20269034,B001,BROU,0.3122002586360141,B001,BROU,0.31485050188811603,False
20269035,B001,BROU,0.3049455259912719,B001,BROU,0.29159816572989455,False
20269036,B001,BROU,0.31470033670792996,B001,BROU,0.3185401936655611,False
20269037,B001,BROU,0.2789849410357387,B001,BROU,0.3012644384133308,False
20269038,B001,BROU,0.31716631284231467,B001,BROU,0.290078551181631,False
20269039,B001,BROU,0.27056156215342303,B001,BROU,0.25688577713335975,False
20269040,B001,BROU,0.3315266898289408,B001,BROU,0.3511678590375586,False
20269041,B001,BROU,0.28842967411736004,B001,BROU,0.30823358934644046,False
20269042,B001,BROU,0.28847787067745795,B001,BROU,0.3114210501255239,False
20269043,B001,BROU,0.28799047338665246,B001,BROU,0.3199597117324658,False
20269044,B001,BROU,0.3032003436572609,B001,BROU,0.31379744248084634,False
20269045,B001,BROU,0.28008064889862744,B001,BROU,0.27592939905969033,False
20269046,B001,BROU,0.301983061942224,B001,BROU,0.30242046374308973,False
20269047,B001,BROU,0.3063660926891406,B001,BROU,0.2493173042992486,False
20269048,B001,BROU,0.28216654278867276,B001,BROU,0.30158324750159315,False
20269049,B001,BROU,0.3066865875912303,B001,BROU,0.29548479188583565,False
20269050,B001,BROU,0.3254308425622015,B001,BROU,0.17958891044462402,False
20269051,B001,BROU,0.31476816455469575,B001,BROU,0.3122151647060984,False
20269052,B001,BROU,0.322669773882376,B001,BROU,0.2195903613699962,False
20269053,B001,BROU,0.3118257615471802,B001,BROU,0.30340813600422606,False
20269054,B001,BROU,0.2995947754754896,B001,BROU,0.29401561479083776,False
20269055,B001,BROU,0.2918112801467982,B001,BROU,0.301394212428013,False
20269056,B001,BROU,0.2967508389637658,B001,BROU,0.2911603412448358,False
20269057,B001,BROU,0.28699594116748,B001,BROU,0.3409985282478345,False
20269058,B001,BROU,0.29609643191655693,B001,BROU,0.26371721771461376,False
20269059,B001,BROU,0.30753298426704534,B001,BROU,0.3015658050483764,False
20269060,B001,BROU,0.3101611688994965,B001,BROU,0.319607246230069,False
20269061,B001,BROU,0.30099526552195377,B001,BROU,0.2740994784156923,False
20269062,B001,BROU,0.3121983082705994,B001,BROU,0.3210224737562874,False
20269063,B001,BROU,0.2729368034360471,B001,BROU,0.2819568946014539,False
20269064,B001,BROU,0.3112530500274192,B001,BROU,0.3272708496153622,False
20269065,B001,BROU,0.2942313403131709,B001,BROU,0.27538204183159515,False
20269066,B001,BROU,0.2849213910063362,B001,BROU,0.2935638190176631,False
20269067,B001,BROU,0.3182388963205245,B001,BROU,0.33149113669272845,False
20269068,B001,BROU,0.3534668115261473,B001,BROU,0.3505154929789021,False
20269069,B001,BROU,0.27845435084448067,B001,BROU,0.27210146885176495,False
20269070,B001,BROU,0.3169261473501325,B001,BROU,0.2943104147654002,False
20269071,B001,BROU,0.3153508270580484,B001,BROU,0.29976016237150904,False
20269072,B001,BROU,0.29715053503442895,B001,BROU,0.27059055826444833,False
20269073,B001,BROU,0.2853903322752293,B001,BROU,0.2821550895412458,False
20269074,B001,BROU,0.3000226883943143,B001,BROU,0.3054271341794851,False
20269075,B001,BROU,0.2835184076923982,B001,BROU,0.32252586090947905,False
20269076,B001,BROU,0.2845241981323449,B001,BROU,0.2865945921905136,False
20269077,B001,BROU,0.29499564782728377,B001,BROU,0.296874205311181,False
20269078,B001,BROU,0.2896179924869517,B001,BROU,0.27698888673978717,False
20269079,B001,BROU,0.2813677072023433,B001,BROU,0.30897816714089726,False
20269080,B001,BROU,0.28087182739412153,B001,BROU,0.30481199923617425,False
20269081,B001,BROU,0.29974502167092965,B001,BROU,0.3433179984361949,False
20269082,B001,BROU,0.3031885042720449,B001,BROU,0.2848108394958321,False
20269083,B001,BROU,0.31167087021720213,B001,BROU,0.2929308883772456,False
20269084,B001,BROU,0.30468047495180217,B001,BROU,0.3647841511045496,False
20269085,B001,BROU,0.3002790456805107,B001,BROU,0.30854106943789755,False
20269086,B001,BROU,0.29777794607952407,B001,BROU,0.3126007789113962,False
20269087,B001,BROU,0.2881414297318383,B001,BROU,0.3093636238444512,False
20269088,B001,BROU,0.29641178175836586,B001,BROU,0.24913454347686353,False
20269089,B001,BROU,0.29803076204763235,B001,BROU,0.2509169258777372,False
20269090,B001,BROU,0.29068335473365836,B001,BROU,0.28300128932251994,False
20269091,B001,BROU,0.31595888077486983,B001,BROU,0.34216112519449066,False
20269092,B001,BROU,0.31531754488248137,B001,BROU,0.3287503726263149,False
20269093,B001,BROU,0.27383269038806457,B001,BROU,0.2643254060828053,False
20269094,B001,BROU,0.3212963094729977,B001,BROU,0.3003788274980749,False
20269095,B001,BROU,0.2897636534307441,B001,BROU,0.30780710161315944,False
20269096,B001,BROU,0.2732563615300768,B001,BROU,0.2703102027649155,False
20269097,B001,BROU,0.2973841039282173,B001,BROU,0.29607969003628953,False
20269098,B001,BROU,0.2674851925323865,B001,BROU,0.2616373886698909,False
20269099,B001,BROU,0.3005425934218705,B001,BROU,0.30623187547340336,False
20269100,B001,BROU,0.30748981118983426,B001,BROU,0.3269811524212468,False
20269101,B001,BROU,0.3089024723644734,B001,BROU,0.3285682758487427,False
20269102,B001,BROU,0.27840332037167365,B001,BROU,0.2533369801062835,False
20269103,B001,BROU,0.3023399924629049,B001,BROU,0.30524688900445945,False
20269104,B001,BROU,0.3084868287102382,B001,BROU,0.3261437314691824,False
20269105,B001,BROU,0.30384889869598913,B001,BROU,0.3531818161474597,False
20269106,B001,BROU,0.29490434580905495,B001,BROU,0.2592431266626312,False
20269107,B001,BROU,0.2946702121345474,B001,BROU,0.25876413027059214,False
20269108,B001,BROU,0.29503996276413247,B001,BROU,0.30110620239004543,False
20269109,B001,BROU,0.29995449882192887,B001,BROU,0.3441931048795934,False
20269110,B001,BROU,0.2909934574761495,B001,BROU,0.3096853947212096,False
20269111,B001,BROU,0.30156388891162367,B001,BROU,0.2868061845256849,False
20269112,B001,BROU,0.2889117639071745,B001,BROU,0.26820307402886906,False
20269113,B001,BROU,0.3033173195700689,B001,BROU,0.3242258505648903,False
20269114,B001,BROU,0.29487830155676564,B001,BROU,0.29236850647579177,False
20269115,B001,BROU,0.2967156585851943,B001,BROU,0.29759039861110453,False
20269116,B001,BROU,0.29976983818674907,B001,BROU,0.38627483184359335,False
20269117,B001,BROU,0.32011578626662923,B001,BROU,0.3453065642245296,False
20269118,B001,BROU,0.3179028356563549,B001,BROU,0.30146036980031565,False
20269119,B001,BROU,0.30537620017478073,B001,BROU,0.30047899224033564,False
20269120,B001,BROU,0.2735915510114256,B001,BROU,0.2508796076899539,False
20269121,B001,BROU,0.3261874086414932,B001,BROU,0.3431114233478735,False
20269122,B001,BROU,0.28242853401127027,B001,BROU,0.2939222475469169,False
20269123,B001,BROU,0.29973351800702835,B001,BROU,0.3265141885122375,False
20269124,B001,BROU,0.29928061476812007,B001,BROU,0.28231687824694646,False
20269125,B001,BROU,0.27809953545095356,B001,BROU,0.27272839654084546,False
20269126,B001,BROU,0.2762234691601434,B001,BROU,0.3042457597947771,False
20269127,B001,BROU,0.31657367183176915,B001,BROU,0.24448020547521654,False
20269128,B001,BROU,0.3102276064805686,B001,BROU,0.34120038176960427,False
20269129,B001,BROU,0.2893731965704472,B001,BROU,0.27779492727464006,False
20269130,B001,BROU,0.2964116229908832,B001,BROU,0.2946398038346132,False
20269131,B001,BROU,0.28265000280629826,B001,BROU,0.28683061005445637,False
20269132,B001,BROU,0.298635608265639,B001,BROU,0.34286418828943144,False
20269133,B001,BROU,0.2822154631561068,B001,BROU,0.2757917899817842,False
20269134,B001,BROU,0.3357784206598521,B001,BROU,0.2925750407858197,False
20269135,B001,BROU,0.2841178282569945,B001,BROU,0.299513292657496,False
20269136,B001,BROU,0.29563108285439404,B001,BROU,0.3234185117124588,False
20269137,B001,BROU,0.3041337203047686,B001,BROU,0.2909990240082313,False
20269138,B001,BROU,0.29234698524338376,B001,BROU,0.295003543086778,False
20269139,B001,BROU,0.29894000749441313,B001,BROU,0.2776593495701107,False
20269140,B001,BROU,0.30690488910057073,B001,BROU,0.28571998859526443,False
20269141,B001,BROU,0.31067035105751084,B001,BROU,0.29369037481578264,False
20269142,B001,BROU,0.2852485896956638,B001,BROU,0.3123093451916333,False
20269143,B001,BROU,0.2905364123510877,B001,BROU,0.2608822021286124,False
20269144,B001,BROU,0.29582698818335235,B001,BROU,0.3154784911867775,False
20269145,B001,BROU,0.3072004252728439,B001,BROU,0.2988228290962194,False
20269146,B001,BROU,0.29801565484574116,B001,BROU,0.2998615291875569,False
20269147,B001,BROU,0.3114520013481822,B001,BROU,0.3239892827936734,False
20269148,B001,BROU,0.2977368875851218,B001,BROU,0.3023772505240214,False
20269149,B001,BROU,0.3314547030522755,B001,BROU,0.26422453719929606,False
20269150,B001,BROU,0.3030502712339496,B001,BROU,0.3193695469370695,False
20269151,B001,BROU,0.307614037441675,B001,BROU,0.3259321705575254,False
20269152,B001,BROU,0.3295162182487135,B001,BROU,0.3297884029701,False
20269153,B001,BROU,0.299017277273127,B001,BROU,0.3064317756258832,False
20269154,B001,BROU,0.2903822265753916,B001,BROU,0.2868738659131938,False
20269155,B001,BROU,0.32087820468760075,B001,BROU,0.33518547780323615,False
20269156,B001,BROU,0.26912318163220356,B001,BROU,0.250349055471166,False
20269157,B001,BROU,0.3109466691518619,B001,BROU,0.23689493731352737,False
20269158,B001,BROU,0.36,B001,BROU,0.21708997285203607,False
20269159,B001,BROU,0.3314527833203418,B001,BROU,0.3299374054078691,False
20269160,B001,BROU,0.29101353434024496,B001,BROU,0.30049156913581243,False
20269161,B001,BROU,0.27787120015084255,B001,BROU,0.2926690388927904,False
20269162,B001,BROU,0.2996091247207046,B001,BROU,0.3607343327484014,False
20269163,B001,BROU,0.29141316933916916,B001,BROU,0.3693097425239706,False
20269164,B001,BROU,0.2945733723632783,B001,BROU,0.25948426118948487,False
20269165,B001,BROU,0.2617979416642328,B001,BROU,0.26332809824406817,False
20269166,B001,BROU,0.2876247812022545,B001,BROU,0.28869977923795553,False
20269167,B001,BROU,0.29110107833466964,B001,BROU,0.278052423793854,False
20269168,B001,BROU,0.29055897844712614,B001,BROU,0.30170302466038706,False
20269169,B001,BROU,0.2922558375893026,B001,BROU,0.3259705336761794,False
20269170,B001,BROU,0.29575539473294715,B001,BROU,0.3071559164706321,False
20269171,B001,BROU,0.3225447933622918,B001,BROU,0.30897468560268393,False
20269172,B001,BROU,0.2973207065976625,B001,BROU,0.2992828648528295,False
20269173,B001,BROU,0.29418830520435607,B001,BROU,0.29185204230664097,False
20269174,B001,BROU,0.300322767432094,B001,BROU,0.3114436100578972,False
20269175,B001,BROU,0.30034296070901695,B001,BROU,0.31414743766710596,False
20269176,B001,BROU,0.3312447475709181,B001,BROU,0.34259759126672396,False
20269177,B001,BROU,0.3041525145254773,B001,BROU,0.316326457970331,False
20269178,B001,BROU,0.3023779300072567,B001,BROU,0.3109278484627296,False
20269179,B001,BROU,0.3104843762081615,B001,BROU,0.309675851065982,False
20269180,B001,BROU,0.2923247041790595,B001,BROU,0.2886321746493402,False
20269181,B001,BROU,0.2827869103928238,B001,BROU,0.2710067181586709,False
20269182,B001,BROU,0.2892136748878752,B001,BROU,0.2937781330248796,False
20269183,B001,BROU,0.2804547527920457,B001,BROU,0.27372313435590756,False
20269184,B001,BROU,0.28341626880290927,B001,BROU,0.28084228101685416,False
20269185,B001,BROU,0.2988318417895142,B001,BROU,0.19315011838697815,False
20269186,B001,BROU,0.29699181905005945,B001,BROU,0.29686009069981173,False
20269187,B001,BROU,0.3047738954354944,B001,BROU,0.29606096059480214,False
20269188,B001,BROU,0.2756240407198173,B001,BROU,0.2570258868307297,False
20269189,B001,BROU,0.30388675327070747,B001,BROU,0.38128489951762623,False
20269190,B001,BROU,0.298740792885661,B001,BROU,0.3215638253606984,False
20269191,B001,BROU,0.2899779238180174,B001,BROU,0.2764342253810904,False
20269192,B001,BROU,0.31089432959231655,B001,BROU,0.3143813519881272,False
20269193,B001,BROU,0.304283107054121,B001,BROU,0.3200254842659661,False
20269194,B001,BROU,0.30963051191310054,B001,BROU,0.30464008152349314,False
20269195,B001,BROU,0.30085891774139556,B001,BROU,0.28457693455745625,False
20269196,B001,BROU,0.27969622425607543,B001,BROU,0.29200713487008717,False
20269197,B001,BROU,0.29311963963650806,B001,BROU,0.3055785890894245,False
20269198,B001,BROU,0.27855575670172644,B001,BROU,0.2914221614793845,False
20269199,B001,BROU,0.2841634097122836,B001,BROU,0.34095469248619253,False
20269200,B001,BROU,0.2810495377154843,B001,BROU,0.281767831227378,False
20269201,B001,BROU,0.29514994546204515,B001,BROU,0.3062208844843909,False
20269202,B001,BROU,0.32654774567283573,B001,BROU,0.28747387650872464,False
20269203,B001,BROU,0.29323972528082815,B001,BROU,0.32417303363673367,False
20269204,B001,BROU,0.32514571987167684,B001,BROU,0.2952432556170978,False
20269205,B001,BROU,0.31513122976581465,B001,BROU,0.3136373298437199,False
20269206,B001,BROU,0.3259420654301241,B001,BROU,0.19150557064305726,False
20269207,B001,BROU,0.30179224864999854,B007,Santander Uruguay,0.17778063666236768,True
20269208,B001,BROU,0.2983227013658184,B001,BROU,0.2996651244993034,False
20269209,B001,BROU,0.2777195496366231,B001,BROU,0.2954741242922296,False
20269210,B001,BROU,0.32017088572796026,B001,BROU,0.3308268586391604,False
20269211,B001,BROU,0.29652285461474015,B001,BROU,0.2834257357783321,False
20269212,B001,BROU,0.3319799103127324,B001,BROU,0.2803158178356718,False
20269213,B001,BROU,0.3101106258215405,B001,BROU,0.30110899907155353,False
20269214,B001,BROU,0.3007347132078719,B001,BROU,0.2932606527375813,False
20269215,B001,BROU,0.29407558424389246,B001,BROU,0.30097421267659613,False
20269216,B001,BROU,0.30012779065226786,B001,BROU,0.27670482117657647,False
20269217,B001,BROU,0.30735221042675887,B001,BROU,0.30719670775394736,False
20269218,B001,BROU,0.2929311536411617,B001,BROU,0.28147792071820066,False
20269219,B001,BROU,0.29553130623492885,B001,BROU,0.277444361712448,False
20269220,B001,BROU,0.30773772863064175,B001,BROU,0.3739772342171071,False
20269221,B001,BROU,0.3121775634290076,B001,BROU,0.31105977433988125,False
20269222,B001,BROU,0.2951118719367976,B001,BROU,0.2875024261010883,False
20269223,B001,BROU,0.30081638175838477,B001,BROU,0.26959362775144874,False
20269224,B001,BROU,0.3148376025914268,B007,Santander Uruguay,0.18016419775626155,True
20269225,B001,BROU,0.27795389232253465,B001,BROU,0.2598330065049028,False
20269226,B001,BROU,0.2943871986079834,B001,BROU,0.2973821422903326,False
20269227,B001,BROU,0.27465240224650117,B001,BROU,0.30332904726351156,False
20269228,B001,BROU,0.3125513766131664,B001,BROU,0.32253112444359466,False
20269229,B001,BROU,0.2866563155510846,B001,BROU,0.3000495245819392,False
20269230,B001,BROU,0.3045468539448068,B001,BROU,0.2748934553111065,False
20269231,B001,BROU,0.29683903931356836,B001,BROU,0.3070484460728086,False
20269232,B001,BROU,0.31599545034798215,B001,BROU,0.28376425807039385,False
20269233,B001,BROU,0.2957536798621114,B001,BROU,0.30659773346932806,False
20269234,B001,BROU,0.3180333053686854,B001,BROU,0.2048962115636381,False
20269235,B001,BROU,0.30546859750660627,B001,BROU,0.19619797196242902,False
20269236,B001,BROU,0.2727461448428531,B001,BROU,0.285253577787428,False
20269237,B001,BROU,0.2944942536701935,B001,BROU,0.23484301446507613,False
20269238,B001,BROU,0.32111488380336933,B001,BROU,0.31800067080210753,False
20269239,B001,BROU,0.3044908751034267,B001,BROU,0.35087950770182674,False
20269240,B001,BROU,0.2992146888776256,B001,BROU,0.29955010272317706,False
20269241,B001,BROU,0.29743937571004114,B001,BROU,0.2966095260694242,False
20269242,B001,BROU,0.34459716462930656,B001,BROU,0.3185731043399107,False
20269243,B001,BROU,0.3257654222264889,B001,BROU,0.2787305758055584,False
20269244,B001,BROU,0.28618760772416046,B001,BROU,0.29981443762898496,False
20269245,B001,BROU,0.3272336971653993,B001,BROU,0.3472729968075139,False
20269246,B001,BROU,0.2894136756736707,B001,BROU,0.2847704331873618,False
20269247,B001,BROU,0.27936763970465295,B001,BROU,0.3102525193369012,False
20269248,B001,BROU,0.31112350994738514,B001,BROU,0.31934129451574733,False
20269249,B001,BROU,0.28523171088767163,B001,BROU,0.2627078788685274,False
20269250,B001,BROU,0.2984024089926986,B001,BROU,0.28865098038181064,False
20269251,B001,BROU,0.3003351282107334,B001,BROU,0.3105543699330734,False
20269252,B001,BROU,0.3106609260932212,B001,BROU,0.29210187458807013,False
20269253,B001,BROU,0.3064150652118152,B001,BROU,0.31227295679146,False
20269254,B001,BROU,0.2936311336124342,B001,BROU,0.2923396794711049,False
20269255,B001,BROU,0.3055910935623951,B001,BROU,0.3060739074556379,False
20269256,B001,BROU,0.3143398207801288,B001,BROU,0.3052150884779231,False
20269257,B001,BROU,0.3005536570416276,B001,BROU,0.30961782722910164,False
20269258,B001,BROU,0.29930300873665344,B001,BROU,0.2580467282576517,False
20269259,B001,BROU,0.29958695071618174,B001,BROU,0.3048349630765354,False
20269260,B001,BROU,0.2782410651878078,B001,BROU,0.23173102226368725,False
20269261,B001,BROU,0.2919498351272181,B001,BROU,0.27230628933713136,False
20269262,B001,BROU,0.31471165611114255,B001,BROU,0.32406618306140395,False
20269263,B001,BROU,0.2877408045233284,B001,BROU,0.29987957404764326,False
20269264,B001,BROU,0.3106301043671047,B001,BROU,0.2950187202988812,False
20269265,B001,BROU,0.29067684853027287,B001,BROU,0.2904246068520225,False
20269266,B001,BROU,0.3019083171892208,B001,BROU,0.2854838015535041,False
20269267,B001,BROU,0.30016828868652945,B001,BROU,0.30022250116142596,False
20269268,B001,BROU,0.3127553138661382,B001,BROU,0.3754080416443652,False
20269269,B001,BROU,0.28236481151287823,B001,BROU,0.26324705619502375,False
20269270,B001,BROU,0.2998844122068021,B001,BROU,0.29112181047287056,False
20269271,B001,BROU,0.2828446173406829,B001,BROU,0.2612450799169305,False
20269272,B001,BROU,0.28463011834436797,B001,BROU,0.34334843051738656,False
20269273,B001,BROU,0.3039157894998807,B001,BROU,0.23639010447688993,False
20269274,B001,BROU,0.3009434508046839,B001,BROU,0.33405457597835614,False
20269275,B001,BROU,0.2902152916729273,B001,BROU,0.2808714212168579,False
20269276,B001,BROU,0.27767992126535423,B001,BROU,0.29786077991760485,False
20269277,B001,BROU,0.3041354711761784,B001,BROU,0.33405974522603366,False
20269278,B001,BROU,0.30490892128431435,B001,BROU,0.29418239391436224,False
20269279,B001,BROU,0.3075599371033636,B001,BROU,0.2735709647085766,False
20269280,B001,BROU,0.28288103679596266,B001,BROU,0.27675558090395463,False
20269281,B001,BROU,0.28629972422559735,B001,BROU,0.3129381475615677,False
20269282,B001,BROU,0.2809601724989413,B001,BROU,0.2902236819527315,False
20269283,B001,BROU,0.3098733216600307,B001,BROU,0.35670908085883607,False
20269284,B001,BROU,0.30378797002459873,B001,BROU,0.26369815470498803,False
20269285,B001,BROU,0.30736763109589266,B001,BROU,0.2649376017569742,False
20269286,B001,BROU,0.3041286333070178,B001,BROU,0.32142660902723436,False
20269287,B001,BROU,0.2937870226140058,B001,BROU,0.26762557153142186,False
20269288,B001,BROU,0.3030439076446517,B001,BROU,0.27200696893450027,False
20269289,B001,BROU,0.30964691967313507,B001,BROU,0.2816411447861274,False
20269290,B001,BROU,0.28504593088598407,B001,BROU,0.2745433589628849,False
20269291,B001,BROU,0.29311335205122363,B001,BROU,0.2708671734997814,False
20269292,B001,BROU,0.3010401447580825,B001,BROU,0.2885450586900475,False
20269293,B001,BROU,0.3157011830985183,B001,BROU,0.2866101021898259,False
20269294,B001,BROU,0.30589700687209437,B001,BROU,0.29734837710147216,False
20269295,B001,BROU,0.3002888180925931,B001,BROU,0.267339901113446,False
20269296,B001,BROU,0.3084525774655948,B001,BROU,0.33541116286074774,False
20269297,B001,BROU,0.27357470255753785,B001,BROU,0.27178995938487,False
20269298,B001,BROU,0.2914958584084944,B001,BROU,0.27860612819449576,False
20269299,B001,BROU,0.31094264150490447,B001,BROU,0.3506295537330382,False
20269300,B001,BROU,0.2875176548371082,B001,BROU,0.28478718219223087,False
20269301,B001,BROU,0.3048835066824058,B001,BROU,0.28777402447070843,False
20269302,B001,BROU,0.27778155368456425,B001,BROU,0.2613308805657774,False
20269303,B001,BROU,0.30424845754004837,B001,BROU,0.3155134100942901,False
20269304,B001,BROU,0.30350438113742073,B001,BROU,0.29669927205260177,False
20269305,B001,BROU,0.2973217616287634,B001,BROU,0.297110820786291,False
20269306,B001,BROU,0.29613335851170736,B001,BROU,0.32003556674352057,False
20269307,B001,BROU,0.2891734665927122,B001,BROU,0.3026266411990341,False
20269308,B001,BROU,0.294235139166082,B001,BROU,0.28236880018806526,False
20269309,B001,BROU,0.28690609142844015,B001,BROU,0.28257117883472105,False
20269310,B001,BROU,0.2890150168467376,B001,BROU,0.2886960640145171,False
20269311,B001,BROU,0.29937188260001707,B001,BROU,0.32508961884801885,False
20269312,B001,BROU,0.2915199491053212,B001,BROU,0.3243615177196619,False
20269313,B001,BROU,0.2762606984361865,B001,BROU,0.27760764774870555,False
20269314,B001,BROU,0.2945986578570051,B001,BROU,0.2975991539671564,False
20269315,B001,BROU,0.2917086780605918,B001,BROU,0.24953121361738445,False
20269316,B001,BROU,0.2877234645576227,B001,BROU,0.2671292195348272,False
20269317,B001,BROU,0.30008235393903737,B001,BROU,0.27664205350662613,False
20269318,B001,BROU,0.29700073640273095,B001,BROU,0.3080920098855093,False
20269319,B001,BROU,0.3216706843568749,B001,BROU,0.3230381193249318,False
20269320,B001,BROU,0.2662936426966858,B001,BROU,0.3087257133896099,False
20269321,B001,BROU,0.3100676175235434,B001,BROU,0.311652029340585,False
20269322,B001,BROU,0.2955127851731283,B001,BROU,0.31518146930260793,False
20269323,B001,BROU,0.2961047265754986,B001,BROU,0.29278772473521103,False
20269324,B001,BROU,0.28511499351440506,B001,BROU,0.28640985518411943,False
20269325,B001,BROU,0.3331455540583177,B001,BROU,0.3157469347369759,False
20269326,B001,BROU,0.311034869440627,B001,BROU,0.2774015543983923,False
20269327,B001,BROU,0.28124286385419717,B001,BROU,0.29447530518174425,False
20269328,B001,BROU,0.3058714182909349,B001,BROU,0.28047359551858797,False
20269329,B001,BROU,0.30814828988712184,B001,BROU,0.28574917050530313,False
20269330,B001,BROU,0.30620834148096676,B001,BROU,0.2958396795277188,False
20269331,B001,BROU,0.2782543548956737,B001,BROU,0.26771037927325525,False
20269332,B001,BROU,0.29497271217592086,B001,BROU,0.29545137555674106,False
20269333,B001,BROU,0.3064721207347597,B001,BROU,0.32863213078438974,False
20269334,B001,BROU,0.29245498757517796,B001,BROU,0.29420720420858787,False
20269335,B001,BROU,0.2912027771946374,B001,BROU,0.3234530684236508,False
20269336,B001,BROU,0.2780133527634674,B001,BROU,0.2674169506841836,False
20269337,B001,BROU,0.3512748413457234,B001,BROU,0.32727254640177184,False
20269338,B001,BROU,0.3049647723953318,B001,BROU,0.27019953980892913,False
20269339,B001,BROU,0.30392457571512727,B001,BROU,0.32315234246200264,False
20269340,B001,BROU,0.29298861977077784,B001,BROU,0.23661244685059205,False
20269341,B001,BROU,0.30975907560114624,B007,Santander Uruguay,0.19853581760187372,True
20269342,B001,BROU,0.31061174171633527,B001,BROU,0.33214787305575066,False
20269343,B001,BROU,0.3103022953379075,B001,BROU,0.28794823852452867,False
20269344,B001,BROU,0.34114235893653444,B001,BROU,0.3022271258775544,False
20269345,B001,BROU,0.306087043569689,B001,BROU,0.2868620323154574,False
20269346,B001,BROU,0.2820137966185543,B001,BROU,0.3009505334266959,False
20269347,B001,BROU,0.3170355448403396,B001,BROU,0.33766516164409555,False
20269348,B001,BROU,0.30487094154037664,B001,BROU,0.28701603557295424,False
20269349,B001,BROU,0.3195837025505809,B001,BROU,0.3203337083588396,False
20269350,B001,BROU,0.2813675147746234,B001,BROU,0.25452673673286946,False
20269351,B001,BROU,0.3081376885593701,B001,BROU,0.31954206949188163,False
20269352,B001,BROU,0.29672987029850284,B001,BROU,0.2824611625387629,False
20269353,B001,BROU,0.28882626728934196,B007,Santander Uruguay,0.18292263271871792,True
20269354,B001,BROU,0.2712402719918654,B001,BROU,0.28503097859020676,False
20269355,B001,BROU,0.29870458784745496,B001,BROU,0.3016605080214038,False
20269356,B001,BROU,0.299187884152103,B001,BROU,0.3098542621719607,False
20269357,B001,BROU,0.28274248558134063,B001,BROU,0.29048014393329064,False
20269358,B001,BROU,0.2867525723335343,B001,BROU,0.26707929854375656,False
20269359,B001,BROU,0.306319146960296,B001,BROU,0.2864481879870649,False
20269360,B001,BROU,0.3229600531754838,B001,BROU,0.293263601311372,False
20269361,B001,BROU,0.3176560243088462,B001,BROU,0.296108404738388,False
20269362,B001,BROU,0.3083299528576792,B001,BROU,0.31950621950767877,False
20269363,B001,BROU,0.2991882821587084,B001,BROU,0.2783478476227431,False
20269364,B001,BROU,0.2779245212677352,B001,BROU,0.3224735129122794,False
20269365,B001,BROU,0.31815358313454645,B001,BROU,0.31956027217269944,False
20269366,B001,BROU,0.2801101898871935,B001,BROU,0.289144284879595,False
20269367,B001,BROU,0.2924503782310507,B001,BROU,0.3082086633064216,False
20269368,B001,BROU,0.31699074650278064,B001,BROU,0.3456278709767209,False
20269369,B001,BROU,0.27671486882216967,B001,BROU,0.3262971954621578,False
20269370,B001,BROU,0.3139676676874773,B001,BROU,0.3234104747409627,False
20269371,B001,BROU,0.3118056678483524,B001,BROU,0.30821457002522207,False
20269372,B001,BROU,0.31259494053363074,B001,BROU,0.3309469314113201,False
20269373,B001,BROU,0.29936024336382083,B001,BROU,0.29112311630685755,False
20269374,B001,BROU,0.3107397978920744,B001,BROU,0.2513783920994212,False
20269375,B001,BROU,0.2902348308538048,B001,BROU,0.3179700272294765,False
20269376,B001,BROU,0.30140922670038917,B001,BROU,0.33395934102014757,False
20269377,B001,BROU,0.3233092160452391,B001,BROU,0.32611926355591214,False
20269378,B001,BROU,0.3127952938433615,B001,BROU,0.32226781374682856,False
20269379,B001,BROU,0.26782629115501067,B001,BROU,0.27820656873083616,False
20269380,B001,BROU,0.29560610965753115,B001,BROU,0.30983351360972183,False
20269381,B001,BROU,0.28291810157102326,B001,BROU,0.2507279054832048,False
20269382,B001,BROU,0.308897526174129,B001,BROU,0.29112565802071105,False
20269383,B001,BROU,0.2797529359637933,B001,BROU,0.30540602182755455,False
20269384,B001,BROU,0.32770495199071814,B001,BROU,0.30984922962774863,False
20269385,B001,BROU,0.321352866134886,B001,BROU,0.30965648341937885,False
20269386,B001,BROU,0.30310386151011726,B001,BROU,0.28952103331116796,False
20269387,B001,BROU,0.28798920534966266,B001,BROU,0.3393581188811582,False
20269388,B001,BROU,0.2903380904843587,B001,BROU,0.3022261494034321,False
20269389,B001,BROU,0.29942480720458975,B001,BROU,0.30459598780551067,False
20269390,B001,BROU,0.30600333944077557,B001,BROU,0.30333256694728744,False
20269391,B001,BROU,0.3067174999871941,B001,BROU,0.3115280584505482,False
20269392,B001,BROU,0.30537259280051404,B001,BROU,0.2868524422403598,False
20269393,B001,BROU,0.3141189091036209,B001,BROU,0.2215270163031224,False
20269394,B001,BROU,0.2818942536269723,B001,BROU,0.2919482516719259,False
20269395,B001,BROU,0.2868193104064641,B001,BROU,0.28509231893975856,False
20269396,B001,BROU,0.29015950744617625,B001,BROU,0.2893838528824016,False
20269397,B001,BROU,0.28909098816973333,B001,BROU,0.2773751323315971,False
20269398,B001,BROU,0.31573894654491325,B001,BROU,0.295317427822606,False
20269399,B001,BROU,0.2731254628935434,B001,BROU,0.285543329619156,False
20269400,B001,BROU,0.3054282729280095,B001,BROU,0.2842455574021307,False
20269401,B001,BROU,0.28574153633444105,B001,BROU,0.2872278229421853,False
20269402,B001,BROU,0.31583031561740693,B001,BROU,0.28427025068355727,False
20269403,B001,BROU,0.2828341486093723,B001,BROU,0.27205130787851084,False
20269404,B001,BROU,0.32574576814655243,B001,BROU,0.3321740393910623,False
20269405,B001,BROU,0.28628108263042673,B001,BROU,0.27885971725354686,False
20269406,B001,BROU,0.30277324110332515,B001,BROU,0.2627066675077374,False
20269407,B001,BROU,0.3021225191654158,B001,BROU,0.3177962285768783,False
20269408,B001,BROU,0.33586809678038426,B001,BROU,0.319411283034037,False
20269409,B001,BROU,0.3124942083955758,B001,BROU,0.2989889120033912,False
20269410,B001,BROU,0.29982626963853976,B001,BROU,0.308583796927302,False
20269411,B001,BROU,0.3127221708755269,B001,BROU,0.3178885490272768,False
20269412,B001,BROU,0.3229276097619218,B001,BROU,0.30085587077499076,False
20269413,B001,BROU,0.30848281079499473,B001,BROU,0.29865823412869336,False
20269414,B001,BROU,0.2924932730992643,B001,BROU,0.3067535487734322,False
20269415,B001,BROU,0.30680326060269675,B001,BROU,0.2615102187300687,False
20269416,B001,BROU,0.3047203647248715,B001,BROU,0.3207206776025844,False
20269417,B001,BROU,0.29390373580323553,B001,BROU,0.3011789217073563,False
20269418,B001,BROU,0.31633844904443015,B001,BROU,0.3384003154343385,False
20269419,B001,BROU,0.29148888308532445,B001,BROU,0.278914544564282,False
20269420,B001,BROU,0.275443795141676,B001,BROU,0.26440860402990735,False
20269421,B001,BROU,0.2999618062686441,B001,BROU,0.3153721906648388,False
20269422,B001,BROU,0.314806055292265,B001,BROU,0.31009939440662876,False
20269423,B001,BROU,0.29185951843105534,B001,BROU,0.2798759404762788,False
20269424,B001,BROU,0.3093464615171702,B001,BROU,0.3200869239327919,False
20269425,B001,BROU,0.29419136875399404,B001,BROU,0.2957509483578588,False
20269426,B001,BROU,0.3055628704296669,B001,BROU,0.3287825054379116,False
20269427,B001,BROU,0.3032819014083119,B001,BROU,0.3058754266017679,False
20269428,B001,BROU,0.2855470375051889,B001,BROU,0.27313649121075423,False
20269429,B001,BROU,0.3221161364185826,B001,BROU,0.3295770097487944,False
20269430,B001,BROU,0.3104623456866691,B001,BROU,0.3321106737700479,False
20269431,B001,BROU,0.30341009380148093,B001,BROU,0.2609316635236123,False
20269432,B001,BROU,0.296750136122794,B001,BROU,0.3050758939025335,False
20269433,B001,BROU,0.3083142099007792,B001,BROU,0.3122914536266607,False
20269434,B001,BROU,0.29579604024946127,B001,BROU,0.2788381008168791,False
20269435,B001,BROU,0.30685293062555363,B001,BROU,0.3303054599772875,False
20269436,B001,BROU,0.2983858933709443,B001,BROU,0.2910774098389935,False
20269437,B001,BROU,0.2979037973794873,B001,BROU,0.27620246217623984,False
20269438,B001,BROU,0.2779906867080436,B001,BROU,0.2703556366742091,False
20269439,B001,BROU,0.284387397078608,B001,BROU,0.3048816639179171,False
20269440,B001,BROU,0.31174110427237317,B001,BROU,0.2791096959539062,False
20269441,B001,BROU,0.316024962076546,B001,BROU,0.29105955265795447,False
20269442,B001,BROU,0.3131949395194539,B001,BROU,0.3261212856859331,False
20269443,B001,BROU,0.30668574223624134,B001,BROU,0.288798157404266,False
20269444,B001,BROU,0.2930912911477117,B001,BROU,0.31923407860279174,False
20269445,B001,BROU,0.3073269666688741,B001,BROU,0.24854329948050163,False
20269446,B001,BROU,0.30349279939670587,B001,BROU,0.2858538718705627,False
20269447,B001,BROU,0.3147272779243352,B001,BROU,0.299661166089501,False
20269448,B001,BROU,0.28989991102040535,B001,BROU,0.2844877278831956,False
20269449,B001,BROU,0.30651406056667907,B001,BROU,0.2976330293354199,False
20269450,B001,BROU,0.32370620218609764,B001,BROU,0.2976638199139286,False
20269451,B001,BROU,0.3002192873032291,B001,BROU,0.28155172189057864,False
20269452,B001,BROU,0.27071301442133816,B001,BROU,0.2576555171655219,False
20269453,B001,BROU,0.30193508671040725,B001,BROU,0.3093740615288949,False
20269454,B001,BROU,0.2854026495700764,B001,BROU,0.26429921581449106,False
20269455,B001,BROU,0.2883982928788548,B001,BROU,0.2760978812427924,False
20269456,B001,BROU,0.3009132356050675,B001,BROU,0.3138448707003982,False
20269457,B001,BROU,0.27094675310093597,B001,BROU,0.2708435369933132,False
20269458,B001,BROU,0.3075923332708804,B001,BROU,0.3164620124197484,False
20269459,B001,BROU,0.32645275118906886,B001,BROU,0.29183256843356115,False
20269460,B001,BROU,0.2969807784804702,B001,BROU,0.3196213940428102,False
20269461,B001,BROU,0.2934964070956087,B001,BROU,0.2570892154316289,False
20269462,B001,BROU,0.2956456789648232,B001,BROU,0.23959857620713038,False
20269463,B001,BROU,0.3249018238972866,B001,BROU,0.31805991232443465,False
20269464,B001,BROU,0.2944545276794256,B001,BROU,0.251737419804353,False
20269465,B001,BROU,0.31312102552247384,B001,BROU,0.2740947336821331,False
20269466,B001,BROU,0.2813890016038946,B001,BROU,0.2816906866001787,False
20269467,B001,BROU,0.3148798591731358,B001,BROU,0.3011057883364532,False
20269468,B001,BROU,0.30338034262028485,B001,BROU,0.30724715919692897,False
20269469,B001,BROU,0.3220693653545087,B001,BROU,0.3369378033638073,False
20269470,B001,BROU,0.33883432522200024,B001,BROU,0.40596478093106525,False
20269471,B001,BROU,0.2787843231239918,B001,BROU,0.3037261432962947,False
20269472,B001,BROU,0.2874311472536108,B001,BROU,0.28386491588071205,False
20269473,B001,BROU,0.28857033742942206,B001,BROU,0.3146137394663039,False
20269474,B001,BROU,0.31278381589465465,B001,BROU,0.2934034896728801,False
20269475,B001,BROU,0.2975392360712915,B001,BROU,0.32601379060101104,False
20269476,B001,BROU,0.2937160442586531,B001,BROU,0.3140555343715623,False
20269477,B001,BROU,0.2999157748017398,B001,BROU,0.28341517597696086,False
20269478,B001,BROU,0.3270531733313892,B001,BROU,0.3016063517351883,False
20269479,B001,BROU,0.2882182633251247,B001,BROU,0.3135245062965652,False
20269480,B001,BROU,0.3281733082677467,B001,BROU,0.3189709583892207,False
20269481,B001,BROU,0.28403016988258944,B001,BROU,0.2791245750983547,False
20269482,B001,BROU,0.32329883991318,B001,BROU,0.22617361530952293,False
20269483,B001,BROU,0.32102083138904886,B001,BROU,0.3340891581617238,False
20269484,B001,BROU,0.3299065724918918,B001,BROU,0.3210265366775569,False
20269485,B001,BROU,0.25336535426200163,B001,BROU,0.25487151611851755,False
20269486,B001,BROU,0.31744705019500313,B001,BROU,0.3159893266002347,False
20269487,B001,BROU,0.33363528408923016,B001,BROU,0.3021070396807208,False
20269488,B001,BROU,0.29826549589423434,B001,BROU,0.3040043957840574,False
20269489,B001,BROU,0.26619518375798856,B001,BROU,0.2756513052156893,False
20269490,B001,BROU,0.32898864781251175,B001,BROU,0.21157332750005844,False
20269491,B001,BROU,0.29183483432697,B001,BROU,0.27805058535286226,False
20269492,B001,BROU,0.300946279772579,B001,BROU,0.29861899365256517,False
20269493,B001,BROU,0.32892913748345953,B001,BROU,0.32096452587402147,False
20269494,B001,BROU,0.2935098849317578,B001,BROU,0.31552464376572376,False
20269495,B001,BROU,0.2760824032273966,B001,BROU,0.28675696172916243,False
20269496,B001,BROU,0.3028779053772716,B001,BROU,0.2980532504942744,False
20269497,B001,BROU,0.3025020406710493,B001,BROU,0.3360534281570368,False
20269498,B001,BROU,0.3059511821431601,B001,BROU,0.32172014550461536,False
20269499,B001,BROU,0.30739427674348446,B001,BROU,0.3003109337028314,False
20269500,B001,BROU,0.29151281598582496,B001,BROU,0.27400627919251946,False
20269501,B001,BROU,0.2954485220025991,B001,BROU,0.3288408461993596,False
20269502,B001,BROU,0.2947815836055511,B001,BROU,0.2943513057730919,False
20269503,B001,BROU,0.30029498308273006,B001,BROU,0.3192212147302669,False
20269504,B001,BROU,0.2973248635080282,B001,BROU,0.30259556444802516,False
20269505,B001,BROU,0.2975098036239632,B001,BROU,0.30549681890383606,False
20269506,B001,BROU,0.310375469049107,B001,BROU,0.3266151111311592,False
20269507,B001,BROU,0.2941053674020346,B001,BROU,0.29215820079198945,False
20269508,B001,BROU,0.2989859980019397,B001,BROU,0.323288686352038,False
20269509,B001,BROU,0.30671241452104747,B001,BROU,0.34383612962582977,False
20269510,B001,BROU,0.3067899688181202,B001,BROU,0.30016473186595916,False
20269511,B001,BROU,0.2967071061949304,B001,BROU,0.2968491898286575,False
20269512,B001,BROU,0.3064044430535366,B001,BROU,0.27073525264138193,False
20269513,B001,BROU,0.2982697159302602,B001,BROU,0.3453912779188246,False
20269514,B001,BROU,0.2897572347744978,B001,BROU,0.24569392060747045,False
20269515,B001,BROU,0.29160151639555065,B001,BROU,0.27695406463029454,False
20269516,B001,BROU,0.2751191176759704,B001,BROU,0.29148854192738355,False
20269517,B001,BROU,0.27079108349994413,B001,BROU,0.24732992697682743,False
20269518,B001,BROU,0.30990547254693995,B001,BROU,0.2969577843909749,False
20269519,B001,BROU,0.2963715705211271,B001,BROU,0.2571343105507545,False
20269520,B001,BROU,0.27903435750065414,B001,BROU,0.24581234165442284,False
20269521,B001,BROU,0.2892627554569277,B001,BROU,0.24387560302920605,False
20269522,B001,BROU,0.30512912394070285,B001,BROU,0.2957553254921165,False
20269523,B001,BROU,0.2988794111886273,B001,BROU,0.3313715470919441,False
20269524,B001,BROU,0.2960744727517353,B001,BROU,0.2981112637755463,False
20269525,B001,BROU,0.32422849777452467,B001,BROU,0.27670135036368526,False
20269526,B001,BROU,0.29720949942832803,B001,BROU,0.3291552774387146,False
20269527,B001,BROU,0.28546272983063675,B001,BROU,0.26973051379426016,False
20269528,B001,BROU,0.2964428371935014,B001,BROU,0.3028832760057107,False
20269529,B001,BROU,0.29817500898969773,B001,BROU,0.29541831411534825,False
20269530,B001,BROU,0.2906396845231402,B001,BROU,0.30182972066725094,False
20269531,B001,BROU,0.2815723239057573,B001,BROU,0.30084709609217114,False
20269532,B001,BROU,0.29094907896130984,B001,BROU,0.3174755550178642,False
20269533,B001,BROU,0.2971349585582251,B001,BROU,0.3058711643597704,False
20269534,B001,BROU,0.28378086913465156,B001,BROU,0.3053458381690556,False
20269535,B001,BROU,0.2916697503536651,B001,BROU,0.2829619784818094,False
20269536,B001,BROU,0.3162090875636891,B001,BROU,0.30388890758100356,False
20269537,B001,BROU,0.3044588217618751,B001,BROU,0.30263974929265247,False
20269538,B001,BROU,0.309947656009136,B001,BROU,0.30412158482759005,False
20269539,B001,BROU,0.2704718396890385,B001,BROU,0.263123622017617,False
20269540,B001,BROU,0.31792030764318185,B001,BROU,0.28413503737888274,False
20269541,B001,BROU,0.28203727640593135,B001,BROU,0.23199124276688013,False
20269542,B001,BROU,0.3161274344116865,B001,BROU,0.292654188116001,False
20269543,B001,BROU,0.28124369541196537,B001,BROU,0.2891814738038586,False
20269544,B001,BROU,0.31680272482332983,B001,BROU,0.3109902028379773,False
20269545,B001,BROU,0.31264865178833023,B001,BROU,0.3158821947772387,False
20269546,B001,BROU,0.29948216611934014,B001,BROU,0.30053901510650294,False
20269547,B001,BROU,0.31877203836414164,B001,BROU,0.3333410659530166,False
20269548,B001,BROU,0.28143285239787086,B001,BROU,0.2784499281351599,False
20269549,B001,BROU,0.31595014239288743,B001,BROU,0.27604884986429873,False
20269550,B001,BROU,0.3095835455645143,B001,BROU,0.3030120950161497,False
20269551,B001,BROU,0.2791173548930116,B001,BROU,0.2752110909647522,False
20269552,B001,BROU,0.2810859008230736,B001,BROU,0.2720016255965724,False
20269553,B001,BROU,0.2817962361467294,B001,BROU,0.23484532937886582,False
20269554,B001,BROU,0.3216939240991168,B001,BROU,0.2788534877135891,False
20269555,B001,BROU,0.3176942975701585,B001,BROU,0.32805262577724237,False
20269556,B001,BROU,0.2813632433069248,B001,BROU,0.27983757868681275,False
20269557,B001,BROU,0.3030794696402406,B001,BROU,0.3168241605686778,False
20269558,B001,BROU,0.30385119471255095,B007,Santander Uruguay,0.21314062494764419,True
20269559,B001,BROU,0.28914181045041154,B001,BROU,0.28450575333823547,False
20269560,B001,BROU,0.3122595974405219,B001,BROU,0.3502005882837195,False
20269561,B001,BROU,0.3173435368083551,B001,BROU,0.3076435800361616,False
20269562,B001,BROU,0.2910764063758442,B001,BROU,0.29831603259937794,False
20269563,B001,BROU,0.29442123959489,B001,BROU,0.31199260200617646,False
20269564,B001,BROU,0.3036160714081864,B001,BROU,0.3021015700304482,False
20269565,B001,BROU,0.29940551492176126,B001,BROU,0.30486045414887997,False
20269566,B001,BROU,0.31473391974553844,B001,BROU,0.3426882572054375,False
20269567,B001,BROU,0.3152590942269356,B001,BROU,0.34284264737095127,False
20269568,B001,BROU,0.3276898770014279,B001,BROU,0.31073508778781034,False
20269569,B001,BROU,0.29866532268665186,B001,BROU,0.18141355594098496,False
20269570,B001,BROU,0.3116802617615793,B001,BROU,0.28876496235345295,False
20269571,B001,BROU,0.3150325274198653,B001,BROU,0.36303755138842386,False
20269572,B001,BROU,0.2818917396949113,B001,BROU,0.21201199919394398,False
20269573,B001,BROU,0.30084745653015715,B001,BROU,0.31911713025439553,False
20269574,B001,BROU,0.2892587926182502,B001,BROU,0.30716594745916376,False
20269575,B001,BROU,0.308937192016866,B001,BROU,0.29959844552369147,False
20269576,B001,BROU,0.28428280775898596,B001,BROU,0.2652432738854018,False
20269577,B001,BROU,0.29214858603145333,B001,BROU,0.2938265980360367,False
20269578,B001,BROU,0.28662671619985136,B001,BROU,0.2792155938066541,False
20269579,B001,BROU,0.27388109692884466,B001,BROU,0.29034807237990967,False
20269580,B001,BROU,0.30671831868772026,B001,BROU,0.31151584654783177,False
20269581,B001,BROU,0.31278426784238555,B001,BROU,0.3107880160039975,False
20269582,B001,BROU,0.304272621729172,B001,BROU,0.31553065282317777,False
20269583,B001,BROU,0.29298838379658027,B001,BROU,0.31863660004761973,False
20269584,B001,BROU,0.31175126453585095,B001,BROU,0.3387987888714792,False
20269585,B001,BROU,0.30757533139621246,B001,BROU,0.26485464275595166,False
20269586,B001,BROU,0.30455189881811284,B001,BROU,0.3007856116087263,False
20269587,B001,BROU,0.30428601212729145,B001,BROU,0.28644192823255127,False
20269588,B001,BROU,0.3257387382964938,B001,BROU,0.27841774848258205,False
20269589,B001,BROU,0.31538040235686193,B001,BROU,0.3045837473320858,False
20269590,B001,BROU,0.2904999677502348,B001,BROU,0.3071969229775826,False
20269591,B001,BROU,0.2770414824145457,B001,BROU,0.28282767000251857,False
20269592,B001,BROU,0.28009923598649833,B001,BROU,0.2916753693978784,False
20269593,B001,BROU,0.2649784536409383,B001,BROU,0.24739889895589126,False
20269594,B001,BROU,0.29130414615324984,B001,BROU,0.2987157694521886,False
20269595,B001,BROU,0.30290125050510724,B001,BROU,0.2970900203690824,False
20269596,B001,BROU,0.3003754156493809,B001,BROU,0.3218380438180957,False
20269597,B001,BROU,0.31177614727872016,B001,BROU,0.29646290907257405,False
20269598,B001,BROU,0.3000504420200829,B001,BROU,0.3291927848445747,False
20269599,B001,BROU,0.2831765195373234,B001,BROU,0.3054382002157847,False
20269600,B001,BROU,0.29552371197607025,B001,BROU,0.28311507549884873,False
20269601,B001,BROU,0.3011623421944447,B001,BROU,0.2805065097331072,False
20269602,B001,BROU,0.32039113126200736,B001,BROU,0.3303677456383588,False
20269603,B001,BROU,0.28346653245987896,B001,BROU,0.23473849624197501,False
20269604,B001,BROU,0.2979155107326163,B001,BROU,0.3400420966578604,False
20269605,B001,BROU,0.32693088550016297,B001,BROU,0.3942336629560931,False
20269606,B001,BROU,0.29291950581998893,B001,BROU,0.2919026314447483,False
20269607,B001,BROU,0.30088441864053733,B001,BROU,0.31211974634389883,False
20269608,B001,BROU,0.2831536806951469,B001,BROU,0.29896553849240526,False
20269609,B001,BROU,0.296627970006667,B001,BROU,0.31767423826416374,False
20269610,B001,BROU,0.2758494602468079,B001,BROU,0.3083485257965678,False
20269611,B001,BROU,0.3304225209748759,B001,BROU,0.3266641988749221,False
20269612,B001,BROU,0.3049286333356784,B001,BROU,0.3125396509468752,False
20269613,B001,BROU,0.30728610191674394,B001,BROU,0.3125020850476933,False
20269614,B001,BROU,0.30319637457440124,B001,BROU,0.29554939276338926,False
20269615,B001,BROU,0.3111731385065617,B001,BROU,0.31795166174548795,False
20269616,B001,BROU,0.2721492753781798,B001,BROU,0.26590516224459554,False
20269617,B001,BROU,0.2912088305986312,B001,BROU,0.29889934785357797,False
20269618,B001,BROU,0.27545122554575263,B001,BROU,0.2858199894955485,False
20269619,B001,BROU,0.30108764477411637,B001,BROU,0.26169574092196213,False
20269620,B001,BROU,0.3089669240814126,B001,BROU,0.3571014869841828,False
20269621,B001,BROU,0.30729087028353486,B001,BROU,0.27088649534362247,False
20269622,B001,BROU,0.29641421969479187,B001,BROU,0.28361725540602595,False
20269623,B001,BROU,0.3004057230143236,B001,BROU,0.28834891022209985,False
20269624,B001,BROU,0.3115885327676245,B001,BROU,0.2930305872606167,False
20269625,B001,BROU,0.2898563267084142,B001,BROU,0.3176392948042492,False
20269626,B001,BROU,0.32171483462565714,B001,BROU,0.3044832246236926,False
20269627,B001,BROU,0.2946431750806312,B001,BROU,0.316600679761741,False
20269628,B001,BROU,0.2870845255123493,B001,BROU,0.2818623908655162,False
20269629,B001,BROU,0.2746747506417375,B001,BROU,0.2838711552927402,False
20269630,B001,BROU,0.30810295622664635,B001,BROU,0.2985237948994352,False
20269631,B001,BROU,0.3256489553063091,B001,BROU,0.29772095479727223,False
20269632,B001,BROU,0.3032023257788107,B001,BROU,0.3090125698288831,False
20269633,B001,BROU,0.3115011135331588,B001,BROU,0.3126550421363562,False
20269634,B001,BROU,0.27016382143991424,B001,BROU,0.2768262711053523,False
20269635,B001,BROU,0.3227409421264945,B001,BROU,0.275982635114108,False
20269636,B001,BROU,0.3089407730072903,B001,BROU,0.3440571966428531,False
20269637,B001,BROU,0.29817789628577634,B001,BROU,0.2932492987318893,False
20269638,B001,BROU,0.2860668687181931,B001,BROU,0.24690808213750512,False
20269639,B001,BROU,0.2832361234708005,B001,BROU,0.28318989405198924,False
20269640,B001,BROU,0.3144118291971156,B001,BROU,0.3164306316986231,False
20269641,B001,BROU,0.28254884095155514,B001,BROU,0.2939138475630432,False
20269642,B001,BROU,0.2919972929722486,B001,BROU,0.31209615325361145,False
20269643,B001,BROU,0.2927744439910618,B001,BROU,0.2873872411265284,False
20269644,B001,BROU,0.30757136142938185,B001,BROU,0.29130607368702144,False
20269645,B001,BROU,0.29820619355569894,B001,BROU,0.2911241907582085,False
20269646,B001,BROU,0.3313280094029866,B001,BROU,0.32560413841619446,False
20269647,B001,BROU,0.3133560606911791,B001,BROU,0.33026675793206134,False
20269648,B001,BROU,0.28686386001534814,B001,BROU,0.19709971430078366,False
20269649,B001,BROU,0.30350351302827494,B001,BROU,0.2908837064400465,False
20269650,B001,BROU,0.3256785209881448,B001,BROU,0.3469179194469277,False
20269651,B001,BROU,0.28759427028650836,B001,BROU,0.2190866229191949,False
20269652,B001,BROU,0.2868002842944058,B001,BROU,0.30572070445301025,False
20269653,B001,BROU,0.2882375151472903,B001,BROU,0.337263057283049,False
20269654,B001,BROU,0.3101248543670261,B001,BROU,0.34088508947592666,False
20269655,B001,BROU,0.30459087287875364,B001,BROU,0.32470598280243085,False
20269656,B001,BROU,0.2946952629156576,B001,BROU,0.2866126872015876,False
20269657,B001,BROU,0.31527150631129397,B001,BROU,0.2571292671740638,False
20269658,B001,BROU,0.3107748947176412,B001,BROU,0.3616656681589955,False
20269659,B001,BROU,0.29204788795852715,B001,BROU,0.3009365177838298,False
20269660,B001,BROU,0.3001746134190055,B001,BROU,0.2977571979793349,False
20269661,B001,BROU,0.36,B001,BROU,0.3776774078930059,False
20269662,B001,BROU,0.2984100696810918,B001,BROU,0.3265699337699632,False
20269663,B001,BROU,0.29572512665990336,B001,BROU,0.24877693904569356,False
20269664,B001,BROU,0.28404680605490634,B001,BROU,0.2590266918770976,False
20269665,B001,BROU,0.3221344396570278,B001,BROU,0.3388113049219132,False
20269666,B001,BROU,0.3321141974718398,B001,BROU,0.33239044031112097,False
20269667,B001,BROU,0.29930619123721497,B001,BROU,0.3040141911612179,False
20269668,B001,BROU,0.30322709488088134,B001,BROU,0.19433679332845824,False
20269669,B001,BROU,0.2933390810383254,B001,BROU,0.35906470610805385,False
20269670,B001,BROU,0.3075077376010479,B001,BROU,0.33079865447445184,False
20269671,B001,BROU,0.2968648697524426,B001,BROU,0.30441540492616037,False
20269672,B001,BROU,0.3122851131553746,B001,BROU,0.34520395977025065,False
20269673,B001,BROU,0.2987924003803224,B006,Itaú Uruguay,0.20501939971328859,True
20269674,B001,BROU,0.2986173616058597,B001,BROU,0.3097167629663937,False
20269675,B001,BROU,0.28129970589091624,B001,BROU,0.30877585197039104,False
20269676,B001,BROU,0.28095455658091845,B001,BROU,0.30266321190163703,False
20269677,B001,BROU,0.29770454136037905,B001,BROU,0.2900683726947039,False
20269678,B001,BROU,0.33230414215415444,B001,BROU,0.33358627119728,False
20269679,B001,BROU,0.3013251552716832,B001,BROU,0.2729143828960149,False
20269680,B001,BROU,0.3081479065312204,B001,BROU,0.3108154142356202,False
20269681,B001,BROU,0.28927661130384213,B001,BROU,0.2697586934080015,False
20269682,B001,BROU,0.3237477613370775,B001,BROU,0.3076159078981086,False
20269683,B001,BROU,0.28147740206516164,B001,BROU,0.27327737312640593,False
20269684,B001,BROU,0.3051797008092995,B001,BROU,0.3381400250016051,False
20269685,B001,BROU,0.290997549225917,B001,BROU,0.2530822968514009,False
20269686,B001,BROU,0.2841182535920313,B001,BROU,0.26738841803759617,False
20269687,B001,BROU,0.3018638195974476,B001,BROU,0.28759369859758943,False
20269688,B001,BROU,0.26490409191391756,B001,BROU,0.28697572211021827,False
20269689,B001,BROU,0.2875746327326824,B001,BROU,0.2919680595594281,False
20269690,B001,BROU,0.2773567972077542,B001,BROU,0.31888908171559266,False
20269691,B001,BROU,0.2689675401387903,B001,BROU,0.2704291634248833,False
20269692,B001,BROU,0.30720122989071713,B001,BROU,0.36400822156685536,False
20269693,B001,BROU,0.32885647851940836,B001,BROU,0.3250571067405716,False
20269694,B001,BROU,0.2786320145579201,B001,BROU,0.27806593967638954,False
20269695,B001,BROU,0.30895786981762935,B001,BROU,0.2921517931718824,False
20269696,B001,BROU,0.2792021350072313,B001,BROU,0.2829717067589573,False
20269697,B001,BROU,0.28280453645813247,B001,BROU,0.2627779267316684,False
20269698,B001,BROU,0.28944573365309956,B001,BROU,0.28777830891215944,False
20269699,B001,BROU,0.30393050114585357,B001,BROU,0.30375078166851965,False
20269700,B001,BROU,0.30444225817742604,B001,BROU,0.31205966123500767,False
20269701,B001,BROU,0.29798853962270105,B001,BROU,0.2946075544449733,False
20269702,B001,BROU,0.2982233586714821,B001,BROU,0.2993344451786565,False
20269703,B001,BROU,0.34755909050332395,B001,BROU,0.3404325156644298,False
20269704,B001,BROU,0.29596095001459555,B001,BROU,0.3010030062727417,False
20269705,B001,BROU,0.33625524456475375,B001,BROU,0.36456649079821796,False
20269706,B001,BROU,0.286338183646204,B001,BROU,0.2593507980771625,False
20269707,B001,BROU,0.2821071342229529,B001,BROU,0.3404300336538534,False
20269708,B001,BROU,0.297812699297027,B001,BROU,0.3108607962546589,False
20269709,B001,BROU,0.27556596363355684,B001,BROU,0.3033272656751565,False
20269710,B001,BROU,0.3016687473449384,B001,BROU,0.28261154762037816,False
20269711,B001,BROU,0.29851129105398794,B001,BROU,0.27379121399090545,False
20269712,B001,BROU,0.3218739461826736,B001,BROU,0.3038209111853263,False
20269713,B001,BROU,0.27150874922161294,B001,BROU,0.2680505329852025,False
20269714,B001,BROU,0.3297876316279069,B001,BROU,0.34372740463145346,False
20269715,B001,BROU,0.33791181386736396,B001,BROU,0.3163161717214369,False
20269716,B001,BROU,0.29981564078200773,B001,BROU,0.30629328986477233,False
20269717,B001,BROU,0.29984641535440304,B001,BROU,0.26995367502410517,False
20269718,B001,BROU,0.3180374026919779,B001,BROU,0.3107653275103733,False
20269719,B001,BROU,0.2958035922942982,B001,BROU,0.3113769412103655,False
20269720,B001,BROU,0.2915583344167967,B001,BROU,0.28723338564180895,False
20269721,B001,BROU,0.2984746890197223,B001,BROU,0.3229306210725534,False
20269722,B001,BROU,0.2973368372318504,B001,BROU,0.2662128580630198,False
20269723,B001,BROU,0.2813688381362121,B001,BROU,0.31171953588170975,False
20269724,B001,BROU,0.3253010561901061,B001,BROU,0.3267702309763238,False
20269725,B001,BROU,0.30446102674453657,B001,BROU,0.29698267928861855,False
20269726,B001,BROU,0.3155192146681146,B001,BROU,0.33863811461973853,False
20269727,B001,BROU,0.29241572638791247,B001,BROU,0.2606230736845887,False
20269728,B001,BROU,0.312791435938431,B001,BROU,0.30950661774150084,False
20269729,B001,BROU,0.2988488717263028,B001,BROU,0.2619992041430989,False
20269730,B001,BROU,0.3094498785338654,B001,BROU,0.354023925117934,False
20269731,B001,BROU,0.294793835150492,B001,BROU,0.3078954665405329,False
20269732,B001,BROU,0.28186941863544934,B001,BROU,0.2992901750618422,False
20269733,B001,BROU,0.2994685721217967,B001,BROU,0.29533463707102975,False
20269734,B001,BROU,0.3333829406050497,B001,BROU,0.25546078265975336,False
20269735,B001,BROU,0.27160802274660073,B001,BROU,0.2811325549182887,False
20269736,B001,BROU,0.3160452033761549,B001,BROU,0.3016755700754808,False
20269737,B001,BROU,0.2839726292152708,B001,BROU,0.286846697990161,False
20269738,B001,BROU,0.2705173374180566,B001,BROU,0.2800914315146311,False
20269739,B001,BROU,0.31765822693396173,B001,BROU,0.3342391715114261,False
20269740,B001,BROU,0.30301638477871484,B001,BROU,0.32397167047688435,False
20269741,B001,BROU,0.3041857242295804,B001,BROU,0.3669981535191124,False
20269742,B001,BROU,0.2953980456081807,B001,BROU,0.27805921117809856,False
20269743,B001,BROU,0.29164325758449516,B001,BROU,0.2989978885687707,False
20269744,B001,BROU,0.2738539982082486,B001,BROU,0.2858507586889868,False
20269745,B001,BROU,0.2832128490904544,B001,BROU,0.3016070763387542,False
20269746,B001,BROU,0.309214615142003,B001,BROU,0.3250105110667323,False
20269747,B001,BROU,0.30869537007699643,B001,BROU,0.3497782449290927,False
20269748,B001,BROU,0.30114031308282,B001,BROU,0.2628417475173136,False
20269749,B001,BROU,0.30355380372730845,B001,BROU,0.30604546596239546,False
20269750,B001,BROU,0.32492332469640445,B001,BROU,0.3203014017842768,False
20269751,B001,BROU,0.2726829822190749,B001,BROU,0.30008541686613915,False
20269752,B001,BROU,0.3322572214140093,B001,BROU,0.3175663037071506,False
20269753,B001,BROU,0.31915329798775777,B001,BROU,0.33972700769125497,False
20269754,B001,BROU,0.29494284103227464,B001,BROU,0.27710053140196683,False
20269755,B001,BROU,0.3174754923295499,B001,BROU,0.34168432018477557,False
20269756,B001,BROU,0.2874657715044606,B001,BROU,0.29897160879096074,False
20269757,B001,BROU,0.3178330138609739,B001,BROU,0.33188517510932525,False
20269758,B001,BROU,0.3095827465272778,B001,BROU,0.2976561610657265,False
20269759,B001,BROU,0.28730131451266694,B001,BROU,0.2875964935016263,False
20269760,B001,BROU,0.33122817814433164,B001,BROU,0.3324664477806229,False
20269761,B001,BROU,0.29327015225948433,B001,BROU,0.24016599774112157,False
20269762,B001,BROU,0.28753271689030646,B001,BROU,0.28482995850928505,False
20269763,B001,BROU,0.2740824641440472,B001,BROU,0.27954580938951723,False
20269764,B001,BROU,0.3097467517831942,B001,BROU,0.35200304614290717,False
20269765,B001,BROU,0.32090737683707793,B001,BROU,0.3027341633113823,False
20269766,B001,BROU,0.3030777822154824,B001,BROU,0.28119461130630935,False
20269767,B001,BROU,0.3107312993370064,B001,BROU,0.28786294500946774,False
20269768,B001,BROU,0.30034923899471166,B001,BROU,0.29734348785569953,False
20269769,B001,BROU,0.3006872711366079,B001,BROU,0.32645567797034736,False
20269770,B001,BROU,0.2974904144742655,B001,BROU,0.3060653595936064,False
20269771,B001,BROU,0.32810104843310095,B001,BROU,0.3040241778686247,False
20269772,B001,BROU,0.2943060517130638,B001,BROU,0.3007873196022646,False
20269773,B001,BROU,0.3032010923329874,B001,BROU,0.3036711253315266,False
20269774,B001,BROU,0.3016949962258302,B001,BROU,0.30521589204086613,False
20269775,B001,BROU,0.30360261411372524,B001,BROU,0.3214602988396888,False
20269776,B001,BROU,0.28589991470249476,B001,BROU,0.26999076014890877,False
20269777,B001,BROU,0.3065557236671287,B001,BROU,0.3124424306696427,False
20269778,B001,BROU,0.2940404955017833,B001,BROU,0.3069264444515465,False
20269779,B001,BROU,0.30821083068601085,B001,BROU,0.24585183029603924,False
20269780,B001,BROU,0.30490125090893827,B001,BROU,0.2734001007751968,False
20269781,B001,BROU,0.30549430196206884,B001,BROU,0.28121374094697493,False
20269782,B001,BROU,0.32152139447890593,B001,BROU,0.34438097466999423,False
20269783,B001,BROU,0.3121530886709925,B001,BROU,0.3784993705316986,False
20269784,B001,BROU,0.314159601174448,B001,BROU,0.31189738078443074,False
20269785,B001,BROU,0.2750797120428879,B001,BROU,0.30499090654008626,False
20269786,B001,BROU,0.3235322133684496,B001,BROU,0.3180529449759306,False
20269787,B001,BROU,0.2986810951532199,B001,BROU,0.3275413103512406,False
20269788,B001,BROU,0.2893505757075397,B001,BROU,0.34420071049990597,False
20269789,B001,BROU,0.317346490919583,B001,BROU,0.3208880568932667,False
20269790,B001,BROU,0.36,B001,BROU,0.35911537936043625,False
20269791,B001,BROU,0.2928066488127506,B001,BROU,0.2917421139942213,False
20269792,B001,BROU,0.2743545720259494,B001,BROU,0.290176889465975,False
20269793,B001,BROU,0.3164088297009842,B001,BROU,0.29996393470235877,False
20269794,B001,BROU,0.3002661364978391,B001,BROU,0.3191447813157934,False
20269795,B001,BROU,0.2779283087193022,B001,BROU,0.2843456110764784,False
20269796,B001,BROU,0.27757062488091216,B001,BROU,0.3044603905655995,False
20269797,B001,BROU,0.27793893395246916,B001,BROU,0.30718567903662924,False
20269798,B001,BROU,0.31916452491632563,B001,BROU,0.2578320087647677,False
20269799,B001,BROU,0.3074378424230019,B001,BROU,0.2975396702404495,False
20269800,B001,BROU,0.29912871916116407,B001,BROU,0.29607268421819904,False
20269801,B001,BROU,0.2919204291824651,B001,BROU,0.18199060703965528,False
20269802,B001,BROU,0.29865511349458,B001,BROU,0.3079156279123376,False
20269803,B001,BROU,0.3001710914960899,B001,BROU,0.3090431122000783,False
20269804,B001,BROU,0.28815716498453375,B001,BROU,0.31831355323460464,False
20269805,B001,BROU,0.28429163906826116,B001,BROU,0.37436926027043443,False
20269806,B001,BROU,0.2805123741826,B001,BROU,0.28797169675615547,False
20269807,B001,BROU,0.2861894335339931,B001,BROU,0.26627682669809616,False
20269808,B001,BROU,0.28365557740426445,B001,BROU,0.3019022517711315,False
20269809,B001,BROU,0.2809059990778083,B001,BROU,0.27165962917157427,False
20269810,B001,BROU,0.31335883446813456,B001,BROU,0.3150410266094899,False
20269811,B001,BROU,0.3172677341472303,B001,BROU,0.27903992040655723,False
20269812,B001,BROU,0.29372422375737456,B001,BROU,0.29395372725049534,False
20269813,B001,BROU,0.32524174665133704,B001,BROU,0.3288868867173628,False
20269814,B001,BROU,0.3371469051560592,B001,BROU,0.3320676082044418,False
20269815,B001,BROU,0.29754131066810524,B001,BROU,0.287529800119393,False
20269816,B001,BROU,0.31312679004764826,B001,BROU,0.36515723203757583,False
20269817,B001,BROU,0.316734411615994,B001,BROU,0.3217377130071566,False
20269818,B001,BROU,0.30167839034418764,B001,BROU,0.29435096987390275,False
20269819,B001,BROU,0.3137072476812842,B001,BROU,0.2877342632329447,False
20269820,B001,BROU,0.3006404580473148,B001,BROU,0.31624831574094975,False
20269821,B001,BROU,0.29986648099234536,B007,Santander Uruguay,0.23599648764479247,True
20269822,B001,BROU,0.31561007791193496,B001,BROU,0.2846943161463875,False
20269823,B001,BROU,0.3023167981217399,B001,BROU,0.3175325388602864,False
20269824,B001,BROU,0.29677822731895626,B001,BROU,0.28840471110866844,False
20269825,B001,BROU,0.30935281790195,B001,BROU,0.3020524616053219,False
20269826,B001,BROU,0.30938078580680384,B001,BROU,0.32255378387292394,False
20269827,B001,BROU,0.3307586801658062,B001,BROU,0.2832595363208412,False
20269828,B001,BROU,0.2834579410726167,B001,BROU,0.27216909890404406,False
20269829,B001,BROU,0.2859494563958134,B001,BROU,0.29934855958430434,False
20269830,B001,BROU,0.2781608435407363,B001,BROU,0.28687369234879734,False
20269831,B001,BROU,0.30248915593138964,B001,BROU,0.2882407195219038,False
20269832,B001,BROU,0.33408837524042123,B001,BROU,0.3545230230328616,False
20269833,B001,BROU,0.3107021595334142,B001,BROU,0.3228489759879328,False
20269834,B001,BROU,0.31705628681122566,B001,BROU,0.2919667144756417,False
20269835,B001,BROU,0.28145749934861614,B001,BROU,0.3130115888275996,False
20269836,B001,BROU,0.2862362102822198,B001,BROU,0.25536546266933835,False
20269837,B001,BROU,0.31548963237178307,B001,BROU,0.33934174146723095,False
20269838,B001,BROU,0.29065476598503026,B001,BROU,0.25662352087914203,False
20269839,B001,BROU,0.31875569035187473,B001,BROU,0.3587619637038843,False
20269840,B001,BROU,0.2955954910138079,B001,BROU,0.3239704502687893,False
20269841,B001,BROU,0.30993094744152333,B001,BROU,0.3355306068544666,False
20269842,B001,BROU,0.2954610202677226,B001,BROU,0.26654454793097077,False
20269843,B001,BROU,0.30384438487550475,B001,BROU,0.27263704917291975,False
20269844,B001,BROU,0.2871404904933752,B001,BROU,0.28106674249662417,False
20269845,B001,BROU,0.28372900323733874,B001,BROU,0.31767117133239603,False
20269846,B001,BROU,0.3024048072483044,B001,BROU,0.25175042505225426,False
20269847,B001,BROU,0.29861617242333294,B001,BROU,0.31331388570756713,False
20269848,B001,BROU,0.3038342085976972,B001,BROU,0.2850215625524036,False
20269849,B001,BROU,0.3048684417692926,B001,BROU,0.29341526276511354,False
20269850,B001,BROU,0.280539732449057,B001,BROU,0.2789438958057303,False
20269851,B001,BROU,0.2970770301661573,B001,BROU,0.3107907733572834,False
20269852,B001,BROU,0.29486773215570544,B001,BROU,0.2941548020763329,False
20269853,B001,BROU,0.3048363199287137,B001,BROU,0.2832087781092452,False
20269854,B001,BROU,0.30566496230210927,B001,BROU,0.25523400415511976,False
20269855,B001,BROU,0.2992146225211296,B001,BROU,0.3059505269110392,False
20269856,B001,BROU,0.29353666851961724,B001,BROU,0.22586014382785005,False
20269857,B001,BROU,0.31399088075915993,B001,BROU,0.2981636264738252,False
20269858,B001,BROU,0.31617097237693836,B001,BROU,0.2726359444612108,False
20269859,B001,BROU,0.3061931812677788,B001,BROU,0.2294427474974464,False
20269860,B001,BROU,0.3125784091761992,B001,BROU,0.2831909058887406,False
20269861,B001,BROU,0.30188556463317867,B001,BROU,0.2977601393730516,False
20269862,B001,BROU,0.30472848736182223,B001,BROU,0.2850950566416451,False
20269863,B001,BROU,0.2849980975848495,B001,BROU,0.27690063441816576,False
20269864,B001,BROU,0.2916047541025538,B001,BROU,0.330167938373282,False
20269865,B001,BROU,0.3120479152138852,B001,BROU,0.32270240203916123,False
20269866,B001,BROU,0.30921483736907024,B001,BROU,0.28321609688464205,False
20269867,B001,BROU,0.3104403097319965,B001,BROU,0.30894170834420426,False
20269868,B001,BROU,0.3236371827663347,B001,BROU,0.3242555734036927,False
20269869,B001,BROU,0.2904020112697342,B001,BROU,0.22742405684895198,False
20269870,B001,BROU,0.3145311667341405,B001,BROU,0.28833235302211135,False
20269871,B001,BROU,0.29197677754081663,B001,BROU,0.28480054751985684,False
20269872,B001,BROU,0.2884719116101485,B001,BROU,0.3207549728770048,False
20269873,B001,BROU,0.2947908606850633,B001,BROU,0.28848935957608085,False
20269874,B001,BROU,0.28447513379269435,B001,BROU,0.2850396311363653,False
20269875,B001,BROU,0.3044406499393515,B001,BROU,0.28825964306559815,False
20269876,B001,BROU,0.31880687011617814,B001,BROU,0.26060480008351394,False
20269877,B001,BROU,0.3056648911376289,B001,BROU,0.2605924342661549,False
20269878,B001,BROU,0.29443939362585486,B001,BROU,0.3041893405342115,False
20269879,B001,BROU,0.29416795973346455,B001,BROU,0.3225817966071067,False
20269880,B001,BROU,0.3028240965215044,B001,BROU,0.28129983465685166,False
20269881,B001,BROU,0.2976497615826703,B001,BROU,0.31674965512230935,False
20269882,B001,BROU,0.3226093601173966,B001,BROU,0.35218124099466785,False
20269883,B001,BROU,0.31497817116594706,B001,BROU,0.2926828061909385,False
20269884,B001,BROU,0.30590465306951015,B001,BROU,0.2856863753793584,False
20269885,B001,BROU,0.31532742123021307,B001,BROU,0.29601530323294045,False
20269886,B001,BROU,0.3032276297510939,B001,BROU,0.3061353803464179,False
20269887,B001,BROU,0.29463790854135813,B001,BROU,0.308244630255913,False
20269888,B001,BROU,0.30132598945393796,B001,BROU,0.348007307321803,False
20269889,B001,BROU,0.30723906487689734,B001,BROU,0.29171313055233716,False
20269890,B001,BROU,0.309631580211646,B001,BROU,0.309703218437723,False
20269891,B001,BROU,0.294498531743607,B001,BROU,0.3021966600957595,False
20269892,B001,BROU,0.3089970493258101,B001,BROU,0.2900841844053103,False
20269893,B001,BROU,0.26190881037845015,B001,BROU,0.28522038071455685,False
20269894,B001,BROU,0.2915581598027566,B001,BROU,0.30303147536049313,False
20269895,B001,BROU,0.30049537899572004,B001,BROU,0.2033420249880727,False
20269896,B001,BROU,0.30509045948724334,B001,BROU,0.30601698547429784,False
20269897,B001,BROU,0.30010184053854017,B001,BROU,0.32270017970862347,False
20269898,B001,BROU,0.2951986433294349,B001,BROU,0.3078331668171903,False
20269899,B001,BROU,0.28177039612150406,B001,BROU,0.2955312257171345,False
20269900,B001,BROU,0.31542651463604504,B001,BROU,0.2880392697586638,False
20269901,B001,BROU,0.3172866619441481,B001,BROU,0.2923691300592291,False
20269902,B001,BROU,0.2752192298069361,B001,BROU,0.22407449764546875,False
20269903,B001,BROU,0.3187921896892037,B001,BROU,0.2953633015421017,False
20269904,B001,BROU,0.30304321092088493,B001,BROU,0.29633245276062287,False
20269905,B001,BROU,0.30386022728630085,B001,BROU,0.29178932977082306,False
20269906,B001,BROU,0.29512589619191504,B001,BROU,0.28839761483476645,False
20269907,B001,BROU,0.29483389347597144,B001,BROU,0.3215669087328395,False
20269908,B001,BROU,0.2962532954865337,B001,BROU,0.28225714592624385,False
20269909,B001,BROU,0.31006629065354124,B001,BROU,0.2772378696356153,False
20269910,B001,BROU,0.28640421257193993,B001,BROU,0.3016526640313196,False
20269911,B001,BROU,0.299646959960693,B001,BROU,0.27833229988987995,False
20269912,B001,BROU,0.31412838335650173,B001,BROU,0.28276933000495247,False
20269913,B001,BROU,0.32172578796210183,B001,BROU,0.3442638139522866,False
20269914,B001,BROU,0.30064301323015563,B001,BROU,0.28951259644554544,False
20269915,B001,BROU,0.3058037234036705,B001,BROU,0.3533515076066936,False
20269916,B001,BROU,0.2848375776937635,B001,BROU,0.30933429871987206,False
20269917,B001,BROU,0.286002468754533,B001,BROU,0.3596985139424008,False
20269918,B001,BROU,0.3241350458463716,B001,BROU,0.2805233697126835,False
20269919,B001,BROU,0.2843839149529106,B001,BROU,0.28914679226395046,False
20269920,B001,BROU,0.29138011205044506,B001,BROU,0.29010405047442783,False
20269921,B001,BROU,0.25724060771124974,B001,BROU,0.2743826541192887,False
20269922,B001,BROU,0.3059964621740939,B001,BROU,0.2931108537058903,False
20269923,B001,BROU,0.2926360887830722,B001,BROU,0.3063632372696235,False
20269924,B001,BROU,0.3416665554707282,B001,BROU,0.3446197176834905,False
20269925,B001,BROU,0.3367641695588353,B001,BROU,0.3297087133654905,False
20269926,B001,BROU,0.2667227832403109,B001,BROU,0.28607094152109364,False
20269927,B001,BROU,0.29384998664381323,B001,BROU,0.3104286120155769,False
20269928,B001,BROU,0.29769809327727365,B001,BROU,0.3051318569281746,False
20269929,B001,BROU,0.3373837603367426,B001,BROU,0.37529430551441484,False
20269930,B001,BROU,0.29780997542836685,B001,BROU,0.34779590471159655,False
20269931,B001,BROU,0.29571377719930786,B001,BROU,0.25566606454123225,False
20269932,B001,BROU,0.2923300092606455,B001,BROU,0.3414630517657431,False
20269933,B001,BROU,0.319778403910189,B001,BROU,0.24370115087652625,False
20269934,B001,BROU,0.3292235634136229,B001,BROU,0.301967767786734,False
20269935,B001,BROU,0.3118125311683644,B001,BROU,0.3219296558672831,False
20269936,B001,BROU,0.31037458214622443,B001,BROU,0.18612585494949999,False
20269937,B001,BROU,0.3035429154628422,B001,BROU,0.3085666337991162,False
20269938,B001,BROU,0.27935183985790396,B001,BROU,0.26255983761089813,False
20269939,B001,BROU,0.3023354141552199,B001,BROU,0.25854873123030614,False
20269940,B001,BROU,0.2891937658457034,B001,BROU,0.25057008341444037,False
20269941,B001,BROU,0.2889240616828254,B001,BROU,0.2899577060465055,False
20269942,B001,BROU,0.2719988169130579,B001,BROU,0.2930075144220766,False
20269943,B001,BROU,0.29637772565348497,B001,BROU,0.32767758819577386,False
20269944,B001,BROU,0.27734499259022705,B001,BROU,0.3118029600828527,False
20269945,B001,BROU,0.27114288939780173,B001,BROU,0.2880894039965362,False
20269946,B001,BROU,0.3086722582592417,B001,BROU,0.3014469100163716,False
20269947,B001,BROU,0.3299478986296013,B001,BROU,0.31961748020170383,False
20269948,B001,BROU,0.30101363387791136,B001,BROU,0.3253810358212009,False
20269949,B001,BROU,0.3118664942669866,B001,BROU,0.31410315763469837,False
20269950,B001,BROU,0.2796789412454819,B001,BROU,0.24359945595797927,False
20269951,B001,BROU,0.28817556316621046,B001,BROU,0.3404261630244759,False
20269952,B001,BROU,0.29774220645982535,B001,BROU,0.29523810617575885,False
20269953,B001,BROU,0.2868448341933546,B001,BROU,0.2721043698165716,False
20269954,B001,BROU,0.28951741231553696,B001,BROU,0.2762252414042851,False
20269955,B001,BROU,0.30932925535093814,B001,BROU,0.3173024964886604,False
20269956,B001,BROU,0.29361180524917513,B001,BROU,0.28354856152204894,False
20269957,B001,BROU,0.28355370922000145,B001,BROU,0.33347064756828576,False
20269958,B001,BROU,0.30254543840434445,B001,BROU,0.33431453203159645,False
20269959,B001,BROU,0.3116716543910761,B001,BROU,0.2913766908961231,False
20269960,B001,BROU,0.29583671446424864,B001,BROU,0.33236612539562777,False
20269961,B001,BROU,0.26753380127289894,B001,BROU,0.2593317215552691,False
20269962,B001,BROU,0.3180202728017758,B001,BROU,0.3126420013832858,False
20269963,B001,BROU,0.29282119610894036,B001,BROU,0.20116522639950432,False
20269964,B001,BROU,0.27826970096246895,B001,BROU,0.25031292337084154,False
20269965,B001,BROU,0.29662647391871977,B001,BROU,0.2987531582096335,False
20269966,B001,BROU,0.29943413533770735,B001,BROU,0.31843413048559177,False
20269967,B001,BROU,0.31001958569532007,B001,BROU,0.2962892272689311,False
20269968,B001,BROU,0.30116744291839437,B001,BROU,0.2839987009245484,False
20269969,B001,BROU,0.2907733533101388,B001,BROU,0.31925512385869736,False
20269970,B001,BROU,0.3111286423921048,B001,BROU,0.2705796475880608,False
20269971,B001,BROU,0.2969932079780636,B001,BROU,0.2925564086548624,False
20269972,B001,BROU,0.35067204712362937,B001,BROU,0.3169527799420254,False
20269973,B001,BROU,0.29105662524931886,B001,BROU,0.28591176433574866,False
20269974,B001,BROU,0.2884855516296438,B001,BROU,0.2854212180316656,False
20269975,B001,BROU,0.27827814610893636,B001,BROU,0.3064463234587478,False
20269976,B001,BROU,0.2973100211299783,B001,BROU,0.2805990936576368,False
20269977,B001,BROU,0.30107983153325407,B001,BROU,0.3197177850646978,False
20269978,B001,BROU,0.29524713936358216,B001,BROU,0.29622604240007994,False
20269979,B001,BROU,0.32432733031644717,B001,BROU,0.3112510860406323,False
20269980,B001,BROU,0.3143087745137491,B001,BROU,0.19120880439353494,False
20269981,B001,BROU,0.296098558106759,B001,BROU,0.3141623775724304,False
20269982,B001,BROU,0.29290430115306865,B001,BROU,0.29905269478381785,False
20269983,B001,BROU,0.31668605024221586,B001,BROU,0.31232601305133845,False
20269984,B001,BROU,0.2723183196154138,B001,BROU,0.28468887340668025,False
20269985,B001,BROU,0.30602840599247527,B001,BROU,0.3088040222012405,False
20269986,B001,BROU,0.27404597480111553,B001,BROU,0.3010528502636759,False
20269987,B001,BROU,0.2998353805233297,B001,BROU,0.3092125968325147,False
20269988,B001,BROU,0.30048789282201493,B001,BROU,0.3163301390797839,False
20269989,B001,BROU,0.3010631328200655,B001,BROU,0.30487607378450376,False
20269990,B001,BROU,0.28852010833612635,B001,BROU,0.28451753004533986,False
20269991,B001,BROU,0.32895612003599295,B001,BROU,0.33521189860455103,False
20269992,B001,BROU,0.30199295747206223,B001,BROU,0.30639431036493714,False
20269993,B001,BROU,0.30491196932222164,B001,BROU,0.30149300615518787,False
20269994,B001,BROU,0.28136927837248177,B001,BROU,0.3113983435313527,False
20269995,B001,BROU,0.2762444811777159,B001,BROU,0.27255034216836477,False
20269996,B001,BROU,0.297837960461598,B001,BROU,0.302521900655708,False
20269997,B001,BROU,0.3027596911355361,B001,BROU,0.31976131768090055,False
20269998,B001,BROU,0.3015878912400272,B001,BROU,0.27667336327143943,False
20269999,B001,BROU,0.31160525622924307,B001,BROU,0.3057306936213139,False
20270000,B001,BROU,0.3188148621626216,B001,BROU,0.3132370304209236,False
20270001,B001,BROU,0.295216364477287,B001,BROU,0.29547650320981317,False
20270002,B001,BROU,0.29533550165728434,B001,BROU,0.2947989156240686,False
20270003,B001,BROU,0.3168646474865439,B001,BROU,0.28752656860502307,False
20270004,B001,BROU,0.3058664364405821,B001,BROU,0.3277717470703066,False
20270005,B001,BROU,0.30007656777901803,B001,BROU,0.3145045860873093,False
20270006,B001,BROU,0.3112497821301702,B001,BROU,0.32642890684647513,False
20270007,B001,BROU,0.3072019306628822,B001,BROU,0.2894778077950095,False
20270008,B001,BROU,0.2772900318683009,B001,BROU,0.28686356597430845,False
20270009,B001,BROU,0.2874246872319172,B001,BROU,0.31901121604172755,False
20270010,B001,BROU,0.31723311161204604,B001,BROU,0.2742180142380175,False
20270011,B001,BROU,0.33401283446698815,B001,BROU,0.32359853401271027,False
20270012,B001,BROU,0.2812981829868531,B001,BROU,0.276491077021876,False
20270013,B001,BROU,0.3176899498765455,B001,BROU,0.2925970541834371,False
20270014,B001,BROU,0.30296874834506743,B001,BROU,0.3419519739014239,False
20270015,B001,BROU,0.32517057839865626,B001,BROU,0.3217562893287845,False
20270016,B001,BROU,0.30512958700194676,B001,BROU,0.3625206842204623,False
20270017,B001,BROU,0.3198351031302103,B001,BROU,0.315018695834835,False
20270018,B001,BROU,0.29510480431619346,B001,BROU,0.2732775841928258,False
20270019,B001,BROU,0.31128932458926095,B001,BROU,0.2990950009623305,False
20270020,B001,BROU,0.2888069874683182,B001,BROU,0.26725104911328845,False
20270021,B001,BROU,0.30778363326067787,B001,BROU,0.32429187599601766,False
20270022,B001,BROU,0.29436661718566914,B001,BROU,0.2859549168208939,False
20270023,B001,BROU,0.3214920896832547,B001,BROU,0.31621729139657,False
20270024,B001,BROU,0.2894878047131058,B001,BROU,0.30920616139561624,False
20270025,B001,BROU,0.3212590713686155,B001,BROU,0.2941035897163531,False
20270026,B001,BROU,0.296486787055536,B001,BROU,0.3054047328257826,False
20270027,B001,BROU,0.28384459416964364,B001,BROU,0.377713517777033,False
20270028,B001,BROU,0.2860840398552807,B001,BROU,0.2664122788531888,False
20270029,B001,BROU,0.30034755795190604,B001,BROU,0.2993624912934547,False
20270030,B001,BROU,0.31658472688997236,B001,BROU,0.3311030537027984,False
20270031,B001,BROU,0.2991000776825879,B001,BROU,0.3120245946211814,False
20270032,B001,BROU,0.30684476544746,B001,BROU,0.30641128778688614,False
20270033,B001,BROU,0.30731128230610416,B001,BROU,0.32913538928580627,False
20270034,B001,BROU,0.3192675856340692,B001,BROU,0.2803493604775154,False
20270035,B001,BROU,0.31179682196829706,B001,BROU,0.30262063635635555,False
20270036,B001,BROU,0.3200789023605182,B001,BROU,0.3141698886971438,False
20270037,B001,BROU,0.3130042174619656,B001,BROU,0.22199571208187027,False
20270038,B001,BROU,0.29799642940072285,B001,BROU,0.2198165912880154,False
20270039,B001,BROU,0.2952162482374158,B001,BROU,0.3203780480003276,False
20270040,B001,BROU,0.30457413432975505,B001,BROU,0.3473609204815709,False
20270041,B001,BROU,0.3020406473092889,B001,BROU,0.2866983958613086,False
20270042,B001,BROU,0.30191818480764016,B001,BROU,0.3327662674668879,False
20270043,B001,BROU,0.28406249575284,B001,BROU,0.2920281361932003,False
20270044,B001,BROU,0.3078447371736635,B001,BROU,0.2964552501740172,False
20270045,B001,BROU,0.31465524663998345,B001,BROU,0.33122028238958023,False
20270046,B001,BROU,0.309911439727407,B001,BROU,0.31637658723997725,False
20270047,B001,BROU,0.27465944775691264,B001,BROU,0.3020067618231555,False
20270048,B001,BROU,0.29123119568270056,B001,BROU,0.19485973019059263,False
20270049,B001,BROU,0.3076247604302532,B001,BROU,0.2941944419363937,False
20270050,B001,BROU,0.2812157508673383,B001,BROU,0.2840938862671073,False
20270051,B001,BROU,0.32964835139066834,B001,BROU,0.2972830119733219,False
20270052,B001,BROU,0.28129645582780594,B001,BROU,0.3009008984182272,False
20270053,B001,BROU,0.30587480313542204,B001,BROU,0.31296590080626474,False
20270054,B001,BROU,0.3354399694293403,B001,BROU,0.3524399375708101,False
20270055,B001,BROU,0.32017830526969865,B001,BROU,0.359569615192721,False
20270056,B001,BROU,0.3127142585831402,B001,BROU,0.34170756490735255,False
20270057,B001,BROU,0.29628191576115304,B001,BROU,0.31271971508651597,False
20270058,B001,BROU,0.30353118685397373,B001,BROU,0.2950687583777195,False
20270059,B001,BROU,0.2995600160384304,B001,BROU,0.2845544148758955,False
20270060,B001,BROU,0.2879628763883911,B001,BROU,0.20938549225268746,False
20270061,B001,BROU,0.30633905003192374,B001,BROU,0.3125142842837159,False
20270062,B001,BROU,0.3227141206440591,B001,BROU,0.2983977026443322,False
20270063,B001,BROU,0.28468683167905884,B001,BROU,0.3214009018884351,False
20270064,B001,BROU,0.30633982509187513,B001,BROU,0.3133524445336069,False
20270065,B001,BROU,0.29598324046195346,B001,BROU,0.35060886206235775,False
20270066,B001,BROU,0.28170715986085215,B001,BROU,0.28197660456561935,False
20270067,B001,BROU,0.30420773962478,B001,BROU,0.3104297060175149,False
20270068,B001,BROU,0.2917950222774824,B007,Santander Uruguay,0.197348112198491,True
20270069,B001,BROU,0.29890974954702776,B001,BROU,0.30330419473787057,False
20270070,B001,BROU,0.3046023235915312,B001,BROU,0.2988472792422597,False
20270071,B001,BROU,0.31736831321662756,B001,BROU,0.2762399609217444,False
20270072,B001,BROU,0.3086981513823109,B001,BROU,0.3331724537321,False
20270073,B001,BROU,0.3111974111963234,B001,BROU,0.3121863703757976,False
20270074,B001,BROU,0.2928617150518043,B007,Santander Uruguay,0.18883635161426615,True
20270075,B001,BROU,0.2838382328018499,B001,BROU,0.2956120818685776,False
20270076,B001,BROU,0.28949953112456606,B001,BROU,0.29781136956419146,False
20270077,B001,BROU,0.2763198575168205,B001,BROU,0.31431072657437015,False
20270078,B001,BROU,0.2874006626472707,B001,BROU,0.3016271897119384,False
20270079,B001,BROU,0.280721694801688,B001,BROU,0.28856593992711654,False
20270080,B001,BROU,0.27859247559052003,B001,BROU,0.2649237621333418,False
20270081,B001,BROU,0.2928569860390819,B001,BROU,0.28723254028333844,False
20270082,B001,BROU,0.30718941217964296,B001,BROU,0.20549051077535466,False
20270083,B001,BROU,0.2954876729106667,B001,BROU,0.304952043832233,False
20270084,B001,BROU,0.2999228103958288,B001,BROU,0.305427411210916,False
20270085,B001,BROU,0.3035345034840357,B001,BROU,0.2647028198588423,False
20270086,B001,BROU,0.3167292781466608,B001,BROU,0.29755949721086833,False
20270087,B001,BROU,0.3129076663286903,B001,BROU,0.40219664971765234,False
20270088,B001,BROU,0.28367401723000524,B001,BROU,0.27976408255844004,False
20270089,B001,BROU,0.308859667597787,B001,BROU,0.28486120907983203,False
20270090,B001,BROU,0.3033535022553179,B001,BROU,0.29505247800278656,False
20270091,B001,BROU,0.3151571721573274,B001,BROU,0.30377338366836015,False
20270092,B001,BROU,0.28877752787514005,B001,BROU,0.2903153691423617,False
20270093,B001,BROU,0.3098958431814035,B001,BROU,0.3177726104131895,False
20270094,B001,BROU,0.2886707399181989,B001,BROU,0.2805835737280289,False
20270095,B001,BROU,0.29424729830423657,B001,BROU,0.2849766401930014,False
20270096,B001,BROU,0.3020997742141081,B001,BROU,0.2991396503721552,False
20270097,B001,BROU,0.2881488063962123,B001,BROU,0.28115707157860464,False
20270098,B001,BROU,0.2907165557778027,B001,BROU,0.3006003968196626,False
20270099,B001,BROU,0.29478205801426904,B001,BROU,0.294429258453643,False
20270100,B001,BROU,0.28452417939393837,B001,BROU,0.28316291055990084,False
20270101,B001,BROU,0.30371970296854967,B001,BROU,0.36345749000870575,False
20270102,B001,BROU,0.2947349206601975,B001,BROU,0.32506031352157916,False
20270103,B001,BROU,0.28366545007186955,B001,BROU,0.26751503901404283,False
20270104,B001,BROU,0.30831626238261345,B001,BROU,0.2979099353765512,False
20270105,B001,BROU,0.29188040554940825,B001,BROU,0.3011591687335459,False
20270106,B001,BROU,0.291463474408634,B001,BROU,0.26126883499478126,False
20270107,B001,BROU,0.298305902818533,B001,BROU,0.33743050584687656,False
20270108,B001,BROU,0.3071769209666132,B001,BROU,0.22063567649182192,False
20270109,B001,BROU,0.2976629476153747,B001,BROU,0.29320166862731983,False
20270110,B001,BROU,0.26995373424923447,B001,BROU,0.28166186556259504,False
20270111,B001,BROU,0.30094511590550244,B001,BROU,0.27893200802325724,False
20270112,B001,BROU,0.3128792137357016,B001,BROU,0.31617745338632125,False
20270113,B001,BROU,0.30781385191280386,B001,BROU,0.27199967192813373,False
20270114,B001,BROU,0.29470541815327184,B001,BROU,0.2911709965867962,False
20270115,B001,BROU,0.2946476201045987,B001,BROU,0.2894916926847619,False
20270116,B001,BROU,0.28927701748947776,B001,BROU,0.3464640477679616,False
20270117,B001,BROU,0.2910185655089028,B001,BROU,0.300770426852258,False
20270118,B001,BROU,0.28296242408032846,B001,BROU,0.26916531175937664,False
20270119,B001,BROU,0.3234457732510526,B001,BROU,0.32324806109172294,False
20270120,B001,BROU,0.3089967551784224,B001,BROU,0.23600098199124694,False
20270121,B001,BROU,0.3159814553144311,B001,BROU,0.32916913093991684,False
20270122,B001,BROU,0.3034894815963337,B001,BROU,0.2829007185115663,False
20270123,B001,BROU,0.2843375101758324,B001,BROU,0.30294894488769747,False
20270124,B001,BROU,0.30285274124031564,B001,BROU,0.2865739928850576,False
20270125,B001,BROU,0.31463397452432923,B001,BROU,0.2677284250064248,False
20270126,B001,BROU,0.32274246840993814,B001,BROU,0.27698245903678176,False
20270127,B001,BROU,0.32260236616896376,B001,BROU,0.3076513579408386,False
20270128,B001,BROU,0.3006852402185952,B001,BROU,0.28906345523329774,False
20270129,B001,BROU,0.28787921565508184,B001,BROU,0.2889240813223412,False
20270130,B001,BROU,0.29121957032261386,B001,BROU,0.3277673681000718,False
20270131,B001,BROU,0.31390856296491476,B001,BROU,0.3034535688986734,False
20270132,B001,BROU,0.29415267703476033,B001,BROU,0.31555905987563343,False
20270133,B001,BROU,0.2994985326823428,B001,BROU,0.3037176088616961,False
20270134,B001,BROU,0.32982259979294515,B001,BROU,0.31413628282724915,False
20270135,B001,BROU,0.2974701400519153,B001,BROU,0.28214634334639066,False
20270136,B001,BROU,0.27493306486039243,B001,BROU,0.2677346321754103,False
20270137,B001,BROU,0.34483428272505945,B001,BROU,0.3625099980500423,False
20270138,B001,BROU,0.32543022849978637,B001,BROU,0.31206948378987387,False
20270139,B001,BROU,0.3026003602793031,B001,BROU,0.3239945327064645,False
20270140,B001,BROU,0.30034310277825826,B001,BROU,0.28704925692793304,False
20270141,B001,BROU,0.3009196328502827,B001,BROU,0.3367679783358768,False
20270142,B001,BROU,0.2991930862056462,B001,BROU,0.2856467374918848,False
20270143,B001,BROU,0.29547896724060185,B001,BROU,0.3496344107487955,False
20270144,B001,BROU,0.2932506418278836,B001,BROU,0.27348800284088726,False
20270145,B001,BROU,0.3338678038570013,B001,BROU,0.3323089529275545,False
20270146,B001,BROU,0.3059417864008435,B001,BROU,0.2736167948194895,False
20270147,B001,BROU,0.2832161712140517,B001,BROU,0.29350790615682665,False
20270148,B001,BROU,0.2962225914040107,B001,BROU,0.3002860818332048,False
20270149,B001,BROU,0.27888799778886475,B001,BROU,0.2929201815396639,False
20270150,B001,BROU,0.3066235087770831,B001,BROU,0.2822627391258116,False
20270151,B001,BROU,0.256660828565898,B001,BROU,0.2901805140847445,False
20270152,B001,BROU,0.32944366826865,B001,BROU,0.2644882611110784,False
20270153,B001,BROU,0.3041382342037756,B001,BROU,0.2987999432089726,False
20270154,B001,BROU,0.30442553011814416,B001,BROU,0.28061256841515814,False
20270155,B001,BROU,0.3116165305728479,B001,BROU,0.33336135630012304,False
20270156,B001,BROU,0.3226727337636496,B001,BROU,0.2991975901694404,False
20270157,B001,BROU,0.315310861480865,B001,BROU,0.3122208667295249,False
20270158,B001,BROU,0.2920230174475841,B001,BROU,0.28513896077632844,False
20270159,B001,BROU,0.31386862987905406,B001,BROU,0.30132266000991675,False
20270160,B001,BROU,0.26529810600256554,B001,BROU,0.2556845944550611,False
20270161,B001,BROU,0.3133996765021094,B001,BROU,0.2989998011556773,False
20270162,B001,BROU,0.32860516687314334,B001,BROU,0.3281802798204775,False
20270163,B001,BROU,0.3006067459515364,B001,BROU,0.3040624985942989,False
20270164,B001,BROU,0.3083278919453234,B001,BROU,0.306781299432747,False
20270165,B001,BROU,0.2962530776807806,B001,BROU,0.2800630500076833,False
20270166,B001,BROU,0.2835695843062019,B001,BROU,0.3064944970632108,False
20270167,B001,BROU,0.2879262289698049,B001,BROU,0.3302008313135345,False
20270168,B001,BROU,0.34022644721541917,B001,BROU,0.343515642985846,False
20270169,B001,BROU,0.30515496850133594,B001,BROU,0.3299641597838846,False
20270170,B001,BROU,0.292629860178525,B001,BROU,0.3005681286025863,False
20270171,B001,BROU,0.32171302206861385,B001,BROU,0.299137841637457,False
20270172,B001,BROU,0.3063832737215432,B001,BROU,0.2809772710139809,False
20270173,B001,BROU,0.3208541076210805,B001,BROU,0.2817824806254071,False
20270174,B001,BROU,0.3144014551976067,B001,BROU,0.33077986014397454,False
20270175,B001,BROU,0.31162706145040375,B001,BROU,0.28943188713463325,False
20270176,B001,BROU,0.3022786698592573,B001,BROU,0.301814871454687,False
20270177,B001,BROU,0.29160908701717564,B001,BROU,0.2838815503967192,False
20270178,B001,BROU,0.30334763498666184,B001,BROU,0.31266763307469236,False
20270179,B001,BROU,0.30646000743917445,B001,BROU,0.2706828635068072,False
20270180,B001,BROU,0.3349074697599433,B001,BROU,0.35955028946733303,False
20270181,B001,BROU,0.3142149708525458,B001,BROU,0.3533419590602227,False
20270182,B001,BROU,0.2746645979935376,B001,BROU,0.25003822330217,False
20270183,B001,BROU,0.30053655904528254,B001,BROU,0.32669377082262235,False
20270184,B001,BROU,0.29858348242805477,B001,BROU,0.18924747029595385,False
20270185,B001,BROU,0.30007018812210334,B001,BROU,0.293576888623472,False
20270186,B001,BROU,0.3046063988477862,B001,BROU,0.3111753021530804,False
20270187,B001,BROU,0.2943383953819698,B001,BROU,0.26229978823402833,False
20270188,B001,BROU,0.30361538153213946,B001,BROU,0.33526394047268926,False
20270189,B001,BROU,0.29288381136882896,B001,BROU,0.29419354776769346,False
20270190,B001,BROU,0.3179308821263901,B001,BROU,0.3483920189849172,False
20270191,B001,BROU,0.2957169133721134,B001,BROU,0.2782462614789154,False
20270192,B001,BROU,0.32397687663014585,B001,BROU,0.32216255037912295,False
20270193,B001,BROU,0.302964277801705,B001,BROU,0.31989107858918925,False
20270194,B001,BROU,0.32151614040337584,B001,BROU,0.3006685102452289,False
20270195,B001,BROU,0.30397081759249645,B001,BROU,0.30622451233878967,False
20270196,B001,BROU,0.27932272254920226,B001,BROU,0.2781393606760366,False
20270197,B001,BROU,0.3037212550020232,B001,BROU,0.32776243239308517,False
20270198,B001,BROU,0.3011593518797566,B001,BROU,0.3146487959907403,False
20270199,B001,BROU,0.3089655822398584,B001,BROU,0.33148588776091376,False
20270200,B001,BROU,0.3132752658327486,B001,BROU,0.2780520697454974,False
20270201,B001,BROU,0.2772965895525239,B006,Itaú Uruguay,0.18177551020264887,True
20270202,B001,BROU,0.2898376750943183,B001,BROU,0.29489951400441183,False
20270203,B001,BROU,0.28422709357106246,B001,BROU,0.2910057793452208,False
20270204,B001,BROU,0.31287825231539995,B001,BROU,0.33262039573702884,False
20270205,B001,BROU,0.32603144202738904,B001,BROU,0.3036989922602555,False
20270206,B001,BROU,0.2981182280505413,B001,BROU,0.29298489670666256,False
20270207,B001,BROU,0.30843497829742894,B001,BROU,0.37621271040354504,False
20270208,B001,BROU,0.28991749972875697,B001,BROU,0.29058230493979686,False
20270209,B001,BROU,0.2692891480857095,B001,BROU,0.24352014840519687,False
20270210,B001,BROU,0.2793997245901677,B007,Santander Uruguay,0.1880975097688099,True
20270211,B001,BROU,0.28734535932720295,B001,BROU,0.3294775927764274,False
20270212,B001,BROU,0.2690914616251934,B001,BROU,0.2683368750064908,False
20270213,B001,BROU,0.3012082741017229,B001,BROU,0.30226849849461307,False
20270214,B001,BROU,0.306202510207555,B006,Itaú Uruguay,0.20129757531292386,True
20270215,B001,BROU,0.2996671055868876,B001,BROU,0.26668347384883184,False
20270216,B001,BROU,0.29878446156708865,B001,BROU,0.27500956721869785,False
20270217,B001,BROU,0.27380823356334666,B001,BROU,0.2584974596517731,False
20270218,B001,BROU,0.306306345038411,B001,BROU,0.2536782385379201,False
20270219,B001,BROU,0.3094307064079574,B001,BROU,0.312345428842276,False
20270220,B001,BROU,0.29724606219183247,B001,BROU,0.3035958148375027,False
20270221,B001,BROU,0.283591454287818,B001,BROU,0.2807545205429358,False
20270222,B001,BROU,0.31438968867418493,B001,BROU,0.32312750482199615,False
20270223,B001,BROU,0.2895379235746157,B001,BROU,0.296636146372735,False
20270224,B001,BROU,0.3047994418629336,B001,BROU,0.28559241860700535,False
20270225,B001,BROU,0.294830404562001,B001,BROU,0.3077898431796146,False
20270226,B001,BROU,0.28277515161334077,B001,BROU,0.35710463281245125,False
20270227,B001,BROU,0.28385914724531003,B001,BROU,0.26966960662462264,False
20270228,B001,BROU,0.2828003882528139,B001,BROU,0.2691604519838147,False
20270229,B001,BROU,0.3040567409859423,B001,BROU,0.309471004145906,False
20270230,B001,BROU,0.287930855949359,B001,BROU,0.2695437365066764,False
20270231,B001,BROU,0.2852652810615651,B001,BROU,0.277893855621308,False
20270232,B001,BROU,0.30944941638760504,B001,BROU,0.3226668266742392,False
20270233,B001,BROU,0.325606329377228,B001,BROU,0.3901388778560755,False
20270234,B001,BROU,0.32508386323465327,B001,BROU,0.31448015883183594,False
20270235,B001,BROU,0.30895924598411806,B001,BROU,0.31087273166057283,False
20270236,B001,BROU,0.2930663986399588,B001,BROU,0.28678344116092913,False
20270237,B001,BROU,0.28795499244429146,B001,BROU,0.3210216416617916,False
20270238,B001,BROU,0.3202578716135931,B001,BROU,0.3169098595482421,False
20270239,B001,BROU,0.3062372327014544,B001,BROU,0.2830882138924092,False
20270240,B001,BROU,0.29566294841898394,B001,BROU,0.28371989284001387,False
20270241,B001,BROU,0.29688538234819667,B001,BROU,0.3041980883525313,False
20270242,B001,BROU,0.3092589248393391,B001,BROU,0.30744151669417097,False
20270243,B001,BROU,0.28292820630035675,B001,BROU,0.28382892457697123,False
20270244,B001,BROU,0.2731188507171646,B001,BROU,0.2727039122678657,False
20270245,B001,BROU,0.3024798420020267,B001,BROU,0.2825570707542687,False
20270246,B001,BROU,0.28710936487263233,B001,BROU,0.3029378588178285,False
20270247,B001,BROU,0.3007260557627024,B001,BROU,0.28643508936401696,False
20270248,B001,BROU,0.3116670123839282,B001,BROU,0.2917715222007634,False
20270249,B001,BROU,0.29305669730553957,B001,BROU,0.28722874099625434,False
20270250,B001,BROU,0.3103243618452379,B001,BROU,0.29371584008399015,False
20270251,B001,BROU,0.2763618477406408,B001,BROU,0.28741795551954485,False
20270252,B001,BROU,0.29596830369334653,B001,BROU,0.3074778517241829,False
20270253,B001,BROU,0.3044372621297778,B001,BROU,0.27997018505487553,False
20270254,B001,BROU,0.3235917068056918,B001,BROU,0.32497176193493055,False
20270255,B001,BROU,0.3321838457424868,B001,BROU,0.3402409998098863,False
20270256,B001,BROU,0.33182999819324044,B001,BROU,0.3264711640523637,False
20270257,B001,BROU,0.29780145240569067,B001,BROU,0.3196142657565739,False
20270258,B001,BROU,0.3438369434119348,B001,BROU,0.33608424072448545,False
20270259,B001,BROU,0.3046138760410376,B001,BROU,0.28537727237401195,False
20270260,B001,BROU,0.28166674997294955,B001,BROU,0.28679194158956783,False
20270261,B001,BROU,0.2765083060743208,B001,BROU,0.28497573607524934,False
20270262,B001,BROU,0.3062998486814349,B001,BROU,0.3306600811117059,False
20270263,B001,BROU,0.3238345503669473,B001,BROU,0.33997270378274924,False
20270264,B001,BROU,0.29897916583851314,B001,BROU,0.2878252084874688,False
20270265,B001,BROU,0.3185400390367244,B001,BROU,0.32730388257139487,False
20270266,B001,BROU,0.29351750889038447,B007,Santander Uruguay,0.19677400869321376,True
20270267,B001,BROU,0.30575920332212864,B001,BROU,0.27324887193646585,False
20270268,B001,BROU,0.295567428689665,B001,BROU,0.2914004920434553,False
20270269,B001,BROU,0.29385298767820917,B001,BROU,0.281829784245873,False
20270270,B001,BROU,0.27486163451274065,B001,BROU,0.29005134712185887,False
20270271,B001,BROU,0.3080343187288888,B001,BROU,0.20821645937047925,False
20270272,B001,BROU,0.2843034581968662,B001,BROU,0.3072905442069852,False
20270273,B001,BROU,0.2897043666975809,B001,BROU,0.29072914131385236,False
20270274,B001,BROU,0.30178978881571095,B001,BROU,0.28404435022238067,False
20270275,B001,BROU,0.28238721974026926,B001,BROU,0.29445964355652804,False
20270276,B001,BROU,0.30528643382557785,B001,BROU,0.33859180946275563,False
20270277,B001,BROU,0.28921477584426225,B001,BROU,0.2943427693142335,False
20270278,B001,BROU,0.2865089176484338,B001,BROU,0.2801524790511617,False
20270279,B001,BROU,0.3003453937819483,B001,BROU,0.3416262394601804,False
20270280,B001,BROU,0.2730075299075933,B001,BROU,0.303231100606993,False
20270281,B001,BROU,0.3010097363899811,B001,BROU,0.29643476860295065,False
20270282,B001,BROU,0.31071757680364387,B001,BROU,0.33464493607918633,False
20270283,B001,BROU,0.3081973079193398,B001,BROU,0.3074595219740959,False
20270284,B001,BROU,0.29899925970860136,B001,BROU,0.308759879008306,False
20270285,B001,BROU,0.3321582887632477,B001,BROU,0.3320930205878745,False
20270286,B001,BROU,0.3043017155225485,B001,BROU,0.3075507752080332,False
20270287,B001,BROU,0.3160216896177404,B001,BROU,0.31641133195322074,False
20270288,B001,BROU,0.32519049755516116,B001,BROU,0.2677376182489536,False
20270289,B001,BROU,0.3106356740839838,B001,BROU,0.3323535580448979,False
20270290,B001,BROU,0.291086457371066,B001,BROU,0.30712273779005544,False
20270291,B001,BROU,0.3130959001538099,B001,BROU,0.30475595020232465,False
20270292,B001,BROU,0.3105546595437364,B001,BROU,0.3102175896323265,False
20270293,B001,BROU,0.2793937037961852,B001,BROU,0.2850941831861934,False
20270294,B001,BROU,0.3090790969810221,B001,BROU,0.29575939372117593,False
20270295,B001,BROU,0.3198142232409976,B001,BROU,0.2897961598968892,False
20270296,B001,BROU,0.30188835377144413,B001,BROU,0.26583337366425114,False
20270297,B001,BROU,0.30669121753392437,B001,BROU,0.3068574148147671,False
20270298,B001,BROU,0.3000333652252338,B001,BROU,0.3039358957833389,False
20270299,B001,BROU,0.2999845063664626,B001,BROU,0.20288208884526848,False
20270300,B001,BROU,0.30801289331156045,B001,BROU,0.3335274721388694,False
20270301,B001,BROU,0.2860264963372844,B001,BROU,0.308204995438653,False
20270302,B001,BROU,0.2968520257674814,B001,BROU,0.2786955764475329,False
20270303,B001,BROU,0.3189512928366518,B001,BROU,0.32509291012410013,False
20270304,B001,BROU,0.28739424744307734,B001,BROU,0.2924251197807317,False
20270305,B001,BROU,0.33070404718777024,B001,BROU,0.29784517081047246,False
20270306,B001,BROU,0.31157936123227814,B001,BROU,0.3090009871005124,False
20270307,B001,BROU,0.30611873881507157,B001,BROU,0.31020035878019453,False
20270308,B001,BROU,0.2796519401585647,B001,BROU,0.24707355551630153,False
20270309,B001,BROU,0.33252722836376114,B001,BROU,0.3138786566749864,False
20270310,B001,BROU,0.3140687626138915,B001,BROU,0.3904703144163317,False
20270311,B001,BROU,0.3192239241429101,B001,BROU,0.29904258625753827,False
20270312,B001,BROU,0.30635231505752053,B001,BROU,0.32304674562261687,False
20270313,B001,BROU,0.30144311443643934,B001,BROU,0.2893305812938235,False
20270314,B001,BROU,0.29979066852830377,B001,BROU,0.3279000437102949,False
20270315,B001,BROU,0.3066408520613907,B001,BROU,0.29726097832326215,False
20270316,B001,BROU,0.3121065131085148,B001,BROU,0.3365309135890251,False
20270317,B001,BROU,0.3209091898848735,B001,BROU,0.3232343683955511,False
20270318,B001,BROU,0.2665339306544824,B001,BROU,0.27998358497949577,False
20270319,B001,BROU,0.31475180257970947,B001,BROU,0.30474942869848354,False
20270320,B001,BROU,0.30799568680845046,B001,BROU,0.30794282245859506,False
20270321,B001,BROU,0.2954077262802463,B001,BROU,0.2835997803543329,False
20270322,B001,BROU,0.2945524970751524,B001,BROU,0.2942427170602243,False
20270323,B001,BROU,0.3253156799632069,B001,BROU,0.29009878576421366,False
20270324,B001,BROU,0.32433866431958447,B001,BROU,0.311043613213197,False
20270325,B001,BROU,0.29151884334025735,B001,BROU,0.27048460605029995,False
20270326,B001,BROU,0.27698498900885765,B001,BROU,0.27246633861751157,False
20270327,B001,BROU,0.29142395730444987,B001,BROU,0.3078967536149154,False
20270328,B001,BROU,0.28644462684250016,B001,BROU,0.30026511134753436,False
20270329,B001,BROU,0.29531965285857337,B001,BROU,0.2987331564310321,False
20270330,B001,BROU,0.297412971290656,B001,BROU,0.2942148226825322,False
20270331,B001,BROU,0.28960954308016323,B001,BROU,0.2822896443659301,False
20270332,B001,BROU,0.2978665651811747,B001,BROU,0.2912639920138083,False
20270333,B001,BROU,0.283786247026938,B001,BROU,0.305017976966401,False
20270334,B001,BROU,0.2991132243131984,B001,BROU,0.31162346770430105,False
20270335,B001,BROU,0.2969296777324941,B001,BROU,0.2916363158343458,False
20270336,B001,BROU,0.3070135281030541,B001,BROU,0.2913626063394616,False
20270337,B001,BROU,0.2871180346213058,B001,BROU,0.29455449727282734,False
20270338,B001,BROU,0.2880508756192153,B001,BROU,0.2723945251468204,False
20270339,B001,BROU,0.3119750173919026,B001,BROU,0.3498500209659541,False
20270340,B001,BROU,0.3029098176150629,B001,BROU,0.2888594922214402,False
20270341,B001,BROU,0.315371924997942,B001,BROU,0.3349106697098786,False
20270342,B001,BROU,0.31162477513666176,B001,BROU,0.28768590675006983,False
20270343,B001,BROU,0.31245216793249586,B001,BROU,0.3223625816362599,False
20270344,B001,BROU,0.28240241540643984,B001,BROU,0.3263372206119859,False
20270345,B001,BROU,0.2977684522562125,B001,BROU,0.28867516523893305,False
20270346,B001,BROU,0.30548302573297637,B001,BROU,0.30575819512566094,False
20270347,B001,BROU,0.320143943829738,B001,BROU,0.34992917156693804,False
20270348,B001,BROU,0.2859632402803103,B001,BROU,0.29220500841600855,False
20270349,B001,BROU,0.321249326241862,B001,BROU,0.3511002936596224,False
20270350,B001,BROU,0.30062621412118695,B001,BROU,0.30229290460840624,False
20270351,B001,BROU,0.31722959536040923,B001,BROU,0.3258630547481865,False
20270352,B001,BROU,0.29150431186712045,B001,BROU,0.2992118006111563,False
20270353,B001,BROU,0.3086928607470538,B001,BROU,0.30594486414152455,False
20270354,B001,BROU,0.28783788810017125,B001,BROU,0.2744659343290848,False
20270355,B001,BROU,0.3253787255605822,B001,BROU,0.31370026965307796,False
20270356,B001,BROU,0.31615471902026226,B001,BROU,0.27633826618426954,False
20270357,B001,BROU,0.27079953399523693,B001,BROU,0.28515756637572004,False
20270358,B001,BROU,0.3045554848987366,B001,BROU,0.3094074338425198,False
20270359,B001,BROU,0.28716404927415773,B001,BROU,0.3032410395927743,False
20270360,B001,BROU,0.2927402564313111,B001,BROU,0.2929032606268341,False
20270361,B001,BROU,0.29577618550142015,B001,BROU,0.31210247716789924,False
20270362,B001,BROU,0.3137263289240779,B001,BROU,0.3265008186506461,False
20270363,B001,BROU,0.30550055035019286,B001,BROU,0.31058735033129387,False
20270364,B001,BROU,0.2780049817618066,B001,BROU,0.3017492930320547,False
20270365,B001,BROU,0.30160932503522675,B001,BROU,0.2981879341047354,False
20270366,B001,BROU,0.3141141870631855,B001,BROU,0.34584610240427727,False
20270367,B001,BROU,0.3056004947880733,B001,BROU,0.31530712429589686,False
20270368,B001,BROU,0.28936565187847985,B001,BROU,0.2696911812132823,False
20270369,B001,BROU,0.29528823603727705,B001,BROU,0.3568247933797117,False
20270370,B001,BROU,0.33106753122468113,B001,BROU,0.30541567424412536,False
20270371,B001,BROU,0.30024964768639395,B001,BROU,0.29103330862284826,False
20270372,B001,BROU,0.3075487142275868,B001,BROU,0.29860822315059354,False
20270373,B001,BROU,0.2929866508705954,B001,BROU,0.3255692165866062,False
20270374,B001,BROU,0.3093446618585596,B001,BROU,0.3349406129285424,False
20270375,B001,BROU,0.2961776197538289,B001,BROU,0.31399503680979707,False
20270376,B001,BROU,0.29759979591597857,B001,BROU,0.2915822760288543,False
20270377,B001,BROU,0.2913208113101852,B001,BROU,0.30708495313203443,False
20270378,B001,BROU,0.3089271680742042,B001,BROU,0.30069040459366386,False
20270379,B001,BROU,0.2928221326214429,B001,BROU,0.3584402553634017,False
20270380,B001,BROU,0.3084325057482654,B001,BROU,0.25054544247197136,False
20270381,B001,BROU,0.32832907162276725,B001,BROU,0.3261898697425172,False
20270382,B001,BROU,0.29908707608918794,B001,BROU,0.2973398290935595,False
20270383,B001,BROU,0.3252681016726534,B001,BROU,0.3289467234035119,False
20270384,B001,BROU,0.27904337869717777,B001,BROU,0.27884959605422033,False
20270385,B001,BROU,0.30633715175724857,B001,BROU,0.24375995063756878,False
20270386,B001,BROU,0.3086255334936119,B001,BROU,0.22895086288029354,False
20270387,B001,BROU,0.29869515916223743,B001,BROU,0.3228491421622178,False
20270388,B001,BROU,0.30573678798129234,B001,BROU,0.30071606976348214,False
20270389,B001,BROU,0.3200247165596604,B001,BROU,0.31908592696029636,False
20270390,B001,BROU,0.30002800897149,B001,BROU,0.3010347937500212,False
20270391,B001,BROU,0.29917062045285,B001,BROU,0.33103183273939124,False
20270392,B001,BROU,0.2848953325378327,B001,BROU,0.2791782420180803,False
20270393,B001,BROU,0.2716424565260561,B001,BROU,0.22767795716974593,False
20270394,B001,BROU,0.2997278137566456,B001,BROU,0.29889055478551685,False
20270395,B001,BROU,0.31359614762024746,B001,BROU,0.31610231158628604,False
20270396,B001,BROU,0.31173891241312424,B001,BROU,0.28392347784969096,False
20270397,B001,BROU,0.3231776099369431,B001,BROU,0.3213235788771949,False
20270398,B001,BROU,0.28133678742203894,B001,BROU,0.29902226790091374,False
20270399,B001,BROU,0.3085293080323391,B001,BROU,0.3060375131959866,False
20270400,B001,BROU,0.2806322594677874,B001,BROU,0.29301058173972855,False
20270401,B001,BROU,0.28574554209962766,B001,BROU,0.2817901597292271,False
20270402,B001,BROU,0.3114279137806098,B001,BROU,0.3014590617594434,False
20270403,B001,BROU,0.2987670860235753,B001,BROU,0.32650884271603253,False
20270404,B001,BROU,0.30878199389683414,B001,BROU,0.2875852561805472,False
20270405,B001,BROU,0.30662221792036176,B001,BROU,0.3754997690115682,False
20270406,B001,BROU,0.28950937011992983,B001,BROU,0.2927246941644247,False
20270407,B001,BROU,0.28430518558190604,B001,BROU,0.3046975371848531,False
20270408,B001,BROU,0.3430339406041885,B001,BROU,0.34717931609712577,False
20270409,B001,BROU,0.3206375956805792,B001,BROU,0.2346326490243834,False
20270410,B001,BROU,0.2898322398535155,B001,BROU,0.27008835047062996,False
20270411,B001,BROU,0.3025239336060754,B001,BROU,0.30235135825061593,False
20270412,B001,BROU,0.3206033788279241,B001,BROU,0.32293538698210145,False
20270413,B001,BROU,0.3214142652792264,B001,BROU,0.34012678149175085,False
20270414,B001,BROU,0.2984695907970991,B001,BROU,0.27335090238938037,False
20270415,B001,BROU,0.28769764165059736,B001,BROU,0.2742937614892543,False
20270416,B001,BROU,0.28075264191008653,B001,BROU,0.28838411295504346,False
20270417,B001,BROU,0.2984934814141641,B001,BROU,0.2818614860139151,False
20270418,B001,BROU,0.2890556267106217,B001,BROU,0.295643397513093,False
20270419,B001,BROU,0.29188264589092117,B001,BROU,0.3033880607524998,False
20270420,B001,BROU,0.32309625395411434,B001,BROU,0.3035418597259007,False
20270421,B001,BROU,0.30787028460908045,B001,BROU,0.31660394940496694,False
20270422,B001,BROU,0.3032862195353801,B001,BROU,0.3113925237181489,False
20270423,B001,BROU,0.30024886315823773,B001,BROU,0.3247421548953522,False
20270424,B001,BROU,0.3179996112454344,B001,BROU,0.31181339639692957,False
20270425,B001,BROU,0.31105997573641037,B001,BROU,0.316615464313077,False
20270426,B001,BROU,0.2832172962547373,B001,BROU,0.285723124081804,False
20270427,B001,BROU,0.3063924989300739,B001,BROU,0.32170650036811627,False
20270428,B001,BROU,0.3252124822451632,B001,BROU,0.30492177969496886,False
20270429,B001,BROU,0.27865084702975407,B001,BROU,0.2583751232385791,False
20270430,B001,BROU,0.29351750286376704,B001,BROU,0.3006941022478444,False
20270431,B001,BROU,0.2729002642886473,B001,BROU,0.28431588921937667,False
20270432,B001,BROU,0.281391440303841,B001,BROU,0.2625092508894967,False
20270433,B001,BROU,0.307535114799971,B001,BROU,0.28235692708398097,False
20270434,B001,BROU,0.32050876847693427,B001,BROU,0.34826212170663207,False
20270435,B001,BROU,0.3202956348070782,B001,BROU,0.29305090188480293,False
20270436,B001,BROU,0.2828415330163963,B001,BROU,0.27739041313924534,False
20270437,B001,BROU,0.32537664344097794,B001,BROU,0.28702789934512973,False
20270438,B001,BROU,0.2935824212974533,B001,BROU,0.29055344988598164,False
20270439,B001,BROU,0.3200358063142838,B001,BROU,0.3206416065670723,False
20270440,B001,BROU,0.3137725891106322,B001,BROU,0.3331438192752101,False
20270441,B001,BROU,0.28319672791245104,B001,BROU,0.3464059080594251,False
20270442,B001,BROU,0.29638452842667157,B001,BROU,0.32885327653501506,False
20270443,B001,BROU,0.3076570514380081,B001,BROU,0.2956156722672723,False
20270444,B001,BROU,0.3272474698284794,B001,BROU,0.2918375443038861,False
20270445,B001,BROU,0.30580657160211316,B001,BROU,0.3266963365288515,False
20270446,B001,BROU,0.279492948879842,B001,BROU,0.3051682962625614,False
20270447,B001,BROU,0.2911460024843227,B001,BROU,0.2873723693334424,False
20270448,B001,BROU,0.30701696672349454,B001,BROU,0.28614641028413257,False
20270449,B001,BROU,0.33000925382966617,B001,BROU,0.3182181680299836,False
20270450,B001,BROU,0.2758066383658144,B001,BROU,0.2968941195594647,False
20270451,B001,BROU,0.3107974848381049,B001,BROU,0.2879412650878628,False
20270452,B001,BROU,0.344533525463504,B001,BROU,0.3567330134792074,False
20270453,B001,BROU,0.31188378883334966,B001,BROU,0.32063087039219834,False
20270454,B001,BROU,0.32477600337383866,B001,BROU,0.3121859940238009,False
20270455,B001,BROU,0.2976850097478554,B001,BROU,0.2638035424307411,False
20270456,B001,BROU,0.313001084235504,B001,BROU,0.34329897786822944,False
20270457,B001,BROU,0.28653632105635773,B001,BROU,0.3017165723203408,False
20270458,B001,BROU,0.3044341918418224,B001,BROU,0.3011924190122934,False
20270459,B001,BROU,0.3280222145701952,B001,BROU,0.3491754038337118,False
20270460,B001,BROU,0.3035628935171251,B001,BROU,0.25853481732975064,False
20270461,B001,BROU,0.2699545982507316,B007,Santander Uruguay,0.2581365083459101,True
20270462,B001,BROU,0.27108080763486686,B001,BROU,0.2638773742138689,False
20270463,B001,BROU,0.32803822258177195,B001,BROU,0.2686591255595313,False
20270464,B001,BROU,0.34184958002255417,B001,BROU,0.2907788259163412,False
20270465,B001,BROU,0.29535321115130103,B001,BROU,0.3003114666415852,False
20270466,B001,BROU,0.2819065659572634,B001,BROU,0.27910177807474323,False
20270467,B001,BROU,0.28788094317841806,B001,BROU,0.24925075752472536,False
20270468,B001,BROU,0.2902521959138249,B001,BROU,0.29891202757933394,False
20270469,B001,BROU,0.2750863030212366,B001,BROU,0.2371530342540234,False
20270470,B001,BROU,0.30867309374211294,B001,BROU,0.325955714747277,False
20270471,B001,BROU,0.3111654513285277,B001,BROU,0.3467897016753159,False
20270472,B001,BROU,0.3255315617697021,B001,BROU,0.360291144293859,False
20270473,B001,BROU,0.2857960180547684,B001,BROU,0.2862348613225519,False
20270474,B001,BROU,0.29990396156491805,B001,BROU,0.2867336572641439,False
20270475,B001,BROU,0.29621233205183095,B001,BROU,0.2754370783452514,False
20270476,B001,BROU,0.28373376300071185,B001,BROU,0.29198727977250194,False
20270477,B001,BROU,0.297034869425971,B001,BROU,0.2824519089953358,False
20270478,B001,BROU,0.29728670194481716,B001,BROU,0.3151771551152982,False
20270479,B001,BROU,0.2985267721468472,B001,BROU,0.28502779927596406,False
20270480,B001,BROU,0.2940083225788659,B001,BROU,0.2930958435226291,False
20270481,B001,BROU,0.29126159877907937,B007,Santander Uruguay,0.20394121158179512,True
20270482,B001,BROU,0.3039709433909421,B001,BROU,0.32942000450422976,False
20270483,B001,BROU,0.29581367839204714,B001,BROU,0.2974180394095538,False
20270484,B001,BROU,0.3341645894307654,B001,BROU,0.33421047725685527,False
20270485,B001,BROU,0.2789529512114784,B001,BROU,0.2644301998786874,False
20270486,B001,BROU,0.2686949371427249,B001,BROU,0.29403023000409273,False
20270487,B001,BROU,0.31963537043803364,B001,BROU,0.30173768172489424,False
20270488,B001,BROU,0.2796329211205549,B001,BROU,0.2807460523581856,False
20270489,B001,BROU,0.2852472545800081,B001,BROU,0.30481441862074493,False
20270490,B001,BROU,0.3205951170298526,B001,BROU,0.31191222675772334,False
20270491,B001,BROU,0.29106084723707976,B001,BROU,0.28156439194458216,False
20270492,B001,BROU,0.310828867121954,B001,BROU,0.2834966588753488,False
20270493,B001,BROU,0.2996337208558185,B001,BROU,0.3109237810166653,False
20270494,B001,BROU,0.2957871532486789,B001,BROU,0.280390761767792,False
20270495,B001,BROU,0.30163887833884523,B001,BROU,0.2810994440338293,False
20270496,B001,BROU,0.3074094683867407,B001,BROU,0.28578349969497135,False
20270497,B001,BROU,0.2851638561176922,B001,BROU,0.30179333148886367,False
20270498,B001,BROU,0.3092061854136226,B001,BROU,0.3373772309410557,False
20270499,B001,BROU,0.2946204060784068,B001,BROU,0.2604314787345009,False
20270500,B001,BROU,0.3227371015096191,B001,BROU,0.3508656389355487,False
20270501,B001,BROU,0.31036236796076294,B001,BROU,0.3145279066371569,False
20270502,B001,BROU,0.28742459643725904,B001,BROU,0.30253168794952123,False
20270503,B001,BROU,0.29515717031942473,B001,BROU,0.28303664449796356,False
20270504,B001,BROU,0.32728197512635715,B001,BROU,0.30763839129806175,False
20270505,B001,BROU,0.3033940755643979,B001,BROU,0.3655491641411019,False
20270506,B001,BROU,0.29683017095408604,B001,BROU,0.3834226133192303,False
20270507,B001,BROU,0.31466645510639035,B001,BROU,0.3457044765094237,False
20270508,B001,BROU,0.3054620393321251,B001,BROU,0.30730051378106094,False
20270509,B001,BROU,0.30635013868453503,B001,BROU,0.30392259900608676,False
20270510,B001,BROU,0.302433770979264,B001,BROU,0.2777071098266361,False
20270511,B001,BROU,0.30263970609892327,B001,BROU,0.23082878089352551,False
20270512,B001,BROU,0.3128698514226586,B001,BROU,0.2922794919842354,False
20270513,B001,BROU,0.3152438519573796,B001,BROU,0.35352623023993557,False
20270514,B001,BROU,0.31631931799047613,B001,BROU,0.26491109518230616,False
20270515,B001,BROU,0.2933748192346764,B001,BROU,0.27510373864675486,False
20270516,B001,BROU,0.28945527397377724,B001,BROU,0.3259929537843664,False
20270517,B001,BROU,0.3271924760170763,B001,BROU,0.3113796138685396,False
20270518,B001,BROU,0.28724346302201104,B001,BROU,0.2785202382342932,False
20270519,B001,BROU,0.30136021301130117,B001,BROU,0.30894870877869035,False
20270520,B001,BROU,0.30675712459764093,B001,BROU,0.3458248969054624,False
20270521,B001,BROU,0.3055690145745134,B001,BROU,0.20566481106010479,False
20270522,B001,BROU,0.2968047879848349,B001,BROU,0.30878016481144266,False
20270523,B001,BROU,0.3143830165542016,B001,BROU,0.31760655734427196,False
20270524,B001,BROU,0.3133520884854526,B001,BROU,0.3154666468116588,False
20270525,B001,BROU,0.32370145714978715,B001,BROU,0.34183906545345744,False
20270526,B001,BROU,0.30729091625775207,B001,BROU,0.3016771243215221,False
20270527,B001,BROU,0.2886156214144401,B001,BROU,0.29114464890076003,False
20270528,B001,BROU,0.33050373613431094,B001,BROU,0.2995437385838534,False
20270529,B001,BROU,0.3143860254918219,B001,BROU,0.2884462176730519,False
20270530,B001,BROU,0.29856643923769743,B001,BROU,0.28305678368432907,False
20270531,B001,BROU,0.2996104269133625,B001,BROU,0.3108574203105001,False
20270532,B001,BROU,0.28482959764599247,B001,BROU,0.2749725681935823,False
20270533,B001,BROU,0.2788263878653515,B001,BROU,0.2547991502583147,False
20270534,B001,BROU,0.288072493892253,B001,BROU,0.3010278894052465,False
20270535,B001,BROU,0.30256451507317517,B001,BROU,0.2845281852092712,False
20270536,B001,BROU,0.3133393123634771,B001,BROU,0.3096971897523832,False
20270537,B001,BROU,0.3140354680424315,B001,BROU,0.33739917501203315,False
20270538,B001,BROU,0.3025571102765108,B001,BROU,0.29984361569558343,False
20270539,B001,BROU,0.3187196347770147,B001,BROU,0.31366295091802016,False
20270540,B001,BROU,0.293438863731191,B001,BROU,0.2527064576753103,False
20270541,B001,BROU,0.3010479580841539,B001,BROU,0.32160591984216974,False
20270542,B001,BROU,0.31353867869140384,B001,BROU,0.3575511282994056,False
20270543,B001,BROU,0.28547157413257307,B001,BROU,0.26517917033582256,False
20270544,B001,BROU,0.30281148634874266,B001,BROU,0.29026078693199825,False
20270545,B001,BROU,0.27863890494333554,B007,Santander Uruguay,0.20548484760392935,True
20270546,B001,BROU,0.32920009356083163,B001,BROU,0.3018516279207933,False
20270547,B001,BROU,0.27868048554299407,B001,BROU,0.2834914949076175,False
20270548,B001,BROU,0.29751102848409555,B001,BROU,0.29862828157161797,False
20270549,B001,BROU,0.27691246474652303,B001,BROU,0.2650328504066206,False
20270550,B001,BROU,0.31764617192077343,B001,BROU,0.323473156741285,False
20270551,B001,BROU,0.27681597434229815,B001,BROU,0.33932322674596127,False
20270552,B001,BROU,0.3110712462035962,B001,BROU,0.3224992913867281,False
20270553,B001,BROU,0.3035913045299563,B001,BROU,0.3102514699948084,False
20270554,B001,BROU,0.29036569779401095,B001,BROU,0.2793623384467047,False
20270555,B001,BROU,0.28606459593844796,B001,BROU,0.28900756199905414,False
20270556,B001,BROU,0.2854079001841686,B001,BROU,0.32166549069170436,False
20270557,B001,BROU,0.29247079166589945,B001,BROU,0.26432854135027833,False
20270558,B001,BROU,0.2895302906190591,B001,BROU,0.3098812950239649,False
20270559,B001,BROU,0.27637016038094087,B001,BROU,0.2878210854435643,False
20270560,B001,BROU,0.3000744641973446,B001,BROU,0.3124487319484808,False
20270561,B001,BROU,0.3212503858763823,B001,BROU,0.3062426958754121,False
20270562,B001,BROU,0.30015638233617015,B001,BROU,0.307467162700231,False
20270563,B001,BROU,0.28179954486827813,B001,BROU,0.315147503334863,False
20270564,B001,BROU,0.3201928078298255,B001,BROU,0.3206457055613715,False
20270565,B001,BROU,0.30693016809626705,B001,BROU,0.3833495808114638,False
20270566,B001,BROU,0.2882914714869531,B001,BROU,0.27847211118255005,False
20270567,B001,BROU,0.3004728215542984,B001,BROU,0.2884602944752404,False
20270568,B001,BROU,0.29602458065122034,B001,BROU,0.2971763425580481,False
20270569,B001,BROU,0.29627163016393976,B001,BROU,0.28773638079686015,False
20270570,B001,BROU,0.30531919566362414,B001,BROU,0.29607673520031763,False
20270571,B001,BROU,0.28501143735791046,B001,BROU,0.28321276265314793,False
20270572,B001,BROU,0.30360697961417077,B001,BROU,0.29697630462674923,False
20270573,B001,BROU,0.3047298225535017,B001,BROU,0.28993606468203353,False
20270574,B001,BROU,0.27859418812219894,B001,BROU,0.3241191440385409,False
20270575,B001,BROU,0.28586742586737135,B001,BROU,0.2756870372780659,False
20270576,B001,BROU,0.28190455559721567,B001,BROU,0.32440988344623845,False
20270577,B001,BROU,0.29391425719996417,B001,BROU,0.2977138273949543,False
20270578,B001,BROU,0.28882264834061244,B001,BROU,0.24606286576500405,False
20270579,B001,BROU,0.3196725954089064,B001,BROU,0.3017225003789923,False
20270580,B001,BROU,0.293084723269463,B001,BROU,0.2864071842810338,False
20270581,B001,BROU,0.2886585054146811,B001,BROU,0.3320970000450353,False
20270582,B001,BROU,0.3102314925492749,B001,BROU,0.28739374506641446,False
20270583,B001,BROU,0.3151737199843999,B001,BROU,0.2951279104451263,False
20270584,B001,BROU,0.33701892481574924,B001,BROU,0.353913118086165,False
20270585,B001,BROU,0.2905994658788213,B001,BROU,0.3142337063612111,False
20270586,B001,BROU,0.27484376759603685,B001,BROU,0.2700975824679504,False
20270587,B001,BROU,0.31415642259174437,B001,BROU,0.31999320051824554,False
20270588,B001,BROU,0.31287799447443215,B001,BROU,0.31748746887240326,False
20270589,B001,BROU,0.2893969835560637,B001,BROU,0.25505491747799264,False
20270590,B001,BROU,0.31727301831663957,B001,BROU,0.30654034140460484,False
20270591,B001,BROU,0.274139113684291,B001,BROU,0.3220891757725414,False
20270592,B001,BROU,0.3019660348030946,B001,BROU,0.31598412789944713,False
20270593,B001,BROU,0.2764382973352603,B001,BROU,0.3286721325078735,False
20270594,B001,BROU,0.3206929902297922,B001,BROU,0.3310145565731021,False
20270595,B001,BROU,0.3214295026153202,B001,BROU,0.3278654936184467,False
20270596,B001,BROU,0.30109799862319514,B001,BROU,0.3163726142034526,False
20270597,B001,BROU,0.318244071236164,B001,BROU,0.28795939376341395,False
20270598,B001,BROU,0.3199699351925148,B001,BROU,0.31132039414886714,False
20270599,B001,BROU,0.32497213997999547,B001,BROU,0.2947699767216301,False
20270600,B001,BROU,0.29080917605649526,B001,BROU,0.27609092696672904,False
20270601,B001,BROU,0.27483204301477265,B001,BROU,0.28443664939838514,False
20270602,B001,BROU,0.2811477821583819,B001,BROU,0.3135235314333551,False
20270603,B001,BROU,0.33102193731450213,B001,BROU,0.29519798792641705,False
20270604,B001,BROU,0.3183009309864672,B001,BROU,0.2984658632801064,False
20270605,B001,BROU,0.2983711441244443,B001,BROU,0.24298625108963284,False
20270606,B001,BROU,0.29647879985278913,B001,BROU,0.29250544958437175,False
20270607,B001,BROU,0.3013278776171425,B001,BROU,0.29511105956828293,False
20270608,B001,BROU,0.30916593312178914,B001,BROU,0.2937749404893719,False
20270609,B001,BROU,0.2974152654398112,B001,BROU,0.34607978990377275,False
20270610,B001,BROU,0.28774082709708215,B001,BROU,0.3112269512675359,False
20270611,B001,BROU,0.2860374310648681,B001,BROU,0.28531998636980793,False
20270612,B001,BROU,0.3132413679991185,B001,BROU,0.31054528396146364,False
20270613,B001,BROU,0.3185885000066868,B001,BROU,0.31623671069970144,False
20270614,B001,BROU,0.3046063845695077,B001,BROU,0.3221021484411206,False
20270615,B001,BROU,0.3097232041979775,B001,BROU,0.3049033713272795,False
20270616,B001,BROU,0.3432296774767095,B001,BROU,0.35717790185419074,False
20270617,B001,BROU,0.29566480084537555,B001,BROU,0.2949223128278383,False
20270618,B001,BROU,0.3133504129673345,B001,BROU,0.2988495617242307,False
20270619,B001,BROU,0.3010704634087613,B001,BROU,0.21612387617736467,False
20270620,B001,BROU,0.273516354367184,B001,BROU,0.2814319910196192,False
20270621,B001,BROU,0.31781104562870105,B007,Santander Uruguay,0.21326788103611416,True
20270622,B001,BROU,0.29278686265599824,B001,BROU,0.27955582322463685,False
20270623,B001,BROU,0.29111613200532704,B001,BROU,0.30658785907662306,False
20270624,B001,BROU,0.3150908456149885,B001,BROU,0.31010778230161773,False
20270625,B001,BROU,0.29303586034124085,B001,BROU,0.313649193613934,False
20270626,B001,BROU,0.30013090012015264,B001,BROU,0.3039556475212375,False
20270627,B001,BROU,0.33061131637651553,B001,BROU,0.3092448079067343,False
20270628,B001,BROU,0.2940604530377652,B001,BROU,0.2854356051408822,False
20270629,B001,BROU,0.3003295357007495,B001,BROU,0.19285007809891438,False
20270630,B001,BROU,0.3075096986309409,B001,BROU,0.3364004100266866,False
20270631,B001,BROU,0.2910300915035279,B001,BROU,0.2728130236083922,False
20270632,B001,BROU,0.27368054006036224,B001,BROU,0.26157946212481636,False
20270633,B001,BROU,0.2787391390084446,B001,BROU,0.29302872614614967,False
20270634,B001,BROU,0.3345950007551844,B001,BROU,0.3209133113599343,False
20270635,B001,BROU,0.29577036212468566,B001,BROU,0.30250462675622486,False
20270636,B001,BROU,0.3033471359069384,B001,BROU,0.27906868275079477,False
20270637,B001,BROU,0.2821564947315878,B001,BROU,0.3166201539983243,False
20270638,B001,BROU,0.2986448498482651,B001,BROU,0.32081788649364734,False
20270639,B001,BROU,0.28123391404089226,B001,BROU,0.18023785377332158,False
20270640,B001,BROU,0.28473634848396356,B001,BROU,0.3034969229282249,False
20270641,B001,BROU,0.28828125148156913,B001,BROU,0.29257531798623976,False
20270642,B001,BROU,0.29419963207664823,B001,BROU,0.2990491482763195,False
20270643,B001,BROU,0.2957482159382715,B001,BROU,0.3477480161606912,False
20270644,B001,BROU,0.30639262087472025,B001,BROU,0.27442844904031033,False
20270645,B001,BROU,0.28785158264590616,B001,BROU,0.2799755378163473,False
20270646,B001,BROU,0.28075129978229824,B001,BROU,0.29649607820271245,False
20270647,B001,BROU,0.30748377940950256,B001,BROU,0.2984331550474369,False
20270648,B001,BROU,0.3200291161525104,B001,BROU,0.38048497099729217,False
20270649,B001,BROU,0.30640227453630065,B001,BROU,0.2828503844198183,False
20270650,B001,BROU,0.2723135297569683,B001,BROU,0.25877175786072143,False
20270651,B001,BROU,0.3213462545228294,B001,BROU,0.3120035197330667,False
20270652,B001,BROU,0.3068663238380295,B001,BROU,0.2969916385790546,False
20270653,B001,BROU,0.28477852175572166,B001,BROU,0.30288425079277914,False
20270654,B001,BROU,0.3168628168495825,B001,BROU,0.29078189325565057,False
20270655,B001,BROU,0.291801033091861,B001,BROU,0.3530633777318557,False
20270656,B001,BROU,0.3118665546575007,B001,BROU,0.31435150850505966,False
20270657,B001,BROU,0.31918836586967564,B001,BROU,0.3356794957083649,False
20270658,B001,BROU,0.29481326302446886,B001,BROU,0.33331147018589385,False
20270659,B001,BROU,0.2965701043194269,B001,BROU,0.3057905405342803,False
20270660,B001,BROU,0.32144486520729065,B001,BROU,0.3417338272701807,False
20270661,B001,BROU,0.326530503834984,B001,BROU,0.31445686756538266,False
20270662,B001,BROU,0.31544024375004676,B001,BROU,0.3370392978605006,False
20270663,B001,BROU,0.27972492658898374,B001,BROU,0.26618557287065464,False
20270664,B001,BROU,0.31208389195037584,B001,BROU,0.28484345240793635,False
20270665,B001,BROU,0.29557692599641205,B001,BROU,0.2836484289546212,False
20270666,B001,BROU,0.291735717755481,B001,BROU,0.30285550896826013,False
20270667,B001,BROU,0.29405049710558434,B001,BROU,0.28407146206384726,False
20270668,B001,BROU,0.29484716663356825,B007,Santander Uruguay,0.1972678880844426,True
20270669,B001,BROU,0.2996927170060371,B001,BROU,0.29571642891582034,False
20270670,B001,BROU,0.30738698881483406,B001,BROU,0.31732472742399553,False
20270671,B001,BROU,0.29270340997256483,B001,BROU,0.2891286531557073,False
20270672,B001,BROU,0.2875053391787359,B001,BROU,0.24663371720253718,False
20270673,B001,BROU,0.2813115891231928,B001,BROU,0.2519892627214688,False
20270674,B001,BROU,0.311259302165138,B001,BROU,0.32007342003895456,False
20270675,B001,BROU,0.29502767548240805,B001,BROU,0.29945024699913675,False
20270676,B001,BROU,0.31435402181514066,B001,BROU,0.29933285870809356,False
20270677,B001,BROU,0.2926987908234576,B001,BROU,0.2980003462952224,False
20270678,B001,BROU,0.2967295526972886,B001,BROU,0.29030307945347733,False
20270679,B001,BROU,0.34174803500718465,B001,BROU,0.3348194796229688,False
20270680,B001,BROU,0.29756888905052475,B001,BROU,0.29871914400327604,False
20270681,B001,BROU,0.29527024764304155,B001,BROU,0.27507449502366466,False
20270682,B001,BROU,0.3393246281013418,B001,BROU,0.3020000140621276,False
20270683,B001,BROU,0.29505501181240584,B001,BROU,0.31294482412877406,False
20270684,B001,BROU,0.301464544027281,B001,BROU,0.2735787279674871,False
20270685,B001,BROU,0.2995263486894016,B001,BROU,0.29333941535215097,False
20270686,B001,BROU,0.304300186377639,B001,BROU,0.3475482409626298,False
20270687,B001,BROU,0.29962527387577453,B001,BROU,0.276689295789644,False
20270688,B001,BROU,0.31873427614687194,B001,BROU,0.2447008595512723,False
20270689,B001,BROU,0.28903542445475944,B001,BROU,0.3013854617095759,False
20270690,B001,BROU,0.3237409313118671,B001,BROU,0.31158250490726047,False
20270691,B001,BROU,0.29319231272166435,B001,BROU,0.30703987951155653,False
20270692,B001,BROU,0.2810202034648487,B001,BROU,0.30664423000655905,False
20270693,B001,BROU,0.27706886768105576,B001,BROU,0.23244196319710775,False
20270694,B001,BROU,0.2956856451956478,B001,BROU,0.3166414887059908,False
20270695,B001,BROU,0.3256799754586953,B001,BROU,0.31254378938151617,False
20270696,B001,BROU,0.293448410699965,B001,BROU,0.3314648476835475,False
20270697,B001,BROU,0.29792211011821673,B001,BROU,0.24790362781569117,False
20270698,B001,BROU,0.28999752057089523,B001,BROU,0.32700868851097553,False
20270699,B001,BROU,0.2942259816915386,B001,BROU,0.30292836087499203,False
20270700,B001,BROU,0.3381865058356268,B001,BROU,0.3427007114051646,False
20270701,B001,BROU,0.3044215523629308,B001,BROU,0.3149151200253942,False
20270702,B001,BROU,0.3034637835428969,B001,BROU,0.3140446974479813,False
20270703,B001,BROU,0.2761088802991479,B001,BROU,0.2901410436328108,False
20270704,B001,BROU,0.27915428273341397,B001,BROU,0.27452988616668783,False
20270705,B001,BROU,0.28945893668308803,B001,BROU,0.264298304246969,False
20270706,B001,BROU,0.2989303710992311,B001,BROU,0.30447600625600746,False
20270707,B001,BROU,0.2967509642410176,B001,BROU,0.33260685130390766,False
20270708,B001,BROU,0.32017305224763765,B001,BROU,0.27792781457129007,False
20270709,B001,BROU,0.29483006542564033,B001,BROU,0.29227668935766016,False
20270710,B001,BROU,0.3072924480278188,B001,BROU,0.30109358470443964,False
20270711,B001,BROU,0.31587167068489547,B001,BROU,0.2674276691842585,False
20270712,B001,BROU,0.31762505224294335,B001,BROU,0.3109199605634261,False
20270713,B001,BROU,0.3067441040024944,B001,BROU,0.27704389685830444,False
20270714,B001,BROU,0.2757606852911898,B001,BROU,0.26065302992148454,False
20270715,B001,BROU,0.2791761484448323,B001,BROU,0.29686007926340807,False
20270716,B001,BROU,0.305909503364089,B001,BROU,0.2778057034773761,False
20270717,B001,BROU,0.3042807259318331,B001,BROU,0.29380512690547994,False
20270718,B001,BROU,0.30763116020111814,B001,BROU,0.3085055879913238,False
20270719,B001,BROU,0.32869333534245976,B001,BROU,0.31675257314137156,False
20270720,B001,BROU,0.3159760869028464,B001,BROU,0.3253212038205771,False
20270721,B001,BROU,0.30401241152991765,B001,BROU,0.2569178894643592,False
20270722,B001,BROU,0.3202383291696052,B001,BROU,0.2812372544495555,False
20270723,B001,BROU,0.29136903141108494,B001,BROU,0.3239117303032131,False
20270724,B001,BROU,0.29260812181541374,B001,BROU,0.30352182328815736,False
20270725,B001,BROU,0.3264838640568367,B001,BROU,0.32009392770325135,False
20270726,B001,BROU,0.3047204806488746,B001,BROU,0.3101487174759121,False
20270727,B001,BROU,0.2994996836357911,B001,BROU,0.3020549967919912,False
20270728,B001,BROU,0.2886010257565473,B001,BROU,0.3023846027288937,False
20270729,B001,BROU,0.29995608080108443,B001,BROU,0.3006810793215509,False
20270730,B001,BROU,0.3085725366179255,B001,BROU,0.2566634073868479,False
20270731,B001,BROU,0.28155585464473165,B001,BROU,0.2852765181558367,False
20270732,B001,BROU,0.31764422375519463,B001,BROU,0.30597156324001684,False
20270733,B001,BROU,0.31757445925642314,B001,BROU,0.287743389883433,False
20270734,B001,BROU,0.2879826757282192,B001,BROU,0.29462414098732,False
20270735,B001,BROU,0.3087010209701474,B001,BROU,0.2968388107226498,False
20270736,B001,BROU,0.3187922189250386,B001,BROU,0.280870118082671,False
20270737,B001,BROU,0.308760935893405,B001,BROU,0.31489989860912243,False
20270738,B001,BROU,0.29585306121734134,B001,BROU,0.269774344212194,False
20270739,B001,BROU,0.3127648028279586,B001,BROU,0.3282260081674284,False
20270740,B001,BROU,0.2986994018029716,B001,BROU,0.31245870488993005,False
20270741,B001,BROU,0.29180737181864735,B001,BROU,0.2523517726141941,False
20270742,B001,BROU,0.28849485596030616,B001,BROU,0.2935101065279435,False
20270743,B001,BROU,0.3047405969498137,B001,BROU,0.3676975853252437,False
20270744,B001,BROU,0.32533166030925376,B001,BROU,0.31388763503348127,False
20270745,B001,BROU,0.29225757885078324,B001,BROU,0.2819357390371126,False
20270746,B001,BROU,0.29739725063645606,B001,BROU,0.31923570290168396,False
20270747,B001,BROU,0.28994773591007306,B001,BROU,0.3107276260085887,False
20270748,B001,BROU,0.2750112357398193,B001,BROU,0.28939629699382613,False
20270749,B001,BROU,0.2975681644309334,B001,BROU,0.2560033773081143,False
20270750,B001,BROU,0.2727113496389598,B001,BROU,0.2717419807162351,False
20270751,B001,BROU,0.319555685613671,B001,BROU,0.2612702323631813,False
20270752,B001,BROU,0.30167193095263417,B001,BROU,0.37657060683194266,False
20270753,B001,BROU,0.3307402033321706,B001,BROU,0.3275097663441598,False
20270754,B001,BROU,0.3169008432362092,B001,BROU,0.3326961562403132,False
20270755,B001,BROU,0.3002685397306017,B001,BROU,0.3142001725033001,False
20270756,B001,BROU,0.2846866838684177,B001,BROU,0.2879354765140515,False
20270757,B001,BROU,0.30216040492084584,B001,BROU,0.31704569132475585,False
20270758,B001,BROU,0.29511982492942124,B001,BROU,0.27487681976077355,False
20270759,B001,BROU,0.2966643302469729,B001,BROU,0.3315414880147748,False
20270760,B001,BROU,0.31744568055235034,B001,BROU,0.29037748956332526,False
20270761,B001,BROU,0.281563016699977,B001,BROU,0.33646172232545596,False
20270762,B001,BROU,0.3265988956543242,B001,BROU,0.29217579336982225,False
20270763,B001,BROU,0.30054557452184544,B001,BROU,0.3282500689333028,False
20270764,B001,BROU,0.3413025164501313,B001,BROU,0.28161456027991494,False
20270765,B001,BROU,0.3260903501889955,B001,BROU,0.3008805855758683,False
20270766,B001,BROU,0.31274286467839224,B001,BROU,0.314018750775414,False
20270767,B001,BROU,0.3093884051858416,B001,BROU,0.31401339783404836,False
20270768,B001,BROU,0.30677045210482246,B001,BROU,0.25895974989318515,False
20270769,B001,BROU,0.3123104575786901,B001,BROU,0.29246666434121227,False
20270770,B001,BROU,0.3013910404396602,B001,BROU,0.3020108925193079,False
20270771,B001,BROU,0.28221883937868253,B001,BROU,0.3113373301344865,False
20270772,B001,BROU,0.3053158262653398,B001,BROU,0.2898692446783603,False
20270773,B001,BROU,0.3074183676187124,B001,BROU,0.31625334337085564,False
20270774,B001,BROU,0.2873120173294023,B001,BROU,0.2827034733618593,False
20270775,B001,BROU,0.2988761699914202,B001,BROU,0.3346235749564879,False
20270776,B001,BROU,0.2978996930127682,B001,BROU,0.290350008308785,False
20270777,B001,BROU,0.2721780644360545,B001,BROU,0.30294436484136117,False
20270778,B001,BROU,0.31212604059863075,B001,BROU,0.3414883884507662,False
20270779,B001,BROU,0.3168060265892216,B001,BROU,0.33600839923907627,False
20270780,B001,BROU,0.2970852308752857,B001,BROU,0.27558029543619234,False
20270781,B001,BROU,0.2885324752686745,B001,BROU,0.3073104193072741,False
20270782,B001,BROU,0.27735952056800495,B001,BROU,0.29001717717727415,False
20270783,B001,BROU,0.29808349834432357,B001,BROU,0.37601286622345986,False
20270784,B001,BROU,0.29920295713655154,B001,BROU,0.31921982841869495,False
20270785,B001,BROU,0.3014369840865932,B001,BROU,0.29681853651788137,False
20270786,B001,BROU,0.31014118387038164,B001,BROU,0.3298608812371725,False
20270787,B001,BROU,0.30120924699285745,B001,BROU,0.3146500638629511,False
20270788,B001,BROU,0.3084017366182794,B001,BROU,0.31775019702085894,False
20270789,B001,BROU,0.28074588717389776,B001,BROU,0.2992307672843673,False
20270790,B001,BROU,0.27885319387576585,B001,BROU,0.28856200769905166,False
20270791,B001,BROU,0.28331321397924514,B001,BROU,0.30456666197635673,False
20270792,B001,BROU,0.29320282022525235,B001,BROU,0.30679033229750896,False
20270793,B001,BROU,0.33933789822462884,B001,BROU,0.31108910412401103,False
20270794,B001,BROU,0.2833390951049495,B001,BROU,0.31806140047191567,False
20270795,B001,BROU,0.30367364871882296,B001,BROU,0.2860663708418985,False
20270796,B001,BROU,0.3064250880414748,B001,BROU,0.3306021535493263,False
20270797,B001,BROU,0.289481281814695,B001,BROU,0.2651786587207708,False
20270798,B001,BROU,0.28775803093872737,B001,BROU,0.2586713473307507,False
20270799,B001,BROU,0.2866284980293873,B001,BROU,0.2067905322477418,False
20270800,B001,BROU,0.2792646198042358,B001,BROU,0.2888602768067091,False
20270801,B001,BROU,0.31326114520265635,B001,BROU,0.3524245223008955,False
20270802,B001,BROU,0.3076599164981194,B001,BROU,0.28583758622209104,False
20270803,B001,BROU,0.2767054853908317,B001,BROU,0.2743229370058225,False
20270804,B001,BROU,0.30366247072060165,B001,BROU,0.31117664518746596,False
20270805,B001,BROU,0.2981338764353682,B001,BROU,0.29875655255608446,False
20270806,B001,BROU,0.2895497619170352,B001,BROU,0.29454713087919804,False
20270807,B001,BROU,0.2971522167150938,B001,BROU,0.26478773208894146,False
20270808,B001,BROU,0.29060872360938894,B001,BROU,0.29954029642725727,False
20270809,B001,BROU,0.2894311249573594,B001,BROU,0.2968787135574986,False
20270810,B001,BROU,0.30927640396443723,B001,BROU,0.31217529820233264,False
20270811,B001,BROU,0.2821637699404624,B001,BROU,0.2860413125345409,False
20270812,B001,BROU,0.30830191144770525,B001,BROU,0.3104769794358352,False
20270813,B001,BROU,0.2974209799003938,B001,BROU,0.2982425186897253,False
20270814,B001,BROU,0.30511460397664575,B001,BROU,0.29241064688985363,False
20270815,B001,BROU,0.3224014642011949,B001,BROU,0.32562226880503276,False
20270816,B001,BROU,0.3041369526410708,B001,BROU,0.2571723522391135,False
20270817,B001,BROU,0.3058972832281213,B001,BROU,0.3143284870769267,False
20270818,B001,BROU,0.3015275502099988,B001,BROU,0.34538416348625356,False
20270819,B001,BROU,0.3127275418311522,B001,BROU,0.31342842460698705,False
20270820,B001,BROU,0.29772443082079025,B001,BROU,0.33321777793506147,False
20270821,B001,BROU,0.3150690796217913,B001,BROU,0.34025455670718713,False
20270822,B001,BROU,0.2949664446605543,B001,BROU,0.26784000328414637,False
20270823,B001,BROU,0.3115386007740929,B001,BROU,0.3278139112820627,False
20270824,B001,BROU,0.28832042732382906,B001,BROU,0.2791249621148065,False
20270825,B001,BROU,0.30030693347079496,B001,BROU,0.29934571408303723,False
20270826,B001,BROU,0.33114473239367404,B001,BROU,0.33321513765817085,False
20270827,B001,BROU,0.29965125373120116,B001,BROU,0.3050316512006426,False
20270828,B001,BROU,0.3082253381336474,B001,BROU,0.30702063285163905,False
20270829,B001,BROU,0.28447567992022277,B001,BROU,0.27688273964251664,False
20270830,B001,BROU,0.33208135749112216,B001,BROU,0.3313677829073402,False
20270831,B001,BROU,0.3078141715010187,B001,BROU,0.30277646267640435,False
20270832,B001,BROU,0.3111878714304149,B001,BROU,0.2768336811130073,False
20270833,B001,BROU,0.28688326039395856,B001,BROU,0.31171127069638843,False
20270834,B001,BROU,0.30692239430177176,B001,BROU,0.3325195582742116,False
20270835,B001,BROU,0.28692450295125344,B001,BROU,0.3069605926349189,False
20270836,B001,BROU,0.2963453714436008,B001,BROU,0.28529907225075024,False
20270837,B001,BROU,0.30659044735525987,B001,BROU,0.33322614095352615,False
20270838,B001,BROU,0.3088443474198618,B001,BROU,0.28102211927817694,False
20270839,B001,BROU,0.29618812711669706,B001,BROU,0.3203867147834275,False
20270840,B001,BROU,0.2790714752774521,B001,BROU,0.3168547395787261,False
20270841,B001,BROU,0.2941873484690698,B001,BROU,0.26655220146830344,False
20270842,B001,BROU,0.3040531547798218,B001,BROU,0.2984711269653275,False
20270843,B001,BROU,0.2908584791993609,B001,BROU,0.2913354403025377,False
20270844,B001,BROU,0.28432962403638795,B001,BROU,0.31452164331781823,False
20270845,B001,BROU,0.3049004388968342,B001,BROU,0.29560022070228814,False
20270846,B001,BROU,0.306466985318319,B001,BROU,0.32520483042078374,False
20270847,B001,BROU,0.3204826758372531,B001,BROU,0.3556832138153244,False
20270848,B001,BROU,0.3060976022134707,B001,BROU,0.314288054798799,False
20270849,B001,BROU,0.3205160734931878,B001,BROU,0.30088256482698866,False
20270850,B001,BROU,0.3006999483246896,B001,BROU,0.22920871329460207,False
20270851,B001,BROU,0.3103248744690955,B001,BROU,0.2725612173753575,False
20270852,B001,BROU,0.30160522555353525,B001,BROU,0.2721369713502813,False
20270853,B001,BROU,0.28654706384370043,B001,BROU,0.2602196446910653,False
20270854,B001,BROU,0.3222685929441774,B001,BROU,0.3204733205739692,False
20270855,B001,BROU,0.2953208816125368,B001,BROU,0.32667186313762686,False
20270856,B001,BROU,0.2960092955764813,B001,BROU,0.3006850576730958,False
20270857,B001,BROU,0.3073957462379395,B001,BROU,0.3268361725492675,False
20270858,B001,BROU,0.3041252498889335,B001,BROU,0.3116160889300724,False
20270859,B001,BROU,0.33176310680082755,B001,BROU,0.32533195778968177,False
20270860,B001,BROU,0.279808800321935,B001,BROU,0.29200732470736346,False
20270861,B001,BROU,0.29586561040033676,B001,BROU,0.2881902105044618,False
20270862,B001,BROU,0.3106075085984379,B001,BROU,0.32479018952954947,False
20270863,B001,BROU,0.31240451624057547,B001,BROU,0.3128139811508926,False
20270864,B001,BROU,0.3066723584103547,B001,BROU,0.3086921110906889,False
20270865,B001,BROU,0.29182093791982355,B001,BROU,0.34788774453547505,False
20270866,B001,BROU,0.28505269470908046,B001,BROU,0.3524921174005537,False
20270867,B001,BROU,0.3320669898795271,B001,BROU,0.30992001652923384,False
20270868,B001,BROU,0.27735933644686567,B001,BROU,0.2688927541567504,False
20270869,B001,BROU,0.3014040140822184,B001,BROU,0.2833126146302758,False
20270870,B001,BROU,0.290714949774935,B001,BROU,0.30265150936790963,False
20270871,B001,BROU,0.3060709991631627,B001,BROU,0.3063977512605488,False
20270872,B001,BROU,0.2938012817911086,B001,BROU,0.2909118921917188,False
20270873,B001,BROU,0.31799110064320724,B001,BROU,0.2861830556532582,False
20270874,B001,BROU,0.3011963209885075,B001,BROU,0.2904086568541105,False
20270875,B001,BROU,0.28062014503335025,B007,Santander Uruguay,0.19909896399438096,True
20270876,B001,BROU,0.2956206305621789,B001,BROU,0.29051945816986846,False
20270877,B001,BROU,0.3206173862099279,B001,BROU,0.3153564863745916,False
20270878,B001,BROU,0.3324113729236321,B001,BROU,0.32158345168723,False
20270879,B001,BROU,0.31072095965564456,B001,BROU,0.3100390976642004,False
20270880,B001,BROU,0.2946760678091447,B001,BROU,0.26152279302453835,False
20270881,B001,BROU,0.31311824982489117,B001,BROU,0.34382758244006406,False
20270882,B001,BROU,0.3011495880990734,B001,BROU,0.32464940393960956,False
20270883,B001,BROU,0.2811707263279619,B001,BROU,0.22326725715174595,False
20270884,B001,BROU,0.29743833228302874,B001,BROU,0.2924320834460758,False
20270885,B001,BROU,0.2844579737511797,B001,BROU,0.28682569034499983,False
20270886,B001,BROU,0.3049416212074705,B001,BROU,0.291653118731384,False
20270887,B001,BROU,0.32237587502160797,B001,BROU,0.3122688370171375,False
20270888,B001,BROU,0.33025402989983776,B001,BROU,0.31854614415791155,False
20270889,B001,BROU,0.33849518056462785,B001,BROU,0.3372290707303756,False
20270890,B001,BROU,0.3046086972680443,B001,BROU,0.282810790441576,False
20270891,B001,BROU,0.2862599786386659,B001,BROU,0.304338937834891,False
20270892,B001,BROU,0.3044084468185585,B001,BROU,0.20927336538272054,False
20270893,B001,BROU,0.3205010041371481,B001,BROU,0.29169624718092846,False
20270894,B001,BROU,0.2912481795192067,B001,BROU,0.3119530993135942,False
20270895,B001,BROU,0.295716537616166,B001,BROU,0.2694375795583811,False
20270896,B001,BROU,0.3205870046234969,B001,BROU,0.30073109325165354,False
20270897,B001,BROU,0.30601670014753546,B001,BROU,0.2867428732467209,False
20270898,B001,BROU,0.3415960148248493,B001,BROU,0.31625586185474663,False
20270899,B001,BROU,0.31380607194383736,B001,BROU,0.3633688629184567,False
20270900,B001,BROU,0.3289004597252014,B001,BROU,0.33926099641997054,False
