realized_shocks,systemic_shocks,regional_shocks,sectoral_shocks,positive_shocks,negative_shocks,active_months,quiet_months,overlap_months,max_simultaneous_shocks,mean_abs_net_intensity,audit_world,world_seed
7,4,1,2,2,5,49,23,16,3,0.22058630166666665,1,20261001
6,3,2,1,1,5,28,44,19,3,0.2655115797222222,2,20268920
4,1,0,3,2,2,23,49,9,3,0.0722701936111111,3,20276839
5,1,3,1,0,5,46,26,1,2,0.16975103416666668,4,20284758
5,0,4,1,1,4,31,41,15,2,0.16987058666666666,5,20292677
7,6,0,1,5,2,50,22,23,2,0.2943349047222223,6,20300596
10,5,3,2,5,5,69,3,37,3,0.25815961125,7,20308515
4,2,2,0,2,2,33,39,2,2,0.10666438555555555,8,20316434
6,4,0,2,1,5,59,13,8,2,0.26912385125000005,9,20324353
7,3,3,1,2,5,37,35,5,2,0.12618390069444443,10,20332272
7,3,0,4,5,2,27,45,13,6,0.13689324916666668,11,20340191
6,4,1,1,1,5,49,23,21,3,0.21346594069444447,12,20348110
6,3,1,2,4,2,47,25,13,3,0.23721422430555558,13,20356029
2,2,0,0,0,2,14,58,7,2,0.06310071402777778,14,20363948
7,2,2,3,3,4,55,17,20,3,0.12813444847222222,15,20371867
7,5,1,1,2,5,58,14,4,2,0.2639632463888889,16,20379786
4,1,2,1,1,3,26,46,0,1,0.12739539833333335,17,20387705
2,0,2,0,0,2,22,50,0,1,0.08044483055555557,18,20395624
5,3,2,0,3,2,44,28,17,2,0.1921997479166667,19,20403543
6,3,2,1,2,4,28,44,17,3,0.23870546180555557,20,20411462
10,3,6,1,4,6,67,5,27,3,0.3572901484722222,21,20419381
6,3,1,2,1,5,42,30,18,3,0.1959197145833333,22,20427300
8,6,2,0,3,5,48,24,35,4,0.2483370604166667,23,20435219
8,3,2,3,5,3,48,24,22,4,0.19145408819444446,24,20443138
6,2,3,1,3,3,31,41,12,2,0.16770096777777777,25,20451057
8,4,1,3,2,6,57,15,32,4,0.4028960065277778,26,20458976
5,2,3,0,1,4,48,24,14,2,0.22810830569444443,27,20466895
11,8,2,1,7,4,64,8,35,4,0.30220649402777783,28,20474814
8,4,2,2,2,6,62,10,20,2,0.33837071569444443,29,20482733
7,3,1,3,2,5,50,22,12,3,0.28360285944444447,30,20490652
7,3,2,2,4,3,41,31,22,3,0.17028087972222222,31,20498571
4,2,2,0,3,1,33,39,16,2,0.12096910666666666,32,20506490
6,2,2,2,3,3,44,28,7,2,0.1706567834722222,33,20514409
6,3,3,0,5,1,37,35,9,2,0.16995378375000003,34,20522328
5,4,0,1,4,1,35,37,15,2,0.11380970944444445,35,20530247
4,4,0,0,3,1,29,43,11,2,0.10028952680555556,36,20538166
8,4,3,1,2,6,29,43,19,4,0.16221685083333334,37,20546085
11,7,2,2,4,7,59,13,37,4,0.36434311777777784,38,20554004
5,3,1,1,2,3,37,35,8,2,0.21098447402777776,39,20561923
7,4,2,1,3,4,50,22,12,2,0.2158073954166667,40,20569842
4,1,2,1,1,3,23,49,15,2,0.07502528125,41,20577761
5,4,0,1,2,3,33,39,10,3,0.11281683875,42,20585680
7,4,3,0,3,4,50,22,20,3,0.22380932819444446,43,20593599
6,4,2,0,3,3,46,26,22,3,0.22503196902777775,44,20601518
10,3,4,3,3,7,48,24,38,4,0.2563362183333333,45,20609437
9,7,1,1,3,6,61,11,29,4,0.31287786305555554,46,20617356
3,1,2,0,3,0,23,49,4,2,0.09321801861111112,47,20625275
10,3,4,3,4,6,48,24,36,5,0.20593531736111112,48,20633194
5,2,2,1,1,4,38,34,11,2,0.21980187222222222,49,20641113
5,1,2,2,1,4,41,31,11,2,0.1573955638888889,50,20649032
8,6,1,1,5,3,59,13,36,4,0.21147175333333332,51,20656951
8,4,3,1,4,4,58,14,18,4,0.22306237333333334,52,20664870
8,2,3,3,3,5,56,16,21,3,0.19487012916666668,53,20672789
4,3,1,0,1,3,29,43,9,2,0.11910177097222224,54,20680708
7,4,1,2,1,6,52,20,30,3,0.27008494055555554,55,20688627
6,4,1,1,3,3,32,40,9,2,0.14135612652777776,56,20696546
7,5,0,2,3,4,48,24,15,3,0.1478202911111111,57,20704465
13,5,4,4,9,4,61,11,36,4,0.32818079638888886,58,20712384
9,5,2,2,3,6,62,10,29,3,0.4971475679166666,59,20720303
9,4,4,1,1,8,36,36,21,4,0.2637263926388889,60,20728222
9,4,2,3,4,5,53,19,32,3,0.22225151888888892,61,20736141
6,4,0,2,1,5,46,26,20,3,0.16992153430555557,62,20744060
5,2,2,1,0,5,43,29,7,2,0.2460260861111111,63,20751979
5,4,1,0,2,3,38,34,12,3,0.3211551379166667,64,20759898
3,1,2,0,1,2,17,55,0,1,0.058030758749999994,65,20767817
11,8,2,1,3,8,57,15,38,4,0.46334289611111107,66,20775736
7,3,2,2,5,2,46,26,18,3,0.12487009847222222,67,20783655
4,2,1,1,2,2,36,36,15,2,0.1041993325,68,20791574
7,3,3,1,0,7,55,17,12,3,0.2686698402777778,69,20799493
8,5,3,0,2,6,53,19,21,3,0.4091430919444444,70,20807412
7,4,2,1,3,4,44,28,23,4,0.21190599930555556,71,20815331
4,4,0,0,1,3,29,43,8,2,0.08217529305555556,72,20823250
7,4,3,0,2,5,38,34,11,3,0.1786429715277778,73,20831169
8,5,2,1,3,5,62,10,16,3,0.37389529180555553,74,20839088
9,4,2,3,4,5,53,19,31,3,0.37341739027777776,75,20847007
7,4,2,1,2,5,46,26,22,3,0.18813426375,76,20854926
10,4,2,4,7,3,50,22,30,6,0.2409640088888889,77,20862845
9,4,4,1,4,5,64,8,43,3,0.34025287625,78,20870764
7,3,3,1,2,5,51,21,18,3,0.1954369688888889,79,20878683
7,5,2,0,2,5,62,10,17,3,0.3255880868055556,80,20886602
9,4,2,3,7,2,51,21,31,3,0.3452671111111111,81,20894521
9,5,2,2,2,7,49,23,27,4,0.24407453708333332,82,20902440
3,1,0,2,3,0,32,40,0,1,0.12901620069444447,83,20910359
8,5,0,3,5,3,50,22,33,4,0.24589615069444445,84,20918278
2,1,0,1,1,1,23,49,5,2,0.08428757972222223,85,20926197
7,4,2,1,4,3,47,25,15,4,0.22943586416666667,86,20934116
8,4,2,2,4,4,61,11,23,4,0.2522765736111111,87,20942035
6,5,1,0,2,4,51,21,18,3,0.2285963686111111,88,20949954
4,3,1,0,2,2,21,51,10,2,0.1730447125,89,20957873
5,2,2,1,3,2,34,38,12,2,0.10971236041666667,90,20965792
2,2,0,0,0,2,16,56,2,2,0.12059992791666667,91,20973711
6,4,0,2,2,4,37,35,12,3,0.23203913986111113,92,20981630
3,0,3,0,0,3,32,40,1,2,0.1417791698611111,93,20989549
6,2,2,2,2,4,52,20,21,2,0.2675662790277778,94,20997468
8,2,2,4,4,4,58,14,29,2,0.27897425666666664,95,21005387
8,3,3,2,2,6,54,18,18,3,0.2638563747222222,96,21013306
9,6,2,1,2,7,62,10,29,5,0.35501143888888886,97,21021225
5,3,1,1,4,1,45,27,15,2,0.2090582726388889,98,21029144
7,4,3,0,0,7,33,39,25,4,0.27679807486111113,99,21037063
9,4,5,0,4,5,51,21,22,5,0.25687192986111107,100,21044982
9,5,3,1,1,8,48,24,28,3,0.3440647044444444,101,21052901
5,2,2,1,1,4,25,47,6,3,0.1071739515277778,102,21060820
4,4,0,0,3,1,23,49,10,3,0.07810501916666666,103,21068739
9,5,3,1,5,4,56,16,24,4,0.21563142125,104,21076658
4,4,0,0,1,3,35,37,1,2,0.17333054041666668,105,21084577
7,3,2,2,5,2,51,21,19,2,0.18997572499999998,106,21092496
9,5,3,1,2,7,51,21,33,3,0.35528626875,107,21100415
8,5,1,2,3,5,58,14,26,2,0.27861244,108,21108334
11,7,2,2,6,5,58,14,30,5,0.2709503872222222,109,21116253
13,7,5,1,1,12,72,0,49,3,0.49359268958333335,110,21124172
5,4,0,1,1,4,29,43,7,2,0.1118599698611111,111,21132091
4,1,2,1,2,2,37,35,5,2,0.18446591694444445,112,21140010
4,2,2,0,0,4,24,48,13,3,0.15983951722222223,113,21147929
4,1,3,0,1,3,22,50,5,2,0.13533267,114,21155848
6,2,2,2,3,3,44,28,9,4,0.22714419402777775,115,21163767
8,5,2,1,1,7,59,13,23,3,0.3301094625,116,21171686
6,3,2,1,3,3,32,40,12,2,0.09886169180555554,117,21179605
4,2,2,0,0,4,36,36,6,2,0.1478949161111111,118,21187524
6,2,3,1,3,3,45,27,10,3,0.17806800152777777,119,21195443
7,4,3,0,4,3,53,19,26,4,0.22412701416666664,120,21203362
8,2,3,3,6,2,56,16,26,3,0.3436924941666667,121,21211281
7,4,3,0,2,5,50,22,13,2,0.2861970586111111,122,21219200
3,1,1,1,1,2,30,42,0,1,0.11514584166666667,123,21227119
8,2,2,4,2,6,51,21,19,3,0.22925210208333333,124,21235038
3,2,1,0,0,3,26,46,1,2,0.12285707680555556,125,21242957
12,7,3,2,2,10,68,4,40,4,0.4546284652777778,126,21250876
6,3,2,1,1,5,43,29,21,3,0.23816821972222224,127,21258795
5,1,1,3,2,3,33,39,9,2,0.16860513430555557,128,21266714
7,2,2,3,3,4,26,46,16,4,0.14236954430555557,129,21274633
9,2,3,4,4,5,52,20,24,3,0.29708044791666666,130,21282552
9,3,3,3,1,8,48,24,34,3,0.3675003988888889,131,21290471
6,3,3,0,2,4,51,21,11,3,0.22087770055555556,132,21298390
7,3,2,2,2,5,38,34,8,3,0.22305122458333335,133,21306309
6,2,2,2,2,4,42,30,15,3,0.17250424,134,21314228
12,7,1,4,3,9,69,3,38,5,0.36635526416666664,135,21322147
3,1,1,1,1,2,18,54,1,2,0.04806219847222223,136,21330066
6,5,1,0,3,3,60,12,10,2,0.22019491458333335,137,21337985
4,2,2,0,2,2,27,45,4,2,0.08153647027777779,138,21345904
5,0,3,2,4,1,35,37,10,2,0.1342176779166667,139,21353823
5,2,2,1,2,3,33,39,11,3,0.09709354263888889,140,21361742
5,3,2,0,2,3,35,37,14,3,0.14255665611111112,141,21369661
4,4,0,0,4,0,35,37,8,2,0.17239361944444442,142,21377580
10,5,3,2,3,7,69,3,43,3,0.40292288916666663,143,21385499
3,2,1,0,2,1,26,46,0,1,0.11408465013888887,144,21393418
8,2,3,3,4,4,53,19,29,3,0.18507557375,145,21401337
9,7,1,1,5,4,55,17,25,3,0.2562406836111111,146,21409256
2,0,0,2,1,1,11,61,0,1,0.05227956763888889,147,21417175
10,4,3,3,6,4,50,22,19,4,0.2566766006944445,148,21425094
13,6,5,2,6,7,60,12,38,5,0.23255146263888887,149,21433013
9,4,3,2,4,5,40,32,24,3,0.13501708819444444,150,21440932
11,7,3,1,3,8,51,21,31,4,0.36205481819444446,151,21448851
5,2,1,2,3,2,23,49,12,3,0.09437149111111112,152,21456770
6,4,0,2,2,4,54,18,12,2,0.25936743305555554,153,21464689
7,5,2,0,3,4,58,14,21,3,0.28626488819444446,154,21472608
6,5,1,0,2,4,49,23,18,3,0.23954452152777772,155,21480527
11,5,4,2,2,9,54,18,23,5,0.31079701402777776,156,21488446
3,3,0,0,1,2,37,35,3,2,0.16438132083333334,157,21496365
6,5,1,0,0,6,49,23,16,2,0.2764674070833333,158,21504284
5,2,1,2,1,4,26,46,7,3,0.21651924694444447,159,21512203
4,3,0,1,3,1,42,30,12,3,0.20293541333333331,160,21520122
5,1,1,3,1,4,36,36,7,2,0.19321402722222222,161,21528041
1,0,0,1,0,1,2,70,0,1,0.01022851125,162,21535960
8,4,2,2,4,4,47,25,23,3,0.22333901250000002,163,21543879
6,3,2,1,2,4,40,32,17,2,0.21122565472222224,164,21551798
9,5,4,0,2,7,52,20,45,3,0.20200159222222222,165,21559717
6,4,2,0,2,4,42,30,16,3,0.21765266569444444,166,21567636
3,2,1,0,1,2,44,28,6,2,0.18260260347222224,167,21575555
5,2,2,1,3,2,33,39,6,3,0.17351695444444445,168,21583474
9,5,1,3,6,3,54,18,32,4,0.2228016097222222,169,21591393
4,1,0,3,3,1,28,44,8,3,0.12116991722222223,170,21599312
6,3,2,1,2,4,31,41,11,4,0.16565226527777777,171,21607231
6,4,1,1,1,5,42,30,25,4,0.18843796819444447,172,21615150
3,1,1,1,0,3,24,48,6,2,0.1388282788888889,173,21623069
5,4,1,0,0,5,34,38,0,1,0.1594009723611111,174,21630988
10,5,5,0,3,7,62,10,31,4,0.24585906319444442,175,21638907
6,5,0,1,1,5,37,35,20,4,0.2530948216666667,176,21646826
7,4,1,2,6,1,50,22,11,3,0.21458702430555554,177,21654745
8,5,2,1,5,3,44,28,30,4,0.12577673972222222,178,21662664
3,1,2,0,0,3,27,45,1,2,0.11838153347222222,179,21670583
2,1,1,0,0,2,20,52,0,1,0.08920286166666666,180,21678502
7,3,2,2,2,5,40,32,20,3,0.26358771249999996,181,21686421
4,1,1,2,0,4,25,47,3,2,0.15859072680555558,182,21694340
8,5,2,1,1,7,55,17,18,4,0.21997684222222225,183,21702259
7,3,3,1,0,7,40,32,15,2,0.23542631430555558,184,21710178
6,4,1,1,4,2,40,32,7,3,0.15867832819444447,185,21718097
13,6,5,2,3,10,63,9,32,4,0.33213532375,186,21726016
6,3,1,2,2,4,35,37,12,3,0.17481972208333332,187,21733935
3,1,0,2,2,1,19,53,7,2,0.07613581541666666,188,21741854
5,2,1,2,0,5,26,46,12,4,0.21674894458333333,189,21749773
7,4,2,1,1,6,42,30,13,3,0.20297615027777777,190,21757692
5,2,2,1,0,5,48,24,10,2,0.22544795625000003,191,21765611
11,4,5,2,5,6,58,14,43,5,0.3020850665277777,192,21773530
7,2,2,3,1,6,33,39,16,3,0.2975632706944444,193,21781449
6,4,1,1,3,3,49,23,10,2,0.30297163930555554,194,21789368
2,2,0,0,0,2,22,50,0,1,0.08375408777777776,195,21797287
7,2,4,1,1,6,44,28,19,2,0.22799092222222217,196,21805206
5,2,2,1,0,5,44,28,21,2,0.3031076069444445,197,21813125
9,6,3,0,3,6,52,20,26,4,0.22817401041666663,198,21821044
6,3,2,1,3,3,42,30,16,3,0.19981825277777776,199,21828963
4,1,2,1,0,4,29,43,0,1,0.11784443500000001,200,21836882
7,3,0,4,3,4,66,6,13,3,0.24695231027777778,201,21844801
10,5,3,2,3,7,46,26,19,5,0.21355662249999996,202,21852720
7,0,4,3,2,5,47,25,22,3,0.1476661098611111,203,21860639
8,5,2,1,1,7,54,18,22,2,0.29405640041666664,204,21868558
7,4,1,2,3,4,43,29,26,4,0.20289301472222224,205,21876477
10,6,3,1,2,8,53,19,35,4,0.36524082625000004,206,21884396
4,0,1,3,2,2,27,45,0,1,0.08265713875,207,21892315
5,4,0,1,2,3,39,33,6,3,0.18889720375,208,21900234
6,4,0,2,1,5,46,26,7,2,0.29611048472222223,209,21908153
4,0,2,2,3,1,32,40,4,2,0.17090271638888888,210,21916072
5,1,2,2,1,4,30,42,7,3,0.08493614333333332,211,21923991
5,2,2,1,3,2,44,28,26,2,0.13706979541666667,212,21931910
5,3,1,1,4,1,39,33,9,3,0.21242943819444443,213,21939829
5,2,1,2,1,4,34,38,8,3,0.1922349440277778,214,21947748
9,3,3,3,3,6,59,13,36,4,0.32043407791666667,215,21955667
11,6,3,2,2,9,55,17,31,3,0.33795248916666665,216,21963586
9,3,3,3,2,7,53,19,29,3,0.2424801579166667,217,21971505
3,3,0,0,2,1,27,45,11,2,0.06292775013888889,218,21979424
12,5,5,2,5,7,63,9,35,6,0.45998792069444444,219,21987343
7,5,1,1,4,3,41,31,16,4,0.11867227430555556,220,21995262
4,1,2,1,2,2,28,44,2,2,0.09696896847222222,221,22003181
6,3,2,1,3,3,42,30,21,3,0.20187399916666665,222,22011100
3,2,1,0,2,1,36,36,0,1,0.15719989708333332,223,22019019
7,3,2,2,2,5,44,28,23,3,0.23711024944444448,224,22026938
10,3,3,4,2,8,52,20,28,3,0.34274876083333333,225,22034857
8,5,3,0,2,6,54,18,28,4,0.34558559944444445,226,22042776
5,4,0,1,2,3,34,38,18,3,0.21334528166666666,227,22050695
9,8,1,0,4,5,69,3,16,3,0.3541858756944445,228,22058614
4,4,0,0,3,1,29,43,17,2,0.10172907569444443,229,22066533
4,1,1,2,2,2,32,40,11,2,0.05363392347222222,230,22074452
8,3,3,2,0,8,41,31,16,3,0.23638459944444445,231,22082371
9,5,3,1,3,6,58,14,35,3,0.2363377052777778,232,22090290
4,2,0,2,2,2,43,29,5,2,0.1998357211111111,233,22098209
1,0,0,1,1,0,13,59,0,1,0.04217267597222222,234,22106128
7,3,2,2,2,5,48,24,29,3,0.31641003291666664,235,22114047
3,1,1,1,1,2,28,44,0,1,0.09839749416666668,236,22121966
6,2,3,1,1,5,55,17,10,2,0.2382069531944445,237,22129885
1,1,0,0,0,1,7,65,0,1,0.05073882763888889,238,22137804
7,2,3,2,3,4,36,36,18,3,0.23427814111111112,239,22145723
8,2,5,1,1,7,48,24,21,4,0.2189960102777778,240,22153642
10,5,3,2,7,3,54,18,22,6,0.22672911652777777,241,22161561
6,3,1,2,1,5,56,16,18,2,0.3591924559722222,242,22169480
6,2,2,2,2,4,49,23,10,3,0.28214975277777776,243,22177399
7,1,3,3,1,6,40,32,12,3,0.2556651075,244,22185318
7,4,1,2,2,5,42,30,22,3,0.22360203805555554,245,22193237
14,8,3,3,6,8,70,2,49,4,0.34694223625000004,246,22201156
10,5,4,1,4,6,39,33,31,4,0.3011905005555555,247,22209075
6,5,0,1,3,3,48,24,23,4,0.12962250138888887,248,22216994
3,1,1,1,1,2,17,55,1,2,0.06884972652777778,249,22224913
5,3,1,1,3,2,33,39,4,2,0.18932875,250,22232832
7,3,3,1,3,4,36,36,18,4,0.21532120430555557,251,22240751
4,2,0,2,2,2,42,30,12,2,0.1351959397222222,252,22248670
6,3,1,2,3,3,44,28,15,2,0.1828617351388889,253,22256589
8,5,3,0,3,5,52,20,24,4,0.18922089416666668,254,22264508
8,3,2,3,3,5,49,23,25,3,0.3451087375,255,22272427
4,3,0,1,2,2,29,43,8,2,0.14796993055555557,256,22280346
11,9,1,1,5,6,65,7,50,4,0.2952237040277778,257,22288265
4,3,1,0,1,3,37,35,0,1,0.1687823986111111,258,22296184
6,6,0,0,2,4,58,14,21,3,0.32661768638888894,259,22304103
3,2,1,0,0,3,23,49,0,1,0.06233108569444444,260,22312022
4,2,1,1,2,2,37,35,12,3,0.20188722597222222,261,22319941
4,0,1,3,2,2,23,49,11,3,0.10713611361111111,262,22327860
7,4,1,2,3,4,63,9,20,3,0.40217253666666664,263,22335779
9,6,3,0,1,8,63,9,20,3,0.26434228069444443,264,22343698
2,2,0,0,1,1,29,43,0,1,0.1027596548611111,265,22351617
8,3,1,4,1,7,39,33,18,4,0.23012015972222225,266,22359536
5,3,1,1,4,1,32,40,18,3,0.14738475708333335,267,22367455
7,1,4,2,3,4,47,25,22,3,0.29408878652777776,268,22375374
5,1,3,1,3,2,43,29,7,2,0.21426662861111112,269,22383293
9,5,2,2,4,5,63,9,34,3,0.28574730875,270,22391212
7,3,2,2,0,7,38,34,19,5,0.34507303125,271,22399131
10,4,5,1,2,8,59,13,35,4,0.3799879977777778,272,22407050
9,2,4,3,4,5,57,15,25,3,0.30966612027777773,273,22414969
9,5,2,2,3,6,61,11,34,3,0.2777775498611111,274,22422888
5,4,0,1,0,5,37,35,7,2,0.1877541163888889,275,22430807
5,2,1,2,1,4,40,32,0,1,0.19942461458333335,276,22438726
10,3,4,3,2,8,52,20,29,5,0.2793680318055556,277,22446645
8,3,4,1,2,6,47,25,21,3,0.3690434343055556,278,22454564
9,6,0,3,4,5,52,20,22,3,0.23853030805555558,279,22462483
5,3,2,0,1,4,56,16,13,2,0.24065474694444441,280,22470402
7,5,2,0,1,6,54,18,12,2,0.21891568819444443,281,22478321
6,3,2,1,0,6,35,37,11,2,0.18977820916666666,282,22486240
5,1,2,2,1,4,37,35,6,2,0.15959290944444446,283,22494159
7,4,1,2,2,5,52,20,17,2,0.2606028769444444,284,22502078
8,3,2,3,5,3,51,21,18,2,0.26013053374999995,285,22509997
5,3,0,2,4,1,41,31,16,2,0.1814779122222222,286,22517916
4,1,0,3,2,2,36,36,14,2,0.16534993611111112,287,22525835
9,4,1,4,4,5,50,22,33,3,0.32069003083333336,288,22533754
6,4,2,0,1,5,45,27,12,3,0.13000891888888888,289,22541673
9,6,2,1,2,7,54,18,16,5,0.32181419930555555,290,22549592
4,1,1,2,2,2,34,38,5,2,0.16971482694444445,291,22557511
8,6,0,2,5,3,51,21,17,5,0.26030157,292,22565430
4,1,1,2,1,3,26,46,10,3,0.10406688472222221,293,22573349
4,3,0,1,2,2,38,34,5,2,0.17607904472222222,294,22581268
4,2,0,2,2,2,32,40,13,2,0.08833626055555556,295,22589187
8,5,2,1,3,5,40,32,21,3,0.2231312851388889,296,22597106
3,2,1,0,2,1,27,45,4,2,0.09442028361111111,297,22605025
7,6,0,1,4,3,56,16,12,2,0.33622824944444446,298,22612944
12,4,5,3,6,6,56,16,31,4,0.2137597109722222,299,22620863
4,4,0,0,2,2,34,38,10,2,0.17444907652777777,300,22628782
7,1,4,2,1,6,37,35,18,2,0.20383867319444446,301,22636701
9,4,3,2,4,5,49,23,23,3,0.3262863265277778,302,22644620
7,3,1,3,1,6,49,23,22,3,0.23864144486111113,303,22652539
5,1,3,1,0,5,36,36,4,2,0.19443847416666665,304,22660458
3,2,1,0,1,2,23,49,0,1,0.11690051472222221,305,22668377
8,3,2,3,3,5,44,28,25,4,0.3830985601388889,306,22676296
4,2,0,2,2,2,30,42,5,2,0.14331649194444443,307,22684215
9,5,2,2,4,5,48,24,17,3,0.19572561430555555,308,22692134
5,2,2,1,1,4,21,51,1,2,0.08952555416666669,309,22700053
4,2,2,0,1,3,26,46,12,3,0.07601007583333333,310,22707972
5,4,0,1,2,3,32,40,21,3,0.12281743861111111,311,22715891
2,1,0,1,1,1,13,59,3,2,0.04325429847222222,312,22723810
6,0,4,2,1,5,39,33,13,2,0.11966761180555555,313,22731729
3,2,0,1,2,1,30,42,4,2,0.14680357847222222,314,22739648
6,3,2,1,2,4,47,25,8,3,0.22808363958333336,315,22747567
6,0,2,4,4,2,43,29,6,2,0.1476729738888889,316,22755486
4,3,1,0,0,4,39,33,4,2,0.15654476597222222,317,22763405
9,3,3,3,3,6,59,13,25,3,0.35914054513888893,318,22771324
3,2,0,1,2,1,25,47,15,2,0.09153963097222222,319,22779243
4,3,0,1,1,3,32,40,1,2,0.19257316930555557,320,22787162
4,2,2,0,1,3,31,41,9,2,0.15690188944444444,321,22795081
7,3,2,2,3,4,48,24,13,3,0.24047802847222222,322,22803000
9,3,5,1,2,7,43,29,18,4,0.2633208076388889,323,22810919
11,6,2,3,4,7,52,20,26,3,0.2617222066666667,324,22818838
4,2,2,0,0,4,26,46,17,3,0.16037115666666668,325,22826757
8,1,5,2,2,6,40,32,25,3,0.2490139340277778,326,22834676
6,3,2,1,5,1,43,29,12,2,0.16448478972222225,327,22842595
3,0,3,0,0,3,17,55,0,1,0.09130595875,328,22850514
6,4,0,2,1,5,30,42,19,4,0.21930460472222224,329,22858433
8,3,4,1,1,7,59,13,19,3,0.27389626958333335,330,22866352
8,6,2,0,3,5,51,21,20,3,0.1690552147222222,331,22874271
5,4,1,0,0,5,34,38,7,2,0.18077427875000002,332,22882190
6,5,1,0,1,5,21,51,16,3,0.17077925027777777,333,22890109
8,5,1,2,3,5,52,20,37,3,0.26714644888888883,334,22898028
8,5,2,1,4,4,42,30,23,4,0.3940640711111112,335,22905947
4,2,2,0,2,2,44,28,0,1,0.16466396388888888,336,22913866
8,4,3,1,2,6,43,29,14,3,0.2991377822222222,337,22921785
6,1,2,3,2,4,39,33,12,2,0.16256065986111112,338,22929704
10,5,1,4,3,7,59,13,28,4,0.2885402266666667,339,22937623
5,2,2,1,2,3,28,44,13,2,0.19536461944444444,340,22945542
9,3,4,2,3,6,53,19,22,4,0.27889404583333327,341,22953461
6,4,1,1,2,4,41,31,20,4,0.2271790338888889,342,22961380
10,3,4,3,3,7,58,14,25,3,0.27570337972222225,343,22969299
5,2,1,2,3,2,49,23,5,2,0.17580624430555558,344,22977218
7,2,3,2,2,5,54,18,28,3,0.2986557847222222,345,22985137
4,2,0,2,1,3,26,46,13,2,0.1309936576388889,346,22993056
10,5,3,2,4,6,52,20,18,3,0.2999025897222223,347,23000975
5,3,0,2,1,4,34,38,17,2,0.11609640388888888,348,23008894
11,4,4,3,6,5,57,15,27,4,0.42491144444444445,349,23016813
10,3,4,3,4,6,56,16,22,4,0.2731515672222222,350,23024732
6,5,1,0,2,4,33,39,21,4,0.14753398083333333,351,23032651
8,2,5,1,1,7,50,22,19,2,0.2982081654166666,352,23040570
7,2,2,3,2,5,38,34,13,3,0.19188390972222222,353,23048489
6,3,2,1,2,4,49,23,20,3,0.24595438583333332,354,23056408
6,4,2,0,2,4,44,28,26,2,0.3154331733333333,355,23064327
6,5,1,0,4,2,29,43,17,3,0.24285410708333333,356,23072246
5,3,2,0,1,4,44,28,5,2,0.17865932541666668,357,23080165
4,3,1,0,2,2,33,39,9,2,0.17053139722222221,358,23088084
3,2,1,0,1,2,37,35,0,1,0.22235920125,359,23096003
4,4,0,0,1,3,47,25,0,1,0.14926717597222222,360,23103922
7,1,3,3,2,5,51,21,6,2,0.16863592430555555,361,23111841
8,5,1,2,2,6,47,25,16,3,0.2677752061111111,362,23119760
7,6,1,0,2,5,55,17,35,3,0.2532710470833333,363,23127679
6,1,3,2,3,3,43,29,11,2,0.1807393302777778,364,23135598
5,3,0,2,1,4,34,38,14,3,0.1391436251388889,365,23143517
8,2,4,2,2,6,30,42,15,4,0.1697010022222222,366,23151436
8,7,1,0,3,5,64,8,31,3,0.40396433930555564,367,23159355
4,3,1,0,2,2,36,36,8,2,0.20019133916666665,368,23167274
7,5,2,0,3,4,59,13,14,2,0.31594862055555556,369,23175193
13,7,4,2,2,11,56,16,40,4,0.3298140561111111,370,23183112
11,5,5,1,6,5,49,23,21,4,0.23034754013888886,371,23191031
8,3,3,2,2,6,45,27,24,3,0.24269854694444445,372,23198950
6,4,2,0,5,1,34,38,14,2,0.2085195586111111,373,23206869
6,4,1,1,2,4,54,18,11,2,0.3524778641666667,374,23214788
3,2,0,1,2,1,42,30,12,2,0.10607353222222222,375,23222707
4,1,3,0,2,2,25,47,6,2,0.12235966833333332,376,23230626
7,2,2,3,3,4,53,19,18,2,0.22721764555555554,377,23238545
4,1,2,1,3,1,21,51,12,3,0.17881403361111112,378,23246464
6,3,3,0,1,5,52,20,13,3,0.26676642319444444,379,23254383
11,6,2,3,6,5,52,20,28,5,0.20850609291666666,380,23262302
7,2,3,2,0,7,44,28,8,2,0.24858283986111107,381,23270221
7,4,2,1,4,3,44,28,8,2,0.2634225604166667,382,23278140
10,7,1,2,4,6,64,8,21,3,0.3533035729166667,383,23286059
3,1,1,1,1,2,20,52,0,1,0.06579082777777777,384,23293978
7,1,4,2,3,4,50,22,19,3,0.2494316701388889,385,23301897
5,1,2,2,2,3,38,34,9,3,0.1598018744444444,386,23309816
2,2,0,0,2,0,22,50,0,1,0.09095260208333333,387,23317735
9,5,3,1,0,9,69,3,25,2,0.38422339916666665,388,23325654
5,3,1,1,3,2,46,26,7,3,0.18107652444444444,389,23333573
6,4,1,1,1,5,25,47,19,4,0.28300599708333335,390,23341492
5,3,1,1,2,3,33,39,9,2,0.13745049333333334,391,23349411
5,4,1,0,3,2,50,22,8,2,0.21681158777777776,392,23357330
5,1,1,3,3,2,32,40,15,3,0.1563236963888889,393,23365249
3,2,1,0,0,3,27,45,0,1,0.08785181708333334,394,23373168
7,5,1,1,3,4,48,24,17,4,0.27221317027777775,395,23381087
7,5,2,0,2,5,59,13,18,3,0.32194091208333336,396,23389006
10,8,1,1,4,6,61,11,38,4,0.34788408069444443,397,23396925
6,3,0,3,3,3,37,35,15,2,0.16105997097222222,398,23404844
3,0,1,2,0,3,20,52,8,3,0.07185183083333332,399,23412763
4,2,2,0,1,3,34,38,19,2,0.08294032027777778,400,23420682
11,9,1,1,2,9,59,13,47,4,0.4060495608333333,401,23428601
10,6,2,2,2,8,61,11,31,3,0.36241254624999997,402,23436520
3,2,0,1,1,2,24,48,11,3,0.09935801666666667,403,23444439
10,6,2,2,3,7,62,10,33,4,0.2985646388888889,404,23452358
0,0,0,0,0,0,0,72,0,0,0.0,405,23460277
7,4,1,2,2,5,51,21,19,2,0.2918465158333333,406,23468196
3,1,1,1,1,2,25,47,0,1,0.07415006819444445,407,23476115
6,5,0,1,2,4,48,24,23,2,0.3238867773611111,408,23484034
13,7,5,1,3,10,61,11,30,5,0.3599943148611111,409,23491953
7,3,2,2,6,1,37,35,14,2,0.21502062416666667,410,23499872
4,1,3,0,1,3,28,44,12,3,0.19392725013888887,411,23507791
13,4,4,5,6,7,70,2,34,3,0.35831626555555557,412,23515710
4,1,2,1,2,2,43,29,2,2,0.1782157995833333,413,23523629
4,1,3,0,0,4,32,40,5,2,0.1181649111111111,414,23531548
9,5,2,2,3,6,52,20,27,3,0.2189975052777778,415,23539467
8,4,3,1,2,6,53,19,25,3,0.29102935166666666,416,23547386
9,4,2,3,4,5,48,24,28,4,0.20415223805555552,417,23555305
10,5,4,1,1,9,41,31,33,4,0.26994736125,418,23563224
9,4,3,2,4,5,54,18,23,5,0.3972506680555556,419,23571143
6,3,2,1,1,5,36,36,17,2,0.18509988819444445,420,23579062
6,3,3,0,3,3,38,34,13,2,0.19672973944444444,421,23586981
11,5,5,1,3,8,60,12,29,6,0.26058469208333335,422,23594900
3,2,1,0,2,1,20,52,0,1,0.10608824708333334,423,23602819
8,3,2,3,4,4,45,27,19,2,0.1780038951388889,424,23610738
4,3,1,0,2,2,45,27,7,2,0.2864913522222222,425,23618657
9,5,2,2,3,6,69,3,31,3,0.2608266643055555,426,23626576
6,3,3,0,3,3,45,27,11,3,0.21982090791666667,427,23634495
6,4,0,2,1,5,40,32,7,2,0.22969251236111107,428,23642414
9,2,4,3,3,6,53,19,32,4,0.2961851297222223,429,23650333
3,2,0,1,1,2,31,41,1,2,0.08400606875,430,23658252
3,1,0,2,3,0,27,45,5,2,0.12448908986111112,431,23666171
8,4,4,0,3,5,49,23,22,4,0.20047035847222222,432,23674090
7,4,2,1,2,5,47,25,35,4,0.2310650866666667,433,23682009
8,4,3,1,2,6,48,24,21,3,0.28078853888888883,434,23689928
10,4,1,5,3,7,53,19,36,4,0.3398295348611111,435,23697847
11,4,4,3,7,4,55,17,33,5,0.2143565115277778,436,23705766
5,4,1,0,2,3,47,25,1,2,0.1569110327777778,437,23713685
8,3,1,4,3,5,57,15,30,4,0.23583355166666667,438,23721604
6,3,2,1,5,1,41,31,15,3,0.1537949838888889,439,23729523
5,2,2,1,2,3,34,38,15,3,0.18144864083333334,440,23737442
6,2,3,1,1,5,56,16,18,2,0.23123840875000004,441,23745361
6,4,2,0,1,5,47,25,19,2,0.26126316180555553,442,23753280
7,0,5,2,4,3,42,30,16,3,0.2234602809722222,443,23761199
3,1,2,0,0,3,27,45,0,1,0.15105044166666665,444,23769118
7,3,3,1,3,4,49,23,23,3,0.2793753054166667,445,23777037
3,2,0,1,0,3,27,45,10,2,0.14631548819444443,446,23784956
7,3,2,2,2,5,47,25,6,2,0.19039346777777777,447,23792875
8,6,2,0,5,3,54,18,31,3,0.3022690038888889,448,23800794
7,1,4,2,3,4,27,45,20,4,0.13176117805555554,449,23808713
11,7,2,2,3,8,55,17,35,5,0.4405375575,450,23816632
6,5,0,1,1,5,51,21,9,3,0.2068335122222222,451,23824551
9,2,4,3,4,5,51,21,16,2,0.2726968672222222,452,23832470
7,5,1,1,3,4,44,28,15,3,0.18690598875,453,23840389
7,5,1,1,2,5,39,33,26,3,0.21808992000000002,454,23848308
2,0,1,1,0,2,15,57,0,1,0.07709884472222223,455,23856227
4,1,2,1,0,4,27,45,13,2,0.2014063661111111,456,23864146
5,3,1,1,2,3,34,38,15,3,0.1525105572222222,457,23872065
6,2,2,2,4,2,51,21,12,2,0.17460810194444443,458,23879984
5,2,0,3,3,2,29,43,19,3,0.08864770138888889,459,23887903
4,3,1,0,2,2,25,47,5,2,0.08778832805555556,460,23895822
2,2,0,0,0,2,15,57,2,2,0.07232207680555555,461,23903741
8,7,1,0,3,5,47,25,15,4,0.2904802388888889,462,23911660
8,5,1,2,2,6,54,18,29,3,0.3363346720833333,463,23919579
3,2,1,0,1,2,34,38,0,1,0.14776835111111108,464,23927498
4,2,2,0,1,3,27,45,0,1,0.10408488569444445,465,23935417
7,3,2,2,3,4,47,25,17,2,0.24542192333333335,466,23943336
7,4,1,2,3,4,46,26,7,2,0.27704931694444446,467,23951255
5,2,1,2,1,4,37,35,10,2,0.14011224416666668,468,23959174
5,4,0,1,3,2,50,22,14,3,0.19966347541666665,469,23967093
6,3,2,1,1,5,44,28,17,3,0.24229061263888893,470,23975012
5,1,3,1,2,3,51,21,17,2,0.18741987944444446,471,23982931
10,6,2,2,6,4,51,21,27,4,0.3095237325,472,23990850
7,4,2,1,2,5,37,35,9,2,0.2719776741666667,473,23998769
10,4,4,2,5,5,54,18,27,4,0.21288058125,474,24006688
3,2,1,0,1,2,41,31,0,1,0.17360918958333332,475,24014607
1,1,0,0,0,1,7,65,0,1,0.02714274236111111,476,24022526
9,2,5,2,3,6,52,20,30,3,0.2839602322222222,477,24030445
7,4,2,1,2,5,52,20,6,3,0.2244709147222222,478,24038364
2,1,1,0,2,0,18,54,0,1,0.04181279472222223,479,24046283
2,0,1,1,0,2,19,53,0,1,0.06434991930555554,480,24054202
7,5,2,0,1,6,41,31,15,2,0.2376651840277778,481,24062121
2,1,1,0,0,2,31,41,0,1,0.11382864930555556,482,24070040
6,2,3,1,0,6,46,26,13,3,0.20877754430555556,483,24077959
5,1,2,2,3,2,19,53,15,3,0.09243386097222223,484,24085878
7,4,2,1,1,6,54,18,17,3,0.24615898930555558,485,24093797
5,2,2,1,1,4,24,48,5,2,0.08381967194444445,486,24101716
8,2,3,3,5,3,42,30,14,3,0.21916800736111114,487,24109635
9,4,5,0,2,7,43,29,29,3,0.34890891347222225,488,24117554
10,5,5,0,3,7,62,10,28,3,0.3390595840277778,489,24125473
8,3,5,0,0,8,45,27,27,3,0.28707107125,490,24133392
8,6,0,2,2,6,54,18,33,3,0.22784349194444442,491,24141311
6,2,4,0,2,4,58,14,12,3,0.2589705291666667,492,24149230
7,3,2,2,2,5,45,27,10,3,0.20232778222222222,493,24157149
3,1,2,0,1,2,22,50,3,2,0.07867475930555555,494,24165068
6,5,0,1,2,4,54,18,16,3,0.27139013666666667,495,24172987
4,3,1,0,1,3,50,22,3,2,0.14736600208333334,496,24180906
6,0,3,3,2,4,38,34,15,3,0.16027052555555554,497,24188825
6,5,1,0,1,5,38,34,14,3,0.1709322338888889,498,24196744
1,0,1,0,0,1,6,66,0,1,0.051147540694444445,499,24204663
5,5,0,0,4,1,40,32,18,3,0.25190986986111114,500,24212582
6,4,1,1,2,4,44,28,18,4,0.09566246222222222,501,24220501
2,2,0,0,0,2,36,36,0,1,0.14105753791666667,502,24228420
4,2,0,2,2,2,37,35,4,2,0.16071974819444446,503,24236339
2,2,0,0,1,1,24,48,0,1,0.11099707416666667,504,24244258
8,3,4,1,4,4,50,22,20,3,0.23939681111111108,505,24252177
12,6,3,3,3,9,63,9,40,3,0.31686062777777774,506,24260096
3,1,1,1,0,3,17,55,6,2,0.11585015277777777,507,24268015
8,5,2,1,4,4,46,26,18,3,0.22863549236111108,508,24275934
7,4,2,1,2,5,46,26,14,3,0.35753836388888893,509,24283853
5,3,1,1,1,4,50,22,5,2,0.23964286569444443,510,24291772
6,4,2,0,2,4,53,19,20,3,0.34125253791666665,511,24299691
2,0,2,0,2,0,11,61,0,1,0.048429996249999996,512,24307610
6,2,2,2,0,6,34,38,15,3,0.28182578625,513,24315529
4,2,2,0,1,3,43,29,3,2,0.18629594500000002,514,24323448
6,3,2,1,2,4,47,25,16,2,0.15911176875,515,24331367
10,5,2,3,5,5,55,17,22,5,0.2162686477777778,516,24339286
6,1,4,1,1,5,29,43,16,2,0.1941189813888889,517,24347205
8,4,2,2,1,7,59,13,22,2,0.3407692843055556,518,24355124
5,3,2,0,0,5,39,33,10,3,0.19223783083333335,519,24363043
13,4,5,4,4,9,61,11,29,4,0.2659023934722222,520,24370962
7,5,1,1,2,5,58,14,14,3,0.2928979261111111,521,24378881
7,4,0,3,3,4,45,27,22,2,0.2831802929166667,522,24386800
4,2,2,0,1,3,30,42,14,3,0.12522976083333334,523,24394719
8,5,1,2,2,6,52,20,44,3,0.21383616694444443,524,24402638
10,4,3,3,3,7,41,31,31,5,0.15919629569444443,525,24410557
6,3,3,0,2,4,32,40,15,2,0.25407137500000004,526,24418476
2,2,0,0,1,1,32,40,0,1,0.1336565398611111,527,24426395
4,1,2,1,3,1,24,48,11,2,0.13846190930555555,528,24434314
7,4,1,2,1,6,52,20,17,2,0.3524400541666667,529,24442233
2,1,1,0,0,2,10,62,0,1,0.07795229694444444,530,24450152
9,6,1,2,4,5,58,14,37,3,0.20809544833333332,531,24458071
8,5,2,1,2,6,59,13,27,3,0.28407661347222224,532,24465990
6,3,0,3,3,3,43,29,13,2,0.15381629833333335,533,24473909
6,4,1,1,2,4,53,19,9,2,0.20635963347222225,534,24481828
7,4,2,1,3,4,47,25,22,3,0.29648967486111105,535,24489747
11,3,6,2,4,7,55,17,29,5,0.23305166972222224,536,24497666
13,6,3,4,3,10,64,8,38,3,0.3949290866666667,537,24505585
9,7,2,0,3,6,59,13,37,5,0.28407310902777777,538,24513504
4,3,1,0,1,3,13,59,6,2,0.07112055083333332,539,24521423
8,4,1,3,5,3,48,24,26,3,0.25336943194444445,540,24529342
6,5,1,0,2,4,61,11,13,2,0.3111060451388889,541,24537261
11,4,2,5,4,7,56,16,31,4,0.3344460673611111,542,24545180
4,3,0,1,0,4,40,32,9,2,0.20428543430555557,543,24553099
6,2,2,2,1,5,44,28,19,3,0.2322869455555556,544,24561018
6,5,0,1,1,5,49,23,14,3,0.2733562861111111,545,24568937
2,1,1,0,1,1,35,37,0,1,0.17254765291666666,546,24576856
9,5,3,1,5,4,59,13,28,3,0.2649311051388889,547,24584775
10,7,1,2,5,5,64,8,27,3,0.2859980645833333,548,24592694
6,3,3,0,3,3,48,24,16,2,0.22918956624999998,549,24600613
9,3,4,2,4,5,42,30,28,5,0.29531094472222225,550,24608532
6,2,3,1,1,5,30,42,8,3,0.11681492555555556,551,24616451
7,1,5,1,3,4,33,39,8,2,0.17169074222222222,552,24624370
10,8,1,1,4,6,66,6,23,3,0.39655535430555555,553,24632289
6,3,0,3,2,4,52,20,21,2,0.22029809125,554,24640208
7,5,2,0,2,5,52,20,32,3,0.2560337220833333,555,24648127
5,3,2,0,0,5,52,20,11,2,0.30097705430555555,556,24656046
8,4,3,1,3,5,65,7,18,3,0.3671657073611111,557,24663965
5,2,0,3,2,3,52,20,12,2,0.1896171173611111,558,24671884
4,2,1,1,2,2,26,46,14,2,0.12180548958333334,559,24679803
7,3,1,3,2,5,39,33,18,5,0.20574144,560,24687722
7,2,3,2,3,4,36,36,12,4,0.18918421500000002,561,24695641
7,2,4,1,2,5,58,14,17,2,0.2570613556944445,562,24703560
13,8,4,1,5,8,71,1,30,3,0.37555287944444443,563,24711479
5,1,0,4,3,2,29,43,13,2,0.11442925041666666,564,24719398
4,2,0,2,1,3,40,32,2,2,0.16526588722222224,565,24727317
2,1,1,0,1,1,27,45,0,1,0.12988435972222223,566,24735236
4,2,1,1,2,2,33,39,4,2,0.14183187958333335,567,24743155
3,2,1,0,0,3,26,46,0,1,0.14095333055555556,568,24751074
6,3,2,1,2,4,51,21,13,3,0.3341430625,569,24758993
6,3,2,1,3,3,34,38,27,3,0.16482639222222223,570,24766912
5,1,3,1,2,3,33,39,10,2,0.1758597676388889,571,24774831
10,5,2,3,6,4,60,12,35,3,0.32867629,572,24782750
6,2,2,2,1,5,57,15,12,3,0.2278708625,573,24790669
5,3,2,0,2,3,44,28,7,2,0.13204422222222223,574,24798588
5,1,4,0,0,5,32,40,6,2,0.17793471375,575,24806507
6,2,1,3,5,1,30,42,17,3,0.20694794708333333,576,24814426
7,3,1,3,1,6,38,34,12,3,0.2126916861111111,577,24822345
5,1,2,2,2,3,30,42,10,3,0.13948763680555556,578,24830264
6,4,2,0,2,4,29,43,13,2,0.2298381579166667,579,24838183
9,6,1,2,4,5,61,11,33,4,0.39713927430555557,580,24846102
5,5,0,0,2,3,47,25,12,2,0.20815439819444445,581,24854021
10,4,3,3,4,6,50,22,31,3,0.2894453615277778,582,24861940
8,4,1,3,2,6,63,9,26,3,0.4092403834722222,583,24869859
6,4,2,0,2,4,53,19,12,2,0.33688260666666664,584,24877778
5,1,3,1,2,3,28,44,4,2,0.14169234027777777,585,24885697
10,9,0,1,4,6,48,24,28,6,0.3117144625,586,24893616
3,2,1,0,1,2,28,44,6,2,0.09489198958333334,587,24901535
5,3,1,1,2,3,44,28,4,2,0.19249488166666662,588,24909454
4,4,0,0,0,4,32,40,0,1,0.16675924819444443,589,24917373
5,2,1,2,2,3,38,34,6,2,0.1802783036111111,590,24925292
4,4,0,0,3,1,19,53,12,2,0.06364795722222222,591,24933211
5,3,2,0,2,3,29,43,15,2,0.21850286125,592,24941130
8,4,3,1,2,6,57,15,34,3,0.4158917747222222,593,24949049
8,4,2,2,3,5,56,16,21,3,0.13889340486111112,594,24956968
1,1,0,0,1,0,8,64,0,1,0.04307874208333333,595,24964887
7,3,3,1,1,6,55,17,10,3,0.27321578888888887,596,24972806
7,4,1,2,2,5,32,40,20,3,0.26180603055555557,597,24980725
9,4,3,2,3,6,48,24,15,4,0.27418831180555553,598,24988644
9,4,2,3,6,3,62,10,16,4,0.27243885611111107,599,24996563
6,3,2,1,1,5,56,16,14,2,0.24146923875,600,25004482
4,1,1,2,2,2,31,41,12,3,0.06818915166666667,601,25012401
5,4,0,1,0,5,33,39,15,2,0.21518649388888889,602,25020320
6,1,1,4,4,2,37,35,12,3,0.18412986152777777,603,25028239
2,1,0,1,0,2,18,54,0,1,0.058435800555555556,604,25036158
3,2,0,1,2,1,38,34,6,2,0.12718376375,605,25044077
8,3,3,2,4,4,50,22,11,3,0.1883277259722222,606,25051996
5,3,2,0,1,4,31,41,15,3,0.14568054569444444,607,25059915
8,6,2,0,1,7,52,20,19,3,0.2830440811111111,608,25067834
7,4,1,2,2,5,49,23,19,3,0.33274790791666664,609,25075753
4,2,2,0,1,3,29,43,15,3,0.08589189624999999,610,25083672
5,4,1,0,3,2,38,34,4,2,0.138892435,611,25091591
8,3,3,2,3,5,48,24,22,4,0.26277116,612,25099510
3,3,0,0,2,1,30,42,1,2,0.15526352513888889,613,25107429
4,1,1,2,3,1,44,28,4,2,0.09616478013888889,614,25115348
4,2,0,2,1,3,33,39,2,2,0.17083550708333334,615,25123267
8,4,3,1,2,6,56,16,27,3,0.2811157116666667,616,25131186
4,1,1,2,2,2,33,39,0,1,0.1638360211111111,617,25139105
6,2,2,2,2,4,43,29,13,2,0.1490489438888889,618,25147024
4,1,2,1,2,2,38,34,0,1,0.11711561972222223,619,25154943
6,1,3,2,0,6,35,37,16,3,0.23196504319444441,620,25162862
8,2,4,2,0,8,56,16,25,3,0.4056434398611111,621,25170781
5,2,1,2,3,2,48,24,12,2,0.1729700638888889,622,25178700
7,4,1,2,2,5,46,26,17,3,0.12821471222222222,623,25186619
4,2,2,0,1,3,28,44,8,2,0.18509226708333334,624,25194538
3,2,0,1,2,1,28,44,4,2,0.07524485569444445,625,25202457
9,4,4,1,4,5,53,19,21,3,0.2999086254166667,626,25210376
6,4,0,2,4,2,43,29,12,2,0.17924086916666668,627,25218295
4,3,1,0,1,3,31,41,13,3,0.11853040416666666,628,25226214
6,2,2,2,1,5,48,24,16,3,0.31552854180555556,629,25234133
7,4,1,2,1,6,52,20,14,3,0.27101377513888886,630,25242052
8,3,4,1,4,4,40,32,23,3,0.32114635861111107,631,25249971
7,4,3,0,2,5,38,34,28,3,0.22876367250000001,632,25257890
6,2,3,1,1,5,35,37,16,2,0.16508537861111114,633,25265809
5,3,1,1,2,3,39,33,21,2,0.1996528288888889,634,25273728
4,3,0,1,2,2,32,40,11,2,0.1322708566666667,635,25281647
3,2,0,1,2,1,32,40,0,1,0.08215860972222222,636,25289566
6,1,2,3,3,3,41,31,5,2,0.22618292972222223,637,25297485
4,3,0,1,1,3,39,33,13,3,0.13836269194444445,638,25305404
4,1,0,3,1,3,23,49,5,2,0.12887298611111112,639,25313323
4,3,1,0,2,2,27,45,12,2,0.21292286513888892,640,25321242
5,5,0,0,3,2,46,26,19,2,0.2525466301388889,641,25329161
8,4,2,2,6,2,53,19,18,5,0.3031311083333333,642,25337080
6,4,1,1,1,5,55,17,16,3,0.3375326981944445,643,25344999
7,4,2,1,3,4,51,21,34,3,0.10334054166666665,644,25352918
3,1,2,0,1,2,11,61,3,2,0.05933770361111111,645,25360837
6,4,1,1,0,6,42,30,14,3,0.28466096111111105,646,25368756
3,2,0,1,1,2,22,50,3,2,0.14705437666666665,647,25376675
5,4,1,0,2,3,36,36,10,2,0.14808353541666666,648,25384594
4,2,2,0,3,1,35,37,1,2,0.15539782694444446,649,25392513
7,3,2,2,0,7,43,29,19,2,0.2520872166666666,650,25400432
3,0,2,1,2,1,22,50,0,1,0.09964492847222223,651,25408351
8,3,5,0,4,4,49,23,25,3,0.2445286586111111,652,25416270
4,1,1,2,1,3,32,40,8,2,0.10807248791666667,653,25424189
4,2,1,1,1,3,36,36,8,2,0.15137558694444447,654,25432108
6,2,2,2,1,5,48,24,16,3,0.16264855166666667,655,25440027
8,4,1,3,5,3,54,18,43,5,0.2530781813888889,656,25447946
9,5,1,3,4,5,52,20,30,3,0.27388852208333336,657,25455865
4,2,1,1,1,3,20,52,14,4,0.1796302675,658,25463784
7,5,2,0,2,5,34,38,31,5,0.1665067994444444,659,25471703
6,2,4,0,0,6,34,38,13,3,0.16982047472222223,660,25479622
5,4,0,1,0,5,46,26,14,2,0.22111233638888889,661,25487541
5,1,1,3,3,2,39,33,15,2,0.15233297569444446,662,25495460
10,4,3,3,4,6,52,20,30,4,0.3343141036111111,663,25503379
9,6,1,2,5,4,56,16,24,2,0.2762665723611111,664,25511298
5,1,3,1,2,3,39,33,16,3,0.19550806680555555,665,25519217
9,3,2,4,3,6,54,18,31,3,0.4225148770833333,666,25527136
6,3,2,1,2,4,40,32,12,4,0.11950024583333334,667,25535055
6,3,2,1,3,3,40,32,13,3,0.21011779138888886,668,25542974
8,3,1,4,4,4,55,17,25,3,0.17999154333333334,669,25550893
5,4,0,1,1,4,42,30,7,2,0.2071720984722222,670,25558812
8,5,1,2,3,5,43,29,31,4,0.19151320291666665,671,25566731
11,4,4,3,4,7,61,11,30,3,0.34423905416666667,672,25574650
7,5,2,0,1,6,41,31,23,3,0.21558595333333333,673,25582569
11,6,2,3,3,8,64,8,42,3,0.2961007770833333,674,25590488
6,2,2,2,3,3,40,32,15,3,0.1697517666666667,675,25598407
7,1,5,1,2,5,49,23,13,3,0.28559995958333334,676,25606326
5,1,1,3,2,3,38,34,0,1,0.14313484916666666,677,25614245
6,2,2,2,3,3,40,32,18,3,0.1918405573611111,678,25622164
9,5,3,1,4,5,34,38,21,5,0.15990133444444446,679,25630083
4,3,1,0,1,3,30,42,18,2,0.10536849013888888,680,25638002
6,1,3,2,2,4,34,38,17,4,0.16670730555555555,681,25645921
4,3,0,1,1,3,36,36,4,2,0.22691311722222224,682,25653840
5,4,1,0,3,2,41,31,23,2,0.16978670541666666,683,25661759
10,5,3,2,5,5,44,28,25,4,0.32994838875,684,25669678
9,3,2,4,3,6,60,12,32,3,0.3187133166666667,685,25677597
5,2,2,1,2,3,29,43,6,2,0.11075195638888889,686,25685516
10,2,4,4,5,5,56,16,23,4,0.32965585833333333,687,25693435
6,6,0,0,1,5,49,23,7,2,0.2136564277777778,688,25701354
4,3,0,1,2,2,25,47,11,2,0.1457593075,689,25709273
12,6,2,4,4,8,57,15,35,5,0.3842661256944445,690,25717192
8,4,2,2,3,5,64,8,26,3,0.4001886870833333,691,25725111
6,5,1,0,1,5,42,30,11,3,0.1339485647222222,692,25733030
5,3,1,1,1,4,45,27,13,2,0.2434286897222222,693,25740949
8,3,3,2,1,7,45,27,22,3,0.2040488297222222,694,25748868
8,2,5,1,3,5,51,21,20,2,0.20482660972222222,695,25756787
7,2,2,3,5,2,44,28,7,2,0.1780537684722222,696,25764706
4,3,1,0,2,2,24,48,4,2,0.0752169625,697,25772625
7,3,3,1,2,5,44,28,25,3,0.16379569694444443,698,25780544
7,4,2,1,4,3,49,23,14,3,0.1971951611111111,699,25788463
10,5,3,2,1,9,60,12,26,3,0.3952637493055556,700,25796382
5,3,2,0,3,2,26,46,7,3,0.09789810847222223,701,25804301
7,4,3,0,2,5,40,32,22,3,0.20982051541666666,702,25812220
4,2,2,0,0,4,19,53,10,2,0.12802988069444443,703,25820139
8,4,2,2,1,7,35,37,19,3,0.27036674388888887,704,25828058
6,4,1,1,3,3,52,20,16,3,0.23652757430555557,705,25835977
6,4,0,2,2,4,42,30,17,2,0.14960344263888892,706,25843896
9,2,4,3,2,7,44,28,20,4,0.2822014651388889,707,25851815
7,4,3,0,3,4,45,27,23,3,0.2622534356944444,708,25859734
2,1,0,1,1,1,16,56,0,1,0.09663528430555555,709,25867653
5,1,2,2,2,3,35,37,15,3,0.14389964958333334,710,25875572
7,4,0,3,3,4,39,33,19,3,0.24260608097222225,711,25883491
9,7,0,2,2,7,58,14,24,3,0.3430566205555555,712,25891410
7,1,3,3,3,4,49,23,23,5,0.1700992023611111,713,25899329
9,5,3,1,3,6,55,17,23,2,0.26183962680555556,714,25907248
6,3,3,0,1,5,42,30,27,4,0.2792714854166667,715,25915167
3,2,0,1,1,2,18,54,0,1,0.06700211625000001,716,25923086
5,3,1,1,2,3,29,43,10,2,0.16127639222222223,717,25931005
3,2,1,0,1,2,19,53,8,2,0.04238916708333333,718,25938924
5,3,2,0,1,4,26,46,16,3,0.1581247586111111,719,25946843
3,2,1,0,0,3,24,48,7,2,0.1880503138888889,720,25954762
8,4,2,2,3,5,42,30,11,4,0.20044576875,721,25962681
9,1,5,3,3,6,57,15,19,3,0.35252832222222225,722,25970600
2,2,0,0,1,1,20,52,0,1,0.09496202611111111,723,25978519
5,3,1,1,1,4,29,43,13,3,0.1628428784722222,724,25986438
10,5,2,3,4,6,70,2,32,4,0.33218642694444445,725,25994357
1,1,0,0,0,1,15,57,0,1,0.03866520958333333,726,26002276
8,4,2,2,3,5,41,31,22,4,0.25276486930555553,727,26010195
7,5,1,1,1,6,46,26,17,3,0.2561146415277778,728,26018114
5,2,0,3,1,4,41,31,12,3,0.21628062986111113,729,26026033
10,2,5,3,2,8,56,16,28,4,0.29802405486111117,730,26033952
10,4,4,2,2,8,57,15,30,5,0.353049915,731,26041871
13,7,3,3,3,10,65,7,49,4,0.39770969222222224,732,26049790
6,4,1,1,2,4,47,25,17,3,0.29267792013888894,733,26057709
8,3,4,1,2,6,53,19,22,2,0.22869687958333337,734,26065628
5,3,1,1,4,1,63,9,14,2,0.19931365069444446,735,26073547
5,3,1,1,3,2,38,34,7,2,0.21650937486111113,736,26081466
6,2,1,3,2,4,34,38,27,3,0.2216405922222222,737,26089385
4,2,2,0,1,3,34,38,6,2,0.13692151416666667,738,26097304
5,3,0,2,0,5,48,24,2,2,0.17735457069444444,739,26105223
8,6,1,1,2,6,43,29,13,3,0.1930811751388889,740,26113142
5,2,3,0,0,5,45,27,13,2,0.17671708055555557,741,26121061
2,1,0,1,0,2,23,49,0,1,0.11269617583333333,742,26128980
6,3,2,1,2,4,45,27,13,3,0.15001528763888888,743,26136899
4,1,1,2,1,3,39,33,1,2,0.17649156472222222,744,26144818
5,1,2,2,0,5,41,31,2,2,0.18475078430555555,745,26152737
9,4,4,1,2,7,46,26,32,5,0.19698962958333333,746,26160656
7,5,0,2,3,4,44,28,22,3,0.18278273597222222,747,26168575
8,3,2,3,1,7,49,23,11,2,0.2530974726388889,748,26176494
7,3,2,2,2,5,58,14,31,3,0.32627342097222223,749,26184413
3,2,1,0,2,1,22,50,4,2,0.10401510986111112,750,26192332
2,1,1,0,2,0,31,41,0,1,0.1317387626388889,751,26200251
11,5,3,3,5,6,64,8,31,3,0.2932912640277778,752,26208170
10,7,1,2,3,7,64,8,28,3,0.36953953208333334,753,26216089
6,3,0,3,2,4,45,27,13,4,0.13430705166666665,754,26224008
5,2,3,0,4,1,34,38,7,2,0.09696041208333334,755,26231927
6,1,3,2,0,6,34,38,18,3,0.30265663291666667,756,26239846
7,5,1,1,1,6,46,26,15,3,0.22265422875000004,757,26247765
10,4,5,1,3,7,54,18,42,4,0.2669741618055556,758,26255684
12,6,4,2,5,7,57,15,39,5,0.35011358236111106,759,26263603
5,1,2,2,1,4,23,49,3,2,0.10525185180555556,760,26271522
8,3,5,0,2,6,54,18,24,3,0.35945341861111113,761,26279441
7,1,3,3,2,5,53,19,3,2,0.2683889576388889,762,26287360
4,3,1,0,0,4,50,22,2,2,0.2255174747222222,763,26295279
8,6,1,1,2,6,58,14,29,3,0.33247639041666666,764,26303198
4,2,1,1,1,3,28,44,15,2,0.1485856661111111,765,26311117
6,3,2,1,2,4,50,22,6,2,0.24758489152777782,766,26319036
12,5,3,4,4,8,58,14,44,4,0.2586130456944445,767,26326955
6,3,2,1,1,5,30,42,12,2,0.19261688277777778,768,26334874
7,2,3,2,3,4,43,29,14,2,0.22121995916666665,769,26342793
8,5,2,1,2,6,51,21,32,4,0.26173355,770,26350712
7,3,2,2,3,4,46,26,24,3,0.24661011986111112,771,26358631
4,2,2,0,0,4,32,40,1,2,0.16702828,772,26366550
5,2,2,1,3,2,32,40,8,3,0.17124374916666668,773,26374469
9,2,4,3,2,7,49,23,21,3,0.23212623708333333,774,26382388
0,0,0,0,0,0,0,72,0,0,0.0,775,26390307
4,0,2,2,1,3,21,51,8,3,0.10426576250000001,776,26398226
3,0,1,2,2,1,25,47,5,2,0.0823789813888889,777,26406145
9,4,2,3,5,4,43,29,32,4,0.1349787409722222,778,26414064
3,1,2,0,0,3,36,36,7,2,0.16876657375,779,26421983
9,4,3,2,5,4,39,33,25,4,0.23455704472222225,780,26429902
6,1,3,2,2,4,34,38,9,3,0.1858808497222222,781,26437821
8,4,3,1,1,7,56,16,18,2,0.29674524430555554,782,26445740
6,2,3,1,3,3,31,41,23,4,0.17828460125,783,26453659
7,3,3,1,1,6,44,28,26,3,0.32162985986111114,784,26461578
8,5,1,2,3,5,56,16,29,3,0.25849572875000004,785,26469497
10,5,3,2,4,6,60,12,25,3,0.20233406680555555,786,26477416
4,1,2,1,1,3,27,45,6,2,0.15610936791666666,787,26485335
12,6,3,3,6,6,63,9,35,4,0.4039487425,788,26493254
9,4,5,0,2,7,49,23,18,3,0.24572197833333334,789,26501173
7,6,0,1,2,5,46,26,23,4,0.24774299569444447,790,26509092
4,3,0,1,3,1,29,43,10,3,0.12656204750000002,791,26517011
7,4,1,2,4,3,53,19,28,2,0.27246373402777774,792,26524930
7,2,4,1,2,5,29,43,14,5,0.1945738101388889,793,26532849
9,4,4,1,2,7,52,20,24,3,0.2701757615277778,794,26540768
5,1,3,1,3,2,41,31,7,2,0.16647004972222224,795,26548687
9,3,1,5,5,4,50,22,23,4,0.34240476333333336,796,26556606
7,3,2,2,2,5,45,27,14,3,0.2271617261111111,797,26564525
6,3,2,1,2,4,46,26,0,1,0.16140087180555557,798,26572444
4,3,1,0,0,4,25,47,11,3,0.15700605888888888,799,26580363
4,1,2,1,2,2,23,49,8,2,0.05387235166666667,800,26588282
7,3,3,1,1,6,38,34,25,3,0.22835654958333335,801,26596201
7,2,3,2,3,4,35,37,15,3,0.17754406916666665,802,26604120
8,6,2,0,3,5,57,15,21,4,0.3547473548611111,803,26612039
6,4,2,0,4,2,36,36,16,3,0.13190389722222223,804,26619958
7,6,1,0,2,5,43,29,19,4,0.2491129654166667,805,26627877
7,4,1,2,2,5,64,8,20,2,0.27343133166666667,806,26635796
4,2,2,0,1,3,51,21,5,2,0.1812024,807,26643715
8,5,2,1,4,4,65,7,20,2,0.3035634959722222,808,26651634
8,5,1,2,4,4,48,24,16,4,0.23468381472222224,809,26659553
9,5,2,2,4,5,48,24,31,4,0.25951574652777776,810,26667472
8,4,1,3,2,6,56,16,21,3,0.3479007588888889,811,26675391
3,2,1,0,1,2,31,41,10,2,0.1506035788888889,812,26683310
4,1,2,1,3,1,44,28,0,1,0.1839098184722222,813,26691229
5,3,1,1,2,3,28,44,13,2,0.1561535297222222,814,26699148
7,3,2,2,3,4,59,13,21,2,0.3201281311111111,815,26707067
7,3,1,3,3,4,56,16,24,2,0.17440713013888887,816,26714986
8,4,4,0,3,5,36,36,21,4,0.11176075597222221,817,26722905
3,2,0,1,3,0,23,49,4,2,0.16685408569444446,818,26730824
5,1,3,1,2,3,26,46,7,2,0.12127684263888888,819,26738743
9,7,2,0,4,5,67,5,17,3,0.2723208301388889,820,26746662
8,4,2,2,2,6,39,33,21,4,0.25707940875,821,26754581
7,6,1,0,3,4,41,31,14,3,0.26508803180555557,822,26762500
3,1,0,2,2,1,24,48,5,2,0.06781619097222222,823,26770419
3,2,0,1,0,3,22,50,16,3,0.1576177759722222,824,26778338
7,4,2,1,3,4,48,24,30,2,0.2841124219444444,825,26786257
9,6,0,3,4,5,54,18,24,3,0.3076655465277778,826,26794176
8,2,3,3,2,6,40,32,26,3,0.1736644738888889,827,26802095
3,2,1,0,1,2,35,37,0,1,0.17607320208333332,828,26810014
4,0,2,2,2,2,35,37,6,2,0.19183475597222222,829,26817933
11,7,2,2,4,7,62,10,30,4,0.4288793208333333,830,26825852
6,4,1,1,3,3,48,24,18,3,0.2681899122222222,831,26833771
8,4,1,3,3,5,49,23,15,4,0.20480567041666667,832,26841690
4,2,1,1,0,4,38,34,5,2,0.15427270666666665,833,26849609
4,2,2,0,3,1,22,50,6,2,0.11419366569444445,834,26857528
2,1,1,0,1,1,18,54,0,1,0.046642249999999996,835,26865447
9,3,2,4,2,7,54,18,25,3,0.359012955,836,26873366
7,2,3,2,4,3,35,37,19,4,0.14191998805555558,837,26881285
8,3,2,3,3,5,53,19,28,4,0.30331196583333336,838,26889204
9,2,4,3,3,6,47,25,20,2,0.16352370333333333,839,26897123
6,3,2,1,0,6,51,21,10,2,0.2239901861111111,840,26905042
4,2,1,1,0,4,50,22,0,1,0.24107825333333333,841,26912961
5,2,2,1,3,2,44,28,9,3,0.13751098555555552,842,26920880
11,4,5,2,3,8,53,19,35,3,0.20550601722222225,843,26928799
4,1,2,1,0,4,26,46,2,2,0.1422999936111111,844,26936718
4,1,1,2,1,3,41,31,9,2,0.18973510833333332,845,26944637
6,3,1,2,3,3,43,29,18,3,0.22955346555555556,846,26952556
7,1,6,0,1,6,46,26,11,2,0.17108900930555557,847,26960475
7,5,0,2,3,4,48,24,21,3,0.17760234333333333,848,26968394
5,1,3,1,2,3,31,41,9,2,0.2053710873611111,849,26976313
5,4,1,0,1,4,50,22,9,2,0.23986875555555554,850,26984232
8,4,2,2,4,4,43,29,23,3,0.26380383,851,26992151
8,3,4,1,2,6,44,28,24,3,0.35261232624999994,852,27000070
5,2,1,2,4,1,43,29,17,2,0.24001010666666664,853,27007989
13,6,4,3,3,10,63,9,47,5,0.6585428509722222,854,27015908
7,6,1,0,3,4,66,6,17,2,0.25096517041666666,855,27023827
7,2,3,2,4,3,37,35,18,3,0.1665178740277778,856,27031746
8,5,2,1,6,2,52,20,28,3,0.25046931819444446,857,27039665
9,4,3,2,6,3,40,32,12,3,0.233273905,858,27047584
5,3,1,1,2,3,38,34,9,2,0.18731373305555554,859,27055503
3,1,2,0,0,3,8,64,4,2,0.029326753194444444,860,27063422
6,4,1,1,3,3,45,27,14,3,0.28571318027777776,861,27071341
11,5,4,2,4,7,62,10,35,3,0.34314339555555556,862,27079260
6,2,1,3,4,2,42,30,6,2,0.19045353569444445,863,27087179
7,3,3,1,5,2,51,21,20,3,0.2480316966666667,864,27095098
2,1,0,1,1,1,13,59,6,2,0.06331782166666668,865,27103017
12,7,2,3,4,8,63,9,46,4,0.4354440045833333,866,27110936
3,2,1,0,0,3,24,48,5,2,0.10305867472222223,867,27118855
9,5,2,2,4,5,53,19,17,4,0.24590520013888892,868,27126774
4,3,0,1,1,3,38,34,11,2,0.1446365463888889,869,27134693
6,5,1,0,2,4,31,41,20,3,0.14814097680555557,870,27142612
5,2,2,1,1,4,36,36,17,3,0.14183964347222222,871,27150531
7,3,2,2,1,6,40,32,19,3,0.2500504484722222,872,27158450
6,3,3,0,1,5,38,34,24,3,0.32628360347222224,873,27166369
3,2,0,1,1,2,23,49,2,2,0.07710047097222222,874,27174288
4,2,1,1,1,3,28,44,14,3,0.15465486805555556,875,27182207
4,2,2,0,0,4,36,36,11,2,0.18998660347222224,876,27190126
6,4,1,1,4,2,38,34,11,2,0.18627883680555554,877,27198045
7,1,3,3,2,5,34,38,16,3,0.12219296527777779,878,27205964
9,5,2,2,4,5,60,12,35,3,0.22809441083333334,879,27213883
5,3,1,1,2,3,38,34,11,2,0.1979892854166667,880,27221802
9,4,1,4,7,2,46,26,29,4,0.2695792008333333,881,27229721
6,2,1,3,1,5,49,23,20,2,0.2644923644444444,882,27237640
4,3,1,0,0,4,30,42,14,2,0.17233833041666669,883,27245559
7,3,2,2,2,5,52,20,23,3,0.3024810061111111,884,27253478
7,4,1,2,2,5,35,37,15,4,0.1157495752777778,885,27261397
6,4,1,1,4,2,52,20,11,3,0.31481626819444447,886,27269316
4,1,3,0,1,3,29,43,4,2,0.13979822736111108,887,27277235
8,5,3,0,3,5,38,34,16,3,0.24903057708333332,888,27285154
5,3,1,1,2,3,25,47,14,3,0.06794268333333332,889,27293073
5,3,0,2,1,4,33,39,15,3,0.16859638847222225,890,27300992
2,1,1,0,0,2,12,60,0,1,0.05997824625,891,27308911
8,4,1,3,5,3,47,25,21,3,0.3280681183333333,892,27316830
6,3,2,1,2,4,59,13,22,2,0.2519832080555556,893,27324749
9,3,4,2,3,6,43,29,12,4,0.33169656444444445,894,27332668
6,2,3,1,2,4,40,32,11,3,0.1870393101388889,895,27340587
6,5,0,1,4,2,56,16,17,2,0.19674646944444446,896,27348506
5,2,2,1,0,5,35,37,14,3,0.2511865979166667,897,27356425
5,1,2,2,2,3,34,38,2,2,0.1295446734722222,898,27364344
7,3,3,1,3,4,32,40,17,4,0.17756033138888888,899,27372263
7,3,2,2,3,4,59,13,14,2,0.3631515725,900,27380182
8,4,1,3,3,5,47,25,30,3,0.33822106361111115,901,27388101
1,1,0,0,0,1,14,58,0,1,0.08655959291666666,902,27396020
10,5,4,1,5,5,52,20,30,3,0.14141278555555556,903,27403939
5,3,2,0,2,3,33,39,14,2,0.2000594848611111,904,27411858
6,3,1,2,3,3,43,29,21,4,0.3182224169444445,905,27419777
7,4,0,3,2,5,54,18,13,3,0.2654036229166667,906,27427696
6,4,0,2,2,4,43,29,16,3,0.23831097166666668,907,27435615
6,5,0,1,3,3,52,20,13,3,0.23678002069444443,908,27443534
9,4,4,1,3,6,59,13,28,3,0.3939710618055556,909,27451453
8,7,1,0,2,6,53,19,29,3,0.18583835555555556,910,27459372
7,6,0,1,4,3,56,16,26,2,0.2998767688888889,911,27467291
7,3,3,1,3,4,48,24,19,4,0.2069785763888889,912,27475210
4,3,0,1,2,2,38,34,12,2,0.14639480513888892,913,27483129
6,3,1,2,2,4,41,31,18,3,0.13504374611111108,914,27491048
6,2,1,3,2,4,39,33,13,3,0.20413478083333333,915,27498967
4,2,2,0,2,2,23,49,4,2,0.11440353777777777,916,27506886
9,3,3,3,3,6,59,13,23,4,0.2671328027777778,917,27514805
7,3,1,3,3,4,53,19,17,2,0.18965760319444444,918,27522724
5,2,3,0,1,4,21,51,16,4,0.12095197944444444,919,27530643
4,1,3,0,1,3,19,53,14,3,0.08397520055555556,920,27538562
6,5,1,0,2,4,41,31,10,3,0.20770918236111113,921,27546481
8,7,1,0,2,6,47,25,14,4,0.329840075,922,27554400
5,2,1,2,2,3,37,35,16,3,0.14509039513888888,923,27562319
8,4,1,3,2,6,55,17,27,3,0.24801026916666669,924,27570238
9,3,4,2,3,6,60,12,46,4,0.4224185183333334,925,27578157
2,1,1,0,0,2,16,56,0,1,0.0721964363888889,926,27586076
8,4,1,3,1,7,43,29,8,4,0.2231074140277778,927,27593995
9,6,1,2,4,5,62,10,27,3,0.2560741184722222,928,27601914
7,4,0,3,2,5,66,6,27,2,0.4029757931944445,929,27609833
5,4,1,0,3,2,48,24,17,2,0.13394711388888889,930,27617752
3,3,0,0,1,2,31,41,0,1,0.18212306319444446,931,27625671
5,3,1,1,0,5,25,47,12,2,0.2044251341666667,932,27633590
5,3,1,1,2,3,36,36,8,2,0.17438705166666668,933,27641509
12,3,5,4,4,8,64,8,26,4,0.3187570133333333,934,27649428
7,2,4,1,1,6,38,34,16,3,0.2740468004166667,935,27657347
9,5,2,2,3,6,62,10,32,3,0.2557256013888889,936,27665266
7,5,1,1,2,5,60,12,14,3,0.26782584347222227,937,27673185
2,0,1,1,1,1,10,62,0,1,0.05008543972222221,938,27681104
9,5,2,2,3,6,47,25,28,4,0.29792542666666666,939,27689023
6,0,3,3,2,4,22,50,9,4,0.14680014083333334,940,27696942
11,4,6,1,3,8,42,30,28,4,0.25392316374999996,941,27704861
8,6,1,1,4,4,56,16,36,3,0.31356733388888886,942,27712780
6,5,1,0,1,5,48,24,21,2,0.2431627570833333,943,27720699
7,4,1,2,3,4,38,34,20,4,0.1602978813888889,944,27728618
8,4,3,1,0,8,52,20,24,3,0.3624583051388888,945,27736537
8,4,3,1,3,5,54,18,20,3,0.32780181319444446,946,27744456
9,4,3,2,5,4,45,27,23,4,0.36826442861111114,947,27752375
4,2,1,1,1,3,26,46,6,2,0.11819736680555556,948,27760294
6,3,1,2,3,3,37,35,9,2,0.15538591597222223,949,27768213
4,1,1,2,0,4,33,39,5,2,0.11966120694444443,950,27776132
7,3,3,1,3,4,54,18,19,3,0.2827208206944445,951,27784051
6,5,0,1,2,4,48,24,7,2,0.26200385555555555,952,27791970
8,4,2,2,1,7,47,25,21,3,0.2818539566666667,953,27799889
2,0,1,1,1,1,19,53,0,1,0.06484550666666666,954,27807808
8,5,1,2,5,3,52,20,29,3,0.2877874641666667,955,27815727
5,2,2,1,1,4,20,52,10,3,0.16370421000000002,956,27823646
6,1,2,3,3,3,36,36,17,3,0.12693862597222222,957,27831565
6,5,0,1,3,3,47,25,21,3,0.18626189083333333,958,27839484
4,1,1,2,1,3,28,44,7,2,0.09710748125,959,27847403
7,3,2,2,5,2,37,35,23,4,0.23703736319444443,960,27855322
9,5,2,2,4,5,51,21,30,4,0.2783594630555556,961,27863241
8,4,4,0,2,6,47,25,11,3,0.23933763916666667,962,27871160
8,7,1,0,2,6,51,21,23,4,0.2504962663888889,963,27879079
8,4,3,1,2,6,57,15,22,3,0.33840801583333335,964,27886998
7,3,4,0,2,5,35,37,15,2,0.19660883666666665,965,27894917
9,6,2,1,1,8,52,20,41,3,0.41284011527777786,966,27902836
10,4,3,3,3,7,46,26,28,4,0.19078608277777775,967,27910755
6,4,0,2,2,4,38,34,7,3,0.1745414722222222,968,27918674
6,2,2,2,2,4,44,28,5,2,0.18010212958333333,969,27926593
2,2,0,0,1,1,33,39,0,1,0.1320295663888889,970,27934512
4,1,3,0,2,2,24,48,16,2,0.07418149097222222,971,27942431
7,7,0,0,3,4,52,20,20,3,0.2451104498611111,972,27950350
5,5,0,0,1,4,45,27,11,2,0.22840716097222222,973,27958269
7,4,2,1,2,5,44,28,19,4,0.3422324195833333,974,27966188
5,4,1,0,1,4,44,28,16,2,0.26313019388888886,975,27974107
5,2,3,0,1,4,30,42,5,2,0.13392532347222225,976,27982026
6,6,0,0,3,3,52,20,31,3,0.19548729333333334,977,27989945
7,2,4,1,3,4,49,23,10,2,0.18484170416666668,978,27997864
7,1,3,3,3,4,34,38,18,3,0.1347685913888889,979,28005783
2,1,0,1,1,1,22,50,12,2,0.06299376486111112,980,28013702
3,2,1,0,2,1,16,56,8,2,0.061964888749999995,981,28021621
4,2,1,1,0,4,43,29,2,2,0.18232287,982,28029540
5,3,1,1,3,2,31,41,10,3,0.15236149569444446,983,28037459
8,5,3,0,3,5,60,12,14,3,0.30773432208333334,984,28045378
3,2,0,1,1,2,27,45,0,1,0.13560547305555556,985,28053297
11,6,2,3,3,8,53,19,37,4,0.32099450527777784,986,28061216
2,2,0,0,0,2,12,60,2,2,0.04265351236111111,987,28069135
9,5,2,2,5,4,44,28,26,3,0.17201472722222222,988,28077054
9,7,0,2,2,7,55,17,34,3,0.29046460625,989,28084973
5,3,1,1,1,4,52,20,10,2,0.2719623436111111,990,28092892
6,4,1,1,2,4,50,22,17,2,0.1418795925,991,28100811
5,3,1,1,2,3,36,36,9,2,0.08402056875,992,28108730
5,0,2,3,2,3,44,28,0,1,0.17966404472222225,993,28116649
4,3,0,1,2,2,27,45,20,4,0.09340370569444442,994,28124568
5,4,0,1,3,2,28,44,3,2,0.1436215925,995,28132487
8,5,1,2,4,4,47,25,19,4,0.19495276958333335,996,28140406
8,3,3,2,2,6,62,10,15,4,0.22484937680555556,997,28148325
5,1,3,1,2,3,40,32,16,3,0.20808598180555554,998,28156244
6,4,1,1,2,4,36,36,18,3,0.21203935055555556,999,28164163
3,2,0,1,1,2,31,41,15,2,0.22905742666666665,1000,28172082
3,2,0,1,1,2,20,52,6,2,0.06508648972222222,1001,28180001
4,3,0,1,1,3,24,48,9,2,0.11278512041666668,1002,28187920
9,4,4,1,2,7,46,26,27,3,0.18009841,1003,28195839
5,3,0,2,3,2,43,29,9,2,0.18199028472222223,1004,28203758
9,5,4,0,4,5,42,30,30,3,0.3444709893055556,1005,28211677
5,4,0,1,1,4,42,30,7,2,0.13340075333333334,1006,28219596
10,3,3,4,4,6,53,19,30,3,0.2100517816666667,1007,28227515
10,5,4,1,4,6,52,20,31,4,0.3285868059722222,1008,28235434
9,3,4,2,3,6,60,12,29,3,0.3856813270833333,1009,28243353
10,4,4,2,4,6,49,23,26,4,0.3979929536111111,1010,28251272
2,0,1,1,0,2,15,57,0,1,0.055010836111111114,1011,28259191
9,2,6,1,1,8,59,13,21,2,0.29717116611111105,1012,28267110
6,1,4,1,1,5,48,24,7,3,0.21498094652777777,1013,28275029
4,3,0,1,1,3,45,27,10,2,0.1959109488888889,1014,28282948
5,3,2,0,2,3,29,43,9,2,0.10981168680555556,1015,28290867
9,7,2,0,4,5,58,14,30,2,0.2294193811111111,1016,28298786
10,6,3,1,4,6,69,3,44,4,0.37340730111111115,1017,28306705
4,0,2,2,1,3,29,43,0,1,0.11091902152777777,1018,28314624
10,8,1,1,3,7,58,14,30,4,0.30378162208333337,1019,28322543
6,2,2,2,4,2,38,34,23,3,0.19875024680555556,1020,28330462
6,2,2,2,3,3,45,27,7,2,0.19859454500000004,1021,28338381
4,4,0,0,2,2,38,34,17,2,0.12497918027777777,1022,28346300
2,1,1,0,1,1,14,58,0,1,0.06704622194444444,1023,28354219
7,3,4,0,0,7,40,32,19,2,0.30656392875,1024,28362138
7,3,2,2,3,4,44,28,20,3,0.2223684047222222,1025,28370057
5,4,0,1,2,3,57,15,15,2,0.3097273355555556,1026,28377976
6,3,2,1,3,3,44,28,5,2,0.21927201111111114,1027,28385895
5,3,0,2,1,4,30,42,6,2,0.21828369361111108,1028,28393814
6,3,1,2,4,2,43,29,16,2,0.2538513690277778,1029,28401733
12,8,3,1,3,9,66,6,49,3,0.36544359749999994,1030,28409652
11,5,3,3,3,8,45,27,30,5,0.2985388393055556,1031,28417571
9,5,2,2,3,6,45,27,24,4,0.2534225545833333,1032,28425490
8,2,3,3,2,6,51,21,16,3,0.3012334575,1033,28433409
3,1,1,1,2,1,18,54,4,2,0.0677747211111111,1034,28441328
8,4,3,1,2,6,56,16,11,3,0.32409462930555555,1035,28449247
8,4,2,2,5,3,51,21,15,3,0.19446451569444445,1036,28457166
4,3,0,1,1,3,26,46,8,2,0.1600680048611111,1037,28465085
4,3,0,1,2,2,39,33,10,3,0.1545543025,1038,28473004
5,3,2,0,0,5,41,31,13,3,0.34433711916666665,1039,28480923
10,4,4,2,5,5,60,12,32,4,0.3446597343055556,1040,28488842
4,3,0,1,2,2,30,42,10,2,0.10917508666666667,1041,28496761
2,0,1,1,1,1,24,48,0,1,0.06187938708333333,1042,28504680
6,3,2,1,3,3,43,29,6,2,0.18374857583333334,1043,28512599
9,2,4,3,3,6,43,29,18,3,0.2584849259722222,1044,28520518
9,3,3,3,5,4,51,21,26,3,0.2931972052777778,1045,28528437
5,1,0,4,2,3,41,31,19,2,0.11998371166666669,1046,28536356
7,3,0,4,0,7,45,27,13,3,0.26665201208333333,1047,28544275
8,4,2,2,4,4,40,32,29,4,0.22575741902777777,1048,28552194
4,1,3,0,0,4,32,40,9,2,0.13244643861111113,1049,28560113
7,2,4,1,3,4,49,23,7,2,0.20724823611111112,1050,28568032
8,3,4,1,4,4,59,13,17,3,0.19687945263888892,1051,28575951
9,5,4,0,1,8,59,13,31,3,0.42213286277777784,1052,28583870
4,3,0,1,2,2,42,30,9,2,0.15823747069444444,1053,28591789
7,5,1,1,2,5,46,26,21,2,0.26441818208333334,1054,28599708
6,1,3,2,2,4,27,45,10,3,0.16091446222222222,1055,28607627
7,5,1,1,3,4,55,17,21,3,0.2004329325,1056,28615546
11,7,2,2,4,7,67,5,31,5,0.4495736216666667,1057,28623465
5,2,1,2,1,4,37,35,21,3,0.3096015693055556,1058,28631384
7,4,1,2,3,4,69,3,38,3,0.24243989472222222,1059,28639303
8,4,4,0,0,8,56,16,17,3,0.4110240080555555,1060,28647222
4,1,2,1,0,4,26,46,2,2,0.09428538638888889,1061,28655141
3,1,2,0,1,2,22,50,0,1,0.08056158569444444,1062,28663060
5,1,1,3,1,4,34,38,12,2,0.2162727873611111,1063,28670979
5,3,2,0,2,3,57,15,4,2,0.2147762023611111,1064,28678898
6,4,0,2,2,4,47,25,25,3,0.26222055833333335,1065,28686817
4,1,2,1,1,3,31,41,0,1,0.0988457676388889,1066,28694736
5,1,1,3,5,0,43,29,10,2,0.17271759875,1067,28702655
3,0,2,1,1,2,20,52,8,2,0.0506743225,1068,28710574
7,4,1,2,2,5,48,24,15,2,0.19403524041666664,1069,28718493
8,4,1,3,2,6,44,28,26,4,0.2007273202777778,1070,28726412
5,1,1,3,2,3,33,39,7,3,0.1464288901388889,1071,28734331
6,4,1,1,5,1,33,39,22,3,0.22341924111111114,1072,28742250
6,4,2,0,1,5,37,35,13,2,0.21205061819444446,1073,28750169
3,0,1,2,1,2,27,45,3,2,0.11319234069444445,1074,28758088
6,2,3,1,1,5,33,39,11,3,0.154073175,1075,28766007
6,4,1,1,4,2,52,20,15,2,0.16580173319444447,1076,28773926
7,2,1,4,6,1,48,24,17,3,0.2363131106944444,1077,28781845
4,3,0,1,1,3,40,32,9,2,0.22003748444444443,1078,28789764
7,5,2,0,2,5,42,30,25,3,0.24315950027777777,1079,28797683
7,3,2,2,2,5,52,20,22,3,0.28293135444444445,1080,28805602
7,6,1,0,2,5,57,15,22,2,0.2707880208333333,1081,28813521
4,0,2,2,1,3,39,33,0,1,0.11437705097222223,1082,28821440
4,0,4,0,1,3,23,49,6,3,0.07723944041666668,1083,28829359
0,0,0,0,0,0,0,72,0,0,0.0,1084,28837278
9,5,2,2,4,5,54,18,20,3,0.15632013916666665,1085,28845197
8,4,3,1,3,5,47,25,30,5,0.19685624444444447,1086,28853116
5,2,2,1,3,2,31,41,12,2,0.1439352186111111,1087,28861035
7,1,4,2,4,3,45,27,19,3,0.16997003958333334,1088,28868954
9,6,3,0,4,5,53,19,27,5,0.29451326388888893,1089,28876873
12,5,4,3,1,11,55,17,24,5,0.391415175,1090,28884792
9,3,4,2,4,5,35,37,18,5,0.21291687888888886,1091,28892711
4,0,1,3,1,3,28,44,13,2,0.16620447291666665,1092,28900630
4,1,2,1,2,2,37,35,4,2,0.17182871041666667,1093,28908549
7,5,1,1,1,6,55,17,16,3,0.32231795319444445,1094,28916468
4,3,0,1,2,2,31,41,1,2,0.13645701305555555,1095,28924387
6,5,1,0,1,5,64,8,19,3,0.3770665463888889,1096,28932306
5,2,2,1,2,3,56,16,16,2,0.2773690991666667,1097,28940225
8,4,3,1,4,4,54,18,16,3,0.22086556152777778,1098,28948144
7,4,0,3,2,5,52,20,28,3,0.3043906273611111,1099,28956063
8,4,2,2,3,5,39,33,21,3,0.24531394819444444,1100,28963982
7,3,4,0,2,5,39,33,24,2,0.17337099250000002,1101,28971901
3,1,0,2,2,1,30,42,0,1,0.11333610694444445,1102,28979820
6,6,0,0,2,4,52,20,11,2,0.20038687763888893,1103,28987739
3,2,0,1,2,1,33,39,0,1,0.11418443666666667,1104,28995658
10,4,2,4,3,7,57,15,26,4,0.30316649375,1105,29003577
7,5,1,1,5,2,42,30,26,3,0.17562958430555556,1106,29011496
8,3,2,3,3,5,41,31,8,5,0.24963211833333332,1107,29019415
5,3,2,0,3,2,46,26,14,2,0.19838843527777775,1108,29027334
6,5,0,1,2,4,55,17,30,3,0.19108649249999998,1109,29035253
9,4,2,3,4,5,61,11,24,5,0.3180324266666667,1110,29043172
6,4,2,0,1,5,56,16,26,4,0.22781067402777774,1111,29051091
3,1,1,1,1,2,24,48,8,2,0.07959911527777778,1112,29059010
9,3,3,3,3,6,56,16,23,3,0.3265701468055556,1113,29066929
4,2,1,1,1,3,41,31,5,2,0.09287466791666667,1114,29074848
7,4,2,1,4,3,39,33,14,2,0.15205471625,1115,29082767
7,5,0,2,3,4,34,38,30,3,0.1302025172222222,1116,29090686
2,2,0,0,1,1,22,50,5,2,0.07199197638888889,1117,29098605
9,2,4,3,2,7,62,10,25,3,0.4218372265277778,1118,29106524
3,1,0,2,0,3,29,43,2,2,0.13043730694444447,1119,29114443
5,4,1,0,1,4,29,43,11,2,0.12221413166666667,1120,29122362
7,4,2,1,3,4,48,24,22,3,0.28493323694444445,1121,29130281
5,2,1,2,1,4,28,44,18,3,0.15770843597222223,1122,29138200
8,4,2,2,4,4,57,15,20,3,0.26896949444444446,1123,29146119
6,3,1,2,0,6,56,16,0,1,0.23934740458333328,1124,29154038
4,1,0,3,2,2,27,45,1,2,0.10846893986111111,1125,29161957
3,2,0,1,1,2,26,46,5,2,0.08684792638888889,1126,29169876
8,4,4,0,4,4,47,25,19,3,0.1623624472222222,1127,29177795
6,2,3,1,2,4,48,24,5,2,0.21573304347222225,1128,29185714
8,2,3,3,4,4,39,33,24,4,0.20622346319444446,1129,29193633
5,0,1,4,3,2,33,39,5,2,0.2081225623611111,1130,29201552
12,7,3,2,2,10,63,9,29,4,0.3620187920833333,1131,29209471
6,3,2,1,1,5,43,29,8,2,0.18279228,1132,29217390
2,0,1,1,1,1,11,61,0,1,0.053826519861111116,1133,29225309
5,1,3,1,1,4,27,45,16,3,0.13287625902777778,1134,29233228
9,3,5,1,2,7,55,17,22,3,0.31810496194444443,1135,29241147
6,1,4,1,4,2,50,22,14,2,0.24022242041666667,1136,29249066
7,3,3,1,1,6,46,26,9,2,0.21281880791666666,1137,29256985
6,1,2,3,2,4,28,44,11,3,0.10737849972222221,1138,29264904
7,4,1,2,2,5,54,18,11,3,0.20107596069444444,1139,29272823
9,4,3,2,3,6,52,20,22,4,0.28938688888888886,1140,29280742
3,1,0,2,1,2,28,44,5,2,0.16297670083333332,1141,29288661
8,4,4,0,4,4,57,15,25,2,0.29718018611111113,1142,29296580
10,4,4,2,5,5,55,17,26,3,0.1585513151388889,1143,29304499
11,6,2,3,6,5,48,24,31,4,0.2777177631944444,1144,29312418
8,1,3,4,2,6,43,29,18,4,0.18594478194444447,1145,29320337
9,5,1,3,5,4,49,23,20,4,0.29488706263888886,1146,29328256
8,2,3,3,1,7,26,46,11,3,0.1816986727777778,1147,29336175
7,4,1,2,2,5,43,29,21,3,0.19467253708333335,1148,29344094
8,5,1,2,2,6,54,18,33,4,0.3526736347222223,1149,29352013
6,3,2,1,1,5,48,24,20,3,0.2641830129166667,1150,29359932
7,1,4,2,0,7,37,35,15,4,0.2546526286111111,1151,29367851
8,3,4,1,1,7,45,27,27,4,0.2392899048611111,1152,29375770
7,3,2,2,4,3,42,30,21,3,0.18549891138888888,1153,29383689
5,1,1,3,1,4,38,34,8,2,0.14171276083333334,1154,29391608
7,3,3,1,3,4,48,24,33,2,0.1767881391666667,1155,29399527
5,2,1,2,2,3,39,33,5,2,0.14592752375,1156,29407446
9,5,2,2,3,6,56,16,17,3,0.3148245058333333,1157,29415365
3,2,1,0,1,2,19,53,5,2,0.09579694097222223,1158,29423284
6,1,1,4,2,4,30,42,18,3,0.23840114916666666,1159,29431203
3,2,0,1,2,1,29,43,0,1,0.1288472525,1160,29439122
5,3,1,1,2,3,39,33,10,3,0.19544179430555556,1161,29447041
7,1,2,4,3,4,39,33,19,3,0.2046622386111111,1162,29454960
5,2,1,2,2,3,37,35,14,3,0.1885125501388889,1163,29462879
5,2,1,2,3,2,30,42,24,3,0.20499921972222224,1164,29470798
3,3,0,0,1,2,22,50,10,2,0.10770538930555557,1165,29478717
9,5,2,2,4,5,53,19,14,4,0.3046148934722222,1166,29486636
4,2,1,1,1,3,33,39,8,2,0.19238405611111112,1167,29494555
10,5,2,3,5,5,47,25,30,3,0.2587488165277778,1168,29502474
7,4,0,3,2,5,48,24,26,3,0.2629852645833333,1169,29510393
2,1,0,1,0,2,16,56,0,1,0.04962207791666667,1170,29518312
8,2,2,4,4,4,48,24,30,3,0.1481140986111111,1171,29526231
8,3,3,2,3,5,46,26,7,2,0.2365988466666666,1172,29534150
1,0,0,1,1,0,7,65,0,1,0.03286144736111111,1173,29542069
6,3,1,2,4,2,41,31,16,3,0.16441097402777777,1174,29549988
8,2,2,4,1,7,44,28,8,2,0.1893532663888889,1175,29557907
8,2,3,3,5,3,57,15,21,3,0.28471978833333333,1176,29565826
8,3,2,3,3,5,39,33,24,3,0.2764918229166667,1177,29573745
6,0,3,3,1,5,33,39,22,3,0.22383313333333335,1178,29581664
4,3,0,1,2,2,27,45,18,3,0.05144026291666667,1179,29589583
3,2,0,1,2,1,28,44,0,1,0.12923097402777778,1180,29597502
11,8,1,2,3,8,58,14,33,4,0.36737282416666667,1181,29605421
7,5,1,1,4,3,61,11,11,2,0.2426229908333333,1182,29613340
10,4,3,3,5,5,46,26,31,4,0.15396720527777777,1183,29621259
3,1,2,0,1,2,15,57,6,2,0.03454868361111111,1184,29629178
4,3,1,0,1,3,27,45,1,2,0.19758739763888888,1185,29637097
11,7,2,2,2,9,49,23,27,3,0.28140851833333336,1186,29645016
10,5,3,2,2,8,63,9,28,3,0.35239201124999997,1187,29652935
8,5,1,2,4,4,55,17,32,3,0.3500670465277778,1188,29660854
7,5,0,2,3,4,50,22,19,3,0.2576056761111111,1189,29668773
9,3,3,3,2,7,50,22,19,3,0.33270405486111115,1190,29676692
7,2,3,2,3,4,42,30,20,5,0.17304430222222222,1191,29684611
4,1,1,2,2,2,34,38,9,2,0.12903119111111114,1192,29692530
5,3,2,0,2,3,34,38,8,2,0.16889400236111113,1193,29700449
5,3,1,1,1,4,31,41,11,2,0.1399700473611111,1194,29708368
8,5,3,0,0,8,66,6,33,3,0.31294331666666664,1195,29716287
6,4,1,1,2,4,45,27,18,4,0.19755398194444446,1196,29724206
5,2,2,1,3,2,38,34,9,2,0.13992693847222223,1197,29732125
7,5,0,2,5,2,38,34,27,3,0.2714392223611111,1198,29740044
12,5,5,2,4,8,54,18,33,3,0.3473501136111111,1199,29747963
7,3,3,1,1,6,51,21,26,2,0.28274128527777775,1200,29755882
13,5,4,4,4,9,51,21,30,5,0.31990327555555553,1201,29763801
6,1,1,4,2,4,42,30,9,2,0.19220183805555557,1202,29771720
9,5,3,1,3,6,59,13,31,3,0.30688178930555554,1203,29779639
3,2,0,1,0,3,24,48,0,1,0.08235545305555554,1204,29787558
4,3,0,1,2,2,37,35,10,2,0.17269626930555557,1205,29795477
6,4,2,0,2,4,40,32,9,2,0.18511617847222223,1206,29803396
3,1,2,0,0,3,36,36,2,2,0.1761648240277778,1207,29811315
3,0,3,0,1,2,22,50,5,2,0.08051598208333333,1208,29819234
11,6,4,1,5,6,66,6,28,4,0.46182712736111103,1209,29827153
12,7,2,3,5,7,63,9,28,5,0.3739430469444444,1210,29835072
7,5,2,0,4,3,49,23,9,3,0.1873820448611111,1211,29842991
5,3,0,2,2,3,50,22,17,2,0.24325169333333335,1212,29850910
3,0,0,3,2,1,19,53,5,2,0.05720224291666666,1213,29858829
6,1,3,2,1,5,36,36,19,2,0.22279770638888888,1214,29866748
5,3,2,0,0,5,36,36,8,3,0.21819808708333335,1215,29874667
3,1,0,2,2,1,26,46,7,2,0.10392127027777777,1216,29882586
6,4,0,2,3,3,49,23,18,2,0.20855421902777777,1217,29890505
4,1,2,1,1,3,38,34,4,2,0.13914004569444444,1218,29898424
6,1,4,1,3,3,38,34,14,2,0.21559322250000001,1219,29906343
8,4,2,2,3,5,42,30,23,3,0.1561839373611111,1220,29914262
3,2,0,1,0,3,29,43,0,1,0.15237041708333335,1221,29922181
9,5,3,1,2,7,50,22,27,3,0.3167648261111111,1222,29930100
6,2,1,3,2,4,35,37,13,2,0.20323688305555557,1223,29938019
7,3,2,2,3,4,53,19,11,4,0.2651375622222222,1224,29945938
6,4,1,1,2,4,54,18,3,2,0.25557922680555556,1225,29953857
4,2,2,0,1,3,49,23,1,2,0.22519132875,1226,29961776
10,8,2,0,3,7,64,8,16,3,0.28026066180555553,1227,29969695
1,0,0,1,0,1,11,61,0,1,0.03866870916666667,1228,29977614
2,0,2,0,0,2,17,55,0,1,0.05082781319444444,1229,29985533
4,2,0,2,1,3,39,33,0,1,0.12337720527777776,1230,29993452
7,4,3,0,3,4,46,26,21,2,0.19980148541666665,1231,30001371
4,3,0,1,1,3,41,31,19,2,0.2295537091666667,1232,30009290
4,1,3,0,0,4,32,40,4,2,0.15632867083333335,1233,30017209
10,6,4,0,1,9,39,33,18,5,0.47792859805555565,1234,30025128
10,6,0,4,3,7,46,26,26,4,0.3767998152777778,1235,30033047
10,3,4,3,2,8,50,22,34,4,0.2694173458333333,1236,30040966
6,4,2,0,1,5,46,26,15,2,0.21469924125,1237,30048885
7,1,3,3,4,3,43,29,7,3,0.2186420406944444,1238,30056804
5,4,1,0,4,1,44,28,0,1,0.1452055586111111,1239,30064723
4,2,1,1,3,1,29,43,4,2,0.1433314873611111,1240,30072642
5,2,2,1,0,5,33,39,16,2,0.20655278472222222,1241,30080561
7,4,0,3,3,4,35,37,24,3,0.2077714988888889,1242,30088480
10,6,2,2,2,8,55,17,29,3,0.33253410111111115,1243,30096399
4,4,0,0,2,2,40,32,2,2,0.0974778738888889,1244,30104318
9,2,3,4,3,6,51,21,28,3,0.16542466777777778,1245,30112237
6,4,1,1,3,3,49,23,16,3,0.3048385197222222,1246,30120156
10,3,6,1,3,7,59,13,25,3,0.4122926973611111,1247,30128075
9,3,4,2,3,6,55,17,20,3,0.21765549513888888,1248,30135994
3,2,1,0,2,1,39,33,0,1,0.1449310988888889,1249,30143913
7,4,3,0,4,3,49,23,7,2,0.2370008701388889,1250,30151832
7,4,2,1,6,1,54,18,15,3,0.23047505861111114,1251,30159751
7,4,2,1,1,6,60,12,11,2,0.2808238430555556,1252,30167670
5,3,2,0,0,5,47,25,8,2,0.19443962291666667,1253,30175589
3,2,1,0,1,2,30,42,14,2,0.09293183541666666,1254,30183508
6,3,3,0,2,4,57,15,19,2,0.24096714958333335,1255,30191427
6,4,2,0,1,5,32,40,20,2,0.24710059777777774,1256,30199346
7,2,4,1,2,5,40,32,24,3,0.1520354638888889,1257,30207265
5,1,2,2,3,2,38,34,0,1,0.19310944416666664,1258,30215184
4,2,1,1,1,3,32,40,7,2,0.09901745125,1259,30223103
6,4,2,0,2,4,34,38,8,2,0.20711552777777775,1260,30231022
6,3,2,1,3,3,35,37,16,3,0.1638654601388889,1261,30238941
10,2,6,2,3,7,49,23,28,3,0.2279895748611111,1262,30246860
11,8,3,0,1,10,66,6,25,3,0.45848680583333334,1263,30254779
8,7,0,1,2,6,58,14,19,2,0.3826550284722222,1264,30262698
3,1,2,0,0,3,29,43,3,2,0.16043724416666666,1265,30270617
5,1,2,2,0,5,49,23,3,2,0.22405710027777775,1266,30278536
6,1,3,2,2,4,36,36,7,2,0.18716589125000002,1267,30286455
6,1,2,3,3,3,33,39,14,3,0.15400850388888887,1268,30294374
7,4,1,2,2,5,38,34,22,4,0.11833109430555555,1269,30302293
11,6,3,2,6,5,58,14,42,3,0.20735184083333336,1270,30310212
3,1,0,2,2,1,36,36,6,2,0.1489881109722222,1271,30318131
7,5,1,1,4,3,45,27,16,4,0.17475754583333336,1272,30326050
9,3,3,3,4,5,44,28,12,4,0.22674801819444446,1273,30333969
3,0,2,1,2,1,19,53,9,2,0.053089456111111114,1274,30341888
1,1,0,0,0,1,6,66,0,1,0.025024688472222223,1275,30349807
6,4,1,1,1,5,62,10,23,3,0.31147631513888885,1276,30357726
9,5,3,1,4,5,65,7,14,3,0.3350078359722222,1277,30365645
5,3,1,1,0,5,34,38,10,3,0.20939419,1278,30373564
9,2,4,3,4,5,48,24,23,3,0.2298051280555555,1279,30381483
5,2,2,1,0,5,35,37,8,2,0.20478787166666665,1280,30389402
6,2,3,1,2,4,53,19,14,2,0.23968724319444443,1281,30397321
9,4,3,2,6,3,63,9,19,2,0.368355675,1282,30405240
3,0,2,1,1,2,26,46,0,1,0.116506865,1283,30413159
10,5,4,1,1,9,44,28,34,5,0.3409320406944445,1284,30421078
3,1,0,2,2,1,23,49,0,1,0.14439530902777775,1285,30428997
4,2,1,1,1,3,28,44,12,2,0.11705031499999999,1286,30436916
9,4,3,2,1,8,55,17,27,3,0.3182937834722222,1287,30444835
5,2,3,0,1,4,37,35,7,2,0.207909485,1288,30452754
5,1,3,1,0,5,26,46,9,3,0.1605907086111111,1289,30460673
6,3,2,1,1,5,30,42,15,3,0.14907112180555557,1290,30468592
8,5,1,2,3,5,51,21,35,4,0.4018547798611112,1291,30476511
5,2,1,2,3,2,36,36,5,2,0.12987019,1292,30484430
6,2,3,1,4,2,32,40,11,3,0.14160555041666667,1293,30492349
10,6,3,1,5,5,60,12,37,4,0.33848397652777773,1294,30500268
9,5,3,1,3,6,51,21,22,3,0.3031211747222222,1295,30508187
7,5,2,0,1,6,51,21,22,2,0.22157699111111112,1296,30516106
5,1,4,0,3,2,25,47,17,3,0.15621278291666668,1297,30524025
4,2,1,1,1,3,46,26,2,2,0.26600750138888896,1298,30531944
6,1,2,3,3,3,42,30,19,2,0.2467993348611111,1299,30539863
3,1,2,0,1,2,18,54,6,2,0.05600866277777778,1300,30547782
6,5,0,1,2,4,54,18,21,3,0.25895507652777777,1301,30555701
6,4,1,1,4,2,37,35,16,4,0.13350547972222224,1302,30563620
7,2,2,3,3,4,45,27,11,3,0.19878135694444443,1303,30571539
8,4,3,1,4,4,49,23,25,3,0.24848474027777773,1304,30579458
6,2,2,2,1,5,36,36,18,3,0.21341517124999998,1305,30587377
6,3,2,1,3,3,63,9,10,2,0.22161091375000003,1306,30595296
1,1,0,0,1,0,13,59,0,1,0.0696661573611111,1307,30603215
5,4,0,1,2,3,41,31,10,2,0.12795578152777776,1308,30611134
2,0,1,1,0,2,25,47,0,1,0.09511515805555555,1309,30619053
8,3,5,0,1,7,57,15,10,2,0.3005354820833333,1310,30626972
4,2,2,0,2,2,33,39,2,2,0.13370660666666667,1311,30634891
9,4,2,3,4,5,47,25,30,4,0.32113578430555556,1312,30642810
5,1,3,1,1,4,26,46,5,3,0.10875088194444443,1313,30650729
8,4,2,2,3,5,49,23,19,3,0.29462755416666664,1314,30658648
8,4,2,2,2,6,47,25,27,3,0.20572047666666665,1315,30666567
6,3,3,0,2,4,31,41,9,4,0.13162159708333332,1316,30674486
3,3,0,0,2,1,32,40,4,2,0.21419076180555555,1317,30682405
3,2,0,1,0,3,12,60,0,1,0.05576823930555556,1318,30690324
5,3,2,0,1,4,32,40,13,3,0.16812332055555557,1319,30698243
4,2,1,1,0,4,23,49,0,1,0.08677335416666668,1320,30706162
5,3,1,1,2,3,32,40,15,3,0.17283845652777777,1321,30714081
6,3,2,1,1,5,38,34,30,3,0.22160559458333332,1322,30722000
9,4,1,4,3,6,59,13,13,3,0.2680209506944444,1323,30729919
2,0,2,0,1,1,10,62,0,1,0.05449274291666666,1324,30737838
6,5,1,0,2,4,39,33,25,4,0.13912868763888891,1325,30745757
10,4,2,4,7,3,61,11,25,4,0.3502130008333333,1326,30753676
1,0,1,0,0,1,12,60,0,1,0.03551120541666667,1327,30761595
5,3,2,0,2,3,51,21,10,2,0.1814797072222222,1328,30769514
6,2,3,1,2,4,43,29,23,3,0.23240022333333332,1329,30777433
5,3,1,1,2,3,49,23,16,2,0.23644184166666665,1330,30785352
6,3,2,1,3,3,41,31,8,2,0.1612543522222222,1331,30793271
13,7,6,0,4,9,68,4,59,5,0.3354499463888889,1332,30801190
7,2,3,2,2,5,54,18,14,3,0.2587674465277778,1333,30809109
6,3,0,3,3,3,43,29,22,3,0.19826125819444443,1334,30817028
4,2,2,0,1,3,26,46,0,1,0.112677575,1335,30824947
8,2,2,4,3,5,56,16,12,3,0.23656324583333335,1336,30832866
9,3,4,2,5,4,44,28,25,3,0.21800990222222222,1337,30840785
7,3,2,2,3,4,47,25,12,2,0.21793384055555554,1338,30848704
4,2,2,0,2,2,31,41,14,3,0.10645840430555555,1339,30856623
2,2,0,0,0,2,27,45,3,2,0.08528914916666668,1340,30864542
5,2,1,2,0,5,38,34,17,3,0.24685599319444446,1341,30872461
2,1,1,0,1,1,20,52,0,1,0.04227992930555556,1342,30880380
5,3,0,2,3,2,48,24,26,2,0.21700502541666666,1343,30888299
5,3,2,0,2,3,41,31,0,1,0.13222529763888888,1344,30896218
5,5,0,0,1,4,46,26,7,2,0.28888756458333337,1345,30904137
7,4,2,1,3,4,54,18,30,3,0.40740672625,1346,30912056
8,2,4,2,2,6,44,28,11,4,0.36024441319444445,1347,30919975
7,3,1,3,3,4,38,34,13,2,0.13833639930555555,1348,30927894
6,2,2,2,0,6,42,30,7,2,0.2385503501388889,1349,30935813
2,0,1,1,1,1,19,53,0,1,0.11847496,1350,30943732
5,3,1,1,2,3,40,32,5,2,0.13368294013888887,1351,30951651
6,4,1,1,3,3,47,25,5,2,0.23439213736111109,1352,30959570
4,2,1,1,0,4,34,38,0,1,0.12488343652777775,1353,30967489
8,5,3,0,4,4,48,24,29,4,0.3153366976388889,1354,30975408
12,4,6,2,3,9,67,5,34,3,0.3430875916666667,1355,30983327
8,4,1,3,2,6,52,20,25,3,0.27499806777777774,1356,30991246
3,3,0,0,0,3,26,46,0,1,0.08325072375,1357,30999165
5,1,4,0,1,4,30,42,8,3,0.17132025250000002,1358,31007084
3,1,0,2,1,2,27,45,4,2,0.13824578069444446,1359,31015003
5,2,3,0,1,4,33,39,10,2,0.19323359597222223,1360,31022922
9,5,2,2,2,7,52,20,29,4,0.23277909763888893,1361,31030841
4,4,0,0,1,3,39,33,11,2,0.1502496248611111,1362,31038760
8,4,3,1,1,7,41,31,26,4,0.3548678036111111,1363,31046679
7,1,3,3,2,5,51,21,7,2,0.28459443791666666,1364,31054598
11,5,2,4,4,7,51,21,30,5,0.3077366948611111,1365,31062517
6,3,2,1,3,3,37,35,21,3,0.09623063125,1366,31070436
6,3,3,0,1,5,38,34,10,3,0.2530766430555556,1367,31078355
6,3,1,2,2,4,38,34,20,3,0.16222299152777778,1368,31086274
3,1,2,0,0,3,23,49,5,2,0.09911941916666667,1369,31094193
8,5,2,1,3,5,52,20,21,4,0.23003828013888888,1370,31102112
10,5,2,3,5,5,60,12,21,4,0.27315356611111113,1371,31110031
5,2,1,2,2,3,36,36,13,3,0.1307334111111111,1372,31117950
5,3,0,2,1,4,40,32,11,2,0.19098423833333333,1373,31125869
7,5,2,0,1,6,49,23,24,3,0.17474356138888889,1374,31133788
11,6,3,2,1,10,57,15,22,4,0.4090140752777778,1375,31141707
4,2,1,1,2,2,36,36,10,3,0.13097567472222224,1376,31149626
5,1,3,1,3,2,35,37,15,4,0.23339651125,1377,31157545
7,4,2,1,0,7,48,24,14,3,0.2730584540277778,1378,31165464
2,1,1,0,1,1,18,54,0,1,0.09408180430555554,1379,31173383
5,4,1,0,1,4,37,35,12,2,0.15196993944444445,1380,31181302
3,1,1,1,2,1,31,41,3,2,0.10107231763888888,1381,31189221
7,2,2,3,3,4,51,21,23,4,0.17284284875000003,1382,31197140
6,3,1,2,1,5,52,20,5,2,0.20700864333333335,1383,31205059
9,4,3,2,3,6,47,25,31,3,0.2262479290277778,1384,31212978
9,3,3,3,2,7,53,19,21,3,0.2662807422222222,1385,31220897
7,4,2,1,2,5,36,36,23,3,0.16333194708333332,1386,31228816
7,3,3,1,1,6,37,35,10,2,0.20338716930555553,1387,31236735
6,3,2,1,3,3,34,38,21,4,0.18442721805555554,1388,31244654
9,5,2,2,3,6,55,17,34,3,0.35668050791666667,1389,31252573
5,3,2,0,1,4,39,33,7,3,0.2269160495833333,1390,31260492
5,1,3,1,4,1,33,39,6,2,0.1784156027777778,1391,31268411
11,4,4,3,3,8,60,12,24,3,0.2962164061111111,1392,31276330
6,2,1,3,3,3,47,25,11,2,0.19635465027777776,1393,31284249
5,1,2,2,2,3,33,39,14,3,0.10798255388888889,1394,31292168
7,5,1,1,2,5,60,12,26,3,0.20034598819444444,1395,31300087
9,5,2,2,3,6,47,25,32,3,0.2748381601388889,1396,31308006
7,4,2,1,1,6,43,29,16,4,0.32982104444444443,1397,31315925
4,3,0,1,1,3,26,46,8,2,0.12683376847222222,1398,31323844
3,3,0,0,1,2,31,41,0,1,0.14026044152777778,1399,31331763
9,7,0,2,4,5,72,0,39,3,0.3375324229166667,1400,31339682
6,4,1,1,1,5,47,25,14,3,0.23988600458333334,1401,31347601
6,4,1,1,1,5,35,37,15,4,0.2034505686111111,1402,31355520
6,1,3,2,2,4,37,35,25,3,0.14842341291666664,1403,31363439
4,3,1,0,2,2,38,34,10,2,0.11158273152777778,1404,31371358
4,1,1,2,2,2,22,50,8,2,0.1684924451388889,1405,31379277
3,2,1,0,0,3,24,48,3,2,0.09953490222222222,1406,31387196
5,0,1,4,3,2,38,34,10,2,0.1320865376388889,1407,31395115
7,1,3,3,1,6,30,42,9,5,0.14936853291666666,1408,31403034
3,1,2,0,2,1,18,54,5,2,0.07328885027777778,1409,31410953
9,6,1,2,4,5,51,21,26,3,0.3052080591666667,1410,31418872
6,4,2,0,0,6,42,30,26,3,0.31764902027777775,1411,31426791
15,7,4,4,4,11,61,11,48,4,0.42656743708333333,1412,31434710
12,2,5,5,5,7,64,8,32,5,0.37570242722222225,1413,31442629
10,5,4,1,1,9,60,12,15,4,0.3581665916666667,1414,31450548
10,5,2,3,5,5,67,5,41,3,0.2440408473611111,1415,31458467
7,3,1,3,2,5,47,25,14,3,0.20024869166666667,1416,31466386
6,2,3,1,2,4,44,28,18,2,0.15498959375,1417,31474305
6,2,3,1,2,4,32,40,12,3,0.14635566291666668,1418,31482224
7,4,1,2,1,6,42,30,29,3,0.2614619879166667,1419,31490143
5,3,2,0,0,5,31,41,10,2,0.1467379123611111,1420,31498062
5,3,1,1,1,4,36,36,6,2,0.2928146084722222,1421,31505981
8,4,2,2,1,7,60,12,19,3,0.2527623191666667,1422,31513900
7,3,1,3,5,2,47,25,9,3,0.2503976376388889,1423,31521819
7,4,2,1,2,5,42,30,21,3,0.2652337798611111,1424,31529738
8,4,4,0,2,6,55,17,19,3,0.30340527125,1425,31537657
5,3,2,0,2,3,31,41,24,2,0.2912225031944444,1426,31545576
5,1,1,3,1,4,30,42,4,2,0.1030291713888889,1427,31553495
8,4,2,2,4,4,54,18,26,3,0.27696545124999994,1428,31561414
5,3,1,1,1,4,27,45,23,2,0.11976295416666666,1429,31569333
3,1,1,1,1,2,24,48,9,2,0.16306824,1430,31577252
5,4,0,1,2,3,32,40,14,3,0.17256637416666665,1431,31585171
3,2,0,1,2,1,23,49,4,2,0.1342219663888889,1432,31593090
7,3,4,0,1,6,38,34,7,3,0.25965188624999996,1433,31601009
8,1,5,2,2,6,46,26,18,3,0.1477116125,1434,31608928
4,1,1,2,1,3,28,44,9,3,0.13726881916666667,1435,31616847
6,3,2,1,1,5,36,36,23,3,0.20763547,1436,31624766
6,3,2,1,3,3,42,30,9,2,0.16149774958333335,1437,31632685
4,1,1,2,2,2,33,39,9,2,0.07507703652777778,1438,31640604
9,7,2,0,3,6,52,20,21,4,0.2288898115277778,1439,31648523
5,3,2,0,0,5,41,31,5,2,0.20851361569444446,1440,31656442
9,5,4,0,1,8,49,23,34,4,0.28776732,1441,31664361
4,3,0,1,0,4,25,47,0,1,0.11849992833333332,1442,31672280
11,6,2,3,4,7,51,21,38,4,0.24608391680555558,1443,31680199
8,2,4,2,2,6,50,22,20,3,0.2119359451388889,1444,31688118
9,5,3,1,2,7,49,23,20,4,0.2976194920833333,1445,31696037
7,3,2,2,2,5,26,46,18,4,0.23094346263888887,1446,31703956
6,2,2,2,2,4,51,21,11,2,0.22185445374999999,1447,31711875
3,2,0,1,2,1,34,38,10,2,0.12131013597222223,1448,31719794
8,5,2,1,3,5,49,23,30,4,0.2434091431944444,1449,31727713
11,5,2,4,2,9,60,12,38,3,0.36752976541666665,1450,31735632
9,2,4,3,5,4,59,13,18,4,0.1852693561111111,1451,31743551
8,5,3,0,2,6,50,22,28,3,0.19337511666666668,1452,31751470
9,6,1,2,4,5,69,3,23,4,0.22386460513888887,1453,31759389
9,2,4,3,2,7,48,24,16,3,0.3297175005555556,1454,31767308
9,3,3,3,5,4,56,16,26,4,0.35909087819444446,1455,31775227
5,2,0,3,2,3,46,26,1,2,0.18407129777777775,1456,31783146
8,6,2,0,1,7,61,11,22,3,0.28037416430555556,1457,31791065
7,3,3,1,1,6,39,33,15,3,0.28882229138888893,1458,31798984
5,1,1,3,2,3,35,37,12,3,0.09305047083333334,1459,31806903
7,5,1,1,2,5,41,31,10,3,0.21260740208333334,1460,31814822
6,3,1,2,1,5,46,26,19,4,0.33656238027777774,1461,31822741
6,2,2,2,2,4,38,34,15,3,0.14287957791666667,1462,31830660
5,1,3,1,1,4,42,30,10,2,0.19651274236111116,1463,31838579
9,5,1,3,5,4,57,15,17,3,0.27321783,1464,31846498
2,1,0,1,0,2,16,56,0,1,0.057821697500000005,1465,31854417
6,3,1,2,5,1,41,31,9,2,0.21392058597222222,1466,31862336
9,6,1,2,3,6,55,17,14,3,0.26635906125,1467,31870255
8,4,3,1,2,6,59,13,17,3,0.17108624069444447,1468,31878174
1,0,1,0,1,0,7,65,0,1,0.0257358425,1469,31886093
5,3,2,0,3,2,40,32,8,2,0.18117076097222223,1470,31894012
15,7,4,4,5,10,64,8,56,6,0.3261355823611111,1471,31901931
5,1,2,2,1,4,26,46,2,2,0.09694926722222222,1472,31909850
8,3,2,3,4,4,53,19,21,2,0.22652269097222222,1473,31917769
2,0,1,1,1,1,11,61,0,1,0.041842428611111114,1474,31925688
7,5,1,1,1,6,57,15,14,3,0.3010491498611112,1475,31933607
4,2,1,1,3,1,40,32,11,2,0.16312841930555555,1476,31941526
5,1,2,2,1,4,38,34,7,2,0.25913091430555557,1477,31949445
2,1,1,0,2,0,11,61,8,2,0.08630655277777778,1478,31957364
9,3,2,4,6,3,56,16,24,3,0.2798205577777778,1479,31965283
7,5,0,2,2,5,54,18,19,3,0.2663581552777778,1480,31973202
8,5,2,1,2,6,39,33,16,4,0.22891005930555552,1481,31981121
5,2,3,0,2,3,33,39,11,3,0.1370621415277778,1482,31989040
6,2,4,0,3,3,48,24,14,3,0.12838933583333334,1483,31996959
6,1,3,2,2,4,40,32,18,3,0.19237055402777775,1484,32004878
1,0,0,1,0,1,4,68,0,1,0.021332468472222223,1485,32012797
5,2,2,1,2,3,40,32,18,3,0.27752572388888885,1486,32020716
6,3,2,1,1,5,50,22,19,2,0.31429802791666667,1487,32028635
9,6,0,3,4,5,51,21,26,4,0.27981392833333335,1488,32036554
5,2,2,1,0,5,34,38,10,2,0.1851040451388889,1489,32044473
7,2,2,3,3,4,46,26,15,3,0.3171707879166667,1490,32052392
7,4,1,2,3,4,47,25,19,2,0.31690538236111115,1491,32060311
6,5,1,0,2,4,65,7,40,3,0.3040047431944445,1492,32068230
7,2,3,2,2,5,41,31,20,3,0.19192562069444444,1493,32076149
6,4,2,0,1,5,33,39,14,3,0.20180056625,1494,32084068
12,6,5,1,3,9,70,2,42,4,0.47412155111111115,1495,32091987
3,0,1,2,1,2,22,50,3,2,0.07472576597222222,1496,32099906
4,1,1,2,1,3,27,45,10,2,0.06345247597222221,1497,32107825
6,4,1,1,0,6,38,34,5,2,0.21064685208333334,1498,32115744
6,2,3,1,0,6,54,18,4,2,0.25044263874999995,1499,32123663
9,2,4,3,5,4,46,26,21,4,0.15860951972222223,1500,32131582
5,2,3,0,1,4,34,38,14,2,0.17496982930555557,1501,32139501
5,3,2,0,1,4,40,32,9,2,0.21205280055555553,1502,32147420
6,2,2,2,2,4,45,27,11,2,0.2109496052777778,1503,32155339
2,1,0,1,2,0,28,44,1,2,0.10501015930555554,1504,32163258
7,2,3,2,1,6,38,34,17,4,0.1722761815277778,1505,32171177
13,8,2,3,4,9,59,13,42,4,0.3674818868055556,1506,32179096
5,3,1,1,1,4,31,41,9,2,0.16875666180555557,1507,32187015
7,5,2,0,3,4,60,12,19,3,0.24010529847222223,1508,32194934
5,2,2,1,1,4,38,34,21,2,0.15088605847222222,1509,32202853
3,1,0,2,2,1,32,40,0,1,0.1640187275,1510,32210772
5,2,1,2,1,4,31,41,7,3,0.16553413486111113,1511,32218691
8,5,3,0,2,6,45,27,22,3,0.17311471027777778,1512,32226610
5,2,1,2,2,3,45,27,0,1,0.1658678888888889,1513,32234529
9,6,2,1,2,7,60,12,28,4,0.3837627726388889,1514,32242448
6,4,1,1,3,3,62,10,11,2,0.2524543194444444,1515,32250367
4,0,1,3,1,3,26,46,9,2,0.15969549541666664,1516,32258286
11,7,2,2,5,6,68,4,48,3,0.43426783569444444,1517,32266205
6,4,0,2,3,3,40,32,20,3,0.20122549472222223,1518,32274124
6,4,2,0,1,5,39,33,16,3,0.17898026097222222,1519,32282043
6,4,1,1,1,5,29,43,5,2,0.13379958708333334,1520,32289962
5,4,0,1,1,4,45,27,20,3,0.20403577166666664,1521,32297881
5,3,0,2,4,1,43,29,22,3,0.27432622041666666,1522,32305800
6,3,1,2,2,4,53,19,18,3,0.31174425916666665,1523,32313719
5,3,0,2,1,4,28,44,15,3,0.07436162777777777,1524,32321638
5,2,1,2,2,3,35,37,14,3,0.12886639916666667,1525,32329557
4,2,0,2,2,2,36,36,0,1,0.21992719597222224,1526,32337476
9,4,2,3,5,4,56,16,35,3,0.3289759922222222,1527,32345395
7,5,2,0,3,4,35,37,20,4,0.23806731055555558,1528,32353314
6,4,1,1,2,4,36,36,12,2,0.18868491833333334,1529,32361233
6,3,2,1,1,5,37,35,9,4,0.23835183513888886,1530,32369152
11,3,5,3,3,8,55,17,33,4,0.3702743336111112,1531,32377071
7,5,2,0,2,5,54,18,29,3,0.20620355861111112,1532,32384990
6,5,1,0,3,3,34,38,21,2,0.15160910416666667,1533,32392909
8,3,5,0,1,7,30,42,18,3,0.24132239513888887,1534,32400828
6,3,3,0,2,4,42,30,16,4,0.30966842319444443,1535,32408747
7,1,5,1,2,5,28,44,8,3,0.19350085347222223,1536,32416666
5,5,0,0,1,4,39,33,5,2,0.17084416222222223,1537,32424585
0,0,0,0,0,0,0,72,0,0,0.0,1538,32432504
5,3,2,0,2,3,24,48,5,2,0.11687210486111112,1539,32440423
9,5,3,1,1,8,55,17,13,3,0.28416059430555557,1540,32448342
7,5,1,1,3,4,30,42,22,3,0.1691935551388889,1541,32456261
3,0,3,0,0,3,32,40,4,2,0.14019633819444444,1542,32464180
7,4,1,2,4,3,50,22,26,3,0.30045311125,1543,32472099
4,3,1,0,1,3,44,28,21,3,0.19187851930555555,1544,32480018
7,4,2,1,3,4,53,19,23,4,0.29776426055555555,1545,32487937
8,5,3,0,1,7,64,8,25,3,0.22010337430555557,1546,32495856
5,3,1,1,1,4,43,29,4,2,0.26959000736111105,1547,32503775
4,1,1,2,3,1,31,41,6,2,0.17339622180555556,1548,32511694
5,2,1,2,1,4,35,37,11,3,0.1584274134722222,1549,32519613
8,3,4,1,2,6,62,10,22,2,0.3040435029166667,1550,32527532
7,3,4,0,3,4,49,23,17,3,0.24503887833333338,1551,32535451
11,7,3,1,3,8,57,15,33,6,0.27945819111111114,1552,32543370
7,5,1,1,2,5,46,26,32,3,0.26006338027777776,1553,32551289
6,3,3,0,3,3,55,17,8,2,0.17969770208333335,1554,32559208
4,2,0,2,2,2,27,45,13,4,0.05878270916666666,1555,32567127
2,1,1,0,0,2,16,56,9,2,0.07190799819444445,1556,32575046
2,1,1,0,0,2,11,61,2,2,0.07798173819444444,1557,32582965
8,4,4,0,1,7,62,10,17,3,0.2693614816666667,1558,32590884
7,3,4,0,2,5,36,36,27,4,0.23681932972222222,1559,32598803
9,5,3,1,4,5,62,10,23,3,0.2599033781944444,1560,32606722
5,2,2,1,1,4,38,34,8,2,0.20093007055555556,1561,32614641
6,4,1,1,2,4,34,38,9,3,0.10984478972222224,1562,32622560
5,3,2,0,2,3,31,41,15,2,0.15651351361111113,1563,32630479
5,4,1,0,2,3,48,24,8,2,0.15890732347222222,1564,32638398
2,0,1,1,0,2,15,57,0,1,0.06125189291666666,1565,32646317
7,5,0,2,4,3,48,24,18,3,0.2657638580555555,1566,32654236
8,3,4,1,3,5,50,22,29,4,0.3362319831944445,1567,32662155
8,2,4,2,2,6,54,18,9,2,0.26062995902777775,1568,32670074
7,5,2,0,2,5,58,14,18,2,0.17422614097222222,1569,32677993
4,2,2,0,3,1,30,42,0,1,0.09716165833333333,1570,32685912
4,2,1,1,1,3,26,46,9,3,0.10974330291666666,1571,32693831
4,2,1,1,1,3,25,47,0,1,0.13277711430555555,1572,32701750
9,5,3,1,3,6,53,19,41,4,0.3138205955555555,1573,32709669
6,1,2,3,1,5,36,36,14,2,0.2131662222222222,1574,32717588
8,5,0,3,3,5,53,19,21,3,0.27936752972222223,1575,32725507
9,3,2,4,5,4,40,32,16,5,0.21045873625,1576,32733426
9,5,1,3,2,7,65,7,35,3,0.19429382583333332,1577,32741345
4,2,0,2,1,3,32,40,17,2,0.09398844513888889,1578,32749264
3,3,0,0,0,3,23,49,8,2,0.12109144847222224,1579,32757183
6,2,3,1,3,3,43,29,16,2,0.16376059111111113,1580,32765102
5,3,0,2,2,3,34,38,17,3,0.13977580708333334,1581,32773021
8,5,1,2,6,2,58,14,21,3,0.26085646583333333,1582,32780940
9,5,1,3,2,7,46,26,29,3,0.2722332451388889,1583,32788859
7,3,1,3,1,6,50,22,31,3,0.3065581536111111,1584,32796778
6,5,1,0,3,3,52,20,4,3,0.20217210527777776,1585,32804697
3,1,2,0,1,2,15,57,1,2,0.08051782458333334,1586,32812616
4,1,2,1,0,4,30,42,10,2,0.1717698651388889,1587,32820535
1,0,0,1,1,0,13,59,0,1,0.05065319458333334,1588,32828454
7,4,1,2,1,6,43,29,13,2,0.19037225569444444,1589,32836373
8,4,2,2,2,6,52,20,24,3,0.3389233422222222,1590,32844292
7,4,1,2,2,5,52,20,22,4,0.24832120388888887,1591,32852211
2,1,1,0,1,1,13,59,3,2,0.01831051125,1592,32860130
9,3,4,2,2,7,50,22,27,3,0.31198398375,1593,32868049
5,1,2,2,0,5,41,31,4,2,0.20780345097222222,1594,32875968
7,3,2,2,2,5,40,32,6,2,0.16865972583333333,1595,32883887
6,4,2,0,2,4,57,15,16,2,0.3157944834722222,1596,32891806
7,2,4,1,1,6,48,24,15,2,0.20389135777777778,1597,32899725
6,5,0,1,4,2,45,27,25,3,0.25076304222222223,1598,32907644
5,4,1,0,2,3,43,29,17,3,0.24712634194444444,1599,32915563
5,1,1,3,1,4,41,31,8,2,0.1782511386111111,1600,32923482
10,4,3,3,5,5,51,21,32,4,0.29240078472222225,1601,32931401
9,3,4,2,4,5,43,29,23,3,0.25011721958333333,1602,32939320
6,3,2,1,2,4,41,31,13,2,0.26389983250000004,1603,32947239
7,2,4,1,2,5,40,32,25,3,0.2292984229166667,1604,32955158
5,2,3,0,2,3,29,43,5,2,0.1119307736111111,1605,32963077
9,6,1,2,3,6,55,17,35,3,0.2166280138888889,1606,32970996
8,5,3,0,3,5,46,26,30,4,0.24686903222222226,1607,32978915
2,2,0,0,1,1,23,49,9,2,0.12785714569444445,1608,32986834
4,3,0,1,1,3,36,36,1,2,0.20908526875,1609,32994753
5,3,0,2,1,4,44,28,9,2,0.19102361208333335,1610,33002672
7,3,2,2,3,4,40,32,20,3,0.2579019193055555,1611,33010591
6,3,0,3,3,3,43,29,13,2,0.13374680402777775,1612,33018510
8,5,2,1,2,6,63,9,13,2,0.28196401916666664,1613,33026429
6,3,1,2,2,4,36,36,5,2,0.1798349875,1614,33034348
8,5,3,0,3,5,48,24,11,3,0.2992789397222222,1615,33042267
4,3,1,0,1,3,24,48,6,2,0.13693480416666665,1616,33050186
6,3,2,1,3,3,50,22,13,2,0.21340234347222223,1617,33058105
5,3,2,0,1,4,50,22,7,2,0.2195179088888889,1618,33066024
8,3,3,2,3,5,47,25,20,3,0.28213869333333336,1619,33073943
6,4,1,1,1,5,46,26,11,3,0.2764009454166667,1620,33081862
6,3,0,3,2,4,26,46,13,4,0.13967460555555555,1621,33089781
7,0,5,2,2,5,49,23,18,4,0.13515008583333335,1622,33097700
7,5,1,1,1,6,56,16,20,4,0.29626195763888885,1623,33105619
8,3,5,0,3,5,56,16,18,2,0.28855687874999997,1624,33113538
5,4,1,0,2,3,39,33,14,3,0.27722681472222216,1625,33121457
5,0,4,1,1,4,31,41,10,2,0.14091266208333333,1626,33129376
7,4,0,3,2,5,47,25,21,2,0.24354909861111113,1627,33137295
4,3,1,0,0,4,39,33,7,2,0.16428759513888888,1628,33145214
4,1,2,1,1,3,9,63,7,4,0.06390446666666666,1629,33153133
7,2,2,3,3,4,43,29,20,3,0.19323354055555553,1630,33161052
3,1,2,0,2,1,19,53,7,2,0.07817631083333335,1631,33168971
10,7,0,3,4,6,59,13,31,4,0.38736162583333333,1632,33176890
5,3,2,0,3,2,30,42,12,3,0.15312542513888888,1633,33184809
8,4,2,2,3,5,50,22,16,5,0.3245611551388889,1634,33192728
7,4,2,1,2,5,47,25,18,3,0.19988543625000002,1635,33200647
5,2,1,2,4,1,26,46,17,4,0.1556364002777778,1636,33208566
5,1,1,3,3,2,44,28,5,2,0.19153225708333332,1637,33216485
5,3,1,1,2,3,35,37,8,2,0.18628397708333333,1638,33224404
4,3,0,1,2,2,38,34,14,2,0.14524228541666667,1639,33232323
6,2,3,1,3,3,43,29,5,2,0.2470284027777778,1640,33240242
8,4,3,1,4,4,34,38,29,4,0.22093208152777777,1641,33248161
6,3,3,0,4,2,33,39,17,4,0.15973735236111108,1642,33256080
7,1,4,2,3,4,32,40,9,4,0.18164804680555557,1643,33263999
5,4,0,1,3,2,41,31,24,2,0.11468989375,1644,33271918
11,6,3,2,2,9,65,7,33,4,0.4309436277777778,1645,33279837
5,3,0,2,2,3,38,34,10,2,0.1399844461111111,1646,33287756
6,3,1,2,4,2,42,30,13,3,0.2772627122222222,1647,33295675
4,2,0,2,1,3,31,41,6,2,0.17911654930555557,1648,33303594
6,3,3,0,2,4,41,31,1,2,0.18675793513888891,1649,33311513
5,3,1,1,2,3,33,39,7,2,0.1620409125,1650,33319432
7,4,1,2,3,4,41,31,13,2,0.1449830977777778,1651,33327351
9,3,4,2,3,6,57,15,21,3,0.36258994069444445,1652,33335270
7,3,3,1,4,3,46,26,18,3,0.30532254847222223,1653,33343189
7,2,4,1,2,5,45,27,15,3,0.1648147025,1654,33351108
2,0,1,1,1,1,27,45,0,1,0.15621201986111113,1655,33359027
8,4,3,1,4,4,56,16,16,2,0.3249318786111111,1656,33366946
8,4,4,0,2,6,54,18,25,2,0.34343810666666663,1657,33374865
9,4,3,2,2,7,54,18,31,3,0.29271690361111113,1658,33382784
4,2,0,2,1,3,40,32,12,3,0.06178237263888889,1659,33390703
4,2,2,0,0,4,32,40,10,2,0.1776152913888889,1660,33398622
6,3,1,2,4,2,44,28,11,2,0.21133145555555555,1661,33406541
9,4,2,3,5,4,44,28,24,3,0.20218871930555557,1662,33414460
9,6,3,0,2,7,57,15,19,3,0.3215838661111111,1663,33422379
5,1,3,1,2,3,32,40,7,2,0.14747577444444446,1664,33430298
9,7,0,2,6,3,59,13,29,4,0.28118627916666666,1665,33438217
6,2,1,3,4,2,46,26,1,2,0.1873931498611111,1666,33446136
7,4,1,2,2,5,56,16,17,2,0.17680894291666668,1667,33454055
6,5,0,1,3,3,36,36,22,3,0.17457443805555556,1668,33461974
2,1,0,1,1,1,13,59,0,1,0.030222456944444444,1669,33469893
4,3,1,0,2,2,27,45,9,3,0.1330602745833333,1670,33477812
6,6,0,0,3,3,49,23,21,3,0.24142104624999997,1671,33485731
3,1,1,1,2,1,23,49,19,3,0.10524058208333334,1672,33493650
6,1,4,1,1,5,27,45,19,3,0.1362493009722222,1673,33501569
8,4,4,0,2,6,47,25,28,4,0.3668006811111111,1674,33509488
4,1,1,2,2,2,28,44,4,2,0.1686399816666667,1675,33517407
10,7,2,1,3,7,58,14,40,4,0.3404261551388889,1676,33525326
3,1,0,2,0,3,24,48,4,2,0.11110985583333333,1677,33533245
8,8,0,0,4,4,53,19,21,4,0.30641627111111114,1678,33541164
4,2,0,2,1,3,21,51,5,2,0.06616659138888889,1679,33549083
8,4,0,4,5,3,36,36,28,3,0.16480119152777778,1680,33557002
4,4,0,0,2,2,44,28,14,2,0.23222383902777777,1681,33564921
5,0,1,4,3,2,30,42,11,3,0.15147850833333334,1682,33572840
7,2,3,2,2,5,35,37,23,3,0.12035609569444444,1683,33580759
6,2,2,2,1,5,39,33,19,3,0.2078770013888889,1684,33588678
7,3,1,3,2,5,53,19,8,2,0.2395773125,1685,33596597
8,3,3,2,1,7,59,13,9,2,0.30210976097222225,1686,33604516
10,4,3,3,4,6,51,21,23,3,0.22269884958333336,1687,33612435
7,4,2,1,4,3,42,30,7,4,0.1606444238888889,1688,33620354
9,6,2,1,2,7,58,14,38,4,0.25607629875,1689,33628273
5,2,1,2,2,3,48,24,7,2,0.21648639541666667,1690,33636192
10,8,1,1,4,6,56,16,28,5,0.36915560388888885,1691,33644111
3,2,1,0,1,2,38,34,4,2,0.21716657319444443,1692,33652030
13,8,5,0,4,9,66,6,42,3,0.38431088916666667,1693,33659949
8,5,2,1,1,7,61,11,23,3,0.30349989791666665,1694,33667868
8,4,1,3,2,6,44,28,19,3,0.27642609111111116,1695,33675787
6,3,2,1,3,3,55,17,21,3,0.16080598430555554,1696,33683706
2,1,1,0,1,1,12,60,5,2,0.06189627555555556,1697,33691625
9,3,5,1,4,5,63,9,24,3,0.2298823211111111,1698,33699544
7,3,3,1,2,5,44,28,18,3,0.26379751208333335,1699,33707463
9,3,4,2,1,8,46,26,26,4,0.3128430883333333,1700,33715382
10,5,4,1,4,6,59,13,35,4,0.25475880513888893,1701,33723301
10,5,3,2,2,8,60,12,35,3,0.4031052858333333,1702,33731220
6,4,0,2,3,3,44,28,11,3,0.16309743749999997,1703,33739139
9,5,2,2,4,5,46,26,33,4,0.17723688194444445,1704,33747058
4,2,1,1,0,4,36,36,0,1,0.18761352652777777,1705,33754977
5,1,1,3,2,3,26,46,16,2,0.07142417527777778,1706,33762896
8,5,1,2,3,5,59,13,16,3,0.3236603965277778,1707,33770815
4,3,1,0,2,2,25,47,6,2,0.07012463291666665,1708,33778734
5,3,1,1,0,5,27,45,9,3,0.2063067113888889,1709,33786653
2,0,2,0,0,2,3,69,1,2,0.0135750725,1710,33794572
6,2,0,4,2,4,52,20,15,3,0.19057592819444447,1711,33802491
9,6,2,1,2,7,65,7,31,3,0.3618789347222222,1712,33810410
8,3,3,2,2,6,44,28,23,3,0.274256725,1713,33818329
10,5,4,1,1,9,53,19,34,5,0.4238530197222222,1714,33826248
7,3,2,2,3,4,55,17,15,3,0.18268090555555555,1715,33834167
6,3,3,0,1,5,52,20,8,3,0.2074643108333333,1716,33842086
4,1,0,3,4,0,32,40,12,3,0.15486687944444444,1717,33850005
10,7,0,3,3,7,45,27,36,4,0.3170141722222222,1718,33857924
5,0,3,2,3,2,42,30,0,1,0.16551541944444445,1719,33865843
3,1,1,1,0,3,20,52,2,2,0.0923178823611111,1720,33873762
6,4,1,1,2,4,55,17,18,3,0.30084275902777774,1721,33881681
3,0,1,2,2,1,25,47,0,1,0.13609583972222222,1722,33889600
6,3,3,0,2,4,38,34,10,2,0.1890256180555555,1723,33897519
6,1,2,3,4,2,43,29,8,3,0.16834748180555556,1724,33905438
3,2,1,0,2,1,37,35,0,1,0.18164986486111112,1725,33913357
8,3,2,3,5,3,52,20,13,2,0.23532393611111108,1726,33921276
9,5,4,0,1,8,51,21,27,4,0.3161742916666667,1727,33929195
7,4,0,3,3,4,65,7,14,2,0.3476400290277778,1728,33937114
9,4,3,2,3,6,52,20,20,3,0.3106309754166667,1729,33945033
4,2,1,1,2,2,38,34,19,2,0.13072702680555556,1730,33952952
7,4,2,1,3,4,47,25,16,2,0.27265434805555555,1731,33960871
4,2,2,0,0,4,24,48,0,1,0.13306154847222224,1732,33968790
11,5,4,2,3,8,55,17,33,4,0.3645203136111111,1733,33976709
6,4,0,2,4,2,53,19,26,4,0.24648425375000002,1734,33984628
4,0,2,2,1,3,26,46,13,2,0.09887262055555554,1735,33992547
2,1,1,0,1,1,12,60,0,1,0.04120333680555556,1736,34000466
8,5,1,2,4,4,47,25,25,3,0.3253408361111111,1737,34008385
3,3,0,0,0,3,46,26,4,2,0.15539799624999998,1738,34016304
5,3,0,2,2,3,30,42,6,2,0.10370294777777778,1739,34024223
7,3,2,2,3,4,59,13,9,2,0.24425834875,1740,34032142
10,5,4,1,2,8,49,23,29,3,0.3083076497222222,1741,34040061
10,5,3,2,6,4,42,30,22,5,0.23551002583333336,1742,34047980
4,1,2,1,0,4,25,47,11,2,0.19992862958333332,1743,34055899
10,3,3,4,2,8,56,16,25,4,0.2908689679166667,1744,34063818
8,3,3,2,4,4,54,18,31,3,0.1950949472222222,1745,34071737
5,2,1,2,2,3,52,20,6,2,0.2038079470833333,1746,34079656
9,6,0,3,6,3,55,17,34,3,0.2823829409722223,1747,34087575
7,1,2,4,1,6,34,38,25,4,0.20837284152777777,1748,34095494
6,3,0,3,0,6,49,23,17,3,0.2653777418055555,1749,34103413
11,7,1,3,5,6,63,9,30,3,0.29415396263888893,1750,34111332
6,2,1,3,2,4,36,36,13,2,0.14003342638888888,1751,34119251
7,3,2,2,3,4,39,33,24,4,0.20494042486111114,1752,34127170
12,4,6,2,5,7,54,18,35,4,0.2646488326388889,1753,34135089
8,5,1,2,3,5,57,15,21,5,0.26968672875,1754,34143008
4,2,1,1,2,2,44,28,0,1,0.11836954597222224,1755,34150927
4,2,1,1,0,4,31,41,14,3,0.21339935277777777,1756,34158846
9,2,3,4,3,6,51,21,31,3,0.2829825975,1757,34166765
7,4,1,2,4,3,38,34,16,3,0.20368969208333335,1758,34174684
6,4,0,2,2,4,50,22,19,3,0.21236658333333333,1759,34182603
5,3,1,1,2,3,40,32,15,2,0.16400899222222223,1760,34190522
5,4,1,0,2,3,28,44,3,2,0.1531054175,1761,34198441
8,4,2,2,3,5,53,19,29,4,0.2832080226388889,1762,34206360
11,2,4,5,4,7,57,15,27,4,0.38228031819444447,1763,34214279
10,7,2,1,3,7,58,14,18,4,0.29250607694444447,1764,34222198
5,2,1,2,2,3,53,19,3,2,0.2170481351388889,1765,34230117
9,4,2,3,2,7,45,27,29,4,0.38462484347222226,1766,34238036
6,2,1,3,3,3,24,48,12,2,0.10038483555555557,1767,34245955
5,1,3,1,3,2,35,37,11,2,0.16475703180555556,1768,34253874
8,4,3,1,1,7,44,28,22,3,0.23036588263888888,1769,34261793
4,2,0,2,3,1,43,29,11,2,0.21790003249999998,1770,34269712
7,4,1,2,1,6,46,26,16,3,0.28350210513888885,1771,34277631
6,5,0,1,4,2,57,15,21,2,0.21900871236111114,1772,34285550
5,3,1,1,3,2,36,36,19,3,0.22287983361111113,1773,34293469
8,5,2,1,3,5,60,12,22,2,0.2774532638888889,1774,34301388
8,4,3,1,4,4,27,45,14,4,0.11942977805555557,1775,34309307
5,2,0,3,3,2,31,41,10,2,0.10456066125000002,1776,34317226
6,4,2,0,2,4,33,39,15,2,0.14383899333333336,1777,34325145
2,0,1,1,0,2,15,57,0,1,0.06428825416666667,1778,34333064
5,3,2,0,2,3,35,37,11,2,0.25777981847222226,1779,34340983
9,7,1,1,6,3,60,12,37,4,0.31107004111111114,1780,34348902
15,9,6,0,6,9,65,7,49,5,0.48501432166666664,1781,34356821
7,2,4,1,1,6,54,18,7,2,0.21632448680555555,1782,34364740
8,4,3,1,0,8,50,22,20,3,0.30568487638888886,1783,34372659
6,4,2,0,3,3,54,18,3,2,0.2913261891666667,1784,34380578
4,2,2,0,0,4,41,31,0,1,0.17176184416666665,1785,34388497
4,2,2,0,0,4,27,45,6,2,0.1668923363888889,1786,34396416
5,3,2,0,2,3,48,24,2,2,0.1641751763888889,1787,34404335
7,4,2,1,3,4,48,24,18,2,0.13695993625,1788,34412254
3,0,1,2,0,3,12,60,9,2,0.0798793076388889,1789,34420173
5,3,2,0,1,4,35,37,23,2,0.12767278555555556,1790,34428092
10,7,2,1,3,7,47,25,15,5,0.2591592397222222,1791,34436011
6,3,1,2,3,3,55,17,15,2,0.28885382013888894,1792,34443930
6,2,1,3,4,2,36,36,15,3,0.18701822375,1793,34451849
7,4,2,1,1,6,57,15,18,3,0.31026463805555554,1794,34459768
5,4,0,1,2,3,50,22,13,3,0.1659378552777778,1795,34467687
3,1,0,2,2,1,18,54,1,2,0.054946377777777784,1796,34475606
4,4,0,0,2,2,51,21,10,3,0.12530863069444445,1797,34483525
4,1,2,1,2,2,34,38,2,2,0.15647836819444444,1798,34491444
7,1,2,4,1,6,33,39,10,3,0.1695379052777778,1799,34499363
8,2,3,3,2,6,38,34,30,3,0.2567917183333333,1800,34507282
3,1,1,1,1,2,38,34,0,1,0.1452190826388889,1801,34515201
6,3,2,1,1,5,45,27,10,2,0.19650633013888888,1802,34523120
8,2,4,2,4,4,37,35,23,3,0.25180459902777774,1803,34531039
5,3,1,1,3,2,44,28,8,2,0.21234787194444443,1804,34538958
2,2,0,0,0,2,11,61,6,2,0.09910536861111112,1805,34546877
8,3,3,2,3,5,52,20,13,3,0.21904281111111112,1806,34554796
4,2,2,0,1,3,24,48,2,2,0.09900235027777776,1807,34562715
7,5,1,1,2,5,40,32,23,3,0.32277495805555556,1808,34570634
10,6,1,3,2,8,52,20,22,4,0.3283133934722222,1809,34578553
7,5,1,1,2,5,43,29,30,5,0.2709452245833333,1810,34586472
6,3,1,2,3,3,41,31,25,3,0.18528664013888888,1811,34594391
7,2,2,3,4,3,35,37,19,2,0.2518185040277778,1812,34602310
6,2,2,2,2,4,51,21,13,3,0.3300266161111111,1813,34610229
11,4,5,2,4,7,53,19,32,4,0.25061428111111117,1814,34618148
7,3,2,2,2,5,41,31,12,2,0.19677583750000002,1815,34626067
5,2,2,1,0,5,20,52,5,3,0.18524127416666666,1816,34633986
12,5,4,3,4,8,69,3,35,3,0.32006423916666665,1817,34641905
4,2,2,0,0,4,25,47,3,2,0.11782435847222221,1818,34649824
2,2,0,0,0,2,27,45,0,1,0.15865170611111112,1819,34657743
6,4,1,1,2,4,38,34,14,2,0.16218630222222222,1820,34665662
8,4,2,2,3,5,40,32,25,3,0.15445402791666668,1821,34673581
4,1,2,1,2,2,37,35,6,2,0.13333486625,1822,34681500
9,6,2,1,3,6,60,12,46,3,0.2957288890277778,1823,34689419
4,1,0,3,2,2,26,46,7,2,0.08049416277777778,1824,34697338
5,0,2,3,1,4,22,50,7,2,0.1279072915277778,1825,34705257
7,5,1,1,5,2,50,22,11,2,0.28259678638888885,1826,34713176
3,1,1,1,0,3,23,49,0,1,0.11272403027777776,1827,34721095
9,5,2,2,2,7,71,1,26,3,0.33310861875000003,1828,34729014
11,8,1,2,6,5,61,11,41,5,0.2611587734722222,1829,34736933
3,1,1,1,1,2,36,36,0,1,0.14357587972222222,1830,34744852
8,1,4,3,0,8,49,23,19,3,0.3287236344444444,1831,34752771
7,2,2,3,2,5,40,32,15,2,0.18823361083333337,1832,34760690
5,0,1,4,2,3,35,37,7,2,0.12749687416666666,1833,34768609
8,6,2,0,3,5,58,14,33,4,0.28619285958333335,1834,34776528
9,5,2,2,3,6,52,20,14,4,0.2724985536111111,1835,34784447
3,2,0,1,1,2,22,50,2,2,0.11187417027777775,1836,34792366
8,4,2,2,4,4,55,17,25,3,0.2323058702777778,1837,34800285
5,2,3,0,0,5,30,42,5,2,0.1584275661111111,1838,34808204
7,5,0,2,3,4,49,23,17,3,0.2631956455555555,1839,34816123
9,5,3,1,1,8,50,22,17,4,0.33558875944444444,1840,34824042
7,4,2,1,4,3,43,29,12,3,0.23284866305555557,1841,34831961
6,4,2,0,2,4,58,14,7,2,0.24027436722222223,1842,34839880
11,3,2,6,4,7,52,20,29,3,0.27307766958333335,1843,34847799
9,4,2,3,4,5,52,20,15,3,0.2735142081944445,1844,34855718
5,1,2,2,3,2,33,39,7,2,0.1630636161111111,1845,34863637
11,7,3,1,1,10,46,26,33,5,0.4619640656944445,1846,34871556
4,2,1,1,1,3,45,27,7,2,0.2027722851388889,1847,34879475
11,5,3,3,4,7,62,10,49,3,0.35531858125,1848,34887394
7,6,1,0,2,5,48,24,18,3,0.284096755,1849,34895313
2,1,1,0,0,2,16,56,0,1,0.05584061444444445,1850,34903232
4,1,1,2,3,1,23,49,8,3,0.11189004055555557,1851,34911151
4,3,0,1,2,2,27,45,8,2,0.10260028888888889,1852,34919070
10,4,3,3,4,6,52,20,27,4,0.27620730236111113,1853,34926989
5,3,1,1,0,5,27,45,7,3,0.16538765111111112,1854,34934908
2,1,0,1,1,1,27,45,0,1,0.13945794083333332,1855,34942827
3,1,0,2,1,2,23,49,9,2,0.07447883763888889,1856,34950746
7,2,0,5,3,4,50,22,11,2,0.24703405402777776,1857,34958665
9,6,3,0,4,5,52,20,34,4,0.31901360208333335,1858,34966584
12,6,5,1,6,6,58,14,41,3,0.3980558673611111,1859,34974503
6,2,2,2,1,5,55,17,16,2,0.2647009998611111,1860,34982422
6,2,4,0,4,2,56,16,8,2,0.22380312833333335,1861,34990341
6,2,2,2,1,5,21,51,16,5,0.18756477263888888,1862,34998260
7,4,0,3,4,3,56,16,21,3,0.2656646736111111,1863,35006179
7,3,3,1,2,5,44,28,24,3,0.19810419013888889,1864,35014098
7,4,1,2,3,4,46,26,22,4,0.19079893041666665,1865,35022017
6,5,0,1,2,4,44,28,25,3,0.1861084709722222,1866,35029936
4,0,2,2,0,4,25,47,7,2,0.16750355402777778,1867,35037855
8,6,2,0,2,6,57,15,22,3,0.30553790597222225,1868,35045774
5,1,1,3,4,1,34,38,11,3,0.1533292480555556,1869,35053693
4,3,0,1,1,3,35,37,12,2,0.2054442522222222,1870,35061612
4,3,0,1,0,4,24,48,5,2,0.13219697555555554,1871,35069531
7,4,3,0,4,3,49,23,24,4,0.28133724680555555,1872,35077450
5,3,0,2,3,2,48,24,22,3,0.22020936027777777,1873,35085369
4,3,1,0,0,4,27,45,13,2,0.14445514097222223,1874,35093288
6,3,1,2,2,4,47,25,15,3,0.34175167166666665,1875,35101207
3,2,0,1,2,1,28,44,14,2,0.1439437811111111,1876,35109126
5,1,1,3,2,3,33,39,13,3,0.13886340388888888,1877,35117045
11,3,2,6,6,5,53,19,35,4,0.37940207666666664,1878,35124964
3,3,0,0,2,1,19,53,0,1,0.08928824791666666,1879,35132883
4,1,2,1,1,3,23,49,12,2,0.1536753488888889,1880,35140802
6,4,1,1,4,2,34,38,14,3,0.1203442113888889,1881,35148721
6,3,2,1,3,3,39,33,14,2,0.1581461936111111,1882,35156640
4,2,2,0,1,3,28,44,4,2,0.12970847194444446,1883,35164559
6,3,3,0,1,5,24,48,15,4,0.17885912722222225,1884,35172478
8,3,3,2,2,6,29,43,17,4,0.14749622513888888,1885,35180397
7,4,1,2,3,4,49,23,25,2,0.17635469055555555,1886,35188316
6,1,3,2,1,5,35,37,21,3,0.19388458611111112,1887,35196235
4,2,2,0,1,3,26,46,4,2,0.16401470416666666,1888,35204154
6,2,4,0,1,5,41,31,14,2,0.14762912958333332,1889,35212073
3,0,3,0,1,2,19,53,6,2,0.08692656680555556,1890,35219992
3,3,0,0,1,2,33,39,16,2,0.12636065847222222,1891,35227911
7,4,1,2,2,5,39,33,22,3,0.18994934791666665,1892,35235830
5,2,2,1,2,3,40,32,6,2,0.16859942041666665,1893,35243749
7,3,2,2,4,3,36,36,15,3,0.1822957490277778,1894,35251668
5,3,2,0,2,3,32,40,16,2,0.15400230208333332,1895,35259587
6,4,1,1,4,2,56,16,12,2,0.29518655875,1896,35267506
3,0,1,2,2,1,30,42,0,1,0.1229506526388889,1897,35275425
7,6,1,0,3,4,40,32,23,3,0.1280152286111111,1898,35283344
8,4,2,2,2,6,48,24,19,3,0.29187861263888887,1899,35291263
7,3,1,3,4,3,59,13,20,2,0.2245404465277778,1900,35299182
10,5,2,3,4,6,55,17,41,4,0.3653481098611111,1901,35307101
11,7,2,2,5,6,65,7,36,6,0.44012645097222225,1902,35315020
2,0,2,0,0,2,8,64,0,1,0.04455063111111111,1903,35322939
2,0,2,0,0,2,18,54,0,1,0.07353471180555554,1904,35330858
14,9,3,2,4,10,60,12,37,7,0.42006313083333335,1905,35338777
6,1,1,4,3,3,44,28,9,3,0.18961561902777777,1906,35346696
6,4,1,1,3,3,32,40,11,3,0.11953080236111112,1907,35354615
4,4,0,0,1,3,35,37,1,2,0.19277565138888889,1908,35362534
6,4,2,0,3,3,34,38,11,3,0.11185327888888891,1909,35370453
6,2,2,2,0,6,38,34,17,3,0.2067366709722222,1910,35378372
8,1,4,3,3,5,50,22,4,2,0.1942249048611111,1911,35386291
3,0,2,1,1,2,28,44,7,2,0.20215826041666668,1912,35394210
6,2,3,1,0,6,45,27,13,3,0.20349594236111113,1913,35402129
5,1,3,1,0,5,26,46,12,3,0.12962471208333332,1914,35410048
4,2,0,2,2,2,38,34,2,2,0.14277231319444442,1915,35417967
5,2,1,2,2,3,36,36,21,2,0.18246882972222223,1916,35425886
5,3,1,1,1,4,31,41,12,2,0.1592931926388889,1917,35433805
4,1,1,2,2,2,33,39,0,1,0.14747080777777777,1918,35441724
5,3,1,1,0,5,36,36,7,2,0.18232073430555557,1919,35449643
8,1,4,3,4,4,50,22,21,3,0.3836476115277778,1920,35457562
6,3,1,2,4,2,35,37,26,4,0.1581213647222222,1921,35465481
6,3,1,2,3,3,44,28,13,2,0.2212836176388889,1922,35473400
6,4,2,0,3,3,45,27,9,3,0.2570542088888889,1923,35481319
7,4,1,2,3,4,44,28,27,3,0.22787349013888886,1924,35489238
4,3,1,0,1,3,36,36,14,3,0.23123370041666666,1925,35497157
9,3,3,3,4,5,47,25,19,3,0.19173402180555554,1926,35505076
9,5,2,2,6,3,55,17,22,3,0.22463805305555556,1927,35512995
4,3,1,0,1,3,29,43,8,2,0.1260049613888889,1928,35520914
5,2,3,0,1,4,44,28,8,2,0.23715226194444444,1929,35528833
9,4,2,3,4,5,54,18,30,3,0.23004486041666666,1930,35536752
8,5,1,2,2,6,34,38,22,3,0.23988519430555558,1931,35544671
6,5,1,0,2,4,47,25,15,2,0.23658428180555557,1932,35552590
2,2,0,0,0,2,27,45,3,2,0.10166442777777779,1933,35560509
6,4,1,1,2,4,46,26,33,3,0.21825692222222223,1934,35568428
7,4,0,3,1,6,55,17,8,2,0.30489394180555557,1935,35576347
3,3,0,0,1,2,28,44,9,2,0.08853943972222222,1936,35584266
5,3,1,1,1,4,40,32,16,2,0.20970432777777778,1937,35592185
7,5,2,0,2,5,51,21,24,2,0.17830815666666666,1938,35600104
10,6,1,3,2,8,53,19,21,3,0.30827674222222223,1939,35608023
4,1,1,2,3,1,22,50,14,2,0.14623004444444446,1940,35615942
3,2,1,0,0,3,22,50,9,2,0.11745399458333333,1941,35623861
6,3,3,0,1,5,30,42,20,4,0.13683925986111112,1942,35631780
5,5,0,0,2,3,48,24,21,2,0.2364907125,1943,35639699
7,3,3,1,1,6,40,32,16,3,0.24429140263888893,1944,35647618
2,0,1,1,0,2,15,57,0,1,0.06640797958333333,1945,35655537
6,3,3,0,1,5,49,23,11,2,0.2837501570833333,1946,35663456
9,4,4,1,3,6,52,20,28,4,0.2835891509722222,1947,35671375
7,3,1,3,1,6,43,29,26,2,0.2133884061111111,1948,35679294
7,1,4,2,3,4,32,40,7,2,0.13932785791666666,1949,35687213
10,5,4,1,4,6,59,13,24,5,0.22167601666666664,1950,35695132
5,3,0,2,1,4,38,34,5,2,0.2064496922222222,1951,35703051
6,2,1,3,1,5,44,28,9,2,0.19586978652777776,1952,35710970
3,1,1,1,3,0,40,32,0,1,0.13343384444444445,1953,35718889
7,3,1,3,2,5,39,33,24,4,0.20534375291666668,1954,35726808
5,3,2,0,0,5,31,41,12,3,0.29367533,1955,35734727
13,8,2,3,4,9,62,10,48,6,0.2136262140277778,1956,35742646
7,4,2,1,4,3,60,12,22,3,0.33990795458333334,1957,35750565
8,3,4,1,0,8,44,28,11,3,0.31203044291666665,1958,35758484
5,3,2,0,1,4,31,41,7,2,0.16254397138888887,1959,35766403
6,3,1,2,3,3,38,34,10,3,0.15256903194444446,1960,35774322
6,0,3,3,2,4,32,40,14,3,0.1435236497222222,1961,35782241
6,5,0,1,2,4,36,36,12,3,0.16658131222222222,1962,35790160
7,2,3,2,4,3,47,25,11,3,0.25295412916666665,1963,35798079
9,4,4,1,3,6,52,20,27,4,0.23356894291666666,1964,35805998
11,6,4,1,4,7,55,17,27,5,0.25237017347222224,1965,35813917
4,2,1,1,2,2,39,33,1,2,0.14257984819444441,1966,35821836
6,4,1,1,2,4,43,29,17,3,0.270727505,1967,35829755
8,5,3,0,2,6,57,15,30,4,0.260708050138889,1968,35837674
7,3,2,2,3,4,53,19,12,4,0.23396494,1969,35845593
8,4,1,3,3,5,56,16,22,3,0.26769065888888893,1970,35853512
6,3,3,0,2,4,41,31,8,2,0.21346483847222222,1971,35861431
10,5,4,1,6,4,47,25,26,4,0.2283213622222222,1972,35869350
3,2,1,0,0,3,23,49,0,1,0.11333871097222224,1973,35877269
8,4,0,4,1,7,59,13,17,5,0.25269104833333333,1974,35885188
5,3,1,1,4,1,36,36,16,3,0.17644961194444445,1975,35893107
2,1,1,0,2,0,17,55,0,1,0.036498685555555556,1976,35901026
7,4,1,2,3,4,51,21,7,3,0.26597434416666665,1977,35908945
7,2,1,4,2,5,41,31,4,2,0.19027389805555556,1978,35916864
6,2,3,1,2,4,42,30,10,2,0.1746112998611111,1979,35924783
4,3,1,0,1,3,36,36,16,2,0.12745199055555556,1980,35932702
9,4,3,2,2,7,55,17,35,4,0.3385225276388889,1981,35940621
9,1,4,4,3,6,50,22,14,2,0.2820524909722222,1982,35948540
12,8,4,0,3,9,63,9,41,4,0.42769805597222216,1983,35956459
6,1,3,2,3,3,34,38,15,4,0.1698503101388889,1984,35964378
4,2,1,1,2,2,31,41,15,2,0.13051780486111111,1985,35972297
5,2,1,2,1,4,25,47,11,2,0.1089554048611111,1986,35980216
6,2,2,2,2,4,40,32,16,2,0.1645506251388889,1987,35988135
6,5,1,0,3,3,37,35,2,2,0.1760632651388889,1988,35996054
10,6,2,2,2,8,55,17,24,3,0.3061597956944444,1989,36003973
4,3,1,0,2,2,30,42,4,2,0.19967873777777775,1990,36011892
8,6,2,0,2,6,43,29,20,3,0.25504692486111114,1991,36019811
4,1,3,0,0,4,16,56,8,3,0.12496558083333333,1992,36027730
6,1,2,3,3,3,43,29,8,3,0.24272984097222222,1993,36035649
12,6,3,3,4,8,69,3,40,5,0.41121113347222216,1994,36043568
4,1,2,1,2,2,27,45,9,2,0.15449350013888888,1995,36051487
2,1,0,1,1,1,22,50,0,1,0.10421321027777777,1996,36059406
4,1,2,1,1,3,43,29,0,1,0.19713849583333332,1997,36067325
14,10,1,3,6,8,61,11,38,4,0.32667705375,1998,36075244
3,2,1,0,0,3,25,47,0,1,0.10816939375,1999,36083163
7,5,2,0,2,5,56,16,16,2,0.24667131583333335,2000,36091082
10,6,1,3,3,7,48,24,36,4,0.3173221225,2001,36099001
13,7,3,3,4,9,69,3,52,4,0.3578962838888889,2002,36106920
5,2,1,2,1,4,40,32,7,3,0.1413280213888889,2003,36114839
7,4,2,1,4,3,57,15,17,3,0.25270338374999995,2004,36122758
5,3,2,0,1,4,41,31,19,3,0.3296750780555555,2005,36130677
6,6,0,0,1,5,55,17,10,2,0.34094939930555557,2006,36138596
4,2,1,1,3,1,35,37,0,1,0.1202198425,2007,36146515
8,5,3,0,4,4,49,23,19,3,0.2079858925,2008,36154434
7,2,3,2,4,3,48,24,22,2,0.26588907305555554,2009,36162353
4,1,1,2,3,1,25,47,1,2,0.0950087175,2010,36170272
10,6,3,1,5,5,53,19,22,6,0.33094025083333334,2011,36178191
9,4,4,1,4,5,52,20,27,3,0.2788011429166667,2012,36186110
5,3,1,1,2,3,43,29,13,2,0.14271358819444446,2013,36194029
8,3,3,2,1,7,41,31,23,3,0.2964857625,2014,36201948
3,1,2,0,1,2,22,50,0,1,0.10495228277777777,2015,36209867
7,4,2,1,5,2,39,33,22,3,0.2065459226388889,2016,36217786
4,2,0,2,1,3,25,47,12,2,0.2184343747222222,2017,36225705
5,5,0,0,1,4,39,33,15,3,0.2443587716666667,2018,36233624
8,4,1,3,3,5,47,25,22,2,0.2132377586111111,2019,36241543
5,3,2,0,3,2,26,46,10,2,0.15644663041666668,2020,36249462
10,4,4,2,2,8,60,12,28,3,0.34786376083333337,2021,36257381
7,3,2,2,5,2,36,36,30,3,0.3347036204166667,2022,36265300
14,8,5,1,6,8,67,5,37,6,0.3551424526388889,2023,36273219
12,8,3,1,3,9,55,17,48,5,0.37099365069444445,2024,36281138
8,2,2,4,2,6,50,22,22,3,0.16638767166666668,2025,36289057
2,0,1,1,1,1,13,59,9,2,0.030519077916666675,2026,36296976
10,7,2,1,3,7,60,12,34,4,0.4053547359722222,2027,36304895
3,2,0,1,3,0,30,42,0,1,0.15012161041666663,2028,36312814
10,5,5,0,3,7,56,16,13,4,0.33267138347222225,2029,36320733
3,1,1,1,1,2,25,47,4,2,0.10012794486111112,2030,36328652
5,2,2,1,2,3,44,28,18,2,0.200066845,2031,36336571
8,2,3,3,2,6,37,35,15,3,0.18739662069444446,2032,36344490
11,6,4,1,5,6,58,14,35,4,0.33719209083333335,2033,36352409
9,4,3,2,3,6,58,14,22,3,0.22003581222222224,2034,36360328
11,4,3,4,4,7,43,29,29,4,0.2904529936111111,2035,36368247
6,4,1,1,3,3,43,29,14,4,0.28804341819444446,2036,36376166
4,1,2,1,2,2,33,39,17,3,0.12546623222222222,2037,36384085
6,3,2,1,3,3,58,14,16,2,0.2522678356944444,2038,36392004
7,2,2,3,2,5,49,23,7,2,0.25800905208333336,2039,36399923
6,3,1,2,2,4,42,30,12,3,0.24920915875000002,2040,36407842
6,3,1,2,1,5,42,30,10,2,0.1831788163888889,2041,36415761
4,2,2,0,2,2,44,28,3,2,0.26739735263888886,2042,36423680
6,4,2,0,3,3,38,34,17,3,0.14733968555555554,2043,36431599
10,6,3,1,4,6,51,21,29,4,0.2610159901388889,2044,36439518
2,1,0,1,1,1,13,59,0,1,0.044279761388888894,2045,36447437
8,4,4,0,3,5,51,21,25,3,0.12238996069444445,2046,36455356
4,3,1,0,0,4,30,42,9,3,0.13430865041666668,2047,36463275
8,2,3,3,3,5,37,35,15,4,0.1882443375,2048,36471194
3,2,0,1,1,2,33,39,0,1,0.10271571347222223,2049,36479113
10,3,3,4,3,7,61,11,36,5,0.3678669631944444,2050,36487032
9,3,3,3,2,7,64,8,19,3,0.2985659713888889,2051,36494951
8,5,3,0,4,4,56,16,37,3,0.32458352944444446,2052,36502870
11,6,5,0,5,6,56,16,37,4,0.24888856250000002,2053,36510789
6,4,0,2,2,4,51,21,11,2,0.20419903555555555,2054,36518708
6,4,2,0,2,4,36,36,16,3,0.1722636454166667,2055,36526627
6,5,1,0,2,4,33,39,14,3,0.17666735430555555,2056,36534546
5,2,3,0,2,3,38,34,11,2,0.1634660002777778,2057,36542465
5,3,0,2,1,4,46,26,10,3,0.19753276611111112,2058,36550384
4,3,1,0,2,2,29,43,3,2,0.14895956180555558,2059,36558303
4,1,1,2,0,4,29,43,8,2,0.20479153597222222,2060,36566222
7,3,2,2,4,3,37,35,13,2,0.14088490902777778,2061,36574141
2,1,1,0,0,2,14,58,4,2,0.062405478333333333,2062,36582060
5,3,0,2,2,3,43,29,14,3,0.12084995861111109,2063,36589979
5,2,1,2,0,5,33,39,0,1,0.12924791666666666,2064,36597898
9,1,6,2,2,7,50,22,19,3,0.2920606986111111,2065,36605817
3,3,0,0,3,0,33,39,7,2,0.10138507555555555,2066,36613736
8,4,1,3,4,4,46,26,25,3,0.15257119736111113,2067,36621655
4,4,0,0,2,2,43,29,15,2,0.23963772583333334,2068,36629574
5,5,0,0,2,3,50,22,6,2,0.20738344694444444,2069,36637493
5,3,2,0,1,4,59,13,9,2,0.32924954013888885,2070,36645412
5,0,4,1,1,4,21,51,11,3,0.11245834305555553,2071,36653331
9,3,3,3,1,8,45,27,25,4,0.2464733175,2072,36661250
5,4,0,1,3,2,52,20,9,2,0.1395811086111111,2073,36669169
3,3,0,0,0,3,31,41,6,2,0.1820285073611111,2074,36677088
7,6,1,0,1,6,58,14,22,3,0.36981633763888894,2075,36685007
7,3,2,2,3,4,48,24,9,2,0.2091997475,2076,36692926
4,1,2,1,2,2,23,49,5,2,0.12056606527777777,2077,36700845
10,5,3,2,4,6,56,16,28,3,0.31924216388888893,2078,36708764
7,5,2,0,2,5,49,23,24,3,0.1855274198611111,2079,36716683
3,2,0,1,1,2,21,51,7,2,0.05724992402777778,2080,36724602
5,2,2,1,1,4,37,35,8,2,0.15732737458333335,2081,36732521
5,3,2,0,1,4,46,26,21,3,0.19796166472222224,2082,36740440
4,1,1,2,2,2,30,42,6,2,0.10159439541666666,2083,36748359
4,2,1,1,2,2,39,33,0,1,0.14283607124999997,2084,36756278
4,3,1,0,1,3,35,37,8,2,0.2431910279166667,2085,36764197
8,5,2,1,0,8,44,28,26,4,0.3814331630555556,2086,36772116
5,2,2,1,3,2,44,28,20,2,0.1577084776388889,2087,36780035
4,3,0,1,1,3,34,38,13,2,0.1608299659722222,2088,36787954
8,3,3,2,3,5,59,13,22,3,0.32550880736111115,2089,36795873
8,4,1,3,3,5,56,16,29,3,0.33763822402777777,2090,36803792
9,6,3,0,3,6,65,7,26,3,0.26364685875,2091,36811711
5,3,1,1,2,3,22,50,19,3,0.16540788875,2092,36819630
7,6,1,0,5,2,62,10,12,2,0.3343666659722222,2093,36827549
10,3,5,2,2,8,58,14,19,3,0.3041934627777778,2094,36835468
2,0,0,2,1,1,18,54,0,1,0.06982740305555556,2095,36843387
9,5,4,0,4,5,59,13,39,3,0.3193583393055555,2096,36851306
6,4,1,1,2,4,39,33,15,4,0.17725341416666668,2097,36859225
8,4,2,2,5,3,48,24,26,4,0.20478615847222223,2098,36867144
5,2,3,0,3,2,32,40,3,2,0.11410088722222222,2099,36875063
7,4,3,0,0,7,46,26,22,3,0.32578520666666666,2100,36882982
2,0,0,2,1,1,12,60,0,1,0.06337718875000001,2101,36890901
8,6,2,0,4,4,53,19,34,4,0.2861376934722222,2102,36898820
1,1,0,0,0,1,8,64,0,1,0.026533239861111113,2103,36906739
5,3,0,2,3,2,19,53,7,3,0.10946448874999999,2104,36914658
5,2,2,1,2,3,33,39,11,3,0.16817330458333335,2105,36922577
3,1,0,2,0,3,25,47,4,2,0.14544482180555557,2106,36930496
11,5,1,5,5,6,57,15,13,6,0.2835051084722222,2107,36938415
5,1,3,1,1,4,45,27,14,2,0.27101970875000003,2108,36946334
3,1,1,1,2,1,30,42,4,2,0.14874208305555556,2109,36954253
6,2,2,2,3,3,28,44,17,3,0.17297703708333334,2110,36962172
8,5,3,0,4,4,61,11,34,3,0.2966873151388889,2111,36970091
6,3,1,2,1,5,39,33,6,2,0.14952605638888888,2112,36978010
10,4,1,5,5,5,63,9,34,4,0.22560982499999996,2113,36985929
7,2,3,2,3,4,37,35,11,2,0.17319715736111113,2114,36993848
7,4,2,1,0,7,40,32,12,3,0.27755897,2115,37001767
10,5,4,1,3,7,54,18,34,4,0.37003828041666664,2116,37009686
11,5,3,3,6,5,63,9,38,3,0.38908100875,2117,37017605
3,3,0,0,1,2,22,50,0,1,0.13290825527777778,2118,37025524
3,0,3,0,0,3,17,55,2,2,0.08378112652777778,2119,37033443
8,4,2,2,3,5,54,18,28,4,0.24419221013888887,2120,37041362
10,7,2,1,1,9,47,25,31,4,0.4260941093055555,2121,37049281
6,4,0,2,2,4,50,22,16,3,0.2769130461111111,2122,37057200
7,1,3,3,2,5,43,29,14,2,0.15510632500000002,2123,37065119
4,4,0,0,0,4,40,32,0,1,0.14221129555555556,2124,37073038
4,0,1,3,1,3,34,38,0,1,0.13703837180555556,2125,37080957
7,4,2,1,3,4,44,28,11,4,0.23461590875000005,2126,37088876
4,3,0,1,0,4,40,32,12,2,0.26972460833333334,2127,37096795
5,2,2,1,1,4,34,38,16,2,0.15218283513888886,2128,37104714
5,4,1,0,3,2,44,28,10,2,0.20308806194444443,2129,37112633
6,3,2,1,2,4,44,28,8,2,0.2138440938888889,2130,37120552
8,2,3,3,1,7,58,14,20,3,0.36537185361111113,2131,37128471
11,7,2,2,4,7,69,3,43,3,0.2796496248611111,2132,37136390
7,2,3,2,4,3,44,28,13,4,0.2410546711111111,2133,37144309
4,1,2,1,1,3,23,49,6,3,0.10579635152777778,2134,37152228
9,5,1,3,5,4,42,30,33,5,0.20915417847222223,2135,37160147
5,4,1,0,3,2,33,39,13,3,0.09807523486111111,2136,37168066
4,2,2,0,2,2,38,34,7,2,0.16999932222222222,2137,37175985
5,3,2,0,1,4,23,49,12,4,0.1275022634722222,2138,37183904
4,3,1,0,0,4,28,44,13,3,0.19519105541666665,2139,37191823
3,1,0,2,2,1,27,45,8,2,0.0804947197222222,2140,37199742
7,3,2,2,3,4,49,23,10,3,0.18049738222222222,2141,37207661
3,0,2,1,1,2,30,42,0,1,0.114900025,2142,37215580
3,2,1,0,1,2,36,36,1,2,0.13436716097222223,2143,37223499
7,3,3,1,0,7,45,27,22,3,0.28034120375,2144,37231418
8,5,2,1,1,7,38,34,20,4,0.20949065944444442,2145,37239337
3,1,0,2,0,3,22,50,6,2,0.11802389805555553,2146,37247256
10,5,5,0,5,5,60,12,26,4,0.23526245138888888,2147,37255175
7,4,2,1,2,5,43,29,24,3,0.11297119152777776,2148,37263094
4,2,1,1,1,3,29,43,12,3,0.18864062180555555,2149,37271013
4,2,2,0,1,3,29,43,8,2,0.11537098708333333,2150,37278932
10,4,4,2,3,7,55,17,19,5,0.2865580988888889,2151,37286851
9,3,4,2,2,7,40,32,23,5,0.28134512263888894,2152,37294770
5,3,2,0,2,3,39,33,10,3,0.18751720708333336,2153,37302689
5,4,0,1,1,4,48,24,11,3,0.2294061838888889,2154,37310608
8,3,4,1,2,6,39,33,21,4,0.31267193416666667,2155,37318527
6,3,1,2,2,4,45,27,17,3,0.17835472625,2156,37326446
9,5,2,2,2,7,46,26,23,3,0.2611442540277778,2157,37334365
2,1,0,1,1,1,22,50,0,1,0.0845362201388889,2158,37342284
7,3,1,3,5,2,54,18,26,3,0.31029767402777775,2159,37350203
4,3,1,0,1,3,38,34,2,2,0.18365066694444446,2160,37358122
7,1,3,3,2,5,39,33,23,4,0.2539656983333334,2161,37366041
8,3,3,2,3,5,56,16,30,3,0.23845202930555556,2162,37373960
4,3,1,0,1,3,40,32,0,1,0.14840684708333335,2163,37381879
9,3,1,5,4,5,53,19,31,4,0.3684292905555555,2164,37389798
6,3,2,1,2,4,44,28,19,3,0.33575183027777783,2165,37397717
8,4,3,1,3,5,59,13,28,3,0.22317526986111108,2166,37405636
4,1,0,3,2,2,26,46,7,2,0.09413204277777777,2167,37413555
10,5,4,1,5,5,67,5,32,3,0.43558281069444443,2168,37421474
6,1,2,3,2,4,34,38,20,3,0.1609258554166667,2169,37429393
8,4,1,3,3,5,49,23,30,3,0.2940813118055556,2170,37437312
9,3,2,4,3,6,54,18,37,4,0.2532277447222222,2171,37445231
7,4,1,2,4,3,50,22,8,3,0.36738593444444445,2172,37453150
4,2,1,1,0,4,27,45,5,2,0.20169409222222223,2173,37461069
9,4,3,2,3,6,39,33,13,4,0.24094946222222222,2174,37468988
2,0,0,2,1,1,19,53,0,1,0.08675754513888889,2175,37476907
4,3,0,1,2,2,30,42,0,1,0.15550046597222222,2176,37484826
9,6,2,1,3,6,56,16,30,4,0.21930742027777775,2177,37492745
7,2,3,2,4,3,54,18,27,3,0.2206015748611111,2178,37500664
6,2,3,1,1,5,39,33,13,3,0.16230647333333334,2179,37508583
3,3,0,0,2,1,30,42,9,2,0.08227678027777778,2180,37516502
6,2,2,2,2,4,30,42,16,4,0.12067656249999999,2181,37524421
4,1,2,1,2,2,20,52,13,2,0.041633030555555554,2182,37532340
10,5,2,3,2,8,59,13,23,3,0.23093423486111112,2183,37540259
9,5,3,1,0,9,45,27,35,3,0.34567128041666667,2184,37548178
5,2,1,2,2,3,31,41,9,2,0.08321621208333334,2185,37556097
3,2,1,0,0,3,34,38,9,2,0.11809065291666666,2186,37564016
6,3,1,2,2,4,61,11,9,2,0.2552174609722222,2187,37571935
3,0,3,0,0,3,16,56,10,2,0.08943559277777778,2188,37579854
4,1,2,1,1,3,32,40,0,1,0.12606442680555555,2189,37587773
6,3,0,3,2,4,42,30,8,2,0.17981025236111112,2190,37595692
11,8,1,2,3,8,68,4,46,4,0.3337242583333333,2191,37603611
9,3,3,3,3,6,42,30,23,5,0.24412328305555558,2192,37611530
3,0,2,1,2,1,20,52,7,2,0.06718002805555556,2193,37619449
4,2,1,1,3,1,34,38,8,2,0.1521471415277778,2194,37627368
8,4,3,1,2,6,34,38,24,3,0.2505681076388889,2195,37635287
5,1,3,1,1,4,39,33,8,2,0.13496475638888888,2196,37643206
8,4,3,1,1,7,41,31,21,2,0.2219290975,2197,37651125
5,2,2,1,0,5,32,40,2,2,0.15824615972222222,2198,37659044
9,6,3,0,4,5,40,32,31,4,0.22020215638888888,2199,37666963
8,2,4,2,3,5,44,28,26,4,0.20393998319444442,2200,37674882
8,6,2,0,3,5,45,27,23,4,0.21663886000000002,2201,37682801
8,4,2,2,1,7,38,34,30,4,0.29519305333333334,2202,37690720
6,4,1,1,3,3,52,20,9,2,0.27925242250000004,2203,37698639
6,4,1,1,0,6,34,38,9,2,0.15823147333333332,2204,37706558
8,4,3,1,2,6,44,28,25,4,0.2082755413888889,2205,37714477
7,6,0,1,2,5,44,28,26,3,0.33633079930555554,2206,37722396
3,3,0,0,1,2,25,47,7,2,0.16613062305555554,2207,37730315
7,4,2,1,1,6,47,25,19,2,0.20242647416666668,2208,37738234
7,3,3,1,3,4,35,37,23,4,0.22809776611111113,2209,37746153
6,3,1,2,2,4,37,35,16,2,0.16402110097222222,2210,37754072
8,4,3,1,2,6,54,18,18,3,0.20794060208333334,2211,37761991
6,3,2,1,3,3,28,44,11,3,0.14485886625,2212,37769910
2,1,1,0,0,2,12,60,0,1,0.06622648930555557,2213,37777829
7,4,2,1,2,5,40,32,12,4,0.16965108458333333,2214,37785748
5,2,3,0,1,4,53,19,11,3,0.21039714694444445,2215,37793667
7,0,3,4,2,5,49,23,14,3,0.1608257423611111,2216,37801586
4,2,2,0,1,3,30,42,9,2,0.1281392538888889,2217,37809505
2,1,1,0,0,2,30,42,3,2,0.10183939847222222,2218,37817424
4,2,1,1,2,2,38,34,0,1,0.14665508124999999,2219,37825343
9,5,4,0,4,5,40,32,32,5,0.2691520036111111,2220,37833262
8,2,4,2,2,6,56,16,28,2,0.19577269680555553,2221,37841181
5,2,2,1,2,3,31,41,9,3,0.185913075,2222,37849100
5,2,2,1,3,2,42,30,16,3,0.27635050347222223,2223,37857019
8,5,1,2,4,4,58,14,20,3,0.32120909277777776,2224,37864938
1,0,0,1,0,1,10,62,0,1,0.05645981333333334,2225,37872857
9,6,2,1,3,6,58,14,34,3,0.26048866638888885,2226,37880776
6,5,1,0,3,3,50,22,17,3,0.2831767290277778,2227,37888695
6,4,2,0,3,3,43,29,20,3,0.19503428652777777,2228,37896614
7,2,2,3,4,3,44,28,8,2,0.2228231620833333,2229,37904533
5,2,1,2,3,2,33,39,11,3,0.1214144125,2230,37912452
4,1,1,2,1,3,37,35,13,2,0.15549774486111112,2231,37920371
6,2,3,1,0,6,27,45,11,2,0.1372881775,2232,37928290
3,0,1,2,2,1,13,59,8,2,0.08230013930555555,2233,37936209
10,4,4,2,5,5,65,7,35,3,0.3396355884722222,2234,37944128
7,5,1,1,2,5,63,9,20,2,0.3204948672222222,2235,37952047
7,3,3,1,1,6,53,19,22,3,0.39599375819444443,2236,37959966
4,2,2,0,0,4,36,36,2,2,0.1986187459722222,2237,37967885
2,2,0,0,2,0,21,51,0,1,0.08266247819444444,2238,37975804
6,3,2,1,1,5,42,30,27,3,0.2923357934722222,2239,37983723
6,2,2,2,3,3,44,28,12,2,0.2349188084722222,2240,37991642
6,5,0,1,3,3,52,20,28,3,0.22164178708333332,2241,37999561
6,0,5,1,1,5,50,22,11,3,0.20032828583333334,2242,38007480
8,4,0,4,0,8,51,21,18,3,0.34582413875000007,2243,38015399
5,3,2,0,2,3,55,17,12,2,0.23307479166666667,2244,38023318
6,2,1,3,5,1,38,34,17,4,0.21692654625,2245,38031237
10,2,5,3,2,8,51,21,28,4,0.25626549125,2246,38039156
8,5,2,1,2,6,52,20,42,4,0.2125152386111111,2247,38047075
2,1,1,0,1,1,17,55,0,1,0.061255871805555556,2248,38054994
8,4,4,0,4,4,47,25,8,2,0.2686878883333333,2249,38062913
8,2,3,3,3,5,52,20,30,3,0.23952890361111112,2250,38070832
7,3,1,3,3,4,41,31,14,3,0.2562375040277778,2251,38078751
7,4,1,2,3,4,50,22,22,2,0.1819885909722222,2252,38086670
8,3,1,4,2,6,56,16,13,3,0.23088504555555556,2253,38094589
3,2,0,1,2,1,20,52,1,2,0.09277332375,2254,38102508
3,2,0,1,0,3,26,46,7,2,0.13077975027777777,2255,38110427
5,3,1,1,1,4,45,27,15,2,0.2222683173611111,2256,38118346
3,2,1,0,2,1,27,45,4,2,0.1581527825,2257,38126265
8,6,1,1,4,4,58,14,16,2,0.29134468124999996,2258,38134184
4,1,1,2,2,2,23,49,8,2,0.12940582305555556,2259,38142103
12,6,5,1,4,8,65,7,38,4,0.38622401625,2260,38150022
8,2,2,4,1,7,47,25,15,3,0.24388214819444448,2261,38157941
9,8,1,0,3,6,39,33,28,4,0.2536487147222222,2262,38165860
6,1,4,1,1,5,38,34,12,2,0.12923015999999998,2263,38173779
9,5,4,0,1,8,65,7,38,3,0.2855408343055556,2264,38181698
11,6,1,4,5,6,69,3,40,5,0.35816262,2265,38189617
9,3,5,1,2,7,50,22,34,3,0.30658199027777777,2266,38197536
8,3,2,3,4,4,47,25,25,3,0.2509664204166666,2267,38205455
4,2,0,2,1,3,36,36,17,3,0.24998101861111113,2268,38213374
7,4,1,2,4,3,43,29,32,4,0.22799030402777776,2269,38221293
9,6,1,2,4,5,39,33,25,5,0.18667260347222223,2270,38229212
6,3,2,1,1,5,43,29,12,2,0.20420562208333337,2271,38237131
7,3,1,3,2,5,37,35,19,2,0.11585506638888887,2272,38245050
8,2,2,4,4,4,45,27,30,4,0.3570465215277777,2273,38252969
9,5,2,2,2,7,56,16,24,3,0.21509747055555556,2274,38260888
6,2,4,0,1,5,48,24,13,3,0.28936865736111117,2275,38268807
6,2,2,2,2,4,43,29,5,2,0.12090462083333334,2276,38276726
4,2,1,1,3,1,34,38,15,2,0.21897184152777777,2277,38284645
10,5,2,3,5,5,64,8,41,3,0.3275924954166667,2278,38292564
6,1,2,3,1,5,41,31,13,3,0.21586422694444446,2279,38300483
4,2,1,1,2,2,41,31,19,2,0.10618514847222221,2280,38308402
9,8,0,1,4,5,59,13,25,4,0.31054819527777777,2281,38316321
5,3,1,1,2,3,33,39,14,2,0.15100018305555554,2282,38324240
6,4,1,1,1,5,43,29,23,3,0.14202024958333334,2283,38332159
6,2,3,1,2,4,56,16,5,2,0.26116419763888893,2284,38340078
4,2,2,0,1,3,39,33,3,2,0.18566935402777776,2285,38347997
9,3,4,2,3,6,62,10,20,3,0.349103135,2286,38355916
4,3,0,1,1,3,32,40,0,1,0.13325008194444443,2287,38363835
5,1,2,2,2,3,33,39,13,3,0.16754040472222223,2288,38371754
7,4,2,1,1,6,57,15,18,3,0.2950525538888889,2289,38379673
6,4,1,1,2,4,48,24,8,2,0.23091875152777774,2290,38387592
9,5,3,1,1,8,60,12,33,3,0.3439534726388889,2291,38395511
10,4,4,2,2,8,70,2,44,4,0.4111664630555556,2292,38403430
3,1,1,1,2,1,16,56,2,3,0.08788131097222222,2293,38411349
5,2,3,0,0,5,27,45,10,3,0.11440507638888889,2294,38419268
7,4,3,0,4,3,33,39,24,3,0.13008922777777776,2295,38427187
6,5,1,0,0,6,45,27,4,2,0.2209769027777778,2296,38435106
6,3,1,2,3,3,55,17,20,2,0.20304706083333335,2297,38443025
6,2,3,1,1,5,29,43,9,4,0.2018219883333333,2298,38450944
1,1,0,0,0,1,20,52,0,1,0.07769736388888887,2299,38458863
5,2,2,1,1,4,42,30,7,2,0.1539227926388889,2300,38466782
4,3,0,1,1,3,22,50,12,3,0.07850858041666665,2301,38474701
4,4,0,0,3,1,25,47,4,2,0.18347764333333333,2302,38482620
8,3,2,3,3,5,43,29,16,4,0.18553471736111113,2303,38490539
4,2,2,0,0,4,16,56,10,2,0.12602738958333332,2304,38498458
6,3,2,1,1,5,42,30,5,2,0.15537159041666668,2305,38506377
7,3,2,2,2,5,40,32,13,4,0.14278675958333334,2306,38514296
8,3,3,2,2,6,51,21,19,4,0.2542689801388889,2307,38522215
4,3,1,0,2,2,25,47,14,4,0.07799934027777779,2308,38530134
10,2,6,2,4,6,50,22,18,4,0.2261424451388889,2309,38538053
8,6,2,0,4,4,69,3,25,4,0.33219629625,2310,38545972
13,5,5,3,4,9,55,17,30,4,0.3415538894444444,2311,38553891
5,3,1,1,2,3,38,34,11,2,0.2199009627777778,2312,38561810
11,7,4,0,4,7,65,7,34,4,0.3194876277777778,2313,38569729
5,4,1,0,2,3,44,28,4,2,0.19522909263888888,2314,38577648
3,3,0,0,1,2,21,51,7,2,0.11313624222222221,2315,38585567
6,2,3,1,1,5,44,28,6,3,0.28372926027777784,2316,38593486
9,6,1,2,3,6,50,22,22,3,0.2643421268055556,2317,38601405
6,4,1,1,4,2,49,23,12,3,0.20790851250000003,2318,38609324
6,1,3,2,4,2,38,34,21,4,0.12114586597222224,2319,38617243
7,5,1,1,1,6,44,28,32,3,0.19096942777777778,2320,38625162
11,6,0,5,7,4,58,14,32,4,0.2191116540277778,2321,38633081
5,1,3,1,1,4,34,38,7,2,0.20347064055555555,2322,38641000
5,4,1,0,1,4,49,23,11,2,0.26188374319444446,2323,38648919
8,6,1,1,2,6,44,28,18,3,0.26816387333333336,2324,38656838
5,4,0,1,1,4,42,30,9,2,0.13127260722222223,2325,38664757
4,1,1,2,1,3,25,47,8,2,0.10354222555555556,2326,38672676
8,2,4,2,2,6,34,38,20,3,0.24436211944444441,2327,38680595
9,5,3,1,2,7,65,7,30,3,0.3469181326388889,2328,38688514
2,1,0,1,1,1,11,61,0,1,0.06367608694444445,2329,38696433
7,3,2,2,3,4,46,26,10,4,0.2459906459722222,2330,38704352
8,1,5,2,2,6,49,23,20,3,0.2545388016666667,2331,38712271
8,1,3,4,2,6,44,28,28,3,0.18702311000000002,2332,38720190
11,5,5,1,3,8,60,12,45,3,0.4075245520833333,2333,38728109
7,2,5,0,3,4,31,41,13,3,0.20700206374999996,2334,38736028
4,1,3,0,1,3,25,47,0,1,0.16125593944444444,2335,38743947
9,6,3,0,5,4,64,8,27,3,0.37783995833333334,2336,38751866
6,3,1,2,2,4,43,29,14,3,0.16576144250000002,2337,38759785
4,2,1,1,2,2,33,39,8,3,0.20160588097222223,2338,38767704
7,5,1,1,2,5,36,36,25,3,0.24577455138888885,2339,38775623
9,5,2,2,4,5,52,20,29,3,0.24874768513888887,2340,38783542
12,3,5,4,3,9,59,13,42,4,0.3671912593055555,2341,38791461
3,1,1,1,0,3,31,41,0,1,0.10577110055555555,2342,38799380
4,3,1,0,3,1,32,40,10,3,0.10340266347222221,2343,38807299
7,4,3,0,2,5,54,18,23,3,0.1956023761111111,2344,38815218
9,4,2,3,5,4,63,9,26,4,0.43533090166666666,2345,38823137
11,5,5,1,5,6,60,12,41,4,0.3864960013888889,2346,38831056
3,2,0,1,1,2,28,44,8,2,0.11247583458333334,2347,38838975
7,3,2,2,2,5,59,13,18,3,0.3538349934722222,2348,38846894
9,3,2,4,4,5,46,26,23,5,0.2300607458333333,2349,38854813
5,3,0,2,2,3,45,27,7,2,0.15523533902777778,2350,38862732
3,0,2,1,2,1,17,55,8,2,0.10940378611111111,2351,38870651
5,3,1,1,1,4,40,32,3,2,0.17413361680555553,2352,38878570
8,3,2,3,2,6,34,38,19,3,0.22081714347222223,2353,38886489
8,3,4,1,3,5,48,24,23,2,0.2296259644444444,2354,38894408
5,2,3,0,2,3,37,35,4,2,0.19267378041666663,2355,38902327
7,4,3,0,0,7,43,29,26,3,0.3342705959722222,2356,38910246
5,3,0,2,2,3,39,33,10,2,0.18905703833333332,2357,38918165
3,2,1,0,2,1,34,38,1,2,0.11610765569444442,2358,38926084
4,1,2,1,1,3,17,55,5,2,0.07656078902777778,2359,38934003
5,3,2,0,4,1,46,26,15,3,0.1735795359722222,2360,38941922
11,6,1,4,5,6,56,16,36,4,0.3399272173611111,2361,38949841
3,2,1,0,0,3,25,47,3,2,0.14722055138888887,2362,38957760
5,2,3,0,0,5,41,31,9,3,0.21826844152777777,2363,38965679
9,4,3,2,2,7,54,18,29,3,0.22634975208333336,2364,38973598
7,3,3,1,2,5,52,20,25,3,0.18950359027777777,2365,38981517
6,5,1,0,4,2,43,29,3,2,0.20259713694444448,2366,38989436
7,1,2,4,3,4,50,22,15,2,0.19093812472222224,2367,38997355
9,1,5,3,4,5,42,30,25,4,0.1820519783333333,2368,39005274
7,4,0,3,2,5,42,30,24,3,0.22461715694444445,2369,39013193
3,2,1,0,1,2,22,50,9,2,0.17214731847222223,2370,39021112
7,2,4,1,4,3,42,30,15,3,0.15906534027777777,2371,39029031
6,2,4,0,0,6,53,19,7,2,0.2728608223611111,2372,39036950
8,4,1,3,3,5,52,20,19,2,0.3065599286111111,2373,39044869
6,3,3,0,2,4,45,27,15,2,0.1496465372222222,2374,39052788
8,7,1,0,3,5,58,14,13,2,0.29882372013888886,2375,39060707
5,4,0,1,2,3,38,34,16,3,0.11829242847222224,2376,39068626
4,0,1,3,1,3,34,38,11,2,0.08854983749999999,2377,39076545
6,3,2,1,1,5,39,33,4,2,0.14491155666666666,2378,39084464
7,2,2,3,2,5,55,17,12,2,0.25990811347222226,2379,39092383
4,0,3,1,1,3,33,39,5,2,0.14071120555555555,2380,39100302
6,2,3,1,2,4,56,16,5,2,0.268268945,2381,39108221
6,4,1,1,1,5,43,29,15,3,0.22243799361111108,2382,39116140
5,2,0,3,3,2,39,33,20,2,0.14935496027777778,2383,39124059
9,3,5,1,0,9,44,28,20,3,0.3350065386111111,2384,39131978
8,5,2,1,3,5,46,26,21,4,0.24961888305555555,2385,39139897
6,0,3,3,1,5,40,32,2,2,0.1836983659722222,2386,39147816
6,3,1,2,1,5,43,29,16,2,0.24261664763888893,2387,39155735
4,1,2,1,2,2,32,40,8,3,0.18418600736111113,2388,39163654
3,2,0,1,2,1,25,47,4,2,0.14002123791666665,2389,39171573
7,4,2,1,2,5,43,29,25,3,0.2571689725,2390,39179492
4,3,0,1,2,2,28,44,17,3,0.10898506527777778,2391,39187411
10,6,2,2,3,7,64,8,41,3,0.32645153513888886,2392,39195330
6,2,0,4,2,4,35,37,13,3,0.11124078597222223,2393,39203249
4,1,2,1,2,2,33,39,0,1,0.10856357652777776,2394,39211168
11,6,2,3,6,5,62,10,38,3,0.24669050555555558,2395,39219087
7,2,1,4,2,5,43,29,15,3,0.20814702319444445,2396,39227006
7,2,2,3,4,3,51,21,27,3,0.23323423930555556,2397,39234925
4,2,1,1,2,2,23,49,5,2,0.09856203152777779,2398,39242844
9,4,2,3,3,6,56,16,35,4,0.2163370929166667,2399,39250763
5,1,2,2,2,3,33,39,7,2,0.11761311819444445,2400,39258682
7,4,2,1,0,7,43,29,16,2,0.17987214625,2401,39266601
5,2,1,2,3,2,44,28,7,2,0.2147602423611111,2402,39274520
5,4,1,0,1,4,39,33,7,3,0.2138178963888889,2403,39282439
5,2,2,1,1,4,39,33,9,3,0.28554583791666666,2404,39290358
7,4,1,2,3,4,48,24,29,4,0.25505280361111116,2405,39298277
3,0,2,1,2,1,21,51,0,1,0.07355291569444444,2406,39306196
7,2,4,1,1,6,36,36,15,3,0.17499253138888887,2407,39314115
5,2,2,1,2,3,32,40,17,3,0.17750877625,2408,39322034
6,3,1,2,2,4,50,22,13,2,0.2251314451388889,2409,39329953
6,4,1,1,5,1,54,18,12,2,0.21119457277777778,2410,39337872
4,2,0,2,3,1,34,38,19,3,0.15594829722222225,2411,39345791
4,2,2,0,1,3,27,45,11,2,0.08612130958333333,2412,39353710
3,2,1,0,1,2,30,42,0,1,0.19079490319444442,2413,39361629
11,3,6,2,4,7,54,18,36,5,0.2890119747222222,2414,39369548
3,1,1,1,1,2,15,57,11,2,0.030110189583333336,2415,39377467
7,5,1,1,6,1,51,21,25,3,0.18817656680555556,2416,39385386
6,1,3,2,2,4,42,30,14,3,0.20241849069444445,2417,39393305
5,3,1,1,2,3,48,24,16,3,0.19627917472222223,2418,39401224
9,4,3,2,2,7,55,17,21,5,0.26547641930555554,2419,39409143
10,6,1,3,4,6,58,14,30,5,0.22636753027777778,2420,39417062
7,3,2,2,5,2,44,28,7,3,0.18926557125,2421,39424981
5,4,0,1,2,3,49,23,25,2,0.1412425161111111,2422,39432900
5,2,1,2,3,2,24,48,8,2,0.15961988458333332,2423,39440819
7,6,1,0,3,4,52,20,14,3,0.24826013125000004,2424,39448738
7,5,0,2,3,4,46,26,13,3,0.2317909244444444,2425,39456657
5,1,2,2,2,3,37,35,4,2,0.1390053947222222,2426,39464576
7,5,1,1,4,3,41,31,27,3,0.13079226472222225,2427,39472495
11,5,3,3,3,8,63,9,26,6,0.33728496069444447,2428,39480414
11,8,3,0,2,9,49,23,28,4,0.2911576493055556,2429,39488333
3,1,1,1,1,2,30,42,2,2,0.10866992472222221,2430,39496252
8,4,3,1,2,6,52,20,27,3,0.2958009641666667,2431,39504171
4,2,1,1,0,4,46,26,1,2,0.20468929430555555,2432,39512090
8,4,3,1,3,5,49,23,26,3,0.3365954704166667,2433,39520009
5,3,1,1,0,5,38,34,20,3,0.2776005970833333,2434,39527928
6,2,4,0,3,3,35,37,9,2,0.11889021875,2435,39535847
4,1,3,0,0,4,34,38,0,1,0.18159790819444444,2436,39543766
8,3,2,3,3,5,38,34,27,5,0.1940472311111111,2437,39551685
3,2,1,0,1,2,34,38,0,1,0.11464015555555555,2438,39559604
8,3,3,2,2,6,53,19,23,2,0.2699317518055555,2439,39567523
9,2,4,3,4,5,47,25,27,3,0.30661263361111113,2440,39575442
7,2,3,2,2,5,46,26,29,2,0.2117640877777778,2441,39583361
11,3,4,4,3,8,48,24,30,6,0.2992305840277778,2442,39591280
4,4,0,0,2,2,34,38,8,2,0.19370881888888888,2443,39599199
7,2,3,2,2,5,37,35,19,3,0.1384180786111111,2444,39607118
9,5,2,2,5,4,56,16,24,3,0.24245968569444443,2445,39615037
11,6,3,2,3,8,55,17,37,3,0.40023941555555553,2446,39622956
4,1,1,2,1,3,30,42,6,2,0.16271261416666669,2447,39630875
9,6,3,0,1,8,55,17,33,3,0.3652364045833334,2448,39638794
5,2,2,1,3,2,44,28,13,2,0.15963379569444444,2449,39646713
7,5,2,0,2,5,55,17,17,2,0.2717952979166667,2450,39654632
10,5,4,1,3,7,39,33,27,6,0.29232470625,2451,39662551
11,5,2,4,5,6,50,22,25,6,0.3536489072222222,2452,39670470
7,4,1,2,3,4,34,38,20,4,0.14893359374999998,2453,39678389
9,6,1,2,3,6,68,4,28,3,0.2948175930555556,2454,39686308
3,1,1,1,0,3,29,43,6,2,0.10414166347222223,2455,39694227
4,2,1,1,2,2,36,36,0,1,0.13130223777777777,2456,39702146
9,5,3,1,3,6,70,2,36,4,0.3173520965277778,2457,39710065
5,1,3,1,0,5,21,51,9,3,0.15522043680555553,2458,39717984
10,3,4,3,4,6,55,17,35,3,0.2571442825,2459,39725903
8,3,3,2,1,7,54,18,25,3,0.37410500069444447,2460,39733822
3,3,0,0,2,1,39,33,8,2,0.17254668388888886,2461,39741741
4,2,0,2,1,3,29,43,7,2,0.13087795166666666,2462,39749660
10,6,3,1,2,8,60,12,22,4,0.33860373875,2463,39757579
9,6,3,0,3,6,60,12,23,3,0.3822529679166667,2464,39765498
4,2,1,1,1,3,38,34,14,2,0.1739531748611111,2465,39773417
5,2,1,2,2,3,39,33,7,2,0.18704161777777778,2466,39781336
4,2,2,0,1,3,23,49,5,2,0.14547335805555556,2467,39789255
3,2,1,0,0,3,21,51,2,2,0.14595371527777778,2468,39797174
9,4,3,2,2,7,50,22,14,3,0.31332770555555556,2469,39805093
8,3,2,3,7,1,38,34,10,4,0.25089799124999995,2470,39813012
9,4,2,3,4,5,62,10,13,2,0.3030324022222222,2471,39820931
8,7,1,0,3,5,60,12,29,3,0.24089065944444446,2472,39828850
6,4,1,1,3,3,40,32,12,2,0.13392583583333334,2473,39836769
3,1,1,1,3,0,20,52,3,2,0.05262789874999999,2474,39844688
4,3,0,1,0,4,25,47,9,2,0.18745299402777776,2475,39852607
6,2,2,2,3,3,52,20,15,3,0.19549013291666667,2476,39860526
9,2,6,1,3,6,40,32,24,4,0.23392099083333331,2477,39868445
6,2,2,2,3,3,47,25,16,2,0.2216706488888889,2478,39876364
7,5,2,0,3,4,55,17,34,3,0.18826099555555556,2479,39884283
6,4,1,1,1,5,42,30,24,4,0.2384932673611111,2480,39892202
6,4,0,2,3,3,43,29,19,3,0.2181319275,2481,39900121
7,4,2,1,3,4,46,26,24,3,0.27940353111111116,2482,39908040
5,3,1,1,1,4,30,42,9,3,0.20878810041666668,2483,39915959
5,2,1,2,4,1,26,46,15,2,0.14108920861111113,2484,39923878
4,2,1,1,2,2,47,25,4,2,0.2369405709722222,2485,39931797
10,4,4,2,4,6,62,10,26,4,0.32455885847222216,2486,39939716
7,5,0,2,4,3,63,9,30,2,0.36437941152777775,2487,39947635
5,2,1,2,1,4,40,32,15,2,0.20751517430555555,2488,39955554
10,3,4,3,5,5,57,15,38,4,0.336657715,2489,39963473
7,6,1,0,0,7,55,17,28,2,0.2990820866666667,2490,39971392
6,2,4,0,0,6,35,37,15,3,0.20427632736111112,2491,39979311
7,4,2,1,1,6,44,28,17,3,0.20954318944444447,2492,39987230
8,5,3,0,2,6,63,9,39,4,0.311208255,2493,39995149
8,3,3,2,3,5,47,25,21,3,0.30975592930555557,2494,40003068
8,4,3,1,2,6,54,18,14,3,0.22521796847222225,2495,40010987
6,2,1,3,3,3,46,26,20,2,0.21979407694444444,2496,40018906
4,4,0,0,1,3,44,28,18,2,0.12191483069444445,2497,40026825
8,5,3,0,0,8,39,33,21,4,0.3880731994444444,2498,40034744
8,4,0,4,3,5,52,20,20,3,0.20421863402777776,2499,40042663
8,2,4,2,3,5,50,22,23,3,0.13957945277777778,2500,40050582
5,3,1,1,2,3,47,25,27,2,0.26462341013888885,2501,40058501
9,4,0,5,3,6,61,11,27,4,0.2501943506944444,2502,40066420
5,1,2,2,2,3,41,31,10,2,0.1809479802777778,2503,40074339
7,4,2,1,2,5,47,25,19,2,0.2639316726388889,2504,40082258
7,4,2,1,2,5,55,17,13,3,0.3226314434722222,2505,40090177
6,2,1,3,3,3,35,37,18,3,0.17524069152777777,2506,40098096
6,3,2,1,1,5,53,19,20,2,0.2864658236111111,2507,40106015
7,3,3,1,4,3,36,36,22,5,0.1486381747222222,2508,40113934
4,2,1,1,3,1,30,42,14,3,0.17899586083333333,2509,40121853
8,5,1,2,3,5,57,15,21,3,0.2756200227777778,2510,40129772
7,4,2,1,4,3,46,26,18,2,0.320160765,2511,40137691
7,3,3,1,3,4,55,17,15,2,0.2803939659722222,2512,40145610
2,1,0,1,1,1,18,54,0,1,0.06717909847222223,2513,40153529
9,3,4,2,2,7,58,14,22,3,0.48497039250000007,2514,40161448
4,2,0,2,3,1,32,40,5,2,0.14368762208333333,2515,40169367
7,3,2,2,3,4,36,36,22,3,0.17778474375,2516,40177286
3,2,1,0,2,1,27,45,0,1,0.12794669138888887,2517,40185205
4,2,2,0,2,2,20,52,5,2,0.12633567277777777,2518,40193124
5,3,2,0,2,3,43,29,1,2,0.16363817458333335,2519,40201043
4,3,1,0,2,2,29,43,12,2,0.10176684069444444,2520,40208962
10,5,4,1,5,5,67,5,24,5,0.35560253194444447,2521,40216881
6,4,1,1,2,4,31,41,14,2,0.21258435319444446,2522,40224800
9,8,0,1,3,6,38,34,27,4,0.22281361083333331,2523,40232719
6,3,2,1,0,6,46,26,19,2,0.2123196211111111,2524,40240638
6,4,1,1,3,3,49,23,18,3,0.2614164291666667,2525,40248557
4,1,2,1,0,4,23,49,5,2,0.10645880986111111,2526,40256476
4,2,1,1,1,3,31,41,12,2,0.10597155569444446,2527,40264395
6,1,3,2,3,3,46,26,7,2,0.2103089826388889,2528,40272314
8,3,3,2,3,5,57,15,28,2,0.3046133486111111,2529,40280233
6,3,3,0,3,3,27,45,12,2,0.09557603652777777,2530,40288152
6,2,3,1,0,6,44,28,5,3,0.24237547152777777,2531,40296071
9,6,1,2,3,6,62,10,26,3,0.33844651013888893,2532,40303990
8,6,2,0,2,6,50,22,15,3,0.28585946194444445,2533,40311909
8,5,3,0,1,7,65,7,32,3,0.37320851430555557,2534,40319828
7,5,1,1,1,6,47,25,19,3,0.36245319305555557,2535,40327747
5,2,2,1,1,4,31,41,9,2,0.12743626041666667,2536,40335666
5,2,2,1,2,3,27,45,7,3,0.11032141499999999,2537,40343585
5,2,2,1,1,4,47,25,11,2,0.2407986097222222,2538,40351504
6,5,1,0,2,4,39,33,11,3,0.2537789248611111,2539,40359423
8,4,3,1,0,8,45,27,24,3,0.40563513777777777,2540,40367342
7,2,4,1,2,5,34,38,23,3,0.24367069555555554,2541,40375261
3,1,0,2,3,0,28,44,0,1,0.10534937305555556,2542,40383180
8,4,0,4,5,3,46,26,19,3,0.2883670411111111,2543,40391099
7,2,2,3,1,6,49,23,6,2,0.27484997861111116,2544,40399018
9,6,1,2,4,5,65,7,37,4,0.3143146669444445,2545,40406937
7,6,0,1,4,3,54,18,20,3,0.2550905786111111,2546,40414856
12,7,2,3,5,7,49,23,36,5,0.35810866375,2547,40422775
2,0,1,1,1,1,18,54,0,1,0.06171759916666667,2548,40430694
7,3,2,2,3,4,38,34,14,3,0.17320838291666668,2549,40438613
7,5,2,0,4,3,52,20,25,2,0.16717413263888886,2550,40446532
10,8,1,1,5,5,44,28,36,5,0.2717336665277778,2551,40454451
8,3,2,3,3,5,53,19,25,3,0.24071117388888888,2552,40462370
5,1,1,3,2,3,43,29,9,3,0.20119937611111113,2553,40470289
6,3,2,1,3,3,52,20,7,2,0.18348486375,2554,40478208
5,3,2,0,2,3,32,40,7,3,0.1251616384722222,2555,40486127
11,8,1,2,7,4,59,13,36,3,0.3500016959722222,2556,40494046
7,4,2,1,1,6,49,23,8,2,0.22553944652777774,2557,40501965
6,4,2,0,2,4,40,32,15,3,0.23440503152777778,2558,40509884
2,0,1,1,1,1,22,50,0,1,0.09658358069444445,2559,40517803
0,0,0,0,0,0,0,72,0,0,0.0,2560,40525722
6,2,3,1,0,6,28,44,6,3,0.14881243388888887,2561,40533641
5,2,2,1,3,2,28,44,3,2,0.11763910486111111,2562,40541560
8,6,2,0,2,6,58,14,30,4,0.2571803911111111,2563,40549479
8,2,4,2,2,6,37,35,19,4,0.2350880429166667,2564,40557398
9,3,2,4,4,5,38,34,32,4,0.23401608861111114,2565,40565317
8,4,2,2,0,8,53,19,15,3,0.31199447333333336,2566,40573236
4,3,1,0,3,1,55,17,3,2,0.22620492972222225,2567,40581155
8,4,3,1,1,7,52,20,14,3,0.2991791701388889,2568,40589074
6,5,0,1,0,6,56,16,9,3,0.2501485019444444,2569,40596993
10,5,2,3,6,4,57,15,26,3,0.4130825404166667,2570,40604912
5,3,1,1,4,1,38,34,12,2,0.1451426784722222,2571,40612831
7,1,4,2,5,2,41,31,16,3,0.2150975383333333,2572,40620750
7,4,2,1,2,5,42,30,11,4,0.17416888930555555,2573,40628669
5,5,0,0,1,4,58,14,13,2,0.27992631013888886,2574,40636588
8,4,4,0,3,5,60,12,21,2,0.24259066999999998,2575,40644507
7,5,1,1,3,4,49,23,16,3,0.21632350708333334,2576,40652426
9,2,2,5,5,4,46,26,29,4,0.22882767458333328,2577,40660345
5,3,0,2,2,3,35,37,19,3,0.21080028652777777,2578,40668264
5,4,0,1,2,3,33,39,6,2,0.17844427944444444,2579,40676183
8,3,3,2,4,4,34,38,22,4,0.28987959249999995,2580,40684102
3,1,1,1,1,2,26,46,0,1,0.08691151166666666,2581,40692021
3,2,1,0,1,2,23,49,3,2,0.09329791027777777,2582,40699940
7,3,2,2,2,5,41,31,24,3,0.26406358194444446,2583,40707859
4,2,2,0,1,3,24,48,9,3,0.10496677361111112,2584,40715778
7,2,2,3,2,5,41,31,21,3,0.20783927249999998,2585,40723697
9,7,1,1,3,6,56,16,32,3,0.24460033916666665,2586,40731616
9,6,2,1,2,7,61,11,24,2,0.32221478625,2587,40739535
8,4,1,3,3,5,56,16,33,4,0.2605980743055556,2588,40747454
8,5,2,1,3,5,60,12,37,3,0.3156343911111111,2589,40755373
4,3,1,0,2,2,41,31,5,2,0.21094387583333335,2590,40763292
5,3,1,1,1,4,42,30,10,2,0.15285056013888887,2591,40771211
5,2,2,1,3,2,34,38,10,2,0.12781828444444443,2592,40779130
3,1,2,0,1,2,13,59,5,2,0.0615198575,2593,40787049
7,3,2,2,1,6,35,37,13,3,0.19230786944444447,2594,40794968
8,3,4,1,2,6,48,24,24,4,0.17213620333333335,2595,40802887
6,2,2,2,1,5,42,30,11,2,0.19679685680555553,2596,40810806
8,5,2,1,2,6,61,11,30,3,0.25090689847222225,2597,40818725
4,2,0,2,1,3,43,29,5,2,0.14911163680555553,2598,40826644
7,5,2,0,1,6,54,18,18,3,0.2554977326388889,2599,40834563
2,1,1,0,0,2,9,63,0,1,0.044910225277777785,2600,40842482
13,7,5,1,2,11,56,16,44,4,0.4666052852777778,2601,40850401
5,2,2,1,2,3,46,26,15,3,0.16150352166666668,2602,40858320
4,3,1,0,2,2,34,38,11,3,0.10770192319444447,2603,40866239
9,5,2,2,3,6,39,33,19,4,0.2443167729166667,2604,40874158
6,4,2,0,0,6,38,34,15,4,0.23337735569444445,2605,40882077
8,2,4,2,3,5,45,27,17,3,0.2744420602777778,2606,40889996
3,2,1,0,3,0,23,49,1,2,0.1002335776388889,2607,40897915
6,4,1,1,2,4,39,33,15,2,0.16946737166666667,2608,40905834
6,2,3,1,2,4,31,41,21,3,0.14302232069444443,2609,40913753
3,2,0,1,2,1,26,46,3,2,0.12315916652777778,2610,40921672
9,4,4,1,3,6,46,26,24,5,0.2272113409722222,2611,40929591
11,6,2,3,4,7,63,9,41,4,0.3245728783333333,2612,40937510
5,3,1,1,2,3,31,41,16,3,0.10427866166666666,2613,40945429
2,1,1,0,1,1,21,51,0,1,0.07582413347222222,2614,40953348
4,1,3,0,2,2,20,52,5,2,0.07021906027777779,2615,40961267
4,2,2,0,2,2,26,46,8,3,0.13585010083333332,2616,40969186
7,5,1,1,3,4,40,32,19,3,0.20066272152777775,2617,40977105
4,2,1,1,1,3,42,30,6,2,0.21574675444444444,2618,40985024
2,1,0,1,1,1,21,51,0,1,0.07238346305555556,2619,40992943
8,5,2,1,2,6,63,9,29,2,0.26750290055555553,2620,41000862
4,3,0,1,1,3,30,42,12,2,0.12038854930555555,2621,41008781
6,3,3,0,2,4,48,24,31,3,0.2378184819444444,2622,41016700
9,6,2,1,2,7,59,13,29,3,0.29520564861111115,2623,41024619
9,3,5,1,2,7,46,26,26,3,0.2700619329166667,2624,41032538
2,2,0,0,0,2,19,53,0,1,0.057700460555555555,2625,41040457
3,3,0,0,1,2,22,50,0,1,0.10740269152777777,2626,41048376
6,3,2,1,1,5,47,25,17,4,0.26402433708333334,2627,41056295
2,1,0,1,1,1,10,62,0,1,0.056721427222222225,2628,41064214
12,6,4,2,2,10,62,10,44,4,0.4225053718055556,2629,41072133
10,3,4,3,4,6,62,10,41,4,0.40907433013888883,2630,41080052
13,6,5,2,3,10,62,10,36,4,0.3304170963888889,2631,41087971
4,2,1,1,3,1,37,35,4,2,0.19787602819444444,2632,41095890
8,5,2,1,2,6,52,20,24,3,0.25999729069444444,2633,41103809
5,2,2,1,1,4,47,25,14,2,0.2837148423611111,2634,41111728
3,3,0,0,0,3,32,40,0,1,0.09594068388888889,2635,41119647
5,2,2,1,2,3,39,33,14,2,0.2198888998611111,2636,41127566
11,7,1,3,4,7,65,7,47,5,0.24001543597222222,2637,41135485
7,4,2,1,3,4,48,24,15,3,0.22256912041666668,2638,41143404
6,4,0,2,2,4,26,46,11,2,0.15799270694444445,2639,41151323
4,3,0,1,2,2,44,28,9,2,0.16469537513888888,2640,41159242
2,1,0,1,1,1,18,54,10,2,0.03421611791666667,2641,41167161
8,4,1,3,0,8,53,19,21,3,0.25482269902777777,2642,41175080
2,0,1,1,0,2,14,58,0,1,0.04576782805555556,2643,41182999
6,4,1,1,1,5,45,27,21,3,0.15527385652777778,2644,41190918
5,4,0,1,2,3,45,27,16,2,0.23098433305555557,2645,41198837
6,3,2,1,2,4,47,25,3,2,0.21405974055555554,2646,41206756
5,4,0,1,1,4,60,12,8,2,0.24356381152777778,2647,41214675
4,1,3,0,0,4,25,47,8,3,0.16006313972222222,2648,41222594
8,3,2,3,4,4,56,16,15,2,0.20349894694444445,2649,41230513
8,4,2,2,4,4,47,25,19,3,0.30531848500000003,2650,41238432
6,3,2,1,1,5,38,34,11,3,0.18748603597222221,2651,41246351
8,4,2,2,2,6,58,14,30,3,0.30437052819444443,2652,41254270
8,2,5,1,2,6,60,12,8,2,0.25659995374999994,2653,41262189
12,7,2,3,5,7,60,12,31,4,0.42144988805555555,2654,41270108
5,1,2,2,2,3,44,28,14,2,0.1829696859722222,2655,41278027
4,2,1,1,2,2,30,42,5,2,0.10438253083333332,2656,41285946
4,2,2,0,0,4,30,42,16,2,0.2009849123611111,2657,41293865
5,3,1,1,4,1,29,43,16,2,0.23403880124999998,2658,41301784
10,6,3,1,4,6,58,14,35,4,0.33208715597222216,2659,41309703
8,5,0,3,4,4,51,21,22,3,0.26033164777777773,2660,41317622
7,3,2,2,3,4,35,37,10,2,0.20327000458333336,2661,41325541
6,2,2,2,4,2,37,35,12,3,0.15603669444444443,2662,41333460
3,1,0,2,1,2,21,51,14,2,0.07124517027777778,2663,41341379
4,1,2,1,3,1,32,40,4,2,0.0746844748611111,2664,41349298
6,2,2,2,0,6,40,32,19,2,0.26930224472222225,2665,41357217
7,4,2,1,3,4,38,34,12,3,0.16807955652777778,2666,41365136
4,2,1,1,1,3,24,48,2,2,0.1204795763888889,2667,41373055
8,4,4,0,3,5,54,18,22,2,0.20260921930555553,2668,41380974
4,0,2,2,0,4,17,55,7,2,0.13103100444444443,2669,41388893
5,4,0,1,2,3,40,32,6,2,0.1654607077777778,2670,41396812
4,1,0,3,2,2,25,47,11,3,0.11358915486111111,2671,41404731
7,0,3,4,3,4,33,39,3,3,0.12394792333333335,2672,41412650
3,2,0,1,2,1,40,32,0,1,0.1384474401388889,2673,41420569
3,2,1,0,2,1,32,40,0,1,0.11340089236111112,2674,41428488
8,4,2,2,2,6,45,27,17,3,0.21284038250000004,2675,41436407
5,0,3,2,0,5,42,30,2,2,0.21326033930555555,2676,41444326
10,3,4,3,4,6,47,25,16,4,0.22411375125,2677,41452245
5,1,0,4,2,3,29,43,13,3,0.22049661777777776,2678,41460164
7,4,1,2,0,7,50,22,21,2,0.2940087427777778,2679,41468083
6,3,2,1,1,5,52,20,9,3,0.22479610569444444,2680,41476002
5,2,2,1,2,3,48,24,1,2,0.20570242472222222,2681,41483921
11,5,5,1,3,8,52,20,26,5,0.2863374626388889,2682,41491840
5,2,1,2,1,4,30,42,15,4,0.20719754083333333,2683,41499759
6,3,1,2,4,2,39,33,30,4,0.11609007013888889,2684,41507678
4,3,1,0,0,4,27,45,7,2,0.12437193958333331,2685,41515597
6,2,1,3,2,4,32,40,18,2,0.12805349361111112,2686,41523516
6,2,1,3,3,3,43,29,17,3,0.24588249361111114,2687,41531435
6,4,2,0,1,5,43,29,19,3,0.34834698333333336,2688,41539354
11,6,2,3,3,8,68,4,56,4,0.38769462402777777,2689,41547273
10,6,2,2,6,4,58,14,35,3,0.28205649833333335,2690,41555192
6,5,0,1,1,5,51,21,1,2,0.29730091861111113,2691,41563111
2,1,0,1,1,1,12,60,0,1,0.03781893194444444,2692,41571030
10,5,4,1,2,8,50,22,29,4,0.4244653901388889,2693,41578949
10,4,3,3,2,8,63,9,39,3,0.27164161124999997,2694,41586868
8,5,0,3,4,4,44,28,26,4,0.21278786847222222,2695,41594787
3,2,0,1,2,1,32,40,0,1,0.11266870527777778,2696,41602706
7,3,2,2,3,4,32,40,14,3,0.22780134194444443,2697,41610625
4,4,0,0,2,2,27,45,9,3,0.1053896398611111,2698,41618544
4,2,0,2,2,2,48,24,9,2,0.24620686666666666,2699,41626463
9,1,4,4,4,5,50,22,25,3,0.13332515708333334,2700,41634382
6,4,1,1,1,5,47,25,7,2,0.27908781222222223,2701,41642301
8,4,2,2,3,5,42,30,11,2,0.20308140097222221,2702,41650220
8,4,2,2,3,5,54,18,26,3,0.32017043250000005,2703,41658139
7,3,2,2,1,6,47,25,13,2,0.21987566694444446,2704,41666058
4,2,2,0,1,3,25,47,22,3,0.13643092666666667,2705,41673977
6,0,4,2,2,4,48,24,18,2,0.27605205944444444,2706,41681896
4,2,1,1,0,4,27,45,9,2,0.11978426236111112,2707,41689815
10,5,4,1,3,7,61,11,34,3,0.23173347097222224,2708,41697734
10,6,3,1,3,7,56,16,28,3,0.23584594416666663,2709,41705653
3,0,3,0,0,3,32,40,0,1,0.101206,2710,41713572
10,5,2,3,4,6,43,29,18,5,0.15703080375,2711,41721491
5,2,0,3,1,4,37,35,5,2,0.17737436444444443,2712,41729410
8,4,2,2,7,1,52,20,19,4,0.23097819819444443,2713,41737329
9,5,2,2,6,3,57,15,25,3,0.30460053638888884,2714,41745248
3,2,0,1,1,2,18,54,0,1,0.07876367708333334,2715,41753167
11,6,4,1,4,7,57,15,30,4,0.29569374111111113,2716,41761086
9,7,2,0,3,6,58,14,27,3,0.4327742744444445,2717,41769005
7,2,3,2,2,5,46,26,16,3,0.1858626125,2718,41776924
6,1,4,1,1,5,47,25,11,3,0.19579109930555555,2719,41784843
6,4,0,2,2,4,45,27,25,4,0.15490587541666667,2720,41792762
8,5,2,1,4,4,52,20,26,4,0.2650111405555556,2721,41800681
3,2,1,0,1,2,31,41,0,1,0.1343914973611111,2722,41808600
11,4,4,3,8,3,62,10,29,4,0.3093262240277778,2723,41816519
4,3,1,0,1,3,31,41,4,2,0.14351993694444445,2724,41824438
3,2,0,1,2,1,33,39,0,1,0.15610443833333332,2725,41832357
5,2,3,0,2,3,30,42,11,2,0.1365533915277778,2726,41840276
8,7,1,0,2,6,63,9,25,4,0.3698380880555555,2727,41848195
10,6,3,1,3,7,55,17,25,3,0.21521632666666665,2728,41856114
6,2,3,1,2,4,34,38,19,2,0.2325873754166667,2729,41864033
4,3,1,0,2,2,38,34,0,1,0.1969126465277778,2730,41871952
8,5,1,2,6,2,35,37,24,5,0.19264319625,2731,41879871
6,4,1,1,1,5,48,24,13,3,0.23383972902777778,2732,41887790
5,3,2,0,3,2,43,29,11,3,0.1683113247222222,2733,41895709
4,3,1,0,3,1,29,43,10,2,0.19971585263888889,2734,41903628
3,1,2,0,0,3,22,50,2,2,0.09462327638888887,2735,41911547
10,5,3,2,2,8,52,20,28,4,0.2524483429166666,2736,41919466
6,3,1,2,1,5,48,24,13,2,0.21782195486111108,2737,41927385
8,4,2,2,1,7,57,15,19,2,0.38273124472222225,2738,41935304
4,2,1,1,0,4,32,40,4,2,0.15504766819444446,2739,41943223
4,3,0,1,3,1,42,30,4,2,0.182720255,2740,41951142
1,0,0,1,0,1,9,63,0,1,0.022898669861111113,2741,41959061
8,6,1,1,3,5,56,16,11,3,0.24522275305555555,2742,41966980
6,4,2,0,4,2,42,30,5,2,0.2114678373611111,2743,41974899
8,4,2,2,4,4,63,9,25,3,0.37895835541666667,2744,41982818
5,3,1,1,3,2,36,36,15,3,0.18012168611111112,2745,41990737
9,6,2,1,2,7,54,18,24,3,0.2610046558333334,2746,41998656
5,4,0,1,1,4,33,39,9,3,0.11443403319444445,2747,42006575
5,0,3,2,2,3,25,47,13,3,0.12105590444444443,2748,42014494
7,2,2,3,3,4,33,39,16,4,0.14873293888888886,2749,42022413
6,2,2,2,5,1,37,35,23,3,0.19817081888888888,2750,42030332
10,6,2,2,3,7,57,15,31,4,0.2630810451388889,2751,42038251
6,4,2,0,4,2,49,23,31,3,0.18735439472222223,2752,42046170
7,5,1,1,3,4,45,27,31,4,0.26015847249999996,2753,42054089
7,3,1,3,0,7,51,21,7,2,0.23929716652777777,2754,42062008
9,5,3,1,2,7,46,26,30,3,0.2092833301388889,2755,42069927
6,3,1,2,3,3,50,22,10,2,0.1728643426388889,2756,42077846
6,5,0,1,3,3,42,30,18,3,0.15503254291666668,2757,42085765
6,1,3,2,3,3,47,25,11,3,0.20432230652777778,2758,42093684
5,1,1,3,2,3,30,42,10,2,0.16114330833333332,2759,42101603
6,4,0,2,2,4,39,33,15,3,0.20680919583333332,2760,42109522
4,1,2,1,2,2,31,41,12,2,0.10378286847222222,2761,42117441
9,6,1,2,5,4,62,10,30,2,0.3449159898611111,2762,42125360
6,3,2,1,1,5,52,20,18,2,0.2364574934722222,2763,42133279
6,1,2,3,2,4,41,31,19,2,0.26509355097222226,2764,42141198
9,2,4,3,3,6,54,18,22,3,0.2776976065277778,2765,42149117
11,8,2,1,3,8,42,30,23,3,0.24679081055555555,2766,42157036
7,4,2,1,3,4,52,20,23,3,0.2816902273611111,2767,42164955
7,5,2,0,2,5,61,11,29,3,0.30112354013888887,2768,42172874
6,4,1,1,2,4,39,33,15,2,0.1971319001388889,2769,42180793
9,5,2,2,2,7,48,24,27,4,0.3533587427777778,2770,42188712
7,5,2,0,2,5,39,33,25,3,0.12103400597222223,2771,42196631
5,3,0,2,2,3,29,43,21,3,0.05227104291666667,2772,42204550
3,2,1,0,0,3,18,54,2,2,0.09917296416666667,2773,42212469
4,1,2,1,0,4,22,50,10,2,0.1396415875,2774,42220388
6,4,0,2,2,4,41,31,19,2,0.22052573361111108,2775,42228307
5,3,2,0,1,4,47,25,21,3,0.2653351505555556,2776,42236226
11,6,3,2,6,5,56,16,25,5,0.39370484805555556,2777,42244145
7,4,1,2,4,3,53,19,32,3,0.30610542125,2778,42252064
1,0,1,0,0,1,7,65,0,1,0.03678665388888888,2779,42259983
6,3,2,1,3,3,47,25,15,2,0.32828664111111105,2780,42267902
9,7,1,1,6,3,54,18,32,4,0.2524924593055555,2781,42275821
4,2,0,2,2,2,34,38,6,2,0.20382910541666666,2782,42283740
4,2,2,0,0,4,31,41,11,2,0.20968218138888886,2783,42291659
13,6,2,5,6,7,66,6,37,5,0.43328881597222224,2784,42299578
6,2,1,3,3,3,39,33,14,2,0.13672248666666664,2785,42307497
5,3,1,1,2,3,48,24,13,2,0.28196298458333335,2786,42315416
3,3,0,0,0,3,29,43,0,1,0.2019326573611111,2787,42323335
10,4,2,4,3,7,50,22,29,4,0.31941185125000005,2788,42331254
7,4,2,1,1,6,58,14,26,2,0.3743565254166667,2789,42339173
13,5,6,2,4,9,60,12,47,4,0.42331771208333335,2790,42347092
3,1,0,2,1,2,29,43,0,1,0.0707667988888889,2791,42355011
8,3,3,2,2,6,55,17,12,3,0.2844237266666667,2792,42362930
10,5,3,2,1,9,64,8,38,4,0.32266870138888887,2793,42370849
9,7,1,1,3,6,53,19,29,3,0.24724767680555557,2794,42378768
10,6,1,3,4,6,55,17,37,4,0.27572928111111117,2795,42386687
4,1,2,1,3,1,15,57,1,2,0.09280881597222221,2796,42394606
10,6,2,2,5,5,53,19,21,4,0.27250082472222226,2797,42402525
3,2,0,1,1,2,20,52,5,2,0.10169701819444445,2798,42410444
6,3,2,1,1,5,37,35,10,2,0.19578105694444442,2799,42418363
9,3,3,3,2,7,47,25,23,3,0.19439209430555557,2800,42426282
4,0,2,2,0,4,29,43,0,1,0.1199721973611111,2801,42434201
2,1,1,0,0,2,15,57,0,1,0.07097209847222222,2802,42442120
3,3,0,0,2,1,37,35,14,2,0.16574508472222224,2803,42450039
5,1,2,2,2,3,27,45,5,2,0.09406396347222223,2804,42457958
6,2,1,3,1,5,37,35,14,3,0.17130903430555555,2805,42465877
12,4,4,4,4,8,61,11,35,4,0.40793737902777777,2806,42473796
7,4,3,0,2,5,47,25,14,3,0.24371420902777777,2807,42481715
8,3,3,2,4,4,43,29,25,4,0.23792795638888886,2808,42489634
10,3,2,5,6,4,57,15,22,3,0.23526828541666667,2809,42497553
7,3,4,0,1,6,42,30,15,3,0.18715412430555556,2810,42505472
4,3,1,0,0,4,39,33,11,2,0.21777995111111112,2811,42513391
5,3,1,1,2,3,48,24,21,2,0.32859381694444445,2812,42521310
1,1,0,0,0,1,9,63,0,1,0.040307842777777776,2813,42529229
9,4,3,2,3,6,51,21,18,3,0.25500634569444447,2814,42537148
7,5,1,1,1,6,51,21,28,3,0.2693847569444444,2815,42545067
10,4,4,2,6,4,63,9,20,3,0.4041471208333333,2816,42552986
5,4,0,1,2,3,23,49,9,4,0.0881298725,2817,42560905
6,2,2,2,3,3,44,28,12,3,0.2386696459722223,2818,42568824
10,6,2,2,5,5,58,14,25,4,0.3085772386111111,2819,42576743
7,4,1,2,3,4,51,21,32,3,0.24215187847222225,2820,42584662
5,3,1,1,3,2,64,8,13,3,0.2626927238888889,2821,42592581
4,3,1,0,1,3,22,50,10,2,0.11832361819444442,2822,42600500
5,2,2,1,1,4,41,31,24,2,0.22694735097222227,2823,42608419
10,7,3,0,2,8,56,16,40,2,0.3592158088888889,2824,42616338
7,3,2,2,3,4,52,20,12,3,0.22140866763888892,2825,42624257
6,5,1,0,5,1,52,20,19,3,0.21997984388888892,2826,42632176
5,1,1,3,5,0,27,45,9,2,0.14179259375,2827,42640095
8,3,3,2,3,5,40,32,21,4,0.15429098819444442,2828,42648014
9,6,1,2,6,3,45,27,40,3,0.2719894981944444,2829,42655933
9,6,0,3,6,3,53,19,32,3,0.19660263277777779,2830,42663852
10,6,2,2,4,6,56,16,38,3,0.33315697194444444,2831,42671771
7,4,3,0,1,6,43,29,16,3,0.22291538166666663,2832,42679690
4,3,0,1,2,2,30,42,11,2,0.13980953375,2833,42687609
5,1,3,1,1,4,25,47,11,2,0.11555748680555553,2834,42695528
6,1,2,3,2,4,37,35,10,3,0.2072605638888889,2835,42703447
4,3,1,0,2,2,41,31,12,2,0.2142383208333333,2836,42711366
5,2,1,2,3,2,45,27,1,2,0.16699822069444445,2837,42719285
8,5,1,2,4,4,50,22,36,3,0.2715210980555556,2838,42727204
6,3,2,1,2,4,38,34,11,4,0.24098391152777776,2839,42735123
5,3,0,2,2,3,38,34,6,2,0.1468161559722222,2840,42743042
9,4,1,4,2,7,58,14,32,3,0.2527970338888889,2841,42750961
4,2,1,1,2,2,28,44,6,3,0.13175764750000002,2842,42758880
7,2,4,1,3,4,34,38,1,3,0.15767094444444443,2843,42766799
6,3,1,2,4,2,41,31,5,2,0.1283344865277778,2844,42774718
5,2,1,2,1,4,49,23,17,3,0.35389078763888887,2845,42782637
6,3,0,3,3,3,40,32,12,2,0.13985249805555555,2846,42790556
10,4,4,2,3,7,49,23,36,4,0.22568362527777777,2847,42798475
5,2,2,1,1,4,34,38,8,2,0.17452121333333334,2848,42806394
3,1,1,1,1,2,40,32,0,1,0.10538692041666667,2849,42814313
7,3,3,1,3,4,52,20,23,2,0.27715380722222227,2850,42822232
6,3,1,2,2,4,47,25,23,2,0.19620193263888888,2851,42830151
5,2,2,1,2,3,39,33,9,2,0.10000091430555555,2852,42838070
5,2,1,2,2,3,36,36,5,2,0.15170336069444446,2853,42845989
7,4,2,1,4,3,47,25,23,3,0.14482503777777778,2854,42853908
3,3,0,0,1,2,29,43,8,2,0.10329751013888888,2855,42861827
7,3,2,2,2,5,46,26,19,4,0.25235840930555553,2856,42869746
8,5,0,3,4,4,45,27,22,4,0.2456141670833333,2857,42877665
7,3,2,2,1,6,55,17,22,2,0.2560413247222222,2858,42885584
6,5,1,0,2,4,56,16,11,2,0.22385551625,2859,42893503
8,4,3,1,2,6,42,30,31,4,0.2755186229166666,2860,42901422
6,3,1,2,2,4,31,41,18,3,0.12904415041666667,2861,42909341
6,1,1,4,3,3,54,18,11,2,0.22626391152777778,2862,42917260
10,3,4,3,0,10,62,10,39,3,0.4617089172222222,2863,42925179
6,2,1,3,3,3,45,27,16,2,0.15187018833333335,2864,42933098
9,6,1,2,5,4,54,18,23,4,0.2276148336111111,2865,42941017
5,2,2,1,2,3,43,29,7,2,0.1479985836111111,2866,42948936
9,2,4,3,3,6,42,30,26,3,0.2142293688888889,2867,42956855
6,2,2,2,3,3,37,35,10,2,0.16133759347222223,2868,42964774
6,1,1,4,2,4,27,45,14,5,0.15507990138888889,2869,42972693
8,5,2,1,4,4,39,33,24,4,0.20830162152777776,2870,42980612
8,4,3,1,2,6,43,29,15,3,0.26752453819444444,2871,42988531
6,2,3,1,1,5,27,45,14,3,0.11436533541666666,2872,42996450
1,1,0,0,0,1,8,64,0,1,0.03408500625,2873,43004369
7,3,1,3,1,6,39,33,24,3,0.26746082875,2874,43012288
10,7,2,1,3,7,61,11,34,3,0.36987126666666664,2875,43020207
11,5,4,2,2,9,49,23,28,3,0.2975348666666667,2876,43028126
6,4,1,1,3,3,58,14,20,2,0.32048948555555556,2877,43036045
9,5,0,4,3,6,56,16,31,4,0.32604684194444444,2878,43043964
3,3,0,0,0,3,38,34,4,2,0.21895180250000001,2879,43051883
6,4,1,1,4,2,51,21,11,2,0.2534906175,2880,43059802
10,7,2,1,2,8,50,22,22,7,0.2319093069444445,2881,43067721
7,5,1,1,4,3,36,36,15,3,0.18720274291666664,2882,43075640
7,5,0,2,2,5,38,34,29,4,0.2039820190277778,2883,43083559
8,4,3,1,3,5,56,16,25,3,0.2652328970833333,2884,43091478
8,5,2,1,2,6,47,25,18,3,0.2472833955555556,2885,43099397
6,1,4,1,3,3,43,29,12,2,0.17879370430555555,2886,43107316
4,2,1,1,1,3,34,38,4,2,0.17700041444444445,2887,43115235
12,6,3,3,3,9,70,2,40,4,0.37389744124999996,2888,43123154
9,6,2,1,2,7,48,24,29,3,0.3480158261111111,2889,43131073
5,1,4,0,1,4,40,32,20,4,0.20753040027777778,2890,43138992
8,2,4,2,5,3,40,32,24,3,0.20005094791666667,2891,43146911
9,6,1,2,2,7,59,13,32,3,0.34834485499999995,2892,43154830
5,2,3,0,1,4,46,26,19,2,0.16269591791666668,2893,43162749
2,2,0,0,1,1,12,60,0,1,0.08024737986111112,2894,43170668
5,4,0,1,3,2,53,19,12,2,0.19624240819444444,2895,43178587
3,3,0,0,2,1,36,36,14,2,0.09428254152777778,2896,43186506
4,2,1,1,1,3,22,50,8,3,0.06374726666666668,2897,43194425
8,4,2,2,4,4,46,26,27,3,0.28151534874999995,2898,43202344
8,6,1,1,3,5,42,30,22,4,0.23406188986111115,2899,43210263
10,7,2,1,3,7,64,8,38,4,0.24814182694444448,2900,43218182
7,5,1,1,3,4,57,15,23,3,0.28619921652777774,2901,43226101
4,0,3,1,2,2,22,50,12,2,0.14347371222222222,2902,43234020
5,3,2,0,3,2,46,26,15,3,0.30810770416666666,2903,43241939
9,6,1,2,2,7,61,11,35,3,0.23063423694444443,2904,43249858
5,1,1,3,2,3,31,41,15,4,0.18457204013888887,2905,43257777
5,1,2,2,1,4,48,24,2,2,0.19785542625,2906,43265696
4,4,0,0,1,3,21,51,5,2,0.11350321597222221,2907,43273615
6,3,1,2,3,3,41,31,9,3,0.19534430819444445,2908,43281534
8,6,2,0,4,4,61,11,35,3,0.32444563666666665,2909,43289453
10,6,3,1,2,8,47,25,28,3,0.3367686366666667,2910,43297372
9,3,3,3,3,6,55,17,25,3,0.2322443475,2911,43305291
3,2,0,1,1,2,23,49,10,2,0.08475707625,2912,43313210
9,4,4,1,2,7,64,8,24,3,0.36624754375,2913,43321129
5,3,2,0,0,5,39,33,10,2,0.19088588652777777,2914,43329048
2,2,0,0,0,2,25,47,10,2,0.09476491319444444,2915,43336967
0,0,0,0,0,0,0,72,0,0,0.0,2916,43344886
7,3,2,2,2,5,55,17,21,3,0.24548423750000004,2917,43352805
6,4,0,2,3,3,54,18,21,2,0.2440801293055556,2918,43360724
6,5,0,1,2,4,44,28,23,3,0.30581458305555553,2919,43368643
4,2,1,1,0,4,39,33,2,2,0.19451394097222222,2920,43376562
6,4,2,0,1,5,37,35,5,2,0.2330782341666667,2921,43384481
9,6,1,2,5,4,60,12,24,3,0.23876759638888892,2922,43392400
8,4,3,1,5,3,59,13,21,3,0.21813236333333333,2923,43400319
5,2,3,0,1,4,29,43,20,3,0.1994652836111111,2924,43408238
6,4,2,0,1,5,44,28,19,2,0.2289169334722222,2925,43416157
10,3,2,5,4,6,45,27,33,4,0.2074335334722222,2926,43424076
5,3,2,0,1,4,40,32,24,3,0.32613908555555554,2927,43431995
4,2,1,1,2,2,28,44,8,2,0.09181345166666667,2928,43439914
5,4,1,0,1,4,32,40,10,3,0.1625937013888889,2929,43447833
6,3,0,3,2,4,62,10,12,2,0.24542555333333332,2930,43455752
4,1,2,1,2,2,28,44,8,2,0.14653810736111111,2931,43463671
8,5,2,1,2,6,52,20,15,3,0.23485936055555554,2932,43471590
12,7,4,1,4,8,71,1,40,4,0.3572793951388889,2933,43479509
7,4,3,0,3,4,44,28,23,3,0.1780700888888889,2934,43487428
10,6,1,3,5,5,62,10,32,4,0.23042111736111112,2935,43495347
4,3,1,0,1,3,34,38,11,3,0.14501382124999998,2936,43503266
5,1,3,1,2,3,34,38,7,2,0.13638131694444444,2937,43511185
5,2,1,2,1,4,36,36,7,2,0.13293987902777776,2938,43519104
7,4,2,1,0,7,49,23,16,3,0.27072737708333333,2939,43527023
8,5,2,1,3,5,41,31,15,2,0.18305705555555557,2940,43534942
2,1,0,1,2,0,25,47,3,2,0.10393875125,2941,43542861
4,2,1,1,0,4,27,45,5,2,0.15297379541666667,2942,43550780
3,1,1,1,2,1,34,38,0,1,0.1469880183333333,2943,43558699
8,4,3,1,3,5,53,19,36,4,0.21393859375000002,2944,43566618
4,3,1,0,1,3,29,43,9,2,0.20451854263888888,2945,43574537
9,4,1,4,4,5,60,12,28,3,0.3379151233333333,2946,43582456
9,2,3,4,3,6,54,18,20,4,0.2874688604166667,2947,43590375
3,3,0,0,1,2,30,42,11,2,0.09562190944444444,2948,43598294
8,6,1,1,4,4,50,22,27,4,0.1892298209722222,2949,43606213
6,3,2,1,2,4,38,34,17,3,0.15750412111111112,2950,43614132
8,4,1,3,4,4,47,25,16,3,0.31508905375,2951,43622051
5,5,0,0,3,2,46,26,9,3,0.18079421319444444,2952,43629970
5,3,2,0,2,3,26,46,15,4,0.06828139486111112,2953,43637889
5,3,1,1,2,3,52,20,16,2,0.26213484958333333,2954,43645808
6,4,1,1,2,4,36,36,20,3,0.22059013111111112,2955,43653727
2,1,1,0,2,0,7,65,0,1,0.04281786305555556,2956,43661646
6,3,2,1,3,3,29,43,7,3,0.10926139902777778,2957,43669565
4,4,0,0,2,2,47,25,0,1,0.16429531361111113,2958,43677484
7,2,5,0,2,5,52,20,18,2,0.28003190763888886,2959,43685403
2,2,0,0,1,1,16,56,0,1,0.07746181472222222,2960,43693322
5,3,2,0,0,5,26,46,10,2,0.20689316180555556,2961,43701241
9,5,3,1,4,5,44,28,28,3,0.27508679027777777,2962,43709160
10,5,4,1,0,10,56,16,33,3,0.30391403666666666,2963,43717079
9,4,4,1,4,5,47,25,21,4,0.21211158944444441,2964,43724998
9,5,1,3,4,5,48,24,32,3,0.2048738020833333,2965,43732917
7,3,3,1,3,4,37,35,10,3,0.1709490001388889,2966,43740836
6,3,3,0,2,4,51,21,21,3,0.3596886977777778,2967,43748755
9,6,3,0,3,6,52,20,26,3,0.2532685615277778,2968,43756674
4,3,0,1,2,2,46,26,0,1,0.17084138277777777,2969,43764593
7,4,1,2,2,5,55,17,13,3,0.2655648622222222,2970,43772512
6,4,1,1,2,4,36,36,17,3,0.16956432208333333,2971,43780431
7,3,2,2,3,4,52,20,17,2,0.2503850813888889,2972,43788350
4,4,0,0,1,3,34,38,5,2,0.18445740847222222,2973,43796269
10,8,1,1,4,6,70,2,39,4,0.38542503541666673,2974,43804188
8,6,0,2,5,3,54,18,25,4,0.16802271416666667,2975,43812107
6,1,3,2,1,5,48,24,19,3,0.2280148590277778,2976,43820026
6,5,0,1,2,4,46,26,27,2,0.22294463499999997,2977,43827945
6,4,1,1,3,3,43,29,11,2,0.18202607708333332,2978,43835864
6,3,2,1,3,3,45,27,15,2,0.2307170665277778,2979,43843783
7,1,4,2,1,6,46,26,11,3,0.2337508308333333,2980,43851702
7,2,2,3,3,4,44,28,21,4,0.14953297388888886,2981,43859621
7,5,1,1,3,4,42,30,18,3,0.20847109083333334,2982,43867540
9,2,5,2,2,7,44,28,20,3,0.26103553041666666,2983,43875459
11,5,3,3,5,6,56,16,33,4,0.3092204701388889,2984,43883378
5,2,2,1,1,4,53,19,14,2,0.21054483583333336,2985,43891297
10,7,2,1,3,7,58,14,34,4,0.37956941861111115,2986,43899216
1,0,1,0,0,1,4,68,0,1,0.0078547925,2987,43907135
6,3,1,2,5,1,38,34,21,3,0.2820411751388889,2988,43915054
6,4,2,0,2,4,39,33,17,2,0.22088891125,2989,43922973
4,1,2,1,2,2,33,39,17,2,0.17524417708333334,2990,43930892
4,4,0,0,2,2,12,60,9,4,0.06160506319444444,2991,43938811
2,0,1,1,0,2,16,56,0,1,0.048723321111111106,2992,43946730
4,0,2,2,2,2,26,46,4,2,0.10181201222222223,2993,43954649
5,1,3,1,1,4,28,44,12,2,0.16759240833333336,2994,43962568
4,3,1,0,3,1,28,44,5,2,0.15946010458333335,2995,43970487
8,4,2,2,4,4,52,20,16,3,0.28511401555555554,2996,43978406
5,4,1,0,1,4,21,51,7,3,0.08069796402777778,2997,43986325
3,2,1,0,1,2,40,32,0,1,0.2222594273611111,2998,43994244
7,3,1,3,1,6,40,32,21,4,0.22545252305555558,2999,44002163
12,4,3,5,6,6,65,7,33,6,0.4196084091666667,3000,44010082
6,2,1,3,0,6,40,32,20,2,0.23489480166666668,3001,44018001
3,1,2,0,3,0,31,41,5,2,0.1526014501388889,3002,44025920
10,6,1,3,4,6,63,9,39,3,0.3447212001388889,3003,44033839
5,4,0,1,1,4,39,33,18,2,0.21949351055555555,3004,44041758
8,5,0,3,4,4,61,11,23,3,0.3545674976388889,3005,44049677
8,6,1,1,5,3,51,21,19,3,0.2198155738888889,3006,44057596
4,2,1,1,1,3,39,33,9,2,0.14013129930555557,3007,44065515
8,4,3,1,2,6,55,17,35,3,0.3378035294444445,3008,44073434
11,8,3,0,4,7,63,9,25,3,0.32493911194444447,3009,44081353
5,2,2,1,3,2,35,37,15,3,0.14458789,3010,44089272
7,3,2,2,3,4,48,24,14,2,0.17092286361111111,3011,44097191
9,3,3,3,3,6,44,28,19,4,0.18613352611111111,3012,44105110
2,1,0,1,1,1,28,44,0,1,0.1154169536111111,3013,44113029
6,4,2,0,1,5,47,25,16,2,0.24678226819444443,3014,44120948
5,1,3,1,2,3,24,48,15,3,0.15479545666666666,3015,44128867
11,3,3,5,3,8,51,21,29,4,0.3653172552777778,3016,44136786
7,2,4,1,3,4,61,11,14,2,0.1779172075,3017,44144705
8,2,5,1,2,6,51,21,38,3,0.24462205111111113,3018,44152624
9,5,2,2,2,7,45,27,23,4,0.19825983555555554,3019,44160543
9,4,3,2,5,4,50,22,25,4,0.2783528516666667,3020,44168462
6,4,0,2,3,3,41,31,16,3,0.2048100988888889,3021,44176381
6,3,2,1,0,6,51,21,14,3,0.20743648986111107,3022,44184300
4,3,1,0,2,2,52,20,15,2,0.14385117055555555,3023,44192219
5,2,1,2,2,3,26,46,5,2,0.08774021888888889,3024,44200138
8,2,5,1,4,4,36,36,16,4,0.2288231776388889,3025,44208057
6,6,0,0,2,4,45,27,17,3,0.26441266958333337,3026,44215976
6,4,1,1,3,3,31,41,21,3,0.15388969819444445,3027,44223895
6,4,0,2,2,4,52,20,13,2,0.2155718076388889,3028,44231814
6,4,2,0,2,4,47,25,8,2,0.24508807652777775,3029,44239733
8,4,2,2,4,4,48,24,23,3,0.22159792763888886,3030,44247652
4,2,1,1,0,4,18,54,3,2,0.13820939305555557,3031,44255571
3,1,2,0,1,2,21,51,0,1,0.08797574847222223,3032,44263490
6,2,2,2,2,4,29,43,18,5,0.14993813402777778,3033,44271409
8,5,2,1,4,4,47,25,15,2,0.2830301831944444,3034,44279328
7,3,1,3,1,6,40,32,15,3,0.20619846055555555,3035,44287247
6,4,2,0,1,5,38,34,20,3,0.4305447938888889,3036,44295166
1,0,1,0,0,1,8,64,0,1,0.045534503472222224,3037,44303085
9,6,2,1,4,5,62,10,30,3,0.3031793036111112,3038,44311004
4,1,2,1,1,3,26,46,0,1,0.12984391569444445,3039,44318923
7,3,2,2,2,5,40,32,16,2,0.2571401018055555,3040,44326842
2,1,0,1,0,2,26,46,0,1,0.09071288722222222,3041,44334761
8,2,4,2,2,6,42,30,23,3,0.2425593729166667,3042,44342680
8,6,1,1,3,5,62,10,21,4,0.2578413580555556,3043,44350599
2,1,0,1,1,1,20,52,0,1,0.08023229958333333,3044,44358518
11,7,3,1,5,6,61,11,34,4,0.32325843069444443,3045,44366437
11,5,4,2,2,9,55,17,29,4,0.32998705027777775,3046,44374356
11,5,3,3,3,8,54,18,35,4,0.34885733347222225,3047,44382275
7,4,2,1,0,7,52,20,20,2,0.3677191816666667,3048,44390194
4,2,1,1,1,3,38,34,6,2,0.18273072375000002,3049,44398113
10,5,4,1,1,9,51,21,29,4,0.32822757986111106,3050,44406032
6,3,1,2,4,2,59,13,10,2,0.29672301930555556,3051,44413951
4,2,2,0,2,2,19,53,3,2,0.06821684083333333,3052,44421870
6,3,1,2,3,3,47,25,14,2,0.24931990625000003,3053,44429789
10,5,2,3,3,7,43,29,22,3,0.2260260840277778,3054,44437708
2,2,0,0,0,2,12,60,0,1,0.06101262833333333,3055,44445627
7,3,2,2,1,6,58,14,8,3,0.3456642602777778,3056,44453546
7,6,1,0,3,4,43,29,20,4,0.24703825152777778,3057,44461465
6,5,1,0,2,4,43,29,19,2,0.21691957374999998,3058,44469384
7,2,3,2,1,6,36,36,22,3,0.25147627986111115,3059,44477303
6,2,3,1,3,3,39,33,13,3,0.19702046736111112,3060,44485222
4,3,1,0,1,3,31,41,6,2,0.23175715236111108,3061,44493141
7,3,3,1,3,4,43,29,14,4,0.15821460736111112,3062,44501060
7,3,2,2,3,4,49,23,14,2,0.2277192936111111,3063,44508979
2,0,2,0,0,2,23,49,0,1,0.09436096361111111,3064,44516898
7,4,2,1,1,6,59,13,19,2,0.31829712208333333,3065,44524817
5,2,0,3,2,3,41,31,10,3,0.16236498500000002,3066,44532736
9,4,3,2,2,7,48,24,31,4,0.25431384472222224,3067,44540655
5,3,2,0,3,2,29,43,13,3,0.14569877611111112,3068,44548574
6,4,1,1,3,3,48,24,15,3,0.2174558048611111,3069,44556493
6,5,1,0,2,4,53,19,10,2,0.28050366625,3070,44564412
9,4,3,2,3,6,39,33,15,5,0.271769275,3071,44572331
6,2,2,2,3,3,40,32,20,2,0.22873709847222223,3072,44580250
11,5,6,0,4,7,49,23,34,5,0.3443088034722222,3073,44588169
9,7,1,1,3,6,57,15,14,4,0.2739833125,3074,44596088
12,7,2,3,5,7,48,24,31,4,0.2643782994444444,3075,44604007
6,3,1,2,2,4,59,13,12,2,0.31810307097222223,3076,44611926
5,3,0,2,3,2,41,31,7,2,0.2284500547222222,3077,44619845
4,2,1,1,1,3,33,39,7,2,0.11319202583333333,3078,44627764
11,5,6,0,4,7,70,2,35,4,0.27661369999999996,3079,44635683
8,2,3,3,2,6,48,24,15,2,0.2392721175,3080,44643602
7,1,3,3,1,6,50,22,32,3,0.35400606930555556,3081,44651521
8,5,2,1,2,6,65,7,35,3,0.3677968411111111,3082,44659440
3,2,0,1,0,3,25,47,1,2,0.16425081097222222,3083,44667359
6,3,2,1,3,3,32,40,14,3,0.12558263874999998,3084,44675278
5,4,0,1,2,3,33,39,14,4,0.14395541666666667,3085,44683197
10,5,3,2,3,7,65,7,39,3,0.29618605541666665,3086,44691116
5,3,0,2,5,0,37,35,20,3,0.23349596666666667,3087,44699035
9,4,3,2,2,7,47,25,29,4,0.28718698680555554,3088,44706954
3,0,2,1,0,3,22,50,7,2,0.1068712475,3089,44714873
5,1,3,1,2,3,32,40,8,3,0.1493447436111111,3090,44722792
5,4,0,1,4,1,26,46,12,3,0.14260242819444444,3091,44730711
8,5,3,0,5,3,64,8,32,3,0.4228954188888889,3092,44738630
3,1,1,1,1,2,39,33,0,1,0.11766439513888888,3093,44746549
5,1,2,2,2,3,38,34,12,3,0.13803397680555554,3094,44754468
8,6,1,1,2,6,55,17,24,2,0.2671641723611111,3095,44762387
3,2,0,1,0,3,35,37,0,1,0.08260332763888889,3096,44770306
4,0,1,3,1,3,36,36,13,3,0.17547600625,3097,44778225
2,0,1,1,0,2,19,53,0,1,0.04798120833333333,3098,44786144
7,3,3,1,2,5,43,29,15,3,0.20717592583333333,3099,44794063
6,3,2,1,3,3,44,28,14,2,0.18671586513888888,3100,44801982
7,4,0,3,2,5,57,15,26,3,0.3505096409722222,3101,44809901
6,3,1,2,1,5,34,38,4,2,0.16567387416666668,3102,44817820
4,1,1,2,2,2,35,37,8,2,0.11900382097222223,3103,44825739
5,3,0,2,2,3,43,29,9,2,0.20729516416666668,3104,44833658
11,4,2,5,6,5,45,27,29,5,0.19742222152777777,3105,44841577
1,0,1,0,0,1,5,67,0,1,0.016206058611111112,3106,44849496
5,3,2,0,0,5,55,17,5,2,0.23446204208333332,3107,44857415
4,1,1,2,0,4,21,51,9,3,0.13073217458333333,3108,44865334
9,6,1,2,3,6,47,25,23,5,0.2974151772222222,3109,44873253
9,5,1,3,3,6,46,26,26,4,0.28818865416666667,3110,44881172
4,2,1,1,1,3,40,32,6,2,0.17595705875,3111,44889091
7,4,2,1,2,5,48,24,27,3,0.29749892499999997,3112,44897010
9,4,2,3,3,6,57,15,25,3,0.2339829523611111,3113,44904929
6,3,2,1,1,5,50,22,7,3,0.20965192694444446,3114,44912848
8,4,3,1,2,6,43,29,17,3,0.23776680930555555,3115,44920767
4,2,1,1,1,3,24,48,14,2,0.13916201791666666,3116,44928686
7,5,0,2,3,4,47,25,33,3,0.3355927763888889,3117,44936605
7,5,0,2,4,3,41,31,20,3,0.2629087668055556,3118,44944524
10,5,2,3,3,7,61,11,42,3,0.42366588208333333,3119,44952443
11,5,5,1,5,6,55,17,39,5,0.3147320659722222,3120,44960362
6,5,0,1,4,2,50,22,9,3,0.18438123222222222,3121,44968281
10,6,2,2,6,4,53,19,24,4,0.32504724138888885,3122,44976200
8,5,2,1,3,5,46,26,28,3,0.2495064620833333,3123,44984119
6,1,3,2,2,4,39,33,21,3,0.16035544249999997,3124,44992038
4,1,3,0,1,3,37,35,2,2,0.15887239000000003,3125,44999957
4,3,1,0,2,2,36,36,4,2,0.20392427680555555,3126,45007876
4,1,2,1,2,2,29,43,5,2,0.08058328819444445,3127,45015795
8,3,4,1,2,6,55,17,32,3,0.2247523873611111,3128,45023714
7,6,1,0,1,6,48,24,23,3,0.28374397013888886,3129,45031633
3,1,1,1,2,1,30,42,0,1,0.08258998375,3130,45039552
5,2,2,1,2,3,32,40,2,2,0.1903516338888889,3131,45047471
7,4,2,1,5,2,52,20,19,3,0.2913072722222222,3132,45055390
4,2,1,1,3,1,35,37,8,3,0.20108587222222227,3133,45063309
9,5,2,2,7,2,51,21,26,4,0.3418574497222222,3134,45071228
4,2,1,1,2,2,21,51,8,2,0.05884576361111111,3135,45079147
7,3,3,1,5,2,55,17,27,2,0.2191059145833333,3136,45087066
6,1,1,4,3,3,43,29,14,3,0.2043653463888889,3137,45094985
5,3,1,1,2,3,32,40,19,3,0.17716822222222223,3138,45102904
3,1,1,1,2,1,39,33,0,1,0.17823267097222223,3139,45110823
4,3,1,0,1,3,37,35,10,2,0.14368575847222223,3140,45118742
6,3,2,1,2,4,45,27,17,3,0.2955370623611111,3141,45126661
9,6,1,2,4,5,53,19,13,3,0.27828470222222224,3142,45134580
7,3,1,3,2,5,49,23,17,3,0.2150065208333333,3143,45142499
8,5,1,2,3,5,61,11,34,3,0.28979520430555555,3144,45150418
8,4,3,1,2,6,47,25,14,3,0.29526047583333337,3145,45158337
6,3,0,3,5,1,45,27,13,2,0.19543119569444445,3146,45166256
5,2,1,2,2,3,33,39,7,2,0.14303466847222224,3147,45174175
8,3,3,2,5,3,39,33,22,4,0.27741684791666665,3148,45182094
6,2,3,1,3,3,33,39,11,2,0.11205564041666666,3149,45190013
6,3,3,0,2,4,32,40,14,2,0.17888274416666666,3150,45197932
8,3,3,2,3,5,47,25,17,3,0.2588493470833334,3151,45205851
8,3,5,0,2,6,41,31,17,3,0.22600121027777773,3152,45213770
6,5,0,1,0,6,38,34,16,3,0.28678142319444444,3153,45221689
4,2,2,0,1,3,49,23,0,1,0.19734133805555554,3154,45229608
5,2,1,2,3,2,48,24,8,2,0.16441165916666667,3155,45237527
13,6,4,3,8,5,61,11,34,4,0.2537960388888889,3156,45245446
9,6,1,2,2,7,51,21,30,5,0.2838777566666667,3157,45253365
7,3,2,2,3,4,62,10,16,3,0.18757149444444446,3158,45261284
9,4,1,4,2,7,48,24,34,5,0.27380611972222224,3159,45269203
10,4,3,3,1,9,40,32,31,4,0.4457945272222222,3160,45277122
12,8,3,1,6,6,61,11,29,6,0.3078207980555555,3161,45285041
8,1,4,3,2,6,29,43,20,4,0.17634256958333333,3162,45292960
6,1,3,2,3,3,31,41,6,3,0.13069423444444445,3163,45300879
5,4,1,0,2,3,34,38,15,3,0.12479341527777778,3164,45308798
3,1,1,1,0,3,25,47,6,2,0.11785501638888889,3165,45316717
9,5,2,2,5,4,56,16,40,4,0.32710081180555556,3166,45324636
10,4,3,3,6,4,69,3,36,4,0.34065660125,3167,45332555
5,4,1,0,2,3,42,30,5,2,0.24143241888888886,3168,45340474
2,0,1,1,0,2,15,57,0,1,0.061973051805555554,3169,45348393
4,1,2,1,1,3,26,46,2,2,0.10204763708333332,3170,45356312
11,4,6,1,4,7,67,5,33,4,0.3207516761111111,3171,45364231
8,4,3,1,5,3,53,19,17,3,0.3007055251388889,3172,45372150
4,1,2,1,1,3,36,36,13,2,0.17940327847222223,3173,45380069
6,4,2,0,1,5,38,34,15,3,0.23719447875000002,3174,45387988
8,5,3,0,5,3,57,15,19,3,0.28539726986111114,3175,45395907
5,1,4,0,1,4,36,36,10,2,0.17737659944444445,3176,45403826
2,1,1,0,0,2,28,44,5,2,0.16780356916666667,3177,45411745
10,5,2,3,5,5,59,13,16,4,0.31748637194444446,3178,45419664
12,3,6,3,6,6,56,16,21,4,0.18689065444444447,3179,45427583
5,3,2,0,2,3,28,44,13,3,0.12500545416666664,3180,45435502
7,1,3,3,1,6,46,26,20,3,0.23373219583333332,3181,45443421
3,2,1,0,1,2,22,50,6,2,0.04679505486111111,3182,45451340
3,3,0,0,2,1,32,40,5,2,0.06117000263888888,3183,45459259
4,1,1,2,0,4,27,45,3,2,0.1984537988888889,3184,45467178
5,2,3,0,4,1,39,33,8,2,0.11477696347222222,3185,45475097
9,5,1,3,4,5,64,8,16,2,0.2857603795833333,3186,45483016
6,3,2,1,3,3,36,36,5,2,0.1773276941666667,3187,45490935
4,2,2,0,4,0,32,40,2,2,0.11279572930555555,3188,45498854
11,5,4,2,4,7,58,14,32,5,0.36732467375,3189,45506773
10,5,4,1,1,9,59,13,27,3,0.40605641499999995,3190,45514692
5,3,2,0,1,4,33,39,11,3,0.12656564791666666,3191,45522611
6,2,2,2,1,5,39,33,11,2,0.2847878351388889,3192,45530530
8,4,3,1,3,5,55,17,11,2,0.23181487416666668,3193,45538449
10,7,2,1,5,5,66,6,35,4,0.38753439472222223,3194,45546368
8,5,2,1,1,7,58,14,16,2,0.3177060954166666,3195,45554287
5,2,2,1,0,5,27,45,13,3,0.19932747,3196,45562206
7,7,0,0,2,5,47,25,25,3,0.29477818652777776,3197,45570125
6,4,2,0,2,4,60,12,13,2,0.24540457555555553,3198,45578044
6,3,2,1,3,3,34,38,20,3,0.17129489666666667,3199,45585963
7,2,3,2,3,4,49,23,34,3,0.19267731499999996,3200,45593882
8,3,1,4,2,6,56,16,19,3,0.2161269861111111,3201,45601801
5,3,1,1,0,5,35,37,18,2,0.19709596055555556,3202,45609720
3,2,1,0,1,2,22,50,0,1,0.10903825402777777,3203,45617639
8,3,5,0,3,5,43,29,25,4,0.26237861888888886,3204,45625558
7,3,3,1,4,3,58,14,17,3,0.24582502819444446,3205,45633477
8,5,2,1,2,6,55,17,16,2,0.2826204744444445,3206,45641396
11,5,3,3,2,9,60,12,39,4,0.42928041625,3207,45649315
8,4,2,2,3,5,40,32,18,3,0.2590198691666667,3208,45657234
5,3,0,2,3,2,36,36,10,2,0.13377242513888887,3209,45665153
5,3,0,2,3,2,33,39,22,3,0.28584982583333335,3210,45673072
10,2,3,5,3,7,43,29,27,4,0.3080250188888889,3211,45680991
11,3,5,3,3,8,44,28,30,3,0.21323988333333335,3212,45688910
5,3,1,1,2,3,35,37,12,2,0.13113266527777778,3213,45696829
5,3,1,1,2,3,46,26,12,3,0.2584247315277778,3214,45704748
8,2,2,4,4,4,57,15,19,3,0.2606058352777778,3215,45712667
4,2,2,0,1,3,35,37,14,2,0.13900126458333334,3216,45720586
7,3,2,2,3,4,47,25,25,3,0.19323359819444447,3217,45728505
5,4,1,0,1,4,50,22,15,2,0.19939353055555556,3218,45736424
7,3,2,2,4,3,33,39,25,4,0.20565606611111115,3219,45744343
10,6,2,2,3,7,58,14,29,5,0.33169898208333337,3220,45752262
7,5,2,0,3,4,53,19,17,4,0.3066456445833333,3221,45760181
4,3,1,0,0,4,35,37,10,2,0.20639386319444444,3222,45768100
4,0,2,2,2,2,34,38,3,2,0.13791307847222223,3223,45776019
6,4,1,1,1,5,40,32,6,2,0.20716524416666665,3224,45783938
12,4,5,3,2,10,61,11,40,4,0.42821210499999995,3225,45791857
5,3,1,1,2,3,49,23,21,3,0.1551326411111111,3226,45799776
6,3,2,1,3,3,35,37,15,2,0.19899788125,3227,45807695
11,2,5,4,3,8,58,14,26,5,0.3291368927777778,3228,45815614
5,2,2,1,1,4,54,18,3,2,0.2722172425,3229,45823533
7,3,2,2,2,5,60,12,22,3,0.20611123194444445,3230,45831452
2,1,0,1,1,1,19,53,0,1,0.07856379347222223,3231,45839371
7,5,0,2,5,2,43,29,23,3,0.17331106041666666,3232,45847290
7,3,1,3,4,3,42,30,12,3,0.20870520944444446,3233,45855209
4,2,2,0,1,3,28,44,11,3,0.18785617305555555,3234,45863128
7,3,2,2,1,6,47,25,13,3,0.20073352027777774,3235,45871047
3,2,0,1,0,3,28,44,2,2,0.14056236597222224,3236,45878966
7,5,1,1,4,3,37,35,22,4,0.24248048583333334,3237,45886885
7,3,3,1,0,7,61,11,22,2,0.33004834333333327,3238,45894804
6,2,4,0,2,4,31,41,19,4,0.07538985708333334,3239,45902723
8,0,4,4,3,5,50,22,17,2,0.19749474722222224,3240,45910642
2,2,0,0,2,0,13,59,11,2,0.11573013583333333,3241,45918561
9,4,3,2,2,7,44,28,32,4,0.3009267008333334,3242,45926480
12,6,3,3,5,7,59,13,34,4,0.26921223694444446,3243,45934399
6,2,2,2,2,4,46,26,26,3,0.20497576305555557,3244,45942318
9,3,2,4,1,8,52,20,21,3,0.2990484540277778,3245,45950237
6,2,4,0,4,2,47,25,12,2,0.18054355111111112,3246,45958156
6,2,3,1,2,4,55,17,21,2,0.20193780444444442,3247,45966075
8,4,2,2,3,5,53,19,14,3,0.27549434180555554,3248,45973994
3,0,1,2,1,2,27,45,0,1,0.10240065208333334,3249,45981913
8,3,4,1,3,5,43,29,32,3,0.28445502208333334,3250,45989832
7,5,0,2,3,4,52,20,15,3,0.2577136673611111,3251,45997751
4,0,0,4,3,1,40,32,0,1,0.11909044486111113,3252,46005670
6,3,1,2,2,4,43,29,3,2,0.23008048486111113,3253,46013589
5,2,0,3,3,2,32,40,8,2,0.15946815902777778,3254,46021508
6,2,1,3,2,4,42,30,17,3,0.18942892402777778,3255,46029427
5,3,1,1,2,3,32,40,15,3,0.13183605972222223,3256,46037346
3,1,2,0,1,2,37,35,2,2,0.1345754997222222,3257,46045265
5,1,1,3,3,2,43,29,13,2,0.17052644333333333,3258,46053184
8,4,2,2,2,6,50,22,33,3,0.3637861922222222,3259,46061103
6,3,1,2,1,5,40,32,24,3,0.23077315361111111,3260,46069022
7,4,2,1,3,4,41,31,17,2,0.2846990886111111,3261,46076941
4,3,1,0,1,3,43,29,1,2,0.2149146127777778,3262,46084860
9,6,2,1,3,6,68,4,29,4,0.3864161638888889,3263,46092779
3,1,2,0,0,3,31,41,5,2,0.14595453805555555,3264,46100698
5,3,0,2,3,2,40,32,17,3,0.17874579875000002,3265,46108617
8,5,2,1,3,5,47,25,27,4,0.33760015791666664,3266,46116536
9,4,2,3,4,5,55,17,29,4,0.29637052263888886,3267,46124455
6,4,1,1,0,6,57,15,12,2,0.29031720625,3268,46132374
9,6,2,1,3,6,48,24,28,3,0.26069580277777776,3269,46140293
4,2,2,0,0,4,27,45,5,2,0.18969518652777775,3270,46148212
7,3,4,0,4,3,40,32,14,3,0.20061389583333333,3271,46156131
4,0,4,0,2,2,24,48,6,2,0.08446156986111111,3272,46164050
5,2,1,2,1,4,43,29,0,1,0.19060797972222224,3273,46171969
10,6,3,1,4,6,58,14,39,4,0.24265147944444443,3274,46179888
5,0,0,5,2,3,29,43,8,2,0.11115273166666666,3275,46187807
5,2,2,1,1,4,38,34,12,3,0.15351636944444444,3276,46195726
6,4,2,0,2,4,48,24,20,3,0.2135869334722222,3277,46203645
3,0,1,2,0,3,10,62,6,3,0.09224879791666667,3278,46211564
1,1,0,0,0,1,1,71,0,1,0.010050723888888889,3279,46219483
9,3,3,3,5,4,43,29,24,4,0.17474650722222218,3280,46227402
6,2,4,0,1,5,42,30,3,2,0.2106118736111111,3281,46235321
4,0,3,1,1,3,31,41,2,2,0.1092200426388889,3282,46243240
5,3,0,2,3,2,41,31,16,2,0.15112561291666665,3283,46251159
1,0,1,0,0,1,10,62,0,1,0.012850747638888889,3284,46259078
5,2,1,2,3,2,35,37,14,3,0.08474297444444444,3285,46266997
5,2,3,0,0,5,38,34,9,2,0.17819251763888888,3286,46274916
8,3,2,3,4,4,50,22,19,3,0.16932221888888888,3287,46282835
5,4,0,1,4,1,45,27,15,2,0.21210227944444443,3288,46290754
10,6,3,1,1,9,64,8,32,4,0.36678201069444444,3289,46298673
10,6,3,1,4,6,45,27,38,5,0.24520226222222222,3290,46306592
7,3,3,1,1,6,45,27,29,3,0.33621952805555555,3291,46314511
13,8,2,3,4,9,61,11,40,5,0.5628200933333334,3292,46322430
8,5,2,1,2,6,48,24,13,3,0.27364345291666664,3293,46330349
5,2,1,2,2,3,24,48,13,3,0.08382834972222222,3294,46338268
3,2,0,1,0,3,31,41,0,1,0.18060636222222223,3295,46346187
6,2,1,3,1,5,37,35,11,2,0.1683036929166667,3296,46354106
5,3,2,0,2,3,34,38,9,3,0.13329773819444443,3297,46362025
7,5,1,1,1,6,55,17,19,2,0.2794504252777778,3298,46369944
3,3,0,0,2,1,36,36,0,1,0.1408365097222222,3299,46377863
9,4,2,3,5,4,50,22,28,3,0.24754713722222219,3300,46385782
6,5,1,0,2,4,43,29,14,2,0.17913543597222223,3301,46393701
9,6,2,1,4,5,56,16,45,3,0.35339807763888886,3302,46401620
5,3,2,0,1,4,28,44,15,4,0.20665523972222224,3303,46409539
9,5,3,1,3,6,60,12,34,3,0.25431944930555556,3304,46417458
5,1,2,2,1,4,46,26,13,2,0.2480143495833333,3305,46425377
6,1,2,3,4,2,38,34,15,2,0.2008308163888889,3306,46433296
11,4,4,3,1,10,46,26,33,5,0.42003840166666667,3307,46441215
7,4,1,2,5,2,34,38,23,3,0.1588896697222222,3308,46449134
4,0,2,2,2,2,41,31,0,1,0.15510243513888888,3309,46457053
11,4,4,3,1,10,61,11,31,3,0.43216522458333334,3310,46464972
3,1,0,2,3,0,26,46,9,2,0.13447333166666667,3311,46472891
5,3,1,1,2,3,37,35,7,2,0.1390577223611111,3312,46480810
5,3,1,1,1,4,30,42,5,2,0.14714278486111113,3313,46488729
5,2,2,1,1,4,40,32,7,2,0.19754690055555557,3314,46496648
6,5,1,0,1,5,54,18,16,3,0.21515461749999998,3315,46504567
8,7,1,0,2,6,52,20,28,3,0.28777305819444443,3316,46512486
9,6,2,1,3,6,40,32,7,4,0.2416880920833333,3317,46520405
5,3,1,1,3,2,42,30,15,3,0.19074579569444444,3318,46528324
7,3,1,3,5,2,49,23,19,3,0.24073809111111114,3319,46536243
6,4,2,0,1,5,41,31,17,3,0.21067082513888888,3320,46544162
4,3,0,1,1,3,41,31,5,2,0.17537789277777777,3321,46552081
3,2,0,1,1,2,24,48,0,1,0.08430908,3322,46560000
6,1,2,3,1,5,42,30,23,3,0.19793784097222222,3323,46567919
2,1,1,0,0,2,22,50,0,1,0.07407520722222222,3324,46575838
8,5,1,2,5,3,54,18,25,2,0.2228142498611111,3325,46583757
7,2,4,1,4,3,57,15,19,3,0.3060319218055556,3326,46591676
3,2,1,0,1,2,34,38,0,1,0.13975263916666666,3327,46599595
5,0,3,2,3,2,26,46,6,3,0.12231087708333334,3328,46607514
9,8,0,1,4,5,55,17,42,3,0.2628448234722222,3329,46615433
8,3,3,2,4,4,50,22,17,2,0.23992783569444448,3330,46623352
8,4,1,3,3,5,48,24,28,3,0.17169800319444445,3331,46631271
8,6,1,1,3,5,48,24,9,4,0.2351750727777778,3332,46639190
7,4,2,1,3,4,49,23,9,3,0.31138747319444443,3333,46647109
5,3,1,1,3,2,40,32,7,2,0.20073740152777778,3334,46655028
4,2,2,0,2,2,20,52,7,2,0.07613365416666668,3335,46662947
9,4,3,2,3,6,47,25,27,4,0.2706103163888889,3336,46670866
5,3,1,1,1,4,50,22,9,2,0.18807136083333334,3337,46678785
4,2,1,1,2,2,34,38,0,1,0.1277372709722222,3338,46686704
5,2,2,1,1,4,33,39,12,3,0.12967398888888887,3339,46694623
3,0,1,2,1,2,29,43,0,1,0.0938780575,3340,46702542
5,3,1,1,2,3,26,46,19,2,0.11528322111111113,3341,46710461
4,4,0,0,1,3,43,29,10,2,0.18574735541666668,3342,46718380
7,4,2,1,2,5,41,31,23,3,0.19054531902777777,3343,46726299
9,6,2,1,0,9,61,11,18,3,0.31286492416666667,3344,46734218
5,3,0,2,1,4,32,40,8,2,0.16696127791666665,3345,46742137
3,1,1,1,2,1,28,44,0,1,0.13938165097222222,3346,46750056
9,6,1,2,6,3,59,13,24,4,0.3064384759722223,3347,46757975
6,4,1,1,5,1,37,35,14,3,0.21155441569444444,3348,46765894
3,2,0,1,1,2,32,40,0,1,0.13480777194444446,3349,46773813
7,5,1,1,2,5,56,16,18,2,0.27467482652777775,3350,46781732
5,2,1,2,2,3,41,31,7,2,0.10338985833333333,3351,46789651
9,5,2,2,2,7,63,9,33,3,0.4325673386111111,3352,46797570
5,3,2,0,1,4,43,29,9,2,0.17366954208333332,3353,46805489
7,4,2,1,1,6,38,34,15,3,0.22190029888888887,3354,46813408
5,2,2,1,1,4,45,27,8,3,0.16352843833333333,3355,46821327
2,1,1,0,1,1,16,56,0,1,0.05585056888888889,3356,46829246
4,3,0,1,2,2,24,48,11,2,0.09486791777777778,3357,46837165
6,3,3,0,3,3,32,40,8,2,0.21594952555555558,3358,46845084
4,4,0,0,1,3,33,39,8,3,0.12801105347222222,3359,46853003
4,1,1,2,2,2,23,49,14,2,0.10779055569444446,3360,46860922
8,2,1,5,4,4,45,27,23,4,0.1624535534722222,3361,46868841
2,1,0,1,1,1,21,51,0,1,0.08463007888888889,3362,46876760
8,4,4,0,4,4,51,21,23,3,0.20923749319444443,3363,46884679
4,3,1,0,1,3,23,49,1,2,0.11719768375,3364,46892598
3,1,1,1,2,1,28,44,4,2,0.11962156680555555,3365,46900517
1,1,0,0,0,1,11,61,0,1,0.05303765916666667,3366,46908436
5,4,1,0,1,4,44,28,21,2,0.22502189805555556,3367,46916355
9,4,2,3,3,6,56,16,13,4,0.28490328847222224,3368,46924274
7,2,4,1,1,6,56,16,32,3,0.2827587529166667,3369,46932193
5,1,4,0,1,4,39,33,9,2,0.2340595906944444,3370,46940112
9,2,4,3,2,7,45,27,29,4,0.21190547430555554,3371,46948031
8,4,1,3,1,7,45,27,15,3,0.26622186333333336,3372,46955950
4,3,0,1,1,3,32,40,3,2,0.16754602930555557,3373,46963869
8,4,2,2,5,3,55,17,27,5,0.1507319701388889,3374,46971788
7,2,2,3,3,4,59,13,10,2,0.2546198972222223,3375,46979707
7,3,2,2,2,5,46,26,6,2,0.23359941236111112,3376,46987626
1,1,0,0,0,1,18,54,0,1,0.07769059222222223,3377,46995545
5,3,1,1,3,2,32,40,11,3,0.19136771708333333,3378,47003464
8,4,3,1,1,7,53,19,24,3,0.2440961423611111,3379,47011383
2,0,2,0,0,2,25,47,0,1,0.07505607638888889,3380,47019302
9,6,1,2,5,4,43,29,25,4,0.3035404547222222,3381,47027221
6,4,1,1,3,3,36,36,10,3,0.13091909069444446,3382,47035140
6,2,3,1,3,3,37,35,14,2,0.18785752,3383,47043059
5,2,0,3,1,4,27,45,8,3,0.13958840875,3384,47050978
5,3,0,2,3,2,30,42,8,3,0.16547116875,3385,47058897
5,2,1,2,1,4,27,45,8,2,0.12428010194444444,3386,47066816
3,2,0,1,2,1,26,46,0,1,0.07498011305555556,3387,47074735
7,2,3,2,5,2,39,33,12,3,0.24576570472222223,3388,47082654
8,3,4,1,3,5,38,34,3,3,0.2138261577777778,3389,47090573
2,1,1,0,0,2,17,55,13,2,0.11156426486111111,3390,47098492
7,3,2,2,3,4,53,19,7,2,0.2381939165277778,3391,47106411
7,5,0,2,2,5,37,35,16,4,0.21594421180555556,3392,47114330
7,3,3,1,2,5,48,24,16,2,0.22093378888888887,3393,47122249
8,4,2,2,5,3,52,20,22,2,0.32654830055555556,3394,47130168
9,5,2,2,5,4,50,22,23,3,0.25263332111111114,3395,47138087
8,5,2,1,2,6,53,19,15,3,0.24837335763888888,3396,47146006
9,3,2,4,1,8,49,23,24,3,0.22930870166666667,3397,47153925
6,4,1,1,2,4,52,20,16,3,0.2990167158333333,3398,47161844
6,2,2,2,2,4,45,27,12,2,0.1575607327777778,3399,47169763
9,3,3,3,3,6,40,32,29,4,0.20966496166666668,3400,47177682
4,2,1,1,2,2,31,41,12,2,0.07341834541666667,3401,47185601
5,3,2,0,3,2,40,32,11,2,0.13042227069444445,3402,47193520
8,2,2,4,2,6,50,22,27,4,0.2427116226388889,3403,47201439
4,2,1,1,1,3,20,52,13,3,0.1358906313888889,3404,47209358
6,5,1,0,3,3,51,21,15,2,0.1547613540277778,3405,47217277
7,6,1,0,2,5,49,23,18,2,0.17962842333333334,3406,47225196
4,2,0,2,0,4,24,48,3,2,0.12443341944444446,3407,47233115
10,3,5,2,5,5,59,13,29,3,0.2543417401388889,3408,47241034
6,3,1,2,1,5,43,29,13,3,0.26896086222222215,3409,47248953
6,5,0,1,2,4,63,9,34,2,0.26378838625,3410,47256872
5,3,1,1,2,3,36,36,13,2,0.14224901166666667,3411,47264791
5,1,4,0,2,3,39,33,9,2,0.14537500166666667,3412,47272710
6,3,1,2,2,4,51,21,8,2,0.19067139916666667,3413,47280629
4,1,3,0,2,2,25,47,10,3,0.06897341638888889,3414,47288548
4,3,1,0,0,4,27,45,4,2,0.12988512083333334,3415,47296467
2,1,0,1,0,2,13,59,0,1,0.024217824444444442,3416,47304386
6,3,2,1,1,5,50,22,9,2,0.2177731976388889,3417,47312305
6,2,2,2,1,5,48,24,14,4,0.3616233454166667,3418,47320224
2,1,1,0,0,2,9,63,5,2,0.06783052097222222,3419,47328143
8,3,2,3,4,4,49,23,17,2,0.29412913305555555,3420,47336062
9,5,1,3,2,7,51,21,21,3,0.39021919861111104,3421,47343981
2,1,0,1,1,1,13,59,0,1,0.04168843027777777,3422,47351900
2,1,1,0,2,0,13,59,0,1,0.06367788458333333,3423,47359819
13,6,5,2,5,8,57,15,41,4,0.3621510416666667,3424,47367738
9,3,4,2,1,8,44,28,17,4,0.23637485708333333,3425,47375657
16,6,6,4,8,8,67,5,54,5,0.4288050618055556,3426,47383576
5,2,0,3,2,3,36,36,20,3,0.1588465751388889,3427,47391495
5,4,1,0,1,4,54,18,18,2,0.18828013166666666,3428,47399414
5,4,1,0,2,3,47,25,10,3,0.12826685152777775,3429,47407333
6,3,2,1,1,5,38,34,6,3,0.19948003625000002,3430,47415252
8,7,1,0,3,5,59,13,32,4,0.34446762305555556,3431,47423171
5,2,1,2,3,2,39,33,2,2,0.18234262277777777,3432,47431090
4,1,2,1,1,3,42,30,0,1,0.21224881930555553,3433,47439009
8,2,4,2,1,7,58,14,17,3,0.2972653255555555,3434,47446928
7,2,4,1,2,5,46,26,12,3,0.24200336736111114,3435,47454847
5,2,2,1,2,3,40,32,2,2,0.1909832388888889,3436,47462766
6,4,1,1,1,5,40,32,7,4,0.23305486805555553,3437,47470685
2,1,0,1,1,1,25,47,0,1,0.1547189313888889,3438,47478604
7,4,2,1,3,4,45,27,23,3,0.24622351680555557,3439,47486523
11,4,6,1,4,7,55,17,24,4,0.1931921140277778,3440,47494442
3,1,0,2,2,1,22,50,7,2,0.06197588125,3441,47502361
10,4,3,3,2,8,53,19,34,3,0.29738336541666666,3442,47510280
3,1,1,1,1,2,37,35,9,2,0.16457196680555555,3443,47518199
7,4,2,1,3,4,48,24,24,3,0.17943384819444447,3444,47526118
5,1,2,2,3,2,43,29,6,3,0.15186347125,3445,47534037
7,2,3,2,3,4,39,33,15,3,0.15299483152777776,3446,47541956
9,4,3,2,2,7,54,18,23,3,0.334340485,3447,47549875
9,5,1,3,7,2,53,19,32,4,0.34649911930555555,3448,47557794
4,2,0,2,4,0,31,41,0,1,0.12745169194444447,3449,47565713
6,2,3,1,2,4,50,22,9,2,0.28226224472222217,3450,47573632
7,4,1,2,2,5,31,41,24,4,0.14463941680555553,3451,47581551
6,4,0,2,2,4,51,21,15,2,0.25856784624999996,3452,47589470
4,1,2,1,3,1,32,40,5,2,0.13390485986111111,3453,47597389
6,4,1,1,3,3,43,29,17,3,0.19053147819444444,3454,47605308
4,1,1,2,2,2,36,36,3,2,0.1654144698611111,3455,47613227
4,2,2,0,1,3,29,43,9,2,0.14753310694444444,3456,47621146
8,5,2,1,3,5,49,23,24,4,0.22139382361111112,3457,47629065
4,2,1,1,1,3,29,43,2,2,0.1241703538888889,3458,47636984
6,4,0,2,4,2,49,23,6,2,0.19072170888888887,3459,47644903
8,5,1,2,2,6,58,14,23,3,0.36334554013888887,3460,47652822
8,4,1,3,2,6,58,14,24,3,0.4170181091666667,3461,47660741
4,3,1,0,0,4,47,25,9,2,0.25613268930555555,3462,47668660
3,2,1,0,1,2,29,43,13,3,0.14717798680555555,3463,47676579
9,4,3,2,3,6,58,14,12,3,0.23674667083333334,3464,47684498
5,3,1,1,4,1,25,47,10,3,0.14289427958333334,3465,47692417
9,5,3,1,1,8,64,8,26,2,0.2779372494444445,3466,47700336
7,4,1,2,4,3,41,31,27,4,0.12147515166666668,3467,47708255
6,1,2,3,2,4,30,42,18,3,0.14114715388888888,3468,47716174
7,4,0,3,1,6,46,26,12,3,0.26998257777777773,3469,47724093
6,4,1,1,2,4,37,35,11,3,0.17614642736111114,3470,47732012
7,3,2,2,2,5,31,41,21,5,0.18633198375,3471,47739931
7,4,2,1,2,5,41,31,4,2,0.22881636250000004,3472,47747850
9,7,1,1,2,7,48,24,31,3,0.33572715375,3473,47755769
3,3,0,0,1,2,35,37,4,2,0.12783465069444444,3474,47763688
8,4,2,2,3,5,46,26,23,5,0.23469463166666665,3475,47771607
5,1,3,1,2,3,17,55,7,3,0.06863328444444444,3476,47779526
5,2,1,2,1,4,33,39,12,3,0.08433584861111111,3477,47787445
7,2,3,2,2,5,50,22,17,4,0.2944704515277778,3478,47795364
5,1,1,3,2,3,39,33,17,3,0.19029012374999998,3479,47803283
2,2,0,0,0,2,13,59,0,1,0.05404307944444445,3480,47811202
6,1,3,2,2,4,37,35,2,2,0.20017522319444445,3481,47819121
7,4,1,2,1,6,55,17,18,2,0.24921464763888887,3482,47827040
7,4,1,2,2,5,50,22,9,4,0.24759083763888887,3483,47834959
8,4,2,2,2,6,34,38,25,3,0.20270227333333335,3484,47842878
8,4,4,0,3,5,48,24,16,3,0.29925539986111116,3485,47850797
8,6,1,1,2,6,50,22,33,4,0.23077215361111106,3486,47858716
7,1,2,4,5,2,34,38,17,3,0.20144536305555558,3487,47866635
5,2,2,1,2,3,31,41,19,3,0.14586348944444444,3488,47874554
4,2,1,1,3,1,47,25,16,2,0.21090239444444445,3489,47882473
8,3,2,3,1,7,57,15,30,3,0.35924748652777777,3490,47890392
6,4,1,1,2,4,36,36,11,2,0.09652308694444443,3491,47898311
6,1,4,1,3,3,28,44,13,4,0.12365117972222223,3492,47906230
4,3,0,1,2,2,22,50,6,2,0.14870015180555557,3493,47914149
3,1,1,1,2,1,20,52,4,2,0.08668343930555555,3494,47922068
3,1,1,1,2,1,31,41,13,3,0.12340992791666666,3495,47929987
5,2,2,1,1,4,45,27,12,3,0.27279595138888885,3496,47937906
5,3,1,1,2,3,55,17,7,2,0.24922096486111112,3497,47945825
12,5,4,3,3,9,51,21,34,4,0.3447244101388889,3498,47953744
9,5,3,1,5,4,56,16,23,3,0.19348579416666667,3499,47961663
10,5,2,3,5,5,65,7,32,3,0.33663705625000007,3500,47969582
4,1,2,1,1,3,31,41,9,2,0.15242309041666668,3501,47977501
6,3,2,1,2,4,37,35,10,3,0.17571483763888887,3502,47985420
7,5,1,1,2,5,34,38,27,4,0.22725755125,3503,47993339
3,1,1,1,2,1,28,44,10,2,0.12462085847222222,3504,48001258
3,2,1,0,1,2,24,48,0,1,0.12120569597222221,3505,48009177
8,4,2,2,4,4,55,17,26,3,0.35350950208333326,3506,48017096
8,4,3,1,4,4,56,16,24,4,0.2568655252777778,3507,48025015
7,2,3,2,2,5,49,23,25,3,0.28073991791666664,3508,48032934
6,3,3,0,2,4,49,23,17,3,0.10776334333333333,3509,48040853
5,1,2,2,1,4,42,30,12,2,0.17532583847222222,3510,48048772
8,4,4,0,0,8,54,18,38,3,0.5141284991666667,3511,48056691
6,5,1,0,3,3,35,37,19,3,0.21408150722222222,3512,48064610
7,4,2,1,4,3,45,27,29,3,0.2522255476388888,3513,48072529
5,4,1,0,2,3,40,32,17,2,0.11000780638888889,3514,48080448
5,2,2,1,0,5,39,33,5,2,0.19662593541666668,3515,48088367
4,3,1,0,3,1,28,44,6,2,0.1169715888888889,3516,48096286
9,2,6,1,2,7,51,21,31,4,0.2979338688888889,3517,48104205
6,4,1,1,1,5,45,27,19,2,0.2595834398611111,3518,48112124
6,2,3,1,2,4,49,23,21,2,0.22008127388888887,3519,48120043
7,3,0,4,3,4,39,33,15,3,0.1834294111111111,3520,48127962
9,6,2,1,5,4,59,13,21,3,0.24347738499999996,3521,48135881
7,2,3,2,1,6,60,12,29,3,0.3618752790277778,3522,48143800
5,4,0,1,0,5,38,34,5,2,0.16566900069444446,3523,48151719
6,4,2,0,1,5,46,26,18,3,0.25468012805555557,3524,48159638
6,3,2,1,3,3,55,17,18,2,0.13053252305555554,3525,48167557
3,1,1,1,0,3,41,31,0,1,0.18383054652777778,3526,48175476
6,3,1,2,2,4,47,25,11,3,0.23047315555555553,3527,48183395
7,1,2,4,2,5,44,28,15,3,0.18037204416666666,3528,48191314
4,2,1,1,2,2,41,31,7,2,0.17526396402777777,3529,48199233
5,2,2,1,1,4,46,26,9,2,0.18862015875,3530,48207152
7,2,3,2,3,4,42,30,18,3,0.23868912944444443,3531,48215071
5,3,1,1,1,4,28,44,15,3,0.14240123847222222,3532,48222990
7,3,3,1,1,6,45,27,21,3,0.2190314266666667,3533,48230909
10,5,2,3,2,8,61,11,32,3,0.3432586022222222,3534,48238828
7,4,0,3,2,5,59,13,14,2,0.25575316958333333,3535,48246747
5,2,3,0,3,2,43,29,14,2,0.22123111944444443,3536,48254666
7,3,4,0,2,5,46,26,28,4,0.3177180419444444,3537,48262585
9,4,3,2,4,5,63,9,30,3,0.2641560084722222,3538,48270504
5,5,0,0,3,2,32,40,15,3,0.1380930576388889,3539,48278423
9,5,3,1,5,4,53,19,28,3,0.22355468180555554,3540,48286342
10,7,2,1,4,6,55,17,35,2,0.27979224430555555,3541,48294261
6,3,1,2,5,1,49,23,14,3,0.28791330319444447,3542,48302180
7,6,1,0,1,6,48,24,8,2,0.24180512680555555,3543,48310099
11,4,3,4,5,6,60,12,28,3,0.25769100791666666,3544,48318018
7,3,3,1,2,5,35,37,13,3,0.17896970180555555,3545,48325937
6,3,3,0,0,6,36,36,15,3,0.31398784180555556,3546,48333856
6,3,2,1,2,4,52,20,15,3,0.25858233694444444,3547,48341775
9,7,0,2,5,4,62,10,30,4,0.2830230758333333,3548,48349694
2,2,0,0,0,2,20,52,0,1,0.0675709063888889,3549,48357613
6,3,2,1,0,6,41,31,18,2,0.26889664902777777,3550,48365532
4,2,2,0,1,3,22,50,3,2,0.12591829416666667,3551,48373451
0,0,0,0,0,0,0,72,0,0,0.0,3552,48381370
3,3,0,0,0,3,29,43,0,1,0.12482432694444445,3553,48389289
7,7,0,0,2,5,44,28,21,4,0.16133625402777776,3554,48397208
5,4,1,0,2,3,36,36,11,3,0.1960324298611111,3555,48405127
9,4,4,1,3,6,61,11,26,3,0.2655014233333334,3556,48413046
5,3,1,1,2,3,41,31,12,3,0.17075484513888886,3557,48420965
5,1,3,1,1,4,43,29,19,3,0.22212042999999998,3558,48428884
9,4,5,0,3,6,44,28,23,3,0.2725233461111112,3559,48436803
5,2,3,0,2,3,35,37,11,2,0.15201225611111113,3560,48444722
7,4,2,1,2,5,46,26,16,3,0.24068546055555556,3561,48452641
3,1,0,2,2,1,24,48,0,1,0.13866090819444443,3562,48460560
10,6,3,1,4,6,64,8,34,3,0.352510335,3563,48468479
6,3,1,2,2,4,44,28,15,2,0.18302116319444445,3564,48476398
4,2,0,2,3,1,27,45,7,2,0.12065764125,3565,48484317
5,3,1,1,1,4,20,52,10,4,0.21054625472222221,3566,48492236
9,2,4,3,5,4,55,17,22,4,0.23921500194444445,3567,48500155
3,0,1,2,2,1,22,50,5,2,0.08652198472222222,3568,48508074
2,1,1,0,1,1,8,64,0,1,0.03035435013888889,3569,48515993
8,4,3,1,3,5,51,21,15,2,0.20017466361111114,3570,48523912
4,0,2,2,1,3,25,47,2,2,0.10589213319444445,3571,48531831
7,6,1,0,3,4,64,8,18,3,0.32441795138888885,3572,48539750
4,1,1,2,2,2,32,40,2,2,0.1220081548611111,3573,48547669
6,5,1,0,1,5,35,37,20,3,0.14685761486111112,3574,48555588
5,2,2,1,3,2,40,32,11,2,0.22487873388888888,3575,48563507
5,3,2,0,1,4,50,22,18,2,0.24865031111111108,3576,48571426
7,2,4,1,3,4,44,28,25,2,0.13913543097222222,3577,48579345
4,2,1,1,2,2,22,50,9,2,0.06744718013888888,3578,48587264
5,3,2,0,1,4,37,35,12,2,0.21237527902777778,3579,48595183
3,1,0,2,2,1,31,41,0,1,0.09747565222222222,3580,48603102
6,1,2,3,1,5,53,19,4,2,0.18090915319444445,3581,48611021
4,2,2,0,2,2,26,46,2,2,0.10969015180555557,3582,48618940
9,5,4,0,1,8,45,27,25,4,0.3976938048611111,3583,48626859
6,2,2,2,2,4,38,34,21,2,0.18705065680555555,3584,48634778
6,2,3,1,1,5,58,14,10,2,0.2627772116666667,3585,48642697
7,6,1,0,1,6,37,35,22,2,0.24899360444444443,3586,48650616
9,5,3,1,3,6,57,15,29,3,0.3454317243055556,3587,48658535
4,2,2,0,0,4,25,47,10,3,0.16252617888888887,3588,48666454
6,6,0,0,4,2,49,23,21,3,0.19953772819444446,3589,48674373
5,4,1,0,3,2,56,16,21,3,0.26390581069444446,3590,48682292
12,6,3,3,5,7,60,12,48,4,0.3038953625,3591,48690211
7,3,1,3,3,4,51,21,14,2,0.2726025038888889,3592,48698130
5,2,1,2,2,3,39,33,11,3,0.23037576625,3593,48706049
4,3,1,0,2,2,31,41,4,2,0.05344378041666667,3594,48713968
8,5,1,2,1,7,38,34,19,3,0.22422470347222223,3595,48721887
5,1,1,3,1,4,42,30,1,2,0.20277789000000002,3596,48729806
6,3,2,1,2,4,52,20,13,3,0.2548717148611111,3597,48737725
7,4,2,1,4,3,47,25,15,3,0.18321054125,3598,48745644
2,1,1,0,0,2,15,57,6,2,0.06559905902777778,3599,48753563
7,5,1,1,4,3,63,9,29,2,0.2617891230555556,3600,48761482
5,4,0,1,3,2,47,25,16,2,0.2147404634722222,3601,48769401
6,3,3,0,2,4,43,29,9,4,0.22244975986111115,3602,48777320
5,4,0,1,3,2,52,20,24,3,0.2856032534722222,3603,48785239
4,3,1,0,2,2,34,38,14,3,0.10728319305555556,3604,48793158
6,4,0,2,4,2,41,31,23,2,0.1956692852777778,3605,48801077
7,3,3,1,4,3,31,41,14,2,0.1886715884722222,3606,48808996
2,1,0,1,1,1,19,53,0,1,0.06725808305555556,3607,48816915
5,1,3,1,1,4,25,47,6,3,0.07949926347222222,3608,48824834
7,2,4,1,1,6,44,28,17,3,0.25667038430555555,3609,48832753
7,3,1,3,3,4,46,26,23,3,0.29453846680555557,3610,48840672
5,1,3,1,1,4,29,43,11,3,0.18855249152777778,3611,48848591
11,6,1,4,2,9,57,15,30,3,0.34256957875,3612,48856510
14,7,5,2,4,10,59,13,41,4,0.2969552177777778,3613,48864429
7,4,2,1,3,4,40,32,20,3,0.18069853958333332,3614,48872348
6,2,2,2,3,3,46,26,8,2,0.24224949416666666,3615,48880267
8,2,3,3,4,4,55,17,12,3,0.3265501326388889,3616,48888186
5,3,1,1,0,5,38,34,10,2,0.19398258083333333,3617,48896105
10,6,2,2,4,6,50,22,34,4,0.15321794569444444,3618,48904024
9,3,4,2,5,4,33,39,20,4,0.19416630375000002,3619,48911943
2,0,2,0,0,2,11,61,7,2,0.06561542583333334,3620,48919862
9,4,3,2,0,9,54,18,16,2,0.2820703652777778,3621,48927781
3,0,2,1,0,3,14,58,3,2,0.07531884597222221,3622,48935700
9,3,2,4,5,4,53,19,23,3,0.24405050555555555,3623,48943619
9,6,3,0,4,5,56,16,29,4,0.3015389513888889,3624,48951538
8,3,4,1,3,5,51,21,25,3,0.2024778636111111,3625,48959457
3,1,1,1,2,1,28,44,4,2,0.1522649027777778,3626,48967376
4,0,3,1,0,4,23,49,2,2,0.12004098958333333,3627,48975295
7,2,3,2,2,5,43,29,17,3,0.13697327902777778,3628,48983214
9,6,2,1,5,4,59,13,29,3,0.26115326986111115,3629,48991133
5,5,0,0,1,4,38,34,10,3,0.2029633547222222,3630,48999052
11,5,4,2,4,7,60,12,38,4,0.4679098637499999,3631,49006971
8,5,1,2,3,5,59,13,26,3,0.2084004626388889,3632,49014890
8,6,1,1,3,5,57,15,26,3,0.27522366208333326,3633,49022809
4,2,1,1,0,4,27,45,9,2,0.13399965069444444,3634,49030728
3,3,0,0,1,2,25,47,11,2,0.09758948458333333,3635,49038647
6,2,2,2,2,4,42,30,16,2,0.14213966027777777,3636,49046566
8,6,1,1,3,5,54,18,32,3,0.2890448252777778,3637,49054485
3,3,0,0,0,3,21,51,0,1,0.12036604277777779,3638,49062404
3,1,1,1,3,0,18,54,4,2,0.10392545013888889,3639,49070323
1,1,0,0,0,1,9,63,0,1,0.05685712888888888,3640,49078242
9,3,5,1,3,6,52,20,22,3,0.21753908666666666,3641,49086161
6,2,3,1,3,3,46,26,11,2,0.2871785452777778,3642,49094080
10,4,4,2,3,7,43,29,29,4,0.2631101847222222,3643,49101999
6,4,1,1,1,5,29,43,13,3,0.1777600436111111,3644,49109918
5,3,0,2,3,2,35,37,15,2,0.18541331666666666,3645,49117837
7,2,1,4,3,4,52,20,14,2,0.2620016304166667,3646,49125756
6,1,3,2,4,2,45,27,21,2,0.18478222694444446,3647,49133675
1,1,0,0,0,1,2,70,0,1,0.014927035000000002,3648,49141594
8,3,2,3,1,7,48,24,22,3,0.29235415888888894,3649,49149513
3,2,1,0,1,2,32,40,15,2,0.1429238740277778,3650,49157432
6,2,4,0,4,2,44,28,9,2,0.15700877694444446,3651,49165351
5,2,2,1,2,3,47,25,9,2,0.18461404805555556,3652,49173270
5,4,1,0,2,3,39,33,5,2,0.1886965534722222,3653,49181189
6,1,4,1,3,3,40,32,17,3,0.18359602916666665,3654,49189108
5,3,1,1,2,3,48,24,7,2,0.21980272458333333,3655,49197027
5,2,2,1,3,2,40,32,3,2,0.13953358861111112,3656,49204946
5,2,2,1,0,5,47,25,3,2,0.2775424195833333,3657,49212865
5,1,3,1,3,2,44,28,3,2,0.20953464249999998,3658,49220784
6,3,1,2,0,6,42,30,5,3,0.2900429104166667,3659,49228703
7,3,2,2,5,2,48,24,28,2,0.26715888097222223,3660,49236622
6,3,2,1,2,4,51,21,10,2,0.26137207791666667,3661,49244541
5,2,2,1,1,4,39,33,11,3,0.22444175541666667,3662,49252460
7,2,1,4,1,6,54,18,17,2,0.24383537874999994,3663,49260379
4,1,3,0,1,3,39,33,3,2,0.18843347680555556,3664,49268298
7,2,3,2,3,4,44,28,16,3,0.3030066356944444,3665,49276217
5,4,0,1,1,4,28,44,1,2,0.1269702804166667,3666,49284136
8,4,3,1,2,6,37,35,23,4,0.2079906325,3667,49292055
7,6,0,1,3,4,60,12,14,3,0.2448581279166667,3668,49299974
12,4,5,3,4,8,53,19,38,4,0.26566397277777776,3669,49307893
8,1,5,2,3,5,34,38,13,3,0.1422887175,3670,49315812
4,2,0,2,1,3,33,39,3,2,0.1163314848611111,3671,49323731
9,5,2,2,4,5,56,16,19,4,0.3149486663888889,3672,49331650
7,3,2,2,2,5,47,25,20,3,0.2271073041666667,3673,49339569
5,5,0,0,2,3,52,20,9,2,0.23864076819444444,3674,49347488
8,5,3,0,2,6,43,29,23,3,0.37516587458333334,3675,49355407
5,3,1,1,2,3,43,29,5,2,0.2063947811111111,3676,49363326
11,5,5,1,3,8,59,13,36,3,0.37092729555555554,3677,49371245
4,1,0,3,1,3,27,45,8,2,0.11324269819444445,3678,49379164
3,2,1,0,1,2,45,27,2,2,0.18966508,3679,49387083
5,1,2,2,2,3,36,36,4,2,0.09093423277777778,3680,49395002
5,2,2,1,3,2,36,36,5,2,0.1761929455555556,3681,49402921
4,3,0,1,3,1,36,36,12,2,0.13342703833333333,3682,49410840
3,0,1,2,2,1,18,54,0,1,0.06872567694444445,3683,49418759
7,4,2,1,1,6,52,20,18,3,0.3749154933333333,3684,49426678
7,3,1,3,3,4,50,22,10,2,0.24077202847222223,3685,49434597
4,3,0,1,2,2,34,38,15,2,0.17649680763888886,3686,49442516
8,3,3,2,3,5,45,27,10,3,0.1899947811111111,3687,49450435
3,2,1,0,0,3,28,44,0,1,0.13187741625,3688,49458354
7,4,1,2,2,5,45,27,25,3,0.28886850847222223,3689,49466273
3,2,0,1,1,2,19,53,9,2,0.14599102402777778,3690,49474192
8,6,0,2,3,5,51,21,28,3,0.2437269497222222,3691,49482111
3,3,0,0,1,2,30,42,0,1,0.14349626666666668,3692,49490030
9,6,2,1,2,7,65,7,39,4,0.27090351263888895,3693,49497949
13,7,3,3,4,9,60,12,38,5,0.4348240131944444,3694,49505868
2,0,0,2,0,2,8,64,2,2,0.044794816805555554,3695,49513787
4,0,1,3,4,0,28,44,6,2,0.15025519458333333,3696,49521706
6,3,2,1,3,3,41,31,10,2,0.1599657261111111,3697,49529625
5,3,1,1,1,4,36,36,16,3,0.23530514777777778,3698,49537544
5,3,0,2,1,4,28,44,19,4,0.20492215833333333,3699,49545463
7,4,1,2,4,3,44,28,24,3,0.1890921815277778,3700,49553382
5,3,1,1,2,3,38,34,15,3,0.18665308555555557,3701,49561301
3,2,0,1,1,2,23,49,0,1,0.08665625347222222,3702,49569220
8,6,1,1,2,6,55,17,33,3,0.22286918166666667,3703,49577139
10,6,2,2,4,6,63,9,31,3,0.27307142652777777,3704,49585058
5,1,1,3,1,4,31,41,9,3,0.14256142708333333,3705,49592977
3,2,0,1,0,3,37,35,4,2,0.1797453847222222,3706,49600896
6,3,0,3,0,6,45,27,13,3,0.23925520791666668,3707,49608815
4,2,2,0,0,4,32,40,3,2,0.2179361315277778,3708,49616734
5,3,1,1,0,5,32,40,0,1,0.11661842388888889,3709,49624653
6,3,2,1,2,4,34,38,11,2,0.20980062069444444,3710,49632572
5,4,0,1,2,3,35,37,17,2,0.14336912638888888,3711,49640491
2,0,1,1,1,1,19,53,0,1,0.09145965361111112,3712,49648410
10,7,2,1,4,6,63,9,39,3,0.38919297388888885,3713,49656329
6,3,2,1,2,4,58,14,17,2,0.26190196194444443,3714,49664248
4,3,1,0,3,1,33,39,5,2,0.14164456777777776,3715,49672167
7,3,2,2,2,5,52,20,23,3,0.3391245729166667,3716,49680086
5,2,2,1,1,4,33,39,7,2,0.23179134541666663,3717,49688005
9,4,4,1,3,6,52,20,27,3,0.2653671125,3718,49695924
5,3,1,1,3,2,43,29,10,3,0.17369540347222223,3719,49703843
3,2,1,0,1,2,47,25,0,1,0.17831816972222223,3720,49711762
6,1,1,4,0,6,26,46,11,5,0.2644954856944444,3721,49719681
7,3,3,1,2,5,37,35,21,3,0.18952203874999998,3722,49727600
8,5,2,1,4,4,53,19,20,3,0.2942620209722222,3723,49735519
4,2,2,0,0,4,38,34,4,2,0.18810054972222223,3724,49743438
6,2,2,2,2,4,50,22,25,2,0.25453373583333333,3725,49751357
7,5,0,2,4,3,58,14,12,4,0.26929832430555556,3726,49759276
5,2,2,1,2,3,42,30,10,3,0.18236623458333334,3727,49767195
5,3,2,0,1,4,31,41,19,3,0.1883251420833333,3728,49775114
10,7,2,1,3,7,62,10,41,3,0.2760378738888889,3729,49783033
7,2,2,3,4,3,37,35,21,3,0.15833339416666664,3730,49790952
1,1,0,0,0,1,3,69,0,1,0.029975569166666667,3731,49798871
6,3,1,2,2,4,52,20,16,3,0.2438391709722222,3732,49806790
3,1,2,0,1,2,16,56,6,2,0.08975285416666666,3733,49814709
12,9,3,0,5,7,51,21,42,6,0.36844477805555553,3734,49822628
9,3,3,3,1,8,48,24,18,3,0.2347885647222222,3735,49830547
6,4,1,1,1,5,33,39,9,2,0.1676615375,3736,49838466
1,0,1,0,0,1,15,57,0,1,0.06135565069444445,3737,49846385
4,4,0,0,0,4,46,26,2,2,0.15115771388888888,3738,49854304
8,5,3,0,2,6,46,26,27,3,0.3504541431944445,3739,49862223
13,6,4,3,4,9,64,8,40,5,0.37625080097222224,3740,49870142
6,0,3,3,5,1,26,46,21,3,0.13854038166666666,3741,49878061
8,5,3,0,3,5,43,29,26,4,0.24652888847222224,3742,49885980
10,5,0,5,4,6,50,22,32,5,0.2663235972222222,3743,49893899
13,8,3,2,2,11,62,10,40,5,0.41711067027777776,3744,49901818
7,7,0,0,1,6,63,9,31,2,0.39927834083333336,3745,49909737
2,2,0,0,1,1,24,48,2,2,0.13086911499999998,3746,49917656
10,6,3,1,2,8,59,13,34,4,0.2679174988888888,3747,49925575
5,2,1,2,2,3,38,34,3,2,0.11155650569444446,3748,49933494
8,5,1,2,4,4,55,17,16,3,0.19677839902777777,3749,49941413
6,4,1,1,0,6,48,24,12,3,0.31304661375,3750,49949332
5,4,0,1,2,3,47,25,14,2,0.13027110097222222,3751,49957251
6,2,3,1,0,6,40,32,11,2,0.2105556459722222,3752,49965170
9,4,3,2,6,3,53,19,23,3,0.23916375208333335,3753,49973089
9,4,2,3,4,5,63,9,29,4,0.28188672541666665,3754,49981008
6,4,1,1,2,4,35,37,15,3,0.19792229069444445,3755,49988927
10,5,1,4,4,6,51,21,32,4,0.23502411986111113,3756,49996846
6,5,1,0,5,1,38,34,15,3,0.18147591847222222,3757,50004765
7,2,2,3,4,3,43,29,12,2,0.2439789459722222,3758,50012684
4,2,1,1,3,1,32,40,9,3,0.11270232569444444,3759,50020603
1,0,1,0,0,1,8,64,0,1,0.04000222791666667,3760,50028522
4,0,1,3,1,3,35,37,3,2,0.12404349111111111,3761,50036441
7,1,4,2,2,5,47,25,17,3,0.23598092499999998,3762,50044360
7,4,0,3,2,5,58,14,27,3,0.20908229166666667,3763,50052279
4,3,1,0,1,3,43,29,5,2,0.2427575061111111,3764,50060198
6,4,1,1,3,3,48,24,8,2,0.2846932798611111,3765,50068117
8,0,2,6,4,4,41,31,24,2,0.23313055097222224,3766,50076036
6,1,4,1,1,5,33,39,14,2,0.13789380916666666,3767,50083955
10,6,3,1,4,6,61,11,39,4,0.22063558569444444,3768,50091874
8,5,2,1,4,4,65,7,32,3,0.2853256254166667,3769,50099793
6,3,2,1,2,4,39,33,19,3,0.20298029361111108,3770,50107712
5,3,1,1,1,4,38,34,6,2,0.19518974375,3771,50115631
8,4,1,3,3,5,43,29,21,3,0.11464350402777779,3772,50123550
1,0,1,0,0,1,9,63,0,1,0.03679961041666666,3773,50131469
8,4,3,1,1,7,49,23,22,3,0.3853738059722222,3774,50139388
2,1,1,0,1,1,19,53,2,2,0.06975407444444444,3775,50147307
8,4,2,2,4,4,41,31,17,4,0.18674317694444445,3776,50155226
4,2,2,0,0,4,30,42,1,2,0.15659721000000001,3777,50163145
8,1,5,2,4,4,40,32,10,3,0.1646575513888889,3778,50171064
6,2,2,2,2,4,33,39,16,3,0.16455870152777777,3779,50178983
10,5,4,1,4,6,48,24,25,5,0.14663987638888887,3780,50186902
8,2,3,3,3,5,51,21,13,2,0.22123759513888888,3781,50194821
4,4,0,0,0,4,43,29,12,2,0.23623933888888887,3782,50202740
4,3,0,1,1,3,43,29,0,1,0.14450503833333334,3783,50210659
6,3,3,0,0,6,36,36,20,3,0.22175052944444446,3784,50218578
5,2,1,2,1,4,23,49,5,3,0.12418663208333333,3785,50226497
5,1,2,2,1,4,38,34,11,2,0.14039389708333333,3786,50234416
5,1,2,2,2,3,45,27,0,1,0.24036330069444445,3787,50242335
5,2,3,0,1,4,48,24,6,2,0.24848762805555552,3788,50250254
9,5,3,1,6,3,54,18,29,5,0.24496705638888885,3789,50258173
8,5,1,2,3,5,56,16,19,2,0.1853856673611111,3790,50266092
5,3,0,2,2,3,31,41,6,3,0.21982697152777778,3791,50274011
10,4,2,4,5,5,44,28,26,5,0.13509724902777778,3792,50281930
9,5,1,3,4,5,58,14,32,3,0.24349618138888887,3793,50289849
4,3,0,1,2,2,31,41,4,2,0.1740878115277778,3794,50297768
5,3,2,0,1,4,40,32,24,3,0.14328222902777776,3795,50305687
6,3,2,1,1,5,37,35,10,3,0.18187529624999998,3796,50313606
7,5,1,1,0,7,47,25,24,2,0.3062418838888889,3797,50321525
3,1,2,0,0,3,23,49,5,2,0.1482564125,3798,50329444
8,6,1,1,2,6,49,23,21,4,0.2736523268055555,3799,50337363
8,3,3,2,2,6,41,31,21,3,0.21931530763888887,3800,50345282
7,5,1,1,3,4,59,13,12,3,0.2857846766666667,3801,50353201
6,3,1,2,2,4,34,38,18,2,0.16124974444444443,3802,50361120
6,3,1,2,2,4,36,36,15,2,0.19376901777777775,3803,50369039
4,1,1,2,1,3,26,46,7,2,0.09033699166666667,3804,50376958
7,2,4,1,1,6,45,27,6,3,0.18868448430555557,3805,50384877
4,2,1,1,3,1,33,39,0,1,0.1431316276388889,3806,50392796
3,1,1,1,2,1,13,59,11,3,0.08681564777777777,3807,50400715
5,4,0,1,3,2,34,38,22,2,0.15613413236111112,3808,50408634
10,4,3,3,2,8,48,24,21,3,0.2685460859722222,3809,50416553
10,5,1,4,5,5,56,16,33,3,0.18979019791666665,3810,50424472
10,5,4,1,3,7,52,20,32,4,0.17975679319444446,3811,50432391
6,2,2,2,1,5,35,37,6,3,0.22370035694444448,3812,50440310
5,1,1,3,4,1,60,12,4,2,0.22582598888888888,3813,50448229
5,3,0,2,1,4,52,20,7,2,0.32184759333333335,3814,50456148
5,2,1,2,3,2,22,50,11,3,0.08837080236111111,3815,50464067
7,6,0,1,1,6,48,24,22,3,0.28332124569444445,3816,50471986
9,5,2,2,2,7,64,8,25,3,0.31776917541666666,3817,50479905
6,5,0,1,2,4,48,24,12,3,0.16153611625,3818,50487824
5,1,1,3,1,4,33,39,12,2,0.12304546055555557,3819,50495743
4,2,1,1,0,4,36,36,5,2,0.12271933194444445,3820,50503662
4,1,1,2,2,2,35,37,3,2,0.10034876250000001,3821,50511581
7,4,1,2,2,5,37,35,12,3,0.16709818847222221,3822,50519500
4,2,1,1,2,2,45,27,0,1,0.16626026458333334,3823,50527419
8,3,1,4,0,8,44,28,12,3,0.25951325263888886,3824,50535338
9,4,3,2,3,6,43,29,24,3,0.2318498194444444,3825,50543257
8,3,2,3,3,5,43,29,15,3,0.21087772472222222,3826,50551176
5,2,2,1,2,3,44,28,11,2,0.2226412576388889,3827,50559095
7,4,2,1,2,5,40,32,14,5,0.2709070880555556,3828,50567014
3,1,2,0,0,3,24,48,7,2,0.11552038999999999,3829,50574933
5,3,1,1,1,4,40,32,13,3,0.20663476777777778,3830,50582852
3,2,1,0,2,1,22,50,2,2,0.1013346675,3831,50590771
7,3,2,2,4,3,46,26,24,3,0.1778134425,3832,50598690
4,1,2,1,0,4,35,37,4,2,0.17906739583333334,3833,50606609
11,4,3,4,4,7,51,21,31,3,0.11923004805555555,3834,50614528
6,1,3,2,1,5,36,36,19,3,0.25945196875,3835,50622447
5,4,0,1,3,2,58,14,23,2,0.28675378791666667,3836,50630366
3,3,0,0,1,2,22,50,0,1,0.09590441791666666,3837,50638285
1,1,0,0,0,1,5,67,0,1,0.039783515,3838,50646204
8,4,1,3,3,5,33,39,15,4,0.2283531518055556,3839,50654123
8,4,2,2,4,4,60,12,28,3,0.3632450740277777,3840,50662042
9,4,1,4,6,3,49,23,19,3,0.2870032198611111,3841,50669961
7,4,2,1,2,5,49,23,39,4,0.2912835541666667,3842,50677880
2,2,0,0,0,2,18,54,0,1,0.06674720208333335,3843,50685799
7,5,0,2,6,1,47,25,25,4,0.20788547791666667,3844,50693718
8,2,3,3,3,5,53,19,19,2,0.21798219375,3845,50701637
5,3,2,0,2,3,59,13,20,2,0.2830867561111111,3846,50709556
4,3,0,1,1,3,40,32,11,2,0.15675090041666667,3847,50717475
5,4,1,0,2,3,45,27,13,2,0.13235666055555553,3848,50725394
8,2,6,0,1,7,47,25,23,4,0.28720468027777774,3849,50733313
4,3,0,1,4,0,31,41,6,2,0.17488107222222224,3850,50741232
5,2,2,1,1,4,37,35,8,2,0.16584837569444444,3851,50749151
4,2,0,2,1,3,34,38,0,1,0.1703704095833333,3852,50757070
4,2,0,2,1,3,35,37,9,2,0.13549803111111108,3853,50764989
11,3,2,6,3,8,63,9,21,5,0.2837764480555556,3854,50772908
5,2,1,2,3,2,24,48,10,3,0.11802637041666666,3855,50780827
3,1,1,1,0,3,26,46,5,2,0.14154395972222222,3856,50788746
4,2,0,2,1,3,39,33,3,2,0.16474243694444446,3857,50796665
5,2,1,2,3,2,22,50,14,3,0.1570691141666667,3858,50804584
4,3,1,0,1,3,39,33,12,2,0.1830694786111111,3859,50812503
6,2,4,0,3,3,46,26,11,2,0.17019103263888888,3860,50820422
8,3,4,1,3,5,46,26,18,4,0.18533771486111114,3861,50828341
4,2,2,0,2,2,34,38,8,2,0.11940793527777777,3862,50836260
8,4,2,2,1,7,57,15,17,2,0.32690778208333326,3863,50844179
2,1,1,0,1,1,17,55,0,1,0.0510805086111111,3864,50852098
6,3,3,0,1,5,49,23,2,2,0.17543241347222222,3865,50860017
10,5,4,1,4,6,65,7,46,4,0.41933722791666667,3866,50867936
8,4,2,2,3,5,55,17,33,3,0.2571230772222222,3867,50875855
9,5,1,3,5,4,45,27,38,4,0.2750912122222222,3868,50883774
6,5,0,1,3,3,49,23,15,3,0.2374185065277778,3869,50891693
10,6,1,3,4,6,56,16,21,3,0.2846689351388889,3870,50899612
3,0,3,0,1,2,12,60,2,2,0.07619200666666666,3871,50907531
5,5,0,0,1,4,41,31,17,2,0.20272723680555554,3872,50915450
8,4,2,2,2,6,50,22,20,3,0.2414317951388889,3873,50923369
6,4,1,1,1,5,42,30,9,2,0.30244563930555557,3874,50931288
7,3,2,2,2,5,46,26,11,3,0.21095480972222225,3875,50939207
7,3,2,2,4,3,60,12,21,2,0.27637076680555556,3876,50947126
8,5,2,1,4,4,43,29,27,4,0.2229078348611111,3877,50955045
4,2,1,1,1,3,37,35,4,2,0.1939991447222222,3878,50962964
6,3,2,1,2,4,40,32,15,2,0.25810546888888886,3879,50970883
4,4,0,0,1,3,35,37,20,3,0.26411294416666664,3880,50978802
4,2,0,2,0,4,52,20,2,2,0.19481897236111112,3881,50986721
5,4,0,1,1,4,41,31,7,2,0.1804558188888889,3882,50994640
3,3,0,0,0,3,40,32,0,1,0.2334780775,3883,51002559
7,5,2,0,3,4,43,29,7,2,0.22627133944444447,3884,51010478
10,6,1,3,2,8,63,9,46,3,0.3703569116666666,3885,51018397
7,4,3,0,1,6,46,26,13,4,0.29406611486111106,3886,51026316
11,4,5,2,6,5,62,10,42,3,0.31703960166666667,3887,51034235
7,5,1,1,4,3,50,22,26,2,0.2375067852777778,3888,51042154
4,1,2,1,2,2,33,39,3,2,0.13077326319444443,3889,51050073
9,6,1,2,3,6,49,23,40,3,0.25132689416666665,3890,51057992
4,3,0,1,3,1,31,41,0,1,0.1542816709722222,3891,51065911
8,5,2,1,6,2,58,14,10,3,0.3052316247222222,3892,51073830
6,3,2,1,4,2,36,36,11,4,0.18210444611111112,3893,51081749
6,3,3,0,1,5,58,14,20,2,0.3570589773611111,3894,51089668
7,3,2,2,6,1,40,32,17,3,0.25943807680555553,3895,51097587
6,5,1,0,3,3,51,21,16,2,0.22901056388888888,3896,51105506
6,4,2,0,3,3,35,37,6,3,0.2162409659722222,3897,51113425
13,8,5,0,2,11,48,24,36,5,0.42777461652777776,3898,51121344
2,1,1,0,0,2,13,59,9,2,0.10661171,3899,51129263
7,1,5,1,3,4,48,24,26,3,0.2096222751388889,3900,51137182
1,0,1,0,0,1,2,70,0,1,0.018529972500000002,3901,51145101
4,2,0,2,2,2,39,33,11,2,0.21314336402777778,3902,51153020
5,2,1,2,2,3,37,35,11,3,0.18832511097222224,3903,51160939
8,4,2,2,2,6,53,19,29,3,0.21580089319444445,3904,51168858
6,3,2,1,0,6,43,29,4,2,0.2104539204166667,3905,51176777
7,3,4,0,2,5,56,16,19,2,0.35105272388888886,3906,51184696
6,3,0,3,3,3,41,31,11,2,0.1909165048611111,3907,51192615
7,5,2,0,4,3,51,21,17,3,0.2385152990277778,3908,51200534
10,4,2,4,4,6,66,6,38,5,0.21764913458333332,3909,51208453
9,1,4,4,5,4,53,19,21,4,0.18994918597222224,3910,51216372
8,3,3,2,2,6,48,24,18,3,0.24369310111111112,3911,51224291
6,5,0,1,2,4,37,35,20,4,0.1592905751388889,3912,51232210
4,0,2,2,1,3,22,50,6,3,0.10610988194444444,3913,51240129
1,0,1,0,0,1,11,61,0,1,0.0205552575,3914,51248048
7,2,3,2,3,4,32,40,18,3,0.15204169625000002,3915,51255967
8,4,3,1,3,5,66,6,26,2,0.35414663194444446,3916,51263886
9,3,3,3,4,5,44,28,28,4,0.34519592194444443,3917,51271805
6,4,1,1,2,4,56,16,18,3,0.2688944397222222,3918,51279724
2,1,1,0,1,1,22,50,0,1,0.08506286111111111,3919,51287643
5,4,1,0,1,4,39,33,11,2,0.2564465629166667,3920,51295562
7,4,3,0,4,3,51,21,17,3,0.23640998194444446,3921,51303481
6,4,0,2,1,5,47,25,13,3,0.2530348386111111,3922,51311400
2,1,1,0,1,1,17,55,0,1,0.020994594583333335,3923,51319319
5,1,2,2,2,3,40,32,9,3,0.19801549652777775,3924,51327238
4,1,0,3,2,2,37,35,6,2,0.13131418124999997,3925,51335157
5,3,2,0,1,4,40,32,13,3,0.20133728541666665,3926,51343076
6,2,2,2,1,5,41,31,5,2,0.18366321402777777,3927,51350995
10,2,5,3,3,7,58,14,15,3,0.25361061069444446,3928,51358914
5,4,0,1,2,3,32,40,10,3,0.1568703691666667,3929,51366833
6,3,3,0,1,5,44,28,20,2,0.2375034788888889,3930,51374752
5,3,1,1,1,4,44,28,13,2,0.26320635763888883,3931,51382671
9,5,2,2,3,6,51,21,18,3,0.31968216069444444,3932,51390590
5,2,1,2,1,4,23,49,15,5,0.16255714347222222,3933,51398509
8,5,2,1,3,5,45,27,22,3,0.30892492430555557,3934,51406428
5,2,2,1,1,4,40,32,2,2,0.1829148936111111,3935,51414347
4,2,2,0,1,3,40,32,4,2,0.1417071858333333,3936,51422266
3,1,2,0,1,2,25,47,0,1,0.11951004277777777,3937,51430185
8,5,1,2,3,5,53,19,30,3,0.2445270966666667,3938,51438104
4,4,0,0,1,3,34,38,6,2,0.13350181958333332,3939,51446023
6,2,1,3,3,3,28,44,22,4,0.11644033111111113,3940,51453942
5,1,1,3,2,3,26,46,17,3,0.08255698347222223,3941,51461861
7,5,2,0,3,4,52,20,6,2,0.20694617708333332,3942,51469780
6,5,1,0,2,4,45,27,21,3,0.2670723306944444,3943,51477699
7,3,2,2,3,4,36,36,12,2,0.22352305777777776,3944,51485618
7,4,3,0,2,5,48,24,23,3,0.2686348709722222,3945,51493537
6,3,2,1,0,6,48,24,15,3,0.24062314041666666,3946,51501456
6,4,2,0,2,4,49,23,14,2,0.26262013458333333,3947,51509375
3,2,1,0,1,2,22,50,0,1,0.07979677722222221,3948,51517294
6,3,1,2,0,6,29,43,8,3,0.21671793944444442,3949,51525213
6,5,0,1,2,4,42,30,16,2,0.17148142069444444,3950,51533132
7,3,1,3,3,4,56,16,22,3,0.19529801708333333,3951,51541051
7,6,0,1,4,3,44,28,29,3,0.38181125083333334,3952,51548970
6,3,0,3,2,4,46,26,10,3,0.13462155041666668,3953,51556889
3,2,0,1,3,0,20,52,6,2,0.129152665,3954,51564808
11,8,1,2,5,6,61,11,19,4,0.2999818970833333,3955,51572727
11,6,4,1,5,6,57,15,38,5,0.3134511925,3956,51580646
6,2,4,0,2,4,27,45,10,2,0.15700433361111113,3957,51588565
6,1,2,3,2,4,36,36,8,2,0.16539896777777777,3958,51596484
7,2,4,1,2,5,52,20,13,3,0.26285470666666666,3959,51604403
5,2,1,2,1,4,29,43,12,3,0.1282240225,3960,51612322
4,2,2,0,1,3,30,42,7,2,0.11209089194444445,3961,51620241
7,4,1,2,4,3,39,33,24,3,0.21826591819444446,3962,51628160
4,3,0,1,2,2,46,26,0,1,0.19110177375,3963,51636079
8,4,2,2,5,3,46,26,27,3,0.23854680597222216,3964,51643998
3,1,1,1,2,1,37,35,0,1,0.14463645291666666,3965,51651917
0,0,0,0,0,0,0,72,0,0,0.0,3966,51659836
4,2,2,0,1,3,49,23,6,2,0.18692843305555554,3967,51667755
6,3,2,1,4,2,43,29,15,3,0.1519126848611111,3968,51675674
7,5,0,2,2,5,59,13,19,3,0.23372782361111114,3969,51683593
7,4,2,1,3,4,49,23,18,2,0.15121454777777776,3970,51691512
8,5,3,0,2,6,54,18,23,2,0.20362497944444444,3971,51699431
8,4,4,0,2,6,45,27,31,3,0.28518991250000003,3972,51707350
10,7,3,0,4,6,62,10,36,3,0.17984837819444446,3973,51715269
7,5,2,0,0,7,52,20,12,3,0.29089511500000004,3974,51723188
4,3,0,1,2,2,38,34,7,2,0.13633873555555553,3975,51731107
9,3,4,2,2,7,36,36,29,5,0.16582303111111113,3976,51739026
6,3,2,1,0,6,25,47,6,2,0.16471086875,3977,51746945
9,5,4,0,2,7,49,23,34,4,0.28796299111111107,3978,51754864
11,5,2,4,3,8,59,13,32,4,0.3222696163888889,3979,51762783
8,8,0,0,3,5,48,24,30,4,0.14178124569444445,3980,51770702
0,0,0,0,0,0,0,72,0,0,0.0,3981,51778621
4,4,0,0,1,3,27,45,9,2,0.1534456861111111,3982,51786540
4,2,1,1,1,3,35,37,12,2,0.1310155375,3983,51794459
9,3,4,2,4,5,58,14,26,3,0.33855332958333334,3984,51802378
8,5,1,2,3,5,67,5,27,3,0.3900159663888889,3985,51810297
8,4,2,2,2,6,60,12,32,3,0.32234890833333335,3986,51818216
4,2,0,2,2,2,33,39,6,2,0.15515898597222222,3987,51826135
4,1,1,2,2,2,34,38,5,2,0.16471286513888886,3988,51834054
6,1,3,2,3,3,37,35,16,2,0.12153713250000002,3989,51841973
7,2,4,1,4,3,35,37,14,3,0.14849959680555555,3990,51849892
8,5,3,0,2,6,54,18,24,2,0.28967730472222225,3991,51857811
6,3,2,1,1,5,50,22,0,1,0.24499522375000005,3992,51865730
7,4,3,0,2,5,42,30,20,3,0.14919194916666667,3993,51873649
11,6,3,2,5,6,63,9,38,4,0.3130177966666667,3994,51881568
6,2,3,1,4,2,44,28,8,2,0.24179222416666665,3995,51889487
6,4,2,0,1,5,44,28,23,3,0.202518,3996,51897406
1,1,0,0,0,1,18,54,0,1,0.08981356041666667,3997,51905325
7,4,0,3,4,3,45,27,32,4,0.2553914058333333,3998,51913244
5,1,3,1,1,4,34,38,13,2,0.20231257472222222,3999,51921163
5,1,3,1,3,2,47,25,4,2,0.1396362777777778,4000,51929082
8,5,2,1,2,6,60,12,18,3,0.2833074341666666,4001,51937001
6,4,0,2,1,5,43,29,12,3,0.26524815,4002,51944920
11,4,3,4,4,7,48,24,30,4,0.25362712125,4003,51952839
4,1,2,1,0,4,33,39,12,2,0.1841678948611111,4004,51960758
6,2,1,3,2,4,40,32,19,2,0.1920394390277778,4005,51968677
2,0,0,2,2,0,11,61,0,1,0.06754709541666666,4006,51976596
5,3,0,2,3,2,55,17,15,2,0.24289405763888888,4007,51984515
8,3,3,2,4,4,46,26,33,3,0.37449619791666666,4008,51992434
7,4,3,0,4,3,53,19,18,2,0.27406034486111114,4009,52000353
5,1,1,3,0,5,28,44,9,2,0.1374735998611111,4010,52008272
4,1,2,1,1,3,24,48,9,2,0.13088320152777777,4011,52016191
4,2,1,1,3,1,28,44,5,2,0.15599335125,4012,52024110
7,3,2,2,3,4,46,26,12,3,0.25267788888888887,4013,52032029
6,3,0,3,2,4,39,33,12,2,0.1842199195833333,4014,52039948
2,1,0,1,1,1,20,52,0,1,0.07817050013888888,4015,52047867
5,1,2,2,1,4,34,38,0,1,0.13045499152777779,4016,52055786
4,1,3,0,2,2,32,40,7,2,0.10924437444444444,4017,52063705
8,6,2,0,5,3,61,11,9,2,0.21923525416666667,4018,52071624
10,5,3,2,5,5,60,12,24,3,0.2713516209722222,4019,52079543
5,3,2,0,0,5,32,40,0,1,0.16669504333333332,4020,52087462
11,5,4,2,3,8,64,8,35,3,0.34192248291666666,4021,52095381
6,1,1,4,2,4,23,49,14,4,0.10658676152777777,4022,52103300
5,2,2,1,1,4,32,40,9,3,0.17463455083333335,4023,52111219
3,1,2,0,1,2,32,40,7,2,0.14150888291666666,4024,52119138
6,3,3,0,2,4,40,32,12,3,0.19691773805555554,4025,52127057
8,2,5,1,2,6,36,36,20,4,0.30732670680555557,4026,52134976
4,1,3,0,1,3,25,47,3,2,0.1306363423611111,4027,52142895
2,1,1,0,0,2,23,49,2,2,0.10343011791666666,4028,52150814
3,2,0,1,1,2,38,34,0,1,0.1119097901388889,4029,52158733
8,5,3,0,1,7,64,8,30,2,0.31605326874999995,4030,52166652
7,4,1,2,2,5,38,34,20,2,0.14388624138888892,4031,52174571
4,2,2,0,2,2,29,43,9,2,0.15179395527777778,4032,52182490
2,0,0,2,2,0,21,51,0,1,0.08816693625000001,4033,52190409
6,3,3,0,1,5,46,26,17,4,0.2856165461111111,4034,52198328
3,0,2,1,1,2,19,53,0,1,0.07063961749999999,4035,52206247
7,4,2,1,1,6,54,18,21,4,0.35216310402777773,4036,52214166
8,3,2,3,3,5,48,24,24,4,0.23844502819444444,4037,52222085
7,3,2,2,4,3,47,25,18,3,0.1642422351388889,4038,52230004
8,3,4,1,4,4,39,33,19,2,0.20062252777777778,4039,52237923
4,2,2,0,1,3,22,50,9,3,0.11329177944444445,4040,52245842
9,3,3,3,4,5,46,26,36,3,0.16215958333333333,4041,52253761
4,2,0,2,3,1,17,55,14,4,0.1166303015277778,4042,52261680
9,6,2,1,3,6,52,20,34,3,0.3227078581944445,4043,52269599
5,4,1,0,1,4,38,34,16,2,0.2183415197222222,4044,52277518
4,4,0,0,2,2,34,38,8,2,0.22439142430555561,4045,52285437
3,0,1,2,1,2,22,50,0,1,0.11908236708333335,4046,52293356
9,4,5,0,3,6,58,14,28,4,0.3053864986111111,4047,52301275
3,2,1,0,1,2,24,48,0,1,0.13150912013888888,4048,52309194
5,1,3,1,2,3,35,37,13,2,0.14688439319444446,4049,52317113
10,4,3,3,3,7,34,38,26,4,0.2189483891666667,4050,52325032
1,1,0,0,0,1,15,57,0,1,0.06874528333333334,4051,52332951
8,5,2,1,5,3,43,29,15,3,0.14378426236111108,4052,52340870
6,3,3,0,1,5,43,29,11,2,0.17149587430555555,4053,52348789
3,0,0,3,1,2,23,49,0,1,0.11949306430555556,4054,52356708
6,3,1,2,1,5,40,32,7,2,0.16501488569444445,4055,52364627
6,4,1,1,4,2,46,26,18,3,0.210991635,4056,52372546
5,1,3,1,2,3,45,27,16,2,0.26101692555555556,4057,52380465
3,1,0,2,1,2,13,59,2,2,0.08687939958333334,4058,52388384
5,1,3,1,1,4,44,28,15,3,0.2526278951388889,4059,52396303
8,7,0,1,4,4,70,2,35,3,0.30709658805555556,4060,52404222
5,3,2,0,1,4,47,25,8,2,0.19604150208333335,4061,52412141
4,2,0,2,1,3,31,41,6,2,0.11825233180555556,4062,52420060
5,1,1,3,0,5,34,38,8,2,0.18291879361111107,4063,52427979
8,6,2,0,6,2,60,12,44,2,0.2946363083333333,4064,52435898
8,4,1,3,3,5,58,14,21,3,0.2739593723611111,4065,52443817
9,2,4,3,4,5,58,14,24,4,0.27581426305555556,4066,52451736
4,3,0,1,2,2,25,47,0,1,0.12850349986111112,4067,52459655
4,4,0,0,1,3,35,37,14,3,0.14794160597222222,4068,52467574
7,2,5,0,1,6,33,39,25,4,0.2863232191666667,4069,52475493
6,3,2,1,3,3,46,26,11,3,0.17892946819444447,4070,52483412
6,3,1,2,3,3,38,34,21,2,0.14610775916666668,4071,52491331
2,1,1,0,0,2,33,39,0,1,0.09138345611111112,4072,52499250
5,2,1,2,2,3,37,35,5,2,0.1528285151388889,4073,52507169
6,4,1,1,3,3,47,25,25,2,0.26883865375,4074,52515088
5,2,3,0,2,3,32,40,8,3,0.15378353791666668,4075,52523007
7,3,3,1,1,6,53,19,12,2,0.18438047972222224,4076,52530926
4,2,1,1,2,2,28,44,4,2,0.0991183025,4077,52538845
4,2,2,0,0,4,28,44,0,1,0.10390265305555556,4078,52546764
5,4,1,0,0,5,39,33,10,2,0.19162525777777778,4079,52554683
5,2,2,1,0,5,40,32,7,2,0.2004307475,4080,52562602
2,1,0,1,1,1,23,49,0,1,0.09448127166666667,4081,52570521
6,4,2,0,1,5,58,14,21,2,0.2648360602777778,4082,52578440
5,3,1,1,2,3,44,28,4,2,0.1627814340277778,4083,52586359
3,1,1,1,1,2,19,53,5,2,0.040754117916666666,4084,52594278
11,2,6,3,2,9,59,13,28,5,0.3135163313888889,4085,52602197
5,4,1,0,2,3,35,37,18,3,0.2532490666666667,4086,52610116
6,3,1,2,3,3,38,34,17,2,0.13628528194444445,4087,52618035
5,4,1,0,3,2,33,39,12,2,0.18988045583333335,4088,52625954
5,4,1,0,1,4,29,43,13,2,0.14924592972222223,4089,52633873
6,2,2,2,2,4,48,24,3,2,0.2604754834722222,4090,52641792
9,6,2,1,3,6,49,23,31,4,0.26949494263888885,4091,52649711
4,2,2,0,1,3,35,37,7,2,0.13466217680555556,4092,52657630
3,1,0,2,2,1,23,49,4,2,0.09783870597222223,4093,52665549
8,3,2,3,3,5,46,26,17,4,0.21329584083333333,4094,52673468
3,0,2,1,2,1,27,45,0,1,0.09157096791666668,4095,52681387
4,4,0,0,1,3,34,38,4,2,0.14899745,4096,52689306
4,2,1,1,2,2,38,34,8,2,0.1694959759722222,4097,52697225
4,3,1,0,1,3,28,44,3,2,0.12032671041666666,4098,52705144
5,3,2,0,3,2,49,23,15,3,0.22963689819444444,4099,52713063
7,4,1,2,3,4,53,19,28,4,0.36347507611111113,4100,52720982
5,3,2,0,1,4,38,34,25,2,0.19827665111111112,4101,52728901
4,1,2,1,1,3,45,27,0,1,0.2292201788888889,4102,52736820
9,3,4,2,5,4,56,16,18,3,0.20616076819444443,4103,52744739
8,5,3,0,1,7,49,23,20,4,0.2394039975,4104,52752658
1,0,1,0,1,0,8,64,0,1,0.02727525722222222,4105,52760577
4,1,2,1,1,3,21,51,9,3,0.05834350513888889,4106,52768496
11,7,2,2,4,7,55,17,33,3,0.2269807163888889,4107,52776415
6,2,2,2,1,5,54,18,20,2,0.3214655836111111,4108,52784334
10,6,3,1,3,7,55,17,32,4,0.32765325819444446,4109,52792253
5,4,1,0,0,5,38,34,15,3,0.2960468636111111,4110,52800172
7,4,2,1,4,3,41,31,23,3,0.16656144444444443,4111,52808091
5,3,2,0,1,4,23,49,1,2,0.10187534930555556,4112,52816010
7,2,4,1,2,5,45,27,16,3,0.23805415458333337,4113,52823929
4,2,0,2,1,3,37,35,7,2,0.12724011833333332,4114,52831848
7,4,2,1,1,6,60,12,23,3,0.4119653086111111,4115,52839767
3,2,0,1,3,0,21,51,9,2,0.1365153751388889,4116,52847686
7,3,2,2,3,4,43,29,12,3,0.15113430361111113,4117,52855605
8,3,4,1,2,6,61,11,13,2,0.30278169680555556,4118,52863524
4,1,0,3,1,3,32,40,7,2,0.19610027486111112,4119,52871443
6,3,2,1,1,5,52,20,12,2,0.23237527916666664,4120,52879362
11,4,3,4,2,9,51,21,38,4,0.39551204,4121,52887281
8,3,3,2,2,6,49,23,29,3,0.2674868601388889,4122,52895200
3,1,2,0,0,3,21,51,5,2,0.13778814749999999,4123,52903119
6,3,2,1,0,6,40,32,8,2,0.21648382458333332,4124,52911038
5,4,0,1,3,2,33,39,10,3,0.21877427291666668,4125,52918957
6,3,0,3,2,4,42,30,22,2,0.23778554611111108,4126,52926876
9,4,3,2,2,7,46,26,15,4,0.29773167291666663,4127,52934795
7,5,2,0,1,6,69,3,4,2,0.4175256213888889,4128,52942714
3,2,1,0,2,1,21,51,6,2,0.08824154083333334,4129,52950633
8,2,3,3,4,4,45,27,14,3,0.28735924208333335,4130,52958552
10,5,4,1,1,9,64,8,43,3,0.34871264583333333,4131,52966471
11,1,8,2,4,7,43,29,28,5,0.26923370458333334,4132,52974390
4,3,0,1,2,2,30,42,0,1,0.11817157902777778,4133,52982309
3,2,0,1,2,1,24,48,0,1,0.08032536041666666,4134,52990228
4,1,2,1,3,1,21,51,10,3,0.04626670263888889,4135,52998147
5,2,2,1,1,4,22,50,14,4,0.12348997388888888,4136,53006066
8,6,2,0,2,6,65,7,29,3,0.34180347930555555,4137,53013985
5,2,1,2,2,3,39,33,4,2,0.21664722749999998,4138,53021904
2,2,0,0,1,1,30,42,0,1,0.09846370347222223,4139,53029823
7,1,2,4,1,6,48,24,6,2,0.23627238152777774,4140,53037742
2,1,0,1,1,1,12,60,7,2,0.02809406402777778,4141,53045661
10,4,3,3,5,5,53,19,46,4,0.30932107555555555,4142,53053580
6,3,2,1,3,3,40,32,17,4,0.19482037347222222,4143,53061499
5,4,0,1,0,5,41,31,21,2,0.2767650498611111,4144,53069418
7,4,3,0,2,5,33,39,23,4,0.22566920125,4145,53077337
7,6,1,0,5,2,63,9,32,3,0.3120834613888889,4146,53085256
2,0,0,2,0,2,13,59,0,1,0.07660454611111112,4147,53093175
4,3,0,1,1,3,24,48,14,3,0.10725082680555556,4148,53101094
7,5,1,1,4,3,41,31,18,4,0.1964348551388889,4149,53109013
1,1,0,0,1,0,8,64,0,1,0.05125844458333333,4150,53116932
7,1,3,3,3,4,47,25,23,4,0.23177387416666667,4151,53124851
6,0,3,3,2,4,38,34,18,2,0.15025755819444445,4152,53132770
7,4,0,3,2,5,42,30,16,3,0.25478892527777774,4153,53140689
5,2,3,0,3,2,41,31,11,2,0.22461232666666664,4154,53148608
11,7,3,1,6,5,66,6,41,4,0.2769463888888889,4155,53156527
8,3,2,3,1,7,53,19,27,3,0.2344733845833333,4156,53164446
6,1,4,1,3,3,38,34,5,2,0.17413542236111113,4157,53172365
7,6,1,0,1,6,46,26,22,3,0.2863564659722222,4158,53180284
6,4,1,1,3,3,45,27,2,2,0.1737732748611111,4159,53188203
2,1,0,1,1,1,25,47,2,2,0.12345970625,4160,53196122
5,4,0,1,3,2,29,43,20,3,0.21948932694444442,4161,53204041
6,4,1,1,4,2,29,43,13,4,0.11765626972222222,4162,53211960
8,3,4,1,2,6,57,15,34,2,0.2688462208333333,4163,53219879
5,1,3,1,3,2,26,46,10,3,0.11005762708333335,4164,53227798
7,4,2,1,3,4,51,21,29,3,0.1309931998611111,4165,53235717
9,5,2,2,2,7,70,2,31,3,0.4144399423611111,4166,53243636
5,4,0,1,2,3,56,16,8,2,0.22126230083333334,4167,53251555
3,0,3,0,1,2,33,39,0,1,0.10199109291666668,4168,53259474
5,2,2,1,3,2,39,33,5,2,0.15003365319444445,4169,53267393
9,6,2,1,3,6,64,8,25,3,0.30805706569444447,4170,53275312
6,5,1,0,2,4,48,24,26,3,0.19418105680555556,4171,53283231
7,3,3,1,5,2,43,29,24,3,0.16099433500000002,4172,53291150
5,1,3,1,3,2,27,45,7,2,0.1265850711111111,4173,53299069
3,1,2,0,1,2,27,45,12,2,0.07484558513888889,4174,53306988
8,4,2,2,4,4,43,29,31,4,0.21719158527777782,4175,53314907
5,3,2,0,1,4,37,35,4,2,0.16514580847222224,4176,53322826
3,2,0,1,0,3,21,51,1,2,0.09800744611111112,4177,53330745
5,3,1,1,1,4,47,25,1,2,0.19134226,4178,53338664
4,1,1,2,2,2,30,42,7,2,0.15776999791666665,4179,53346583
3,2,1,0,0,3,32,40,0,1,0.15318431791666665,4180,53354502
12,7,1,4,5,7,66,6,30,5,0.36847356319444446,4181,53362421
4,2,1,1,2,2,26,46,14,3,0.09069300250000001,4182,53370340
5,4,1,0,1,4,35,37,18,3,0.1765402013888889,4183,53378259
7,3,3,1,2,5,52,20,9,2,0.2646831427777778,4184,53386178
7,3,3,1,2,5,41,31,17,3,0.25278790347222224,4185,53394097
5,1,4,0,0,5,47,25,8,2,0.25704159541666666,4186,53402016
9,3,2,4,3,6,52,20,30,4,0.35385760527777776,4187,53409935
1,0,1,0,1,0,7,65,0,1,0.03388591055555555,4188,53417854
8,2,4,2,3,5,42,30,21,3,0.17905439499999998,4189,53425773
4,3,0,1,2,2,15,57,11,4,0.17122474444444444,4190,53433692
9,2,3,4,5,4,50,22,24,2,0.1847147926388889,4191,53441611
4,4,0,0,1,3,24,48,13,2,0.11291221458333335,4192,53449530
11,6,3,2,2,9,51,21,35,4,0.4678284623611112,4193,53457449
4,2,0,2,0,4,31,41,1,2,0.111039465,4194,53465368
7,3,3,1,2,5,46,26,15,3,0.2113594498611111,4195,53473287
4,1,2,1,4,0,38,34,0,1,0.13642969472222222,4196,53481206
6,3,1,2,3,3,52,20,16,3,0.23637151486111108,4197,53489125
6,2,2,2,2,4,43,29,13,3,0.19334957472222222,4198,53497044
7,4,2,1,3,4,45,27,24,3,0.22540354694444442,4199,53504963
5,3,1,1,2,3,47,25,6,2,0.18735881763888887,4200,53512882
12,8,2,2,5,7,65,7,48,5,0.32794258166666673,4201,53520801
5,2,3,0,1,4,46,26,14,2,0.20633591138888888,4202,53528720
9,4,3,2,2,7,49,23,21,4,0.37425291388888887,4203,53536639
7,4,2,1,5,2,48,24,16,4,0.21310275305555557,4204,53544558
6,4,0,2,3,3,50,22,9,3,0.30817755944444447,4205,53552477
4,3,1,0,2,2,30,42,8,3,0.12204707791666664,4206,53560396
7,6,0,1,4,3,37,35,14,3,0.2315050563888889,4207,53568315
11,5,4,2,2,9,59,13,35,3,0.21688915208333331,4208,53576234
7,5,2,0,3,4,45,27,20,4,0.19652563583333332,4209,53584153
8,6,2,0,5,3,51,21,23,3,0.23051253097222224,4210,53592072
5,4,1,0,4,1,48,24,6,2,0.1568165940277778,4211,53599991
5,4,0,1,2,3,51,21,3,2,0.20170971652777778,4212,53607910
6,2,2,2,3,3,31,41,16,2,0.11470316027777777,4213,53615829
4,2,2,0,2,2,50,22,2,2,0.21390437291666664,4214,53623748
9,5,3,1,3,6,39,33,22,5,0.4535566644444445,4215,53631667
11,6,3,2,4,7,60,12,28,3,0.30350364847222217,4216,53639586
9,4,3,2,2,7,53,19,29,4,0.2867657066666667,4217,53647505
7,3,2,2,3,4,34,38,19,3,0.14965773236111113,4218,53655424
4,3,1,0,0,4,37,35,11,2,0.18542445333333335,4219,53663343
5,2,2,1,3,2,26,46,6,2,0.13831948958333332,4220,53671262
6,1,2,3,0,6,30,42,5,3,0.1460238738888889,4221,53679181
10,6,2,2,4,6,53,19,36,3,0.26928511125,4222,53687100
9,7,2,0,1,8,55,17,25,3,0.34930032875000006,4223,53695019
6,5,1,0,3,3,51,21,8,3,0.22990114736111109,4224,53702938
9,5,3,1,4,5,53,19,24,4,0.27924923027777776,4225,53710857
3,2,1,0,0,3,29,43,2,2,0.11764379722222224,4226,53718776
7,3,3,1,0,7,48,24,26,2,0.2959086322222222,4227,53726695
6,3,3,0,3,3,38,34,12,3,0.21868239333333334,4228,53734614
8,4,1,3,4,4,57,15,27,4,0.3239697036111111,4229,53742533
9,5,1,3,2,7,60,12,10,3,0.25358450875,4230,53750452
9,5,3,1,5,4,43,29,20,3,0.30496722625,4231,53758371
3,0,0,3,2,1,25,47,4,2,0.1324469825,4232,53766290
7,3,1,3,1,6,37,35,21,3,0.2377736529166667,4233,53774209
4,2,0,2,3,1,34,38,10,3,0.17964876902777777,4234,53782128
4,2,2,0,0,4,49,23,3,2,0.2124779070833333,4235,53790047
8,7,1,0,4,4,45,27,20,4,0.24135603541666673,4236,53797966
5,4,0,1,2,3,45,27,16,2,0.22648642041666664,4237,53805885
6,1,3,2,2,4,34,38,12,2,0.11339631944444445,4238,53813804
7,3,1,3,2,5,37,35,31,3,0.24241037819444447,4239,53821723
3,1,2,0,1,2,39,33,6,2,0.22234798791666666,4240,53829642
9,5,3,1,5,4,45,27,27,3,0.1994832673611111,4241,53837561
7,4,3,0,3,4,25,47,22,4,0.15020421305555556,4242,53845480
5,2,2,1,3,2,47,25,8,2,0.2094550436111111,4243,53853399
5,3,2,0,0,5,32,40,18,3,0.2521874463888889,4244,53861318
3,2,1,0,2,1,22,50,0,1,0.09155195944444444,4245,53869237
11,8,1,2,4,7,58,14,38,4,0.2856259504166666,4246,53877156
11,7,3,1,4,7,55,17,35,4,0.29059072680555553,4247,53885075
7,3,2,2,2,5,42,30,18,5,0.2300629333333333,4248,53892994
9,4,1,4,5,4,60,12,37,4,0.31735657319444444,4249,53900913
3,2,1,0,2,1,34,38,5,2,0.1225859501388889,4250,53908832
8,4,2,2,1,7,49,23,20,3,0.24943752875,4251,53916751
6,2,2,2,4,2,35,37,9,3,0.13144594708333335,4252,53924670
7,5,2,0,2,5,42,30,17,3,0.21173925277777778,4253,53932589
9,7,0,2,4,5,60,12,36,4,0.2886479248611111,4254,53940508
9,2,2,5,5,4,48,24,33,4,0.21547513541666669,4255,53948427
3,1,1,1,1,2,25,47,1,2,0.15133120694444444,4256,53956346
5,3,1,1,1,4,50,22,12,2,0.22413697166666668,4257,53964265
10,5,3,2,4,6,64,8,48,4,0.33038784250000003,4258,53972184
9,2,5,2,2,7,52,20,16,3,0.34914124,4259,53980103
6,4,2,0,1,5,34,38,19,2,0.13292101972222223,4260,53988022
3,0,0,3,2,1,26,46,0,1,0.09958598874999999,4261,53995941
5,3,2,0,2,3,40,32,18,2,0.21700099791666666,4262,54003860
11,4,4,3,5,6,59,13,35,4,0.18199188430555557,4263,54011779
10,7,1,2,2,8,58,14,28,4,0.26336096805555553,4264,54019698
7,3,3,1,1,6,62,10,19,2,0.21653150666666665,4265,54027617
9,5,3,1,4,5,48,24,33,6,0.32146811,4266,54035536
6,4,1,1,3,3,57,15,15,2,0.24908836472222223,4267,54043455
6,3,2,1,2,4,46,26,23,2,0.23657800097222223,4268,54051374
6,3,2,1,0,6,44,28,16,3,0.2688954419444445,4269,54059293
6,4,1,1,2,4,38,34,21,3,0.14116890444444444,4270,54067212
5,4,0,1,1,4,30,42,14,2,0.17938643305555554,4271,54075131
11,5,3,3,4,7,49,23,40,5,0.22985491555555557,4272,54083050
9,5,3,1,5,4,55,17,28,4,0.21671103902777777,4273,54090969
5,1,2,2,3,2,49,23,5,2,0.24734196986111112,4274,54098888
6,3,2,1,1,5,47,25,7,2,0.20062802041666666,4275,54106807
6,2,2,2,4,2,53,19,2,2,0.20296063527777777,4276,54114726
9,6,1,2,2,7,52,20,27,4,0.2714274422222222,4277,54122645
9,4,3,2,3,6,55,17,18,2,0.3047302695833333,4278,54130564
5,1,1,3,3,2,35,37,9,2,0.18204404777777777,4279,54138483
10,5,2,3,5,5,53,19,40,3,0.29620641444444445,4280,54146402
7,4,2,1,1,6,53,19,16,4,0.2993236194444444,4281,54154321
4,3,1,0,2,2,40,32,5,2,0.17909658750000002,4282,54162240
8,5,2,1,4,4,39,33,29,5,0.15173241930555553,4283,54170159
6,3,1,2,2,4,43,29,16,3,0.21133026861111112,4284,54178078
8,3,3,2,4,4,39,33,27,3,0.1507197227777778,4285,54185997
4,1,2,1,0,4,40,32,7,2,0.19244381236111108,4286,54193916
9,4,3,2,2,7,34,38,25,4,0.2905921180555555,4287,54201835
12,6,4,2,2,10,61,11,41,5,0.41535878402777776,4288,54209754
11,5,4,2,4,7,63,9,24,5,0.4791126626388889,4289,54217673
4,0,3,1,2,2,26,46,5,2,0.13420092486111113,4290,54225592
13,7,4,2,5,8,59,13,45,3,0.3829248001388889,4291,54233511
9,4,2,3,1,8,44,28,20,4,0.30201764277777776,4292,54241430
6,3,1,2,3,3,46,26,9,2,0.1801111026388889,4293,54249349
6,3,2,1,2,4,47,25,13,2,0.21257440277777778,4294,54257268
3,3,0,0,1,2,39,33,4,2,0.1718127102777778,4295,54265187
3,3,0,0,3,0,26,46,0,1,0.0967127998611111,4296,54273106
10,3,5,2,3,7,54,18,28,4,0.2963931268055555,4297,54281025
13,7,5,1,4,9,57,15,45,5,0.42685429333333336,4298,54288944
11,5,1,5,6,5,60,12,48,5,0.27671317125,4299,54296863
5,4,1,0,1,4,32,40,3,2,0.1299331948611111,4300,54304782
8,4,1,3,4,4,54,18,19,3,0.1887132297222222,4301,54312701
2,2,0,0,1,1,19,53,6,2,0.12714154791666668,4302,54320620
3,2,0,1,1,2,19,53,13,3,0.053938801249999994,4303,54328539
6,3,1,2,3,3,30,42,12,3,0.12556911055555556,4304,54336458
9,4,2,3,3,6,51,21,31,3,0.31044300347222226,4305,54344377
6,3,3,0,1,5,38,34,18,3,0.24487785888888888,4306,54352296
7,1,5,1,3,4,51,21,22,3,0.20865466,4307,54360215
6,3,1,2,3,3,40,32,28,3,0.1417672575,4308,54368134
3,2,1,0,1,2,27,45,12,2,0.09094250722222223,4309,54376053
8,2,4,2,4,4,41,31,23,4,0.23525433791666664,4310,54383972
4,4,0,0,1,3,24,48,11,3,0.16338972166666668,4311,54391891
3,2,1,0,0,3,21,51,0,1,0.08539500722222221,4312,54399810
5,2,3,0,2,3,47,25,11,2,0.1863197948611111,4313,54407729
6,3,1,2,1,5,38,34,6,3,0.18727316416666667,4314,54415648
7,3,2,2,1,6,45,27,24,3,0.21201072305555557,4315,54423567
6,2,3,1,2,4,50,22,13,2,0.2651899948611111,4316,54431486
4,3,1,0,2,2,35,37,16,2,0.09433361430555556,4317,54439405
8,6,0,2,2,6,68,4,22,3,0.36127759388888886,4318,54447324
4,2,0,2,1,3,32,40,6,2,0.16229546472222223,4319,54455243
9,4,3,2,3,6,71,1,25,5,0.3804107548611111,4320,54463162
7,4,3,0,2,5,62,10,21,2,0.2469139883333333,4321,54471081
6,2,1,3,0,6,38,34,18,3,0.27517074444444445,4322,54479000
6,2,2,2,2,4,36,36,14,2,0.20254780944444445,4323,54486919
4,3,0,1,3,1,50,22,7,2,0.17259043152777778,4324,54494838
4,3,1,0,1,3,31,41,4,2,0.11881439875000001,4325,54502757
7,1,3,3,2,5,51,21,16,2,0.30071953388888883,4326,54510676
6,3,2,1,4,2,34,38,15,2,0.16090812430555557,4327,54518595
7,2,2,3,3,4,41,31,17,4,0.20760960597222222,4328,54526514
12,6,4,2,3,9,62,10,43,4,0.42097180388888883,4329,54534433
7,4,2,1,2,5,51,21,16,3,0.22019881319444443,4330,54542352
6,1,3,2,3,3,41,31,13,3,0.17070815166666667,4331,54550271
5,1,2,2,1,4,41,31,0,1,0.1739296002777778,4332,54558190
4,2,2,0,0,4,19,53,9,3,0.11734505097222223,4333,54566109
4,1,1,2,3,1,33,39,1,2,0.10883720763888889,4334,54574028
2,1,1,0,0,2,10,62,0,1,0.07388587444444444,4335,54581947
4,1,3,0,1,3,30,42,13,2,0.08303512097222224,4336,54589866
13,8,4,1,3,10,62,10,42,4,0.4317744613888889,4337,54597785
6,4,1,1,3,3,41,31,12,2,0.22243121347222225,4338,54605704
4,1,1,2,1,3,27,45,3,2,0.11295009347222222,4339,54613623
5,1,1,3,1,4,37,35,18,3,0.12164362958333334,4340,54621542
7,4,1,2,3,4,32,40,17,3,0.1873057188888889,4341,54629461
6,3,0,3,3,3,46,26,11,2,0.18420556736111107,4342,54637380
5,3,1,1,0,5,41,31,14,2,0.2348849775,4343,54645299
9,4,4,1,1,8,56,16,22,5,0.44043433791666664,4344,54653218
6,2,4,0,0,6,41,31,13,4,0.2473367622222222,4345,54661137
9,4,0,5,2,7,66,6,29,4,0.3003979890277778,4346,54669056
8,6,2,0,4,4,61,11,27,3,0.30987610833333334,4347,54676975
5,4,1,0,2,3,41,31,1,2,0.20122963597222224,4348,54684894
4,3,0,1,1,3,36,36,10,2,0.11485918347222222,4349,54692813
5,4,0,1,3,2,31,41,8,2,0.18338465583333333,4350,54700732
8,4,2,2,2,6,53,19,23,3,0.26995910083333335,4351,54708651
4,3,0,1,1,3,34,38,7,2,0.1594322759722222,4352,54716570
3,3,0,0,2,1,33,39,0,1,0.09312064097222222,4353,54724489
5,2,3,0,3,2,28,44,18,3,0.15887886027777778,4354,54732408
8,7,1,0,4,4,50,22,35,5,0.19150059972222222,4355,54740327
8,4,3,1,4,4,44,28,27,3,0.13127088430555556,4356,54748246
8,3,2,3,4,4,56,16,22,3,0.19731850374999998,4357,54756165
7,4,3,0,0,7,45,27,28,3,0.27948508791666665,4358,54764084
7,3,3,1,3,4,47,25,15,2,0.19758953777777777,4359,54772003
9,5,2,2,3,6,49,23,17,4,0.3154468731944445,4360,54779922
4,3,0,1,1,3,15,57,9,2,0.09270453569444442,4361,54787841
4,1,2,1,1,3,38,34,10,2,0.21581335916666666,4362,54795760
8,4,1,3,0,8,36,36,17,5,0.28696694958333335,4363,54803679
6,1,2,3,4,2,36,36,11,3,0.2049695159722222,4364,54811598
4,1,1,2,3,1,28,44,6,3,0.15244125180555557,4365,54819517
8,3,2,3,2,6,42,30,17,3,0.17642754500000002,4366,54827436
5,2,2,1,2,3,31,41,14,3,0.10683205708333333,4367,54835355
2,1,0,1,0,2,13,59,0,1,0.05147800375,4368,54843274
6,3,3,0,1,5,33,39,16,3,0.18284059486111112,4369,54851193
4,0,2,2,2,2,29,43,3,2,0.11336156833333333,4370,54859112
7,5,0,2,4,3,60,12,12,3,0.2592042047222222,4371,54867031
7,4,2,1,1,6,23,49,19,4,0.16559877333333334,4372,54874950
7,5,1,1,3,4,52,20,39,3,0.19655514013888886,4373,54882869
4,2,1,1,1,3,24,48,14,3,0.1916903213888889,4374,54890788
7,5,1,1,4,3,49,23,22,2,0.35812010777777775,4375,54898707
6,2,2,2,1,5,39,33,14,2,0.15852085250000003,4376,54906626
7,4,2,1,1,6,40,32,19,3,0.2392767911111111,4377,54914545
7,2,3,2,3,4,41,31,13,2,0.18424122833333334,4378,54922464
2,1,1,0,0,2,14,58,0,1,0.06293838111111111,4379,54930383
8,4,2,2,4,4,50,22,23,2,0.23831588999999997,4380,54938302
8,4,3,1,4,4,39,33,23,3,0.2292205580555556,4381,54946221
7,2,4,1,2,5,27,45,19,3,0.17244960236111112,4382,54954140
6,1,5,0,1,5,42,30,20,3,0.22001626180555556,4383,54962059
6,4,1,1,1,5,37,35,9,2,0.20234379708333336,4384,54969978
5,4,1,0,1,4,52,20,11,3,0.1945631009722222,4385,54977897
8,4,2,2,3,5,56,16,24,4,0.25072213416666667,4386,54985816
5,0,3,2,3,2,29,43,8,2,0.13659460083333333,4387,54993735
3,2,0,1,2,1,25,47,3,2,0.1009137526388889,4388,55001654
5,1,2,2,3,2,40,32,25,2,0.19623199402777777,4389,55009573
9,3,3,3,3,6,56,16,23,3,0.31195821347222225,4390,55017492
7,2,1,4,3,4,52,20,17,4,0.2571094476388889,4391,55025411
7,5,0,2,5,2,43,29,7,3,0.25857535750000005,4392,55033330
8,4,1,3,2,6,46,26,29,3,0.3623340738888889,4393,55041249
7,3,3,1,2,5,50,22,14,2,0.28446072291666663,4394,55049168
6,2,1,3,2,4,35,37,18,2,0.1717498775,4395,55057087
12,6,3,3,4,8,48,24,34,5,0.2708500569444444,4396,55065006
11,5,4,2,3,8,55,17,38,3,0.2734106454166667,4397,55072925
7,4,2,1,1,6,44,28,17,3,0.27087009194444445,4398,55080844
10,5,4,1,7,3,52,20,23,5,0.34341095625,4399,55088763
6,4,1,1,3,3,42,30,10,3,0.2056988225,4400,55096682
5,1,2,2,2,3,41,31,5,2,0.2069808972222222,4401,55104601
4,3,0,1,1,3,31,41,3,2,0.10874468319444446,4402,55112520
3,2,0,1,2,1,35,37,10,2,0.1420404538888889,4403,55120439
3,2,1,0,2,1,21,51,4,2,0.07006195388888889,4404,55128358
6,2,0,4,3,3,27,45,18,3,0.10954984347222224,4405,55136277
8,4,2,2,2,6,43,29,13,5,0.24097226083333328,4406,55144196
3,1,2,0,0,3,26,46,0,1,0.12418535624999999,4407,55152115
5,2,1,2,0,5,38,34,7,2,0.14252622166666667,4408,55160034
5,5,0,0,0,5,49,23,9,2,0.22852349625000004,4409,55167953
6,4,2,0,1,5,51,21,19,2,0.2595170027777778,4410,55175872
7,6,0,1,5,2,54,18,17,2,0.2715608872222222,4411,55183791
9,6,3,0,4,5,48,24,33,3,0.2846895984722222,4412,55191710
3,2,0,1,1,2,35,37,0,1,0.2006064298611111,4413,55199629
6,3,2,1,1,5,38,34,26,3,0.31697299958333336,4414,55207548
4,1,1,2,3,1,37,35,20,3,0.22999377819444444,4415,55215467
4,4,0,0,1,3,37,35,4,2,0.13088376375,4416,55223386
8,3,4,1,1,7,50,22,15,3,0.2525904869444444,4417,55231305
6,3,2,1,0,6,52,20,20,3,0.3146828463888889,4418,55239224
4,0,2,2,2,2,16,56,1,2,0.06196262555555555,4419,55247143
10,6,1,3,5,5,45,27,21,3,0.2641830038888889,4420,55255062
9,8,1,0,3,6,59,13,21,3,0.3182891943055556,4421,55262981
8,3,2,3,3,5,41,31,28,4,0.21804505652777775,4422,55270900
7,0,3,4,2,5,34,38,16,4,0.18788128430555556,4423,55278819
9,3,4,2,5,4,47,25,29,3,0.2867350113888889,4424,55286738
2,1,1,0,1,1,17,55,0,1,0.10773029291666666,4425,55294657
4,2,2,0,1,3,27,45,6,2,0.13768975652777776,4426,55302576
8,3,3,2,5,3,60,12,19,3,0.23303102236111112,4427,55310495
9,5,2,2,3,6,56,16,22,3,0.27649487958333335,4428,55318414
8,4,2,2,4,4,51,21,24,2,0.2641839576388889,4429,55326333
7,4,1,2,3,4,46,26,14,3,0.1767315058333333,4430,55334252
6,4,1,1,3,3,49,23,9,2,0.25365861125,4431,55342171
4,2,2,0,1,3,24,48,6,2,0.13309641305555553,4432,55350090
12,7,5,0,4,8,67,5,56,4,0.4776280091666667,4433,55358009
8,4,3,1,2,6,46,26,28,3,0.24101652055555553,4434,55365928
4,4,0,0,1,3,47,25,15,3,0.18021273319444445,4435,55373847
2,1,0,1,2,0,27,45,0,1,0.13008344833333335,4436,55381766
4,1,2,1,1,3,42,30,0,1,0.16667921291666665,4437,55389685
9,3,4,2,2,7,45,27,20,3,0.32033133541666664,4438,55397604
1,1,0,0,0,1,8,64,0,1,0.029895909583333338,4439,55405523
7,1,3,3,3,4,34,38,10,3,0.21241351222222224,4440,55413442
4,2,1,1,1,3,36,36,8,2,0.1388672063888889,4441,55421361
8,2,6,0,2,6,65,7,22,3,0.3852546884722222,4442,55429280
9,4,4,1,0,9,47,25,28,3,0.35715021569444444,4443,55437199
5,1,2,2,2,3,29,43,10,2,0.13127908847222225,4444,55445118
5,1,3,1,1,4,37,35,12,2,0.11541760916666667,4445,55453037
11,4,3,4,4,7,48,24,33,4,0.18413325055555557,4446,55460956
6,3,2,1,3,3,44,28,9,2,0.24738256291666666,4447,55468875
11,6,4,1,5,6,50,22,26,3,0.34609455847222226,4448,55476794
4,2,0,2,4,0,35,37,11,2,0.16747318333333333,4449,55484713
4,2,2,0,2,2,29,43,0,1,0.13671507791666668,4450,55492632
5,2,1,2,2,3,49,23,3,2,0.2423906129166667,4451,55500551
5,4,1,0,0,5,43,29,17,2,0.24489988388888884,4452,55508470
7,5,1,1,3,4,50,22,15,2,0.2269778386111111,4453,55516389
10,4,3,3,5,5,51,21,26,4,0.2993979391666666,4454,55524308
4,1,2,1,2,2,32,40,8,2,0.1521374172222222,4455,55532227
10,5,4,1,5,5,54,18,22,4,0.27643312180555557,4456,55540146
5,2,2,1,2,3,54,18,10,2,0.23478105680555553,4457,55548065
7,5,2,0,2,5,44,28,21,3,0.3189917890277778,4458,55555984
6,0,2,4,4,2,34,38,16,3,0.1809651588888889,4459,55563903
5,1,2,2,2,3,36,36,9,3,0.15346775583333333,4460,55571822
4,1,2,1,1,3,29,43,1,2,0.14801865444444445,4461,55579741
9,5,1,3,4,5,49,23,25,4,0.2258252713888889,4462,55587660
6,4,2,0,2,4,54,18,21,3,0.2441171704166667,4463,55595579
6,3,2,1,4,2,57,15,15,3,0.2480541531944444,4464,55603498
11,6,2,3,6,5,66,6,32,3,0.2837290133333334,4465,55611417
8,4,3,1,4,4,47,25,27,4,0.25707443083333337,4466,55619336
6,3,3,0,0,6,45,27,6,2,0.20710671569444447,4467,55627255
10,5,1,4,3,7,72,0,39,3,0.4527488158333333,4468,55635174
5,4,0,1,3,2,32,40,12,3,0.16339141833333332,4469,55643093
8,3,1,4,2,6,52,20,32,3,0.23742621472222222,4470,55651012
6,4,2,0,1,5,42,30,15,2,0.30857139958333335,4471,55658931
4,3,1,0,0,4,42,30,3,2,0.17972404111111112,4472,55666850
6,6,0,0,2,4,54,18,14,2,0.27596662499999997,4473,55674769
9,4,0,5,3,6,53,19,39,3,0.1797366416666667,4474,55682688
6,3,2,1,1,5,54,18,4,2,0.22376087555555557,4475,55690607
7,5,1,1,2,5,43,29,6,3,0.18274632666666665,4476,55698526
4,2,2,0,0,4,30,42,9,2,0.21539242569444444,4477,55706445
8,5,2,1,4,4,55,17,25,4,0.28864314541666664,4478,55714364
3,2,0,1,1,2,27,45,6,2,0.07099149874999999,4479,55722283
10,7,3,0,6,4,52,20,35,4,0.2882948898611111,4480,55730202
7,5,1,1,3,4,42,30,20,3,0.19820529486111113,4481,55738121
3,1,0,2,2,1,23,49,2,2,0.08768364513888889,4482,55746040
7,2,3,2,3,4,50,22,16,3,0.22975774555555553,4483,55753959
8,2,4,2,3,5,54,18,24,3,0.21224150166666667,4484,55761878
4,4,0,0,2,2,37,35,0,1,0.13716219263888887,4485,55769797
4,2,2,0,2,2,26,46,9,3,0.13828227972222223,4486,55777716
8,1,3,4,3,5,47,25,19,3,0.2521773825,4487,55785635
7,4,1,2,5,2,62,10,21,3,0.4289748120833334,4488,55793554
4,3,1,0,0,4,35,37,9,2,0.2002575648611111,4489,55801473
4,2,2,0,1,3,36,36,0,1,0.11816325083333333,4490,55809392
9,4,3,2,6,3,49,23,21,3,0.22545738472222224,4491,55817311
6,1,3,2,1,5,35,37,9,3,0.18535119777777778,4492,55825230
3,2,1,0,0,3,36,36,3,2,0.19491095749999998,4493,55833149
4,0,2,2,2,2,28,44,11,2,0.08230041611111111,4494,55841068
8,5,1,2,1,7,48,24,17,4,0.3689541866666667,4495,55848987
4,2,1,1,1,3,28,44,3,2,0.12766257680555557,4496,55856906
2,2,0,0,1,1,15,57,0,1,0.057490425416666664,4497,55864825
4,1,2,1,0,4,25,47,10,2,0.16425214625,4498,55872744
4,3,0,1,0,4,33,39,8,2,0.1963568966666667,4499,55880663
4,1,1,2,3,1,35,37,0,1,0.09605637291666666,4500,55888582
9,6,1,2,3,6,56,16,30,3,0.24075239666666665,4501,55896501
7,6,0,1,1,6,45,27,30,4,0.31473550541666667,4502,55904420
5,1,2,2,0,5,32,40,16,2,0.17985161319444445,4503,55912339
7,2,2,3,2,5,44,28,8,3,0.22323669999999998,4504,55920258
8,6,2,0,1,7,49,23,19,3,0.2602935670833333,4505,55928177
8,6,1,1,4,4,53,19,18,3,0.24510948097222224,4506,55936096
4,3,0,1,0,4,25,47,10,2,0.15968331166666666,4507,55944015
4,2,1,1,0,4,40,32,19,2,0.16724543152777777,4508,55951934
7,5,0,2,3,4,50,22,23,3,0.22151801680555558,4509,55959853
4,2,1,1,2,2,35,37,6,2,0.18528479958333333,4510,55967772
3,2,1,0,1,2,17,55,2,2,0.0805251651388889,4511,55975691
5,3,2,0,2,3,32,40,13,2,0.2064951248611111,4512,55983610
9,5,2,2,5,4,70,2,40,3,0.3029752956944444,4513,55991529
6,4,0,2,2,4,45,27,10,3,0.2481797301388889,4514,55999448
6,4,0,2,3,3,55,17,22,3,0.22278638500000003,4515,56007367
9,4,3,2,4,5,55,17,29,2,0.23394009208333333,4516,56015286
5,2,2,1,3,2,36,36,16,4,0.08489775000000001,4517,56023205
6,5,1,0,4,2,42,30,24,4,0.28966379138888887,4518,56031124
8,5,1,2,6,2,42,30,29,4,0.2123963166666667,4519,56039043
9,3,4,2,5,4,56,16,21,3,0.2689952286111111,4520,56046962
8,3,3,2,3,5,43,29,20,3,0.24445193249999997,4521,56054881
7,4,2,1,2,5,53,19,27,3,0.2303538804166667,4522,56062800
11,6,2,3,6,5,62,10,35,4,0.4175654820833334,4523,56070719
6,3,2,1,0,6,40,32,20,2,0.23594681486111113,4524,56078638
8,5,2,1,2,6,56,16,17,2,0.2735492345833333,4525,56086557
9,5,1,3,3,6,52,20,29,5,0.39516979013888887,4526,56094476
8,5,2,1,5,3,51,21,18,3,0.2581886895833333,4527,56102395
10,6,2,2,3,7,55,17,39,3,0.33147415999999996,4528,56110314
4,0,2,2,1,3,36,36,6,2,0.22598789166666666,4529,56118233
6,2,3,1,3,3,47,25,11,2,0.2021067795833333,4530,56126152
10,4,3,3,5,5,47,25,14,3,0.23167191638888887,4531,56134071
7,2,4,1,3,4,31,41,15,3,0.17763193902777777,4532,56141990
5,3,0,2,2,3,44,28,9,3,0.25694503402777774,4533,56149909
8,2,3,3,0,8,46,26,13,3,0.30423609486111114,4534,56157828
4,2,2,0,1,3,29,43,0,1,0.14985469222222225,4535,56165747
2,1,0,1,1,1,21,51,3,2,0.10337630111111112,4536,56173666
6,3,1,2,1,5,48,24,13,3,0.2799524595833333,4537,56181585
3,2,1,0,0,3,28,44,0,1,0.13405560472222222,4538,56189504
6,5,1,0,2,4,50,22,19,2,0.26561915736111114,4539,56197423
7,4,2,1,4,3,46,26,27,3,0.24374772291666666,4540,56205342
6,2,2,2,0,6,27,45,12,3,0.20085221388888888,4541,56213261
8,6,1,1,4,4,53,19,29,3,0.3231580175,4542,56221180
5,3,1,1,2,3,36,36,10,2,0.24467880930555555,4543,56229099
5,2,1,2,4,1,46,26,11,3,0.20151845583333333,4544,56237018
6,1,3,2,4,2,35,37,13,3,0.16640381805555554,4545,56244937
7,2,3,2,2,5,34,38,16,2,0.1784884640277778,4546,56252856
7,6,0,1,2,5,58,14,24,3,0.24664207666666668,4547,56260775
4,3,0,1,0,4,43,29,19,2,0.22642463666666668,4548,56268694
6,3,2,1,2,4,46,26,15,2,0.26936388347222223,4549,56276613
5,2,1,2,2,3,25,47,11,2,0.10702869458333335,4550,56284532
4,2,1,1,1,3,27,45,7,2,0.12235921,4551,56292451
5,2,2,1,0,5,28,44,15,4,0.22159323180555554,4552,56300370
12,7,3,2,3,9,65,7,18,4,0.36009845944444446,4553,56308289
6,3,3,0,1,5,39,33,20,3,0.23857374944444448,4554,56316208
7,2,3,2,3,4,52,20,9,2,0.23847383750000006,4555,56324127
9,6,2,1,4,5,53,19,30,3,0.2540689372222222,4556,56332046
3,3,0,0,1,2,41,31,2,2,0.1552085134722222,4557,56339965
9,4,2,3,4,5,46,26,25,6,0.22433699402777776,4558,56347884
10,5,5,0,4,6,61,11,31,4,0.2588331454166667,4559,56355803
7,3,3,1,1,6,40,32,19,2,0.1944220823611111,4560,56363722
7,2,3,2,3,4,59,13,17,2,0.2341657891666667,4561,56371641
7,2,3,2,2,5,47,25,12,2,0.24168247305555557,4562,56379560
8,6,0,2,3,5,50,22,29,3,0.35855662374999997,4563,56387479
5,4,0,1,3,2,42,30,7,2,0.15911474736111111,4564,56395398
6,5,0,1,2,4,38,34,8,2,0.1789137686111111,4565,56403317
8,1,4,3,2,6,52,20,22,3,0.2543143377777778,4566,56411236
7,0,3,4,0,7,45,27,8,3,0.2669257995833333,4567,56419155
7,0,3,4,1,6,35,37,14,2,0.24844267444444443,4568,56427074
4,3,0,1,2,2,36,36,0,1,0.1455641166666667,4569,56434993
5,3,1,1,0,5,37,35,4,3,0.18569088944444445,4570,56442912
4,2,0,2,4,0,29,43,19,4,0.22426527138888888,4571,56450831
8,4,2,2,3,5,48,24,34,3,0.2931107266666666,4572,56458750
7,4,2,1,3,4,57,15,16,2,0.3054563531944445,4573,56466669
4,2,1,1,1,3,22,50,19,2,0.1590713113888889,4574,56474588
4,0,2,2,1,3,29,43,2,2,0.12471472388888889,4575,56482507
3,1,2,0,0,3,28,44,1,2,0.1337578301388889,4576,56490426
9,4,4,1,5,4,41,31,21,4,0.20318989138888888,4577,56498345
9,5,2,2,3,6,56,16,34,3,0.33859852805555557,4578,56506264
4,3,1,0,1,3,37,35,19,3,0.18861251305555557,4579,56514183
12,6,1,5,7,5,60,12,39,3,0.3481896586111111,4580,56522102
9,4,2,3,5,4,59,13,18,4,0.24056549055555554,4581,56530021
5,1,3,1,1,4,30,42,9,3,0.14338907569444445,4582,56537940
4,3,1,0,0,4,44,28,11,2,0.2672589920833333,4583,56545859
7,2,2,3,2,5,50,22,18,3,0.26078639027777784,4584,56553778
9,7,2,0,5,4,70,2,45,4,0.3498946397222222,4585,56561697
6,5,0,1,2,4,47,25,29,3,0.15358451361111108,4586,56569616
6,2,2,2,2,4,42,30,14,2,0.29733791069444443,4587,56577535
8,2,3,3,2,6,51,21,22,2,0.22395100152777778,4588,56585454
8,6,2,0,4,4,52,20,20,3,0.19954030541666665,4589,56593373
5,2,1,2,3,2,34,38,7,2,0.22287397236111112,4590,56601292
6,1,1,4,4,2,43,29,17,3,0.19911160833333333,4591,56609211
7,4,1,2,2,5,60,12,12,3,0.27318029875000005,4592,56617130
5,2,1,2,3,2,31,41,6,3,0.15739792500000002,4593,56625049
4,2,0,2,1,3,33,39,0,1,0.1625080352777778,4594,56632968
4,1,2,1,2,2,29,43,8,2,0.17765724708333333,4595,56640887
9,2,4,3,2,7,57,15,26,3,0.3870433948611111,4596,56648806
6,4,2,0,2,4,55,17,17,2,0.3085862615277778,4597,56656725
4,1,0,3,2,2,36,36,8,2,0.20710172680555555,4598,56664644
8,2,5,1,2,6,51,21,13,3,0.27003998152777775,4599,56672563
6,2,3,1,2,4,40,32,9,2,0.2176464111111111,4600,56680482
4,2,2,0,1,3,37,35,9,3,0.23771564166666664,4601,56688401
8,7,1,0,4,4,50,22,28,4,0.3330397008333333,4602,56696320
5,3,1,1,0,5,45,27,5,2,0.27025029208333334,4603,56704239
6,3,1,2,3,3,37,35,10,3,0.16418024194444444,4604,56712158
5,2,1,2,2,3,35,37,6,2,0.09815737777777778,4605,56720077
11,6,2,3,5,6,58,14,33,6,0.4125077575,4606,56727996
9,3,2,4,2,7,54,18,27,3,0.13999816444444443,4607,56735915
6,3,2,1,2,4,46,26,15,2,0.21843782111111112,4608,56743834
11,6,2,3,6,5,68,4,43,3,0.3300067698611111,4609,56751753
3,2,0,1,2,1,23,49,8,2,0.08753315624999998,4610,56759672
9,6,2,1,4,5,57,15,28,5,0.3458926311111111,4611,56767591
8,4,2,2,3,5,51,21,20,3,0.18066215138888891,4612,56775510
3,2,1,0,1,2,17,55,3,2,0.09150034861111112,4613,56783429
6,4,2,0,1,5,55,17,8,2,0.31564749375,4614,56791348
7,2,3,2,4,3,48,24,15,2,0.19060399791666668,4615,56799267
5,2,2,1,2,3,43,29,26,3,0.1802354641666667,4616,56807186
5,1,3,1,1,4,48,24,1,2,0.17789224152777777,4617,56815105
9,4,4,1,1,8,53,19,25,3,0.3580636215277778,4618,56823024
9,6,3,0,2,7,59,13,39,3,0.3798159648611111,4619,56830943
4,4,0,0,1,3,36,36,10,2,0.14270038069444443,4620,56838862
6,2,1,3,0,6,31,41,15,3,0.2387684651388889,4621,56846781
8,4,2,2,3,5,47,25,21,3,0.26721057930555553,4622,56854700
6,3,2,1,2,4,35,37,22,3,0.15612712583333332,4623,56862619
5,2,3,0,1,4,38,34,10,2,0.15981937569444446,4624,56870538
4,3,0,1,1,3,40,32,0,1,0.1687226427777778,4625,56878457
10,6,3,1,3,7,57,15,30,4,0.29780308055555554,4626,56886376
8,2,3,3,4,4,43,29,12,3,0.1813350927777778,4627,56894295
2,2,0,0,0,2,28,44,2,2,0.10789210375,4628,56902214
6,4,1,1,1,5,47,25,17,3,0.20423823305555555,4629,56910133
3,2,0,1,0,3,29,43,9,2,0.14818340902777777,4630,56918052
8,4,2,2,2,6,56,16,23,2,0.21783118791666667,4631,56925971
9,7,1,1,4,5,55,17,34,4,0.30431798402777777,4632,56933890
6,4,2,0,2,4,46,26,15,3,0.22922776736111108,4633,56941809
8,5,2,1,4,4,39,33,17,4,0.2583434373611111,4634,56949728
12,4,4,4,5,7,58,14,39,4,0.2952380876388889,4635,56957647
6,2,4,0,2,4,34,38,10,3,0.16548318722222222,4636,56965566
5,3,2,0,1,4,36,36,10,3,0.22853992361111114,4637,56973485
10,6,1,3,6,4,54,18,41,3,0.23791047763888892,4638,56981404
7,3,3,1,3,4,55,17,12,2,0.21903540125,4639,56989323
3,2,0,1,1,2,25,47,0,1,0.09339904597222222,4640,56997242
5,2,2,1,1,4,42,30,13,2,0.21560421847222222,4641,57005161
6,2,2,2,4,2,47,25,9,2,0.20397896055555556,4642,57013080
10,6,0,4,4,6,53,19,27,4,0.22219863055555558,4643,57020999
1,0,0,1,0,1,7,65,0,1,0.048164907361111106,4644,57028918
5,3,2,0,2,3,38,34,9,2,0.1342861572222222,4645,57036837
8,3,3,2,2,6,31,41,16,3,0.17348010847222226,4646,57044756
7,3,1,3,4,3,47,25,11,3,0.27037516305555553,4647,57052675
5,2,3,0,1,4,46,26,6,2,0.1793567995833333,4648,57060594
8,4,2,2,4,4,52,20,24,3,0.3257001995833333,4649,57068513
8,5,3,0,3,5,50,22,20,4,0.20183932930555556,4650,57076432
4,3,1,0,2,2,30,42,15,2,0.04498517444444445,4651,57084351
4,2,1,1,2,2,37,35,7,2,0.1779393559722222,4652,57092270
7,4,1,2,4,3,51,21,9,4,0.27702221625,4653,57100189
14,8,6,0,5,9,59,13,40,5,0.35670634458333333,4654,57108108
8,4,1,3,4,4,58,14,22,3,0.23112854041666667,4655,57116027
4,2,2,0,0,4,32,40,7,2,0.1609465525,4656,57123946
7,4,3,0,2,5,51,21,14,2,0.1819059926388889,4657,57131865
4,2,2,0,1,3,36,36,1,2,0.1294889397222222,4658,57139784
4,3,1,0,3,1,28,44,14,2,0.10634138861111112,4659,57147703
3,3,0,0,1,2,24,48,2,2,0.08429112472222222,4660,57155622
8,4,1,3,1,7,57,15,19,3,0.3521778941666666,4661,57163541
9,5,3,1,3,6,59,13,37,4,0.2711129961111111,4662,57171460
4,4,0,0,0,4,23,49,3,3,0.19212056333333333,4663,57179379
4,3,1,0,2,2,34,38,1,2,0.18160075847222223,4664,57187298
9,5,1,3,4,5,51,21,32,3,0.2561695525,4665,57195217
10,6,0,4,1,9,53,19,32,3,0.4937357502777777,4666,57203136
9,5,3,1,3,6,57,15,37,5,0.35590273375000003,4667,57211055
7,5,1,1,0,7,57,15,14,2,0.2692172306944445,4668,57218974
5,2,3,0,2,3,26,46,8,3,0.08101656624999999,4669,57226893
4,1,1,2,2,2,21,51,4,2,0.07689243708333333,4670,57234812
6,2,2,2,3,3,41,31,9,2,0.21215708527777777,4671,57242731
3,0,2,1,1,2,13,59,2,2,0.08294886541666667,4672,57250650
13,6,5,2,6,7,53,19,38,5,0.36403962222222225,4673,57258569
2,1,0,1,1,1,11,61,0,1,0.034881863194444446,4674,57266488
10,4,3,3,3,7,55,17,33,3,0.40971816527777777,4675,57274407
10,7,1,2,3,7,56,16,39,4,0.4702207241666666,4676,57282326
9,4,3,2,5,4,55,17,17,3,0.1973059397222222,4677,57290245
9,3,2,4,4,5,59,13,29,2,0.31261967222222226,4678,57298164
5,5,0,0,3,2,39,33,0,1,0.2114672911111111,4679,57306083
7,3,3,1,2,5,45,27,24,3,0.23148535652777782,4680,57314002
6,4,0,2,2,4,35,37,14,3,0.1340634297222222,4681,57321921
4,2,1,1,3,1,39,33,0,1,0.18589542819444446,4682,57329840
6,4,2,0,2,4,27,45,12,3,0.16742176763888889,4683,57337759
6,1,3,2,2,4,36,36,14,3,0.22347801263888892,4684,57345678
6,4,1,1,1,5,47,25,18,3,0.25056625069444444,4685,57353597
2,1,1,0,1,1,19,53,0,1,0.06784251958333333,4686,57361516
2,1,1,0,1,1,21,51,0,1,0.10953805388888888,4687,57369435
8,3,4,1,3,5,53,19,34,3,0.19482005097222221,4688,57377354
6,2,3,1,0,6,50,22,13,3,0.2695288563888889,4689,57385273
9,3,2,4,1,8,51,21,27,2,0.3362264076388889,4690,57393192
9,5,3,1,3,6,63,9,29,3,0.18775975805555556,4691,57401111
7,3,3,1,1,6,59,13,22,2,0.34512357097222224,4692,57409030
6,3,3,0,3,3,35,37,11,3,0.1606058051388889,4693,57416949
7,3,1,3,4,3,42,30,8,3,0.1911522151388889,4694,57424868
4,1,3,0,3,1,26,46,6,2,0.13263381083333334,4695,57432787
1,0,1,0,1,0,10,62,0,1,0.03347457722222222,4696,57440706
2,1,0,1,1,1,18,54,0,1,0.06568403472222221,4697,57448625
5,3,0,2,3,2,40,32,10,3,0.21511764708333334,4698,57456544
5,4,1,0,2,3,47,25,11,2,0.1900515202777778,4699,57464463
7,3,2,2,2,5,50,22,21,4,0.24703807180555554,4700,57472382
6,1,4,1,2,4,28,44,17,3,0.12404031652777776,4701,57480301
8,2,4,2,2,6,48,24,20,3,0.3119779736111111,4702,57488220
5,2,2,1,1,4,60,12,5,2,0.19072719444444447,4703,57496139
8,4,1,3,4,4,41,31,14,3,0.25554988819444446,4704,57504058
6,3,3,0,2,4,41,31,20,2,0.17152800555555558,4705,57511977
12,8,3,1,6,6,65,7,40,4,0.3928418115277778,4706,57519896
11,5,4,2,3,8,52,20,41,4,0.3184339909722222,4707,57527815
6,4,1,1,2,4,56,16,18,3,0.25106362430555557,4708,57535734
3,2,0,1,1,2,24,48,12,3,0.12888675222222223,4709,57543653
3,1,1,1,1,2,28,44,0,1,0.10612795333333333,4710,57551572
6,3,3,0,2,4,51,21,6,2,0.24245761458333337,4711,57559491
8,5,2,1,0,8,49,23,19,3,0.35926680222222224,4712,57567410
7,4,0,3,3,4,55,17,24,2,0.2086465013888889,4713,57575329
9,5,3,1,4,5,55,17,35,4,0.28279600097222224,4714,57583248
3,2,1,0,1,2,23,49,0,1,0.09450954791666666,4715,57591167
7,5,2,0,2,5,60,12,25,3,0.25358865875,4716,57599086
5,2,2,1,2,3,36,36,5,2,0.1644742725,4717,57607005
3,3,0,0,1,2,28,44,0,1,0.09952034319444444,4718,57614924
3,1,1,1,0,3,24,48,0,1,0.12889595680555554,4719,57622843
7,4,1,2,1,6,49,23,19,4,0.21948819597222224,4720,57630762
5,1,2,2,4,1,45,27,6,2,0.19637763472222222,4721,57638681
4,1,1,2,2,2,41,31,0,1,0.13495851402777778,4722,57646600
5,2,1,2,3,2,33,39,18,3,0.10172580930555557,4723,57654519
7,4,0,3,2,5,51,21,24,3,0.24856728305555556,4724,57662438
6,2,1,3,3,3,47,25,9,2,0.2020757429166667,4725,57670357
7,1,1,5,4,3,43,29,8,4,0.21015209652777778,4726,57678276
9,4,4,1,3,6,57,15,29,3,0.28871372319444444,4727,57686195
4,3,1,0,1,3,34,38,4,2,0.13243765305555558,4728,57694114
3,1,1,1,0,3,33,39,0,1,0.2084337813888889,4729,57702033
4,1,2,1,1,3,31,41,4,2,0.09467899152777777,4730,57709952
3,2,0,1,0,3,21,51,7,2,0.09393649930555556,4731,57717871
5,1,2,2,1,4,37,35,23,3,0.16053926597222223,4732,57725790
7,3,4,0,2,5,56,16,18,3,0.24481739069444444,4733,57733709
5,4,0,1,2,3,37,35,9,2,0.17210891041666668,4734,57741628
15,7,3,5,6,9,67,5,38,6,0.40287047472222226,4735,57749547
8,4,3,1,4,4,52,20,22,3,0.3261112188888889,4736,57757466
4,2,2,0,2,2,21,51,13,3,0.06022468194444445,4737,57765385
8,4,3,1,2,6,50,22,19,3,0.23457243749999998,4738,57773304
9,4,5,0,2,7,47,25,24,5,0.24476849763888886,4739,57781223
3,2,1,0,0,3,10,62,6,3,0.09839039597222222,4740,57789142
8,3,3,2,2,6,46,26,15,3,0.24669549638888888,4741,57797061
9,6,1,2,3,6,62,10,37,2,0.33073965652777776,4742,57804980
6,3,0,3,2,4,46,26,8,2,0.1874478076388889,4743,57812899
9,4,3,2,1,8,46,26,30,4,0.38915052125,4744,57820818
8,1,2,5,4,4,52,20,16,2,0.29034419902777775,4745,57828737
7,3,3,1,0,7,49,23,14,3,0.3519142202777778,4746,57836656
5,3,1,1,2,3,43,29,12,2,0.18294026958333337,4747,57844575
11,8,2,1,5,6,58,14,38,4,0.32463620972222224,4748,57852494
8,5,1,2,3,5,53,19,25,3,0.26687625430555556,4749,57860413
6,2,1,3,2,4,32,40,22,3,0.12465163611111112,4750,57868332
7,1,5,1,2,5,39,33,8,3,0.12785146277777776,4751,57876251
8,6,1,1,3,5,62,10,25,2,0.31411340944444444,4752,57884170
7,2,3,2,1,6,43,29,18,2,0.30365248944444445,4753,57892089
9,4,2,3,5,4,55,17,31,3,0.3347399744444444,4754,57900008
4,3,1,0,1,3,30,42,7,2,0.14279762527777778,4755,57907927
6,0,4,2,3,3,37,35,10,3,0.22693839833333337,4756,57915846
5,2,1,2,1,4,36,36,8,2,0.18289189875,4757,57923765
5,1,0,4,4,1,20,52,13,3,0.16807523722222223,4758,57931684
6,3,2,1,1,5,42,30,12,3,0.2815524268055556,4759,57939603
8,5,1,2,2,6,65,7,19,3,0.2513691777777778,4760,57947522
7,4,2,1,2,5,44,28,7,3,0.24940511972222218,4761,57955441
9,7,1,1,2,7,62,10,29,3,0.38975005277777774,4762,57963360
3,2,1,0,2,1,30,42,6,2,0.12106604402777776,4763,57971279
9,5,3,1,2,7,52,20,40,3,0.22546532986111112,4764,57979198
4,2,1,1,2,2,29,43,6,3,0.22446650666666665,4765,57987117
10,4,2,4,4,6,42,30,30,4,0.19394995,4766,57995036
4,4,0,0,1,3,51,21,8,2,0.25396077333333333,4767,58002955
2,0,1,1,1,1,21,51,0,1,0.12708302986111109,4768,58010874
2,2,0,0,1,1,20,52,0,1,0.06238252902777778,4769,58018793
8,3,3,2,3,5,55,17,28,3,0.2649110797222223,4770,58026712
7,2,4,1,2,5,40,32,12,3,0.1885920351388889,4771,58034631
7,5,1,1,2,5,48,24,16,2,0.26186204944444447,4772,58042550
7,5,0,2,2,5,65,7,16,3,0.3928546181944445,4773,58050469
5,2,2,1,1,4,32,40,1,2,0.09503071722222223,4774,58058388
3,1,0,2,1,2,34,38,2,2,0.13057314680555557,4775,58066307
6,1,3,2,2,4,37,35,23,4,0.17142552027777777,4776,58074226
8,2,4,2,1,7,48,24,7,2,0.20916580069444446,4777,58082145
8,6,0,2,3,5,56,16,17,3,0.24925960444444448,4778,58090064
11,4,4,3,2,9,64,8,29,4,0.4410673458333334,4779,58097983
2,1,1,0,0,2,18,54,0,1,0.12095414402777778,4780,58105902
12,8,0,4,4,8,61,11,46,4,0.33728215055555555,4781,58113821
6,3,3,0,3,3,47,25,13,2,0.22728762902777777,4782,58121740
3,2,1,0,1,2,12,60,2,2,0.06284898972222223,4783,58129659
6,4,1,1,2,4,36,36,14,3,0.11876934263888889,4784,58137578
4,2,1,1,2,2,34,38,9,2,0.1501873073611111,4785,58145497
7,4,2,1,2,5,46,26,12,3,0.22054432333333332,4786,58153416
4,3,1,0,1,3,41,31,0,1,0.20903187708333335,4787,58161335
4,0,2,2,3,1,27,45,3,2,0.11656211666666666,4788,58169254
4,1,2,1,1,3,35,37,13,3,0.10495828305555556,4789,58177173
7,5,1,1,3,4,43,29,31,3,0.23046718236111108,4790,58185092
6,3,3,0,2,4,29,43,9,3,0.11442470944444445,4791,58193011
3,2,1,0,1,2,29,43,7,2,0.1257131006944444,4792,58200930
8,4,2,2,4,4,58,14,19,3,0.27618578180555553,4793,58208849
5,3,1,1,1,4,42,30,9,2,0.21789704624999995,4794,58216768
3,1,2,0,1,2,28,44,7,2,0.14220232305555555,4795,58224687
5,4,0,1,1,4,41,31,15,2,0.2378567176388889,4796,58232606
4,1,3,0,0,4,37,35,0,1,0.13406269138888888,4797,58240525
6,5,0,1,2,4,46,26,17,3,0.21493113402777775,4798,58248444
5,3,1,1,3,2,40,32,20,2,0.13916893458333332,4799,58256363
2,1,0,1,1,1,20,52,0,1,0.06323374319444446,4800,58264282
6,1,2,3,1,5,35,37,9,2,0.14177194875000002,4801,58272201
9,2,4,3,5,4,49,23,26,3,0.24082051138888894,4802,58280120
7,2,2,3,5,2,45,27,13,2,0.18511627916666665,4803,58288039
5,1,3,1,1,4,49,23,14,2,0.2960658704166666,4804,58295958
6,2,1,3,3,3,43,29,17,3,0.13903853777777778,4805,58303877
4,3,0,1,2,2,40,32,2,2,0.13667032944444443,4806,58311796
2,0,0,2,1,1,12,60,7,2,0.014904164166666666,4807,58319715
3,1,1,1,2,1,32,40,7,2,0.11529946402777774,4808,58327634
9,5,2,2,3,6,60,12,31,2,0.28555872875,4809,58335553
8,5,2,1,2,6,53,19,31,3,0.29294874763888884,4810,58343472
8,3,4,1,2,6,39,33,23,3,0.28054838055555553,4811,58351391
9,3,2,4,5,4,59,13,25,3,0.23818632236111112,4812,58359310
6,4,1,1,2,4,45,27,17,2,0.21691897638888888,4813,58367229
8,3,0,5,5,3,51,21,21,3,0.2495610613888889,4814,58375148
6,3,1,2,1,5,48,24,13,2,0.18932887722222225,4815,58383067
4,2,2,0,1,3,22,50,7,2,0.14337443125,4816,58390986
6,3,2,1,2,4,35,37,20,2,0.21038803375,4817,58398905
3,1,1,1,0,3,24,48,0,1,0.08609550555555555,4818,58406824
6,2,1,3,4,2,42,30,10,2,0.21966367763888892,4819,58414743
7,4,2,1,1,6,47,25,23,3,0.34843750625000003,4820,58422662
5,2,2,1,1,4,29,43,7,2,0.1553983848611111,4821,58430581
4,1,1,2,1,3,26,46,8,2,0.11775179055555555,4822,58438500
6,2,3,1,1,5,39,33,26,3,0.22547297541666664,4823,58446419
7,4,2,1,3,4,55,17,17,2,0.21011596875000002,4824,58454338
10,3,4,3,4,6,56,16,26,5,0.2796321970833333,4825,58462257
3,2,1,0,1,2,30,42,0,1,0.109637285,4826,58470176
5,3,1,1,2,3,35,37,13,2,0.16546596916666667,4827,58478095
4,1,1,2,3,1,35,37,10,2,0.15362963847222222,4828,58486014
7,2,0,5,4,3,42,30,12,2,0.2179674016666667,4829,58493933
6,4,1,1,1,5,42,30,18,2,0.28982125513888884,4830,58501852
4,3,1,0,2,2,28,44,0,1,0.12022927958333335,4831,58509771
7,5,2,0,2,5,59,13,27,3,0.24955087999999995,4832,58517690
9,3,4,2,3,6,53,19,18,3,0.2737757920833333,4833,58525609
8,2,4,2,1,7,43,29,21,3,0.2706408531944444,4834,58533528
5,1,2,2,2,3,37,35,9,3,0.16513936305555557,4835,58541447
8,5,1,2,5,3,47,25,33,3,0.22306405458333334,4836,58549366
6,4,1,1,2,4,42,30,18,2,0.14579515555555556,4837,58557285
7,4,1,2,2,5,65,7,36,2,0.39775844541666666,4838,58565204
3,1,0,2,2,1,27,45,4,2,0.13620800194444443,4839,58573123
10,5,3,2,5,5,52,20,34,4,0.20033634250000004,4840,58581042
5,2,2,1,4,1,37,35,10,2,0.1606319673611111,4841,58588961
6,4,0,2,3,3,40,32,14,2,0.22785992708333336,4842,58596880
7,4,1,2,3,4,42,30,29,4,0.21856756555555557,4843,58604799
8,5,1,2,0,8,47,25,21,3,0.28649518555555553,4844,58612718
7,3,2,2,2,5,55,17,17,3,0.29081089055555553,4845,58620637
6,3,0,3,0,6,40,32,7,3,0.2768215502777778,4846,58628556
4,1,2,1,2,2,29,43,4,2,0.12040801930555557,4847,58636475
3,0,1,2,2,1,26,46,0,1,0.13248786583333333,4848,58644394
5,2,2,1,2,3,42,30,6,2,0.20386598374999998,4849,58652313
7,4,3,0,5,2,58,14,18,3,0.31240670722222225,4850,58660232
4,3,0,1,3,1,47,25,11,2,0.14810734388888888,4851,58668151
9,6,1,2,5,4,53,19,27,3,0.1951219184722222,4852,58676070
5,1,2,2,2,3,35,37,11,3,0.1563467651388889,4853,58683989
5,1,3,1,1,4,47,25,5,2,0.16735415374999998,4854,58691908
6,5,1,0,1,5,47,25,23,3,0.27518963888888887,4855,58699827
7,4,1,2,1,6,45,27,23,3,0.23367991708333335,4856,58707746
8,4,2,2,4,4,51,21,24,3,0.2016162926388889,4857,58715665
9,2,3,4,3,6,48,24,25,4,0.3363244154166667,4858,58723584
8,4,4,0,2,6,53,19,24,3,0.18046266930555557,4859,58731503
5,2,1,2,2,3,32,40,19,2,0.12819911541666668,4860,58739422
5,3,0,2,4,1,32,40,4,2,0.11655052472222222,4861,58747341
6,2,2,2,2,4,43,29,8,2,0.17253149902777778,4862,58755260
9,4,2,3,3,6,52,20,20,3,0.28706237166666665,4863,58763179
3,2,1,0,0,3,37,35,0,1,0.12492665624999999,4864,58771098
3,0,1,2,0,3,25,47,0,1,0.09698181888888888,4865,58779017
9,5,2,2,4,5,66,6,42,3,0.37790991402777785,4866,58786936
9,5,2,2,4,5,57,15,17,3,0.28178762458333334,4867,58794855
7,4,3,0,2,5,45,27,11,3,0.17831976305555555,4868,58802774
8,3,4,1,2,6,51,21,29,2,0.2634492606944445,4869,58810693
11,7,3,1,3,8,62,10,26,3,0.3986392947222222,4870,58818612
4,2,2,0,1,3,24,48,0,1,0.10793059513888888,4871,58826531
2,2,0,0,1,1,18,54,0,1,0.06142243944444445,4872,58834450
6,4,2,0,2,4,50,22,14,2,0.19201616305555558,4873,58842369
10,4,2,4,2,8,53,19,31,4,0.28617759888888883,4874,58850288
9,3,2,4,4,5,66,6,28,3,0.30737037805555556,4875,58858207
5,2,1,2,1,4,34,38,12,2,0.14858477861111108,4876,58866126
9,6,1,2,4,5,49,23,31,4,0.21003803458333334,4877,58874045
5,3,1,1,2,3,34,38,13,3,0.19650341972222224,4878,58881964
6,3,1,2,2,4,38,34,19,2,0.21462275208333334,4879,58889883
4,1,2,1,2,2,22,50,11,3,0.09169982666666666,4880,58897802
10,6,3,1,4,6,49,23,29,4,0.2540285923611111,4881,58905721
6,4,1,1,1,5,52,20,15,2,0.24621371444444445,4882,58913640
7,4,2,1,2,5,45,27,23,3,0.2197838276388889,4883,58921559
6,3,1,2,2,4,34,38,24,4,0.24235582750000007,4884,58929478
8,3,2,3,2,6,41,31,27,4,0.28652190666666666,4885,58937397
7,3,2,2,0,7,45,27,24,3,0.27020358861111116,4886,58945316
9,6,1,2,5,4,67,5,43,3,0.2227257759722222,4887,58953235
4,3,1,0,1,3,32,40,0,1,0.17328481875,4888,58961154
4,3,0,1,1,3,34,38,0,1,0.12600966458333335,4889,58969073
9,4,5,0,5,4,62,10,33,3,0.248378685,4890,58976992
5,2,0,3,1,4,40,32,13,2,0.14426129916666666,4891,58984911
10,6,3,1,3,7,57,15,33,3,0.39384363249999993,4892,58992830
4,3,1,0,2,2,39,33,8,2,0.18370370444444445,4893,59000749
5,3,1,1,2,3,33,39,6,2,0.18551482583333334,4894,59008668
10,5,4,1,3,7,51,21,32,4,0.31875369680555554,4895,59016587
4,3,1,0,2,2,37,35,15,2,0.18696029222222224,4896,59024506
8,4,2,2,4,4,41,31,21,4,0.21741620819444446,4897,59032425
6,2,3,1,1,5,47,25,29,2,0.23452682597222227,4898,59040344
6,3,0,3,3,3,31,41,12,2,0.08549477805555555,4899,59048263
4,3,1,0,2,2,34,38,5,2,0.1286937926388889,4900,59056182
3,3,0,0,0,3,25,47,3,2,0.16187787180555555,4901,59064101
9,6,1,2,4,5,67,5,29,2,0.29945768194444444,4902,59072020
7,2,4,1,2,5,35,37,19,4,0.31735598736111115,4903,59079939
6,3,2,1,2,4,48,24,13,3,0.15988245958333336,4904,59087858
11,3,7,1,2,9,62,10,35,3,0.29343590652777773,4905,59095777
4,2,1,1,1,3,30,42,10,3,0.13578008875,4906,59103696
9,6,3,0,2,7,56,16,34,3,0.2567679856944445,4907,59111615
6,4,2,0,1,5,62,10,13,3,0.34557694125,4908,59119534
7,1,5,1,3,4,21,51,17,5,0.12692837958333333,4909,59127453
5,3,1,1,2,3,32,40,5,2,0.1194836663888889,4910,59135372
8,4,2,2,3,5,48,24,30,4,0.2405627484722222,4911,59143291
13,6,4,3,4,9,72,0,56,4,0.32020429125,4912,59151210
3,2,1,0,0,3,28,44,0,1,0.16115599944444445,4913,59159129
4,1,2,1,2,2,18,54,0,1,0.10974504722222223,4914,59167048
5,2,1,2,1,4,38,34,16,2,0.11708501722222223,4915,59174967
5,3,1,1,0,5,31,41,12,3,0.24287143583333334,4916,59182886
4,2,2,0,2,2,46,26,8,2,0.21871850708333332,4917,59190805
6,3,2,1,1,5,40,32,15,2,0.138988335,4918,59198724
4,2,0,2,3,1,40,32,6,2,0.13496719458333334,4919,59206643
3,1,2,0,0,3,22,50,4,2,0.1228987126388889,4920,59214562
8,5,2,1,2,6,51,21,16,2,0.2333032309722222,4921,59222481
9,3,3,3,2,7,57,15,33,3,0.3234439534722222,4922,59230400
5,3,2,0,0,5,41,31,12,2,0.26923971444444444,4923,59238319
3,1,2,0,2,1,28,44,0,1,0.14495538694444443,4924,59246238
7,4,1,2,2,5,39,33,13,4,0.2803856376388889,4925,59254157
8,4,3,1,3,5,57,15,24,4,0.18226813888888888,4926,59262076
10,7,2,1,5,5,49,23,34,5,0.2579945523611111,4927,59269995
8,5,2,1,2,6,47,25,30,3,0.3740468156944445,4928,59277914
8,7,1,0,3,5,48,24,23,3,0.35888818930555555,4929,59285833
9,3,4,2,3,6,56,16,24,3,0.42286499375,4930,59293752
6,2,2,2,2,4,40,32,21,3,0.19299533208333333,4931,59301671
12,4,5,3,5,7,56,16,44,4,0.21196684791666665,4932,59309590
9,3,2,4,4,5,48,24,32,4,0.26531790041666664,4933,59317509
4,3,1,0,1,3,38,34,6,2,0.12560013319444444,4934,59325428
2,0,2,0,0,2,17,55,0,1,0.07538241569444444,4935,59333347
5,2,1,2,1,4,33,39,12,2,0.16896042041666667,4936,59341266
3,1,1,1,2,1,37,35,0,1,0.09280149736111111,4937,59349185
5,4,1,0,3,2,38,34,14,3,0.2024166165277778,4938,59357104
10,5,2,3,4,6,57,15,42,4,0.23982190722222224,4939,59365023
4,2,2,0,1,3,32,40,10,2,0.16898258624999998,4940,59372942
7,4,3,0,2,5,38,34,11,4,0.23183419875,4941,59380861
8,4,2,2,2,6,42,30,20,3,0.2016696972222222,4942,59388780
8,4,3,1,0,8,56,16,15,3,0.34414423680555556,4943,59396699
7,3,2,2,2,5,47,25,21,2,0.30101678750000005,4944,59404618
7,5,1,1,2,5,42,30,25,3,0.21973437694444445,4945,59412537
4,3,1,0,2,2,40,32,16,2,0.10264045152777779,4946,59420456
5,2,2,1,1,4,28,44,5,2,0.11228629791666665,4947,59428375
11,5,5,1,6,5,51,21,33,3,0.29175950791666666,4948,59436294
6,3,2,1,2,4,32,40,18,3,0.16392359305555557,4949,59444213
6,2,2,2,1,5,60,12,14,3,0.3242972315277778,4950,59452132
6,3,2,1,2,4,39,33,3,2,0.20362075916666666,4951,59460051
8,6,2,0,4,4,55,17,23,4,0.21753287555555556,4952,59467970
3,3,0,0,1,2,37,35,12,2,0.12738578180555557,4953,59475889
9,5,3,1,3,6,55,17,22,3,0.2100800436111111,4954,59483808
7,1,3,3,2,5,41,31,21,4,0.20305072263888888,4955,59491727
7,3,2,2,2,5,40,32,8,2,0.17921210166666665,4956,59499646
6,3,2,1,2,4,45,27,7,2,0.15327018722222224,4957,59507565
6,3,3,0,1,5,48,24,12,3,0.2588368194444445,4958,59515484
7,4,1,2,1,6,48,24,19,4,0.19756926694444443,4959,59523403
7,3,1,3,5,2,43,29,17,2,0.16287212166666667,4960,59531322
6,3,1,2,4,2,41,31,9,2,0.19313194972222225,4961,59539241
4,0,3,1,2,2,19,53,11,4,0.10405637180555555,4962,59547160
6,2,2,2,1,5,51,21,10,2,0.17998791916666665,4963,59555079
3,2,1,0,0,3,28,44,0,1,0.145647305,4964,59562998
8,4,4,0,3,5,50,22,24,3,0.2861773008333333,4965,59570917
4,2,2,0,2,2,26,46,17,3,0.1344208615277778,4966,59578836
9,5,2,2,7,2,47,25,22,4,0.2411992501388889,4967,59586755
1,1,0,0,0,1,20,52,0,1,0.047030642222222224,4968,59594674
5,1,3,1,1,4,37,35,0,1,0.16810851166666665,4969,59602593
6,3,1,2,3,3,36,36,11,3,0.1566535426388889,4970,59610512
5,4,0,1,0,5,37,35,9,2,0.18068544722222224,4971,59618431
4,3,0,1,0,4,15,57,7,2,0.11046414986111112,4972,59626350
6,2,2,2,4,2,37,35,14,2,0.2868178623611111,4973,59634269
5,2,3,0,1,4,27,45,10,2,0.12448614736111112,4974,59642188
6,3,3,0,4,2,38,34,21,2,0.16089296416666665,4975,59650107
10,4,3,3,3,7,64,8,33,3,0.40797447375,4976,59658026
3,0,1,2,1,2,20,52,6,2,0.052173580694444444,4977,59665945
7,3,3,1,3,4,55,17,18,3,0.1386793477777778,4978,59673864
8,2,2,4,4,4,44,28,16,3,0.20549227875000003,4979,59681783
6,2,3,1,2,4,49,23,12,2,0.18225527750000003,4980,59689702
6,4,1,1,3,3,49,23,5,2,0.2530936451388889,4981,59697621
8,3,5,0,2,6,53,19,12,4,0.29399743666666667,4982,59705540
6,3,2,1,3,3,34,38,5,2,0.2036756648611111,4983,59713459
6,3,1,2,3,3,45,27,22,3,0.21129024722222223,4984,59721378
3,1,2,0,3,0,20,52,0,1,0.0872421848611111,4985,59729297
6,0,3,3,1,5,32,40,5,2,0.18454428569444448,4986,59737216
6,3,2,1,2,4,41,31,18,3,0.12462841472222223,4987,59745135
4,0,1,3,3,1,32,40,0,1,0.1613594416666667,4988,59753054
2,1,1,0,1,1,10,62,5,2,0.03943320166666667,4989,59760973
8,2,4,2,3,5,46,26,17,3,0.26848987555555553,4990,59768892
6,3,2,1,2,4,44,28,14,4,0.18520016680555557,4991,59776811
9,4,3,2,2,7,62,10,12,2,0.29067163319444445,4992,59784730
7,2,2,3,3,4,49,23,21,2,0.19096187138888887,4993,59792649
3,1,1,1,1,2,15,57,4,2,0.07774638611111112,4994,59800568
5,3,2,0,2,3,31,41,2,2,0.14958313458333333,4995,59808487
8,5,0,3,4,4,63,9,25,3,0.25044482319444444,4996,59816406
11,4,5,2,4,7,49,23,23,7,0.4832328834722222,4997,59824325
10,6,1,3,5,5,53,19,29,3,0.27007954319444444,4998,59832244
6,3,3,0,1,5,38,34,9,2,0.2409236255555556,4999,59840163
6,3,1,2,1,5,40,32,15,3,0.22164808472222225,5000,59848082
7,4,2,1,3,4,51,21,22,3,0.28344746513888885,5001,59856001
10,3,4,3,4,6,53,19,25,3,0.31429347500000004,5002,59863920
7,3,2,2,3,4,52,20,21,2,0.23105518402777778,5003,59871839
5,2,3,0,0,5,46,26,9,2,0.25339480555555555,5004,59879758
6,4,1,1,4,2,35,37,19,3,0.13155447722222224,5005,59887677
9,3,4,2,5,4,45,27,28,4,0.3110765143055556,5006,59895596
5,2,1,2,1,4,39,33,20,3,0.23338272472222218,5007,59903515
9,6,0,3,4,5,55,17,34,4,0.25384994375,5008,59911434
9,8,1,0,5,4,50,22,17,3,0.3059636808333333,5009,59919353
9,5,2,2,0,9,53,19,28,4,0.4379366405555556,5010,59927272
4,0,2,2,1,3,29,43,3,2,0.12633476472222224,5011,59935191
7,3,3,1,2,5,41,31,10,4,0.15282880875000002,5012,59943110
4,1,2,1,2,2,21,51,8,2,0.09415795444444444,5013,59951029
5,2,2,1,1,4,36,36,12,3,0.2493343981944444,5014,59958948
5,1,2,2,3,2,29,43,7,3,0.17381935388888892,5015,59966867
8,4,2,2,1,7,53,19,26,5,0.26499095333333333,5016,59974786
7,5,1,1,3,4,55,17,19,3,0.23130983875,5017,59982705
2,0,1,1,0,2,17,55,0,1,0.05889578555555556,5018,59990624
4,1,2,1,2,2,34,38,0,1,0.16335153402777777,5019,59998543
11,4,3,4,3,8,58,14,21,5,0.31832961277777777,5020,60006462
10,6,1,3,4,6,59,13,29,3,0.21458427305555555,5021,60014381
11,4,4,3,2,9,60,12,40,4,0.5571645043055555,5022,60022300
7,4,3,0,2,5,40,32,16,3,0.09698220763888889,5023,60030219
8,3,2,3,1,7,49,23,39,3,0.41152215805555553,5024,60038138
11,6,3,2,5,6,65,7,39,3,0.23238708916666667,5025,60046057
9,4,2,3,5,4,48,24,14,4,0.2713226001388889,5026,60053976
10,3,4,3,1,9,60,12,32,4,0.41184543333333334,5027,60061895
3,0,1,2,1,2,22,50,0,1,0.09420965986111113,5028,60069814
5,2,1,2,2,3,59,13,11,2,0.2768518527777778,5029,60077733
7,3,2,2,2,5,43,29,14,2,0.13813520444444446,5030,60085652
4,1,1,2,2,2,40,32,18,2,0.14103616180555556,5031,60093571
10,4,3,3,6,4,50,22,41,4,0.30054107874999997,5032,60101490
6,4,1,1,1,5,31,41,26,4,0.2666083838888889,5033,60109409
7,3,3,1,4,3,24,48,9,4,0.0894766298611111,5034,60117328
7,6,1,0,4,3,40,32,26,3,0.246244235,5035,60125247
13,6,5,2,3,10,68,4,40,6,0.4774830738888889,5036,60133166
6,3,2,1,3,3,40,32,10,3,0.1711830440277778,5037,60141085
3,1,0,2,2,1,37,35,0,1,0.18068984125,5038,60149004
2,1,0,1,0,2,17,55,1,2,0.055184318333333336,5039,60156923
8,3,2,3,3,5,39,33,9,3,0.1407163902777778,5040,60164842
4,2,1,1,0,4,31,41,10,2,0.13308442152777777,5041,60172761
1,0,1,0,0,1,5,67,0,1,0.028458176944444444,5042,60180680
9,4,2,3,5,4,64,8,38,4,0.28837040861111113,5043,60188599
7,2,1,4,6,1,39,33,9,3,0.24984474666666667,5044,60196518
8,4,2,2,6,2,49,23,25,3,0.1998971288888889,5045,60204437
7,4,1,2,3,4,49,23,23,3,0.21329601083333333,5046,60212356
5,3,2,0,2,3,33,39,17,2,0.18436470083333334,5047,60220275
4,3,1,0,0,4,31,41,4,2,0.09073514888888888,5048,60228194
9,4,2,3,2,7,55,17,23,4,0.33882252305555555,5049,60236113
3,3,0,0,2,1,25,47,0,1,0.14259071416666666,5050,60244032
9,4,3,2,4,5,66,6,26,3,0.34628556375,5051,60251951
6,4,1,1,5,1,61,11,24,3,0.23766582472222225,5052,60259870
7,4,1,2,2,5,45,27,7,2,0.2539845683333333,5053,60267789
6,4,2,0,4,2,59,13,11,3,0.18726259055555555,5054,60275708
9,3,3,3,2,7,52,20,32,3,0.3340498515277778,5055,60283627
10,7,3,0,4,6,51,21,25,3,0.17020827569444444,5056,60291546
2,1,0,1,0,2,26,46,0,1,0.09683506472222222,5057,60299465
9,4,2,3,4,5,66,6,23,3,0.32666983027777774,5058,60307384
6,3,1,2,2,4,30,42,20,5,0.21486603180555555,5059,60315303
4,3,0,1,2,2,57,15,0,1,0.23276156527777778,5060,60323222
10,5,4,1,2,8,54,18,20,4,0.35594353458333333,5061,60331141
13,6,3,4,4,9,61,11,41,4,0.2219429923611111,5062,60339060
2,1,1,0,0,2,17,55,13,2,0.11676131124999999,5063,60346979
8,3,4,1,3,5,45,27,26,4,0.2549477906944444,5064,60354898
6,3,1,2,1,5,52,20,7,2,0.15602116944444444,5065,60362817
8,3,2,3,3,5,57,15,16,3,0.24020815180555555,5066,60370736
6,3,2,1,2,4,46,26,9,3,0.14429015319444444,5067,60378655
6,5,0,1,4,2,40,32,15,3,0.22829238625,5068,60386574
7,2,2,3,2,5,54,18,22,2,0.2002741063888889,5069,60394493
6,6,0,0,3,3,41,31,14,4,0.22147398763888887,5070,60402412
6,3,2,1,2,4,46,26,23,3,0.34394463597222225,5071,60410331
8,6,1,1,4,4,55,17,17,3,0.34735177763888886,5072,60418250
10,5,3,2,5,5,53,19,31,4,0.3204235147222222,5073,60426169
5,2,2,1,3,2,23,49,7,3,0.12994212180555556,5074,60434088
9,4,2,3,5,4,54,18,22,3,0.288221695,5075,60442007
4,2,1,1,3,1,27,45,7,3,0.12562454736111112,5076,60449926
4,1,1,2,1,3,25,47,8,2,0.09508952097222222,5077,60457845
8,5,1,2,1,7,36,36,20,4,0.3359695730555555,5078,60465764
5,3,0,2,2,3,33,39,13,3,0.20517688722222222,5079,60473683
3,3,0,0,2,1,34,38,6,2,0.17444801680555555,5080,60481602
11,7,4,0,4,7,57,15,46,4,0.31796253319444445,5081,60489521
11,8,2,1,5,6,62,10,34,4,0.3366789506944445,5082,60497440
7,5,2,0,2,5,51,21,25,3,0.2356995376388889,5083,60505359
3,1,2,0,1,2,33,39,0,1,0.10727629111111112,5084,60513278
10,5,4,1,3,7,63,9,38,4,0.4740951156944444,5085,60521197
7,4,3,0,4,3,47,25,13,3,0.2218698351388889,5086,60529116
9,5,2,2,1,8,51,21,34,4,0.40190330458333334,5087,60537035
4,1,2,1,1,3,30,42,3,2,0.17172760777777776,5088,60544954
6,5,0,1,1,5,42,30,19,3,0.2920179988888889,5089,60552873
3,1,0,2,1,2,23,49,8,2,0.1149421688888889,5090,60560792
9,4,5,0,3,6,52,20,34,4,0.40697003430555556,5091,60568711
5,1,2,2,2,3,23,49,19,4,0.16496128,5092,60576630
7,4,1,2,4,3,35,37,28,3,0.20155485972222223,5093,60584549
12,3,5,4,5,7,70,2,29,3,0.3322708009722222,5094,60592468
7,4,1,2,2,5,52,20,16,3,0.23589613638888884,5095,60600387
6,2,2,2,3,3,26,46,14,3,0.11866572027777779,5096,60608306
7,3,1,3,2,5,34,38,26,3,0.14311138777777777,5097,60616225
10,7,2,1,4,6,50,22,33,4,0.3151778691666667,5098,60624144
8,6,2,0,3,5,60,12,22,3,0.25369104541666665,5099,60632063
6,2,2,2,0,6,39,33,9,2,0.1843843113888889,5100,60639982
3,1,1,1,0,3,17,55,8,2,0.06111860916666667,5101,60647901
5,3,1,1,1,4,38,34,7,2,0.18941187347222221,5102,60655820
3,1,2,0,1,2,20,52,0,1,0.0681220686111111,5103,60663739
10,4,4,2,4,6,57,15,26,3,0.27525378777777776,5104,60671658
7,4,0,3,3,4,48,24,15,3,0.24101834472222222,5105,60679577
5,3,1,1,3,2,30,42,15,2,0.2055590786111111,5106,60687496
4,2,0,2,1,3,46,26,3,2,0.2277536893055555,5107,60695415
10,4,4,2,0,10,64,8,27,5,0.4653174858333333,5108,60703334
3,0,1,2,0,3,21,51,0,1,0.07663079916666667,5109,60711253
5,3,2,0,1,4,48,24,16,2,0.21640554666666667,5110,60719172
8,2,4,2,0,8,50,22,11,2,0.24040829388888887,5111,60727091
7,3,1,3,4,3,42,30,15,3,0.28241864777777775,5112,60735010
8,4,2,2,3,5,44,28,24,3,0.2825735590277778,5113,60742929
7,7,0,0,1,6,51,21,32,2,0.34608327749999995,5114,60750848
9,3,4,2,2,7,49,23,11,4,0.24922748708333334,5115,60758767
2,2,0,0,0,2,18,54,0,1,0.1118055629166667,5116,60766686
8,4,0,4,3,5,53,19,15,3,0.28711573125,5117,60774605
7,5,2,0,4,3,38,34,15,3,0.17864732180555556,5118,60782524
10,6,1,3,5,5,59,13,17,3,0.26222687805555556,5119,60790443
5,2,0,3,2,3,42,30,12,2,0.1901132823611111,5120,60798362
6,5,1,0,1,5,51,21,13,3,0.18782133319444444,5121,60806281
3,3,0,0,0,3,19,53,6,2,0.11016131458333334,5122,60814200
8,4,2,2,6,2,49,23,25,3,0.22690489694444446,5123,60822119
10,3,6,1,5,5,46,26,29,4,0.25739029444444445,5124,60830038
5,2,2,1,2,3,34,38,21,2,0.19417069333333334,5125,60837957
8,5,2,1,3,5,47,25,15,3,0.29340391458333337,5126,60845876
3,2,1,0,3,0,29,43,8,2,0.11487635888888888,5127,60853795
6,2,1,3,3,3,42,30,14,3,0.2425367009722222,5128,60861714
7,3,2,2,2,5,37,35,21,4,0.2884587068055555,5129,60869633
4,2,1,1,2,2,23,49,7,3,0.07719619944444443,5130,60877552
4,1,1,2,1,3,22,50,7,2,0.07974488666666667,5131,60885471
8,3,3,2,1,7,46,26,20,4,0.31603527263888886,5132,60893390
6,4,0,2,2,4,58,14,14,2,0.27834521125000006,5133,60901309
9,3,3,3,2,7,54,18,19,4,0.26767567875,5134,60909228
7,4,2,1,3,4,57,15,19,3,0.16068404069444442,5135,60917147
2,1,1,0,1,1,10,62,2,2,0.05376767569444444,5136,60925066
8,3,4,1,5,3,50,22,19,3,0.2580033688888889,5137,60932985
7,3,2,2,2,5,40,32,12,3,0.18360390152777775,5138,60940904
5,2,2,1,1,4,27,45,23,3,0.12093366194444445,5139,60948823
6,4,1,1,1,5,50,22,15,3,0.2948871705555555,5140,60956742
6,3,1,2,2,4,60,12,19,3,0.2777306708333333,5141,60964661
7,4,2,1,2,5,40,32,8,2,0.18575427319444446,5142,60972580
9,5,4,0,3,6,47,25,16,3,0.2522133438888889,5143,60980499
6,5,0,1,2,4,34,38,29,4,0.18806570180555557,5144,60988418
4,1,2,1,3,1,25,47,6,2,0.10279287611111111,5145,60996337
3,2,1,0,0,3,28,44,0,1,0.11357937069444445,5146,61004256
12,7,2,3,5,7,63,9,43,4,0.34247378125,5147,61012175
10,5,2,3,1,9,43,29,38,5,0.32931137222222223,5148,61020094
5,0,1,4,3,2,36,36,8,2,0.10993043805555555,5149,61028013
6,3,1,2,4,2,41,31,11,3,0.18198584013888888,5150,61035932
8,5,3,0,4,4,45,27,25,3,0.25687703430555553,5151,61043851
6,2,3,1,2,4,37,35,12,3,0.20128976138888888,5152,61051770
4,3,0,1,2,2,41,31,18,2,0.12158941430555556,5153,61059689
3,2,0,1,2,1,31,41,0,1,0.1434141765277778,5154,61067608
8,4,2,2,3,5,50,22,34,3,0.30541358527777773,5155,61075527
8,4,2,2,4,4,53,19,21,2,0.20265934819444442,5156,61083446
5,3,0,2,1,4,32,40,20,2,0.18244754666666668,5157,61091365
9,6,1,2,7,2,54,18,28,4,0.23556010111111114,5158,61099284
9,6,1,2,2,7,44,28,17,4,0.28682412319444445,5159,61107203
6,6,0,0,2,4,48,24,16,2,0.22521775347222223,5160,61115122
10,3,4,3,3,7,57,15,35,5,0.2469908659722222,5161,61123041
6,4,2,0,1,5,50,22,17,3,0.20009084777777777,5162,61130960
9,3,4,2,1,8,41,31,26,4,0.34471483430555555,5163,61138879
6,3,3,0,2,4,32,40,13,4,0.10479881694444443,5164,61146798
4,1,2,1,2,2,25,47,9,3,0.07062078652777777,5165,61154717
8,5,1,2,3,5,59,13,8,2,0.32436965013888885,5166,61162636
8,3,0,5,2,6,47,25,13,2,0.18535171569444447,5167,61170555
5,1,2,2,3,2,37,35,14,3,0.14441182819444445,5168,61178474
1,1,0,0,0,1,7,65,0,1,0.046238881111111116,5169,61186393
8,4,3,1,3,5,49,23,18,2,0.2409977181944445,5170,61194312
2,0,0,2,1,1,22,50,0,1,0.08061439819444444,5171,61202231
6,3,3,0,2,4,46,26,23,2,0.23322422527777775,5172,61210150
3,2,0,1,1,2,30,42,13,2,0.05440789152777778,5173,61218069
3,3,0,0,0,3,27,45,0,1,0.11675563138888886,5174,61225988
10,5,2,3,4,6,59,13,25,3,0.16139157541666668,5175,61233907
7,6,0,1,4,3,45,27,9,3,0.243952195,5176,61241826
4,1,1,2,3,1,38,34,11,2,0.13308765402777778,5177,61249745
9,4,2,3,3,6,48,24,28,3,0.29431853555555554,5178,61257664
4,3,1,0,3,1,24,48,0,1,0.1333339059722222,5179,61265583
6,3,2,1,3,3,37,35,9,3,0.19403393819444445,5180,61273502
8,3,4,1,3,5,42,30,27,3,0.13843644319444445,5181,61281421
8,3,4,1,3,5,52,20,18,2,0.2978918745833333,5182,61289340
6,2,3,1,2,4,45,27,11,2,0.16500078444444444,5183,61297259
8,2,5,1,4,4,39,33,21,4,0.14972224055555555,5184,61305178
6,4,1,1,2,4,59,13,11,2,0.31982119402777776,5185,61313097
5,3,2,0,2,3,36,36,11,3,0.13975225305555558,5186,61321016
7,3,2,2,3,4,51,21,13,2,0.28620907124999995,5187,61328935
5,3,2,0,2,3,31,41,9,3,0.16015871541666668,5188,61336854
9,3,4,2,4,5,48,24,34,4,0.20229566097222224,5189,61344773
7,5,1,1,3,4,49,23,29,3,0.24156197180555555,5190,61352692
7,3,2,2,4,3,45,27,18,2,0.14976870888888888,5191,61360611
11,5,4,2,4,7,62,10,34,4,0.5658464911111111,5192,61368530
4,2,2,0,1,3,50,22,5,2,0.20548298458333336,5193,61376449
6,5,1,0,5,1,49,23,24,3,0.22148262222222226,5194,61384368
8,4,3,1,2,6,46,26,16,3,0.25743593805555554,5195,61392287
10,4,3,3,4,6,59,13,28,3,0.4048005365277778,5196,61400206
6,2,2,2,2,4,52,20,13,2,0.28380653125,5197,61408125
6,1,4,1,2,4,40,32,15,2,0.18045831930555556,5198,61416044
10,4,4,2,1,9,57,15,34,3,0.33551251402777776,5199,61423963
8,6,1,1,3,5,51,21,23,3,0.28488148055555557,5200,61431882
5,2,0,3,4,1,49,23,9,2,0.3085996391666666,5201,61439801
7,4,0,3,3,4,43,29,16,3,0.19546370138888886,5202,61447720
10,4,4,2,5,5,64,8,37,4,0.18458532194444444,5203,61455639
6,4,2,0,3,3,39,33,3,3,0.13253969624999998,5204,61463558
4,1,2,1,0,4,28,44,9,2,0.18415987027777778,5205,61471477
7,4,1,2,0,7,46,26,16,5,0.3200716633333333,5206,61479396
7,4,2,1,4,3,48,24,19,3,0.1926080436111111,5207,61487315
4,3,0,1,1,3,24,48,12,2,0.11999389777777776,5208,61495234
6,4,1,1,2,4,49,23,14,2,0.19077862763888886,5209,61503153
5,3,1,1,1,4,28,44,4,2,0.1287805901388889,5210,61511072
4,3,0,1,2,2,36,36,5,2,0.18262059263888888,5211,61518991
4,1,2,1,0,4,24,48,18,3,0.26359784652777773,5212,61526910
5,1,2,2,3,2,42,30,12,3,0.29150513305555553,5213,61534829
10,6,2,2,3,7,59,13,45,3,0.2569035180555555,5214,61542748
6,2,1,3,4,2,51,21,18,2,0.22220472111111111,5215,61550667
6,3,2,1,3,3,52,20,19,2,0.16686302416666665,5216,61558586
2,1,1,0,1,1,17,55,13,2,0.031757731111111104,5217,61566505
6,4,1,1,4,2,47,25,8,2,0.19833541722222223,5218,61574424
3,2,0,1,1,2,23,49,6,2,0.08511286805555557,5219,61582343
5,1,3,1,2,3,32,40,17,3,0.16287314708333334,5220,61590262
4,2,2,0,3,1,44,28,2,2,0.12619007361111112,5221,61598181
7,3,1,3,4,3,43,29,15,3,0.27865457180555553,5222,61606100
6,2,2,2,1,5,36,36,13,2,0.22744428097222225,5223,61614019
5,3,1,1,3,2,40,32,14,3,0.10160066444444443,5224,61621938
4,2,1,1,1,3,37,35,6,2,0.17377591819444443,5225,61629857
9,5,3,1,2,7,50,22,35,3,0.2316232320833333,5226,61637776
4,3,0,1,1,3,44,28,3,2,0.2074573025,5227,61645695
6,2,2,2,2,4,34,38,16,3,0.1796539875,5228,61653614
7,4,1,2,4,3,51,21,19,3,0.16320226166666668,5229,61661533
8,7,1,0,4,4,50,22,18,2,0.28373595402777785,5230,61669452
9,4,2,3,4,5,58,14,31,3,0.23217189069444444,5231,61677371
4,2,0,2,1,3,44,28,6,2,0.23662442722222218,5232,61685290
8,2,2,4,3,5,41,31,25,3,0.12977955638888888,5233,61693209
7,4,3,0,1,6,41,31,14,4,0.20641304138888886,5234,61701128
8,5,2,1,3,5,53,19,18,3,0.24603159958333334,5235,61709047
5,2,0,3,2,3,34,38,22,3,0.11695460083333334,5236,61716966
7,5,2,0,2,5,49,23,28,3,0.35728152708333333,5237,61724885
3,0,0,3,0,3,20,52,7,2,0.07322844152777777,5238,61732804
6,4,1,1,2,4,49,23,11,2,0.17991874902777777,5239,61740723
5,3,0,2,1,4,36,36,12,3,0.14510691597222222,5240,61748642
6,3,3,0,3,3,39,33,17,2,0.15751475486111108,5241,61756561
7,5,0,2,3,4,47,25,22,5,0.23682038180555556,5242,61764480
3,0,2,1,1,2,22,50,12,2,0.1350304886111111,5243,61772399
11,7,3,1,5,6,64,8,42,4,0.2805554791666667,5244,61780318
5,3,2,0,2,3,25,47,11,2,0.08123910166666665,5245,61788237
8,3,1,4,4,4,60,12,22,3,0.26745083555555554,5246,61796156
9,7,1,1,5,4,53,19,25,4,0.21480977722222225,5247,61804075
2,1,1,0,0,2,19,53,0,1,0.08283184541666667,5248,61811994
9,5,2,2,4,5,55,17,28,3,0.3000711298611111,5249,61819913
5,3,0,2,2,3,32,40,5,2,0.13614333902777778,5250,61827832
9,4,4,1,3,6,47,25,24,4,0.19328185833333333,5251,61835751
5,3,0,2,2,3,35,37,13,3,0.17431034125,5252,61843670
6,4,0,2,4,2,46,26,7,3,0.18688147777777775,5253,61851589
6,3,2,1,4,2,39,33,18,3,0.24290210833333337,5254,61859508
2,1,1,0,1,1,12,60,0,1,0.043453746527777774,5255,61867427
6,3,3,0,2,4,39,33,10,2,0.18868880861111112,5256,61875346
8,3,4,1,3,5,54,18,17,4,0.2680995540277778,5257,61883265
6,3,3,0,2,4,51,21,18,2,0.27370985166666667,5258,61891184
4,2,1,1,0,4,29,43,5,2,0.1805610790277778,5259,61899103
7,3,1,3,3,4,37,35,11,3,0.22728970777777777,5260,61907022
9,3,5,1,3,6,53,19,27,3,0.3145004447222222,5261,61914941
10,5,2,3,4,6,57,15,23,4,0.3343987888888889,5262,61922860
7,6,0,1,4,3,47,25,15,4,0.3058054575,5263,61930779
5,2,2,1,2,3,29,43,18,2,0.09623716333333333,5264,61938698
8,5,2,1,3,5,54,18,25,3,0.22788376680555558,5265,61946617
9,3,3,3,2,7,46,26,27,4,0.29227500222222225,5266,61954536
5,3,1,1,2,3,37,35,15,3,0.19980157805555557,5267,61962455
7,4,2,1,3,4,57,15,22,3,0.2569219283333333,5268,61970374
3,3,0,0,3,0,45,27,0,1,0.14404999541666666,5269,61978293
8,5,2,1,4,4,40,32,23,3,0.22279280111111108,5270,61986212
7,4,2,1,2,5,49,23,25,3,0.31950649694444444,5271,61994131
7,5,2,0,2,5,44,28,16,2,0.27509407152777776,5272,62002050
9,2,5,2,2,7,51,21,24,4,0.2793341743055555,5273,62009969
10,4,4,2,4,6,60,12,21,4,0.2962144780555555,5274,62017888
8,5,2,1,2,6,69,3,26,2,0.30936390291666666,5275,62025807
7,4,3,0,2,5,49,23,12,2,0.18510043486111108,5276,62033726
5,3,2,0,2,3,45,27,4,2,0.15097183013888887,5277,62041645
1,0,0,1,0,1,5,67,0,1,0.03272675013888889,5278,62049564
7,3,2,2,4,3,35,37,15,3,0.19633530041666666,5279,62057483
10,7,2,1,4,6,55,17,15,4,0.2823748348611111,5280,62065402
6,4,2,0,4,2,42,30,17,2,0.23141252347222224,5281,62073321
7,4,3,0,1,6,41,31,13,4,0.20460252041666668,5282,62081240
3,3,0,0,1,2,47,25,0,1,0.17517858458333332,5283,62089159
8,2,2,4,3,5,46,26,22,3,0.2819157072222222,5284,62097078
7,4,2,1,5,2,59,13,22,2,0.33880332069444447,5285,62104997
8,4,2,2,1,7,47,25,24,3,0.3145060416666667,5286,62112916
3,2,1,0,1,2,28,44,0,1,0.08442814333333333,5287,62120835
3,1,1,1,0,3,20,52,7,2,0.09459491791666667,5288,62128754
2,1,1,0,1,1,17,55,0,1,0.09889732402777779,5289,62136673
7,4,3,0,2,5,49,23,25,3,0.34854956375,5290,62144592
8,4,2,2,1,7,48,24,21,3,0.28370307305555553,5291,62152511
6,3,2,1,1,5,41,31,14,2,0.2716133248611111,5292,62160430
3,2,1,0,0,3,24,48,0,1,0.09207778236111111,5293,62168349
10,4,3,3,2,8,61,11,35,5,0.40050334874999993,5294,62176268
6,3,2,1,1,5,41,31,13,3,0.21632910458333335,5295,62184187
10,5,2,3,5,5,60,12,19,3,0.30871235388888896,5296,62192106
10,6,2,2,4,6,55,17,39,4,0.34822599375,5297,62200025
2,1,1,0,1,1,21,51,0,1,0.11864603666666668,5298,62207944
9,4,3,2,4,5,57,15,19,3,0.3108623584722222,5299,62215863
5,3,1,1,3,2,49,23,4,2,0.19526611138888889,5300,62223782
6,4,0,2,4,2,50,22,15,3,0.21776854041666668,5301,62231701
7,6,1,0,4,3,45,27,27,3,0.25523033083333335,5302,62239620
4,2,0,2,2,2,27,45,14,3,0.07731489222222222,5303,62247539
5,1,3,1,3,2,38,34,3,2,0.17382096972222222,5304,62255458
6,2,0,4,3,3,48,24,6,2,0.22929151722222219,5305,62263377
4,4,0,0,2,2,45,27,5,2,0.11641099347222222,5306,62271296
4,2,1,1,0,4,26,46,0,1,0.12221031875,5307,62279215
6,2,3,1,2,4,41,31,2,2,0.2053772748611111,5308,62287134
6,2,3,1,0,6,24,48,13,3,0.17099287083333334,5309,62295053
5,2,2,1,2,3,43,29,4,2,0.17321611472222223,5310,62302972
9,7,1,1,4,5,64,8,34,4,0.2607071294444444,5311,62310891
7,5,1,1,1,6,44,28,28,3,0.12427450708333335,5312,62318810
7,4,1,2,3,4,50,22,10,2,0.22297839208333337,5313,62326729
6,2,3,1,2,4,40,32,10,2,0.24680101819444447,5314,62334648
6,3,2,1,2,4,40,32,23,3,0.27277620458333335,5315,62342567
2,2,0,0,1,1,13,59,0,1,0.09233290749999999,5316,62350486
3,2,1,0,1,2,30,42,11,2,0.22758881305555553,5317,62358405
7,4,1,2,4,3,54,18,19,2,0.2842216713888889,5318,62366324
4,0,2,2,0,4,37,35,1,2,0.11773862236111111,5319,62374243
7,2,3,2,1,6,42,30,16,3,0.17036641805555555,5320,62382162
9,3,5,1,2,7,46,26,19,3,0.18620287666666668,5321,62390081
4,2,1,1,1,3,28,44,5,2,0.09574348263888889,5322,62398000
6,3,0,3,2,4,39,33,26,4,0.12331186888888888,5323,62405919
9,5,2,2,1,8,60,12,18,3,0.29374145194444445,5324,62413838
9,1,5,3,3,6,37,35,30,4,0.20799103694444446,5325,62421757
8,3,2,3,6,2,56,16,18,2,0.3098898261111111,5326,62429676
3,1,1,1,2,1,35,37,13,2,0.12159187472222222,5327,62437595
6,3,1,2,1,5,32,40,14,4,0.17649072319444445,5328,62445514
6,5,0,1,2,4,53,19,20,2,0.23053257069444444,5329,62453433
7,3,2,2,4,3,45,27,18,3,0.20014455083333332,5330,62461352
6,2,2,2,2,4,37,35,9,2,0.15137889694444445,5331,62469271
5,2,2,1,1,4,25,47,7,3,0.13229065625000003,5332,62477190
6,4,1,1,3,3,48,24,13,2,0.1680737601388889,5333,62485109
6,2,3,1,0,6,42,30,13,3,0.19393159833333332,5334,62493028
4,3,1,0,2,2,42,30,13,3,0.1626945309722222,5335,62500947
5,2,1,2,4,1,34,38,9,2,0.14896435444444445,5336,62508866
2,0,0,2,2,0,21,51,0,1,0.11002605944444444,5337,62516785
8,6,1,1,3,5,61,11,26,3,0.22062065375,5338,62524704
2,0,1,1,1,1,11,61,0,1,0.04160798736111111,5339,62532623
8,3,4,1,0,8,46,26,9,2,0.27775845236111113,5340,62540542
2,2,0,0,2,0,20,52,0,1,0.08959032819444444,5341,62548461
13,4,7,2,1,12,61,11,35,4,0.5594823698611111,5342,62556380
7,1,4,2,1,6,28,44,14,4,0.19143037638888888,5343,62564299
4,1,1,2,1,3,34,38,9,2,0.12052581833333334,5344,62572218
4,1,2,1,4,0,34,38,6,2,0.10641027041666666,5345,62580137
5,2,1,2,2,3,25,47,20,3,0.2312677327777778,5346,62588056
7,3,1,3,2,5,58,14,21,3,0.329643325,5347,62595975
8,2,3,3,2,6,48,24,30,4,0.2516376559722222,5348,62603894
9,5,3,1,3,6,46,26,22,3,0.1840111709722222,5349,62611813
10,5,2,3,5,5,50,22,43,5,0.19485979611111112,5350,62619732
6,4,0,2,0,6,42,30,7,3,0.21018944736111111,5351,62627651
8,3,2,3,1,7,56,16,11,3,0.36630903666666664,5352,62635570
9,6,2,1,1,8,68,4,39,3,0.3235681916666666,5353,62643489
7,4,1,2,3,4,39,33,21,3,0.20747993972222226,5354,62651408
6,3,3,0,1,5,55,17,6,2,0.19550617125,5355,62659327
5,0,2,3,2,3,43,29,8,2,0.14840368958333333,5356,62667246
3,1,2,0,0,3,27,45,11,2,0.15607578611111111,5357,62675165
3,0,1,2,2,1,23,49,0,1,0.08687794902777778,5358,62683084
6,4,1,1,1,5,33,39,12,3,0.1589560736111111,5359,62691003
3,3,0,0,1,2,24,48,8,2,0.09761022180555555,5360,62698922
9,6,2,1,3,6,64,8,24,3,0.36623826388888886,5361,62706841
9,3,4,2,3,6,55,17,16,3,0.25102711958333335,5362,62714760
6,1,4,1,3,3,30,42,13,4,0.11452137083333334,5363,62722679
3,3,0,0,0,3,24,48,5,2,0.11685545708333334,5364,62730598
5,2,3,0,3,2,44,28,16,2,0.23574878361111112,5365,62738517
4,2,2,0,1,3,36,36,7,3,0.16086919916666664,5366,62746436
4,1,3,0,0,4,44,28,4,2,0.1867078686111111,5367,62754355
5,4,1,0,3,2,47,25,14,2,0.26733737569444443,5368,62762274
7,1,4,2,0,7,45,27,11,3,0.2566822705555556,5369,62770193
4,1,1,2,0,4,35,37,5,2,0.16722092111111111,5370,62778112
6,1,4,1,2,4,44,28,28,2,0.1153435075,5371,62786031
3,1,2,0,0,3,17,55,5,2,0.14229665319444443,5372,62793950
11,7,2,2,4,7,65,7,37,4,0.37047415777777776,5373,62801869
7,4,2,1,2,5,55,17,30,3,0.2628723465277778,5374,62809788
11,2,7,2,2,9,55,17,28,4,0.32842449347222225,5375,62817707
5,3,1,1,4,1,28,44,15,2,0.13885419,5376,62825626
9,4,3,2,3,6,39,33,34,3,0.22461033472222228,5377,62833545
6,2,3,1,2,4,51,21,15,2,0.2786026281944445,5378,62841464
6,2,2,2,2,4,39,33,20,3,0.23318843388888888,5379,62849383
4,2,0,2,1,3,29,43,4,2,0.1473158020833333,5380,62857302
4,2,1,1,3,1,23,49,4,2,0.13171812708333333,5381,62865221
14,4,8,2,3,11,69,3,36,5,0.3658761663888889,5382,62873140
8,2,6,0,2,6,49,23,13,3,0.2045447825,5383,62881059
0,0,0,0,0,0,0,72,0,0,0.0,5384,62888978
11,3,5,3,4,7,57,15,35,5,0.32131017444444443,5385,62896897
9,6,2,1,3,6,51,21,19,3,0.2763282627777778,5386,62904816
1,0,0,1,0,1,8,64,0,1,0.016077727083333333,5387,62912735
7,1,4,2,1,6,22,50,15,5,0.14505191722222222,5388,62920654
5,3,2,0,0,5,37,35,18,2,0.199963795,5389,62928573
12,6,5,1,2,10,68,4,37,3,0.40398258930555553,5390,62936492
3,1,2,0,2,1,24,48,10,2,0.07758039763888888,5391,62944411
8,5,2,1,2,6,31,41,14,5,0.26142803972222217,5392,62952330
5,3,1,1,2,3,36,36,12,2,0.21121681222222222,5393,62960249
10,6,4,0,5,5,51,21,24,4,0.25848376930555556,5394,62968168
4,1,2,1,1,3,24,48,2,2,0.13624659402777778,5395,62976087
4,4,0,0,3,1,40,32,17,3,0.16289952208333333,5396,62984006
4,4,0,0,2,2,39,33,16,2,0.2176898288888889,5397,62991925
7,3,2,2,4,3,37,35,25,3,0.14769434902777778,5398,62999844
3,2,0,1,2,1,39,33,10,2,0.26400432902777776,5399,63007763
7,3,3,1,1,6,43,29,17,2,0.24414698694444445,5400,63015682
6,4,2,0,1,5,40,32,20,3,0.1881086676388889,5401,63023601
8,3,3,2,3,5,59,13,37,4,0.2888549066666667,5402,63031520
8,2,2,4,4,4,42,30,17,3,0.1874180513888889,5403,63039439
7,4,1,2,3,4,50,22,26,2,0.2190812947222222,5404,63047358
8,5,1,2,3,5,48,24,21,4,0.20424346569444446,5405,63055277
12,7,2,3,3,9,53,19,33,4,0.37736827402777773,5406,63063196
8,6,0,2,4,4,49,23,27,2,0.27905543833333335,5407,63071115
7,3,2,2,2,5,42,30,24,3,0.31246404930555555,5408,63079034
9,3,3,3,1,8,51,21,24,4,0.2543118543055556,5409,63086953
6,4,1,1,1,5,36,36,13,4,0.1725675801388889,5410,63094872
2,1,1,0,2,0,13,59,5,2,0.0984561726388889,5411,63102791
8,2,3,3,3,5,46,26,20,3,0.19611133472222222,5412,63110710
12,7,3,2,5,7,59,13,32,4,0.42926108513888894,5413,63118629
2,2,0,0,1,1,19,53,0,1,0.08648923138888888,5414,63126548
4,3,0,1,0,4,50,22,14,2,0.24566006472222224,5415,63134467
7,5,2,0,4,3,48,24,20,3,0.18142471208333333,5416,63142386
3,2,0,1,1,2,43,29,0,1,0.12530139,5417,63150305
8,5,2,1,4,4,42,30,19,4,0.16526009499999997,5418,63158224
4,2,1,1,0,4,29,43,5,2,0.1614271277777778,5419,63166143
8,4,3,1,1,7,39,33,19,4,0.2580588775,5420,63174062
6,5,1,0,1,5,25,47,21,3,0.19843274986111112,5421,63181981
8,3,3,2,5,3,54,18,21,3,0.2686394480555555,5422,63189900
8,3,3,2,3,5,50,22,26,4,0.19974881708333334,5423,63197819
8,3,3,2,2,6,49,23,19,4,0.22874208194444445,5424,63205738
7,1,4,2,2,5,43,29,9,4,0.200067335,5425,63213657
7,2,3,2,3,4,39,33,21,3,0.28669208180555555,5426,63221576
8,4,2,2,2,6,42,30,24,3,0.22430879180555557,5427,63229495
9,1,4,4,5,4,37,35,28,3,0.17426665694444443,5428,63237414
9,4,2,3,3,6,56,16,22,3,0.3563678988888889,5429,63245333
8,3,3,2,4,4,56,16,29,2,0.26716516999999995,5430,63253252
6,3,2,1,1,5,67,5,16,2,0.2066982247222222,5431,63261171
2,1,0,1,2,0,16,56,0,1,0.039745032500000006,5432,63269090
7,6,0,1,4,3,52,20,28,3,0.23605654277777777,5433,63277009
5,3,1,1,2,3,35,37,2,2,0.17613197319444446,5434,63284928
9,3,3,3,5,4,59,13,21,4,0.2409231479166666,5435,63292847
4,1,0,3,1,3,33,39,1,2,0.13924112638888891,5436,63300766
4,4,0,0,0,4,39,33,13,3,0.24619255652777777,5437,63308685
5,5,0,0,2,3,30,42,13,3,0.1442764625,5438,63316604
3,3,0,0,1,2,34,38,1,2,0.1243233761111111,5439,63324523
3,2,1,0,1,2,35,37,6,2,0.2023774461111111,5440,63332442
9,4,2,3,2,7,41,31,34,4,0.3009555536111111,5441,63340361
2,1,1,0,0,2,16,56,0,1,0.04188141361111111,5442,63348280
4,2,2,0,2,2,29,43,12,3,0.15241846388888888,5443,63356199
9,6,2,1,3,6,55,17,32,4,0.2848638420833333,5444,63364118
6,4,1,1,3,3,38,34,13,3,0.22608005513888893,5445,63372037
8,5,1,2,2,6,54,18,20,4,0.20001257666666664,5446,63379956
6,2,2,2,2,4,39,33,9,3,0.2082241068055556,5447,63387875
5,2,2,1,1,4,46,26,9,2,0.24213909541666664,5448,63395794
6,3,3,0,0,6,36,36,13,2,0.27843810402777774,5449,63403713
3,1,2,0,0,3,26,46,0,1,0.15835908916666666,5450,63411632
7,5,1,1,4,3,41,31,25,3,0.14306416722222223,5451,63419551
4,2,2,0,2,2,34,38,8,2,0.20838803833333333,5452,63427470
4,1,0,3,2,2,40,32,5,2,0.17901463138888887,5453,63435389
6,4,1,1,3,3,43,29,22,3,0.35944198916666664,5454,63443308
7,4,3,0,2,5,58,14,22,3,0.2940524738888889,5455,63451227
7,3,2,2,3,4,58,14,13,3,0.22971177652777777,5456,63459146
5,4,1,0,3,2,34,38,14,3,0.232784205,5457,63467065
3,1,2,0,0,3,28,44,2,2,0.14285042874999998,5458,63474984
9,2,4,3,2,7,54,18,21,3,0.21673498805555555,5459,63482903
6,3,2,1,4,2,45,27,16,3,0.15570872416666667,5460,63490822
1,0,1,0,0,1,9,63,0,1,0.05305129125,5461,63498741
5,1,3,1,1,4,49,23,12,3,0.21528487541666666,5462,63506660
9,2,4,3,4,5,49,23,24,3,0.29205973569444443,5463,63514579
5,2,1,2,2,3,49,23,4,2,0.20438629180555556,5464,63522498
5,3,1,1,2,3,39,33,9,3,0.2590502588888889,5465,63530417
3,1,1,1,0,3,19,53,0,1,0.09363186902777779,5466,63538336
10,4,4,2,4,6,45,27,24,5,0.3052651748611111,5467,63546255
2,1,1,0,2,0,13,59,8,2,0.058443384027777774,5468,63554174
12,6,2,4,4,8,69,3,43,5,0.3666184766666667,5469,63562093
7,5,0,2,3,4,43,29,21,4,0.3027989044444444,5470,63570012
6,4,1,1,3,3,38,34,10,3,0.1521133754166667,5471,63577931
5,4,0,1,3,2,51,21,19,2,0.13549209097222223,5472,63585850
5,2,1,2,1,4,39,33,8,2,0.2299641486111111,5473,63593769
8,4,3,1,3,5,39,33,25,3,0.18702255166666668,5474,63601688
4,3,0,1,1,3,40,32,1,2,0.13532044652777778,5475,63609607
4,2,2,0,2,2,29,43,14,3,0.1456845501388889,5476,63617526
3,3,0,0,1,2,23,49,0,1,0.11979396,5477,63625445
3,3,0,0,0,3,23,49,8,2,0.12390216527777777,5478,63633364
4,0,2,2,3,1,23,49,11,2,0.10981116569444445,5479,63641283
5,3,1,1,3,2,34,38,5,2,0.16348033486111113,5480,63649202
7,2,2,3,0,7,24,48,16,4,0.2897634726388889,5481,63657121
6,3,1,2,3,3,55,17,18,2,0.24343518319444446,5482,63665040
5,4,0,1,1,4,46,26,5,2,0.23272210319444447,5483,63672959
3,2,0,1,0,3,30,42,0,1,0.09474064347222222,5484,63680878
5,1,4,0,0,5,48,24,1,2,0.22010937986111112,5485,63688797
6,3,1,2,4,2,40,32,9,2,0.22170387625,5486,63696716
8,4,3,1,2,6,41,31,26,3,0.22216315666666667,5487,63704635
7,5,2,0,3,4,55,17,20,4,0.39963986083333336,5488,63712554
4,1,2,1,3,1,33,39,1,2,0.11899384416666667,5489,63720473
6,2,1,3,4,2,37,35,6,2,0.1612392340277778,5490,63728392
6,3,2,1,2,4,33,39,11,2,0.1634536736111111,5491,63736311
6,5,0,1,2,4,50,22,21,3,0.2005264661111111,5492,63744230
4,2,2,0,0,4,30,42,4,2,0.13619879972222224,5493,63752149
9,5,2,2,3,6,44,28,24,4,0.28325968625,5494,63760068
4,2,2,0,0,4,32,40,4,2,0.14411723375,5495,63767987
9,4,1,4,2,7,59,13,18,5,0.27667363777777776,5496,63775906
4,2,2,0,1,3,17,55,3,2,0.08854330833333333,5497,63783825
7,5,2,0,2,5,53,19,19,3,0.28418834027777773,5498,63791744
13,5,4,4,2,11,65,7,49,5,0.4098562233333334,5499,63799663
3,0,2,1,1,2,18,54,0,1,0.1036052548611111,5500,63807582
8,5,2,1,2,6,52,20,17,4,0.21820867819444445,5501,63815501
8,4,1,3,5,3,55,17,34,3,0.23342080708333335,5502,63823420
5,4,1,0,3,2,28,44,11,3,0.07905569055555556,5503,63831339
7,2,4,1,1,6,57,15,10,2,0.22808132041666665,5504,63839258
12,5,5,2,7,5,56,16,37,4,0.36266804069444447,5505,63847177
8,3,3,2,5,3,40,32,15,3,0.2740352601388889,5506,63855096
12,4,6,2,6,6,58,14,51,4,0.3053122988888889,5507,63863015
5,3,2,0,1,4,40,32,7,2,0.21347314819444443,5508,63870934
11,6,0,5,2,9,59,13,39,4,0.3504712015277778,5509,63878853
7,5,1,1,2,5,41,31,13,3,0.1952310640277778,5510,63886772
9,4,5,0,3,6,45,27,20,4,0.2380945004166667,5511,63894691
11,6,2,3,6,5,36,36,18,5,0.22820040069444442,5512,63902610
9,5,2,2,4,5,50,22,23,3,0.24122792652777778,5513,63910529
6,3,2,1,2,4,50,22,19,2,0.16142001875,5514,63918448
3,3,0,0,0,3,23,49,7,2,0.12892404402777777,5515,63926367
4,2,1,1,1,3,40,32,0,1,0.16807647458333333,5516,63934286
4,0,1,3,2,2,29,43,2,2,0.1379749025,5517,63942205
5,0,4,1,0,5,28,44,6,3,0.14372535055555558,5518,63950124
7,4,0,3,3,4,45,27,23,3,0.19938170569444444,5519,63958043
8,4,3,1,4,4,55,17,25,3,0.21552288263888889,5520,63965962
5,1,3,1,0,5,34,38,16,2,0.21982547472222225,5521,63973881
5,2,1,2,0,5,31,41,23,3,0.28946943375,5522,63981800
4,1,3,0,0,4,20,52,9,3,0.17264803375,5523,63989719
4,3,0,1,3,1,38,34,4,2,0.20253663444444445,5524,63997638
7,6,1,0,3,4,43,29,19,3,0.13205924027777777,5525,64005557
8,3,3,2,1,7,39,33,24,3,0.24068329208333333,5526,64013476
9,3,3,3,4,5,43,29,26,5,0.2072201920833333,5527,64021395
13,6,3,4,5,8,64,8,38,3,0.3289573148611111,5528,64029314
4,3,0,1,3,1,29,43,12,3,0.12478521819444444,5529,64037233
8,5,2,1,2,6,59,13,28,3,0.36886460694444445,5530,64045152
3,2,1,0,1,2,34,38,1,2,0.12366314263888888,5531,64053071
5,4,0,1,1,4,31,41,16,3,0.22690251972222222,5532,64060990
5,4,1,0,0,5,41,31,18,3,0.16157682125000003,5533,64068909
6,3,1,2,2,4,41,31,16,2,0.20163838499999998,5534,64076828
7,2,4,1,2,5,44,28,15,4,0.18372286777777777,5535,64084747
5,3,2,0,0,5,52,20,11,2,0.21528634708333333,5536,64092666
7,3,4,0,2,5,41,31,16,3,0.19740135708333337,5537,64100585
2,2,0,0,0,2,18,54,0,1,0.12256171791666665,5538,64108504
6,4,1,1,2,4,31,41,23,4,0.12290157125,5539,64116423
7,2,4,1,1,6,39,33,17,3,0.3018895595833333,5540,64124342
6,3,1,2,3,3,46,26,5,2,0.23790630694444445,5541,64132261
7,3,3,1,4,3,48,24,14,3,0.11573569013888887,5542,64140180
7,5,2,0,2,5,49,23,30,3,0.2368923141666667,5543,64148099
7,3,2,2,2,5,39,33,23,3,0.38701278166666664,5544,64156018
7,3,1,3,2,5,33,39,18,4,0.18559592902777777,5545,64163937
4,0,3,1,1,3,38,34,3,2,0.21179176958333334,5546,64171856
8,2,3,3,3,5,52,20,15,4,0.27590240736111116,5547,64179775
6,4,0,2,2,4,42,30,14,2,0.20098306791666667,5548,64187694
7,3,2,2,1,6,43,29,25,4,0.20636072888888887,5549,64195613
5,3,1,1,1,4,57,15,3,2,0.2788296508333333,5550,64203532
7,4,1,2,5,2,59,13,30,2,0.26673404833333336,5551,64211451
10,5,2,3,4,6,53,19,35,4,0.24967345194444443,5552,64219370
10,5,2,3,1,9,60,12,33,3,0.32070053819444444,5553,64227289
4,1,1,2,2,2,24,48,9,3,0.10538134319444444,5554,64235208
7,1,5,1,3,4,47,25,19,3,0.2638702740277778,5555,64243127
4,2,2,0,0,4,42,30,0,1,0.15920724888888887,5556,64251046
7,4,3,0,3,4,61,11,23,2,0.31877192055555553,5557,64258965
5,2,3,0,1,4,26,46,15,2,0.12463167083333333,5558,64266884
6,2,1,3,0,6,41,31,10,3,0.18168964541666666,5559,64274803
9,5,2,2,2,7,62,10,22,3,0.2943693866666667,5560,64282722
5,4,1,0,2,3,50,22,16,2,0.24998886375,5561,64290641
7,2,2,3,4,3,43,29,23,3,0.15961449402777778,5562,64298560
10,3,4,3,1,9,45,27,28,3,0.3457981383333333,5563,64306479
6,2,1,3,2,4,46,26,10,3,0.23738349250000004,5564,64314398
6,2,2,2,2,4,48,24,8,2,0.18956861375,5565,64322317
8,3,4,1,3,5,55,17,28,3,0.26976172319444447,5566,64330236
8,5,3,0,2,6,45,27,20,3,0.22190961583333332,5567,64338155
5,4,0,1,1,4,43,29,16,2,0.22294374027777777,5568,64346074
5,1,3,1,1,4,48,24,3,2,0.13371199152777777,5569,64353993
5,2,2,1,1,4,38,34,12,2,0.14966365652777777,5570,64361912
3,1,2,0,2,1,18,54,0,1,0.08335068166666665,5571,64369831
5,4,1,0,3,2,33,39,10,2,0.18035880291666667,5572,64377750
7,3,3,1,1,6,48,24,9,2,0.27829771875,5573,64385669
12,5,3,4,3,9,67,5,52,4,0.3298774320833333,5574,64393588
8,3,4,1,2,6,40,32,18,4,0.25217050124999996,5575,64401507
4,1,2,1,2,2,36,36,13,2,0.13550345875000003,5576,64409426
6,5,1,0,2,4,38,34,10,3,0.1669982648611111,5577,64417345
4,2,1,1,3,1,25,47,7,2,0.1425091884722222,5578,64425264
4,2,1,1,3,1,37,35,15,4,0.1327987609722222,5579,64433183
6,2,2,2,1,5,37,35,14,3,0.23632723458333332,5580,64441102
7,1,2,4,3,4,37,35,15,3,0.16038432027777777,5581,64449021
4,2,1,1,2,2,28,44,0,1,0.10227548777777778,5582,64456940
9,4,3,2,4,5,53,19,30,3,0.2215905740277778,5583,64464859
4,3,1,0,0,4,34,38,9,2,0.23171581624999998,5584,64472778
4,2,2,0,1,3,53,19,6,2,0.17587875694444444,5585,64480697
10,2,5,3,6,4,50,22,29,3,0.2517483274999999,5586,64488616
4,1,1,2,2,2,24,48,6,3,0.11724479388888888,5587,64496535
5,1,2,2,3,2,40,32,13,2,0.09930546597222223,5588,64504454
5,4,0,1,1,4,42,30,2,2,0.16845425000000003,5589,64512373
7,3,4,0,1,6,52,20,12,2,0.3076220170833333,5590,64520292
6,4,1,1,4,2,47,25,19,2,0.2848341672222222,5591,64528211
8,6,1,1,4,4,55,17,30,3,0.2642959248611111,5592,64536130
6,2,3,1,4,2,45,27,5,2,0.2034475073611111,5593,64544049
5,4,1,0,2,3,57,15,0,1,0.23926029569444443,5594,64551968
6,4,1,1,4,2,41,31,16,2,0.2471311066666667,5595,64559887
2,1,0,1,1,1,23,49,0,1,0.08971717291666666,5596,64567806
4,1,0,3,2,2,32,40,9,2,0.12642077444444444,5597,64575725
2,2,0,0,0,2,28,44,0,1,0.16830055472222222,5598,64583644
8,4,2,2,4,4,54,18,21,2,0.24262717916666665,5599,64591563
8,3,3,2,0,8,46,26,22,3,0.3291553770833333,5600,64599482
6,3,1,2,2,4,54,18,14,3,0.29727439722222226,5601,64607401
8,2,3,3,3,5,48,24,20,4,0.29943624944444447,5602,64615320
8,4,1,3,4,4,49,23,25,4,0.19715450194444445,5603,64623239
4,1,2,1,0,4,13,59,1,2,0.06709325999999999,5604,64631158
5,2,2,1,2,3,22,50,12,3,0.06809905388888889,5605,64639077
7,2,4,1,4,3,48,24,25,3,0.21509411763888886,5606,64646996
4,2,1,1,1,3,22,50,11,3,0.10151987847222223,5607,64654915
7,4,2,1,4,3,39,33,20,4,0.38125667736111113,5608,64662834
10,4,3,3,2,8,59,13,28,3,0.39435012375,5609,64670753
5,4,1,0,3,2,41,31,11,2,0.23231589763888888,5610,64678672
3,0,3,0,1,2,30,42,0,1,0.09225297277777779,5611,64686591
4,2,1,1,0,4,23,49,16,3,0.16924040819444444,5612,64694510
5,3,2,0,1,4,27,45,12,2,0.1404396097222222,5613,64702429
4,1,2,1,0,4,29,43,5,2,0.09834037166666668,5614,64710348
9,5,2,2,4,5,50,22,21,3,0.2896487704166667,5615,64718267
5,2,3,0,1,4,23,49,8,2,0.14583211819444447,5616,64726186
8,4,1,3,3,5,53,19,25,3,0.20060298666666668,5617,64734105
5,1,3,1,0,5,43,29,18,2,0.2460162826388889,5618,64742024
6,5,0,1,2,4,56,16,16,2,0.1973494361111111,5619,64749943
6,4,0,2,2,4,52,20,18,3,0.18235793958333335,5620,64757862
8,5,1,2,3,5,56,16,26,2,0.35966749402777776,5621,64765781
7,5,0,2,3,4,51,21,18,2,0.23627733597222222,5622,64773700
5,1,3,1,1,4,43,29,10,2,0.20274998097222224,5623,64781619
5,2,1,2,2,3,33,39,11,2,0.15753586194444447,5624,64789538
7,3,3,1,1,6,27,45,18,3,0.26858752305555555,5625,64797457
6,4,2,0,3,3,46,26,10,3,0.16672601652777777,5626,64805376
9,3,3,3,2,7,53,19,25,3,0.25826347833333335,5627,64813295
6,4,2,0,2,4,43,29,9,3,0.24655490291666668,5628,64821214
5,3,1,1,1,4,54,18,15,2,0.28298707777777776,5629,64829133
8,2,4,2,2,6,63,9,20,2,0.42334986055555557,5630,64837052
4,2,1,1,1,3,27,45,8,2,0.10284062625000001,5631,64844971
7,2,4,1,3,4,47,25,11,3,0.2115779665277778,5632,64852890
4,3,1,0,2,2,20,52,6,2,0.10931803652777779,5633,64860809
4,3,1,0,1,3,34,38,6,2,0.1386443036111111,5634,64868728
5,2,2,1,0,5,40,32,6,2,0.16590344819444447,5635,64876647
6,3,2,1,2,4,50,22,10,2,0.2747687625,5636,64884566
8,2,3,3,2,6,43,29,22,3,0.26788290277777776,5637,64892485
3,1,2,0,1,2,30,42,6,2,0.16489409277777778,5638,64900404
6,4,1,1,3,3,45,27,5,3,0.2080141854166667,5639,64908323
6,2,1,3,4,2,36,36,21,3,0.1945222223611111,5640,64916242
4,1,2,1,2,2,26,46,8,2,0.13847468833333332,5641,64924161
6,2,2,2,2,4,49,23,12,2,0.21609400805555554,5642,64932080
10,6,3,1,3,7,47,25,27,4,0.28754224250000004,5643,64939999
11,5,1,5,5,6,60,12,27,3,0.3152225180555555,5644,64947918
8,3,1,4,3,5,47,25,19,3,0.16048318083333332,5645,64955837
9,4,3,2,1,8,48,24,28,3,0.32838498388888887,5646,64963756
4,1,1,2,1,3,20,52,4,3,0.09443235180555555,5647,64971675
6,4,1,1,0,6,40,32,16,3,0.18374590305555558,5648,64979594
9,4,5,0,3,6,51,21,35,4,0.19499647666666664,5649,64987513
6,4,2,0,2,4,48,24,7,2,0.16716805069444446,5650,64995432
8,4,2,2,2,6,63,9,23,3,0.2638322715277778,5651,65003351
12,3,6,3,2,10,56,16,37,3,0.35468656958333333,5652,65011270
7,3,2,2,2,5,58,14,32,3,0.23481593625000002,5653,65019189
10,7,1,2,5,5,56,16,42,4,0.17670367250000002,5654,65027108
10,4,3,3,1,9,57,15,32,3,0.3537242898611111,5655,65035027
6,4,2,0,2,4,38,34,22,2,0.12816667861111114,5656,65042946
10,4,3,3,5,5,59,13,32,3,0.2604590488888889,5657,65050865
5,4,1,0,2,3,38,34,12,3,0.18558858777777779,5658,65058784
5,2,2,1,0,5,41,31,14,2,0.17583404416666668,5659,65066703
6,2,0,4,2,4,31,41,13,2,0.23778150194444445,5660,65074622
3,0,2,1,0,3,22,50,1,2,0.12601378861111112,5661,65082541
5,2,1,2,2,3,41,31,10,2,0.18387941166666666,5662,65090460
5,2,2,1,4,1,34,38,9,2,0.10490857125000001,5663,65098379
10,4,3,3,2,8,57,15,38,3,0.29414614250000004,5664,65106298
5,1,2,2,4,1,35,37,8,2,0.14116840819444446,5665,65114217
2,2,0,0,1,1,16,56,0,1,0.05972160597222223,5666,65122136
5,3,1,1,2,3,33,39,5,2,0.13369248513888887,5667,65130055
7,3,2,2,3,4,45,27,11,2,0.23314854819444442,5668,65137974
9,4,2,3,7,2,56,16,29,3,0.26441599791666665,5669,65145893
10,4,2,4,4,6,56,16,22,4,0.22815826041666665,5670,65153812
11,5,2,4,3,8,58,14,30,4,0.32815379402777783,5671,65161731
9,4,3,2,3,6,47,25,10,4,0.17583009027777777,5672,65169650
9,3,3,3,4,5,55,17,19,3,0.3062870311111111,5673,65177569
7,3,2,2,3,4,42,30,22,3,0.2705028963888889,5674,65185488
6,5,1,0,3,3,33,39,11,2,0.16063308819444444,5675,65193407
11,5,3,3,3,8,57,15,34,4,0.31938309277777777,5676,65201326
3,0,2,1,0,3,23,49,11,2,0.17007931680555555,5677,65209245
7,4,2,1,1,6,54,18,29,3,0.44680644013888887,5678,65217164
4,2,1,1,2,2,21,51,14,4,0.08710602930555555,5679,65225083
4,3,1,0,1,3,24,48,5,2,0.10030809958333332,5680,65233002
9,7,2,0,2,7,48,24,27,4,0.38932974680555554,5681,65240921
5,1,2,2,2,3,24,48,5,2,0.11421695305555556,5682,65248840
5,3,2,0,2,3,42,30,7,2,0.19197337819444446,5683,65256759
4,1,2,1,3,1,27,45,5,2,0.16387351250000004,5684,65264678
8,4,2,2,3,5,64,8,33,4,0.2077556273611111,5685,65272597
6,1,4,1,3,3,36,36,8,2,0.2044090748611111,5686,65280516
1,0,0,1,0,1,4,68,0,1,0.026334475138888886,5687,65288435
4,2,1,1,0,4,32,40,13,2,0.19628353666666667,5688,65296354
4,2,1,1,2,2,28,44,20,3,0.09802046902777778,5689,65304273
7,5,2,0,3,4,56,16,26,3,0.22136352083333333,5690,65312192
7,2,5,0,3,4,43,29,15,2,0.27557157083333333,5691,65320111
2,1,1,0,0,2,24,48,0,1,0.12070702305555553,5692,65328030
8,5,1,2,3,5,44,28,31,3,0.3229210338888889,5693,65335949
5,3,1,1,2,3,40,32,13,3,0.09680401805555555,5694,65343868
3,0,3,0,2,1,16,56,3,2,0.08595058583333333,5695,65351787
8,2,4,2,2,6,52,20,19,3,0.3356578058333333,5696,65359706
5,4,1,0,3,2,45,27,24,3,0.19544437583333332,5697,65367625
4,3,0,1,1,3,26,46,7,3,0.10561197805555556,5698,65375544
5,1,2,2,2,3,35,37,12,3,0.16441989291666667,5699,65383463
8,6,2,0,2,6,59,13,28,5,0.3352337665277778,5700,65391382
4,0,3,1,0,4,26,46,5,2,0.14727451736111108,5701,65399301
9,4,5,0,3,6,34,38,9,5,0.17987941555555553,5702,65407220
6,2,2,2,3,3,35,37,11,2,0.18016878513888887,5703,65415139
7,4,1,2,5,2,31,41,21,3,0.2220772322222222,5704,65423058
5,3,1,1,3,2,26,46,13,2,0.10507690861111112,5705,65430977
6,2,0,4,3,3,53,19,20,2,0.27000353791666665,5706,65438896
6,3,0,3,2,4,42,30,16,2,0.2006106573611111,5707,65446815
3,2,0,1,2,1,30,42,0,1,0.1527902183333333,5708,65454734
10,4,4,2,6,4,63,9,30,3,0.2940508588888889,5709,65462653
5,1,3,1,2,3,39,33,10,2,0.18173189236111112,5710,65470572
6,2,3,1,2,4,37,35,13,2,0.1587890577777778,5711,65478491
10,6,2,2,6,4,63,9,40,3,0.24975136083333332,5712,65486410
9,5,2,2,3,6,55,17,21,3,0.20626346513888888,5713,65494329
5,2,3,0,1,4,34,38,7,2,0.13871615958333333,5714,65502248
7,4,2,1,3,4,42,30,26,3,0.3362349069444444,5715,65510167
9,1,3,5,4,5,52,20,18,3,0.2960510540277778,5716,65518086
5,2,2,1,1,4,47,25,6,2,0.23688897152777777,5717,65526005
4,2,0,2,1,3,39,33,9,2,0.15071637805555554,5718,65533924
4,2,2,0,1,3,41,31,5,2,0.11556450069444445,5719,65541843
9,4,3,2,3,6,60,12,31,4,0.28935331152777777,5720,65549762
1,1,0,0,0,1,9,63,0,1,0.05141468833333333,5721,65557681
2,1,1,0,1,1,18,54,0,1,0.08068213027777778,5722,65565600
10,10,0,0,4,6,58,14,28,4,0.4422943911111111,5723,65573519
5,2,1,2,2,3,35,37,6,2,0.19898225958333335,5724,65581438
8,3,3,2,2,6,43,29,36,4,0.17937130527777778,5725,65589357
1,1,0,0,0,1,1,71,0,1,0.009713822361111112,5726,65597276
10,5,4,1,2,8,57,15,21,3,0.26490810791666664,5727,65605195
8,4,3,1,3,5,47,25,17,4,0.15017007222222223,5728,65613114
6,3,1,2,5,1,44,28,22,2,0.18288113222222221,5729,65621033
7,2,2,3,3,4,36,36,18,3,0.26253747625,5730,65628952
6,2,3,1,4,2,44,28,16,2,0.16757632361111108,5731,65636871
5,2,2,1,2,3,39,33,7,2,0.14550676097222223,5732,65644790
5,2,2,1,4,1,32,40,7,3,0.1224092325,5733,65652709
3,1,1,1,0,3,36,36,6,2,0.21212745680555556,5734,65660628
10,5,2,3,6,4,58,14,49,4,0.2594387284722222,5735,65668547
1,0,0,1,0,1,7,65,0,1,0.017463539444444443,5736,65676466
6,4,2,0,2,4,46,26,12,2,0.2902923151388889,5737,65684385
6,5,1,0,2,4,45,27,24,3,0.3618645938888889,5738,65692304
10,4,4,2,5,5,50,22,38,4,0.13933308388888888,5739,65700223
6,3,2,1,3,3,47,25,19,3,0.21422369291666665,5740,65708142
3,0,2,1,1,2,21,51,8,2,0.08037662916666666,5741,65716061
6,2,3,1,2,4,44,28,10,2,0.15831979930555556,5742,65723980
5,2,2,1,2,3,36,36,19,3,0.2072383865277778,5743,65731899
7,4,1,2,2,5,41,31,15,3,0.25126204152777776,5744,65739818
3,0,1,2,1,2,23,49,0,1,0.07974357722222221,5745,65747737
9,4,4,1,2,7,60,12,9,3,0.27668724958333335,5746,65755656
5,3,1,1,2,3,48,24,6,2,0.23846846083333328,5747,65763575
7,2,3,2,1,6,45,27,21,3,0.24891707236111107,5748,65771494
7,4,1,2,2,5,49,23,24,3,0.2821375016666667,5749,65779413
4,3,1,0,2,2,56,16,3,2,0.20539807597222223,5750,65787332
9,3,2,4,3,6,49,23,15,5,0.2551900384722222,5751,65795251
2,0,1,1,0,2,15,57,0,1,0.041108225138888885,5752,65803170
12,7,4,1,4,8,72,0,43,6,0.4078736319444445,5753,65811089
10,4,4,2,4,6,66,6,38,3,0.24815843416666666,5754,65819008
6,2,1,3,0,6,36,36,6,3,0.2130753422222222,5755,65826927
8,3,1,4,3,5,63,9,21,2,0.17799665013888888,5756,65834846
9,5,1,3,3,6,49,23,24,3,0.26962029416666666,5757,65842765
6,2,2,2,3,3,43,29,0,1,0.1859602238888889,5758,65850684
4,1,0,3,2,2,48,24,7,2,0.21276164486111107,5759,65858603
6,4,0,2,2,4,23,49,14,4,0.19318054958333333,5760,65866522
7,5,1,1,3,4,52,20,13,4,0.19752146888888888,5761,65874441
10,8,2,0,2,8,48,24,27,4,0.39049132986111107,5762,65882360
6,3,3,0,2,4,54,18,10,2,0.3070568086111111,5763,65890279
2,1,0,1,1,1,20,52,0,1,0.08050276430555556,5764,65898198
8,3,3,2,1,7,64,8,17,3,0.3386422755555556,5765,65906117
7,3,3,1,4,3,55,17,7,2,0.19738430472222224,5766,65914036
5,4,1,0,2,3,54,18,8,2,0.25553455708333334,5767,65921955
13,7,5,1,3,10,59,13,51,5,0.344707835,5768,65929874
9,5,3,1,3,6,45,27,33,5,0.28341728208333333,5769,65937793
7,2,2,3,2,5,49,23,5,3,0.20734250333333332,5770,65945712
4,1,0,3,2,2,29,43,0,1,0.10610065055555556,5771,65953631
3,1,1,1,1,2,26,46,6,2,0.13292060375,5772,65961550
3,3,0,0,0,3,36,36,0,1,0.18988364347222222,5773,65969469
10,6,3,1,2,8,66,6,33,4,0.4688148420833333,5774,65977388
10,6,3,1,2,8,51,21,30,4,0.39582918791666666,5775,65985307
7,1,4,2,2,5,50,22,20,2,0.17372430652777776,5776,65993226
10,5,3,2,2,8,61,11,13,4,0.29247554138888887,5777,66001145
7,3,3,1,3,4,52,20,23,2,0.20543190777777776,5778,66009064
6,3,1,2,2,4,38,34,26,3,0.14701709333333335,5779,66016983
3,1,1,1,2,1,29,43,3,2,0.1456953986111111,5780,66024902
7,3,2,2,3,4,44,28,8,2,0.1879747086111111,5781,66032821
7,4,2,1,5,2,40,32,14,3,0.2956091186111111,5782,66040740
2,1,1,0,0,2,19,53,0,1,0.05962132402777777,5783,66048659
6,4,2,0,2,4,43,29,7,2,0.2059798948611111,5784,66056578
6,2,3,1,2,4,56,16,10,2,0.1696733275,5785,66064497
8,4,1,3,5,3,45,27,16,3,0.29247551222222223,5786,66072416
14,7,5,2,6,8,56,16,36,4,0.25951102111111113,5787,66080335
2,2,0,0,1,1,13,59,2,2,0.058257017638888894,5788,66088254
5,3,2,0,2,3,39,33,9,2,0.24297748999999996,5789,66096173
6,3,3,0,1,5,48,24,15,2,0.21901720555555557,5790,66104092
5,3,0,2,2,3,36,36,12,3,0.13894682805555558,5791,66112011
7,4,3,0,2,5,50,22,11,2,0.34151119555555554,5792,66119930
5,2,2,1,2,3,46,26,3,2,0.15204370875,5793,66127849
10,4,1,5,5,5,52,20,27,4,0.2155827029166667,5794,66135768
8,5,1,2,2,6,56,16,16,3,0.3401061172222222,5795,66143687
8,2,3,3,4,4,52,20,13,3,0.24896647736111108,5796,66151606
3,2,0,1,1,2,25,47,0,1,0.12702480833333332,5797,66159525
9,4,3,2,2,7,46,26,18,4,0.20548985083333335,5798,66167444
7,5,1,1,2,5,63,9,9,2,0.3153708047222222,5799,66175363
6,2,2,2,3,3,49,23,6,2,0.2595348995833333,5800,66183282
6,3,2,1,1,5,38,34,7,2,0.20286651041666667,5801,66191201
10,4,3,3,4,6,60,12,31,3,0.24529466416666665,5802,66199120
5,3,0,2,3,2,28,44,11,3,0.19388191666666665,5803,66207039
6,4,1,1,2,4,40,32,15,3,0.15732842805555555,5804,66214958
12,7,4,1,5,7,67,5,53,4,0.30432481180555554,5805,66222877
12,6,4,2,6,6,55,17,31,3,0.35614735722222224,5806,66230796
3,3,0,0,2,1,31,41,0,1,0.11687597222222222,5807,66238715
3,2,1,0,1,2,16,56,2,2,0.05136199347222222,5808,66246634
5,4,1,0,0,5,42,30,10,3,0.21796987583333333,5809,66254553
11,3,5,3,2,9,53,19,19,3,0.3123508761111111,5810,66262472
4,3,1,0,0,4,34,38,0,1,0.12187056027777778,5811,66270391
8,4,3,1,1,7,46,26,24,4,0.19621664875,5812,66278310
4,2,1,1,1,3,31,41,6,2,0.1280667025,5813,66286229
7,2,4,1,2,5,48,24,12,3,0.21591172347222223,5814,66294148
8,6,1,1,4,4,49,23,18,4,0.16406957277777778,5815,66302067
4,2,0,2,2,2,26,46,13,2,0.14008467208333333,5816,66309986
7,1,4,2,0,7,51,21,18,3,0.2522979829166666,5817,66317905
4,3,1,0,2,2,27,45,19,3,0.10673624069444446,5818,66325824
2,2,0,0,0,2,27,45,2,2,0.10011177694444445,5819,66333743
8,5,1,2,3,5,51,21,16,3,0.1940518477777778,5820,66341662
6,1,4,1,0,6,22,50,16,3,0.13294722583333332,5821,66349581
12,5,3,4,5,7,60,12,34,6,0.3357667559722222,5822,66357500
7,7,0,0,5,2,52,20,15,4,0.3043631027777778,5823,66365419
4,1,3,0,1,3,39,33,5,2,0.12843893930555556,5824,66373338
4,1,2,1,2,2,34,38,6,2,0.10477319305555555,5825,66381257
8,6,1,1,4,4,44,28,25,3,0.2674058980555556,5826,66389176
2,1,1,0,1,1,22,50,0,1,0.09553393958333332,5827,66397095
5,2,1,2,1,4,36,36,18,2,0.10556001652777779,5828,66405014
10,5,3,2,2,8,60,12,33,3,0.3995191359722223,5829,66412933
8,4,3,1,0,8,40,32,16,3,0.2544064390277778,5830,66420852
11,7,4,0,7,4,64,8,43,4,0.25807579472222225,5831,66428771
3,1,2,0,1,2,29,43,0,1,0.10361920069444444,5832,66436690
3,1,0,2,2,1,37,35,3,2,0.1497095333333333,5833,66444609
12,4,4,4,3,9,54,18,38,4,0.3590540747222222,5834,66452528
3,1,2,0,1,2,30,42,6,2,0.11911356902777778,5835,66460447
6,4,2,0,3,3,49,23,14,2,0.14938628625,5836,66468366
10,6,3,1,5,5,50,22,29,4,0.3526517775,5837,66476285
10,5,1,4,3,7,49,23,31,4,0.24526549486111116,5838,66484204
4,2,0,2,0,4,28,44,7,2,0.1369136376388889,5839,66492123
4,2,0,2,1,3,40,32,5,2,0.1999563184722222,5840,66500042
5,3,0,2,1,4,35,37,10,2,0.17761663347222223,5841,66507961
10,5,3,2,4,6,68,4,31,3,0.3328634613888889,5842,66515880
4,2,1,1,1,3,42,30,2,2,0.2501023248611111,5843,66523799
5,5,0,0,2,3,48,24,24,2,0.3246123894444445,5844,66531718
4,0,2,2,2,2,33,39,1,2,0.16600523097222222,5845,66539637
4,3,1,0,3,1,26,46,7,2,0.08822588013888889,5846,66547556
5,4,0,1,0,5,44,28,24,3,0.26505178402777774,5847,66555475
8,2,4,2,3,5,47,25,16,2,0.2973780541666666,5848,66563394
5,2,1,2,1,4,45,27,9,2,0.17530509375,5849,66571313
7,3,1,3,2,5,41,31,24,3,0.26690200263888886,5850,66579232
9,2,4,3,1,8,49,23,24,3,0.3934084027777777,5851,66587151
7,1,2,4,4,3,33,39,21,3,0.05044239722222222,5852,66595070
6,3,1,2,4,2,44,28,16,2,0.14948615541666666,5853,66602989
10,4,5,1,4,6,57,15,21,3,0.28768300097222227,5854,66610908
3,3,0,0,1,2,26,46,5,2,0.11138655208333335,5855,66618827
6,3,2,1,3,3,45,27,19,3,0.17374411652777777,5856,66626746
9,3,4,2,4,5,60,12,17,2,0.3100660520833334,5857,66634665
9,6,3,0,2,7,59,13,38,3,0.23835382486111112,5858,66642584
6,4,2,0,3,3,45,27,9,2,0.14578341611111112,5859,66650503
9,5,2,2,3,6,44,28,24,3,0.1922410951388889,5860,66658422
10,4,5,1,3,7,57,15,27,4,0.3247239548611111,5861,66666341
8,6,1,1,1,7,63,9,16,2,0.34205926583333335,5862,66674260
9,3,4,2,3,6,59,13,22,3,0.30956089819444443,5863,66682179
8,3,2,3,2,6,42,30,26,3,0.3097936351388889,5864,66690098
10,3,5,2,1,9,54,18,25,3,0.34786156319444445,5865,66698017
9,3,3,3,3,6,42,30,26,4,0.20504664291666666,5866,66705936
5,5,0,0,1,4,39,33,6,2,0.16667085569444445,5867,66713855
7,5,0,2,4,3,56,16,9,2,0.24863976611111113,5868,66721774
6,4,1,1,3,3,48,24,11,2,0.2249543841666667,5869,66729693
8,4,1,3,0,8,47,25,33,5,0.41543325402777775,5870,66737612
10,4,5,1,5,5,54,18,36,3,0.21187470583333334,5871,66745531
5,1,2,2,3,2,38,34,1,2,0.09882846833333334,5872,66753450
4,0,1,3,2,2,31,41,1,2,0.11446527874999998,5873,66761369
6,2,2,2,2,4,44,28,9,2,0.2627120809722222,5874,66769288
7,2,4,1,1,6,39,33,23,4,0.20958680972222224,5875,66777207
4,1,3,0,2,2,20,52,5,2,0.1103062348611111,5876,66785126
5,3,2,0,3,2,35,37,9,4,0.16762673777777776,5877,66793045
6,3,1,2,0,6,27,45,19,3,0.22381536569444446,5878,66800964
8,6,1,1,3,5,54,18,33,2,0.3342831404166667,5879,66808883
5,4,0,1,2,3,40,32,6,2,0.17336462972222222,5880,66816802
3,2,1,0,0,3,32,40,10,2,0.16877753430555556,5881,66824721
8,3,3,2,2,6,57,15,15,3,0.2763973648611111,5882,66832640
10,6,2,2,7,3,55,17,32,4,0.35018791708333336,5883,66840559
8,3,1,4,4,4,56,16,30,2,0.23675148208333333,5884,66848478
10,3,3,4,3,7,61,11,44,4,0.37246678083333334,5885,66856397
5,3,2,0,0,5,30,42,9,3,0.17388646083333337,5886,66864316
7,3,2,2,3,4,27,45,23,4,0.1965059651388889,5887,66872235
3,1,0,2,1,2,22,50,3,2,0.07450557527777778,5888,66880154
6,4,1,1,1,5,42,30,20,3,0.15633261125,5889,66888073
9,4,4,1,3,6,64,8,44,3,0.34282818625,5890,66895992
9,4,2,3,3,6,50,22,21,3,0.25039093458333334,5891,66903911
1,1,0,0,0,1,10,62,0,1,0.01976652125,5892,66911830
7,4,1,2,1,6,50,22,34,3,0.2552985395833333,5893,66919749
11,4,5,2,1,10,59,13,31,3,0.34961792375,5894,66927668
7,6,1,0,3,4,45,27,20,3,0.28776963263888894,5895,66935587
8,2,4,2,4,4,48,24,19,3,0.20117070444444446,5896,66943506
3,2,1,0,1,2,38,34,0,1,0.11546309847222222,5897,66951425
9,2,3,4,3,6,52,20,27,3,0.3495136688888889,5898,66959344
9,5,1,3,3,6,65,7,43,3,0.45758342555555553,5899,66967263
8,2,4,2,2,6,49,23,14,3,0.2472199588888889,5900,66975182
4,3,0,1,0,4,39,33,2,2,0.16630360791666665,5901,66983101
9,1,3,5,4,5,53,19,29,4,0.21698459250000005,5902,66991020
8,3,4,1,1,7,52,20,30,3,0.38216568236111115,5903,66998939
8,3,2,3,4,4,63,9,25,2,0.22199781305555558,5904,67006858
4,3,1,0,1,3,30,42,4,2,0.15406933375,5905,67014777
7,2,4,1,2,5,48,24,14,3,0.2273357877777778,5906,67022696
4,1,1,2,1,3,33,39,7,2,0.17678888638888887,5907,67030615
8,6,2,0,2,6,61,11,27,2,0.2923322843055556,5908,67038534
2,2,0,0,0,2,11,61,0,1,0.039126681527777776,5909,67046453
9,7,1,1,4,5,50,22,27,3,0.2413417001388889,5910,67054372
5,2,3,0,1,4,42,30,21,2,0.19227979180555554,5911,67062291
5,4,0,1,1,4,61,11,12,2,0.4112769959722222,5912,67070210
5,3,1,1,2,3,46,26,11,2,0.24149415777777777,5913,67078129
7,2,3,2,2,5,48,24,13,2,0.23144653416666663,5914,67086048
4,1,1,2,2,2,30,42,8,2,0.0958746625,5915,67093967
10,6,3,1,2,8,57,15,38,3,0.32078965597222225,5916,67101886
5,2,1,2,2,3,47,25,9,2,0.22760596750000003,5917,67109805
11,5,4,2,4,7,52,20,30,5,0.2983135261111111,5918,67117724
4,2,0,2,2,2,38,34,13,3,0.2709510159722222,5919,67125643
8,5,2,1,4,4,68,4,15,2,0.25179849513888886,5920,67133562
9,2,4,3,3,6,50,22,18,3,0.20458888319444446,5921,67141481
7,3,2,2,2,5,47,25,18,3,0.1979762475,5922,67149400
10,6,3,1,4,6,48,24,29,5,0.25984825277777773,5923,67157319
6,2,2,2,5,1,46,26,19,2,0.20456892944444444,5924,67165238
10,4,3,3,2,8,64,8,29,3,0.34440479916666666,5925,67173157
5,3,2,0,1,4,35,37,16,3,0.2854322440277778,5926,67181076
8,4,1,3,0,8,58,14,17,4,0.41947642180555555,5927,67188995
7,4,3,0,1,6,46,26,9,3,0.17939716375,5928,67196914
7,5,0,2,3,4,52,20,30,3,0.3862298113888889,5929,67204833
5,3,1,1,2,3,47,25,8,2,0.2519490909722222,5930,67212752
9,6,2,1,2,7,55,17,26,5,0.25685075013888886,5931,67220671
7,3,3,1,2,5,34,38,18,2,0.14893750277777779,5932,67228590
8,4,3,1,3,5,47,25,25,3,0.2458556113888889,5933,67236509
6,5,1,0,3,3,44,28,20,3,0.2622122219444445,5934,67244428
10,6,3,1,2,8,56,16,25,3,0.3048086181944445,5935,67252347
5,1,2,2,3,2,36,36,3,3,0.1468051347222222,5936,67260266
7,5,2,0,2,5,50,22,27,3,0.3221159679166667,5937,67268185
11,6,4,1,6,5,50,22,22,5,0.22898502361111117,5938,67276104
4,3,1,0,2,2,35,37,12,2,0.1763721784722222,5939,67284023
4,2,2,0,1,3,36,36,8,2,0.16329262875,5940,67291942
2,1,0,1,1,1,24,48,0,1,0.04702971861111111,5941,67299861
6,4,2,0,0,6,38,34,12,3,0.26360553597222225,5942,67307780
4,2,1,1,3,1,30,42,8,2,0.12181699777777778,5943,67315699
5,1,4,0,2,3,36,36,10,2,0.14909527666666667,5944,67323618
8,3,2,3,5,3,49,23,12,2,0.18994982319444442,5945,67331537
6,2,0,4,2,4,40,32,12,2,0.16856160444444443,5946,67339456
6,2,2,2,2,4,43,29,10,2,0.24145824833333332,5947,67347375
6,1,2,3,2,4,51,21,10,2,0.2014489563888889,5948,67355294
4,2,2,0,2,2,37,35,0,1,0.11993017458333334,5949,67363213
3,1,2,0,0,3,22,50,1,2,0.1041471411111111,5950,67371132
6,4,1,1,2,4,38,34,9,2,0.21840581694444444,5951,67379051
10,4,5,1,4,6,49,23,23,3,0.36608800875,5952,67386970
3,1,0,2,1,2,23,49,3,2,0.12983183694444445,5953,67394889
10,6,4,0,4,6,54,18,34,3,0.37574245916666665,5954,67402808
4,0,3,1,1,3,28,44,13,2,0.1464066795833333,5955,67410727
4,0,2,2,2,2,23,49,3,2,0.11523661555555556,5956,67418646
8,4,2,2,1,7,57,15,32,4,0.2823660883333334,5957,67426565
7,4,2,1,3,4,36,36,25,3,0.1535266538888889,5958,67434484
6,2,3,1,1,5,31,41,16,3,0.15383325472222223,5959,67442403
4,2,2,0,0,4,42,30,14,2,0.19772532847222224,5960,67450322
12,6,4,2,3,9,58,14,26,4,0.3672155163888889,5961,67458241
5,3,2,0,2,3,38,34,2,2,0.18429952902777774,5962,67466160
6,5,0,1,1,5,60,12,17,2,0.2053759148611111,5963,67474079
8,7,0,1,4,4,62,10,36,3,0.2355774677777778,5964,67481998
4,2,0,2,1,3,40,32,4,2,0.15525395680555557,5965,67489917
5,1,3,1,1,4,26,46,17,2,0.13984442333333333,5966,67497836
9,5,3,1,0,9,49,23,26,4,0.3337996186111111,5967,67505755
8,2,2,4,5,3,59,13,22,3,0.2770715072222222,5968,67513674
10,1,4,5,5,5,59,13,29,3,0.31776964458333334,5969,67521593
4,1,1,2,1,3,37,35,19,3,0.14702916527777776,5970,67529512
8,5,2,1,3,5,54,18,22,3,0.3924791455555556,5971,67537431
1,1,0,0,1,0,10,62,0,1,0.03496504638888889,5972,67545350
7,2,0,5,4,3,50,22,26,3,0.23667270347222225,5973,67553269
10,6,4,0,4,6,57,15,39,3,0.32826464555555557,5974,67561188
8,3,3,2,2,6,52,20,27,3,0.21755192472222223,5975,67569107
7,4,1,2,2,5,48,24,13,2,0.32339301375,5976,67577026
8,5,2,1,4,4,53,19,40,4,0.24565318541666667,5977,67584945
2,2,0,0,1,1,34,38,0,1,0.1445588336111111,5978,67592864
7,4,2,1,3,4,55,17,17,3,0.28425098486111117,5979,67600783
2,2,0,0,2,0,24,48,0,1,0.10777478555555556,5980,67608702
5,1,2,2,3,2,32,40,11,3,0.19604416652777779,5981,67616621
4,1,0,3,2,2,24,48,5,2,0.16830732263888887,5982,67624540
0,0,0,0,0,0,0,72,0,0,0.0,5983,67632459
9,4,4,1,2,7,43,29,10,4,0.2688743619444445,5984,67640378
6,3,2,1,1,5,43,29,11,3,0.2900530456944444,5985,67648297
12,7,2,3,4,8,64,8,45,4,0.3452203352777778,5986,67656216
4,3,1,0,2,2,34,38,0,1,0.17354194180555554,5987,67664135
7,4,1,2,2,5,53,19,18,2,0.33905227805555554,5988,67672054
6,0,3,3,2,4,39,33,13,2,0.1793135036111111,5989,67679973
8,6,0,2,3,5,58,14,30,3,0.24141040166666666,5990,67687892
2,1,0,1,2,0,24,48,0,1,0.09564500986111112,5991,67695811
8,5,0,3,4,4,54,18,20,2,0.18677946055555555,5992,67703730
8,5,2,1,3,5,47,25,30,3,0.20630197374999998,5993,67711649
10,6,3,1,3,7,54,18,30,4,0.3713522544444445,5994,67719568
8,5,1,2,4,4,40,32,16,4,0.19129886375000002,5995,67727487
6,4,2,0,3,3,46,26,14,3,0.19735990541666665,5996,67735406
3,1,2,0,0,3,25,47,0,1,0.14867298472222223,5997,67743325
5,1,1,3,1,4,41,31,10,3,0.21639201805555558,5998,67751244
9,4,2,3,3,6,55,17,20,3,0.34063347499999996,5999,67759163
9,5,3,1,2,7,48,24,28,3,0.32916281180555557,6000,67767082
12,7,5,0,4,8,52,20,35,6,0.3402015305555556,6001,67775001
8,3,3,2,2,6,43,29,21,3,0.18801085666666664,6002,67782920
7,2,3,2,2,5,44,28,16,4,0.269441265,6003,67790839
5,4,1,0,1,4,54,18,22,2,0.24944279666666663,6004,67798758
10,5,4,1,4,6,56,16,39,4,0.3104952523611111,6005,67806677
10,5,4,1,4,6,58,14,42,3,0.40032266375000003,6006,67814596
4,4,0,0,2,2,23,49,8,2,0.14119724388888888,6007,67822515
5,3,1,1,2,3,49,23,15,2,0.20609621611111112,6008,67830434
7,5,2,0,3,4,53,19,29,3,0.32406804222222224,6009,67838353
5,3,2,0,1,4,27,45,15,4,0.17987046694444445,6010,67846272
8,4,2,2,6,2,67,5,28,2,0.2958003980555556,6011,67854191
4,3,0,1,3,1,37,35,13,2,0.1620672863888889,6012,67862110
5,2,0,3,3,2,20,52,9,3,0.10564185708333333,6013,67870029
7,2,1,4,3,4,48,24,14,3,0.12269006319444446,6014,67877948
7,1,2,4,4,3,53,19,12,2,0.27777958902777783,6015,67885867
8,3,4,1,3,5,41,31,15,4,0.1301991715277778,6016,67893786
1,1,0,0,0,1,13,59,0,1,0.02793195986111111,6017,67901705
5,3,0,2,1,4,36,36,7,2,0.21262528777777778,6018,67909624
7,4,1,2,1,6,59,13,22,3,0.27069332777777777,6019,67917543
7,4,2,1,1,6,57,15,30,2,0.2879072418055556,6020,67925462
7,3,2,2,4,3,47,25,33,2,0.18780050138888887,6021,67933381
5,3,1,1,1,4,36,36,6,2,0.19127090930555554,6022,67941300
4,4,0,0,3,1,21,51,10,3,0.13741379527777775,6023,67949219
2,1,1,0,0,2,7,65,0,1,0.03847792875,6024,67957138
5,2,3,0,1,4,42,30,17,3,0.22383247875,6025,67965057
8,5,3,0,1,7,45,27,17,3,0.25260690124999996,6026,67972976
6,2,1,3,4,2,39,33,10,3,0.21590412708333334,6027,67980895
5,4,0,1,2,3,58,14,4,2,0.23715266944444446,6028,67988814
6,4,0,2,4,2,37,35,23,3,0.2783717263888889,6029,67996733
5,2,2,1,1,4,32,40,8,3,0.1798681758333333,6030,68004652
5,3,1,1,2,3,18,54,14,4,0.09087670875000001,6031,68012571
5,1,3,1,0,5,30,42,8,2,0.13315848875000003,6032,68020490
5,1,2,2,1,4,34,38,11,2,0.19771514319444444,6033,68028409
9,3,5,1,4,5,63,9,40,4,0.23009764041666664,6034,68036328
4,3,1,0,0,4,36,36,0,1,0.1835036648611111,6035,68044247
9,4,2,3,2,7,56,16,32,4,0.3756289322222222,6036,68052166
9,4,3,2,2,7,46,26,28,4,0.2819899068055556,6037,68060085
7,2,2,3,4,3,50,22,9,4,0.21838487680555554,6038,68068004
4,1,1,2,4,0,26,46,16,3,0.14076291527777776,6039,68075923
4,3,1,0,2,2,32,40,0,1,0.14461618958333333,6040,68083842
5,2,2,1,2,3,30,42,5,2,0.11330163527777776,6041,68091761
0,0,0,0,0,0,0,72,0,0,0.0,6042,68099680
3,3,0,0,2,1,20,52,0,1,0.10381737138888888,6043,68107599
5,4,0,1,1,4,43,29,7,2,0.13123855444444443,6044,68115518
5,3,1,1,2,3,48,24,6,2,0.22946284597222222,6045,68123437
8,4,2,2,1,7,39,33,27,3,0.3063205070833333,6046,68131356
4,3,0,1,0,4,36,36,6,2,0.21997322569444444,6047,68139275
12,5,3,4,6,6,63,9,36,4,0.35440897069444444,6048,68147194
8,3,5,0,0,8,44,28,18,4,0.3200483434722223,6049,68155113
8,6,0,2,2,6,48,24,30,4,0.22233275458333335,6050,68163032
5,3,2,0,1,4,30,42,5,2,0.1610297711111111,6051,68170951
4,3,0,1,2,2,34,38,2,2,0.18470267208333332,6052,68178870
7,3,1,3,3,4,51,21,7,2,0.2443257788888889,6053,68186789
7,6,0,1,4,3,48,24,25,3,0.16998669902777777,6054,68194708
10,5,3,2,3,7,59,13,28,3,0.40464319541666666,6055,68202627
4,2,2,0,1,3,37,35,2,2,0.17607161500000001,6056,68210546
10,6,3,1,3,7,67,5,31,4,0.3019451359722222,6057,68218465
5,4,0,1,3,2,58,14,12,4,0.2946456245833333,6058,68226384
3,1,2,0,1,2,43,29,0,1,0.13045875777777777,6059,68234303
8,4,3,1,3,5,51,21,25,3,0.21098537375,6060,68242222
4,2,1,1,2,2,26,46,8,2,0.13389987375,6061,68250141
7,3,1,3,2,5,43,29,21,3,0.2153983436111111,6062,68258060
7,4,1,2,1,6,47,25,12,2,0.17783083819444442,6063,68265979
8,4,3,1,2,6,53,19,19,4,0.19520813430555553,6064,68273898
10,6,1,3,6,4,52,20,28,4,0.23149429694444443,6065,68281817
5,3,2,0,1,4,44,28,19,2,0.2919482554166667,6066,68289736
4,2,0,2,4,0,41,31,0,1,0.1923945023611111,6067,68297655
7,3,2,2,1,6,48,24,10,2,0.24818085708333337,6068,68305574
5,0,3,2,0,5,30,42,3,2,0.12395558208333332,6069,68313493
3,1,1,1,1,2,20,52,6,2,0.051907272638888884,6070,68321412
4,2,0,2,2,2,33,39,16,3,0.16340886819444445,6071,68329331
5,2,2,1,1,4,38,34,15,2,0.16445737555555556,6072,68337250
8,3,3,2,2,6,51,21,42,3,0.33742114444444443,6073,68345169
5,4,1,0,3,2,35,37,15,3,0.20506170625,6074,68353088
5,2,2,1,1,4,44,28,16,2,0.20339417791666667,6075,68361007
7,6,0,1,4,3,39,33,26,3,0.23299253055555555,6076,68368926
8,2,3,3,5,3,57,15,17,3,0.23596626638888887,6077,68376845
11,4,5,2,2,9,59,13,21,3,0.2732296822222222,6078,68384764
5,3,2,0,2,3,48,24,6,2,0.21554572875,6079,68392683
5,2,2,1,1,4,44,28,15,2,0.15776323527777777,6080,68400602
8,4,1,3,4,4,44,28,18,4,0.21508314097222223,6081,68408521
9,6,2,1,3,6,57,15,28,4,0.36150646847222223,6082,68416440
8,5,3,0,2,6,62,10,22,3,0.28398338208333335,6083,68424359
7,4,3,0,1,6,54,18,12,2,0.262769965,6084,68432278
8,3,3,2,0,8,40,32,17,3,0.24444796666666666,6085,68440197
3,0,0,3,1,2,21,51,0,1,0.10396722513888888,6086,68448116
7,4,3,0,0,7,52,20,15,2,0.3068605905555556,6087,68456035
10,6,3,1,3,7,55,17,21,3,0.3115386909722222,6088,68463954
8,3,3,2,3,5,65,7,23,2,0.29472921902777777,6089,68471873
10,4,3,3,4,6,56,16,32,3,0.23136874250000006,6090,68479792
2,2,0,0,1,1,35,37,0,1,0.08673255138888887,6091,68487711
3,3,0,0,0,3,26,46,0,1,0.15321260874999998,6092,68495630
1,0,0,1,0,1,12,60,0,1,0.025030807916666665,6093,68503549
6,2,2,2,3,3,34,38,7,2,0.19901426166666666,6094,68511468
6,1,4,1,4,2,37,35,5,2,0.1900177833333333,6095,68519387
4,2,2,0,0,4,24,48,8,2,0.13927286055555557,6096,68527306
8,5,1,2,3,5,53,19,33,4,0.21057998152777777,6097,68535225
10,7,1,2,3,7,63,9,40,3,0.4108201115277778,6098,68543144
10,3,4,3,3,7,51,21,33,4,0.26092825,6099,68551063
4,2,1,1,2,2,31,41,13,2,0.14739099319444446,6100,68558982
8,2,4,2,1,7,44,28,12,2,0.2168083188888889,6101,68566901
8,4,3,1,2,6,52,20,24,3,0.32757070569444446,6102,68574820
8,5,1,2,4,4,52,20,30,4,0.2590148220833333,6103,68582739
7,4,2,1,1,6,45,27,27,3,0.2633138529166667,6104,68590658
7,4,0,3,2,5,50,22,19,3,0.23991927152777778,6105,68598577
5,4,1,0,2,3,33,39,6,3,0.14136491555555553,6106,68606496
4,2,0,2,1,3,26,46,5,2,0.15858638277777778,6107,68614415
3,1,2,0,1,2,29,43,0,1,0.16093878180555554,6108,68622334
9,4,4,1,3,6,48,24,16,5,0.2565635620833333,6109,68630253
7,2,2,3,2,5,35,37,22,2,0.20957423583333334,6110,68638172
9,5,1,3,5,4,56,16,32,3,0.39071138375000003,6111,68646091
5,2,0,3,3,2,37,35,14,2,0.1584280025,6112,68654010
6,3,1,2,2,4,37,35,10,3,0.20534388083333333,6113,68661929
9,5,3,1,4,5,49,23,20,3,0.3094706116666667,6114,68669848
6,3,2,1,2,4,51,21,9,2,0.1901891706944444,6115,68677767
7,2,5,0,2,5,35,37,10,2,0.10756821444444445,6116,68685686
11,6,3,2,4,7,52,20,36,6,0.33691295041666663,6117,68693605
8,7,1,0,4,4,59,13,25,3,0.22031847736111113,6118,68701524
5,2,2,1,3,2,38,34,13,2,0.17725552361111113,6119,68709443
6,2,2,2,4,2,47,25,19,3,0.21797650083333334,6120,68717362
1,1,0,0,0,1,17,55,0,1,0.05295283916666666,6121,68725281
6,2,3,1,1,5,42,30,13,3,0.25112614972222225,6122,68733200
4,4,0,0,0,4,47,25,3,2,0.2529534563888889,6123,68741119
9,6,1,2,2,7,53,19,23,3,0.28838003180555555,6124,68749038
3,0,1,2,2,1,13,59,8,3,0.08939425611111111,6125,68756957
6,1,1,4,3,3,45,27,19,3,0.20752600375000002,6126,68764876
5,3,1,1,2,3,43,29,5,2,0.2016301151388889,6127,68772795
5,2,1,2,1,4,28,44,8,2,0.10575277236111111,6128,68780714
7,1,4,2,4,3,32,40,20,4,0.11421999055555555,6129,68788633
6,1,2,3,2,4,46,26,15,3,0.34062239208333334,6130,68796552
6,3,2,1,3,3,57,15,15,3,0.28482074916666666,6131,68804471
4,0,2,2,1,3,42,30,2,2,0.22373055041666667,6132,68812390
8,3,3,2,3,5,58,14,10,2,0.3032630690277778,6133,68820309
10,2,6,2,4,6,46,26,24,3,0.20770151569444445,6134,68828228
8,5,1,2,2,6,39,33,17,4,0.19963247388888888,6135,68836147
10,4,4,2,6,4,52,20,20,5,0.1728322551388889,6136,68844066
2,1,0,1,1,1,17,55,0,1,0.06134557166666667,6137,68851985
10,4,4,2,4,6,59,13,22,2,0.28117666097222227,6138,68859904
5,2,2,1,0,5,34,38,5,2,0.1501151941666667,6139,68867823
11,5,0,6,3,8,45,27,35,4,0.3766980354166667,6140,68875742
6,3,1,2,4,2,51,21,11,2,0.26873641111111113,6141,68883661
6,3,1,2,2,4,50,22,9,3,0.17669550388888888,6142,68891580
7,3,1,3,2,5,36,36,12,3,0.19007320416666668,6143,68899499
7,3,1,3,3,4,52,20,26,3,0.30418091666666663,6144,68907418
13,8,2,3,5,8,67,5,36,4,0.5092805055555556,6145,68915337
5,1,2,2,2,3,44,28,5,2,0.18361200444444442,6146,68923256
6,3,0,3,4,2,38,34,14,3,0.18264628958333334,6147,68931175
7,4,3,0,1,6,34,38,13,3,0.25853186069444445,6148,68939094
10,6,3,1,3,7,60,12,27,3,0.3340869056944445,6149,68947013
9,5,3,1,4,5,65,7,29,4,0.32195036541666666,6150,68954932
5,2,2,1,2,3,43,29,0,1,0.17259560527777776,6151,68962851
7,5,2,0,2,5,44,28,12,2,0.23996085041666668,6152,68970770
8,2,4,2,1,7,48,24,21,3,0.26545969999999997,6153,68978689
4,2,2,0,1,3,41,31,9,2,0.2649316911111111,6154,68986608
9,3,3,3,5,4,53,19,26,4,0.3542613202777778,6155,68994527
9,4,4,1,3,6,63,9,29,3,0.23381253847222222,6156,69002446
5,4,1,0,2,3,42,30,6,2,0.18558820625000003,6157,69010365
5,4,1,0,3,2,35,37,20,3,0.13821424569444446,6158,69018284
5,1,3,1,2,3,32,40,12,2,0.15785256458333333,6159,69026203
8,3,1,4,2,6,49,23,30,3,0.3211745186111111,6160,69034122
6,4,1,1,3,3,47,25,15,2,0.22228650486111112,6161,69042041
5,3,0,2,2,3,58,14,15,3,0.2812931636111111,6162,69049960
2,2,0,0,1,1,24,48,0,1,0.10397181680555556,6163,69057879
5,3,0,2,0,5,38,34,5,2,0.2234991565277778,6164,69065798
5,3,1,1,1,4,38,34,14,3,0.21230569416666667,6165,69073717
5,1,3,1,0,5,40,32,20,3,0.1872712711111111,6166,69081636
8,5,2,1,4,4,56,16,23,3,0.26229469097222213,6167,69089555
3,2,1,0,0,3,35,37,2,2,0.09698696680555556,6168,69097474
7,5,2,0,1,6,55,17,19,2,0.2780320797222222,6169,69105393
4,3,0,1,2,2,28,44,14,3,0.1475782884722222,6170,69113312
11,5,5,1,3,8,65,7,34,3,0.2618439690277778,6171,69121231
3,1,2,0,1,2,23,49,0,1,0.13586962472222222,6172,69129150
7,4,1,2,6,1,35,37,20,5,0.22741105291666663,6173,69137069
8,3,2,3,3,5,63,9,15,3,0.30998188277777783,6174,69144988
3,1,2,0,2,1,24,48,0,1,0.10830236222222223,6175,69152907
8,5,0,3,4,4,47,25,13,2,0.22290166055555558,6176,69160826
8,3,2,3,6,2,48,24,20,2,0.2722317336111111,6177,69168745
5,3,1,1,4,1,28,44,14,2,0.21822216361111113,6178,69176664
6,3,3,0,2,4,40,32,12,3,0.19469896583333332,6179,69184583
6,3,1,2,3,3,51,21,17,3,0.18787834736111111,6180,69192502
7,1,2,4,2,5,47,25,19,3,0.20281191972222223,6181,69200421
6,4,2,0,0,6,33,39,17,3,0.26899325777777777,6182,69208340
7,5,1,1,2,5,63,9,25,2,0.25149263111111114,6183,69216259
4,3,1,0,2,2,44,28,4,2,0.17992023166666665,6184,69224178
8,4,3,1,4,4,47,25,27,3,0.2988729898611111,6185,69232097
4,2,2,0,2,2,31,41,7,2,0.15862217111111113,6186,69240016
7,4,1,2,4,3,43,29,15,3,0.22253763736111112,6187,69247935
3,3,0,0,1,2,32,40,2,2,0.16868240805555557,6188,69255854
8,5,0,3,6,2,61,11,24,4,0.31372715875,6189,69263773
4,2,2,0,2,2,33,39,1,2,0.16877401805555556,6190,69271692
8,6,2,0,2,6,62,10,21,3,0.4183571536111111,6191,69279611
7,5,2,0,2,5,44,28,23,2,0.23007036777777776,6192,69287530
9,5,1,3,3,6,63,9,27,4,0.38481928847222224,6193,69295449
3,2,0,1,1,2,40,32,0,1,0.1487767643055556,6194,69303368
4,1,1,2,0,4,28,44,4,2,0.13405159916666667,6195,69311287
8,2,2,4,4,4,49,23,21,4,0.1841878677777778,6196,69319206
8,5,3,0,2,6,53,19,17,3,0.24407777777777775,6197,69327125
5,1,1,3,3,2,30,42,10,4,0.07274192166666665,6198,69335044
7,2,2,3,1,6,48,24,19,2,0.2608450361111111,6199,69342963
3,2,1,0,0,3,26,46,14,2,0.13144410805555556,6200,69350882
6,3,1,2,1,5,34,38,9,2,0.22708837291666667,6201,69358801
10,2,4,4,4,6,47,25,31,3,0.20121174680555556,6202,69366720
9,4,3,2,2,7,47,25,18,3,0.23913670833333336,6203,69374639
2,1,0,1,2,0,23,49,0,1,0.08170521777777778,6204,69382558
6,1,5,0,1,5,35,37,20,2,0.21623138555555557,6205,69390477
9,3,3,3,2,7,48,24,26,4,0.2960564706944445,6206,69398396
7,4,2,1,3,4,41,31,20,4,0.13353795819444444,6207,69406315
3,1,2,0,0,3,23,49,5,2,0.09847224736111111,6208,69414234
4,0,2,2,3,1,20,52,5,2,0.09566023930555555,6209,69422153
6,3,2,1,3,3,53,19,15,2,0.15387123263888888,6210,69430072
2,1,0,1,2,0,28,44,0,1,0.13641723777777778,6211,69437991
10,5,4,1,2,8,55,17,33,3,0.3362882838888889,6212,69445910
9,4,1,4,5,4,64,8,31,3,0.2447846076388889,6213,69453829
11,7,2,2,4,7,51,21,30,7,0.33249413125000005,6214,69461748
11,6,4,1,4,7,67,5,43,3,0.39291994402777775,6215,69469667
9,4,5,0,2,7,44,28,28,3,0.18349005208333333,6216,69477586
7,4,1,2,3,4,49,23,17,3,0.20889968,6217,69485505
3,1,0,2,1,2,28,44,5,2,0.05785566472222223,6218,69493424
3,3,0,0,0,3,27,45,0,1,0.09590180736111112,6219,69501343
7,5,2,0,5,2,43,29,24,4,0.19444972069444444,6220,69509262
5,1,3,1,3,2,30,42,11,3,0.12881898166666667,6221,69517181
10,5,3,2,2,8,54,18,36,3,0.3163209213888889,6222,69525100
4,2,1,1,0,4,18,54,1,2,0.10290302069444444,6223,69533019
7,4,2,1,0,7,41,31,20,2,0.27790407944444445,6224,69540938
4,3,0,1,3,1,36,36,2,2,0.15228275777777778,6225,69548857
9,8,1,0,4,5,56,16,19,4,0.27412835125,6226,69556776
7,3,2,2,2,5,29,43,9,2,0.16025353513888888,6227,69564695
11,5,3,3,4,7,61,11,43,4,0.24641194430555555,6228,69572614
2,1,1,0,2,0,24,48,2,2,0.07981308291666668,6229,69580533
7,5,0,2,5,2,45,27,17,2,0.21345869361111108,6230,69588452
5,2,1,2,2,3,43,29,0,1,0.12136726583333335,6231,69596371
6,6,0,0,3,3,56,16,21,3,0.2821605109722222,6232,69604290
6,3,1,2,3,3,35,37,14,3,0.1849560909722222,6233,69612209
5,1,2,2,3,2,32,40,9,3,0.1452898336111111,6234,69620128
7,4,2,1,1,6,51,21,11,2,0.18681012013888887,6235,69628047
7,3,4,0,1,6,48,24,15,3,0.20602346180555556,6236,69635966
4,2,0,2,2,2,24,48,7,2,0.12181890416666669,6237,69643885
5,4,1,0,2,3,31,41,15,3,0.14052421027777778,6238,69651804
0,0,0,0,0,0,0,72,0,0,0.0,6239,69659723
10,4,5,1,3,7,61,11,26,3,0.39895084124999997,6240,69667642
1,0,1,0,0,1,12,60,0,1,0.04490805388888889,6241,69675561
11,5,3,3,5,6,50,22,38,4,0.235702975,6242,69683480
5,3,0,2,2,3,48,24,8,2,0.2501626461111111,6243,69691399
6,5,0,1,4,2,35,37,14,4,0.21723030791666667,6244,69699318
2,1,1,0,0,2,22,50,0,1,0.04850644930555556,6245,69707237
3,2,1,0,1,2,16,56,3,2,0.055465262083333335,6246,69715156
6,2,1,3,3,3,34,38,15,3,0.1781347388888889,6247,69723075
9,4,3,2,2,7,66,6,17,3,0.28497330111111113,6248,69730994
3,3,0,0,2,1,34,38,4,2,0.1390503023611111,6249,69738913
9,3,5,1,4,5,50,22,21,3,0.27822942208333334,6250,69746832
6,3,2,1,1,5,46,26,11,2,0.1754478591666667,6251,69754751
6,2,2,2,4,2,39,33,26,3,0.30236518375,6252,69762670
4,3,0,1,2,2,30,42,9,2,0.16204703041666665,6253,69770589
5,3,1,1,1,4,33,39,16,3,0.18535135180555554,6254,69778508
3,1,2,0,2,1,28,44,0,1,0.11222466847222222,6255,69786427
5,2,1,2,1,4,34,38,15,3,0.20126533694444443,6256,69794346
3,2,1,0,3,0,27,45,0,1,0.09279844541666665,6257,69802265
6,1,3,2,3,3,35,37,2,2,0.1954279677777778,6258,69810184
13,7,5,1,6,7,64,8,39,4,0.3418374438888889,6259,69818103
4,3,0,1,4,0,44,28,3,2,0.16437152374999997,6260,69826022
7,2,2,3,2,5,51,21,26,3,0.27870706624999997,6261,69833941
6,2,2,2,1,5,40,32,27,3,0.15844525263888887,6262,69841860
2,2,0,0,2,0,25,47,3,2,0.12416202722222221,6263,69849779
6,2,2,2,2,4,36,36,8,2,0.2206663875,6264,69857698
11,6,1,4,3,8,57,15,35,6,0.2913517755555556,6265,69865617
7,3,3,1,2,5,59,13,17,3,0.33206884708333334,6266,69873536
8,5,1,2,5,3,48,24,26,3,0.2300538480555556,6267,69881455
8,3,2,3,4,4,59,13,17,3,0.20991085611111115,6268,69889374
5,4,0,1,2,3,36,36,6,3,0.15807432277777778,6269,69897293
8,5,3,0,1,7,69,3,21,3,0.3372521520833333,6270,69905212
2,0,1,1,1,1,12,60,0,1,0.07275495791666667,6271,69913131
7,5,1,1,3,4,60,12,19,2,0.27327667000000005,6272,69921050
1,1,0,0,0,1,17,55,0,1,0.07212352833333334,6273,69928969
7,4,1,2,1,6,36,36,14,3,0.254791875,6274,69936888
5,4,0,1,3,2,45,27,3,2,0.19812179902777777,6275,69944807
4,2,1,1,2,2,44,28,5,2,0.16905327777777776,6276,69952726
5,4,1,0,3,2,48,24,4,2,0.20499613777777778,6277,69960645
8,6,1,1,3,5,53,19,17,3,0.21198619124999998,6278,69968564
5,1,2,2,3,2,42,30,5,2,0.09870370652777778,6279,69976483
3,3,0,0,1,2,23,49,10,3,0.04734625125,6280,69984402
3,2,0,1,1,2,34,38,14,2,0.10073671180555556,6281,69992321
8,3,1,4,3,5,51,21,26,3,0.20578289055555554,6282,70000240
6,3,3,0,1,5,46,26,16,2,0.18953563638888887,6283,70008159
3,3,0,0,1,2,25,47,1,2,0.11047800847222222,6284,70016078
8,2,3,3,3,5,60,12,20,3,0.28604392805555556,6285,70023997
5,3,1,1,1,4,47,25,3,2,0.16023842374999997,6286,70031916
5,4,1,0,1,4,33,39,15,3,0.14241763430555554,6287,70039835
6,3,2,1,2,4,39,33,11,3,0.2209122911111111,6288,70047754
10,3,4,3,3,7,51,21,28,5,0.26973719055555556,6289,70055673
5,2,2,1,3,2,39,33,0,1,0.1648493213888889,6290,70063592
8,4,3,1,2,6,61,11,17,2,0.2620505775,6291,70071511
9,5,4,0,3,6,58,14,33,3,0.31323741625,6292,70079430
3,1,2,0,0,3,26,46,10,2,0.21577110555555556,6293,70087349
11,5,2,4,3,8,66,6,31,4,0.2743133166666667,6294,70095268
8,3,1,4,4,4,51,21,16,3,0.22230007097222224,6295,70103187
13,5,2,6,7,6,62,10,48,4,0.3353106702777777,6296,70111106
9,7,2,0,3,6,65,7,37,4,0.43047065625,6297,70119025
4,1,2,1,0,4,40,32,1,2,0.15614936041666666,6298,70126944
4,2,1,1,2,2,20,52,3,3,0.06603895291666666,6299,70134863
7,3,3,1,3,4,35,37,20,4,0.24900368180555554,6300,70142782
5,3,0,2,0,5,28,44,4,2,0.11778250805555555,6301,70150701
4,2,2,0,0,4,30,42,5,2,0.16652785013888888,6302,70158620
2,1,0,1,1,1,22,50,0,1,0.08678072055555557,6303,70166539
9,6,2,1,4,5,56,16,23,3,0.29604616652777777,6304,70174458
4,2,1,1,2,2,41,31,7,2,0.121479185,6305,70182377
6,3,1,2,2,4,47,25,4,2,0.26527989999999996,6306,70190296
8,4,2,2,3,5,54,18,30,3,0.12874772819444444,6307,70198215
8,1,5,2,3,5,46,26,23,4,0.23783961305555554,6308,70206134
4,1,3,0,1,3,22,50,10,2,0.10922534611111111,6309,70214053
7,3,2,2,2,5,43,29,16,3,0.24118747361111112,6310,70221972
7,4,1,2,2,5,61,11,21,3,0.27716093152777777,6311,70229891
10,5,3,2,2,8,55,17,45,4,0.3758769011111111,6312,70237810
2,0,1,1,2,0,22,50,0,1,0.09157083111111113,6313,70245729
8,3,4,1,2,6,45,27,20,2,0.22810391624999996,6314,70253648
8,4,2,2,2,6,58,14,24,2,0.18470788777777777,6315,70261567
5,3,2,0,1,4,45,27,11,3,0.2049317172222222,6316,70269486
9,7,1,1,3,6,49,23,23,5,0.2079446165277778,6317,70277405
5,3,2,0,0,5,25,47,15,3,0.14133796958333333,6318,70285324
6,5,0,1,2,4,55,17,31,3,0.23315762319444444,6319,70293243
10,6,3,1,4,6,60,12,32,3,0.3372546908333333,6320,70301162
5,3,1,1,1,4,26,46,15,3,0.10982969291666667,6321,70309081
5,1,1,3,3,2,39,33,16,2,0.18796888152777777,6322,70317000
9,2,3,4,6,3,48,24,31,3,0.15927028152777775,6323,70324919
6,4,2,0,3,3,47,25,11,2,0.22917983541666664,6324,70332838
8,4,1,3,4,4,51,21,17,4,0.22671507180555553,6325,70340757
3,2,1,0,2,1,19,53,10,3,0.07697133833333332,6326,70348676
5,1,2,2,0,5,28,44,7,2,0.19809492833333334,6327,70356595
9,3,2,4,4,5,49,23,21,3,0.26071546861111117,6328,70364514
4,1,3,0,1,3,40,32,0,1,0.10261303458333332,6329,70372433
5,4,1,0,1,4,32,40,19,3,0.13079285416666664,6330,70380352
9,6,2,1,4,5,69,3,27,3,0.27788383333333333,6331,70388271
9,3,2,4,2,7,51,21,20,4,0.37918996138888894,6332,70396190
7,2,2,3,5,2,46,26,13,3,0.20502543249999997,6333,70404109
5,1,3,1,0,5,39,33,14,3,0.22999324486111108,6334,70412028
8,5,2,1,2,6,47,25,24,4,0.30692269680555556,6335,70419947
6,3,3,0,1,5,37,35,19,4,0.24163186569444445,6336,70427866
2,0,1,1,0,2,27,45,0,1,0.09870873249999998,6337,70435785
6,3,1,2,1,5,46,26,2,2,0.23759005277777778,6338,70443704
3,3,0,0,2,1,25,47,5,2,0.19987611152777776,6339,70451623
4,4,0,0,2,2,31,41,10,3,0.17651971708333336,6340,70459542
7,3,2,2,3,4,52,20,19,3,0.18085114861111112,6341,70467461
7,4,3,0,1,6,49,23,26,3,0.29088114972222223,6342,70475380
8,4,4,0,1,7,51,21,20,3,0.3230916195833334,6343,70483299
13,6,4,3,5,8,70,2,47,3,0.53785490375,6344,70491218
4,2,1,1,1,3,39,33,6,2,0.1734201215277778,6345,70499137
8,2,4,2,3,5,38,34,20,3,0.1524548534722222,6346,70507056
9,4,2,3,2,7,52,20,16,4,0.34813712583333334,6347,70514975
9,3,5,1,2,7,39,33,20,4,0.1302983351388889,6348,70522894
4,2,0,2,2,2,32,40,13,2,0.11946011083333336,6349,70530813
3,0,2,1,2,1,21,51,0,1,0.12312411000000001,6350,70538732
5,4,0,1,0,5,52,20,16,3,0.23849294291666664,6351,70546651
9,5,0,4,4,5,42,30,14,5,0.2657522913888889,6352,70554570
7,4,1,2,2,5,56,16,24,2,0.3043042768055556,6353,70562489
4,1,1,2,2,2,33,39,8,2,0.11261278055555556,6354,70570408
9,3,3,3,3,6,50,22,21,4,0.24591962527777778,6355,70578327
3,2,1,0,2,1,30,42,11,2,0.1477433311111111,6356,70586246
7,4,2,1,1,6,41,31,7,3,0.23481264722222223,6357,70594165
6,3,1,2,2,4,55,17,13,2,0.17137418861111112,6358,70602084
6,1,4,1,2,4,32,40,13,3,0.17753544055555553,6359,70610003
6,5,0,1,4,2,50,22,18,2,0.2109145398611111,6360,70617922
8,5,1,2,2,6,52,20,19,3,0.31078969749999996,6361,70625841
5,3,1,1,4,1,39,33,7,2,0.2025112061111111,6362,70633760
1,1,0,0,0,1,5,67,0,1,0.017581035416666665,6363,70641679
6,1,4,1,2,4,37,35,14,3,0.20045211819444442,6364,70649598
11,3,5,3,4,7,52,20,34,4,0.31508944388888893,6365,70657517
8,5,3,0,2,6,45,27,14,3,0.2559386316666667,6366,70665436
6,1,3,2,3,3,37,35,17,3,0.16144277736111112,6367,70673355
4,2,1,1,1,3,31,41,4,2,0.13883052055555556,6368,70681274
6,3,0,3,3,3,43,29,9,2,0.22422871055555552,6369,70689193
6,4,1,1,2,4,38,34,11,3,0.21042611305555556,6370,70697112
3,3,0,0,1,2,27,45,0,1,0.18370465180555554,6371,70705031
6,3,1,2,0,6,54,18,5,2,0.23122783069444441,6372,70712950
3,1,2,0,0,3,30,42,5,2,0.12312634666666665,6373,70720869
7,3,3,1,2,5,50,22,12,3,0.21289850999999999,6374,70728788
2,1,0,1,1,1,12,60,0,1,0.055594592638888884,6375,70736707
7,4,2,1,3,4,47,25,6,2,0.2083983497222222,6376,70744626
10,5,3,2,5,5,49,23,25,3,0.2110971072222222,6377,70752545
7,3,2,2,3,4,56,16,14,2,0.23448763375,6378,70760464
10,6,3,1,4,6,56,16,35,5,0.25772112319444446,6379,70768383
9,1,5,3,5,4,49,23,25,3,0.2875796347222222,6380,70776302
5,2,1,2,2,3,35,37,7,3,0.1459853576388889,6381,70784221
8,3,4,1,2,6,40,32,18,5,0.23989624055555556,6382,70792140
10,5,3,2,4,6,55,17,23,3,0.41567027236111115,6383,70800059
5,2,0,3,1,4,53,19,2,2,0.25012071305555555,6384,70807978
5,3,1,1,2,3,42,30,9,2,0.17007865430555555,6385,70815897
8,3,3,2,1,7,56,16,28,3,0.3103804406944444,6386,70823816
6,4,2,0,2,4,56,16,22,2,0.32655948027777776,6387,70831735
6,3,2,1,0,6,53,19,21,2,0.32424264305555556,6388,70839654
8,6,2,0,3,5,57,15,31,3,0.3445283436111111,6389,70847573
6,4,1,1,3,3,43,29,17,3,0.18603412986111112,6390,70855492
9,4,4,1,3,6,55,17,21,3,0.36699864916666664,6391,70863411
4,2,2,0,1,3,36,36,2,2,0.13719086097222222,6392,70871330
4,3,1,0,1,3,28,44,0,1,0.0940561738888889,6393,70879249
4,4,0,0,1,3,55,17,2,2,0.2462730998611111,6394,70887168
5,2,2,1,2,3,25,47,15,3,0.11649990319444445,6395,70895087
9,4,5,0,2,7,57,15,21,3,0.2683416570833333,6396,70903006
10,5,3,2,5,5,57,15,39,4,0.26025343041666665,6397,70910925
7,3,2,2,2,5,57,15,20,2,0.2771553370833333,6398,70918844
9,4,4,1,1,8,55,17,24,4,0.35656402125000003,6399,70926763
6,3,1,2,3,3,41,31,18,3,0.14298415694444444,6400,70934682
6,3,0,3,1,5,40,32,10,2,0.2139299273611111,6401,70942601
7,2,5,0,2,5,52,20,12,4,0.22091162055555558,6402,70950520
7,3,4,0,3,4,49,23,27,3,0.29413286527777777,6403,70958439
4,2,1,1,2,2,33,39,7,2,0.09715121888888889,6404,70966358
5,1,2,2,1,4,40,32,8,2,0.1317072476388889,6405,70974277
5,3,1,1,1,4,35,37,8,2,0.12413824555555555,6406,70982196
4,2,0,2,3,1,31,41,7,2,0.18912756291666666,6407,70990115
9,4,3,2,3,6,65,7,6,2,0.25604335250000004,6408,70998034
1,0,1,0,0,1,7,65,0,1,0.03975275652777778,6409,71005953
15,7,7,1,6,9,60,12,49,5,0.3251258923611111,6410,71013872
4,1,1,2,2,2,21,51,5,2,0.12624095847222225,6411,71021791
6,4,1,1,1,5,53,19,10,2,0.23317940375,6412,71029710
6,3,2,1,1,5,46,26,11,3,0.16820142902777777,6413,71037629
4,4,0,0,3,1,27,45,18,2,0.11265939999999998,6414,71045548
8,5,3,0,1,7,40,32,28,4,0.28126393708333336,6415,71053467
6,3,1,2,3,3,45,27,19,3,0.1939861395833333,6416,71061386
9,6,0,3,2,7,45,27,32,4,0.2441370184722222,6417,71069305
4,3,0,1,3,1,29,43,16,2,0.1402917840277778,6418,71077224
6,3,1,2,2,4,49,23,10,2,0.20837341416666666,6419,71085143
11,2,5,4,4,7,60,12,32,3,0.3608480563888889,6420,71093062
3,0,1,2,2,1,30,42,3,2,0.10936453055555556,6421,71100981
5,2,2,1,2,3,38,34,14,3,0.19508615736111112,6422,71108900
2,0,2,0,1,1,9,63,0,1,0.042952661805555556,6423,71116819
4,2,1,1,0,4,28,44,2,2,0.11205191499999999,6424,71124738
7,5,2,0,2,5,41,31,18,3,0.28347790319444444,6425,71132657
7,1,3,3,1,6,42,30,22,3,0.22389437944444446,6426,71140576
8,4,0,4,5,3,60,12,33,3,0.2270076361111111,6427,71148495
7,3,1,3,5,2,52,20,25,3,0.1827807038888889,6428,71156414
6,3,2,1,2,4,41,31,14,2,0.2291332213888889,6429,71164333
3,0,2,1,2,1,18,54,0,1,0.09143606041666667,6430,71172252
4,1,3,0,2,2,17,55,8,3,0.06420468222222223,6431,71180171
9,2,3,4,4,5,50,22,22,2,0.15081150347222222,6432,71188090
7,6,0,1,2,5,48,24,19,3,0.18288810166666666,6433,71196009
8,4,3,1,2,6,59,13,32,3,0.28443809930555564,6434,71203928
5,3,1,1,2,3,36,36,16,3,0.18559466708333336,6435,71211847
4,0,2,2,1,3,25,47,4,2,0.09525673875000001,6436,71219766
5,3,2,0,2,3,43,29,14,2,0.2486664019444444,6437,71227685
12,6,3,3,5,7,45,27,32,6,0.1832882684722222,6438,71235604
3,1,2,0,1,2,34,38,2,2,0.14184036416666668,6439,71243523
5,3,1,1,2,3,42,30,16,3,0.17795544333333332,6440,71251442
7,4,3,0,3,4,40,32,17,3,0.201194975,6441,71259361
5,2,1,2,1,4,28,44,21,3,0.19475865083333332,6442,71267280
8,6,1,1,2,6,53,19,32,3,0.21566990166666666,6443,71275199
7,5,1,1,2,5,49,23,28,4,0.34492865375000004,6444,71283118
5,2,2,1,4,1,36,36,14,3,0.1796463975,6445,71291037
10,6,3,1,5,5,58,14,35,3,0.21058647625,6446,71298956
7,3,1,3,4,3,42,30,9,2,0.18703924027777777,6447,71306875
3,1,0,2,2,1,19,53,10,2,0.06089970888888888,6448,71314794
5,3,0,2,3,2,51,21,12,2,0.17777888388888888,6449,71322713
7,3,1,3,3,4,41,31,20,3,0.18771351888888888,6450,71330632
8,6,2,0,4,4,49,23,19,4,0.3113323454166667,6451,71338551
6,4,0,2,3,3,56,16,15,2,0.2585533872222222,6452,71346470
6,3,2,1,2,4,42,30,12,2,0.24743797,6453,71354389
5,3,1,1,2,3,45,27,9,2,0.23346403083333334,6454,71362308
6,2,1,3,2,4,37,35,17,3,0.19217115875000002,6455,71370227
5,3,0,2,2,3,43,29,7,2,0.1996873386111111,6456,71378146
6,3,0,3,3,3,31,41,11,2,0.20868107111111112,6457,71386065
7,3,3,1,2,5,37,35,20,4,0.19267098777777777,6458,71393984
11,3,4,4,3,8,70,2,31,4,0.38950511805555554,6459,71401903
8,3,3,2,4,4,51,21,22,4,0.3024471469444444,6460,71409822
6,5,0,1,4,2,51,21,10,2,0.22670514472222225,6461,71417741
3,1,0,2,1,2,35,37,0,1,0.1384906263888889,6462,71425660
5,2,3,0,2,3,36,36,12,2,0.24630215666666663,6463,71433579
5,3,1,1,2,3,40,32,12,4,0.1762452986111111,6464,71441498
10,5,2,3,5,5,47,25,30,4,0.3293069231944445,6465,71449417
9,2,4,3,2,7,51,21,13,3,0.25182632694444446,6466,71457336
3,3,0,0,1,2,35,37,9,2,0.17565972430555554,6467,71465255
5,3,0,2,3,2,36,36,12,2,0.10182083638888889,6468,71473174
12,8,4,0,4,8,67,5,47,4,0.3428233025,6469,71481093
10,8,2,0,4,6,65,7,43,4,0.39278546444444445,6470,71489012
6,3,2,1,2,4,46,26,21,3,0.22137864041666666,6471,71496931
3,2,1,0,1,2,21,51,2,2,0.07834598277777777,6472,71504850
5,3,1,1,2,3,32,40,10,2,0.14708517291666665,6473,71512769
2,2,0,0,1,1,37,35,0,1,0.16714373305555552,6474,71520688
6,3,2,1,2,4,50,22,16,3,0.2667453473611111,6475,71528607
6,2,2,2,4,2,35,37,24,4,0.21794646041666668,6476,71536526
2,0,2,0,0,2,13,59,0,1,0.04043292902777778,6477,71544445
8,4,3,1,2,6,46,26,18,2,0.21048786277777778,6478,71552364
4,4,0,0,1,3,36,36,8,2,0.07676090194444446,6479,71560283
4,3,1,0,2,2,32,40,6,2,0.17963881611111113,6480,71568202
7,3,3,1,3,4,41,31,15,3,0.22485951819444447,6481,71576121
5,2,1,2,2,3,43,29,14,3,0.26327338833333336,6482,71584040
4,1,2,1,0,4,28,44,2,2,0.13434958041666667,6483,71591959
4,2,2,0,2,2,35,37,8,2,0.22511703819444445,6484,71599878
4,3,0,1,1,3,27,45,0,1,0.1293796938888889,6485,71607797
8,5,3,0,2,6,63,9,29,4,0.2748998459722222,6486,71615716
6,1,2,3,3,3,37,35,20,3,0.16703656597222222,6487,71623635
10,4,5,1,3,7,60,12,28,3,0.3186911008333333,6488,71631554
4,1,1,2,3,1,44,28,5,2,0.1551654576388889,6489,71639473
7,1,3,3,1,6,36,36,14,3,0.217178055,6490,71647392
7,4,2,1,2,5,56,16,16,4,0.28537755,6491,71655311
3,0,2,1,2,1,19,53,0,1,0.04877493888888888,6492,71663230
6,2,2,2,2,4,51,21,16,2,0.2386391977777778,6493,71671149
5,3,1,1,1,4,39,33,13,3,0.1590891513888889,6494,71679068
8,3,3,2,3,5,40,32,16,2,0.08823094972222223,6495,71686987
11,6,0,5,5,6,51,21,41,4,0.2646642370833333,6496,71694906
4,1,3,0,0,4,45,27,8,2,0.18408150430555556,6497,71702825
7,4,1,2,3,4,48,24,11,2,0.21937208583333334,6498,71710744
8,4,2,2,3,5,52,20,23,3,0.33717490805555556,6499,71718663
8,4,3,1,1,7,59,13,14,3,0.3503227211111111,6500,71726582
5,1,1,3,1,4,41,31,9,2,0.1526996248611111,6501,71734501
7,5,1,1,6,1,42,30,16,2,0.1533541058333333,6502,71742420
7,3,1,3,1,6,61,11,7,2,0.2668733477777778,6503,71750339
13,4,5,4,3,10,68,4,25,3,0.34497891999999997,6504,71758258
6,4,1,1,1,5,34,38,13,3,0.16702131708333334,6505,71766177
8,5,3,0,4,4,39,33,26,3,0.18719462208333332,6506,71774096
3,2,0,1,2,1,29,43,11,2,0.14827527333333335,6507,71782015
8,3,4,1,2,6,48,24,24,4,0.20942011388888887,6508,71789934
4,0,3,1,1,3,31,41,11,2,0.07588770527777777,6509,71797853
8,2,3,3,2,6,43,29,18,4,0.29096690166666667,6510,71805772
8,1,3,4,3,5,58,14,16,2,0.3250588823611111,6511,71813691
5,3,1,1,3,2,46,26,9,2,0.15510271944444443,6512,71821610
8,3,3,2,2,6,55,17,21,3,0.339377185,6513,71829529
4,3,1,0,1,3,30,42,0,1,0.14916728208333332,6514,71837448
10,5,2,3,3,7,46,26,31,3,0.3818075148611111,6515,71845367
3,1,2,0,1,2,18,54,2,2,0.1162485226388889,6516,71853286
7,4,3,0,3,4,38,34,16,3,0.13434645763888886,6517,71861205
7,4,3,0,1,6,51,21,26,4,0.27870982819444445,6518,71869124
9,3,4,2,3,6,63,9,29,4,0.34247802694444446,6519,71877043
3,1,1,1,1,2,25,47,0,1,0.06804589791666665,6520,71884962
6,3,0,3,3,3,48,24,12,2,0.21897237930555555,6521,71892881
7,3,4,0,2,5,31,41,15,3,0.2118194708333333,6522,71900800
1,0,0,1,0,1,9,63,0,1,0.019771273888888892,6523,71908719
2,1,1,0,1,1,19,53,0,1,0.039124596250000004,6524,71916638
3,3,0,0,0,3,27,45,0,1,0.12561723180555556,6525,71924557
10,5,2,3,2,8,60,12,26,3,0.33394758625,6526,71932476
5,3,2,0,2,3,28,44,19,3,0.19042733430555556,6527,71940395
11,6,2,3,5,6,55,17,35,5,0.3365535169444444,6528,71948314
6,4,0,2,3,3,42,30,5,3,0.17875958902777775,6529,71956233
6,1,2,3,1,5,45,27,15,3,0.15042668888888888,6530,71964152
11,11,0,0,6,5,56,16,30,5,0.27928734555555557,6531,71972071
3,1,1,1,0,3,26,46,2,2,0.15740090888888889,6532,71979990
10,5,2,3,4,6,59,13,40,4,0.2511552602777778,6533,71987909
8,4,1,3,4,4,59,13,20,3,0.21016907847222221,6534,71995828
2,0,2,0,0,2,13,59,2,2,0.043511385972222226,6535,72003747
6,3,2,1,4,2,35,37,20,3,0.14716551027777777,6536,72011666
6,3,2,1,2,4,45,27,16,2,0.19806313236111112,6537,72019585
4,1,2,1,2,2,36,36,0,1,0.13389528222222222,6538,72027504
4,3,0,1,0,4,31,41,7,2,0.14866377375,6539,72035423
9,3,5,1,3,6,44,28,27,4,0.25230756291666667,6540,72043342
6,3,1,2,3,3,54,18,9,3,0.24699230500000002,6541,72051261
8,2,3,3,3,5,46,26,24,2,0.19280813416666667,6542,72059180
6,1,3,2,2,4,49,23,3,2,0.19879402694444445,6543,72067099
8,3,3,2,2,6,51,21,23,3,0.23417326541666666,6544,72075018
7,3,1,3,2,5,43,29,18,3,0.29563394,6545,72082937
8,5,2,1,1,7,39,33,25,3,0.25907060277777777,6546,72090856
2,1,1,0,1,1,20,52,0,1,0.10189221555555555,6547,72098775
3,2,1,0,1,2,21,51,9,2,0.05941183736111112,6548,72106694
8,4,2,2,3,5,49,23,19,3,0.2416734179166667,6549,72114613
1,0,1,0,0,1,15,57,0,1,0.09686278319444444,6550,72122532
3,3,0,0,1,2,18,54,10,2,0.12280047611111113,6551,72130451
10,6,3,1,5,5,50,22,29,5,0.31952024597222217,6552,72138370
5,2,1,2,3,2,34,38,10,3,0.11108233597222222,6553,72146289
6,3,3,0,0,6,58,14,5,2,0.2836187038888889,6554,72154208
4,3,0,1,3,1,34,38,8,2,0.20862803180555556,6555,72162127
5,3,2,0,1,4,45,27,8,2,0.2398739725,6556,72170046
7,4,2,1,3,4,54,18,27,3,0.15713893652777777,6557,72177965
9,4,3,2,3,6,35,37,15,4,0.12328109374999999,6558,72185884
6,2,2,2,2,4,35,37,15,3,0.09811620347222222,6559,72193803
7,5,1,1,3,4,49,23,16,3,0.2848909511111111,6560,72201722
5,4,0,1,1,4,30,42,13,3,0.1856402425,6561,72209641
10,5,1,4,4,6,59,13,23,3,0.4004198027777777,6562,72217560
6,3,1,2,0,6,41,31,11,3,0.2632090286111111,6563,72225479
5,3,2,0,0,5,30,42,7,2,0.15358254652777778,6564,72233398
5,1,4,0,2,3,31,41,9,2,0.1251077959722222,6565,72241317
6,3,1,2,2,4,44,28,19,4,0.19152285902777777,6566,72249236
8,2,3,3,5,3,52,20,18,3,0.2751228477777778,6567,72257155
5,4,1,0,2,3,47,25,2,2,0.2647419095833333,6568,72265074
4,1,2,1,0,4,27,45,3,2,0.147519045,6569,72272993
3,2,1,0,1,2,19,53,10,2,0.028981130833333337,6570,72280912
8,5,1,2,2,6,48,24,21,3,0.2444780318055556,6571,72288831
8,4,0,4,5,3,48,24,27,4,0.2506592358333333,6572,72296750
6,2,2,2,3,3,40,32,13,2,0.2056055986111111,6573,72304669
7,4,1,2,3,4,51,21,9,2,0.2778854520833333,6574,72312588
9,5,2,2,5,4,49,23,30,4,0.32899902638888884,6575,72320507
4,2,1,1,0,4,46,26,0,1,0.20325982569444445,6576,72328426
4,0,2,2,1,3,29,43,1,2,0.1390592325,6577,72336345
5,1,2,2,0,5,35,37,10,2,0.20507681180555556,6578,72344264
4,1,1,2,1,3,29,43,9,2,0.14597026152777776,6579,72352183
2,0,2,0,0,2,23,49,0,1,0.08388663333333334,6580,72360102
3,2,0,1,2,1,26,46,9,2,0.05967952763888889,6581,72368021
5,3,2,0,1,4,51,21,6,2,0.18438398069444442,6582,72375940
6,3,0,3,3,3,47,25,26,3,0.21860759000000002,6583,72383859
6,3,0,3,3,3,38,34,19,2,0.1855228266666667,6584,72391778
5,1,1,3,3,2,42,30,3,2,0.20454950402777777,6585,72399697
0,0,0,0,0,0,0,72,0,0,0.0,6586,72407616
11,7,3,1,4,7,59,13,19,5,0.31837356291666663,6587,72415535
9,5,1,3,1,8,41,31,26,3,0.29281246194444444,6588,72423454
6,3,1,2,2,4,43,29,13,4,0.33249286375,6589,72431373
6,3,2,1,3,3,34,38,16,3,0.24901303208333334,6590,72439292
10,5,3,2,5,5,55,17,40,4,0.32997136513888886,6591,72447211
7,5,0,2,2,5,44,28,17,2,0.23981268541666673,6592,72455130
5,4,1,0,1,4,42,30,19,2,0.20775125055555554,6593,72463049
5,3,2,0,1,4,48,24,17,3,0.2711724277777778,6594,72470968
6,4,0,2,0,6,52,20,8,2,0.2654474866666667,6595,72478887
8,6,0,2,5,3,56,16,22,4,0.34914567916666667,6596,72486806
9,3,3,3,3,6,60,12,32,4,0.2927406611111112,6597,72494725
5,4,1,0,3,2,44,28,9,2,0.1838487161111111,6598,72502644
7,2,3,2,1,6,55,17,27,3,0.27970525166666665,6599,72510563
3,3,0,0,0,3,24,48,0,1,0.12094998638888889,6600,72518482
9,4,0,5,5,4,43,29,18,3,0.26044185472222225,6601,72526401
7,2,2,3,3,4,47,25,27,3,0.23810185305555553,6602,72534320
4,1,0,3,2,2,33,39,0,1,0.09999558805555557,6603,72542239
5,2,1,2,3,2,47,25,17,3,0.13503005944444446,6604,72550158
4,1,1,2,3,1,30,42,4,2,0.08896242472222221,6605,72558077
9,5,2,2,5,4,45,27,22,3,0.23893426625,6606,72565996
11,6,1,4,5,6,43,29,26,5,0.21521288180555553,6607,72573915
5,3,1,1,1,4,32,40,6,3,0.1611185895833333,6608,72581834
5,3,1,1,1,4,32,40,11,2,0.21474095666666665,6609,72589753
8,5,0,3,2,6,58,14,35,3,0.2700034302777778,6610,72597672
9,4,4,1,2,7,48,24,27,3,0.25550466861111115,6611,72605591
5,4,1,0,2,3,27,45,15,2,0.09192631805555557,6612,72613510
8,5,3,0,4,4,57,15,26,2,0.21540524833333333,6613,72621429
7,3,2,2,3,4,45,27,15,3,0.2788319422222222,6614,72629348
8,2,2,4,1,7,49,23,19,2,0.32128179777777777,6615,72637267
6,2,3,1,0,6,42,30,26,3,0.24741680819444445,6616,72645186
5,3,1,1,2,3,53,19,2,2,0.21092566027777776,6617,72653105
7,3,3,1,2,5,34,38,22,4,0.24573847583333336,6618,72661024
5,2,1,2,4,1,37,35,13,2,0.10845651666666667,6619,72668943
10,6,2,2,3,7,66,6,25,3,0.3172897201388889,6620,72676862
7,4,0,3,2,5,44,28,22,3,0.2759748390277778,6621,72684781
7,7,0,0,5,2,36,36,18,3,0.2524358702777778,6622,72692700
10,7,2,1,3,7,50,22,37,4,0.30968118125,6623,72700619
8,2,3,3,2,6,43,29,27,3,0.20034515041666667,6624,72708538
9,2,5,2,4,5,50,22,19,3,0.2003863759722222,6625,72716457
8,4,3,1,3,5,68,4,28,3,0.28006157333333337,6626,72724376
1,1,0,0,1,0,17,55,0,1,0.05203850958333333,6627,72732295
7,2,4,1,3,4,45,27,20,3,0.24612850777777778,6628,72740214
5,2,3,0,3,2,43,29,0,1,0.20183747416666667,6629,72748133
11,5,3,3,3,8,50,22,35,5,0.23303983263888892,6630,72756052
10,7,1,2,4,6,57,15,33,4,0.3176208484722223,6631,72763971
7,4,2,1,2,5,51,21,24,2,0.2378233348611111,6632,72771890
5,2,2,1,2,3,39,33,6,2,0.1648545372222222,6633,72779809
8,5,3,0,3,5,49,23,16,4,0.19797388472222222,6634,72787728
7,4,2,1,4,3,51,21,30,4,0.21554688555555554,6635,72795647
8,4,2,2,3,5,57,15,22,3,0.2748329552777778,6636,72803566
7,3,2,2,2,5,47,25,17,3,0.19372098958333334,6637,72811485
10,4,5,1,1,9,54,18,27,3,0.3149051958333333,6638,72819404
5,3,2,0,0,5,40,32,6,2,0.18931611291666667,6639,72827323
6,3,0,3,4,2,47,25,17,3,0.15685416694444443,6640,72835242
7,1,5,1,3,4,44,28,17,3,0.15377919694444445,6641,72843161
7,5,1,1,2,5,37,35,13,3,0.17834505305555556,6642,72851080
9,5,4,0,5,4,52,20,27,3,0.19651742347222223,6643,72858999
9,4,3,2,4,5,54,18,33,4,0.2944631581944444,6644,72866918
9,3,5,1,3,6,59,13,30,3,0.24750124319444447,6645,72874837
10,3,4,3,2,8,37,35,15,5,0.2939582690277778,6646,72882756
4,2,1,1,4,0,28,44,5,2,0.11058154805555555,6647,72890675
4,2,1,1,2,2,45,27,2,2,0.21446763500000002,6648,72898594
6,3,2,1,3,3,36,36,12,3,0.2377141863888889,6649,72906513
6,5,1,0,4,2,51,21,15,2,0.20773694652777777,6650,72914432
9,4,5,0,3,6,55,17,17,3,0.31231210805555554,6651,72922351
6,2,2,2,0,6,39,33,11,2,0.2068781309722222,6652,72930270
6,4,1,1,3,3,42,30,9,3,0.1766062351388889,6653,72938189
9,6,3,0,2,7,51,21,30,4,0.2722510968055556,6654,72946108
6,5,0,1,3,3,55,17,21,3,0.2168013876388889,6655,72954027
11,4,4,3,4,7,69,3,34,3,0.4717033661111112,6656,72961946
5,3,1,1,1,4,39,33,9,2,0.16911322555555555,6657,72969865
6,1,4,1,2,4,35,37,4,3,0.16859105666666668,6658,72977784
6,4,1,1,3,3,44,28,6,2,0.23083007,6659,72985703
4,1,1,2,2,2,29,43,6,2,0.12444606777777777,6660,72993622
8,6,1,1,2,6,53,19,21,3,0.29274872749999997,6661,73001541
5,2,1,2,3,2,29,43,10,3,0.09281883638888888,6662,73009460
4,1,0,3,1,3,32,40,4,2,0.12314751666666668,6663,73017379
6,2,1,3,2,4,39,33,14,2,0.1810728859722222,6664,73025298
7,2,2,3,1,6,35,37,19,3,0.21414678694444444,6665,73033217
7,3,3,1,3,4,56,16,9,2,0.24249894402777775,6666,73041136
7,4,3,0,3,4,54,18,18,4,0.20757150000000002,6667,73049055
4,2,1,1,1,3,39,33,0,1,0.1746303026388889,6668,73056974
8,5,1,2,5,3,52,20,34,3,0.2638009236111111,6669,73064893
5,4,0,1,4,1,25,47,10,3,0.12563239194444445,6670,73072812
7,2,4,1,3,4,46,26,24,2,0.17823926180555555,6671,73080731
4,2,1,1,2,2,29,43,8,2,0.09311187847222221,6672,73088650
8,3,2,3,5,3,45,27,23,3,0.18399295833333335,6673,73096569
11,7,3,1,6,5,64,8,35,3,0.3464474718055555,6674,73104488
8,6,1,1,4,4,44,28,17,3,0.35265112930555553,6675,73112407
11,7,3,1,3,8,66,6,53,3,0.3330404580555555,6676,73120326
7,3,2,2,4,3,38,34,23,3,0.17678180541666666,6677,73128245
5,1,3,1,1,4,44,28,8,2,0.1375445323611111,6678,73136164
10,6,1,3,3,7,63,9,25,4,0.28474859361111116,6679,73144083
8,2,5,1,5,3,52,20,20,3,0.26186416611111113,6680,73152002
9,7,1,1,3,6,53,19,26,3,0.3131670129166666,6681,73159921
4,1,2,1,2,2,32,40,8,2,0.11784774875000001,6682,73167840
6,3,3,0,2,4,38,34,10,2,0.2130159125,6683,73175759
5,2,2,1,3,2,47,25,5,2,0.2298720770833333,6684,73183678
6,3,2,1,2,4,42,30,26,3,0.16158468236111112,6685,73191597
8,3,2,3,4,4,54,18,22,2,0.2975578452777778,6686,73199516
9,5,1,3,6,3,71,1,32,3,0.3608589851388889,6687,73207435
5,3,1,1,1,4,39,33,4,2,0.12582217402777776,6688,73215354
11,6,2,3,2,9,48,24,27,5,0.27272019277777776,6689,73223273
4,1,2,1,1,3,26,46,0,1,0.13028463847222221,6690,73231192
10,4,3,3,6,4,64,8,41,3,0.2837882973611111,6691,73239111
5,3,1,1,1,4,45,27,9,2,0.2202980759722222,6692,73247030
6,4,2,0,3,3,45,27,13,2,0.17191169930555555,6693,73254949
10,5,3,2,4,6,54,18,26,3,0.21910799055555558,6694,73262868
9,5,1,3,3,6,51,21,41,5,0.2527430202777778,6695,73270787
6,5,1,0,1,5,48,24,30,2,0.24370547888888894,6696,73278706
8,2,3,3,1,7,56,16,31,3,0.29583735097222225,6697,73286625
3,1,0,2,0,3,28,44,2,2,0.14212004083333332,6698,73294544
4,1,2,1,0,4,28,44,12,2,0.17978434694444445,6699,73302463
7,4,1,2,2,5,58,14,11,2,0.31847021541666665,6700,73310382
8,3,5,0,2,6,51,21,18,2,0.22875709486111115,6701,73318301
9,3,6,0,4,5,51,21,23,3,0.24486904597222223,6702,73326220
7,3,0,4,3,4,40,32,12,3,0.11502185638888889,6703,73334139
6,3,1,2,2,4,37,35,17,2,0.23036268708333335,6704,73342058
6,5,1,0,5,1,38,34,16,4,0.3008739779166667,6705,73349977
6,4,1,1,3,3,34,38,12,2,0.18059696527777774,6706,73357896
4,1,2,1,2,2,33,39,0,1,0.16852449763888888,6707,73365815
2,2,0,0,1,1,18,54,0,1,0.06835887208333333,6708,73373734
4,2,0,2,1,3,35,37,18,3,0.11418968597222223,6709,73381653
6,2,3,1,1,5,31,41,25,4,0.2328921972222222,6710,73389572
7,4,1,2,2,5,46,26,19,2,0.17791693194444444,6711,73397491
5,1,2,2,1,4,42,30,7,2,0.18932195916666666,6712,73405410
7,4,2,1,4,3,64,8,27,2,0.30872427722222223,6713,73413329
6,4,2,0,2,4,50,22,25,3,0.3101641947222222,6714,73421248
4,1,2,1,2,2,29,43,11,2,0.10687795708333334,6715,73429167
7,3,2,2,4,3,53,19,7,2,0.24942424111111114,6716,73437086
5,2,2,1,1,4,29,43,16,3,0.1959977515277778,6717,73445005
5,2,0,3,2,3,55,17,0,1,0.17760093069444444,6718,73452924
7,3,3,1,0,7,36,36,21,2,0.26515539125,6719,73460843
9,3,3,3,2,7,50,22,25,4,0.24509382680555555,6720,73468762
6,4,1,1,1,5,53,19,31,4,0.42274499097222223,6721,73476681
9,7,1,1,4,5,56,16,39,3,0.15691251,6722,73484600
4,3,0,1,2,2,22,50,4,2,0.10305570208333333,6723,73492519
4,2,2,0,1,3,27,45,9,2,0.09162836361111111,6724,73500438
6,2,2,2,1,5,51,21,18,3,0.23726230013888885,6725,73508357
8,5,2,1,4,4,49,23,26,3,0.33949442,6726,73516276
11,5,5,1,4,7,62,10,41,3,0.3180226348611111,6727,73524195
8,3,4,1,2,6,43,29,19,3,0.20311618555555555,6728,73532114
7,4,2,1,2,5,45,27,17,3,0.18663315152777776,6729,73540033
7,3,1,3,4,3,50,22,20,3,0.33619610583333337,6730,73547952
10,7,2,1,5,5,56,16,29,4,0.23220279041666667,6731,73555871
3,2,0,1,1,2,30,42,0,1,0.10489446819444444,6732,73563790
4,1,2,1,1,3,34,38,5,2,0.12521273902777777,6733,73571709
4,4,0,0,0,4,30,42,8,2,0.1671988786111111,6734,73579628
4,2,1,1,3,1,42,30,23,2,0.13790091944444444,6735,73587547
6,3,3,0,2,4,50,22,3,2,0.22655201861111113,6736,73595466
9,6,1,2,3,6,59,13,22,4,0.3244987651388889,6737,73603385
7,3,3,1,3,4,45,27,21,3,0.25299374055555557,6738,73611304
4,3,0,1,0,4,42,30,13,2,0.33592496944444444,6739,73619223
6,4,1,1,1,5,43,29,8,2,0.20153759333333335,6740,73627142
2,1,1,0,0,2,18,54,4,2,0.10623758972222222,6741,73635061
6,1,2,3,2,4,30,42,16,4,0.136612505,6742,73642980
6,2,1,3,2,4,41,31,10,2,0.2471115673611111,6743,73650899
7,6,1,0,2,5,47,25,22,4,0.2582686497222222,6744,73658818
6,4,1,1,3,3,47,25,14,2,0.1801025627777778,6745,73666737
7,3,2,2,4,3,48,24,20,3,0.1465743325,6746,73674656
8,2,4,2,3,5,54,18,14,3,0.20906598569444446,6747,73682575
8,4,3,1,4,4,60,12,11,2,0.20160262263888887,6748,73690494
7,2,3,2,4,3,31,41,14,3,0.1740060973611111,6749,73698413
2,1,0,1,1,1,15,57,0,1,0.04504740736111111,6750,73706332
4,2,2,0,0,4,42,30,4,2,0.21131421041666668,6751,73714251
4,2,1,1,2,2,33,39,16,3,0.14506539694444445,6752,73722170
3,2,0,1,2,1,21,51,8,2,0.09744056125,6753,73730089
7,4,1,2,2,5,32,40,16,3,0.17981982416666667,6754,73738008
9,6,1,2,3,6,54,18,36,3,0.32937211194444443,6755,73745927
6,2,4,0,2,4,54,18,12,3,0.2715690475,6756,73753846
3,0,1,2,2,1,27,45,0,1,0.10291747347222222,6757,73761765
7,6,1,0,3,4,47,25,20,2,0.25349302888888886,6758,73769684
1,1,0,0,0,1,7,65,0,1,0.023220297500000004,6759,73777603
7,5,0,2,3,4,64,8,21,3,0.24399309958333337,6760,73785522
6,3,2,1,4,2,43,29,15,4,0.13557708819444445,6761,73793441
9,5,2,2,1,8,62,10,30,3,0.43429040152777776,6762,73801360
5,2,1,2,2,3,39,33,20,2,0.28818856694444445,6763,73809279
7,3,2,2,4,3,42,30,15,5,0.1907420309722222,6764,73817198
8,2,3,3,3,5,46,26,12,3,0.20289000236111113,6765,73825117
10,7,2,1,4,6,66,6,31,3,0.22148279333333332,6766,73833036
9,4,4,1,3,6,55,17,30,3,0.30630118083333335,6767,73840955
7,4,2,1,4,3,47,25,16,2,0.2815009815277778,6768,73848874
7,3,1,3,2,5,41,31,14,3,0.2576691159722222,6769,73856793
7,3,1,3,2,5,46,26,7,3,0.19606547902777777,6770,73864712
5,2,1,2,1,4,29,43,13,2,0.1141784188888889,6771,73872631
8,2,4,2,2,6,57,15,20,4,0.29921328611111114,6772,73880550
6,1,2,3,3,3,51,21,28,3,0.22062376541666667,6773,73888469
6,4,1,1,2,4,54,18,8,2,0.28734763305555555,6774,73896388
7,3,3,1,1,6,51,21,17,4,0.3367916741666666,6775,73904307
3,1,0,2,0,3,21,51,1,2,0.11408918944444443,6776,73912226
10,3,4,3,2,8,56,16,21,3,0.3678046220833333,6777,73920145
6,3,3,0,1,5,22,50,6,2,0.07305488333333335,6778,73928064
6,4,2,0,1,5,45,27,4,2,0.27118013486111114,6779,73935983
5,2,1,2,1,4,26,46,9,2,0.12710893555555558,6780,73943902
5,1,2,2,1,4,31,41,4,2,0.19107354986111114,6781,73951821
4,2,0,2,3,1,31,41,10,2,0.18212570666666666,6782,73959740
9,4,3,2,3,6,56,16,27,3,0.2818216911111111,6783,73967659
4,1,2,1,0,4,29,43,11,3,0.19953205416666667,6784,73975578
6,3,1,2,1,5,38,34,6,3,0.19879122166666668,6785,73983497
7,3,3,1,3,4,55,17,20,2,0.25462637027777774,6786,73991416
10,3,2,5,5,5,56,16,41,3,0.25192054458333335,6787,73999335
5,1,3,1,2,3,22,50,16,2,0.07314101875,6788,74007254
6,1,2,3,1,5,43,29,10,3,0.23445315333333333,6789,74015173
5,2,1,2,2,3,25,47,8,3,0.119026185,6790,74023092
8,3,4,1,2,6,42,30,24,3,0.2648041522222222,6791,74031011
6,4,2,0,1,5,43,29,8,2,0.20278110291666668,6792,74038930
4,3,0,1,0,4,29,43,1,2,0.08607079180555556,6793,74046849
4,2,1,1,1,3,31,41,16,3,0.17141535041666664,6794,74054768
2,1,1,0,1,1,10,62,0,1,0.04362494486111111,6795,74062687
7,4,1,2,3,4,45,27,15,4,0.18749109416666668,6796,74070606
7,4,2,1,1,6,49,23,22,3,0.1780267138888889,6797,74078525
8,4,3,1,5,3,54,18,23,3,0.2949391330555555,6798,74086444
7,3,3,1,3,4,48,24,25,3,0.19840756597222223,6799,74094363
7,4,2,1,3,4,50,22,26,4,0.28029876777777774,6800,74102282
7,3,3,1,3,4,38,34,26,4,0.24282657138888888,6801,74110201
6,2,2,2,2,4,45,27,25,2,0.3138755238888889,6802,74118120
7,3,2,2,3,4,50,22,28,2,0.232121065,6803,74126039
4,1,3,0,2,2,29,43,7,3,0.10419500986111112,6804,74133958
5,3,2,0,2,3,35,37,14,3,0.2644091416666667,6805,74141877
9,4,3,2,4,5,55,17,34,4,0.2501556711111111,6806,74149796
9,4,4,1,2,7,52,20,26,4,0.22180921013888888,6807,74157715
7,2,3,2,3,4,51,21,13,2,0.23000158402777782,6808,74165634
12,6,3,3,4,8,58,14,52,4,0.391019325,6809,74173553
4,1,2,1,4,0,26,46,11,2,0.13662623277777777,6810,74181472
3,2,1,0,0,3,23,49,0,1,0.11222726583333333,6811,74189391
3,0,2,1,0,3,25,47,6,2,0.09721475500000001,6812,74197310
5,3,2,0,2,3,35,37,14,2,0.16440988055555555,6813,74205229
6,3,2,1,1,5,44,28,14,3,0.2188876145833333,6814,74213148
10,6,2,2,5,5,60,12,38,4,0.26518012541666663,6815,74221067
6,2,0,4,3,3,43,29,12,2,0.23276300013888887,6816,74228986
5,4,1,0,3,2,35,37,9,3,0.2104051625,6817,74236905
9,4,3,2,1,8,54,18,30,5,0.26149492361111115,6818,74244824
6,3,1,2,3,3,26,46,17,3,0.1266701202777778,6819,74252743
5,4,1,0,2,3,37,35,19,2,0.13932000444444445,6820,74260662
5,3,2,0,2,3,40,32,4,2,0.13559791694444445,6821,74268581
5,3,1,1,2,3,36,36,19,2,0.17190755166666666,6822,74276500
6,1,3,2,1,5,26,46,9,3,0.15185658152777778,6823,74284419
10,6,3,1,3,7,55,17,30,3,0.3685938556944444,6824,74292338
1,0,1,0,0,1,15,57,0,1,0.06945235902777777,6825,74300257
6,6,0,0,3,3,47,25,12,3,0.2593042934722222,6826,74308176
5,3,2,0,1,4,45,27,10,2,0.17123646972222223,6827,74316095
6,3,2,1,4,2,50,22,11,2,0.17194452875,6828,74324014
6,5,0,1,2,4,65,7,15,2,0.2952522845833333,6829,74331933
11,5,3,3,4,7,56,16,30,3,0.27291426180555556,6830,74339852
6,0,5,1,1,5,46,26,4,2,0.17075830166666667,6831,74347771
9,4,2,3,4,5,49,23,36,5,0.23338779541666665,6832,74355690
8,4,4,0,0,8,55,17,28,4,0.4415752004166667,6833,74363609
4,2,2,0,2,2,37,35,4,2,0.11002760722222221,6834,74371528
9,5,0,4,2,7,59,13,29,3,0.3933961541666667,6835,74379447
4,1,1,2,2,2,32,40,0,1,0.1799447226388889,6836,74387366
6,1,3,2,2,4,39,33,9,2,0.1651041920833333,6837,74395285
8,6,2,0,1,7,53,19,37,3,0.26324513624999996,6838,74403204
12,7,2,3,6,6,72,0,49,4,0.3866565415277778,6839,74411123
10,3,6,1,4,6,55,17,21,5,0.3384189730555555,6840,74419042
7,5,2,0,3,4,64,8,17,3,0.22680403152777778,6841,74426961
5,3,1,1,1,4,42,30,8,2,0.1499967222222222,6842,74434880
7,4,1,2,3,4,37,35,25,3,0.13167138013888888,6843,74442799
3,1,2,0,0,3,23,49,10,3,0.10828385055555555,6844,74450718
8,4,2,2,1,7,49,23,32,3,0.36104878291666664,6845,74458637
2,0,2,0,1,1,11,61,3,2,0.05137037194444445,6846,74466556
6,5,0,1,1,5,64,8,15,2,0.3355853223611111,6847,74474475
8,5,0,3,2,6,51,21,20,2,0.25228956833333327,6848,74482394
5,2,3,0,2,3,46,26,8,2,0.16551815402777778,6849,74490313
9,5,4,0,2,7,54,18,32,5,0.34326207291666666,6850,74498232
5,0,3,2,0,5,30,42,16,4,0.23708659763888887,6851,74506151
8,4,3,1,3,5,48,24,33,3,0.16794570708333334,6852,74514070
6,4,2,0,1,5,45,27,18,2,0.24253902319444443,6853,74521989
6,4,2,0,1,5,33,39,9,2,0.22194813472222222,6854,74529908
8,5,2,1,3,5,54,18,22,3,0.23895642555555557,6855,74537827
7,3,1,3,3,4,44,28,21,3,0.14743206930555555,6856,74545746
6,3,3,0,2,4,39,33,20,3,0.19023510527777782,6857,74553665
3,2,1,0,2,1,22,50,11,2,0.056292490833333333,6858,74561584
5,3,1,1,2,3,38,34,10,4,0.1875046784722222,6859,74569503
5,3,2,0,2,3,30,42,7,2,0.15396210180555556,6860,74577422
7,3,2,2,3,4,43,29,25,4,0.2889531344444445,6861,74585341
8,3,4,1,1,7,38,34,10,2,0.18046648708333335,6862,74593260
2,1,1,0,1,1,27,45,0,1,0.08897879333333333,6863,74601179
2,2,0,0,1,1,15,57,0,1,0.10020987513888889,6864,74609098
9,6,2,1,5,4,51,21,26,4,0.28928588055555554,6865,74617017
9,7,0,2,3,6,59,13,24,3,0.28603205819444444,6866,74624936
4,1,2,1,3,1,30,42,3,2,0.08141292180555554,6867,74632855
6,5,0,1,3,3,57,15,20,3,0.31795053208333335,6868,74640774
4,2,1,1,1,3,28,44,10,3,0.1335062690277778,6869,74648693
5,1,1,3,3,2,34,38,7,2,0.20333291347222224,6870,74656612
6,3,2,1,2,4,52,20,10,3,0.28024220958333335,6871,74664531
6,5,0,1,3,3,45,27,22,3,0.12630905944444443,6872,74672450
5,2,2,1,2,3,37,35,10,3,0.1518016086111111,6873,74680369
7,4,1,2,4,3,55,17,28,4,0.1868829327777778,6874,74688288
7,4,3,0,2,5,41,31,13,3,0.21037263402777778,6875,74696207
8,6,1,1,4,4,29,43,23,6,0.1793131840277778,6876,74704126
6,5,1,0,3,3,28,44,18,4,0.22701363249999998,6877,74712045
5,4,0,1,0,5,33,39,8,3,0.2015215061111111,6878,74719964
2,0,2,0,1,1,14,58,0,1,0.04734843097222222,6879,74727883
7,2,3,2,4,3,37,35,18,3,0.13648995819444443,6880,74735802
7,2,3,2,4,3,61,11,15,2,0.38987220430555564,6881,74743721
6,1,5,0,2,4,31,41,11,2,0.1571421061111111,6882,74751640
6,3,1,2,2,4,57,15,11,2,0.2446459295833333,6883,74759559
8,4,1,3,4,4,39,33,20,5,0.22346619305555557,6884,74767478
5,0,2,3,3,2,31,41,10,3,0.20006805666666666,6885,74775397
6,2,3,1,0,6,38,34,15,3,0.2880897180555555,6886,74783316
8,3,3,2,2,6,43,29,10,3,0.217978535,6887,74791235
1,1,0,0,0,1,15,57,0,1,0.07565195347222223,6888,74799154
7,4,1,2,2,5,54,18,6,2,0.16982091583333336,6889,74807073
8,5,3,0,1,7,58,14,22,4,0.31765089194444446,6890,74814992
6,4,2,0,3,3,38,34,17,3,0.1947034751388889,6891,74822911
7,3,0,4,2,5,52,20,20,2,0.24323077194444448,6892,74830830
1,1,0,0,1,0,17,55,0,1,0.04301478291666667,6893,74838749
9,6,1,2,4,5,55,17,44,3,0.30729884930555557,6894,74846668
4,2,1,1,4,0,17,55,6,2,0.07498787430555556,6895,74854587
5,4,0,1,1,4,47,25,19,2,0.24482827749999997,6896,74862506
8,3,3,2,2,6,48,24,23,3,0.3240464188888889,6897,74870425
6,2,1,3,2,4,40,32,11,2,0.1515806286111111,6898,74878344
7,3,4,0,2,5,48,24,16,3,0.24363562055555554,6899,74886263
9,8,1,0,6,3,63,9,37,4,0.3160286875,6900,74894182
4,2,0,2,1,3,27,45,11,2,0.1631938451388889,6901,74902101
9,6,1,2,4,5,44,28,29,3,0.24484248374999998,6902,74910020
7,4,1,2,3,4,52,20,22,4,0.3036904411111111,6903,74917939
7,5,1,1,1,6,51,21,22,3,0.2901713270833333,6904,74925858
8,2,3,3,4,4,42,30,28,4,0.20304808055555557,6905,74933777
7,5,1,1,2,5,59,13,15,2,0.24026959069444442,6906,74941696
4,2,1,1,1,3,24,48,9,3,0.08412095986111111,6907,74949615
9,5,2,2,5,4,50,22,20,3,0.31931777541666667,6908,74957534
8,3,4,1,3,5,53,19,21,3,0.21431405444444446,6909,74965453
7,5,1,1,2,5,39,33,13,2,0.22417228541666667,6910,74973372
8,4,2,2,5,3,52,20,8,3,0.2078817675,6911,74981291
4,3,1,0,2,2,43,29,12,2,0.2107651388888889,6912,74989210
7,4,2,1,2,5,54,18,20,3,0.2245830736111111,6913,74997129
4,3,1,0,2,2,34,38,11,3,0.19790048347222222,6914,75005048
8,4,1,3,4,4,48,24,32,4,0.3210681931944444,6915,75012967
8,5,2,1,2,6,40,32,20,4,0.21383668388888888,6916,75020886
5,4,1,0,3,2,53,19,11,2,0.19118880430555552,6917,75028805
4,1,2,1,1,3,31,41,9,2,0.09800695138888889,6918,75036724
4,1,1,2,2,2,19,53,14,3,0.06592084513888889,6919,75044643
6,4,2,0,2,4,42,30,17,3,0.2524540326388889,6920,75052562
6,1,1,4,2,4,42,30,6,3,0.11214827625,6921,75060481
8,5,1,2,4,4,53,19,16,3,0.3764202905555556,6922,75068400
7,5,0,2,3,4,42,30,20,3,0.1708150422222222,6923,75076319
2,0,1,1,0,2,22,50,3,2,0.06570185041666668,6924,75084238
8,4,3,1,1,7,41,31,24,3,0.31212281,6925,75092157
10,5,2,3,4,6,54,18,27,5,0.32129070652777775,6926,75100076
10,4,4,2,4,6,54,18,26,4,0.30440239430555555,6927,75107995
8,3,2,3,2,6,55,17,14,3,0.26925619222222225,6928,75115914
8,4,4,0,1,7,54,18,28,4,0.33731818319444445,6929,75123833
6,2,3,1,3,3,46,26,14,2,0.19486496569444445,6930,75131752
7,2,4,1,2,5,33,39,13,3,0.15238273833333332,6931,75139671
7,4,3,0,2,5,47,25,12,4,0.1788538126388889,6932,75147590
6,4,0,2,4,2,58,14,6,2,0.2513414222222222,6933,75155509
9,3,2,4,3,6,51,21,14,5,0.27508735222222225,6934,75163428
3,2,1,0,1,2,28,44,0,1,0.11876480319444443,6935,75171347
6,1,5,0,0,6,47,25,6,2,0.16709212083333336,6936,75179266
6,4,2,0,3,3,61,11,11,2,0.2104783861111111,6937,75187185
8,3,3,2,1,7,49,23,19,3,0.3290301147222222,6938,75195104
4,3,1,0,2,2,29,43,1,2,0.1762136891666667,6939,75203023
9,4,2,3,3,6,46,26,24,5,0.16260429805555557,6940,75210942
4,3,0,1,3,1,26,46,8,2,0.10219274652777778,6941,75218861
5,0,3,2,1,4,21,51,3,2,0.11850437805555557,6942,75226780
9,4,4,1,4,5,51,21,32,3,0.19866984861111112,6943,75234699
4,3,0,1,0,4,30,42,2,2,0.15626185472222223,6944,75242618
7,4,3,0,2,5,54,18,25,3,0.2753204895833334,6945,75250537
6,3,2,1,3,3,51,21,30,2,0.24830937527777783,6946,75258456
10,5,1,4,3,7,66,6,37,4,0.38087780402777777,6947,75266375
8,5,0,3,2,6,52,20,38,3,0.34017447291666664,6948,75274294
7,5,1,1,3,4,53,19,15,3,0.3308095758333333,6949,75282213
7,2,3,2,1,6,39,33,11,5,0.29035208083333336,6950,75290132
8,0,6,2,3,5,49,23,18,3,0.2322984227777778,6951,75298051
9,6,2,1,2,7,51,21,35,3,0.18471508222222222,6952,75305970
4,2,1,1,3,1,56,16,3,2,0.20354092624999998,6953,75313889
6,4,2,0,3,3,51,21,26,2,0.1856050288888889,6954,75321808
6,3,2,1,3,3,46,26,17,3,0.22583618694444446,6955,75329727
8,4,2,2,2,6,54,18,29,3,0.32708936124999993,6956,75337646
5,4,0,1,4,1,35,37,29,2,0.1958687563888889,6957,75345565
5,2,1,2,1,4,37,35,16,3,0.15107489833333332,6958,75353484
6,4,1,1,4,2,39,33,15,3,0.2105249026388889,6959,75361403
7,3,0,4,3,4,46,26,11,2,0.16977295013888888,6960,75369322
11,6,2,3,3,8,65,7,37,3,0.37485239291666667,6961,75377241
4,0,2,2,2,2,20,52,3,3,0.08300035361111112,6962,75385160
9,3,5,1,1,8,57,15,24,3,0.4144101859722222,6963,75393079
5,3,1,1,4,1,30,42,15,3,0.14340124458333334,6964,75400998
6,2,1,3,1,5,37,35,16,3,0.16411787847222223,6965,75408917
8,4,4,0,3,5,58,14,12,4,0.2614581770833333,6966,75416836
5,4,1,0,2,3,49,23,5,2,0.18511108805555557,6967,75424755
5,3,2,0,1,4,39,33,6,2,0.13553077652777779,6968,75432674
6,1,3,2,2,4,47,25,5,2,0.2031071098611111,6969,75440593
5,3,1,1,2,3,26,46,11,3,0.11308416125000001,6970,75448512
2,0,2,0,1,1,12,60,0,1,0.04782642708333333,6971,75456431
8,4,3,1,0,8,46,26,34,4,0.31941596680555556,6972,75464350
1,0,1,0,0,1,2,70,0,1,0.011077222222222223,6973,75472269
3,1,2,0,1,2,18,54,8,2,0.13228909222222224,6974,75480188
8,2,5,1,2,6,43,29,18,3,0.21821657583333331,6975,75488107
7,6,0,1,4,3,50,22,28,3,0.18402090277777777,6976,75496026
5,2,2,1,3,2,24,48,5,2,0.13596678222222225,6977,75503945
4,1,1,2,3,1,31,41,5,2,0.11432526736111111,6978,75511864
7,6,1,0,1,6,51,21,21,2,0.29531576416666666,6979,75519783
8,3,2,3,5,3,41,31,21,4,0.1635545711111111,6980,75527702
10,8,0,2,3,7,53,19,33,4,0.27103561652777775,6981,75535621
9,3,3,3,6,3,55,17,24,2,0.26110286222222223,6982,75543540
5,4,1,0,3,2,41,31,21,3,0.1396058376388889,6983,75551459
13,6,5,2,5,8,58,14,38,5,0.4119180776388889,6984,75559378
6,3,2,1,3,3,56,16,2,2,0.24927192388888889,6985,75567297
6,2,2,2,2,4,52,20,18,3,0.12745480541666668,6986,75575216
8,6,1,1,3,5,39,33,32,4,0.26660181,6987,75583135
6,3,3,0,0,6,42,30,27,3,0.27726059583333335,6988,75591054
5,1,2,2,0,5,29,43,14,2,0.15385063916666666,6989,75598973
9,4,3,2,3,6,55,17,31,3,0.3432924352777778,6990,75606892
4,3,1,0,0,4,27,45,15,3,0.18876661013888887,6991,75614811
8,1,2,5,4,4,50,22,20,3,0.25754765041666666,6992,75622730
7,3,2,2,2,5,52,20,16,2,0.24488874208333333,6993,75630649
5,4,0,1,1,4,34,38,4,2,0.13360752805555556,6994,75638568
6,4,0,2,3,3,60,12,31,3,0.23234947180555554,6995,75646487
6,4,2,0,0,6,31,41,20,3,0.1762650352777778,6996,75654406
7,2,4,1,3,4,48,24,12,2,0.23020680666666665,6997,75662325
6,4,1,1,3,3,58,14,26,3,0.32990240694444445,6998,75670244
5,2,1,2,3,2,33,39,13,2,0.14779617777777776,6999,75678163
1,0,1,0,0,1,11,61,0,1,0.056703401111111114,7000,75686082
9,4,3,2,4,5,50,22,25,4,0.20368717138888887,7001,75694001
11,5,2,4,7,4,62,10,27,4,0.3826435073611111,7002,75701920
7,2,2,3,4,3,41,31,28,4,0.22023011833333334,7003,75709839
4,2,2,0,2,2,28,44,10,2,0.12743824874999998,7004,75717758
7,3,2,2,2,5,39,33,18,4,0.25197164111111114,7005,75725677
2,1,1,0,1,1,11,61,0,1,0.06660569722222222,7006,75733596
7,3,1,3,3,4,52,20,11,2,0.19369526833333334,7007,75741515
8,4,2,2,5,3,45,27,22,3,0.2612963655555556,7008,75749434
4,2,2,0,2,2,35,37,0,1,0.20485503875,7009,75757353
7,5,1,1,1,6,40,32,17,4,0.3210106368055555,7010,75765272
9,3,3,3,4,5,61,11,33,3,0.37017524458333334,7011,75773191
6,3,1,2,2,4,45,27,8,2,0.16289498277777778,7012,75781110
7,4,1,2,4,3,55,17,13,2,0.2646864552777778,7013,75789029
6,3,1,2,1,5,52,20,10,2,0.2624066215277778,7014,75796948
10,5,3,2,5,5,44,28,29,4,0.21366635722222224,7015,75804867
7,5,1,1,1,6,55,17,22,4,0.24589136305555556,7016,75812786
10,3,5,2,3,7,63,9,22,3,0.3431106036111111,7017,75820705
8,1,5,2,4,4,48,24,15,2,0.254490505,7018,75828624
5,3,1,1,3,2,37,35,15,2,0.14869095375,7019,75836543
5,2,2,1,1,4,26,46,7,2,0.15052910041666667,7020,75844462
8,3,4,1,3,5,46,26,21,2,0.19251019291666666,7021,75852381
11,7,3,1,3,8,56,16,38,4,0.3060701870833333,7022,75860300
10,7,1,2,4,6,60,12,24,3,0.2893986573611111,7023,75868219
7,2,4,1,1,6,60,12,21,3,0.2389445876388889,7024,75876138
8,2,4,2,2,6,62,10,16,2,0.23684036722222224,7025,75884057
11,5,4,2,3,8,52,20,24,7,0.3008787147222222,7026,75891976
7,2,2,3,4,3,40,32,16,4,0.16492641444444445,7027,75899895
5,3,0,2,3,2,34,38,6,2,0.17628577319444444,7028,75907814
2,2,0,0,0,2,32,40,0,1,0.11967675902777779,7029,75915733
5,2,1,2,2,3,29,43,13,4,0.10880472388888889,7030,75923652
7,3,2,2,2,5,50,22,13,2,0.24326021444444443,7031,75931571
5,1,4,0,1,4,21,51,13,3,0.13176271458333333,7032,75939490
10,6,2,2,5,5,62,10,30,4,0.38952933777777776,7033,75947409
4,1,2,1,1,3,17,55,1,2,0.09486303777777777,7034,75955328
6,3,3,0,1,5,32,40,15,3,0.18833760333333333,7035,75963247
7,2,5,0,2,5,41,31,5,2,0.16170941805555555,7036,75971166
6,3,1,2,2,4,50,22,17,2,0.26894991958333336,7037,75979085
6,2,1,3,4,2,46,26,13,3,0.18742499527777778,7038,75987004
7,0,3,4,1,6,47,25,22,2,0.16550611541666665,7039,75994923
5,3,2,0,1,4,39,33,14,3,0.2672146456944444,7040,76002842
0,0,0,0,0,0,0,72,0,0,0.0,7041,76010761
5,1,2,2,2,3,48,24,5,2,0.2270490911111111,7042,76018680
8,6,0,2,5,3,62,10,34,3,0.3547068838888889,7043,76026599
8,4,4,0,2,6,59,13,18,3,0.35583958569444446,7044,76034518
8,5,2,1,2,6,64,8,32,3,0.33287089527777775,7045,76042437
9,2,2,5,3,6,51,21,25,3,0.35785059597222224,7046,76050356
11,4,5,2,2,9,46,26,36,3,0.34362639083333335,7047,76058275
10,4,3,3,4,6,59,13,30,3,0.3618307752777778,7048,76066194
6,2,3,1,1,5,29,43,13,2,0.1620685376388889,7049,76074113
5,4,1,0,2,3,31,41,14,2,0.13535917666666666,7050,76082032
8,4,3,1,1,7,58,14,11,2,0.2299437640277778,7051,76089951
9,3,4,2,1,8,58,14,22,4,0.3302022038888889,7052,76097870
6,3,3,0,1,5,38,34,16,3,0.22901956291666664,7053,76105789
7,6,0,1,2,5,37,35,13,4,0.23165447708333334,7054,76113708
6,3,3,0,2,4,41,31,20,3,0.22537232486111108,7055,76121627
7,2,1,4,3,4,47,25,16,3,0.181037695,7056,76129546
7,2,3,2,2,5,43,29,19,3,0.25851907013888886,7057,76137465
7,5,2,0,1,6,56,16,25,2,0.31006775833333333,7058,76145384
8,4,4,0,3,5,42,30,21,3,0.21587330194444443,7059,76153303
4,1,2,1,1,3,25,47,0,1,0.1316401852777778,7060,76161222
7,3,4,0,4,3,49,23,8,2,0.1991387925,7061,76169141
6,5,1,0,0,6,41,31,17,3,0.2687634715277778,7062,76177060
5,4,1,0,2,3,27,45,9,2,0.10727457819444446,7063,76184979
12,8,3,1,4,8,46,26,34,5,0.2578151152777778,7064,76192898
9,4,2,3,4,5,61,11,26,4,0.33816699916666665,7065,76200817
10,3,4,3,3,7,55,17,26,4,0.30865194430555554,7066,76208736
7,2,4,1,3,4,38,34,10,3,0.16599310027777778,7067,76216655
7,4,3,0,2,5,45,27,15,2,0.2603416883333333,7068,76224574
5,3,1,1,2,3,33,39,20,2,0.15575552180555555,7069,76232493
5,2,3,0,2,3,27,45,16,4,0.11995662944444445,7070,76240412
5,2,1,2,3,2,31,41,19,2,0.2196796086111111,7071,76248331
10,4,4,2,1,9,50,22,39,4,0.3800901215277778,7072,76256250
7,4,0,3,2,5,42,30,21,3,0.1932298490277778,7073,76264169
2,1,0,1,1,1,17,55,1,2,0.05469868083333334,7074,76272088
6,3,3,0,2,4,44,28,11,3,0.16380221208333334,7075,76280007
8,3,5,0,2,6,58,14,35,3,0.25183309819444444,7076,76287926
3,3,0,0,2,1,33,39,0,1,0.1202239886111111,7077,76295845
3,2,0,1,0,3,21,51,4,2,0.09109056069444445,7078,76303764
6,5,1,0,3,3,51,21,20,2,0.19266772361111112,7079,76311683
8,4,2,2,1,7,50,22,22,4,0.23581886694444443,7080,76319602
7,4,1,2,3,4,42,30,16,3,0.24746524347222223,7081,76327521
7,5,2,0,3,4,47,25,18,3,0.2697435366666667,7082,76335440
6,5,1,0,2,4,56,16,14,3,0.24207190430555559,7083,76343359
6,2,4,0,0,6,51,21,10,2,0.23459974347222223,7084,76351278
9,5,2,2,2,7,51,21,21,4,0.25150454125,7085,76359197
6,3,0,3,1,5,42,30,11,2,0.2120358452777778,7086,76367116
6,1,5,0,2,4,39,33,20,2,0.22387373402777777,7087,76375035
10,4,3,3,5,5,66,6,37,3,0.27659945291666665,7088,76382954
2,1,0,1,0,2,14,58,0,1,0.053897437500000006,7089,76390873
4,3,0,1,0,4,38,34,11,2,0.2841942894444444,7090,76398792
8,5,1,2,3,5,66,6,36,3,0.3926834531944444,7091,76406711
11,5,3,3,4,7,55,17,28,4,0.26674902458333327,7092,76414630
6,2,4,0,3,3,44,28,18,2,0.12443308138888888,7093,76422549
4,3,0,1,2,2,41,31,9,2,0.18491544069444443,7094,76430468
6,5,1,0,3,3,40,32,23,3,0.22051662791666665,7095,76438387
8,5,1,2,4,4,54,18,23,3,0.31979854388888884,7096,76446306
9,9,0,0,3,6,62,10,37,3,0.4014096944444444,7097,76454225
6,2,2,2,1,5,47,25,16,3,0.23873310208333334,7098,76462144
9,5,3,1,3,6,61,11,25,2,0.27117237680555556,7099,76470063
6,2,2,2,4,2,42,30,17,4,0.24459960486111113,7100,76477982
4,1,2,1,1,3,41,31,3,2,0.17481332208333333,7101,76485901
9,3,0,6,3,6,55,17,22,3,0.31729226486111106,7102,76493820
3,3,0,0,1,2,29,43,14,2,0.09953089625,7103,76501739
5,4,1,0,1,4,57,15,5,2,0.23018306666666666,7104,76509658
6,4,1,1,3,3,44,28,27,4,0.19203864499999998,7105,76517577
2,2,0,0,1,1,29,43,1,2,0.08602806333333333,7106,76525496
4,4,0,0,2,2,20,52,11,2,0.06903615097222222,7107,76533415
7,3,2,2,2,5,45,27,33,4,0.2581800216666667,7108,76541334
7,5,1,1,3,4,52,20,15,3,0.22241053388888885,7109,76549253
4,2,1,1,1,3,26,46,3,2,0.13456911263888888,7110,76557172
6,3,2,1,1,5,52,20,11,2,0.2809930945833334,7111,76565091
5,1,3,1,1,4,39,33,10,2,0.2019090888888889,7112,76573010
5,4,1,0,0,5,35,37,15,2,0.27089940208333335,7113,76580929
7,5,2,0,3,4,29,43,21,5,0.1397988376388889,7114,76588848
6,2,3,1,3,3,49,23,6,2,0.2208962095833333,7115,76596767
5,2,2,1,1,4,35,37,15,2,0.20294440472222225,7116,76604686
1,1,0,0,1,0,14,58,0,1,0.07268292097222223,7117,76612605
8,2,2,4,2,6,52,20,17,2,0.24997086611111113,7118,76620524
6,2,2,2,3,3,33,39,14,3,0.19009382694444443,7119,76628443
7,2,0,5,3,4,45,27,21,3,0.21335459055555553,7120,76636362
8,6,1,1,2,6,57,15,28,4,0.25947467874999997,7121,76644281
2,1,1,0,0,2,13,59,0,1,0.0704825861111111,7122,76652200
6,3,2,1,0,6,51,21,19,2,0.28220588166666666,7123,76660119
5,1,3,1,1,4,36,36,0,1,0.1576116109722222,7124,76668038
6,2,1,3,3,3,45,27,13,2,0.1926165023611111,7125,76675957
6,4,0,2,2,4,57,15,21,2,0.2317499270833333,7126,76683876
4,4,0,0,2,2,37,35,14,2,0.10610906013888889,7127,76691795
3,2,0,1,2,1,30,42,6,2,0.1630159101388889,7128,76699714
7,3,2,2,5,2,48,24,8,3,0.22096009138888892,7129,76707633
9,5,3,1,4,5,34,38,16,5,0.21518160111111112,7130,76715552
7,5,2,0,4,3,35,37,12,3,0.2163293972222222,7131,76723471
3,2,1,0,1,2,41,31,0,1,0.14550179875,7132,76731390
6,1,2,3,1,5,36,36,12,2,0.1246168025,7133,76739309
4,3,1,0,1,3,38,34,17,2,0.2030725572222222,7134,76747228
5,3,1,1,3,2,45,27,13,2,0.15360651708333334,7135,76755147
8,5,3,0,1,7,60,12,22,3,0.3247897301388889,7136,76763066
7,3,3,1,1,6,47,25,22,4,0.2666571209722222,7137,76770985
5,2,3,0,2,3,38,34,6,2,0.16452847666666667,7138,76778904
11,7,1,3,2,9,62,10,35,3,0.36357212527777777,7139,76786823
9,3,4,2,2,7,47,25,29,3,0.3537043025,7140,76794742
3,2,1,0,1,2,28,44,0,1,0.10703329263888889,7141,76802661
4,2,2,0,1,3,30,42,1,2,0.11289988180555555,7142,76810580
11,4,3,4,3,8,58,14,37,3,0.2220046,7143,76818499
8,5,0,3,3,5,62,10,34,3,0.3214965,7144,76826418
3,2,1,0,0,3,20,52,6,2,0.16515524472222223,7145,76834337
4,3,0,1,0,4,46,26,7,2,0.16023089666666668,7146,76842256
4,1,3,0,2,2,26,46,5,2,0.12565250930555555,7147,76850175
5,4,0,1,3,2,41,31,10,3,0.17172595361111112,7148,76858094
7,2,1,4,4,3,56,16,22,3,0.23578050541666665,7149,76866013
7,2,4,1,3,4,50,22,9,2,0.23847623263888884,7150,76873932
8,6,2,0,3,5,49,23,22,3,0.2094430459722222,7151,76881851
9,4,4,1,2,7,45,27,25,4,0.27870926458333334,7152,76889770
4,1,1,2,2,2,36,36,6,2,0.1630138915277778,7153,76897689
7,3,2,2,3,4,50,22,14,2,0.19224572625000003,7154,76905608
7,5,2,0,2,5,71,1,23,2,0.3965590018055556,7155,76913527
6,4,2,0,2,4,37,35,15,3,0.28379918611111116,7156,76921446
9,4,3,2,4,5,61,11,29,3,0.32164236055555556,7157,76929365
4,3,1,0,2,2,33,39,5,2,0.1411397373611111,7158,76937284
9,3,4,2,3,6,58,14,26,2,0.24124729277777776,7159,76945203
4,3,1,0,1,3,44,28,5,2,0.18418985319444448,7160,76953122
6,3,1,2,2,4,43,29,14,3,0.2721912663888889,7161,76961041
5,3,0,2,3,2,26,46,11,2,0.12489023805555556,7162,76968960
9,3,4,2,3,6,63,9,19,3,0.29155692736111116,7163,76976879
10,6,3,1,1,9,60,12,39,4,0.5596284127777778,7164,76984798
7,6,1,0,2,5,47,25,11,2,0.2007572625,7165,76992717
6,3,0,3,3,3,37,35,12,4,0.10781463402777776,7166,77000636
5,3,1,1,2,3,29,43,8,3,0.11804397402777776,7167,77008555
12,5,5,2,3,9,70,2,30,5,0.4914472661111111,7168,77016474
9,5,1,3,3,6,47,25,23,4,0.2893429079166666,7169,77024393
4,1,1,2,2,2,29,43,3,2,0.10505646111111111,7170,77032312
9,6,1,2,4,5,59,13,35,3,0.3266090138888889,7171,77040231
6,2,2,2,1,5,52,20,13,2,0.21534190930555558,7172,77048150
6,1,2,3,0,6,42,30,10,2,0.2199758151388889,7173,77056069
6,3,2,1,3,3,45,27,15,3,0.2501318890277778,7174,77063988
2,1,0,1,0,2,13,59,0,1,0.07526513930555555,7175,77071907
7,3,0,4,3,4,29,43,24,3,0.17554918847222223,7176,77079826
8,3,3,2,1,7,33,39,21,4,0.27368691083333335,7177,77087745
4,1,1,2,2,2,34,38,5,2,0.13693794888888888,7178,77095664
7,1,5,1,1,6,32,40,21,4,0.16211515791666667,7179,77103583
8,5,3,0,2,6,48,24,18,3,0.29281052569444443,7180,77111502
6,2,3,1,2,4,35,37,27,3,0.18266015555555556,7181,77119421
2,1,1,0,2,0,11,61,0,1,0.04641793319444445,7182,77127340
9,1,3,5,3,6,46,26,30,3,0.18544851597222223,7183,77135259
3,1,1,1,2,1,31,41,0,1,0.16948288708333334,7184,77143178
7,3,2,2,2,5,35,37,14,4,0.20311577777777778,7185,77151097
7,3,3,1,1,6,47,25,18,3,0.2261334763888889,7186,77159016
6,3,3,0,4,2,48,24,18,3,0.19274536541666665,7187,77166935
7,5,1,1,4,3,44,28,13,3,0.20777283430555554,7188,77174854
11,6,3,2,3,8,56,16,34,4,0.27937025666666665,7189,77182773
11,7,1,3,6,5,39,33,30,5,0.18233288777777779,7190,77190692
4,2,2,0,3,1,43,29,4,2,0.10379378347222223,7191,77198611
3,1,1,1,1,2,18,54,4,2,0.05146861166666667,7192,77206530
6,3,0,3,4,2,42,30,10,3,0.22040370041666668,7193,77214449
7,2,2,3,1,6,50,22,17,3,0.2851522747222222,7194,77222368
9,3,3,3,4,5,39,33,32,4,0.14286190041666666,7195,77230287
7,2,1,4,1,6,31,41,15,2,0.16746924958333334,7196,77238206
11,3,3,5,6,5,56,16,36,3,0.32045887625,7197,77246125
6,3,3,0,0,6,50,22,6,3,0.2640893177777778,7198,77254044
3,1,1,1,1,2,28,44,5,2,0.10092450930555556,7199,77261963
6,1,1,4,2,4,49,23,15,3,0.16056384361111112,7200,77269882
13,5,2,6,5,8,59,13,37,5,0.3192464090277778,7201,77277801
6,2,2,2,2,4,34,38,14,3,0.17076831069444445,7202,77285720
8,3,2,3,5,3,54,18,23,3,0.25164966986111115,7203,77293639
9,7,1,1,5,4,55,17,34,3,0.29647904208333337,7204,77301558
4,1,1,2,3,1,30,42,4,2,0.1347230238888889,7205,77309477
4,2,1,1,2,2,31,41,5,2,0.09094297083333333,7206,77317396
4,3,1,0,2,2,38,34,11,2,0.15179692902777778,7207,77325315
3,2,1,0,1,2,21,51,6,2,0.08348824111111111,7208,77333234
5,2,1,2,0,5,23,49,1,2,0.08647859930555556,7209,77341153
4,3,1,0,2,2,34,38,0,1,0.1791579301388889,7210,77349072
7,2,3,2,2,5,46,26,21,3,0.27524955333333334,7211,77356991
8,3,4,1,3,5,62,10,21,3,0.3064495484722222,7212,77364910
4,2,0,2,2,2,41,31,7,2,0.19180837402777776,7213,77372829
8,7,0,1,2,6,50,22,24,3,0.2879733804166667,7214,77380748
8,3,3,2,1,7,42,30,23,4,0.14628795805555558,7215,77388667
4,3,1,0,2,2,31,41,9,2,0.11713236916666665,7216,77396586
10,5,2,3,5,5,46,26,22,5,0.2023448498611111,7217,77404505
3,1,0,2,1,2,28,44,5,2,0.10936515138888889,7218,77412424
8,4,2,2,3,5,58,14,18,3,0.34137788,7219,77420343
6,4,2,0,3,3,39,33,12,3,0.20288437333333334,7220,77428262
8,7,0,1,4,4,59,13,18,3,0.2604757119444444,7221,77436181
1,1,0,0,0,1,14,58,0,1,0.052636560694444445,7222,77444100
7,4,2,1,5,2,51,21,16,2,0.26700897763888887,7223,77452019
3,1,2,0,1,2,27,45,0,1,0.10277396194444445,7224,77459938
6,2,0,4,1,5,35,37,18,4,0.24005841708333334,7225,77467857
4,2,0,2,1,3,19,53,10,3,0.15906745791666668,7226,77475776
7,4,1,2,2,5,51,21,18,3,0.1915612359722222,7227,77483695
4,1,0,3,0,4,35,37,1,2,0.14033337541666666,7228,77491614
6,3,2,1,3,3,43,29,24,2,0.28547011055555555,7229,77499533
5,4,0,1,2,3,37,35,24,3,0.1374768727777778,7230,77507452
7,2,3,2,1,6,38,34,21,3,0.17471328402777775,7231,77515371
4,3,1,0,1,3,44,28,7,2,0.15090739180555557,7232,77523290
3,2,1,0,1,2,21,51,11,2,0.08498797652777779,7233,77531209
7,3,3,1,3,4,39,33,15,3,0.17796659402777779,7234,77539128
9,6,1,2,4,5,53,19,37,4,0.22635911611111106,7235,77547047
6,5,0,1,3,3,28,44,12,3,0.12747220736111112,7236,77554966
7,4,0,3,4,3,50,22,23,3,0.20042586416666666,7237,77562885
8,3,4,1,4,4,57,15,22,3,0.29599110041666665,7238,77570804
6,3,1,2,2,4,49,23,16,3,0.15387379180555555,7239,77578723
8,3,2,3,3,5,52,20,15,2,0.2687725951388889,7240,77586642
5,3,1,1,2,3,44,28,2,2,0.17566097013888887,7241,77594561
4,1,3,0,0,4,27,45,11,2,0.14021537902777778,7242,77602480
7,3,2,2,1,6,56,16,14,3,0.27915884569444444,7243,77610399
10,5,4,1,3,7,52,20,21,3,0.23184067930555555,7244,77618318
3,1,2,0,2,1,25,47,0,1,0.07499011111111112,7245,77626237
6,3,3,0,2,4,39,33,20,2,0.2225214511111111,7246,77634156
5,2,1,2,2,3,29,43,20,2,0.07889894194444444,7247,77642075
2,1,1,0,1,1,25,47,0,1,0.09143435680555556,7248,77649994
9,3,3,3,5,4,49,23,13,3,0.2696538608333333,7249,77657913
3,1,2,0,0,3,31,41,0,1,0.13667955250000002,7250,77665832
7,4,3,0,4,3,43,29,18,3,0.14915094069444443,7251,77673751
4,1,1,2,2,2,32,40,2,2,0.12526789486111112,7252,77681670
5,2,1,2,1,4,38,34,19,2,0.1661720776388889,7253,77689589
4,2,1,1,0,4,40,32,1,2,0.18734312819444446,7254,77697508
4,3,1,0,0,4,47,25,6,2,0.20921741,7255,77705427
5,5,0,0,2,3,34,38,15,3,0.2273386447222222,7256,77713346
6,4,2,0,2,4,45,27,15,2,0.16767010361111112,7257,77721265
4,2,1,1,2,2,32,40,20,2,0.18648986972222226,7258,77729184
3,1,0,2,0,3,25,47,10,2,0.14182384416666668,7259,77737103
10,7,1,2,3,7,52,20,37,5,0.3260487158333334,7260,77745022
9,2,4,3,3,6,54,18,21,3,0.21819574236111108,7261,77752941
2,0,0,2,2,0,22,50,0,1,0.10315860583333333,7262,77760860
9,4,3,2,3,6,46,26,22,3,0.24924153236111113,7263,77768779
8,2,3,3,1,7,49,23,14,2,0.2139006201388889,7264,77776698
7,4,3,0,2,5,49,23,17,3,0.20830710291666665,7265,77784617
5,4,0,1,2,3,51,21,7,2,0.23947284708333333,7266,77792536
8,5,1,2,2,6,56,16,29,3,0.33479924680555556,7267,77800455
8,3,4,1,3,5,45,27,21,3,0.26893335555555553,7268,77808374
7,2,2,3,3,4,50,22,21,3,0.2676687352777778,7269,77816293
10,8,2,0,5,5,65,7,36,3,0.2845189980555556,7270,77824212
4,1,0,3,2,2,23,49,7,2,0.11766625513888888,7271,77832131
9,4,2,3,5,4,58,14,29,3,0.2709743416666666,7272,77840050
7,3,2,2,1,6,42,30,23,3,0.26821417569444445,7273,77847969
6,3,1,2,3,3,41,31,11,3,0.15117656861111112,7274,77855888
6,2,2,2,2,4,62,10,10,2,0.26432339958333334,7275,77863807
3,2,0,1,3,0,34,38,7,2,0.11663572458333332,7276,77871726
7,6,1,0,1,6,44,28,26,3,0.2729240465277778,7277,77879645
6,1,3,2,0,6,25,47,10,3,0.2250635709722222,7278,77887564
9,7,1,1,2,7,61,11,43,4,0.4469828280555555,7279,77895483
9,5,2,2,4,5,63,9,34,3,0.3951431423611111,7280,77903402
4,2,2,0,1,3,41,31,8,2,0.10901699180555556,7281,77911321
3,2,1,0,1,2,31,41,0,1,0.13624944222222224,7282,77919240
5,0,4,1,0,5,44,28,3,2,0.17781954875,7283,77927159
5,3,2,0,1,4,43,29,2,2,0.1610656275,7284,77935078
3,3,0,0,1,2,35,37,3,2,0.25492427833333337,7285,77942997
5,1,2,2,0,5,39,33,0,1,0.19367923833333334,7286,77950916
4,2,1,1,2,2,26,46,16,3,0.15153807111111112,7287,77958835
7,3,1,3,2,5,53,19,17,3,0.24152732361111115,7288,77966754
6,4,2,0,2,4,34,38,17,2,0.10519639930555556,7289,77974673
8,4,3,1,3,5,51,21,19,3,0.1501059320833333,7290,77982592
12,6,5,1,5,7,50,22,36,5,0.31781579486111106,7291,77990511
3,0,3,0,0,3,28,44,4,2,0.0780635211111111,7292,77998430
5,1,2,2,2,3,28,44,16,3,0.1910726440277778,7293,78006349
6,2,3,1,3,3,46,26,19,3,0.20838266222222224,7294,78014268
4,2,0,2,4,0,34,38,4,2,0.12412096902777778,7295,78022187
6,4,2,0,1,5,43,29,20,3,0.2905850581944444,7296,78030106
7,2,3,2,2,5,45,27,11,3,0.16971251763888887,7297,78038025
5,4,1,0,3,2,50,22,6,2,0.18088297875,7298,78045944
7,1,4,2,2,5,45,27,14,2,0.21710572833333333,7299,78053863
6,3,2,1,1,5,39,33,21,4,0.32081975430555554,7300,78061782
12,5,1,6,7,5,65,7,43,4,0.3061356908333333,7301,78069701
5,4,0,1,1,4,39,33,9,3,0.24268193416666664,7302,78077620
9,3,2,4,5,4,64,8,29,3,0.2548880738888889,7303,78085539
12,7,3,2,3,9,45,27,30,6,0.3165888841666667,7304,78093458
6,4,0,2,2,4,38,34,14,2,0.23734565444444447,7305,78101377
10,7,2,1,4,6,48,24,27,4,0.1851362238888889,7306,78109296
5,3,1,1,2,3,43,29,15,2,0.2264174473611111,7307,78117215
7,4,3,0,2,5,55,17,15,2,0.27776530805555555,7308,78125134
7,4,3,0,1,6,29,43,14,3,0.11391713305555556,7309,78133053
5,3,1,1,2,3,43,29,5,2,0.2518212198611111,7310,78140972
7,4,1,2,3,4,45,27,17,2,0.19191816319444444,7311,78148891
9,7,2,0,3,6,55,17,38,5,0.22939746333333336,7312,78156810
4,3,1,0,1,3,50,22,17,3,0.21523233652777776,7313,78164729
6,4,0,2,0,6,41,31,15,2,0.25273728958333336,7314,78172648
4,1,2,1,1,3,35,37,0,1,0.0917247451388889,7315,78180567
3,1,1,1,0,3,21,51,1,2,0.1033950126388889,7316,78188486
8,4,1,3,4,4,44,28,20,4,0.2488030091666667,7317,78196405
8,4,3,1,2,6,65,7,15,3,0.38141404819444447,7318,78204324
11,5,4,2,4,7,66,6,41,5,0.42484137902777774,7319,78212243
8,2,3,3,2,6,37,35,20,3,0.15151994055555554,7320,78220162
6,1,3,2,2,4,44,28,12,2,0.23122705513888894,7321,78228081
3,0,2,1,0,3,12,60,7,2,0.07043818388888888,7322,78236000
8,6,1,1,2,6,49,23,16,5,0.19418743930555557,7323,78243919
5,2,3,0,1,4,25,47,15,4,0.09748782777777779,7324,78251838
1,0,1,0,0,1,10,62,0,1,0.04884159263888889,7325,78259757
4,1,2,1,1,3,24,48,3,2,0.09919153472222222,7326,78267676
7,3,3,1,2,5,39,33,12,4,0.1670172648611111,7327,78275595
11,7,2,2,4,7,63,9,39,4,0.3185547994444444,7328,78283514
7,3,2,2,2,5,51,21,23,2,0.23030995749999997,7329,78291433
3,1,2,0,1,2,24,48,0,1,0.11970710555555557,7330,78299352
1,0,0,1,1,0,11,61,0,1,0.06042860763888888,7331,78307271
10,5,3,2,4,6,47,25,38,4,0.25952680680555557,7332,78315190
6,3,3,0,1,5,50,22,19,2,0.2589442355555555,7333,78323109
4,3,1,0,0,4,45,27,10,2,0.3087740569444445,7334,78331028
6,2,1,3,1,5,29,43,15,2,0.21154941958333334,7335,78338947
8,3,2,3,2,6,41,31,25,3,0.19647314361111112,7336,78346866
4,1,3,0,0,4,37,35,6,2,0.19366185041666667,7337,78354785
5,5,0,0,1,4,47,25,25,2,0.24080917875,7338,78362704
7,4,1,2,4,3,51,21,21,3,0.2249255654166667,7339,78370623
9,4,3,2,1,8,61,11,17,4,0.3167211373611111,7340,78378542
5,5,0,0,1,4,41,31,25,3,0.19127179708333333,7341,78386461
6,3,0,3,2,4,36,36,19,3,0.19333374749999999,7342,78394380
11,6,2,3,5,6,59,13,33,4,0.2254346108333333,7343,78402299
7,2,2,3,3,4,44,28,12,2,0.25033933305555556,7344,78410218
5,1,3,1,1,4,38,34,11,2,0.11891945986111112,7345,78418137
9,5,3,1,3,6,52,20,24,5,0.2399478072222222,7346,78426056
5,3,0,2,2,3,32,40,3,2,0.17554668208333332,7347,78433975
2,2,0,0,0,2,31,41,0,1,0.05702266611111111,7348,78441894
8,2,2,4,3,5,47,25,23,3,0.3358547411111111,7349,78449813
3,0,1,2,1,2,26,46,3,2,0.10121474055555556,7350,78457732
5,2,2,1,3,2,34,38,12,2,0.17711058583333333,7351,78465651
1,0,0,1,0,1,7,65,0,1,0.04499261583333333,7352,78473570
3,0,2,1,0,3,17,55,4,2,0.07650700916666667,7353,78481489
7,3,0,4,3,4,46,26,10,3,0.21451042138888887,7354,78489408
6,4,1,1,4,2,58,14,8,2,0.31726737694444446,7355,78497327
2,1,0,1,1,1,25,47,0,1,0.10046369583333334,7356,78505246
7,4,1,2,4,3,47,25,17,4,0.17239298902777778,7357,78513165
9,5,2,2,1,8,55,17,24,4,0.4599273470833334,7358,78521084
5,4,1,0,2,3,41,31,8,2,0.18993834416666666,7359,78529003
8,7,1,0,3,5,60,12,27,3,0.22094837388888888,7360,78536922
6,2,4,0,0,6,49,23,5,2,0.16342640041666667,7361,78544841
10,6,1,3,5,5,54,18,30,3,0.3072127,7362,78552760
9,3,3,3,4,5,56,16,28,3,0.3000295384722222,7363,78560679
8,6,1,1,3,5,51,21,25,3,0.28000045638888893,7364,78568598
8,2,5,1,3,5,54,18,18,3,0.17752263833333334,7365,78576517
5,2,2,1,2,3,48,24,0,1,0.16490351513888887,7366,78584436
9,5,3,1,4,5,62,10,27,4,0.33405902527777775,7367,78592355
6,4,2,0,3,3,48,24,21,3,0.1497215901388889,7368,78600274
7,3,2,2,4,3,42,30,17,3,0.30275865208333336,7369,78608193
5,2,1,2,0,5,32,40,12,2,0.2130259602777778,7370,78616112
3,1,2,0,1,2,19,53,0,1,0.08289617930555554,7371,78624031
7,5,0,2,3,4,60,12,10,3,0.22081181194444444,7372,78631950
7,6,1,0,3,4,40,32,24,3,0.25001458680555555,7373,78639869
8,2,2,4,4,4,51,21,31,3,0.3475305897222222,7374,78647788
7,4,2,1,3,4,56,16,25,3,0.28402386763888887,7375,78655707
6,3,0,3,1,5,40,32,14,3,0.23797921986111112,7376,78663626
5,3,0,2,3,2,34,38,14,2,0.17591443472222223,7377,78671545
7,4,2,1,2,5,48,24,25,4,0.29713078013888894,7378,78679464
5,3,0,2,4,1,53,19,1,2,0.21790669305555554,7379,78687383
8,1,3,4,3,5,41,31,14,4,0.223388895,7380,78695302
3,2,1,0,1,2,26,46,0,1,0.07522735472222222,7381,78703221
4,2,0,2,4,0,37,35,11,2,0.19497906972222223,7382,78711140
5,2,2,1,3,2,38,34,5,2,0.21451360708333336,7383,78719059
7,2,3,2,2,5,58,14,13,3,0.1856157501388889,7384,78726978
9,4,4,1,3,6,45,27,32,3,0.3557941002777778,7385,78734897
5,1,2,2,1,4,25,47,15,2,0.13899106791666668,7386,78742816
7,4,1,2,0,7,42,30,15,3,0.21740594875,7387,78750735
8,3,2,3,6,2,51,21,29,3,0.38793603569444446,7388,78758654
6,5,0,1,0,6,39,33,12,3,0.23402319083333334,7389,78766573
6,0,4,2,2,4,30,42,6,2,0.13682665291666668,7390,78774492
8,3,3,2,3,5,46,26,9,3,0.15731931402777777,7391,78782411
2,1,0,1,1,1,15,57,10,2,0.023514784583333333,7392,78790330
7,3,3,1,1,6,47,25,13,2,0.27701025597222223,7393,78798249
7,3,1,3,2,5,49,23,17,3,0.22900350680555556,7394,78806168
3,1,2,0,0,3,31,41,2,2,0.16916631847222222,7395,78814087
9,4,2,3,3,6,37,35,15,4,0.2892530688888889,7396,78822006
5,3,1,1,2,3,44,28,7,2,0.2793350156944444,7397,78829925
4,1,2,1,1,3,14,58,9,3,0.07847089222222221,7398,78837844
7,4,1,2,4,3,35,37,32,3,0.21255433236111113,7399,78845763
8,2,4,2,2,6,47,25,24,2,0.21904966708333334,7400,78853682
4,4,0,0,2,2,31,41,4,2,0.12827975472222222,7401,78861601
6,5,1,0,1,5,39,33,1,2,0.18650176027777776,7402,78869520
8,6,1,1,2,6,45,27,20,4,0.2501681516666666,7403,78877439
5,3,1,1,3,2,29,43,20,3,0.22652853319444446,7404,78885358
9,5,2,2,6,3,61,11,28,4,0.22664588916666664,7405,78893277
8,4,4,0,4,4,38,34,25,5,0.21756291916666667,7406,78901196
10,6,3,1,4,6,63,9,20,4,0.22905621166666668,7407,78909115
2,2,0,0,0,2,25,47,10,2,0.15818601666666668,7408,78917034
8,5,1,2,3,5,49,23,12,4,0.23512851527777778,7409,78924953
2,0,1,1,1,1,16,56,0,1,0.07658288236111112,7410,78932872
6,5,0,1,3,3,46,26,20,3,0.3024882109722222,7411,78940791
6,5,1,0,3,3,42,30,20,2,0.13641317944444445,7412,78948710
9,5,2,2,3,6,45,27,29,3,0.2721546623611111,7413,78956629
5,3,2,0,0,5,29,43,12,4,0.18411072291666666,7414,78964548
4,2,1,1,2,2,35,37,22,2,0.18486314458333336,7415,78972467
2,0,0,2,2,0,24,48,0,1,0.09002068069444445,7416,78980386
4,2,2,0,0,4,34,38,8,2,0.24657829763888892,7417,78988305
4,3,1,0,1,3,61,11,8,2,0.31141387333333337,7418,78996224
7,2,3,2,3,4,46,26,9,2,0.22211307555555557,7419,79004143
7,3,2,2,2,5,37,35,23,5,0.22929418430555554,7420,79012062
3,3,0,0,1,2,31,41,13,2,0.17907827013888888,7421,79019981
8,4,3,1,3,5,53,19,28,3,0.1956371277777778,7422,79027900
9,5,2,2,6,3,71,1,27,4,0.32705947388888895,7423,79035819
5,3,2,0,2,3,29,43,4,2,0.13854919305555555,7424,79043738
2,1,0,1,1,1,21,51,0,1,0.09864289027777777,7425,79051657
7,4,1,2,1,6,49,23,12,2,0.3074740195833333,7426,79059576
4,1,2,1,1,3,20,52,7,2,0.1269959948611111,7427,79067495
7,4,0,3,2,5,50,22,15,3,0.25191214291666664,7428,79075414
3,2,1,0,0,3,19,53,10,2,0.08561744958333334,7429,79083333
3,1,2,0,1,2,28,44,0,1,0.08954714791666667,7430,79091252
4,2,1,1,2,2,44,28,0,1,0.14319954999999998,7431,79099171
10,3,4,3,3,7,59,13,32,3,0.2539711945833333,7432,79107090
7,4,1,2,1,6,45,27,21,4,0.1257950698611111,7433,79115009
5,1,2,2,2,3,25,47,6,2,0.1526312279166667,7434,79122928
14,4,7,3,3,11,53,19,31,5,0.2851913470833333,7435,79130847
1,0,1,0,0,1,6,66,0,1,0.011330659861111111,7436,79138766
7,5,2,0,2,5,49,23,16,3,0.24317908416666667,7437,79146685
7,5,1,1,4,3,47,25,16,2,0.19265499069444447,7438,79154604
6,4,1,1,1,5,47,25,15,2,0.17723804930555553,7439,79162523
10,6,2,2,6,4,46,26,28,3,0.19701855069444443,7440,79170442
4,1,2,1,1,3,39,33,0,1,0.17461837986111112,7441,79178361
6,4,1,1,3,3,51,21,21,3,0.23543953013888888,7442,79186280
8,4,2,2,5,3,64,8,18,4,0.22509417333333331,7443,79194199
6,4,2,0,2,4,41,31,15,3,0.17809984069444446,7444,79202118
16,9,3,4,4,12,68,4,45,7,0.42551795722222224,7445,79210037
2,1,0,1,0,2,23,49,0,1,0.06507187736111111,7446,79217956
8,3,3,2,3,5,44,28,13,3,0.25370101902777775,7447,79225875
13,6,4,3,6,7,64,8,32,4,0.23771177055555556,7448,79233794
10,3,4,3,1,9,46,26,35,4,0.2680420411111111,7449,79241713
5,2,2,1,2,3,31,41,12,3,0.10322062958333335,7450,79249632
6,3,2,1,4,2,31,41,15,4,0.11458655097222221,7451,79257551
9,6,3,0,1,8,57,15,18,4,0.36753851277777777,7452,79265470
6,2,1,3,1,5,31,41,4,3,0.17533934625000003,7453,79273389
8,6,1,1,3,5,46,26,27,4,0.23504854,7454,79281308
10,5,5,0,3,7,47,25,22,3,0.23836589236111105,7455,79289227
7,7,0,0,2,5,59,13,36,3,0.28474918902777774,7456,79297146
4,4,0,0,3,1,44,28,2,2,0.13919087638888888,7457,79305065
4,2,1,1,2,2,38,34,6,2,0.15455643736111113,7458,79312984
1,0,0,1,0,1,6,66,0,1,0.03074473875,7459,79320903
8,3,1,4,3,5,54,18,21,3,0.371181865,7460,79328822
8,3,3,2,2,6,43,29,25,2,0.20858259638888887,7461,79336741
5,1,2,2,1,4,38,34,9,2,0.12443780291666667,7462,79344660
7,5,2,0,2,5,46,26,23,4,0.31852463541666665,7463,79352579
7,2,1,4,6,1,49,23,8,2,0.2757830884722222,7464,79360498
10,5,3,2,2,8,54,18,32,4,0.2643553326388889,7465,79368417
0,0,0,0,0,0,0,72,0,0,0.0,7466,79376336
4,2,2,0,1,3,49,23,0,1,0.22269568763888892,7467,79384255
8,2,3,3,2,6,59,13,29,2,0.2325712273611111,7468,79392174
1,1,0,0,0,1,16,56,0,1,0.08095348652777777,7469,79400093
5,1,2,2,1,4,34,38,11,2,0.1896389701388889,7470,79408012
7,3,4,0,3,4,48,24,21,3,0.1968454163888889,7471,79415931
9,4,2,3,3,6,50,22,24,3,0.2526544088888889,7472,79423850
8,6,0,2,3,5,54,18,34,3,0.2387492056944444,7473,79431769
8,4,4,0,3,5,48,24,10,3,0.3165098720833333,7474,79439688
10,6,3,1,4,6,52,20,31,4,0.30544975513888883,7475,79447607
3,1,1,1,2,1,20,52,7,2,0.060504399166666674,7476,79455526
7,1,4,2,2,5,40,32,12,3,0.15995414305555558,7477,79463445
9,4,5,0,2,7,47,25,24,3,0.18099929458333333,7478,79471364
8,4,1,3,1,7,66,6,25,3,0.25694233694444446,7479,79479283
8,1,5,2,3,5,55,17,15,3,0.32531865611111116,7480,79487202
7,2,2,3,3,4,43,29,16,3,0.2260093775,7481,79495121
7,5,0,2,1,6,52,20,17,3,0.24416403055555552,7482,79503040
7,3,3,1,2,5,46,26,19,4,0.21607646902777777,7483,79510959
10,6,2,2,3,7,47,25,28,4,0.24200136819444446,7484,79518878
4,0,3,1,1,3,22,50,6,2,0.084160635,7485,79526797
5,4,1,0,2,3,31,41,10,2,0.08052712305555557,7486,79534716
3,2,1,0,1,2,29,43,2,2,0.09693057222222223,7487,79542635
7,2,2,3,1,6,33,39,19,3,0.18920533875,7488,79550554
6,1,3,2,3,3,44,28,13,3,0.2280054791666667,7489,79558473
8,2,3,3,2,6,48,24,18,3,0.25067316916666665,7490,79566392
8,4,2,2,4,4,40,32,13,4,0.19975110194444445,7491,79574311
9,3,5,1,4,5,57,15,20,3,0.2792276851388889,7492,79582230
4,0,2,2,2,2,32,40,2,2,0.12783874666666667,7493,79590149
8,3,2,3,2,6,45,27,21,4,0.21987894583333334,7494,79598068
10,6,2,2,4,6,56,16,28,4,0.2778688651388889,7495,79605987
13,6,3,4,3,10,58,14,32,4,0.3428185247222222,7496,79613906
8,4,1,3,4,4,52,20,22,4,0.2714778376388889,7497,79621825
7,4,2,1,3,4,50,22,9,3,0.14706635916666666,7498,79629744
10,5,5,0,0,10,44,28,24,6,0.49509565083333335,7499,79637663
6,5,0,1,1,5,44,28,22,3,0.20030954027777778,7500,79645582
8,5,1,2,3,5,47,25,21,3,0.2772069323611111,7501,79653501
4,1,0,3,2,2,35,37,3,2,0.15524170208333332,7502,79661420
2,0,2,0,0,2,14,58,0,1,0.06160198638888889,7503,79669339
5,2,1,2,2,3,35,37,9,2,0.18710799833333333,7504,79677258
4,2,1,1,2,2,34,38,5,2,0.18182651611111111,7505,79685177
4,3,0,1,1,3,45,27,0,1,0.1733424851388889,7506,79693096
1,1,0,0,0,1,10,62,0,1,0.04460232986111111,7507,79701015
7,5,1,1,4,3,47,25,21,4,0.16777782958333332,7508,79708934
6,4,1,1,3,3,56,16,9,3,0.35910422430555555,7509,79716853
2,0,2,0,0,2,14,58,0,1,0.049009957361111106,7510,79724772
7,4,2,1,1,6,45,27,16,3,0.13596189347222223,7511,79732691
2,1,0,1,1,1,23,49,0,1,0.11521483486111112,7512,79740610
9,6,2,1,2,7,59,13,37,4,0.3818557680555556,7513,79748529
8,4,3,1,3,5,31,41,26,5,0.22800034305555558,7514,79756448
4,3,1,0,0,4,38,34,5,2,0.17382417208333334,7515,79764367
9,4,4,1,3,6,51,21,37,3,0.35360482819444444,7516,79772286
5,3,2,0,3,2,50,22,9,2,0.2346539141666667,7517,79780205
9,4,3,2,4,5,57,15,23,4,0.29648791152777776,7518,79788124
11,5,4,2,3,8,64,8,38,4,0.45353340277777776,7519,79796043
5,3,2,0,1,4,29,43,7,3,0.22257480944444444,7520,79803962
7,5,1,1,0,7,39,33,10,3,0.23059129027777775,7521,79811881
6,3,3,0,2,4,32,40,11,3,0.21968982250000002,7522,79819800
9,5,3,1,3,6,52,20,21,5,0.24695256486111117,7523,79827719
8,2,5,1,3,5,37,35,26,4,0.16877292138888889,7524,79835638
4,1,1,2,1,3,35,37,7,2,0.15212622805555556,7525,79843557
4,2,1,1,2,2,39,33,6,2,0.10937452416666665,7526,79851476
4,2,0,2,3,1,44,28,5,2,0.20491230805555555,7527,79859395
7,3,3,1,4,3,49,23,25,3,0.22710980625,7528,79867314
6,5,0,1,1,5,46,26,16,2,0.21256562680555557,7529,79875233
5,1,3,1,3,2,44,28,2,2,0.1649655509722222,7530,79883152
5,1,3,1,1,4,38,34,5,2,0.1787584265277778,7531,79891071
5,2,1,2,3,2,26,46,11,3,0.10861754680555556,7532,79898990
5,4,0,1,0,5,31,41,20,3,0.26712608555555556,7533,79906909
9,4,3,2,3,6,39,33,21,4,0.23667908972222224,7534,79914828
9,4,3,2,5,4,59,13,23,2,0.27995372347222225,7535,79922747
5,2,2,1,3,2,36,36,2,2,0.12061295513888888,7536,79930666
4,3,0,1,1,3,30,42,11,3,0.13726772583333335,7537,79938585
6,3,3,0,2,4,39,33,21,3,0.1897804863888889,7538,79946504
3,2,1,0,0,3,22,50,7,2,0.13002774944444445,7539,79954423
7,5,1,1,4,3,46,26,32,3,0.14262551333333334,7540,79962342
9,4,3,2,2,7,57,15,29,2,0.2766743698611111,7541,79970261
11,6,4,1,3,8,63,9,39,5,0.3994368229166667,7542,79978180
3,1,1,1,1,2,27,45,0,1,0.14147085944444443,7543,79986099
7,3,1,3,3,4,49,23,21,3,0.20843531180555555,7544,79994018
4,2,2,0,1,3,37,35,4,2,0.1512660338888889,7545,80001937
7,5,2,0,1,6,55,17,19,3,0.320697795,7546,80009856
0,0,0,0,0,0,0,72,0,0,0.0,7547,80017775
5,1,3,1,2,3,38,34,12,3,0.12871529583333333,7548,80025694
2,0,2,0,0,2,9,63,0,1,0.06595188833333333,7549,80033613
4,3,1,0,1,3,41,31,8,2,0.1695790173611111,7550,80041532
6,3,1,2,3,3,43,29,20,3,0.17689847069444445,7551,80049451
6,1,4,1,2,4,50,22,12,2,0.22343324222222222,7552,80057370
5,1,1,3,2,3,41,31,4,2,0.1640405961111111,7553,80065289
6,4,2,0,1,5,56,16,22,3,0.2545421511111111,7554,80073208
9,4,3,2,0,9,56,16,37,3,0.4224675280555556,7555,80081127
4,3,0,1,3,1,44,28,14,3,0.14804319722222223,7556,80089046
2,1,0,1,1,1,6,66,1,2,0.017788787777777777,7557,80096965
4,3,0,1,2,2,32,40,5,2,0.1385132201388889,7558,80104884
8,5,2,1,0,8,49,23,34,4,0.44421329805555554,7559,80112803
9,3,4,2,2,7,56,16,26,4,0.26255935055555557,7560,80120722
5,3,0,2,2,3,39,33,5,2,0.13704128569444446,7561,80128641
8,6,1,1,3,5,48,24,12,4,0.23991619305555556,7562,80136560
0,0,0,0,0,0,0,72,0,0,0.0,7563,80144479
5,2,1,2,3,2,24,48,10,3,0.10179289125,7564,80152398
7,3,4,0,1,6,46,26,14,3,0.2836404183333333,7565,80160317
7,2,2,3,4,3,49,23,11,3,0.22059474777777777,7566,80168236
6,4,0,2,3,3,59,13,20,3,0.251673465,7567,80176155
3,2,0,1,0,3,20,52,9,2,0.18673352638888888,7568,80184074
5,3,1,1,3,2,48,24,12,2,0.14604432944444445,7569,80191993
5,4,1,0,3,2,49,23,7,2,0.2718549484722222,7570,80199912
7,1,2,4,3,4,60,12,6,2,0.3183117798611111,7571,80207831
8,4,1,3,3,5,38,34,20,4,0.18694522847222222,7572,80215750
2,1,0,1,2,0,24,48,0,1,0.10108751902777777,7573,80223669
6,4,1,1,4,2,36,36,8,3,0.1648817759722222,7574,80231588
2,0,1,1,1,1,15,57,0,1,0.06634335222222222,7575,80239507
7,3,3,1,2,5,48,24,12,4,0.2882614838888889,7576,80247426
5,4,1,0,1,4,46,26,13,3,0.23682177263888893,7577,80255345
7,3,3,1,3,4,60,12,28,2,0.26435492152777784,7578,80263264
3,0,3,0,0,3,29,43,0,1,0.12163237055555556,7579,80271183
7,3,1,3,2,5,39,33,20,4,0.14618555958333335,7580,80279102
7,1,2,4,4,3,50,22,10,3,0.20675324430555558,7581,80287021
6,3,2,1,3,3,39,33,13,2,0.16532501736111108,7582,80294940
3,1,1,1,1,2,20,52,5,2,0.06344388375000001,7583,80302859
8,6,1,1,4,4,49,23,24,2,0.22716800625000003,7584,80310778
6,3,3,0,1,5,40,32,5,2,0.18277844,7585,80318697
8,4,4,0,4,4,46,26,31,3,0.12509348694444444,7586,80326616
7,3,3,1,2,5,48,24,21,3,0.2949138083333333,7587,80334535
5,2,3,0,1,4,30,42,19,3,0.16301296833333334,7588,80342454
6,4,0,2,2,4,41,31,12,2,0.19676616388888887,7589,80350373
9,3,6,0,4,5,48,24,29,3,0.1984175848611111,7590,80358292
7,2,3,2,1,6,43,29,11,4,0.2142353447222222,7591,80366211
5,2,2,1,1,4,42,30,8,2,0.24260130152777779,7592,80374130
7,4,3,0,0,7,43,29,30,4,0.32010229625,7593,80382049
9,5,3,1,2,7,59,13,21,2,0.30220037847222225,7594,80389968
3,2,0,1,0,3,29,43,12,2,0.20063056,7595,80397887
6,3,3,0,2,4,30,42,14,3,0.17846827458333334,7596,80405806
5,0,5,0,0,5,38,34,4,2,0.19013884374999998,7597,80413725
8,4,2,2,3,5,39,33,25,3,0.25576507583333336,7598,80421644
8,6,2,0,1,7,45,27,17,3,0.24832153541666666,7599,80429563
7,2,3,2,3,4,51,21,19,2,0.21835778236111109,7600,80437482
6,4,2,0,2,4,51,21,22,3,0.2421898704166667,7601,80445401
6,3,2,1,1,5,48,24,17,2,0.33095963666666667,7602,80453320
9,3,2,4,6,3,58,14,22,3,0.3187047398611111,7603,80461239
6,5,1,0,5,1,48,24,27,3,0.18447841555555555,7604,80469158
6,3,1,2,2,4,46,26,6,2,0.1601223398611111,7605,80477077
3,1,1,1,0,3,24,48,1,2,0.11974718930555556,7606,80484996
8,2,3,3,2,6,49,23,33,3,0.2661434918055556,7607,80492915
4,3,0,1,1,3,34,38,0,1,0.16489560833333336,7608,80500834
6,1,2,3,2,4,40,32,17,3,0.14835585444444443,7609,80508753
5,2,1,2,4,1,42,30,15,2,0.23358191680555557,7610,80516672
1,1,0,0,0,1,8,64,0,1,0.04920569916666667,7611,80524591
6,3,1,2,5,1,43,29,11,3,0.23107907986111112,7612,80532510
1,1,0,0,0,1,7,65,0,1,0.02891230027777778,7613,80540429
15,10,3,2,3,12,58,14,28,8,0.38442673125,7614,80548348
5,2,1,2,1,4,41,31,9,2,0.26658468444444444,7615,80556267
5,2,1,2,1,4,38,34,13,2,0.20454916777777776,7616,80564186
9,3,2,4,3,6,55,17,20,3,0.21062556819444447,7617,80572105
10,7,0,3,6,4,58,14,40,4,0.34133393333333334,7618,80580024
10,5,5,0,3,7,62,10,32,4,0.3882823977777778,7619,80587943
7,3,4,0,4,3,47,25,6,2,0.20235262986111113,7620,80595862
5,0,3,2,1,4,28,44,15,4,0.1171703326388889,7621,80603781
8,1,4,3,5,3,50,22,26,4,0.19102849902777777,7622,80611700
4,1,1,2,0,4,26,46,7,2,0.15693425875,7623,80619619
3,1,1,1,0,3,19,53,5,2,0.08233133416666666,7624,80627538
7,4,2,1,1,6,43,29,24,4,0.30196289027777773,7625,80635457
11,6,3,2,5,6,59,13,28,3,0.2312581023611111,7626,80643376
8,4,3,1,2,6,52,20,27,3,0.28232755430555556,7627,80651295
10,7,1,2,4,6,55,17,42,4,0.3167390679166667,7628,80659214
3,1,2,0,1,2,11,61,5,2,0.06596356013888888,7629,80667133
10,3,3,4,3,7,61,11,29,3,0.30975560763888893,7630,80675052
12,4,4,4,5,7,54,18,41,4,0.3477931254166667,7631,80682971
5,2,1,2,0,5,22,50,8,2,0.11915017638888889,7632,80690890
4,3,1,0,2,2,32,40,4,2,0.15444932930555558,7633,80698809
4,2,2,0,0,4,29,43,0,1,0.10407709763888888,7634,80706728
5,3,2,0,2,3,33,39,10,2,0.1731792897222222,7635,80714647
3,2,1,0,0,3,30,42,14,3,0.15862265097222222,7636,80722566
7,4,2,1,3,4,52,20,19,3,0.30486158874999997,7637,80730485
8,6,2,0,3,5,50,22,28,3,0.22131116138888887,7638,80738404
7,4,3,0,1,6,43,29,9,3,0.2647938384722222,7639,80746323
6,3,1,2,3,3,28,44,8,4,0.15533774763888888,7640,80754242
4,1,1,2,2,2,22,50,10,3,0.10778979388888889,7641,80762161
8,1,4,3,3,5,57,15,21,3,0.28354843097222227,7642,80770080
7,1,2,4,2,5,43,29,21,4,0.26979308319444445,7643,80777999
5,2,3,0,3,2,32,40,13,3,0.11025819791666668,7644,80785918
3,0,2,1,2,1,22,50,8,2,0.03711113486111111,7645,80793837
9,4,4,1,3,6,50,22,26,3,0.29520635819444446,7646,80801756
3,1,1,1,2,1,20,52,6,2,0.09375974347222223,7647,80809675
5,2,0,3,3,2,29,43,16,3,0.056301964583333336,7648,80817594
6,4,2,0,1,5,40,32,9,2,0.21585530555555554,7649,80825513
4,0,2,2,1,3,25,47,7,2,0.09638049847222223,7650,80833432
4,3,1,0,0,4,28,44,20,2,0.15063411583333333,7651,80841351
11,5,2,4,6,5,56,16,34,3,0.22240167458333338,7652,80849270
8,6,0,2,6,2,52,20,29,3,0.2708449681944444,7653,80857189
7,5,1,1,3,4,48,24,23,3,0.15903668513888888,7654,80865108
5,3,0,2,3,2,35,37,6,2,0.1418840988888889,7655,80873027
4,3,0,1,3,1,18,54,4,2,0.08860141055555555,7656,80880946
4,3,1,0,0,4,33,39,13,2,0.15819171125,7657,80888865
8,3,3,2,4,4,51,21,11,4,0.32625806999999996,7658,80896784
6,2,2,2,1,5,43,29,18,2,0.20161326874999996,7659,80904703
5,2,2,1,3,2,36,36,11,3,0.13233492972222222,7660,80912622
9,2,5,2,3,6,54,18,29,4,0.2209982379166667,7661,80920541
8,5,2,1,0,8,51,21,18,3,0.24987570986111113,7662,80928460
10,6,1,3,5,5,57,15,23,3,0.18533877180555555,7663,80936379
5,2,2,1,2,3,41,31,5,2,0.14578309527777777,7664,80944298
6,2,2,2,1,5,39,33,3,2,0.14332278833333334,7665,80952217
7,6,0,1,2,5,45,27,27,3,0.2559914302777778,7666,80960136
10,4,3,3,4,6,62,10,27,3,0.2695071490277778,7667,80968055
8,4,1,3,2,6,55,17,26,3,0.36450182694444444,7668,80975974
3,1,0,2,1,2,33,39,0,1,0.13648875319444442,7669,80983893
5,3,2,0,0,5,48,24,5,2,0.19121321791666668,7670,80991812
4,3,0,1,2,2,34,38,7,2,0.1572033625,7671,80999731
4,2,0,2,1,3,29,43,9,3,0.14782954888888888,7672,81007650
7,4,1,2,2,5,52,20,17,3,0.1956106563888889,7673,81015569
4,0,3,1,2,2,20,52,7,2,0.1112169098611111,7674,81023488
4,1,3,0,3,1,21,51,8,2,0.07115631569444443,7675,81031407
9,2,5,2,3,6,46,26,28,3,0.26787333930555557,7676,81039326
7,2,3,2,3,4,45,27,14,3,0.2284512297222222,7677,81047245
12,5,3,4,1,11,64,8,40,5,0.5271506576388889,7678,81055164
4,3,0,1,1,3,40,32,6,2,0.08623631055555556,7679,81063083
7,4,2,1,2,5,52,20,27,3,0.25211512555555554,7680,81071002
13,9,4,0,3,10,62,10,42,4,0.26511816972222224,7681,81078921
5,1,1,3,3,2,34,38,11,2,0.11899756972222224,7682,81086840
6,3,1,2,4,2,48,24,33,3,0.16666133374999997,7683,81094759
6,2,4,0,2,4,46,26,12,2,0.1649525261111111,7684,81102678
6,1,2,3,2,4,44,28,22,3,0.21994637902777775,7685,81110597
9,4,3,2,4,5,58,14,25,3,0.2903725859722222,7686,81118516
9,5,3,1,2,7,58,14,18,3,0.31605990305555554,7687,81126435
10,5,3,2,4,6,62,10,29,3,0.25292748555555555,7688,81134354
4,2,1,1,2,2,25,47,4,2,0.13123943069444444,7689,81142273
7,5,1,1,3,4,56,16,19,3,0.2098396413888889,7690,81150192
8,2,3,3,2,6,56,16,17,2,0.26349669736111114,7691,81158111
5,2,2,1,2,3,33,39,14,2,0.14016247541666665,7692,81166030
4,2,0,2,1,3,45,27,0,1,0.20531225347222223,7693,81173949
2,1,0,1,2,0,33,39,0,1,0.08880226986111112,7694,81181868
3,1,1,1,1,2,21,51,6,2,0.14079290263888888,7695,81189787
4,2,0,2,3,1,38,34,4,2,0.15052969819444448,7696,81197706
4,0,3,1,2,2,26,46,9,3,0.11291228555555557,7697,81205625
1,0,0,1,1,0,10,62,0,1,0.02670073847222222,7698,81213544
11,5,3,3,4,7,61,11,40,5,0.47098504722222223,7699,81221463
6,5,0,1,2,4,41,31,18,3,0.19017602666666666,7700,81229382
8,4,3,1,2,6,38,34,29,4,0.15373292902777777,7701,81237301
4,1,2,1,2,2,33,39,4,2,0.09291800083333333,7702,81245220
9,4,4,1,2,7,56,16,29,3,0.38451413902777776,7703,81253139
7,3,3,1,3,4,53,19,23,3,0.3113734515277778,7704,81261058
7,3,4,0,3,4,56,16,18,3,0.2357932340277778,7705,81268977
6,4,1,1,1,5,58,14,16,3,0.2771276891666667,7706,81276896
7,4,0,3,2,5,46,26,8,2,0.1844427090277778,7707,81284815
5,1,3,1,2,3,32,40,0,1,0.14240206083333332,7708,81292734
5,3,2,0,3,2,36,36,15,3,0.15848482166666666,7709,81300653
5,3,2,0,2,3,40,32,10,2,0.1209148061111111,7710,81308572
9,5,2,2,6,3,57,15,29,4,0.24379020277777774,7711,81316491
6,3,2,1,1,5,45,27,20,2,0.1552183686111111,7712,81324410
9,6,1,2,6,3,47,25,24,4,0.19696547041666665,7713,81332329
5,4,0,1,1,4,41,31,26,3,0.30060217624999996,7714,81340248
9,3,3,3,0,9,52,20,25,3,0.4069978041666667,7715,81348167
4,3,0,1,4,0,27,45,0,1,0.1647602419444444,7716,81356086
5,2,0,3,4,1,49,23,15,2,0.17194029958333334,7717,81364005
7,1,4,2,2,5,43,29,11,3,0.23693853333333337,7718,81371924
2,1,1,0,0,2,26,46,0,1,0.1061333238888889,7719,81379843
5,1,2,2,3,2,20,52,11,4,0.07328479263888889,7720,81387762
7,3,4,0,4,3,38,34,11,3,0.19581294916666667,7721,81395681
5,3,1,1,3,2,38,34,12,2,0.17811715777777776,7722,81403600
3,1,0,2,1,2,26,46,4,2,0.12256458180555556,7723,81411519
4,3,1,0,2,2,27,45,1,2,0.11625607638888888,7724,81419438
10,6,3,1,2,8,64,8,38,3,0.32864636347222226,7725,81427357
13,4,5,4,6,7,69,3,48,4,0.36569104388888884,7726,81435276
8,2,2,4,3,5,48,24,20,3,0.2910096569444445,7727,81443195
11,6,4,1,3,8,47,25,29,4,0.3824950841666667,7728,81451114
6,4,2,0,1,5,41,31,11,2,0.22876601277777775,7729,81459033
7,3,2,2,5,2,36,36,13,4,0.28674369555555557,7730,81466952
8,5,1,2,4,4,37,35,13,5,0.1448480491666667,7731,81474871
10,4,3,3,1,9,58,14,20,3,0.2817827509722222,7732,81482790
8,4,2,2,3,5,49,23,21,3,0.23456904416666666,7733,81490709
8,6,2,0,2,6,42,30,23,3,0.3489600166666667,7734,81498628
10,3,4,3,4,6,52,20,27,3,0.33783176402777776,7735,81506547
8,4,4,0,1,7,55,17,27,4,0.4363639215277778,7736,81514466
8,4,2,2,5,3,58,14,25,2,0.4463123404166666,7737,81522385
4,1,1,2,1,3,31,41,4,2,0.08601707277777777,7738,81530304
9,6,2,1,3,6,55,17,25,4,0.2298481647222222,7739,81538223
4,2,2,0,1,3,21,51,4,2,0.09538681819444444,7740,81546142
3,1,2,0,0,3,27,45,0,1,0.15199527472222224,7741,81554061
4,1,2,1,0,4,28,44,0,1,0.15245296680555553,7742,81561980
10,6,4,0,5,5,52,20,35,3,0.18260667916666667,7743,81569899
8,4,1,3,3,5,56,16,25,2,0.3375331979166667,7744,81577818
9,2,4,3,3,6,52,20,14,4,0.23648578027777775,7745,81585737
8,5,2,1,4,4,44,28,15,3,0.1631752798611111,7746,81593656
2,0,1,1,0,2,22,50,0,1,0.117089195,7747,81601575
6,2,3,1,1,5,42,30,3,2,0.17886405402777777,7748,81609494
9,2,4,3,5,4,57,15,24,3,0.20523401972222224,7749,81617413
3,3,0,0,2,1,30,42,10,2,0.1784417013888889,7750,81625332
10,6,1,3,4,6,54,18,25,4,0.22838687166666669,7751,81633251
9,3,2,4,5,4,51,21,16,2,0.22628650458333333,7752,81641170
6,3,2,1,3,3,41,31,12,2,0.20704540277777778,7753,81649089
6,5,1,0,2,4,36,36,20,3,0.29023516111111114,7754,81657008
3,0,2,1,0,3,23,49,6,2,0.12347774472222223,7755,81664927
8,2,4,2,3,5,54,18,13,3,0.21998103986111114,7756,81672846
6,3,1,2,3,3,50,22,11,3,0.23194567166666666,7757,81680765
5,2,3,0,1,4,37,35,18,2,0.17093338777777778,7758,81688684
9,6,3,0,2,7,63,9,28,4,0.40660214361111113,7759,81696603
10,5,4,1,4,6,55,17,20,4,0.30348883694444445,7760,81704522
10,6,1,3,5,5,59,13,35,4,0.3076641133333333,7761,81712441
5,3,1,1,2,3,36,36,25,3,0.12119096375,7762,81720360
2,0,2,0,1,1,19,53,0,1,0.09040111249999999,7763,81728279
7,4,2,1,1,6,35,37,16,4,0.23412967333333334,7764,81736198
7,4,1,2,2,5,43,29,32,3,0.2570442059722222,7765,81744117
8,3,3,2,1,7,40,32,13,4,0.2859110041666667,7766,81752036
6,3,0,3,2,4,37,35,9,3,0.17549131777777777,7767,81759955
4,2,0,2,3,1,38,34,16,2,0.15686355180555556,7768,81767874
6,5,0,1,1,5,33,39,20,3,0.2183747416666667,7769,81775793
7,3,2,2,1,6,59,13,10,3,0.22334955597222222,7770,81783712
8,5,2,1,2,6,49,23,37,4,0.2529739948611111,7771,81791631
5,3,1,1,2,3,44,28,8,3,0.17490944791666665,7772,81799550
5,2,0,3,4,1,35,37,7,3,0.14891457277777778,7773,81807469
6,2,4,0,2,4,37,35,19,2,0.19389077305555555,7774,81815388
7,5,0,2,2,5,50,22,12,3,0.1910400286111111,7775,81823307
10,5,3,2,4,6,53,19,37,3,0.3225931401388889,7776,81831226
4,1,2,1,0,4,49,23,0,1,0.17136202374999998,7777,81839145
2,2,0,0,1,1,17,55,5,2,0.07981041819444444,7778,81847064
9,4,2,3,4,5,58,14,37,4,0.22723032430555554,7779,81854983
6,2,1,3,2,4,33,39,12,3,0.11391190041666668,7780,81862902
8,3,4,1,1,7,34,38,25,4,0.24673130833333332,7781,81870821
8,3,3,2,3,5,54,18,33,3,0.15952984625,7782,81878740
9,5,2,2,4,5,42,30,33,4,0.2504975177777778,7783,81886659
7,2,4,1,2,5,51,21,22,3,0.2617447620833333,7784,81894578
9,6,2,1,3,6,55,17,27,3,0.3030652023611111,7785,81902497
5,4,1,0,2,3,27,45,12,2,0.18936991347222223,7786,81910416
7,4,3,0,1,6,45,27,20,4,0.26515786125,7787,81918335
8,6,1,1,4,4,59,13,28,3,0.2986312340277778,7788,81926254
11,4,4,3,5,6,48,24,26,3,0.2404671058333333,7789,81934173
7,3,2,2,1,6,43,29,18,3,0.31976979402777783,7790,81942092
5,1,3,1,3,2,34,38,2,2,0.14613459305555557,7791,81950011
3,3,0,0,2,1,42,30,6,2,0.17171496944444445,7792,81957930
8,4,3,1,3,5,53,19,22,3,0.29138991819444443,7793,81965849
4,2,1,1,2,2,36,36,8,2,0.1258445098611111,7794,81973768
5,3,0,2,3,2,40,32,13,3,0.17073032749999997,7795,81981687
4,2,2,0,0,4,32,40,12,3,0.24839840166666663,7796,81989606
11,5,3,3,3,8,47,25,19,6,0.3146257604166667,7797,81997525
6,1,1,4,3,3,50,22,9,2,0.22722553416666663,7798,82005444
9,4,4,1,2,7,49,23,27,3,0.37434209902777776,7799,82013363
3,1,2,0,2,1,26,46,0,1,0.08668251388888888,7800,82021282
11,5,4,2,3,8,62,10,47,3,0.43063747277777775,7801,82029201
7,2,4,1,1,6,36,36,26,3,0.27816733875000005,7802,82037120
6,2,3,1,1,5,45,27,7,3,0.2723848927777778,7803,82045039
8,4,3,1,1,7,63,9,34,4,0.34352401097222224,7804,82052958
4,1,1,2,2,2,40,32,0,1,0.15414500625000002,7805,82060877
9,4,2,3,5,4,58,14,23,4,0.31489654986111115,7806,82068796
9,4,3,2,2,7,58,14,26,3,0.2920203518055556,7807,82076715
4,2,2,0,0,4,48,24,12,2,0.2673063725,7808,82084634
7,3,2,2,2,5,40,32,23,3,0.22668185875000002,7809,82092553
5,3,0,2,4,1,37,35,5,2,0.15234241208333332,7810,82100472
2,1,0,1,0,2,11,61,4,2,0.07140255194444443,7811,82108391
5,2,2,1,2,3,25,47,8,2,0.1457947898611111,7812,82116310
3,0,1,2,2,1,19,53,1,2,0.09526800472222223,7813,82124229
6,4,1,1,1,5,36,36,18,3,0.24661337916666662,7814,82132148
5,2,1,2,2,3,53,19,6,2,0.2290223875,7815,82140067
8,5,1,2,4,4,54,18,33,4,0.20668332597222222,7816,82147986
8,2,3,3,4,4,53,19,21,3,0.21769520416666666,7817,82155905
4,2,1,1,0,4,27,45,3,2,0.13746359347222223,7818,82163824
5,4,0,1,2,3,38,34,6,2,0.2153299463888889,7819,82171743
4,2,0,2,2,2,40,32,1,2,0.13381793430555555,7820,82179662
6,3,0,3,2,4,43,29,13,2,0.1832504027777778,7821,82187581
8,6,1,1,5,3,55,17,19,3,0.2667529913888889,7822,82195500
7,3,2,2,2,5,59,13,19,3,0.3638202398611111,7823,82203419
3,1,0,2,2,1,32,40,0,1,0.1276770011111111,7824,82211338
4,2,2,0,1,3,29,43,11,2,0.17278778625,7825,82219257
10,2,4,4,2,8,51,21,34,4,0.27521890958333334,7826,82227176
2,0,2,0,0,2,19,53,0,1,0.05306185555555556,7827,82235095
8,2,3,3,5,3,46,26,13,3,0.26214285069444443,7828,82243014
11,4,4,3,4,7,58,14,39,3,0.3488485723611111,7829,82250933
12,6,1,5,5,7,64,8,44,4,0.49281854263888886,7830,82258852
5,2,2,1,3,2,40,32,8,2,0.11112014388888888,7831,82266771
4,2,2,0,1,3,38,34,3,2,0.18563516000000002,7832,82274690
7,1,1,5,3,4,45,27,15,3,0.18568454555555552,7833,82282609
10,5,4,1,3,7,57,15,30,4,0.2716494390277778,7834,82290528
8,4,3,1,4,4,45,27,22,4,0.23551586819444445,7835,82298447
10,4,1,5,3,7,48,24,24,3,0.2742984584722222,7836,82306366
6,4,0,2,2,4,36,36,13,2,0.2162200363888889,7837,82314285
10,3,4,3,4,6,54,18,25,3,0.17106100472222222,7838,82322204
4,3,1,0,2,2,42,30,21,3,0.1909050661111111,7839,82330123
6,1,2,3,1,5,40,32,12,2,0.17144340277777775,7840,82338042
8,5,3,0,2,6,38,34,17,3,0.19263986805555555,7841,82345961
3,0,1,2,1,2,21,51,7,2,0.12470142069444444,7842,82353880
9,4,3,2,2,7,57,15,23,3,0.25944372222222223,7843,82361799
11,4,2,5,5,6,62,10,44,3,0.2744842477777778,7844,82369718
5,4,1,0,2,3,30,42,9,2,0.12713353944444444,7845,82377637
8,3,4,1,1,7,48,24,23,3,0.3068992638888889,7846,82385556
5,1,3,1,2,3,49,23,3,2,0.17829376749999998,7847,82393475
5,2,3,0,3,2,47,25,7,2,0.15982740152777777,7848,82401394
6,4,1,1,2,4,39,33,23,2,0.1816718048611111,7849,82409313
2,0,0,2,2,0,16,56,0,1,0.07129945527777777,7850,82417232
8,4,2,2,3,5,49,23,22,4,0.23145665611111108,7851,82425151
4,3,0,1,1,3,30,42,3,2,0.12883583555555556,7852,82433070
9,4,4,1,3,6,51,21,14,3,0.27202161152777776,7853,82440989
9,6,1,2,4,5,44,28,32,3,0.4111126770833333,7854,82448908
5,2,2,1,2,3,39,33,5,2,0.16135108083333333,7855,82456827
13,7,3,3,7,6,59,13,33,6,0.3858548066666667,7856,82464746
10,7,1,2,2,8,60,12,29,4,0.35572061555555556,7857,82472665
5,2,2,1,3,2,36,36,8,2,0.1540852723611111,7858,82480584
5,3,1,1,2,3,48,24,3,2,0.2663390772222222,7859,82488503
4,1,1,2,3,1,30,42,7,2,0.1204106048611111,7860,82496422
10,5,1,4,5,5,55,17,29,5,0.20416363999999998,7861,82504341
8,2,4,2,3,5,48,24,30,2,0.16599146861111114,7862,82512260
8,7,0,1,3,5,59,13,37,3,0.2876007604166666,7863,82520179
10,8,1,1,4,6,56,16,33,5,0.43430913902777785,7864,82528098
4,3,0,1,2,2,37,35,7,2,0.18010965125,7865,82536017
10,5,2,3,3,7,69,3,34,4,0.39398347152777785,7866,82543936
8,3,3,2,4,4,49,23,20,3,0.3063272540277778,7867,82551855
4,1,1,2,2,2,25,47,14,3,0.0717945125,7868,82559774
5,3,2,0,1,4,34,38,15,2,0.17680772958333332,7869,82567693
6,3,2,1,1,5,48,24,21,3,0.33419851874999995,7870,82575612
7,4,2,1,0,7,50,22,27,3,0.26139138069444445,7871,82583531
8,4,3,1,1,7,28,44,15,3,0.1562236463888889,7872,82591450
1,1,0,0,0,1,9,63,0,1,0.024052323333333334,7873,82599369
5,2,2,1,1,4,22,50,13,3,0.07577610597222223,7874,82607288
8,5,2,1,2,6,49,23,36,3,0.29768425430555556,7875,82615207
3,1,1,1,2,1,36,36,10,2,0.16634217194444442,7876,82623126
9,7,2,0,2,7,43,29,34,4,0.4436026026388889,7877,82631045
5,4,1,0,1,4,31,41,24,2,0.1751459726388889,7878,82638964
5,1,2,2,0,5,34,38,13,2,0.1753240238888889,7879,82646883
3,1,2,0,2,1,18,54,0,1,0.09401647736111113,7880,82654802
8,6,1,1,2,6,43,29,27,3,0.32786967361111113,7881,82662721
10,4,3,3,6,4,58,14,27,3,0.30708428805555554,7882,82670640
6,4,2,0,1,5,34,38,9,2,0.2268947811111111,7883,82678559
3,3,0,0,1,2,27,45,0,1,0.15262693347222223,7884,82686478
5,4,1,0,2,3,33,39,4,2,0.1529984870833333,7885,82694397
6,2,1,3,2,4,60,12,17,2,0.26712948708333334,7886,82702316
11,8,1,2,6,5,47,25,42,4,0.40221703458333335,7887,82710235
7,3,1,3,1,6,31,41,18,5,0.15808024625,7888,82718154
8,5,1,2,3,5,60,12,20,3,0.32633361222222224,7889,82726073
9,4,3,2,5,4,60,12,35,2,0.27039975097222224,7890,82733992
6,2,2,2,1,5,36,36,20,3,0.23837110347222223,7891,82741911
8,6,0,2,2,6,56,16,27,3,0.29114207986111107,7892,82749830
7,1,2,4,2,5,44,28,22,3,0.2336063913888889,7893,82757749
5,1,3,1,1,4,38,34,8,2,0.1557361141666667,7894,82765668
8,3,2,3,3,5,60,12,10,3,0.2508954869444444,7895,82773587
6,2,1,3,3,3,36,36,14,3,0.2252251623611111,7896,82781506
7,5,2,0,3,4,32,40,24,5,0.26075319458333335,7897,82789425
4,1,2,1,0,4,29,43,3,2,0.14740431847222224,7898,82797344
6,3,1,2,3,3,46,26,11,2,0.2530654090277778,7899,82805263
10,4,4,2,2,8,58,14,34,4,0.33356355083333333,7900,82813182
9,4,2,3,2,7,46,26,21,4,0.28850082763888885,7901,82821101
13,7,1,5,6,7,60,12,35,5,0.2862204818055556,7902,82829020
8,4,3,1,1,7,43,29,27,3,0.25379630513888896,7903,82836939
4,1,1,2,0,4,33,39,5,2,0.12858301597222224,7904,82844858
2,0,1,1,0,2,13,59,0,1,0.056581813888888895,7905,82852777
6,3,2,1,2,4,40,32,18,3,0.2518948223611111,7906,82860696
7,0,3,4,3,4,42,30,25,3,0.2296149977777778,7907,82868615
5,3,2,0,1,4,35,37,16,3,0.17205660222222222,7908,82876534
7,2,2,3,5,2,47,25,17,3,0.22073386680555554,7909,82884453
7,3,2,2,3,4,28,44,13,5,0.12006868319444444,7910,82892372
6,4,1,1,2,4,45,27,14,3,0.12738720680555554,7911,82900291
10,4,3,3,5,5,55,17,30,3,0.29717467458333335,7912,82908210
6,1,3,2,2,4,35,37,19,2,0.15432993819444443,7913,82916129
4,1,1,2,0,4,41,31,5,2,0.22397924472222222,7914,82924048
5,4,1,0,2,3,40,32,20,2,0.30711639027777776,7915,82931967
6,2,3,1,2,4,37,35,10,3,0.1873508577777778,7916,82939886
8,4,4,0,3,5,58,14,22,3,0.36953374263888894,7917,82947805
4,2,1,1,2,2,33,39,13,2,0.18159294875,7918,82955724
10,3,4,3,3,7,61,11,26,3,0.3605351436111111,7919,82963643
6,3,2,1,2,4,38,34,10,3,0.14464873708333334,7920,82971562
5,3,1,1,3,2,40,32,10,3,0.15196108708333333,7921,82979481
9,6,1,2,6,3,48,24,28,4,0.27572505291666666,7922,82987400
3,1,2,0,2,1,17,55,0,1,0.09893826652777778,7923,82995319
8,4,0,4,2,6,57,15,19,2,0.26723845638888893,7924,83003238
5,3,2,0,0,5,44,28,13,3,0.24705032972222224,7925,83011157
10,6,2,2,5,5,46,26,25,4,0.2557339973611111,7926,83019076
5,1,2,2,2,3,37,35,2,2,0.11418474638888891,7927,83026995
8,5,2,1,1,7,63,9,15,3,0.3506346404166667,7928,83034914
1,0,0,1,0,1,8,64,0,1,0.026138940694444446,7929,83042833
7,4,1,2,2,5,42,30,22,4,0.39339539027777776,7930,83050752
3,1,1,1,0,3,25,47,7,2,0.14387244208333333,7931,83058671
2,1,1,0,1,1,12,60,5,2,0.05831746916666666,7932,83066590
4,1,1,2,1,3,28,44,5,2,0.12984649722222222,7933,83074509
1,0,1,0,0,1,12,60,0,1,0.047655528333333336,7934,83082428
4,1,3,0,0,4,27,45,7,2,0.1448684,7935,83090347
5,1,3,1,3,2,36,36,6,2,0.14500286236111112,7936,83098266
1,0,0,1,0,1,2,70,0,1,0.012135473055555556,7937,83106185
11,4,4,3,5,6,65,7,30,4,0.32267256666666666,7938,83114104
8,4,4,0,1,7,57,15,24,3,0.36018067375,7939,83122023
7,5,1,1,2,5,48,24,18,2,0.25144853791666666,7940,83129942
6,1,3,2,3,3,29,43,12,2,0.1355295936111111,7941,83137861
6,1,3,2,4,2,48,24,18,2,0.22854319652777777,7942,83145780
8,4,4,0,0,8,39,33,23,4,0.36149784430555554,7943,83153699
8,5,2,1,3,5,50,22,18,2,0.25898245708333334,7944,83161618
4,2,1,1,2,2,22,50,7,3,0.0889360336111111,7945,83169537
5,4,1,0,3,2,30,42,19,2,0.17322809055555558,7946,83177456
4,3,1,0,1,3,41,31,0,1,0.17691086541666667,7947,83185375
6,3,2,1,2,4,56,16,10,2,0.14585270694444444,7948,83193294
8,5,3,0,1,7,60,12,32,3,0.33357814625000004,7949,83201213
8,4,2,2,3,5,51,21,19,4,0.32532278444444446,7950,83209132
10,3,6,1,3,7,48,24,27,3,0.2827630990277778,7951,83217051
10,6,3,1,4,6,60,12,27,4,0.29508152944444443,7952,83224970
5,1,2,2,0,5,35,37,16,3,0.20200248527777778,7953,83232889
6,2,4,0,1,5,46,26,11,2,0.2316064022222222,7954,83240808
6,3,0,3,3,3,39,33,16,2,0.1993373472222222,7955,83248727
3,1,1,1,2,1,28,44,0,1,0.08825728972222222,7956,83256646
5,1,4,0,1,4,45,27,5,2,0.17963678680555556,7957,83264565
9,4,2,3,5,4,56,16,29,2,0.24219608111111113,7958,83272484
4,1,3,0,1,3,26,46,9,2,0.14981638861111113,7959,83280403
9,6,3,0,1,8,42,30,28,4,0.31299123624999997,7960,83288322
5,2,1,2,2,3,34,38,9,2,0.1795381213888889,7961,83296241
10,3,3,4,2,8,36,36,23,5,0.29514116986111116,7962,83304160
6,2,3,1,1,5,31,41,14,2,0.20513443694444444,7963,83312079
10,4,2,4,5,5,58,14,20,4,0.2686838280555556,7964,83319998
9,6,2,1,4,5,61,11,29,3,0.2369249138888889,7965,83327917
5,3,1,1,1,4,47,25,12,3,0.27631649527777774,7966,83335836
6,4,2,0,0,6,54,18,12,3,0.2540676854166667,7967,83343755
7,4,3,0,3,4,60,12,28,3,0.32824117194444447,7968,83351674
9,4,4,1,5,4,54,18,22,4,0.20189533416666666,7969,83359593
5,3,1,1,1,4,44,28,12,2,0.1816740122222222,7970,83367512
7,3,4,0,3,4,63,9,18,2,0.3442544956944444,7971,83375431
8,6,0,2,3,5,41,31,19,4,0.2327507165277778,7972,83383350
4,3,0,1,1,3,56,16,3,2,0.25711252097222226,7973,83391269
7,2,3,2,1,6,49,23,24,2,0.2135703327777778,7974,83399188
5,3,2,0,1,4,34,38,15,3,0.1526107063888889,7975,83407107
6,5,0,1,2,4,46,26,12,3,0.28936357055555556,7976,83415026
7,4,3,0,2,5,43,29,24,2,0.2311775497222222,7977,83422945
6,3,2,1,1,5,41,31,22,3,0.25868870111111114,7978,83430864
9,6,2,1,3,6,54,18,30,3,0.23148465722222225,7979,83438783
5,2,3,0,2,3,53,19,11,2,0.21672106874999997,7980,83446702
5,3,0,2,3,2,46,26,9,2,0.18016679569444444,7981,83454621
4,2,1,1,1,3,47,25,10,2,0.1733147615277778,7982,83462540
3,0,1,2,2,1,22,50,0,1,0.10034761208333333,7983,83470459
7,4,2,1,2,5,38,34,19,3,0.24406613930555554,7984,83478378
5,3,2,0,2,3,20,52,12,3,0.06009883305555555,7985,83486297
1,0,0,1,1,0,8,64,0,1,0.017115722777777776,7986,83494216
7,4,1,2,3,4,39,33,33,5,0.14442859805555555,7987,83502135
5,1,2,2,2,3,33,39,8,2,0.11162615444444444,7988,83510054
7,4,3,0,3,4,53,19,19,2,0.28786692694444443,7989,83517973
3,2,1,0,0,3,21,51,16,3,0.15547595250000001,7990,83525892
1,0,1,0,0,1,10,62,0,1,0.043516967777777776,7991,83533811
4,2,1,1,1,3,26,46,16,3,0.11891737472222225,7992,83541730
4,2,1,1,1,3,26,46,5,2,0.1215681701388889,7993,83549649
8,4,1,3,5,3,45,27,21,4,0.23260665986111106,7994,83557568
7,5,0,2,3,4,62,10,13,2,0.2771135619444445,7995,83565487
7,2,1,4,3,4,45,27,21,3,0.2150128548611111,7996,83573406
4,1,2,1,1,3,32,40,0,1,0.1468136338888889,7997,83581325
6,6,0,0,1,5,51,21,14,2,0.2522429190277778,7998,83589244
6,2,4,0,2,4,36,36,20,3,0.1947791675,7999,83597163
4,2,1,1,1,3,27,45,9,2,0.10087413583333332,8000,83605082
6,4,1,1,1,5,40,32,11,2,0.26477410902777776,8001,83613001
8,4,2,2,4,4,59,13,20,2,0.2592767972222222,8002,83620920
9,5,1,3,4,5,44,28,27,5,0.24604612972222217,8003,83628839
5,3,0,2,2,3,35,37,3,2,0.17968509375,8004,83636758
8,4,2,2,2,6,53,19,20,2,0.2473671684722222,8005,83644677
9,5,1,3,6,3,45,27,33,4,0.22348649958333333,8006,83652596
11,3,3,5,5,6,54,18,35,4,0.23542136541666667,8007,83660515
7,3,1,3,3,4,53,19,23,3,0.3332133888888889,8008,83668434
6,5,0,1,2,4,45,27,17,3,0.29871195291666663,8009,83676353
3,3,0,0,0,3,53,19,2,2,0.2170101547222222,8010,83684272
5,2,2,1,4,1,46,26,10,3,0.14564127305555555,8011,83692191
9,5,2,2,2,7,51,21,28,3,0.24088575986111108,8012,83700110
2,1,0,1,1,1,17,55,0,1,0.10050905361111112,8013,83708029
9,3,1,5,4,5,50,22,21,3,0.2865599698611111,8014,83715948
4,2,1,1,0,4,31,41,15,2,0.22244886444444445,8015,83723867
6,2,3,1,3,3,45,27,21,2,0.2438452504166667,8016,83731786
5,2,2,1,1,4,38,34,18,2,0.21103841513888888,8017,83739705
6,4,1,1,2,4,33,39,18,3,0.1537407613888889,8018,83747624
6,4,1,1,0,6,30,42,17,2,0.1932082763888889,8019,83755543
7,4,2,1,5,2,41,31,17,4,0.13907301944444445,8020,83763462
5,1,0,4,3,2,33,39,10,3,0.09995007819444443,8021,83771381
11,5,3,3,2,9,47,25,41,4,0.4390941272222222,8022,83779300
9,7,1,1,3,6,60,12,29,4,0.24474036249999997,8023,83787219
7,4,2,1,2,5,42,30,13,3,0.1610063073611111,8024,83795138
5,2,2,1,1,4,25,47,17,2,0.14500464041666666,8025,83803057
7,2,3,2,0,7,53,19,12,2,0.26341814013888887,8026,83810976
7,6,1,0,2,5,56,16,11,2,0.3086498726388889,8027,83818895
4,2,1,1,2,2,42,30,5,2,0.1797643026388889,8028,83826814
5,1,3,1,4,1,36,36,10,3,0.18486767097222223,8029,83834733
11,6,3,2,5,6,70,2,39,4,0.26828096430555554,8030,83842652
5,3,1,1,3,2,40,32,11,2,0.1920874038888889,8031,83850571
4,4,0,0,0,4,43,29,6,2,0.16159247083333333,8032,83858490
8,5,2,1,2,6,57,15,35,3,0.3432731006944445,8033,83866409
6,1,3,2,4,2,37,35,20,2,0.17091795083333333,8034,83874328
6,3,0,3,3,3,47,25,15,2,0.22272718638888891,8035,83882247
7,4,2,1,5,2,37,35,18,4,0.12903657583333333,8036,83890166
6,1,2,3,2,4,38,34,9,3,0.2632524875,8037,83898085
6,3,2,1,4,2,54,18,16,3,0.19997287861111113,8038,83906004
4,2,2,0,1,3,42,30,0,1,0.21833170125,8039,83913923
5,3,2,0,2,3,41,31,13,2,0.15640840138888892,8040,83921842
9,5,1,3,3,6,45,27,32,5,0.27768713763888886,8041,83929761
5,3,1,1,2,3,41,31,18,2,0.09538752013888889,8042,83937680
4,3,1,0,2,2,33,39,15,2,0.09897787944444444,8043,83945599
7,4,1,2,2,5,36,36,13,3,0.24231542430555553,8044,83953518
3,2,1,0,1,2,23,49,9,3,0.08310538055555555,8045,83961437
5,4,1,0,1,4,24,48,18,5,0.16721912069444445,8046,83969356
6,1,4,1,2,4,36,36,12,3,0.20583108236111108,8047,83977275
11,5,5,1,5,6,64,8,40,4,0.3483753551388889,8048,83985194
8,3,2,3,2,6,44,28,25,4,0.24437342944444446,8049,83993113
10,5,4,1,5,5,56,16,31,4,0.3841732305555555,8050,84001032
13,7,3,3,5,8,68,4,39,5,0.5358870269444445,8051,84008951
3,2,1,0,1,2,16,56,0,1,0.05312541888888889,8052,84016870
6,3,2,1,3,3,39,33,25,4,0.1526992913888889,8053,84024789
4,3,1,0,2,2,36,36,0,1,0.1638272806944444,8054,84032708
3,1,0,2,1,2,19,53,5,2,0.08998370930555555,8055,84040627
4,3,1,0,0,4,33,39,10,2,0.15346754791666667,8056,84048546
8,3,2,3,2,6,50,22,21,3,0.15054729527777777,8057,84056465
6,3,1,2,1,5,48,24,19,2,0.20198655944444444,8058,84064384
10,4,4,2,4,6,52,20,26,3,0.2978352951388889,8059,84072303
4,2,1,1,0,4,40,32,3,2,0.15049384472222224,8060,84080222
6,3,3,0,3,3,44,28,10,2,0.19221259569444443,8061,84088141
5,3,2,0,2,3,21,51,8,2,0.08958902013888889,8062,84096060
6,2,3,1,4,2,38,34,14,4,0.1227020738888889,8063,84103979
3,1,2,0,2,1,16,56,0,1,0.07545854055555555,8064,84111898
7,4,0,3,3,4,53,19,27,2,0.2183189633333333,8065,84119817
9,3,3,3,2,7,38,34,26,5,0.27428067791666666,8066,84127736
10,6,1,3,2,8,49,23,30,4,0.34688313000000004,8067,84135655
4,2,1,1,0,4,38,34,5,2,0.1958187938888889,8068,84143574
8,5,3,0,3,5,55,17,30,4,0.36021072291666667,8069,84151493
6,4,0,2,1,5,57,15,5,2,0.24474159986111108,8070,84159412
7,2,2,3,2,5,40,32,14,3,0.17499390972222223,8071,84167331
6,2,2,2,3,3,46,26,20,3,0.21949496500000001,8072,84175250
8,3,2,3,2,6,42,30,17,3,0.25740602375,8073,84183169
9,7,1,1,3,6,52,20,23,3,0.3250200976388889,8074,84191088
6,3,3,0,0,6,58,14,18,2,0.2259662527777778,8075,84199007
7,3,2,2,2,5,40,32,17,3,0.2091841301388889,8076,84206926
4,2,2,0,1,3,25,47,8,2,0.1248722311111111,8077,84214845
6,4,1,1,2,4,44,28,16,3,0.25349100083333337,8078,84222764
5,3,1,1,2,3,45,27,20,2,0.24789002805555554,8079,84230683
5,3,2,0,2,3,53,19,18,3,0.15943682472222223,8080,84238602
7,3,3,1,1,6,50,22,6,2,0.19945502319444441,8081,84246521
3,3,0,0,2,1,18,54,8,2,0.0733108963888889,8082,84254440
9,3,5,1,3,6,61,11,16,3,0.28542143138888887,8083,84262359
7,2,3,2,1,6,32,40,24,3,0.23317507819444444,8084,84270278
4,2,1,1,3,1,30,42,5,2,0.1601563588888889,8085,84278197
4,1,1,2,3,1,34,38,6,2,0.09824234791666668,8086,84286116
8,4,3,1,2,6,47,25,27,4,0.31619909791666667,8087,84294035
3,2,1,0,1,2,28,44,1,2,0.13333776763888888,8088,84301954
2,0,1,1,1,1,18,54,0,1,0.05359614069444444,8089,84309873
5,2,2,1,1,4,31,41,0,1,0.12823717555555555,8090,84317792
7,3,3,1,1,6,59,13,23,3,0.26390083319444446,8091,84325711
3,1,1,1,0,3,24,48,0,1,0.1527587015277778,8092,84333630
6,4,1,1,1,5,43,29,11,2,0.28898234166666664,8093,84341549
10,6,3,1,2,8,58,14,32,4,0.3454794547222222,8094,84349468
9,4,4,1,4,5,42,30,30,3,0.20620274541666667,8095,84357387
7,2,4,1,3,4,54,18,11,3,0.19359054055555555,8096,84365306
5,1,3,1,2,3,45,27,9,2,0.23433998458333327,8097,84373225
10,4,2,4,2,8,51,21,40,4,0.3483927022222222,8098,84381144
6,4,2,0,0,6,37,35,16,3,0.30343797694444447,8099,84389063
6,2,1,3,1,5,34,38,19,3,0.1372394045833333,8100,84396982
5,3,2,0,3,2,19,53,8,2,0.04510467333333333,8101,84404901
4,1,0,3,1,3,28,44,3,2,0.11608371333333332,8102,84412820
8,4,3,1,2,6,49,23,38,4,0.35923688916666663,8103,84420739
10,5,3,2,2,8,51,21,38,3,0.25972863555555553,8104,84428658
4,3,0,1,0,4,37,35,7,2,0.18120522472222225,8105,84436577
6,3,2,1,4,2,43,29,23,3,0.1566159158333333,8106,84444496
4,2,0,2,1,3,33,39,11,3,0.08588118236111111,8107,84452415
7,3,3,1,2,5,38,34,19,3,0.21510703180555554,8108,84460334
4,1,1,2,2,2,33,39,2,2,0.1172206272222222,8109,84468253
2,1,1,0,1,1,10,62,6,2,0.019783182083333337,8110,84476172
3,3,0,0,1,2,42,30,8,2,0.10912275819444445,8111,84484091
5,3,2,0,0,5,39,33,30,2,0.22963146930555556,8112,84492010
9,2,4,3,2,7,59,13,25,4,0.3234955702777778,8113,84499929
10,6,4,0,2,8,54,18,38,3,0.30953972750000003,8114,84507848
8,5,2,1,4,4,43,29,15,3,0.19239172694444445,8115,84515767
7,4,2,1,2,5,51,21,7,2,0.2041072641666667,8116,84523686
4,3,1,0,2,2,45,27,1,2,0.15346403277777776,8117,84531605
5,4,0,1,3,2,29,43,14,2,0.1957212977777778,8118,84539524
5,2,2,1,1,4,27,45,6,2,0.16489529777777778,8119,84547443
12,6,4,2,4,8,63,9,35,4,0.38991671319444454,8120,84555362
3,0,1,2,2,1,28,44,0,1,0.06864000777777778,8121,84563281
4,1,1,2,0,4,27,45,0,1,0.12353655208333333,8122,84571200
8,1,4,3,3,5,42,30,8,3,0.21656330513888888,8123,84579119
9,7,1,1,3,6,56,16,30,3,0.33776221236111115,8124,84587038
9,3,3,3,3,6,55,17,30,3,0.24476074944444448,8125,84594957
9,2,4,3,3,6,37,35,20,5,0.20520588375,8126,84602876
5,4,1,0,4,1,54,18,8,2,0.2921529270833333,8127,84610795
5,3,1,1,2,3,42,30,8,2,0.17829825125,8128,84618714
6,3,2,1,2,4,52,20,22,3,0.19507120847222223,8129,84626633
7,4,3,0,4,3,55,17,17,2,0.3359729705555556,8130,84634552
2,0,2,0,0,2,16,56,0,1,0.09241879666666666,8131,84642471
3,2,0,1,2,1,33,39,0,1,0.11213461666666664,8132,84650390
8,3,3,2,2,6,42,30,20,4,0.25905844236111114,8133,84658309
6,3,3,0,1,5,33,39,14,2,0.21948639916666668,8134,84666228
4,0,1,3,3,1,40,32,0,1,0.15862670694444445,8135,84674147
8,3,3,2,2,6,44,28,21,4,0.34380714833333337,8136,84682066
3,1,2,0,1,2,27,45,7,2,0.0584793975,8137,84689985
8,4,3,1,4,4,35,37,15,4,0.1934183726388889,8138,84697904
4,3,0,1,0,4,29,43,1,2,0.13426194416666667,8139,84705823
5,4,1,0,0,5,42,30,16,3,0.13693195972222222,8140,84713742
9,3,2,4,5,4,52,20,24,4,0.33514393291666666,8141,84721661
10,6,3,1,3,7,60,12,31,4,0.28285515972222225,8142,84729580
4,2,1,1,2,2,42,30,0,1,0.16292892208333332,8143,84737499
4,2,2,0,0,4,36,36,5,2,0.16389542291666664,8144,84745418
5,1,3,1,1,4,39,33,13,2,0.22464832861111114,8145,84753337
4,1,3,0,2,2,30,42,11,2,0.15262878569444446,8146,84761256
9,4,2,3,4,5,50,22,38,3,0.27507010430555556,8147,84769175
9,6,0,3,5,4,65,7,32,3,0.3686702490277778,8148,84777094
6,1,1,4,3,3,33,39,13,3,0.1889178429166667,8149,84785013
4,2,1,1,2,2,28,44,7,3,0.1600269859722222,8150,84792932
13,5,4,4,7,6,48,24,32,5,0.25240774875,8151,84800851
7,4,1,2,3,4,45,27,17,2,0.2681265797222222,8152,84808770
3,1,2,0,0,3,28,44,6,2,0.16025530638888888,8153,84816689
4,2,0,2,1,3,39,33,0,1,0.15641076402777776,8154,84824608
8,6,1,1,3,5,57,15,20,3,0.2506550626388889,8155,84832527
6,2,2,2,1,5,37,35,12,2,0.1988295836111111,8156,84840446
6,3,3,0,2,4,25,47,17,3,0.1416369651388889,8157,84848365
8,6,1,1,3,5,53,19,15,3,0.2846854540277778,8158,84856284
2,1,0,1,1,1,15,57,0,1,0.042511240416666665,8159,84864203
4,2,2,0,0,4,29,43,11,2,0.16167144041666667,8160,84872122
7,3,2,2,5,2,46,26,13,2,0.2123668877777778,8161,84880041
7,3,1,3,2,5,40,32,19,3,0.20939378694444444,8162,84887960
9,3,3,3,3,6,61,11,18,2,0.2832611123611111,8163,84895879
6,3,2,1,2,4,47,25,13,2,0.14428637249999998,8164,84903798
3,3,0,0,1,2,32,40,0,1,0.12610838555555556,8165,84911717
6,3,0,3,3,3,48,24,23,2,0.2979860904166667,8166,84919636
5,3,0,2,3,2,33,39,11,3,0.1736595334722222,8167,84927555
4,2,1,1,2,2,32,40,9,2,0.18580710305555556,8168,84935474
9,3,3,3,3,6,62,10,29,3,0.41877525805555554,8169,84943393
4,4,0,0,2,2,48,24,7,2,0.1448632813888889,8170,84951312
8,3,3,2,4,4,50,22,26,3,0.2788919731944445,8171,84959231
5,2,3,0,0,5,40,32,17,2,0.18410488305555556,8172,84967150
7,5,1,1,3,4,46,26,18,4,0.2805796397222222,8173,84975069
3,1,0,2,2,1,36,36,0,1,0.13698751930555556,8174,84982988
6,5,1,0,2,4,46,26,14,3,0.27018837486111114,8175,84990907
10,5,3,2,4,6,57,15,32,4,0.24367157236111112,8176,84998826
5,1,3,1,1,4,40,32,3,2,0.19899955902777777,8177,85006745
8,5,2,1,4,4,39,33,22,4,0.1767266109722222,8178,85014664
7,3,3,1,3,4,53,19,28,2,0.21200505861111113,8179,85022583
12,5,5,2,4,8,59,13,42,3,0.32497843847222224,8180,85030502
8,4,3,1,2,6,58,14,24,2,0.26891463708333335,8181,85038421
7,4,3,0,3,4,39,33,21,4,0.18126198583333336,8182,85046340
5,5,0,0,3,2,41,31,10,2,0.2767915772222222,8183,85054259
8,3,2,3,7,1,41,31,26,4,0.2973082543055555,8184,85062178
9,4,3,2,3,6,60,12,28,3,0.23478549569444437,8185,85070097
11,6,3,2,5,6,56,16,45,5,0.2786178241666667,8186,85078016
11,4,5,2,4,7,45,27,24,5,0.28975538166666664,8187,85085935
11,4,4,3,4,7,56,16,39,4,0.4300661520833333,8188,85093854
4,0,3,1,1,3,32,40,13,2,0.17462439916666667,8189,85101773
0,0,0,0,0,0,0,72,0,0,0.0,8190,85109692
3,2,1,0,1,2,24,48,0,1,0.11395059819444445,8191,85117611
7,3,2,2,5,2,35,37,19,2,0.18067024777777776,8192,85125530
2,0,1,1,1,1,18,54,0,1,0.07219177166666667,8193,85133449
3,2,1,0,2,1,18,54,0,1,0.07886889124999999,8194,85141368
4,2,2,0,2,2,32,40,0,1,0.15554633958333333,8195,85149287
8,5,0,3,2,6,60,12,28,3,0.32893852625000003,8196,85157206
5,4,0,1,3,2,44,28,11,3,0.26177678569444446,8197,85165125
4,2,1,1,0,4,19,53,14,4,0.11799720916666666,8198,85173044
4,3,1,0,1,3,43,29,6,2,0.20424400861111114,8199,85180963
9,2,4,3,3,6,53,19,20,4,0.25407867805555556,8200,85188882
6,4,2,0,0,6,41,31,17,2,0.2880002220833333,8201,85196801
4,2,1,1,1,3,25,47,3,2,0.09078045541666666,8202,85204720
5,2,2,1,2,3,43,29,10,3,0.20119454958333335,8203,85212639
9,4,3,2,5,4,49,23,25,3,0.15772225,8204,85220558
7,4,3,0,1,6,46,26,12,2,0.22133504513888888,8205,85228477
9,2,3,4,3,6,53,19,20,3,0.20308617625,8206,85236396
12,6,2,4,2,10,63,9,36,4,0.40128889277777774,8207,85244315
7,2,3,2,2,5,30,42,16,3,0.21940442805555554,8208,85252234
6,2,4,0,1,5,46,26,10,2,0.23103959333333332,8209,85260153
6,2,2,2,2,4,37,35,17,3,0.13559610083333334,8210,85268072
7,2,1,4,4,3,47,25,22,3,0.17986675652777778,8211,85275991
6,4,2,0,1,5,39,33,17,2,0.19758733944444445,8212,85283910
5,3,1,1,2,3,34,38,8,2,0.1445966426388889,8213,85291829
10,2,5,3,4,6,46,26,24,4,0.2700506404166667,8214,85299748
5,5,0,0,1,4,47,25,19,2,0.24195338652777776,8215,85307667
4,1,2,1,2,2,36,36,0,1,0.19760698708333335,8216,85315586
7,4,2,1,5,2,41,31,21,2,0.20763313736111108,8217,85323505
4,2,2,0,1,3,24,48,9,2,0.13021578916666668,8218,85331424
6,3,2,1,0,6,56,16,11,2,0.2913862098611111,8219,85339343
4,1,1,2,2,2,34,38,10,2,0.12600622430555555,8220,85347262
4,1,3,0,0,4,38,34,0,1,0.15575145027777776,8221,85355181
9,7,0,2,4,5,39,33,32,5,0.20056761680555557,8222,85363100
6,2,1,3,4,2,52,20,15,2,0.16998243916666667,8223,85371019
9,4,4,1,3,6,50,22,27,4,0.16533959222222222,8224,85378938
8,3,3,2,2,6,56,16,26,3,0.3380358995833333,8225,85386857
11,3,4,4,4,7,56,16,37,4,0.2786449002777778,8226,85394776
6,3,2,1,3,3,48,24,2,2,0.17922356458333333,8227,85402695
3,2,0,1,2,1,46,26,0,1,0.13890290402777777,8228,85410614
8,3,3,2,2,6,50,22,27,4,0.29631179861111107,8229,85418533
6,4,2,0,2,4,59,13,8,2,0.2935695352777778,8230,85426452
7,2,1,4,3,4,42,30,26,4,0.14084118569444443,8231,85434371
6,4,0,2,1,5,25,47,15,5,0.20894169138888888,8232,85442290
4,1,2,1,2,2,31,41,7,2,0.08183224208333334,8233,85450209
7,2,3,2,2,5,55,17,11,2,0.189325895,8234,85458128
2,1,1,0,0,2,22,50,0,1,0.06501090291666667,8235,85466047
4,1,1,2,1,3,34,38,10,2,0.20018141597222222,8236,85473966
5,2,1,2,3,2,37,35,15,2,0.13152657694444445,8237,85481885
6,1,3,2,1,5,53,19,5,2,0.23657099027777775,8238,85489804
6,2,4,0,1,5,42,30,9,2,0.24485801194444445,8239,85497723
5,0,5,0,1,4,27,45,7,3,0.20079433875,8240,85505642
7,3,2,2,3,4,41,31,14,3,0.26888801291666664,8241,85513561
12,4,5,3,4,8,61,11,39,4,0.3971699276388889,8242,85521480
10,6,2,2,5,5,55,17,37,4,0.3678108005555556,8243,85529399
9,4,3,2,3,6,60,12,35,3,0.42002614041666664,8244,85537318
4,3,0,1,1,3,37,35,0,1,0.2227599059722222,8245,85545237
4,2,2,0,0,4,36,36,14,3,0.1953261073611111,8246,85553156
5,3,1,1,2,3,51,21,7,2,0.2503339131944445,8247,85561075
9,4,2,3,5,4,58,14,20,2,0.2449258322222222,8248,85568994
10,3,3,4,2,8,62,10,36,4,0.3187512518055555,8249,85576913
7,3,3,1,3,4,44,28,19,3,0.22903340833333333,8250,85584832
5,1,3,1,2,3,33,39,11,3,0.2032422236111111,8251,85592751
6,3,3,0,3,3,38,34,8,3,0.1981631676388889,8252,85600670
5,2,0,3,3,2,29,43,6,2,0.15024122347222224,8253,85608589
11,5,4,2,3,8,49,23,27,3,0.33440202166666666,8254,85616508
4,2,2,0,1,3,30,42,4,2,0.15116757680555554,8255,85624427
7,5,1,1,4,3,52,20,13,3,0.25601989333333336,8256,85632346
6,2,2,2,3,3,32,40,7,4,0.20916164027777776,8257,85640265
7,6,1,0,1,6,51,21,24,3,0.32933137916666666,8258,85648184
7,3,2,2,1,6,39,33,15,3,0.28060333236111107,8259,85656103
6,1,1,4,3,3,42,30,10,2,0.21345347569444445,8260,85664022
5,3,2,0,4,1,38,34,7,2,0.18184531916666666,8261,85671941
9,5,2,2,3,6,49,23,27,3,0.2928294034722222,8262,85679860
11,5,2,4,6,5,52,20,42,6,0.3476567279166667,8263,85687779
9,4,2,3,3,6,57,15,29,3,0.25539676041666665,8264,85695698
9,5,2,2,3,6,56,16,24,4,0.37845807319444447,8265,85703617
1,1,0,0,0,1,16,56,0,1,0.04467343166666666,8266,85711536
9,6,1,2,4,5,50,22,17,4,0.3086177409722222,8267,85719455
6,1,2,3,5,1,31,41,14,3,0.1868102597222222,8268,85727374
2,1,0,1,0,2,14,58,0,1,0.09311129694444444,8269,85735293
5,2,2,1,2,3,40,32,18,3,0.21096840444444445,8270,85743212
6,1,3,2,2,4,33,39,13,3,0.15840653875,8271,85751131
8,3,2,3,5,3,56,16,12,2,0.2826709279166667,8272,85759050
4,1,2,1,1,3,30,42,10,2,0.12106921083333333,8273,85766969
8,5,0,3,4,4,41,31,14,4,0.24909306805555553,8274,85774888
7,4,2,1,2,5,55,17,8,2,0.3059586198611111,8275,85782807
9,6,0,3,4,5,65,7,40,3,0.3521173168055556,8276,85790726
5,2,3,0,2,3,39,33,12,3,0.20519429916666665,8277,85798645
12,6,3,3,4,8,67,5,48,4,0.42816744055555556,8278,85806564
7,3,3,1,4,3,37,35,14,3,0.19069591625,8279,85814483
9,4,4,1,3,6,51,21,25,4,0.22350137305555556,8280,85822402
5,4,0,1,2,3,48,24,4,2,0.2141559288888889,8281,85830321
6,3,2,1,2,4,57,15,10,2,0.26328081625,8282,85838240
11,7,1,3,5,6,57,15,42,4,0.38676010375000003,8283,85846159
7,5,0,2,5,2,46,26,21,3,0.22640226805555555,8284,85854078
2,0,2,0,1,1,16,56,0,1,0.07037423069444444,8285,85861997
6,2,1,3,2,4,33,39,15,5,0.14842256694444445,8286,85869916
7,1,3,3,3,4,41,31,16,2,0.2431525690277778,8287,85877835
6,3,3,0,2,4,41,31,11,2,0.22707136541666667,8288,85885754
8,3,2,3,3,5,48,24,21,4,0.2537563419444444,8289,85893673
10,5,3,2,3,7,55,17,39,3,0.19642567708333333,8290,85901592
5,3,0,2,3,2,35,37,9,2,0.1535008473611111,8291,85909511
4,2,0,2,2,2,31,41,8,2,0.15472488430555556,8292,85917430
6,3,1,2,2,4,43,29,16,3,0.25945377611111115,8293,85925349
5,2,3,0,2,3,38,34,7,2,0.1940750690277778,8294,85933268
6,2,3,1,3,3,42,30,14,3,0.19497368180555552,8295,85941187
6,3,2,1,1,5,38,34,17,2,0.22069157125000002,8296,85949106
11,8,0,3,4,7,51,21,39,4,0.27707054458333336,8297,85957025
7,6,1,0,3,4,40,32,25,3,0.3263074947222222,8298,85964944
5,2,2,1,3,2,45,27,18,2,0.25061472138888885,8299,85972863
9,5,2,2,3,6,57,15,22,3,0.21686582194444443,8300,85980782
5,1,1,3,1,4,41,31,15,2,0.18175150569444445,8301,85988701
4,2,2,0,2,2,42,30,0,1,0.17669926847222223,8302,85996620
7,5,2,0,3,4,60,12,13,2,0.32518467041666665,8303,86004539
9,4,3,2,5,4,59,13,18,3,0.3261195922222222,8304,86012458
5,1,3,1,1,4,33,39,12,2,0.16143016319444445,8305,86020377
11,6,2,3,6,5,60,12,40,3,0.1889629984722222,8306,86028296
10,5,1,4,6,4,69,3,27,3,0.2916144963888889,8307,86036215
4,1,2,1,1,3,29,43,8,3,0.1287823234722222,8308,86044134
7,4,0,3,1,6,55,17,27,2,0.3295629493055556,8309,86052053
10,7,2,1,3,7,66,6,20,3,0.3280704761111111,8310,86059972
8,5,2,1,4,4,55,17,41,3,0.27594490666666666,8311,86067891
6,4,1,1,2,4,45,27,6,3,0.12809930125,8312,86075810
4,3,0,1,0,4,48,24,5,2,0.24707905486111115,8313,86083729
2,0,2,0,1,1,15,57,0,1,0.07352143694444445,8314,86091648
6,3,1,2,2,4,46,26,20,2,0.1757913748611111,8315,86099567
6,4,0,2,2,4,39,33,17,2,0.24087612833333338,8316,86107486
6,2,2,2,4,2,41,31,11,2,0.16053894277777778,8317,86115405
6,3,0,3,1,5,62,10,15,2,0.34843479513888886,8318,86123324
2,2,0,0,0,2,22,50,0,1,0.10006032222222222,8319,86131243
8,3,4,1,3,5,51,21,17,2,0.2745917615277778,8320,86139162
11,8,0,3,7,4,58,14,48,3,0.28457939041666663,8321,86147081
16,8,6,2,6,10,63,9,42,4,0.2589917952777777,8322,86155000
8,4,1,3,3,5,52,20,30,3,0.3164123354166667,8323,86162919
3,0,2,1,2,1,28,44,0,1,0.10501600194444444,8324,86170838
12,5,2,5,4,8,56,16,35,5,0.28495361388888885,8325,86178757
4,1,3,0,1,3,38,34,11,2,0.18621239069444445,8326,86186676
9,5,2,2,5,4,48,24,24,4,0.3001973230555556,8327,86194595
5,2,2,1,1,4,29,43,8,3,0.1710663788888889,8328,86202514
5,3,1,1,2,3,40,32,9,2,0.21596278069444447,8329,86210433
4,2,1,1,2,2,48,24,4,2,0.14913801944444444,8330,86218352
8,6,2,0,0,8,54,18,16,5,0.32925827319444445,8331,86226271
6,4,1,1,1,5,56,16,6,2,0.23365691541666667,8332,86234190
6,2,3,1,3,3,46,26,20,3,0.32410679819444443,8333,86242109
5,1,3,1,4,1,36,36,3,2,0.20123780666666666,8334,86250028
4,3,1,0,2,2,43,29,1,2,0.08662231763888889,8335,86257947
14,7,4,3,6,8,59,13,30,5,0.24352039375,8336,86265866
7,4,2,1,3,4,48,24,7,2,0.20088279708333331,8337,86273785
9,6,1,2,5,4,47,25,30,2,0.21477875541666666,8338,86281704
4,3,1,0,0,4,35,37,10,2,0.2030652497222222,8339,86289623
6,1,5,0,1,5,42,30,7,2,0.18025092722222225,8340,86297542
3,3,0,0,1,2,22,50,0,1,0.10646505319444445,8341,86305461
4,2,2,0,0,4,28,44,8,3,0.22658975750000002,8342,86313380
5,2,2,1,2,3,33,39,13,3,0.10441384152777777,8343,86321299
8,4,3,1,1,7,42,30,16,3,0.26064766333333333,8344,86329218
5,1,3,1,2,3,46,26,11,2,0.12211741027777778,8345,86337137
7,2,2,3,1,6,42,30,26,2,0.2831198637499999,8346,86345056
5,4,0,1,1,4,52,20,11,2,0.18784494750000003,8347,86352975
5,2,2,1,4,1,21,51,5,3,0.12295860138888888,8348,86360894
8,1,3,4,5,3,56,16,18,2,0.22870951805555556,8349,86368813
3,2,0,1,1,2,43,29,5,2,0.15006789583333335,8350,86376732
6,3,1,2,0,6,50,22,15,2,0.270743715,8351,86384651
6,4,2,0,2,4,43,29,14,2,0.19065550180555554,8352,86392570
5,5,0,0,3,2,30,42,13,2,0.18538451611111112,8353,86400489
8,5,2,1,2,6,58,14,24,3,0.2884047073611111,8354,86408408
6,3,2,1,3,3,48,24,13,3,0.17644665708333335,8355,86416327
3,3,0,0,2,1,30,42,11,2,0.18464712277777778,8356,86424246
11,4,3,4,4,7,54,18,23,3,0.3092685058333334,8357,86432165
1,0,1,0,0,1,6,66,0,1,0.01881731847222222,8358,86440084
7,3,3,1,0,7,38,34,16,3,0.22089933416666666,8359,86448003
8,5,2,1,3,5,56,16,16,4,0.2158141238888889,8360,86455922
6,3,2,1,4,2,42,30,7,2,0.2146919136111111,8361,86463841
4,3,1,0,0,4,23,49,11,3,0.192437205,8362,86471760
6,5,0,1,3,3,42,30,19,4,0.18181239263888888,8363,86479679
1,0,1,0,0,1,8,64,0,1,0.030677839722222218,8364,86487598
5,5,0,0,2,3,47,25,14,2,0.15083570263888887,8365,86495517
1,0,1,0,0,1,5,67,0,1,0.031107637638888894,8366,86503436
4,2,1,1,4,0,35,37,5,2,0.10165499458333332,8367,86511355
3,2,0,1,2,1,37,35,2,2,0.19480782652777778,8368,86519274
6,4,1,1,1,5,57,15,18,2,0.1569514648611111,8369,86527193
6,5,1,0,2,4,47,25,7,2,0.2346492833333333,8370,86535112
7,4,2,1,2,5,45,27,17,3,0.20081717597222223,8371,86543031
7,3,2,2,3,4,53,19,17,2,0.19706504694444443,8372,86550950
2,0,1,1,0,2,17,55,0,1,0.06861344236111111,8373,86558869
9,4,4,1,2,7,62,10,27,3,0.41861663611111116,8374,86566788
4,3,0,1,1,3,28,44,0,1,0.1221465038888889,8375,86574707
7,5,1,1,2,5,40,32,25,3,0.2571831766666667,8376,86582626
6,5,0,1,0,6,47,25,11,2,0.3335381652777778,8377,86590545
8,3,4,1,2,6,54,18,24,3,0.28539669375,8378,86598464
2,1,0,1,1,1,19,53,8,2,0.046394208472222226,8379,86606383
5,2,1,2,2,3,34,38,17,2,0.2233522306944444,8380,86614302
6,4,2,0,2,4,52,20,10,2,0.25908737861111114,8381,86622221
9,7,0,2,6,3,51,21,32,4,0.24729891694444442,8382,86630140
6,3,3,0,1,5,42,30,24,3,0.20049864625,8383,86638059
4,2,1,1,0,4,22,50,4,2,0.09747291138888889,8384,86645978
6,4,2,0,0,6,43,29,23,3,0.3072036059722223,8385,86653897
9,2,4,3,2,7,58,14,24,4,0.3220529526388889,8386,86661816
4,3,0,1,3,1,42,30,19,2,0.2098596754166667,8387,86669735
9,7,0,2,4,5,57,15,50,4,0.21324868083333332,8388,86677654
4,3,0,1,1,3,39,33,0,1,0.1586421972222222,8389,86685573
9,4,4,1,3,6,63,9,26,3,0.29120098111111115,8390,86693492
5,2,1,2,2,3,36,36,7,2,0.2040859916666667,8391,86701411
4,2,1,1,2,2,34,38,11,2,0.09545413152777778,8392,86709330
8,4,3,1,0,8,49,23,20,3,0.3950973556944445,8393,86717249
12,5,3,4,5,7,68,4,46,4,0.37895810777777783,8394,86725168
3,1,0,2,1,2,16,56,10,3,0.058557943333333334,8395,86733087
5,3,0,2,4,1,52,20,11,2,0.3071340444444444,8396,86741006
7,3,3,1,2,5,51,21,23,2,0.1644074047222222,8397,86748925
5,2,2,1,2,3,25,47,12,3,0.12632652666666663,8398,86756844
7,3,3,1,4,3,34,38,7,4,0.15615279875,8399,86764763
4,2,1,1,1,3,29,43,3,2,0.15837755402777778,8400,86772682
7,5,2,0,0,7,51,21,12,3,0.3014152580555555,8401,86780601
8,5,1,2,3,5,56,16,16,3,0.23850370305555554,8402,86788520
7,5,1,1,2,5,47,25,32,3,0.2796839,8403,86796439
8,2,4,2,2,6,51,21,12,2,0.2734564323611111,8404,86804358
3,2,1,0,0,3,31,41,9,2,0.11925017819444446,8405,86812277
9,3,5,1,2,7,41,31,27,5,0.40133974652777776,8406,86820196
9,4,4,1,2,7,44,28,17,4,0.22651099902777774,8407,86828115
6,5,0,1,2,4,52,20,14,2,0.18730615930555558,8408,86836034
4,2,2,0,1,3,30,42,1,2,0.176783945,8409,86843953
7,2,3,2,1,6,33,39,24,3,0.19748935305555557,8410,86851872
6,3,2,1,4,2,53,19,20,2,0.19439114930555557,8411,86859791
8,5,2,1,4,4,49,23,32,3,0.3657383979166667,8412,86867710
12,7,4,1,5,7,63,9,39,4,0.4960783404166667,8413,86875629
6,4,0,2,3,3,43,29,14,2,0.16521816986111112,8414,86883548
3,2,0,1,0,3,30,42,0,1,0.09891005652777778,8415,86891467
5,3,0,2,1,4,37,35,7,2,0.18647771541666666,8416,86899386
4,1,2,1,2,2,37,35,0,1,0.1527368776388889,8417,86907305
5,2,0,3,3,2,37,35,7,2,0.20005672305555555,8418,86915224
11,6,3,2,1,10,68,4,30,4,0.48211314680555556,8419,86923143
7,5,2,0,1,6,43,29,16,3,0.27759681819444443,8420,86931062
3,2,1,0,0,3,29,43,2,2,0.09119659499999999,8421,86938981
10,5,1,4,3,7,39,33,35,4,0.28430629180555556,8422,86946900
7,1,3,3,4,3,50,22,5,2,0.1723152773611111,8423,86954819
7,2,2,3,3,4,49,23,29,4,0.2002207948611111,8424,86962738
13,9,1,3,4,9,72,0,40,3,0.3617467552777778,8425,86970657
9,5,4,0,4,5,49,23,23,3,0.2789518920833333,8426,86978576
8,1,4,3,2,6,48,24,25,3,0.21591499111111112,8427,86986495
5,3,1,1,3,2,41,31,6,2,0.16570372013888887,8428,86994414
2,1,0,1,1,1,16,56,3,2,0.07148351069444445,8429,87002333
5,4,1,0,2,3,42,30,11,2,0.2422011922222222,8430,87010252
3,2,0,1,1,2,36,36,0,1,0.18014603638888887,8431,87018171
5,2,3,0,1,4,39,33,16,4,0.17599484222222223,8432,87026090
5,2,2,1,1,4,38,34,11,2,0.20024899652777778,8433,87034009
9,4,3,2,1,8,53,19,26,3,0.44005555736111107,8434,87041928
3,3,0,0,3,0,24,48,5,2,0.12336770763888888,8435,87049847
6,3,2,1,2,4,38,34,10,2,0.18531423166666666,8436,87057766
6,2,2,2,1,5,39,33,6,2,0.18732141805555555,8437,87065685
9,3,3,3,5,4,51,21,28,3,0.2714061475,8438,87073604
7,1,3,3,3,4,28,44,18,3,0.11291641680555554,8439,87081523
4,3,1,0,2,2,16,56,4,3,0.0874867325,8440,87089442
5,2,1,2,3,2,36,36,18,2,0.13339488472222222,8441,87097361
7,4,2,1,3,4,46,26,16,3,0.3005847555555555,8442,87105280
5,3,1,1,3,2,42,30,8,2,0.17539045861111113,8443,87113199
7,6,0,1,3,4,57,15,24,3,0.2749167672222222,8444,87121118
6,4,2,0,1,5,39,33,15,2,0.20682646041666666,8445,87129037
8,4,3,1,3,5,44,28,30,4,0.26238448569444445,8446,87136956
7,5,1,1,1,6,44,28,19,4,0.35247334388888896,8447,87144875
6,0,3,3,1,5,26,46,7,2,0.15177323097222223,8448,87152794
9,4,2,3,3,6,45,27,10,4,0.32781689305555556,8449,87160713
5,4,0,1,2,3,50,22,3,2,0.2586288197222222,8450,87168632
5,1,3,1,3,2,38,34,9,2,0.15051869416666666,8451,87176551
7,3,4,0,2,5,42,30,14,3,0.2513572622222222,8452,87184470
4,2,0,2,4,0,39,33,11,3,0.19416552444444443,8453,87192389
6,3,1,2,1,5,51,21,13,3,0.26174946958333334,8454,87200308
9,7,0,2,2,7,51,21,31,4,0.33918624722222224,8455,87208227
10,4,2,4,3,7,64,8,37,4,0.41953912,8456,87216146
9,5,2,2,4,5,54,18,34,3,0.26686095805555554,8457,87224065
8,2,4,2,3,5,43,29,11,3,0.1899620051388889,8458,87231984
2,1,1,0,1,1,15,57,0,1,0.06991701013888889,8459,87239903
3,2,1,0,1,2,20,52,0,1,0.16281793805555556,8460,87247822
9,4,5,0,3,6,68,4,37,4,0.3884210005555555,8461,87255741
3,1,1,1,2,1,26,46,3,2,0.13032721736111108,8462,87263660
2,1,1,0,1,1,9,63,0,1,0.07608946166666666,8463,87271579
6,6,0,0,3,3,54,18,28,3,0.27579804750000003,8464,87279498
3,2,0,1,1,2,27,45,9,2,0.05494045041666666,8465,87287417
5,1,1,3,2,3,35,37,1,2,0.13945703680555555,8466,87295336
5,3,0,2,5,0,44,28,9,2,0.19180757888888886,8467,87303255
5,2,2,1,2,3,34,38,13,2,0.10915565805555555,8468,87311174
8,5,1,2,5,3,42,30,17,3,0.19030382472222224,8469,87319093
4,1,1,2,2,2,27,45,15,2,0.19857040833333334,8470,87327012
8,4,3,1,3,5,45,27,23,3,0.24574945347222224,8471,87334931
4,3,0,1,2,2,33,39,1,2,0.15629841472222225,8472,87342850
9,6,1,2,4,5,40,32,24,4,0.19691097458333334,8473,87350769
5,1,4,0,2,3,48,24,7,2,0.21931874375,8474,87358688
8,6,0,2,4,4,47,25,27,4,0.2032433579166667,8475,87366607
6,2,2,2,2,4,36,36,13,3,0.17097894777777778,8476,87374526
4,2,1,1,0,4,43,29,2,2,0.15972397583333334,8477,87382445
2,1,1,0,0,2,18,54,0,1,0.11374762277777778,8478,87390364
2,0,1,1,1,1,16,56,0,1,0.08643538430555557,8479,87398283
8,4,2,2,4,4,47,25,14,3,0.27391570430555556,8480,87406202
9,4,4,1,2,7,46,26,17,4,0.27737671347222226,8481,87414121
9,5,2,2,2,7,59,13,33,4,0.27022512680555555,8482,87422040
4,1,1,2,1,3,29,43,6,3,0.11423498972222222,8483,87429959
5,1,4,0,2,3,50,22,6,2,0.21936766583333334,8484,87437878
5,3,1,1,2,3,21,51,14,3,0.07045141277777778,8485,87445797
5,3,1,1,0,5,44,28,0,1,0.22492759,8486,87453716
7,4,0,3,1,6,40,32,22,2,0.1743508075,8487,87461635
6,5,1,0,2,4,56,16,1,2,0.23039110180555555,8488,87469554
9,4,3,2,3,6,59,13,18,4,0.33892430916666666,8489,87477473
8,3,4,1,1,7,54,18,23,3,0.22650014638888885,8490,87485392
8,3,1,4,4,4,43,29,21,3,0.25392395777777776,8491,87493311
5,3,1,1,2,3,44,28,10,2,0.20584308666666665,8492,87501230
3,3,0,0,2,1,11,61,2,2,0.04630491513888889,8493,87509149
8,4,1,3,4,4,52,20,22,3,0.23864664513888892,8494,87517068
9,5,3,1,3,6,59,13,25,3,0.2450119665277778,8495,87524987
8,3,3,2,3,5,51,21,9,3,0.22975459624999997,8496,87532906
5,2,2,1,2,3,44,28,6,2,0.2172202515277778,8497,87540825
7,3,3,1,4,3,59,13,23,2,0.1522200058333333,8498,87548744
6,4,1,1,2,4,48,24,20,4,0.13987457250000002,8499,87556663
5,3,1,1,1,4,34,38,27,3,0.15096333361111108,8500,87564582
5,3,2,0,2,3,33,39,16,3,0.19023317861111108,8501,87572501
5,3,0,2,2,3,26,46,16,3,0.10563791763888888,8502,87580420
4,3,0,1,2,2,20,52,17,3,0.08828087236111111,8503,87588339
5,2,1,2,2,3,44,28,10,2,0.1977273659722222,8504,87596258
7,5,1,1,1,6,62,10,28,2,0.3197281966666667,8505,87604177
6,2,2,2,1,5,54,18,10,2,0.28657504305555553,8506,87612096
10,4,5,1,1,9,64,8,39,3,0.4283695141666667,8507,87620015
7,4,3,0,2,5,60,12,22,3,0.25024786805555554,8508,87627934
10,5,3,2,1,9,51,21,36,4,0.3788580777777778,8509,87635853
13,8,4,1,4,9,64,8,31,5,0.3546807544444444,8510,87643772
10,5,5,0,5,5,49,23,30,3,0.20906948041666668,8511,87651691
3,1,2,0,0,3,16,56,2,2,0.08806363513888887,8512,87659610
6,3,1,2,4,2,51,21,14,2,0.19874169500000002,8513,87667529
9,6,2,1,2,7,69,3,38,4,0.3523196608333333,8514,87675448
5,2,2,1,1,4,35,37,13,2,0.1307358113888889,8515,87683367
7,4,2,1,5,2,47,25,18,2,0.22931984138888892,8516,87691286
7,4,2,1,4,3,49,23,27,3,0.31462196611111115,8517,87699205
9,5,3,1,2,7,62,10,28,2,0.42782539194444447,8518,87707124
7,3,1,3,3,4,52,20,17,2,0.19186283027777776,8519,87715043
6,5,1,0,1,5,31,41,11,3,0.19903016430555553,8520,87722962
8,4,3,1,4,4,44,28,26,4,0.26166775777777773,8521,87730881
4,3,0,1,1,3,38,34,6,2,0.13516050333333332,8522,87738800
3,2,0,1,2,1,39,33,7,2,0.09020494152777778,8523,87746719
7,5,2,0,2,5,55,17,23,3,0.23993751736111113,8524,87754638
7,5,0,2,2,5,44,28,24,3,0.22251771138888887,8525,87762557
5,2,1,2,1,4,31,41,15,3,0.15145136958333336,8526,87770476
13,6,1,6,6,7,61,11,32,4,0.2898369905555555,8527,87778395
7,4,1,2,3,4,30,42,18,5,0.14026407875,8528,87786314
10,4,4,2,3,7,46,26,18,3,0.24697025166666664,8529,87794233
4,3,0,1,2,2,35,37,7,2,0.14027826319444442,8530,87802152
2,1,1,0,1,1,17,55,0,1,0.07376894486111112,8531,87810071
9,3,5,1,3,6,65,7,27,2,0.28936074791666666,8532,87817990
8,3,1,4,5,3,53,19,21,4,0.27584725680555555,8533,87825909
5,1,2,2,2,3,26,46,12,2,0.07032688250000001,8534,87833828
10,4,3,3,2,8,60,12,27,4,0.44217165750000004,8535,87841747
4,2,0,2,2,2,33,39,0,1,0.14683351888888888,8536,87849666
7,3,2,2,3,4,41,31,24,3,0.13976748930555555,8537,87857585
4,1,2,1,1,3,35,37,6,2,0.1071369072222222,8538,87865504
5,3,0,2,2,3,41,31,19,2,0.10975411597222223,8539,87873423
5,4,0,1,1,4,45,27,8,2,0.2455278831944445,8540,87881342
9,5,3,1,2,7,51,21,28,4,0.2646239344444445,8541,87889261
5,3,2,0,2,3,28,44,9,3,0.1682526898611111,8542,87897180
7,4,0,3,5,2,44,28,34,3,0.21808261097222223,8543,87905099
9,1,5,3,5,4,49,23,11,3,0.18480966916666663,8544,87913018
7,5,2,0,3,4,33,39,15,5,0.2107148886111111,8545,87920937
4,2,1,1,1,3,27,45,11,2,0.13189028569444444,8546,87928856
6,1,2,3,2,4,33,39,11,2,0.15198364916666668,8547,87936775
8,3,2,3,3,5,40,32,16,3,0.29668435527777776,8548,87944694
7,6,1,0,2,5,63,9,14,2,0.2779691294444444,8549,87952613
10,5,2,3,3,7,48,24,27,6,0.3706340895833333,8550,87960532
9,4,2,3,2,7,55,17,41,3,0.27523931625000003,8551,87968451
1,0,1,0,0,1,10,62,0,1,0.050457810972222225,8552,87976370
8,3,5,0,2,6,58,14,17,3,0.2220947765277778,8553,87984289
6,2,3,1,2,4,42,30,11,2,0.1733381973611111,8554,87992208
4,2,1,1,0,4,33,39,2,2,0.18879401180555558,8555,88000127
6,4,2,0,1,5,46,26,11,2,0.25949159013888884,8556,88008046
6,2,0,4,3,3,31,41,6,3,0.14580727805555554,8557,88015965
8,3,3,2,4,4,49,23,14,2,0.18167176666666668,8558,88023884
5,2,2,1,2,3,43,29,0,1,0.14394197555555555,8559,88031803
5,3,1,1,1,4,45,27,24,3,0.24621264888888886,8560,88039722
6,4,2,0,0,6,52,20,14,3,0.24593871930555558,8561,88047641
4,2,0,2,2,2,36,36,9,2,0.1414407501388889,8562,88055560
5,2,2,1,1,4,34,38,16,3,0.22254145972222222,8563,88063479
7,3,3,1,3,4,56,16,10,2,0.23419699069444444,8564,88071398
10,3,4,3,6,4,64,8,30,3,0.2625009745833333,8565,88079317
10,6,3,1,4,6,50,22,26,4,0.26243166861111106,8566,88087236
6,4,1,1,2,4,46,26,11,2,0.15888199902777778,8567,88095155
5,2,1,2,0,5,35,37,25,2,0.25212337500000004,8568,88103074
5,2,0,3,1,4,31,41,5,3,0.13698027333333332,8569,88110993
6,4,1,1,4,2,52,20,14,2,0.21259683819444444,8570,88118912
7,5,1,1,0,7,56,16,5,2,0.2334484433333333,8571,88126831
7,6,1,0,3,4,55,17,30,3,0.35222140916666667,8572,88134750
5,1,3,1,1,4,38,34,7,2,0.19167775583333332,8573,88142669
9,5,1,3,5,4,47,25,30,4,0.18540006458333333,8574,88150588
9,4,2,3,2,7,57,15,29,3,0.2597419588888889,8575,88158507
5,4,0,1,3,2,44,28,5,2,0.17661176388888888,8576,88166426
10,3,2,5,5,5,46,26,27,3,0.22433884666666667,8577,88174345
3,2,0,1,1,2,17,55,11,2,0.032890975277777776,8578,88182264
8,5,1,2,3,5,44,28,23,3,0.1731769209722222,8579,88190183
6,4,1,1,4,2,35,37,18,4,0.1351065561111111,8580,88198102
7,5,1,1,1,6,55,17,22,3,0.2951211384722222,8581,88206021
7,5,0,2,3,4,43,29,26,3,0.1222688225,8582,88213940
7,4,3,0,2,5,42,30,15,3,0.22456049180555557,8583,88221859
6,3,2,1,2,4,50,22,23,3,0.21433116305555555,8584,88229778
8,5,3,0,1,7,54,18,29,4,0.3735942919444445,8585,88237697
5,3,0,2,4,1,40,32,12,3,0.17008301458333333,8586,88245616
8,5,3,0,4,4,58,14,22,2,0.29884018333333334,8587,88253535
1,0,1,0,1,0,6,66,0,1,0.04067193305555556,8588,88261454
5,2,3,0,3,2,33,39,10,2,0.18154566375,8589,88269373
8,5,2,1,1,7,53,19,18,3,0.34814183555555556,8590,88277292
6,3,2,1,3,3,33,39,27,3,0.21048960444444445,8591,88285211
3,1,1,1,2,1,33,39,0,1,0.13225399013888892,8592,88293130
5,2,1,2,2,3,32,40,11,4,0.11494193861111111,8593,88301049
5,2,0,3,4,1,33,39,18,2,0.1652644075,8594,88308968
11,3,5,3,2,9,61,11,24,5,0.3294014636111111,8595,88316887
3,2,0,1,0,3,26,46,0,1,0.13138337874999997,8596,88324806
3,1,1,1,0,3,16,56,8,2,0.11178507152777778,8597,88332725
11,7,1,3,4,7,55,17,31,3,0.26660503375000005,8598,88340644
9,5,1,3,5,4,55,17,36,4,0.2502313306944444,8599,88348563
5,3,0,2,0,5,38,34,1,2,0.20049493055555556,8600,88356482
8,4,2,2,4,4,36,36,28,3,0.22832172930555558,8601,88364401
4,1,2,1,1,3,47,25,12,3,0.1644311788888889,8602,88372320
5,2,1,2,3,2,26,46,11,2,0.1361254976388889,8603,88380239
4,3,1,0,1,3,21,51,13,3,0.08374924986111111,8604,88388158
7,4,0,3,3,4,50,22,18,2,0.2438950615277778,8605,88396077
4,3,0,1,2,2,44,28,10,2,0.18621316319444448,8606,88403996
6,4,1,1,3,3,57,15,11,2,0.34002382722222224,8607,88411915
11,8,3,0,4,7,63,9,40,4,0.4813441868055555,8608,88419834
8,5,2,1,4,4,48,24,25,3,0.20205605444444444,8609,88427753
1,0,1,0,0,1,5,67,0,1,0.02274999541666667,8610,88435672
9,6,2,1,1,8,51,21,32,4,0.3455956466666666,8611,88443591
11,4,4,3,6,5,64,8,27,3,0.24594631694444447,8612,88451510
7,3,0,4,4,3,37,35,18,4,0.18562720916666667,8613,88459429
6,1,3,2,3,3,46,26,11,2,0.20639789972222222,8614,88467348
5,3,2,0,1,4,37,35,19,3,0.20473104000000003,8615,88475267
4,1,1,2,1,3,30,42,3,2,0.13418640319444444,8616,88483186
5,4,1,0,0,5,20,52,10,3,0.10398501138888888,8617,88491105
8,4,3,1,4,4,65,7,33,2,0.3041836352777778,8618,88499024
5,0,4,1,1,4,46,26,8,2,0.16860142333333333,8619,88506943
11,7,3,1,5,6,56,16,31,3,0.42037399472222226,8620,88514862
6,2,4,0,0,6,34,38,18,2,0.18566540819444446,8621,88522781
5,1,2,2,1,4,29,43,15,3,0.08457641541666668,8622,88530700
4,2,1,1,2,2,33,39,0,1,0.12862489388888887,8623,88538619
4,2,1,1,1,3,27,45,7,2,0.14727023166666667,8624,88546538
3,3,0,0,2,1,33,39,3,2,0.12447842583333332,8625,88554457
1,1,0,0,0,1,8,64,0,1,0.022271825277777775,8626,88562376
9,5,1,3,2,7,51,21,20,4,0.1474988626388889,8627,88570295
10,3,4,3,5,5,48,24,20,4,0.27671959875,8628,88578214
9,5,3,1,4,5,41,31,24,4,0.23222128166666664,8629,88586133
7,2,2,3,3,4,49,23,18,3,0.25143071527777777,8630,88594052
3,2,1,0,1,2,29,43,3,2,0.09644362305555554,8631,88601971
7,4,1,2,2,5,36,36,22,3,0.22560343388888893,8632,88609890
5,4,0,1,3,2,47,25,14,3,0.19602640083333334,8633,88617809
7,5,2,0,2,5,45,27,24,3,0.29749350291666665,8634,88625728
6,4,2,0,3,3,39,33,20,4,0.14006989083333335,8635,88633647
4,2,1,1,2,2,45,27,0,1,0.13416224430555557,8636,88641566
9,2,5,2,4,5,59,13,17,2,0.23433535291666663,8637,88649485
7,5,1,1,2,5,43,29,24,2,0.17631725180555557,8638,88657404
6,3,2,1,1,5,40,32,18,3,0.19790198291666666,8639,88665323
9,5,3,1,4,5,46,26,33,3,0.29574046569444445,8640,88673242
7,6,1,0,2,5,57,15,18,3,0.2392355476388889,8641,88681161
8,7,0,1,2,6,63,9,26,3,0.2668159504166667,8642,88689080
5,1,2,2,2,3,42,30,11,2,0.12787670958333333,8643,88696999
7,3,2,2,1,6,39,33,17,3,0.20386619569444445,8644,88704918
5,3,0,2,2,3,39,33,4,2,0.11897739541666666,8645,88712837
4,2,1,1,0,4,31,41,2,2,0.15052178624999998,8646,88720756
5,2,2,1,2,3,48,24,3,2,0.19091237402777775,8647,88728675
8,4,3,1,3,5,48,24,25,3,0.26787130819444444,8648,88736594
3,2,1,0,1,2,25,47,13,2,0.08375435652777778,8649,88744513
7,3,4,0,1,6,52,20,4,2,0.20730913041666665,8650,88752432
3,2,1,0,2,1,41,31,0,1,0.19954644875,8651,88760351
3,2,1,0,0,3,30,42,0,1,0.14314611500000002,8652,88768270
8,3,4,1,2,6,51,21,23,3,0.3551047847222223,8653,88776189
5,3,1,1,2,3,38,34,17,3,0.18416405305555555,8654,88784108
5,3,2,0,2,3,29,43,11,3,0.2019452004166667,8655,88792027
6,4,0,2,2,4,40,32,13,3,0.31674700347222223,8656,88799946
5,2,2,1,1,4,43,29,1,2,0.18970333805555556,8657,88807865
6,4,1,1,1,5,38,34,14,3,0.23335869791666664,8658,88815784
8,2,4,2,3,5,40,32,21,3,0.20399753180555555,8659,88823703
6,4,1,1,1,5,38,34,2,2,0.17736963236111108,8660,88831622
8,5,1,2,4,4,71,1,20,2,0.3040893776388889,8661,88839541
6,3,2,1,3,3,57,15,19,2,0.26143582847222224,8662,88847460
4,1,1,2,2,2,29,43,13,2,0.21388105444444447,8663,88855379
7,3,3,1,4,3,40,32,26,4,0.20399264763888889,8664,88863298
8,5,1,2,3,5,52,20,29,3,0.21563282541666667,8665,88871217
6,1,4,1,3,3,44,28,10,3,0.1529486351388889,8666,88879136
6,4,1,1,2,4,55,17,20,2,0.22606144763888888,8667,88887055
4,2,1,1,0,4,36,36,14,2,0.1660729813888889,8668,88894974
5,2,2,1,2,3,47,25,29,2,0.14987689777777777,8669,88902893
6,2,2,2,3,3,51,21,17,3,0.2230161486111111,8670,88910812
6,1,2,3,2,4,48,24,12,2,0.19838455611111114,8671,88918731
6,5,0,1,6,0,51,21,15,2,0.26821554444444445,8672,88926650
5,3,1,1,3,2,38,34,13,3,0.11019752902777778,8673,88934569
4,2,2,0,1,3,35,37,12,2,0.11657136277777777,8674,88942488
4,1,2,1,2,2,46,26,5,2,0.1996709163888889,8675,88950407
4,1,1,2,1,3,28,44,0,1,0.09162725944444444,8676,88958326
6,2,3,1,4,2,37,35,13,2,0.1377821897222222,8677,88966245
3,2,0,1,1,2,24,48,5,2,0.08195836819444445,8678,88974164
3,2,1,0,1,2,23,49,0,1,0.0786105175,8679,88982083
6,1,2,3,1,5,39,33,24,3,0.21811377569444446,8680,88990002
4,1,2,1,1,3,25,47,11,3,0.20786039805555553,8681,88997921
4,2,2,0,2,2,43,29,5,2,0.15449549652777778,8682,89005840
9,4,2,3,4,5,60,12,17,2,0.2686903358333333,8683,89013759
5,3,1,1,2,3,48,24,7,2,0.15360416402777777,8684,89021678
9,5,3,1,1,8,62,10,26,3,0.38308495291666667,8685,89029597
4,4,0,0,1,3,33,39,10,3,0.12268104861111111,8686,89037516
10,4,4,2,3,7,43,29,35,4,0.28627954875,8687,89045435
9,4,5,0,4,5,51,21,29,3,0.16450528527777777,8688,89053354
9,4,2,3,5,4,51,21,18,3,0.2798080284722222,8689,89061273
5,4,0,1,0,5,41,31,9,2,0.2627571901388889,8690,89069192
5,4,1,0,2,3,37,35,17,2,0.12711108958333334,8691,89077111
7,3,1,3,4,3,54,18,16,3,0.17755476736111112,8692,89085030
3,2,1,0,1,2,19,53,0,1,0.12381986097222221,8693,89092949
5,1,3,1,2,3,20,52,12,3,0.15882232861111112,8694,89100868
7,4,1,2,2,5,29,43,21,3,0.1313693298611111,8695,89108787
7,4,1,2,3,4,47,25,22,4,0.2662640405555556,8696,89116706
6,2,2,2,2,4,45,27,17,3,0.29429774819444443,8697,89124625
6,4,1,1,2,4,42,30,17,3,0.20985411375000002,8698,89132544
4,3,1,0,1,3,22,50,12,4,0.1609992213888889,8699,89140463
8,6,2,0,3,5,65,7,22,3,0.34213856958333333,8700,89148382
10,3,5,2,5,5,58,14,24,3,0.2747793119444444,8701,89156301
1,1,0,0,0,1,20,52,0,1,0.08948404861111112,8702,89164220
6,2,2,2,3,3,44,28,3,2,0.17412623694444443,8703,89172139
12,7,4,1,2,10,60,12,36,5,0.35956222250000003,8704,89180058
6,4,1,1,2,4,46,26,13,2,0.20364316486111111,8705,89187977
10,2,3,5,4,6,43,29,33,4,0.20152796180555554,8706,89195896
6,3,2,1,0,6,43,29,12,2,0.23444659555555555,8707,89203815
4,1,3,0,1,3,30,42,11,2,0.22128159430555555,8708,89211734
8,2,3,3,0,8,48,24,9,2,0.1991733597222222,8709,89219653
5,3,1,1,3,2,44,28,11,3,0.15909490375,8710,89227572
1,1,0,0,1,0,5,67,0,1,0.03337003986111112,8711,89235491
11,5,4,2,4,7,64,8,39,4,0.4187196804166667,8712,89243410
6,3,2,1,2,4,52,20,22,2,0.3545385033333333,8713,89251329
8,4,3,1,2,6,49,23,20,3,0.26034356652777774,8714,89259248
6,2,3,1,1,5,37,35,16,2,0.2139190086111111,8715,89267167
5,1,3,1,1,4,33,39,9,3,0.19489341375,8716,89275086
3,0,2,1,1,2,18,54,5,2,0.09273108263888889,8717,89283005
6,1,4,1,2,4,41,31,14,2,0.2033099584722222,8718,89290924
3,2,0,1,1,2,30,42,2,2,0.12793793902777778,8719,89298843
4,3,0,1,1,3,26,46,10,3,0.10547342513888888,8720,89306762
6,1,2,3,2,4,40,32,11,2,0.17447224027777777,8721,89314681
4,2,0,2,1,3,28,44,1,2,0.14576346930555556,8722,89322600
14,7,3,4,5,9,67,5,37,4,0.3532283520833333,8723,89330519
10,8,1,1,3,7,50,22,39,4,0.34081299291666667,8724,89338438
5,2,1,2,2,3,37,35,11,2,0.1652711673611111,8725,89346357
3,2,1,0,0,3,18,54,3,2,0.09605767986111112,8726,89354276
5,3,2,0,2,3,34,38,4,2,0.18734599305555555,8727,89362195
9,4,3,2,3,6,58,14,23,4,0.29016779791666664,8728,89370114
5,2,3,0,1,4,39,33,7,2,0.17457235805555557,8729,89378033
5,2,0,3,1,4,37,35,8,2,0.15045157055555552,8730,89385952
4,4,0,0,2,2,44,28,0,1,0.2039621861111111,8731,89393871
3,2,0,1,1,2,27,45,3,2,0.17110625319444445,8732,89401790
3,2,0,1,1,2,27,45,8,2,0.11714758527777776,8733,89409709
4,2,0,2,1,3,39,33,0,1,0.1719520283333333,8734,89417628
1,0,1,0,0,1,16,56,0,1,0.04310331666666666,8735,89425547
9,7,2,0,4,5,55,17,20,5,0.25066240500000003,8736,89433466
7,4,1,2,5,2,53,19,33,4,0.22322984208333332,8737,89441385
9,5,2,2,2,7,58,14,22,3,0.2503868184722222,8738,89449304
3,2,1,0,1,2,21,51,9,2,0.09328978527777777,8739,89457223
3,1,2,0,0,3,27,45,13,2,0.17785391555555552,8740,89465142
6,3,1,2,4,2,50,22,9,2,0.1864748276388889,8741,89473061
6,4,1,1,1,5,47,25,23,3,0.1873780986111111,8742,89480980
7,4,1,2,2,5,62,10,18,2,0.3454080584722222,8743,89488899
2,2,0,0,2,0,16,56,0,1,0.07954721833333332,8744,89496818
7,3,2,2,3,4,48,24,25,3,0.21914962999999998,8745,89504737
6,2,2,2,2,4,53,19,8,2,0.2193135966666667,8746,89512656
5,4,1,0,1,4,46,26,10,2,0.20340541972222223,8747,89520575
7,2,3,2,3,4,39,33,21,2,0.28417256444444444,8748,89528494
7,3,3,1,4,3,39,33,18,2,0.20367119444444443,8749,89536413
2,1,1,0,2,0,11,61,0,1,0.05229474263888889,8750,89544332
6,4,1,1,2,4,41,31,18,3,0.2719346033333333,8751,89552251
3,1,1,1,0,3,21,51,7,2,0.09788785263888888,8752,89560170
8,3,4,1,1,7,39,33,15,2,0.19824282375,8753,89568089
7,5,1,1,2,5,47,25,21,3,0.1703983801388889,8754,89576008
7,6,1,0,1,6,45,27,9,3,0.2382514454166667,8755,89583927
3,2,0,1,0,3,25,47,8,2,0.1370316409722222,8756,89591846
7,3,1,3,3,4,48,24,14,2,0.22568312291666665,8757,89599765
6,5,0,1,1,5,44,28,8,2,0.21661932694444444,8758,89607684
11,6,1,4,6,5,62,10,32,4,0.22524601819444445,8759,89615603
3,2,1,0,1,2,24,48,0,1,0.10928411347222222,8760,89623522
6,2,1,3,1,5,39,33,16,2,0.20140790583333334,8761,89631441
6,3,2,1,3,3,45,27,12,2,0.22539467291666668,8762,89639360
5,1,1,3,3,2,38,34,17,2,0.16055961013888886,8763,89647279
11,7,3,1,4,7,60,12,24,4,0.2904788786111111,8764,89655198
11,5,3,3,7,4,66,6,31,3,0.3685956673611111,8765,89663117
5,1,3,1,3,2,38,34,15,2,0.16059056000000002,8766,89671036
16,8,3,5,7,9,62,10,44,5,0.42942673763888894,8767,89678955
9,4,4,1,3,6,52,20,27,4,0.25386804958333337,8768,89686874
6,3,3,0,0,6,43,29,17,2,0.23618578069444446,8769,89694793
5,1,2,2,3,2,28,44,11,3,0.10932356055555555,8770,89702712
6,3,1,2,5,1,33,39,13,3,0.21152165555555558,8771,89710631
10,5,4,1,2,8,52,20,34,4,0.34468450347222224,8772,89718550
7,3,2,2,1,6,31,41,23,4,0.1812512063888889,8773,89726469
12,7,2,3,8,4,64,8,42,4,0.31692358930555553,8774,89734388
10,4,2,4,3,7,59,13,38,4,0.2946551448611111,8775,89742307
4,4,0,0,0,4,38,34,5,2,0.27855674166666666,8776,89750226
10,5,2,3,3,7,54,18,24,4,0.3847456581944445,8777,89758145
8,5,1,2,4,4,62,10,22,3,0.3316531801388889,8778,89766064
8,5,2,1,2,6,45,27,30,5,0.2719321219444445,8779,89773983
3,1,1,1,2,1,25,47,0,1,0.10819407180555557,8780,89781902
5,1,2,2,2,3,36,36,9,2,0.11102343111111111,8781,89789821
6,3,1,2,3,3,46,26,1,3,0.16035119611111112,8782,89797740
6,2,1,3,2,4,36,36,12,2,0.1709718309722222,8783,89805659
8,2,4,2,3,5,43,29,20,3,0.29148876569444443,8784,89813578
5,1,4,0,0,5,41,31,3,2,0.22256730805555558,8785,89821497
4,2,0,2,0,4,24,48,5,2,0.15553099625,8786,89829416
6,2,2,2,0,6,38,34,13,3,0.2241864029166667,8787,89837335
7,4,1,2,2,5,49,23,23,3,0.22712002930555553,8788,89845254
7,3,1,3,4,3,44,28,8,2,0.12547031875,8789,89853173
5,3,0,2,2,3,42,30,5,2,0.21638576888888889,8790,89861092
4,1,3,0,1,3,25,47,8,2,0.1567062026388889,8791,89869011
9,5,2,2,4,5,48,24,32,4,0.30208719472222223,8792,89876930
9,2,5,2,3,6,47,25,19,3,0.15975541527777778,8793,89884849
3,2,0,1,1,2,27,45,7,2,0.12276502847222222,8794,89892768
11,5,3,3,5,6,48,24,33,4,0.23047929125,8795,89900687
13,8,5,0,6,7,58,14,35,6,0.3243231577777778,8796,89908606
7,3,3,1,2,5,40,32,21,3,0.2800462133333333,8797,89916525
9,5,2,2,5,4,64,8,24,2,0.24310181097222225,8798,89924444
6,1,2,3,3,3,41,31,17,3,0.20887577236111113,8799,89932363
10,5,3,2,2,8,53,19,25,4,0.2963563705555556,8800,89940282
6,2,2,2,2,4,41,31,24,3,0.16124167166666667,8801,89948201
9,4,3,2,3,6,59,13,21,2,0.34001723305555553,8802,89956120
4,3,1,0,0,4,37,35,6,2,0.198115425,8803,89964039
5,4,1,0,1,4,40,32,10,2,0.17588895513888889,8804,89971958
8,4,2,2,2,6,53,19,26,3,0.3521658354166667,8805,89979877
5,2,3,0,2,3,29,43,9,2,0.11907417472222222,8806,89987796
1,1,0,0,0,1,15,57,0,1,0.08615726875,8807,89995715
7,1,4,2,2,5,55,17,16,3,0.24993904402777778,8808,90003634
5,2,2,1,1,4,34,38,13,3,0.2006800290277778,8809,90011553
3,3,0,0,1,2,28,44,0,1,0.09697438041666667,8810,90019472
7,3,0,4,4,3,41,31,15,2,0.21768931444444442,8811,90027391
3,0,1,2,0,3,20,52,0,1,0.07669773611111111,8812,90035310
10,7,0,3,1,9,60,12,22,3,0.29249473847222224,8813,90043229
11,6,4,1,1,10,45,27,29,4,0.2721939029166667,8814,90051148
6,3,3,0,1,5,45,27,7,2,0.30692574,8815,90059067
5,3,1,1,1,4,43,29,11,3,0.2332542533333333,8816,90066986
7,3,2,2,3,4,51,21,23,3,0.21337490041666662,8817,90074905
7,5,0,2,4,3,38,34,23,4,0.21523272569444446,8818,90082824
10,5,2,3,3,7,47,25,35,4,0.42192243319444445,8819,90090743
5,3,1,1,3,2,43,29,4,2,0.16659649999999998,8820,90098662
4,3,0,1,2,2,46,26,16,3,0.2487363998611111,8821,90106581
6,5,0,1,3,3,39,33,7,2,0.16838871305555556,8822,90114500
9,2,6,1,2,7,42,30,29,6,0.22498812847222224,8823,90122419
5,4,1,0,5,0,52,20,10,2,0.25721766180555555,8824,90130338
5,3,1,1,1,4,32,40,14,3,0.21847026125,8825,90138257
9,5,2,2,2,7,57,15,11,3,0.3243442094444445,8826,90146176
1,0,0,1,1,0,9,63,0,1,0.024839719583333333,8827,90154095
7,3,2,2,1,6,57,15,12,3,0.3019614536111111,8828,90162014
6,2,3,1,2,4,59,13,13,2,0.24558832027777777,8829,90169933
7,3,2,2,2,5,49,23,20,3,0.29241064319444443,8830,90177852
5,1,2,2,3,2,33,39,12,2,0.10707308444444445,8831,90185771
7,1,5,1,2,5,43,29,23,2,0.18803505361111114,8832,90193690
5,3,0,2,3,2,36,36,11,2,0.11334165583333333,8833,90201609
6,4,2,0,4,2,52,20,21,2,0.3087587568055555,8834,90209528
5,3,1,1,4,1,42,30,13,2,0.19869051430555557,8835,90217447
10,8,1,1,6,4,66,6,33,3,0.41557652361111114,8836,90225366
7,4,2,1,2,5,58,14,27,3,0.24102524124999997,8837,90233285
10,6,3,1,7,3,56,16,34,3,0.3242218547222222,8838,90241204
7,1,4,2,1,6,37,35,23,3,0.2673601423611111,8839,90249123
4,3,1,0,0,4,47,25,8,2,0.19646007194444445,8840,90257042
3,2,1,0,2,1,19,53,10,2,0.08659220305555555,8841,90264961
9,4,3,2,4,5,36,36,25,4,0.22582156986111113,8842,90272880
7,4,1,2,1,6,45,27,18,3,0.21823950250000002,8843,90280799
7,4,2,1,3,4,46,26,15,3,0.29478890027777777,8844,90288718
3,1,1,1,1,2,38,34,0,1,0.15460963291666666,8845,90296637
6,2,3,1,4,2,48,24,11,2,0.22834946583333332,8846,90304556
8,5,1,2,5,3,61,11,22,3,0.21487024388888887,8847,90312475
8,5,3,0,2,6,51,21,16,3,0.36702597805555554,8848,90320394
3,3,0,0,1,2,29,43,1,2,0.11487954652777778,8849,90328313
10,7,2,1,6,4,56,16,36,3,0.3010491429166666,8850,90336232
5,2,1,2,2,3,33,39,9,3,0.13515008611111112,8851,90344151
4,2,2,0,0,4,34,38,13,2,0.16494395361111114,8852,90352070
5,3,2,0,0,5,39,33,12,3,0.26902350500000005,8853,90359989
4,1,2,1,0,4,28,44,0,1,0.07464574736111111,8854,90367908
6,3,2,1,1,5,25,47,3,3,0.16647083625,8855,90375827
6,4,1,1,0,6,46,26,20,2,0.3825090548611111,8856,90383746
6,3,2,1,2,4,40,32,17,3,0.2091294448611111,8857,90391665
6,3,2,1,1,5,63,9,11,2,0.28298385458333336,8858,90399584
7,5,1,1,2,5,49,23,13,3,0.2278353265277778,8859,90407503
7,3,1,3,3,4,44,28,11,2,0.2572778844444444,8860,90415422
6,2,2,2,3,3,30,42,20,4,0.1451859995833333,8861,90423341
8,5,3,0,2,6,45,27,25,4,0.31880120194444445,8862,90431260
7,3,4,0,2,5,55,17,27,3,0.3248315591666666,8863,90439179
6,2,2,2,2,4,37,35,12,2,0.2014095725,8864,90447098
6,5,1,0,1,5,58,14,5,2,0.17145986569444446,8865,90455017
8,5,2,1,4,4,40,32,29,3,0.14780324597222222,8866,90462936
7,3,3,1,3,4,37,35,14,5,0.21030887166666667,8867,90470855
7,5,0,2,4,3,44,28,20,3,0.2360626786111111,8868,90478774
5,4,0,1,3,2,28,44,11,2,0.1849009875,8869,90486693
9,4,4,1,2,7,47,25,26,4,0.3012060141666667,8870,90494612
9,4,2,3,4,5,62,10,33,4,0.35459083180555556,8871,90502531
3,2,0,1,2,1,24,48,13,2,0.11578658249999998,8872,90510450
5,4,1,0,2,3,42,30,10,2,0.17771855916666668,8873,90518369
1,0,0,1,0,1,9,63,0,1,0.019818790833333336,8874,90526288
7,2,3,2,2,5,51,21,5,2,0.27633160291666664,8875,90534207
6,4,1,1,3,3,52,20,13,2,0.20423246097222222,8876,90542126
7,4,2,1,3,4,41,31,24,3,0.21249785416666667,8877,90550045
7,2,3,2,0,7,54,18,12,2,0.2453277076388889,8878,90557964
7,5,0,2,3,4,36,36,10,2,0.19979300263888888,8879,90565883
5,2,1,2,4,1,32,40,12,3,0.11116494833333333,8880,90573802
5,4,0,1,2,3,38,34,12,2,0.21963661319444444,8881,90581721
6,3,0,3,6,0,38,34,19,3,0.23981659680555556,8882,90589640
6,4,0,2,1,5,31,41,21,3,0.12866417430555555,8883,90597559
10,5,2,3,4,6,50,22,34,4,0.16249414555555555,8884,90605478
7,2,2,3,4,3,34,38,10,3,0.13172454555555557,8885,90613397
10,5,3,2,2,8,64,8,26,3,0.33022174777777774,8886,90621316
6,3,2,1,1,5,41,31,21,2,0.25395324527777774,8887,90629235
5,2,1,2,3,2,33,39,12,2,0.16110005152777776,8888,90637154
7,1,3,3,3,4,39,33,10,2,0.17908252777777778,8889,90645073
6,3,1,2,4,2,47,25,12,3,0.24285934569444445,8890,90652992
7,4,2,1,3,4,36,36,14,3,0.19229232875,8891,90660911
6,3,3,0,2,4,44,28,13,2,0.16144431,8892,90668830
7,4,3,0,3,4,53,19,37,3,0.2882306708333333,8893,90676749
3,1,2,0,1,2,21,51,0,1,0.08163044124999999,8894,90684668
7,4,2,1,2,5,41,31,17,3,0.2015358111111111,8895,90692587
6,3,1,2,2,4,25,47,22,3,0.11162119986111112,8896,90700506
6,3,2,1,3,3,41,31,11,2,0.16891598458333335,8897,90708425
5,2,3,0,1,4,28,44,5,2,0.17165396722222223,8898,90716344
5,2,1,2,3,2,22,50,12,3,0.08112032819444444,8899,90724263
9,3,4,2,4,5,50,22,21,3,0.30693239638888886,8900,90732182
7,3,2,2,4,3,54,18,10,3,0.18601599208333333,8901,90740101
6,4,1,1,3,3,51,21,6,2,0.20397652305555558,8902,90748020
4,1,1,2,1,3,25,47,8,3,0.10904658833333333,8903,90755939
8,5,1,2,3,5,50,22,21,3,0.33735202833333333,8904,90763858
4,3,1,0,1,3,32,40,0,1,0.1676430138888889,8905,90771777
6,3,0,3,2,4,32,40,18,3,0.17847825375,8906,90779696
1,0,1,0,0,1,9,63,0,1,0.03676556555555556,8907,90787615
5,3,2,0,1,4,23,49,8,2,0.17195940194444445,8908,90795534
8,4,2,2,4,4,62,10,25,3,0.2601823588888889,8909,90803453
4,2,2,0,0,4,32,40,13,2,0.12301261041666667,8910,90811372
10,7,2,1,5,5,49,23,39,4,0.3084261093055556,8911,90819291
6,2,3,1,2,4,41,31,17,2,0.1587630363888889,8912,90827210
8,5,2,1,4,4,51,21,10,2,0.25634443486111114,8913,90835129
8,4,3,1,2,6,38,34,7,4,0.1816258251388889,8914,90843048
10,5,3,2,3,7,57,15,33,3,0.21676256708333336,8915,90850967
6,6,0,0,3,3,46,26,21,3,0.19547112041666664,8916,90858886
7,3,2,2,4,3,41,31,14,2,0.16836907013888888,8917,90866805
5,4,0,1,2,3,34,38,9,2,0.13720214111111112,8918,90874724
5,3,0,2,2,3,44,28,4,2,0.1916063459722222,8919,90882643
4,3,0,1,1,3,27,45,9,2,0.14402515,8920,90890562
7,4,1,2,1,6,43,29,13,2,0.2408288233333333,8921,90898481
3,1,1,1,1,2,35,37,3,2,0.1308258175,8922,90906400
4,0,2,2,1,3,33,39,2,2,0.13655810888888886,8923,90914319
6,3,3,0,1,5,27,45,19,3,0.18714770888888888,8924,90922238
7,2,4,1,2,5,45,27,9,2,0.21358303680555557,8925,90930157
7,4,1,2,4,3,35,37,11,4,0.12244932638888889,8926,90938076
2,1,1,0,1,1,20,52,3,2,0.0737296111111111,8927,90945995
4,3,1,0,1,3,37,35,4,2,0.15468108902777777,8928,90953914
7,4,1,2,3,4,53,19,19,2,0.219242525,8929,90961833
11,7,1,3,5,6,56,16,35,5,0.32879353166666664,8930,90969752
2,2,0,0,0,2,18,54,0,1,0.0760220523611111,8931,90977671
7,5,0,2,2,5,55,17,21,3,0.2413826376388889,8932,90985590
9,3,1,5,4,5,57,15,33,3,0.18347137583333334,8933,90993509
7,3,0,4,4,3,46,26,20,3,0.2371125551388889,8934,91001428
5,1,2,2,3,2,38,34,6,2,0.14785294597222223,8935,91009347
3,0,2,1,1,2,18,54,3,2,0.06552423902777778,8936,91017266
4,3,0,1,2,2,44,28,5,2,0.1629732538888889,8937,91025185
6,3,1,2,2,4,51,21,12,2,0.21708466375000002,8938,91033104
3,0,1,2,2,1,30,42,8,2,0.05544391722222222,8939,91041023
9,2,3,4,2,7,39,33,24,4,0.18302468486111112,8940,91048942
11,3,4,4,6,5,54,18,39,5,0.3295389830555555,8941,91056861
10,5,1,4,3,7,60,12,33,4,0.23826179361111116,8942,91064780
5,2,3,0,2,3,21,51,8,3,0.13645864625,8943,91072699
9,3,5,1,3,6,68,4,17,3,0.3306485201388889,8944,91080618
4,1,2,1,3,1,23,49,3,2,0.12289748041666665,8945,91088537
5,2,2,1,0,5,33,39,6,2,0.15102518458333336,8946,91096456
8,4,2,2,6,2,58,14,34,4,0.2846360766666667,8947,91104375
3,2,1,0,2,1,27,45,0,1,0.13164572083333334,8948,91112294
8,3,5,0,1,7,60,12,19,3,0.3165707193055555,8949,91120213
3,2,0,1,1,2,34,38,5,2,0.1252494188888889,8950,91128132
3,3,0,0,1,2,27,45,0,1,0.12502145236111112,8951,91136051
7,2,3,2,2,5,53,19,25,2,0.24846735930555555,8952,91143970
7,1,2,4,0,7,50,22,17,2,0.2719401616666667,8953,91151889
6,3,1,2,4,2,28,44,16,4,0.1715725415277778,8954,91159808
3,3,0,0,0,3,23,49,13,2,0.14818388,8955,91167727
4,0,3,1,2,2,33,39,9,2,0.11681271097222222,8956,91175646
5,1,1,3,2,3,16,56,13,4,0.04352973138888889,8957,91183565
3,1,1,1,1,2,26,46,0,1,0.09584635749999999,8958,91191484
7,4,2,1,2,5,43,29,15,2,0.18877721833333333,8959,91199403
7,2,3,2,2,5,47,25,8,2,0.27554785430555556,8960,91207322
6,1,4,1,3,3,28,44,10,3,0.18446738222222223,8961,91215241
10,6,3,1,3,7,49,23,31,3,0.2950287281944444,8962,91223160
6,2,1,3,3,3,52,20,21,3,0.2695434208333334,8963,91231079
3,2,1,0,0,3,25,47,0,1,0.10913401069444445,8964,91238998
6,2,2,2,3,3,46,26,17,3,0.17072849916666666,8965,91246917
7,3,3,1,1,6,42,30,10,3,0.19045430041666667,8966,91254836
6,3,1,2,0,6,55,17,21,2,0.22356340694444443,8967,91262755
2,2,0,0,0,2,20,52,0,1,0.11027718486111111,8968,91270674
9,5,4,0,3,6,59,13,16,3,0.2945443359722222,8969,91278593
6,5,1,0,1,5,37,35,18,3,0.1967522448611111,8970,91286512
9,4,2,3,4,5,43,29,24,3,0.19489950333333333,8971,91294431
2,1,1,0,2,0,15,57,0,1,0.055739163611111114,8972,91302350
8,3,2,3,3,5,50,22,24,3,0.2931466648611111,8973,91310269
8,4,2,2,5,3,48,24,29,3,0.31205148374999997,8974,91318188
9,2,5,2,2,7,48,24,14,4,0.22815372805555553,8975,91326107
10,5,3,2,5,5,51,21,29,4,0.19289217888888888,8976,91334026
8,4,3,1,3,5,55,17,28,3,0.24116107166666664,8977,91341945
7,3,2,2,2,5,49,23,17,2,0.22436959986111107,8978,91349864
4,2,2,0,1,3,38,34,7,2,0.2156487836111111,8979,91357783
2,1,1,0,0,2,11,61,0,1,0.07607715180555556,8980,91365702
5,3,2,0,2,3,36,36,7,3,0.1494504825,8981,91373621
8,4,2,2,4,4,49,23,25,3,0.20360604958333334,8982,91381540
8,5,1,2,2,6,46,26,23,3,0.2662853118055556,8983,91389459
7,2,2,3,1,6,43,29,11,3,0.2775392568055556,8984,91397378
3,2,0,1,2,1,36,36,9,2,0.09659857180555556,8985,91405297
5,1,3,1,3,2,40,32,6,2,0.21164930444444444,8986,91413216
5,3,1,1,2,3,29,43,1,2,0.11339796333333335,8987,91421135
5,3,2,0,2,3,46,26,1,2,0.22091246583333335,8988,91429054
7,4,1,2,4,3,46,26,14,3,0.2434693975,8989,91436973
8,3,2,3,2,6,51,21,23,4,0.27375852166666664,8990,91444892
5,2,3,0,1,4,45,27,3,2,0.19999564458333333,8991,91452811
3,1,1,1,1,2,34,38,0,1,0.21768047847222222,8992,91460730
8,4,3,1,4,4,52,20,34,4,0.2047272383333333,8993,91468649
9,7,2,0,1,8,53,19,14,3,0.3360511651388889,8994,91476568
9,6,2,1,4,5,66,6,17,3,0.31543851777777776,8995,91484487
5,4,1,0,2,3,39,33,10,2,0.22450064125,8996,91492406
3,2,1,0,2,1,26,46,0,1,0.11282161041666666,8997,91500325
7,1,4,2,3,4,38,34,16,3,0.16707760055555554,8998,91508244
5,2,2,1,1,4,29,43,7,2,0.11564842041666666,8999,91516163
3,1,1,1,1,2,20,52,0,1,0.10257680819444444,9000,91524082
5,3,1,1,1,4,51,21,8,2,0.1659871827777778,9001,91532001
4,2,1,1,1,3,29,43,8,2,0.14499018,9002,91539920
2,1,0,1,0,2,15,57,9,2,0.11285982041666667,9003,91547839
7,4,2,1,1,6,45,27,21,2,0.2849906966666667,9004,91555758
12,5,3,4,3,9,55,17,35,4,0.3866225433333333,9005,91563677
6,4,0,2,3,3,32,40,17,4,0.15402900097222222,9006,91571596
10,7,3,0,4,6,60,12,31,5,0.23243454777777778,9007,91579515
3,2,0,1,0,3,19,53,0,1,0.08294433916666667,9008,91587434
3,0,1,2,2,1,26,46,0,1,0.10657534680555555,9009,91595353
1,1,0,0,0,1,21,51,0,1,0.040303173194444444,9010,91603272
2,2,0,0,1,1,24,48,0,1,0.1076552848611111,9011,91611191
9,4,1,4,3,6,52,20,28,3,0.2659899713888889,9012,91619110
8,3,4,1,3,5,60,12,22,2,0.22073544750000001,9013,91627029
5,4,1,0,1,4,42,30,3,2,0.10615863,9014,91634948
1,1,0,0,0,1,7,65,0,1,0.03338226541666667,9015,91642867
5,3,2,0,2,3,34,38,9,3,0.12835046708333334,9016,91650786
13,6,4,3,5,8,71,1,29,6,0.4433329405555556,9017,91658705
4,4,0,0,3,1,28,44,4,2,0.13772092541666667,9018,91666624
8,5,2,1,1,7,46,26,7,3,0.19309717638888887,9019,91674543
8,6,0,2,4,4,46,26,16,3,0.25084405986111113,9020,91682462
4,0,3,1,3,1,29,43,5,2,0.10210385208333334,9021,91690381
2,1,0,1,1,1,12,60,5,2,0.06202273347222223,9022,91698300
3,2,1,0,1,2,24,48,4,2,0.0977933263888889,9023,91706219
11,7,3,1,2,9,61,11,36,4,0.44621496472222216,9024,91714138
6,2,3,1,2,4,35,37,12,3,0.10989603513888888,9025,91722057
9,5,2,2,4,5,40,32,26,4,0.1554842213888889,9026,91729976
4,3,0,1,0,4,32,40,9,2,0.17076601888888887,9027,91737895
6,3,1,2,2,4,40,32,27,3,0.2726781009722222,9028,91745814
4,3,0,1,2,2,31,41,5,2,0.12977180944444447,9029,91753733
6,5,1,0,2,4,51,21,14,2,0.2732272593055555,9030,91761652
5,3,2,0,1,4,33,39,0,1,0.13355574680555554,9031,91769571
9,4,1,4,3,6,34,38,20,5,0.16589782097222225,9032,91777490
5,4,0,1,2,3,50,22,2,2,0.2824723036111111,9033,91785409
9,4,5,0,2,7,58,14,20,4,0.25038034124999997,9034,91793328
6,6,0,0,5,1,35,37,22,4,0.1173248848611111,9035,91801247
6,2,3,1,1,5,39,33,5,2,0.1851674447222222,9036,91809166
7,5,1,1,4,3,44,28,35,3,0.2621487622222223,9037,91817085
6,3,2,1,2,4,44,28,17,3,0.1598990923611111,9038,91825004
3,2,0,1,1,2,30,42,9,2,0.08460225972222221,9039,91832923
11,4,5,2,4,7,44,28,23,5,0.28170039013888887,9040,91840842
6,3,2,1,3,3,47,25,21,3,0.14315665694444446,9041,91848761
5,2,0,3,1,4,40,32,9,2,0.19521426527777777,9042,91856680
6,5,0,1,2,4,27,45,11,3,0.18016868555555557,9043,91864599
4,2,0,2,0,4,38,34,5,2,0.1568783411111111,9044,91872518
4,2,0,2,2,2,37,35,0,1,0.15469134680555557,9045,91880437
6,3,2,1,2,4,35,37,16,3,0.12891946930555556,9046,91888356
4,3,1,0,0,4,41,31,13,3,0.2011189423611111,9047,91896275
7,1,3,3,5,2,36,36,19,3,0.20581496263888888,9048,91904194
4,2,1,1,0,4,32,40,8,3,0.1742529470833333,9049,91912113
7,2,2,3,4,3,41,31,21,3,0.22248679375000002,9050,91920032
6,2,3,1,2,4,37,35,8,3,0.18134476263888888,9051,91927951
6,3,2,1,0,6,43,29,5,2,0.23881730708333335,9052,91935870
3,2,0,1,1,2,24,48,0,1,0.14002840291666666,9053,91943789
3,1,1,1,1,2,33,39,9,2,0.08899276805555556,9054,91951708
2,0,0,2,1,1,11,61,0,1,0.04443123833333333,9055,91959627
6,2,2,2,1,5,30,42,9,2,0.16285530805555556,9056,91967546
6,2,3,1,2,4,44,28,29,2,0.2273407975,9057,91975465
3,2,1,0,0,3,26,46,4,2,0.10103612986111112,9058,91983384
8,4,2,2,2,6,51,21,14,3,0.26288296847222226,9059,91991303
6,2,3,1,1,5,38,34,14,3,0.19286537722222225,9060,91999222
8,4,2,2,2,6,53,19,16,3,0.16234261305555556,9061,92007141
9,4,2,3,2,7,42,30,18,3,0.26487297444444446,9062,92015060
5,3,1,1,3,2,57,15,19,2,0.23785411013888888,9063,92022979
9,3,1,5,4,5,43,29,29,4,0.22196618666666665,9064,92030898
5,2,2,1,2,3,44,28,9,2,0.16277512305555555,9065,92038817
4,1,3,0,1,3,37,35,11,2,0.15446106888888889,9066,92046736
8,4,0,4,4,4,52,20,25,3,0.22472720916666666,9067,92054655
6,1,3,2,2,4,33,39,8,3,0.14888271986111112,9068,92062574
5,1,2,2,3,2,48,24,9,2,0.18725594555555558,9069,92070493
7,4,3,0,2,5,52,20,18,3,0.32213155722222225,9070,92078412
10,8,0,2,3,7,53,19,35,3,0.27250865611111114,9071,92086331
7,4,1,2,2,5,44,28,14,3,0.25123008180555556,9072,92094250
5,0,3,2,3,2,26,46,11,3,0.12252277319444443,9073,92102169
1,1,0,0,0,1,2,70,0,1,0.008937398194444444,9074,92110088
7,3,3,1,3,4,42,30,14,2,0.1540385173611111,9075,92118007
7,3,4,0,2,5,35,37,16,4,0.23018874916666668,9076,92125926
7,5,0,2,1,6,43,29,16,3,0.3285028408333333,9077,92133845
7,6,0,1,5,2,35,37,10,4,0.18580542763888888,9078,92141764
10,6,2,2,3,7,52,20,25,3,0.2742668366666666,9079,92149683
7,3,1,3,3,4,42,30,20,4,0.19549710611111112,9080,92157602
6,3,3,0,3,3,44,28,17,2,0.19214867083333334,9081,92165521
6,3,0,3,2,4,42,30,31,3,0.32138711486111116,9082,92173440
9,2,4,3,4,5,47,25,23,3,0.15303108597222223,9083,92181359
7,4,2,1,1,6,54,18,17,4,0.1785574761111111,9084,92189278
7,6,0,1,3,4,34,38,14,3,0.18130896902777777,9085,92197197
6,5,0,1,1,5,39,33,8,3,0.20154979819444444,9086,92205116
8,4,3,1,1,7,50,22,28,3,0.3180401138888889,9087,92213035
5,2,2,1,2,3,34,38,17,4,0.14905287930555555,9088,92220954
5,3,1,1,1,4,41,31,8,3,0.2961723061111111,9089,92228873
11,4,4,3,3,8,70,2,35,4,0.45234493555555555,9090,92236792
14,6,5,3,4,10,55,17,39,5,0.38228242208333335,9091,92244711
3,1,0,2,3,0,33,39,5,2,0.1662419726388889,9092,92252630
9,5,3,1,4,5,56,16,28,3,0.4071774941666667,9093,92260549
4,2,1,1,1,3,32,40,3,2,0.09920285041666667,9094,92268468
4,1,2,1,3,1,33,39,0,1,0.12566619222222222,9095,92276387
4,2,0,2,2,2,28,44,9,2,0.16941304444444444,9096,92284306
6,5,0,1,3,3,41,31,23,3,0.20139445194444447,9097,92292225
7,3,3,1,4,3,52,20,5,2,0.21128082041666665,9098,92300144
6,2,2,2,2,4,43,29,9,2,0.14435431972222224,9099,92308063
9,5,2,2,2,7,57,15,29,4,0.29829763805555554,9100,92315982
7,4,0,3,3,4,43,29,11,3,0.24424597694444442,9101,92323901
3,1,1,1,0,3,20,52,7,2,0.09626451055555557,9102,92331820
5,2,2,1,0,5,49,23,15,3,0.21088863791666668,9103,92339739
8,3,3,2,3,5,59,13,32,3,0.30739078500000006,9104,92347658
2,1,0,1,1,1,36,36,0,1,0.11052128402777778,9105,92355577
6,5,1,0,1,5,28,44,13,4,0.21334557708333335,9106,92363496
5,2,1,2,2,3,43,29,6,2,0.14785365708333334,9107,92371415
6,2,1,3,2,4,49,23,12,2,0.20609278666666667,9108,92379334
6,5,0,1,2,4,37,35,12,3,0.17761838555555556,9109,92387253
8,3,5,0,2,6,35,37,13,3,0.20563614930555554,9110,92395172
9,6,3,0,2,7,69,3,32,3,0.4101218009722223,9111,92403091
6,3,2,1,2,4,40,32,21,3,0.2177129884722222,9112,92411010
7,2,2,3,2,5,41,31,9,3,0.19462448499999999,9113,92418929
6,4,1,1,2,4,41,31,13,2,0.17359707986111111,9114,92426848
10,4,3,3,1,9,52,20,19,7,0.3707012645833333,9115,92434767
4,2,1,1,1,3,32,40,0,1,0.08922192041666667,9116,92442686
6,4,1,1,4,2,50,22,11,2,0.2709684668055556,9117,92450605
5,2,2,1,2,3,43,29,0,1,0.22113647083333335,9118,92458524
10,5,1,4,5,5,48,24,23,5,0.2779770906944445,9119,92466443
4,2,1,1,1,3,37,35,1,2,0.1336604626388889,9120,92474362
6,3,3,0,1,5,24,48,8,3,0.12709648625,9121,92482281
8,4,3,1,3,5,45,27,19,3,0.19669531652777777,9122,92490200
7,5,2,0,3,4,42,30,13,3,0.18191537944444444,9123,92498119
4,3,0,1,0,4,37,35,6,2,0.16971305388888888,9124,92506038
6,3,1,2,0,6,44,28,11,2,0.24884539902777775,9125,92513957
5,3,1,1,0,5,34,38,29,3,0.32820894319444444,9126,92521876
8,4,2,2,2,6,52,20,25,2,0.37435803083333336,9127,92529795
5,2,3,0,0,5,25,47,9,2,0.1524017186111111,9128,92537714
8,4,1,3,2,6,65,7,14,3,0.2803427086111111,9129,92545633
7,5,1,1,2,5,52,20,17,3,0.23194656875,9130,92553552
6,1,3,2,2,4,51,21,20,3,0.25481714263888894,9131,92561471
7,4,1,2,3,4,43,29,25,3,0.28285582249999996,9132,92569390
9,5,2,2,2,7,60,12,47,4,0.2602645234722222,9133,92577309
7,5,1,1,1,6,46,26,15,4,0.2617834331944444,9134,92585228
4,4,0,0,2,2,47,25,0,1,0.15627929541666666,9135,92593147
6,3,3,0,1,5,38,34,20,4,0.34922069041666665,9136,92601066
5,4,0,1,3,2,47,25,16,3,0.2603271319444444,9137,92608985
8,2,5,1,2,6,58,14,25,3,0.2998964531944444,9138,92616904
3,2,1,0,1,2,25,47,3,2,0.13750973916666667,9139,92624823
4,1,2,1,2,2,16,56,1,2,0.053531446527777776,9140,92632742
6,3,1,2,2,4,39,33,8,2,0.14169653305555555,9141,92640661
4,3,0,1,2,2,21,51,14,3,0.08970586222222222,9142,92648580
5,2,2,1,2,3,31,41,14,2,0.21789015444444443,9143,92656499
11,8,2,1,2,9,52,20,15,6,0.32285204180555555,9144,92664418
10,5,3,2,5,5,43,29,21,4,0.23786135611111112,9145,92672337
7,4,1,2,3,4,59,13,13,2,0.3233476431944444,9146,92680256
5,3,0,2,2,3,36,36,11,3,0.18419519194444445,9147,92688175
6,2,2,2,2,4,30,42,19,3,0.12359159166666665,9148,92696094
11,4,2,5,4,7,59,13,28,3,0.26713431263888887,9149,92704013
8,1,4,3,3,5,34,38,18,4,0.21981641152777776,9150,92711932
1,1,0,0,1,0,13,59,0,1,0.06895582666666666,9151,92719851
5,4,0,1,3,2,37,35,20,3,0.20661665027777776,9152,92727770
9,3,3,3,3,6,41,31,24,5,0.13502813458333335,9153,92735689
5,3,1,1,3,2,60,12,3,2,0.17651341930555556,9154,92743608
6,4,2,0,2,4,34,38,10,4,0.16612404847222223,9155,92751527
7,5,1,1,2,5,49,23,16,2,0.23153416625,9156,92759446
7,3,2,2,1,6,61,11,11,2,0.30144301444444443,9157,92767365
8,3,3,2,3,5,53,19,24,3,0.2868032451388889,9158,92775284
5,3,1,1,3,2,32,40,17,3,0.21886882611111114,9159,92783203
3,0,1,2,2,1,18,54,11,2,0.0813780201388889,9160,92791122
9,2,4,3,5,4,42,30,17,3,0.15979911972222224,9161,92799041
3,1,0,2,3,0,22,50,15,2,0.15746769944444447,9162,92806960
5,3,0,2,3,2,46,26,9,2,0.19563324472222224,9163,92814879
2,0,2,0,0,2,28,44,0,1,0.11293334708333333,9164,92822798
5,3,2,0,2,3,64,8,13,2,0.24176776291666668,9165,92830717
6,2,3,1,2,4,59,13,9,2,0.26915348,9166,92838636
5,2,2,1,1,4,45,27,3,2,0.19643688319444444,9167,92846555
4,3,1,0,2,2,31,41,6,2,0.1846404076388889,9168,92854474
5,4,1,0,2,3,49,23,15,3,0.1980824240277778,9169,92862393
8,2,5,1,1,7,48,24,24,4,0.23541361583333334,9170,92870312
4,2,1,1,2,2,33,39,6,2,0.1582156909722222,9171,92878231
6,3,2,1,2,4,46,26,21,3,0.15631338583333332,9172,92886150
2,0,2,0,1,1,14,58,3,2,0.07065610402777778,9173,92894069
4,2,0,2,1,3,41,31,2,2,0.13442518694444447,9174,92901988
10,3,4,3,3,7,52,20,17,3,0.3124220181944445,9175,92909907
3,3,0,0,1,2,26,46,0,1,0.09918857111111112,9176,92917826
10,3,6,1,1,9,66,6,31,4,0.3756564390277778,9177,92925745
7,5,2,0,3,4,48,24,30,4,0.3121422845833333,9178,92933664
11,2,5,4,3,8,55,17,23,3,0.28561472527777776,9179,92941583
4,3,0,1,4,0,33,39,9,3,0.17409860277777775,9180,92949502
7,6,1,0,3,4,49,23,27,3,0.21085906541666669,9181,92957421
8,4,1,3,3,5,55,17,36,4,0.42764845861111117,9182,92965340
2,1,0,1,2,0,19,53,0,1,0.09374084458333333,9183,92973259
7,1,4,2,1,6,45,27,19,2,0.2324244636111111,9184,92981178
8,5,2,1,3,5,42,30,14,3,0.13473627291666665,9185,92989097
9,5,2,2,3,6,71,1,31,4,0.40633603666666673,9186,92997016
2,0,2,0,1,1,11,61,0,1,0.04611643625,9187,93004935
10,4,3,3,1,9,60,12,29,3,0.29338158513888885,9188,93012854
7,3,4,0,3,4,51,21,10,2,0.2751258494444444,9189,93020773
7,5,2,0,3,4,49,23,12,3,0.21164176166666668,9190,93028692
11,5,2,4,3,8,52,20,36,4,0.3011981761111111,9191,93036611
6,4,0,2,1,5,44,28,17,2,0.18207601569444445,9192,93044530
7,1,5,1,0,7,46,26,14,3,0.2506597061111111,9193,93052449
8,5,2,1,4,4,37,35,27,3,0.23443137458333338,9194,93060368
5,4,1,0,2,3,39,33,20,2,0.16318711444444445,9195,93068287
4,4,0,0,0,4,31,41,6,2,0.13764191597222222,9196,93076206
5,4,1,0,1,4,25,47,15,4,0.12135813999999999,9197,93084125
10,4,5,1,4,6,70,2,23,3,0.3209701038888889,9198,93092044
8,5,2,1,3,5,55,17,27,3,0.22427108416666672,9199,93099963
6,1,3,2,3,3,36,36,18,2,0.20540116541666664,9200,93107882
5,4,1,0,2,3,51,21,11,2,0.2344194805555556,9201,93115801
10,3,4,3,3,7,38,34,23,4,0.2065564023611111,9202,93123720
2,0,2,0,0,2,10,62,5,2,0.05090216958333333,9203,93131639
6,5,0,1,1,5,55,17,18,3,0.28671174722222226,9204,93139558
8,5,1,2,2,6,47,25,29,3,0.25564051805555554,9205,93147477
4,2,2,0,2,2,26,46,15,2,0.06917441375,9206,93155396
6,3,2,1,2,4,50,22,11,3,0.24640301708333334,9207,93163315
5,2,2,1,3,2,27,45,11,3,0.11010480347222222,9208,93171234
8,7,1,0,3,5,53,19,26,3,0.23686830569444442,9209,93179153
3,2,0,1,3,0,23,49,0,1,0.0748181688888889,9210,93187072
6,4,2,0,3,3,38,34,13,2,0.15783590055555555,9211,93194991
11,4,4,3,5,6,55,17,35,4,0.2991153529166667,9212,93202910
7,3,2,2,4,3,53,19,14,2,0.21443936694444446,9213,93210829
6,3,2,1,3,3,35,37,10,4,0.19749013111111113,9214,93218748
6,1,3,2,1,5,32,40,13,3,0.21634023597222224,9215,93226667
3,3,0,0,2,1,22,50,15,3,0.06249750583333333,9216,93234586
7,3,2,2,1,6,42,30,9,4,0.17440151458333333,9217,93242505
7,5,0,2,5,2,54,18,16,4,0.3163723873611111,9218,93250424
6,3,2,1,3,3,44,28,2,2,0.21750500291666666,9219,93258343
4,3,1,0,2,2,43,29,6,2,0.18131046819444446,9220,93266262
3,1,2,0,1,2,22,50,0,1,0.09240581666666665,9221,93274181
5,2,1,2,3,2,48,24,0,1,0.17192705402777778,9222,93282100
8,3,2,3,4,4,50,22,15,3,0.26661865194444445,9223,93290019
8,6,1,1,4,4,50,22,17,3,0.26853555958333336,9224,93297938
8,4,2,2,0,8,49,23,29,3,0.4186995323611111,9225,93305857
11,4,4,3,4,7,55,17,32,5,0.24534473569444445,9226,93313776
4,1,2,1,3,1,32,40,5,2,0.16525046555555556,9227,93321695
4,1,3,0,0,4,32,40,1,2,0.13853356166666664,9228,93329614
5,3,0,2,2,3,25,47,16,3,0.17323984805555556,9229,93337533
7,4,2,1,1,6,52,20,17,2,0.31200230958333336,9230,93345452
9,4,4,1,3,6,51,21,24,4,0.2194902883333333,9231,93353371
5,5,0,0,1,4,42,30,10,3,0.21954376041666668,9232,93361290
4,1,2,1,1,3,31,41,14,3,0.0945803625,9233,93369209
8,5,2,1,2,6,36,36,22,5,0.14606708125,9234,93377128
7,6,0,1,3,4,43,29,25,3,0.13080963097222223,9235,93385047
7,4,2,1,4,3,49,23,13,3,0.18454500583333333,9236,93392966
6,5,1,0,5,1,59,13,18,2,0.23759014486111113,9237,93400885
1,1,0,0,0,1,11,61,0,1,0.07871256069444445,9238,93408804
7,4,1,2,3,4,46,26,26,3,0.23145286013888888,9239,93416723
4,4,0,0,2,2,47,25,1,2,0.18212455013888887,9240,93424642
8,3,5,0,3,5,43,29,11,3,0.19996914819444445,9241,93432561
3,1,1,1,1,2,26,46,0,1,0.08833928444444444,9242,93440480
3,1,0,2,2,1,18,54,5,2,0.06472739527777777,9243,93448399
7,4,3,0,4,3,45,27,24,3,0.2568184811111111,9244,93456318
3,2,0,1,0,3,17,55,4,2,0.09455958611111111,9245,93464237
6,4,0,2,4,2,50,22,31,2,0.18046663819444442,9246,93472156
8,5,2,1,2,6,51,21,27,3,0.31779384125000004,9247,93480075
4,0,3,1,0,4,24,48,3,3,0.11374166083333333,9248,93487994
3,1,1,1,1,2,25,47,2,2,0.12452650458333332,9249,93495913
10,5,4,1,6,4,48,24,22,4,0.2755393022222222,9250,93503832
7,4,0,3,4,3,57,15,28,4,0.2430629063888889,9251,93511751
3,1,0,2,1,2,38,34,0,1,0.17138006805555556,9252,93519670
9,5,2,2,2,7,46,26,22,5,0.2900981504166667,9253,93527589
7,3,3,1,4,3,41,31,23,3,0.15887484444444444,9254,93535508
8,4,4,0,3,5,64,8,25,3,0.2423203198611111,9255,93543427
4,2,2,0,0,4,35,37,8,2,0.11907346277777779,9256,93551346
8,3,2,3,4,4,47,25,23,3,0.27711477374999993,9257,93559265
11,3,5,3,3,8,53,19,34,3,0.3446069401388889,9258,93567184
1,0,1,0,0,1,10,62,0,1,0.0746322163888889,9259,93575103
3,1,2,0,0,3,23,49,7,2,0.15423926444444444,9260,93583022
8,5,3,0,1,7,51,21,23,3,0.31089889708333335,9261,93590941
7,4,0,3,3,4,56,16,25,3,0.24821678000000003,9262,93598860
8,2,4,2,3,5,45,27,23,3,0.20896375888888888,9263,93606779
7,4,0,3,4,3,46,26,31,3,0.1940373777777778,9264,93614698
6,1,4,1,1,5,46,26,15,3,0.21343998930555555,9265,93622617
11,5,4,2,6,5,63,9,29,4,0.28087010444444444,9266,93630536
4,0,1,3,3,1,20,52,4,2,0.14839221388888887,9267,93638455
6,2,1,3,3,3,45,27,7,2,0.2046592425,9268,93646374
7,1,4,2,3,4,53,19,9,2,0.19768789402777776,9269,93654293
9,3,5,1,4,5,59,13,32,3,0.23374785930555556,9270,93662212
5,3,2,0,2,3,30,42,2,2,0.1285774213888889,9271,93670131
5,3,2,0,1,4,40,32,13,2,0.22570903555555555,9272,93678050
6,3,2,1,3,3,41,31,20,2,0.1720735851388889,9273,93685969
10,4,4,2,1,9,54,18,41,3,0.3636911484722223,9274,93693888
7,5,2,0,3,4,49,23,29,3,0.3314953683333333,9275,93701807
5,1,3,1,2,3,53,19,3,2,0.2344559673611111,9276,93709726
8,3,1,4,4,4,37,35,22,5,0.18789599083333336,9277,93717645
6,4,1,1,0,6,42,30,21,3,0.26298283124999994,9278,93725564
6,4,2,0,4,2,43,29,8,3,0.20252621930555556,9279,93733483
5,4,0,1,2,3,37,35,6,2,0.15661548083333335,9280,93741402
6,2,2,2,4,2,44,28,18,3,0.2779378268055556,9281,93749321
9,2,2,5,4,5,45,27,18,4,0.22428130819444447,9282,93757240
7,3,3,1,3,4,37,35,14,3,0.1637878491666667,9283,93765159
3,1,1,1,0,3,23,49,5,2,0.10814665888888889,9284,93773078
6,3,2,1,3,3,45,27,20,2,0.27324743291666664,9285,93780997
4,1,1,2,1,3,17,55,4,2,0.03524830791666667,9286,93788916
7,3,3,1,1,6,48,24,29,3,0.2993414011111111,9287,93796835
3,1,0,2,2,1,27,45,8,2,0.14948577763888887,9288,93804754
5,1,3,1,1,4,35,37,12,4,0.2007851558333333,9289,93812673
4,1,3,0,1,3,37,35,6,2,0.19275773555555556,9290,93820592
6,5,1,0,1,5,38,34,12,2,0.1865332448611111,9291,93828511
7,4,3,0,3,4,39,33,17,4,0.18256840805555555,9292,93836430
9,4,4,1,4,5,44,28,26,4,0.20317571874999998,9293,93844349
11,2,6,3,3,8,60,12,29,4,0.31763812583333334,9294,93852268
4,2,2,0,2,2,33,39,12,2,0.19859719402777778,9295,93860187
10,7,1,2,4,6,57,15,26,4,0.19050504152777772,9296,93868106
7,3,4,0,3,4,40,32,21,4,0.2101068588888889,9297,93876025
5,3,1,1,2,3,27,45,13,3,0.12058603055555553,9298,93883944
10,5,2,3,5,5,64,8,26,4,0.35846946638888894,9299,93891863
5,2,3,0,1,4,29,43,6,2,0.12192382597222223,9300,93899782
6,3,1,2,1,5,32,40,5,2,0.14481285944444444,9301,93907701
7,1,2,4,4,3,35,37,9,3,0.26935994180555556,9302,93915620
6,4,2,0,2,4,59,13,6,2,0.28298493944444447,9303,93923539
8,3,3,2,3,5,51,21,20,2,0.3180425015277778,9304,93931458
11,4,3,4,4,7,64,8,28,3,0.35307291291666665,9305,93939377
4,1,2,1,3,1,40,32,3,2,0.13566546375,9306,93947296
7,2,2,3,2,5,52,20,26,3,0.23097297555555554,9307,93955215
8,6,1,1,3,5,48,24,23,3,0.24155543916666666,9308,93963134
8,3,2,3,3,5,53,19,17,3,0.19953053083333336,9309,93971053
6,3,1,2,3,3,47,25,9,2,0.24421917069444443,9310,93978972
8,4,2,2,5,3,46,26,22,4,0.19563185430555557,9311,93986891
6,1,1,4,3,3,38,34,7,2,0.15977768375,9312,93994810
6,0,3,3,0,6,38,34,9,3,0.16633332166666667,9313,94002729
12,6,2,4,5,7,53,19,27,5,0.22698549680555555,9314,94010648
5,3,0,2,3,2,33,39,23,2,0.2688738993055556,9315,94018567
8,2,2,4,3,5,67,5,13,3,0.26103105041666663,9316,94026486
5,4,0,1,0,5,38,34,20,3,0.20816278347222225,9317,94034405
5,4,1,0,3,2,34,38,12,2,0.21553665944444445,9318,94042324
6,5,1,0,2,4,39,33,13,3,0.13386847916666664,9319,94050243
7,5,1,1,2,5,67,5,17,2,0.27694476291666664,9320,94058162
8,4,2,2,5,3,59,13,19,4,0.3497887873611111,9321,94066081
10,4,4,2,5,5,35,37,20,4,0.17483487027777775,9322,94074000
7,3,4,0,1,6,38,34,21,3,0.25408609249999997,9323,94081919
5,4,0,1,0,5,39,33,3,2,0.16376319,9324,94089838
5,3,2,0,1,4,39,33,24,3,0.2756078890277778,9325,94097757
7,3,1,3,1,6,47,25,15,2,0.25398326277777783,9326,94105676
7,3,2,2,1,6,46,26,25,3,0.29855437055555556,9327,94113595
10,6,3,1,3,7,44,28,33,3,0.2891394504166666,9328,94121514
6,5,1,0,2,4,47,25,5,2,0.19086614486111111,9329,94129433
5,2,0,3,4,1,53,19,11,2,0.2408580431944444,9330,94137352
5,3,1,1,4,1,49,23,4,2,0.2162176840277778,9331,94145271
7,4,1,2,3,4,49,23,20,3,0.18875702333333333,9332,94153190
5,3,2,0,0,5,34,38,10,2,0.18612664805555557,9333,94161109
4,2,0,2,1,3,29,43,9,3,0.15846660347222224,9334,94169028
1,1,0,0,1,0,9,63,0,1,0.050175139305555554,9335,94176947
9,3,2,4,4,5,52,20,24,4,0.3252412834722222,9336,94184866
3,1,2,0,0,3,29,43,0,1,0.07790526152777777,9337,94192785
7,6,1,0,2,5,46,26,26,5,0.2094202202777778,9338,94200704
6,3,1,2,3,3,45,27,13,3,0.16267198791666665,9339,94208623
7,4,1,2,4,3,53,19,28,2,0.1794025,9340,94216542
8,2,4,2,3,5,39,33,18,4,0.23042567541666661,9341,94224461
7,2,1,4,3,4,39,33,20,3,0.18051747277777774,9342,94232380
4,3,0,1,0,4,46,26,9,2,0.14939218944444443,9343,94240299
8,7,1,0,3,5,45,27,21,3,0.22452656680555558,9344,94248218
7,5,0,2,2,5,43,29,26,3,0.2531838170833333,9345,94256137
6,4,1,1,3,3,37,35,17,2,0.10656306722222222,9346,94264056
3,2,0,1,1,2,30,42,0,1,0.14856154694444446,9347,94271975
8,4,2,2,4,4,41,31,33,3,0.1398330713888889,9348,94279894
8,3,4,1,3,5,57,15,12,3,0.29919434638888887,9349,94287813
5,1,1,3,2,3,23,49,8,2,0.1377286902777778,9350,94295732
6,3,2,1,4,2,53,19,18,2,0.24611784555555558,9351,94303651
5,2,2,1,4,1,44,28,18,3,0.20932061402777777,9352,94311570
3,1,1,1,2,1,34,38,7,2,0.1320683875,9353,94319489
7,4,1,2,2,5,52,20,20,3,0.3177862855555555,9354,94327408
12,5,4,3,7,5,67,5,39,4,0.2830622484722222,9355,94335327
1,0,0,1,1,0,13,59,0,1,0.030219854027777777,9356,94343246
5,2,0,3,4,1,35,37,17,2,0.17150210875,9357,94351165
6,2,2,2,1,5,28,44,15,2,0.19876550347222222,9358,94359084
7,2,1,4,2,5,55,17,20,2,0.19902398194444446,9359,94367003
3,2,0,1,2,1,22,50,8,2,0.13961700402777777,9360,94374922
6,3,1,2,4,2,29,43,11,3,0.14817135083333335,9361,94382841
5,3,0,2,0,5,38,34,17,3,0.21538581944444443,9362,94390760
8,5,2,1,3,5,52,20,32,3,0.2954732265277778,9363,94398679
3,2,0,1,0,3,23,49,8,2,0.16747604180555553,9364,94406598
5,5,0,0,2,3,41,31,20,3,0.16941946486111112,9365,94414517
9,5,2,2,2,7,63,9,11,4,0.2957111954166667,9366,94422436
4,2,0,2,1,3,24,48,10,2,0.13948739958333334,9367,94430355
10,4,3,3,3,7,66,6,28,5,0.2774607505555556,9368,94438274
7,3,4,0,2,5,44,28,19,3,0.2418187776388889,9369,94446193
1,1,0,0,1,0,12,60,0,1,0.11459908861111111,9370,94454112
6,4,2,0,1,5,43,29,20,2,0.17015929430555554,9371,94462031
9,7,2,0,3,6,62,10,29,4,0.3446524281944444,9372,94469950
4,4,0,0,2,2,40,32,2,2,0.16962426111111112,9373,94477869
8,5,0,3,2,6,59,13,13,2,0.2710983925,9374,94485788
7,3,3,1,2,5,37,35,13,3,0.26156189513888894,9375,94493707
8,3,3,2,1,7,58,14,20,3,0.3773183234722223,9376,94501626
6,3,0,3,3,3,49,23,18,3,0.3081850922222222,9377,94509545
8,4,2,2,3,5,57,15,20,3,0.30072017805555556,9378,94517464
5,0,2,3,3,2,43,29,6,2,0.11788591000000001,9379,94525383
6,4,2,0,5,1,59,13,6,2,0.2331206936111111,9380,94533302
6,3,3,0,0,6,39,33,10,3,0.21706424958333334,9381,94541221
10,5,2,3,5,5,60,12,32,3,0.4241734223611111,9382,94549140
10,5,2,3,5,5,64,8,31,3,0.23975376305555557,9383,94557059
4,2,1,1,0,4,39,33,7,2,0.16930298069444447,9384,94564978
7,2,5,0,1,6,44,28,24,3,0.34398057291666667,9385,94572897
9,6,2,1,4,5,50,22,30,3,0.1967657886111111,9386,94580816
6,2,2,2,1,5,48,24,16,3,0.22001112722222224,9387,94588735
11,1,8,2,2,9,58,14,21,3,0.33195620652777774,9388,94596654
9,6,3,0,3,6,63,9,14,3,0.26918499125,9389,94604573
7,4,2,1,2,5,36,36,16,3,0.2953315177777778,9390,94612492
3,1,2,0,0,3,21,51,0,1,0.12311729819444445,9391,94620411
9,1,6,2,1,8,52,20,26,3,0.3196289333333333,9392,94628330
8,3,2,3,2,6,43,29,16,5,0.24683562222222222,9393,94636249
3,1,1,1,2,1,25,47,10,2,0.09738682888888889,9394,94644168
6,3,3,0,3,3,44,28,10,3,0.17333960166666668,9395,94652087
6,1,4,1,2,4,43,29,4,2,0.21576722805555557,9396,94660006
8,3,2,3,2,6,39,33,18,5,0.21165557472222224,9397,94667925
9,4,2,3,2,7,50,22,32,3,0.28200256847222227,9398,94675844
10,4,5,1,4,6,54,18,17,3,0.29266913708333336,9399,94683763
3,1,0,2,1,2,34,38,0,1,0.14694292180555557,9400,94691682
7,1,3,3,3,4,51,21,12,2,0.2493590481944444,9401,94699601
8,5,2,1,3,5,38,34,14,3,0.22383938958333335,9402,94707520
4,1,2,1,2,2,34,38,1,2,0.16832700819444446,9403,94715439
8,2,2,4,2,6,52,20,24,3,0.14672388333333336,9404,94723358
6,3,1,2,0,6,36,36,10,3,0.21506112125000001,9405,94731277
10,4,4,2,3,7,62,10,32,3,0.4208211520833333,9406,94739196
5,3,1,1,1,4,31,41,8,3,0.2550360036111111,9407,94747115
3,1,1,1,0,3,21,51,9,3,0.09832517722222223,9408,94755034
9,3,2,4,4,5,47,25,26,3,0.2985679866666666,9409,94762953
3,3,0,0,1,2,30,42,0,1,0.12150239166666665,9410,94770872
7,2,3,2,3,4,55,17,14,2,0.25523604361111113,9411,94778791
4,2,1,1,3,1,25,47,3,2,0.14645621097222222,9412,94786710
6,6,0,0,5,1,48,24,26,3,0.2690175666666666,9413,94794629
4,0,3,1,2,2,23,49,0,1,0.09430437305555556,9414,94802548
6,3,0,3,3,3,40,32,20,4,0.1512625886111111,9415,94810467
7,4,3,0,1,6,54,18,23,3,0.48161205305555554,9416,94818386
3,2,0,1,1,2,15,57,2,2,0.08004430138888889,9417,94826305
8,5,2,1,3,5,53,19,20,3,0.2651379195833333,9418,94834224
7,2,3,2,4,3,49,23,18,3,0.2059739451388889,9419,94842143
7,2,3,2,2,5,36,36,18,4,0.2052411723611111,9420,94850062
3,3,0,0,0,3,38,34,0,1,0.18832981444444444,9421,94857981
2,0,2,0,1,1,23,49,0,1,0.09220345638888888,9422,94865900
5,4,1,0,3,2,32,40,28,3,0.11812313097222223,9423,94873819
12,7,2,3,8,4,71,1,44,4,0.2838243833333334,9424,94881738
8,4,3,1,5,3,53,19,26,3,0.3575010172222222,9425,94889657
6,4,1,1,2,4,45,27,22,3,0.25835073416666665,9426,94897576
6,2,1,3,3,3,41,31,17,3,0.1273281975,9427,94905495
10,6,2,2,4,6,69,3,36,3,0.3260790234722222,9428,94913414
6,2,2,2,3,3,49,23,7,2,0.19476621111111111,9429,94921333
5,4,0,1,3,2,53,19,24,2,0.17103592194444447,9430,94929252
8,5,2,1,2,6,47,25,26,3,0.24625944055555557,9431,94937171
3,3,0,0,1,2,28,44,18,2,0.12203906388888891,9432,94945090
7,2,4,1,4,3,45,27,25,3,0.09476126486111111,9433,94953009
4,2,0,2,2,2,39,33,12,3,0.25142493,9434,94960928
4,4,0,0,0,4,34,38,11,2,0.17875337722222223,9435,94968847
5,1,4,0,0,5,29,43,13,2,0.20822607069444443,9436,94976766
5,2,2,1,2,3,41,31,3,2,0.12671469791666667,9437,94984685
6,2,3,1,0,6,46,26,6,2,0.1878592565277778,9438,94992604
8,3,2,3,4,4,40,32,23,5,0.18136665388888887,9439,95000523
7,1,1,5,2,5,35,37,19,4,0.09962746569444444,9440,95008442
8,4,3,1,4,4,43,29,22,3,0.19284043180555555,9441,95016361
5,4,1,0,2,3,47,25,11,2,0.25622298388888887,9442,95024280
6,3,2,1,2,4,42,30,6,3,0.1480597575,9443,95032199
11,3,4,4,4,7,54,18,29,3,0.1757888101388889,9444,95040118
4,2,1,1,3,1,41,31,2,2,0.1803318513888889,9445,95048037
8,7,0,1,5,3,46,26,16,3,0.23241965527777778,9446,95055956
9,5,4,0,3,6,45,27,27,3,0.28505016055555554,9447,95063875
7,6,0,1,5,2,51,21,22,3,0.2779031827777778,9448,95071794
10,7,3,0,3,7,52,20,19,3,0.2828388434722222,9449,95079713
8,3,2,3,3,5,34,38,20,5,0.1840952823611111,9450,95087632
6,2,2,2,3,3,36,36,17,3,0.23471330055555553,9451,95095551
9,5,1,3,3,6,52,20,27,3,0.2785566436111111,9452,95103470
4,3,0,1,3,1,34,38,6,2,0.1243692913888889,9453,95111389
1,0,1,0,0,1,10,62,0,1,0.03522930305555556,9454,95119308
9,5,4,0,4,5,61,11,37,4,0.3079467561111111,9455,95127227
4,3,0,1,0,4,39,33,3,2,0.19673681861111111,9456,95135146
7,4,0,3,0,7,53,19,20,4,0.2978294043055556,9457,95143065
3,1,1,1,1,2,29,43,0,1,0.10489701277777777,9458,95150984
3,3,0,0,2,1,32,40,4,2,0.12958769583333332,9459,95158903
12,5,3,4,3,9,62,10,31,4,0.31148541916666667,9460,95166822
9,6,2,1,5,4,53,19,25,3,0.26598969347222223,9461,95174741
6,5,0,1,3,3,46,26,12,2,0.17669926055555557,9462,95182660
8,6,2,0,4,4,54,18,22,3,0.41312078444444444,9463,95190579
6,3,3,0,0,6,36,36,9,2,0.15522979333333334,9464,95198498
8,2,3,3,1,7,34,38,26,4,0.1785691976388889,9465,95206417
8,1,4,3,2,6,49,23,17,3,0.23595435055555555,9466,95214336
6,2,2,2,0,6,31,41,14,4,0.20596556708333333,9467,95222255
8,4,4,0,2,6,43,29,17,3,0.2979545247222222,9468,95230174
5,3,2,0,2,3,38,34,11,3,0.19523979819444445,9469,95238093
9,2,3,4,3,6,35,37,25,4,0.13770815569444445,9470,95246012
8,3,0,5,3,5,53,19,21,4,0.2015875023611111,9471,95253931
11,9,0,2,5,6,66,6,29,5,0.2934479122222222,9472,95261850
8,6,1,1,4,4,64,8,29,3,0.24571587333333333,9473,95269769
7,4,2,1,0,7,48,24,11,2,0.23851170527777776,9474,95277688
6,1,4,1,2,4,43,29,13,3,0.1845302398611111,9475,95285607
9,6,1,2,4,5,62,10,19,5,0.3472735244444444,9476,95293526
1,0,0,1,0,1,9,63,0,1,0.04201603652777778,9477,95301445
9,3,4,2,6,3,49,23,22,4,0.19899839555555554,9478,95309364
6,3,2,1,3,3,44,28,15,3,0.17451669847222223,9479,95317283
5,3,2,0,1,4,50,22,15,2,0.2838605748611111,9480,95325202
3,0,3,0,1,2,32,40,0,1,0.15814971083333335,9481,95333121
11,5,1,5,3,8,68,4,52,3,0.34884864111111114,9482,95341040
4,0,3,1,0,4,47,25,1,2,0.19013197152777778,9483,95348959
3,0,2,1,0,3,39,33,0,1,0.10065204513888888,9484,95356878
3,0,2,1,1,2,10,62,6,2,0.05130681583333334,9485,95364797
4,1,2,1,0,4,30,42,9,2,0.1515136966666667,9486,95372716
3,1,0,2,3,0,25,47,8,2,0.12171571472222222,9487,95380635
13,7,3,3,9,4,71,1,34,6,0.3248935993055555,9488,95388554
8,4,2,2,3,5,43,29,9,4,0.2061307475,9489,95396473
6,4,2,0,1,5,40,32,18,3,0.3246875172222222,9490,95404392
6,3,1,2,4,2,40,32,26,4,0.27436532750000003,9491,95412311
5,3,1,1,1,4,43,29,10,3,0.16904209958333336,9492,95420230
5,5,0,0,2,3,42,30,16,2,0.17254010625,9493,95428149
9,3,5,1,5,4,65,7,27,4,0.2946013759722222,9494,95436068
6,4,1,1,3,3,45,27,10,2,0.17521981708333334,9495,95443987
6,2,1,3,2,4,37,35,19,3,0.22661042763888892,9496,95451906
10,6,1,3,6,4,60,12,35,5,0.31116287694444444,9497,95459825
8,3,2,3,2,6,63,9,35,2,0.2238625348611111,9498,95467744
7,3,1,3,2,5,38,34,9,2,0.17750203222222222,9499,95475663
5,2,2,1,0,5,36,36,8,3,0.19783370375,9500,95483582
5,2,2,1,2,3,43,29,11,3,0.16935134624999998,9501,95491501
8,5,3,0,2,6,47,25,22,3,0.23266724944444445,9502,95499420
11,5,2,4,4,7,59,13,24,5,0.26335820958333334,9503,95507339
4,1,0,3,2,2,31,41,8,2,0.13299716402777775,9504,95515258
6,4,1,1,0,6,48,24,2,2,0.2684521295833333,9505,95523177
4,2,2,0,1,3,36,36,8,2,0.12729864708333333,9506,95531096
5,0,3,2,2,3,42,30,16,3,0.15914516125,9507,95539015
6,4,2,0,1,5,41,31,15,3,0.23377625638888888,9508,95546934
9,4,3,2,3,6,59,13,28,3,0.2593832873611111,9509,95554853
6,3,2,1,2,4,36,36,8,3,0.1442417186111111,9510,95562772
7,5,1,1,1,6,53,19,27,3,0.3437478911111111,9511,95570691
5,3,1,1,4,1,31,41,4,3,0.20999765194444445,9512,95578610
6,1,3,2,0,6,43,29,7,2,0.26461000916666666,9513,95586529
4,2,2,0,1,3,35,37,6,2,0.16438528305555555,9514,95594448
5,1,2,2,1,4,33,39,12,3,0.11519134722222223,9515,95602367
8,6,1,1,2,6,64,8,28,4,0.42220904625,9516,95610286
6,4,0,2,1,5,37,35,13,2,0.2378103059722222,9517,95618205
5,2,3,0,1,4,32,40,13,2,0.1776883015277778,9518,95626124
6,3,1,2,3,3,27,45,12,2,0.11163717611111111,9519,95634043
8,3,3,2,4,4,47,25,23,3,0.1661808904166667,9520,95641962
7,3,2,2,2,5,47,25,24,3,0.20942430944444443,9521,95649881
11,6,2,3,6,5,57,15,33,3,0.2312341269444445,9522,95657800
9,3,3,3,4,5,51,21,29,4,0.23352496944444445,9523,95665719
11,5,4,2,3,8,62,10,29,4,0.3085116852777778,9524,95673638
3,2,1,0,0,3,21,51,1,2,0.10960960888888888,9525,95681557
4,3,0,1,2,2,35,37,7,2,0.17951722291666666,9526,95689476
6,1,3,2,3,3,34,38,8,2,0.1418617763888889,9527,95697395
4,2,1,1,1,3,34,38,0,1,0.15991281708333335,9528,95705314
7,3,2,2,4,3,49,23,12,3,0.22956141041666667,9529,95713233
9,4,3,2,4,5,53,19,11,2,0.23533965444444446,9530,95721152
5,4,0,1,4,1,33,39,8,2,0.20890701972222223,9531,95729071
1,0,1,0,0,1,7,65,0,1,0.038023316111111115,9532,95736990
6,3,1,2,3,3,65,7,21,2,0.2922216959722222,9533,95744909
8,4,1,3,5,3,63,9,28,3,0.24546727694444448,9534,95752828
5,3,1,1,2,3,39,33,17,3,0.19646558833333333,9535,95760747
12,5,4,3,3,9,52,20,27,5,0.29421356972222223,9536,95768666
5,3,1,1,2,3,50,22,8,2,0.20205609777777778,9537,95776585
6,2,3,1,2,4,48,24,0,1,0.2426148380555556,9538,95784504
11,5,3,3,2,9,56,16,39,5,0.39739058222222223,9539,95792423
8,4,2,2,4,4,57,15,44,4,0.3189550570833333,9540,95800342
7,4,3,0,2,5,52,20,14,2,0.31265615041666667,9541,95808261
3,2,0,1,1,2,28,44,0,1,0.08272024930555556,9542,95816180
8,4,3,1,2,6,61,11,16,3,0.3791674930555556,9543,95824099
4,2,1,1,1,3,35,37,6,2,0.16565485194444443,9544,95832018
7,3,3,1,3,4,41,31,19,4,0.23894030583333337,9545,95839937
3,2,1,0,1,2,27,45,0,1,0.12479880625,9546,95847856
8,4,1,3,1,7,58,14,26,3,0.2650168663888889,9547,95855775
9,5,4,0,5,4,60,12,21,4,0.27771719319444443,9548,95863694
6,5,0,1,4,2,42,30,21,4,0.2870659126388889,9549,95871613
10,6,3,1,4,6,59,13,41,3,0.31087948611111105,9550,95879532
5,3,1,1,3,2,39,33,11,3,0.17575913208333332,9551,95887451
6,1,3,2,4,2,30,42,16,3,0.18952021986111112,9552,95895370
4,3,0,1,3,1,30,42,8,2,0.17286931458333335,9553,95903289
6,4,1,1,1,5,48,24,16,3,0.19320598,9554,95911208
5,2,1,2,3,2,49,23,0,1,0.21621355625,9555,95919127
5,2,1,2,2,3,37,35,4,2,0.15324315430555557,9556,95927046
8,6,1,1,0,8,51,21,33,3,0.2996974025,9557,95934965
11,4,4,3,3,8,55,17,25,4,0.23821844930555555,9558,95942884
7,3,1,3,2,5,37,35,14,3,0.23056256652777776,9559,95950803
7,5,2,0,1,6,59,13,23,3,0.3358538822222222,9560,95958722
5,1,2,2,1,4,28,44,7,3,0.13058208041666666,9561,95966641
8,5,3,0,2,6,58,14,25,4,0.3008503434722222,9562,95974560
3,0,2,1,1,2,20,52,0,1,0.09601167333333332,9563,95982479
9,5,1,3,2,7,53,19,24,3,0.2971831001388889,9564,95990398
4,4,0,0,0,4,51,21,9,2,0.18357503652777776,9565,95998317
8,4,1,3,2,6,49,23,33,4,0.18719955458333332,9566,96006236
5,4,1,0,1,4,53,19,2,2,0.18006281625,9567,96014155
4,2,1,1,3,1,42,30,8,2,0.14819364805555557,9568,96022074
9,7,1,1,3,6,57,15,27,3,0.27326125930555556,9569,96029993
6,2,2,2,1,5,41,31,9,3,0.1608445438888889,9570,96037912
6,4,2,0,2,4,49,23,15,3,0.14448694694444444,9571,96045831
3,0,1,2,2,1,28,44,1,2,0.07270846916666668,9572,96053750
6,3,2,1,2,4,57,15,10,2,0.16268533638888888,9573,96061669
7,1,5,1,3,4,51,21,20,4,0.22054379125,9574,96069588
9,6,2,1,3,6,45,27,27,4,0.2594882861111111,9575,96077507
4,4,0,0,2,2,37,35,8,2,0.09793251499999998,9576,96085426
4,1,2,1,0,4,16,56,11,3,0.13487905597222222,9577,96093345
4,2,1,1,1,3,23,49,14,2,0.15828732208333332,9578,96101264
8,7,1,0,3,5,44,28,32,4,0.2261039747222222,9579,96109183
7,4,2,1,5,2,50,22,14,2,0.23799625541666666,9580,96117102
7,4,2,1,1,6,49,23,26,3,0.3411295804166667,9581,96125021
9,2,4,3,4,5,58,14,30,3,0.23059978805555556,9582,96132940
2,0,2,0,1,1,21,51,0,1,0.06703054763888888,9583,96140859
4,2,1,1,1,3,30,42,10,2,0.15574963138888887,9584,96148778
8,6,2,0,4,4,56,16,20,4,0.29407961958333334,9585,96156697
6,1,3,2,4,2,29,43,10,4,0.13224150722222222,9586,96164616
8,4,1,3,4,4,68,4,21,4,0.28024703680555557,9587,96172535
9,4,5,0,1,8,48,24,27,3,0.37111870166666666,9588,96180454
6,2,2,2,5,1,45,27,13,2,0.16320406375,9589,96188373
5,1,1,3,1,4,36,36,9,3,0.1490587695833333,9590,96196292
5,4,0,1,3,2,22,50,11,3,0.10184475805555554,9591,96204211
5,3,0,2,2,3,27,45,14,2,0.1528718598611111,9592,96212130
7,3,2,2,1,6,39,33,9,3,0.2147192523611111,9593,96220049
6,5,1,0,1,5,59,13,14,2,0.19240341055555554,9594,96227968
4,1,0,3,2,2,30,42,12,2,0.10040196652777779,9595,96235887
12,5,4,3,3,9,57,15,37,5,0.3315950255555556,9596,96243806
4,3,0,1,2,2,26,46,0,1,0.1279928602777778,9597,96251725
9,4,3,2,5,4,45,27,28,4,0.2592981643055556,9598,96259644
9,2,4,3,1,8,59,13,21,3,0.2782913893055556,9599,96267563
10,7,2,1,3,7,60,12,39,4,0.33813328416666666,9600,96275482
3,1,1,1,0,3,20,52,6,2,0.1109839225,9601,96283401
5,3,0,2,1,4,34,38,17,3,0.24965235138888886,9602,96291320
3,2,0,1,2,1,27,45,10,3,0.13117130194444446,9603,96299239
6,1,3,2,2,4,33,39,16,3,0.22132215083333331,9604,96307158
6,2,2,2,2,4,38,34,8,2,0.12102538555555557,9605,96315077
8,4,3,1,4,4,50,22,17,3,0.18367769041666668,9606,96322996
6,3,0,3,3,3,42,30,15,3,0.15337958833333332,9607,96330915
4,4,0,0,1,3,31,41,8,3,0.13720645069444445,9608,96338834
7,1,3,3,3,4,45,27,16,3,0.23214584027777777,9609,96346753
6,4,1,1,2,4,46,26,15,2,0.1681069666666667,9610,96354672
6,4,0,2,1,5,38,34,17,2,0.21983194458333333,9611,96362591
8,6,2,0,2,6,61,11,20,4,0.35177560291666665,9612,96370510
3,2,1,0,1,2,24,48,5,2,0.07712743902777779,9613,96378429
4,3,0,1,1,3,29,43,12,2,0.12766808041666666,9614,96386348
4,1,2,1,2,2,31,41,1,2,0.15930591472222222,9615,96394267
10,4,4,2,0,10,57,15,35,5,0.5404426427777778,9616,96402186
3,2,0,1,1,2,32,40,10,2,0.18830625083333333,9617,96410105
7,3,4,0,1,6,47,25,16,2,0.2630345061111111,9618,96418024
4,4,0,0,1,3,28,44,1,2,0.13725662166666666,9619,96425943
2,0,1,1,1,1,17,55,0,1,0.059654977222222225,9620,96433862
7,5,1,1,3,4,46,26,20,3,0.19259421125,9621,96441781
9,5,4,0,4,5,48,24,25,4,0.3055613202777778,9622,96449700
9,4,2,3,2,7,53,19,19,3,0.45250482125,9623,96457619
9,4,4,1,2,7,53,19,21,3,0.31361276611111116,9624,96465538
5,4,1,0,4,1,46,26,24,3,0.23002871986111112,9625,96473457
7,3,2,2,3,4,46,26,23,3,0.27986957902777776,9626,96481376
6,3,1,2,3,3,26,46,16,4,0.14969707125,9627,96489295
6,2,2,2,4,2,37,35,26,2,0.23575386805555557,9628,96497214
9,6,2,1,4,5,51,21,32,3,0.3107149273611111,9629,96505133
4,3,1,0,1,3,32,40,11,2,0.12266470166666668,9630,96513052
5,2,3,0,1,4,41,31,13,2,0.20791080263888886,9631,96520971
5,3,1,1,3,2,44,28,11,2,0.14564329805555554,9632,96528890
5,2,1,2,2,3,35,37,0,1,0.16093802208333333,9633,96536809
8,6,2,0,2,6,37,35,20,3,0.18935785125,9634,96544728
7,3,2,2,0,7,52,20,12,3,0.3479885780555556,9635,96552647
6,2,3,1,2,4,25,47,8,2,0.12460058111111111,9636,96560566
3,1,0,2,2,1,15,57,0,1,0.06944328611111111,9637,96568485
9,4,4,1,4,5,59,13,21,4,0.3237377094444444,9638,96576404
4,2,2,0,2,2,19,53,6,2,0.06757434833333334,9639,96584323
5,2,1,2,3,2,29,43,12,3,0.11641092027777776,9640,96592242
3,0,3,0,0,3,19,53,11,2,0.08512564819444444,9641,96600161
7,1,4,2,4,3,34,38,12,4,0.18854760208333335,9642,96608080
8,5,1,2,4,4,46,26,25,4,0.23920380166666672,9643,96615999
4,1,1,2,0,4,38,34,3,2,0.14852184680555552,9644,96623918
5,3,0,2,2,3,40,32,4,2,0.2100311066666667,9645,96631837
6,1,1,4,3,3,29,43,13,3,0.09106975347222224,9646,96639756
4,2,0,2,2,2,28,44,14,3,0.09748327111111112,9647,96647675
6,2,2,2,2,4,37,35,7,2,0.15850908208333334,9648,96655594
11,5,4,2,2,9,72,0,47,4,0.44007692291666667,9649,96663513
2,0,2,0,0,2,24,48,0,1,0.06466711458333334,9650,96671432
4,2,1,1,1,3,33,39,7,2,0.09748669430555555,9651,96679351
9,6,3,0,4,5,60,12,32,3,0.25209010902777773,9652,96687270
8,3,3,2,2,6,62,10,38,3,0.30256143166666666,9653,96695189
8,2,2,4,3,5,53,19,15,2,0.27284371055555556,9654,96703108
9,6,2,1,1,8,35,37,28,5,0.23046756430555554,9655,96711027
6,4,2,0,3,3,41,31,12,2,0.2275914158333333,9656,96718946
4,3,1,0,0,4,41,31,13,2,0.19994983486111112,9657,96726865
3,2,1,0,1,2,25,47,5,2,0.16651951944444443,9658,96734784
9,3,2,4,5,4,54,18,29,4,0.18700535013888892,9659,96742703
6,4,0,2,3,3,34,38,14,3,0.10073210819444445,9660,96750622
8,3,2,3,1,7,39,33,27,3,0.19473031333333332,9661,96758541
3,1,1,1,0,3,30,42,0,1,0.10685505944444446,9662,96766460
4,4,0,0,2,2,40,32,17,2,0.14675250208333335,9663,96774379
3,0,1,2,3,0,22,50,7,2,0.1103906684722222,9664,96782298
9,6,1,2,1,8,57,15,25,3,0.3404907883333333,9665,96790217
8,4,3,1,1,7,57,15,25,4,0.35977014194444445,9666,96798136
4,4,0,0,1,3,34,38,13,3,0.1772385725,9667,96806055
5,2,1,2,1,4,45,27,8,2,0.14709133430555557,9668,96813974
12,5,4,3,3,9,59,13,31,4,0.3554021623611111,9669,96821893
10,8,2,0,2,8,61,11,38,4,0.42319581319444444,9670,96829812
7,5,0,2,0,7,42,30,9,2,0.22360921972222222,9671,96837731
11,6,3,2,2,9,63,9,40,4,0.43306443,9672,96845650
6,3,3,0,2,4,30,42,16,4,0.16413794513888888,9673,96853569
7,3,1,3,1,6,48,24,23,3,0.2955012922222222,9674,96861488
8,3,1,4,4,4,58,14,19,4,0.2708485377777778,9675,96869407
3,1,1,1,0,3,17,55,0,1,0.10145440458333334,9676,96877326
4,2,2,0,1,3,38,34,0,1,0.17848573291666667,9677,96885245
7,5,2,0,2,5,49,23,25,3,0.31011452749999996,9678,96893164
5,1,2,2,1,4,36,36,1,2,0.15899519027777778,9679,96901083
2,0,1,1,1,1,15,57,0,1,0.056329156388888885,9680,96909002
9,4,2,3,4,5,61,11,29,2,0.3395750184722222,9681,96916921
7,2,4,1,2,5,34,38,19,4,0.23161647180555553,9682,96924840
9,5,3,1,4,5,45,27,30,3,0.28924472944444446,9683,96932759
10,4,2,4,2,8,52,20,29,3,0.2552332811111111,9684,96940678
2,0,1,1,1,1,11,61,0,1,0.07511630736111112,9685,96948597
10,4,3,3,4,6,52,20,27,4,0.2759547336111111,9686,96956516
6,3,2,1,2,4,39,33,5,2,0.13505603208333333,9687,96964435
4,2,1,1,2,2,30,42,7,2,0.13219178013888888,9688,96972354
4,0,4,0,1,3,27,45,9,2,0.13003264736111111,9689,96980273
8,5,2,1,2,6,47,25,17,2,0.17325042902777776,9690,96988192
4,3,1,0,2,2,31,41,3,2,0.17931779958333335,9691,96996111
6,3,1,2,3,3,48,24,6,2,0.20827762027777777,9692,97004030
4,2,2,0,1,3,28,44,3,2,0.11703478652777778,9693,97011949
5,5,0,0,3,2,37,35,9,2,0.14781844958333334,9694,97019868
5,1,2,2,1,4,42,30,9,2,0.2207113434722222,9695,97027787
3,2,1,0,2,1,19,53,0,1,0.09199019583333332,9696,97035706
7,2,2,3,5,2,52,20,6,2,0.2269393861111111,9697,97043625
8,2,3,3,4,4,44,28,13,2,0.1972854436111111,9698,97051544
5,2,2,1,0,5,34,38,7,3,0.26192867236111117,9699,97059463
4,3,0,1,0,4,24,48,2,2,0.13016620958333336,9700,97067382
4,2,2,0,3,1,37,35,0,1,0.13595262958333335,9701,97075301
7,4,3,0,2,5,56,16,17,3,0.30869720694444447,9702,97083220
4,2,1,1,0,4,19,53,15,3,0.16298953111111109,9703,97091139
5,2,3,0,2,3,27,45,11,3,0.14818470958333335,9704,97099058
5,3,1,1,1,4,38,34,6,3,0.15782535,9705,97106977
8,6,2,0,4,4,57,15,23,3,0.2939098270833333,9706,97114896
8,4,4,0,3,5,52,20,14,3,0.16213111444444445,9707,97122815
6,3,2,1,3,3,44,28,17,3,0.1644408236111111,9708,97130734
9,6,3,0,4,5,56,16,21,5,0.34484082444444447,9709,97138653
1,0,0,1,0,1,6,66,0,1,0.014166318749999999,9710,97146572
6,4,1,1,3,3,55,17,24,2,0.23399280874999995,9711,97154491
5,3,1,1,2,3,37,35,10,2,0.15348963861111112,9712,97162410
3,2,1,0,0,3,25,47,6,2,0.12678232319444444,9713,97170329
3,2,0,1,0,3,31,41,4,2,0.17018173375,9714,97178248
5,1,3,1,2,3,30,42,3,2,0.09578997236111111,9715,97186167
8,5,1,2,6,2,49,23,36,3,0.28864540027777774,9716,97194086
7,3,2,2,3,4,56,16,19,3,0.27752120597222224,9717,97202005
8,4,2,2,5,3,44,28,28,5,0.24756840875,9718,97209924
6,6,0,0,3,3,41,31,14,3,0.17907537402777776,9719,97217843
4,1,1,2,3,1,28,44,5,2,0.12629423124999997,9720,97225762
4,4,0,0,2,2,39,33,10,2,0.1726172361111111,9721,97233681
5,2,1,2,2,3,30,42,12,3,0.16808268916666666,9722,97241600
7,3,2,2,1,6,39,33,11,3,0.2340593269444445,9723,97249519
4,0,2,2,1,3,40,32,9,2,0.14860096486111113,9724,97257438
3,3,0,0,1,2,31,41,1,2,0.13484835305555556,9725,97265357
5,3,2,0,1,4,43,29,13,3,0.2250805138888889,9726,97273276
7,4,3,0,2,5,55,17,18,3,0.3051121319444445,9727,97281195
3,1,0,2,2,1,24,48,11,2,0.13310314583333335,9728,97289114
5,2,0,3,3,2,48,24,4,2,0.26591517458333336,9729,97297033
7,2,2,3,3,4,43,29,13,3,0.2234054675,9730,97304952
4,0,1,3,1,3,31,41,0,1,0.17588319986111112,9731,97312871
4,1,2,1,0,4,24,48,13,3,0.17712695430555556,9732,97320790
8,3,3,2,3,5,48,24,17,3,0.3599700565277778,9733,97328709
5,2,2,1,1,4,50,22,3,2,0.2110160213888889,9734,97336628
5,4,1,0,2,3,29,43,21,3,0.23908237430555554,9735,97344547
5,2,2,1,2,3,42,30,9,2,0.24330407541666668,9736,97352466
3,1,1,1,1,2,26,46,4,2,0.10878953180555556,9737,97360385
8,5,1,2,5,3,65,7,41,3,0.3616281690277778,9738,97368304
1,0,1,0,0,1,4,68,0,1,0.021803967916666667,9739,97376223
5,3,1,1,1,4,43,29,13,3,0.18780086541666666,9740,97384142
7,2,5,0,3,4,54,18,14,2,0.2460264844444445,9741,97392061
7,3,3,1,3,4,43,29,13,2,0.2356866688888889,9742,97399980
7,3,2,2,2,5,44,28,18,3,0.2573196630555556,9743,97407899
6,3,3,0,2,4,31,41,19,3,0.16068046055555557,9744,97415818
3,1,1,1,2,1,20,52,7,3,0.08894495875000001,9745,97423737
7,4,1,2,1,6,52,20,16,4,0.2225325559722222,9746,97431656
6,3,2,1,3,3,39,33,16,2,0.15562616166666665,9747,97439575
6,2,1,3,1,5,46,26,6,2,0.20232081472222221,9748,97447494
6,3,2,1,2,4,39,33,9,3,0.2219885576388889,9749,97455413
7,3,2,2,3,4,34,38,21,4,0.12981889847222225,9750,97463332
7,4,2,1,3,4,46,26,22,5,0.2849764472222222,9751,97471251
5,4,0,1,1,4,36,36,7,2,0.13386316805555556,9752,97479170
5,3,1,1,2,3,42,30,3,2,0.1638535090277778,9753,97487089
6,4,1,1,2,4,55,17,11,2,0.29070929652777777,9754,97495008
7,3,1,3,4,3,42,30,18,3,0.12213689375,9755,97502927
0,0,0,0,0,0,0,72,0,0,0.0,9756,97510846
10,4,4,2,3,7,58,14,16,4,0.2859778580555556,9757,97518765
9,5,3,1,4,5,53,19,19,4,0.2615479841666667,9758,97526684
2,2,0,0,1,1,7,65,4,2,0.016248278888888888,9759,97534603
6,4,1,1,1,5,49,23,27,3,0.2335084036111111,9760,97542522
6,4,2,0,2,4,48,24,10,2,0.21955866694444442,9761,97550441
9,8,1,0,5,4,60,12,30,4,0.3282795316666667,9762,97558360
7,5,1,1,3,4,58,14,32,3,0.19872849,9763,97566279
6,2,1,3,1,5,49,23,6,2,0.20578918777777777,9764,97574198
5,3,2,0,1,4,21,51,8,2,0.09354739902777778,9765,97582117
8,6,0,2,2,6,62,10,21,3,0.19987339333333332,9766,97590036
3,2,0,1,0,3,32,40,1,2,0.11885561041666667,9767,97597955
7,2,3,2,0,7,44,28,14,2,0.19303628833333333,9768,97605874
12,6,4,2,4,8,55,17,36,5,0.29281210625,9769,97613793
7,4,1,2,3,4,55,17,24,3,0.2717934181944444,9770,97621712
7,2,2,3,3,4,49,23,17,2,0.28346046791666674,9771,97629631
5,3,1,1,2,3,40,32,18,3,0.23487080833333332,9772,97637550
4,3,1,0,2,2,35,37,12,2,0.06086338749999999,9773,97645469
5,3,1,1,2,3,34,38,2,2,0.13956297805555554,9774,97653388
7,5,2,0,3,4,50,22,8,2,0.2672662225,9775,97661307
6,2,1,3,2,4,43,29,12,2,0.21194194708333333,9776,97669226
3,1,2,0,1,2,16,56,2,2,0.06096768319444444,9777,97677145
8,5,1,2,3,5,44,28,26,3,0.20289093208333334,9778,97685064
6,1,3,2,4,2,38,34,13,3,0.21516466097222223,9779,97692983
11,6,5,0,4,7,38,34,22,5,0.22682310027777777,9780,97700902
9,4,3,2,4,5,59,13,20,3,0.30257183972222224,9781,97708821
10,8,2,0,5,5,55,17,42,4,0.3119748766666667,9782,97716740
6,4,2,0,4,2,43,29,11,2,0.2212448783333333,9783,97724659
7,3,1,3,2,5,52,20,15,3,0.24686457527777778,9784,97732578
6,3,2,1,3,3,33,39,13,4,0.13512214430555558,9785,97740497
8,4,3,1,2,6,53,19,31,3,0.2385361515277778,9786,97748416
8,5,0,3,4,4,57,15,13,4,0.17809012319444445,9787,97756335
2,1,1,0,0,2,28,44,0,1,0.09116875916666665,9788,97764254
1,0,1,0,0,1,19,53,0,1,0.05325723013888888,9789,97772173
14,9,3,2,5,9,57,15,31,5,0.2992897248611111,9790,97780092
10,3,4,3,7,3,50,22,26,3,0.26182450625,9791,97788011
6,4,2,0,3,3,39,33,18,3,0.13164744055555555,9792,97795930
7,5,2,0,2,5,69,3,30,3,0.2595696070833333,9793,97803849
12,3,6,3,4,8,63,9,35,3,0.24758356458333333,9794,97811768
2,2,0,0,2,0,14,58,0,1,0.05783235027777778,9795,97819687
5,1,1,3,2,3,47,25,5,2,0.18213518055555555,9796,97827606
11,7,3,1,5,6,60,12,30,4,0.40938992305555555,9797,97835525
4,4,0,0,2,2,38,34,7,2,0.18615420472222224,9798,97843444
5,2,1,2,1,4,56,16,10,2,0.21316797250000002,9799,97851363
7,3,3,1,2,5,54,18,27,3,0.3514311958333333,9800,97859282
5,1,2,2,3,2,37,35,7,2,0.1318872061111111,9801,97867201
5,5,0,0,3,2,46,26,8,3,0.2297772254166667,9802,97875120
7,5,2,0,1,6,55,17,8,2,0.2968718440277778,9803,97883039
4,3,1,0,1,3,28,44,0,1,0.1141574898611111,9804,97890958
5,4,1,0,2,3,38,34,8,2,0.06793275819444444,9805,97898877
6,3,3,0,0,6,41,31,8,2,0.26697753874999997,9806,97906796
3,0,2,1,0,3,24,48,0,1,0.10047830222222222,9807,97914715
9,4,3,2,2,7,51,21,17,3,0.23345657083333332,9808,97922634
7,3,2,2,3,4,54,18,12,3,0.19325285819444446,9809,97930553
9,5,1,3,4,5,65,7,30,2,0.3109706219444444,9810,97938472
5,0,4,1,2,3,33,39,3,2,0.13118851902777778,9811,97946391
2,0,2,0,0,2,13,59,0,1,0.030591918333333332,9812,97954310
7,7,0,0,3,4,52,20,17,2,0.22371867874999996,9813,97962229
8,3,3,2,3,5,52,20,14,3,0.27681231777777776,9814,97970148
8,5,2,1,2,6,61,11,28,3,0.2667556147222222,9815,97978067
5,4,0,1,3,2,35,37,25,3,0.12349662777777778,9816,97985986
8,5,1,2,0,8,60,12,13,4,0.21940421472222224,9817,97993905
7,3,2,2,3,4,52,20,6,2,0.2739910076388889,9818,98001824
4,2,1,1,3,1,35,37,10,3,0.15648340624999998,9819,98009743
5,2,2,1,1,4,34,38,7,2,0.1638244686111111,9820,98017662
4,1,1,2,2,2,27,45,6,2,0.17671952125,9821,98025581
3,1,0,2,2,1,19,53,9,2,0.041461960972222225,9822,98033500
5,4,1,0,2,3,38,34,7,2,0.21541226694444443,9823,98041419
9,4,4,1,3,6,39,33,20,4,0.19212389138888888,9824,98049338
5,3,0,2,1,4,42,30,11,2,0.2218260186111111,9825,98057257
7,4,3,0,2,5,38,34,19,3,0.1726191863888889,9826,98065176
3,2,0,1,3,0,27,45,0,1,0.10399158763888888,9827,98073095
5,3,1,1,3,2,44,28,7,3,0.22007982055555556,9828,98081014
6,2,3,1,2,4,31,41,18,4,0.13501596944444444,9829,98088933
4,2,2,0,0,4,30,42,20,2,0.21221636027777777,9830,98096852
8,2,3,3,3,5,48,24,27,3,0.31521483347222223,9831,98104771
4,3,1,0,1,3,27,45,8,3,0.13857234027777776,9832,98112690
4,2,2,0,0,4,31,41,21,3,0.31934394125,9833,98120609
5,2,2,1,0,5,41,31,7,3,0.19681361041666667,9834,98128528
6,3,2,1,1,5,47,25,5,2,0.1960714,9835,98136447
5,3,2,0,2,3,41,31,10,2,0.1855124427777778,9836,98144366
3,2,0,1,1,2,32,40,0,1,0.10979337152777778,9837,98152285
8,3,2,3,3,5,52,20,21,4,0.30525773875,9838,98160204
5,3,0,2,1,4,35,37,11,3,0.15038464930555553,9839,98168123
7,2,4,1,1,6,44,28,17,3,0.24223821208333332,9840,98176042
3,1,1,1,1,2,30,42,0,1,0.10966937208333333,9841,98183961
11,7,2,2,4,7,66,6,39,4,0.3393747841666667,9842,98191880
4,1,1,2,2,2,36,36,1,2,0.10141196055555556,9843,98199799
4,2,1,1,1,3,37,35,13,2,0.15415499819444445,9844,98207718
6,1,2,3,2,4,53,19,9,3,0.23516547513888886,9845,98215637
9,6,2,1,2,7,59,13,21,4,0.28489586930555555,9846,98223556
9,4,4,1,3,6,51,21,23,2,0.1830923988888889,9847,98231475
5,1,3,1,1,4,29,43,12,3,0.21094042555555556,9848,98239394
2,1,0,1,1,1,17,55,0,1,0.06288107416666668,9849,98247313
7,4,2,1,1,6,53,19,10,3,0.3738517123611111,9850,98255232
5,1,2,2,0,5,33,39,17,2,0.23604831986111108,9851,98263151
5,1,2,2,2,3,32,40,6,3,0.11268986180555556,9852,98271070
3,1,1,1,1,2,17,55,3,2,0.06269056555555556,9853,98278989
6,3,1,2,2,4,52,20,16,2,0.30906317638888886,9854,98286908
12,7,4,1,5,7,57,15,46,5,0.3173311572222222,9855,98294827
9,3,2,4,2,7,58,14,26,3,0.3665836522222222,9856,98302746
4,3,0,1,1,3,27,45,11,2,0.16276927972222222,9857,98310665
6,1,4,1,2,4,30,42,18,3,0.2205233965277778,9858,98318584
6,4,2,0,2,4,39,33,20,3,0.20544892972222223,9859,98326503
8,5,0,3,3,5,54,18,40,3,0.23539402527777784,9860,98334422
7,4,2,1,3,4,47,25,15,4,0.16737363125000002,9861,98342341
6,3,2,1,3,3,53,19,18,2,0.22038010041666667,9862,98350260
3,1,1,1,2,1,23,49,0,1,0.08807042069444444,9863,98358179
8,3,2,3,2,6,57,15,18,3,0.3334257580555555,9864,98366098
4,2,2,0,2,2,45,27,0,1,0.16743866000000002,9865,98374017
6,4,1,1,0,6,33,39,12,2,0.2066623301388889,9866,98381936
9,7,1,1,4,5,50,22,38,5,0.29077997763888885,9867,98389855
5,1,2,2,4,1,49,23,12,2,0.22197260375,9868,98397774
5,1,2,2,0,5,43,29,10,2,0.17472250125,9869,98405693
5,3,1,1,0,5,41,31,8,2,0.15567442541666665,9870,98413612
5,4,1,0,1,4,37,35,17,3,0.29419209888888886,9871,98421531
4,1,0,3,2,2,35,37,2,2,0.14386675666666665,9872,98429450
4,2,1,1,1,3,42,30,3,2,0.1649273925,9873,98437369
5,2,1,2,4,1,51,21,13,2,0.1573110902777778,9874,98445288
7,3,3,1,3,4,49,23,14,4,0.17805792888888888,9875,98453207
7,5,2,0,3,4,38,34,5,4,0.1998261215277778,9876,98461126
9,6,2,1,2,7,61,11,30,2,0.3178438015277778,9877,98469045
5,1,2,2,3,2,49,23,12,2,0.21794586888888887,9878,98476964
6,3,0,3,2,4,49,23,20,2,0.22800458486111116,9879,98484883
6,4,0,2,1,5,36,36,18,4,0.2697237975,9880,98492802
5,4,0,1,2,3,40,32,16,2,0.21371718791666666,9881,98500721
8,4,0,4,1,7,50,22,22,3,0.28062370555555555,9882,98508640
5,4,1,0,0,5,41,31,8,2,0.23191820305555558,9883,98516559
4,2,1,1,1,3,30,42,9,2,0.12960788291666667,9884,98524478
5,2,2,1,1,4,30,42,5,3,0.17851243541666667,9885,98532397
6,3,2,1,2,4,36,36,20,3,0.21011051375,9886,98540316
6,5,1,0,1,5,33,39,14,2,0.21796532194444446,9887,98548235
5,2,1,2,1,4,38,34,12,2,0.13112865944444443,9888,98556154
10,6,0,4,3,7,58,14,35,3,0.2880103594444444,9889,98564073
4,3,0,1,2,2,50,22,8,2,0.18243948194444448,9890,98571992
5,5,0,0,2,3,51,21,1,2,0.18221112611111112,9891,98579911
9,4,4,1,2,7,47,25,22,3,0.27237247513888885,9892,98587830
10,6,3,1,1,9,50,22,21,4,0.3042012648611111,9893,98595749
5,5,0,0,3,2,38,34,8,3,0.20878085930555557,9894,98603668
7,5,1,1,3,4,56,16,11,2,0.2680372783333333,9895,98611587
6,4,1,1,0,6,44,28,17,3,0.2014601304166667,9896,98619506
3,2,1,0,1,2,33,39,2,2,0.12035629194444443,9897,98627425
5,1,2,2,2,3,33,39,8,2,0.1400598283333333,9898,98635344
4,4,0,0,2,2,41,31,13,3,0.21495449541666667,9899,98643263
5,3,2,0,2,3,36,36,21,3,0.2539652172222222,9900,98651182
10,4,2,4,2,8,62,10,28,4,0.32205088791666664,9901,98659101
8,3,2,3,2,6,43,29,23,4,0.20835400430555553,9902,98667020
5,2,1,2,2,3,27,45,8,3,0.16655816375,9903,98674939
9,6,1,2,5,4,47,25,20,4,0.21046908236111114,9904,98682858
5,1,1,3,3,2,34,38,11,3,0.14671434041666667,9905,98690777
7,3,3,1,3,4,51,21,7,2,0.24243874791666664,9906,98698696
5,3,1,1,2,3,30,42,12,3,0.08558535375000001,9907,98706615
10,4,3,3,3,7,53,19,32,3,0.43461147708333336,9908,98714534
6,2,2,2,1,5,28,44,14,3,0.16825223027777778,9909,98722453
10,4,2,4,6,4,62,10,30,4,0.36148326416666665,9910,98730372
9,4,4,1,2,7,68,4,45,3,0.4140304640277778,9911,98738291
7,1,5,1,1,6,33,39,22,4,0.29287388986111107,9912,98746210
6,3,2,1,4,2,36,36,15,4,0.1610348076388889,9913,98754129
7,4,2,1,2,5,47,25,20,3,0.13183372624999998,9914,98762048
7,4,2,1,5,2,34,38,19,4,0.16978624666666667,9915,98769967
8,6,1,1,2,6,51,21,18,2,0.2918673977777778,9916,98777886
11,6,2,3,5,6,61,11,30,3,0.4142003802777778,9917,98785805
4,2,2,0,2,2,24,48,4,2,0.1366472048611111,9918,98793724
6,2,3,1,1,5,31,41,9,2,0.2700703502777777,9919,98801643
6,1,2,3,4,2,53,19,27,3,0.27760937375000005,9920,98809562
3,1,2,0,0,3,29,43,12,2,0.15408161041666668,9921,98817481
9,4,3,2,2,7,51,21,27,4,0.31851878097222225,9922,98825400
5,1,3,1,3,2,39,33,4,2,0.14997254263888887,9923,98833319
5,1,2,2,3,2,36,36,1,2,0.19580440097222224,9924,98841238
2,2,0,0,1,1,19,53,10,2,0.04280327861111111,9925,98849157
6,3,3,0,2,4,36,36,9,3,0.16321283041666668,9926,98857076
10,7,1,2,3,7,49,23,27,3,0.20947276180555555,9927,98864995
6,2,1,3,1,5,41,31,10,2,0.22295968458333335,9928,98872914
8,2,5,1,2,6,40,32,22,4,0.13397679430555554,9929,98880833
8,4,2,2,5,3,61,11,18,2,0.28813323458333334,9930,98888752
7,5,0,2,4,3,37,35,10,2,0.16817571347222224,9931,98896671
8,5,1,2,3,5,57,15,22,2,0.3318514705555555,9932,98904590
3,0,2,1,1,2,24,48,1,2,0.12075418708333333,9933,98912509
6,2,2,2,2,4,42,30,19,3,0.1917706097222222,9934,98920428
5,2,1,2,1,4,24,48,0,1,0.1298307936111111,9935,98928347
2,1,1,0,0,2,20,52,0,1,0.09354485819444444,9936,98936266
5,3,2,0,1,4,38,34,11,3,0.15159164819444446,9937,98944185
8,5,2,1,2,6,59,13,28,3,0.3346364959722222,9938,98952104
9,3,1,5,4,5,55,17,18,5,0.2674507033333333,9939,98960023
3,1,1,1,0,3,27,45,0,1,0.06556696430555556,9940,98967942
7,4,2,1,1,6,42,30,20,2,0.23433980625,9941,98975861
7,5,1,1,2,5,55,17,25,3,0.2859399788888889,9942,98983780
6,3,3,0,0,6,52,20,20,2,0.33856772874999996,9943,98991699
8,4,4,0,3,5,59,13,29,2,0.28701136111111114,9944,98999618
5,1,1,3,4,1,40,32,5,2,0.16983937444444444,9945,99007537
3,2,1,0,1,2,36,36,0,1,0.13886024055555557,9946,99015456
6,2,2,2,3,3,22,50,14,5,0.09349059930555555,9947,99023375
6,2,2,2,1,5,45,27,5,2,0.19582455375,9948,99031294
3,1,1,1,1,2,13,59,6,2,0.042592056805555556,9949,99039213
6,3,2,1,2,4,45,27,23,4,0.20624025125,9950,99047132
7,2,3,2,1,6,45,27,14,3,0.23930001250000002,9951,99055051
9,5,4,0,3,6,56,16,32,3,0.38834122486111117,9952,99062970
6,2,2,2,4,2,42,30,10,3,0.2515871598611111,9953,99070889
5,3,0,2,3,2,39,33,15,2,0.25670827388888884,9954,99078808
9,5,2,2,2,7,53,19,21,3,0.21480233444444444,9955,99086727
1,0,1,0,1,0,9,63,0,1,0.041370274722222225,9956,99094646
10,6,2,2,4,6,55,17,29,4,0.27628226763888886,9957,99102565
9,4,4,1,2,7,51,21,28,3,0.2837594665277778,9958,99110484
10,4,3,3,2,8,45,27,30,3,0.23937564416666668,9959,99118403
6,3,3,0,2,4,45,27,20,3,0.3078230913888889,9960,99126322
9,3,4,2,3,6,59,13,22,3,0.2778625719444444,9961,99134241
3,2,1,0,0,3,27,45,0,1,0.15424989805555556,9962,99142160
3,2,0,1,2,1,34,38,12,2,0.21664817027777777,9963,99150079
10,5,1,4,5,5,50,22,34,3,0.32366698805555555,9964,99157998
7,3,2,2,3,4,56,16,26,2,0.1788174098611111,9965,99165917
5,2,1,2,2,3,46,26,7,3,0.18088500000000002,9966,99173836
10,6,3,1,3,7,46,26,32,3,0.21902135972222225,9967,99181755
8,2,3,3,5,3,56,16,14,2,0.20641498430555555,9968,99189674
8,2,4,2,2,6,47,25,20,3,0.25726769569444446,9969,99197593
4,2,1,1,0,4,23,49,2,2,0.10041220791666666,9970,99205512
7,5,2,0,4,3,39,33,27,3,0.19544193833333331,9971,99213431
5,3,2,0,1,4,40,32,16,3,0.12062939347222223,9972,99221350
12,4,5,3,3,9,60,12,38,4,0.35542515486111115,9973,99229269
6,1,3,2,3,3,30,42,17,3,0.1206233175,9974,99237188
8,4,2,2,1,7,56,16,30,4,0.3637097358333333,9975,99245107
6,3,2,1,3,3,68,4,19,2,0.30870849958333335,9976,99253026
10,7,0,3,6,4,56,16,29,4,0.3036527022222222,9977,99260945
10,4,5,1,4,6,50,22,31,5,0.3044888383333333,9978,99268864
11,6,1,4,4,7,64,8,26,3,0.3777520279166667,9979,99276783
9,5,4,0,4,5,53,19,30,4,0.18756062291666667,9980,99284702
5,3,2,0,2,3,47,25,9,2,0.19126061125000002,9981,99292621
8,4,3,1,2,6,51,21,21,3,0.2682341834722222,9982,99300540
10,4,4,2,2,8,58,14,24,3,0.33796395888888886,9983,99308459
8,4,3,1,4,4,53,19,26,4,0.2690564152777778,9984,99316378
9,3,3,3,4,5,52,20,23,3,0.2927350230555555,9985,99324297
5,1,2,2,3,2,44,28,10,2,0.13252493,9986,99332216
6,4,1,1,4,2,41,31,13,3,0.23344052625,9987,99340135
8,4,2,2,3,5,47,25,38,3,0.21632986597222223,9988,99348054
5,3,2,0,0,5,45,27,13,2,0.20165965041666667,9989,99355973
5,2,2,1,3,2,29,43,11,3,0.10063561194444445,9990,99363892
4,2,2,0,0,4,40,32,12,2,0.27754501430555556,9991,99371811
4,3,1,0,2,2,35,37,7,2,0.14399010666666665,9992,99379730
6,4,0,2,3,3,41,31,19,3,0.2299642108333333,9993,99387649
4,1,1,2,3,1,21,51,11,3,0.1111456925,9994,99395568
7,4,3,0,3,4,59,13,13,2,0.25226604694444443,9995,99403487
7,3,2,2,2,5,51,21,18,3,0.24611448069444444,9996,99411406
8,4,2,2,2,6,65,7,23,3,0.42577406902777776,9997,99419325
8,2,5,1,2,6,46,26,15,2,0.19758163055555555,9998,99427244
4,3,0,1,2,2,24,48,2,2,0.13650281069444445,9999,99435163
8,3,3,2,2,6,31,41,20,2,0.1374371701388889,10000,99443082
