campaign_id,customer_id,selection_date,exposure_status,exposure_date,response_status,response_date
M001,C0003423,2021-02-01,EXPOSED,2021-03-24,NO_RESPONSE,
M001,C0002210,2021-02-02,EXPOSED,2021-02-14,NO_RESPONSE,
M001,C0008668,2021-02-02,EXPOSED,2021-02-15,NO_RESPONSE,
M001,C0015370,2021-02-02,EXPOSED,2021-04-03,NO_RESPONSE,
M001,C0000644,2021-02-03,EXPOSED,2021-02-14,NO_RESPONSE,
M001,C0001014,2021-02-03,EXPOSED,2021-03-07,NO_RESPONSE,
M001,C0003109,2021-02-03,EXPOSED,2021-02-14,NO_RESPONSE,
M001,C0012587,2021-02-03,NOT_EXPOSED,,,
M001,C0012719,2021-02-03,EXPOSED,2021-02-23,NO_RESPONSE,
M001,C0015837,2021-02-03,NOT_EXPOSED,,,
M001,C0017294,2021-02-03,EXPOSED,2021-02-04,NO_RESPONSE,
M001,C0018603,2021-02-03,EXPOSED,2021-04-01,POSITIVE,2021-04-02
M001,C0018692,2021-02-03,EXPOSED,2021-02-24,NEGATIVE,2021-03-01
M001,C0002057,2021-02-04,EXPOSED,2021-02-27,NO_RESPONSE,
M001,C0008840,2021-02-04,EXPOSED,2021-03-31,NO_RESPONSE,
M001,C0016933,2021-02-04,EXPOSED,2021-03-12,NEGATIVE,2021-03-13
M001,C0019853,2021-02-04,EXPOSED,2021-03-20,NEUTRAL,2021-03-20
M001,C0000308,2021-02-05,EXPOSED,2021-02-17,NO_RESPONSE,
M001,C0002545,2021-02-05,EXPOSED,2021-02-08,NO_RESPONSE,
M001,C0006958,2021-02-05,EXPOSED,2021-03-07,NO_RESPONSE,
M001,C0008344,2021-02-05,EXPOSED,2021-02-20,NO_RESPONSE,
M001,C0010466,2021-02-05,NOT_EXPOSED,,,
M001,C0013407,2021-02-05,NOT_EXPOSED,,,
M001,C0015511,2021-02-05,EXPOSED,2021-02-17,NO_RESPONSE,
M001,C0017851,2021-02-05,NOT_EXPOSED,,,
M001,C0000072,2021-02-06,EXPOSED,2021-03-02,POSITIVE,2021-03-07
M001,C0000106,2021-02-06,EXPOSED,2021-03-24,NO_RESPONSE,
M001,C0001181,2021-02-06,NOT_EXPOSED,,,
M001,C0007829,2021-02-06,EXPOSED,2021-03-18,NO_RESPONSE,
M001,C0010144,2021-02-06,NOT_EXPOSED,,,
M001,C0019844,2021-02-06,EXPOSED,2021-04-20,NO_RESPONSE,
M001,C0000112,2021-02-07,EXPOSED,2021-03-07,NO_RESPONSE,
M001,C0006977,2021-02-07,EXPOSED,2021-03-11,NO_RESPONSE,
M001,C0011671,2021-02-07,EXPOSED,2021-03-08,NO_RESPONSE,
M001,C0013064,2021-02-07,EXPOSED,2021-02-19,NO_RESPONSE,
M001,C0014549,2021-02-07,EXPOSED,2021-03-11,NO_RESPONSE,
M001,C0014664,2021-02-07,NOT_EXPOSED,,,
M001,C0017132,2021-02-07,EXPOSED,2021-03-11,NO_RESPONSE,
M001,C0017191,2021-02-07,EXPOSED,2021-04-04,NEUTRAL,2021-04-10
M001,C0017406,2021-02-07,NOT_EXPOSED,,,
M001,C0002427,2021-02-08,EXPOSED,2021-02-20,NEUTRAL,2021-02-24
M001,C0006728,2021-02-08,NOT_EXPOSED,,,
M001,C0006920,2021-02-08,EXPOSED,2021-03-16,POSITIVE,2021-03-20
M001,C0016534,2021-02-08,EXPOSED,2021-03-09,NO_RESPONSE,
M001,C0019283,2021-02-08,EXPOSED,2021-02-25,NO_RESPONSE,
M001,C0004656,2021-02-09,EXPOSED,2021-03-05,NO_RESPONSE,
M001,C0008815,2021-02-09,EXPOSED,2021-04-06,NO_RESPONSE,
M001,C0010761,2021-02-09,NOT_EXPOSED,,,
M001,C0012042,2021-02-09,EXPOSED,2021-04-05,NO_RESPONSE,
M001,C0015416,2021-02-09,NOT_EXPOSED,,,
M001,C0016489,2021-02-09,EXPOSED,2021-02-15,NO_RESPONSE,
M001,C0019457,2021-02-09,EXPOSED,2021-03-31,POSITIVE,2021-04-04
M001,C0003396,2021-02-10,EXPOSED,2021-03-02,NO_RESPONSE,
M001,C0003937,2021-02-10,EXPOSED,2021-04-10,NO_RESPONSE,
M001,C0008584,2021-02-10,EXPOSED,2021-03-26,NO_RESPONSE,
M001,C0009023,2021-02-10,EXPOSED,2021-04-02,NO_RESPONSE,
M001,C0010359,2021-02-10,EXPOSED,2021-04-10,NO_RESPONSE,
M001,C0011351,2021-02-10,EXPOSED,2021-02-19,NO_RESPONSE,
M001,C0011977,2021-02-10,EXPOSED,2021-04-01,NO_RESPONSE,
M001,C0013862,2021-02-10,EXPOSED,2021-03-14,NEUTRAL,2021-03-16
M001,C0015997,2021-02-10,EXPOSED,2021-02-17,NO_RESPONSE,
M001,C0001996,2021-02-11,EXPOSED,2021-04-06,NO_RESPONSE,
M001,C0002402,2021-02-11,EXPOSED,2021-03-10,NO_RESPONSE,
M001,C0003799,2021-02-11,EXPOSED,2021-02-15,NO_RESPONSE,
M001,C0010868,2021-02-11,EXPOSED,2021-03-01,NO_RESPONSE,
M001,C0016289,2021-02-11,EXPOSED,2021-03-19,POSITIVE,2021-03-21
M001,C0017466,2021-02-11,EXPOSED,2021-03-16,POSITIVE,2021-03-19
M001,C0017906,2021-02-11,EXPOSED,2021-03-20,NEUTRAL,2021-03-27
M001,C0000383,2021-02-12,NOT_EXPOSED,,,
M001,C0001291,2021-02-12,EXPOSED,2021-03-04,NO_RESPONSE,
M001,C0006162,2021-02-12,EXPOSED,2021-03-10,NO_RESPONSE,
M001,C0009913,2021-02-12,EXPOSED,2021-03-24,NO_RESPONSE,
M001,C0011243,2021-02-12,NOT_EXPOSED,,,
M001,C0014932,2021-02-12,EXPOSED,2021-03-28,NO_RESPONSE,
M001,C0002631,2021-02-13,EXPOSED,2021-03-29,NO_RESPONSE,
M001,C0005505,2021-02-13,NOT_EXPOSED,,,
M001,C0007305,2021-02-13,EXPOSED,2021-02-25,NO_RESPONSE,
M001,C0012602,2021-02-13,EXPOSED,2021-04-03,NO_RESPONSE,
M001,C0017781,2021-02-13,EXPOSED,2021-02-28,NO_RESPONSE,
M001,C0001432,2021-02-14,EXPOSED,2021-03-25,NO_RESPONSE,
M001,C0004314,2021-02-14,EXPOSED,2021-02-19,NO_RESPONSE,
M001,C0006083,2021-02-14,EXPOSED,2021-03-21,NO_RESPONSE,
M001,C0006402,2021-02-14,EXPOSED,2021-02-24,NO_RESPONSE,
M001,C0009336,2021-02-14,EXPOSED,2021-03-18,POSITIVE,2021-03-20
M001,C0010467,2021-02-14,EXPOSED,2021-04-17,NO_RESPONSE,
M001,C0015206,2021-02-14,EXPOSED,2021-03-27,NO_RESPONSE,
M001,C0018223,2021-02-14,EXPOSED,2021-02-14,NO_RESPONSE,
M001,C0001598,2021-02-15,EXPOSED,2021-03-15,NO_RESPONSE,
M001,C0003075,2021-02-15,EXPOSED,2021-03-07,NO_RESPONSE,
M001,C0005132,2021-02-15,EXPOSED,2021-03-16,NO_RESPONSE,
M001,C0005798,2021-02-15,EXPOSED,2021-03-28,NO_RESPONSE,
M001,C0006694,2021-02-15,EXPOSED,2021-03-27,NO_RESPONSE,
M001,C0007256,2021-02-15,EXPOSED,2021-04-01,NO_RESPONSE,
M001,C0010828,2021-02-15,EXPOSED,2021-02-26,NO_RESPONSE,
M001,C0012169,2021-02-15,EXPOSED,2021-02-26,NO_RESPONSE,
M001,C0012502,2021-02-15,EXPOSED,2021-03-08,POSITIVE,2021-03-09
M001,C0013832,2021-02-15,EXPOSED,2021-03-04,NO_RESPONSE,
M001,C0014301,2021-02-15,EXPOSED,2021-03-13,NO_RESPONSE,
M001,C0016466,2021-02-15,EXPOSED,2021-03-13,POSITIVE,2021-03-19
M001,C0017094,2021-02-15,EXPOSED,2021-03-13,NEUTRAL,2021-03-16
M001,C0001548,2021-02-16,EXPOSED,2021-03-16,NO_RESPONSE,
M001,C0005184,2021-02-16,EXPOSED,2021-03-29,POSITIVE,2021-04-08
M001,C0005614,2021-02-16,EXPOSED,2021-03-31,NO_RESPONSE,
M001,C0006404,2021-02-16,EXPOSED,2021-03-10,NO_RESPONSE,
M001,C0006539,2021-02-16,EXPOSED,2021-04-11,NO_RESPONSE,
M001,C0011818,2021-02-16,NOT_EXPOSED,,,
M001,C0013112,2021-02-16,EXPOSED,2021-02-18,NO_RESPONSE,
M001,C0013514,2021-02-16,EXPOSED,2021-03-15,NO_RESPONSE,
M001,C0013899,2021-02-16,EXPOSED,2021-02-20,NEGATIVE,2021-02-24
M001,C0014590,2021-02-16,EXPOSED,2021-03-12,NO_RESPONSE,
M001,C0014663,2021-02-16,EXPOSED,2021-03-01,NO_RESPONSE,
M001,C0015033,2021-02-16,EXPOSED,2021-03-09,NEGATIVE,2021-03-12
M001,C0015688,2021-02-16,EXPOSED,2021-03-18,NO_RESPONSE,
M001,C0000235,2021-02-17,EXPOSED,2021-02-20,NO_RESPONSE,
M001,C0002758,2021-02-17,EXPOSED,2021-04-03,NO_RESPONSE,
M001,C0003081,2021-02-17,EXPOSED,2021-02-17,NO_RESPONSE,
M001,C0006975,2021-02-17,EXPOSED,2021-03-11,NO_RESPONSE,
M001,C0007147,2021-02-17,EXPOSED,2021-02-25,NEUTRAL,2021-03-03
M001,C0008568,2021-02-17,EXPOSED,2021-03-06,NO_RESPONSE,
M001,C0013343,2021-02-17,EXPOSED,2021-03-01,NO_RESPONSE,
M001,C0013466,2021-02-17,EXPOSED,2021-03-20,NO_RESPONSE,
M001,C0017539,2021-02-17,NOT_EXPOSED,,,
M001,C0017842,2021-02-17,EXPOSED,2021-04-08,NO_RESPONSE,
M001,C0001648,2021-02-18,EXPOSED,2021-04-01,POSITIVE,2021-04-05
M001,C0004783,2021-02-18,EXPOSED,2021-03-28,NO_RESPONSE,
M001,C0005309,2021-02-18,EXPOSED,2021-03-12,NO_RESPONSE,
M001,C0005639,2021-02-18,EXPOSED,2021-03-13,NO_RESPONSE,
M001,C0009906,2021-02-18,EXPOSED,2021-04-06,POSITIVE,2021-04-18
M001,C0011840,2021-02-18,EXPOSED,2021-02-28,NO_RESPONSE,
M001,C0012882,2021-02-18,EXPOSED,2021-04-17,POSITIVE,2021-04-18
M001,C0014556,2021-02-18,EXPOSED,2021-03-28,POSITIVE,2021-04-01
M001,C0015576,2021-02-18,EXPOSED,2021-04-10,POSITIVE,2021-04-13
M001,C0015742,2021-02-18,EXPOSED,2021-03-02,NO_RESPONSE,
M001,C0017213,2021-02-18,EXPOSED,2021-02-19,NO_RESPONSE,
M001,C0000204,2021-02-19,EXPOSED,2021-04-15,NO_RESPONSE,
M001,C0000222,2021-02-19,EXPOSED,2021-03-14,NO_RESPONSE,
M001,C0003691,2021-02-19,EXPOSED,2021-04-25,NO_RESPONSE,
M001,C0006163,2021-02-19,EXPOSED,2021-04-06,NO_RESPONSE,
M001,C0008375,2021-02-19,EXPOSED,2021-04-22,NO_RESPONSE,
M001,C0008415,2021-02-19,EXPOSED,2021-03-27,POSITIVE,2021-03-30
M001,C0008630,2021-02-19,EXPOSED,2021-04-05,POSITIVE,2021-04-09
M001,C0009053,2021-02-19,EXPOSED,2021-04-10,NO_RESPONSE,
M001,C0011272,2021-02-19,EXPOSED,2021-02-24,NO_RESPONSE,
M001,C0012043,2021-02-19,EXPOSED,2021-03-16,NO_RESPONSE,
M001,C0015138,2021-02-19,EXPOSED,2021-04-07,NO_RESPONSE,
M001,C0015276,2021-02-19,EXPOSED,2021-04-12,NEUTRAL,2021-04-22
M001,C0016615,2021-02-19,EXPOSED,2021-02-21,NEGATIVE,2021-03-02
M001,C0003365,2021-02-20,EXPOSED,2021-03-16,NO_RESPONSE,
M001,C0004389,2021-02-20,EXPOSED,2021-04-05,NEUTRAL,2021-04-05
M001,C0005204,2021-02-20,EXPOSED,2021-04-01,NO_RESPONSE,
M001,C0005880,2021-02-20,EXPOSED,2021-04-05,NO_RESPONSE,
M001,C0007730,2021-02-20,EXPOSED,2021-02-25,NO_RESPONSE,
M001,C0010480,2021-02-20,EXPOSED,2021-03-20,NO_RESPONSE,
M001,C0013052,2021-02-20,NOT_EXPOSED,,,
M001,C0013484,2021-02-20,EXPOSED,2021-03-04,NEUTRAL,2021-03-08
M001,C0016121,2021-02-20,NOT_EXPOSED,,,
M001,C0017800,2021-02-20,EXPOSED,2021-03-29,NO_RESPONSE,
M001,C0002637,2021-02-21,EXPOSED,2021-03-02,NO_RESPONSE,
M001,C0003614,2021-02-21,EXPOSED,2021-03-01,NO_RESPONSE,
M001,C0005015,2021-02-21,EXPOSED,2021-03-15,NO_RESPONSE,
M001,C0005319,2021-02-21,NOT_EXPOSED,,,
M001,C0006323,2021-02-21,EXPOSED,2021-03-13,NO_RESPONSE,
M001,C0006421,2021-02-21,NOT_EXPOSED,,,
M001,C0006913,2021-02-21,EXPOSED,2021-03-24,NO_RESPONSE,
M001,C0007164,2021-02-21,EXPOSED,2021-02-22,NO_RESPONSE,
M001,C0009815,2021-02-21,EXPOSED,2021-03-30,NEUTRAL,2021-04-08
M001,C0010479,2021-02-21,EXPOSED,2021-03-16,NO_RESPONSE,
M001,C0010713,2021-02-21,EXPOSED,2021-03-07,NO_RESPONSE,
M001,C0011677,2021-02-21,EXPOSED,2021-02-28,NO_RESPONSE,
M001,C0012966,2021-02-21,EXPOSED,2021-03-26,NO_RESPONSE,
M001,C0015616,2021-02-21,EXPOSED,2021-02-24,NO_RESPONSE,
M001,C0015797,2021-02-21,EXPOSED,2021-03-23,NO_RESPONSE,
M001,C0016191,2021-02-21,EXPOSED,2021-03-13,NO_RESPONSE,
M001,C0018518,2021-02-21,EXPOSED,2021-03-29,NO_RESPONSE,
M001,C0019687,2021-02-21,EXPOSED,2021-03-23,NO_RESPONSE,
M001,C0000343,2021-02-22,NOT_EXPOSED,,,
M001,C0006581,2021-02-22,EXPOSED,2021-03-04,NO_RESPONSE,
M001,C0007664,2021-02-22,EXPOSED,2021-04-12,NO_RESPONSE,
M001,C0009239,2021-02-22,NOT_EXPOSED,,,
M001,C0014996,2021-02-22,EXPOSED,2021-04-06,NO_RESPONSE,
M001,C0019733,2021-02-22,EXPOSED,2021-03-10,NEUTRAL,2021-03-11
M001,C0000023,2021-02-23,EXPOSED,2021-03-13,NO_RESPONSE,
M001,C0001011,2021-02-23,NOT_EXPOSED,,,
M001,C0001897,2021-02-23,EXPOSED,2021-03-18,NO_RESPONSE,
M001,C0003532,2021-02-23,EXPOSED,2021-02-25,NO_RESPONSE,
M001,C0004791,2021-02-23,EXPOSED,2021-03-26,NO_RESPONSE,
M001,C0005692,2021-02-23,NOT_EXPOSED,,,
M001,C0007393,2021-02-23,EXPOSED,2021-04-03,NO_RESPONSE,
M001,C0011810,2021-02-23,EXPOSED,2021-03-24,NO_RESPONSE,
M001,C0013353,2021-02-23,EXPOSED,2021-02-28,NO_RESPONSE,
M001,C0015945,2021-02-23,EXPOSED,2021-04-06,NO_RESPONSE,
M001,C0016418,2021-02-23,EXPOSED,2021-04-02,NO_RESPONSE,
M001,C0016927,2021-02-23,EXPOSED,2021-03-09,NO_RESPONSE,
M001,C0018080,2021-02-23,EXPOSED,2021-03-31,NEUTRAL,2021-04-05
M001,C0018285,2021-02-23,EXPOSED,2021-03-11,NO_RESPONSE,
M001,C0003705,2021-02-24,EXPOSED,2021-03-17,NEUTRAL,2021-03-20
M001,C0004916,2021-02-24,EXPOSED,2021-04-04,NO_RESPONSE,
M001,C0005666,2021-02-24,EXPOSED,2021-03-19,NEUTRAL,2021-03-24
M001,C0006983,2021-02-24,EXPOSED,2021-04-17,NO_RESPONSE,
M001,C0008350,2021-02-24,EXPOSED,2021-03-05,NEUTRAL,2021-03-07
M001,C0010504,2021-02-24,EXPOSED,2021-04-10,NO_RESPONSE,
M001,C0011781,2021-02-24,EXPOSED,2021-04-03,NO_RESPONSE,
M001,C0012958,2021-02-24,EXPOSED,2021-03-22,NEUTRAL,2021-03-26
M001,C0013704,2021-02-24,EXPOSED,2021-03-31,NO_RESPONSE,
M001,C0014169,2021-02-24,EXPOSED,2021-03-26,NO_RESPONSE,
M001,C0018026,2021-02-24,EXPOSED,2021-03-02,NO_RESPONSE,
M001,C0018953,2021-02-24,EXPOSED,2021-03-06,NO_RESPONSE,
M001,C0019236,2021-02-24,EXPOSED,2021-03-26,NO_RESPONSE,
M001,C0000289,2021-02-25,EXPOSED,2021-03-17,NEUTRAL,2021-03-31
M001,C0000396,2021-02-25,EXPOSED,2021-03-29,NEUTRAL,2021-04-01
M001,C0000817,2021-02-25,EXPOSED,2021-03-21,NO_RESPONSE,
M001,C0008097,2021-02-25,EXPOSED,2021-04-13,NO_RESPONSE,
M001,C0012591,2021-02-25,EXPOSED,2021-03-06,NO_RESPONSE,
M001,C0013547,2021-02-25,EXPOSED,2021-03-01,NO_RESPONSE,
M001,C0013772,2021-02-25,NOT_EXPOSED,,,
M001,C0016027,2021-02-25,EXPOSED,2021-03-02,NO_RESPONSE,
M001,C0005005,2021-02-26,NOT_EXPOSED,,,
M001,C0007091,2021-02-26,EXPOSED,2021-02-28,NO_RESPONSE,
M001,C0007464,2021-02-26,EXPOSED,2021-03-14,NO_RESPONSE,
M001,C0010668,2021-02-26,EXPOSED,2021-04-12,NO_RESPONSE,
M001,C0011314,2021-02-26,NOT_EXPOSED,,,
M001,C0012468,2021-02-26,EXPOSED,2021-03-05,NO_RESPONSE,
M001,C0015374,2021-02-26,EXPOSED,2021-03-14,NO_RESPONSE,
M001,C0019816,2021-02-26,EXPOSED,2021-03-16,NO_RESPONSE,
M001,C0019920,2021-02-26,EXPOSED,2021-03-19,NO_RESPONSE,
M001,C0006790,2021-02-27,EXPOSED,2021-03-12,NO_RESPONSE,
M001,C0009702,2021-02-27,EXPOSED,2021-03-01,NO_RESPONSE,
M001,C0012192,2021-02-27,NOT_EXPOSED,,,
M001,C0018033,2021-02-27,NOT_EXPOSED,,,
M001,C0019242,2021-02-27,EXPOSED,2021-04-10,NO_RESPONSE,
M001,C0002209,2021-02-28,NOT_EXPOSED,,,
M001,C0003545,2021-02-28,EXPOSED,2021-03-29,NO_RESPONSE,
M001,C0004816,2021-02-28,EXPOSED,2021-03-02,NO_RESPONSE,
M001,C0006001,2021-02-28,EXPOSED,2021-03-29,POSITIVE,2021-04-03
M001,C0008278,2021-02-28,NOT_EXPOSED,,,
M001,C0008607,2021-02-28,NOT_EXPOSED,,,
M001,C0010535,2021-02-28,EXPOSED,2021-03-02,NO_RESPONSE,
M001,C0016618,2021-02-28,EXPOSED,2021-03-24,NO_RESPONSE,
M001,C0017316,2021-02-28,NOT_EXPOSED,,,
M001,C0017542,2021-02-28,EXPOSED,2021-03-31,NO_RESPONSE,
M001,C0018481,2021-02-28,EXPOSED,2021-03-20,NO_RESPONSE,
M001,C0018581,2021-02-28,NOT_EXPOSED,,,
M001,C0018976,2021-02-28,NOT_EXPOSED,,,
M001,C0000362,2021-03-01,EXPOSED,2021-03-07,NO_RESPONSE,
M001,C0001874,2021-03-01,EXPOSED,2021-04-10,NO_RESPONSE,
M001,C0005600,2021-03-01,EXPOSED,2021-03-01,NO_RESPONSE,
M001,C0005895,2021-03-01,EXPOSED,2021-03-29,NO_RESPONSE,
M001,C0006368,2021-03-01,EXPOSED,2021-03-24,NEUTRAL,2021-03-29
M001,C0007063,2021-03-01,NOT_EXPOSED,,,
M001,C0008300,2021-03-01,NOT_EXPOSED,,,
M001,C0013938,2021-03-01,EXPOSED,2021-03-15,NO_RESPONSE,
M001,C0014197,2021-03-01,EXPOSED,2021-03-02,POSITIVE,2021-03-23
M001,C0014259,2021-03-01,EXPOSED,2021-03-14,NEGATIVE,2021-03-16
M001,C0014679,2021-03-01,NOT_EXPOSED,,,
M001,C0019584,2021-03-01,EXPOSED,2021-03-27,NO_RESPONSE,
M001,C0019791,2021-03-01,EXPOSED,2021-03-10,NO_RESPONSE,
M001,C0001581,2021-03-02,EXPOSED,2021-04-14,POSITIVE,2021-04-26
M001,C0003526,2021-03-02,EXPOSED,2021-03-29,NO_RESPONSE,
M001,C0005035,2021-03-02,EXPOSED,2021-03-05,POSITIVE,2021-03-11
M001,C0007236,2021-03-02,EXPOSED,2021-04-10,NO_RESPONSE,
M001,C0008525,2021-03-02,NOT_EXPOSED,,,
M001,C0008830,2021-03-02,EXPOSED,2021-04-07,NO_RESPONSE,
M001,C0000182,2021-03-03,NOT_EXPOSED,,,
M001,C0001998,2021-03-03,EXPOSED,2021-03-26,NO_RESPONSE,
M001,C0003788,2021-03-03,EXPOSED,2021-03-20,POSITIVE,2021-03-21
M001,C0005042,2021-03-03,EXPOSED,2021-04-02,NO_RESPONSE,
M001,C0005254,2021-03-03,EXPOSED,2021-03-30,NO_RESPONSE,
M001,C0005496,2021-03-03,EXPOSED,2021-04-23,NO_RESPONSE,
M001,C0005738,2021-03-03,NOT_EXPOSED,,,
M001,C0008633,2021-03-03,EXPOSED,2021-03-04,NO_RESPONSE,
M001,C0009200,2021-03-03,NOT_EXPOSED,,,
M001,C0013758,2021-03-03,EXPOSED,2021-03-31,NO_RESPONSE,
M001,C0019194,2021-03-03,EXPOSED,2021-03-17,NO_RESPONSE,
M001,C0019408,2021-03-03,EXPOSED,2021-04-03,NO_RESPONSE,
M001,C0000105,2021-03-04,EXPOSED,2021-03-25,NO_RESPONSE,
M001,C0003182,2021-03-04,EXPOSED,2021-04-07,NO_RESPONSE,
M001,C0004899,2021-03-04,NOT_EXPOSED,,,
M001,C0006929,2021-03-04,EXPOSED,2021-03-30,NO_RESPONSE,
M001,C0009312,2021-03-04,EXPOSED,2021-03-25,NO_RESPONSE,
M001,C0011295,2021-03-04,EXPOSED,2021-04-03,POSITIVE,2021-04-10
M001,C0016600,2021-03-04,EXPOSED,2021-03-15,NO_RESPONSE,
M001,C0019597,2021-03-04,EXPOSED,2021-03-22,NO_RESPONSE,
M001,C0019863,2021-03-04,EXPOSED,2021-03-25,NO_RESPONSE,
M001,C0003427,2021-03-05,EXPOSED,2021-04-05,NO_RESPONSE,
M001,C0004951,2021-03-05,EXPOSED,2021-03-12,NO_RESPONSE,
M001,C0005978,2021-03-05,NOT_EXPOSED,,,
M001,C0007718,2021-03-05,EXPOSED,2021-04-18,POSITIVE,2021-04-26
M001,C0008022,2021-03-05,EXPOSED,2021-03-30,NO_RESPONSE,
M001,C0011482,2021-03-05,EXPOSED,2021-03-23,NO_RESPONSE,
M001,C0011898,2021-03-05,EXPOSED,2021-04-05,NO_RESPONSE,
M001,C0014279,2021-03-05,EXPOSED,2021-04-09,POSITIVE,2021-04-14
M001,C0015417,2021-03-05,NOT_EXPOSED,,,
M001,C0016216,2021-03-05,EXPOSED,2021-04-04,NO_RESPONSE,
M001,C0018528,2021-03-05,EXPOSED,2021-03-17,NO_RESPONSE,
M001,C0018548,2021-03-05,EXPOSED,2021-03-28,NO_RESPONSE,
M001,C0001206,2021-03-06,EXPOSED,2021-04-19,NEUTRAL,2021-04-28
M001,C0003128,2021-03-06,EXPOSED,2021-03-07,NEGATIVE,2021-03-10
M001,C0005916,2021-03-06,NOT_EXPOSED,,,
M001,C0008806,2021-03-06,EXPOSED,2021-04-08,NEGATIVE,2021-04-12
M001,C0009962,2021-03-06,EXPOSED,2021-03-16,NO_RESPONSE,
M001,C0011564,2021-03-06,EXPOSED,2021-03-20,NO_RESPONSE,
M001,C0011928,2021-03-06,EXPOSED,2021-03-19,POSITIVE,2021-03-21
M001,C0014992,2021-03-06,EXPOSED,2021-03-21,NO_RESPONSE,
M001,C0015578,2021-03-06,EXPOSED,2021-03-09,NO_RESPONSE,
M001,C0017105,2021-03-06,EXPOSED,2021-03-24,NO_RESPONSE,
M001,C0000670,2021-03-07,EXPOSED,2021-04-16,NO_RESPONSE,
M001,C0001052,2021-03-07,EXPOSED,2021-03-24,NO_RESPONSE,
M001,C0001706,2021-03-07,EXPOSED,2021-03-12,POSITIVE,2021-03-15
M001,C0003384,2021-03-07,EXPOSED,2021-03-16,NO_RESPONSE,
M001,C0005503,2021-03-07,EXPOSED,2021-03-20,NO_RESPONSE,
M001,C0007862,2021-03-07,EXPOSED,2021-04-23,NO_RESPONSE,
M001,C0008423,2021-03-07,NOT_EXPOSED,,,
M001,C0012164,2021-03-07,EXPOSED,2021-04-18,NO_RESPONSE,
M001,C0012175,2021-03-07,EXPOSED,2021-03-10,NO_RESPONSE,
M001,C0013414,2021-03-07,EXPOSED,2021-03-08,NO_RESPONSE,
M001,C0016045,2021-03-07,EXPOSED,2021-03-17,NEGATIVE,2021-03-18
M001,C0018462,2021-03-07,NOT_EXPOSED,,,
M001,C0019308,2021-03-07,EXPOSED,2021-04-18,NO_RESPONSE,
M001,C0002491,2021-03-08,EXPOSED,2021-03-26,NO_RESPONSE,
M001,C0014101,2021-03-08,EXPOSED,2021-04-08,NO_RESPONSE,
M001,C0014926,2021-03-08,EXPOSED,2021-03-13,NO_RESPONSE,
M001,C0015104,2021-03-08,EXPOSED,2021-03-24,NEUTRAL,2021-03-30
M001,C0015575,2021-03-08,EXPOSED,2021-03-24,POSITIVE,2021-04-01
M001,C0018900,2021-03-08,EXPOSED,2021-04-07,NO_RESPONSE,
M001,C0000768,2021-03-09,EXPOSED,2021-03-24,NO_RESPONSE,
M001,C0001038,2021-03-09,EXPOSED,2021-03-17,POSITIVE,2021-03-23
M001,C0006110,2021-03-09,NOT_EXPOSED,,,
M001,C0006220,2021-03-09,EXPOSED,2021-04-14,NO_RESPONSE,
M001,C0009406,2021-03-09,EXPOSED,2021-03-19,NEUTRAL,2021-03-19
M001,C0010917,2021-03-09,EXPOSED,2021-03-12,NO_RESPONSE,
M001,C0012541,2021-03-09,EXPOSED,2021-03-29,NEUTRAL,2021-04-01
M001,C0014168,2021-03-09,NOT_EXPOSED,,,
M001,C0017476,2021-03-09,EXPOSED,2021-03-18,NO_RESPONSE,
M001,C0000709,2021-03-10,EXPOSED,2021-03-27,NO_RESPONSE,
M001,C0003522,2021-03-10,EXPOSED,2021-04-14,POSITIVE,2021-04-16
M001,C0004972,2021-03-10,EXPOSED,2021-04-09,POSITIVE,2021-04-20
M001,C0005714,2021-03-10,EXPOSED,2021-03-10,NO_RESPONSE,
M001,C0009207,2021-03-10,EXPOSED,2021-03-13,NO_RESPONSE,
M001,C0010119,2021-03-10,EXPOSED,2021-03-11,NO_RESPONSE,
M001,C0010128,2021-03-10,EXPOSED,2021-04-20,NEGATIVE,2021-04-22
M001,C0010137,2021-03-10,NOT_EXPOSED,,,
M001,C0013713,2021-03-10,EXPOSED,2021-03-19,NEUTRAL,2021-03-24
M001,C0014320,2021-03-10,EXPOSED,2021-04-05,NO_RESPONSE,
M001,C0019099,2021-03-10,EXPOSED,2021-03-29,NO_RESPONSE,
M001,C0001950,2021-03-11,EXPOSED,2021-04-20,NO_RESPONSE,
M001,C0002025,2021-03-11,EXPOSED,2021-03-16,NO_RESPONSE,
M001,C0004298,2021-03-11,EXPOSED,2021-03-13,NO_RESPONSE,
M001,C0006271,2021-03-11,EXPOSED,2021-03-18,NO_RESPONSE,
M001,C0007455,2021-03-11,EXPOSED,2021-03-28,NO_RESPONSE,
M001,C0008299,2021-03-11,EXPOSED,2021-03-20,NO_RESPONSE,
M001,C0011299,2021-03-11,EXPOSED,2021-04-26,NO_RESPONSE,
M001,C0011598,2021-03-11,EXPOSED,2021-03-20,NO_RESPONSE,
M001,C0012304,2021-03-11,EXPOSED,2021-03-23,NO_RESPONSE,
M001,C0014270,2021-03-11,NOT_EXPOSED,,,
M001,C0015598,2021-03-11,EXPOSED,2021-03-30,NO_RESPONSE,
M001,C0018401,2021-03-11,EXPOSED,2021-04-11,NO_RESPONSE,
M001,C0018455,2021-03-11,EXPOSED,2021-03-29,NO_RESPONSE,
M001,C0000887,2021-03-12,EXPOSED,2021-03-31,NO_RESPONSE,
M001,C0005361,2021-03-12,EXPOSED,2021-04-10,NO_RESPONSE,
M001,C0006027,2021-03-12,EXPOSED,2021-04-06,NO_RESPONSE,
M001,C0012487,2021-03-12,EXPOSED,2021-04-13,NO_RESPONSE,
M001,C0013045,2021-03-12,EXPOSED,2021-03-17,NO_RESPONSE,
M001,C0013957,2021-03-12,EXPOSED,2021-03-25,NO_RESPONSE,
M001,C0014938,2021-03-12,EXPOSED,2021-03-31,NO_RESPONSE,
M001,C0017359,2021-03-12,EXPOSED,2021-03-26,NO_RESPONSE,
M001,C0018690,2021-03-12,EXPOSED,2021-03-14,NO_RESPONSE,
M001,C0000482,2021-03-13,EXPOSED,2021-04-13,POSITIVE,2021-04-14
M001,C0002550,2021-03-13,EXPOSED,2021-03-31,NO_RESPONSE,
M001,C0005808,2021-03-13,EXPOSED,2021-03-26,NEGATIVE,2021-03-28
M001,C0008664,2021-03-13,EXPOSED,2021-03-31,NO_RESPONSE,
M001,C0009882,2021-03-13,EXPOSED,2021-04-09,NO_RESPONSE,
M001,C0012615,2021-03-13,EXPOSED,2021-04-03,NO_RESPONSE,
M001,C0015927,2021-03-13,NOT_EXPOSED,,,
M001,C0017047,2021-03-13,EXPOSED,2021-04-08,NO_RESPONSE,
M001,C0018336,2021-03-13,EXPOSED,2021-03-24,NO_RESPONSE,
M001,C0019133,2021-03-13,EXPOSED,2021-04-04,NO_RESPONSE,
M001,C0002745,2021-03-14,EXPOSED,2021-03-23,NO_RESPONSE,
M001,C0005353,2021-03-14,EXPOSED,2021-03-26,NO_RESPONSE,
M001,C0005485,2021-03-14,EXPOSED,2021-03-16,NO_RESPONSE,
M001,C0006393,2021-03-14,EXPOSED,2021-04-09,NO_RESPONSE,
M001,C0008046,2021-03-14,EXPOSED,2021-03-25,NO_RESPONSE,
M001,C0010040,2021-03-14,EXPOSED,2021-04-16,NO_RESPONSE,
M001,C0013581,2021-03-14,EXPOSED,2021-03-24,NO_RESPONSE,
M001,C0014973,2021-03-14,EXPOSED,2021-03-31,POSITIVE,2021-04-01
M001,C0019736,2021-03-14,EXPOSED,2021-03-23,POSITIVE,2021-04-01
M001,C0000262,2021-03-15,NOT_EXPOSED,,,
M001,C0000753,2021-03-15,EXPOSED,2021-04-21,NO_RESPONSE,
M001,C0002415,2021-03-15,NOT_EXPOSED,,,
M001,C0003249,2021-03-15,EXPOSED,2021-04-29,NO_RESPONSE,
M001,C0005094,2021-03-15,NOT_EXPOSED,,,
M001,C0007114,2021-03-15,NOT_EXPOSED,,,
M001,C0009338,2021-03-15,EXPOSED,2021-04-12,NO_RESPONSE,
M001,C0009704,2021-03-15,EXPOSED,2021-03-22,NO_RESPONSE,
M001,C0010245,2021-03-15,EXPOSED,2021-03-22,NO_RESPONSE,
M001,C0012892,2021-03-15,EXPOSED,2021-03-16,NO_RESPONSE,
M001,C0016480,2021-03-15,NOT_EXPOSED,,,
M001,C0017737,2021-03-15,EXPOSED,2021-04-06,POSITIVE,2021-04-10
M001,C0001342,2021-03-16,EXPOSED,2021-04-04,NO_RESPONSE,
M001,C0001693,2021-03-16,EXPOSED,2021-04-07,NO_RESPONSE,
M001,C0003711,2021-03-16,EXPOSED,2021-03-24,NO_RESPONSE,
M001,C0004082,2021-03-16,EXPOSED,2021-04-03,POSITIVE,2021-04-13
M001,C0004471,2021-03-16,NOT_EXPOSED,,,
M001,C0007092,2021-03-16,NOT_EXPOSED,,,
M001,C0008785,2021-03-16,EXPOSED,2021-03-28,NO_RESPONSE,
M001,C0012679,2021-03-16,NOT_EXPOSED,,,
M001,C0012826,2021-03-16,EXPOSED,2021-03-30,NO_RESPONSE,
M001,C0018905,2021-03-16,EXPOSED,2021-03-16,NO_RESPONSE,
M001,C0018957,2021-03-16,NOT_EXPOSED,,,
M001,C0003930,2021-03-17,EXPOSED,2021-03-24,NO_RESPONSE,
M001,C0004233,2021-03-17,EXPOSED,2021-04-02,NO_RESPONSE,
M001,C0004961,2021-03-17,NOT_EXPOSED,,,
M001,C0005274,2021-03-17,EXPOSED,2021-03-29,NO_RESPONSE,
M001,C0005445,2021-03-17,EXPOSED,2021-04-08,NO_RESPONSE,
M001,C0006211,2021-03-17,NOT_EXPOSED,,,
M001,C0007896,2021-03-17,EXPOSED,2021-04-12,NO_RESPONSE,
M001,C0008049,2021-03-17,EXPOSED,2021-03-20,NO_RESPONSE,
M001,C0009420,2021-03-17,EXPOSED,2021-03-26,NO_RESPONSE,
M001,C0016633,2021-03-17,EXPOSED,2021-04-17,NO_RESPONSE,
M001,C0002297,2021-03-18,EXPOSED,2021-04-03,NO_RESPONSE,
M001,C0003021,2021-03-18,NOT_EXPOSED,,,
M001,C0004146,2021-03-18,EXPOSED,2021-03-27,NO_RESPONSE,
M001,C0007770,2021-03-18,EXPOSED,2021-04-15,NO_RESPONSE,
M001,C0009449,2021-03-18,EXPOSED,2021-04-02,NO_RESPONSE,
M001,C0015903,2021-03-18,EXPOSED,2021-03-26,NO_RESPONSE,
M001,C0016425,2021-03-18,NOT_EXPOSED,,,
M001,C0016541,2021-03-18,EXPOSED,2021-03-25,NO_RESPONSE,
M001,C0017440,2021-03-18,EXPOSED,2021-04-27,NO_RESPONSE,
M001,C0000162,2021-03-19,EXPOSED,2021-04-24,NO_RESPONSE,
M001,C0002442,2021-03-19,EXPOSED,2021-04-04,NO_RESPONSE,
M001,C0009993,2021-03-19,EXPOSED,2021-04-20,NO_RESPONSE,
M001,C0013121,2021-03-19,EXPOSED,2021-03-26,NO_RESPONSE,
M001,C0017868,2021-03-19,EXPOSED,2021-04-25,NO_RESPONSE,
M001,C0018809,2021-03-19,EXPOSED,2021-04-08,NO_RESPONSE,
M001,C0000532,2021-03-20,EXPOSED,2021-04-26,NO_RESPONSE,
M001,C0004012,2021-03-20,EXPOSED,2021-03-27,NO_RESPONSE,
M001,C0004382,2021-03-20,EXPOSED,2021-04-02,NO_RESPONSE,
M001,C0004813,2021-03-20,EXPOSED,2021-04-22,NO_RESPONSE,
M001,C0006140,2021-03-20,EXPOSED,2021-04-14,NO_RESPONSE,
M001,C0008190,2021-03-20,EXPOSED,2021-04-13,NO_RESPONSE,
M001,C0012375,2021-03-20,EXPOSED,2021-03-23,POSITIVE,2021-04-03
M001,C0013072,2021-03-20,EXPOSED,2021-04-03,NO_RESPONSE,
M001,C0015524,2021-03-20,EXPOSED,2021-03-24,NEUTRAL,2021-04-01
M001,C0002580,2021-03-21,EXPOSED,2021-03-28,POSITIVE,2021-04-07
M001,C0003593,2021-03-21,EXPOSED,2021-04-25,NO_RESPONSE,
M001,C0004325,2021-03-21,EXPOSED,2021-03-22,NO_RESPONSE,
M001,C0006614,2021-03-21,EXPOSED,2021-04-14,NO_RESPONSE,
M001,C0007646,2021-03-21,EXPOSED,2021-04-04,NO_RESPONSE,
M001,C0008357,2021-03-21,EXPOSED,2021-04-21,NO_RESPONSE,
M001,C0009346,2021-03-21,EXPOSED,2021-04-03,POSITIVE,2021-04-04
M001,C0015250,2021-03-21,EXPOSED,2021-04-19,NO_RESPONSE,
M001,C0008314,2021-03-22,EXPOSED,2021-04-07,NO_RESPONSE,
M001,C0009524,2021-03-22,EXPOSED,2021-03-26,NEGATIVE,2021-04-02
M001,C0009662,2021-03-22,EXPOSED,2021-04-23,NO_RESPONSE,
M001,C0011215,2021-03-22,EXPOSED,2021-03-29,POSITIVE,2021-03-29
M001,C0015803,2021-03-22,NOT_EXPOSED,,,
M001,C0016678,2021-03-22,EXPOSED,2021-04-07,POSITIVE,2021-04-12
M001,C0002937,2021-03-23,EXPOSED,2021-04-03,NO_RESPONSE,
M001,C0005708,2021-03-23,NOT_EXPOSED,,,
M001,C0012363,2021-03-23,EXPOSED,2021-04-19,NO_RESPONSE,
M001,C0015340,2021-03-23,EXPOSED,2021-03-31,NO_RESPONSE,
M001,C0015527,2021-03-23,EXPOSED,2021-04-13,NO_RESPONSE,
M001,C0002891,2021-03-24,EXPOSED,2021-03-31,NO_RESPONSE,
M001,C0007900,2021-03-24,EXPOSED,2021-03-29,POSITIVE,2021-04-02
M001,C0010404,2021-03-24,EXPOSED,2021-04-12,NO_RESPONSE,
M001,C0015293,2021-03-24,EXPOSED,2021-04-10,NO_RESPONSE,
M001,C0015410,2021-03-24,EXPOSED,2021-04-20,NO_RESPONSE,
M001,C0019642,2021-03-24,EXPOSED,2021-04-07,NO_RESPONSE,
M001,C0006745,2021-03-25,EXPOSED,2021-03-27,NO_RESPONSE,
M001,C0006907,2021-03-25,EXPOSED,2021-04-02,POSITIVE,2021-04-10
M001,C0008737,2021-03-25,EXPOSED,2021-04-02,NO_RESPONSE,
M001,C0017032,2021-03-25,NOT_EXPOSED,,,
M001,C0017875,2021-03-25,EXPOSED,2021-04-01,POSITIVE,2021-04-08
M001,C0000267,2021-03-26,EXPOSED,2021-04-20,POSITIVE,2021-04-21
M001,C0001001,2021-03-26,EXPOSED,2021-04-17,NO_RESPONSE,
M001,C0003121,2021-03-26,EXPOSED,2021-04-01,NO_RESPONSE,
M001,C0004461,2021-03-26,EXPOSED,2021-03-30,NO_RESPONSE,
M001,C0008912,2021-03-26,EXPOSED,2021-04-07,NEUTRAL,2021-04-09
M001,C0010231,2021-03-26,EXPOSED,2021-04-11,NEUTRAL,2021-04-13
M001,C0019415,2021-03-26,EXPOSED,2021-03-27,POSITIVE,2021-03-31
M001,C0001025,2021-03-27,EXPOSED,2021-04-12,NO_RESPONSE,
M001,C0001486,2021-03-27,EXPOSED,2021-04-26,NO_RESPONSE,
M001,C0002820,2021-03-27,EXPOSED,2021-04-10,NEGATIVE,2021-04-11
M001,C0002972,2021-03-27,EXPOSED,2021-04-04,NO_RESPONSE,
M001,C0006137,2021-03-27,EXPOSED,2021-04-14,NO_RESPONSE,
M001,C0012299,2021-03-27,EXPOSED,2021-04-12,NO_RESPONSE,
M001,C0004563,2021-03-28,EXPOSED,2021-04-05,NO_RESPONSE,
M001,C0004568,2021-03-28,NOT_EXPOSED,,,
M001,C0006783,2021-03-28,EXPOSED,2021-04-28,NO_RESPONSE,
M001,C0007239,2021-03-28,EXPOSED,2021-04-08,NO_RESPONSE,
M001,C0008068,2021-03-28,EXPOSED,2021-03-29,NO_RESPONSE,
M001,C0012854,2021-03-28,EXPOSED,2021-04-01,NO_RESPONSE,
M001,C0013267,2021-03-28,EXPOSED,2021-04-15,POSITIVE,2021-04-16
M001,C0017126,2021-03-28,EXPOSED,2021-04-10,NO_RESPONSE,
M001,C0000841,2021-03-29,EXPOSED,2021-04-12,NO_RESPONSE,
M001,C0001801,2021-03-29,EXPOSED,2021-04-08,NO_RESPONSE,
M001,C0003949,2021-03-29,EXPOSED,2021-04-11,NO_RESPONSE,
M001,C0004456,2021-03-29,EXPOSED,2021-04-27,NO_RESPONSE,
M001,C0012224,2021-03-29,EXPOSED,2021-04-14,NO_RESPONSE,
M001,C0014747,2021-03-29,EXPOSED,2021-04-04,NO_RESPONSE,
M001,C0014924,2021-03-29,EXPOSED,2021-04-10,NO_RESPONSE,
M001,C0015452,2021-03-29,EXPOSED,2021-04-24,NO_RESPONSE,
M001,C0016637,2021-03-29,EXPOSED,2021-04-19,NO_RESPONSE,
M001,C0019839,2021-03-29,EXPOSED,2021-04-08,NO_RESPONSE,
M001,C0001084,2021-03-30,EXPOSED,2021-04-17,NO_RESPONSE,
M001,C0007832,2021-03-30,EXPOSED,2021-04-02,NO_RESPONSE,
M001,C0012090,2021-03-30,EXPOSED,2021-04-12,NO_RESPONSE,
M001,C0016228,2021-03-30,EXPOSED,2021-04-20,NO_RESPONSE,
M001,C0017140,2021-03-30,EXPOSED,2021-04-18,NO_RESPONSE,
M001,C0018155,2021-03-30,EXPOSED,2021-04-09,NO_RESPONSE,
M001,C0019049,2021-03-30,EXPOSED,2021-04-05,NO_RESPONSE,
M001,C0019360,2021-03-30,EXPOSED,2021-04-09,NO_RESPONSE,
M001,C0000275,2021-03-31,EXPOSED,2021-04-26,NO_RESPONSE,
M001,C0001374,2021-03-31,EXPOSED,2021-04-12,NO_RESPONSE,
M001,C0004680,2021-03-31,EXPOSED,2021-04-20,NO_RESPONSE,
M001,C0004842,2021-03-31,EXPOSED,2021-04-11,NO_RESPONSE,
M001,C0010642,2021-03-31,EXPOSED,2021-04-13,NEUTRAL,2021-04-14
M001,C0019872,2021-03-31,EXPOSED,2021-04-24,NO_RESPONSE,
M001,C0001183,2021-04-01,EXPOSED,2021-04-01,NO_RESPONSE,
M001,C0003332,2021-04-01,NOT_EXPOSED,,,
M001,C0003633,2021-04-01,EXPOSED,2021-04-13,NO_RESPONSE,
M001,C0003822,2021-04-01,EXPOSED,2021-04-09,NO_RESPONSE,
M001,C0003907,2021-04-01,EXPOSED,2021-04-27,POSITIVE,2021-04-27
M001,C0004841,2021-04-01,EXPOSED,2021-04-12,NO_RESPONSE,
M001,C0006278,2021-04-01,NOT_EXPOSED,,,
M001,C0007846,2021-04-01,EXPOSED,2021-04-12,NO_RESPONSE,
M001,C0011311,2021-04-01,EXPOSED,2021-04-21,NO_RESPONSE,
M001,C0011758,2021-04-01,EXPOSED,2021-04-22,POSITIVE,2021-04-30
M001,C0011881,2021-04-01,NOT_EXPOSED,,,
M001,C0011932,2021-04-01,EXPOSED,2021-04-08,POSITIVE,2021-04-09
M001,C0013269,2021-04-01,EXPOSED,2021-04-03,NO_RESPONSE,
M001,C0015048,2021-04-01,EXPOSED,2021-04-08,NO_RESPONSE,
M001,C0018259,2021-04-01,EXPOSED,2021-04-08,NO_RESPONSE,
M001,C0019809,2021-04-01,EXPOSED,2021-04-06,NO_RESPONSE,
M001,C0003123,2021-04-02,NOT_EXPOSED,,,
M001,C0003449,2021-04-02,EXPOSED,2021-04-20,NO_RESPONSE,
M001,C0006274,2021-04-02,EXPOSED,2021-04-10,NO_RESPONSE,
M001,C0006279,2021-04-02,EXPOSED,2021-04-04,NEUTRAL,2021-04-05
M001,C0010252,2021-04-02,EXPOSED,2021-04-11,NO_RESPONSE,
M001,C0013499,2021-04-02,EXPOSED,2021-04-02,NEUTRAL,2021-04-06
M001,C0000079,2021-04-03,EXPOSED,2021-04-09,NO_RESPONSE,
M001,C0000210,2021-04-03,EXPOSED,2021-04-14,NO_RESPONSE,
M001,C0004726,2021-04-03,EXPOSED,2021-04-09,NEUTRAL,2021-04-12
M001,C0008792,2021-04-03,NOT_EXPOSED,,,
M001,C0015818,2021-04-03,EXPOSED,2021-04-14,NEGATIVE,2021-04-22
M001,C0017013,2021-04-03,EXPOSED,2021-04-27,NO_RESPONSE,
M001,C0017455,2021-04-03,EXPOSED,2021-04-11,NO_RESPONSE,
M001,C0017658,2021-04-03,NOT_EXPOSED,,,
M001,C0019908,2021-04-03,EXPOSED,2021-04-20,NO_RESPONSE,
M001,C0001708,2021-04-04,EXPOSED,2021-04-09,NO_RESPONSE,
M001,C0004047,2021-04-04,EXPOSED,2021-04-17,NEGATIVE,2021-04-19
M001,C0012162,2021-04-04,EXPOSED,2021-04-18,NO_RESPONSE,
M001,C0015805,2021-04-04,EXPOSED,2021-04-07,NO_RESPONSE,
M001,C0017571,2021-04-04,NOT_EXPOSED,,,
M001,C0000048,2021-04-05,NOT_EXPOSED,,,
M001,C0001383,2021-04-05,EXPOSED,2021-04-13,NO_RESPONSE,
M001,C0003590,2021-04-05,EXPOSED,2021-04-22,NO_RESPONSE,
M001,C0009603,2021-04-05,EXPOSED,2021-04-18,NO_RESPONSE,
M001,C0011415,2021-04-05,NOT_EXPOSED,,,
M001,C0008535,2021-04-06,EXPOSED,2021-04-18,NEUTRAL,2021-04-18
M001,C0010803,2021-04-06,EXPOSED,2021-04-25,NO_RESPONSE,
M001,C0017245,2021-04-06,EXPOSED,2021-04-18,NO_RESPONSE,
M001,C0002816,2021-04-07,NOT_EXPOSED,,,
M001,C0015858,2021-04-07,NOT_EXPOSED,,,
M001,C0017263,2021-04-07,NOT_EXPOSED,,,
M001,C0000592,2021-04-08,EXPOSED,2021-04-15,NO_RESPONSE,
M001,C0001522,2021-04-08,EXPOSED,2021-04-21,NO_RESPONSE,
M001,C0001593,2021-04-08,NOT_EXPOSED,,,
M001,C0015099,2021-04-08,EXPOSED,2021-04-09,NO_RESPONSE,
M001,C0015731,2021-04-08,EXPOSED,2021-04-27,NO_RESPONSE,
M001,C0017025,2021-04-08,EXPOSED,2021-04-15,NO_RESPONSE,
M001,C0004339,2021-04-09,EXPOSED,2021-04-20,NO_RESPONSE,
M001,C0005140,2021-04-09,EXPOSED,2021-04-20,NO_RESPONSE,
M001,C0006555,2021-04-09,NOT_EXPOSED,,,
M001,C0012630,2021-04-09,EXPOSED,2021-04-16,NO_RESPONSE,
M001,C0003024,2021-04-10,EXPOSED,2021-04-14,NO_RESPONSE,
M001,C0016557,2021-04-10,EXPOSED,2021-04-16,NO_RESPONSE,
M001,C0006003,2021-04-11,EXPOSED,2021-04-22,NO_RESPONSE,
M001,C0007930,2021-04-11,EXPOSED,2021-04-15,NO_RESPONSE,
M001,C0004269,2021-04-12,EXPOSED,2021-04-25,NO_RESPONSE,
M001,C0005656,2021-04-12,EXPOSED,2021-04-14,NO_RESPONSE,
M001,C0009471,2021-04-13,EXPOSED,2021-04-15,NO_RESPONSE,
M001,C0009505,2021-04-13,EXPOSED,2021-04-15,NO_RESPONSE,
M001,C0010310,2021-04-13,EXPOSED,2021-04-22,NO_RESPONSE,
M001,C0014548,2021-04-13,EXPOSED,2021-04-15,NEGATIVE,2021-04-20
M001,C0014612,2021-04-13,EXPOSED,2021-04-24,NO_RESPONSE,
M001,C0016594,2021-04-13,EXPOSED,2021-04-19,NO_RESPONSE,
M001,C0002380,2021-04-14,EXPOSED,2021-04-18,NO_RESPONSE,
M001,C0004206,2021-04-14,NOT_EXPOSED,,,
M001,C0000387,2021-04-15,EXPOSED,2021-04-23,NO_RESPONSE,
M001,C0000646,2021-04-15,EXPOSED,2021-04-23,POSITIVE,2021-04-25
M001,C0002706,2021-04-15,EXPOSED,2021-04-18,POSITIVE,2021-04-20
M001,C0008894,2021-04-15,EXPOSED,2021-04-28,NO_RESPONSE,
M001,C0014765,2021-04-15,NOT_EXPOSED,,,
M001,C0003439,2021-04-16,NOT_EXPOSED,,,
M001,C0013882,2021-04-16,EXPOSED,2021-04-25,NEUTRAL,2021-04-26
M001,C0016209,2021-04-16,NOT_EXPOSED,,,
M001,C0003207,2021-04-17,NOT_EXPOSED,,,
M001,C0010723,2021-04-17,NOT_EXPOSED,,,
M001,C0012798,2021-04-17,EXPOSED,2021-04-23,NO_RESPONSE,
M001,C0016277,2021-04-17,EXPOSED,2021-04-20,NO_RESPONSE,
M001,C0008958,2021-04-19,EXPOSED,2021-04-21,POSITIVE,2021-04-26
M001,C0009260,2021-04-19,EXPOSED,2021-04-23,NO_RESPONSE,
M001,C0009355,2021-04-19,EXPOSED,2021-04-21,NO_RESPONSE,
M001,C0010794,2021-04-19,EXPOSED,2021-04-20,NO_RESPONSE,
M001,C0000966,2021-04-20,EXPOSED,2021-04-26,NO_RESPONSE,
M001,C0012938,2021-04-20,EXPOSED,2021-04-21,NO_RESPONSE,
M001,C0000031,2021-04-21,EXPOSED,2021-04-24,NEUTRAL,2021-04-28
M001,C0004443,2021-04-21,EXPOSED,2021-04-26,POSITIVE,2021-04-27
M001,C0011105,2021-04-21,EXPOSED,2021-04-26,NO_RESPONSE,
M001,C0016354,2021-04-21,EXPOSED,2021-04-26,NO_RESPONSE,
M001,C0017249,2021-04-22,NOT_EXPOSED,,,
M001,C0002712,2021-04-24,EXPOSED,2021-04-25,POSITIVE,2021-04-27
M001,C0015227,2021-04-25,EXPOSED,2021-04-27,NEGATIVE,2021-05-07
M001,C0009064,2021-04-27,EXPOSED,2021-04-28,POSITIVE,2021-05-02
M001,C0016769,2021-04-29,NOT_EXPOSED,,,
M002,C0004441,2021-03-17,EXPOSED,2021-06-16,NEGATIVE,2021-07-14
M002,C0009621,2021-03-20,EXPOSED,2021-06-03,NO_RESPONSE,
M002,C0010492,2021-03-23,EXPOSED,2021-05-27,NO_RESPONSE,
M002,C0019078,2021-03-23,EXPOSED,2021-05-21,NO_RESPONSE,
M002,C0009765,2021-03-31,EXPOSED,2021-05-31,NO_RESPONSE,
M002,C0015703,2021-03-31,EXPOSED,2021-04-18,NEGATIVE,2021-05-05
M002,C0006698,2021-04-05,EXPOSED,2021-04-26,NO_RESPONSE,
M002,C0012168,2021-04-11,NOT_EXPOSED,,,
M002,C0010511,2021-04-16,NOT_EXPOSED,,,
M002,C0010627,2021-04-16,NOT_EXPOSED,,,
M002,C0008106,2021-04-20,NOT_EXPOSED,,,
M002,C0003727,2021-04-21,EXPOSED,2021-05-10,POSITIVE,2021-05-23
M002,C0010042,2021-05-15,EXPOSED,2021-06-01,NO_RESPONSE,
M002,C0001518,2021-05-16,EXPOSED,2021-05-21,NO_RESPONSE,
M002,C0013480,2021-05-21,EXPOSED,2021-06-03,NO_RESPONSE,
M002,C0019264,2021-05-27,NOT_EXPOSED,,,
M002,C0006857,2021-06-02,EXPOSED,2021-06-03,NO_RESPONSE,
M002,C0017192,2021-06-03,EXPOSED,2021-06-20,NO_RESPONSE,
M003,C0000286,2021-07-01,EXPOSED,2021-09-01,NO_RESPONSE,
M003,C0000289,2021-07-01,EXPOSED,2021-08-18,NO_RESPONSE,
M003,C0001937,2021-07-01,NOT_EXPOSED,,,
M003,C0002050,2021-07-01,EXPOSED,2021-07-15,NO_RESPONSE,
M003,C0005867,2021-07-01,EXPOSED,2021-08-11,NEGATIVE,2021-08-15
M003,C0008952,2021-07-01,EXPOSED,2021-07-03,NEUTRAL,2021-07-05
M003,C0013553,2021-07-01,EXPOSED,2021-08-20,POSITIVE,2021-08-22
M003,C0000433,2021-07-02,EXPOSED,2021-08-26,NO_RESPONSE,
M003,C0000554,2021-07-02,EXPOSED,2021-07-15,NO_RESPONSE,
M003,C0006341,2021-07-02,EXPOSED,2021-07-22,NO_RESPONSE,
M003,C0008389,2021-07-02,EXPOSED,2021-08-09,NO_RESPONSE,
M003,C0012369,2021-07-02,NOT_EXPOSED,,,
M003,C0014377,2021-07-02,EXPOSED,2021-08-10,POSITIVE,2021-08-13
M003,C0015416,2021-07-02,NOT_EXPOSED,,,
M003,C0016041,2021-07-02,NOT_EXPOSED,,,
M003,C0017318,2021-07-02,EXPOSED,2021-08-17,NO_RESPONSE,
M003,C0018411,2021-07-02,EXPOSED,2021-08-24,NO_RESPONSE,
M003,C0000722,2021-07-03,NOT_EXPOSED,,,
M003,C0001156,2021-07-03,EXPOSED,2021-09-16,NO_RESPONSE,
M003,C0003021,2021-07-03,NOT_EXPOSED,,,
M003,C0003954,2021-07-03,EXPOSED,2021-08-28,NO_RESPONSE,
M003,C0004265,2021-07-03,EXPOSED,2021-07-09,NO_RESPONSE,
M003,C0004480,2021-07-03,NOT_EXPOSED,,,
M003,C0004879,2021-07-03,EXPOSED,2021-08-23,NO_RESPONSE,
M003,C0005091,2021-07-03,EXPOSED,2021-08-08,NO_RESPONSE,
M003,C0005162,2021-07-03,EXPOSED,2021-09-15,NO_RESPONSE,
M003,C0008324,2021-07-03,EXPOSED,2021-07-28,NO_RESPONSE,
M003,C0008716,2021-07-03,EXPOSED,2021-09-13,NO_RESPONSE,
M003,C0010734,2021-07-03,EXPOSED,2021-07-25,NO_RESPONSE,
M003,C0011056,2021-07-03,EXPOSED,2021-07-10,NO_RESPONSE,
M003,C0013045,2021-07-03,EXPOSED,2021-09-12,POSITIVE,2021-09-14
M003,C0013407,2021-07-03,EXPOSED,2021-08-10,NO_RESPONSE,
M003,C0013471,2021-07-03,NOT_EXPOSED,,,
M003,C0018584,2021-07-03,EXPOSED,2021-08-25,NO_RESPONSE,
M003,C0019908,2021-07-03,EXPOSED,2021-08-01,POSITIVE,2021-08-05
M003,C0000093,2021-07-04,EXPOSED,2021-08-28,NO_RESPONSE,
M003,C0000165,2021-07-04,EXPOSED,2021-07-27,NO_RESPONSE,
M003,C0003442,2021-07-04,NOT_EXPOSED,,,
M003,C0003923,2021-07-04,EXPOSED,2021-07-19,NO_RESPONSE,
M003,C0004563,2021-07-04,EXPOSED,2021-07-20,NO_RESPONSE,
M003,C0007066,2021-07-04,EXPOSED,2021-08-10,NO_RESPONSE,
M003,C0007730,2021-07-04,EXPOSED,2021-08-03,NO_RESPONSE,
M003,C0010124,2021-07-04,EXPOSED,2021-08-31,NO_RESPONSE,
M003,C0011118,2021-07-04,EXPOSED,2021-07-15,NEUTRAL,2021-07-17
M003,C0011963,2021-07-04,NOT_EXPOSED,,,
M003,C0012451,2021-07-04,EXPOSED,2021-08-11,NO_RESPONSE,
M003,C0013175,2021-07-04,NOT_EXPOSED,,,
M003,C0014307,2021-07-04,NOT_EXPOSED,,,
M003,C0014738,2021-07-04,EXPOSED,2021-09-11,POSITIVE,2021-09-18
M003,C0018485,2021-07-04,EXPOSED,2021-08-05,POSITIVE,2021-08-16
M003,C0019767,2021-07-04,EXPOSED,2021-08-02,NO_RESPONSE,
M003,C0001383,2021-07-05,EXPOSED,2021-08-08,NO_RESPONSE,
M003,C0001511,2021-07-05,EXPOSED,2021-08-14,NO_RESPONSE,
M003,C0001512,2021-07-05,EXPOSED,2021-08-15,NO_RESPONSE,
M003,C0003526,2021-07-05,EXPOSED,2021-08-15,NO_RESPONSE,
M003,C0004298,2021-07-05,EXPOSED,2021-07-21,NO_RESPONSE,
M003,C0005548,2021-07-05,NOT_EXPOSED,,,
M003,C0007210,2021-07-05,EXPOSED,2021-07-06,NO_RESPONSE,
M003,C0008190,2021-07-05,EXPOSED,2021-09-11,NO_RESPONSE,
M003,C0008314,2021-07-05,NOT_EXPOSED,,,
M003,C0008622,2021-07-05,NOT_EXPOSED,,,
M003,C0009779,2021-07-05,EXPOSED,2021-08-13,NO_RESPONSE,
M003,C0010231,2021-07-05,EXPOSED,2021-08-27,NO_RESPONSE,
M003,C0012335,2021-07-05,EXPOSED,2021-09-10,NO_RESPONSE,
M003,C0012840,2021-07-05,NOT_EXPOSED,,,
M003,C0013573,2021-07-05,NOT_EXPOSED,,,
M003,C0013583,2021-07-05,EXPOSED,2021-08-29,NO_RESPONSE,
M003,C0014274,2021-07-05,EXPOSED,2021-07-08,POSITIVE,2021-07-09
M003,C0015240,2021-07-05,EXPOSED,2021-08-07,POSITIVE,2021-08-18
M003,C0015269,2021-07-05,EXPOSED,2021-08-16,NO_RESPONSE,
M003,C0015335,2021-07-05,EXPOSED,2021-09-04,NO_RESPONSE,
M003,C0015668,2021-07-05,EXPOSED,2021-08-25,NO_RESPONSE,
M003,C0016209,2021-07-05,EXPOSED,2021-08-05,NO_RESPONSE,
M003,C0016220,2021-07-05,EXPOSED,2021-07-29,NO_RESPONSE,
M003,C0016437,2021-07-05,EXPOSED,2021-07-20,NO_RESPONSE,
M003,C0017401,2021-07-05,EXPOSED,2021-08-08,NO_RESPONSE,
M003,C0018559,2021-07-05,EXPOSED,2021-08-01,NO_RESPONSE,
M003,C0019893,2021-07-05,EXPOSED,2021-08-27,NO_RESPONSE,
M003,C0001958,2021-07-06,EXPOSED,2021-08-04,NO_RESPONSE,
M003,C0002129,2021-07-06,EXPOSED,2021-07-16,NO_RESPONSE,
M003,C0002167,2021-07-06,EXPOSED,2021-08-06,NO_RESPONSE,
M003,C0002708,2021-07-06,EXPOSED,2021-07-25,NEGATIVE,2021-07-26
M003,C0003090,2021-07-06,EXPOSED,2021-08-16,NO_RESPONSE,
M003,C0003260,2021-07-06,EXPOSED,2021-07-07,NO_RESPONSE,
M003,C0004757,2021-07-06,EXPOSED,2021-07-26,NO_RESPONSE,
M003,C0006852,2021-07-06,NOT_EXPOSED,,,
M003,C0007948,2021-07-06,NOT_EXPOSED,,,
M003,C0007969,2021-07-06,EXPOSED,2021-07-13,NO_RESPONSE,
M003,C0008903,2021-07-06,NOT_EXPOSED,,,
M003,C0010622,2021-07-06,EXPOSED,2021-08-03,NO_RESPONSE,
M003,C0011800,2021-07-06,EXPOSED,2021-08-24,NO_RESPONSE,
M003,C0012100,2021-07-06,EXPOSED,2021-07-25,NO_RESPONSE,
M003,C0012486,2021-07-06,EXPOSED,2021-09-06,POSITIVE,2021-09-07
M003,C0014772,2021-07-06,NOT_EXPOSED,,,
M003,C0015153,2021-07-06,NOT_EXPOSED,,,
M003,C0016974,2021-07-06,EXPOSED,2021-07-11,NEUTRAL,2021-07-23
M003,C0019174,2021-07-06,EXPOSED,2021-08-23,POSITIVE,2021-08-24
M003,C0000013,2021-07-07,EXPOSED,2021-08-22,POSITIVE,2021-08-30
M003,C0000016,2021-07-07,EXPOSED,2021-09-03,NEGATIVE,2021-09-09
M003,C0000279,2021-07-07,NOT_EXPOSED,,,
M003,C0000966,2021-07-07,NOT_EXPOSED,,,
M003,C0001648,2021-07-07,EXPOSED,2021-08-10,POSITIVE,2021-08-11
M003,C0002294,2021-07-07,EXPOSED,2021-07-28,NO_RESPONSE,
M003,C0002326,2021-07-07,NOT_EXPOSED,,,
M003,C0005141,2021-07-07,NOT_EXPOSED,,,
M003,C0006339,2021-07-07,EXPOSED,2021-09-06,NO_RESPONSE,
M003,C0006357,2021-07-07,EXPOSED,2021-07-30,NO_RESPONSE,
M003,C0006417,2021-07-07,NOT_EXPOSED,,,
M003,C0006584,2021-07-07,EXPOSED,2021-08-17,POSITIVE,2021-08-20
M003,C0008052,2021-07-07,NOT_EXPOSED,,,
M003,C0009346,2021-07-07,EXPOSED,2021-07-19,NO_RESPONSE,
M003,C0010319,2021-07-07,EXPOSED,2021-08-17,NO_RESPONSE,
M003,C0011626,2021-07-07,EXPOSED,2021-07-13,NO_RESPONSE,
M003,C0011714,2021-07-07,EXPOSED,2021-07-22,NO_RESPONSE,
M003,C0013085,2021-07-07,NOT_EXPOSED,,,
M003,C0013411,2021-07-07,EXPOSED,2021-07-23,NO_RESPONSE,
M003,C0016210,2021-07-07,EXPOSED,2021-09-20,NO_RESPONSE,
M003,C0016616,2021-07-07,EXPOSED,2021-08-09,POSITIVE,2021-08-10
M003,C0016673,2021-07-07,EXPOSED,2021-09-15,POSITIVE,2021-09-15
M003,C0018462,2021-07-07,EXPOSED,2021-09-04,NO_RESPONSE,
M003,C0003934,2021-07-08,EXPOSED,2021-09-16,NO_RESPONSE,
M003,C0004381,2021-07-08,EXPOSED,2021-08-12,NO_RESPONSE,
M003,C0004680,2021-07-08,EXPOSED,2021-07-26,NO_RESPONSE,
M003,C0005969,2021-07-08,EXPOSED,2021-07-14,NO_RESPONSE,
M003,C0007983,2021-07-08,EXPOSED,2021-07-20,NO_RESPONSE,
M003,C0010525,2021-07-08,EXPOSED,2021-08-23,NO_RESPONSE,
M003,C0010540,2021-07-08,NOT_EXPOSED,,,
M003,C0010789,2021-07-08,NOT_EXPOSED,,,
M003,C0011686,2021-07-08,EXPOSED,2021-07-14,NO_RESPONSE,
M003,C0011754,2021-07-08,EXPOSED,2021-08-10,NO_RESPONSE,
M003,C0013082,2021-07-08,EXPOSED,2021-07-13,NO_RESPONSE,
M003,C0013426,2021-07-08,EXPOSED,2021-08-28,NO_RESPONSE,
M003,C0013559,2021-07-08,NOT_EXPOSED,,,
M003,C0015189,2021-07-08,EXPOSED,2021-09-08,NO_RESPONSE,
M003,C0017531,2021-07-08,NOT_EXPOSED,,,
M003,C0018024,2021-07-08,EXPOSED,2021-08-12,NO_RESPONSE,
M003,C0019385,2021-07-08,EXPOSED,2021-08-19,NO_RESPONSE,
M003,C0000398,2021-07-09,NOT_EXPOSED,,,
M003,C0000885,2021-07-09,NOT_EXPOSED,,,
M003,C0001929,2021-07-09,EXPOSED,2021-08-14,NO_RESPONSE,
M003,C0003280,2021-07-09,EXPOSED,2021-08-26,NO_RESPONSE,
M003,C0004471,2021-07-09,EXPOSED,2021-08-12,NO_RESPONSE,
M003,C0004829,2021-07-09,EXPOSED,2021-07-18,NO_RESPONSE,
M003,C0005871,2021-07-09,EXPOSED,2021-07-23,NO_RESPONSE,
M003,C0006075,2021-07-09,EXPOSED,2021-07-12,NO_RESPONSE,
M003,C0007240,2021-07-09,EXPOSED,2021-08-29,NO_RESPONSE,
M003,C0009099,2021-07-09,EXPOSED,2021-08-17,NO_RESPONSE,
M003,C0009695,2021-07-09,EXPOSED,2021-08-14,POSITIVE,2021-08-29
M003,C0009712,2021-07-09,EXPOSED,2021-08-11,NO_RESPONSE,
M003,C0010252,2021-07-09,EXPOSED,2021-09-11,NO_RESPONSE,
M003,C0013343,2021-07-09,EXPOSED,2021-08-07,NO_RESPONSE,
M003,C0014745,2021-07-09,EXPOSED,2021-09-06,NO_RESPONSE,
M003,C0016447,2021-07-09,NOT_EXPOSED,,,
M003,C0000874,2021-07-10,EXPOSED,2021-09-16,NO_RESPONSE,
M003,C0001398,2021-07-10,EXPOSED,2021-07-25,NO_RESPONSE,
M003,C0001609,2021-07-10,EXPOSED,2021-08-13,NO_RESPONSE,
M003,C0001780,2021-07-10,NOT_EXPOSED,,,
M003,C0002706,2021-07-10,EXPOSED,2021-08-28,NO_RESPONSE,
M003,C0005660,2021-07-10,NOT_EXPOSED,,,
M003,C0006089,2021-07-10,EXPOSED,2021-09-11,POSITIVE,2021-09-16
M003,C0008785,2021-07-10,EXPOSED,2021-08-17,NO_RESPONSE,
M003,C0010069,2021-07-10,NOT_EXPOSED,,,
M003,C0010099,2021-07-10,NOT_EXPOSED,,,
M003,C0010145,2021-07-10,EXPOSED,2021-08-10,NO_RESPONSE,
M003,C0010163,2021-07-10,EXPOSED,2021-08-31,NEUTRAL,2021-09-07
M003,C0010935,2021-07-10,EXPOSED,2021-08-29,NO_RESPONSE,
M003,C0012139,2021-07-10,EXPOSED,2021-07-23,NEUTRAL,2021-08-07
M003,C0012193,2021-07-10,EXPOSED,2021-07-21,NO_RESPONSE,
M003,C0012573,2021-07-10,EXPOSED,2021-09-06,NO_RESPONSE,
M003,C0013264,2021-07-10,EXPOSED,2021-07-20,NO_RESPONSE,
M003,C0013269,2021-07-10,EXPOSED,2021-07-23,POSITIVE,2021-07-27
M003,C0014072,2021-07-10,EXPOSED,2021-07-26,NEGATIVE,2021-07-26
M003,C0014511,2021-07-10,EXPOSED,2021-07-17,NEGATIVE,2021-07-21
M003,C0016873,2021-07-10,NOT_EXPOSED,,,
M003,C0017748,2021-07-10,EXPOSED,2021-09-09,NO_RESPONSE,
M003,C0000003,2021-07-11,EXPOSED,2021-07-14,POSITIVE,2021-07-18
M003,C0000178,2021-07-11,NOT_EXPOSED,,,
M003,C0001617,2021-07-11,EXPOSED,2021-07-30,NO_RESPONSE,
M003,C0002494,2021-07-11,NOT_EXPOSED,,,
M003,C0005891,2021-07-11,EXPOSED,2021-08-29,NO_RESPONSE,
M003,C0007669,2021-07-11,EXPOSED,2021-08-16,NO_RESPONSE,
M003,C0008098,2021-07-11,EXPOSED,2021-07-21,NO_RESPONSE,
M003,C0008338,2021-07-11,EXPOSED,2021-08-09,NO_RESPONSE,
M003,C0009509,2021-07-11,EXPOSED,2021-07-23,NO_RESPONSE,
M003,C0009993,2021-07-11,NOT_EXPOSED,,,
M003,C0010755,2021-07-11,EXPOSED,2021-08-29,NO_RESPONSE,
M003,C0012042,2021-07-11,EXPOSED,2021-09-02,NO_RESPONSE,
M003,C0013324,2021-07-11,EXPOSED,2021-08-31,NO_RESPONSE,
M003,C0016161,2021-07-11,EXPOSED,2021-08-24,POSITIVE,2021-09-03
M003,C0017987,2021-07-11,NOT_EXPOSED,,,
M003,C0018026,2021-07-11,EXPOSED,2021-08-13,NO_RESPONSE,
M003,C0019227,2021-07-11,EXPOSED,2021-07-24,NO_RESPONSE,
M003,C0019751,2021-07-11,NOT_EXPOSED,,,
M003,C0002438,2021-07-12,EXPOSED,2021-07-21,NO_RESPONSE,
M003,C0002923,2021-07-12,NOT_EXPOSED,,,
M003,C0004269,2021-07-12,EXPOSED,2021-08-26,NO_RESPONSE,
M003,C0005087,2021-07-12,EXPOSED,2021-08-16,NO_RESPONSE,
M003,C0006713,2021-07-12,EXPOSED,2021-08-19,NO_RESPONSE,
M003,C0006731,2021-07-12,EXPOSED,2021-07-24,NO_RESPONSE,
M003,C0006756,2021-07-12,EXPOSED,2021-08-19,NEUTRAL,2021-08-30
M003,C0006758,2021-07-12,EXPOSED,2021-07-16,NO_RESPONSE,
M003,C0008059,2021-07-12,EXPOSED,2021-08-02,NO_RESPONSE,
M003,C0008149,2021-07-12,NOT_EXPOSED,,,
M003,C0008677,2021-07-12,EXPOSED,2021-08-29,NO_RESPONSE,
M003,C0010312,2021-07-12,NOT_EXPOSED,,,
M003,C0010751,2021-07-12,NOT_EXPOSED,,,
M003,C0012474,2021-07-12,EXPOSED,2021-08-16,POSITIVE,2021-08-17
M003,C0012495,2021-07-12,EXPOSED,2021-07-31,NO_RESPONSE,
M003,C0012795,2021-07-12,EXPOSED,2021-09-29,NO_RESPONSE,
M003,C0012939,2021-07-12,EXPOSED,2021-07-19,NO_RESPONSE,
M003,C0014532,2021-07-12,EXPOSED,2021-08-07,POSITIVE,2021-08-10
M003,C0014739,2021-07-12,NOT_EXPOSED,,,
M003,C0014747,2021-07-12,EXPOSED,2021-08-11,NO_RESPONSE,
M003,C0014972,2021-07-12,EXPOSED,2021-08-27,POSITIVE,2021-09-02
M003,C0016088,2021-07-12,EXPOSED,2021-08-11,POSITIVE,2021-08-13
M003,C0016472,2021-07-12,EXPOSED,2021-08-21,NO_RESPONSE,
M003,C0017278,2021-07-12,EXPOSED,2021-09-14,NEUTRAL,2021-09-18
M003,C0018121,2021-07-12,NOT_EXPOSED,,,
M003,C0018285,2021-07-12,EXPOSED,2021-09-05,NO_RESPONSE,
M003,C0004131,2021-07-13,EXPOSED,2021-08-14,NO_RESPONSE,
M003,C0004945,2021-07-13,EXPOSED,2021-07-18,NO_RESPONSE,
M003,C0004951,2021-07-13,EXPOSED,2021-09-02,NO_RESPONSE,
M003,C0006813,2021-07-13,EXPOSED,2021-08-14,NO_RESPONSE,
M003,C0007239,2021-07-13,EXPOSED,2021-09-17,NO_RESPONSE,
M003,C0007668,2021-07-13,EXPOSED,2021-08-11,NEGATIVE,2021-08-18
M003,C0008593,2021-07-13,EXPOSED,2021-07-24,NO_RESPONSE,
M003,C0011661,2021-07-13,EXPOSED,2021-09-09,NO_RESPONSE,
M003,C0012405,2021-07-13,EXPOSED,2021-08-13,NO_RESPONSE,
M003,C0012569,2021-07-13,NOT_EXPOSED,,,
M003,C0013392,2021-07-13,EXPOSED,2021-08-11,POSITIVE,2021-08-16
M003,C0016322,2021-07-13,EXPOSED,2021-08-18,NO_RESPONSE,
M003,C0017159,2021-07-13,NOT_EXPOSED,,,
M003,C0017251,2021-07-13,EXPOSED,2021-09-12,NO_RESPONSE,
M003,C0019582,2021-07-13,NOT_EXPOSED,,,
M003,C0000198,2021-07-14,EXPOSED,2021-07-30,NO_RESPONSE,
M003,C0000881,2021-07-14,EXPOSED,2021-07-19,NO_RESPONSE,
M003,C0001784,2021-07-14,EXPOSED,2021-07-30,POSITIVE,2021-08-03
M003,C0002185,2021-07-14,NOT_EXPOSED,,,
M003,C0003488,2021-07-14,EXPOSED,2021-09-06,NO_RESPONSE,
M003,C0004953,2021-07-14,EXPOSED,2021-08-23,POSITIVE,2021-09-01
M003,C0005254,2021-07-14,EXPOSED,2021-08-09,NO_RESPONSE,
M003,C0005868,2021-07-14,EXPOSED,2021-08-22,NO_RESPONSE,
M003,C0006104,2021-07-14,EXPOSED,2021-09-15,NO_RESPONSE,
M003,C0006119,2021-07-14,EXPOSED,2021-07-22,POSITIVE,2021-07-28
M003,C0008830,2021-07-14,NOT_EXPOSED,,,
M003,C0009489,2021-07-14,NOT_EXPOSED,,,
M003,C0009920,2021-07-14,NOT_EXPOSED,,,
M003,C0010017,2021-07-14,EXPOSED,2021-09-08,NO_RESPONSE,
M003,C0011482,2021-07-14,EXPOSED,2021-07-20,NO_RESPONSE,
M003,C0011785,2021-07-14,EXPOSED,2021-08-21,NO_RESPONSE,
M003,C0014649,2021-07-14,EXPOSED,2021-08-09,NO_RESPONSE,
M003,C0015039,2021-07-14,EXPOSED,2021-08-31,NO_RESPONSE,
M003,C0016418,2021-07-14,NOT_EXPOSED,,,
M003,C0017406,2021-07-14,EXPOSED,2021-08-22,NO_RESPONSE,
M003,C0018441,2021-07-14,NOT_EXPOSED,,,
M003,C0018524,2021-07-14,EXPOSED,2021-08-08,NEUTRAL,2021-08-10
M003,C0019092,2021-07-14,EXPOSED,2021-09-17,NO_RESPONSE,
M003,C0019207,2021-07-14,EXPOSED,2021-09-04,NO_RESPONSE,
M003,C0000545,2021-07-15,EXPOSED,2021-07-28,NO_RESPONSE,
M003,C0003140,2021-07-15,EXPOSED,2021-08-03,NO_RESPONSE,
M003,C0003653,2021-07-15,EXPOSED,2021-08-21,NO_RESPONSE,
M003,C0006168,2021-07-15,EXPOSED,2021-07-30,NO_RESPONSE,
M003,C0007128,2021-07-15,EXPOSED,2021-08-24,NO_RESPONSE,
M003,C0007359,2021-07-15,EXPOSED,2021-09-13,NO_RESPONSE,
M003,C0007986,2021-07-15,EXPOSED,2021-07-26,NO_RESPONSE,
M003,C0008344,2021-07-15,NOT_EXPOSED,,,
M003,C0009074,2021-07-15,EXPOSED,2021-08-07,NO_RESPONSE,
M003,C0009673,2021-07-15,EXPOSED,2021-08-16,NO_RESPONSE,
M003,C0011281,2021-07-15,EXPOSED,2021-07-21,POSITIVE,2021-07-24
M003,C0011622,2021-07-15,NOT_EXPOSED,,,
M003,C0011813,2021-07-15,EXPOSED,2021-08-31,POSITIVE,2021-09-04
M003,C0012432,2021-07-15,NOT_EXPOSED,,,
M003,C0012717,2021-07-15,EXPOSED,2021-08-26,NO_RESPONSE,
M003,C0013348,2021-07-15,EXPOSED,2021-07-24,NO_RESPONSE,
M003,C0013956,2021-07-15,EXPOSED,2021-07-30,NO_RESPONSE,
M003,C0014116,2021-07-15,EXPOSED,2021-08-12,NO_RESPONSE,
M003,C0014253,2021-07-15,EXPOSED,2021-07-24,NO_RESPONSE,
M003,C0015221,2021-07-15,EXPOSED,2021-09-02,NO_RESPONSE,
M003,C0015575,2021-07-15,EXPOSED,2021-08-15,NO_RESPONSE,
M003,C0015612,2021-07-15,NOT_EXPOSED,,,
M003,C0015656,2021-07-15,EXPOSED,2021-08-01,NO_RESPONSE,
M003,C0015730,2021-07-15,EXPOSED,2021-08-25,NO_RESPONSE,
M003,C0016611,2021-07-15,EXPOSED,2021-08-03,NO_RESPONSE,
M003,C0017044,2021-07-15,EXPOSED,2021-08-02,NO_RESPONSE,
M003,C0018163,2021-07-15,EXPOSED,2021-08-29,NO_RESPONSE,
M003,C0018393,2021-07-15,EXPOSED,2021-07-31,POSITIVE,2021-08-02
M003,C0018733,2021-07-15,NOT_EXPOSED,,,
M003,C0019113,2021-07-15,EXPOSED,2021-09-23,NEUTRAL,2021-09-24
M003,C0019511,2021-07-15,EXPOSED,2021-08-10,POSITIVE,2021-08-12
M003,C0019990,2021-07-15,EXPOSED,2021-07-20,NO_RESPONSE,
M003,C0001561,2021-07-16,EXPOSED,2021-08-09,NO_RESPONSE,
M003,C0001597,2021-07-16,EXPOSED,2021-08-22,NO_RESPONSE,
M003,C0002033,2021-07-16,EXPOSED,2021-08-01,NO_RESPONSE,
M003,C0003411,2021-07-16,EXPOSED,2021-08-01,POSITIVE,2021-08-05
M003,C0004487,2021-07-16,EXPOSED,2021-09-16,POSITIVE,2021-09-18
M003,C0005328,2021-07-16,EXPOSED,2021-09-07,NO_RESPONSE,
M003,C0005899,2021-07-16,EXPOSED,2021-08-21,NO_RESPONSE,
M003,C0007624,2021-07-16,EXPOSED,2021-08-07,NO_RESPONSE,
M003,C0007678,2021-07-16,EXPOSED,2021-09-15,NEUTRAL,2021-09-18
M003,C0008097,2021-07-16,EXPOSED,2021-09-04,NO_RESPONSE,
M003,C0008793,2021-07-16,NOT_EXPOSED,,,
M003,C0009889,2021-07-16,NOT_EXPOSED,,,
M003,C0010531,2021-07-16,EXPOSED,2021-09-14,NO_RESPONSE,
M003,C0010713,2021-07-16,EXPOSED,2021-08-27,NO_RESPONSE,
M003,C0011412,2021-07-16,EXPOSED,2021-08-26,NO_RESPONSE,
M003,C0011881,2021-07-16,NOT_EXPOSED,,,
M003,C0012126,2021-07-16,EXPOSED,2021-08-09,POSITIVE,2021-08-14
M003,C0013696,2021-07-16,NOT_EXPOSED,,,
M003,C0013872,2021-07-16,EXPOSED,2021-08-10,POSITIVE,2021-08-11
M003,C0014094,2021-07-16,EXPOSED,2021-08-12,NO_RESPONSE,
M003,C0014212,2021-07-16,EXPOSED,2021-08-20,NO_RESPONSE,
M003,C0014624,2021-07-16,EXPOSED,2021-08-22,NO_RESPONSE,
M003,C0015276,2021-07-16,EXPOSED,2021-08-07,NO_RESPONSE,
M003,C0015410,2021-07-16,EXPOSED,2021-07-29,NO_RESPONSE,
M003,C0015616,2021-07-16,EXPOSED,2021-08-26,NO_RESPONSE,
M003,C0016615,2021-07-16,EXPOSED,2021-07-24,NO_RESPONSE,
M003,C0018689,2021-07-16,NOT_EXPOSED,,,
M003,C0019360,2021-07-16,NOT_EXPOSED,,,
M003,C0019687,2021-07-16,EXPOSED,2021-07-28,NO_RESPONSE,
M003,C0000859,2021-07-17,NOT_EXPOSED,,,
M003,C0002348,2021-07-17,EXPOSED,2021-08-28,NO_RESPONSE,
M003,C0003367,2021-07-17,NOT_EXPOSED,,,
M003,C0003372,2021-07-17,EXPOSED,2021-07-28,NO_RESPONSE,
M003,C0004023,2021-07-17,EXPOSED,2021-07-21,NO_RESPONSE,
M003,C0005634,2021-07-17,EXPOSED,2021-07-20,NO_RESPONSE,
M003,C0005961,2021-07-17,EXPOSED,2021-09-03,NO_RESPONSE,
M003,C0006922,2021-07-17,EXPOSED,2021-08-05,NEUTRAL,2021-08-16
M003,C0008411,2021-07-17,EXPOSED,2021-07-20,NO_RESPONSE,
M003,C0009338,2021-07-17,EXPOSED,2021-09-19,NO_RESPONSE,
M003,C0009521,2021-07-17,EXPOSED,2021-07-19,POSITIVE,2021-07-23
M003,C0009544,2021-07-17,EXPOSED,2021-07-27,NEUTRAL,2021-07-28
M003,C0012463,2021-07-17,EXPOSED,2021-08-23,NEUTRAL,2021-08-25
M003,C0013022,2021-07-17,EXPOSED,2021-08-21,NO_RESPONSE,
M003,C0013177,2021-07-17,EXPOSED,2021-08-10,NO_RESPONSE,
M003,C0014068,2021-07-17,EXPOSED,2021-08-08,NO_RESPONSE,
M003,C0014309,2021-07-17,EXPOSED,2021-09-07,NO_RESPONSE,
M003,C0014494,2021-07-17,EXPOSED,2021-09-22,NO_RESPONSE,
M003,C0014687,2021-07-17,NOT_EXPOSED,,,
M003,C0014724,2021-07-17,EXPOSED,2021-09-02,NO_RESPONSE,
M003,C0015336,2021-07-17,EXPOSED,2021-08-23,NO_RESPONSE,
M003,C0015511,2021-07-17,EXPOSED,2021-08-12,NO_RESPONSE,
M003,C0015801,2021-07-17,EXPOSED,2021-08-08,NO_RESPONSE,
M003,C0017263,2021-07-17,NOT_EXPOSED,,,
M003,C0018480,2021-07-17,EXPOSED,2021-08-19,NO_RESPONSE,
M003,C0019584,2021-07-17,EXPOSED,2021-08-25,NO_RESPONSE,
M003,C0019863,2021-07-17,NOT_EXPOSED,,,
M003,C0001078,2021-07-18,EXPOSED,2021-08-10,NO_RESPONSE,
M003,C0002080,2021-07-18,NOT_EXPOSED,,,
M003,C0002210,2021-07-18,EXPOSED,2021-08-26,NO_RESPONSE,
M003,C0004783,2021-07-18,EXPOSED,2021-08-24,NEUTRAL,2021-08-26
M003,C0006057,2021-07-18,EXPOSED,2021-08-25,NO_RESPONSE,
M003,C0006465,2021-07-18,EXPOSED,2021-08-18,NEGATIVE,2021-08-25
M003,C0006882,2021-07-18,EXPOSED,2021-08-05,NEUTRAL,2021-08-08
M003,C0006983,2021-07-18,EXPOSED,2021-08-05,NO_RESPONSE,
M003,C0007609,2021-07-18,NOT_EXPOSED,,,
M003,C0008637,2021-07-18,EXPOSED,2021-07-21,NO_RESPONSE,
M003,C0009180,2021-07-18,EXPOSED,2021-07-31,NO_RESPONSE,
M003,C0010040,2021-07-18,EXPOSED,2021-08-05,NEUTRAL,2021-08-06
M003,C0010455,2021-07-18,EXPOSED,2021-07-28,NO_RESPONSE,
M003,C0010919,2021-07-18,EXPOSED,2021-08-03,NO_RESPONSE,
M003,C0011640,2021-07-18,NOT_EXPOSED,,,
M003,C0011708,2021-07-18,EXPOSED,2021-07-27,NO_RESPONSE,
M003,C0012515,2021-07-18,EXPOSED,2021-07-22,NO_RESPONSE,
M003,C0013747,2021-07-18,EXPOSED,2021-07-22,NO_RESPONSE,
M003,C0015486,2021-07-18,EXPOSED,2021-08-24,NO_RESPONSE,
M003,C0015922,2021-07-18,EXPOSED,2021-08-18,NO_RESPONSE,
M003,C0016701,2021-07-18,EXPOSED,2021-07-20,NO_RESPONSE,
M003,C0016927,2021-07-18,NOT_EXPOSED,,,
M003,C0017893,2021-07-18,NOT_EXPOSED,,,
M003,C0018609,2021-07-18,EXPOSED,2021-08-28,NO_RESPONSE,
M003,C0018804,2021-07-18,NOT_EXPOSED,,,
M003,C0018967,2021-07-18,EXPOSED,2021-07-22,NO_RESPONSE,
M003,C0019102,2021-07-18,EXPOSED,2021-08-04,NO_RESPONSE,
M003,C0000334,2021-07-19,EXPOSED,2021-08-27,NO_RESPONSE,
M003,C0000379,2021-07-19,EXPOSED,2021-08-17,NO_RESPONSE,
M003,C0000872,2021-07-19,EXPOSED,2021-09-08,NO_RESPONSE,
M003,C0001586,2021-07-19,EXPOSED,2021-09-05,NO_RESPONSE,
M003,C0001830,2021-07-19,EXPOSED,2021-08-09,POSITIVE,2021-08-13
M003,C0002521,2021-07-19,EXPOSED,2021-08-02,NO_RESPONSE,
M003,C0003416,2021-07-19,EXPOSED,2021-08-11,NO_RESPONSE,
M003,C0004018,2021-07-19,EXPOSED,2021-08-21,NO_RESPONSE,
M003,C0005132,2021-07-19,NOT_EXPOSED,,,
M003,C0005228,2021-07-19,NOT_EXPOSED,,,
M003,C0007813,2021-07-19,EXPOSED,2021-08-04,NO_RESPONSE,
M003,C0008948,2021-07-19,EXPOSED,2021-08-23,NO_RESPONSE,
M003,C0013899,2021-07-19,EXPOSED,2021-08-07,POSITIVE,2021-08-11
M003,C0014812,2021-07-19,EXPOSED,2021-07-19,NO_RESPONSE,
M003,C0014855,2021-07-19,EXPOSED,2021-08-05,NO_RESPONSE,
M003,C0015082,2021-07-19,EXPOSED,2021-07-30,NO_RESPONSE,
M003,C0017698,2021-07-19,EXPOSED,2021-08-25,NO_RESPONSE,
M003,C0017710,2021-07-19,EXPOSED,2021-08-02,NEUTRAL,2021-08-04
M003,C0019538,2021-07-19,EXPOSED,2021-09-15,NO_RESPONSE,
M003,C0000539,2021-07-20,EXPOSED,2021-09-22,NEGATIVE,2021-09-25
M003,C0000850,2021-07-20,EXPOSED,2021-08-14,NO_RESPONSE,
M003,C0000895,2021-07-20,EXPOSED,2021-08-19,NEUTRAL,2021-08-24
M003,C0001146,2021-07-20,EXPOSED,2021-08-25,NO_RESPONSE,
M003,C0002800,2021-07-20,EXPOSED,2021-09-09,NO_RESPONSE,
M003,C0005503,2021-07-20,EXPOSED,2021-09-15,NO_RESPONSE,
M003,C0005672,2021-07-20,EXPOSED,2021-08-07,NO_RESPONSE,
M003,C0006206,2021-07-20,EXPOSED,2021-07-26,NO_RESPONSE,
M003,C0006218,2021-07-20,EXPOSED,2021-08-18,NO_RESPONSE,
M003,C0006303,2021-07-20,EXPOSED,2021-07-24,NO_RESPONSE,
M003,C0006382,2021-07-20,NOT_EXPOSED,,,
M003,C0007030,2021-07-20,EXPOSED,2021-08-18,NO_RESPONSE,
M003,C0007856,2021-07-20,EXPOSED,2021-08-11,NO_RESPONSE,
M003,C0009038,2021-07-20,NOT_EXPOSED,,,
M003,C0009335,2021-07-20,EXPOSED,2021-09-16,NO_RESPONSE,
M003,C0010550,2021-07-20,EXPOSED,2021-09-21,NO_RESPONSE,
M003,C0010714,2021-07-20,NOT_EXPOSED,,,
M003,C0011400,2021-07-20,EXPOSED,2021-07-22,NO_RESPONSE,
M003,C0012192,2021-07-20,EXPOSED,2021-08-18,NO_RESPONSE,
M003,C0012331,2021-07-20,EXPOSED,2021-08-12,NO_RESPONSE,
M003,C0012468,2021-07-20,EXPOSED,2021-09-25,NO_RESPONSE,
M003,C0012626,2021-07-20,EXPOSED,2021-08-07,NO_RESPONSE,
M003,C0013687,2021-07-20,EXPOSED,2021-08-10,POSITIVE,2021-08-13
M003,C0015162,2021-07-20,EXPOSED,2021-07-29,NO_RESPONSE,
M003,C0016033,2021-07-20,NOT_EXPOSED,,,
M003,C0016935,2021-07-20,EXPOSED,2021-08-18,POSITIVE,2021-08-18
M003,C0017099,2021-07-20,EXPOSED,2021-08-05,NO_RESPONSE,
M003,C0018425,2021-07-20,EXPOSED,2021-09-05,NEUTRAL,2021-09-13
M003,C0018577,2021-07-20,EXPOSED,2021-08-28,NO_RESPONSE,
M003,C0019038,2021-07-20,EXPOSED,2021-08-26,NO_RESPONSE,
M003,C0019948,2021-07-20,EXPOSED,2021-08-17,NO_RESPONSE,
M003,C0001193,2021-07-21,EXPOSED,2021-08-12,NO_RESPONSE,
M003,C0001670,2021-07-21,NOT_EXPOSED,,,
M003,C0003152,2021-07-21,EXPOSED,2021-09-03,NEGATIVE,2021-09-04
M003,C0003657,2021-07-21,EXPOSED,2021-08-25,POSITIVE,2021-08-29
M003,C0004312,2021-07-21,EXPOSED,2021-07-24,NO_RESPONSE,
M003,C0004802,2021-07-21,NOT_EXPOSED,,,
M003,C0005505,2021-07-21,EXPOSED,2021-07-25,NO_RESPONSE,
M003,C0005668,2021-07-21,EXPOSED,2021-08-19,NO_RESPONSE,
M003,C0005877,2021-07-21,EXPOSED,2021-08-17,POSITIVE,2021-08-18
M003,C0006745,2021-07-21,EXPOSED,2021-08-07,NO_RESPONSE,
M003,C0007464,2021-07-21,EXPOSED,2021-09-02,NO_RESPONSE,
M003,C0007929,2021-07-21,EXPOSED,2021-08-11,NO_RESPONSE,
M003,C0008242,2021-07-21,EXPOSED,2021-08-08,NO_RESPONSE,
M003,C0008369,2021-07-21,EXPOSED,2021-07-29,NO_RESPONSE,
M003,C0008535,2021-07-21,EXPOSED,2021-08-12,NEUTRAL,2021-08-18
M003,C0008792,2021-07-21,EXPOSED,2021-08-11,NO_RESPONSE,
M003,C0008984,2021-07-21,EXPOSED,2021-08-01,NO_RESPONSE,
M003,C0009846,2021-07-21,NOT_EXPOSED,,,
M003,C0011347,2021-07-21,EXPOSED,2021-08-29,NO_RESPONSE,
M003,C0011591,2021-07-21,EXPOSED,2021-08-07,NEUTRAL,2021-08-09
M003,C0012916,2021-07-21,EXPOSED,2021-08-22,NO_RESPONSE,
M003,C0013423,2021-07-21,EXPOSED,2021-08-17,NO_RESPONSE,
M003,C0013616,2021-07-21,EXPOSED,2021-08-16,NO_RESPONSE,
M003,C0013733,2021-07-21,EXPOSED,2021-08-13,NO_RESPONSE,
M003,C0016470,2021-07-21,EXPOSED,2021-08-26,NO_RESPONSE,
M003,C0016563,2021-07-21,EXPOSED,2021-08-08,NO_RESPONSE,
M003,C0017448,2021-07-21,EXPOSED,2021-08-29,NO_RESPONSE,
M003,C0017728,2021-07-21,EXPOSED,2021-08-29,NO_RESPONSE,
M003,C0019263,2021-07-21,EXPOSED,2021-08-08,NO_RESPONSE,
M003,C0002865,2021-07-22,EXPOSED,2021-08-30,NO_RESPONSE,
M003,C0003035,2021-07-22,EXPOSED,2021-08-17,POSITIVE,2021-08-18
M003,C0003332,2021-07-22,EXPOSED,2021-07-29,NO_RESPONSE,
M003,C0004133,2021-07-22,EXPOSED,2021-07-25,POSITIVE,2021-07-28
M003,C0004712,2021-07-22,EXPOSED,2021-08-04,NO_RESPONSE,
M003,C0004759,2021-07-22,EXPOSED,2021-08-31,POSITIVE,2021-09-04
M003,C0006092,2021-07-22,EXPOSED,2021-07-27,NO_RESPONSE,
M003,C0007063,2021-07-22,NOT_EXPOSED,,,
M003,C0007995,2021-07-22,EXPOSED,2021-08-26,NO_RESPONSE,
M003,C0008749,2021-07-22,EXPOSED,2021-08-21,NO_RESPONSE,
M003,C0009355,2021-07-22,EXPOSED,2021-08-02,NO_RESPONSE,
M003,C0010271,2021-07-22,EXPOSED,2021-07-29,NO_RESPONSE,
M003,C0012271,2021-07-22,EXPOSED,2021-08-29,NO_RESPONSE,
M003,C0012575,2021-07-22,EXPOSED,2021-08-13,NO_RESPONSE,
M003,C0013675,2021-07-22,EXPOSED,2021-09-08,NO_RESPONSE,
M003,C0014320,2021-07-22,NOT_EXPOSED,,,
M003,C0014457,2021-07-22,EXPOSED,2021-09-22,NO_RESPONSE,
M003,C0015614,2021-07-22,EXPOSED,2021-08-15,NO_RESPONSE,
M003,C0018304,2021-07-22,NOT_EXPOSED,,,
M003,C0018703,2021-07-22,EXPOSED,2021-08-05,NO_RESPONSE,
M003,C0018820,2021-07-22,NOT_EXPOSED,,,
M003,C0019457,2021-07-22,EXPOSED,2021-08-08,NO_RESPONSE,
M003,C0019615,2021-07-22,EXPOSED,2021-08-18,NO_RESPONSE,
M003,C0019736,2021-07-22,EXPOSED,2021-08-22,NO_RESPONSE,
M003,C0000330,2021-07-23,NOT_EXPOSED,,,
M003,C0000437,2021-07-23,EXPOSED,2021-08-18,NO_RESPONSE,
M003,C0000785,2021-07-23,EXPOSED,2021-08-22,NO_RESPONSE,
M003,C0000921,2021-07-23,EXPOSED,2021-08-24,NO_RESPONSE,
M003,C0000946,2021-07-23,EXPOSED,2021-08-01,NO_RESPONSE,
M003,C0001425,2021-07-23,NOT_EXPOSED,,,
M003,C0001548,2021-07-23,EXPOSED,2021-09-11,NO_RESPONSE,
M003,C0003341,2021-07-23,EXPOSED,2021-08-09,NO_RESPONSE,
M003,C0003396,2021-07-23,EXPOSED,2021-08-15,NO_RESPONSE,
M003,C0004389,2021-07-23,EXPOSED,2021-08-30,NO_RESPONSE,
M003,C0004685,2021-07-23,EXPOSED,2021-09-09,NO_RESPONSE,
M003,C0005011,2021-07-23,EXPOSED,2021-08-25,NO_RESPONSE,
M003,C0005846,2021-07-23,EXPOSED,2021-08-13,NO_RESPONSE,
M003,C0006027,2021-07-23,EXPOSED,2021-07-29,POSITIVE,2021-07-31
M003,C0007043,2021-07-23,NOT_EXPOSED,,,
M003,C0007366,2021-07-23,EXPOSED,2021-08-26,NO_RESPONSE,
M003,C0007504,2021-07-23,EXPOSED,2021-07-30,NO_RESPONSE,
M003,C0007992,2021-07-23,EXPOSED,2021-08-24,NO_RESPONSE,
M003,C0010208,2021-07-23,EXPOSED,2021-08-31,NO_RESPONSE,
M003,C0014889,2021-07-23,EXPOSED,2021-09-08,NO_RESPONSE,
M003,C0015257,2021-07-23,NOT_EXPOSED,,,
M003,C0016428,2021-07-23,EXPOSED,2021-08-23,NO_RESPONSE,
M003,C0016733,2021-07-23,EXPOSED,2021-08-12,NO_RESPONSE,
M003,C0017191,2021-07-23,EXPOSED,2021-09-01,NEUTRAL,2021-09-07
M003,C0017542,2021-07-23,EXPOSED,2021-09-06,NO_RESPONSE,
M003,C0018174,2021-07-23,EXPOSED,2021-08-31,NO_RESPONSE,
M003,C0018760,2021-07-23,NOT_EXPOSED,,,
M003,C0019443,2021-07-23,EXPOSED,2021-07-26,POSITIVE,2021-07-31
M003,C0019927,2021-07-23,EXPOSED,2021-08-01,NO_RESPONSE,
M003,C0000313,2021-07-24,EXPOSED,2021-08-26,NEUTRAL,2021-08-28
M003,C0000901,2021-07-24,EXPOSED,2021-08-20,NO_RESPONSE,
M003,C0001544,2021-07-24,NOT_EXPOSED,,,
M003,C0002215,2021-07-24,EXPOSED,2021-08-09,NO_RESPONSE,
M003,C0005022,2021-07-24,EXPOSED,2021-08-30,NEUTRAL,2021-09-12
M003,C0006358,2021-07-24,EXPOSED,2021-09-12,NO_RESPONSE,
M003,C0006462,2021-07-24,EXPOSED,2021-07-30,NO_RESPONSE,
M003,C0007525,2021-07-24,EXPOSED,2021-08-08,NO_RESPONSE,
M003,C0007879,2021-07-24,EXPOSED,2021-08-09,NO_RESPONSE,
M003,C0008839,2021-07-24,NOT_EXPOSED,,,
M003,C0009260,2021-07-24,EXPOSED,2021-07-25,NO_RESPONSE,
M003,C0009882,2021-07-24,EXPOSED,2021-07-29,NO_RESPONSE,
M003,C0009961,2021-07-24,NOT_EXPOSED,,,
M003,C0010642,2021-07-24,EXPOSED,2021-08-06,NO_RESPONSE,
M003,C0012069,2021-07-24,EXPOSED,2021-07-30,NEUTRAL,2021-08-02
M003,C0012090,2021-07-24,EXPOSED,2021-08-02,NO_RESPONSE,
M003,C0014537,2021-07-24,NOT_EXPOSED,,,
M003,C0015031,2021-07-24,EXPOSED,2021-08-30,NEUTRAL,2021-09-04
M003,C0015970,2021-07-24,EXPOSED,2021-08-06,NO_RESPONSE,
M003,C0016023,2021-07-24,EXPOSED,2021-08-18,NEGATIVE,2021-08-19
M003,C0016289,2021-07-24,EXPOSED,2021-08-11,NO_RESPONSE,
M003,C0018155,2021-07-24,EXPOSED,2021-09-03,NO_RESPONSE,
M003,C0019283,2021-07-24,EXPOSED,2021-08-31,POSITIVE,2021-09-05
M003,C0019659,2021-07-24,EXPOSED,2021-08-12,NO_RESPONSE,
M003,C0001243,2021-07-25,EXPOSED,2021-07-31,NO_RESPONSE,
M003,C0002922,2021-07-25,EXPOSED,2021-08-17,NEGATIVE,2021-08-25
M003,C0003883,2021-07-25,EXPOSED,2021-08-01,NO_RESPONSE,
M003,C0004443,2021-07-25,EXPOSED,2021-08-19,NEGATIVE,2021-08-25
M003,C0005081,2021-07-25,EXPOSED,2021-08-27,NO_RESPONSE,
M003,C0005214,2021-07-25,EXPOSED,2021-07-25,NO_RESPONSE,
M003,C0005911,2021-07-25,NOT_EXPOSED,,,
M003,C0006728,2021-07-25,NOT_EXPOSED,,,
M003,C0006973,2021-07-25,NOT_EXPOSED,,,
M003,C0007655,2021-07-25,EXPOSED,2021-08-30,NO_RESPONSE,
M003,C0007703,2021-07-25,NOT_EXPOSED,,,
M003,C0008820,2021-07-25,EXPOSED,2021-07-26,POSITIVE,2021-08-09
M003,C0009341,2021-07-25,EXPOSED,2021-08-02,NO_RESPONSE,
M003,C0012595,2021-07-25,NOT_EXPOSED,,,
M003,C0013064,2021-07-25,EXPOSED,2021-08-31,POSITIVE,2021-09-02
M003,C0013353,2021-07-25,EXPOSED,2021-09-06,NO_RESPONSE,
M003,C0013704,2021-07-25,NOT_EXPOSED,,,
M003,C0015517,2021-07-25,NOT_EXPOSED,,,
M003,C0017050,2021-07-25,NOT_EXPOSED,,,
M003,C0017729,2021-07-25,EXPOSED,2021-08-12,NO_RESPONSE,
M003,C0019002,2021-07-25,EXPOSED,2021-09-06,NO_RESPONSE,
M003,C0019585,2021-07-25,EXPOSED,2021-07-28,NO_RESPONSE,
M003,C0000426,2021-07-26,EXPOSED,2021-08-19,NO_RESPONSE,
M003,C0000880,2021-07-26,EXPOSED,2021-08-15,NO_RESPONSE,
M003,C0002081,2021-07-26,NOT_EXPOSED,,,
M003,C0002218,2021-07-26,EXPOSED,2021-08-02,NO_RESPONSE,
M003,C0002464,2021-07-26,EXPOSED,2021-09-10,NO_RESPONSE,
M003,C0002663,2021-07-26,NOT_EXPOSED,,,
M003,C0004675,2021-07-26,EXPOSED,2021-08-28,NO_RESPONSE,
M003,C0006404,2021-07-26,EXPOSED,2021-08-28,NO_RESPONSE,
M003,C0007130,2021-07-26,EXPOSED,2021-07-28,POSITIVE,2021-07-29
M003,C0007313,2021-07-26,EXPOSED,2021-09-07,NO_RESPONSE,
M003,C0008269,2021-07-26,EXPOSED,2021-07-29,NO_RESPONSE,
M003,C0010549,2021-07-26,EXPOSED,2021-09-09,NO_RESPONSE,
M003,C0010990,2021-07-26,EXPOSED,2021-08-03,NO_RESPONSE,
M003,C0011203,2021-07-26,EXPOSED,2021-09-23,NO_RESPONSE,
M003,C0011258,2021-07-26,EXPOSED,2021-08-22,POSITIVE,2021-08-26
M003,C0011774,2021-07-26,EXPOSED,2021-09-02,NO_RESPONSE,
M003,C0011917,2021-07-26,EXPOSED,2021-08-29,NO_RESPONSE,
M003,C0012043,2021-07-26,EXPOSED,2021-08-17,NEUTRAL,2021-08-22
M003,C0014807,2021-07-26,EXPOSED,2021-09-05,NEGATIVE,2021-09-09
M003,C0015488,2021-07-26,EXPOSED,2021-08-02,NO_RESPONSE,
M003,C0016217,2021-07-26,EXPOSED,2021-08-14,NO_RESPONSE,
M003,C0017193,2021-07-26,EXPOSED,2021-08-14,NO_RESPONSE,
M003,C0017416,2021-07-26,EXPOSED,2021-08-20,NO_RESPONSE,
M003,C0017441,2021-07-26,EXPOSED,2021-07-26,NO_RESPONSE,
M003,C0018195,2021-07-26,EXPOSED,2021-09-13,NEUTRAL,2021-09-16
M003,C0018219,2021-07-26,EXPOSED,2021-08-02,NO_RESPONSE,
M003,C0018466,2021-07-26,EXPOSED,2021-08-24,NO_RESPONSE,
M003,C0018544,2021-07-26,EXPOSED,2021-08-27,NO_RESPONSE,
M003,C0019003,2021-07-26,EXPOSED,2021-09-05,NO_RESPONSE,
M003,C0019040,2021-07-26,EXPOSED,2021-08-09,POSITIVE,2021-08-09
M003,C0019603,2021-07-26,EXPOSED,2021-08-21,NEUTRAL,2021-08-23
M003,C0000809,2021-07-27,NOT_EXPOSED,,,
M003,C0002304,2021-07-27,NOT_EXPOSED,,,
M003,C0003320,2021-07-27,EXPOSED,2021-09-05,NO_RESPONSE,
M003,C0005991,2021-07-27,NOT_EXPOSED,,,
M003,C0006230,2021-07-27,NOT_EXPOSED,,,
M003,C0006393,2021-07-27,EXPOSED,2021-08-16,NO_RESPONSE,
M003,C0007444,2021-07-27,EXPOSED,2021-08-17,NO_RESPONSE,
M003,C0007591,2021-07-27,EXPOSED,2021-08-16,NO_RESPONSE,
M003,C0007690,2021-07-27,EXPOSED,2021-09-20,NO_RESPONSE,
M003,C0007861,2021-07-27,NOT_EXPOSED,,,
M003,C0007875,2021-07-27,EXPOSED,2021-07-30,NO_RESPONSE,
M003,C0008173,2021-07-27,EXPOSED,2021-08-08,NO_RESPONSE,
M003,C0009482,2021-07-27,NOT_EXPOSED,,,
M003,C0010420,2021-07-27,EXPOSED,2021-08-24,NO_RESPONSE,
M003,C0010613,2021-07-27,EXPOSED,2021-08-25,NO_RESPONSE,
M003,C0011105,2021-07-27,EXPOSED,2021-08-04,NO_RESPONSE,
M003,C0011306,2021-07-27,EXPOSED,2021-08-26,NO_RESPONSE,
M003,C0012710,2021-07-27,EXPOSED,2021-09-19,NO_RESPONSE,
M003,C0012958,2021-07-27,EXPOSED,2021-09-05,NO_RESPONSE,
M003,C0013148,2021-07-27,EXPOSED,2021-08-18,NO_RESPONSE,
M003,C0014087,2021-07-27,EXPOSED,2021-08-05,NO_RESPONSE,
M003,C0015048,2021-07-27,NOT_EXPOSED,,,
M003,C0016319,2021-07-27,EXPOSED,2021-08-31,NO_RESPONSE,
M003,C0016348,2021-07-27,NOT_EXPOSED,,,
M003,C0016842,2021-07-27,EXPOSED,2021-08-13,NO_RESPONSE,
M003,C0000923,2021-07-28,EXPOSED,2021-08-21,POSITIVE,2021-08-24
M003,C0001054,2021-07-28,EXPOSED,2021-08-15,NO_RESPONSE,
M003,C0001593,2021-07-28,EXPOSED,2021-08-23,NO_RESPONSE,
M003,C0002891,2021-07-28,EXPOSED,2021-08-24,NO_RESPONSE,
M003,C0004339,2021-07-28,EXPOSED,2021-09-01,NEUTRAL,2021-09-04
M003,C0004607,2021-07-28,EXPOSED,2021-08-22,NO_RESPONSE,
M003,C0004854,2021-07-28,EXPOSED,2021-09-09,NO_RESPONSE,
M003,C0007498,2021-07-28,NOT_EXPOSED,,,
M003,C0008964,2021-07-28,EXPOSED,2021-08-08,NO_RESPONSE,
M003,C0010144,2021-07-28,EXPOSED,2021-08-12,NO_RESPONSE,
M003,C0010615,2021-07-28,EXPOSED,2021-09-01,NO_RESPONSE,
M003,C0010746,2021-07-28,EXPOSED,2021-08-10,NO_RESPONSE,
M003,C0011403,2021-07-28,EXPOSED,2021-07-30,NO_RESPONSE,
M003,C0011660,2021-07-28,EXPOSED,2021-07-30,NO_RESPONSE,
M003,C0014887,2021-07-28,EXPOSED,2021-08-22,NO_RESPONSE,
M003,C0014924,2021-07-28,EXPOSED,2021-07-31,POSITIVE,2021-08-01
M003,C0015059,2021-07-28,NOT_EXPOSED,,,
M003,C0015243,2021-07-28,EXPOSED,2021-09-19,NO_RESPONSE,
M003,C0017425,2021-07-28,EXPOSED,2021-08-09,NO_RESPONSE,
M003,C0017940,2021-07-28,EXPOSED,2021-08-06,NO_RESPONSE,
M003,C0018521,2021-07-28,EXPOSED,2021-08-07,NO_RESPONSE,
M003,C0019562,2021-07-28,EXPOSED,2021-08-23,NEUTRAL,2021-08-25
M003,C0019869,2021-07-28,EXPOSED,2021-08-04,NEUTRAL,2021-08-04
M003,C0000228,2021-07-29,NOT_EXPOSED,,,
M003,C0001801,2021-07-29,EXPOSED,2021-08-29,NO_RESPONSE,
M003,C0002972,2021-07-29,EXPOSED,2021-08-23,NO_RESPONSE,
M003,C0003036,2021-07-29,EXPOSED,2021-09-16,NEUTRAL,2021-09-23
M003,C0003704,2021-07-29,EXPOSED,2021-08-17,NO_RESPONSE,
M003,C0003809,2021-07-29,EXPOSED,2021-09-08,NO_RESPONSE,
M003,C0004095,2021-07-29,EXPOSED,2021-08-13,NO_RESPONSE,
M003,C0004681,2021-07-29,EXPOSED,2021-09-03,NO_RESPONSE,
M003,C0005512,2021-07-29,EXPOSED,2021-09-08,NO_RESPONSE,
M003,C0006638,2021-07-29,EXPOSED,2021-08-19,NO_RESPONSE,
M003,C0006761,2021-07-29,EXPOSED,2021-08-05,NO_RESPONSE,
M003,C0007786,2021-07-29,NOT_EXPOSED,,,
M003,C0008533,2021-07-29,EXPOSED,2021-08-18,NO_RESPONSE,
M003,C0008633,2021-07-29,EXPOSED,2021-08-11,NO_RESPONSE,
M003,C0010193,2021-07-29,EXPOSED,2021-08-06,NO_RESPONSE,
M003,C0010949,2021-07-29,EXPOSED,2021-08-13,NO_RESPONSE,
M003,C0011009,2021-07-29,NOT_EXPOSED,,,
M003,C0012610,2021-07-29,EXPOSED,2021-09-13,NO_RESPONSE,
M003,C0013042,2021-07-29,EXPOSED,2021-08-18,NO_RESPONSE,
M003,C0014583,2021-07-29,EXPOSED,2021-07-29,POSITIVE,2021-07-30
M003,C0014664,2021-07-29,EXPOSED,2021-08-15,NO_RESPONSE,
M003,C0015205,2021-07-29,EXPOSED,2021-08-28,NO_RESPONSE,
M003,C0017663,2021-07-29,EXPOSED,2021-08-10,NO_RESPONSE,
M003,C0018567,2021-07-29,EXPOSED,2021-08-02,POSITIVE,2021-08-07
M003,C0019308,2021-07-29,EXPOSED,2021-09-06,NO_RESPONSE,
M003,C0000387,2021-07-30,EXPOSED,2021-09-18,NO_RESPONSE,
M003,C0002122,2021-07-30,EXPOSED,2021-09-09,NO_RESPONSE,
M003,C0002297,2021-07-30,EXPOSED,2021-09-17,NO_RESPONSE,
M003,C0002909,2021-07-30,NOT_EXPOSED,,,
M003,C0003610,2021-07-30,NOT_EXPOSED,,,
M003,C0005052,2021-07-30,EXPOSED,2021-09-05,NO_RESPONSE,
M003,C0005710,2021-07-30,EXPOSED,2021-08-28,NO_RESPONSE,
M003,C0006292,2021-07-30,EXPOSED,2021-08-03,NO_RESPONSE,
M003,C0006946,2021-07-30,NOT_EXPOSED,,,
M003,C0007608,2021-07-30,EXPOSED,2021-08-20,NO_RESPONSE,
M003,C0007664,2021-07-30,EXPOSED,2021-08-26,NO_RESPONSE,
M003,C0008409,2021-07-30,EXPOSED,2021-09-07,NO_RESPONSE,
M003,C0008516,2021-07-30,EXPOSED,2021-08-23,NO_RESPONSE,
M003,C0009023,2021-07-30,EXPOSED,2021-08-23,NO_RESPONSE,
M003,C0009252,2021-07-30,EXPOSED,2021-08-20,NO_RESPONSE,
M003,C0010558,2021-07-30,NOT_EXPOSED,,,
M003,C0010846,2021-07-30,EXPOSED,2021-08-29,NO_RESPONSE,
M003,C0011781,2021-07-30,EXPOSED,2021-09-15,NO_RESPONSE,
M003,C0011833,2021-07-30,EXPOSED,2021-09-15,NO_RESPONSE,
M003,C0013011,2021-07-30,NOT_EXPOSED,,,
M003,C0013758,2021-07-30,EXPOSED,2021-08-24,NO_RESPONSE,
M003,C0014197,2021-07-30,EXPOSED,2021-08-21,NO_RESPONSE,
M003,C0014249,2021-07-30,EXPOSED,2021-08-24,NO_RESPONSE,
M003,C0014967,2021-07-30,NOT_EXPOSED,,,
M003,C0015818,2021-07-30,EXPOSED,2021-09-01,NO_RESPONSE,
M003,C0016100,2021-07-30,EXPOSED,2021-09-03,POSITIVE,2021-09-05
M003,C0016301,2021-07-30,EXPOSED,2021-08-29,NO_RESPONSE,
M003,C0017140,2021-07-30,EXPOSED,2021-09-01,NEUTRAL,2021-09-02
M003,C0000672,2021-07-31,EXPOSED,2021-08-24,NO_RESPONSE,
M003,C0002995,2021-07-31,EXPOSED,2021-08-11,NO_RESPONSE,
M003,C0004506,2021-07-31,NOT_EXPOSED,,,
M003,C0004842,2021-07-31,EXPOSED,2021-08-03,NO_RESPONSE,
M003,C0005250,2021-07-31,EXPOSED,2021-09-04,NO_RESPONSE,
M003,C0006433,2021-07-31,NOT_EXPOSED,,,
M003,C0007045,2021-07-31,EXPOSED,2021-09-02,NO_RESPONSE,
M003,C0007602,2021-07-31,EXPOSED,2021-08-02,NO_RESPONSE,
M003,C0007630,2021-07-31,EXPOSED,2021-08-11,POSITIVE,2021-08-13
M003,C0009397,2021-07-31,EXPOSED,2021-08-20,NO_RESPONSE,
M003,C0010137,2021-07-31,NOT_EXPOSED,,,
M003,C0010917,2021-07-31,EXPOSED,2021-08-10,NO_RESPONSE,
M003,C0012274,2021-07-31,EXPOSED,2021-09-08,NO_RESPONSE,
M003,C0015820,2021-07-31,EXPOSED,2021-08-25,NO_RESPONSE,
M003,C0017032,2021-07-31,NOT_EXPOSED,,,
M003,C0017085,2021-07-31,EXPOSED,2021-08-20,NO_RESPONSE,
M003,C0017644,2021-07-31,NOT_EXPOSED,,,
M003,C0018262,2021-07-31,EXPOSED,2021-09-18,NO_RESPONSE,
M003,C0018672,2021-07-31,EXPOSED,2021-08-19,NO_RESPONSE,
M003,C0019147,2021-07-31,NOT_EXPOSED,,,
M003,C0019259,2021-07-31,EXPOSED,2021-09-07,NO_RESPONSE,
M003,C0000526,2021-08-01,EXPOSED,2021-08-31,NO_RESPONSE,
M003,C0001765,2021-08-01,NOT_EXPOSED,,,
M003,C0003376,2021-08-01,EXPOSED,2021-08-05,NO_RESPONSE,
M003,C0003790,2021-08-01,EXPOSED,2021-08-16,NO_RESPONSE,
M003,C0004775,2021-08-01,NOT_EXPOSED,,,
M003,C0005458,2021-08-01,EXPOSED,2021-09-12,NO_RESPONSE,
M003,C0006617,2021-08-01,EXPOSED,2021-08-30,NEUTRAL,2021-09-01
M003,C0007157,2021-08-01,EXPOSED,2021-08-27,NO_RESPONSE,
M003,C0009203,2021-08-01,NOT_EXPOSED,,,
M003,C0009771,2021-08-01,NOT_EXPOSED,,,
M003,C0009955,2021-08-01,EXPOSED,2021-08-28,POSITIVE,2021-09-04
M003,C0010339,2021-08-01,EXPOSED,2021-08-05,NO_RESPONSE,
M003,C0012106,2021-08-01,EXPOSED,2021-08-23,NO_RESPONSE,
M003,C0016188,2021-08-01,EXPOSED,2021-08-14,NO_RESPONSE,
M003,C0016265,2021-08-01,EXPOSED,2021-08-06,NO_RESPONSE,
M003,C0019839,2021-08-01,NOT_EXPOSED,,,
M003,C0000515,2021-08-02,EXPOSED,2021-09-03,NO_RESPONSE,
M003,C0000680,2021-08-02,EXPOSED,2021-09-20,NO_RESPONSE,
M003,C0002358,2021-08-02,NOT_EXPOSED,,,
M003,C0003307,2021-08-02,EXPOSED,2021-08-26,NO_RESPONSE,
M003,C0003309,2021-08-02,EXPOSED,2021-08-10,NO_RESPONSE,
M003,C0003972,2021-08-02,EXPOSED,2021-08-15,NO_RESPONSE,
M003,C0004770,2021-08-02,EXPOSED,2021-08-17,NO_RESPONSE,
M003,C0005204,2021-08-02,EXPOSED,2021-09-01,NO_RESPONSE,
M003,C0005299,2021-08-02,EXPOSED,2021-09-16,NO_RESPONSE,
M003,C0005803,2021-08-02,EXPOSED,2021-09-20,NO_RESPONSE,
M003,C0006001,2021-08-02,EXPOSED,2021-08-23,NO_RESPONSE,
M003,C0006223,2021-08-02,EXPOSED,2021-08-05,POSITIVE,2021-08-17
M003,C0006910,2021-08-02,EXPOSED,2021-09-16,NO_RESPONSE,
M003,C0006989,2021-08-02,EXPOSED,2021-08-15,NO_RESPONSE,
M003,C0007663,2021-08-02,EXPOSED,2021-08-04,NO_RESPONSE,
M003,C0007671,2021-08-02,EXPOSED,2021-08-11,NO_RESPONSE,
M003,C0008375,2021-08-02,EXPOSED,2021-09-02,NO_RESPONSE,
M003,C0009781,2021-08-02,NOT_EXPOSED,,,
M003,C0012236,2021-08-02,EXPOSED,2021-08-07,POSITIVE,2021-08-15
M003,C0014502,2021-08-02,NOT_EXPOSED,,,
M003,C0015618,2021-08-02,EXPOSED,2021-08-20,NO_RESPONSE,
M003,C0016115,2021-08-02,EXPOSED,2021-08-19,NO_RESPONSE,
M003,C0017249,2021-08-02,NOT_EXPOSED,,,
M003,C0017993,2021-08-02,NOT_EXPOSED,,,
M003,C0018375,2021-08-02,EXPOSED,2021-08-23,NO_RESPONSE,
M003,C0018976,2021-08-02,EXPOSED,2021-08-06,NO_RESPONSE,
M003,C0019332,2021-08-02,NOT_EXPOSED,,,
M003,C0019748,2021-08-02,EXPOSED,2021-08-19,NO_RESPONSE,
M003,C0000262,2021-08-03,EXPOSED,2021-08-21,NO_RESPONSE,
M003,C0000644,2021-08-03,EXPOSED,2021-09-01,NO_RESPONSE,
M003,C0001234,2021-08-03,NOT_EXPOSED,,,
M003,C0002954,2021-08-03,EXPOSED,2021-08-11,NO_RESPONSE,
M003,C0003525,2021-08-03,EXPOSED,2021-09-05,NEUTRAL,2021-09-11
M003,C0005665,2021-08-03,EXPOSED,2021-09-10,NO_RESPONSE,
M003,C0006249,2021-08-03,NOT_EXPOSED,,,
M003,C0007928,2021-08-03,EXPOSED,2021-08-31,NO_RESPONSE,
M003,C0009790,2021-08-03,EXPOSED,2021-08-04,NO_RESPONSE,
M003,C0011461,2021-08-03,EXPOSED,2021-08-31,NO_RESPONSE,
M003,C0014797,2021-08-03,EXPOSED,2021-08-17,NO_RESPONSE,
M003,C0014998,2021-08-03,EXPOSED,2021-08-22,NO_RESPONSE,
M003,C0016557,2021-08-03,EXPOSED,2021-08-09,NO_RESPONSE,
M003,C0017177,2021-08-03,EXPOSED,2021-08-29,NO_RESPONSE,
M003,C0017539,2021-08-03,EXPOSED,2021-08-27,NO_RESPONSE,
M003,C0018073,2021-08-03,EXPOSED,2021-08-18,NO_RESPONSE,
M003,C0018167,2021-08-03,EXPOSED,2021-09-15,POSITIVE,2021-09-17
M003,C0019128,2021-08-03,EXPOSED,2021-08-09,POSITIVE,2021-08-11
M003,C0019610,2021-08-03,EXPOSED,2021-08-21,NO_RESPONSE,
M003,C0019835,2021-08-03,EXPOSED,2021-08-27,NEUTRAL,2021-08-31
M003,C0000384,2021-08-04,EXPOSED,2021-09-09,NEGATIVE,2021-09-14
M003,C0000462,2021-08-04,EXPOSED,2021-09-02,NO_RESPONSE,
M003,C0001704,2021-08-04,EXPOSED,2021-08-06,POSITIVE,2021-08-08
M003,C0002241,2021-08-04,EXPOSED,2021-09-23,POSITIVE,2021-09-29
M003,C0002550,2021-08-04,NOT_EXPOSED,,,
M003,C0003135,2021-08-04,EXPOSED,2021-08-23,NO_RESPONSE,
M003,C0003583,2021-08-04,EXPOSED,2021-08-30,POSITIVE,2021-08-31
M003,C0004011,2021-08-04,EXPOSED,2021-08-19,NO_RESPONSE,
M003,C0004195,2021-08-04,NOT_EXPOSED,,,
M003,C0005869,2021-08-04,EXPOSED,2021-08-17,NO_RESPONSE,
M003,C0006253,2021-08-04,EXPOSED,2021-08-31,NO_RESPONSE,
M003,C0008083,2021-08-04,EXPOSED,2021-08-17,NO_RESPONSE,
M003,C0008435,2021-08-04,EXPOSED,2021-08-09,NO_RESPONSE,
M003,C0008815,2021-08-04,NOT_EXPOSED,,,
M003,C0009165,2021-08-04,EXPOSED,2021-08-13,NO_RESPONSE,
M003,C0010413,2021-08-04,EXPOSED,2021-08-20,NO_RESPONSE,
M003,C0011415,2021-08-04,EXPOSED,2021-08-14,NO_RESPONSE,
M003,C0012022,2021-08-04,NOT_EXPOSED,,,
M003,C0012461,2021-08-04,EXPOSED,2021-08-07,NO_RESPONSE,
M003,C0013050,2021-08-04,EXPOSED,2021-08-09,NO_RESPONSE,
M003,C0013466,2021-08-04,EXPOSED,2021-08-11,POSITIVE,2021-08-11
M003,C0013469,2021-08-04,EXPOSED,2021-08-08,NEUTRAL,2021-08-10
M003,C0014083,2021-08-04,NOT_EXPOSED,,,
M003,C0014565,2021-08-04,EXPOSED,2021-09-13,NO_RESPONSE,
M003,C0015013,2021-08-04,EXPOSED,2021-09-02,POSITIVE,2021-09-04
M003,C0016480,2021-08-04,EXPOSED,2021-09-07,NO_RESPONSE,
M003,C0016534,2021-08-04,EXPOSED,2021-08-15,NO_RESPONSE,
M003,C0017119,2021-08-04,EXPOSED,2021-09-20,NO_RESPONSE,
M003,C0017213,2021-08-04,NOT_EXPOSED,,,
M003,C0017642,2021-08-04,NOT_EXPOSED,,,
M003,C0018522,2021-08-04,NOT_EXPOSED,,,
M003,C0018541,2021-08-04,EXPOSED,2021-09-19,NO_RESPONSE,
M003,C0018857,2021-08-04,EXPOSED,2021-09-01,NEGATIVE,2021-09-09
M003,C0000064,2021-08-05,EXPOSED,2021-09-03,NO_RESPONSE,
M003,C0002629,2021-08-05,EXPOSED,2021-09-04,NO_RESPONSE,
M003,C0002755,2021-08-05,EXPOSED,2021-08-23,NO_RESPONSE,
M003,C0002851,2021-08-05,EXPOSED,2021-08-20,NO_RESPONSE,
M003,C0003141,2021-08-05,NOT_EXPOSED,,,
M003,C0003353,2021-08-05,EXPOSED,2021-09-08,POSITIVE,2021-09-09
M003,C0003444,2021-08-05,EXPOSED,2021-09-10,NO_RESPONSE,
M003,C0005844,2021-08-05,NOT_EXPOSED,,,
M003,C0006694,2021-08-05,EXPOSED,2021-09-20,NO_RESPONSE,
M003,C0007771,2021-08-05,EXPOSED,2021-08-08,NO_RESPONSE,
M003,C0010291,2021-08-05,EXPOSED,2021-09-05,NO_RESPONSE,
M003,C0011178,2021-08-05,EXPOSED,2021-08-29,NO_RESPONSE,
M003,C0011728,2021-08-05,EXPOSED,2021-08-25,POSITIVE,2021-08-28
M003,C0012389,2021-08-05,EXPOSED,2021-09-08,NO_RESPONSE,
M003,C0012985,2021-08-05,EXPOSED,2021-09-24,NEUTRAL,2021-09-26
M003,C0013617,2021-08-05,NOT_EXPOSED,,,
M003,C0013927,2021-08-05,NOT_EXPOSED,,,
M003,C0014231,2021-08-05,EXPOSED,2021-08-26,NO_RESPONSE,
M003,C0014268,2021-08-05,EXPOSED,2021-08-16,NEUTRAL,2021-08-21
M003,C0014345,2021-08-05,EXPOSED,2021-08-22,NO_RESPONSE,
M003,C0015457,2021-08-05,EXPOSED,2021-08-23,NO_RESPONSE,
M003,C0015527,2021-08-05,EXPOSED,2021-09-21,NO_RESPONSE,
M003,C0015950,2021-08-05,EXPOSED,2021-08-17,NO_RESPONSE,
M003,C0016374,2021-08-05,EXPOSED,2021-08-30,NO_RESPONSE,
M003,C0016466,2021-08-05,EXPOSED,2021-08-23,NO_RESPONSE,
M003,C0017047,2021-08-05,EXPOSED,2021-08-20,POSITIVE,2021-08-20
M003,C0017061,2021-08-05,EXPOSED,2021-09-11,NO_RESPONSE,
M003,C0017559,2021-08-05,EXPOSED,2021-08-28,NO_RESPONSE,
M003,C0018125,2021-08-05,EXPOSED,2021-09-16,NO_RESPONSE,
M003,C0018594,2021-08-05,NOT_EXPOSED,,,
M003,C0019415,2021-08-05,EXPOSED,2021-09-14,NO_RESPONSE,
M003,C0000355,2021-08-06,EXPOSED,2021-09-10,NO_RESPONSE,
M003,C0000727,2021-08-06,EXPOSED,2021-09-07,NO_RESPONSE,
M003,C0001133,2021-08-06,EXPOSED,2021-08-28,NO_RESPONSE,
M003,C0001821,2021-08-06,EXPOSED,2021-09-12,NO_RESPONSE,
M003,C0002265,2021-08-06,EXPOSED,2021-08-23,NO_RESPONSE,
M003,C0003449,2021-08-06,EXPOSED,2021-09-16,NO_RESPONSE,
M003,C0003773,2021-08-06,NOT_EXPOSED,,,
M003,C0008150,2021-08-06,EXPOSED,2021-08-27,NO_RESPONSE,
M003,C0009904,2021-08-06,EXPOSED,2021-09-05,NO_RESPONSE,
M003,C0011840,2021-08-06,EXPOSED,2021-08-12,NO_RESPONSE,
M003,C0014210,2021-08-06,EXPOSED,2021-09-21,NO_RESPONSE,
M003,C0016121,2021-08-06,EXPOSED,2021-09-18,NO_RESPONSE,
M003,C0017602,2021-08-06,EXPOSED,2021-08-23,NO_RESPONSE,
M003,C0018979,2021-08-06,EXPOSED,2021-09-11,NO_RESPONSE,
M003,C0000066,2021-08-07,EXPOSED,2021-08-17,NEUTRAL,2021-08-20
M003,C0001059,2021-08-07,EXPOSED,2021-09-08,POSITIVE,2021-09-12
M003,C0001379,2021-08-07,EXPOSED,2021-08-11,NEUTRAL,2021-08-14
M003,C0001630,2021-08-07,EXPOSED,2021-08-10,NO_RESPONSE,
M003,C0002952,2021-08-07,EXPOSED,2021-08-10,NEUTRAL,2021-08-15
M003,C0004461,2021-08-07,EXPOSED,2021-08-17,NO_RESPONSE,
M003,C0004546,2021-08-07,EXPOSED,2021-09-17,NO_RESPONSE,
M003,C0004765,2021-08-07,NOT_EXPOSED,,,
M003,C0004844,2021-08-07,EXPOSED,2021-08-28,NO_RESPONSE,
M003,C0007693,2021-08-07,EXPOSED,2021-08-30,NEUTRAL,2021-08-31
M003,C0007769,2021-08-07,EXPOSED,2021-08-16,NO_RESPONSE,
M003,C0008941,2021-08-07,EXPOSED,2021-09-07,NO_RESPONSE,
M003,C0010588,2021-08-07,NOT_EXPOSED,,,
M003,C0011025,2021-08-07,NOT_EXPOSED,,,
M003,C0011928,2021-08-07,EXPOSED,2021-09-01,NO_RESPONSE,
M003,C0012418,2021-08-07,NOT_EXPOSED,,,
M003,C0014270,2021-08-07,NOT_EXPOSED,,,
M003,C0015882,2021-08-07,EXPOSED,2021-08-22,NO_RESPONSE,
M003,C0018747,2021-08-07,EXPOSED,2021-09-03,NO_RESPONSE,
M003,C0019623,2021-08-07,EXPOSED,2021-08-26,NO_RESPONSE,
M003,C0000138,2021-08-08,EXPOSED,2021-09-09,NO_RESPONSE,
M003,C0001504,2021-08-08,EXPOSED,2021-09-11,NO_RESPONSE,
M003,C0002083,2021-08-08,NOT_EXPOSED,,,
M003,C0002469,2021-08-08,EXPOSED,2021-09-16,NO_RESPONSE,
M003,C0003101,2021-08-08,EXPOSED,2021-09-22,POSITIVE,2021-09-23
M003,C0003545,2021-08-08,EXPOSED,2021-08-14,NO_RESPONSE,
M003,C0003913,2021-08-08,EXPOSED,2021-09-02,NO_RESPONSE,
M003,C0005902,2021-08-08,EXPOSED,2021-08-25,NO_RESPONSE,
M003,C0007871,2021-08-08,EXPOSED,2021-08-25,NO_RESPONSE,
M003,C0008934,2021-08-08,EXPOSED,2021-08-28,NO_RESPONSE,
M003,C0010087,2021-08-08,EXPOSED,2021-09-12,NO_RESPONSE,
M003,C0010222,2021-08-08,EXPOSED,2021-09-20,NO_RESPONSE,
M003,C0010771,2021-08-08,EXPOSED,2021-08-21,NO_RESPONSE,
M003,C0010961,2021-08-08,EXPOSED,2021-08-30,POSITIVE,2021-08-31
M003,C0011420,2021-08-08,NOT_EXPOSED,,,
M003,C0011809,2021-08-08,NOT_EXPOSED,,,
M003,C0011850,2021-08-08,NOT_EXPOSED,,,
M003,C0012406,2021-08-08,EXPOSED,2021-09-07,NEUTRAL,2021-09-08
M003,C0012602,2021-08-08,EXPOSED,2021-08-21,NO_RESPONSE,
M003,C0012640,2021-08-08,EXPOSED,2021-08-24,NO_RESPONSE,
M003,C0013283,2021-08-08,EXPOSED,2021-08-29,NO_RESPONSE,
M003,C0013584,2021-08-08,EXPOSED,2021-08-13,NO_RESPONSE,
M003,C0015291,2021-08-08,EXPOSED,2021-09-04,NO_RESPONSE,
M003,C0015576,2021-08-08,NOT_EXPOSED,,,
M003,C0015856,2021-08-08,EXPOSED,2021-09-08,NO_RESPONSE,
M003,C0017178,2021-08-08,NOT_EXPOSED,,,
M003,C0017418,2021-08-08,NOT_EXPOSED,,,
M003,C0018475,2021-08-08,EXPOSED,2021-09-19,NEUTRAL,2021-09-26
M003,C0019991,2021-08-08,EXPOSED,2021-08-13,NEGATIVE,2021-08-21
M003,C0002637,2021-08-09,EXPOSED,2021-08-20,NO_RESPONSE,
M003,C0002720,2021-08-09,EXPOSED,2021-08-11,NO_RESPONSE,
M003,C0002795,2021-08-09,EXPOSED,2021-08-27,POSITIVE,2021-09-05
M003,C0003247,2021-08-09,EXPOSED,2021-08-20,NO_RESPONSE,
M003,C0005329,2021-08-09,EXPOSED,2021-08-23,NO_RESPONSE,
M003,C0006620,2021-08-09,EXPOSED,2021-08-12,POSITIVE,2021-08-16
M003,C0007305,2021-08-09,EXPOSED,2021-09-17,NO_RESPONSE,
M003,C0009635,2021-08-09,NOT_EXPOSED,,,
M003,C0010526,2021-08-09,EXPOSED,2021-08-17,NEUTRAL,2021-08-29
M003,C0011141,2021-08-09,NOT_EXPOSED,,,
M003,C0011364,2021-08-09,EXPOSED,2021-08-20,NO_RESPONSE,
M003,C0011588,2021-08-09,NOT_EXPOSED,,,
M003,C0012945,2021-08-09,NOT_EXPOSED,,,
M003,C0015475,2021-08-09,EXPOSED,2021-09-06,NO_RESPONSE,
M003,C0017408,2021-08-09,EXPOSED,2021-08-30,NO_RESPONSE,
M003,C0018172,2021-08-09,EXPOSED,2021-08-18,NO_RESPONSE,
M003,C0018518,2021-08-09,EXPOSED,2021-08-30,NO_RESPONSE,
M003,C0000469,2021-08-10,EXPOSED,2021-09-18,NO_RESPONSE,
M003,C0001110,2021-08-10,EXPOSED,2021-09-17,NO_RESPONSE,
M003,C0001810,2021-08-10,EXPOSED,2021-08-22,NO_RESPONSE,
M003,C0002301,2021-08-10,EXPOSED,2021-08-29,NO_RESPONSE,
M003,C0003063,2021-08-10,NOT_EXPOSED,,,
M003,C0004080,2021-08-10,EXPOSED,2021-09-15,NO_RESPONSE,
M003,C0005274,2021-08-10,NOT_EXPOSED,,,
M003,C0006703,2021-08-10,EXPOSED,2021-09-09,NEGATIVE,2021-09-16
M003,C0007098,2021-08-10,EXPOSED,2021-09-17,NO_RESPONSE,
M003,C0010269,2021-08-10,EXPOSED,2021-08-22,POSITIVE,2021-08-25
M003,C0010504,2021-08-10,EXPOSED,2021-08-23,NO_RESPONSE,
M003,C0010966,2021-08-10,NOT_EXPOSED,,,
M003,C0011023,2021-08-10,NOT_EXPOSED,,,
M003,C0011830,2021-08-10,EXPOSED,2021-09-13,NO_RESPONSE,
M003,C0012625,2021-08-10,EXPOSED,2021-09-02,NO_RESPONSE,
M003,C0012852,2021-08-10,EXPOSED,2021-09-04,POSITIVE,2021-09-06
M003,C0013265,2021-08-10,EXPOSED,2021-09-20,NO_RESPONSE,
M003,C0013481,2021-08-10,NOT_EXPOSED,,,
M003,C0015124,2021-08-10,NOT_EXPOSED,,,
M003,C0016093,2021-08-10,EXPOSED,2021-09-20,NO_RESPONSE,
M003,C0016727,2021-08-10,EXPOSED,2021-09-17,NO_RESPONSE,
M003,C0016858,2021-08-10,NOT_EXPOSED,,,
M003,C0016892,2021-08-10,NOT_EXPOSED,,,
M003,C0018962,2021-08-10,EXPOSED,2021-09-01,NO_RESPONSE,
M003,C0018970,2021-08-10,EXPOSED,2021-08-16,NEGATIVE,2021-08-19
M003,C0019071,2021-08-10,EXPOSED,2021-08-13,NO_RESPONSE,
M003,C0019229,2021-08-10,EXPOSED,2021-08-26,NO_RESPONSE,
M003,C0000825,2021-08-11,EXPOSED,2021-09-04,NO_RESPONSE,
M003,C0001502,2021-08-11,EXPOSED,2021-09-13,NO_RESPONSE,
M003,C0001856,2021-08-11,EXPOSED,2021-09-11,POSITIVE,2021-09-15
M003,C0003127,2021-08-11,NOT_EXPOSED,,,
M003,C0003640,2021-08-11,EXPOSED,2021-08-19,NO_RESPONSE,
M003,C0003655,2021-08-11,EXPOSED,2021-08-28,NO_RESPONSE,
M003,C0008861,2021-08-11,EXPOSED,2021-09-02,NO_RESPONSE,
M003,C0011776,2021-08-11,EXPOSED,2021-09-03,POSITIVE,2021-09-10
M003,C0013073,2021-08-11,EXPOSED,2021-09-26,NO_RESPONSE,
M003,C0014548,2021-08-11,NOT_EXPOSED,,,
M003,C0015615,2021-08-11,EXPOSED,2021-08-31,NO_RESPONSE,
M003,C0018512,2021-08-11,EXPOSED,2021-08-12,POSITIVE,2021-08-13
M003,C0018692,2021-08-11,EXPOSED,2021-09-15,NO_RESPONSE,
M003,C0002051,2021-08-12,EXPOSED,2021-08-19,NO_RESPONSE,
M003,C0002217,2021-08-12,EXPOSED,2021-08-24,NO_RESPONSE,
M003,C0002618,2021-08-12,EXPOSED,2021-08-28,POSITIVE,2021-08-31
M003,C0002820,2021-08-12,NOT_EXPOSED,,,
M003,C0003412,2021-08-12,EXPOSED,2021-09-18,NO_RESPONSE,
M003,C0005184,2021-08-12,EXPOSED,2021-08-21,POSITIVE,2021-08-25
M003,C0006179,2021-08-12,EXPOSED,2021-08-31,POSITIVE,2021-09-08
M003,C0006581,2021-08-12,EXPOSED,2021-08-16,NO_RESPONSE,
M003,C0008894,2021-08-12,EXPOSED,2021-08-22,NO_RESPONSE,
M003,C0009467,2021-08-12,EXPOSED,2021-08-26,NO_RESPONSE,
M003,C0010247,2021-08-12,NOT_EXPOSED,,,
M003,C0013020,2021-08-12,NOT_EXPOSED,,,
M003,C0013131,2021-08-12,NOT_EXPOSED,,,
M003,C0014305,2021-08-12,EXPOSED,2021-08-23,NO_RESPONSE,
M003,C0015208,2021-08-12,EXPOSED,2021-08-27,POSITIVE,2021-09-01
M003,C0016641,2021-08-12,EXPOSED,2021-08-24,NO_RESPONSE,
M003,C0016848,2021-08-12,EXPOSED,2021-09-07,NEUTRAL,2021-09-10
M003,C0017500,2021-08-12,EXPOSED,2021-08-15,POSITIVE,2021-08-19
M003,C0018455,2021-08-12,EXPOSED,2021-08-22,NO_RESPONSE,
M003,C0019601,2021-08-12,EXPOSED,2021-08-15,NO_RESPONSE,
M003,C0001720,2021-08-13,EXPOSED,2021-09-08,NO_RESPONSE,
M003,C0003903,2021-08-13,EXPOSED,2021-08-23,NO_RESPONSE,
M003,C0004721,2021-08-13,EXPOSED,2021-09-01,NO_RESPONSE,
M003,C0004893,2021-08-13,NOT_EXPOSED,,,
M003,C0005488,2021-08-13,EXPOSED,2021-09-03,NO_RESPONSE,
M003,C0005511,2021-08-13,EXPOSED,2021-09-20,NO_RESPONSE,
M003,C0005835,2021-08-13,EXPOSED,2021-09-01,NO_RESPONSE,
M003,C0006025,2021-08-13,EXPOSED,2021-09-04,NO_RESPONSE,
M003,C0007258,2021-08-13,EXPOSED,2021-08-22,NEGATIVE,2021-08-27
M003,C0007723,2021-08-13,EXPOSED,2021-09-08,NEUTRAL,2021-09-12
M003,C0009524,2021-08-13,EXPOSED,2021-08-24,NO_RESPONSE,
M003,C0016232,2021-08-13,NOT_EXPOSED,,,
M003,C0017139,2021-08-13,EXPOSED,2021-08-30,NO_RESPONSE,
M003,C0019049,2021-08-13,EXPOSED,2021-08-23,NO_RESPONSE,
M003,C0000029,2021-08-14,NOT_EXPOSED,,,
M003,C0000530,2021-08-14,EXPOSED,2021-09-17,NO_RESPONSE,
M003,C0001088,2021-08-14,EXPOSED,2021-09-06,NEGATIVE,2021-09-14
M003,C0002302,2021-08-14,EXPOSED,2021-08-24,NO_RESPONSE,
M003,C0002745,2021-08-14,NOT_EXPOSED,,,
M003,C0002780,2021-08-14,EXPOSED,2021-09-24,NO_RESPONSE,
M003,C0003813,2021-08-14,EXPOSED,2021-09-10,NEUTRAL,2021-09-21
M003,C0003857,2021-08-14,EXPOSED,2021-09-03,NO_RESPONSE,
M003,C0004565,2021-08-14,NOT_EXPOSED,,,
M003,C0005473,2021-08-14,EXPOSED,2021-08-24,NO_RESPONSE,
M003,C0006004,2021-08-14,EXPOSED,2021-09-16,NEUTRAL,2021-09-23
M003,C0008840,2021-08-14,EXPOSED,2021-08-25,NEUTRAL,2021-08-31
M003,C0009117,2021-08-14,EXPOSED,2021-08-28,NO_RESPONSE,
M003,C0009141,2021-08-14,EXPOSED,2021-09-16,NEUTRAL,2021-09-18
M003,C0010201,2021-08-14,EXPOSED,2021-09-24,NO_RESPONSE,
M003,C0010350,2021-08-14,EXPOSED,2021-09-08,NO_RESPONSE,
M003,C0012023,2021-08-14,EXPOSED,2021-09-04,POSITIVE,2021-09-07
M003,C0012263,2021-08-14,EXPOSED,2021-09-20,NEUTRAL,2021-09-23
M003,C0012487,2021-08-14,NOT_EXPOSED,,,
M003,C0013401,2021-08-14,NOT_EXPOSED,,,
M003,C0017167,2021-08-14,EXPOSED,2021-08-15,NO_RESPONSE,
M003,C0017552,2021-08-14,EXPOSED,2021-08-16,NO_RESPONSE,
M003,C0018223,2021-08-14,EXPOSED,2021-08-28,NO_RESPONSE,
M003,C0018858,2021-08-14,EXPOSED,2021-08-26,NO_RESPONSE,
M003,C0019787,2021-08-14,EXPOSED,2021-08-26,NO_RESPONSE,
M003,C0000208,2021-08-15,NOT_EXPOSED,,,
M003,C0001874,2021-08-15,EXPOSED,2021-09-25,NO_RESPONSE,
M003,C0003439,2021-08-15,EXPOSED,2021-09-19,NO_RESPONSE,
M003,C0003930,2021-08-15,EXPOSED,2021-08-17,NO_RESPONSE,
M003,C0004872,2021-08-15,NOT_EXPOSED,,,
M003,C0004947,2021-08-15,EXPOSED,2021-08-20,NO_RESPONSE,
M003,C0006596,2021-08-15,EXPOSED,2021-08-20,NO_RESPONSE,
M003,C0006614,2021-08-15,EXPOSED,2021-08-25,NO_RESPONSE,
M003,C0007300,2021-08-15,EXPOSED,2021-08-25,NO_RESPONSE,
M003,C0008155,2021-08-15,EXPOSED,2021-08-26,NO_RESPONSE,
M003,C0008300,2021-08-15,EXPOSED,2021-08-25,NO_RESPONSE,
M003,C0010404,2021-08-15,EXPOSED,2021-08-26,NO_RESPONSE,
M003,C0010849,2021-08-15,EXPOSED,2021-08-25,NO_RESPONSE,
M003,C0011139,2021-08-15,NOT_EXPOSED,,,
M003,C0011393,2021-08-15,EXPOSED,2021-09-10,NEUTRAL,2021-09-11
M003,C0013949,2021-08-15,EXPOSED,2021-08-30,NEUTRAL,2021-09-03
M003,C0014138,2021-08-15,NOT_EXPOSED,,,
M003,C0014267,2021-08-15,EXPOSED,2021-09-11,NO_RESPONSE,
M003,C0015797,2021-08-15,NOT_EXPOSED,,,
M003,C0016644,2021-08-15,EXPOSED,2021-08-21,NO_RESPONSE,
M003,C0017021,2021-08-15,EXPOSED,2021-09-11,NEUTRAL,2021-09-15
M003,C0018301,2021-08-15,NOT_EXPOSED,,,
M003,C0019380,2021-08-15,EXPOSED,2021-09-08,NO_RESPONSE,
M003,C0001092,2021-08-16,NOT_EXPOSED,,,
M003,C0001429,2021-08-16,EXPOSED,2021-08-31,NO_RESPONSE,
M003,C0001629,2021-08-16,EXPOSED,2021-09-11,NO_RESPONSE,
M003,C0002580,2021-08-16,EXPOSED,2021-09-02,NO_RESPONSE,
M003,C0002811,2021-08-16,NOT_EXPOSED,,,
M003,C0003115,2021-08-16,EXPOSED,2021-09-04,NO_RESPONSE,
M003,C0003423,2021-08-16,EXPOSED,2021-08-28,NO_RESPONSE,
M003,C0004325,2021-08-16,EXPOSED,2021-09-01,NO_RESPONSE,
M003,C0004420,2021-08-16,EXPOSED,2021-08-22,NO_RESPONSE,
M003,C0006220,2021-08-16,EXPOSED,2021-08-17,NO_RESPONSE,
M003,C0006284,2021-08-16,EXPOSED,2021-09-10,NO_RESPONSE,
M003,C0007782,2021-08-16,EXPOSED,2021-08-22,NO_RESPONSE,
M003,C0008368,2021-08-16,EXPOSED,2021-09-20,NO_RESPONSE,
M003,C0008910,2021-08-16,EXPOSED,2021-09-06,NO_RESPONSE,
M003,C0009471,2021-08-16,EXPOSED,2021-08-30,NO_RESPONSE,
M003,C0009769,2021-08-16,EXPOSED,2021-08-17,NO_RESPONSE,
M003,C0011171,2021-08-16,EXPOSED,2021-09-05,NO_RESPONSE,
M003,C0012581,2021-08-16,EXPOSED,2021-09-09,NO_RESPONSE,
M003,C0014317,2021-08-16,EXPOSED,2021-09-02,NO_RESPONSE,
M003,C0014709,2021-08-16,EXPOSED,2021-08-30,POSITIVE,2021-08-31
M003,C0014996,2021-08-16,EXPOSED,2021-08-26,POSITIVE,2021-08-28
M003,C0016527,2021-08-16,EXPOSED,2021-08-26,NO_RESPONSE,
M003,C0017227,2021-08-16,EXPOSED,2021-09-08,NO_RESPONSE,
M003,C0001105,2021-08-17,EXPOSED,2021-08-18,NEUTRAL,2021-08-19
M003,C0001253,2021-08-17,EXPOSED,2021-09-11,NO_RESPONSE,
M003,C0002402,2021-08-17,EXPOSED,2021-09-14,NO_RESPONSE,
M003,C0002505,2021-08-17,EXPOSED,2021-09-03,NO_RESPONSE,
M003,C0002823,2021-08-17,EXPOSED,2021-09-09,NO_RESPONSE,
M003,C0004111,2021-08-17,EXPOSED,2021-09-09,NO_RESPONSE,
M003,C0004444,2021-08-17,NOT_EXPOSED,,,
M003,C0004456,2021-08-17,EXPOSED,2021-08-19,NO_RESPONSE,
M003,C0004538,2021-08-17,EXPOSED,2021-08-28,NO_RESPONSE,
M003,C0007710,2021-08-17,EXPOSED,2021-09-09,NO_RESPONSE,
M003,C0007909,2021-08-17,EXPOSED,2021-08-31,POSITIVE,2021-09-03
M003,C0008619,2021-08-17,EXPOSED,2021-08-25,NO_RESPONSE,
M003,C0009006,2021-08-17,EXPOSED,2021-09-24,NO_RESPONSE,
M003,C0009072,2021-08-17,NOT_EXPOSED,,,
M003,C0009869,2021-08-17,NOT_EXPOSED,,,
M003,C0010092,2021-08-17,NOT_EXPOSED,,,
M003,C0010187,2021-08-17,EXPOSED,2021-09-20,NO_RESPONSE,
M003,C0010723,2021-08-17,NOT_EXPOSED,,,
M003,C0011489,2021-08-17,EXPOSED,2021-09-18,NO_RESPONSE,
M003,C0011730,2021-08-17,EXPOSED,2021-09-07,NO_RESPONSE,
M003,C0012224,2021-08-17,NOT_EXPOSED,,,
M003,C0012246,2021-08-17,EXPOSED,2021-09-16,NO_RESPONSE,
M003,C0012660,2021-08-17,EXPOSED,2021-09-06,NO_RESPONSE,
M003,C0012965,2021-08-17,EXPOSED,2021-08-19,NO_RESPONSE,
M003,C0014737,2021-08-17,NOT_EXPOSED,,,
M003,C0015070,2021-08-17,EXPOSED,2021-08-27,NO_RESPONSE,
M003,C0015923,2021-08-17,EXPOSED,2021-08-22,NO_RESPONSE,
M003,C0016216,2021-08-17,EXPOSED,2021-08-22,NO_RESPONSE,
M003,C0016270,2021-08-17,EXPOSED,2021-09-06,NO_RESPONSE,
M003,C0018238,2021-08-17,EXPOSED,2021-09-25,NO_RESPONSE,
M003,C0018329,2021-08-17,NOT_EXPOSED,,,
M003,C0018600,2021-08-17,EXPOSED,2021-09-09,NO_RESPONSE,
M003,C0019145,2021-08-17,EXPOSED,2021-09-06,NEUTRAL,2021-09-13
M003,C0019514,2021-08-17,NOT_EXPOSED,,,
M003,C0019547,2021-08-17,EXPOSED,2021-08-23,NO_RESPONSE,
M003,C0000222,2021-08-18,EXPOSED,2021-08-30,NEGATIVE,2021-09-02
M003,C0000302,2021-08-18,EXPOSED,2021-09-17,NO_RESPONSE,
M003,C0000853,2021-08-18,EXPOSED,2021-09-06,NO_RESPONSE,
M003,C0004695,2021-08-18,EXPOSED,2021-08-30,NO_RESPONSE,
M003,C0004726,2021-08-18,NOT_EXPOSED,,,
M003,C0005471,2021-08-18,EXPOSED,2021-08-22,NO_RESPONSE,
M003,C0005681,2021-08-18,EXPOSED,2021-09-16,NO_RESPONSE,
M003,C0006539,2021-08-18,NOT_EXPOSED,,,
M003,C0006913,2021-08-18,EXPOSED,2021-09-06,NO_RESPONSE,
M003,C0006937,2021-08-18,NOT_EXPOSED,,,
M003,C0007041,2021-08-18,EXPOSED,2021-09-02,NO_RESPONSE,
M003,C0009047,2021-08-18,EXPOSED,2021-09-17,NO_RESPONSE,
M003,C0009789,2021-08-18,EXPOSED,2021-09-27,NEUTRAL,2021-09-28
M003,C0009834,2021-08-18,EXPOSED,2021-08-21,NO_RESPONSE,
M003,C0011737,2021-08-18,EXPOSED,2021-08-21,NEUTRAL,2021-08-23
M003,C0012175,2021-08-18,EXPOSED,2021-09-07,POSITIVE,2021-09-08
M003,C0012667,2021-08-18,EXPOSED,2021-09-07,NO_RESPONSE,
M003,C0014676,2021-08-18,NOT_EXPOSED,,,
M003,C0015374,2021-08-18,NOT_EXPOSED,,,
M003,C0018667,2021-08-18,EXPOSED,2021-09-13,NO_RESPONSE,
M003,C0019001,2021-08-18,EXPOSED,2021-09-15,NO_RESPONSE,
M003,C0019087,2021-08-18,EXPOSED,2021-09-13,NO_RESPONSE,
M003,C0000235,2021-08-19,EXPOSED,2021-09-27,POSITIVE,2021-09-28
M003,C0003959,2021-08-19,NOT_EXPOSED,,,
M003,C0004595,2021-08-19,EXPOSED,2021-08-26,NO_RESPONSE,
M003,C0006019,2021-08-19,NOT_EXPOSED,,,
M003,C0006368,2021-08-19,EXPOSED,2021-09-05,NEUTRAL,2021-09-10
M003,C0007534,2021-08-19,EXPOSED,2021-09-03,NO_RESPONSE,
M003,C0007616,2021-08-19,EXPOSED,2021-09-20,NO_RESPONSE,
M003,C0007900,2021-08-19,NOT_EXPOSED,,,
M003,C0008957,2021-08-19,EXPOSED,2021-08-22,NO_RESPONSE,
M003,C0008959,2021-08-19,EXPOSED,2021-09-05,NO_RESPONSE,
M003,C0009166,2021-08-19,EXPOSED,2021-09-23,NO_RESPONSE,
M003,C0011940,2021-08-19,EXPOSED,2021-09-09,NEUTRAL,2021-09-11
M003,C0012452,2021-08-19,EXPOSED,2021-08-28,POSITIVE,2021-08-30
M003,C0012937,2021-08-19,EXPOSED,2021-08-27,NO_RESPONSE,
M003,C0013409,2021-08-19,NOT_EXPOSED,,,
M003,C0015560,2021-08-19,EXPOSED,2021-08-28,NO_RESPONSE,
M003,C0018002,2021-08-19,EXPOSED,2021-09-09,NO_RESPONSE,
M003,C0018419,2021-08-19,EXPOSED,2021-09-01,NO_RESPONSE,
M003,C0019624,2021-08-19,NOT_EXPOSED,,,
M003,C0019642,2021-08-19,EXPOSED,2021-09-10,NO_RESPONSE,
M003,C0001408,2021-08-20,NOT_EXPOSED,,,
M003,C0001595,2021-08-20,NOT_EXPOSED,,,
M003,C0001980,2021-08-20,NOT_EXPOSED,,,
M003,C0002719,2021-08-20,EXPOSED,2021-09-14,NO_RESPONSE,
M003,C0003062,2021-08-20,EXPOSED,2021-09-07,NEUTRAL,2021-09-08
M003,C0003081,2021-08-20,EXPOSED,2021-08-21,NO_RESPONSE,
M003,C0004677,2021-08-20,EXPOSED,2021-09-18,NO_RESPONSE,
M003,C0005073,2021-08-20,NOT_EXPOSED,,,
M003,C0005388,2021-08-20,EXPOSED,2021-09-06,POSITIVE,2021-09-10
M003,C0006324,2021-08-20,EXPOSED,2021-09-14,NO_RESPONSE,
M003,C0006402,2021-08-20,EXPOSED,2021-09-02,NO_RESPONSE,
M003,C0006951,2021-08-20,EXPOSED,2021-09-07,NO_RESPONSE,
M003,C0007301,2021-08-20,EXPOSED,2021-08-28,NO_RESPONSE,
M003,C0008601,2021-08-20,NOT_EXPOSED,,,
M003,C0009162,2021-08-20,EXPOSED,2021-09-15,NO_RESPONSE,
M003,C0010902,2021-08-20,EXPOSED,2021-08-20,NO_RESPONSE,
M003,C0011677,2021-08-20,NOT_EXPOSED,,,
M003,C0012565,2021-08-20,EXPOSED,2021-09-17,POSITIVE,2021-09-21
M003,C0012888,2021-08-20,EXPOSED,2021-09-06,NO_RESPONSE,
M003,C0013414,2021-08-20,EXPOSED,2021-09-08,NO_RESPONSE,
M003,C0013449,2021-08-20,EXPOSED,2021-09-10,NO_RESPONSE,
M003,C0014114,2021-08-20,NOT_EXPOSED,,,
M003,C0018205,2021-08-20,EXPOSED,2021-09-06,NO_RESPONSE,
M003,C0018563,2021-08-20,NOT_EXPOSED,,,
M003,C0019715,2021-08-20,EXPOSED,2021-08-25,NO_RESPONSE,
M003,C0000630,2021-08-21,NOT_EXPOSED,,,
M003,C0001542,2021-08-21,EXPOSED,2021-08-24,NO_RESPONSE,
M003,C0003128,2021-08-21,EXPOSED,2021-09-18,NO_RESPONSE,
M003,C0003877,2021-08-21,EXPOSED,2021-09-02,POSITIVE,2021-09-09
M003,C0004674,2021-08-21,EXPOSED,2021-09-23,NO_RESPONSE,
M003,C0005390,2021-08-21,EXPOSED,2021-08-21,NEGATIVE,2021-08-26
M003,C0006271,2021-08-21,NOT_EXPOSED,,,
M003,C0006764,2021-08-21,EXPOSED,2021-09-06,NO_RESPONSE,
M003,C0007551,2021-08-21,EXPOSED,2021-09-06,NO_RESPONSE,
M003,C0007791,2021-08-21,EXPOSED,2021-08-30,NO_RESPONSE,
M003,C0008299,2021-08-21,NOT_EXPOSED,,,
M003,C0008357,2021-08-21,EXPOSED,2021-09-02,NO_RESPONSE,
M003,C0011564,2021-08-21,EXPOSED,2021-09-20,NO_RESPONSE,
M003,C0012591,2021-08-21,NOT_EXPOSED,,,
M003,C0012879,2021-08-21,NOT_EXPOSED,,,
M003,C0013428,2021-08-21,EXPOSED,2021-09-05,NO_RESPONSE,
M003,C0013701,2021-08-21,EXPOSED,2021-08-23,NO_RESPONSE,
M003,C0015064,2021-08-21,NOT_EXPOSED,,,
M003,C0017473,2021-08-21,NOT_EXPOSED,,,
M003,C0019050,2021-08-21,EXPOSED,2021-09-08,NO_RESPONSE,
M003,C0019365,2021-08-21,EXPOSED,2021-08-29,NO_RESPONSE,
M003,C0000411,2021-08-22,NOT_EXPOSED,,,
M003,C0000858,2021-08-22,NOT_EXPOSED,,,
M003,C0000868,2021-08-22,NOT_EXPOSED,,,
M003,C0005245,2021-08-22,EXPOSED,2021-08-31,NEUTRAL,2021-09-14
M003,C0005445,2021-08-22,EXPOSED,2021-09-18,NO_RESPONSE,
M003,C0006022,2021-08-22,EXPOSED,2021-08-24,NO_RESPONSE,
M003,C0007932,2021-08-22,EXPOSED,2021-08-29,NO_RESPONSE,
M003,C0008733,2021-08-22,EXPOSED,2021-09-22,NO_RESPONSE,
M003,C0009192,2021-08-22,EXPOSED,2021-08-29,NEGATIVE,2021-09-02
M003,C0010235,2021-08-22,EXPOSED,2021-09-02,NO_RESPONSE,
M003,C0011386,2021-08-22,NOT_EXPOSED,,,
M003,C0011671,2021-08-22,EXPOSED,2021-09-20,NO_RESPONSE,
M003,C0011875,2021-08-22,NOT_EXPOSED,,,
M003,C0012882,2021-08-22,EXPOSED,2021-08-26,NO_RESPONSE,
M003,C0013558,2021-08-22,EXPOSED,2021-08-24,NEUTRAL,2021-08-27
M003,C0015302,2021-08-22,EXPOSED,2021-08-27,NO_RESPONSE,
M003,C0015699,2021-08-22,EXPOSED,2021-08-27,NO_RESPONSE,
M003,C0017250,2021-08-22,NOT_EXPOSED,,,
M003,C0000148,2021-08-23,EXPOSED,2021-09-02,NO_RESPONSE,
M003,C0001422,2021-08-23,NOT_EXPOSED,,,
M003,C0001613,2021-08-23,EXPOSED,2021-09-01,NO_RESPONSE,
M003,C0004146,2021-08-23,EXPOSED,2021-08-25,POSITIVE,2021-08-26
M003,C0005232,2021-08-23,EXPOSED,2021-09-01,NO_RESPONSE,
M003,C0005704,2021-08-23,EXPOSED,2021-09-01,NO_RESPONSE,
M003,C0008048,2021-08-23,EXPOSED,2021-09-05,NO_RESPONSE,
M003,C0008223,2021-08-23,NOT_EXPOSED,,,
M003,C0008568,2021-08-23,NOT_EXPOSED,,,
M003,C0008613,2021-08-23,EXPOSED,2021-09-02,NO_RESPONSE,
M003,C0009230,2021-08-23,EXPOSED,2021-09-22,NO_RESPONSE,
M003,C0010257,2021-08-23,EXPOSED,2021-08-28,POSITIVE,2021-09-04
M003,C0012282,2021-08-23,EXPOSED,2021-08-25,NO_RESPONSE,
M003,C0013158,2021-08-23,NOT_EXPOSED,,,
M003,C0014135,2021-08-23,EXPOSED,2021-08-31,NO_RESPONSE,
M003,C0016439,2021-08-23,EXPOSED,2021-08-29,NO_RESPONSE,
M003,C0016796,2021-08-23,EXPOSED,2021-08-27,NO_RESPONSE,
M003,C0017277,2021-08-23,NOT_EXPOSED,,,
M003,C0018746,2021-08-23,EXPOSED,2021-08-27,NO_RESPONSE,
M003,C0019844,2021-08-23,EXPOSED,2021-09-25,NO_RESPONSE,
M003,C0000343,2021-08-24,EXPOSED,2021-08-26,NO_RESPONSE,
M003,C0001220,2021-08-24,NOT_EXPOSED,,,
M003,C0001446,2021-08-24,NOT_EXPOSED,,,
M003,C0001902,2021-08-24,EXPOSED,2021-09-13,NO_RESPONSE,
M003,C0002440,2021-08-24,EXPOSED,2021-09-01,NO_RESPONSE,
M003,C0003284,2021-08-24,NOT_EXPOSED,,,
M003,C0003548,2021-08-24,NOT_EXPOSED,,,
M003,C0003678,2021-08-24,EXPOSED,2021-08-27,NEUTRAL,2021-08-29
M003,C0003837,2021-08-24,NOT_EXPOSED,,,
M003,C0004301,2021-08-24,EXPOSED,2021-09-03,NO_RESPONSE,
M003,C0005100,2021-08-24,EXPOSED,2021-08-30,NO_RESPONSE,
M003,C0006550,2021-08-24,EXPOSED,2021-09-16,NO_RESPONSE,
M003,C0010349,2021-08-24,EXPOSED,2021-08-26,NO_RESPONSE,
M003,C0011827,2021-08-24,EXPOSED,2021-09-12,NO_RESPONSE,
M003,C0013052,2021-08-24,EXPOSED,2021-09-11,NO_RESPONSE,
M003,C0014056,2021-08-24,EXPOSED,2021-08-27,NO_RESPONSE,
M003,C0014248,2021-08-24,EXPOSED,2021-09-05,NO_RESPONSE,
M003,C0018139,2021-08-24,EXPOSED,2021-09-10,NO_RESPONSE,
M003,C0000889,2021-08-25,EXPOSED,2021-09-13,NO_RESPONSE,
M003,C0000919,2021-08-25,EXPOSED,2021-08-25,NO_RESPONSE,
M003,C0002057,2021-08-25,EXPOSED,2021-09-01,NO_RESPONSE,
M003,C0003048,2021-08-25,NOT_EXPOSED,,,
M003,C0004672,2021-08-25,NOT_EXPOSED,,,
M003,C0006274,2021-08-25,EXPOSED,2021-08-31,NEUTRAL,2021-09-03
M003,C0007646,2021-08-25,NOT_EXPOSED,,,
M003,C0008253,2021-08-25,EXPOSED,2021-09-04,NO_RESPONSE,
M003,C0009018,2021-08-25,EXPOSED,2021-09-20,NEUTRAL,2021-09-23
M003,C0010512,2021-08-25,EXPOSED,2021-08-28,NO_RESPONSE,
M003,C0011631,2021-08-25,EXPOSED,2021-08-26,NO_RESPONSE,
M003,C0011656,2021-08-25,EXPOSED,2021-09-21,NO_RESPONSE,
M003,C0011657,2021-08-25,EXPOSED,2021-09-09,POSITIVE,2021-09-21
M003,C0013035,2021-08-25,EXPOSED,2021-09-11,NO_RESPONSE,
M003,C0013187,2021-08-25,NOT_EXPOSED,,,
M003,C0014009,2021-08-25,EXPOSED,2021-09-26,NO_RESPONSE,
M003,C0016676,2021-08-25,EXPOSED,2021-09-03,NO_RESPONSE,
M003,C0017105,2021-08-25,EXPOSED,2021-09-06,NO_RESPONSE,
M003,C0018290,2021-08-25,EXPOSED,2021-09-11,POSITIVE,2021-09-16
M003,C0018481,2021-08-25,NOT_EXPOSED,,,
M003,C0018773,2021-08-25,NOT_EXPOSED,,,
M003,C0000214,2021-08-26,EXPOSED,2021-09-14,NO_RESPONSE,
M003,C0001015,2021-08-26,NOT_EXPOSED,,,
M003,C0001099,2021-08-26,EXPOSED,2021-09-02,NO_RESPONSE,
M003,C0003709,2021-08-26,NOT_EXPOSED,,,
M003,C0004550,2021-08-26,EXPOSED,2021-09-21,NO_RESPONSE,
M003,C0006440,2021-08-26,EXPOSED,2021-08-29,NO_RESPONSE,
M003,C0007090,2021-08-26,EXPOSED,2021-09-04,NO_RESPONSE,
M003,C0009906,2021-08-26,NOT_EXPOSED,,,
M003,C0010848,2021-08-26,EXPOSED,2021-08-26,NO_RESPONSE,
M003,C0010897,2021-08-26,EXPOSED,2021-09-14,NO_RESPONSE,
M003,C0011416,2021-08-26,EXPOSED,2021-09-20,POSITIVE,2021-09-22
M003,C0012873,2021-08-26,NOT_EXPOSED,,,
M003,C0013892,2021-08-26,EXPOSED,2021-09-15,NO_RESPONSE,
M003,C0015474,2021-08-26,EXPOSED,2021-09-14,NO_RESPONSE,
M003,C0016083,2021-08-26,NOT_EXPOSED,,,
M003,C0016856,2021-08-26,EXPOSED,2021-09-08,NO_RESPONSE,
M003,C0017970,2021-08-26,EXPOSED,2021-09-16,NO_RESPONSE,
M003,C0019699,2021-08-26,EXPOSED,2021-08-31,NO_RESPONSE,
M003,C0000841,2021-08-27,EXPOSED,2021-09-21,NO_RESPONSE,
M003,C0001378,2021-08-27,EXPOSED,2021-09-03,NO_RESPONSE,
M003,C0002143,2021-08-27,EXPOSED,2021-09-07,NO_RESPONSE,
M003,C0002479,2021-08-27,EXPOSED,2021-09-17,NO_RESPONSE,
M003,C0002698,2021-08-27,EXPOSED,2021-09-04,POSITIVE,2021-09-14
M003,C0006729,2021-08-27,NOT_EXPOSED,,,
M003,C0006864,2021-08-27,EXPOSED,2021-09-12,NO_RESPONSE,
M003,C0006920,2021-08-27,EXPOSED,2021-09-06,NO_RESPONSE,
M003,C0008167,2021-08-27,NOT_EXPOSED,,,
M003,C0008430,2021-08-27,EXPOSED,2021-09-17,NO_RESPONSE,
M003,C0008841,2021-08-27,EXPOSED,2021-09-22,NO_RESPONSE,
M003,C0010967,2021-08-27,EXPOSED,2021-09-03,NO_RESPONSE,
M003,C0013161,2021-08-27,EXPOSED,2021-09-04,NO_RESPONSE,
M003,C0014467,2021-08-27,EXPOSED,2021-09-17,NO_RESPONSE,
M003,C0015206,2021-08-27,EXPOSED,2021-09-07,NO_RESPONSE,
M003,C0017411,2021-08-27,EXPOSED,2021-09-13,NO_RESPONSE,
M003,C0018286,2021-08-27,EXPOSED,2021-09-07,NO_RESPONSE,
M003,C0019408,2021-08-27,EXPOSED,2021-09-12,NO_RESPONSE,
M003,C0000114,2021-08-28,EXPOSED,2021-09-14,POSITIVE,2021-09-16
M003,C0002845,2021-08-28,EXPOSED,2021-09-01,NO_RESPONSE,
M003,C0003822,2021-08-28,EXPOSED,2021-09-18,NO_RESPONSE,
M003,C0005364,2021-08-28,EXPOSED,2021-09-16,NO_RESPONSE,
M003,C0006827,2021-08-28,EXPOSED,2021-09-09,NO_RESPONSE,
M003,C0010466,2021-08-28,EXPOSED,2021-09-06,NO_RESPONSE,
M003,C0011939,2021-08-28,EXPOSED,2021-08-29,NO_RESPONSE,
M003,C0014302,2021-08-28,NOT_EXPOSED,,,
M003,C0016287,2021-08-28,EXPOSED,2021-09-15,NO_RESPONSE,
M003,C0018631,2021-08-28,EXPOSED,2021-09-14,NO_RESPONSE,
M003,C0019022,2021-08-28,EXPOSED,2021-09-20,NO_RESPONSE,
M003,C0019591,2021-08-28,EXPOSED,2021-09-12,POSITIVE,2021-09-18
M003,C0000096,2021-08-29,EXPOSED,2021-09-07,POSITIVE,2021-09-09
M003,C0000591,2021-08-29,EXPOSED,2021-09-02,NO_RESPONSE,
M003,C0001153,2021-08-29,EXPOSED,2021-09-02,NO_RESPONSE,
M003,C0001897,2021-08-29,EXPOSED,2021-09-15,NO_RESPONSE,
M003,C0002213,2021-08-29,EXPOSED,2021-09-22,NO_RESPONSE,
M003,C0003577,2021-08-29,NOT_EXPOSED,,,
M003,C0005880,2021-08-29,EXPOSED,2021-09-28,NO_RESPONSE,
M003,C0007755,2021-08-29,EXPOSED,2021-09-05,NO_RESPONSE,
M003,C0008985,2021-08-29,EXPOSED,2021-08-30,NO_RESPONSE,
M003,C0010851,2021-08-29,EXPOSED,2021-09-18,NO_RESPONSE,
M003,C0011379,2021-08-29,EXPOSED,2021-09-18,NO_RESPONSE,
M003,C0012966,2021-08-29,EXPOSED,2021-09-12,NO_RESPONSE,
M003,C0014115,2021-08-29,NOT_EXPOSED,,,
M003,C0014865,2021-08-29,EXPOSED,2021-09-18,NO_RESPONSE,
M003,C0015010,2021-08-29,EXPOSED,2021-09-10,NO_RESPONSE,
M003,C0016491,2021-08-29,EXPOSED,2021-09-25,POSITIVE,2021-09-29
M003,C0016555,2021-08-29,EXPOSED,2021-09-18,NO_RESPONSE,
M003,C0016603,2021-08-29,EXPOSED,2021-09-03,NO_RESPONSE,
M003,C0017305,2021-08-29,EXPOSED,2021-09-05,NO_RESPONSE,
M003,C0017445,2021-08-29,EXPOSED,2021-09-01,NO_RESPONSE,
M003,C0017848,2021-08-29,EXPOSED,2021-09-24,NO_RESPONSE,
M003,C0000364,2021-08-30,NOT_EXPOSED,,,
M003,C0000563,2021-08-30,EXPOSED,2021-09-11,POSITIVE,2021-09-18
M003,C0000862,2021-08-30,NOT_EXPOSED,,,
M003,C0002100,2021-08-30,NOT_EXPOSED,,,
M003,C0002355,2021-08-30,EXPOSED,2021-09-21,NO_RESPONSE,
M003,C0002993,2021-08-30,EXPOSED,2021-09-09,NO_RESPONSE,
M003,C0005563,2021-08-30,EXPOSED,2021-09-13,POSITIVE,2021-09-19
M003,C0005904,2021-08-30,EXPOSED,2021-09-13,NO_RESPONSE,
M003,C0005970,2021-08-30,EXPOSED,2021-09-03,POSITIVE,2021-09-05
M003,C0012375,2021-08-30,EXPOSED,2021-09-28,NO_RESPONSE,
M003,C0013864,2021-08-30,EXPOSED,2021-09-17,NO_RESPONSE,
M003,C0014628,2021-08-30,EXPOSED,2021-09-24,NO_RESPONSE,
M003,C0000523,2021-08-31,EXPOSED,2021-09-23,NO_RESPONSE,
M003,C0002140,2021-08-31,EXPOSED,2021-09-07,NO_RESPONSE,
M003,C0004283,2021-08-31,EXPOSED,2021-09-09,NO_RESPONSE,
M003,C0007040,2021-08-31,EXPOSED,2021-09-18,NO_RESPONSE,
M003,C0009336,2021-08-31,EXPOSED,2021-09-24,NO_RESPONSE,
M003,C0011810,2021-08-31,EXPOSED,2021-09-05,NO_RESPONSE,
M003,C0018968,2021-08-31,EXPOSED,2021-09-02,NO_RESPONSE,
M003,C0019345,2021-08-31,EXPOSED,2021-09-17,POSITIVE,2021-09-18
M003,C0019788,2021-08-31,EXPOSED,2021-09-06,NO_RESPONSE,
M003,C0000482,2021-09-01,EXPOSED,2021-09-21,NEUTRAL,2021-09-22
M003,C0001291,2021-09-01,NOT_EXPOSED,,,
M003,C0002212,2021-09-01,NOT_EXPOSED,,,
M003,C0002380,2021-09-01,EXPOSED,2021-09-04,NEUTRAL,2021-09-13
M003,C0003365,2021-09-01,NOT_EXPOSED,,,
M003,C0004528,2021-09-01,EXPOSED,2021-09-13,NO_RESPONSE,
M003,C0007225,2021-09-01,EXPOSED,2021-09-22,NO_RESPONSE,
M003,C0008384,2021-09-01,EXPOSED,2021-09-11,NO_RESPONSE,
M003,C0009028,2021-09-01,EXPOSED,2021-09-18,NO_RESPONSE,
M003,C0010668,2021-09-01,EXPOSED,2021-09-20,NO_RESPONSE,
M003,C0012472,2021-09-01,EXPOSED,2021-09-10,NO_RESPONSE,
M003,C0013513,2021-09-01,EXPOSED,2021-09-08,NO_RESPONSE,
M003,C0014352,2021-09-01,EXPOSED,2021-09-12,NO_RESPONSE,
M003,C0014990,2021-09-01,EXPOSED,2021-09-05,NO_RESPONSE,
M003,C0015120,2021-09-01,EXPOSED,2021-09-22,NEUTRAL,2021-09-23
M003,C0016435,2021-09-01,EXPOSED,2021-09-08,NEUTRAL,2021-09-13
M003,C0016541,2021-09-01,EXPOSED,2021-09-28,NO_RESPONSE,
M003,C0017480,2021-09-01,EXPOSED,2021-09-21,NEUTRAL,2021-09-25
M003,C0017954,2021-09-01,EXPOSED,2021-09-11,NO_RESPONSE,
M003,C0018015,2021-09-01,EXPOSED,2021-09-05,NO_RESPONSE,
M003,C0000887,2021-09-02,NOT_EXPOSED,,,
M003,C0004631,2021-09-02,EXPOSED,2021-09-09,NO_RESPONSE,
M003,C0007805,2021-09-02,EXPOSED,2021-09-05,NO_RESPONSE,
M003,C0008231,2021-09-02,NOT_EXPOSED,,,
M003,C0008668,2021-09-02,EXPOSED,2021-09-04,NO_RESPONSE,
M003,C0009343,2021-09-02,EXPOSED,2021-09-07,NEGATIVE,2021-09-10
M003,C0010210,2021-09-02,EXPOSED,2021-09-21,NO_RESPONSE,
M003,C0012036,2021-09-02,NOT_EXPOSED,,,
M003,C0014342,2021-09-02,EXPOSED,2021-09-07,NO_RESPONSE,
M003,C0014638,2021-09-02,EXPOSED,2021-09-14,NO_RESPONSE,
M003,C0016524,2021-09-02,EXPOSED,2021-09-16,POSITIVE,2021-09-18
M003,C0019235,2021-09-02,EXPOSED,2021-09-19,NO_RESPONSE,
M003,C0019998,2021-09-02,EXPOSED,2021-09-11,NO_RESPONSE,
M003,C0000023,2021-09-03,EXPOSED,2021-09-13,NO_RESPONSE,
M003,C0000233,2021-09-03,EXPOSED,2021-09-16,NO_RESPONSE,
M003,C0002095,2021-09-03,EXPOSED,2021-09-11,NO_RESPONSE,
M003,C0002458,2021-09-03,NOT_EXPOSED,,,
M003,C0003827,2021-09-03,EXPOSED,2021-09-10,NO_RESPONSE,
M003,C0006995,2021-09-03,EXPOSED,2021-09-12,NEUTRAL,2021-10-02
M003,C0009114,2021-09-03,NOT_EXPOSED,,,
M003,C0010986,2021-09-03,EXPOSED,2021-09-19,NO_RESPONSE,
M003,C0011041,2021-09-03,EXPOSED,2021-09-06,NO_RESPONSE,
M003,C0012423,2021-09-03,EXPOSED,2021-09-05,NEGATIVE,2021-09-10
M003,C0014823,2021-09-03,EXPOSED,2021-09-18,POSITIVE,2021-09-20
M003,C0015140,2021-09-03,EXPOSED,2021-09-19,NO_RESPONSE,
M003,C0017754,2021-09-03,NOT_EXPOSED,,,
M003,C0001199,2021-09-04,EXPOSED,2021-09-18,NO_RESPONSE,
M003,C0003013,2021-09-04,EXPOSED,2021-09-04,NO_RESPONSE,
M003,C0003559,2021-09-04,EXPOSED,2021-09-15,NO_RESPONSE,
M003,C0004723,2021-09-04,NOT_EXPOSED,,,
M003,C0005692,2021-09-04,EXPOSED,2021-09-20,NO_RESPONSE,
M003,C0009484,2021-09-04,EXPOSED,2021-09-22,NO_RESPONSE,
M003,C0011916,2021-09-04,EXPOSED,2021-09-25,POSITIVE,2021-10-01
M003,C0012925,2021-09-04,NOT_EXPOSED,,,
M003,C0014964,2021-09-04,EXPOSED,2021-09-26,NO_RESPONSE,
M003,C0015080,2021-09-04,EXPOSED,2021-09-12,NO_RESPONSE,
M003,C0017168,2021-09-04,EXPOSED,2021-09-27,NO_RESPONSE,
M003,C0019525,2021-09-04,EXPOSED,2021-09-13,NO_RESPONSE,
M003,C0001584,2021-09-05,NOT_EXPOSED,,,
M003,C0002899,2021-09-05,EXPOSED,2021-09-10,NO_RESPONSE,
M003,C0006052,2021-09-05,EXPOSED,2021-09-26,NO_RESPONSE,
M003,C0009875,2021-09-05,EXPOSED,2021-09-10,NO_RESPONSE,
M003,C0011414,2021-09-05,EXPOSED,2021-09-12,NO_RESPONSE,
M003,C0011473,2021-09-05,EXPOSED,2021-09-12,NO_RESPONSE,
M003,C0014994,2021-09-05,EXPOSED,2021-09-17,NO_RESPONSE,
M003,C0015332,2021-09-05,EXPOSED,2021-09-11,NO_RESPONSE,
M003,C0016983,2021-09-05,EXPOSED,2021-09-27,NO_RESPONSE,
M003,C0018816,2021-09-05,EXPOSED,2021-09-09,NO_RESPONSE,
M003,C0019518,2021-09-05,EXPOSED,2021-09-11,POSITIVE,2021-09-15
M003,C0006977,2021-09-06,NOT_EXPOSED,,,
M003,C0008067,2021-09-06,NOT_EXPOSED,,,
M003,C0010122,2021-09-06,EXPOSED,2021-09-11,POSITIVE,2021-09-14
M003,C0010910,2021-09-06,EXPOSED,2021-09-15,NO_RESPONSE,
M003,C0013450,2021-09-06,NOT_EXPOSED,,,
M003,C0013588,2021-09-06,EXPOSED,2021-09-13,NO_RESPONSE,
M003,C0014809,2021-09-06,EXPOSED,2021-09-11,NO_RESPONSE,
M003,C0014973,2021-09-06,EXPOSED,2021-09-18,NO_RESPONSE,
M003,C0015060,2021-09-06,EXPOSED,2021-09-06,NO_RESPONSE,
M003,C0015597,2021-09-06,EXPOSED,2021-09-24,NO_RESPONSE,
M003,C0018603,2021-09-06,NOT_EXPOSED,,,
M003,C0000382,2021-09-07,EXPOSED,2021-09-16,NO_RESPONSE,
M003,C0002021,2021-09-07,EXPOSED,2021-09-19,NO_RESPONSE,
M003,C0002930,2021-09-07,EXPOSED,2021-09-11,NO_RESPONSE,
M003,C0004292,2021-09-07,EXPOSED,2021-09-12,NO_RESPONSE,
M003,C0005205,2021-09-07,EXPOSED,2021-09-11,NO_RESPONSE,
M003,C0008664,2021-09-07,EXPOSED,2021-09-13,NO_RESPONSE,
M003,C0010443,2021-09-07,EXPOSED,2021-09-10,NO_RESPONSE,
M003,C0014663,2021-09-07,EXPOSED,2021-09-15,NO_RESPONSE,
M003,C0016869,2021-09-07,EXPOSED,2021-09-20,POSITIVE,2021-09-23
M003,C0017583,2021-09-07,EXPOSED,2021-09-10,POSITIVE,2021-09-12
M003,C0001368,2021-09-08,NOT_EXPOSED,,,
M003,C0001476,2021-09-08,EXPOSED,2021-09-25,NO_RESPONSE,
M003,C0002238,2021-09-08,EXPOSED,2021-09-17,NO_RESPONSE,
M003,C0011183,2021-09-08,EXPOSED,2021-09-15,NO_RESPONSE,
M003,C0011486,2021-09-08,EXPOSED,2021-09-21,NO_RESPONSE,
M003,C0011636,2021-09-08,EXPOSED,2021-09-15,NO_RESPONSE,
M003,C0012453,2021-09-08,EXPOSED,2021-09-21,NO_RESPONSE,
M003,C0012826,2021-09-08,EXPOSED,2021-09-15,NO_RESPONSE,
M003,C0014824,2021-09-08,EXPOSED,2021-09-17,NO_RESPONSE,
M003,C0017077,2021-09-08,EXPOSED,2021-09-17,NO_RESPONSE,
M003,C0018528,2021-09-08,EXPOSED,2021-09-19,NO_RESPONSE,
M003,C0003370,2021-09-09,NOT_EXPOSED,,,
M003,C0005735,2021-09-09,EXPOSED,2021-09-23,NO_RESPONSE,
M003,C0008046,2021-09-09,EXPOSED,2021-09-20,NO_RESPONSE,
M003,C0009312,2021-09-09,EXPOSED,2021-09-28,NO_RESPONSE,
M003,C0009897,2021-09-09,EXPOSED,2021-09-20,NO_RESPONSE,
M003,C0015540,2021-09-09,EXPOSED,2021-09-18,NO_RESPONSE,
M003,C0018429,2021-09-09,EXPOSED,2021-09-11,NO_RESPONSE,
M003,C0000927,2021-09-10,NOT_EXPOSED,,,
M003,C0002690,2021-09-10,EXPOSED,2021-09-16,NO_RESPONSE,
M003,C0003558,2021-09-10,EXPOSED,2021-09-11,NO_RESPONSE,
M003,C0003788,2021-09-10,EXPOSED,2021-09-16,NO_RESPONSE,
M003,C0005097,2021-09-10,NOT_EXPOSED,,,
M003,C0005361,2021-09-10,EXPOSED,2021-09-15,NO_RESPONSE,
M003,C0007999,2021-09-10,EXPOSED,2021-09-15,NO_RESPONSE,
M003,C0010761,2021-09-10,EXPOSED,2021-09-12,NO_RESPONSE,
M003,C0016089,2021-09-10,EXPOSED,2021-09-21,NO_RESPONSE,
M003,C0017138,2021-09-10,NOT_EXPOSED,,,
M003,C0017589,2021-09-10,EXPOSED,2021-09-22,NO_RESPONSE,
M003,C0018891,2021-09-10,EXPOSED,2021-09-22,NO_RESPONSE,
M003,C0019469,2021-09-10,EXPOSED,2021-09-20,NEGATIVE,2021-09-29
M003,C0001011,2021-09-11,EXPOSED,2021-09-24,POSITIVE,2021-09-28
M003,C0002659,2021-09-11,EXPOSED,2021-09-19,NO_RESPONSE,
M003,C0003519,2021-09-11,EXPOSED,2021-09-12,NEGATIVE,2021-09-15
M003,C0011593,2021-09-11,NOT_EXPOSED,,,
M003,C0011755,2021-09-11,EXPOSED,2021-09-23,NEUTRAL,2021-09-26
M003,C0012350,2021-09-11,NOT_EXPOSED,,,
M003,C0014278,2021-09-11,EXPOSED,2021-09-27,NO_RESPONSE,
M003,C0015578,2021-09-11,EXPOSED,2021-09-25,NO_RESPONSE,
M003,C0016849,2021-09-11,EXPOSED,2021-09-18,NO_RESPONSE,
M003,C0017359,2021-09-11,EXPOSED,2021-09-12,NO_RESPONSE,
M003,C0002105,2021-09-12,EXPOSED,2021-09-19,NO_RESPONSE,
M003,C0005067,2021-09-12,NOT_EXPOSED,,,
M003,C0010325,2021-09-12,EXPOSED,2021-09-20,NO_RESPONSE,
M003,C0010697,2021-09-12,NOT_EXPOSED,,,
M003,C0015143,2021-09-12,EXPOSED,2021-09-18,NO_RESPONSE,
M003,C0015370,2021-09-12,EXPOSED,2021-09-21,NO_RESPONSE,
M003,C0015436,2021-09-12,EXPOSED,2021-09-14,NO_RESPONSE,
M003,C0019595,2021-09-12,EXPOSED,2021-09-17,POSITIVE,2021-09-27
M003,C0019809,2021-09-12,EXPOSED,2021-09-16,POSITIVE,2021-09-21
M003,C0001880,2021-09-13,EXPOSED,2021-09-17,NO_RESPONSE,
M003,C0006790,2021-09-13,EXPOSED,2021-09-15,POSITIVE,2021-09-18
M003,C0009913,2021-09-13,EXPOSED,2021-09-19,NO_RESPONSE,
M003,C0013024,2021-09-13,EXPOSED,2021-09-19,NO_RESPONSE,
M003,C0014556,2021-09-13,EXPOSED,2021-09-24,NO_RESPONSE,
M003,C0019429,2021-09-13,EXPOSED,2021-09-19,NO_RESPONSE,
M003,C0019442,2021-09-13,NOT_EXPOSED,,,
M003,C0000290,2021-09-14,EXPOSED,2021-09-19,NEUTRAL,2021-09-20
M003,C0001654,2021-09-14,NOT_EXPOSED,,,
M003,C0007473,2021-09-14,NOT_EXPOSED,,,
M003,C0008612,2021-09-14,EXPOSED,2021-09-16,NO_RESPONSE,
M003,C0019133,2021-09-14,EXPOSED,2021-09-22,POSITIVE,2021-09-26
M003,C0019439,2021-09-14,EXPOSED,2021-09-17,NO_RESPONSE,
M003,C0004244,2021-09-15,EXPOSED,2021-09-20,NO_RESPONSE,
M003,C0006124,2021-09-15,EXPOSED,2021-09-16,NO_RESPONSE,
M003,C0006458,2021-09-15,NOT_EXPOSED,,,
M003,C0007524,2021-09-15,EXPOSED,2021-09-26,NO_RESPONSE,
M003,C0008181,2021-09-15,EXPOSED,2021-09-25,NO_RESPONSE,
M003,C0010114,2021-09-15,EXPOSED,2021-09-19,NO_RESPONSE,
M003,C0015406,2021-09-15,NOT_EXPOSED,,,
M003,C0016425,2021-09-15,EXPOSED,2021-09-20,NO_RESPONSE,
M003,C0010038,2021-09-16,EXPOSED,2021-09-28,NO_RESPONSE,
M003,C0010178,2021-09-16,EXPOSED,2021-09-20,NO_RESPONSE,
M003,C0012784,2021-09-16,EXPOSED,2021-09-26,NO_RESPONSE,
M003,C0014765,2021-09-16,EXPOSED,2021-09-21,NO_RESPONSE,
M003,C0018917,2021-09-16,EXPOSED,2021-09-24,NO_RESPONSE,
M003,C0019257,2021-09-16,EXPOSED,2021-09-17,POSITIVE,2021-09-19
M003,C0002880,2021-09-17,EXPOSED,2021-09-19,POSITIVE,2021-09-20
M003,C0003249,2021-09-17,EXPOSED,2021-09-19,POSITIVE,2021-09-28
M003,C0007790,2021-09-17,NOT_EXPOSED,,,
M003,C0009417,2021-09-17,NOT_EXPOSED,,,
M003,C0013499,2021-09-17,EXPOSED,2021-09-20,NO_RESPONSE,
M003,C0013917,2021-09-17,EXPOSED,2021-09-19,POSITIVE,2021-09-29
M003,C0015493,2021-09-17,EXPOSED,2021-09-21,NO_RESPONSE,
M003,C0016490,2021-09-17,NOT_EXPOSED,,,
M003,C0017060,2021-09-17,EXPOSED,2021-09-19,NO_RESPONSE,
M003,C0008528,2021-09-18,EXPOSED,2021-09-19,NO_RESPONSE,
M003,C0009322,2021-09-18,NOT_EXPOSED,,,
M003,C0009406,2021-09-18,EXPOSED,2021-09-24,NO_RESPONSE,
M003,C0011598,2021-09-18,EXPOSED,2021-09-26,NO_RESPONSE,
M003,C0015227,2021-09-18,EXPOSED,2021-09-28,NO_RESPONSE,
M003,C0018235,2021-09-18,EXPOSED,2021-09-24,NO_RESPONSE,
M003,C0011874,2021-09-19,EXPOSED,2021-09-20,NO_RESPONSE,
M003,C0019678,2021-09-19,NOT_EXPOSED,,,
M003,C0000995,2021-09-20,EXPOSED,2021-09-24,NO_RESPONSE,
M003,C0003532,2021-09-20,EXPOSED,2021-09-25,NO_RESPONSE,
M003,C0012758,2021-09-20,NOT_EXPOSED,,,
M003,C0019527,2021-09-20,NOT_EXPOSED,,,
M003,C0001483,2021-09-21,EXPOSED,2021-09-24,NEGATIVE,2021-09-27
M003,C0001550,2021-09-21,EXPOSED,2021-09-21,NEUTRAL,2021-09-24
M003,C0016600,2021-09-21,NOT_EXPOSED,,,
M003,C0018276,2021-09-21,EXPOSED,2021-09-25,NEGATIVE,2021-10-02
M003,C0000991,2021-09-22,NOT_EXPOSED,,,
M003,C0004012,2021-09-22,EXPOSED,2021-09-24,NO_RESPONSE,
M003,C0014902,2021-09-22,EXPOSED,2021-09-26,NEUTRAL,2021-09-27
M003,C0016090,2021-09-22,EXPOSED,2021-09-24,POSITIVE,2021-10-03
M003,C0002076,2021-09-23,NOT_EXPOSED,,,
M003,C0018721,2021-09-24,EXPOSED,2021-09-26,POSITIVE,2021-09-29
M003,C0019696,2021-09-24,EXPOSED,2021-09-26,NO_RESPONSE,
M003,C0003844,2021-09-25,EXPOSED,2021-09-29,NO_RESPONSE,
M003,C0008058,2021-09-25,EXPOSED,2021-09-26,NO_RESPONSE,
M003,C0007231,2021-09-26,NOT_EXPOSED,,,
M003,C0010202,2021-09-26,NOT_EXPOSED,,,
M003,C0013076,2021-09-28,EXPOSED,2021-09-29,NO_RESPONSE,
M003,C0017900,2021-09-28,EXPOSED,2021-09-29,NO_RESPONSE,
M004,C0000039,2021-10-01,EXPOSED,2021-10-24,NO_RESPONSE,
M004,C0004051,2021-10-01,EXPOSED,2021-10-18,NO_RESPONSE,
M004,C0005582,2021-10-01,EXPOSED,2021-11-15,NO_RESPONSE,
M004,C0012153,2021-10-01,NOT_EXPOSED,,,
M004,C0012474,2021-10-01,EXPOSED,2021-10-28,POSITIVE,2021-11-03
M004,C0001256,2021-10-02,NOT_EXPOSED,,,
M004,C0007800,2021-10-02,EXPOSED,2021-10-21,NO_RESPONSE,
M004,C0014412,2021-10-02,EXPOSED,2021-10-19,NO_RESPONSE,
M004,C0014500,2021-10-02,EXPOSED,2021-11-11,NO_RESPONSE,
M004,C0015914,2021-10-02,NOT_EXPOSED,,,
M004,C0019236,2021-10-02,EXPOSED,2021-11-13,NO_RESPONSE,
M004,C0002043,2021-10-03,EXPOSED,2021-10-04,NO_RESPONSE,
M004,C0002194,2021-10-03,EXPOSED,2021-11-15,NO_RESPONSE,
M004,C0002683,2021-10-03,EXPOSED,2021-11-21,NO_RESPONSE,
M004,C0003586,2021-10-03,EXPOSED,2021-11-12,NO_RESPONSE,
M004,C0003963,2021-10-03,NOT_EXPOSED,,,
M004,C0006587,2021-10-03,EXPOSED,2021-10-28,POSITIVE,2021-11-08
M004,C0012540,2021-10-03,EXPOSED,2021-10-14,NEGATIVE,2021-10-23
M004,C0012548,2021-10-03,EXPOSED,2021-11-14,NO_RESPONSE,
M004,C0012663,2021-10-03,NOT_EXPOSED,,,
M004,C0015423,2021-10-03,EXPOSED,2021-10-24,POSITIVE,2021-10-28
M004,C0015765,2021-10-03,EXPOSED,2021-10-15,NO_RESPONSE,
M004,C0016329,2021-10-03,EXPOSED,2021-12-13,NO_RESPONSE,
M004,C0018155,2021-10-03,NOT_EXPOSED,,,
M004,C0019644,2021-10-03,NOT_EXPOSED,,,
M004,C0000871,2021-10-04,EXPOSED,2021-10-28,NO_RESPONSE,
M004,C0001971,2021-10-04,EXPOSED,2021-10-28,NO_RESPONSE,
M004,C0003057,2021-10-04,NOT_EXPOSED,,,
M004,C0006226,2021-10-04,EXPOSED,2021-11-02,NO_RESPONSE,
M004,C0007433,2021-10-04,EXPOSED,2021-11-16,NO_RESPONSE,
M004,C0008647,2021-10-04,EXPOSED,2021-11-19,NO_RESPONSE,
M004,C0008997,2021-10-04,EXPOSED,2021-10-10,NO_RESPONSE,
M004,C0011634,2021-10-04,EXPOSED,2021-11-16,NO_RESPONSE,
M004,C0014707,2021-10-04,EXPOSED,2021-11-23,NO_RESPONSE,
M004,C0015056,2021-10-04,EXPOSED,2021-12-03,NO_RESPONSE,
M004,C0016580,2021-10-04,EXPOSED,2021-11-10,NEUTRAL,2021-11-14
M004,C0018242,2021-10-04,EXPOSED,2021-10-12,NO_RESPONSE,
M004,C0018633,2021-10-04,NOT_EXPOSED,,,
M004,C0019738,2021-10-04,EXPOSED,2021-10-14,NO_RESPONSE,
M004,C0019834,2021-10-04,EXPOSED,2021-11-09,NO_RESPONSE,
M004,C0000612,2021-10-05,EXPOSED,2021-11-24,NO_RESPONSE,
M004,C0002699,2021-10-05,EXPOSED,2021-11-05,NEUTRAL,2021-11-16
M004,C0004949,2021-10-05,EXPOSED,2021-11-21,NO_RESPONSE,
M004,C0005524,2021-10-05,EXPOSED,2021-11-25,NO_RESPONSE,
M004,C0005686,2021-10-05,EXPOSED,2021-11-03,NO_RESPONSE,
M004,C0006641,2021-10-05,EXPOSED,2021-10-30,NEUTRAL,2021-10-31
M004,C0007885,2021-10-05,EXPOSED,2021-10-10,NO_RESPONSE,
M004,C0009380,2021-10-05,EXPOSED,2021-10-19,NO_RESPONSE,
M004,C0010911,2021-10-05,EXPOSED,2021-11-13,NO_RESPONSE,
M004,C0011639,2021-10-05,EXPOSED,2021-10-28,NO_RESPONSE,
M004,C0011927,2021-10-05,EXPOSED,2021-10-24,NO_RESPONSE,
M004,C0011985,2021-10-05,EXPOSED,2021-12-03,NO_RESPONSE,
M004,C0012135,2021-10-05,NOT_EXPOSED,,,
M004,C0013118,2021-10-05,EXPOSED,2021-10-25,NO_RESPONSE,
M004,C0013237,2021-10-05,EXPOSED,2021-12-07,NO_RESPONSE,
M004,C0013811,2021-10-05,EXPOSED,2021-10-21,NO_RESPONSE,
M004,C0013819,2021-10-05,EXPOSED,2021-11-05,NO_RESPONSE,
M004,C0014582,2021-10-05,EXPOSED,2021-10-30,NO_RESPONSE,
M004,C0016821,2021-10-05,EXPOSED,2021-10-21,NO_RESPONSE,
M004,C0018966,2021-10-05,NOT_EXPOSED,,,
M004,C0019537,2021-10-05,NOT_EXPOSED,,,
M004,C0000557,2021-10-06,EXPOSED,2021-10-12,NEUTRAL,2021-10-14
M004,C0001783,2021-10-06,EXPOSED,2021-10-30,NO_RESPONSE,
M004,C0002483,2021-10-06,EXPOSED,2021-12-04,NO_RESPONSE,
M004,C0002814,2021-10-06,EXPOSED,2021-10-22,NO_RESPONSE,
M004,C0003555,2021-10-06,NOT_EXPOSED,,,
M004,C0005271,2021-10-06,NOT_EXPOSED,,,
M004,C0005603,2021-10-06,EXPOSED,2021-11-02,NO_RESPONSE,
M004,C0012920,2021-10-06,EXPOSED,2021-10-23,NO_RESPONSE,
M004,C0013091,2021-10-06,EXPOSED,2021-11-07,NO_RESPONSE,
M004,C0013443,2021-10-06,EXPOSED,2021-10-14,NO_RESPONSE,
M004,C0015096,2021-10-06,EXPOSED,2021-11-15,NO_RESPONSE,
M004,C0015608,2021-10-06,NOT_EXPOSED,,,
M004,C0016957,2021-10-06,EXPOSED,2021-11-09,NO_RESPONSE,
M004,C0000370,2021-10-07,EXPOSED,2021-10-27,NO_RESPONSE,
M004,C0002782,2021-10-07,EXPOSED,2021-10-14,NO_RESPONSE,
M004,C0003638,2021-10-07,EXPOSED,2021-11-11,NO_RESPONSE,
M004,C0003817,2021-10-07,NOT_EXPOSED,,,
M004,C0005134,2021-10-07,EXPOSED,2021-11-21,NO_RESPONSE,
M004,C0005490,2021-10-07,NOT_EXPOSED,,,
M004,C0006437,2021-10-07,EXPOSED,2021-12-03,NO_RESPONSE,
M004,C0007844,2021-10-07,EXPOSED,2021-11-04,NO_RESPONSE,
M004,C0008401,2021-10-07,EXPOSED,2021-11-05,NO_RESPONSE,
M004,C0008944,2021-10-07,NOT_EXPOSED,,,
M004,C0009135,2021-10-07,EXPOSED,2021-10-19,NO_RESPONSE,
M004,C0009600,2021-10-07,EXPOSED,2021-10-15,NO_RESPONSE,
M004,C0010026,2021-10-07,EXPOSED,2021-10-30,NO_RESPONSE,
M004,C0011318,2021-10-07,NOT_EXPOSED,,,
M004,C0011896,2021-10-07,EXPOSED,2021-11-17,NO_RESPONSE,
M004,C0012046,2021-10-07,EXPOSED,2021-12-06,NO_RESPONSE,
M004,C0012329,2021-10-07,EXPOSED,2021-11-16,NO_RESPONSE,
M004,C0013631,2021-10-07,EXPOSED,2021-11-01,NO_RESPONSE,
M004,C0014290,2021-10-07,NOT_EXPOSED,,,
M004,C0014443,2021-10-07,NOT_EXPOSED,,,
M004,C0014482,2021-10-07,EXPOSED,2021-11-19,NO_RESPONSE,
M004,C0015098,2021-10-07,EXPOSED,2021-11-24,NO_RESPONSE,
M004,C0015525,2021-10-07,EXPOSED,2021-10-28,NO_RESPONSE,
M004,C0018470,2021-10-07,EXPOSED,2021-10-14,NO_RESPONSE,
M004,C0018637,2021-10-07,NOT_EXPOSED,,,
M004,C0019609,2021-10-07,EXPOSED,2021-10-12,NO_RESPONSE,
M004,C0001018,2021-10-08,NOT_EXPOSED,,,
M004,C0001672,2021-10-08,EXPOSED,2021-10-23,NO_RESPONSE,
M004,C0002918,2021-10-08,EXPOSED,2021-10-27,NO_RESPONSE,
M004,C0005199,2021-10-08,EXPOSED,2021-11-23,NO_RESPONSE,
M004,C0005346,2021-10-08,EXPOSED,2021-12-01,NO_RESPONSE,
M004,C0005875,2021-10-08,EXPOSED,2021-10-12,NO_RESPONSE,
M004,C0006053,2021-10-08,NOT_EXPOSED,,,
M004,C0006637,2021-10-08,EXPOSED,2021-11-21,NO_RESPONSE,
M004,C0008717,2021-10-08,NOT_EXPOSED,,,
M004,C0009700,2021-10-08,EXPOSED,2021-10-16,NO_RESPONSE,
M004,C0011054,2021-10-08,EXPOSED,2021-11-15,NEGATIVE,2021-11-17
M004,C0012627,2021-10-08,EXPOSED,2021-11-17,NO_RESPONSE,
M004,C0013153,2021-10-08,EXPOSED,2021-10-22,NO_RESPONSE,
M004,C0013664,2021-10-08,EXPOSED,2021-10-09,NO_RESPONSE,
M004,C0014002,2021-10-08,EXPOSED,2021-11-18,NO_RESPONSE,
M004,C0016299,2021-10-08,EXPOSED,2021-10-24,NO_RESPONSE,
M004,C0016789,2021-10-08,NOT_EXPOSED,,,
M004,C0016932,2021-10-08,EXPOSED,2021-10-23,NO_RESPONSE,
M004,C0016972,2021-10-08,EXPOSED,2021-11-02,NO_RESPONSE,
M004,C0017068,2021-10-08,EXPOSED,2021-11-20,NO_RESPONSE,
M004,C0018194,2021-10-08,EXPOSED,2021-10-24,NO_RESPONSE,
M004,C0018440,2021-10-08,NOT_EXPOSED,,,
M004,C0018666,2021-10-08,EXPOSED,2021-10-16,NO_RESPONSE,
M004,C0018949,2021-10-08,EXPOSED,2021-10-13,NO_RESPONSE,
M004,C0019450,2021-10-08,EXPOSED,2021-10-31,NO_RESPONSE,
M004,C0000766,2021-10-09,EXPOSED,2021-11-10,NO_RESPONSE,
M004,C0001493,2021-10-09,EXPOSED,2021-12-08,NO_RESPONSE,
M004,C0001578,2021-10-09,NOT_EXPOSED,,,
M004,C0002606,2021-10-09,EXPOSED,2021-11-14,NO_RESPONSE,
M004,C0002727,2021-10-09,EXPOSED,2021-12-03,NO_RESPONSE,
M004,C0003185,2021-10-09,EXPOSED,2021-10-14,NO_RESPONSE,
M004,C0003995,2021-10-09,EXPOSED,2021-10-12,NO_RESPONSE,
M004,C0004492,2021-10-09,EXPOSED,2021-11-04,NO_RESPONSE,
M004,C0005268,2021-10-09,EXPOSED,2021-11-08,NO_RESPONSE,
M004,C0005277,2021-10-09,EXPOSED,2021-11-12,NO_RESPONSE,
M004,C0007193,2021-10-09,EXPOSED,2021-11-17,NO_RESPONSE,
M004,C0008180,2021-10-09,EXPOSED,2021-10-22,NO_RESPONSE,
M004,C0009677,2021-10-09,NOT_EXPOSED,,,
M004,C0011033,2021-10-09,EXPOSED,2021-12-03,NO_RESPONSE,
M004,C0011703,2021-10-09,EXPOSED,2021-11-14,NO_RESPONSE,
M004,C0012336,2021-10-09,EXPOSED,2021-11-11,NO_RESPONSE,
M004,C0012894,2021-10-09,EXPOSED,2021-11-03,NO_RESPONSE,
M004,C0015437,2021-10-09,NOT_EXPOSED,,,
M004,C0016105,2021-10-09,EXPOSED,2021-10-17,NO_RESPONSE,
M004,C0016254,2021-10-09,NOT_EXPOSED,,,
M004,C0016587,2021-10-09,EXPOSED,2021-10-14,NO_RESPONSE,
M004,C0017694,2021-10-09,EXPOSED,2021-12-02,NO_RESPONSE,
M004,C0018404,2021-10-09,NOT_EXPOSED,,,
M004,C0018500,2021-10-09,EXPOSED,2021-12-03,NO_RESPONSE,
M004,C0018607,2021-10-09,EXPOSED,2021-11-04,NO_RESPONSE,
M004,C0018914,2021-10-09,EXPOSED,2021-10-11,NO_RESPONSE,
M004,C0019969,2021-10-09,NOT_EXPOSED,,,
M004,C0000907,2021-10-10,EXPOSED,2021-11-11,NO_RESPONSE,
M004,C0002250,2021-10-10,EXPOSED,2021-10-18,NO_RESPONSE,
M004,C0004302,2021-10-10,EXPOSED,2021-11-14,NO_RESPONSE,
M004,C0004987,2021-10-10,NOT_EXPOSED,,,
M004,C0006544,2021-10-10,NOT_EXPOSED,,,
M004,C0007808,2021-10-10,EXPOSED,2021-11-06,NO_RESPONSE,
M004,C0007917,2021-10-10,EXPOSED,2021-11-17,NO_RESPONSE,
M004,C0007990,2021-10-10,EXPOSED,2021-10-16,NEGATIVE,2021-10-20
M004,C0008836,2021-10-10,EXPOSED,2021-11-05,POSITIVE,2021-11-14
M004,C0010854,2021-10-10,NOT_EXPOSED,,,
M004,C0013197,2021-10-10,EXPOSED,2021-11-09,POSITIVE,2021-11-10
M004,C0013480,2021-10-10,NOT_EXPOSED,,,
M004,C0014039,2021-10-10,NOT_EXPOSED,,,
M004,C0014447,2021-10-10,EXPOSED,2021-11-05,NO_RESPONSE,
M004,C0016582,2021-10-10,EXPOSED,2021-12-06,NO_RESPONSE,
M004,C0016653,2021-10-10,EXPOSED,2021-11-05,NO_RESPONSE,
M004,C0017070,2021-10-10,EXPOSED,2021-11-20,NO_RESPONSE,
M004,C0017207,2021-10-10,EXPOSED,2021-11-14,NO_RESPONSE,
M004,C0017957,2021-10-10,EXPOSED,2021-11-27,NO_RESPONSE,
M004,C0019163,2021-10-10,NOT_EXPOSED,,,
M004,C0000642,2021-10-11,EXPOSED,2021-11-03,NO_RESPONSE,
M004,C0000847,2021-10-11,NOT_EXPOSED,,,
M004,C0001081,2021-10-11,EXPOSED,2021-11-11,NO_RESPONSE,
M004,C0002685,2021-10-11,NOT_EXPOSED,,,
M004,C0002752,2021-10-11,EXPOSED,2021-11-14,POSITIVE,2021-11-24
M004,C0003843,2021-10-11,NOT_EXPOSED,,,
M004,C0003846,2021-10-11,EXPOSED,2021-11-15,NO_RESPONSE,
M004,C0004554,2021-10-11,EXPOSED,2021-11-11,NEGATIVE,2021-11-15
M004,C0004650,2021-10-11,EXPOSED,2021-11-14,POSITIVE,2021-11-19
M004,C0005535,2021-10-11,EXPOSED,2021-11-21,NO_RESPONSE,
M004,C0006561,2021-10-11,EXPOSED,2021-10-20,NO_RESPONSE,
M004,C0007598,2021-10-11,EXPOSED,2021-11-11,NO_RESPONSE,
M004,C0008255,2021-10-11,EXPOSED,2021-11-11,NO_RESPONSE,
M004,C0008685,2021-10-11,EXPOSED,2021-12-10,NEGATIVE,2021-12-11
M004,C0008806,2021-10-11,EXPOSED,2021-10-26,NO_RESPONSE,
M004,C0008916,2021-10-11,EXPOSED,2021-11-21,NO_RESPONSE,
M004,C0010564,2021-10-11,EXPOSED,2021-10-28,NO_RESPONSE,
M004,C0012793,2021-10-11,EXPOSED,2021-10-24,NO_RESPONSE,
M004,C0012902,2021-10-11,EXPOSED,2021-11-13,NO_RESPONSE,
M004,C0013068,2021-10-11,EXPOSED,2021-11-11,NO_RESPONSE,
M004,C0013275,2021-10-11,NOT_EXPOSED,,,
M004,C0014136,2021-10-11,EXPOSED,2021-11-03,NEGATIVE,2021-11-05
M004,C0014151,2021-10-11,NOT_EXPOSED,,,
M004,C0015081,2021-10-11,EXPOSED,2021-11-05,POSITIVE,2021-11-06
M004,C0015279,2021-10-11,EXPOSED,2021-10-12,NO_RESPONSE,
M004,C0015948,2021-10-11,EXPOSED,2021-11-06,NO_RESPONSE,
M004,C0016627,2021-10-11,EXPOSED,2021-11-05,NO_RESPONSE,
M004,C0017760,2021-10-11,EXPOSED,2021-10-27,NO_RESPONSE,
M004,C0018743,2021-10-11,NOT_EXPOSED,,,
M004,C0018846,2021-10-11,EXPOSED,2021-10-29,NO_RESPONSE,
M004,C0019292,2021-10-11,NOT_EXPOSED,,,
M004,C0019734,2021-10-11,EXPOSED,2021-11-03,POSITIVE,2021-11-09
M004,C0000305,2021-10-12,EXPOSED,2021-11-16,NO_RESPONSE,
M004,C0000661,2021-10-12,EXPOSED,2021-10-23,NO_RESPONSE,
M004,C0000824,2021-10-12,EXPOSED,2021-10-20,NO_RESPONSE,
M004,C0001271,2021-10-12,NOT_EXPOSED,,,
M004,C0001407,2021-10-12,EXPOSED,2021-11-11,NO_RESPONSE,
M004,C0006169,2021-10-12,EXPOSED,2021-10-25,NO_RESPONSE,
M004,C0006484,2021-10-12,EXPOSED,2021-11-25,POSITIVE,2021-11-26
M004,C0008518,2021-10-12,EXPOSED,2021-10-31,NO_RESPONSE,
M004,C0009447,2021-10-12,EXPOSED,2021-11-27,NO_RESPONSE,
M004,C0011541,2021-10-12,EXPOSED,2021-10-17,NO_RESPONSE,
M004,C0011843,2021-10-12,EXPOSED,2021-10-28,NO_RESPONSE,
M004,C0012279,2021-10-12,EXPOSED,2021-12-07,NO_RESPONSE,
M004,C0013510,2021-10-12,EXPOSED,2021-11-18,NO_RESPONSE,
M004,C0015029,2021-10-12,EXPOSED,2021-11-23,NEUTRAL,2021-12-10
M004,C0015952,2021-10-12,EXPOSED,2021-12-09,NO_RESPONSE,
M004,C0018450,2021-10-12,EXPOSED,2021-10-22,NO_RESPONSE,
M004,C0018460,2021-10-12,EXPOSED,2021-11-04,NO_RESPONSE,
M004,C0018753,2021-10-12,EXPOSED,2021-11-06,NO_RESPONSE,
M004,C0019214,2021-10-12,EXPOSED,2021-11-13,NO_RESPONSE,
M004,C0000179,2021-10-13,EXPOSED,2021-11-11,NO_RESPONSE,
M004,C0002253,2021-10-13,EXPOSED,2021-10-30,NO_RESPONSE,
M004,C0003093,2021-10-13,NOT_EXPOSED,,,
M004,C0003719,2021-10-13,EXPOSED,2021-11-01,NO_RESPONSE,
M004,C0006751,2021-10-13,EXPOSED,2021-11-21,NO_RESPONSE,
M004,C0006752,2021-10-13,NOT_EXPOSED,,,
M004,C0008062,2021-10-13,EXPOSED,2021-10-24,NO_RESPONSE,
M004,C0009196,2021-10-13,EXPOSED,2021-10-20,NO_RESPONSE,
M004,C0009941,2021-10-13,NOT_EXPOSED,,,
M004,C0010382,2021-10-13,EXPOSED,2021-11-10,NO_RESPONSE,
M004,C0012026,2021-10-13,EXPOSED,2021-10-23,NO_RESPONSE,
M004,C0012346,2021-10-13,EXPOSED,2021-10-23,NO_RESPONSE,
M004,C0013055,2021-10-13,NOT_EXPOSED,,,
M004,C0014042,2021-10-13,EXPOSED,2021-11-26,NEUTRAL,2021-11-27
M004,C0014794,2021-10-13,EXPOSED,2021-11-17,POSITIVE,2021-11-26
M004,C0015338,2021-10-13,EXPOSED,2021-11-01,NO_RESPONSE,
M004,C0015693,2021-10-13,NOT_EXPOSED,,,
M004,C0015839,2021-10-13,EXPOSED,2021-10-18,NO_RESPONSE,
M004,C0017876,2021-10-13,EXPOSED,2021-11-10,NO_RESPONSE,
M004,C0017933,2021-10-13,EXPOSED,2021-10-14,NO_RESPONSE,
M004,C0018724,2021-10-13,EXPOSED,2021-10-28,NO_RESPONSE,
M004,C0019462,2021-10-13,EXPOSED,2021-10-23,NO_RESPONSE,
M004,C0001031,2021-10-14,EXPOSED,2021-12-07,NEUTRAL,2021-12-09
M004,C0001042,2021-10-14,EXPOSED,2021-11-11,NO_RESPONSE,
M004,C0002844,2021-10-14,EXPOSED,2021-11-10,POSITIVE,2021-11-11
M004,C0004167,2021-10-14,EXPOSED,2021-10-21,NO_RESPONSE,
M004,C0004615,2021-10-14,EXPOSED,2021-10-31,NO_RESPONSE,
M004,C0005260,2021-10-14,EXPOSED,2021-12-12,NO_RESPONSE,
M004,C0005331,2021-10-14,EXPOSED,2021-11-10,NO_RESPONSE,
M004,C0005560,2021-10-14,EXPOSED,2021-11-08,NO_RESPONSE,
M004,C0006021,2021-10-14,EXPOSED,2021-11-29,NO_RESPONSE,
M004,C0007159,2021-10-14,EXPOSED,2021-11-15,NEUTRAL,2021-12-03
M004,C0007189,2021-10-14,EXPOSED,2021-11-02,NO_RESPONSE,
M004,C0007487,2021-10-14,EXPOSED,2021-11-25,NO_RESPONSE,
M004,C0008681,2021-10-14,EXPOSED,2021-11-03,NO_RESPONSE,
M004,C0010287,2021-10-14,EXPOSED,2021-11-01,NO_RESPONSE,
M004,C0010485,2021-10-14,EXPOSED,2021-11-21,NO_RESPONSE,
M004,C0015042,2021-10-14,EXPOSED,2021-12-01,NO_RESPONSE,
M004,C0015620,2021-10-14,EXPOSED,2021-10-23,NEUTRAL,2021-10-26
M004,C0018030,2021-10-14,EXPOSED,2021-12-07,NO_RESPONSE,
M004,C0018737,2021-10-14,EXPOSED,2021-10-30,NO_RESPONSE,
M004,C0019535,2021-10-14,NOT_EXPOSED,,,
M004,C0019891,2021-10-14,EXPOSED,2021-11-24,POSITIVE,2021-11-25
M004,C0002119,2021-10-15,EXPOSED,2021-10-29,NO_RESPONSE,
M004,C0003337,2021-10-15,EXPOSED,2021-11-10,NO_RESPONSE,
M004,C0004639,2021-10-15,EXPOSED,2021-12-08,NEUTRAL,2021-12-13
M004,C0005108,2021-10-15,EXPOSED,2021-10-24,NO_RESPONSE,
M004,C0007951,2021-10-15,EXPOSED,2021-11-16,NO_RESPONSE,
M004,C0008001,2021-10-15,NOT_EXPOSED,,,
M004,C0008119,2021-10-15,EXPOSED,2021-11-07,NO_RESPONSE,
M004,C0009223,2021-10-15,EXPOSED,2021-10-27,NO_RESPONSE,
M004,C0010702,2021-10-15,EXPOSED,2021-10-23,NO_RESPONSE,
M004,C0011471,2021-10-15,NOT_EXPOSED,,,
M004,C0012671,2021-10-15,EXPOSED,2021-11-22,NO_RESPONSE,
M004,C0012970,2021-10-15,EXPOSED,2021-11-26,NO_RESPONSE,
M004,C0013416,2021-10-15,EXPOSED,2021-10-29,NO_RESPONSE,
M004,C0013905,2021-10-15,NOT_EXPOSED,,,
M004,C0014464,2021-10-15,EXPOSED,2021-10-25,NO_RESPONSE,
M004,C0014829,2021-10-15,NOT_EXPOSED,,,
M004,C0015793,2021-10-15,EXPOSED,2021-11-09,POSITIVE,2021-11-13
M004,C0017225,2021-10-15,NOT_EXPOSED,,,
M004,C0017682,2021-10-15,EXPOSED,2021-10-20,NO_RESPONSE,
M004,C0017852,2021-10-15,EXPOSED,2021-11-04,NO_RESPONSE,
M004,C0017860,2021-10-15,EXPOSED,2021-12-05,NO_RESPONSE,
M004,C0000490,2021-10-16,EXPOSED,2021-11-22,NEUTRAL,2021-12-02
M004,C0001490,2021-10-16,NOT_EXPOSED,,,
M004,C0001574,2021-10-16,EXPOSED,2021-11-08,NO_RESPONSE,
M004,C0003759,2021-10-16,NOT_EXPOSED,,,
M004,C0003901,2021-10-16,EXPOSED,2021-11-05,NO_RESPONSE,
M004,C0004158,2021-10-16,EXPOSED,2021-11-04,NO_RESPONSE,
M004,C0005215,2021-10-16,NOT_EXPOSED,,,
M004,C0005421,2021-10-16,EXPOSED,2021-10-26,NO_RESPONSE,
M004,C0006649,2021-10-16,NOT_EXPOSED,,,
M004,C0006949,2021-10-16,EXPOSED,2021-10-27,NO_RESPONSE,
M004,C0007496,2021-10-16,EXPOSED,2021-11-03,NO_RESPONSE,
M004,C0008094,2021-10-16,EXPOSED,2021-10-28,NO_RESPONSE,
M004,C0008828,2021-10-16,NOT_EXPOSED,,,
M004,C0009295,2021-10-16,EXPOSED,2021-10-24,NO_RESPONSE,
M004,C0009384,2021-10-16,NOT_EXPOSED,,,
M004,C0010353,2021-10-16,NOT_EXPOSED,,,
M004,C0010585,2021-10-16,EXPOSED,2021-10-25,NEUTRAL,2021-10-28
M004,C0011206,2021-10-16,EXPOSED,2021-11-08,NO_RESPONSE,
M004,C0011225,2021-10-16,EXPOSED,2021-11-27,NO_RESPONSE,
M004,C0011396,2021-10-16,NOT_EXPOSED,,,
M004,C0011502,2021-10-16,EXPOSED,2021-11-21,NO_RESPONSE,
M004,C0011775,2021-10-16,EXPOSED,2021-11-01,NEUTRAL,2021-11-08
M004,C0012166,2021-10-16,EXPOSED,2021-10-21,NO_RESPONSE,
M004,C0012197,2021-10-16,EXPOSED,2021-10-26,NO_RESPONSE,
M004,C0012738,2021-10-16,EXPOSED,2021-10-26,NO_RESPONSE,
M004,C0013130,2021-10-16,NOT_EXPOSED,,,
M004,C0013946,2021-10-16,EXPOSED,2021-11-02,POSITIVE,2021-11-05
M004,C0014093,2021-10-16,EXPOSED,2021-11-17,NO_RESPONSE,
M004,C0014577,2021-10-16,EXPOSED,2021-11-06,NO_RESPONSE,
M004,C0014627,2021-10-16,EXPOSED,2021-11-04,NO_RESPONSE,
M004,C0015626,2021-10-16,EXPOSED,2021-11-13,NO_RESPONSE,
M004,C0015871,2021-10-16,EXPOSED,2021-11-12,NO_RESPONSE,
M004,C0016786,2021-10-16,EXPOSED,2021-11-16,NO_RESPONSE,
M004,C0016825,2021-10-16,EXPOSED,2021-11-01,NO_RESPONSE,
M004,C0017066,2021-10-16,NOT_EXPOSED,,,
M004,C0017892,2021-10-16,EXPOSED,2021-10-21,NO_RESPONSE,
M004,C0018407,2021-10-16,EXPOSED,2021-10-20,NO_RESPONSE,
M004,C0018422,2021-10-16,EXPOSED,2021-10-29,NO_RESPONSE,
M004,C0019436,2021-10-16,EXPOSED,2021-12-14,NO_RESPONSE,
M004,C0019907,2021-10-16,NOT_EXPOSED,,,
M004,C0000598,2021-10-17,NOT_EXPOSED,,,
M004,C0000647,2021-10-17,EXPOSED,2021-11-08,NO_RESPONSE,
M004,C0000994,2021-10-17,NOT_EXPOSED,,,
M004,C0001164,2021-10-17,EXPOSED,2021-11-02,POSITIVE,2021-11-04
M004,C0002308,2021-10-17,EXPOSED,2021-10-22,NO_RESPONSE,
M004,C0002462,2021-10-17,EXPOSED,2021-10-27,POSITIVE,2021-10-31
M004,C0004542,2021-10-17,EXPOSED,2021-11-13,NO_RESPONSE,
M004,C0005545,2021-10-17,EXPOSED,2021-11-19,NO_RESPONSE,
M004,C0007053,2021-10-17,NOT_EXPOSED,,,
M004,C0007075,2021-10-17,EXPOSED,2021-11-08,NO_RESPONSE,
M004,C0007080,2021-10-17,EXPOSED,2021-11-11,NO_RESPONSE,
M004,C0008120,2021-10-17,NOT_EXPOSED,,,
M004,C0008304,2021-10-17,EXPOSED,2021-11-12,NO_RESPONSE,
M004,C0009282,2021-10-17,EXPOSED,2021-11-21,NO_RESPONSE,
M004,C0009988,2021-10-17,EXPOSED,2021-10-20,NO_RESPONSE,
M004,C0010866,2021-10-17,NOT_EXPOSED,,,
M004,C0011962,2021-10-17,NOT_EXPOSED,,,
M004,C0012908,2021-10-17,EXPOSED,2021-12-08,NO_RESPONSE,
M004,C0013309,2021-10-17,NOT_EXPOSED,,,
M004,C0013464,2021-10-17,EXPOSED,2021-11-18,NO_RESPONSE,
M004,C0014629,2021-10-17,EXPOSED,2021-10-21,NEUTRAL,2021-10-28
M004,C0015773,2021-10-17,EXPOSED,2021-10-23,NO_RESPONSE,
M004,C0016412,2021-10-17,EXPOSED,2021-10-29,NO_RESPONSE,
M004,C0017605,2021-10-17,EXPOSED,2021-11-18,NO_RESPONSE,
M004,C0017997,2021-10-17,NOT_EXPOSED,,,
M004,C0019575,2021-10-17,EXPOSED,2021-11-01,NO_RESPONSE,
M004,C0019876,2021-10-17,EXPOSED,2021-10-30,NO_RESPONSE,
M004,C0019925,2021-10-17,NOT_EXPOSED,,,
M004,C0000538,2021-10-18,EXPOSED,2021-10-19,NO_RESPONSE,
M004,C0003223,2021-10-18,EXPOSED,2021-11-10,NO_RESPONSE,
M004,C0006880,2021-10-18,NOT_EXPOSED,,,
M004,C0007743,2021-10-18,EXPOSED,2021-11-07,NO_RESPONSE,
M004,C0008006,2021-10-18,EXPOSED,2021-11-30,NO_RESPONSE,
M004,C0008434,2021-10-18,NOT_EXPOSED,,,
M004,C0009017,2021-10-18,EXPOSED,2021-11-06,NO_RESPONSE,
M004,C0009059,2021-10-18,EXPOSED,2021-10-24,NO_RESPONSE,
M004,C0009098,2021-10-18,EXPOSED,2021-10-29,NO_RESPONSE,
M004,C0010136,2021-10-18,NOT_EXPOSED,,,
M004,C0010774,2021-10-18,EXPOSED,2021-11-17,NO_RESPONSE,
M004,C0012494,2021-10-18,NOT_EXPOSED,,,
M004,C0013534,2021-10-18,NOT_EXPOSED,,,
M004,C0013623,2021-10-18,EXPOSED,2021-10-31,NO_RESPONSE,
M004,C0014312,2021-10-18,EXPOSED,2021-10-27,NO_RESPONSE,
M004,C0014576,2021-10-18,EXPOSED,2021-11-04,NO_RESPONSE,
M004,C0015426,2021-10-18,EXPOSED,2021-10-29,NO_RESPONSE,
M004,C0017873,2021-10-18,EXPOSED,2021-10-28,NO_RESPONSE,
M004,C0018331,2021-10-18,NOT_EXPOSED,,,
M004,C0018371,2021-10-18,EXPOSED,2021-11-04,NO_RESPONSE,
M004,C0019424,2021-10-18,EXPOSED,2021-10-31,NO_RESPONSE,
M004,C0019616,2021-10-18,EXPOSED,2021-10-21,NEUTRAL,2021-10-22
M004,C0019755,2021-10-18,NOT_EXPOSED,,,
M004,C0000732,2021-10-19,EXPOSED,2021-11-06,NO_RESPONSE,
M004,C0001607,2021-10-19,NOT_EXPOSED,,,
M004,C0004981,2021-10-19,EXPOSED,2021-10-26,POSITIVE,2021-10-30
M004,C0005732,2021-10-19,EXPOSED,2021-10-30,NO_RESPONSE,
M004,C0005893,2021-10-19,EXPOSED,2021-11-15,NO_RESPONSE,
M004,C0006018,2021-10-19,NOT_EXPOSED,,,
M004,C0007411,2021-10-19,EXPOSED,2021-12-10,NO_RESPONSE,
M004,C0009649,2021-10-19,EXPOSED,2021-10-21,NEUTRAL,2021-10-25
M004,C0010439,2021-10-19,EXPOSED,2021-11-09,NO_RESPONSE,
M004,C0011008,2021-10-19,EXPOSED,2021-11-08,NO_RESPONSE,
M004,C0011104,2021-10-19,EXPOSED,2021-11-07,NO_RESPONSE,
M004,C0012072,2021-10-19,EXPOSED,2021-11-12,POSITIVE,2021-11-13
M004,C0012553,2021-10-19,EXPOSED,2021-11-10,NO_RESPONSE,
M004,C0012796,2021-10-19,EXPOSED,2021-11-10,NO_RESPONSE,
M004,C0013807,2021-10-19,NOT_EXPOSED,,,
M004,C0014539,2021-10-19,EXPOSED,2021-11-19,NO_RESPONSE,
M004,C0014771,2021-10-19,EXPOSED,2021-11-23,NO_RESPONSE,
M004,C0015274,2021-10-19,EXPOSED,2021-11-19,NO_RESPONSE,
M004,C0015737,2021-10-19,EXPOSED,2021-11-15,NEUTRAL,2021-11-18
M004,C0018045,2021-10-19,NOT_EXPOSED,,,
M004,C0018513,2021-10-19,NOT_EXPOSED,,,
M004,C0018639,2021-10-19,EXPOSED,2021-10-26,NO_RESPONSE,
M004,C0000372,2021-10-20,EXPOSED,2021-11-10,NO_RESPONSE,
M004,C0001489,2021-10-20,EXPOSED,2021-11-12,NO_RESPONSE,
M004,C0002073,2021-10-20,EXPOSED,2021-12-04,NO_RESPONSE,
M004,C0003539,2021-10-20,EXPOSED,2021-11-05,NO_RESPONSE,
M004,C0004184,2021-10-20,NOT_EXPOSED,,,
M004,C0005598,2021-10-20,EXPOSED,2021-11-17,NO_RESPONSE,
M004,C0006302,2021-10-20,EXPOSED,2021-10-22,NO_RESPONSE,
M004,C0006317,2021-10-20,EXPOSED,2021-10-21,NO_RESPONSE,
M004,C0007774,2021-10-20,EXPOSED,2021-11-01,NO_RESPONSE,
M004,C0009412,2021-10-20,NOT_EXPOSED,,,
M004,C0010561,2021-10-20,EXPOSED,2021-11-03,NO_RESPONSE,
M004,C0013760,2021-10-20,NOT_EXPOSED,,,
M004,C0014572,2021-10-20,EXPOSED,2021-11-09,NO_RESPONSE,
M004,C0015430,2021-10-20,EXPOSED,2021-11-03,NO_RESPONSE,
M004,C0015898,2021-10-20,EXPOSED,2021-11-23,NO_RESPONSE,
M004,C0016531,2021-10-20,EXPOSED,2021-11-16,POSITIVE,2021-11-22
M004,C0016862,2021-10-20,NOT_EXPOSED,,,
M004,C0017267,2021-10-20,EXPOSED,2021-11-15,NO_RESPONSE,
M004,C0019894,2021-10-20,EXPOSED,2021-12-02,NO_RESPONSE,
M004,C0000140,2021-10-21,EXPOSED,2021-12-03,NO_RESPONSE,
M004,C0000259,2021-10-21,EXPOSED,2021-12-10,NO_RESPONSE,
M004,C0000481,2021-10-21,EXPOSED,2021-10-30,NO_RESPONSE,
M004,C0000507,2021-10-21,EXPOSED,2021-11-19,NO_RESPONSE,
M004,C0000520,2021-10-21,EXPOSED,2021-11-03,NO_RESPONSE,
M004,C0001481,2021-10-21,EXPOSED,2021-10-24,NO_RESPONSE,
M004,C0002085,2021-10-21,EXPOSED,2021-10-30,NO_RESPONSE,
M004,C0002196,2021-10-21,EXPOSED,2021-10-26,NO_RESPONSE,
M004,C0003733,2021-10-21,NOT_EXPOSED,,,
M004,C0006425,2021-10-21,EXPOSED,2021-11-18,NO_RESPONSE,
M004,C0006784,2021-10-21,NOT_EXPOSED,,,
M004,C0007125,2021-10-21,EXPOSED,2021-12-07,NO_RESPONSE,
M004,C0008200,2021-10-21,EXPOSED,2021-11-25,NO_RESPONSE,
M004,C0008352,2021-10-21,EXPOSED,2021-11-12,NO_RESPONSE,
M004,C0008541,2021-10-21,EXPOSED,2021-11-22,NO_RESPONSE,
M004,C0008723,2021-10-21,EXPOSED,2021-11-16,NEGATIVE,2021-11-18
M004,C0009143,2021-10-21,EXPOSED,2021-10-24,NO_RESPONSE,
M004,C0009745,2021-10-21,NOT_EXPOSED,,,
M004,C0009878,2021-10-21,EXPOSED,2021-10-27,NO_RESPONSE,
M004,C0011394,2021-10-21,EXPOSED,2021-11-19,NO_RESPONSE,
M004,C0011645,2021-10-21,EXPOSED,2021-10-24,NO_RESPONSE,
M004,C0011658,2021-10-21,EXPOSED,2021-10-26,NO_RESPONSE,
M004,C0012305,2021-10-21,EXPOSED,2021-10-29,NEUTRAL,2021-10-30
M004,C0012580,2021-10-21,NOT_EXPOSED,,,
M004,C0012639,2021-10-21,EXPOSED,2021-11-25,NO_RESPONSE,
M004,C0013044,2021-10-21,EXPOSED,2021-10-21,NO_RESPONSE,
M004,C0013605,2021-10-21,EXPOSED,2021-11-08,NO_RESPONSE,
M004,C0013991,2021-10-21,EXPOSED,2021-11-22,NO_RESPONSE,
M004,C0014555,2021-10-21,EXPOSED,2021-11-16,NO_RESPONSE,
M004,C0014757,2021-10-21,NOT_EXPOSED,,,
M004,C0014799,2021-10-21,NOT_EXPOSED,,,
M004,C0015305,2021-10-21,EXPOSED,2021-11-04,NO_RESPONSE,
M004,C0015408,2021-10-21,EXPOSED,2021-11-22,POSITIVE,2021-11-26
M004,C0015760,2021-10-21,EXPOSED,2021-11-18,NO_RESPONSE,
M004,C0017833,2021-10-21,EXPOSED,2021-11-20,POSITIVE,2021-11-22
M004,C0018642,2021-10-21,EXPOSED,2021-11-04,NO_RESPONSE,
M004,C0000649,2021-10-22,EXPOSED,2021-12-05,NO_RESPONSE,
M004,C0000879,2021-10-22,EXPOSED,2021-11-15,NO_RESPONSE,
M004,C0002610,2021-10-22,EXPOSED,2021-12-03,NO_RESPONSE,
M004,C0002759,2021-10-22,EXPOSED,2021-11-07,NO_RESPONSE,
M004,C0004267,2021-10-22,EXPOSED,2021-10-30,NEUTRAL,2021-11-03
M004,C0004885,2021-10-22,EXPOSED,2021-11-19,NO_RESPONSE,
M004,C0004968,2021-10-22,EXPOSED,2021-10-29,NO_RESPONSE,
M004,C0005586,2021-10-22,EXPOSED,2021-10-31,NO_RESPONSE,
M004,C0006389,2021-10-22,EXPOSED,2021-11-21,NEUTRAL,2021-11-25
M004,C0006438,2021-10-22,NOT_EXPOSED,,,
M004,C0006786,2021-10-22,NOT_EXPOSED,,,
M004,C0008581,2021-10-22,NOT_EXPOSED,,,
M004,C0008670,2021-10-22,NOT_EXPOSED,,,
M004,C0009048,2021-10-22,EXPOSED,2021-11-10,NO_RESPONSE,
M004,C0009211,2021-10-22,NOT_EXPOSED,,,
M004,C0009353,2021-10-22,EXPOSED,2021-12-10,NO_RESPONSE,
M004,C0010812,2021-10-22,EXPOSED,2021-11-26,POSITIVE,2021-11-30
M004,C0010922,2021-10-22,EXPOSED,2021-11-02,NO_RESPONSE,
M004,C0011404,2021-10-22,EXPOSED,2021-11-12,POSITIVE,2021-11-24
M004,C0012227,2021-10-22,EXPOSED,2021-11-01,NO_RESPONSE,
M004,C0013372,2021-10-22,EXPOSED,2021-10-27,NO_RESPONSE,
M004,C0013729,2021-10-22,EXPOSED,2021-11-15,NO_RESPONSE,
M004,C0015813,2021-10-22,NOT_EXPOSED,,,
M004,C0016272,2021-10-22,EXPOSED,2021-10-29,NO_RESPONSE,
M004,C0016777,2021-10-22,EXPOSED,2021-10-25,POSITIVE,2021-10-31
M004,C0017385,2021-10-22,EXPOSED,2021-11-27,NO_RESPONSE,
M004,C0017985,2021-10-22,EXPOSED,2021-11-12,NO_RESPONSE,
M004,C0000180,2021-10-23,EXPOSED,2021-11-13,NO_RESPONSE,
M004,C0001111,2021-10-23,EXPOSED,2021-11-03,POSITIVE,2021-11-21
M004,C0002221,2021-10-23,EXPOSED,2021-11-14,NO_RESPONSE,
M004,C0004496,2021-10-23,NOT_EXPOSED,,,
M004,C0004658,2021-10-23,EXPOSED,2021-11-10,NO_RESPONSE,
M004,C0005293,2021-10-23,EXPOSED,2021-11-13,NEGATIVE,2021-11-25
M004,C0005349,2021-10-23,NOT_EXPOSED,,,
M004,C0005782,2021-10-23,EXPOSED,2021-11-26,NO_RESPONSE,
M004,C0006114,2021-10-23,EXPOSED,2021-11-21,NO_RESPONSE,
M004,C0007387,2021-10-23,EXPOSED,2021-11-11,NO_RESPONSE,
M004,C0007712,2021-10-23,EXPOSED,2021-10-30,NO_RESPONSE,
M004,C0007783,2021-10-23,EXPOSED,2021-11-26,NO_RESPONSE,
M004,C0007970,2021-10-23,NOT_EXPOSED,,,
M004,C0008020,2021-10-23,NOT_EXPOSED,,,
M004,C0008577,2021-10-23,EXPOSED,2021-12-01,NO_RESPONSE,
M004,C0009396,2021-10-23,EXPOSED,2021-11-16,NO_RESPONSE,
M004,C0010495,2021-10-23,EXPOSED,2021-11-18,NO_RESPONSE,
M004,C0010769,2021-10-23,EXPOSED,2021-10-31,NO_RESPONSE,
M004,C0011087,2021-10-23,EXPOSED,2021-11-15,NO_RESPONSE,
M004,C0011312,2021-10-23,NOT_EXPOSED,,,
M004,C0011870,2021-10-23,EXPOSED,2021-11-07,NO_RESPONSE,
M004,C0012426,2021-10-23,EXPOSED,2021-11-25,NO_RESPONSE,
M004,C0013293,2021-10-23,EXPOSED,2021-11-06,NO_RESPONSE,
M004,C0013345,2021-10-23,NOT_EXPOSED,,,
M004,C0013960,2021-10-23,EXPOSED,2021-11-26,NO_RESPONSE,
M004,C0014460,2021-10-23,NOT_EXPOSED,,,
M004,C0016405,2021-10-23,EXPOSED,2021-11-12,NO_RESPONSE,
M004,C0018767,2021-10-23,EXPOSED,2021-11-03,NEUTRAL,2021-12-02
M004,C0019992,2021-10-23,EXPOSED,2021-11-08,NO_RESPONSE,
M004,C0000759,2021-10-24,EXPOSED,2021-10-31,NO_RESPONSE,
M004,C0001462,2021-10-24,EXPOSED,2021-11-30,NEGATIVE,2021-12-21
M004,C0001788,2021-10-24,NOT_EXPOSED,,,
M004,C0002320,2021-10-24,EXPOSED,2021-11-10,NO_RESPONSE,
M004,C0003116,2021-10-24,EXPOSED,2021-10-30,NO_RESPONSE,
M004,C0004505,2021-10-24,EXPOSED,2021-11-04,NO_RESPONSE,
M004,C0006024,2021-10-24,EXPOSED,2021-11-25,NO_RESPONSE,
M004,C0006771,2021-10-24,EXPOSED,2021-11-20,NO_RESPONSE,
M004,C0007590,2021-10-24,NOT_EXPOSED,,,
M004,C0008485,2021-10-24,NOT_EXPOSED,,,
M004,C0008960,2021-10-24,EXPOSED,2021-11-22,NO_RESPONSE,
M004,C0010060,2021-10-24,EXPOSED,2021-11-22,NO_RESPONSE,
M004,C0010115,2021-10-24,EXPOSED,2021-11-12,NO_RESPONSE,
M004,C0010698,2021-10-24,EXPOSED,2021-11-03,NO_RESPONSE,
M004,C0010980,2021-10-24,EXPOSED,2021-11-03,NO_RESPONSE,
M004,C0012159,2021-10-24,EXPOSED,2021-11-08,NO_RESPONSE,
M004,C0012503,2021-10-24,EXPOSED,2021-10-26,NO_RESPONSE,
M004,C0012787,2021-10-24,EXPOSED,2021-10-31,NO_RESPONSE,
M004,C0012968,2021-10-24,EXPOSED,2021-10-27,NO_RESPONSE,
M004,C0013236,2021-10-24,NOT_EXPOSED,,,
M004,C0014396,2021-10-24,EXPOSED,2021-11-28,NO_RESPONSE,
M004,C0015360,2021-10-24,EXPOSED,2021-11-19,POSITIVE,2021-11-21
M004,C0015431,2021-10-24,EXPOSED,2021-10-25,NO_RESPONSE,
M004,C0015916,2021-10-24,EXPOSED,2021-12-04,NO_RESPONSE,
M004,C0016079,2021-10-24,EXPOSED,2021-10-27,NO_RESPONSE,
M004,C0016351,2021-10-24,NOT_EXPOSED,,,
M004,C0016795,2021-10-24,EXPOSED,2021-11-11,NO_RESPONSE,
M004,C0017382,2021-10-24,EXPOSED,2021-11-28,NO_RESPONSE,
M004,C0017633,2021-10-24,EXPOSED,2021-10-27,NO_RESPONSE,
M004,C0018405,2021-10-24,EXPOSED,2021-11-08,NO_RESPONSE,
M004,C0001988,2021-10-25,NOT_EXPOSED,,,
M004,C0002292,2021-10-25,EXPOSED,2021-10-27,NO_RESPONSE,
M004,C0004471,2021-10-25,NOT_EXPOSED,,,
M004,C0004924,2021-10-25,EXPOSED,2021-11-12,NO_RESPONSE,
M004,C0005147,2021-10-25,EXPOSED,2021-11-18,NO_RESPONSE,
M004,C0006421,2021-10-25,NOT_EXPOSED,,,
M004,C0006519,2021-10-25,EXPOSED,2021-11-11,NO_RESPONSE,
M004,C0007481,2021-10-25,EXPOSED,2021-11-12,NO_RESPONSE,
M004,C0007576,2021-10-25,NOT_EXPOSED,,,
M004,C0007933,2021-10-25,EXPOSED,2021-11-14,NO_RESPONSE,
M004,C0008378,2021-10-25,EXPOSED,2021-10-29,NO_RESPONSE,
M004,C0008794,2021-10-25,EXPOSED,2021-12-04,NO_RESPONSE,
M004,C0008832,2021-10-25,EXPOSED,2021-11-02,POSITIVE,2021-11-11
M004,C0010234,2021-10-25,EXPOSED,2021-11-06,NO_RESPONSE,
M004,C0010503,2021-10-25,NOT_EXPOSED,,,
M004,C0011007,2021-10-25,EXPOSED,2021-11-10,NO_RESPONSE,
M004,C0014351,2021-10-25,EXPOSED,2021-11-16,NO_RESPONSE,
M004,C0015943,2021-10-25,NOT_EXPOSED,,,
M004,C0017004,2021-10-25,EXPOSED,2021-11-16,NO_RESPONSE,
M004,C0017593,2021-10-25,EXPOSED,2021-11-05,NEUTRAL,2021-11-07
M004,C0017989,2021-10-25,EXPOSED,2021-11-17,POSITIVE,2021-11-22
M004,C0018826,2021-10-25,EXPOSED,2021-11-15,NO_RESPONSE,
M004,C0001322,2021-10-26,EXPOSED,2021-11-19,NO_RESPONSE,
M004,C0001532,2021-10-26,EXPOSED,2021-11-14,NEGATIVE,2021-11-30
M004,C0001664,2021-10-26,EXPOSED,2021-11-18,NO_RESPONSE,
M004,C0001807,2021-10-26,EXPOSED,2021-11-04,NO_RESPONSE,
M004,C0002686,2021-10-26,EXPOSED,2021-11-02,NEGATIVE,2021-11-16
M004,C0002697,2021-10-26,EXPOSED,2021-12-09,NO_RESPONSE,
M004,C0002776,2021-10-26,NOT_EXPOSED,,,
M004,C0002907,2021-10-26,EXPOSED,2021-11-05,NO_RESPONSE,
M004,C0003997,2021-10-26,EXPOSED,2021-11-20,NO_RESPONSE,
M004,C0005431,2021-10-26,EXPOSED,2021-12-02,NO_RESPONSE,
M004,C0006706,2021-10-26,EXPOSED,2021-11-27,NO_RESPONSE,
M004,C0007179,2021-10-26,EXPOSED,2021-11-12,NO_RESPONSE,
M004,C0007594,2021-10-26,EXPOSED,2021-12-10,NO_RESPONSE,
M004,C0007863,2021-10-26,EXPOSED,2021-11-21,NO_RESPONSE,
M004,C0007899,2021-10-26,EXPOSED,2021-11-14,NO_RESPONSE,
M004,C0008057,2021-10-26,EXPOSED,2021-11-09,NO_RESPONSE,
M004,C0009969,2021-10-26,EXPOSED,2021-11-16,NO_RESPONSE,
M004,C0010335,2021-10-26,EXPOSED,2021-11-25,NO_RESPONSE,
M004,C0010976,2021-10-26,EXPOSED,2021-11-14,NO_RESPONSE,
M004,C0011191,2021-10-26,EXPOSED,2021-11-28,NO_RESPONSE,
M004,C0015548,2021-10-26,NOT_EXPOSED,,,
M004,C0015705,2021-10-26,EXPOSED,2021-11-20,NEGATIVE,2021-11-24
M004,C0016124,2021-10-26,EXPOSED,2021-11-04,NO_RESPONSE,
M004,C0016749,2021-10-26,EXPOSED,2021-10-27,NO_RESPONSE,
M004,C0016904,2021-10-26,EXPOSED,2021-11-02,NO_RESPONSE,
M004,C0017761,2021-10-26,EXPOSED,2021-11-13,POSITIVE,2021-11-19
M004,C0017815,2021-10-26,EXPOSED,2021-11-18,NO_RESPONSE,
M004,C0017951,2021-10-26,EXPOSED,2021-12-02,NO_RESPONSE,
M004,C0019173,2021-10-26,EXPOSED,2021-11-13,NEGATIVE,2021-11-20
M004,C0019552,2021-10-26,NOT_EXPOSED,,,
M004,C0002346,2021-10-27,EXPOSED,2021-11-20,NO_RESPONSE,
M004,C0003428,2021-10-27,EXPOSED,2021-12-07,NO_RESPONSE,
M004,C0003637,2021-10-27,NOT_EXPOSED,,,
M004,C0003726,2021-10-27,EXPOSED,2021-11-19,NO_RESPONSE,
M004,C0004284,2021-10-27,NOT_EXPOSED,,,
M004,C0006981,2021-10-27,EXPOSED,2021-10-31,NO_RESPONSE,
M004,C0008179,2021-10-27,EXPOSED,2021-11-24,NO_RESPONSE,
M004,C0011246,2021-10-27,EXPOSED,2021-10-29,NO_RESPONSE,
M004,C0011597,2021-10-27,EXPOSED,2021-11-05,NO_RESPONSE,
M004,C0012443,2021-10-27,NOT_EXPOSED,,,
M004,C0012519,2021-10-27,NOT_EXPOSED,,,
M004,C0012827,2021-10-27,EXPOSED,2021-11-12,NO_RESPONSE,
M004,C0014831,2021-10-27,EXPOSED,2021-11-22,NO_RESPONSE,
M004,C0015281,2021-10-27,EXPOSED,2021-11-18,NEUTRAL,2021-11-22
M004,C0015417,2021-10-27,EXPOSED,2021-11-26,NO_RESPONSE,
M004,C0015685,2021-10-27,EXPOSED,2021-11-29,NO_RESPONSE,
M004,C0015995,2021-10-27,EXPOSED,2021-11-25,NO_RESPONSE,
M004,C0017462,2021-10-27,EXPOSED,2021-10-31,NO_RESPONSE,
M004,C0017613,2021-10-27,EXPOSED,2021-11-09,NO_RESPONSE,
M004,C0018272,2021-10-27,NOT_EXPOSED,,,
M004,C0019690,2021-10-27,EXPOSED,2021-11-23,NO_RESPONSE,
M004,C0000632,2021-10-28,EXPOSED,2021-11-10,NO_RESPONSE,
M004,C0001761,2021-10-28,NOT_EXPOSED,,,
M004,C0002239,2021-10-28,EXPOSED,2021-11-17,NO_RESPONSE,
M004,C0002324,2021-10-28,EXPOSED,2021-11-26,NO_RESPONSE,
M004,C0003783,2021-10-28,EXPOSED,2021-11-10,NO_RESPONSE,
M004,C0004355,2021-10-28,EXPOSED,2021-11-03,NO_RESPONSE,
M004,C0004375,2021-10-28,NOT_EXPOSED,,,
M004,C0005834,2021-10-28,EXPOSED,2021-11-29,NO_RESPONSE,
M004,C0006537,2021-10-28,EXPOSED,2021-11-19,NO_RESPONSE,
M004,C0009071,2021-10-28,NOT_EXPOSED,,,
M004,C0009133,2021-10-28,EXPOSED,2021-11-27,NO_RESPONSE,
M004,C0010653,2021-10-28,NOT_EXPOSED,,,
M004,C0011005,2021-10-28,EXPOSED,2021-11-04,NO_RESPONSE,
M004,C0011055,2021-10-28,EXPOSED,2021-11-11,POSITIVE,2021-11-15
M004,C0011544,2021-10-28,EXPOSED,2021-11-09,NO_RESPONSE,
M004,C0012373,2021-10-28,EXPOSED,2021-11-13,NO_RESPONSE,
M004,C0012838,2021-10-28,NOT_EXPOSED,,,
M004,C0013241,2021-10-28,EXPOSED,2021-11-19,POSITIVE,2021-11-21
M004,C0014681,2021-10-28,EXPOSED,2021-11-12,NO_RESPONSE,
M004,C0014905,2021-10-28,EXPOSED,2021-11-08,NO_RESPONSE,
M004,C0016651,2021-10-28,EXPOSED,2021-12-10,POSITIVE,2021-12-12
M004,C0016857,2021-10-28,EXPOSED,2021-11-24,NO_RESPONSE,
M004,C0017673,2021-10-28,NOT_EXPOSED,,,
M004,C0019697,2021-10-28,EXPOSED,2021-12-01,NO_RESPONSE,
M004,C0000851,2021-10-29,EXPOSED,2021-11-13,NO_RESPONSE,
M004,C0001786,2021-10-29,NOT_EXPOSED,,,
M004,C0002281,2021-10-29,EXPOSED,2021-11-21,NO_RESPONSE,
M004,C0003888,2021-10-29,EXPOSED,2021-11-28,NO_RESPONSE,
M004,C0004436,2021-10-29,EXPOSED,2021-11-30,NO_RESPONSE,
M004,C0005180,2021-10-29,NOT_EXPOSED,,,
M004,C0008176,2021-10-29,EXPOSED,2021-11-14,NO_RESPONSE,
M004,C0008552,2021-10-29,NOT_EXPOSED,,,
M004,C0008586,2021-10-29,EXPOSED,2021-11-23,NEUTRAL,2021-11-25
M004,C0008862,2021-10-29,EXPOSED,2021-10-30,NO_RESPONSE,
M004,C0009621,2021-10-29,NOT_EXPOSED,,,
M004,C0009814,2021-10-29,EXPOSED,2021-12-09,NO_RESPONSE,
M004,C0010604,2021-10-29,EXPOSED,2021-11-19,NO_RESPONSE,
M004,C0011512,2021-10-29,EXPOSED,2021-11-01,NO_RESPONSE,
M004,C0012105,2021-10-29,EXPOSED,2021-12-06,NO_RESPONSE,
M004,C0013339,2021-10-29,EXPOSED,2021-11-28,NO_RESPONSE,
M004,C0013484,2021-10-29,NOT_EXPOSED,,,
M004,C0014743,2021-10-29,EXPOSED,2021-11-09,NO_RESPONSE,
M004,C0015609,2021-10-29,NOT_EXPOSED,,,
M004,C0015619,2021-10-29,EXPOSED,2021-11-13,NO_RESPONSE,
M004,C0015785,2021-10-29,NOT_EXPOSED,,,
M004,C0015964,2021-10-29,NOT_EXPOSED,,,
M004,C0017513,2021-10-29,NOT_EXPOSED,,,
M004,C0018729,2021-10-29,EXPOSED,2021-11-29,NO_RESPONSE,
M004,C0019681,2021-10-29,EXPOSED,2021-11-26,NO_RESPONSE,
M004,C0001828,2021-10-30,EXPOSED,2021-12-08,NO_RESPONSE,
M004,C0002453,2021-10-30,EXPOSED,2021-11-21,NO_RESPONSE,
M004,C0003103,2021-10-30,EXPOSED,2021-11-27,NO_RESPONSE,
M004,C0004329,2021-10-30,NOT_EXPOSED,,,
M004,C0004872,2021-10-30,EXPOSED,2021-11-23,NO_RESPONSE,
M004,C0005117,2021-10-30,EXPOSED,2021-12-11,POSITIVE,2021-12-17
M004,C0005208,2021-10-30,EXPOSED,2021-11-09,NO_RESPONSE,
M004,C0006362,2021-10-30,EXPOSED,2021-11-16,NO_RESPONSE,
M004,C0006722,2021-10-30,EXPOSED,2021-12-11,NO_RESPONSE,
M004,C0007454,2021-10-30,NOT_EXPOSED,,,
M004,C0007659,2021-10-30,EXPOSED,2021-10-30,NO_RESPONSE,
M004,C0007865,2021-10-30,NOT_EXPOSED,,,
M004,C0008360,2021-10-30,EXPOSED,2021-12-07,NO_RESPONSE,
M004,C0008936,2021-10-30,NOT_EXPOSED,,,
M004,C0009186,2021-10-30,EXPOSED,2021-11-14,NO_RESPONSE,
M004,C0011308,2021-10-30,EXPOSED,2021-11-26,POSITIVE,2021-12-05
M004,C0011879,2021-10-30,EXPOSED,2021-11-30,NO_RESPONSE,
M004,C0013060,2021-10-30,EXPOSED,2021-11-14,NO_RESPONSE,
M004,C0013461,2021-10-30,NOT_EXPOSED,,,
M004,C0015973,2021-10-30,EXPOSED,2021-11-09,NO_RESPONSE,
M004,C0016063,2021-10-30,EXPOSED,2021-11-11,NO_RESPONSE,
M004,C0016366,2021-10-30,NOT_EXPOSED,,,
M004,C0018180,2021-10-30,EXPOSED,2021-11-09,NO_RESPONSE,
M004,C0018183,2021-10-30,EXPOSED,2021-11-02,NEUTRAL,2021-11-17
M004,C0019328,2021-10-30,NOT_EXPOSED,,,
M004,C0000112,2021-10-31,EXPOSED,2021-11-25,NO_RESPONSE,
M004,C0000231,2021-10-31,EXPOSED,2021-11-04,NO_RESPONSE,
M004,C0001698,2021-10-31,EXPOSED,2021-11-22,POSITIVE,2021-11-26
M004,C0002384,2021-10-31,NOT_EXPOSED,,,
M004,C0002884,2021-10-31,EXPOSED,2021-11-16,NO_RESPONSE,
M004,C0003405,2021-10-31,EXPOSED,2021-11-22,NEUTRAL,2021-11-27
M004,C0003544,2021-10-31,EXPOSED,2021-12-02,NO_RESPONSE,
M004,C0003993,2021-10-31,NOT_EXPOSED,,,
M004,C0004168,2021-10-31,EXPOSED,2021-12-01,NO_RESPONSE,
M004,C0007229,2021-10-31,EXPOSED,2021-11-11,NO_RESPONSE,
M004,C0008105,2021-10-31,NOT_EXPOSED,,,
M004,C0008725,2021-10-31,EXPOSED,2021-12-12,NEUTRAL,2021-12-14
M004,C0009109,2021-10-31,EXPOSED,2021-11-02,NO_RESPONSE,
M004,C0009704,2021-10-31,EXPOSED,2021-11-19,NO_RESPONSE,
M004,C0009926,2021-10-31,NOT_EXPOSED,,,
M004,C0010237,2021-10-31,EXPOSED,2021-11-02,NO_RESPONSE,
M004,C0012464,2021-10-31,EXPOSED,2021-11-13,NO_RESPONSE,
M004,C0013088,2021-10-31,EXPOSED,2021-12-03,NO_RESPONSE,
M004,C0014605,2021-10-31,EXPOSED,2021-11-23,NO_RESPONSE,
M004,C0014686,2021-10-31,EXPOSED,2021-12-04,NO_RESPONSE,
M004,C0014714,2021-10-31,NOT_EXPOSED,,,
M004,C0015667,2021-10-31,NOT_EXPOSED,,,
M004,C0017387,2021-10-31,EXPOSED,2021-11-08,POSITIVE,2021-11-10
M004,C0017693,2021-10-31,EXPOSED,2021-11-30,NO_RESPONSE,
M004,C0000783,2021-11-01,NOT_EXPOSED,,,
M004,C0000819,2021-11-01,EXPOSED,2021-11-07,NO_RESPONSE,
M004,C0001906,2021-11-01,EXPOSED,2021-12-04,NO_RESPONSE,
M004,C0002396,2021-11-01,EXPOSED,2021-11-18,NO_RESPONSE,
M004,C0002461,2021-11-01,EXPOSED,2021-11-30,NO_RESPONSE,
M004,C0004318,2021-11-01,EXPOSED,2021-11-27,NO_RESPONSE,
M004,C0005287,2021-11-01,EXPOSED,2021-11-12,NO_RESPONSE,
M004,C0006344,2021-11-01,EXPOSED,2021-11-24,NO_RESPONSE,
M004,C0006482,2021-11-01,NOT_EXPOSED,,,
M004,C0006799,2021-11-01,EXPOSED,2021-11-03,NO_RESPONSE,
M004,C0007600,2021-11-01,EXPOSED,2021-11-06,NO_RESPONSE,
M004,C0008271,2021-11-01,NOT_EXPOSED,,,
M004,C0011950,2021-11-01,EXPOSED,2021-11-21,NO_RESPONSE,
M004,C0012441,2021-11-01,EXPOSED,2021-11-24,NO_RESPONSE,
M004,C0012488,2021-11-01,EXPOSED,2021-11-18,NO_RESPONSE,
M004,C0013419,2021-11-01,EXPOSED,2021-11-30,NEGATIVE,2021-11-30
M004,C0016057,2021-11-01,NOT_EXPOSED,,,
M004,C0016223,2021-11-01,EXPOSED,2021-11-13,NO_RESPONSE,
M004,C0016362,2021-11-01,NOT_EXPOSED,,,
M004,C0018298,2021-11-01,EXPOSED,2021-11-19,NO_RESPONSE,
M004,C0018819,2021-11-01,EXPOSED,2021-11-28,NO_RESPONSE,
M004,C0019060,2021-11-01,EXPOSED,2021-11-03,NO_RESPONSE,
M004,C0019252,2021-11-01,NOT_EXPOSED,,,
M004,C0019255,2021-11-01,EXPOSED,2021-11-08,NO_RESPONSE,
M004,C0019746,2021-11-01,EXPOSED,2021-11-06,NO_RESPONSE,
M004,C0000166,2021-11-02,EXPOSED,2021-11-09,NO_RESPONSE,
M004,C0001546,2021-11-02,EXPOSED,2021-11-04,NO_RESPONSE,
M004,C0002276,2021-11-02,EXPOSED,2021-12-13,NO_RESPONSE,
M004,C0002304,2021-11-02,NOT_EXPOSED,,,
M004,C0002908,2021-11-02,NOT_EXPOSED,,,
M004,C0003132,2021-11-02,EXPOSED,2021-12-01,NO_RESPONSE,
M004,C0003643,2021-11-02,NOT_EXPOSED,,,
M004,C0004183,2021-11-02,EXPOSED,2021-12-01,NO_RESPONSE,
M004,C0007822,2021-11-02,EXPOSED,2021-11-19,NO_RESPONSE,
M004,C0008117,2021-11-02,EXPOSED,2021-11-05,NO_RESPONSE,
M004,C0008924,2021-11-02,EXPOSED,2021-11-14,NO_RESPONSE,
M004,C0009766,2021-11-02,EXPOSED,2021-11-06,NO_RESPONSE,
M004,C0009986,2021-11-02,EXPOSED,2021-11-25,NO_RESPONSE,
M004,C0012744,2021-11-02,EXPOSED,2021-11-18,NO_RESPONSE,
M004,C0013412,2021-11-02,NOT_EXPOSED,,,
M004,C0014008,2021-11-02,EXPOSED,2021-12-04,NO_RESPONSE,
M004,C0014129,2021-11-02,EXPOSED,2021-11-20,NO_RESPONSE,
M004,C0014997,2021-11-02,EXPOSED,2021-11-18,NEUTRAL,2021-11-26
M004,C0016711,2021-11-02,EXPOSED,2021-11-12,NEUTRAL,2021-11-15
M004,C0019037,2021-11-02,EXPOSED,2021-11-11,NO_RESPONSE,
M004,C0019272,2021-11-02,EXPOSED,2021-11-15,NO_RESPONSE,
M004,C0001245,2021-11-03,EXPOSED,2021-12-07,NO_RESPONSE,
M004,C0002004,2021-11-03,NOT_EXPOSED,,,
M004,C0002014,2021-11-03,EXPOSED,2021-11-07,NO_RESPONSE,
M004,C0002611,2021-11-03,EXPOSED,2021-12-03,NEUTRAL,2021-12-07
M004,C0002738,2021-11-03,EXPOSED,2021-11-11,NO_RESPONSE,
M004,C0003071,2021-11-03,NOT_EXPOSED,,,
M004,C0005062,2021-11-03,EXPOSED,2021-11-17,NO_RESPONSE,
M004,C0005090,2021-11-03,EXPOSED,2021-11-09,NO_RESPONSE,
M004,C0005392,2021-11-03,EXPOSED,2021-11-17,NEUTRAL,2021-11-23
M004,C0006386,2021-11-03,EXPOSED,2021-11-14,NO_RESPONSE,
M004,C0007140,2021-11-03,EXPOSED,2021-11-14,NO_RESPONSE,
M004,C0007823,2021-11-03,NOT_EXPOSED,,,
M004,C0008879,2021-11-03,EXPOSED,2021-11-06,POSITIVE,2021-11-19
M004,C0009285,2021-11-03,EXPOSED,2021-11-28,NO_RESPONSE,
M004,C0009526,2021-11-03,EXPOSED,2021-11-09,NO_RESPONSE,
M004,C0009891,2021-11-03,EXPOSED,2021-12-05,NO_RESPONSE,
M004,C0009894,2021-11-03,EXPOSED,2021-11-17,NO_RESPONSE,
M004,C0010576,2021-11-03,EXPOSED,2021-11-06,NO_RESPONSE,
M004,C0012739,2021-11-03,EXPOSED,2021-12-04,NO_RESPONSE,
M004,C0013143,2021-11-03,EXPOSED,2021-11-12,NO_RESPONSE,
M004,C0013370,2021-11-03,EXPOSED,2021-11-23,NO_RESPONSE,
M004,C0013703,2021-11-03,EXPOSED,2021-12-05,NO_RESPONSE,
M004,C0015242,2021-11-03,EXPOSED,2021-11-22,NO_RESPONSE,
M004,C0016416,2021-11-03,EXPOSED,2021-11-08,NO_RESPONSE,
M004,C0017544,2021-11-03,EXPOSED,2021-11-21,NO_RESPONSE,
M004,C0017558,2021-11-03,EXPOSED,2021-11-15,NO_RESPONSE,
M004,C0019460,2021-11-03,EXPOSED,2021-11-22,NO_RESPONSE,
M004,C0019888,2021-11-03,EXPOSED,2021-11-19,NO_RESPONSE,
M004,C0000113,2021-11-04,EXPOSED,2021-11-13,NEUTRAL,2021-11-19
M004,C0000270,2021-11-04,EXPOSED,2021-11-12,NO_RESPONSE,
M004,C0001173,2021-11-04,EXPOSED,2021-11-08,NO_RESPONSE,
M004,C0002931,2021-11-04,EXPOSED,2021-11-19,NO_RESPONSE,
M004,C0004188,2021-11-04,EXPOSED,2021-11-18,NO_RESPONSE,
M004,C0004215,2021-11-04,EXPOSED,2021-11-20,NO_RESPONSE,
M004,C0004400,2021-11-04,EXPOSED,2021-11-27,NO_RESPONSE,
M004,C0004430,2021-11-04,EXPOSED,2021-11-13,NEUTRAL,2021-11-17
M004,C0005441,2021-11-04,EXPOSED,2021-11-10,POSITIVE,2021-11-18
M004,C0006866,2021-11-04,NOT_EXPOSED,,,
M004,C0007068,2021-11-04,NOT_EXPOSED,,,
M004,C0007202,2021-11-04,EXPOSED,2021-11-10,NO_RESPONSE,
M004,C0007643,2021-11-04,EXPOSED,2021-12-04,NO_RESPONSE,
M004,C0007896,2021-11-04,EXPOSED,2021-11-06,NO_RESPONSE,
M004,C0008075,2021-11-04,EXPOSED,2021-11-06,NO_RESPONSE,
M004,C0008089,2021-11-04,EXPOSED,2021-11-07,NO_RESPONSE,
M004,C0008210,2021-11-04,EXPOSED,2021-11-16,NO_RESPONSE,
M004,C0008539,2021-11-04,EXPOSED,2021-11-25,NO_RESPONSE,
M004,C0009575,2021-11-04,EXPOSED,2021-11-13,NO_RESPONSE,
M004,C0010244,2021-11-04,NOT_EXPOSED,,,
M004,C0011036,2021-11-04,EXPOSED,2021-12-02,NEGATIVE,2021-12-05
M004,C0011768,2021-11-04,EXPOSED,2021-11-21,NO_RESPONSE,
M004,C0011908,2021-11-04,EXPOSED,2021-12-10,NO_RESPONSE,
M004,C0012561,2021-11-04,EXPOSED,2021-11-19,NO_RESPONSE,
M004,C0013245,2021-11-04,EXPOSED,2021-11-10,NO_RESPONSE,
M004,C0013984,2021-11-04,NOT_EXPOSED,,,
M004,C0014647,2021-11-04,EXPOSED,2021-12-03,NO_RESPONSE,
M004,C0014987,2021-11-04,EXPOSED,2021-11-29,NO_RESPONSE,
M004,C0016008,2021-11-04,EXPOSED,2021-11-09,NO_RESPONSE,
M004,C0018115,2021-11-04,EXPOSED,2021-11-12,NO_RESPONSE,
M004,C0019085,2021-11-04,EXPOSED,2021-11-14,NO_RESPONSE,
M004,C0019243,2021-11-04,NOT_EXPOSED,,,
M004,C0019562,2021-11-04,EXPOSED,2021-11-16,NO_RESPONSE,
M004,C0001091,2021-11-05,EXPOSED,2021-11-23,NO_RESPONSE,
M004,C0001649,2021-11-05,EXPOSED,2021-11-22,POSITIVE,2021-11-25
M004,C0002581,2021-11-05,EXPOSED,2021-12-09,NO_RESPONSE,
M004,C0005335,2021-11-05,EXPOSED,2021-11-11,NO_RESPONSE,
M004,C0005926,2021-11-05,NOT_EXPOSED,,,
M004,C0007276,2021-11-05,EXPOSED,2021-11-17,NO_RESPONSE,
M004,C0008991,2021-11-05,NOT_EXPOSED,,,
M004,C0009242,2021-11-05,EXPOSED,2021-11-28,NO_RESPONSE,
M004,C0009936,2021-11-05,EXPOSED,2021-11-29,NO_RESPONSE,
M004,C0010643,2021-11-05,EXPOSED,2021-11-23,NO_RESPONSE,
M004,C0010855,2021-11-05,EXPOSED,2021-11-30,NO_RESPONSE,
M004,C0012644,2021-11-05,EXPOSED,2021-11-18,NO_RESPONSE,
M004,C0012661,2021-11-05,EXPOSED,2021-12-01,NO_RESPONSE,
M004,C0016469,2021-11-05,EXPOSED,2021-11-14,NO_RESPONSE,
M004,C0016953,2021-11-05,NOT_EXPOSED,,,
M004,C0017364,2021-11-05,NOT_EXPOSED,,,
M004,C0018987,2021-11-05,NOT_EXPOSED,,,
M004,C0019639,2021-11-05,EXPOSED,2021-11-25,NO_RESPONSE,
M004,C0000440,2021-11-06,EXPOSED,2021-11-19,POSITIVE,2021-11-20
M004,C0000857,2021-11-06,EXPOSED,2021-12-04,NEUTRAL,2021-12-05
M004,C0003547,2021-11-06,EXPOSED,2021-11-26,POSITIVE,2021-11-28
M004,C0003737,2021-11-06,EXPOSED,2021-11-11,POSITIVE,2021-11-23
M004,C0003751,2021-11-06,NOT_EXPOSED,,,
M004,C0004175,2021-11-06,EXPOSED,2021-12-02,NO_RESPONSE,
M004,C0006429,2021-11-06,NOT_EXPOSED,,,
M004,C0006590,2021-11-06,EXPOSED,2021-11-15,NO_RESPONSE,
M004,C0009037,2021-11-06,NOT_EXPOSED,,,
M004,C0009937,2021-11-06,EXPOSED,2021-11-25,NO_RESPONSE,
M004,C0009989,2021-11-06,EXPOSED,2021-11-09,NEUTRAL,2021-11-13
M004,C0010380,2021-11-06,NOT_EXPOSED,,,
M004,C0011958,2021-11-06,EXPOSED,2021-11-12,POSITIVE,2021-11-17
M004,C0012076,2021-11-06,EXPOSED,2021-12-12,NO_RESPONSE,
M004,C0012388,2021-11-06,NOT_EXPOSED,,,
M004,C0013873,2021-11-06,EXPOSED,2021-12-03,NO_RESPONSE,
M004,C0013879,2021-11-06,NOT_EXPOSED,,,
M004,C0015593,2021-11-06,NOT_EXPOSED,,,
M004,C0015845,2021-11-06,EXPOSED,2021-11-16,NO_RESPONSE,
M004,C0016143,2021-11-06,EXPOSED,2021-11-26,NO_RESPONSE,
M004,C0017415,2021-11-06,EXPOSED,2021-11-11,NO_RESPONSE,
M004,C0018648,2021-11-06,EXPOSED,2021-11-19,NO_RESPONSE,
M004,C0000593,2021-11-07,EXPOSED,2021-11-10,NO_RESPONSE,
M004,C0001745,2021-11-07,EXPOSED,2021-11-09,NO_RESPONSE,
M004,C0002139,2021-11-07,EXPOSED,2021-11-24,NO_RESPONSE,
M004,C0002805,2021-11-07,NOT_EXPOSED,,,
M004,C0003236,2021-11-07,NOT_EXPOSED,,,
M004,C0003646,2021-11-07,EXPOSED,2021-11-13,NO_RESPONSE,
M004,C0004018,2021-11-07,EXPOSED,2021-11-21,POSITIVE,2021-11-22
M004,C0004371,2021-11-07,NOT_EXPOSED,,,
M004,C0005485,2021-11-07,EXPOSED,2021-11-19,NO_RESPONSE,
M004,C0006836,2021-11-07,NOT_EXPOSED,,,
M004,C0007832,2021-11-07,EXPOSED,2021-11-23,NO_RESPONSE,
M004,C0007961,2021-11-07,EXPOSED,2021-11-19,NO_RESPONSE,
M004,C0007963,2021-11-07,EXPOSED,2021-11-14,NO_RESPONSE,
M004,C0008236,2021-11-07,EXPOSED,2021-11-16,NO_RESPONSE,
M004,C0009939,2021-11-07,NOT_EXPOSED,,,
M004,C0012183,2021-11-07,EXPOSED,2021-11-09,NO_RESPONSE,
M004,C0012850,2021-11-07,NOT_EXPOSED,,,
M004,C0013788,2021-11-07,NOT_EXPOSED,,,
M004,C0013808,2021-11-07,EXPOSED,2021-11-18,POSITIVE,2021-11-19
M004,C0014365,2021-11-07,EXPOSED,2021-11-07,POSITIVE,2021-11-11
M004,C0017242,2021-11-07,NOT_EXPOSED,,,
M004,C0018218,2021-11-07,NOT_EXPOSED,,,
M004,C0018844,2021-11-07,NOT_EXPOSED,,,
M004,C0019206,2021-11-07,NOT_EXPOSED,,,
M004,C0019600,2021-11-07,EXPOSED,2021-11-29,NO_RESPONSE,
M004,C0000246,2021-11-08,EXPOSED,2021-12-05,NO_RESPONSE,
M004,C0001812,2021-11-08,NOT_EXPOSED,,,
M004,C0003816,2021-11-08,NOT_EXPOSED,,,
M004,C0005028,2021-11-08,EXPOSED,2021-11-16,NO_RESPONSE,
M004,C0005638,2021-11-08,EXPOSED,2021-11-28,NO_RESPONSE,
M004,C0006078,2021-11-08,NOT_EXPOSED,,,
M004,C0006945,2021-11-08,EXPOSED,2021-11-24,NO_RESPONSE,
M004,C0007507,2021-11-08,EXPOSED,2021-11-16,NO_RESPONSE,
M004,C0008060,2021-11-08,EXPOSED,2021-11-29,NO_RESPONSE,
M004,C0008390,2021-11-08,EXPOSED,2021-11-12,NO_RESPONSE,
M004,C0009971,2021-11-08,NOT_EXPOSED,,,
M004,C0011197,2021-11-08,EXPOSED,2021-12-09,NO_RESPONSE,
M004,C0011480,2021-11-08,EXPOSED,2021-11-27,NO_RESPONSE,
M004,C0011525,2021-11-08,EXPOSED,2021-11-15,NO_RESPONSE,
M004,C0014942,2021-11-08,EXPOSED,2021-12-01,NO_RESPONSE,
M004,C0018381,2021-11-08,EXPOSED,2021-11-13,NO_RESPONSE,
M004,C0018592,2021-11-08,EXPOSED,2021-11-13,NO_RESPONSE,
M004,C0018881,2021-11-08,EXPOSED,2021-11-15,NO_RESPONSE,
M004,C0019348,2021-11-08,EXPOSED,2021-11-13,NO_RESPONSE,
M004,C0019398,2021-11-08,EXPOSED,2021-11-27,NO_RESPONSE,
M004,C0019653,2021-11-08,EXPOSED,2021-11-08,NO_RESPONSE,
M004,C0019731,2021-11-08,EXPOSED,2021-12-02,NO_RESPONSE,
M004,C0000741,2021-11-09,EXPOSED,2021-12-03,NO_RESPONSE,
M004,C0003490,2021-11-09,EXPOSED,2021-11-24,NO_RESPONSE,
M004,C0003941,2021-11-09,EXPOSED,2021-11-24,NO_RESPONSE,
M004,C0004046,2021-11-09,NOT_EXPOSED,,,
M004,C0007636,2021-11-09,EXPOSED,2021-11-14,NO_RESPONSE,
M004,C0008753,2021-11-09,EXPOSED,2021-11-25,NO_RESPONSE,
M004,C0009359,2021-11-09,NOT_EXPOSED,,,
M004,C0009395,2021-11-09,NOT_EXPOSED,,,
M004,C0011635,2021-11-09,EXPOSED,2021-11-18,NO_RESPONSE,
M004,C0011674,2021-11-09,NOT_EXPOSED,,,
M004,C0012080,2021-11-09,NOT_EXPOSED,,,
M004,C0015169,2021-11-09,EXPOSED,2021-11-19,POSITIVE,2021-11-20
M004,C0015428,2021-11-09,NOT_EXPOSED,,,
M004,C0015566,2021-11-09,EXPOSED,2021-11-22,NO_RESPONSE,
M004,C0016554,2021-11-09,EXPOSED,2021-12-09,NO_RESPONSE,
M004,C0017356,2021-11-09,EXPOSED,2021-11-11,NO_RESPONSE,
M004,C0000350,2021-11-10,NOT_EXPOSED,,,
M004,C0002490,2021-11-10,EXPOSED,2021-11-15,NO_RESPONSE,
M004,C0003800,2021-11-10,EXPOSED,2021-11-16,NO_RESPONSE,
M004,C0003818,2021-11-10,EXPOSED,2021-11-28,NO_RESPONSE,
M004,C0005650,2021-11-10,EXPOSED,2021-11-13,NO_RESPONSE,
M004,C0006248,2021-11-10,EXPOSED,2021-11-23,NO_RESPONSE,
M004,C0006863,2021-11-10,EXPOSED,2021-11-14,NO_RESPONSE,
M004,C0007701,2021-11-10,NOT_EXPOSED,,,
M004,C0009078,2021-11-10,EXPOSED,2021-11-28,NEUTRAL,2021-12-13
M004,C0009170,2021-11-10,NOT_EXPOSED,,,
M004,C0010928,2021-11-10,EXPOSED,2021-11-27,NEUTRAL,2021-12-06
M004,C0012651,2021-11-10,EXPOSED,2021-11-17,NO_RESPONSE,
M004,C0016071,2021-11-10,NOT_EXPOSED,,,
M004,C0016214,2021-11-10,EXPOSED,2021-12-08,NO_RESPONSE,
M004,C0017518,2021-11-10,EXPOSED,2021-11-17,NO_RESPONSE,
M004,C0018120,2021-11-10,EXPOSED,2021-11-24,NO_RESPONSE,
M004,C0018186,2021-11-10,NOT_EXPOSED,,,
M004,C0001608,2021-11-11,EXPOSED,2021-11-23,NO_RESPONSE,
M004,C0003298,2021-11-11,EXPOSED,2021-12-13,NEUTRAL,2021-12-14
M004,C0003323,2021-11-11,NOT_EXPOSED,,,
M004,C0003670,2021-11-11,NOT_EXPOSED,,,
M004,C0004763,2021-11-11,EXPOSED,2021-11-19,NO_RESPONSE,
M004,C0007074,2021-11-11,EXPOSED,2021-11-14,NO_RESPONSE,
M004,C0007660,2021-11-11,EXPOSED,2021-11-22,POSITIVE,2021-11-24
M004,C0010075,2021-11-11,EXPOSED,2021-11-15,NEGATIVE,2021-11-20
M004,C0011439,2021-11-11,EXPOSED,2021-11-21,NO_RESPONSE,
M004,C0011462,2021-11-11,EXPOSED,2021-11-13,NO_RESPONSE,
M004,C0012470,2021-11-11,EXPOSED,2021-11-13,NO_RESPONSE,
M004,C0013189,2021-11-11,EXPOSED,2021-11-13,NO_RESPONSE,
M004,C0013887,2021-11-11,EXPOSED,2021-11-13,NO_RESPONSE,
M004,C0014554,2021-11-11,EXPOSED,2021-11-23,NEUTRAL,2021-12-01
M004,C0018226,2021-11-11,EXPOSED,2021-12-07,POSITIVE,2021-12-25
M004,C0003831,2021-11-12,EXPOSED,2021-12-06,NO_RESPONSE,
M004,C0004559,2021-11-12,NOT_EXPOSED,,,
M004,C0005155,2021-11-12,NOT_EXPOSED,,,
M004,C0005753,2021-11-12,EXPOSED,2021-11-28,NO_RESPONSE,
M004,C0006558,2021-11-12,EXPOSED,2021-11-13,NO_RESPONSE,
M004,C0008172,2021-11-12,NOT_EXPOSED,,,
M004,C0011156,2021-11-12,EXPOSED,2021-11-28,NO_RESPONSE,
M004,C0012658,2021-11-12,EXPOSED,2021-11-21,NO_RESPONSE,
M004,C0012709,2021-11-12,EXPOSED,2021-12-11,NO_RESPONSE,
M004,C0012992,2021-11-12,EXPOSED,2021-11-26,NEUTRAL,2021-12-01
M004,C0013495,2021-11-12,EXPOSED,2021-11-16,NO_RESPONSE,
M004,C0014090,2021-11-12,EXPOSED,2021-12-11,NO_RESPONSE,
M004,C0015912,2021-11-12,NOT_EXPOSED,,,
M004,C0016685,2021-11-12,NOT_EXPOSED,,,
M004,C0016831,2021-11-12,EXPOSED,2021-11-22,NO_RESPONSE,
M004,C0018105,2021-11-12,NOT_EXPOSED,,,
M004,C0018744,2021-11-12,EXPOSED,2021-11-16,NO_RESPONSE,
M004,C0019091,2021-11-12,EXPOSED,2021-11-23,NO_RESPONSE,
M004,C0001589,2021-11-13,EXPOSED,2021-11-17,NO_RESPONSE,
M004,C0002117,2021-11-13,EXPOSED,2021-11-25,NO_RESPONSE,
M004,C0002192,2021-11-13,EXPOSED,2021-11-21,NO_RESPONSE,
M004,C0003549,2021-11-13,EXPOSED,2021-11-17,NO_RESPONSE,
M004,C0005086,2021-11-13,NOT_EXPOSED,,,
M004,C0007009,2021-11-13,EXPOSED,2021-12-02,NO_RESPONSE,
M004,C0007946,2021-11-13,EXPOSED,2021-11-15,NO_RESPONSE,
M004,C0009564,2021-11-13,EXPOSED,2021-11-29,NO_RESPONSE,
M004,C0010042,2021-11-13,EXPOSED,2021-12-12,NO_RESPONSE,
M004,C0010440,2021-11-13,NOT_EXPOSED,,,
M004,C0011350,2021-11-13,EXPOSED,2021-11-19,NO_RESPONSE,
M004,C0012436,2021-11-13,EXPOSED,2021-11-22,NO_RESPONSE,
M004,C0013151,2021-11-13,EXPOSED,2021-12-05,NO_RESPONSE,
M004,C0014871,2021-11-13,EXPOSED,2021-12-09,NO_RESPONSE,
M004,C0015343,2021-11-13,EXPOSED,2021-11-17,NO_RESPONSE,
M004,C0016000,2021-11-13,EXPOSED,2021-11-18,NO_RESPONSE,
M004,C0018886,2021-11-13,NOT_EXPOSED,,,
M004,C0003434,2021-11-14,NOT_EXPOSED,,,
M004,C0003690,2021-11-14,EXPOSED,2021-11-22,NO_RESPONSE,
M004,C0003716,2021-11-14,EXPOSED,2021-11-29,NO_RESPONSE,
M004,C0004479,2021-11-14,EXPOSED,2021-12-04,NO_RESPONSE,
M004,C0005944,2021-11-14,EXPOSED,2021-11-26,NEUTRAL,2021-11-30
M004,C0007008,2021-11-14,EXPOSED,2021-11-16,NO_RESPONSE,
M004,C0007977,2021-11-14,EXPOSED,2021-12-01,NO_RESPONSE,
M004,C0008346,2021-11-14,EXPOSED,2021-11-28,NO_RESPONSE,
M004,C0008639,2021-11-14,EXPOSED,2021-12-10,NO_RESPONSE,
M004,C0010524,2021-11-14,EXPOSED,2021-12-06,NO_RESPONSE,
M004,C0011366,2021-11-14,EXPOSED,2021-12-06,NO_RESPONSE,
M004,C0014122,2021-11-14,EXPOSED,2021-11-16,NO_RESPONSE,
M004,C0016369,2021-11-14,NOT_EXPOSED,,,
M004,C0017709,2021-11-14,EXPOSED,2021-12-04,NO_RESPONSE,
M004,C0018772,2021-11-14,EXPOSED,2021-11-26,NO_RESPONSE,
M004,C0019409,2021-11-14,EXPOSED,2021-12-01,NO_RESPONSE,
M004,C0019744,2021-11-14,EXPOSED,2021-11-21,NO_RESPONSE,
M004,C0000434,2021-11-15,EXPOSED,2021-11-16,NO_RESPONSE,
M004,C0001131,2021-11-15,EXPOSED,2021-12-05,POSITIVE,2021-12-13
M004,C0002035,2021-11-15,EXPOSED,2021-12-11,NO_RESPONSE,
M004,C0002064,2021-11-15,EXPOSED,2021-11-22,NO_RESPONSE,
M004,C0006569,2021-11-15,EXPOSED,2021-11-28,NO_RESPONSE,
M004,C0006857,2021-11-15,EXPOSED,2021-11-28,NO_RESPONSE,
M004,C0007506,2021-11-15,EXPOSED,2021-12-14,NO_RESPONSE,
M004,C0009922,2021-11-15,EXPOSED,2021-11-28,NO_RESPONSE,
M004,C0010093,2021-11-15,EXPOSED,2021-11-26,NEGATIVE,2021-12-07
M004,C0010155,2021-11-15,NOT_EXPOSED,,,
M004,C0011579,2021-11-15,EXPOSED,2021-12-02,NO_RESPONSE,
M004,C0012993,2021-11-15,EXPOSED,2021-11-21,NO_RESPONSE,
M004,C0014126,2021-11-15,NOT_EXPOSED,,,
M004,C0014223,2021-11-15,EXPOSED,2021-12-02,NEGATIVE,2021-12-09
M004,C0015534,2021-11-15,EXPOSED,2021-12-06,NO_RESPONSE,
M004,C0017477,2021-11-15,EXPOSED,2021-12-02,NO_RESPONSE,
M004,C0017871,2021-11-15,NOT_EXPOSED,,,
M004,C0018401,2021-11-15,EXPOSED,2021-11-28,NEUTRAL,2021-11-30
M004,C0019420,2021-11-15,EXPOSED,2021-11-29,NO_RESPONSE,
M004,C0000071,2021-11-16,EXPOSED,2021-11-27,POSITIVE,2021-12-08
M004,C0000790,2021-11-16,EXPOSED,2021-11-18,NO_RESPONSE,
M004,C0001764,2021-11-16,EXPOSED,2021-11-23,NO_RESPONSE,
M004,C0002428,2021-11-16,EXPOSED,2021-11-25,NO_RESPONSE,
M004,C0007609,2021-11-16,EXPOSED,2021-11-29,NO_RESPONSE,
M004,C0007825,2021-11-16,EXPOSED,2021-12-03,NO_RESPONSE,
M004,C0008860,2021-11-16,EXPOSED,2021-11-21,NO_RESPONSE,
M004,C0009568,2021-11-16,EXPOSED,2021-11-23,NO_RESPONSE,
M004,C0009800,2021-11-16,EXPOSED,2021-12-09,NO_RESPONSE,
M004,C0010224,2021-11-16,EXPOSED,2021-11-28,POSITIVE,2021-12-02
M004,C0010654,2021-11-16,NOT_EXPOSED,,,
M004,C0010921,2021-11-16,EXPOSED,2021-11-26,NO_RESPONSE,
M004,C0011786,2021-11-16,EXPOSED,2021-11-21,NO_RESPONSE,
M004,C0012062,2021-11-16,EXPOSED,2021-11-21,NO_RESPONSE,
M004,C0012303,2021-11-16,NOT_EXPOSED,,,
M004,C0012913,2021-11-16,EXPOSED,2021-12-05,POSITIVE,2021-12-10
M004,C0013202,2021-11-16,EXPOSED,2021-11-20,NO_RESPONSE,
M004,C0004991,2021-11-17,EXPOSED,2021-11-27,NO_RESPONSE,
M004,C0006182,2021-11-17,EXPOSED,2021-12-10,NO_RESPONSE,
M004,C0008648,2021-11-17,EXPOSED,2021-11-18,NEGATIVE,2021-11-19
M004,C0009391,2021-11-17,EXPOSED,2021-11-21,NO_RESPONSE,
M004,C0009456,2021-11-17,EXPOSED,2021-11-26,NO_RESPONSE,
M004,C0011436,2021-11-17,EXPOSED,2021-12-04,NO_RESPONSE,
M004,C0012815,2021-11-17,EXPOSED,2021-11-28,NO_RESPONSE,
M004,C0013925,2021-11-17,EXPOSED,2021-11-18,POSITIVE,2021-11-23
M004,C0015741,2021-11-17,EXPOSED,2021-12-01,NO_RESPONSE,
M004,C0019466,2021-11-17,EXPOSED,2021-12-04,NO_RESPONSE,
M004,C0019847,2021-11-17,EXPOSED,2021-12-02,NO_RESPONSE,
M004,C0004523,2021-11-18,EXPOSED,2021-11-26,NO_RESPONSE,
M004,C0005317,2021-11-18,EXPOSED,2021-12-11,NO_RESPONSE,
M004,C0005411,2021-11-18,EXPOSED,2021-11-24,NO_RESPONSE,
M004,C0007339,2021-11-18,EXPOSED,2021-11-25,NO_RESPONSE,
M004,C0007343,2021-11-18,EXPOSED,2021-12-01,NO_RESPONSE,
M004,C0011344,2021-11-18,EXPOSED,2021-11-24,POSITIVE,2021-11-25
M004,C0011804,2021-11-18,EXPOSED,2021-11-19,NO_RESPONSE,
M004,C0012120,2021-11-18,EXPOSED,2021-11-29,NO_RESPONSE,
M004,C0012617,2021-11-18,NOT_EXPOSED,,,
M004,C0013974,2021-11-18,EXPOSED,2021-11-23,NO_RESPONSE,
M004,C0018965,2021-11-18,EXPOSED,2021-11-28,NO_RESPONSE,
M004,C0019660,2021-11-18,EXPOSED,2021-11-25,NO_RESPONSE,
M004,C0001086,2021-11-19,EXPOSED,2021-11-21,NO_RESPONSE,
M004,C0002566,2021-11-19,EXPOSED,2021-11-30,POSITIVE,2021-12-03
M004,C0003842,2021-11-19,EXPOSED,2021-11-30,NO_RESPONSE,
M004,C0004137,2021-11-19,EXPOSED,2021-11-21,NO_RESPONSE,
M004,C0004931,2021-11-19,EXPOSED,2021-11-21,POSITIVE,2021-11-25
M004,C0007017,2021-11-19,EXPOSED,2021-12-08,NEUTRAL,2021-12-11
M004,C0007171,2021-11-19,EXPOSED,2021-12-06,NO_RESPONSE,
M004,C0009826,2021-11-19,EXPOSED,2021-11-24,NO_RESPONSE,
M004,C0012440,2021-11-19,NOT_EXPOSED,,,
M004,C0015160,2021-11-19,EXPOSED,2021-11-20,NO_RESPONSE,
M004,C0015891,2021-11-19,EXPOSED,2021-12-10,NO_RESPONSE,
M004,C0016889,2021-11-19,NOT_EXPOSED,,,
M004,C0019155,2021-11-19,EXPOSED,2021-11-29,NO_RESPONSE,
M004,C0000852,2021-11-20,NOT_EXPOSED,,,
M004,C0002356,2021-11-20,NOT_EXPOSED,,,
M004,C0002362,2021-11-20,EXPOSED,2021-12-08,NO_RESPONSE,
M004,C0004201,2021-11-20,NOT_EXPOSED,,,
M004,C0004449,2021-11-20,EXPOSED,2021-12-02,NO_RESPONSE,
M004,C0004457,2021-11-20,EXPOSED,2021-11-25,NO_RESPONSE,
M004,C0010434,2021-11-20,NOT_EXPOSED,,,
M004,C0010649,2021-11-20,EXPOSED,2021-11-28,NO_RESPONSE,
M004,C0010842,2021-11-20,EXPOSED,2021-11-23,NO_RESPONSE,
M004,C0010853,2021-11-20,EXPOSED,2021-12-06,NEUTRAL,2021-12-09
M004,C0012118,2021-11-20,EXPOSED,2021-11-21,POSITIVE,2021-11-25
M004,C0013695,2021-11-20,NOT_EXPOSED,,,
M004,C0013750,2021-11-20,NOT_EXPOSED,,,
M004,C0016449,2021-11-20,NOT_EXPOSED,,,
M004,C0016901,2021-11-20,EXPOSED,2021-11-28,NO_RESPONSE,
M004,C0017600,2021-11-20,EXPOSED,2021-12-08,NO_RESPONSE,
M004,C0017802,2021-11-20,EXPOSED,2021-12-01,NO_RESPONSE,
M004,C0017823,2021-11-20,EXPOSED,2021-12-04,POSITIVE,2021-12-07
M004,C0018645,2021-11-20,EXPOSED,2021-12-03,POSITIVE,2021-12-10
M004,C0019722,2021-11-20,EXPOSED,2021-12-04,NO_RESPONSE,
M004,C0019829,2021-11-20,NOT_EXPOSED,,,
M004,C0004849,2021-11-21,EXPOSED,2021-12-10,NO_RESPONSE,
M004,C0006689,2021-11-21,NOT_EXPOSED,,,
M004,C0007905,2021-11-21,EXPOSED,2021-11-21,NO_RESPONSE,
M004,C0008177,2021-11-21,EXPOSED,2021-12-01,NO_RESPONSE,
M004,C0008496,2021-11-21,NOT_EXPOSED,,,
M004,C0008891,2021-11-21,NOT_EXPOSED,,,
M004,C0009157,2021-11-21,NOT_EXPOSED,,,
M004,C0009867,2021-11-21,NOT_EXPOSED,,,
M004,C0012296,2021-11-21,EXPOSED,2021-11-25,NO_RESPONSE,
M004,C0012697,2021-11-21,EXPOSED,2021-12-04,NO_RESPONSE,
M004,C0013029,2021-11-21,NOT_EXPOSED,,,
M004,C0014513,2021-11-21,EXPOSED,2021-12-02,NO_RESPONSE,
M004,C0015610,2021-11-21,NOT_EXPOSED,,,
M004,C0016854,2021-11-21,EXPOSED,2021-12-09,NO_RESPONSE,
M004,C0018016,2021-11-21,EXPOSED,2021-12-04,NO_RESPONSE,
M004,C0019244,2021-11-21,NOT_EXPOSED,,,
M004,C0019934,2021-11-21,EXPOSED,2021-11-25,NO_RESPONSE,
M004,C0002722,2021-11-22,EXPOSED,2021-12-09,NO_RESPONSE,
M004,C0004780,2021-11-22,EXPOSED,2021-11-29,NO_RESPONSE,
M004,C0006068,2021-11-22,EXPOSED,2021-11-30,NO_RESPONSE,
M004,C0009016,2021-11-22,EXPOSED,2021-12-08,NO_RESPONSE,
M004,C0009066,2021-11-22,NOT_EXPOSED,,,
M004,C0010795,2021-11-22,EXPOSED,2021-12-07,NO_RESPONSE,
M004,C0011063,2021-11-22,NOT_EXPOSED,,,
M004,C0011074,2021-11-22,EXPOSED,2021-11-27,NEGATIVE,2021-11-28
M004,C0011622,2021-11-22,EXPOSED,2021-11-23,NO_RESPONSE,
M004,C0012609,2021-11-22,EXPOSED,2021-12-09,NO_RESPONSE,
M004,C0013830,2021-11-22,EXPOSED,2021-11-25,NO_RESPONSE,
M004,C0016110,2021-11-22,EXPOSED,2021-11-29,NO_RESPONSE,
M004,C0018734,2021-11-22,NOT_EXPOSED,,,
M004,C0019878,2021-11-22,EXPOSED,2021-11-26,NO_RESPONSE,
M004,C0000042,2021-11-23,EXPOSED,2021-12-02,NO_RESPONSE,
M004,C0001295,2021-11-23,NOT_EXPOSED,,,
M004,C0001969,2021-11-23,EXPOSED,2021-11-25,NO_RESPONSE,
M004,C0002264,2021-11-23,EXPOSED,2021-11-24,NO_RESPONSE,
M004,C0002492,2021-11-23,EXPOSED,2021-12-04,POSITIVE,2021-12-09
M004,C0003282,2021-11-23,EXPOSED,2021-11-28,NO_RESPONSE,
M004,C0004462,2021-11-23,EXPOSED,2021-11-26,NO_RESPONSE,
M004,C0006187,2021-11-23,EXPOSED,2021-11-27,NO_RESPONSE,
M004,C0010569,2021-11-23,EXPOSED,2021-11-25,NO_RESPONSE,
M004,C0013102,2021-11-23,EXPOSED,2021-12-10,NO_RESPONSE,
M004,C0013608,2021-11-23,EXPOSED,2021-12-01,NO_RESPONSE,
M004,C0013940,2021-11-23,EXPOSED,2021-12-05,NO_RESPONSE,
M004,C0016250,2021-11-23,EXPOSED,2021-11-26,NO_RESPONSE,
M004,C0016269,2021-11-23,EXPOSED,2021-11-28,NEUTRAL,2021-12-02
M004,C0017865,2021-11-23,EXPOSED,2021-12-08,NO_RESPONSE,
M004,C0018083,2021-11-23,EXPOSED,2021-12-11,NO_RESPONSE,
M004,C0019216,2021-11-23,EXPOSED,2021-11-27,NO_RESPONSE,
M004,C0001435,2021-11-24,NOT_EXPOSED,,,
M004,C0002310,2021-11-24,EXPOSED,2021-12-04,NO_RESPONSE,
M004,C0003172,2021-11-24,EXPOSED,2021-12-05,NO_RESPONSE,
M004,C0004647,2021-11-24,EXPOSED,2021-11-30,NO_RESPONSE,
M004,C0005745,2021-11-24,EXPOSED,2021-11-28,NO_RESPONSE,
M004,C0007019,2021-11-24,NOT_EXPOSED,,,
M004,C0008735,2021-11-24,EXPOSED,2021-11-25,NO_RESPONSE,
M004,C0010933,2021-11-24,EXPOSED,2021-11-29,NEUTRAL,2021-12-01
M004,C0012077,2021-11-24,EXPOSED,2021-12-07,POSITIVE,2021-12-12
M004,C0012567,2021-11-24,EXPOSED,2021-11-30,NO_RESPONSE,
M004,C0014625,2021-11-24,EXPOSED,2021-12-11,NO_RESPONSE,
M004,C0016292,2021-11-24,EXPOSED,2021-12-08,NEGATIVE,2021-12-14
M004,C0000643,2021-11-25,EXPOSED,2021-11-26,NO_RESPONSE,
M004,C0001822,2021-11-25,EXPOSED,2021-11-27,NO_RESPONSE,
M004,C0003663,2021-11-25,EXPOSED,2021-12-06,NO_RESPONSE,
M004,C0004466,2021-11-25,NOT_EXPOSED,,,
M004,C0004654,2021-11-25,EXPOSED,2021-12-02,NO_RESPONSE,
M004,C0006657,2021-11-25,NOT_EXPOSED,,,
M004,C0008366,2021-11-25,EXPOSED,2021-11-27,NO_RESPONSE,
M004,C0008728,2021-11-25,EXPOSED,2021-12-08,NO_RESPONSE,
M004,C0009164,2021-11-25,NOT_EXPOSED,,,
M004,C0010004,2021-11-25,EXPOSED,2021-11-29,NO_RESPONSE,
M004,C0010352,2021-11-25,EXPOSED,2021-12-04,NO_RESPONSE,
M004,C0012169,2021-11-25,EXPOSED,2021-12-09,NO_RESPONSE,
M004,C0012266,2021-11-25,EXPOSED,2021-11-25,NO_RESPONSE,
M004,C0015607,2021-11-25,NOT_EXPOSED,,,
M004,C0018078,2021-11-25,EXPOSED,2021-12-02,NO_RESPONSE,
M004,C0002684,2021-11-26,EXPOSED,2021-11-29,NO_RESPONSE,
M004,C0004170,2021-11-26,NOT_EXPOSED,,,
M004,C0004539,2021-11-26,EXPOSED,2021-12-06,NO_RESPONSE,
M004,C0004797,2021-11-26,EXPOSED,2021-11-27,NO_RESPONSE,
M004,C0009244,2021-11-26,EXPOSED,2021-11-30,NO_RESPONSE,
M004,C0009324,2021-11-26,NOT_EXPOSED,,,
M004,C0010689,2021-11-26,NOT_EXPOSED,,,
M004,C0011345,2021-11-26,EXPOSED,2021-12-01,NO_RESPONSE,
M004,C0012087,2021-11-26,EXPOSED,2021-12-06,NO_RESPONSE,
M004,C0012799,2021-11-26,EXPOSED,2021-12-04,NO_RESPONSE,
M004,C0014604,2021-11-26,NOT_EXPOSED,,,
M004,C0015521,2021-11-26,EXPOSED,2021-12-08,NO_RESPONSE,
M004,C0017565,2021-11-26,NOT_EXPOSED,,,
M004,C0018596,2021-11-26,EXPOSED,2021-12-02,POSITIVE,2021-12-05
M004,C0000296,2021-11-27,EXPOSED,2021-12-07,NO_RESPONSE,
M004,C0002675,2021-11-27,EXPOSED,2021-12-05,POSITIVE,2021-12-17
M004,C0003378,2021-11-27,EXPOSED,2021-12-02,NO_RESPONSE,
M004,C0006543,2021-11-27,EXPOSED,2021-12-08,POSITIVE,2021-12-11
M004,C0010473,2021-11-27,EXPOSED,2021-12-01,NO_RESPONSE,
M004,C0012817,2021-11-27,NOT_EXPOSED,,,
M004,C0013674,2021-11-27,EXPOSED,2021-12-02,NO_RESPONSE,
M004,C0014140,2021-11-27,NOT_EXPOSED,,,
M004,C0017845,2021-11-27,EXPOSED,2021-12-03,NO_RESPONSE,
M004,C0018166,2021-11-27,NOT_EXPOSED,,,
M004,C0018319,2021-11-27,EXPOSED,2021-12-08,NO_RESPONSE,
M004,C0004773,2021-11-28,EXPOSED,2021-12-02,POSITIVE,2021-12-15
M004,C0007284,2021-11-28,EXPOSED,2021-11-28,NO_RESPONSE,
M004,C0008876,2021-11-28,EXPOSED,2021-12-09,NO_RESPONSE,
M004,C0008914,2021-11-28,EXPOSED,2021-11-29,NO_RESPONSE,
M004,C0009629,2021-11-28,EXPOSED,2021-12-07,NO_RESPONSE,
M004,C0009632,2021-11-28,EXPOSED,2021-12-01,NO_RESPONSE,
M004,C0011706,2021-11-28,EXPOSED,2021-12-05,NO_RESPONSE,
M004,C0013626,2021-11-28,EXPOSED,2021-12-04,NO_RESPONSE,
M004,C0013684,2021-11-28,EXPOSED,2021-11-30,NO_RESPONSE,
M004,C0013815,2021-11-28,EXPOSED,2021-12-04,NO_RESPONSE,
M004,C0017904,2021-11-28,NOT_EXPOSED,,,
M004,C0000582,2021-11-29,NOT_EXPOSED,,,
M004,C0000638,2021-11-29,EXPOSED,2021-12-06,NO_RESPONSE,
M004,C0000740,2021-11-29,NOT_EXPOSED,,,
M004,C0001360,2021-11-29,EXPOSED,2021-12-02,POSITIVE,2021-12-08
M004,C0002748,2021-11-29,EXPOSED,2021-12-03,NO_RESPONSE,
M004,C0005021,2021-11-29,NOT_EXPOSED,,,
M004,C0006931,2021-11-29,NOT_EXPOSED,,,
M004,C0008573,2021-11-29,EXPOSED,2021-12-11,NO_RESPONSE,
M004,C0010836,2021-11-29,EXPOSED,2021-12-02,NO_RESPONSE,
M004,C0012008,2021-11-29,NOT_EXPOSED,,,
M004,C0012670,2021-11-29,EXPOSED,2021-12-04,NO_RESPONSE,
M004,C0013427,2021-11-29,EXPOSED,2021-12-03,NEGATIVE,2021-12-09
M004,C0016256,2021-11-29,EXPOSED,2021-12-06,NO_RESPONSE,
M004,C0018048,2021-11-29,EXPOSED,2021-12-05,NO_RESPONSE,
M004,C0002627,2021-11-30,EXPOSED,2021-12-11,NO_RESPONSE,
M004,C0002915,2021-11-30,EXPOSED,2021-12-08,NO_RESPONSE,
M004,C0004688,2021-11-30,EXPOSED,2021-12-08,NO_RESPONSE,
M004,C0006938,2021-11-30,EXPOSED,2021-12-02,NO_RESPONSE,
M004,C0007796,2021-11-30,NOT_EXPOSED,,,
M004,C0008355,2021-11-30,EXPOSED,2021-12-02,NO_RESPONSE,
M004,C0010411,2021-11-30,NOT_EXPOSED,,,
M004,C0011498,2021-11-30,EXPOSED,2021-12-13,NO_RESPONSE,
M004,C0011918,2021-11-30,EXPOSED,2021-12-08,NO_RESPONSE,
M004,C0012260,2021-11-30,NOT_EXPOSED,,,
M004,C0019260,2021-11-30,EXPOSED,2021-12-10,NO_RESPONSE,
M004,C0019262,2021-11-30,EXPOSED,2021-12-06,NO_RESPONSE,
M004,C0000223,2021-12-01,EXPOSED,2021-12-05,POSITIVE,2021-12-08
M004,C0006692,2021-12-01,EXPOSED,2021-12-07,NO_RESPONSE,
M004,C0009831,2021-12-01,EXPOSED,2021-12-06,NO_RESPONSE,
M004,C0012974,2021-12-01,EXPOSED,2021-12-05,NO_RESPONSE,
M004,C0014019,2021-12-01,EXPOSED,2021-12-07,NO_RESPONSE,
M004,C0016772,2021-12-01,EXPOSED,2021-12-04,NO_RESPONSE,
M004,C0016798,2021-12-01,EXPOSED,2021-12-02,NO_RESPONSE,
M004,C0017450,2021-12-01,NOT_EXPOSED,,,
M004,C0017657,2021-12-01,EXPOSED,2021-12-10,POSITIVE,2021-12-17
M004,C0000493,2021-12-02,EXPOSED,2021-12-06,NO_RESPONSE,
M004,C0000709,2021-12-02,EXPOSED,2021-12-09,NO_RESPONSE,
M004,C0005224,2021-12-02,EXPOSED,2021-12-06,NO_RESPONSE,
M004,C0008124,2021-12-02,EXPOSED,2021-12-06,NO_RESPONSE,
M004,C0012476,2021-12-02,EXPOSED,2021-12-04,NO_RESPONSE,
M004,C0014057,2021-12-02,EXPOSED,2021-12-03,NO_RESPONSE,
M004,C0015277,2021-12-02,NOT_EXPOSED,,,
M004,C0017721,2021-12-02,EXPOSED,2021-12-09,NO_RESPONSE,
M004,C0019131,2021-12-02,EXPOSED,2021-12-07,NO_RESPONSE,
M004,C0019729,2021-12-02,NOT_EXPOSED,,,
M004,C0003335,2021-12-03,NOT_EXPOSED,,,
M004,C0005960,2021-12-03,EXPOSED,2021-12-09,NO_RESPONSE,
M004,C0009246,2021-12-03,NOT_EXPOSED,,,
M004,C0010488,2021-12-03,EXPOSED,2021-12-06,POSITIVE,2021-12-08
M004,C0012613,2021-12-03,EXPOSED,2021-12-05,NO_RESPONSE,
M004,C0014808,2021-12-03,EXPOSED,2021-12-13,NO_RESPONSE,
M004,C0014857,2021-12-03,NOT_EXPOSED,,,
M004,C0015110,2021-12-03,EXPOSED,2021-12-04,NO_RESPONSE,
M004,C0017430,2021-12-03,EXPOSED,2021-12-12,NO_RESPONSE,
M004,C0019233,2021-12-03,EXPOSED,2021-12-05,NO_RESPONSE,
M004,C0019395,2021-12-03,EXPOSED,2021-12-04,NO_RESPONSE,
M004,C0004933,2021-12-04,EXPOSED,2021-12-10,NO_RESPONSE,
M004,C0011324,2021-12-04,EXPOSED,2021-12-08,NO_RESPONSE,
M004,C0001010,2021-12-05,EXPOSED,2021-12-05,NO_RESPONSE,
M004,C0010478,2021-12-05,EXPOSED,2021-12-13,NO_RESPONSE,
M004,C0011865,2021-12-05,NOT_EXPOSED,,,
M004,C0017189,2021-12-05,NOT_EXPOSED,,,
M004,C0000587,2021-12-06,EXPOSED,2021-12-12,NO_RESPONSE,
M004,C0004579,2021-12-06,EXPOSED,2021-12-08,NO_RESPONSE,
M004,C0005946,2021-12-06,EXPOSED,2021-12-09,NEUTRAL,2021-12-10
M004,C0006954,2021-12-06,EXPOSED,2021-12-07,NO_RESPONSE,
M004,C0008906,2021-12-06,NOT_EXPOSED,,,
M004,C0015378,2021-12-06,NOT_EXPOSED,,,
M004,C0017279,2021-12-06,EXPOSED,2021-12-13,NO_RESPONSE,
M004,C0000446,2021-12-07,EXPOSED,2021-12-15,NO_RESPONSE,
M004,C0000533,2021-12-07,EXPOSED,2021-12-08,NO_RESPONSE,
M004,C0002016,2021-12-07,EXPOSED,2021-12-09,NO_RESPONSE,
M004,C0002838,2021-12-07,EXPOSED,2021-12-10,NO_RESPONSE,
M004,C0004914,2021-12-07,NOT_EXPOSED,,,
M004,C0005272,2021-12-07,NOT_EXPOSED,,,
M004,C0008358,2021-12-07,NOT_EXPOSED,,,
M004,C0013341,2021-12-07,EXPOSED,2021-12-09,NEUTRAL,2021-12-25
M004,C0015364,2021-12-07,EXPOSED,2021-12-08,NO_RESPONSE,
M004,C0002377,2021-12-08,EXPOSED,2021-12-12,NO_RESPONSE,
M004,C0005186,2021-12-08,EXPOSED,2021-12-12,NO_RESPONSE,
M004,C0005572,2021-12-08,EXPOSED,2021-12-14,NO_RESPONSE,
M004,C0006443,2021-12-08,EXPOSED,2021-12-13,NO_RESPONSE,
M004,C0014779,2021-12-09,NOT_EXPOSED,,,
M004,C0007152,2021-12-10,EXPOSED,2021-12-11,NO_RESPONSE,
M004,C0009040,2021-12-10,EXPOSED,2021-12-10,NO_RESPONSE,
M004,C0019197,2021-12-10,EXPOSED,2021-12-15,NEUTRAL,2021-12-25
M004,C0015002,2021-12-11,EXPOSED,2021-12-13,NO_RESPONSE,
M004,C0017110,2021-12-11,EXPOSED,2021-12-12,NEGATIVE,2021-12-16
M004,C0000856,2021-12-12,EXPOSED,2021-12-13,NO_RESPONSE,
M004,C0013870,2021-12-12,EXPOSED,2021-12-13,NO_RESPONSE,
M005,C0002103,2022-02-01,EXPOSED,2022-03-11,POSITIVE,2022-03-13
M005,C0005191,2022-02-01,EXPOSED,2022-02-13,NO_RESPONSE,
M005,C0011364,2022-02-01,NOT_EXPOSED,,,
M005,C0013092,2022-02-01,EXPOSED,2022-03-03,NO_RESPONSE,
M005,C0015083,2022-02-01,EXPOSED,2022-04-06,POSITIVE,2022-04-08
M005,C0017999,2022-02-01,EXPOSED,2022-02-13,NO_RESPONSE,
M005,C0005008,2022-02-02,EXPOSED,2022-02-23,NO_RESPONSE,
M005,C0005309,2022-02-02,NOT_EXPOSED,,,
M005,C0007274,2022-02-02,EXPOSED,2022-02-17,NO_RESPONSE,
M005,C0012602,2022-02-02,EXPOSED,2022-04-09,NO_RESPONSE,
M005,C0015618,2022-02-02,NOT_EXPOSED,,,
M005,C0016816,2022-02-02,EXPOSED,2022-02-20,NEGATIVE,2022-02-25
M005,C0019188,2022-02-02,EXPOSED,2022-02-25,NO_RESPONSE,
M005,C0000211,2022-02-03,EXPOSED,2022-02-08,NO_RESPONSE,
M005,C0000228,2022-02-03,EXPOSED,2022-02-12,POSITIVE,2022-02-16
M005,C0001504,2022-02-03,EXPOSED,2022-02-07,NO_RESPONSE,
M005,C0002097,2022-02-03,EXPOSED,2022-03-02,POSITIVE,2022-03-10
M005,C0004191,2022-02-03,EXPOSED,2022-02-12,NO_RESPONSE,
M005,C0006140,2022-02-03,EXPOSED,2022-02-15,NEUTRAL,2022-02-22
M005,C0007346,2022-02-03,EXPOSED,2022-03-01,NO_RESPONSE,
M005,C0009544,2022-02-03,EXPOSED,2022-03-20,NEUTRAL,2022-03-23
M005,C0012043,2022-02-03,EXPOSED,2022-02-18,NO_RESPONSE,
M005,C0014352,2022-02-03,NOT_EXPOSED,,,
M005,C0017542,2022-02-03,EXPOSED,2022-02-19,NO_RESPONSE,
M005,C0017602,2022-02-03,NOT_EXPOSED,,,
M005,C0001105,2022-02-04,EXPOSED,2022-03-05,NEUTRAL,2022-03-08
M005,C0001133,2022-02-04,EXPOSED,2022-03-13,POSITIVE,2022-03-19
M005,C0001897,2022-02-04,EXPOSED,2022-02-21,POSITIVE,2022-02-24
M005,C0001937,2022-02-04,EXPOSED,2022-03-25,POSITIVE,2022-03-31
M005,C0002050,2022-02-04,EXPOSED,2022-02-25,NO_RESPONSE,
M005,C0003025,2022-02-04,EXPOSED,2022-03-25,NO_RESPONSE,
M005,C0005082,2022-02-04,EXPOSED,2022-03-29,NO_RESPONSE,
M005,C0005388,2022-02-04,EXPOSED,2022-02-24,NO_RESPONSE,
M005,C0007616,2022-02-04,EXPOSED,2022-03-05,NO_RESPONSE,
M005,C0008733,2022-02-04,EXPOSED,2022-02-19,POSITIVE,2022-02-20
M005,C0010642,2022-02-04,EXPOSED,2022-02-28,NO_RESPONSE,
M005,C0012375,2022-02-04,EXPOSED,2022-03-12,NO_RESPONSE,
M005,C0013956,2022-02-04,EXPOSED,2022-03-14,NO_RESPONSE,
M005,C0014005,2022-02-04,EXPOSED,2022-03-16,NO_RESPONSE,
M005,C0014395,2022-02-04,EXPOSED,2022-04-02,POSITIVE,2022-04-09
M005,C0014505,2022-02-04,EXPOSED,2022-02-21,NO_RESPONSE,
M005,C0014719,2022-02-04,EXPOSED,2022-03-04,NO_RESPONSE,
M005,C0015162,2022-02-04,EXPOSED,2022-02-07,NO_RESPONSE,
M005,C0015971,2022-02-04,EXPOSED,2022-02-18,NO_RESPONSE,
M005,C0016220,2022-02-04,EXPOSED,2022-03-01,NO_RESPONSE,
M005,C0018015,2022-02-04,EXPOSED,2022-02-21,POSITIVE,2022-02-25
M005,C0018462,2022-02-04,EXPOSED,2022-02-28,NO_RESPONSE,
M005,C0019225,2022-02-04,EXPOSED,2022-03-19,NO_RESPONSE,
M005,C0019642,2022-02-04,EXPOSED,2022-03-06,NO_RESPONSE,
M005,C0000995,2022-02-05,EXPOSED,2022-02-12,NO_RESPONSE,
M005,C0002037,2022-02-05,EXPOSED,2022-03-05,NO_RESPONSE,
M005,C0002648,2022-02-05,NOT_EXPOSED,,,
M005,C0006333,2022-02-05,EXPOSED,2022-03-25,NO_RESPONSE,
M005,C0007813,2022-02-05,EXPOSED,2022-02-21,POSITIVE,2022-02-24
M005,C0008294,2022-02-05,EXPOSED,2022-03-06,NO_RESPONSE,
M005,C0009218,2022-02-05,EXPOSED,2022-02-19,NO_RESPONSE,
M005,C0011774,2022-02-05,EXPOSED,2022-03-07,NO_RESPONSE,
M005,C0012667,2022-02-05,EXPOSED,2022-02-20,NO_RESPONSE,
M005,C0015647,2022-02-05,EXPOSED,2022-02-14,NO_RESPONSE,
M005,C0016147,2022-02-05,NOT_EXPOSED,,,
M005,C0018026,2022-02-05,EXPOSED,2022-03-06,NO_RESPONSE,
M005,C0018290,2022-02-05,EXPOSED,2022-03-12,NO_RESPONSE,
M005,C0018442,2022-02-05,NOT_EXPOSED,,,
M005,C0018603,2022-02-05,EXPOSED,2022-03-10,NO_RESPONSE,
M005,C0019748,2022-02-05,EXPOSED,2022-02-19,NO_RESPONSE,
M005,C0000267,2022-02-06,EXPOSED,2022-02-11,POSITIVE,2022-02-14
M005,C0000424,2022-02-06,EXPOSED,2022-02-10,POSITIVE,2022-02-14
M005,C0000532,2022-02-06,EXPOSED,2022-02-15,NO_RESPONSE,
M005,C0001384,2022-02-06,EXPOSED,2022-02-12,NO_RESPONSE,
M005,C0002122,2022-02-06,EXPOSED,2022-03-04,POSITIVE,2022-03-06
M005,C0002302,2022-02-06,EXPOSED,2022-02-13,NO_RESPONSE,
M005,C0002882,2022-02-06,EXPOSED,2022-02-24,NO_RESPONSE,
M005,C0004875,2022-02-06,NOT_EXPOSED,,,
M005,C0005259,2022-02-06,EXPOSED,2022-02-21,POSITIVE,2022-03-04
M005,C0006975,2022-02-06,EXPOSED,2022-03-03,NO_RESPONSE,
M005,C0008630,2022-02-06,EXPOSED,2022-02-14,NEUTRAL,2022-02-19
M005,C0008666,2022-02-06,EXPOSED,2022-03-10,NO_RESPONSE,
M005,C0008959,2022-02-06,EXPOSED,2022-03-22,NO_RESPONSE,
M005,C0010122,2022-02-06,EXPOSED,2022-02-12,NO_RESPONSE,
M005,C0013588,2022-02-06,EXPOSED,2022-02-12,NEUTRAL,2022-02-14
M005,C0014066,2022-02-06,EXPOSED,2022-02-19,NO_RESPONSE,
M005,C0015013,2022-02-06,EXPOSED,2022-03-25,NO_RESPONSE,
M005,C0015702,2022-02-06,EXPOSED,2022-03-12,NO_RESPONSE,
M005,C0016083,2022-02-06,EXPOSED,2022-03-03,POSITIVE,2022-03-04
M005,C0017047,2022-02-06,EXPOSED,2022-02-08,NO_RESPONSE,
M005,C0017431,2022-02-06,EXPOSED,2022-03-24,NO_RESPONSE,
M005,C0017441,2022-02-06,EXPOSED,2022-03-15,NO_RESPONSE,
M005,C0018391,2022-02-06,NOT_EXPOSED,,,
M005,C0002605,2022-02-07,NOT_EXPOSED,,,
M005,C0005334,2022-02-07,EXPOSED,2022-03-03,NO_RESPONSE,
M005,C0005710,2022-02-07,EXPOSED,2022-03-06,NO_RESPONSE,
M005,C0005916,2022-02-07,EXPOSED,2022-03-23,NO_RESPONSE,
M005,C0007532,2022-02-07,EXPOSED,2022-03-14,NO_RESPONSE,
M005,C0007679,2022-02-07,NOT_EXPOSED,,,
M005,C0008384,2022-02-07,NOT_EXPOSED,,,
M005,C0008579,2022-02-07,NOT_EXPOSED,,,
M005,C0010850,2022-02-07,EXPOSED,2022-03-27,NO_RESPONSE,
M005,C0011089,2022-02-07,EXPOSED,2022-02-22,NO_RESPONSE,
M005,C0015575,2022-02-07,EXPOSED,2022-03-04,NO_RESPONSE,
M005,C0016301,2022-02-07,NOT_EXPOSED,,,
M005,C0016842,2022-02-07,EXPOSED,2022-03-02,NEGATIVE,2022-03-12
M005,C0018512,2022-02-07,EXPOSED,2022-02-28,NO_RESPONSE,
M005,C0018559,2022-02-07,EXPOSED,2022-03-17,NO_RESPONSE,
M005,C0018804,2022-02-07,EXPOSED,2022-03-31,NO_RESPONSE,
M005,C0019040,2022-02-07,NOT_EXPOSED,,,
M005,C0002994,2022-02-08,EXPOSED,2022-04-05,NO_RESPONSE,
M005,C0003309,2022-02-08,EXPOSED,2022-03-08,NO_RESPONSE,
M005,C0004695,2022-02-08,EXPOSED,2022-02-19,POSITIVE,2022-02-23
M005,C0004823,2022-02-08,EXPOSED,2022-03-12,POSITIVE,2022-03-16
M005,C0005499,2022-02-08,EXPOSED,2022-02-12,NO_RESPONSE,
M005,C0007805,2022-02-08,EXPOSED,2022-02-28,NO_RESPONSE,
M005,C0008053,2022-02-08,EXPOSED,2022-03-04,NEUTRAL,2022-03-10
M005,C0008190,2022-02-08,EXPOSED,2022-02-23,NO_RESPONSE,
M005,C0010533,2022-02-08,EXPOSED,2022-03-03,NO_RESPONSE,
M005,C0012939,2022-02-08,EXPOSED,2022-03-05,NO_RESPONSE,
M005,C0015843,2022-02-08,NOT_EXPOSED,,,
M005,C0015866,2022-02-08,EXPOSED,2022-02-16,NO_RESPONSE,
M005,C0015911,2022-02-08,EXPOSED,2022-03-11,NO_RESPONSE,
M005,C0016289,2022-02-08,EXPOSED,2022-02-27,NO_RESPONSE,
M005,C0016309,2022-02-08,EXPOSED,2022-03-10,NO_RESPONSE,
M005,C0016988,2022-02-08,EXPOSED,2022-04-08,NO_RESPONSE,
M005,C0019893,2022-02-08,EXPOSED,2022-02-13,NO_RESPONSE,
M005,C0001234,2022-02-09,NOT_EXPOSED,,,
M005,C0004336,2022-02-09,EXPOSED,2022-03-10,NO_RESPONSE,
M005,C0004685,2022-02-09,EXPOSED,2022-03-29,NO_RESPONSE,
M005,C0006027,2022-02-09,EXPOSED,2022-03-07,NO_RESPONSE,
M005,C0006852,2022-02-09,EXPOSED,2022-03-06,NO_RESPONSE,
M005,C0007225,2022-02-09,EXPOSED,2022-03-18,NO_RESPONSE,
M005,C0008992,2022-02-09,EXPOSED,2022-03-07,NO_RESPONSE,
M005,C0009252,2022-02-09,EXPOSED,2022-04-04,POSITIVE,2022-04-07
M005,C0009750,2022-02-09,EXPOSED,2022-03-22,NO_RESPONSE,
M005,C0010231,2022-02-09,EXPOSED,2022-03-10,NEGATIVE,2022-03-18
M005,C0012621,2022-02-09,EXPOSED,2022-02-15,NO_RESPONSE,
M005,C0013115,2022-02-09,EXPOSED,2022-02-24,NO_RESPONSE,
M005,C0013466,2022-02-09,EXPOSED,2022-03-29,NO_RESPONSE,
M005,C0013903,2022-02-09,EXPOSED,2022-03-16,NO_RESPONSE,
M005,C0014009,2022-02-09,EXPOSED,2022-03-07,NO_RESPONSE,
M005,C0014935,2022-02-09,EXPOSED,2022-02-22,POSITIVE,2022-02-28
M005,C0016169,2022-02-09,EXPOSED,2022-03-31,NO_RESPONSE,
M005,C0017651,2022-02-09,EXPOSED,2022-03-28,POSITIVE,2022-04-01
M005,C0018913,2022-02-09,EXPOSED,2022-03-27,NO_RESPONSE,
M005,C0000529,2022-02-10,NOT_EXPOSED,,,
M005,C0001330,2022-02-10,EXPOSED,2022-03-17,NO_RESPONSE,
M005,C0001456,2022-02-10,NOT_EXPOSED,,,
M005,C0002799,2022-02-10,EXPOSED,2022-03-16,NO_RESPONSE,
M005,C0003498,2022-02-10,EXPOSED,2022-03-26,NO_RESPONSE,
M005,C0004283,2022-02-10,EXPOSED,2022-03-01,NO_RESPONSE,
M005,C0004631,2022-02-10,EXPOSED,2022-02-24,NO_RESPONSE,
M005,C0010424,2022-02-10,EXPOSED,2022-03-15,POSITIVE,2022-03-15
M005,C0012956,2022-02-10,EXPOSED,2022-03-14,NO_RESPONSE,
M005,C0014889,2022-02-10,EXPOSED,2022-03-20,NO_RESPONSE,
M005,C0015211,2022-02-10,EXPOSED,2022-03-21,NO_RESPONSE,
M005,C0015717,2022-02-10,EXPOSED,2022-03-03,NEGATIVE,2022-03-09
M005,C0016425,2022-02-10,EXPOSED,2022-03-17,POSITIVE,2022-03-22
M005,C0016892,2022-02-10,EXPOSED,2022-03-15,NO_RESPONSE,
M005,C0017974,2022-02-10,EXPOSED,2022-02-23,NO_RESPONSE,
M005,C0018238,2022-02-10,NOT_EXPOSED,,,
M005,C0000437,2022-02-11,NOT_EXPOSED,,,
M005,C0001492,2022-02-11,EXPOSED,2022-03-07,NO_RESPONSE,
M005,C0001617,2022-02-11,EXPOSED,2022-03-16,NO_RESPONSE,
M005,C0002051,2022-02-11,EXPOSED,2022-02-20,POSITIVE,2022-03-03
M005,C0002172,2022-02-11,EXPOSED,2022-03-26,NEUTRAL,2022-04-02
M005,C0002672,2022-02-11,EXPOSED,2022-03-19,NO_RESPONSE,
M005,C0003715,2022-02-11,EXPOSED,2022-03-02,NO_RESPONSE,
M005,C0003915,2022-02-11,EXPOSED,2022-03-29,NO_RESPONSE,
M005,C0004528,2022-02-11,EXPOSED,2022-02-26,NO_RESPONSE,
M005,C0004947,2022-02-11,EXPOSED,2022-03-09,NO_RESPONSE,
M005,C0005367,2022-02-11,EXPOSED,2022-02-22,NO_RESPONSE,
M005,C0006003,2022-02-11,EXPOSED,2022-02-13,NO_RESPONSE,
M005,C0006617,2022-02-11,EXPOSED,2022-02-24,NO_RESPONSE,
M005,C0006842,2022-02-11,EXPOSED,2022-02-27,NO_RESPONSE,
M005,C0007317,2022-02-11,EXPOSED,2022-03-21,NO_RESPONSE,
M005,C0007690,2022-02-11,EXPOSED,2022-03-15,NO_RESPONSE,
M005,C0009956,2022-02-11,EXPOSED,2022-03-06,NO_RESPONSE,
M005,C0010540,2022-02-11,EXPOSED,2022-03-22,NO_RESPONSE,
M005,C0011255,2022-02-11,EXPOSED,2022-03-04,NO_RESPONSE,
M005,C0011500,2022-02-11,EXPOSED,2022-03-27,NO_RESPONSE,
M005,C0011778,2022-02-11,EXPOSED,2022-02-28,NO_RESPONSE,
M005,C0012842,2022-02-11,EXPOSED,2022-02-21,POSITIVE,2022-03-04
M005,C0016437,2022-02-11,EXPOSED,2022-03-21,NO_RESPONSE,
M005,C0018541,2022-02-11,EXPOSED,2022-03-08,POSITIVE,2022-03-09
M005,C0018610,2022-02-11,EXPOSED,2022-02-17,NO_RESPONSE,
M005,C0018978,2022-02-11,EXPOSED,2022-03-13,NO_RESPONSE,
M005,C0018997,2022-02-11,EXPOSED,2022-03-06,NO_RESPONSE,
M005,C0019911,2022-02-11,EXPOSED,2022-02-15,NO_RESPONSE,
M005,C0000147,2022-02-12,EXPOSED,2022-03-24,NEUTRAL,2022-04-01
M005,C0000302,2022-02-12,EXPOSED,2022-02-24,POSITIVE,2022-03-01
M005,C0001648,2022-02-12,EXPOSED,2022-03-20,POSITIVE,2022-03-23
M005,C0003280,2022-02-12,EXPOSED,2022-03-04,POSITIVE,2022-03-06
M005,C0003507,2022-02-12,EXPOSED,2022-04-02,POSITIVE,2022-04-13
M005,C0003954,2022-02-12,EXPOSED,2022-03-07,NO_RESPONSE,
M005,C0004047,2022-02-12,NOT_EXPOSED,,,
M005,C0004337,2022-02-12,EXPOSED,2022-02-23,NO_RESPONSE,
M005,C0004957,2022-02-12,EXPOSED,2022-02-19,NO_RESPONSE,
M005,C0007464,2022-02-12,EXPOSED,2022-03-22,NO_RESPONSE,
M005,C0008021,2022-02-12,EXPOSED,2022-03-05,NO_RESPONSE,
M005,C0009192,2022-02-12,EXPOSED,2022-03-31,NO_RESPONSE,
M005,C0009501,2022-02-12,EXPOSED,2022-02-18,POSITIVE,2022-02-19
M005,C0010443,2022-02-12,EXPOSED,2022-02-23,NO_RESPONSE,
M005,C0010584,2022-02-12,EXPOSED,2022-02-24,POSITIVE,2022-03-01
M005,C0011203,2022-02-12,EXPOSED,2022-02-17,NO_RESPONSE,
M005,C0012301,2022-02-12,EXPOSED,2022-03-13,NO_RESPONSE,
M005,C0013604,2022-02-12,EXPOSED,2022-03-07,NO_RESPONSE,
M005,C0014201,2022-02-12,EXPOSED,2022-03-07,NEUTRAL,2022-03-14
M005,C0014973,2022-02-12,EXPOSED,2022-04-10,NO_RESPONSE,
M005,C0015231,2022-02-12,EXPOSED,2022-02-28,NO_RESPONSE,
M005,C0015436,2022-02-12,EXPOSED,2022-03-04,NO_RESPONSE,
M005,C0015616,2022-02-12,EXPOSED,2022-02-22,NO_RESPONSE,
M005,C0015674,2022-02-12,EXPOSED,2022-04-09,NEUTRAL,2022-04-10
M005,C0016027,2022-02-12,EXPOSED,2022-03-07,NO_RESPONSE,
M005,C0016253,2022-02-12,EXPOSED,2022-02-19,NO_RESPONSE,
M005,C0000966,2022-02-13,EXPOSED,2022-03-25,NO_RESPONSE,
M005,C0001469,2022-02-13,EXPOSED,2022-02-18,POSITIVE,2022-02-22
M005,C0001757,2022-02-13,EXPOSED,2022-03-21,NO_RESPONSE,
M005,C0002874,2022-02-13,EXPOSED,2022-03-31,POSITIVE,2022-04-01
M005,C0003129,2022-02-13,EXPOSED,2022-03-14,NO_RESPONSE,
M005,C0003583,2022-02-13,EXPOSED,2022-02-27,NO_RESPONSE,
M005,C0004314,2022-02-13,EXPOSED,2022-02-17,NO_RESPONSE,
M005,C0005329,2022-02-13,NOT_EXPOSED,,,
M005,C0006958,2022-02-13,EXPOSED,2022-03-19,POSITIVE,2022-03-23
M005,C0007402,2022-02-13,EXPOSED,2022-03-18,NO_RESPONSE,
M005,C0007444,2022-02-13,EXPOSED,2022-02-24,NO_RESPONSE,
M005,C0007646,2022-02-13,EXPOSED,2022-02-16,NO_RESPONSE,
M005,C0007654,2022-02-13,NOT_EXPOSED,,,
M005,C0008299,2022-02-13,EXPOSED,2022-02-26,NO_RESPONSE,
M005,C0008984,2022-02-13,EXPOSED,2022-03-03,NO_RESPONSE,
M005,C0009489,2022-02-13,EXPOSED,2022-03-14,NO_RESPONSE,
M005,C0010986,2022-02-13,EXPOSED,2022-03-03,NO_RESPONSE,
M005,C0011972,2022-02-13,EXPOSED,2022-02-16,NO_RESPONSE,
M005,C0012798,2022-02-13,EXPOSED,2022-03-16,NO_RESPONSE,
M005,C0013267,2022-02-13,EXPOSED,2022-03-06,NEUTRAL,2022-03-07
M005,C0016317,2022-02-13,EXPOSED,2022-03-31,NO_RESPONSE,
M005,C0017337,2022-02-13,EXPOSED,2022-02-20,NEGATIVE,2022-02-25
M005,C0018276,2022-02-13,EXPOSED,2022-02-18,NO_RESPONSE,
M005,C0000365,2022-02-14,EXPOSED,2022-02-24,NO_RESPONSE,
M005,C0000563,2022-02-14,EXPOSED,2022-04-02,NO_RESPONSE,
M005,C0000996,2022-02-14,EXPOSED,2022-02-23,NO_RESPONSE,
M005,C0003137,2022-02-14,EXPOSED,2022-03-12,POSITIVE,2022-03-16
M005,C0005087,2022-02-14,EXPOSED,2022-03-16,NO_RESPONSE,
M005,C0006168,2022-02-14,EXPOSED,2022-02-27,NO_RESPONSE,
M005,C0007471,2022-02-14,NOT_EXPOSED,,,
M005,C0007948,2022-02-14,EXPOSED,2022-03-02,NO_RESPONSE,
M005,C0009335,2022-02-14,EXPOSED,2022-03-08,NO_RESPONSE,
M005,C0011272,2022-02-14,NOT_EXPOSED,,,
M005,C0011956,2022-02-14,EXPOSED,2022-04-06,NO_RESPONSE,
M005,C0012591,2022-02-14,EXPOSED,2022-02-26,NO_RESPONSE,
M005,C0012756,2022-02-14,EXPOSED,2022-03-16,NO_RESPONSE,
M005,C0013072,2022-02-14,EXPOSED,2022-04-04,NO_RESPONSE,
M005,C0013187,2022-02-14,EXPOSED,2022-04-04,NO_RESPONSE,
M005,C0013271,2022-02-14,EXPOSED,2022-03-17,POSITIVE,2022-03-19
M005,C0013471,2022-02-14,EXPOSED,2022-02-20,NO_RESPONSE,
M005,C0017132,2022-02-14,EXPOSED,2022-03-24,NO_RESPONSE,
M005,C0017900,2022-02-14,NOT_EXPOSED,,,
M005,C0000477,2022-02-15,NOT_EXPOSED,,,
M005,C0000523,2022-02-15,NOT_EXPOSED,,,
M005,C0001248,2022-02-15,EXPOSED,2022-03-18,NO_RESPONSE,
M005,C0001429,2022-02-15,EXPOSED,2022-02-21,NEGATIVE,2022-03-03
M005,C0001513,2022-02-15,EXPOSED,2022-03-09,NO_RESPONSE,
M005,C0002952,2022-02-15,EXPOSED,2022-03-10,NO_RESPONSE,
M005,C0003883,2022-02-15,EXPOSED,2022-02-28,NO_RESPONSE,
M005,C0004989,2022-02-15,EXPOSED,2022-03-02,NO_RESPONSE,
M005,C0005714,2022-02-15,EXPOSED,2022-02-19,POSITIVE,2022-02-19
M005,C0006280,2022-02-15,EXPOSED,2022-02-25,NO_RESPONSE,
M005,C0007668,2022-02-15,EXPOSED,2022-02-26,NO_RESPONSE,
M005,C0009207,2022-02-15,EXPOSED,2022-03-10,POSITIVE,2022-03-15
M005,C0011243,2022-02-15,EXPOSED,2022-02-21,NO_RESPONSE,
M005,C0011593,2022-02-15,EXPOSED,2022-03-07,NO_RESPONSE,
M005,C0012784,2022-02-15,EXPOSED,2022-03-23,NO_RESPONSE,
M005,C0012925,2022-02-15,EXPOSED,2022-03-21,NO_RESPONSE,
M005,C0016228,2022-02-15,EXPOSED,2022-03-01,POSITIVE,2022-03-06
M005,C0016644,2022-02-15,EXPOSED,2022-03-22,NO_RESPONSE,
M005,C0016942,2022-02-15,EXPOSED,2022-02-16,NO_RESPONSE,
M005,C0018125,2022-02-15,EXPOSED,2022-03-16,NO_RESPONSE,
M005,C0018305,2022-02-15,EXPOSED,2022-03-14,POSITIVE,2022-03-18
M005,C0018797,2022-02-15,EXPOSED,2022-03-16,NO_RESPONSE,
M005,C0019087,2022-02-15,NOT_EXPOSED,,,
M005,C0000150,2022-02-16,EXPOSED,2022-03-20,NO_RESPONSE,
M005,C0000233,2022-02-16,EXPOSED,2022-02-23,NO_RESPONSE,
M005,C0000334,2022-02-16,NOT_EXPOSED,,,
M005,C0002081,2022-02-16,EXPOSED,2022-03-01,NO_RESPONSE,
M005,C0002631,2022-02-16,EXPOSED,2022-02-24,NO_RESPONSE,
M005,C0002974,2022-02-16,EXPOSED,2022-02-22,NO_RESPONSE,
M005,C0006253,2022-02-16,EXPOSED,2022-02-21,NO_RESPONSE,
M005,C0006539,2022-02-16,EXPOSED,2022-04-06,NO_RESPONSE,
M005,C0007153,2022-02-16,NOT_EXPOSED,,,
M005,C0008895,2022-02-16,EXPOSED,2022-03-03,NEGATIVE,2022-03-11
M005,C0010072,2022-02-16,EXPOSED,2022-03-15,NO_RESPONSE,
M005,C0013547,2022-02-16,EXPOSED,2022-03-15,NO_RESPONSE,
M005,C0015205,2022-02-16,EXPOSED,2022-03-10,NO_RESPONSE,
M005,C0016470,2022-02-16,EXPOSED,2022-02-21,POSITIVE,2022-02-23
M005,C0018968,2022-02-16,EXPOSED,2022-03-13,NEUTRAL,2022-03-15
M005,C0019147,2022-02-16,EXPOSED,2022-02-24,NO_RESPONSE,
M005,C0000105,2022-02-17,EXPOSED,2022-03-21,NO_RESPONSE,
M005,C0000275,2022-02-17,EXPOSED,2022-03-07,NO_RESPONSE,
M005,C0000862,2022-02-17,EXPOSED,2022-03-22,NO_RESPONSE,
M005,C0000987,2022-02-17,EXPOSED,2022-02-25,POSITIVE,2022-02-28
M005,C0001088,2022-02-17,EXPOSED,2022-02-28,NO_RESPONSE,
M005,C0001959,2022-02-17,EXPOSED,2022-02-21,NO_RESPONSE,
M005,C0003488,2022-02-17,EXPOSED,2022-03-01,POSITIVE,2022-03-03
M005,C0004269,2022-02-17,EXPOSED,2022-02-20,NO_RESPONSE,
M005,C0004420,2022-02-17,NOT_EXPOSED,,,
M005,C0005980,2022-02-17,EXPOSED,2022-03-15,NO_RESPONSE,
M005,C0006313,2022-02-17,EXPOSED,2022-03-15,POSITIVE,2022-03-16
M005,C0007178,2022-02-17,EXPOSED,2022-03-01,POSITIVE,2022-03-03
M005,C0007664,2022-02-17,EXPOSED,2022-02-25,NO_RESPONSE,
M005,C0007749,2022-02-17,NOT_EXPOSED,,,
M005,C0008514,2022-02-17,EXPOSED,2022-03-02,NO_RESPONSE,
M005,C0009524,2022-02-17,EXPOSED,2022-03-15,NO_RESPONSE,
M005,C0010615,2022-02-17,EXPOSED,2022-04-09,NO_RESPONSE,
M005,C0010949,2022-02-17,EXPOSED,2022-02-24,POSITIVE,2022-02-27
M005,C0011056,2022-02-17,EXPOSED,2022-03-12,NO_RESPONSE,
M005,C0014029,2022-02-17,EXPOSED,2022-03-13,NO_RESPONSE,
M005,C0016277,2022-02-17,NOT_EXPOSED,,,
M005,C0016858,2022-02-17,EXPOSED,2022-03-03,NO_RESPONSE,
M005,C0017297,2022-02-17,EXPOSED,2022-03-10,NO_RESPONSE,
M005,C0017401,2022-02-17,EXPOSED,2022-03-22,NO_RESPONSE,
M005,C0019623,2022-02-17,EXPOSED,2022-03-13,NO_RESPONSE,
M005,C0000079,2022-02-18,EXPOSED,2022-02-22,NO_RESPONSE,
M005,C0000380,2022-02-18,EXPOSED,2022-02-28,NO_RESPONSE,
M005,C0000630,2022-02-18,EXPOSED,2022-03-19,NO_RESPONSE,
M005,C0001220,2022-02-18,EXPOSED,2022-03-21,NEUTRAL,2022-03-23
M005,C0002716,2022-02-18,NOT_EXPOSED,,,
M005,C0002745,2022-02-18,EXPOSED,2022-02-23,NEUTRAL,2022-02-25
M005,C0002840,2022-02-18,NOT_EXPOSED,,,
M005,C0003439,2022-02-18,EXPOSED,2022-03-21,NO_RESPONSE,
M005,C0003449,2022-02-18,EXPOSED,2022-03-09,NO_RESPONSE,
M005,C0003705,2022-02-18,EXPOSED,2022-04-03,POSITIVE,2022-04-10
M005,C0003790,2022-02-18,EXPOSED,2022-03-30,POSITIVE,2022-04-06
M005,C0004063,2022-02-18,EXPOSED,2022-03-05,NEUTRAL,2022-03-06
M005,C0004291,2022-02-18,EXPOSED,2022-03-05,POSITIVE,2022-03-08
M005,C0005151,2022-02-18,EXPOSED,2022-03-10,NO_RESPONSE,
M005,C0006542,2022-02-18,EXPOSED,2022-03-14,NO_RESPONSE,
M005,C0007912,2022-02-18,NOT_EXPOSED,,,
M005,C0008815,2022-02-18,EXPOSED,2022-03-16,NO_RESPONSE,
M005,C0011833,2022-02-18,EXPOSED,2022-03-16,NO_RESPONSE,
M005,C0011940,2022-02-18,EXPOSED,2022-02-28,NO_RESPONSE,
M005,C0012049,2022-02-18,EXPOSED,2022-04-03,NO_RESPONSE,
M005,C0012142,2022-02-18,EXPOSED,2022-04-07,NO_RESPONSE,
M005,C0013158,2022-02-18,EXPOSED,2022-03-26,NO_RESPONSE,
M005,C0015349,2022-02-18,EXPOSED,2022-02-28,NO_RESPONSE,
M005,C0016632,2022-02-18,EXPOSED,2022-03-28,NEUTRAL,2022-03-28
M005,C0016701,2022-02-18,EXPOSED,2022-03-15,NO_RESPONSE,
M005,C0016747,2022-02-18,EXPOSED,2022-02-26,POSITIVE,2022-03-03
M005,C0017140,2022-02-18,EXPOSED,2022-03-15,NO_RESPONSE,
M005,C0017866,2022-02-18,EXPOSED,2022-03-12,NO_RESPONSE,
M005,C0018609,2022-02-18,EXPOSED,2022-03-15,NO_RESPONSE,
M005,C0018650,2022-02-18,NOT_EXPOSED,,,
M005,C0019429,2022-02-18,EXPOSED,2022-03-01,NO_RESPONSE,
M005,C0000290,2022-02-19,EXPOSED,2022-03-19,NO_RESPONSE,
M005,C0001693,2022-02-19,EXPOSED,2022-03-09,NO_RESPONSE,
M005,C0003576,2022-02-19,EXPOSED,2022-03-03,NO_RESPONSE,
M005,C0004893,2022-02-19,EXPOSED,2022-03-07,NO_RESPONSE,
M005,C0005904,2022-02-19,EXPOSED,2022-03-08,NO_RESPONSE,
M005,C0006644,2022-02-19,EXPOSED,2022-03-07,NO_RESPONSE,
M005,C0007204,2022-02-19,EXPOSED,2022-02-19,NO_RESPONSE,
M005,C0008619,2022-02-19,EXPOSED,2022-03-28,NO_RESPONSE,
M005,C0009505,2022-02-19,EXPOSED,2022-03-01,NEGATIVE,2022-03-05
M005,C0011183,2022-02-19,EXPOSED,2022-03-11,NO_RESPONSE,
M005,C0014588,2022-02-19,EXPOSED,2022-03-09,POSITIVE,2022-03-09
M005,C0014797,2022-02-19,EXPOSED,2022-03-24,NO_RESPONSE,
M005,C0015583,2022-02-19,EXPOSED,2022-03-05,NO_RESPONSE,
M005,C0016435,2022-02-19,EXPOSED,2022-04-08,POSITIVE,2022-04-13
M005,C0016706,2022-02-19,EXPOSED,2022-03-01,NO_RESPONSE,
M005,C0016987,2022-02-19,EXPOSED,2022-03-04,POSITIVE,2022-03-07
M005,C0017339,2022-02-19,EXPOSED,2022-03-31,NO_RESPONSE,
M005,C0017784,2022-02-19,EXPOSED,2022-03-10,NEUTRAL,2022-03-11
M005,C0017954,2022-02-19,EXPOSED,2022-03-22,NO_RESPONSE,
M005,C0019610,2022-02-19,EXPOSED,2022-03-12,NO_RESPONSE,
M005,C0002588,2022-02-20,NOT_EXPOSED,,,
M005,C0004011,2022-02-20,EXPOSED,2022-03-06,NO_RESPONSE,
M005,C0006377,2022-02-20,EXPOSED,2022-03-30,NO_RESPONSE,
M005,C0008092,2022-02-20,EXPOSED,2022-03-28,NO_RESPONSE,
M005,C0009047,2022-02-20,EXPOSED,2022-04-06,NO_RESPONSE,
M005,C0009343,2022-02-20,NOT_EXPOSED,,,
M005,C0009471,2022-02-20,EXPOSED,2022-03-05,NO_RESPONSE,
M005,C0009695,2022-02-20,EXPOSED,2022-02-25,NO_RESPONSE,
M005,C0010159,2022-02-20,EXPOSED,2022-03-03,NO_RESPONSE,
M005,C0011426,2022-02-20,EXPOSED,2022-03-09,NO_RESPONSE,
M005,C0013313,2022-02-20,EXPOSED,2022-04-06,POSITIVE,2022-04-09
M005,C0013696,2022-02-20,EXPOSED,2022-03-03,NO_RESPONSE,
M005,C0014676,2022-02-20,EXPOSED,2022-03-12,NO_RESPONSE,
M005,C0014764,2022-02-20,EXPOSED,2022-04-01,NO_RESPONSE,
M005,C0015511,2022-02-20,EXPOSED,2022-02-28,POSITIVE,2022-03-03
M005,C0015830,2022-02-20,EXPOSED,2022-03-16,NO_RESPONSE,
M005,C0015970,2022-02-20,EXPOSED,2022-04-10,NO_RESPONSE,
M005,C0017706,2022-02-20,EXPOSED,2022-03-24,NO_RESPONSE,
M005,C0019687,2022-02-20,EXPOSED,2022-03-31,POSITIVE,2022-04-07
M005,C0001857,2022-02-21,EXPOSED,2022-03-16,NO_RESPONSE,
M005,C0002143,2022-02-21,EXPOSED,2022-02-28,NO_RESPONSE,
M005,C0002210,2022-02-21,EXPOSED,2022-03-20,NEUTRAL,2022-03-21
M005,C0003359,2022-02-21,EXPOSED,2022-03-23,NO_RESPONSE,
M005,C0004646,2022-02-21,EXPOSED,2022-03-09,NO_RESPONSE,
M005,C0004916,2022-02-21,EXPOSED,2022-03-18,NO_RESPONSE,
M005,C0005140,2022-02-21,EXPOSED,2022-03-16,NO_RESPONSE,
M005,C0005162,2022-02-21,EXPOSED,2022-03-21,NO_RESPONSE,
M005,C0005319,2022-02-21,EXPOSED,2022-03-19,NO_RESPONSE,
M005,C0006584,2022-02-21,EXPOSED,2022-02-24,NO_RESPONSE,
M005,C0006819,2022-02-21,EXPOSED,2022-03-02,POSITIVE,2022-03-03
M005,C0008668,2022-02-21,EXPOSED,2022-02-25,NO_RESPONSE,
M005,C0008885,2022-02-21,EXPOSED,2022-03-10,NO_RESPONSE,
M005,C0010720,2022-02-21,EXPOSED,2022-04-04,NO_RESPONSE,
M005,C0011781,2022-02-21,EXPOSED,2022-03-16,NO_RESPONSE,
M005,C0012846,2022-02-21,EXPOSED,2022-03-01,NO_RESPONSE,
M005,C0013395,2022-02-21,EXPOSED,2022-03-29,POSITIVE,2022-03-30
M005,C0014342,2022-02-21,EXPOSED,2022-03-18,NO_RESPONSE,
M005,C0015257,2022-02-21,EXPOSED,2022-04-08,POSITIVE,2022-04-10
M005,C0015493,2022-02-21,EXPOSED,2022-03-18,NO_RESPONSE,
M005,C0015731,2022-02-21,EXPOSED,2022-02-23,NEUTRAL,2022-03-01
M005,C0015856,2022-02-21,EXPOSED,2022-03-14,NEGATIVE,2022-03-18
M005,C0016489,2022-02-21,EXPOSED,2022-04-04,NO_RESPONSE,
M005,C0017552,2022-02-21,EXPOSED,2022-03-01,NO_RESPONSE,
M005,C0017649,2022-02-21,EXPOSED,2022-03-31,NO_RESPONSE,
M005,C0000138,2022-02-22,EXPOSED,2022-04-13,NO_RESPONSE,
M005,C0000398,2022-02-22,EXPOSED,2022-03-05,NO_RESPONSE,
M005,C0002041,2022-02-22,EXPOSED,2022-03-17,NO_RESPONSE,
M005,C0003907,2022-02-22,EXPOSED,2022-02-26,NO_RESPONSE,
M005,C0004446,2022-02-22,NOT_EXPOSED,,,
M005,C0009584,2022-02-22,EXPOSED,2022-03-11,NO_RESPONSE,
M005,C0010359,2022-02-22,EXPOSED,2022-03-13,NO_RESPONSE,
M005,C0010550,2022-02-22,EXPOSED,2022-03-30,NO_RESPONSE,
M005,C0011482,2022-02-22,EXPOSED,2022-03-25,NO_RESPONSE,
M005,C0012518,2022-02-22,EXPOSED,2022-03-08,NEGATIVE,2022-03-09
M005,C0013035,2022-02-22,EXPOSED,2022-03-26,NEUTRAL,2022-03-28
M005,C0018002,2022-02-22,NOT_EXPOSED,,,
M005,C0018906,2022-02-22,EXPOSED,2022-03-05,NO_RESPONSE,
M005,C0019547,2022-02-22,EXPOSED,2022-03-07,POSITIVE,2022-03-08
M005,C0000664,2022-02-23,EXPOSED,2022-03-11,NO_RESPONSE,
M005,C0002129,2022-02-23,EXPOSED,2022-03-07,NEUTRAL,2022-03-10
M005,C0002865,2022-02-23,NOT_EXPOSED,,,
M005,C0003691,2022-02-23,EXPOSED,2022-03-25,NO_RESPONSE,
M005,C0004498,2022-02-23,EXPOSED,2022-03-21,NO_RESPONSE,
M005,C0004879,2022-02-23,EXPOSED,2022-02-26,NO_RESPONSE,
M005,C0007733,2022-02-23,EXPOSED,2022-03-07,NO_RESPONSE,
M005,C0007975,2022-02-23,EXPOSED,2022-03-14,NO_RESPONSE,
M005,C0008167,2022-02-23,EXPOSED,2022-04-03,POSITIVE,2022-04-12
M005,C0009114,2022-02-23,EXPOSED,2022-03-15,NO_RESPONSE,
M005,C0009336,2022-02-23,EXPOSED,2022-03-05,NO_RESPONSE,
M005,C0010919,2022-02-23,EXPOSED,2022-03-31,NO_RESPONSE,
M005,C0013336,2022-02-23,EXPOSED,2022-03-15,NO_RESPONSE,
M005,C0013675,2022-02-23,EXPOSED,2022-04-09,NO_RESPONSE,
M005,C0015049,2022-02-23,EXPOSED,2022-04-08,NEGATIVE,2022-04-13
M005,C0015446,2022-02-23,EXPOSED,2022-03-10,NO_RESPONSE,
M005,C0018485,2022-02-23,EXPOSED,2022-02-25,NO_RESPONSE,
M005,C0018594,2022-02-23,EXPOSED,2022-03-22,NO_RESPONSE,
M005,C0018866,2022-02-23,EXPOSED,2022-03-09,POSITIVE,2022-03-10
M005,C0001613,2022-02-24,EXPOSED,2022-03-10,NO_RESPONSE,
M005,C0003495,2022-02-24,EXPOSED,2022-04-02,NO_RESPONSE,
M005,C0003795,2022-02-24,EXPOSED,2022-03-03,NEUTRAL,2022-03-13
M005,C0004783,2022-02-24,EXPOSED,2022-03-19,NO_RESPONSE,
M005,C0006920,2022-02-24,EXPOSED,2022-03-20,NO_RESPONSE,
M005,C0008338,2022-02-24,EXPOSED,2022-03-22,NO_RESPONSE,
M005,C0010184,2022-02-24,EXPOSED,2022-03-30,NEUTRAL,2022-04-03
M005,C0011016,2022-02-24,EXPOSED,2022-03-26,NO_RESPONSE,
M005,C0013122,2022-02-24,EXPOSED,2022-03-24,NO_RESPONSE,
M005,C0014980,2022-02-24,EXPOSED,2022-03-16,NO_RESPONSE,
M005,C0015099,2022-02-24,EXPOSED,2022-03-17,NEGATIVE,2022-03-28
M005,C0016572,2022-02-24,EXPOSED,2022-04-06,NO_RESPONSE,
M005,C0016673,2022-02-24,EXPOSED,2022-02-27,NO_RESPONSE,
M005,C0018258,2022-02-24,EXPOSED,2022-02-28,NO_RESPONSE,
M005,C0018857,2022-02-24,EXPOSED,2022-03-09,NO_RESPONSE,
M005,C0019699,2022-02-24,EXPOSED,2022-03-07,POSITIVE,2022-03-12
M005,C0002415,2022-02-25,EXPOSED,2022-03-13,NO_RESPONSE,
M005,C0002594,2022-02-25,EXPOSED,2022-03-20,POSITIVE,2022-03-23
M005,C0003121,2022-02-25,EXPOSED,2022-03-07,NO_RESPONSE,
M005,C0003877,2022-02-25,EXPOSED,2022-03-17,NO_RESPONSE,
M005,C0008677,2022-02-25,NOT_EXPOSED,,,
M005,C0009038,2022-02-25,EXPOSED,2022-03-05,POSITIVE,2022-03-06
M005,C0009322,2022-02-25,EXPOSED,2022-03-07,NO_RESPONSE,
M005,C0012090,2022-02-25,EXPOSED,2022-03-17,NO_RESPONSE,
M005,C0012155,2022-02-25,EXPOSED,2022-03-06,NO_RESPONSE,
M005,C0016295,2022-02-25,NOT_EXPOSED,,,
M005,C0017138,2022-02-25,EXPOSED,2022-03-03,NO_RESPONSE,
M005,C0017139,2022-02-25,EXPOSED,2022-03-17,NO_RESPONSE,
M005,C0001446,2022-02-26,EXPOSED,2022-03-01,NO_RESPONSE,
M005,C0002167,2022-02-26,NOT_EXPOSED,,,
M005,C0003024,2022-02-26,EXPOSED,2022-03-15,NEGATIVE,2022-03-19
M005,C0003140,2022-02-26,EXPOSED,2022-03-02,NEUTRAL,2022-03-06
M005,C0004059,2022-02-26,EXPOSED,2022-03-01,NO_RESPONSE,
M005,C0005102,2022-02-26,EXPOSED,2022-03-29,NEUTRAL,2022-03-29
M005,C0005214,2022-02-26,EXPOSED,2022-03-20,NO_RESPONSE,
M005,C0005955,2022-02-26,EXPOSED,2022-03-09,NO_RESPONSE,
M005,C0005985,2022-02-26,EXPOSED,2022-03-12,NO_RESPONSE,
M005,C0007157,2022-02-26,EXPOSED,2022-03-14,NO_RESPONSE,
M005,C0007334,2022-02-26,EXPOSED,2022-03-14,NO_RESPONSE,
M005,C0008097,2022-02-26,EXPOSED,2022-03-28,NO_RESPONSE,
M005,C0008150,2022-02-26,NOT_EXPOSED,,,
M005,C0008593,2022-02-26,EXPOSED,2022-03-15,NO_RESPONSE,
M005,C0009834,2022-02-26,NOT_EXPOSED,,,
M005,C0010512,2022-02-26,NOT_EXPOSED,,,
M005,C0011916,2022-02-26,EXPOSED,2022-03-04,NO_RESPONSE,
M005,C0012198,2022-02-26,EXPOSED,2022-03-17,NO_RESPONSE,
M005,C0012271,2022-02-26,EXPOSED,2022-03-19,NEUTRAL,2022-03-30
M005,C0013767,2022-02-26,EXPOSED,2022-03-18,NO_RESPONSE,
M005,C0014335,2022-02-26,EXPOSED,2022-04-01,NEUTRAL,2022-04-02
M005,C0014532,2022-02-26,EXPOSED,2022-03-29,NO_RESPONSE,
M005,C0014803,2022-02-26,NOT_EXPOSED,,,
M005,C0015596,2022-02-26,EXPOSED,2022-03-24,NO_RESPONSE,
M005,C0016541,2022-02-26,EXPOSED,2022-03-12,NO_RESPONSE,
M005,C0001059,2022-02-27,EXPOSED,2022-03-19,POSITIVE,2022-03-20
M005,C0001181,2022-02-27,EXPOSED,2022-03-16,NO_RESPONSE,
M005,C0001548,2022-02-27,EXPOSED,2022-03-03,NO_RESPONSE,
M005,C0001950,2022-02-27,EXPOSED,2022-03-27,NO_RESPONSE,
M005,C0003700,2022-02-27,EXPOSED,2022-03-17,NO_RESPONSE,
M005,C0004607,2022-02-27,EXPOSED,2022-03-15,NEUTRAL,2022-03-16
M005,C0005052,2022-02-27,EXPOSED,2022-03-01,NO_RESPONSE,
M005,C0005353,2022-02-27,EXPOSED,2022-03-07,NO_RESPONSE,
M005,C0005867,2022-02-27,EXPOSED,2022-03-14,NO_RESPONSE,
M005,C0006417,2022-02-27,EXPOSED,2022-03-31,NO_RESPONSE,
M005,C0006458,2022-02-27,EXPOSED,2022-03-22,NO_RESPONSE,
M005,C0006840,2022-02-27,EXPOSED,2022-03-22,NO_RESPONSE,
M005,C0008231,2022-02-27,EXPOSED,2022-04-05,NO_RESPONSE,
M005,C0008538,2022-02-27,EXPOSED,2022-03-19,NO_RESPONSE,
M005,C0012106,2022-02-27,EXPOSED,2022-03-21,NO_RESPONSE,
M005,C0012515,2022-02-27,EXPOSED,2022-03-22,NO_RESPONSE,
M005,C0013938,2022-02-27,EXPOSED,2022-03-15,NO_RESPONSE,
M005,C0014116,2022-02-27,EXPOSED,2022-03-11,NEGATIVE,2022-03-13
M005,C0014967,2022-02-27,EXPOSED,2022-03-15,NO_RESPONSE,
M005,C0015208,2022-02-27,EXPOSED,2022-03-31,NO_RESPONSE,
M005,C0015818,2022-02-27,EXPOSED,2022-03-04,NO_RESPONSE,
M005,C0017991,2022-02-27,EXPOSED,2022-03-14,NO_RESPONSE,
M005,C0018818,2022-02-27,EXPOSED,2022-03-06,NO_RESPONSE,
M005,C0019020,2022-02-27,EXPOSED,2022-03-19,NO_RESPONSE,
M005,C0019479,2022-02-27,EXPOSED,2022-03-17,NO_RESPONSE,
M005,C0001737,2022-02-28,EXPOSED,2022-03-08,NO_RESPONSE,
M005,C0002000,2022-02-28,EXPOSED,2022-03-28,NO_RESPONSE,
M005,C0002301,2022-02-28,NOT_EXPOSED,,,
M005,C0002339,2022-02-28,EXPOSED,2022-03-15,NO_RESPONSE,
M005,C0004023,2022-02-28,EXPOSED,2022-03-28,NO_RESPONSE,
M005,C0005822,2022-02-28,NOT_EXPOSED,,,
M005,C0005991,2022-02-28,EXPOSED,2022-03-10,POSITIVE,2022-03-17
M005,C0006983,2022-02-28,EXPOSED,2022-03-13,NO_RESPONSE,
M005,C0007164,2022-02-28,EXPOSED,2022-04-03,NO_RESPONSE,
M005,C0008324,2022-02-28,EXPOSED,2022-03-28,POSITIVE,2022-03-30
M005,C0008861,2022-02-28,EXPOSED,2022-04-02,NO_RESPONSE,
M005,C0009781,2022-02-28,EXPOSED,2022-03-07,NO_RESPONSE,
M005,C0010312,2022-02-28,EXPOSED,2022-03-04,NO_RESPONSE,
M005,C0012012,2022-02-28,EXPOSED,2022-03-09,NEGATIVE,2022-03-15
M005,C0014045,2022-02-28,EXPOSED,2022-03-28,NO_RESPONSE,
M005,C0014303,2022-02-28,EXPOSED,2022-03-02,NO_RESPONSE,
M005,C0014853,2022-02-28,EXPOSED,2022-03-07,POSITIVE,2022-03-11
M005,C0015388,2022-02-28,EXPOSED,2022-04-08,NO_RESPONSE,
M005,C0016191,2022-02-28,EXPOSED,2022-03-14,NEUTRAL,2022-03-15
M005,C0017159,2022-02-28,EXPOSED,2022-03-25,NO_RESPONSE,
M005,C0017785,2022-02-28,EXPOSED,2022-03-04,NO_RESPONSE,
M005,C0018106,2022-02-28,EXPOSED,2022-03-29,NEUTRAL,2022-04-01
M005,C0018707,2022-02-28,EXPOSED,2022-04-04,NO_RESPONSE,
M005,C0018721,2022-02-28,EXPOSED,2022-03-24,NO_RESPONSE,
M005,C0019591,2022-02-28,EXPOSED,2022-03-14,NO_RESPONSE,
M005,C0000001,2022-03-01,EXPOSED,2022-04-05,NO_RESPONSE,
M005,C0000688,2022-03-01,EXPOSED,2022-03-16,NO_RESPONSE,
M005,C0001542,2022-03-01,EXPOSED,2022-03-29,NO_RESPONSE,
M005,C0001609,2022-03-01,EXPOSED,2022-03-05,NO_RESPONSE,
M005,C0001706,2022-03-01,EXPOSED,2022-03-15,NO_RESPONSE,
M005,C0004206,2022-03-01,EXPOSED,2022-03-04,NO_RESPONSE,
M005,C0004765,2022-03-01,EXPOSED,2022-03-09,NO_RESPONSE,
M005,C0004767,2022-03-01,EXPOSED,2022-04-09,NO_RESPONSE,
M005,C0005801,2022-03-01,EXPOSED,2022-03-04,NO_RESPONSE,
M005,C0007871,2022-03-01,EXPOSED,2022-03-07,NO_RESPONSE,
M005,C0008197,2022-03-01,EXPOSED,2022-03-07,NO_RESPONSE,
M005,C0009841,2022-03-01,EXPOSED,2022-03-05,POSITIVE,2022-03-16
M005,C0010755,2022-03-01,EXPOSED,2022-03-17,NO_RESPONSE,
M005,C0011737,2022-03-01,EXPOSED,2022-04-03,NO_RESPONSE,
M005,C0013024,2022-03-01,EXPOSED,2022-03-29,NO_RESPONSE,
M005,C0013258,2022-03-01,EXPOSED,2022-03-30,NO_RESPONSE,
M005,C0013426,2022-03-01,EXPOSED,2022-03-17,NO_RESPONSE,
M005,C0014204,2022-03-01,EXPOSED,2022-03-29,NO_RESPONSE,
M005,C0014509,2022-03-01,NOT_EXPOSED,,,
M005,C0017002,2022-03-01,EXPOSED,2022-03-02,NO_RESPONSE,
M005,C0018970,2022-03-01,EXPOSED,2022-03-22,NO_RESPONSE,
M005,C0000029,2022-03-02,EXPOSED,2022-03-05,NO_RESPONSE,
M005,C0001110,2022-03-02,EXPOSED,2022-03-05,NO_RESPONSE,
M005,C0001276,2022-03-02,EXPOSED,2022-03-20,NEUTRAL,2022-03-24
M005,C0002057,2022-03-02,EXPOSED,2022-03-20,NO_RESPONSE,
M005,C0002215,2022-03-02,EXPOSED,2022-04-01,NEGATIVE,2022-04-03
M005,C0002538,2022-03-02,EXPOSED,2022-03-23,NEGATIVE,2022-03-25
M005,C0003081,2022-03-02,EXPOSED,2022-03-24,NO_RESPONSE,
M005,C0003101,2022-03-02,EXPOSED,2022-03-20,NEUTRAL,2022-03-29
M005,C0003123,2022-03-02,EXPOSED,2022-03-04,NEGATIVE,2022-03-05
M005,C0004150,2022-03-02,EXPOSED,2022-03-27,NO_RESPONSE,
M005,C0004294,2022-03-02,EXPOSED,2022-03-09,NO_RESPONSE,
M005,C0007586,2022-03-02,NOT_EXPOSED,,,
M005,C0007755,2022-03-02,NOT_EXPOSED,,,
M005,C0008716,2022-03-02,EXPOSED,2022-03-31,NO_RESPONSE,
M005,C0011043,2022-03-02,EXPOSED,2022-03-04,NO_RESPONSE,
M005,C0011820,2022-03-02,EXPOSED,2022-03-05,NO_RESPONSE,
M005,C0011968,2022-03-02,EXPOSED,2022-03-31,POSITIVE,2022-04-05
M005,C0014549,2022-03-02,EXPOSED,2022-03-16,NO_RESPONSE,
M005,C0015240,2022-03-02,EXPOSED,2022-03-13,NO_RESPONSE,
M005,C0015755,2022-03-02,EXPOSED,2022-04-02,NO_RESPONSE,
M005,C0016115,2022-03-02,EXPOSED,2022-03-13,NO_RESPONSE,
M005,C0016534,2022-03-02,EXPOSED,2022-03-09,NEUTRAL,2022-03-10
M005,C0016642,2022-03-02,EXPOSED,2022-03-08,NO_RESPONSE,
M005,C0017416,2022-03-02,EXPOSED,2022-03-18,POSITIVE,2022-03-20
M005,C0017559,2022-03-02,NOT_EXPOSED,,,
M005,C0018024,2022-03-02,EXPOSED,2022-04-02,NO_RESPONSE,
M005,C0018690,2022-03-02,NOT_EXPOSED,,,
M005,C0019469,2022-03-02,NOT_EXPOSED,,,
M005,C0000262,2022-03-03,NOT_EXPOSED,,,
M005,C0000279,2022-03-03,EXPOSED,2022-03-23,NO_RESPONSE,
M005,C0002701,2022-03-03,NOT_EXPOSED,,,
M005,C0002704,2022-03-03,EXPOSED,2022-03-30,NO_RESPONSE,
M005,C0003827,2022-03-03,EXPOSED,2022-03-25,NO_RESPONSE,
M005,C0008012,2022-03-03,EXPOSED,2022-04-09,NEUTRAL,2022-04-12
M005,C0010693,2022-03-03,EXPOSED,2022-03-10,NO_RESPONSE,
M005,C0011209,2022-03-03,EXPOSED,2022-03-27,POSITIVE,2022-04-05
M005,C0011379,2022-03-03,EXPOSED,2022-03-16,NO_RESPONSE,
M005,C0011780,2022-03-03,EXPOSED,2022-03-21,NO_RESPONSE,
M005,C0013082,2022-03-03,EXPOSED,2022-03-27,NEUTRAL,2022-04-01
M005,C0013104,2022-03-03,EXPOSED,2022-04-10,NO_RESPONSE,
M005,C0014789,2022-03-03,EXPOSED,2022-04-10,NEUTRAL,2022-04-16
M005,C0015059,2022-03-03,EXPOSED,2022-03-11,POSITIVE,2022-03-13
M005,C0015699,2022-03-03,EXPOSED,2022-03-18,NO_RESPONSE,
M005,C0016974,2022-03-03,EXPOSED,2022-04-04,NO_RESPONSE,
M005,C0018917,2022-03-03,EXPOSED,2022-03-25,POSITIVE,2022-03-26
M005,C0019194,2022-03-03,EXPOSED,2022-03-26,NO_RESPONSE,
M005,C0019788,2022-03-03,EXPOSED,2022-04-01,NO_RESPONSE,
M005,C0000428,2022-03-04,EXPOSED,2022-03-21,POSITIVE,2022-03-26
M005,C0000554,2022-03-04,EXPOSED,2022-03-21,NO_RESPONSE,
M005,C0000694,2022-03-04,EXPOSED,2022-03-14,NO_RESPONSE,
M005,C0002995,2022-03-04,EXPOSED,2022-04-11,NO_RESPONSE,
M005,C0003799,2022-03-04,EXPOSED,2022-03-13,NO_RESPONSE,
M005,C0004162,2022-03-04,EXPOSED,2022-03-12,NO_RESPONSE,
M005,C0006773,2022-03-04,EXPOSED,2022-03-18,NEUTRAL,2022-03-29
M005,C0011275,2022-03-04,EXPOSED,2022-03-27,NO_RESPONSE,
M005,C0011299,2022-03-04,EXPOSED,2022-03-13,NO_RESPONSE,
M005,C0014302,2022-03-04,EXPOSED,2022-03-16,NEGATIVE,2022-03-24
M005,C0015922,2022-03-04,EXPOSED,2022-03-25,POSITIVE,2022-03-31
M005,C0016210,2022-03-04,EXPOSED,2022-04-09,NEUTRAL,2022-04-12
M005,C0016217,2022-03-04,EXPOSED,2022-03-11,NO_RESPONSE,
M005,C0016944,2022-03-04,EXPOSED,2022-03-26,NO_RESPONSE,
M005,C0018190,2022-03-04,EXPOSED,2022-03-14,NEGATIVE,2022-03-21
M005,C0003678,2022-03-05,EXPOSED,2022-03-27,POSITIVE,2022-03-27
M005,C0005487,2022-03-05,EXPOSED,2022-03-06,NO_RESPONSE,
M005,C0005899,2022-03-05,EXPOSED,2022-03-28,NO_RESPONSE,
M005,C0006091,2022-03-05,EXPOSED,2022-04-07,POSITIVE,2022-04-12
M005,C0006382,2022-03-05,EXPOSED,2022-03-13,NO_RESPONSE,
M005,C0007172,2022-03-05,EXPOSED,2022-03-18,NO_RESPONSE,
M005,C0007882,2022-03-05,EXPOSED,2022-03-07,NO_RESPONSE,
M005,C0007992,2022-03-05,EXPOSED,2022-03-23,NO_RESPONSE,
M005,C0008803,2022-03-05,EXPOSED,2022-03-29,NO_RESPONSE,
M005,C0008903,2022-03-05,EXPOSED,2022-04-08,NO_RESPONSE,
M005,C0009427,2022-03-05,NOT_EXPOSED,,,
M005,C0011848,2022-03-05,EXPOSED,2022-03-14,NO_RESPONSE,
M005,C0013045,2022-03-05,EXPOSED,2022-03-10,POSITIVE,2022-03-11
M005,C0013401,2022-03-05,EXPOSED,2022-03-16,NO_RESPONSE,
M005,C0014683,2022-03-05,EXPOSED,2022-03-25,NO_RESPONSE,
M005,C0014940,2022-03-05,EXPOSED,2022-04-03,NO_RESPONSE,
M005,C0017249,2022-03-05,EXPOSED,2022-03-12,NO_RESPONSE,
M005,C0017748,2022-03-05,EXPOSED,2022-03-27,NO_RESPONSE,
M005,C0017906,2022-03-05,EXPOSED,2022-03-30,NO_RESPONSE,
M005,C0018375,2022-03-05,EXPOSED,2022-03-26,NO_RESPONSE,
M005,C0019332,2022-03-05,EXPOSED,2022-03-29,NO_RESPONSE,
M005,C0019585,2022-03-05,EXPOSED,2022-03-18,NEUTRAL,2022-03-21
M005,C0000680,2022-03-06,EXPOSED,2022-03-13,POSITIVE,2022-03-20
M005,C0001054,2022-03-06,EXPOSED,2022-03-08,POSITIVE,2022-03-11
M005,C0001720,2022-03-06,NOT_EXPOSED,,,
M005,C0003365,2022-03-06,EXPOSED,2022-03-10,NO_RESPONSE,
M005,C0003640,2022-03-06,NOT_EXPOSED,,,
M005,C0004153,2022-03-06,NOT_EXPOSED,,,
M005,C0004821,2022-03-06,EXPOSED,2022-04-09,NO_RESPONSE,
M005,C0007478,2022-03-06,EXPOSED,2022-03-12,NEUTRAL,2022-03-16
M005,C0012221,2022-03-06,EXPOSED,2022-04-08,NO_RESPONSE,
M005,C0012357,2022-03-06,EXPOSED,2022-03-14,NEUTRAL,2022-03-17
M005,C0014047,2022-03-06,EXPOSED,2022-03-19,NO_RESPONSE,
M005,C0015221,2022-03-06,EXPOSED,2022-03-16,NEUTRAL,2022-03-21
M005,C0016093,2022-03-06,EXPOSED,2022-03-28,NO_RESPONSE,
M005,C0016676,2022-03-06,EXPOSED,2022-04-06,NEUTRAL,2022-04-06
M005,C0019655,2022-03-06,EXPOSED,2022-03-20,NO_RESPONSE,
M005,C0000205,2022-03-07,EXPOSED,2022-03-14,NO_RESPONSE,
M005,C0002021,2022-03-07,EXPOSED,2022-03-09,POSITIVE,2022-03-18
M005,C0002554,2022-03-07,EXPOSED,2022-04-02,NO_RESPONSE,
M005,C0002940,2022-03-07,NOT_EXPOSED,,,
M005,C0003284,2022-03-07,EXPOSED,2022-04-07,NO_RESPONSE,
M005,C0004312,2022-03-07,EXPOSED,2022-03-13,POSITIVE,2022-03-17
M005,C0006124,2022-03-07,EXPOSED,2022-03-29,NO_RESPONSE,
M005,C0007615,2022-03-07,NOT_EXPOSED,,,
M005,C0009830,2022-03-07,EXPOSED,2022-03-15,NO_RESPONSE,
M005,C0012490,2022-03-07,NOT_EXPOSED,,,
M005,C0012679,2022-03-07,EXPOSED,2022-04-09,NO_RESPONSE,
M005,C0014068,2022-03-07,NOT_EXPOSED,,,
M005,C0014638,2022-03-07,EXPOSED,2022-03-09,NO_RESPONSE,
M005,C0014649,2022-03-07,EXPOSED,2022-04-03,NO_RESPONSE,
M005,C0014963,2022-03-07,EXPOSED,2022-03-30,NO_RESPONSE,
M005,C0016559,2022-03-07,EXPOSED,2022-03-30,NO_RESPONSE,
M005,C0017455,2022-03-07,EXPOSED,2022-03-24,NO_RESPONSE,
M005,C0017570,2022-03-07,EXPOSED,2022-03-11,NO_RESPONSE,
M005,C0017599,2022-03-07,EXPOSED,2022-03-22,POSITIVE,2022-03-27
M005,C0019584,2022-03-07,EXPOSED,2022-03-28,NO_RESPONSE,
M005,C0002402,2022-03-08,EXPOSED,2022-03-14,NO_RESPONSE,
M005,C0006160,2022-03-08,EXPOSED,2022-04-05,NO_RESPONSE,
M005,C0007066,2022-03-08,EXPOSED,2022-03-27,NO_RESPONSE,
M005,C0007467,2022-03-08,EXPOSED,2022-03-26,NO_RESPONSE,
M005,C0008278,2022-03-08,EXPOSED,2022-03-17,NO_RESPONSE,
M005,C0012626,2022-03-08,NOT_EXPOSED,,,
M005,C0014548,2022-03-08,EXPOSED,2022-03-16,NO_RESPONSE,
M005,C0014884,2022-03-08,EXPOSED,2022-03-27,NO_RESPONSE,
M005,C0017782,2022-03-08,EXPOSED,2022-03-20,POSITIVE,2022-03-23
M005,C0018195,2022-03-08,EXPOSED,2022-03-25,NO_RESPONSE,
M005,C0018889,2022-03-08,EXPOSED,2022-03-16,NEUTRAL,2022-03-22
M005,C0000072,2022-03-09,EXPOSED,2022-03-10,POSITIVE,2022-03-16
M005,C0000111,2022-03-09,NOT_EXPOSED,,,
M005,C0001084,2022-03-09,EXPOSED,2022-03-15,NEUTRAL,2022-03-26
M005,C0002458,2022-03-09,EXPOSED,2022-04-02,NO_RESPONSE,
M005,C0004339,2022-03-09,NOT_EXPOSED,,,
M005,C0005639,2022-03-09,EXPOSED,2022-04-02,NO_RESPONSE,
M005,C0005902,2022-03-09,EXPOSED,2022-03-15,NO_RESPONSE,
M005,C0006303,2022-03-09,EXPOSED,2022-03-22,POSITIVE,2022-03-25
M005,C0007341,2022-03-09,EXPOSED,2022-03-25,POSITIVE,2022-03-31
M005,C0008242,2022-03-09,EXPOSED,2022-04-10,NO_RESPONSE,
M005,C0010481,2022-03-09,EXPOSED,2022-03-23,NO_RESPONSE,
M005,C0010622,2022-03-09,EXPOSED,2022-03-23,NO_RESPONSE,
M005,C0011486,2022-03-09,EXPOSED,2022-03-14,NO_RESPONSE,
M005,C0011754,2022-03-09,EXPOSED,2022-03-27,NO_RESPONSE,
M005,C0011785,2022-03-09,EXPOSED,2022-03-16,NO_RESPONSE,
M005,C0013050,2022-03-09,EXPOSED,2022-03-23,NO_RESPONSE,
M005,C0014836,2022-03-09,EXPOSED,2022-03-17,POSITIVE,2022-03-23
M005,C0015144,2022-03-09,EXPOSED,2022-03-15,NO_RESPONSE,
M005,C0015365,2022-03-09,EXPOSED,2022-03-16,NO_RESPONSE,
M005,C0016544,2022-03-09,EXPOSED,2022-03-21,NO_RESPONSE,
M005,C0017283,2022-03-09,EXPOSED,2022-03-21,NO_RESPONSE,
M005,C0018815,2022-03-09,EXPOSED,2022-03-24,NO_RESPONSE,
M005,C0019021,2022-03-09,EXPOSED,2022-03-13,NO_RESPONSE,
M005,C0019621,2022-03-09,NOT_EXPOSED,,,
M005,C0019696,2022-03-09,EXPOSED,2022-03-16,NO_RESPONSE,
M005,C0019854,2022-03-09,EXPOSED,2022-03-18,NO_RESPONSE,
M005,C0000426,2022-03-10,EXPOSED,2022-03-17,NEUTRAL,2022-03-25
M005,C0001368,2022-03-10,EXPOSED,2022-04-03,POSITIVE,2022-04-04
M005,C0002845,2022-03-10,EXPOSED,2022-03-17,NO_RESPONSE,
M005,C0003396,2022-03-10,EXPOSED,2022-03-13,NO_RESPONSE,
M005,C0003680,2022-03-10,EXPOSED,2022-03-16,NO_RESPONSE,
M005,C0008778,2022-03-10,EXPOSED,2022-03-20,NO_RESPONSE,
M005,C0009006,2022-03-10,EXPOSED,2022-04-09,NO_RESPONSE,
M005,C0011133,2022-03-10,EXPOSED,2022-03-21,POSITIVE,2022-03-22
M005,C0011742,2022-03-10,EXPOSED,2022-04-01,NO_RESPONSE,
M005,C0011930,2022-03-10,EXPOSED,2022-04-04,NEUTRAL,2022-04-09
M005,C0013794,2022-03-10,EXPOSED,2022-03-30,NO_RESPONSE,
M005,C0015730,2022-03-10,EXPOSED,2022-04-10,POSITIVE,2022-04-12
M005,C0016527,2022-03-10,EXPOSED,2022-04-02,NO_RESPONSE,
M005,C0019177,2022-03-10,EXPOSED,2022-03-26,NO_RESPONSE,
M005,C0001715,2022-03-11,EXPOSED,2022-03-13,NO_RESPONSE,
M005,C0001870,2022-03-11,EXPOSED,2022-03-27,POSITIVE,2022-04-03
M005,C0002084,2022-03-11,EXPOSED,2022-04-11,POSITIVE,2022-04-14
M005,C0005741,2022-03-11,EXPOSED,2022-03-30,NO_RESPONSE,
M005,C0006043,2022-03-11,EXPOSED,2022-03-27,NO_RESPONSE,
M005,C0007925,2022-03-11,EXPOSED,2022-04-12,NO_RESPONSE,
M005,C0008046,2022-03-11,EXPOSED,2022-03-27,NO_RESPONSE,
M005,C0009168,2022-03-11,EXPOSED,2022-03-23,NO_RESPONSE,
M005,C0009486,2022-03-11,NOT_EXPOSED,,,
M005,C0009603,2022-03-11,EXPOSED,2022-03-16,NO_RESPONSE,
M005,C0009872,2022-03-11,EXPOSED,2022-03-18,NO_RESPONSE,
M005,C0013073,2022-03-11,EXPOSED,2022-04-01,POSITIVE,2022-04-10
M005,C0014996,2022-03-11,EXPOSED,2022-03-23,NO_RESPONSE,
M005,C0015031,2022-03-11,EXPOSED,2022-03-20,POSITIVE,2022-03-21
M005,C0017060,2022-03-11,EXPOSED,2022-03-20,NO_RESPONSE,
M005,C0017077,2022-03-11,EXPOSED,2022-03-30,NO_RESPONSE,
M005,C0000235,2022-03-12,EXPOSED,2022-03-23,NO_RESPONSE,
M005,C0002663,2022-03-12,EXPOSED,2022-04-08,NO_RESPONSE,
M005,C0004123,2022-03-12,EXPOSED,2022-03-30,NO_RESPONSE,
M005,C0010467,2022-03-12,EXPOSED,2022-03-25,NO_RESPONSE,
M005,C0012740,2022-03-12,EXPOSED,2022-03-30,NO_RESPONSE,
M005,C0014494,2022-03-12,EXPOSED,2022-03-23,NO_RESPONSE,
M005,C0014612,2022-03-12,EXPOSED,2022-03-16,NO_RESPONSE,
M005,C0015010,2022-03-12,EXPOSED,2022-03-13,NO_RESPONSE,
M005,C0016577,2022-03-12,NOT_EXPOSED,,,
M005,C0017663,2022-03-12,EXPOSED,2022-04-09,NO_RESPONSE,
M005,C0017804,2022-03-12,EXPOSED,2022-03-25,NEUTRAL,2022-03-29
M005,C0018960,2022-03-12,EXPOSED,2022-03-28,POSITIVE,2022-03-31
M005,C0000991,2022-03-13,EXPOSED,2022-04-10,NO_RESPONSE,
M005,C0001550,2022-03-13,EXPOSED,2022-03-27,NEUTRAL,2022-04-01
M005,C0002076,2022-03-13,EXPOSED,2022-03-29,NO_RESPONSE,
M005,C0006921,2022-03-13,EXPOSED,2022-04-09,POSITIVE,2022-04-14
M005,C0007128,2022-03-13,EXPOSED,2022-04-01,NO_RESPONSE,
M005,C0008423,2022-03-13,EXPOSED,2022-03-25,NO_RESPONSE,
M005,C0010193,2022-03-13,EXPOSED,2022-03-17,NEUTRAL,2022-03-18
M005,C0013450,2022-03-13,EXPOSED,2022-03-17,NO_RESPONSE,
M005,C0014590,2022-03-13,EXPOSED,2022-03-19,NO_RESPONSE,
M005,C0015178,2022-03-13,EXPOSED,2022-03-24,POSITIVE,2022-03-25
M005,C0016399,2022-03-13,EXPOSED,2022-03-31,NO_RESPONSE,
M005,C0019808,2022-03-13,EXPOSED,2022-03-16,NEGATIVE,2022-03-16
M005,C0000514,2022-03-14,NOT_EXPOSED,,,
M005,C0000841,2022-03-14,EXPOSED,2022-04-12,POSITIVE,2022-04-18
M005,C0001522,2022-03-14,EXPOSED,2022-03-23,POSITIVE,2022-03-25
M005,C0004726,2022-03-14,EXPOSED,2022-03-27,NO_RESPONSE,
M005,C0004813,2022-03-14,EXPOSED,2022-04-07,NO_RESPONSE,
M005,C0006240,2022-03-14,EXPOSED,2022-03-17,NO_RESPONSE,
M005,C0008368,2022-03-14,NOT_EXPOSED,,,
M005,C0008516,2022-03-14,EXPOSED,2022-03-20,NO_RESPONSE,
M005,C0009144,2022-03-14,EXPOSED,2022-04-12,NO_RESPONSE,
M005,C0010851,2022-03-14,EXPOSED,2022-03-16,NO_RESPONSE,
M005,C0013004,2022-03-14,EXPOSED,2022-03-30,NO_RESPONSE,
M005,C0013491,2022-03-14,EXPOSED,2022-03-15,NO_RESPONSE,
M005,C0013576,2022-03-14,EXPOSED,2022-04-07,NO_RESPONSE,
M005,C0013824,2022-03-14,NOT_EXPOSED,,,
M005,C0016486,2022-03-14,EXPOSED,2022-04-06,NEUTRAL,2022-04-15
M005,C0018425,2022-03-14,EXPOSED,2022-04-08,NO_RESPONSE,
M005,C0019736,2022-03-14,EXPOSED,2022-03-23,NO_RESPONSE,
M005,C0001146,2022-03-15,EXPOSED,2022-03-21,NO_RESPONSE,
M005,C0003414,2022-03-15,EXPOSED,2022-03-17,POSITIVE,2022-03-18
M005,C0004012,2022-03-15,EXPOSED,2022-03-17,NEUTRAL,2022-03-19
M005,C0006022,2022-03-15,EXPOSED,2022-03-31,POSITIVE,2022-04-10
M005,C0006162,2022-03-15,EXPOSED,2022-03-28,NO_RESPONSE,
M005,C0006323,2022-03-15,EXPOSED,2022-04-01,NEUTRAL,2022-04-04
M005,C0006713,2022-03-15,EXPOSED,2022-03-27,NO_RESPONSE,
M005,C0010751,2022-03-15,EXPOSED,2022-03-19,NO_RESPONSE,
M005,C0011261,2022-03-15,EXPOSED,2022-03-23,NO_RESPONSE,
M005,C0011656,2022-03-15,EXPOSED,2022-03-17,NO_RESPONSE,
M005,C0011812,2022-03-15,NOT_EXPOSED,,,
M005,C0013872,2022-03-15,EXPOSED,2022-03-18,NO_RESPONSE,
M005,C0016100,2022-03-15,EXPOSED,2022-03-15,NO_RESPONSE,
M005,C0017094,2022-03-15,EXPOSED,2022-04-05,NO_RESPONSE,
M005,C0018530,2022-03-15,EXPOSED,2022-04-11,NEUTRAL,2022-04-17
M005,C0001536,2022-03-16,EXPOSED,2022-03-27,POSITIVE,2022-04-03
M005,C0005882,2022-03-16,EXPOSED,2022-03-21,NO_RESPONSE,
M005,C0008022,2022-03-16,EXPOSED,2022-03-28,NO_RESPONSE,
M005,C0008253,2022-03-16,EXPOSED,2022-04-01,NO_RESPONSE,
M005,C0010210,2022-03-16,EXPOSED,2022-03-30,NO_RESPONSE,
M005,C0010223,2022-03-16,EXPOSED,2022-03-31,POSITIVE,2022-04-12
M005,C0011727,2022-03-16,EXPOSED,2022-04-10,NEUTRAL,2022-04-16
M005,C0012369,2022-03-16,EXPOSED,2022-04-12,NO_RESPONSE,
M005,C0015527,2022-03-16,EXPOSED,2022-03-21,NO_RESPONSE,
M005,C0016576,2022-03-16,EXPOSED,2022-04-02,NO_RESPONSE,
M005,C0017589,2022-03-16,EXPOSED,2022-04-09,NO_RESPONSE,
M005,C0018631,2022-03-16,EXPOSED,2022-03-19,NO_RESPONSE,
M005,C0019259,2022-03-16,NOT_EXPOSED,,,
M005,C0019263,2022-03-16,EXPOSED,2022-03-20,NO_RESPONSE,
M005,C0000950,2022-03-17,EXPOSED,2022-03-22,NO_RESPONSE,
M005,C0001860,2022-03-17,EXPOSED,2022-03-27,POSITIVE,2022-03-30
M005,C0002177,2022-03-17,EXPOSED,2022-03-24,NEGATIVE,2022-04-01
M005,C0002348,2022-03-17,EXPOSED,2022-03-25,NO_RESPONSE,
M005,C0003005,2022-03-17,EXPOSED,2022-03-24,NO_RESPONSE,
M005,C0003179,2022-03-17,EXPOSED,2022-03-18,NO_RESPONSE,
M005,C0005141,2022-03-17,EXPOSED,2022-03-30,NO_RESPONSE,
M005,C0006525,2022-03-17,EXPOSED,2022-04-02,NEUTRAL,2022-04-06
M005,C0007203,2022-03-17,EXPOSED,2022-03-19,POSITIVE,2022-03-24
M005,C0007930,2022-03-17,EXPOSED,2022-03-26,NO_RESPONSE,
M005,C0008622,2022-03-17,NOT_EXPOSED,,,
M005,C0009718,2022-03-17,EXPOSED,2022-03-24,NEUTRAL,2022-03-28
M005,C0009769,2022-03-17,NOT_EXPOSED,,,
M005,C0012308,2022-03-17,EXPOSED,2022-03-23,NO_RESPONSE,
M005,C0013112,2022-03-17,EXPOSED,2022-03-31,POSITIVE,2022-04-03
M005,C0013183,2022-03-17,EXPOSED,2022-03-31,NO_RESPONSE,
M005,C0013469,2022-03-17,EXPOSED,2022-03-31,NO_RESPONSE,
M005,C0015837,2022-03-17,EXPOSED,2022-03-17,NO_RESPONSE,
M005,C0017688,2022-03-17,EXPOSED,2022-04-01,NEUTRAL,2022-04-07
M005,C0017862,2022-03-17,EXPOSED,2022-03-22,NO_RESPONSE,
M005,C0018139,2022-03-17,EXPOSED,2022-03-19,NO_RESPONSE,
M005,C0005815,2022-03-18,EXPOSED,2022-03-25,POSITIVE,2022-03-31
M005,C0008209,2022-03-18,EXPOSED,2022-04-03,NEUTRAL,2022-04-04
M005,C0008894,2022-03-18,EXPOSED,2022-04-04,POSITIVE,2022-04-08
M005,C0009180,2022-03-18,EXPOSED,2022-03-29,POSITIVE,2022-03-30
M005,C0011231,2022-03-18,EXPOSED,2022-04-03,NO_RESPONSE,
M005,C0013864,2022-03-18,EXPOSED,2022-03-24,NO_RESPONSE,
M005,C0016090,2022-03-18,EXPOSED,2022-03-21,NEUTRAL,2022-03-22
M005,C0017044,2022-03-18,EXPOSED,2022-03-30,NO_RESPONSE,
M005,C0017905,2022-03-18,EXPOSED,2022-03-25,NO_RESPONSE,
M005,C0018064,2022-03-18,EXPOSED,2022-04-03,NEGATIVE,2022-04-05
M005,C0018905,2022-03-18,EXPOSED,2022-04-11,NO_RESPONSE,
M005,C0019920,2022-03-18,EXPOSED,2022-03-31,NO_RESPONSE,
M005,C0001880,2022-03-19,NOT_EXPOSED,,,
M005,C0002568,2022-03-19,EXPOSED,2022-03-24,NO_RESPONSE,
M005,C0002731,2022-03-19,EXPOSED,2022-03-29,NEUTRAL,2022-03-31
M005,C0005674,2022-03-19,EXPOSED,2022-03-25,NO_RESPONSE,
M005,C0005835,2022-03-19,EXPOSED,2022-03-30,NO_RESPONSE,
M005,C0007693,2022-03-19,EXPOSED,2022-04-04,NO_RESPONSE,
M005,C0007962,2022-03-19,EXPOSED,2022-03-29,POSITIVE,2022-04-07
M005,C0008525,2022-03-19,EXPOSED,2022-03-19,NO_RESPONSE,
M005,C0009449,2022-03-19,EXPOSED,2022-03-22,POSITIVE,2022-03-29
M005,C0009908,2022-03-19,EXPOSED,2022-04-01,NO_RESPONSE,
M005,C0010235,2022-03-19,EXPOSED,2022-03-21,NO_RESPONSE,
M005,C0010828,2022-03-19,EXPOSED,2022-03-24,NO_RESPONSE,
M005,C0014537,2022-03-19,EXPOSED,2022-03-27,NO_RESPONSE,
M005,C0015287,2022-03-19,EXPOSED,2022-04-05,NEUTRAL,2022-04-12
M005,C0015945,2022-03-19,EXPOSED,2022-04-05,NEUTRAL,2022-04-09
M005,C0016319,2022-03-19,EXPOSED,2022-04-01,NEUTRAL,2022-04-05
M005,C0019624,2022-03-19,EXPOSED,2022-04-09,NO_RESPONSE,
M005,C0000423,2022-03-20,EXPOSED,2022-03-31,NO_RESPONSE,
M005,C0002080,2022-03-20,EXPOSED,2022-03-29,NO_RESPONSE,
M005,C0002720,2022-03-20,EXPOSED,2022-03-25,NO_RESPONSE,
M005,C0003128,2022-03-20,EXPOSED,2022-03-21,NO_RESPONSE,
M005,C0003226,2022-03-20,EXPOSED,2022-04-08,NO_RESPONSE,
M005,C0005328,2022-03-20,EXPOSED,2022-03-26,NO_RESPONSE,
M005,C0006524,2022-03-20,EXPOSED,2022-04-10,NO_RESPONSE,
M005,C0007091,2022-03-20,EXPOSED,2022-04-01,NO_RESPONSE,
M005,C0007857,2022-03-20,EXPOSED,2022-03-22,NO_RESPONSE,
M005,C0007928,2022-03-20,EXPOSED,2022-03-24,NO_RESPONSE,
M005,C0011178,2022-03-20,EXPOSED,2022-04-05,NEUTRAL,2022-04-07
M005,C0012061,2022-03-20,EXPOSED,2022-03-21,NO_RESPONSE,
M005,C0016603,2022-03-20,EXPOSED,2022-03-24,NO_RESPONSE,
M005,C0017294,2022-03-20,EXPOSED,2022-04-08,NO_RESPONSE,
M005,C0018563,2022-03-20,EXPOSED,2022-04-06,NO_RESPONSE,
M005,C0019595,2022-03-20,EXPOSED,2022-04-03,NEGATIVE,2022-04-09
M005,C0000539,2022-03-21,EXPOSED,2022-03-28,NO_RESPONSE,
M005,C0002820,2022-03-21,EXPOSED,2022-03-25,POSITIVE,2022-04-01
M005,C0006025,2022-03-21,EXPOSED,2022-04-04,NO_RESPONSE,
M005,C0006251,2022-03-21,EXPOSED,2022-03-26,POSITIVE,2022-04-01
M005,C0006995,2022-03-21,EXPOSED,2022-03-28,NO_RESPONSE,
M005,C0008223,2022-03-21,EXPOSED,2022-04-10,NO_RESPONSE,
M005,C0009018,2022-03-21,NOT_EXPOSED,,,
M005,C0009889,2022-03-21,EXPOSED,2022-03-27,NO_RESPONSE,
M005,C0011677,2022-03-21,EXPOSED,2022-03-25,NO_RESPONSE,
M005,C0013251,2022-03-21,EXPOSED,2022-04-01,POSITIVE,2022-04-14
M005,C0014087,2022-03-21,EXPOSED,2022-03-31,NO_RESPONSE,
M005,C0014667,2022-03-21,EXPOSED,2022-03-31,POSITIVE,2022-04-04
M005,C0016595,2022-03-21,EXPOSED,2022-04-05,NO_RESPONSE,
M005,C0018260,2022-03-21,EXPOSED,2022-03-22,NO_RESPONSE,
M005,C0000921,2022-03-22,EXPOSED,2022-04-11,NO_RESPONSE,
M005,C0002730,2022-03-22,EXPOSED,2022-03-30,NO_RESPONSE,
M005,C0002758,2022-03-22,EXPOSED,2022-03-31,NO_RESPONSE,
M005,C0004127,2022-03-22,EXPOSED,2022-04-02,NO_RESPONSE,
M005,C0005498,2022-03-22,EXPOSED,2022-04-07,POSITIVE,2022-04-12
M005,C0008375,2022-03-22,EXPOSED,2022-03-25,NO_RESPONSE,
M005,C0010211,2022-03-22,EXPOSED,2022-04-03,NO_RESPONSE,
M005,C0010455,2022-03-22,EXPOSED,2022-03-23,NO_RESPONSE,
M005,C0012423,2022-03-22,EXPOSED,2022-03-30,NEGATIVE,2022-04-04
M005,C0015594,2022-03-22,EXPOSED,2022-04-01,NO_RESPONSE,
M005,C0017531,2022-03-22,EXPOSED,2022-03-29,NO_RESPONSE,
M005,C0001257,2022-03-23,EXPOSED,2022-04-05,NEGATIVE,2022-04-06
M005,C0002708,2022-03-23,EXPOSED,2022-04-12,NO_RESPONSE,
M005,C0006075,2022-03-23,EXPOSED,2022-04-02,POSITIVE,2022-04-06
M005,C0008651,2022-03-23,EXPOSED,2022-04-07,POSITIVE,2022-04-13
M005,C0010773,2022-03-23,EXPOSED,2022-04-06,NO_RESPONSE,
M005,C0010947,2022-03-23,EXPOSED,2022-03-28,NEUTRAL,2022-04-02
M005,C0013583,2022-03-23,EXPOSED,2022-04-13,NO_RESPONSE,
M005,C0015598,2022-03-23,EXPOSED,2022-04-01,NO_RESPONSE,
M005,C0018121,2022-03-23,EXPOSED,2022-03-30,POSITIVE,2022-04-04
M005,C0018567,2022-03-23,EXPOSED,2022-04-05,NO_RESPONSE,
M005,C0019288,2022-03-23,EXPOSED,2022-03-27,NO_RESPONSE,
M005,C0000768,2022-03-24,EXPOSED,2022-03-27,NO_RESPONSE,
M005,C0004062,2022-03-24,EXPOSED,2022-03-29,NO_RESPONSE,
M005,C0005681,2022-03-24,EXPOSED,2022-04-08,NEGATIVE,2022-04-16
M005,C0005730,2022-03-24,EXPOSED,2022-04-03,NO_RESPONSE,
M005,C0010549,2022-03-24,EXPOSED,2022-03-29,NO_RESPONSE,
M005,C0014772,2022-03-24,EXPOSED,2022-03-25,NO_RESPONSE,
M005,C0016677,2022-03-24,EXPOSED,2022-03-26,NO_RESPONSE,
M005,C0016796,2022-03-24,EXPOSED,2022-04-11,NO_RESPONSE,
M005,C0000825,2022-03-25,EXPOSED,2022-03-27,NO_RESPONSE,
M005,C0002105,2022-03-25,EXPOSED,2022-04-03,NO_RESPONSE,
M005,C0007630,2022-03-25,NOT_EXPOSED,,,
M005,C0007672,2022-03-25,EXPOSED,2022-03-27,NO_RESPONSE,
M005,C0008048,2022-03-25,EXPOSED,2022-03-31,NO_RESPONSE,
M005,C0008369,2022-03-25,EXPOSED,2022-04-02,POSITIVE,2022-04-04
M005,C0008957,2022-03-25,EXPOSED,2022-03-31,NO_RESPONSE,
M005,C0010245,2022-03-25,EXPOSED,2022-04-10,NO_RESPONSE,
M005,C0011642,2022-03-25,EXPOSED,2022-03-25,POSITIVE,2022-03-28
M005,C0014780,2022-03-25,EXPOSED,2022-04-04,NO_RESPONSE,
M005,C0016022,2022-03-25,EXPOSED,2022-03-27,POSITIVE,2022-03-29
M005,C0017191,2022-03-25,NOT_EXPOSED,,,
M005,C0018952,2022-03-25,EXPOSED,2022-03-28,NO_RESPONSE,
M005,C0019787,2022-03-25,NOT_EXPOSED,,,
M005,C0001593,2022-03-26,NOT_EXPOSED,,,
M005,C0006632,2022-03-26,EXPOSED,2022-03-31,NO_RESPONSE,
M005,C0007256,2022-03-26,EXPOSED,2022-04-02,NO_RESPONSE,
M005,C0009467,2022-03-26,EXPOSED,2022-04-03,NO_RESPONSE,
M005,C0009635,2022-03-26,NOT_EXPOSED,,,
M005,C0012452,2022-03-26,EXPOSED,2022-04-03,NO_RESPONSE,
M005,C0017304,2022-03-26,EXPOSED,2022-04-03,NO_RESPONSE,
M005,C0018958,2022-03-26,EXPOSED,2022-03-27,NO_RESPONSE,
M005,C0019237,2022-03-26,EXPOSED,2022-04-04,NO_RESPONSE,
M005,C0019257,2022-03-26,EXPOSED,2022-04-01,NO_RESPONSE,
M005,C0000515,2022-03-27,EXPOSED,2022-04-01,NO_RESPONSE,
M005,C0001139,2022-03-27,NOT_EXPOSED,,,
M005,C0001929,2022-03-27,EXPOSED,2022-03-28,POSITIVE,2022-03-30
M005,C0004829,2022-03-27,EXPOSED,2022-04-03,NO_RESPONSE,
M005,C0005846,2022-03-27,EXPOSED,2022-03-27,NO_RESPONSE,
M005,C0007723,2022-03-27,EXPOSED,2022-04-06,POSITIVE,2022-04-10
M005,C0008521,2022-03-27,NOT_EXPOSED,,,
M005,C0013558,2022-03-27,EXPOSED,2022-04-11,NO_RESPONSE,
M005,C0014840,2022-03-27,EXPOSED,2022-03-28,NEGATIVE,2022-03-30
M005,C0003032,2022-03-28,NOT_EXPOSED,,,
M005,C0007473,2022-03-28,EXPOSED,2022-04-06,NO_RESPONSE,
M005,C0009341,2022-03-28,EXPOSED,2022-03-30,NO_RESPONSE,
M005,C0012350,2022-03-28,EXPOSED,2022-04-04,NO_RESPONSE,
M005,C0012937,2022-03-28,EXPOSED,2022-04-05,POSITIVE,2022-04-10
M005,C0016984,2022-03-28,EXPOSED,2022-04-09,NO_RESPONSE,
M005,C0006283,2022-03-29,EXPOSED,2022-04-02,NEUTRAL,2022-04-05
M005,C0006284,2022-03-29,EXPOSED,2022-03-29,NO_RESPONSE,
M005,C0006536,2022-03-29,NOT_EXPOSED,,,
M005,C0008073,2022-03-29,EXPOSED,2022-04-05,NO_RESPONSE,
M005,C0009498,2022-03-29,EXPOSED,2022-04-03,NO_RESPONSE,
M005,C0012342,2022-03-29,EXPOSED,2022-04-08,NO_RESPONSE,
M005,C0017783,2022-03-29,EXPOSED,2022-04-06,NO_RESPONSE,
M005,C0018072,2022-03-29,EXPOSED,2022-03-30,NO_RESPONSE,
M005,C0018977,2022-03-29,EXPOSED,2022-04-01,POSITIVE,2022-04-04
M005,C0019442,2022-03-29,EXPOSED,2022-03-31,NO_RESPONSE,
M005,C0003127,2022-03-30,EXPOSED,2022-04-05,NO_RESPONSE,
M005,C0005069,2022-03-30,EXPOSED,2022-04-01,NO_RESPONSE,
M005,C0008568,2022-03-30,EXPOSED,2022-04-02,NO_RESPONSE,
M005,C0010406,2022-03-30,EXPOSED,2022-04-04,NO_RESPONSE,
M005,C0011809,2022-03-30,EXPOSED,2022-04-03,NO_RESPONSE,
M005,C0012496,2022-03-30,EXPOSED,2022-04-01,NO_RESPONSE,
M005,C0013148,2022-03-30,EXPOSED,2022-04-09,NO_RESPONSE,
M005,C0016208,2022-03-30,EXPOSED,2022-04-03,NO_RESPONSE,
M005,C0018518,2022-03-30,EXPOSED,2022-04-07,NO_RESPONSE,
M005,C0018577,2022-03-30,EXPOSED,2022-04-01,NO_RESPONSE,
M005,C0018600,2022-03-30,EXPOSED,2022-04-08,NO_RESPONSE,
M005,C0018689,2022-03-30,EXPOSED,2022-04-12,NO_RESPONSE,
M005,C0003728,2022-03-31,EXPOSED,2022-04-09,NO_RESPONSE,
M005,C0011874,2022-03-31,EXPOSED,2022-04-06,NO_RESPONSE,
M005,C0014656,2022-03-31,EXPOSED,2022-04-05,POSITIVE,2022-04-11
M005,C0015120,2022-03-31,EXPOSED,2022-04-03,NO_RESPONSE,
M005,C0017359,2022-03-31,EXPOSED,2022-04-11,NO_RESPONSE,
M005,C0019019,2022-03-31,EXPOSED,2022-04-11,NO_RESPONSE,
M005,C0019385,2022-03-31,EXPOSED,2022-04-09,NO_RESPONSE,
M005,C0000727,2022-04-01,EXPOSED,2022-04-11,POSITIVE,2022-04-16
M005,C0001383,2022-04-01,NOT_EXPOSED,,,
M005,C0005813,2022-04-01,EXPOSED,2022-04-06,NO_RESPONSE,
M005,C0009673,2022-04-01,NOT_EXPOSED,,,
M005,C0009702,2022-04-01,EXPOSED,2022-04-04,NO_RESPONSE,
M005,C0010531,2022-04-01,EXPOSED,2022-04-09,NO_RESPONSE,
M005,C0012299,2022-04-01,EXPOSED,2022-04-02,NO_RESPONSE,
M005,C0013801,2022-04-01,EXPOSED,2022-04-04,NO_RESPONSE,
M005,C0014855,2022-04-01,EXPOSED,2022-04-07,NO_RESPONSE,
M005,C0001099,2022-04-02,EXPOSED,2022-04-09,NEGATIVE,2022-04-14
M005,C0002213,2022-04-02,EXPOSED,2022-04-07,NO_RESPONSE,
M005,C0004107,2022-04-02,EXPOSED,2022-04-06,NO_RESPONSE,
M005,C0004971,2022-04-02,EXPOSED,2022-04-12,NO_RESPONSE,
M005,C0007770,2022-04-02,EXPOSED,2022-04-06,NO_RESPONSE,
M005,C0008695,2022-04-02,NOT_EXPOSED,,,
M005,C0011288,2022-04-02,EXPOSED,2022-04-03,NO_RESPONSE,
M005,C0011934,2022-04-02,EXPOSED,2022-04-09,NO_RESPONSE,
M005,C0014990,2022-04-02,EXPOSED,2022-04-08,POSITIVE,2022-04-10
M005,C0015821,2022-04-02,EXPOSED,2022-04-10,NO_RESPONSE,
M005,C0006469,2022-04-03,EXPOSED,2022-04-07,NO_RESPONSE,
M005,C0007524,2022-04-03,EXPOSED,2022-04-06,NEUTRAL,2022-04-13
M005,C0010724,2022-04-03,EXPOSED,2022-04-09,NO_RESPONSE,
M005,C0011714,2022-04-03,NOT_EXPOSED,,,
M005,C0014952,2022-04-03,EXPOSED,2022-04-04,NEUTRAL,2022-04-14
M005,C0019828,2022-04-03,EXPOSED,2022-04-11,NO_RESPONSE,
M005,C0001263,2022-04-04,EXPOSED,2022-04-11,NO_RESPONSE,
M005,C0003593,2022-04-04,EXPOSED,2022-04-09,NO_RESPONSE,
M005,C0008560,2022-04-04,EXPOSED,2022-04-13,NO_RESPONSE,
M005,C0011776,2022-04-04,EXPOSED,2022-04-10,NO_RESPONSE,
M005,C0012282,2022-04-04,EXPOSED,2022-04-07,NEGATIVE,2022-04-19
M005,C0001801,2022-04-05,EXPOSED,2022-04-11,NO_RESPONSE,
M005,C0001958,2022-04-05,EXPOSED,2022-04-09,NO_RESPONSE,
M005,C0010466,2022-04-05,EXPOSED,2022-04-09,NO_RESPONSE,
M005,C0013514,2022-04-05,EXPOSED,2022-04-10,NO_RESPONSE,
M005,C0014270,2022-04-05,EXPOSED,2022-04-07,POSITIVE,2022-04-09
M005,C0018796,2022-04-05,EXPOSED,2022-04-06,NO_RESPONSE,
M005,C0000178,2022-04-06,EXPOSED,2022-04-10,NEGATIVE,2022-04-17
M005,C0001944,2022-04-06,EXPOSED,2022-04-07,NO_RESPONSE,
M005,C0003036,2022-04-06,EXPOSED,2022-04-10,NO_RESPONSE,
M005,C0007705,2022-04-06,EXPOSED,2022-04-09,NO_RESPONSE,
M005,C0010539,2022-04-06,EXPOSED,2022-04-13,NO_RESPONSE,
M005,C0012911,2022-04-06,EXPOSED,2022-04-14,NO_RESPONSE,
M005,C0016898,2022-04-06,EXPOSED,2022-04-11,NO_RESPONSE,
M005,C0003115,2022-04-07,EXPOSED,2022-04-11,POSITIVE,2022-04-14
M005,C0003247,2022-04-07,EXPOSED,2022-04-13,NO_RESPONSE,
M005,C0017473,2022-04-07,EXPOSED,2022-04-13,NO_RESPONSE,
M005,C0000085,2022-04-08,EXPOSED,2022-04-11,NO_RESPONSE,
M005,C0005246,2022-04-08,EXPOSED,2022-04-09,NO_RESPONSE,
M005,C0006402,2022-04-08,EXPOSED,2022-04-08,NO_RESPONSE,
M005,C0007361,2022-04-08,EXPOSED,2022-04-08,NO_RESPONSE,
M005,C0016849,2022-04-08,EXPOSED,2022-04-12,POSITIVE,2022-04-15
M005,C0018424,2022-04-08,NOT_EXPOSED,,,
M005,C0006179,2022-04-09,EXPOSED,2022-04-11,NO_RESPONSE,
M005,C0003934,2022-04-10,EXPOSED,2022-04-11,NO_RESPONSE,
M005,C0010760,2022-04-10,EXPOSED,2022-04-14,NEGATIVE,2022-04-18
M005,C0011671,2022-04-10,EXPOSED,2022-04-10,NO_RESPONSE,
M005,C0013052,2022-04-10,EXPOSED,2022-04-14,NO_RESPONSE,
M005,C0018259,2022-04-10,EXPOSED,2022-04-12,NO_RESPONSE,
M005,C0007782,2022-04-11,EXPOSED,2022-04-11,POSITIVE,2022-04-15
M005,C0013989,2022-04-11,EXPOSED,2022-04-11,NO_RESPONSE,
M005,C0017357,2022-04-11,EXPOSED,2022-04-12,NO_RESPONSE,
M005,C0010048,2022-04-12,EXPOSED,2022-04-12,NO_RESPONSE,
M005,C0011932,2022-04-12,EXPOSED,2022-04-13,NO_RESPONSE,
M005,C0013063,2022-04-12,EXPOSED,2022-04-12,NO_RESPONSE,
M005,C0019113,2022-04-12,NOT_EXPOSED,,,
M005,C0018441,2022-04-13,EXPOSED,2022-04-14,POSITIVE,2022-04-17
M005,C0019201,2022-04-13,EXPOSED,2022-04-14,NO_RESPONSE,
M005,C0007983,2022-04-14,EXPOSED,2022-04-15,NO_RESPONSE,
M006,C0017815,2022-04-01,EXPOSED,2022-04-24,NO_RESPONSE,
M006,C0016298,2022-04-03,EXPOSED,2022-05-13,NO_RESPONSE,
M006,C0006389,2022-04-05,EXPOSED,2022-05-20,NO_RESPONSE,
M006,C0008342,2022-04-07,EXPOSED,2022-06-17,NO_RESPONSE,
M006,C0009475,2022-04-08,EXPOSED,2022-05-23,NO_RESPONSE,
M006,C0012426,2022-04-08,EXPOSED,2022-07-26,NO_RESPONSE,
M006,C0008844,2022-04-09,NOT_EXPOSED,,,
M006,C0009670,2022-04-09,NOT_EXPOSED,,,
M006,C0015761,2022-04-10,EXPOSED,2022-04-19,POSITIVE,2022-06-01
M006,C0003774,2022-04-12,EXPOSED,2022-06-01,NO_RESPONSE,
M006,C0004060,2022-04-13,EXPOSED,2022-04-20,NO_RESPONSE,
M006,C0004531,2022-04-13,EXPOSED,2022-05-11,NO_RESPONSE,
M006,C0009289,2022-04-13,NOT_EXPOSED,,,
M006,C0001228,2022-04-15,EXPOSED,2022-04-17,NO_RESPONSE,
M006,C0004341,2022-04-15,EXPOSED,2022-05-07,NO_RESPONSE,
M006,C0011132,2022-04-16,EXPOSED,2022-05-17,NEUTRAL,2022-05-24
M006,C0016308,2022-04-17,NOT_EXPOSED,,,
M006,C0002176,2022-04-18,EXPOSED,2022-05-16,NO_RESPONSE,
M006,C0002320,2022-04-18,EXPOSED,2022-04-26,NO_RESPONSE,
M006,C0007375,2022-04-18,NOT_EXPOSED,,,
M006,C0010440,2022-04-19,EXPOSED,2022-06-14,NO_RESPONSE,
M006,C0012619,2022-04-19,EXPOSED,2022-06-05,NO_RESPONSE,
M006,C0019272,2022-04-19,EXPOSED,2022-05-15,NO_RESPONSE,
M006,C0008159,2022-04-22,NOT_EXPOSED,,,
M006,C0005323,2022-04-23,NOT_EXPOSED,,,
M006,C0009715,2022-04-23,EXPOSED,2022-06-14,NO_RESPONSE,
M006,C0012684,2022-04-23,EXPOSED,2022-05-31,NO_RESPONSE,
M006,C0000857,2022-04-24,EXPOSED,2022-04-28,NO_RESPONSE,
M006,C0004009,2022-04-24,EXPOSED,2022-07-06,NEUTRAL,2022-08-03
M006,C0007278,2022-04-24,EXPOSED,2022-05-15,NO_RESPONSE,
M006,C0017922,2022-04-24,EXPOSED,2022-05-21,NO_RESPONSE,
M006,C0019279,2022-04-24,NOT_EXPOSED,,,
M006,C0019690,2022-04-25,EXPOSED,2022-06-25,NO_RESPONSE,
M006,C0001042,2022-04-26,NOT_EXPOSED,,,
M006,C0008290,2022-04-26,EXPOSED,2022-06-07,NO_RESPONSE,
M006,C0012197,2022-04-26,EXPOSED,2022-06-29,NO_RESPONSE,
M006,C0013807,2022-04-26,EXPOSED,2022-06-19,NO_RESPONSE,
M006,C0000490,2022-04-27,NOT_EXPOSED,,,
M006,C0003397,2022-04-27,EXPOSED,2022-07-04,NO_RESPONSE,
M006,C0017012,2022-04-28,EXPOSED,2022-07-13,NO_RESPONSE,
M006,C0012159,2022-04-29,EXPOSED,2022-05-28,POSITIVE,2022-06-13
M006,C0017802,2022-04-29,NOT_EXPOSED,,,
M006,C0008478,2022-04-30,EXPOSED,2022-05-03,NO_RESPONSE,
M006,C0016789,2022-04-30,EXPOSED,2022-05-12,NO_RESPONSE,
M006,C0014118,2022-05-02,EXPOSED,2022-06-01,NO_RESPONSE,
M006,C0010682,2022-05-03,NOT_EXPOSED,,,
M006,C0011380,2022-05-03,EXPOSED,2022-07-21,NO_RESPONSE,
M006,C0016670,2022-05-03,EXPOSED,2022-07-10,NO_RESPONSE,
M006,C0017664,2022-05-03,EXPOSED,2022-06-01,NO_RESPONSE,
M006,C0019450,2022-05-03,EXPOSED,2022-06-17,NO_RESPONSE,
M006,C0013964,2022-05-04,EXPOSED,2022-06-06,NO_RESPONSE,
M006,C0000547,2022-05-05,EXPOSED,2022-06-20,NO_RESPONSE,
M006,C0007137,2022-05-05,EXPOSED,2022-05-14,NO_RESPONSE,
M006,C0016629,2022-05-05,EXPOSED,2022-05-07,NO_RESPONSE,
M006,C0003717,2022-05-06,EXPOSED,2022-06-13,NO_RESPONSE,
M006,C0009303,2022-05-06,EXPOSED,2022-06-02,NO_RESPONSE,
M006,C0018639,2022-05-06,NOT_EXPOSED,,,
M006,C0000457,2022-05-07,NOT_EXPOSED,,,
M006,C0003165,2022-05-07,EXPOSED,2022-06-03,NO_RESPONSE,
M006,C0005095,2022-05-07,EXPOSED,2022-06-16,POSITIVE,2022-06-25
M006,C0009253,2022-05-07,EXPOSED,2022-05-08,POSITIVE,2022-05-26
M006,C0016024,2022-05-07,EXPOSED,2022-06-14,NO_RESPONSE,
M006,C0018666,2022-05-07,EXPOSED,2022-06-16,NEGATIVE,2022-06-23
M006,C0010154,2022-05-08,EXPOSED,2022-05-23,NO_RESPONSE,
M006,C0010722,2022-05-08,EXPOSED,2022-06-07,NO_RESPONSE,
M006,C0002310,2022-05-09,EXPOSED,2022-06-24,NO_RESPONSE,
M006,C0007142,2022-05-09,EXPOSED,2022-05-28,NO_RESPONSE,
M006,C0011567,2022-05-10,EXPOSED,2022-06-24,NO_RESPONSE,
M006,C0016091,2022-05-11,EXPOSED,2022-05-30,NO_RESPONSE,
M006,C0008177,2022-05-14,EXPOSED,2022-07-01,POSITIVE,2022-07-02
M006,C0010439,2022-05-15,EXPOSED,2022-05-24,NO_RESPONSE,
M006,C0006007,2022-05-16,EXPOSED,2022-07-27,NO_RESPONSE,
M006,C0012260,2022-05-16,EXPOSED,2022-06-19,NO_RESPONSE,
M006,C0015744,2022-05-16,EXPOSED,2022-06-30,NO_RESPONSE,
M006,C0019677,2022-05-17,EXPOSED,2022-05-30,NEGATIVE,2022-06-06
M006,C0002268,2022-05-18,EXPOSED,2022-07-30,NEUTRAL,2022-08-04
M006,C0004918,2022-05-18,NOT_EXPOSED,,,
M006,C0011338,2022-05-18,NOT_EXPOSED,,,
M006,C0011609,2022-05-18,EXPOSED,2022-06-13,NO_RESPONSE,
M006,C0013209,2022-05-19,EXPOSED,2022-07-07,NEGATIVE,2022-08-01
M006,C0011136,2022-05-20,EXPOSED,2022-07-26,NO_RESPONSE,
M006,C0013960,2022-05-20,EXPOSED,2022-05-27,NO_RESPONSE,
M006,C0019820,2022-05-20,EXPOSED,2022-06-16,NO_RESPONSE,
M006,C0003755,2022-05-21,EXPOSED,2022-07-09,NO_RESPONSE,
M006,C0007822,2022-05-21,EXPOSED,2022-06-26,NO_RESPONSE,
M006,C0016836,2022-05-21,NOT_EXPOSED,,,
M006,C0000540,2022-05-22,EXPOSED,2022-06-01,NO_RESPONSE,
M006,C0012561,2022-05-22,EXPOSED,2022-07-04,NO_RESPONSE,
M006,C0015951,2022-05-22,EXPOSED,2022-06-13,NO_RESPONSE,
M006,C0004441,2022-05-24,EXPOSED,2022-07-13,NO_RESPONSE,
M006,C0009135,2022-05-25,EXPOSED,2022-06-06,NO_RESPONSE,
M006,C0008176,2022-05-26,EXPOSED,2022-06-08,NO_RESPONSE,
M006,C0010304,2022-05-26,EXPOSED,2022-06-17,NO_RESPONSE,
M006,C0012476,2022-05-26,EXPOSED,2022-06-08,NO_RESPONSE,
M006,C0017549,2022-05-26,EXPOSED,2022-06-23,NO_RESPONSE,
M006,C0003726,2022-05-27,EXPOSED,2022-06-30,NO_RESPONSE,
M006,C0011864,2022-05-27,NOT_EXPOSED,,,
M006,C0016449,2022-05-27,EXPOSED,2022-06-27,NEGATIVE,2022-08-01
M006,C0018753,2022-05-27,EXPOSED,2022-06-18,POSITIVE,2022-07-12
M006,C0005651,2022-05-28,EXPOSED,2022-06-29,POSITIVE,2022-07-24
M006,C0012105,2022-05-29,EXPOSED,2022-07-11,NO_RESPONSE,
M006,C0017977,2022-05-29,NOT_EXPOSED,,,
M006,C0011471,2022-05-30,EXPOSED,2022-06-28,POSITIVE,2022-07-13
M006,C0000640,2022-05-31,NOT_EXPOSED,,,
M006,C0019916,2022-06-01,EXPOSED,2022-06-20,NO_RESPONSE,
M006,C0001058,2022-06-03,EXPOSED,2022-06-06,NO_RESPONSE,
M006,C0010836,2022-06-04,EXPOSED,2022-07-07,NO_RESPONSE,
M006,C0014151,2022-06-04,EXPOSED,2022-06-08,NO_RESPONSE,
M006,C0001262,2022-06-05,NOT_EXPOSED,,,
M006,C0009623,2022-06-07,EXPOSED,2022-07-11,NO_RESPONSE,
M006,C0018114,2022-06-07,EXPOSED,2022-06-21,NO_RESPONSE,
M006,C0005226,2022-06-08,EXPOSED,2022-06-13,NO_RESPONSE,
M006,C0006608,2022-06-08,EXPOSED,2022-06-24,NO_RESPONSE,
M006,C0010511,2022-06-08,EXPOSED,2022-06-13,NO_RESPONSE,
M006,C0014188,2022-06-08,NOT_EXPOSED,,,
M006,C0019600,2022-06-08,EXPOSED,2022-07-17,NO_RESPONSE,
M006,C0003464,2022-06-09,EXPOSED,2022-06-30,POSITIVE,2022-07-12
M006,C0002518,2022-06-11,EXPOSED,2022-07-09,NO_RESPONSE,
M006,C0012692,2022-06-12,EXPOSED,2022-07-07,NO_RESPONSE,
M006,C0001435,2022-06-13,EXPOSED,2022-07-16,NO_RESPONSE,
M006,C0005055,2022-06-13,EXPOSED,2022-07-18,POSITIVE,2022-08-15
M006,C0014905,2022-06-13,EXPOSED,2022-06-29,NO_RESPONSE,
M006,C0010042,2022-06-15,EXPOSED,2022-07-27,NO_RESPONSE,
M006,C0019023,2022-06-15,EXPOSED,2022-06-28,NO_RESPONSE,
M006,C0009306,2022-06-16,EXPOSED,2022-07-13,NO_RESPONSE,
M006,C0016432,2022-06-17,NOT_EXPOSED,,,
M006,C0003993,2022-06-18,NOT_EXPOSED,,,
M006,C0004158,2022-06-18,NOT_EXPOSED,,,
M006,C0004075,2022-06-19,EXPOSED,2022-07-11,NO_RESPONSE,
M006,C0000717,2022-06-20,EXPOSED,2022-07-07,NO_RESPONSE,
M006,C0003237,2022-06-20,NOT_EXPOSED,,,
M006,C0008286,2022-06-20,EXPOSED,2022-07-05,NO_RESPONSE,
M006,C0008301,2022-06-20,NOT_EXPOSED,,,
M006,C0013914,2022-06-20,EXPOSED,2022-07-03,NO_RESPONSE,
M006,C0002671,2022-06-21,NOT_EXPOSED,,,
M006,C0012658,2022-06-21,EXPOSED,2022-07-08,NO_RESPONSE,
M006,C0019200,2022-06-21,EXPOSED,2022-07-01,NO_RESPONSE,
M006,C0012947,2022-06-22,NOT_EXPOSED,,,
M006,C0016864,2022-06-24,EXPOSED,2022-07-05,NO_RESPONSE,
M006,C0006659,2022-06-25,NOT_EXPOSED,,,
M006,C0013345,2022-06-25,NOT_EXPOSED,,,
M006,C0015182,2022-06-25,EXPOSED,2022-07-23,NO_RESPONSE,
M006,C0015703,2022-06-25,EXPOSED,2022-07-17,NO_RESPONSE,
M006,C0005406,2022-06-26,EXPOSED,2022-07-21,NEUTRAL,2022-08-12
M006,C0018648,2022-06-26,EXPOSED,2022-07-13,NEUTRAL,2022-08-12
M006,C0017951,2022-06-30,EXPOSED,2022-07-19,NO_RESPONSE,
M006,C0001607,2022-07-01,EXPOSED,2022-07-09,NO_RESPONSE,
M006,C0002950,2022-07-01,EXPOSED,2022-07-09,NO_RESPONSE,
M006,C0014136,2022-07-01,NOT_EXPOSED,,,
M006,C0015000,2022-07-01,EXPOSED,2022-07-16,NO_RESPONSE,
M006,C0006857,2022-07-04,NOT_EXPOSED,,,
M006,C0005157,2022-07-06,EXPOSED,2022-07-13,NO_RESPONSE,
M006,C0001455,2022-07-08,EXPOSED,2022-07-20,NO_RESPONSE,
M006,C0010057,2022-07-08,NOT_EXPOSED,,,
M006,C0010816,2022-07-08,EXPOSED,2022-07-15,NEUTRAL,2022-07-19
M006,C0005078,2022-07-09,EXPOSED,2022-07-14,NO_RESPONSE,
M006,C0004907,2022-07-10,EXPOSED,2022-07-11,NO_RESPONSE,
M006,C0006461,2022-07-13,EXPOSED,2022-07-15,NEUTRAL,2022-07-24
M006,C0018083,2022-07-14,EXPOSED,2022-07-15,NO_RESPONSE,
M006,C0019731,2022-07-15,EXPOSED,2022-07-15,POSITIVE,2022-08-20
M006,C0011731,2022-07-17,EXPOSED,2022-07-20,NO_RESPONSE,
M006,C0008639,2022-07-21,EXPOSED,2022-07-25,NO_RESPONSE,
M007,C0015255,2022-08-01,EXPOSED,2022-08-06,NO_RESPONSE,
M007,C0018561,2022-08-01,EXPOSED,2022-08-10,POSITIVE,2022-08-14
M007,C0000420,2022-08-02,EXPOSED,2022-09-07,NO_RESPONSE,
M007,C0000567,2022-08-02,NOT_EXPOSED,,,
M007,C0000617,2022-08-02,EXPOSED,2022-10-10,NO_RESPONSE,
M007,C0002255,2022-08-02,EXPOSED,2022-09-10,NO_RESPONSE,
M007,C0003362,2022-08-02,EXPOSED,2022-09-28,NO_RESPONSE,
M007,C0004281,2022-08-02,EXPOSED,2022-09-20,NO_RESPONSE,
M007,C0004831,2022-08-02,EXPOSED,2022-08-28,NO_RESPONSE,
M007,C0008227,2022-08-02,EXPOSED,2022-09-11,NO_RESPONSE,
M007,C0008290,2022-08-02,EXPOSED,2022-10-19,NO_RESPONSE,
M007,C0008549,2022-08-02,EXPOSED,2022-11-09,NO_RESPONSE,
M007,C0008924,2022-08-02,EXPOSED,2022-08-07,NO_RESPONSE,
M007,C0010128,2022-08-02,EXPOSED,2022-08-08,NEGATIVE,2022-08-08
M007,C0010158,2022-08-02,EXPOSED,2022-10-08,NO_RESPONSE,
M007,C0012563,2022-08-02,EXPOSED,2022-09-27,NO_RESPONSE,
M007,C0012913,2022-08-02,EXPOSED,2022-10-16,NO_RESPONSE,
M007,C0013245,2022-08-02,NOT_EXPOSED,,,
M007,C0014605,2022-08-02,EXPOSED,2022-10-03,NO_RESPONSE,
M007,C0014686,2022-08-02,EXPOSED,2022-09-04,NO_RESPONSE,
M007,C0015215,2022-08-02,EXPOSED,2022-10-01,POSITIVE,2022-10-05
M007,C0015238,2022-08-02,EXPOSED,2022-09-30,NO_RESPONSE,
M007,C0017148,2022-08-02,EXPOSED,2022-09-18,NO_RESPONSE,
M007,C0018126,2022-08-02,EXPOSED,2022-10-06,NO_RESPONSE,
M007,C0018450,2022-08-02,NOT_EXPOSED,,,
M007,C0018799,2022-08-02,EXPOSED,2022-09-23,NO_RESPONSE,
M007,C0001573,2022-08-03,EXPOSED,2022-09-09,NO_RESPONSE,
M007,C0001970,2022-08-03,EXPOSED,2022-09-02,NO_RESPONSE,
M007,C0006077,2022-08-03,EXPOSED,2022-08-16,NO_RESPONSE,
M007,C0006211,2022-08-03,EXPOSED,2022-09-19,POSITIVE,2022-09-24
M007,C0007143,2022-08-03,EXPOSED,2022-09-21,NO_RESPONSE,
M007,C0010715,2022-08-03,EXPOSED,2022-08-25,NO_RESPONSE,
M007,C0013647,2022-08-03,EXPOSED,2022-10-17,NO_RESPONSE,
M007,C0014396,2022-08-03,EXPOSED,2022-10-11,NO_RESPONSE,
M007,C0015100,2022-08-03,EXPOSED,2022-08-07,NO_RESPONSE,
M007,C0015937,2022-08-03,NOT_EXPOSED,,,
M007,C0017892,2022-08-03,EXPOSED,2022-09-20,NO_RESPONSE,
M007,C0018040,2022-08-03,EXPOSED,2022-11-01,NO_RESPONSE,
M007,C0019438,2022-08-03,EXPOSED,2022-10-12,NO_RESPONSE,
M007,C0000079,2022-08-04,EXPOSED,2022-09-11,NO_RESPONSE,
M007,C0001865,2022-08-04,NOT_EXPOSED,,,
M007,C0005518,2022-08-04,EXPOSED,2022-09-09,NO_RESPONSE,
M007,C0005591,2022-08-04,EXPOSED,2022-09-05,NO_RESPONSE,
M007,C0007784,2022-08-04,EXPOSED,2022-08-11,NO_RESPONSE,
M007,C0007920,2022-08-04,EXPOSED,2022-09-05,NO_RESPONSE,
M007,C0008180,2022-08-04,NOT_EXPOSED,,,
M007,C0009617,2022-08-04,EXPOSED,2022-08-28,NO_RESPONSE,
M007,C0011795,2022-08-04,NOT_EXPOSED,,,
M007,C0012658,2022-08-04,EXPOSED,2022-09-22,NO_RESPONSE,
M007,C0014876,2022-08-04,EXPOSED,2022-10-28,NO_RESPONSE,
M007,C0016473,2022-08-04,NOT_EXPOSED,,,
M007,C0016790,2022-08-04,EXPOSED,2022-10-02,NO_RESPONSE,
M007,C0017693,2022-08-04,EXPOSED,2022-09-18,NO_RESPONSE,
M007,C0018270,2022-08-04,EXPOSED,2022-10-21,POSITIVE,2022-10-25
M007,C0018467,2022-08-04,EXPOSED,2022-10-13,NO_RESPONSE,
M007,C0000442,2022-08-05,EXPOSED,2022-08-18,POSITIVE,2022-08-20
M007,C0000847,2022-08-05,EXPOSED,2022-08-28,NO_RESPONSE,
M007,C0000850,2022-08-05,EXPOSED,2022-09-02,NO_RESPONSE,
M007,C0001946,2022-08-05,EXPOSED,2022-09-25,NO_RESPONSE,
M007,C0003337,2022-08-05,EXPOSED,2022-09-17,NO_RESPONSE,
M007,C0003890,2022-08-05,EXPOSED,2022-09-29,NO_RESPONSE,
M007,C0004005,2022-08-05,EXPOSED,2022-10-09,NO_RESPONSE,
M007,C0004523,2022-08-05,EXPOSED,2022-09-29,POSITIVE,2022-10-01
M007,C0005071,2022-08-05,EXPOSED,2022-10-05,NO_RESPONSE,
M007,C0007324,2022-08-05,EXPOSED,2022-11-05,NO_RESPONSE,
M007,C0008141,2022-08-05,EXPOSED,2022-08-08,NO_RESPONSE,
M007,C0008316,2022-08-05,EXPOSED,2022-09-16,NEUTRAL,2022-09-17
M007,C0008608,2022-08-05,EXPOSED,2022-09-04,NO_RESPONSE,
M007,C0008770,2022-08-05,EXPOSED,2022-11-13,NO_RESPONSE,
M007,C0008997,2022-08-05,EXPOSED,2022-08-14,NO_RESPONSE,
M007,C0009321,2022-08-05,EXPOSED,2022-08-26,NO_RESPONSE,
M007,C0009662,2022-08-05,EXPOSED,2022-08-30,NO_RESPONSE,
M007,C0009884,2022-08-05,NOT_EXPOSED,,,
M007,C0010341,2022-08-05,EXPOSED,2022-09-14,POSITIVE,2022-09-19
M007,C0010403,2022-08-05,EXPOSED,2022-08-26,NO_RESPONSE,
M007,C0011045,2022-08-05,EXPOSED,2022-10-15,NO_RESPONSE,
M007,C0012280,2022-08-05,EXPOSED,2022-10-05,NO_RESPONSE,
M007,C0014447,2022-08-05,EXPOSED,2022-11-13,NEGATIVE,2022-11-21
M007,C0015468,2022-08-05,EXPOSED,2022-10-29,NO_RESPONSE,
M007,C0016250,2022-08-05,EXPOSED,2022-09-28,NO_RESPONSE,
M007,C0016254,2022-08-05,EXPOSED,2022-08-21,NO_RESPONSE,
M007,C0016350,2022-08-05,EXPOSED,2022-08-21,POSITIVE,2022-08-27
M007,C0016495,2022-08-05,EXPOSED,2022-11-23,POSITIVE,2022-12-08
M007,C0017515,2022-08-05,EXPOSED,2022-10-10,NO_RESPONSE,
M007,C0019734,2022-08-05,EXPOSED,2022-10-23,NO_RESPONSE,
M007,C0019884,2022-08-05,EXPOSED,2022-08-31,NO_RESPONSE,
M007,C0002043,2022-08-06,NOT_EXPOSED,,,
M007,C0003532,2022-08-06,EXPOSED,2022-10-08,POSITIVE,2022-10-20
M007,C0004539,2022-08-06,EXPOSED,2022-09-21,NO_RESPONSE,
M007,C0005836,2022-08-06,EXPOSED,2022-08-20,NO_RESPONSE,
M007,C0006723,2022-08-06,EXPOSED,2022-08-26,NO_RESPONSE,
M007,C0007284,2022-08-06,EXPOSED,2022-08-25,NO_RESPONSE,
M007,C0008758,2022-08-06,EXPOSED,2022-08-18,NO_RESPONSE,
M007,C0009133,2022-08-06,EXPOSED,2022-09-09,NO_RESPONSE,
M007,C0009251,2022-08-06,EXPOSED,2022-08-30,NO_RESPONSE,
M007,C0009649,2022-08-06,EXPOSED,2022-10-13,NEUTRAL,2022-10-19
M007,C0010735,2022-08-06,EXPOSED,2022-08-24,POSITIVE,2022-08-30
M007,C0012320,2022-08-06,EXPOSED,2022-08-23,NO_RESPONSE,
M007,C0012394,2022-08-06,EXPOSED,2022-10-14,NO_RESPONSE,
M007,C0012440,2022-08-06,EXPOSED,2022-09-03,POSITIVE,2022-09-11
M007,C0013457,2022-08-06,EXPOSED,2022-08-26,NO_RESPONSE,
M007,C0013664,2022-08-06,EXPOSED,2022-10-08,NO_RESPONSE,
M007,C0013905,2022-08-06,EXPOSED,2022-09-20,NO_RESPONSE,
M007,C0014227,2022-08-06,EXPOSED,2022-09-22,NEGATIVE,2022-09-22
M007,C0014521,2022-08-06,EXPOSED,2022-08-18,NO_RESPONSE,
M007,C0014991,2022-08-06,EXPOSED,2022-08-16,NO_RESPONSE,
M007,C0015181,2022-08-06,EXPOSED,2022-10-05,NO_RESPONSE,
M007,C0015660,2022-08-06,EXPOSED,2022-08-21,NO_RESPONSE,
M007,C0015878,2022-08-06,EXPOSED,2022-09-10,NO_RESPONSE,
M007,C0015927,2022-08-06,EXPOSED,2022-09-10,POSITIVE,2022-09-13
M007,C0018456,2022-08-06,EXPOSED,2022-09-24,NO_RESPONSE,
M007,C0018693,2022-08-06,EXPOSED,2022-08-16,NO_RESPONSE,
M007,C0019637,2022-08-06,EXPOSED,2022-10-08,NO_RESPONSE,
M007,C0000740,2022-08-07,EXPOSED,2022-10-08,NO_RESPONSE,
M007,C0003546,2022-08-07,EXPOSED,2022-10-14,POSITIVE,2022-10-14
M007,C0005079,2022-08-07,EXPOSED,2022-09-04,NO_RESPONSE,
M007,C0005686,2022-08-07,EXPOSED,2022-08-21,NO_RESPONSE,
M007,C0008874,2022-08-07,EXPOSED,2022-11-13,NO_RESPONSE,
M007,C0009337,2022-08-07,EXPOSED,2022-10-02,NO_RESPONSE,
M007,C0010264,2022-08-07,NOT_EXPOSED,,,
M007,C0010294,2022-08-07,EXPOSED,2022-10-15,NO_RESPONSE,
M007,C0010698,2022-08-07,NOT_EXPOSED,,,
M007,C0010854,2022-08-07,EXPOSED,2022-09-08,NO_RESPONSE,
M007,C0010955,2022-08-07,EXPOSED,2022-11-21,NO_RESPONSE,
M007,C0012722,2022-08-07,NOT_EXPOSED,,,
M007,C0014126,2022-08-07,EXPOSED,2022-08-25,NO_RESPONSE,
M007,C0015792,2022-08-07,EXPOSED,2022-10-09,NO_RESPONSE,
M007,C0016930,2022-08-07,EXPOSED,2022-08-21,NO_RESPONSE,
M007,C0018793,2022-08-07,EXPOSED,2022-09-14,NO_RESPONSE,
M007,C0019015,2022-08-07,NOT_EXPOSED,,,
M007,C0000039,2022-08-08,EXPOSED,2022-09-17,POSITIVE,2022-09-20
M007,C0000759,2022-08-08,EXPOSED,2022-09-06,NO_RESPONSE,
M007,C0001327,2022-08-08,EXPOSED,2022-09-10,NO_RESPONSE,
M007,C0001569,2022-08-08,EXPOSED,2022-08-16,NEUTRAL,2022-08-20
M007,C0001670,2022-08-08,EXPOSED,2022-08-11,NO_RESPONSE,
M007,C0002685,2022-08-08,EXPOSED,2022-10-23,NO_RESPONSE,
M007,C0002884,2022-08-08,EXPOSED,2022-11-01,NO_RESPONSE,
M007,C0003093,2022-08-08,NOT_EXPOSED,,,
M007,C0003783,2022-08-08,EXPOSED,2022-10-12,NO_RESPONSE,
M007,C0006145,2022-08-08,EXPOSED,2022-08-26,NO_RESPONSE,
M007,C0006364,2022-08-08,NOT_EXPOSED,,,
M007,C0008166,2022-08-08,EXPOSED,2022-09-29,NEUTRAL,2022-10-10
M007,C0008341,2022-08-08,EXPOSED,2022-09-22,NO_RESPONSE,
M007,C0009670,2022-08-08,EXPOSED,2022-10-31,NO_RESPONSE,
M007,C0009948,2022-08-08,EXPOSED,2022-09-04,NO_RESPONSE,
M007,C0010352,2022-08-08,EXPOSED,2022-08-22,NO_RESPONSE,
M007,C0010561,2022-08-08,EXPOSED,2022-10-02,NO_RESPONSE,
M007,C0011550,2022-08-08,EXPOSED,2022-08-17,NO_RESPONSE,
M007,C0012006,2022-08-08,EXPOSED,2022-11-13,POSITIVE,2022-11-21
M007,C0012386,2022-08-08,EXPOSED,2022-10-28,NO_RESPONSE,
M007,C0014017,2022-08-08,EXPOSED,2022-09-16,NO_RESPONSE,
M007,C0015429,2022-08-08,EXPOSED,2022-10-18,NO_RESPONSE,
M007,C0015456,2022-08-08,EXPOSED,2022-10-05,NO_RESPONSE,
M007,C0015498,2022-08-08,EXPOSED,2022-09-08,NO_RESPONSE,
M007,C0015504,2022-08-08,EXPOSED,2022-10-13,NO_RESPONSE,
M007,C0015534,2022-08-08,NOT_EXPOSED,,,
M007,C0015642,2022-08-08,NOT_EXPOSED,,,
M007,C0015768,2022-08-08,EXPOSED,2022-09-17,NO_RESPONSE,
M007,C0015984,2022-08-08,EXPOSED,2022-08-23,NO_RESPONSE,
M007,C0016612,2022-08-08,EXPOSED,2022-09-05,NO_RESPONSE,
M007,C0016727,2022-08-08,EXPOSED,2022-10-28,NO_RESPONSE,
M007,C0017136,2022-08-08,EXPOSED,2022-10-21,NO_RESPONSE,
M007,C0017231,2022-08-08,EXPOSED,2022-08-30,NO_RESPONSE,
M007,C0017956,2022-08-08,EXPOSED,2022-08-20,NO_RESPONSE,
M007,C0018517,2022-08-08,EXPOSED,2022-10-08,NO_RESPONSE,
M007,C0019131,2022-08-08,EXPOSED,2022-11-22,NO_RESPONSE,
M007,C0019225,2022-08-08,EXPOSED,2022-08-15,NO_RESPONSE,
M007,C0019644,2022-08-08,EXPOSED,2022-09-08,NO_RESPONSE,
M007,C0000180,2022-08-09,EXPOSED,2022-09-12,NO_RESPONSE,
M007,C0000587,2022-08-09,EXPOSED,2022-10-02,NO_RESPONSE,
M007,C0001705,2022-08-09,EXPOSED,2022-09-27,NO_RESPONSE,
M007,C0002427,2022-08-09,EXPOSED,2022-10-01,NO_RESPONSE,
M007,C0003529,2022-08-09,EXPOSED,2022-10-08,NO_RESPONSE,
M007,C0003538,2022-08-09,EXPOSED,2022-09-22,NO_RESPONSE,
M007,C0005276,2022-08-09,EXPOSED,2022-09-19,NO_RESPONSE,
M007,C0005386,2022-08-09,EXPOSED,2022-09-23,NO_RESPONSE,
M007,C0005738,2022-08-09,EXPOSED,2022-09-23,NO_RESPONSE,
M007,C0006283,2022-08-09,EXPOSED,2022-10-10,NO_RESPONSE,
M007,C0006308,2022-08-09,EXPOSED,2022-09-20,NO_RESPONSE,
M007,C0008610,2022-08-09,EXPOSED,2022-10-18,NO_RESPONSE,
M007,C0009196,2022-08-09,EXPOSED,2022-09-25,NO_RESPONSE,
M007,C0009351,2022-08-09,EXPOSED,2022-09-10,NO_RESPONSE,
M007,C0009672,2022-08-09,EXPOSED,2022-08-23,NO_RESPONSE,
M007,C0009943,2022-08-09,EXPOSED,2022-10-18,NO_RESPONSE,
M007,C0010795,2022-08-09,EXPOSED,2022-09-13,NEUTRAL,2022-09-28
M007,C0011109,2022-08-09,EXPOSED,2022-10-24,NO_RESPONSE,
M007,C0011280,2022-08-09,EXPOSED,2022-08-28,POSITIVE,2022-08-30
M007,C0011433,2022-08-09,EXPOSED,2022-08-25,NO_RESPONSE,
M007,C0011451,2022-08-09,EXPOSED,2022-09-02,NO_RESPONSE,
M007,C0012371,2022-08-09,EXPOSED,2022-09-16,NO_RESPONSE,
M007,C0013352,2022-08-09,EXPOSED,2022-09-19,NO_RESPONSE,
M007,C0015685,2022-08-09,EXPOSED,2022-10-02,NO_RESPONSE,
M007,C0017356,2022-08-09,EXPOSED,2022-10-28,NO_RESPONSE,
M007,C0017727,2022-08-09,EXPOSED,2022-08-12,NO_RESPONSE,
M007,C0019197,2022-08-09,EXPOSED,2022-09-15,NO_RESPONSE,
M007,C0019616,2022-08-09,EXPOSED,2022-09-29,NO_RESPONSE,
M007,C0019979,2022-08-09,NOT_EXPOSED,,,
M007,C0000297,2022-08-10,EXPOSED,2022-10-31,NO_RESPONSE,
M007,C0000790,2022-08-10,EXPOSED,2022-09-30,NO_RESPONSE,
M007,C0002320,2022-08-10,EXPOSED,2022-09-23,NO_RESPONSE,
M007,C0002605,2022-08-10,EXPOSED,2022-08-25,NO_RESPONSE,
M007,C0004700,2022-08-10,EXPOSED,2022-09-11,NO_RESPONSE,
M007,C0006227,2022-08-10,EXPOSED,2022-10-13,NO_RESPONSE,
M007,C0007142,2022-08-10,EXPOSED,2022-08-12,NO_RESPONSE,
M007,C0009783,2022-08-10,EXPOSED,2022-11-02,NO_RESPONSE,
M007,C0010345,2022-08-10,EXPOSED,2022-11-05,NO_RESPONSE,
M007,C0011366,2022-08-10,EXPOSED,2022-08-23,NO_RESPONSE,
M007,C0011941,2022-08-10,EXPOSED,2022-09-14,NO_RESPONSE,
M007,C0012274,2022-08-10,EXPOSED,2022-11-19,NO_RESPONSE,
M007,C0012872,2022-08-10,EXPOSED,2022-09-09,NEUTRAL,2022-09-24
M007,C0012952,2022-08-10,EXPOSED,2022-09-04,NO_RESPONSE,
M007,C0012974,2022-08-10,EXPOSED,2022-11-13,NO_RESPONSE,
M007,C0013107,2022-08-10,EXPOSED,2022-10-22,NEUTRAL,2022-11-06
M007,C0013537,2022-08-10,EXPOSED,2022-09-22,NO_RESPONSE,
M007,C0013842,2022-08-10,EXPOSED,2022-08-29,NO_RESPONSE,
M007,C0014022,2022-08-10,EXPOSED,2022-09-02,NEUTRAL,2022-09-09
M007,C0015360,2022-08-10,EXPOSED,2022-10-21,NO_RESPONSE,
M007,C0016539,2022-08-10,EXPOSED,2022-08-22,POSITIVE,2022-09-12
M007,C0017440,2022-08-10,EXPOSED,2022-10-13,NO_RESPONSE,
M007,C0017475,2022-08-10,EXPOSED,2022-10-31,NO_RESPONSE,
M007,C0018240,2022-08-10,EXPOSED,2022-09-14,NO_RESPONSE,
M007,C0019181,2022-08-10,NOT_EXPOSED,,,
M007,C0000314,2022-08-11,EXPOSED,2022-09-19,NO_RESPONSE,
M007,C0000657,2022-08-11,EXPOSED,2022-09-06,POSITIVE,2022-09-09
M007,C0001738,2022-08-11,NOT_EXPOSED,,,
M007,C0003075,2022-08-11,EXPOSED,2022-09-23,NO_RESPONSE,
M007,C0003138,2022-08-11,EXPOSED,2022-08-12,NO_RESPONSE,
M007,C0004039,2022-08-11,EXPOSED,2022-10-18,POSITIVE,2022-10-19
M007,C0004457,2022-08-11,EXPOSED,2022-10-16,NO_RESPONSE,
M007,C0004540,2022-08-11,EXPOSED,2022-08-26,NO_RESPONSE,
M007,C0004845,2022-08-11,EXPOSED,2022-10-02,NO_RESPONSE,
M007,C0005051,2022-08-11,EXPOSED,2022-09-28,NO_RESPONSE,
M007,C0005853,2022-08-11,NOT_EXPOSED,,,
M007,C0006879,2022-08-11,NOT_EXPOSED,,,
M007,C0007168,2022-08-11,EXPOSED,2022-10-04,NO_RESPONSE,
M007,C0009871,2022-08-11,EXPOSED,2022-08-16,NO_RESPONSE,
M007,C0010280,2022-08-11,NOT_EXPOSED,,,
M007,C0011353,2022-08-11,EXPOSED,2022-11-02,NO_RESPONSE,
M007,C0011399,2022-08-11,EXPOSED,2022-10-01,NO_RESPONSE,
M007,C0012153,2022-08-11,EXPOSED,2022-11-12,NEUTRAL,2022-11-13
M007,C0013146,2022-08-11,EXPOSED,2022-09-22,NO_RESPONSE,
M007,C0013996,2022-08-11,EXPOSED,2022-10-22,NO_RESPONSE,
M007,C0014625,2022-08-11,EXPOSED,2022-09-14,NO_RESPONSE,
M007,C0014954,2022-08-11,EXPOSED,2022-08-28,NO_RESPONSE,
M007,C0015078,2022-08-11,EXPOSED,2022-10-29,NO_RESPONSE,
M007,C0015387,2022-08-11,EXPOSED,2022-11-11,NO_RESPONSE,
M007,C0015614,2022-08-11,EXPOSED,2022-09-03,NEGATIVE,2022-09-07
M007,C0015741,2022-08-11,EXPOSED,2022-09-17,NO_RESPONSE,
M007,C0015844,2022-08-11,EXPOSED,2022-08-21,NO_RESPONSE,
M007,C0017073,2022-08-11,EXPOSED,2022-10-07,NO_RESPONSE,
M007,C0017255,2022-08-11,EXPOSED,2022-10-22,NO_RESPONSE,
M007,C0019319,2022-08-11,EXPOSED,2022-08-20,NO_RESPONSE,
M007,C0019330,2022-08-11,EXPOSED,2022-10-24,NEUTRAL,2022-10-30
M007,C0000296,2022-08-12,EXPOSED,2022-08-22,NO_RESPONSE,
M007,C0000423,2022-08-12,EXPOSED,2022-11-01,NO_RESPONSE,
M007,C0001017,2022-08-12,NOT_EXPOSED,,,
M007,C0002248,2022-08-12,EXPOSED,2022-08-30,POSITIVE,2022-09-05
M007,C0005078,2022-08-12,EXPOSED,2022-09-11,NEGATIVE,2022-09-13
M007,C0005217,2022-08-12,EXPOSED,2022-09-13,POSITIVE,2022-09-16
M007,C0005290,2022-08-12,EXPOSED,2022-08-27,NO_RESPONSE,
M007,C0005512,2022-08-12,EXPOSED,2022-10-05,NEUTRAL,2022-10-08
M007,C0005524,2022-08-12,EXPOSED,2022-09-16,NO_RESPONSE,
M007,C0006037,2022-08-12,EXPOSED,2022-10-20,NO_RESPONSE,
M007,C0008720,2022-08-12,EXPOSED,2022-10-03,NO_RESPONSE,
M007,C0009172,2022-08-12,EXPOSED,2022-09-30,NO_RESPONSE,
M007,C0009924,2022-08-12,EXPOSED,2022-09-10,NO_RESPONSE,
M007,C0009988,2022-08-12,EXPOSED,2022-09-16,POSITIVE,2022-09-23
M007,C0011079,2022-08-12,EXPOSED,2022-10-04,NEUTRAL,2022-10-12
M007,C0011856,2022-08-12,EXPOSED,2022-08-16,NO_RESPONSE,
M007,C0012052,2022-08-12,EXPOSED,2022-11-06,NO_RESPONSE,
M007,C0012463,2022-08-12,EXPOSED,2022-08-29,NEUTRAL,2022-09-04
M007,C0012855,2022-08-12,EXPOSED,2022-09-02,NO_RESPONSE,
M007,C0013238,2022-08-12,EXPOSED,2022-10-04,POSITIVE,2022-10-14
M007,C0013519,2022-08-12,EXPOSED,2022-10-10,NO_RESPONSE,
M007,C0014709,2022-08-12,EXPOSED,2022-09-14,NEGATIVE,2022-09-27
M007,C0015112,2022-08-12,EXPOSED,2022-10-29,POSITIVE,2022-11-02
M007,C0015210,2022-08-12,EXPOSED,2022-10-04,NO_RESPONSE,
M007,C0015428,2022-08-12,EXPOSED,2022-08-17,NO_RESPONSE,
M007,C0016232,2022-08-12,EXPOSED,2022-08-28,NO_RESPONSE,
M007,C0016608,2022-08-12,EXPOSED,2022-09-25,NO_RESPONSE,
M007,C0016686,2022-08-12,EXPOSED,2022-10-01,NEUTRAL,2022-10-10
M007,C0017031,2022-08-12,EXPOSED,2022-08-22,NO_RESPONSE,
M007,C0018228,2022-08-12,EXPOSED,2022-08-23,NO_RESPONSE,
M007,C0000730,2022-08-13,EXPOSED,2022-09-05,POSITIVE,2022-09-13
M007,C0001075,2022-08-13,EXPOSED,2022-09-11,NO_RESPONSE,
M007,C0002147,2022-08-13,EXPOSED,2022-08-26,NO_RESPONSE,
M007,C0002270,2022-08-13,EXPOSED,2022-09-29,POSITIVE,2022-10-01
M007,C0002632,2022-08-13,EXPOSED,2022-10-09,NEGATIVE,2022-10-17
M007,C0003800,2022-08-13,NOT_EXPOSED,,,
M007,C0004159,2022-08-13,NOT_EXPOSED,,,
M007,C0004612,2022-08-13,EXPOSED,2022-09-04,NO_RESPONSE,
M007,C0005960,2022-08-13,EXPOSED,2022-09-30,NO_RESPONSE,
M007,C0006057,2022-08-13,EXPOSED,2022-09-25,NO_RESPONSE,
M007,C0006188,2022-08-13,EXPOSED,2022-11-05,NO_RESPONSE,
M007,C0006437,2022-08-13,EXPOSED,2022-09-11,NO_RESPONSE,
M007,C0007193,2022-08-13,EXPOSED,2022-08-20,NO_RESPONSE,
M007,C0007227,2022-08-13,EXPOSED,2022-10-13,NO_RESPONSE,
M007,C0007356,2022-08-13,EXPOSED,2022-10-11,NO_RESPONSE,
M007,C0008443,2022-08-13,EXPOSED,2022-09-20,NO_RESPONSE,
M007,C0008598,2022-08-13,EXPOSED,2022-09-18,NO_RESPONSE,
M007,C0009085,2022-08-13,NOT_EXPOSED,,,
M007,C0009244,2022-08-13,EXPOSED,2022-09-28,NEUTRAL,2022-10-08
M007,C0009570,2022-08-13,EXPOSED,2022-09-24,POSITIVE,2022-10-08
M007,C0010653,2022-08-13,EXPOSED,2022-09-07,NO_RESPONSE,
M007,C0010926,2022-08-13,EXPOSED,2022-08-19,NO_RESPONSE,
M007,C0012294,2022-08-13,EXPOSED,2022-09-08,POSITIVE,2022-09-19
M007,C0012297,2022-08-13,EXPOSED,2022-09-22,NO_RESPONSE,
M007,C0012425,2022-08-13,EXPOSED,2022-11-07,NO_RESPONSE,
M007,C0012883,2022-08-13,EXPOSED,2022-08-24,NO_RESPONSE,
M007,C0013265,2022-08-13,EXPOSED,2022-09-07,NO_RESPONSE,
M007,C0013705,2022-08-13,EXPOSED,2022-11-26,NO_RESPONSE,
M007,C0013937,2022-08-13,NOT_EXPOSED,,,
M007,C0014294,2022-08-13,EXPOSED,2022-09-27,POSITIVE,2022-10-05
M007,C0014488,2022-08-13,EXPOSED,2022-09-29,NO_RESPONSE,
M007,C0015180,2022-08-13,EXPOSED,2022-09-28,NEUTRAL,2022-10-12
M007,C0015445,2022-08-13,EXPOSED,2022-09-09,NO_RESPONSE,
M007,C0015733,2022-08-13,EXPOSED,2022-10-11,POSITIVE,2022-10-15
M007,C0016135,2022-08-13,EXPOSED,2022-08-16,NO_RESPONSE,
M007,C0016269,2022-08-13,EXPOSED,2022-10-30,POSITIVE,2022-11-04
M007,C0016615,2022-08-13,EXPOSED,2022-11-13,NO_RESPONSE,
M007,C0017910,2022-08-13,EXPOSED,2022-10-07,NO_RESPONSE,
M007,C0017985,2022-08-13,EXPOSED,2022-08-19,NO_RESPONSE,
M007,C0018472,2022-08-13,EXPOSED,2022-09-28,NO_RESPONSE,
M007,C0019936,2022-08-13,NOT_EXPOSED,,,
M007,C0001277,2022-08-14,EXPOSED,2022-09-05,NO_RESPONSE,
M007,C0002323,2022-08-14,EXPOSED,2022-08-16,NEUTRAL,2022-08-21
M007,C0002356,2022-08-14,NOT_EXPOSED,,,
M007,C0002611,2022-08-14,NOT_EXPOSED,,,
M007,C0003182,2022-08-14,NOT_EXPOSED,,,
M007,C0004360,2022-08-14,EXPOSED,2022-09-24,NO_RESPONSE,
M007,C0004529,2022-08-14,EXPOSED,2022-11-23,NO_RESPONSE,
M007,C0005535,2022-08-14,EXPOSED,2022-10-01,NO_RESPONSE,
M007,C0005638,2022-08-14,EXPOSED,2022-09-27,NEUTRAL,2022-10-03
M007,C0006156,2022-08-14,EXPOSED,2022-10-14,POSITIVE,2022-10-29
M007,C0006698,2022-08-14,EXPOSED,2022-10-31,NO_RESPONSE,
M007,C0006886,2022-08-14,EXPOSED,2022-10-02,NO_RESPONSE,
M007,C0006957,2022-08-14,EXPOSED,2022-11-09,NEUTRAL,2022-11-18
M007,C0007454,2022-08-14,NOT_EXPOSED,,,
M007,C0007539,2022-08-14,EXPOSED,2022-09-16,NO_RESPONSE,
M007,C0007612,2022-08-14,EXPOSED,2022-10-30,NO_RESPONSE,
M007,C0007699,2022-08-14,NOT_EXPOSED,,,
M007,C0007773,2022-08-14,EXPOSED,2022-09-27,NO_RESPONSE,
M007,C0008137,2022-08-14,EXPOSED,2022-10-21,POSITIVE,2022-11-03
M007,C0008922,2022-08-14,EXPOSED,2022-09-08,NEUTRAL,2022-09-09
M007,C0008988,2022-08-14,EXPOSED,2022-08-27,NO_RESPONSE,
M007,C0009766,2022-08-14,NOT_EXPOSED,,,
M007,C0010118,2022-08-14,EXPOSED,2022-09-29,NO_RESPONSE,
M007,C0010821,2022-08-14,EXPOSED,2022-09-24,POSITIVE,2022-10-02
M007,C0011527,2022-08-14,EXPOSED,2022-10-04,NO_RESPONSE,
M007,C0011804,2022-08-14,EXPOSED,2022-10-19,NO_RESPONSE,
M007,C0012373,2022-08-14,EXPOSED,2022-09-07,NO_RESPONSE,
M007,C0013237,2022-08-14,EXPOSED,2022-09-29,POSITIVE,2022-10-04
M007,C0013683,2022-08-14,EXPOSED,2022-09-06,NO_RESPONSE,
M007,C0013739,2022-08-14,EXPOSED,2022-09-25,NO_RESPONSE,
M007,C0014079,2022-08-14,EXPOSED,2022-08-18,POSITIVE,2022-08-18
M007,C0014739,2022-08-14,EXPOSED,2022-11-07,NO_RESPONSE,
M007,C0015632,2022-08-14,EXPOSED,2022-08-25,NO_RESPONSE,
M007,C0016054,2022-08-14,EXPOSED,2022-08-25,NO_RESPONSE,
M007,C0017745,2022-08-14,EXPOSED,2022-08-27,NO_RESPONSE,
M007,C0017880,2022-08-14,EXPOSED,2022-10-20,NO_RESPONSE,
M007,C0018155,2022-08-14,EXPOSED,2022-09-10,NO_RESPONSE,
M007,C0018513,2022-08-14,EXPOSED,2022-08-24,NO_RESPONSE,
M007,C0018953,2022-08-14,EXPOSED,2022-10-24,NO_RESPONSE,
M007,C0019461,2022-08-14,EXPOSED,2022-10-27,POSITIVE,2022-11-05
M007,C0000396,2022-08-15,EXPOSED,2022-09-13,NO_RESPONSE,
M007,C0000903,2022-08-15,EXPOSED,2022-08-19,NO_RESPONSE,
M007,C0001064,2022-08-15,NOT_EXPOSED,,,
M007,C0003441,2022-08-15,EXPOSED,2022-10-10,POSITIVE,2022-10-22
M007,C0003459,2022-08-15,NOT_EXPOSED,,,
M007,C0003646,2022-08-15,EXPOSED,2022-08-19,NO_RESPONSE,
M007,C0004075,2022-08-15,EXPOSED,2022-08-22,NO_RESPONSE,
M007,C0004184,2022-08-15,EXPOSED,2022-09-02,NO_RESPONSE,
M007,C0004274,2022-08-15,EXPOSED,2022-10-06,NO_RESPONSE,
M007,C0005176,2022-08-15,EXPOSED,2022-08-26,NO_RESPONSE,
M007,C0007848,2022-08-15,EXPOSED,2022-11-05,NO_RESPONSE,
M007,C0008169,2022-08-15,EXPOSED,2022-09-18,NEUTRAL,2022-09-25
M007,C0008232,2022-08-15,EXPOSED,2022-11-03,NO_RESPONSE,
M007,C0009157,2022-08-15,NOT_EXPOSED,,,
M007,C0009604,2022-08-15,EXPOSED,2022-11-01,POSITIVE,2022-11-08
M007,C0009788,2022-08-15,EXPOSED,2022-09-01,POSITIVE,2022-09-08
M007,C0009894,2022-08-15,EXPOSED,2022-10-11,NEUTRAL,2022-10-12
M007,C0011323,2022-08-15,EXPOSED,2022-10-27,NO_RESPONSE,
M007,C0011495,2022-08-15,EXPOSED,2022-09-28,NO_RESPONSE,
M007,C0012097,2022-08-15,EXPOSED,2022-10-01,NO_RESPONSE,
M007,C0012537,2022-08-15,EXPOSED,2022-10-06,NO_RESPONSE,
M007,C0015242,2022-08-15,EXPOSED,2022-09-05,NO_RESPONSE,
M007,C0015500,2022-08-15,EXPOSED,2022-10-08,NO_RESPONSE,
M007,C0015655,2022-08-15,EXPOSED,2022-10-12,NO_RESPONSE,
M007,C0015849,2022-08-15,EXPOSED,2022-09-19,NO_RESPONSE,
M007,C0016068,2022-08-15,EXPOSED,2022-08-22,NO_RESPONSE,
M007,C0016196,2022-08-15,NOT_EXPOSED,,,
M007,C0016938,2022-08-15,EXPOSED,2022-09-19,NO_RESPONSE,
M007,C0017010,2022-08-15,EXPOSED,2022-09-25,NO_RESPONSE,
M007,C0018042,2022-08-15,NOT_EXPOSED,,,
M007,C0018291,2022-08-15,EXPOSED,2022-08-17,NO_RESPONSE,
M007,C0018886,2022-08-15,EXPOSED,2022-09-02,NO_RESPONSE,
M007,C0019223,2022-08-15,EXPOSED,2022-09-12,NO_RESPONSE,
M007,C0019453,2022-08-15,EXPOSED,2022-10-18,NO_RESPONSE,
M007,C0000177,2022-08-16,EXPOSED,2022-08-30,NO_RESPONSE,
M007,C0000593,2022-08-16,EXPOSED,2022-09-27,NO_RESPONSE,
M007,C0000697,2022-08-16,EXPOSED,2022-09-09,NO_RESPONSE,
M007,C0002076,2022-08-16,EXPOSED,2022-10-05,NO_RESPONSE,
M007,C0002519,2022-08-16,EXPOSED,2022-10-17,NO_RESPONSE,
M007,C0002773,2022-08-16,EXPOSED,2022-09-20,NO_RESPONSE,
M007,C0002964,2022-08-16,EXPOSED,2022-09-15,POSITIVE,2022-09-24
M007,C0003024,2022-08-16,EXPOSED,2022-10-11,NO_RESPONSE,
M007,C0003791,2022-08-16,EXPOSED,2022-08-28,NO_RESPONSE,
M007,C0004021,2022-08-16,EXPOSED,2022-09-07,NO_RESPONSE,
M007,C0004383,2022-08-16,EXPOSED,2022-09-12,NO_RESPONSE,
M007,C0004594,2022-08-16,EXPOSED,2022-10-04,NO_RESPONSE,
M007,C0004797,2022-08-16,NOT_EXPOSED,,,
M007,C0005029,2022-08-16,EXPOSED,2022-10-01,NO_RESPONSE,
M007,C0005135,2022-08-16,EXPOSED,2022-09-27,NO_RESPONSE,
M007,C0006482,2022-08-16,EXPOSED,2022-10-21,NO_RESPONSE,
M007,C0006753,2022-08-16,EXPOSED,2022-10-25,NO_RESPONSE,
M007,C0007868,2022-08-16,EXPOSED,2022-10-08,NO_RESPONSE,
M007,C0008261,2022-08-16,EXPOSED,2022-11-07,NO_RESPONSE,
M007,C0009289,2022-08-16,NOT_EXPOSED,,,
M007,C0009459,2022-08-16,EXPOSED,2022-10-09,NO_RESPONSE,
M007,C0009864,2022-08-16,EXPOSED,2022-10-05,NO_RESPONSE,
M007,C0011317,2022-08-16,EXPOSED,2022-08-26,NEUTRAL,2022-09-15
M007,C0011614,2022-08-16,EXPOSED,2022-10-10,NO_RESPONSE,
M007,C0011693,2022-08-16,EXPOSED,2022-09-07,POSITIVE,2022-09-14
M007,C0012072,2022-08-16,EXPOSED,2022-08-25,NO_RESPONSE,
M007,C0012798,2022-08-16,EXPOSED,2022-08-17,NO_RESPONSE,
M007,C0012909,2022-08-16,EXPOSED,2022-10-08,NO_RESPONSE,
M007,C0013160,2022-08-16,EXPOSED,2022-09-05,NO_RESPONSE,
M007,C0013222,2022-08-16,EXPOSED,2022-09-10,NEUTRAL,2022-09-28
M007,C0014093,2022-08-16,EXPOSED,2022-09-19,NO_RESPONSE,
M007,C0014314,2022-08-16,EXPOSED,2022-10-30,NO_RESPONSE,
M007,C0014566,2022-08-16,EXPOSED,2022-11-06,NO_RESPONSE,
M007,C0015653,2022-08-16,EXPOSED,2022-08-20,NO_RESPONSE,
M007,C0016868,2022-08-16,EXPOSED,2022-09-17,NO_RESPONSE,
M007,C0017068,2022-08-16,EXPOSED,2022-08-30,NO_RESPONSE,
M007,C0017218,2022-08-16,NOT_EXPOSED,,,
M007,C0017694,2022-08-16,EXPOSED,2022-10-13,NO_RESPONSE,
M007,C0018440,2022-08-16,EXPOSED,2022-09-12,NO_RESPONSE,
M007,C0018759,2022-08-16,EXPOSED,2022-09-17,NEUTRAL,2022-09-24
M007,C0019595,2022-08-16,EXPOSED,2022-09-18,NO_RESPONSE,
M007,C0000294,2022-08-17,EXPOSED,2022-10-03,NO_RESPONSE,
M007,C0000925,2022-08-17,EXPOSED,2022-09-30,NEGATIVE,2022-10-09
M007,C0002756,2022-08-17,EXPOSED,2022-10-02,NO_RESPONSE,
M007,C0003555,2022-08-17,EXPOSED,2022-10-10,NO_RESPONSE,
M007,C0004183,2022-08-17,EXPOSED,2022-10-07,NO_RESPONSE,
M007,C0004197,2022-08-17,EXPOSED,2022-09-02,POSITIVE,2022-09-05
M007,C0004609,2022-08-17,EXPOSED,2022-09-06,NO_RESPONSE,
M007,C0004654,2022-08-17,EXPOSED,2022-09-26,NO_RESPONSE,
M007,C0006239,2022-08-17,EXPOSED,2022-09-28,NO_RESPONSE,
M007,C0006877,2022-08-17,EXPOSED,2022-10-10,NO_RESPONSE,
M007,C0007670,2022-08-17,EXPOSED,2022-10-18,NO_RESPONSE,
M007,C0007767,2022-08-17,EXPOSED,2022-08-31,NEUTRAL,2022-09-01
M007,C0008743,2022-08-17,EXPOSED,2022-10-05,NO_RESPONSE,
M007,C0008836,2022-08-17,EXPOSED,2022-10-30,NO_RESPONSE,
M007,C0009215,2022-08-17,EXPOSED,2022-10-22,NO_RESPONSE,
M007,C0009704,2022-08-17,NOT_EXPOSED,,,
M007,C0010311,2022-08-17,EXPOSED,2022-09-18,NO_RESPONSE,
M007,C0010418,2022-08-17,EXPOSED,2022-09-04,POSITIVE,2022-09-20
M007,C0010504,2022-08-17,EXPOSED,2022-10-11,NO_RESPONSE,
M007,C0010594,2022-08-17,EXPOSED,2022-10-05,POSITIVE,2022-10-11
M007,C0011100,2022-08-17,EXPOSED,2022-08-25,NEUTRAL,2022-08-30
M007,C0011958,2022-08-17,EXPOSED,2022-10-18,NO_RESPONSE,
M007,C0012169,2022-08-17,EXPOSED,2022-10-07,POSITIVE,2022-10-15
M007,C0012262,2022-08-17,EXPOSED,2022-11-02,POSITIVE,2022-11-12
M007,C0012791,2022-08-17,EXPOSED,2022-09-02,NO_RESPONSE,
M007,C0013076,2022-08-17,EXPOSED,2022-11-23,NO_RESPONSE,
M007,C0013356,2022-08-17,EXPOSED,2022-11-08,NEGATIVE,2022-11-10
M007,C0013914,2022-08-17,NOT_EXPOSED,,,
M007,C0015760,2022-08-17,EXPOSED,2022-09-18,NO_RESPONSE,
M007,C0015774,2022-08-17,EXPOSED,2022-09-12,POSITIVE,2022-09-16
M007,C0016518,2022-08-17,EXPOSED,2022-08-29,NEUTRAL,2022-08-31
M007,C0016602,2022-08-17,EXPOSED,2022-09-01,NEUTRAL,2022-09-03
M007,C0017657,2022-08-17,EXPOSED,2022-09-28,NO_RESPONSE,
M007,C0018596,2022-08-17,EXPOSED,2022-09-24,NO_RESPONSE,
M007,C0018639,2022-08-17,EXPOSED,2022-10-22,POSITIVE,2022-10-27
M007,C0018947,2022-08-17,EXPOSED,2022-11-01,NO_RESPONSE,
M007,C0019657,2022-08-17,EXPOSED,2022-10-14,NEUTRAL,2022-10-17
M007,C0000767,2022-08-18,EXPOSED,2022-09-16,NO_RESPONSE,
M007,C0001883,2022-08-18,EXPOSED,2022-10-13,NO_RESPONSE,
M007,C0003020,2022-08-18,EXPOSED,2022-09-25,NO_RESPONSE,
M007,C0003710,2022-08-18,EXPOSED,2022-09-14,NO_RESPONSE,
M007,C0003901,2022-08-18,EXPOSED,2022-09-25,NEGATIVE,2022-09-30
M007,C0005035,2022-08-18,EXPOSED,2022-09-25,POSITIVE,2022-10-14
M007,C0005679,2022-08-18,EXPOSED,2022-10-10,NEGATIVE,2022-10-12
M007,C0007396,2022-08-18,EXPOSED,2022-08-19,NO_RESPONSE,
M007,C0007918,2022-08-18,EXPOSED,2022-10-09,NO_RESPONSE,
M007,C0008032,2022-08-18,EXPOSED,2022-09-14,NEUTRAL,2022-09-17
M007,C0008286,2022-08-18,EXPOSED,2022-09-06,NO_RESPONSE,
M007,C0008914,2022-08-18,EXPOSED,2022-09-07,NO_RESPONSE,
M007,C0010290,2022-08-18,EXPOSED,2022-09-11,NO_RESPONSE,
M007,C0010685,2022-08-18,EXPOSED,2022-08-25,NO_RESPONSE,
M007,C0011066,2022-08-18,EXPOSED,2022-10-03,NO_RESPONSE,
M007,C0011070,2022-08-18,EXPOSED,2022-09-19,NO_RESPONSE,
M007,C0011471,2022-08-18,EXPOSED,2022-09-12,NO_RESPONSE,
M007,C0012298,2022-08-18,EXPOSED,2022-09-23,NO_RESPONSE,
M007,C0012616,2022-08-18,EXPOSED,2022-10-03,NO_RESPONSE,
M007,C0013087,2022-08-18,EXPOSED,2022-09-08,NO_RESPONSE,
M007,C0013420,2022-08-18,EXPOSED,2022-10-24,POSITIVE,2022-10-25
M007,C0013758,2022-08-18,NOT_EXPOSED,,,
M007,C0016696,2022-08-18,EXPOSED,2022-11-07,NEUTRAL,2022-11-08
M007,C0017276,2022-08-18,EXPOSED,2022-11-10,NO_RESPONSE,
M007,C0017317,2022-08-18,EXPOSED,2022-09-17,NO_RESPONSE,
M007,C0018043,2022-08-18,EXPOSED,2022-10-03,NO_RESPONSE,
M007,C0019184,2022-08-18,EXPOSED,2022-08-31,NO_RESPONSE,
M007,C0019653,2022-08-18,NOT_EXPOSED,,,
M007,C0000004,2022-08-19,EXPOSED,2022-10-27,NO_RESPONSE,
M007,C0000533,2022-08-19,EXPOSED,2022-09-13,POSITIVE,2022-09-21
M007,C0000820,2022-08-19,EXPOSED,2022-10-05,NO_RESPONSE,
M007,C0001688,2022-08-19,EXPOSED,2022-09-18,NO_RESPONSE,
M007,C0003358,2022-08-19,EXPOSED,2022-10-19,NEUTRAL,2022-10-21
M007,C0003720,2022-08-19,EXPOSED,2022-09-11,POSITIVE,2022-09-15
M007,C0003888,2022-08-19,NOT_EXPOSED,,,
M007,C0003939,2022-08-19,EXPOSED,2022-11-05,POSITIVE,2022-11-13
M007,C0004351,2022-08-19,EXPOSED,2022-09-03,NO_RESPONSE,
M007,C0004579,2022-08-19,EXPOSED,2022-10-11,NO_RESPONSE,
M007,C0004650,2022-08-19,EXPOSED,2022-10-04,NEGATIVE,2022-10-12
M007,C0004911,2022-08-19,EXPOSED,2022-09-14,NO_RESPONSE,
M007,C0005199,2022-08-19,EXPOSED,2022-11-11,NEGATIVE,2022-11-15
M007,C0005463,2022-08-19,NOT_EXPOSED,,,
M007,C0006430,2022-08-19,EXPOSED,2022-09-16,NO_RESPONSE,
M007,C0007487,2022-08-19,EXPOSED,2022-08-31,NO_RESPONSE,
M007,C0008236,2022-08-19,EXPOSED,2022-11-19,NO_RESPONSE,
M007,C0009475,2022-08-19,EXPOSED,2022-09-10,POSITIVE,2022-09-11
M007,C0009683,2022-08-19,NOT_EXPOSED,,,
M007,C0010028,2022-08-19,EXPOSED,2022-10-09,NO_RESPONSE,
M007,C0010067,2022-08-19,EXPOSED,2022-11-04,NO_RESPONSE,
M007,C0010382,2022-08-19,EXPOSED,2022-09-25,NO_RESPONSE,
M007,C0011339,2022-08-19,EXPOSED,2022-10-23,NO_RESPONSE,
M007,C0011430,2022-08-19,EXPOSED,2022-08-22,NO_RESPONSE,
M007,C0012617,2022-08-19,EXPOSED,2022-08-21,NO_RESPONSE,
M007,C0012849,2022-08-19,NOT_EXPOSED,,,
M007,C0013036,2022-08-19,EXPOSED,2022-09-05,NO_RESPONSE,
M007,C0013159,2022-08-19,EXPOSED,2022-08-24,NO_RESPONSE,
M007,C0013239,2022-08-19,NOT_EXPOSED,,,
M007,C0013495,2022-08-19,EXPOSED,2022-09-12,NO_RESPONSE,
M007,C0014737,2022-08-19,NOT_EXPOSED,,,
M007,C0014818,2022-08-19,EXPOSED,2022-10-15,NO_RESPONSE,
M007,C0015309,2022-08-19,EXPOSED,2022-09-06,NO_RESPONSE,
M007,C0015568,2022-08-19,EXPOSED,2022-09-15,NO_RESPONSE,
M007,C0016112,2022-08-19,EXPOSED,2022-09-26,NO_RESPONSE,
M007,C0016130,2022-08-19,EXPOSED,2022-10-19,NO_RESPONSE,
M007,C0016708,2022-08-19,EXPOSED,2022-10-09,NO_RESPONSE,
M007,C0017273,2022-08-19,EXPOSED,2022-08-28,NO_RESPONSE,
M007,C0000143,2022-08-20,EXPOSED,2022-10-14,NO_RESPONSE,
M007,C0001215,2022-08-20,NOT_EXPOSED,,,
M007,C0001293,2022-08-20,NOT_EXPOSED,,,
M007,C0001845,2022-08-20,EXPOSED,2022-08-23,NO_RESPONSE,
M007,C0003975,2022-08-20,EXPOSED,2022-10-28,NO_RESPONSE,
M007,C0004188,2022-08-20,NOT_EXPOSED,,,
M007,C0005158,2022-08-20,EXPOSED,2022-09-07,POSITIVE,2022-09-19
M007,C0006468,2022-08-20,EXPOSED,2022-10-02,NO_RESPONSE,
M007,C0006486,2022-08-20,EXPOSED,2022-11-05,NO_RESPONSE,
M007,C0007131,2022-08-20,EXPOSED,2022-09-16,NO_RESPONSE,
M007,C0007207,2022-08-20,EXPOSED,2022-10-26,POSITIVE,2022-10-30
M007,C0007240,2022-08-20,EXPOSED,2022-09-15,NEUTRAL,2022-09-19
M007,C0007333,2022-08-20,EXPOSED,2022-10-25,NO_RESPONSE,
M007,C0007802,2022-08-20,EXPOSED,2022-08-28,NO_RESPONSE,
M007,C0008388,2022-08-20,NOT_EXPOSED,,,
M007,C0010003,2022-08-20,EXPOSED,2022-08-29,NO_RESPONSE,
M007,C0010325,2022-08-20,EXPOSED,2022-10-29,NO_RESPONSE,
M007,C0010484,2022-08-20,EXPOSED,2022-10-04,NO_RESPONSE,
M007,C0011136,2022-08-20,EXPOSED,2022-08-22,NO_RESPONSE,
M007,C0011286,2022-08-20,EXPOSED,2022-08-29,POSITIVE,2022-09-15
M007,C0011622,2022-08-20,EXPOSED,2022-11-11,NO_RESPONSE,
M007,C0012580,2022-08-20,EXPOSED,2022-09-05,NO_RESPONSE,
M007,C0015862,2022-08-20,EXPOSED,2022-10-21,NO_RESPONSE,
M007,C0016444,2022-08-20,EXPOSED,2022-09-03,NEGATIVE,2022-09-05
M007,C0016630,2022-08-20,EXPOSED,2022-11-11,NEGATIVE,2022-11-16
M007,C0016836,2022-08-20,EXPOSED,2022-10-01,NO_RESPONSE,
M007,C0019100,2022-08-20,EXPOSED,2022-09-17,NO_RESPONSE,
M007,C0001959,2022-08-21,EXPOSED,2022-10-29,NEUTRAL,2022-11-01
M007,C0002184,2022-08-21,EXPOSED,2022-09-13,NO_RESPONSE,
M007,C0002675,2022-08-21,EXPOSED,2022-10-07,NO_RESPONSE,
M007,C0002703,2022-08-21,EXPOSED,2022-09-10,NO_RESPONSE,
M007,C0003159,2022-08-21,EXPOSED,2022-09-01,NO_RESPONSE,
M007,C0003165,2022-08-21,EXPOSED,2022-10-27,NO_RESPONSE,
M007,C0003562,2022-08-21,EXPOSED,2022-10-19,NO_RESPONSE,
M007,C0003963,2022-08-21,EXPOSED,2022-11-16,NO_RESPONSE,
M007,C0004800,2022-08-21,EXPOSED,2022-09-16,NO_RESPONSE,
M007,C0005052,2022-08-21,EXPOSED,2022-09-14,NO_RESPONSE,
M007,C0005128,2022-08-21,EXPOSED,2022-11-05,NO_RESPONSE,
M007,C0005421,2022-08-21,EXPOSED,2022-10-29,NO_RESPONSE,
M007,C0005874,2022-08-21,EXPOSED,2022-11-03,NO_RESPONSE,
M007,C0006126,2022-08-21,EXPOSED,2022-10-02,NO_RESPONSE,
M007,C0006376,2022-08-21,EXPOSED,2022-09-14,NO_RESPONSE,
M007,C0006706,2022-08-21,EXPOSED,2022-10-04,NO_RESPONSE,
M007,C0006903,2022-08-21,EXPOSED,2022-10-04,NO_RESPONSE,
M007,C0010095,2022-08-21,EXPOSED,2022-11-11,NO_RESPONSE,
M007,C0010895,2022-08-21,EXPOSED,2022-09-16,NO_RESPONSE,
M007,C0011265,2022-08-21,EXPOSED,2022-11-08,NEGATIVE,2022-11-11
M007,C0011358,2022-08-21,EXPOSED,2022-10-05,NO_RESPONSE,
M007,C0011748,2022-08-21,EXPOSED,2022-09-16,NO_RESPONSE,
M007,C0012697,2022-08-21,EXPOSED,2022-08-30,NO_RESPONSE,
M007,C0013060,2022-08-21,NOT_EXPOSED,,,
M007,C0013669,2022-08-21,NOT_EXPOSED,,,
M007,C0013757,2022-08-21,EXPOSED,2022-08-31,NEUTRAL,2022-09-01
M007,C0014336,2022-08-21,EXPOSED,2022-10-03,NO_RESPONSE,
M007,C0015511,2022-08-21,EXPOSED,2022-10-10,POSITIVE,2022-10-21
M007,C0016791,2022-08-21,EXPOSED,2022-08-28,NO_RESPONSE,
M007,C0016854,2022-08-21,EXPOSED,2022-10-27,NO_RESPONSE,
M007,C0017387,2022-08-21,EXPOSED,2022-10-02,NO_RESPONSE,
M007,C0017749,2022-08-21,EXPOSED,2022-11-10,NO_RESPONSE,
M007,C0018185,2022-08-21,EXPOSED,2022-11-15,NO_RESPONSE,
M007,C0018486,2022-08-21,EXPOSED,2022-09-26,NO_RESPONSE,
M007,C0018991,2022-08-21,EXPOSED,2022-09-26,NO_RESPONSE,
M007,C0019488,2022-08-21,EXPOSED,2022-08-25,NO_RESPONSE,
M007,C0019490,2022-08-21,EXPOSED,2022-09-11,NO_RESPONSE,
M007,C0000513,2022-08-22,EXPOSED,2022-10-16,NO_RESPONSE,
M007,C0002639,2022-08-22,EXPOSED,2022-08-23,NO_RESPONSE,
M007,C0003925,2022-08-22,EXPOSED,2022-11-12,NO_RESPONSE,
M007,C0004852,2022-08-22,NOT_EXPOSED,,,
M007,C0004963,2022-08-22,EXPOSED,2022-10-12,NO_RESPONSE,
M007,C0004998,2022-08-22,EXPOSED,2022-08-28,NO_RESPONSE,
M007,C0005644,2022-08-22,EXPOSED,2022-09-17,POSITIVE,2022-09-24
M007,C0005773,2022-08-22,EXPOSED,2022-10-11,NO_RESPONSE,
M007,C0006021,2022-08-22,EXPOSED,2022-10-09,NO_RESPONSE,
M007,C0006162,2022-08-22,EXPOSED,2022-11-06,NO_RESPONSE,
M007,C0006249,2022-08-22,EXPOSED,2022-10-20,NO_RESPONSE,
M007,C0006513,2022-08-22,EXPOSED,2022-11-02,NO_RESPONSE,
M007,C0007192,2022-08-22,EXPOSED,2022-10-30,NO_RESPONSE,
M007,C0009104,2022-08-22,EXPOSED,2022-10-01,POSITIVE,2022-10-06
M007,C0009826,2022-08-22,EXPOSED,2022-09-27,NO_RESPONSE,
M007,C0009928,2022-08-22,EXPOSED,2022-10-19,NO_RESPONSE,
M007,C0011210,2022-08-22,EXPOSED,2022-11-08,NO_RESPONSE,
M007,C0012201,2022-08-22,EXPOSED,2022-10-05,NO_RESPONSE,
M007,C0012714,2022-08-22,EXPOSED,2022-10-03,NO_RESPONSE,
M007,C0013854,2022-08-22,EXPOSED,2022-10-16,NO_RESPONSE,
M007,C0013877,2022-08-22,EXPOSED,2022-10-28,NO_RESPONSE,
M007,C0014402,2022-08-22,NOT_EXPOSED,,,
M007,C0014445,2022-08-22,EXPOSED,2022-09-22,NO_RESPONSE,
M007,C0015096,2022-08-22,EXPOSED,2022-10-02,NO_RESPONSE,
M007,C0015202,2022-08-22,EXPOSED,2022-10-31,NO_RESPONSE,
M007,C0015580,2022-08-22,EXPOSED,2022-09-22,NEGATIVE,2022-09-27
M007,C0016745,2022-08-22,EXPOSED,2022-11-10,NO_RESPONSE,
M007,C0018016,2022-08-22,EXPOSED,2022-08-28,NO_RESPONSE,
M007,C0018838,2022-08-22,EXPOSED,2022-09-13,NO_RESPONSE,
M007,C0018955,2022-08-22,EXPOSED,2022-11-05,POSITIVE,2022-11-12
M007,C0019354,2022-08-22,EXPOSED,2022-09-17,NO_RESPONSE,
M007,C0019424,2022-08-22,EXPOSED,2022-10-03,NO_RESPONSE,
M007,C0019472,2022-08-22,EXPOSED,2022-09-27,NO_RESPONSE,
M007,C0019994,2022-08-22,EXPOSED,2022-10-03,NO_RESPONSE,
M007,C0000118,2022-08-23,EXPOSED,2022-10-23,NO_RESPONSE,
M007,C0000393,2022-08-23,EXPOSED,2022-08-28,NO_RESPONSE,
M007,C0003066,2022-08-23,EXPOSED,2022-09-29,NO_RESPONSE,
M007,C0003206,2022-08-23,NOT_EXPOSED,,,
M007,C0003836,2022-08-23,EXPOSED,2022-09-17,NO_RESPONSE,
M007,C0003928,2022-08-23,EXPOSED,2022-08-25,NO_RESPONSE,
M007,C0004849,2022-08-23,EXPOSED,2022-08-29,NO_RESPONSE,
M007,C0005073,2022-08-23,EXPOSED,2022-09-10,NO_RESPONSE,
M007,C0005271,2022-08-23,EXPOSED,2022-10-09,NO_RESPONSE,
M007,C0006697,2022-08-23,EXPOSED,2022-09-27,POSITIVE,2022-10-02
M007,C0007019,2022-08-23,EXPOSED,2022-09-16,NO_RESPONSE,
M007,C0007638,2022-08-23,EXPOSED,2022-09-18,NEUTRAL,2022-09-19
M007,C0008217,2022-08-23,EXPOSED,2022-09-17,NO_RESPONSE,
M007,C0008330,2022-08-23,EXPOSED,2022-10-28,NO_RESPONSE,
M007,C0008678,2022-08-23,EXPOSED,2022-11-15,NO_RESPONSE,
M007,C0008872,2022-08-23,NOT_EXPOSED,,,
M007,C0009100,2022-08-23,EXPOSED,2022-09-29,NO_RESPONSE,
M007,C0009962,2022-08-23,EXPOSED,2022-10-10,NO_RESPONSE,
M007,C0010049,2022-08-23,EXPOSED,2022-10-15,NO_RESPONSE,
M007,C0010103,2022-08-23,EXPOSED,2022-08-25,NO_RESPONSE,
M007,C0010153,2022-08-23,EXPOSED,2022-10-18,NO_RESPONSE,
M007,C0011276,2022-08-23,EXPOSED,2022-10-11,POSITIVE,2022-10-30
M007,C0011663,2022-08-23,NOT_EXPOSED,,,
M007,C0013407,2022-08-23,EXPOSED,2022-09-15,NO_RESPONSE,
M007,C0013480,2022-08-23,EXPOSED,2022-09-23,NEUTRAL,2022-09-26
M007,C0014302,2022-08-23,EXPOSED,2022-09-07,NEGATIVE,2022-09-13
M007,C0015315,2022-08-23,EXPOSED,2022-10-07,NO_RESPONSE,
M007,C0015323,2022-08-23,EXPOSED,2022-09-17,POSITIVE,2022-09-26
M007,C0015859,2022-08-23,EXPOSED,2022-10-22,POSITIVE,2022-11-06
M007,C0016543,2022-08-23,EXPOSED,2022-09-28,NO_RESPONSE,
M007,C0016889,2022-08-23,EXPOSED,2022-10-11,NO_RESPONSE,
M007,C0017551,2022-08-23,EXPOSED,2022-10-10,NO_RESPONSE,
M007,C0017600,2022-08-23,EXPOSED,2022-11-03,POSITIVE,2022-11-09
M007,C0018183,2022-08-23,EXPOSED,2022-09-12,NO_RESPONSE,
M007,C0018284,2022-08-23,EXPOSED,2022-10-19,NO_RESPONSE,
M007,C0018298,2022-08-23,EXPOSED,2022-09-10,NO_RESPONSE,
M007,C0018781,2022-08-23,EXPOSED,2022-08-29,NO_RESPONSE,
M007,C0000117,2022-08-24,EXPOSED,2022-10-01,NO_RESPONSE,
M007,C0000234,2022-08-24,EXPOSED,2022-09-10,NO_RESPONSE,
M007,C0000305,2022-08-24,EXPOSED,2022-10-12,NO_RESPONSE,
M007,C0000436,2022-08-24,EXPOSED,2022-10-25,NEUTRAL,2022-10-28
M007,C0001160,2022-08-24,EXPOSED,2022-10-07,NEUTRAL,2022-10-11
M007,C0001465,2022-08-24,EXPOSED,2022-09-05,NO_RESPONSE,
M007,C0001770,2022-08-24,NOT_EXPOSED,,,
M007,C0002112,2022-08-24,EXPOSED,2022-09-25,NO_RESPONSE,
M007,C0002919,2022-08-24,EXPOSED,2022-09-08,NO_RESPONSE,
M007,C0003053,2022-08-24,EXPOSED,2022-10-31,NEUTRAL,2022-11-06
M007,C0003079,2022-08-24,EXPOSED,2022-08-30,POSITIVE,2022-09-11
M007,C0003116,2022-08-24,EXPOSED,2022-09-09,NO_RESPONSE,
M007,C0003282,2022-08-24,EXPOSED,2022-09-29,NO_RESPONSE,
M007,C0003584,2022-08-24,EXPOSED,2022-09-18,NO_RESPONSE,
M007,C0004628,2022-08-24,EXPOSED,2022-10-03,NO_RESPONSE,
M007,C0004688,2022-08-24,EXPOSED,2022-11-10,NO_RESPONSE,
M007,C0004786,2022-08-24,EXPOSED,2022-09-26,NO_RESPONSE,
M007,C0004862,2022-08-24,EXPOSED,2022-11-02,NO_RESPONSE,
M007,C0005791,2022-08-24,EXPOSED,2022-11-07,NO_RESPONSE,
M007,C0006138,2022-08-24,EXPOSED,2022-08-30,NO_RESPONSE,
M007,C0006936,2022-08-24,EXPOSED,2022-08-27,NO_RESPONSE,
M007,C0007074,2022-08-24,EXPOSED,2022-10-07,NO_RESPONSE,
M007,C0007510,2022-08-24,EXPOSED,2022-10-07,NO_RESPONSE,
M007,C0007977,2022-08-24,EXPOSED,2022-11-18,NO_RESPONSE,
M007,C0008891,2022-08-24,EXPOSED,2022-09-02,NO_RESPONSE,
M007,C0010244,2022-08-24,EXPOSED,2022-10-14,NO_RESPONSE,
M007,C0011870,2022-08-24,EXPOSED,2022-09-21,NO_RESPONSE,
M007,C0013554,2022-08-24,EXPOSED,2022-11-02,NO_RESPONSE,
M007,C0013599,2022-08-24,EXPOSED,2022-08-26,NO_RESPONSE,
M007,C0013785,2022-08-24,EXPOSED,2022-10-04,NO_RESPONSE,
M007,C0013811,2022-08-24,EXPOSED,2022-10-20,NO_RESPONSE,
M007,C0014871,2022-08-24,EXPOSED,2022-10-11,NO_RESPONSE,
M007,C0015623,2022-08-24,EXPOSED,2022-08-30,NO_RESPONSE,
M007,C0016010,2022-08-24,EXPOSED,2022-09-11,NO_RESPONSE,
M007,C0017244,2022-08-24,EXPOSED,2022-11-16,NO_RESPONSE,
M007,C0018935,2022-08-24,NOT_EXPOSED,,,
M007,C0000152,2022-08-25,EXPOSED,2022-10-15,NO_RESPONSE,
M007,C0000743,2022-08-25,EXPOSED,2022-11-04,NO_RESPONSE,
M007,C0001042,2022-08-25,EXPOSED,2022-10-11,NEGATIVE,2022-10-17
M007,C0001657,2022-08-25,EXPOSED,2022-11-05,POSITIVE,2022-11-06
M007,C0002171,2022-08-25,NOT_EXPOSED,,,
M007,C0002835,2022-08-25,EXPOSED,2022-11-12,NO_RESPONSE,
M007,C0005907,2022-08-25,EXPOSED,2022-09-09,NO_RESPONSE,
M007,C0006451,2022-08-25,NOT_EXPOSED,,,
M007,C0006495,2022-08-25,EXPOSED,2022-10-19,NO_RESPONSE,
M007,C0006543,2022-08-25,EXPOSED,2022-09-22,NO_RESPONSE,
M007,C0007358,2022-08-25,EXPOSED,2022-10-18,NO_RESPONSE,
M007,C0007636,2022-08-25,EXPOSED,2022-10-18,POSITIVE,2022-10-23
M007,C0009841,2022-08-25,NOT_EXPOSED,,,
M007,C0010649,2022-08-25,EXPOSED,2022-11-21,NO_RESPONSE,
M007,C0010794,2022-08-25,EXPOSED,2022-09-15,NO_RESPONSE,
M007,C0011376,2022-08-25,EXPOSED,2022-10-03,NO_RESPONSE,
M007,C0011970,2022-08-25,EXPOSED,2022-09-08,POSITIVE,2022-09-17
M007,C0012327,2022-08-25,EXPOSED,2022-09-15,NO_RESPONSE,
M007,C0012482,2022-08-25,EXPOSED,2022-10-01,NO_RESPONSE,
M007,C0012547,2022-08-25,EXPOSED,2022-11-16,NO_RESPONSE,
M007,C0013047,2022-08-25,EXPOSED,2022-08-29,POSITIVE,2022-09-12
M007,C0014344,2022-08-25,EXPOSED,2022-09-17,POSITIVE,2022-09-24
M007,C0015343,2022-08-25,EXPOSED,2022-11-05,POSITIVE,2022-11-15
M007,C0016081,2022-08-25,EXPOSED,2022-09-11,NO_RESPONSE,
M007,C0016143,2022-08-25,EXPOSED,2022-09-28,NO_RESPONSE,
M007,C0016411,2022-08-25,EXPOSED,2022-10-08,NO_RESPONSE,
M007,C0016692,2022-08-25,EXPOSED,2022-11-21,NO_RESPONSE,
M007,C0016818,2022-08-25,EXPOSED,2022-10-19,POSITIVE,2022-10-25
M007,C0017412,2022-08-25,EXPOSED,2022-09-14,NO_RESPONSE,
M007,C0017682,2022-08-25,EXPOSED,2022-10-06,NO_RESPONSE,
M007,C0018537,2022-08-25,EXPOSED,2022-11-03,NO_RESPONSE,
M007,C0019450,2022-08-25,EXPOSED,2022-09-28,NO_RESPONSE,
M007,C0000021,2022-08-26,EXPOSED,2022-09-11,POSITIVE,2022-09-13
M007,C0001326,2022-08-26,NOT_EXPOSED,,,
M007,C0002339,2022-08-26,EXPOSED,2022-09-24,NO_RESPONSE,
M007,C0002633,2022-08-26,NOT_EXPOSED,,,
M007,C0003131,2022-08-26,EXPOSED,2022-09-23,NO_RESPONSE,
M007,C0004079,2022-08-26,EXPOSED,2022-11-14,NO_RESPONSE,
M007,C0005211,2022-08-26,EXPOSED,2022-11-11,NO_RESPONSE,
M007,C0006161,2022-08-26,NOT_EXPOSED,,,
M007,C0006938,2022-08-26,EXPOSED,2022-10-09,NO_RESPONSE,
M007,C0007783,2022-08-26,EXPOSED,2022-10-15,NO_RESPONSE,
M007,C0008001,2022-08-26,EXPOSED,2022-09-17,NO_RESPONSE,
M007,C0008115,2022-08-26,EXPOSED,2022-11-11,NO_RESPONSE,
M007,C0010483,2022-08-26,EXPOSED,2022-10-29,NO_RESPONSE,
M007,C0010628,2022-08-26,NOT_EXPOSED,,,
M007,C0011426,2022-08-26,EXPOSED,2022-10-30,POSITIVE,2022-11-13
M007,C0011480,2022-08-26,EXPOSED,2022-09-05,NO_RESPONSE,
M007,C0011501,2022-08-26,EXPOSED,2022-09-17,POSITIVE,2022-10-01
M007,C0011621,2022-08-26,NOT_EXPOSED,,,
M007,C0011635,2022-08-26,EXPOSED,2022-10-06,NO_RESPONSE,
M007,C0012087,2022-08-26,EXPOSED,2022-10-08,NEUTRAL,2022-10-17
M007,C0012698,2022-08-26,EXPOSED,2022-09-20,NO_RESPONSE,
M007,C0013818,2022-08-26,EXPOSED,2022-08-31,NO_RESPONSE,
M007,C0015268,2022-08-26,EXPOSED,2022-11-03,NO_RESPONSE,
M007,C0016531,2022-08-26,EXPOSED,2022-09-13,POSITIVE,2022-09-14
M007,C0016616,2022-08-26,EXPOSED,2022-09-18,POSITIVE,2022-10-01
M007,C0017895,2022-08-26,EXPOSED,2022-10-07,NO_RESPONSE,
M007,C0018098,2022-08-26,EXPOSED,2022-10-04,POSITIVE,2022-10-10
M007,C0019115,2022-08-26,EXPOSED,2022-10-10,NO_RESPONSE,
M007,C0002055,2022-08-27,EXPOSED,2022-10-25,NO_RESPONSE,
M007,C0003088,2022-08-27,EXPOSED,2022-09-10,NO_RESPONSE,
M007,C0003094,2022-08-27,EXPOSED,2022-10-25,POSITIVE,2022-11-03
M007,C0003229,2022-08-27,EXPOSED,2022-10-05,NO_RESPONSE,
M007,C0003684,2022-08-27,EXPOSED,2022-10-28,NO_RESPONSE,
M007,C0004743,2022-08-27,EXPOSED,2022-09-07,NO_RESPONSE,
M007,C0004884,2022-08-27,EXPOSED,2022-09-04,NO_RESPONSE,
M007,C0006582,2022-08-27,EXPOSED,2022-09-10,NO_RESPONSE,
M007,C0007391,2022-08-27,EXPOSED,2022-10-19,NO_RESPONSE,
M007,C0007568,2022-08-27,EXPOSED,2022-09-05,NO_RESPONSE,
M007,C0007902,2022-08-27,EXPOSED,2022-10-05,NO_RESPONSE,
M007,C0008135,2022-08-27,EXPOSED,2022-09-22,POSITIVE,2022-10-10
M007,C0009282,2022-08-27,EXPOSED,2022-11-09,NEUTRAL,2022-11-12
M007,C0009743,2022-08-27,EXPOSED,2022-09-17,NO_RESPONSE,
M007,C0009949,2022-08-27,EXPOSED,2022-09-11,NO_RESPONSE,
M007,C0010392,2022-08-27,EXPOSED,2022-09-18,NO_RESPONSE,
M007,C0010702,2022-08-27,EXPOSED,2022-09-11,NO_RESPONSE,
M007,C0011826,2022-08-27,EXPOSED,2022-09-25,NO_RESPONSE,
M007,C0012967,2022-08-27,EXPOSED,2022-09-23,NO_RESPONSE,
M007,C0013354,2022-08-27,EXPOSED,2022-09-04,NO_RESPONSE,
M007,C0013436,2022-08-27,EXPOSED,2022-09-26,NO_RESPONSE,
M007,C0016126,2022-08-27,EXPOSED,2022-10-02,NO_RESPONSE,
M007,C0016179,2022-08-27,EXPOSED,2022-09-03,NO_RESPONSE,
M007,C0017873,2022-08-27,EXPOSED,2022-10-12,NO_RESPONSE,
M007,C0018097,2022-08-27,EXPOSED,2022-09-24,NO_RESPONSE,
M007,C0019250,2022-08-27,EXPOSED,2022-09-16,NO_RESPONSE,
M007,C0019262,2022-08-27,EXPOSED,2022-09-12,NO_RESPONSE,
M007,C0019901,2022-08-27,NOT_EXPOSED,,,
M007,C0000040,2022-08-28,EXPOSED,2022-09-15,NO_RESPONSE,
M007,C0000783,2022-08-28,NOT_EXPOSED,,,
M007,C0000920,2022-08-28,EXPOSED,2022-09-05,NO_RESPONSE,
M007,C0001131,2022-08-28,EXPOSED,2022-09-01,NO_RESPONSE,
M007,C0001201,2022-08-28,EXPOSED,2022-09-15,NO_RESPONSE,
M007,C0001849,2022-08-28,EXPOSED,2022-10-04,NO_RESPONSE,
M007,C0003452,2022-08-28,EXPOSED,2022-09-23,NO_RESPONSE,
M007,C0003816,2022-08-28,EXPOSED,2022-09-25,NO_RESPONSE,
M007,C0003837,2022-08-28,EXPOSED,2022-10-24,NO_RESPONSE,
M007,C0004399,2022-08-28,EXPOSED,2022-11-01,NO_RESPONSE,
M007,C0006045,2022-08-28,EXPOSED,2022-11-02,NO_RESPONSE,
M007,C0006086,2022-08-28,EXPOSED,2022-09-24,NO_RESPONSE,
M007,C0006394,2022-08-28,EXPOSED,2022-10-14,NO_RESPONSE,
M007,C0006635,2022-08-28,EXPOSED,2022-09-22,NEUTRAL,2022-10-10
M007,C0006705,2022-08-28,EXPOSED,2022-10-15,NO_RESPONSE,
M007,C0006917,2022-08-28,EXPOSED,2022-09-24,NO_RESPONSE,
M007,C0007075,2022-08-28,EXPOSED,2022-09-02,NO_RESPONSE,
M007,C0007322,2022-08-28,EXPOSED,2022-09-15,NEGATIVE,2022-09-28
M007,C0008504,2022-08-28,EXPOSED,2022-09-28,NO_RESPONSE,
M007,C0008515,2022-08-28,EXPOSED,2022-09-02,NEUTRAL,2022-09-06
M007,C0008535,2022-08-28,EXPOSED,2022-10-07,NO_RESPONSE,
M007,C0009623,2022-08-28,NOT_EXPOSED,,,
M007,C0010395,2022-08-28,EXPOSED,2022-09-21,NO_RESPONSE,
M007,C0010405,2022-08-28,EXPOSED,2022-09-29,NO_RESPONSE,
M007,C0010812,2022-08-28,NOT_EXPOSED,,,
M007,C0010911,2022-08-28,EXPOSED,2022-09-19,NO_RESPONSE,
M007,C0011952,2022-08-28,EXPOSED,2022-09-07,NO_RESPONSE,
M007,C0012532,2022-08-28,EXPOSED,2022-10-03,NO_RESPONSE,
M007,C0012536,2022-08-28,EXPOSED,2022-09-11,NO_RESPONSE,
M007,C0013462,2022-08-28,NOT_EXPOSED,,,
M007,C0013725,2022-08-28,EXPOSED,2022-09-26,NO_RESPONSE,
M007,C0014091,2022-08-28,EXPOSED,2022-10-07,NO_RESPONSE,
M007,C0014172,2022-08-28,EXPOSED,2022-09-10,NO_RESPONSE,
M007,C0014670,2022-08-28,EXPOSED,2022-11-09,NO_RESPONSE,
M007,C0014701,2022-08-28,EXPOSED,2022-10-28,NO_RESPONSE,
M007,C0015146,2022-08-28,EXPOSED,2022-11-28,NO_RESPONSE,
M007,C0015363,2022-08-28,NOT_EXPOSED,,,
M007,C0015650,2022-08-28,EXPOSED,2022-11-08,NO_RESPONSE,
M007,C0015899,2022-08-28,NOT_EXPOSED,,,
M007,C0016047,2022-08-28,EXPOSED,2022-10-06,NO_RESPONSE,
M007,C0016215,2022-08-28,EXPOSED,2022-09-21,NO_RESPONSE,
M007,C0016960,2022-08-28,EXPOSED,2022-09-28,POSITIVE,2022-10-02
M007,C0018829,2022-08-28,EXPOSED,2022-10-07,POSITIVE,2022-10-13
M007,C0018895,2022-08-28,EXPOSED,2022-09-04,NO_RESPONSE,
M007,C0018943,2022-08-28,EXPOSED,2022-11-09,NO_RESPONSE,
M007,C0000883,2022-08-29,EXPOSED,2022-10-20,NO_RESPONSE,
M007,C0002283,2022-08-29,EXPOSED,2022-11-07,NO_RESPONSE,
M007,C0004235,2022-08-29,EXPOSED,2022-10-08,NO_RESPONSE,
M007,C0004930,2022-08-29,EXPOSED,2022-09-02,NO_RESPONSE,
M007,C0005034,2022-08-29,NOT_EXPOSED,,,
M007,C0006293,2022-08-29,EXPOSED,2022-09-06,NO_RESPONSE,
M007,C0006587,2022-08-29,EXPOSED,2022-09-27,NO_RESPONSE,
M007,C0007417,2022-08-29,NOT_EXPOSED,,,
M007,C0007825,2022-08-29,EXPOSED,2022-10-11,POSITIVE,2022-10-14
M007,C0008119,2022-08-29,EXPOSED,2022-10-24,NO_RESPONSE,
M007,C0008120,2022-08-29,NOT_EXPOSED,,,
M007,C0009241,2022-08-29,EXPOSED,2022-09-16,NEUTRAL,2022-09-22
M007,C0009875,2022-08-29,EXPOSED,2022-09-21,POSITIVE,2022-09-28
M007,C0010391,2022-08-29,EXPOSED,2022-09-17,NO_RESPONSE,
M007,C0010485,2022-08-29,EXPOSED,2022-11-18,POSITIVE,2022-11-22
M007,C0010554,2022-08-29,EXPOSED,2022-09-17,NO_RESPONSE,
M007,C0013155,2022-08-29,EXPOSED,2022-10-10,NO_RESPONSE,
M007,C0014350,2022-08-29,EXPOSED,2022-09-30,NO_RESPONSE,
M007,C0014629,2022-08-29,EXPOSED,2022-09-01,NO_RESPONSE,
M007,C0014704,2022-08-29,EXPOSED,2022-09-14,NO_RESPONSE,
M007,C0015392,2022-08-29,NOT_EXPOSED,,,
M007,C0015477,2022-08-29,NOT_EXPOSED,,,
M007,C0015619,2022-08-29,EXPOSED,2022-10-03,POSITIVE,2022-10-14
M007,C0016070,2022-08-29,EXPOSED,2022-09-02,NO_RESPONSE,
M007,C0016821,2022-08-29,EXPOSED,2022-09-13,POSITIVE,2022-09-16
M007,C0017382,2022-08-29,EXPOSED,2022-10-12,NO_RESPONSE,
M007,C0018116,2022-08-29,EXPOSED,2022-10-10,NEUTRAL,2022-10-12
M007,C0018397,2022-08-29,EXPOSED,2022-11-11,NO_RESPONSE,
M007,C0018846,2022-08-29,EXPOSED,2022-10-04,NO_RESPONSE,
M007,C0019301,2022-08-29,EXPOSED,2022-09-29,NO_RESPONSE,
M007,C0019531,2022-08-29,EXPOSED,2022-11-02,NEUTRAL,2022-11-03
M007,C0000138,2022-08-30,EXPOSED,2022-09-24,NO_RESPONSE,
M007,C0000140,2022-08-30,EXPOSED,2022-10-06,POSITIVE,2022-10-23
M007,C0000188,2022-08-30,EXPOSED,2022-10-07,NO_RESPONSE,
M007,C0000568,2022-08-30,EXPOSED,2022-10-10,NO_RESPONSE,
M007,C0001245,2022-08-30,EXPOSED,2022-10-25,NO_RESPONSE,
M007,C0002368,2022-08-30,EXPOSED,2022-09-28,NO_RESPONSE,
M007,C0003727,2022-08-30,NOT_EXPOSED,,,
M007,C0004220,2022-08-30,EXPOSED,2022-09-29,POSITIVE,2022-10-01
M007,C0005047,2022-08-30,EXPOSED,2022-10-06,NO_RESPONSE,
M007,C0005167,2022-08-30,EXPOSED,2022-09-13,NO_RESPONSE,
M007,C0005339,2022-08-30,EXPOSED,2022-10-21,NO_RESPONSE,
M007,C0005687,2022-08-30,EXPOSED,2022-10-27,NO_RESPONSE,
M007,C0005840,2022-08-30,NOT_EXPOSED,,,
M007,C0007967,2022-08-30,EXPOSED,2022-10-05,NO_RESPONSE,
M007,C0010223,2022-08-30,EXPOSED,2022-09-12,NEUTRAL,2022-09-18
M007,C0012044,2022-08-30,EXPOSED,2022-09-28,NO_RESPONSE,
M007,C0012531,2022-08-30,EXPOSED,2022-11-09,NO_RESPONSE,
M007,C0012618,2022-08-30,EXPOSED,2022-10-08,NO_RESPONSE,
M007,C0012827,2022-08-30,EXPOSED,2022-09-05,NO_RESPONSE,
M007,C0013277,2022-08-30,EXPOSED,2022-10-01,POSITIVE,2022-10-07
M007,C0013759,2022-08-30,EXPOSED,2022-10-03,NO_RESPONSE,
M007,C0013760,2022-08-30,EXPOSED,2022-10-22,NEUTRAL,2022-10-24
M007,C0015960,2022-08-30,EXPOSED,2022-10-10,NO_RESPONSE,
M007,C0016063,2022-08-30,EXPOSED,2022-09-21,NO_RESPONSE,
M007,C0016257,2022-08-30,EXPOSED,2022-10-16,NEUTRAL,2022-10-24
M007,C0018162,2022-08-30,EXPOSED,2022-10-28,NO_RESPONSE,
M007,C0018592,2022-08-30,EXPOSED,2022-11-26,NO_RESPONSE,
M007,C0000654,2022-08-31,EXPOSED,2022-09-03,NO_RESPONSE,
M007,C0000762,2022-08-31,EXPOSED,2022-10-11,NO_RESPONSE,
M007,C0001997,2022-08-31,EXPOSED,2022-09-23,POSITIVE,2022-09-28
M007,C0002512,2022-08-31,EXPOSED,2022-10-25,NO_RESPONSE,
M007,C0003663,2022-08-31,EXPOSED,2022-10-16,NO_RESPONSE,
M007,C0003922,2022-08-31,EXPOSED,2022-10-06,POSITIVE,2022-10-17
M007,C0004038,2022-08-31,EXPOSED,2022-10-07,NO_RESPONSE,
M007,C0004060,2022-08-31,EXPOSED,2022-09-24,NO_RESPONSE,
M007,C0004269,2022-08-31,EXPOSED,2022-11-01,NO_RESPONSE,
M007,C0005017,2022-08-31,EXPOSED,2022-10-30,NO_RESPONSE,
M007,C0005125,2022-08-31,EXPOSED,2022-09-11,NEUTRAL,2022-09-18
M007,C0005147,2022-08-31,EXPOSED,2022-11-18,NO_RESPONSE,
M007,C0005547,2022-08-31,EXPOSED,2022-09-07,NO_RESPONSE,
M007,C0006488,2022-08-31,EXPOSED,2022-10-08,NO_RESPONSE,
M007,C0006491,2022-08-31,EXPOSED,2022-10-01,POSITIVE,2022-10-10
M007,C0007276,2022-08-31,NOT_EXPOSED,,,
M007,C0008358,2022-08-31,EXPOSED,2022-11-14,NO_RESPONSE,
M007,C0008539,2022-08-31,EXPOSED,2022-09-30,NO_RESPONSE,
M007,C0008546,2022-08-31,EXPOSED,2022-11-17,NO_RESPONSE,
M007,C0008685,2022-08-31,EXPOSED,2022-10-30,NO_RESPONSE,
M007,C0008889,2022-08-31,EXPOSED,2022-10-04,NO_RESPONSE,
M007,C0009040,2022-08-31,EXPOSED,2022-10-03,NO_RESPONSE,
M007,C0009109,2022-08-31,EXPOSED,2022-11-17,NO_RESPONSE,
M007,C0009689,2022-08-31,EXPOSED,2022-11-15,NO_RESPONSE,
M007,C0011099,2022-08-31,EXPOSED,2022-10-06,NEUTRAL,2022-10-07
M007,C0011918,2022-08-31,EXPOSED,2022-09-14,POSITIVE,2022-09-21
M007,C0012193,2022-08-31,EXPOSED,2022-11-04,NO_RESPONSE,
M007,C0012443,2022-08-31,EXPOSED,2022-09-26,NO_RESPONSE,
M007,C0013205,2022-08-31,EXPOSED,2022-09-16,POSITIVE,2022-09-17
M007,C0013741,2022-08-31,EXPOSED,2022-09-23,NO_RESPONSE,
M007,C0015153,2022-08-31,EXPOSED,2022-09-16,NO_RESPONSE,
M007,C0016105,2022-08-31,EXPOSED,2022-09-14,NO_RESPONSE,
M007,C0016587,2022-08-31,EXPOSED,2022-09-02,NO_RESPONSE,
M007,C0017081,2022-08-31,EXPOSED,2022-11-28,NO_RESPONSE,
M007,C0017229,2022-08-31,EXPOSED,2022-09-07,NO_RESPONSE,
M007,C0017756,2022-08-31,EXPOSED,2022-09-07,NO_RESPONSE,
M007,C0017951,2022-08-31,EXPOSED,2022-09-03,NEUTRAL,2022-09-11
M007,C0018355,2022-08-31,NOT_EXPOSED,,,
M007,C0018470,2022-08-31,EXPOSED,2022-10-02,NEUTRAL,2022-10-05
M007,C0019834,2022-08-31,EXPOSED,2022-09-24,NO_RESPONSE,
M007,C0000409,2022-09-01,EXPOSED,2022-10-02,NO_RESPONSE,
M007,C0001273,2022-09-01,EXPOSED,2022-09-10,NO_RESPONSE,
M007,C0001558,2022-09-01,EXPOSED,2022-10-12,NEUTRAL,2022-10-21
M007,C0002702,2022-09-01,NOT_EXPOSED,,,
M007,C0003043,2022-09-01,EXPOSED,2022-09-16,NO_RESPONSE,
M007,C0003149,2022-09-01,EXPOSED,2022-10-27,NO_RESPONSE,
M007,C0003753,2022-09-01,EXPOSED,2022-09-01,NEUTRAL,2022-09-05
M007,C0004222,2022-09-01,EXPOSED,2022-10-18,NO_RESPONSE,
M007,C0004424,2022-09-01,EXPOSED,2022-09-28,NO_RESPONSE,
M007,C0004484,2022-09-01,EXPOSED,2022-10-01,NO_RESPONSE,
M007,C0004505,2022-09-01,EXPOSED,2022-09-29,NO_RESPONSE,
M007,C0004554,2022-09-01,EXPOSED,2022-10-07,NO_RESPONSE,
M007,C0004682,2022-09-01,EXPOSED,2022-10-07,NEUTRAL,2022-10-08
M007,C0004709,2022-09-01,EXPOSED,2022-10-22,NO_RESPONSE,
M007,C0005486,2022-09-01,EXPOSED,2022-10-15,NO_RESPONSE,
M007,C0005620,2022-09-01,EXPOSED,2022-09-11,NO_RESPONSE,
M007,C0006148,2022-09-01,EXPOSED,2022-10-05,POSITIVE,2022-10-07
M007,C0007135,2022-09-01,EXPOSED,2022-10-09,POSITIVE,2022-10-11
M007,C0007899,2022-09-01,EXPOSED,2022-11-02,NO_RESPONSE,
M007,C0010027,2022-09-01,EXPOSED,2022-10-10,NO_RESPONSE,
M007,C0010892,2022-09-01,EXPOSED,2022-09-13,NEUTRAL,2022-09-16
M007,C0011706,2022-09-01,EXPOSED,2022-09-07,NO_RESPONSE,
M007,C0013093,2022-09-01,EXPOSED,2022-09-05,NO_RESPONSE,
M007,C0013432,2022-09-01,EXPOSED,2022-11-03,NEUTRAL,2022-11-16
M007,C0014476,2022-09-01,EXPOSED,2022-09-10,NO_RESPONSE,
M007,C0014815,2022-09-01,EXPOSED,2022-09-24,NO_RESPONSE,
M007,C0015115,2022-09-01,EXPOSED,2022-09-05,NO_RESPONSE,
M007,C0015581,2022-09-01,EXPOSED,2022-11-15,NO_RESPONSE,
M007,C0015802,2022-09-01,EXPOSED,2022-09-21,NO_RESPONSE,
M007,C0016292,2022-09-01,EXPOSED,2022-09-25,NEGATIVE,2022-09-27
M007,C0017445,2022-09-01,EXPOSED,2022-09-13,POSITIVE,2022-09-18
M007,C0017833,2022-09-01,EXPOSED,2022-10-01,POSITIVE,2022-10-07
M007,C0018826,2022-09-01,EXPOSED,2022-09-11,NEUTRAL,2022-09-23
M007,C0000445,2022-09-02,EXPOSED,2022-10-05,NO_RESPONSE,
M007,C0000690,2022-09-02,EXPOSED,2022-09-27,NO_RESPONSE,
M007,C0000879,2022-09-02,EXPOSED,2022-10-24,NO_RESPONSE,
M007,C0001091,2022-09-02,EXPOSED,2022-09-12,NO_RESPONSE,
M007,C0001497,2022-09-02,EXPOSED,2022-09-22,NO_RESPONSE,
M007,C0005346,2022-09-02,EXPOSED,2022-09-27,POSITIVE,2022-09-28
M007,C0006068,2022-09-02,EXPOSED,2022-09-21,NO_RESPONSE,
M007,C0006146,2022-09-02,EXPOSED,2022-09-30,NEUTRAL,2022-10-01
M007,C0006476,2022-09-02,EXPOSED,2022-10-28,NO_RESPONSE,
M007,C0006980,2022-09-02,EXPOSED,2022-10-31,NO_RESPONSE,
M007,C0007689,2022-09-02,EXPOSED,2022-09-29,NO_RESPONSE,
M007,C0008008,2022-09-02,EXPOSED,2022-09-30,NO_RESPONSE,
M007,C0008276,2022-09-02,EXPOSED,2022-09-15,POSITIVE,2022-09-24
M007,C0008725,2022-09-02,EXPOSED,2022-09-21,POSITIVE,2022-09-23
M007,C0009371,2022-09-02,EXPOSED,2022-10-27,NO_RESPONSE,
M007,C0010110,2022-09-02,EXPOSED,2022-10-20,NO_RESPONSE,
M007,C0010201,2022-09-02,EXPOSED,2022-11-05,NO_RESPONSE,
M007,C0011658,2022-09-02,EXPOSED,2022-09-25,NO_RESPONSE,
M007,C0011689,2022-09-02,EXPOSED,2022-09-30,NO_RESPONSE,
M007,C0013625,2022-09-02,EXPOSED,2022-09-20,NEUTRAL,2022-09-28
M007,C0013941,2022-09-02,EXPOSED,2022-11-16,POSITIVE,2022-11-25
M007,C0015171,2022-09-02,NOT_EXPOSED,,,
M007,C0015289,2022-09-02,EXPOSED,2022-10-21,NO_RESPONSE,
M007,C0016092,2022-09-02,EXPOSED,2022-09-10,NO_RESPONSE,
M007,C0016332,2022-09-02,EXPOSED,2022-10-10,NEGATIVE,2022-10-17
M007,C0016429,2022-09-02,EXPOSED,2022-09-16,NO_RESPONSE,
M007,C0016554,2022-09-02,EXPOSED,2022-09-18,NO_RESPONSE,
M007,C0016892,2022-09-02,EXPOSED,2022-09-23,NEUTRAL,2022-09-27
M007,C0017189,2022-09-02,EXPOSED,2022-10-03,NO_RESPONSE,
M007,C0017821,2022-09-02,EXPOSED,2022-09-26,NEUTRAL,2022-10-07
M007,C0017981,2022-09-02,EXPOSED,2022-10-17,NO_RESPONSE,
M007,C0018428,2022-09-02,EXPOSED,2022-09-28,NO_RESPONSE,
M007,C0018503,2022-09-02,EXPOSED,2022-09-29,NO_RESPONSE,
M007,C0019415,2022-09-02,EXPOSED,2022-11-03,POSITIVE,2022-11-11
M007,C0019919,2022-09-02,EXPOSED,2022-09-09,NO_RESPONSE,
M007,C0001000,2022-09-03,EXPOSED,2022-10-12,NO_RESPONSE,
M007,C0001669,2022-09-03,EXPOSED,2022-10-18,NO_RESPONSE,
M007,C0001847,2022-09-03,EXPOSED,2022-09-15,POSITIVE,2022-09-21
M007,C0002936,2022-09-03,EXPOSED,2022-10-19,NO_RESPONSE,
M007,C0003431,2022-09-03,EXPOSED,2022-11-12,NEUTRAL,2022-11-15
M007,C0003571,2022-09-03,EXPOSED,2022-10-28,NO_RESPONSE,
M007,C0003574,2022-09-03,EXPOSED,2022-10-20,NO_RESPONSE,
M007,C0004283,2022-09-03,EXPOSED,2022-10-02,NO_RESPONSE,
M007,C0004516,2022-09-03,EXPOSED,2022-10-04,NO_RESPONSE,
M007,C0004658,2022-09-03,EXPOSED,2022-09-14,NO_RESPONSE,
M007,C0005286,2022-09-03,EXPOSED,2022-09-24,NO_RESPONSE,
M007,C0005406,2022-09-03,EXPOSED,2022-11-21,NO_RESPONSE,
M007,C0005682,2022-09-03,EXPOSED,2022-09-20,NO_RESPONSE,
M007,C0006436,2022-09-03,EXPOSED,2022-10-10,NO_RESPONSE,
M007,C0006769,2022-09-03,EXPOSED,2022-09-29,NO_RESPONSE,
M007,C0007900,2022-09-03,EXPOSED,2022-11-02,NO_RESPONSE,
M007,C0008009,2022-09-03,EXPOSED,2022-10-14,NO_RESPONSE,
M007,C0008083,2022-09-03,EXPOSED,2022-10-06,NO_RESPONSE,
M007,C0008091,2022-09-03,EXPOSED,2022-10-01,NO_RESPONSE,
M007,C0008502,2022-09-03,EXPOSED,2022-09-07,NO_RESPONSE,
M007,C0010510,2022-09-03,EXPOSED,2022-09-10,NEGATIVE,2022-09-14
M007,C0010866,2022-09-03,EXPOSED,2022-11-08,NEGATIVE,2022-11-14
M007,C0011041,2022-09-03,EXPOSED,2022-09-25,NO_RESPONSE,
M007,C0011318,2022-09-03,EXPOSED,2022-11-13,NO_RESPONSE,
M007,C0011630,2022-09-03,EXPOSED,2022-10-09,NO_RESPONSE,
M007,C0012709,2022-09-03,EXPOSED,2022-09-15,POSITIVE,2022-09-17
M007,C0012866,2022-09-03,EXPOSED,2022-11-03,NO_RESPONSE,
M007,C0013123,2022-09-03,EXPOSED,2022-11-14,NO_RESPONSE,
M007,C0013607,2022-09-03,EXPOSED,2022-11-05,NO_RESPONSE,
M007,C0014164,2022-09-03,EXPOSED,2022-09-09,NEGATIVE,2022-09-13
M007,C0015484,2022-09-03,EXPOSED,2022-10-12,POSITIVE,2022-10-17
M007,C0015503,2022-09-03,EXPOSED,2022-11-05,NO_RESPONSE,
M007,C0017086,2022-09-03,EXPOSED,2022-09-06,NO_RESPONSE,
M007,C0017391,2022-09-03,EXPOSED,2022-10-14,NO_RESPONSE,
M007,C0017858,2022-09-03,EXPOSED,2022-10-18,NO_RESPONSE,
M007,C0018070,2022-09-03,EXPOSED,2022-10-19,NEGATIVE,2022-10-23
M007,C0018964,2022-09-03,EXPOSED,2022-09-18,NO_RESPONSE,
M007,C0019037,2022-09-03,EXPOSED,2022-09-27,NO_RESPONSE,
M007,C0019299,2022-09-03,EXPOSED,2022-09-14,NO_RESPONSE,
M007,C0019397,2022-09-03,EXPOSED,2022-11-08,NO_RESPONSE,
M007,C0019722,2022-09-03,EXPOSED,2022-10-22,NO_RESPONSE,
M007,C0000914,2022-09-04,EXPOSED,2022-11-13,NO_RESPONSE,
M007,C0001258,2022-09-04,EXPOSED,2022-10-06,NO_RESPONSE,
M007,C0001971,2022-09-04,EXPOSED,2022-09-24,POSITIVE,2022-10-05
M007,C0003580,2022-09-04,EXPOSED,2022-09-30,NO_RESPONSE,
M007,C0005201,2022-09-04,EXPOSED,2022-11-16,NO_RESPONSE,
M007,C0005427,2022-09-04,EXPOSED,2022-09-25,NEUTRAL,2022-09-30
M007,C0006267,2022-09-04,EXPOSED,2022-09-15,NEUTRAL,2022-09-17
M007,C0007793,2022-09-04,EXPOSED,2022-11-08,NO_RESPONSE,
M007,C0008288,2022-09-04,EXPOSED,2022-10-27,POSITIVE,2022-10-29
M007,C0008329,2022-09-04,EXPOSED,2022-11-01,NO_RESPONSE,
M007,C0008551,2022-09-04,EXPOSED,2022-10-16,NO_RESPONSE,
M007,C0008659,2022-09-04,EXPOSED,2022-10-22,NO_RESPONSE,
M007,C0009797,2022-09-04,EXPOSED,2022-09-28,NO_RESPONSE,
M007,C0010203,2022-09-04,EXPOSED,2022-11-04,NO_RESPONSE,
M007,C0010497,2022-09-04,EXPOSED,2022-09-25,NO_RESPONSE,
M007,C0011345,2022-09-04,EXPOSED,2022-10-01,NO_RESPONSE,
M007,C0011394,2022-09-04,EXPOSED,2022-09-07,NO_RESPONSE,
M007,C0012002,2022-09-04,EXPOSED,2022-10-18,NO_RESPONSE,
M007,C0012227,2022-09-04,EXPOSED,2022-10-11,NO_RESPONSE,
M007,C0014140,2022-09-04,NOT_EXPOSED,,,
M007,C0014924,2022-09-04,EXPOSED,2022-10-20,NO_RESPONSE,
M007,C0015506,2022-09-04,EXPOSED,2022-09-27,NO_RESPONSE,
M007,C0015852,2022-09-04,EXPOSED,2022-11-04,NO_RESPONSE,
M007,C0016426,2022-09-04,EXPOSED,2022-10-03,NO_RESPONSE,
M007,C0016650,2022-09-04,EXPOSED,2022-10-28,POSITIVE,2022-11-10
M007,C0016881,2022-09-04,EXPOSED,2022-11-21,NO_RESPONSE,
M007,C0017337,2022-09-04,EXPOSED,2022-10-02,NO_RESPONSE,
M007,C0017735,2022-09-04,EXPOSED,2022-09-22,NO_RESPONSE,
M007,C0018030,2022-09-04,EXPOSED,2022-10-21,NO_RESPONSE,
M007,C0018910,2022-09-04,EXPOSED,2022-10-17,NO_RESPONSE,
M007,C0019212,2022-09-04,EXPOSED,2022-09-28,POSITIVE,2022-09-29
M007,C0019248,2022-09-04,EXPOSED,2022-10-15,NEUTRAL,2022-10-23
M007,C0019307,2022-09-04,EXPOSED,2022-09-17,NO_RESPONSE,
M007,C0000331,2022-09-05,EXPOSED,2022-09-24,NEUTRAL,2022-09-26
M007,C0000884,2022-09-05,EXPOSED,2022-11-19,POSITIVE,2022-11-24
M007,C0000976,2022-09-05,EXPOSED,2022-11-06,NEGATIVE,2022-11-13
M007,C0001094,2022-09-05,EXPOSED,2022-10-11,POSITIVE,2022-10-12
M007,C0001229,2022-09-05,EXPOSED,2022-11-01,POSITIVE,2022-11-05
M007,C0001699,2022-09-05,EXPOSED,2022-09-20,NO_RESPONSE,
M007,C0001943,2022-09-05,EXPOSED,2022-11-09,POSITIVE,2022-11-19
M007,C0002124,2022-09-05,EXPOSED,2022-11-28,NEGATIVE,2022-12-01
M007,C0002202,2022-09-05,EXPOSED,2022-11-08,POSITIVE,2022-11-15
M007,C0002686,2022-09-05,EXPOSED,2022-10-11,NO_RESPONSE,
M007,C0002776,2022-09-05,EXPOSED,2022-10-24,NO_RESPONSE,
M007,C0004367,2022-09-05,EXPOSED,2022-09-20,NEUTRAL,2022-09-25
M007,C0004872,2022-09-05,EXPOSED,2022-10-08,NO_RESPONSE,
M007,C0005038,2022-09-05,EXPOSED,2022-10-25,NO_RESPONSE,
M007,C0005262,2022-09-05,EXPOSED,2022-11-04,NO_RESPONSE,
M007,C0005408,2022-09-05,NOT_EXPOSED,,,
M007,C0005633,2022-09-05,EXPOSED,2022-09-12,NO_RESPONSE,
M007,C0005875,2022-09-05,EXPOSED,2022-10-24,NO_RESPONSE,
M007,C0006421,2022-09-05,EXPOSED,2022-09-28,NEGATIVE,2022-10-05
M007,C0008393,2022-09-05,EXPOSED,2022-10-17,NO_RESPONSE,
M007,C0013477,2022-09-05,EXPOSED,2022-09-08,NO_RESPONSE,
M007,C0016451,2022-09-05,EXPOSED,2022-11-14,NO_RESPONSE,
M007,C0017448,2022-09-05,EXPOSED,2022-09-16,NO_RESPONSE,
M007,C0018835,2022-09-05,NOT_EXPOSED,,,
M007,C0019460,2022-09-05,EXPOSED,2022-09-12,NEUTRAL,2022-09-23
M007,C0019673,2022-09-05,EXPOSED,2022-11-16,NO_RESPONSE,
M007,C0001009,2022-09-06,EXPOSED,2022-09-11,NO_RESPONSE,
M007,C0001048,2022-09-06,EXPOSED,2022-11-03,POSITIVE,2022-11-10
M007,C0001111,2022-09-06,NOT_EXPOSED,,,
M007,C0001490,2022-09-06,EXPOSED,2022-09-20,NO_RESPONSE,
M007,C0002071,2022-09-06,EXPOSED,2022-09-15,NO_RESPONSE,
M007,C0002185,2022-09-06,NOT_EXPOSED,,,
M007,C0002288,2022-09-06,EXPOSED,2022-09-29,NO_RESPONSE,
M007,C0003777,2022-09-06,EXPOSED,2022-11-09,NO_RESPONSE,
M007,C0004048,2022-09-06,NOT_EXPOSED,,,
M007,C0004228,2022-09-06,EXPOSED,2022-09-10,NEUTRAL,2022-09-16
M007,C0004907,2022-09-06,EXPOSED,2022-10-18,NO_RESPONSE,
M007,C0004931,2022-09-06,EXPOSED,2022-11-14,NEGATIVE,2022-11-20
M007,C0005684,2022-09-06,EXPOSED,2022-09-22,NO_RESPONSE,
M007,C0006519,2022-09-06,NOT_EXPOSED,,,
M007,C0006786,2022-09-06,EXPOSED,2022-10-05,NO_RESPONSE,
M007,C0008228,2022-09-06,EXPOSED,2022-10-11,NO_RESPONSE,
M007,C0008719,2022-09-06,EXPOSED,2022-10-29,POSITIVE,2022-11-03
M007,C0009191,2022-09-06,EXPOSED,2022-10-11,NO_RESPONSE,
M007,C0009473,2022-09-06,EXPOSED,2022-09-13,NEUTRAL,2022-09-15
M007,C0009534,2022-09-06,EXPOSED,2022-10-07,NO_RESPONSE,
M007,C0009696,2022-09-06,EXPOSED,2022-11-20,NO_RESPONSE,
M007,C0010969,2022-09-06,EXPOSED,2022-11-08,NO_RESPONSE,
M007,C0012480,2022-09-06,EXPOSED,2022-10-10,NO_RESPONSE,
M007,C0012561,2022-09-06,NOT_EXPOSED,,,
M007,C0012623,2022-09-06,EXPOSED,2022-10-21,NO_RESPONSE,
M007,C0013427,2022-09-06,EXPOSED,2022-11-20,NO_RESPONSE,
M007,C0013566,2022-09-06,EXPOSED,2022-11-02,NO_RESPONSE,
M007,C0013889,2022-09-06,EXPOSED,2022-09-30,NO_RESPONSE,
M007,C0014502,2022-09-06,EXPOSED,2022-10-08,NO_RESPONSE,
M007,C0015839,2022-09-06,EXPOSED,2022-09-25,NO_RESPONSE,
M007,C0015853,2022-09-06,EXPOSED,2022-10-30,NEUTRAL,2022-10-31
M007,C0016820,2022-09-06,EXPOSED,2022-10-25,POSITIVE,2022-10-28
M007,C0017110,2022-09-06,EXPOSED,2022-10-10,NO_RESPONSE,
M007,C0017235,2022-09-06,EXPOSED,2022-10-12,NO_RESPONSE,
M007,C0017243,2022-09-06,EXPOSED,2022-10-21,NO_RESPONSE,
M007,C0017461,2022-09-06,EXPOSED,2022-11-13,NO_RESPONSE,
M007,C0017772,2022-09-06,EXPOSED,2022-10-11,NO_RESPONSE,
M007,C0018351,2022-09-06,EXPOSED,2022-09-19,NO_RESPONSE,
M007,C0018610,2022-09-06,EXPOSED,2022-10-15,NO_RESPONSE,
M007,C0018734,2022-09-06,EXPOSED,2022-11-11,NO_RESPONSE,
M007,C0019482,2022-09-06,NOT_EXPOSED,,,
M007,C0019738,2022-09-06,EXPOSED,2022-09-25,NO_RESPONSE,
M007,C0001624,2022-09-07,EXPOSED,2022-10-27,POSITIVE,2022-11-20
M007,C0003219,2022-09-07,EXPOSED,2022-11-03,NO_RESPONSE,
M007,C0003375,2022-09-07,EXPOSED,2022-09-16,NO_RESPONSE,
M007,C0004201,2022-09-07,EXPOSED,2022-09-25,NO_RESPONSE,
M007,C0006039,2022-09-07,EXPOSED,2022-10-13,NO_RESPONSE,
M007,C0006286,2022-09-07,EXPOSED,2022-09-25,NO_RESPONSE,
M007,C0006949,2022-09-07,EXPOSED,2022-09-23,NO_RESPONSE,
M007,C0006981,2022-09-07,EXPOSED,2022-09-21,NO_RESPONSE,
M007,C0007162,2022-09-07,EXPOSED,2022-11-03,NO_RESPONSE,
M007,C0007436,2022-09-07,EXPOSED,2022-10-19,NO_RESPONSE,
M007,C0007606,2022-09-07,EXPOSED,2022-10-29,POSITIVE,2022-11-07
M007,C0008647,2022-09-07,EXPOSED,2022-10-25,NO_RESPONSE,
M007,C0009831,2022-09-07,EXPOSED,2022-09-23,NO_RESPONSE,
M007,C0010984,2022-09-07,EXPOSED,2022-10-30,NO_RESPONSE,
M007,C0011093,2022-09-07,EXPOSED,2022-09-30,NO_RESPONSE,
M007,C0011315,2022-09-07,EXPOSED,2022-11-04,NO_RESPONSE,
M007,C0011644,2022-09-07,EXPOSED,2022-09-28,NO_RESPONSE,
M007,C0013105,2022-09-07,EXPOSED,2022-10-08,NO_RESPONSE,
M007,C0014081,2022-09-07,EXPOSED,2022-10-06,NO_RESPONSE,
M007,C0014118,2022-09-07,EXPOSED,2022-09-27,NO_RESPONSE,
M007,C0014398,2022-09-07,EXPOSED,2022-10-12,NO_RESPONSE,
M007,C0015018,2022-09-07,EXPOSED,2022-11-06,NO_RESPONSE,
M007,C0015108,2022-09-07,EXPOSED,2022-11-12,NO_RESPONSE,
M007,C0015831,2022-09-07,EXPOSED,2022-11-11,NO_RESPONSE,
M007,C0016710,2022-09-07,EXPOSED,2022-10-22,POSITIVE,2022-10-31
M007,C0017680,2022-09-07,EXPOSED,2022-10-20,NO_RESPONSE,
M007,C0019263,2022-09-07,EXPOSED,2022-11-08,NO_RESPONSE,
M007,C0019907,2022-09-07,EXPOSED,2022-10-22,NO_RESPONSE,
M007,C0019908,2022-09-07,NOT_EXPOSED,,,
M007,C0000812,2022-09-08,EXPOSED,2022-10-01,NO_RESPONSE,
M007,C0001002,2022-09-08,EXPOSED,2022-10-22,POSITIVE,2022-11-01
M007,C0001247,2022-09-08,EXPOSED,2022-11-26,NO_RESPONSE,
M007,C0001484,2022-09-08,EXPOSED,2022-10-25,NO_RESPONSE,
M007,C0001578,2022-09-08,EXPOSED,2022-10-30,NO_RESPONSE,
M007,C0003008,2022-09-08,EXPOSED,2022-09-10,POSITIVE,2022-09-15
M007,C0003374,2022-09-08,EXPOSED,2022-09-29,NO_RESPONSE,
M007,C0004630,2022-09-08,EXPOSED,2022-09-30,NO_RESPONSE,
M007,C0004773,2022-09-08,EXPOSED,2022-10-04,NO_RESPONSE,
M007,C0005277,2022-09-08,EXPOSED,2022-10-05,NEGATIVE,2022-10-09
M007,C0005362,2022-09-08,EXPOSED,2022-10-02,NO_RESPONSE,
M007,C0005392,2022-09-08,EXPOSED,2022-09-23,NO_RESPONSE,
M007,C0006680,2022-09-08,EXPOSED,2022-10-11,NO_RESPONSE,
M007,C0006892,2022-09-08,EXPOSED,2022-10-26,NO_RESPONSE,
M007,C0007624,2022-09-08,EXPOSED,2022-10-27,NO_RESPONSE,
M007,C0008389,2022-09-08,EXPOSED,2022-11-08,NO_RESPONSE,
M007,C0008763,2022-09-08,EXPOSED,2022-11-01,NO_RESPONSE,
M007,C0009078,2022-09-08,EXPOSED,2022-11-07,NEUTRAL,2022-11-12
M007,C0009226,2022-09-08,EXPOSED,2022-09-23,NO_RESPONSE,
M007,C0009892,2022-09-08,EXPOSED,2022-09-30,NEUTRAL,2022-10-04
M007,C0010419,2022-09-08,EXPOSED,2022-10-04,NO_RESPONSE,
M007,C0010663,2022-09-08,EXPOSED,2022-10-20,NO_RESPONSE,
M007,C0010672,2022-09-08,NOT_EXPOSED,,,
M007,C0010851,2022-09-08,EXPOSED,2022-10-16,NEGATIVE,2022-10-28
M007,C0012187,2022-09-08,EXPOSED,2022-09-29,POSITIVE,2022-10-01
M007,C0013713,2022-09-08,EXPOSED,2022-10-13,NO_RESPONSE,
M007,C0013726,2022-09-08,EXPOSED,2022-10-28,NO_RESPONSE,
M007,C0013946,2022-09-08,EXPOSED,2022-09-24,NO_RESPONSE,
M007,C0014216,2022-09-08,EXPOSED,2022-11-18,POSITIVE,2022-11-19
M007,C0014539,2022-09-08,EXPOSED,2022-11-17,NO_RESPONSE,
M007,C0015070,2022-09-08,EXPOSED,2022-10-04,NO_RESPONSE,
M007,C0016146,2022-09-08,EXPOSED,2022-10-26,NO_RESPONSE,
M007,C0016529,2022-09-08,EXPOSED,2022-10-09,NO_RESPONSE,
M007,C0016749,2022-09-08,EXPOSED,2022-10-02,POSITIVE,2022-10-03
M007,C0016812,2022-09-08,EXPOSED,2022-10-03,NO_RESPONSE,
M007,C0016941,2022-09-08,EXPOSED,2022-10-10,NO_RESPONSE,
M007,C0017319,2022-09-08,EXPOSED,2022-10-24,NO_RESPONSE,
M007,C0017408,2022-09-08,EXPOSED,2022-10-13,POSITIVE,2022-10-27
M007,C0017717,2022-09-08,EXPOSED,2022-09-18,NO_RESPONSE,
M007,C0018987,2022-09-08,EXPOSED,2022-10-27,NO_RESPONSE,
M007,C0019656,2022-09-08,NOT_EXPOSED,,,
M007,C0000284,2022-09-09,EXPOSED,2022-09-29,NO_RESPONSE,
M007,C0001953,2022-09-09,EXPOSED,2022-10-01,NO_RESPONSE,
M007,C0001956,2022-09-09,EXPOSED,2022-10-14,NEUTRAL,2022-10-17
M007,C0002362,2022-09-09,NOT_EXPOSED,,,
M007,C0004371,2022-09-09,EXPOSED,2022-10-30,NO_RESPONSE,
M007,C0005958,2022-09-09,EXPOSED,2022-10-09,POSITIVE,2022-10-15
M007,C0006997,2022-09-09,EXPOSED,2022-09-25,NO_RESPONSE,
M007,C0007159,2022-09-09,EXPOSED,2022-09-29,NO_RESPONSE,
M007,C0007185,2022-09-09,EXPOSED,2022-11-02,NO_RESPONSE,
M007,C0007496,2022-09-09,EXPOSED,2022-10-22,NO_RESPONSE,
M007,C0007581,2022-09-09,EXPOSED,2022-11-15,NO_RESPONSE,
M007,C0008391,2022-09-09,EXPOSED,2022-11-13,NO_RESPONSE,
M007,C0008684,2022-09-09,EXPOSED,2022-09-18,NO_RESPONSE,
M007,C0008784,2022-09-09,EXPOSED,2022-09-16,NO_RESPONSE,
M007,C0009352,2022-09-09,EXPOSED,2022-10-04,NO_RESPONSE,
M007,C0009474,2022-09-09,EXPOSED,2022-10-19,NO_RESPONSE,
M007,C0009796,2022-09-09,EXPOSED,2022-10-29,NEGATIVE,2022-11-03
M007,C0010545,2022-09-09,EXPOSED,2022-10-10,NO_RESPONSE,
M007,C0010633,2022-09-09,EXPOSED,2022-11-08,NO_RESPONSE,
M007,C0012854,2022-09-09,EXPOSED,2022-10-31,NO_RESPONSE,
M007,C0013676,2022-09-09,EXPOSED,2022-10-08,NO_RESPONSE,
M007,C0013974,2022-09-09,EXPOSED,2022-10-19,NO_RESPONSE,
M007,C0014090,2022-09-09,EXPOSED,2022-10-02,NO_RESPONSE,
M007,C0014308,2022-09-09,EXPOSED,2022-10-15,NO_RESPONSE,
M007,C0014800,2022-09-09,EXPOSED,2022-09-23,NO_RESPONSE,
M007,C0016110,2022-09-09,EXPOSED,2022-11-23,NO_RESPONSE,
M007,C0017550,2022-09-09,EXPOSED,2022-10-10,NO_RESPONSE,
M007,C0017669,2022-09-09,EXPOSED,2022-09-19,NO_RESPONSE,
M007,C0018330,2022-09-09,EXPOSED,2022-10-02,NO_RESPONSE,
M007,C0018590,2022-09-09,EXPOSED,2022-10-09,NO_RESPONSE,
M007,C0019089,2022-09-09,EXPOSED,2022-10-29,NO_RESPONSE,
M007,C0000367,2022-09-10,EXPOSED,2022-10-12,NO_RESPONSE,
M007,C0000370,2022-09-10,EXPOSED,2022-09-14,NO_RESPONSE,
M007,C0000698,2022-09-10,EXPOSED,2022-09-17,NO_RESPONSE,
M007,C0000994,2022-09-10,EXPOSED,2022-10-27,NO_RESPONSE,
M007,C0001013,2022-09-10,EXPOSED,2022-09-24,NO_RESPONSE,
M007,C0002610,2022-09-10,NOT_EXPOSED,,,
M007,C0002748,2022-09-10,EXPOSED,2022-11-11,NO_RESPONSE,
M007,C0003348,2022-09-10,NOT_EXPOSED,,,
M007,C0003625,2022-09-10,EXPOSED,2022-09-19,NO_RESPONSE,
M007,C0004558,2022-09-10,EXPOSED,2022-10-21,NO_RESPONSE,
M007,C0004826,2022-09-10,EXPOSED,2022-11-14,NO_RESPONSE,
M007,C0006649,2022-09-10,EXPOSED,2022-10-21,NO_RESPONSE,
M007,C0007312,2022-09-10,NOT_EXPOSED,,,
M007,C0007590,2022-09-10,EXPOSED,2022-10-26,NO_RESPONSE,
M007,C0007961,2022-09-10,NOT_EXPOSED,,,
M007,C0008687,2022-09-10,NOT_EXPOSED,,,
M007,C0009576,2022-09-10,EXPOSED,2022-10-19,NO_RESPONSE,
M007,C0009878,2022-09-10,EXPOSED,2022-10-28,NO_RESPONSE,
M007,C0009939,2022-09-10,EXPOSED,2022-09-27,NO_RESPONSE,
M007,C0010060,2022-09-10,EXPOSED,2022-09-23,NO_RESPONSE,
M007,C0010722,2022-09-10,EXPOSED,2022-09-22,NO_RESPONSE,
M007,C0010981,2022-09-10,EXPOSED,2022-10-10,NO_RESPONSE,
M007,C0011714,2022-09-10,NOT_EXPOSED,,,
M007,C0011894,2022-09-10,EXPOSED,2022-11-15,NO_RESPONSE,
M007,C0012434,2022-09-10,EXPOSED,2022-09-16,NO_RESPONSE,
M007,C0012625,2022-09-10,EXPOSED,2022-11-03,NO_RESPONSE,
M007,C0013360,2022-09-10,EXPOSED,2022-10-24,NO_RESPONSE,
M007,C0013968,2022-09-10,NOT_EXPOSED,,,
M007,C0013989,2022-09-10,EXPOSED,2022-09-15,NO_RESPONSE,
M007,C0014981,2022-09-10,EXPOSED,2022-09-28,NO_RESPONSE,
M007,C0015331,2022-09-10,EXPOSED,2022-11-11,NEGATIVE,2022-11-14
M007,C0016211,2022-09-10,EXPOSED,2022-10-13,POSITIVE,2022-10-22
M007,C0016606,2022-09-10,EXPOSED,2022-10-22,NO_RESPONSE,
M007,C0019258,2022-09-10,EXPOSED,2022-10-15,POSITIVE,2022-11-02
M007,C0019535,2022-09-10,EXPOSED,2022-10-08,NO_RESPONSE,
M007,C0019742,2022-09-10,NOT_EXPOSED,,,
M007,C0000402,2022-09-11,EXPOSED,2022-11-13,NO_RESPONSE,
M007,C0001661,2022-09-11,EXPOSED,2022-10-26,NO_RESPONSE,
M007,C0003575,2022-09-11,EXPOSED,2022-10-12,POSITIVE,2022-10-16
M007,C0003743,2022-09-11,EXPOSED,2022-10-05,NO_RESPONSE,
M007,C0003846,2022-09-11,EXPOSED,2022-09-28,NEUTRAL,2022-10-01
M007,C0006425,2022-09-11,EXPOSED,2022-09-30,NO_RESPONSE,
M007,C0006674,2022-09-11,EXPOSED,2022-10-22,NEUTRAL,2022-10-25
M007,C0007863,2022-09-11,EXPOSED,2022-10-19,NO_RESPONSE,
M007,C0008910,2022-09-11,EXPOSED,2022-11-01,POSITIVE,2022-11-05
M007,C0009564,2022-09-11,EXPOSED,2022-09-29,NO_RESPONSE,
M007,C0009728,2022-09-11,EXPOSED,2022-09-27,NO_RESPONSE,
M007,C0010317,2022-09-11,EXPOSED,2022-10-04,NO_RESPONSE,
M007,C0010448,2022-09-11,EXPOSED,2022-11-03,NO_RESPONSE,
M007,C0010759,2022-09-11,EXPOSED,2022-10-19,NO_RESPONSE,
M007,C0012305,2022-09-11,EXPOSED,2022-10-10,NO_RESPONSE,
M007,C0013774,2022-09-11,EXPOSED,2022-09-22,NO_RESPONSE,
M007,C0014747,2022-09-11,EXPOSED,2022-10-23,POSITIVE,2022-10-27
M007,C0015449,2022-09-11,EXPOSED,2022-09-27,NO_RESPONSE,
M007,C0016857,2022-09-11,EXPOSED,2022-10-14,NO_RESPONSE,
M007,C0018136,2022-09-11,EXPOSED,2022-09-21,NEUTRAL,2022-10-01
M007,C0018619,2022-09-11,EXPOSED,2022-11-05,NEGATIVE,2022-11-12
M007,C0019053,2022-09-11,EXPOSED,2022-11-08,NO_RESPONSE,
M007,C0000766,2022-09-12,EXPOSED,2022-10-04,POSITIVE,2022-10-07
M007,C0001694,2022-09-12,NOT_EXPOSED,,,
M007,C0001908,2022-09-12,EXPOSED,2022-10-28,NO_RESPONSE,
M007,C0002035,2022-09-12,EXPOSED,2022-10-06,NO_RESPONSE,
M007,C0003897,2022-09-12,EXPOSED,2022-11-08,NO_RESPONSE,
M007,C0004098,2022-09-12,EXPOSED,2022-10-26,NO_RESPONSE,
M007,C0004137,2022-09-12,NOT_EXPOSED,,,
M007,C0004482,2022-09-12,EXPOSED,2022-11-12,NO_RESPONSE,
M007,C0004614,2022-09-12,EXPOSED,2022-09-17,NO_RESPONSE,
M007,C0004657,2022-09-12,EXPOSED,2022-10-02,POSITIVE,2022-10-03
M007,C0005729,2022-09-12,EXPOSED,2022-10-02,NO_RESPONSE,
M007,C0006515,2022-09-12,EXPOSED,2022-11-14,NEGATIVE,2022-11-15
M007,C0007463,2022-09-12,EXPOSED,2022-09-17,NO_RESPONSE,
M007,C0008068,2022-09-12,NOT_EXPOSED,,,
M007,C0008805,2022-09-12,EXPOSED,2022-10-18,NO_RESPONSE,
M007,C0008944,2022-09-12,EXPOSED,2022-10-11,NO_RESPONSE,
M007,C0008947,2022-09-12,EXPOSED,2022-10-08,NO_RESPONSE,
M007,C0009068,2022-09-12,EXPOSED,2022-09-19,NO_RESPONSE,
M007,C0009285,2022-09-12,EXPOSED,2022-10-18,POSITIVE,2022-10-19
M007,C0009668,2022-09-12,EXPOSED,2022-09-14,NO_RESPONSE,
M007,C0009725,2022-09-12,EXPOSED,2022-10-02,NO_RESPONSE,
M007,C0010025,2022-09-12,EXPOSED,2022-09-21,NO_RESPONSE,
M007,C0010682,2022-09-12,EXPOSED,2022-10-07,NO_RESPONSE,
M007,C0011460,2022-09-12,EXPOSED,2022-10-13,NO_RESPONSE,
M007,C0012054,2022-09-12,EXPOSED,2022-10-20,POSITIVE,2022-11-03
M007,C0012573,2022-09-12,EXPOSED,2022-10-02,NO_RESPONSE,
M007,C0012933,2022-09-12,EXPOSED,2022-09-15,NO_RESPONSE,
M007,C0013220,2022-09-12,EXPOSED,2022-10-19,POSITIVE,2022-10-22
M007,C0013498,2022-09-12,EXPOSED,2022-10-21,NO_RESPONSE,
M007,C0013623,2022-09-12,EXPOSED,2022-10-22,NO_RESPONSE,
M007,C0014136,2022-09-12,EXPOSED,2022-11-11,NO_RESPONSE,
M007,C0014387,2022-09-12,NOT_EXPOSED,,,
M007,C0014480,2022-09-12,EXPOSED,2022-10-01,NO_RESPONSE,
M007,C0014912,2022-09-12,EXPOSED,2022-10-03,NO_RESPONSE,
M007,C0015279,2022-09-12,EXPOSED,2022-09-19,NO_RESPONSE,
M007,C0015437,2022-09-12,EXPOSED,2022-09-16,NO_RESPONSE,
M007,C0015999,2022-09-12,EXPOSED,2022-09-30,NO_RESPONSE,
M007,C0016086,2022-09-12,EXPOSED,2022-11-18,NO_RESPONSE,
M007,C0016714,2022-09-12,EXPOSED,2022-10-10,POSITIVE,2022-10-17
M007,C0016824,2022-09-12,NOT_EXPOSED,,,
M007,C0019052,2022-09-12,EXPOSED,2022-10-11,NO_RESPONSE,
M007,C0000048,2022-09-13,EXPOSED,2022-10-25,NO_RESPONSE,
M007,C0001362,2022-09-13,EXPOSED,2022-11-03,NEUTRAL,2022-11-05
M007,C0001717,2022-09-13,EXPOSED,2022-10-21,NO_RESPONSE,
M007,C0001747,2022-09-13,EXPOSED,2022-10-13,NEUTRAL,2022-10-20
M007,C0001791,2022-09-13,EXPOSED,2022-10-12,NO_RESPONSE,
M007,C0001828,2022-09-13,EXPOSED,2022-11-06,NO_RESPONSE,
M007,C0002224,2022-09-13,NOT_EXPOSED,,,
M007,C0002634,2022-09-13,EXPOSED,2022-09-23,NO_RESPONSE,
M007,C0002921,2022-09-13,EXPOSED,2022-09-20,NO_RESPONSE,
M007,C0004501,2022-09-13,EXPOSED,2022-10-29,NO_RESPONSE,
M007,C0005293,2022-09-13,EXPOSED,2022-09-18,NO_RESPONSE,
M007,C0005733,2022-09-13,NOT_EXPOSED,,,
M007,C0005985,2022-09-13,EXPOSED,2022-10-06,NO_RESPONSE,
M007,C0006187,2022-09-13,EXPOSED,2022-10-12,NO_RESPONSE,
M007,C0006317,2022-09-13,EXPOSED,2022-10-15,NO_RESPONSE,
M007,C0006461,2022-09-13,EXPOSED,2022-10-09,NO_RESPONSE,
M007,C0006910,2022-09-13,EXPOSED,2022-09-14,NO_RESPONSE,
M007,C0007163,2022-09-13,EXPOSED,2022-10-21,NO_RESPONSE,
M007,C0007311,2022-09-13,EXPOSED,2022-10-01,NO_RESPONSE,
M007,C0008644,2022-09-13,EXPOSED,2022-10-18,POSITIVE,2022-10-23
M007,C0008682,2022-09-13,EXPOSED,2022-09-17,NO_RESPONSE,
M007,C0011864,2022-09-13,EXPOSED,2022-11-12,NO_RESPONSE,
M007,C0013111,2022-09-13,EXPOSED,2022-09-14,NO_RESPONSE,
M007,C0013702,2022-09-13,EXPOSED,2022-11-05,POSITIVE,2022-11-06
M007,C0013991,2022-09-13,EXPOSED,2022-11-02,NEGATIVE,2022-11-04
M007,C0014080,2022-09-13,EXPOSED,2022-10-27,NEUTRAL,2022-10-30
M007,C0014188,2022-09-13,EXPOSED,2022-10-24,NO_RESPONSE,
M007,C0014942,2022-09-13,NOT_EXPOSED,,,
M007,C0017549,2022-09-13,EXPOSED,2022-09-25,NO_RESPONSE,
M007,C0018823,2022-09-13,EXPOSED,2022-10-05,NEGATIVE,2022-10-08
M007,C0018857,2022-09-13,EXPOSED,2022-11-26,NO_RESPONSE,
M007,C0019157,2022-09-13,EXPOSED,2022-10-08,NO_RESPONSE,
M007,C0019677,2022-09-13,EXPOSED,2022-09-30,NO_RESPONSE,
M007,C0019698,2022-09-13,EXPOSED,2022-09-25,NO_RESPONSE,
M007,C0019842,2022-09-13,EXPOSED,2022-10-19,NO_RESPONSE,
M007,C0000437,2022-09-14,EXPOSED,2022-11-06,NO_RESPONSE,
M007,C0000638,2022-09-14,EXPOSED,2022-10-20,NO_RESPONSE,
M007,C0000775,2022-09-14,EXPOSED,2022-11-22,NO_RESPONSE,
M007,C0000792,2022-09-14,EXPOSED,2022-10-28,NO_RESPONSE,
M007,C0001664,2022-09-14,EXPOSED,2022-10-27,POSITIVE,2022-10-29
M007,C0003434,2022-09-14,EXPOSED,2022-10-23,NO_RESPONSE,
M007,C0004018,2022-09-14,EXPOSED,2022-11-24,NEUTRAL,2022-12-05
M007,C0004559,2022-09-14,EXPOSED,2022-10-21,NO_RESPONSE,
M007,C0004924,2022-09-14,EXPOSED,2022-10-10,NO_RESPONSE,
M007,C0005483,2022-09-14,EXPOSED,2022-10-08,NO_RESPONSE,
M007,C0005582,2022-09-14,EXPOSED,2022-09-20,NO_RESPONSE,
M007,C0005805,2022-09-14,EXPOSED,2022-09-26,NEGATIVE,2022-09-28
M007,C0007603,2022-09-14,EXPOSED,2022-10-21,NO_RESPONSE,
M007,C0007855,2022-09-14,EXPOSED,2022-11-09,NO_RESPONSE,
M007,C0008066,2022-09-14,EXPOSED,2022-10-08,NO_RESPONSE,
M007,C0008511,2022-09-14,EXPOSED,2022-10-09,NO_RESPONSE,
M007,C0008769,2022-09-14,EXPOSED,2022-10-05,NO_RESPONSE,
M007,C0008808,2022-09-14,EXPOSED,2022-10-06,NO_RESPONSE,
M007,C0009316,2022-09-14,EXPOSED,2022-09-16,NO_RESPONSE,
M007,C0009358,2022-09-14,EXPOSED,2022-11-15,NO_RESPONSE,
M007,C0010192,2022-09-14,EXPOSED,2022-10-07,NO_RESPONSE,
M007,C0010564,2022-09-14,EXPOSED,2022-09-25,NEGATIVE,2022-10-07
M007,C0011112,2022-09-14,EXPOSED,2022-09-29,NO_RESPONSE,
M007,C0011609,2022-09-14,EXPOSED,2022-10-13,NO_RESPONSE,
M007,C0011927,2022-09-14,EXPOSED,2022-10-10,NO_RESPONSE,
M007,C0012450,2022-09-14,EXPOSED,2022-10-09,NO_RESPONSE,
M007,C0012894,2022-09-14,EXPOSED,2022-11-03,NO_RESPONSE,
M007,C0012982,2022-09-14,EXPOSED,2022-09-28,NO_RESPONSE,
M007,C0013055,2022-09-14,EXPOSED,2022-10-20,NEUTRAL,2022-10-25
M007,C0013728,2022-09-14,NOT_EXPOSED,,,
M007,C0014258,2022-09-14,EXPOSED,2022-09-24,NO_RESPONSE,
M007,C0014448,2022-09-14,EXPOSED,2022-10-14,NO_RESPONSE,
M007,C0015575,2022-09-14,EXPOSED,2022-10-16,NO_RESPONSE,
M007,C0015785,2022-09-14,NOT_EXPOSED,,,
M007,C0016953,2022-09-14,EXPOSED,2022-10-09,NO_RESPONSE,
M007,C0017532,2022-09-14,EXPOSED,2022-11-17,NO_RESPONSE,
M007,C0017646,2022-09-14,EXPOSED,2022-10-11,NO_RESPONSE,
M007,C0017960,2022-09-14,EXPOSED,2022-10-14,NO_RESPONSE,
M007,C0018242,2022-09-14,EXPOSED,2022-09-17,NEUTRAL,2022-09-19
M007,C0018508,2022-09-14,EXPOSED,2022-10-08,NEGATIVE,2022-10-20
M007,C0019339,2022-09-14,EXPOSED,2022-10-18,NO_RESPONSE,
M007,C0001012,2022-09-15,EXPOSED,2022-09-29,NO_RESPONSE,
M007,C0002170,2022-09-15,EXPOSED,2022-09-17,NEUTRAL,2022-09-18
M007,C0003308,2022-09-15,EXPOSED,2022-11-01,NEUTRAL,2022-11-08
M007,C0003726,2022-09-15,EXPOSED,2022-10-19,NO_RESPONSE,
M007,C0003750,2022-09-15,EXPOSED,2022-11-02,NO_RESPONSE,
M007,C0004124,2022-09-15,EXPOSED,2022-11-17,NO_RESPONSE,
M007,C0005818,2022-09-15,NOT_EXPOSED,,,
M007,C0006438,2022-09-15,EXPOSED,2022-10-05,NO_RESPONSE,
M007,C0007375,2022-09-15,EXPOSED,2022-11-02,NO_RESPONSE,
M007,C0007387,2022-09-15,EXPOSED,2022-10-18,NO_RESPONSE,
M007,C0007477,2022-09-15,EXPOSED,2022-09-30,NO_RESPONSE,
M007,C0008175,2022-09-15,EXPOSED,2022-10-12,NO_RESPONSE,
M007,C0008526,2022-09-15,EXPOSED,2022-11-18,POSITIVE,2022-11-19
M007,C0008994,2022-09-15,EXPOSED,2022-10-27,NO_RESPONSE,
M007,C0009164,2022-09-15,EXPOSED,2022-09-28,NO_RESPONSE,
M007,C0009821,2022-09-15,EXPOSED,2022-10-04,NO_RESPONSE,
M007,C0010075,2022-09-15,EXPOSED,2022-10-21,NO_RESPONSE,
M007,C0010709,2022-09-15,NOT_EXPOSED,,,
M007,C0011274,2022-09-15,EXPOSED,2022-10-04,NO_RESPONSE,
M007,C0012503,2022-09-15,EXPOSED,2022-11-13,NO_RESPONSE,
M007,C0012795,2022-09-15,EXPOSED,2022-09-20,NO_RESPONSE,
M007,C0013189,2022-09-15,EXPOSED,2022-10-09,NO_RESPONSE,
M007,C0013233,2022-09-15,EXPOSED,2022-09-25,NO_RESPONSE,
M007,C0013325,2022-09-15,EXPOSED,2022-11-01,NO_RESPONSE,
M007,C0013792,2022-09-15,NOT_EXPOSED,,,
M007,C0013951,2022-09-15,EXPOSED,2022-10-18,POSITIVE,2022-10-25
M007,C0013990,2022-09-15,EXPOSED,2022-10-09,NO_RESPONSE,
M007,C0014524,2022-09-15,EXPOSED,2022-09-27,NO_RESPONSE,
M007,C0014708,2022-09-15,NOT_EXPOSED,,,
M007,C0015600,2022-09-15,EXPOSED,2022-09-17,NO_RESPONSE,
M007,C0016798,2022-09-15,EXPOSED,2022-10-07,NEUTRAL,2022-10-09
M007,C0017267,2022-09-15,NOT_EXPOSED,,,
M007,C0017327,2022-09-15,EXPOSED,2022-09-21,POSITIVE,2022-09-25
M007,C0017513,2022-09-15,EXPOSED,2022-10-11,NO_RESPONSE,
M007,C0018323,2022-09-15,EXPOSED,2022-10-31,NO_RESPONSE,
M007,C0019242,2022-09-15,NOT_EXPOSED,,,
M007,C0019487,2022-09-15,NOT_EXPOSED,,,
M007,C0019851,2022-09-15,NOT_EXPOSED,,,
M007,C0019887,2022-09-15,EXPOSED,2022-09-16,NO_RESPONSE,
M007,C0000382,2022-09-16,EXPOSED,2022-09-20,NO_RESPONSE,
M007,C0000457,2022-09-16,EXPOSED,2022-10-10,POSITIVE,2022-10-16
M007,C0001209,2022-09-16,EXPOSED,2022-10-09,NO_RESPONSE,
M007,C0001297,2022-09-16,EXPOSED,2022-09-30,NO_RESPONSE,
M007,C0001589,2022-09-16,EXPOSED,2022-11-10,NO_RESPONSE,
M007,C0001785,2022-09-16,EXPOSED,2022-10-29,POSITIVE,2022-10-31
M007,C0002196,2022-09-16,EXPOSED,2022-10-26,NEUTRAL,2022-11-01
M007,C0002235,2022-09-16,EXPOSED,2022-10-09,NO_RESPONSE,
M007,C0002462,2022-09-16,EXPOSED,2022-10-23,NO_RESPONSE,
M007,C0002978,2022-09-16,EXPOSED,2022-11-09,NEUTRAL,2022-11-12
M007,C0003296,2022-09-16,EXPOSED,2022-10-29,NO_RESPONSE,
M007,C0003560,2022-09-16,EXPOSED,2022-10-14,NEGATIVE,2022-10-24
M007,C0003716,2022-09-16,EXPOSED,2022-09-28,NO_RESPONSE,
M007,C0004267,2022-09-16,EXPOSED,2022-09-17,NEUTRAL,2022-09-18
M007,C0004728,2022-09-16,EXPOSED,2022-09-25,POSITIVE,2022-09-29
M007,C0005309,2022-09-16,EXPOSED,2022-11-19,NEUTRAL,2022-11-23
M007,C0005424,2022-09-16,EXPOSED,2022-10-06,NO_RESPONSE,
M007,C0006221,2022-09-16,EXPOSED,2022-10-25,NO_RESPONSE,
M007,C0007249,2022-09-16,EXPOSED,2022-09-28,NO_RESPONSE,
M007,C0007713,2022-09-16,EXPOSED,2022-10-03,NO_RESPONSE,
M007,C0008518,2022-09-16,EXPOSED,2022-09-28,NO_RESPONSE,
M007,C0008916,2022-09-16,EXPOSED,2022-09-18,NO_RESPONSE,
M007,C0009706,2022-09-16,EXPOSED,2022-10-03,POSITIVE,2022-10-20
M007,C0009752,2022-09-16,EXPOSED,2022-11-25,NO_RESPONSE,
M007,C0010473,2022-09-16,EXPOSED,2022-10-24,NO_RESPONSE,
M007,C0010740,2022-09-16,EXPOSED,2022-09-23,NO_RESPONSE,
M007,C0011350,2022-09-16,EXPOSED,2022-09-25,NO_RESPONSE,
M007,C0011572,2022-09-16,EXPOSED,2022-11-07,NO_RESPONSE,
M007,C0012026,2022-09-16,EXPOSED,2022-11-19,POSITIVE,2022-12-02
M007,C0012619,2022-09-16,EXPOSED,2022-11-04,NO_RESPONSE,
M007,C0015626,2022-09-16,EXPOSED,2022-09-28,NO_RESPONSE,
M007,C0015813,2022-09-16,EXPOSED,2022-11-04,NO_RESPONSE,
M007,C0016766,2022-09-16,NOT_EXPOSED,,,
M007,C0019855,2022-09-16,EXPOSED,2022-10-20,NO_RESPONSE,
M007,C0000572,2022-09-17,EXPOSED,2022-11-03,NO_RESPONSE,
M007,C0001399,2022-09-17,EXPOSED,2022-09-22,NO_RESPONSE,
M007,C0001464,2022-09-17,EXPOSED,2022-10-28,NO_RESPONSE,
M007,C0002078,2022-09-17,NOT_EXPOSED,,,
M007,C0002292,2022-09-17,EXPOSED,2022-10-14,POSITIVE,2022-10-17
M007,C0002496,2022-09-17,EXPOSED,2022-10-26,NEUTRAL,2022-10-26
M007,C0003286,2022-09-17,NOT_EXPOSED,,,
M007,C0003755,2022-09-17,EXPOSED,2022-10-07,NO_RESPONSE,
M007,C0003820,2022-09-17,EXPOSED,2022-11-15,NO_RESPONSE,
M007,C0004030,2022-09-17,NOT_EXPOSED,,,
M007,C0004051,2022-09-17,EXPOSED,2022-09-22,NEGATIVE,2022-09-23
M007,C0004266,2022-09-17,NOT_EXPOSED,,,
M007,C0004552,2022-09-17,EXPOSED,2022-10-09,NEGATIVE,2022-10-11
M007,C0005235,2022-09-17,EXPOSED,2022-11-15,NO_RESPONSE,
M007,C0005904,2022-09-17,EXPOSED,2022-11-05,NO_RESPONSE,
M007,C0006013,2022-09-17,NOT_EXPOSED,,,
M007,C0006823,2022-09-17,EXPOSED,2022-10-23,NO_RESPONSE,
M007,C0007030,2022-09-17,EXPOSED,2022-10-04,NO_RESPONSE,
M007,C0007055,2022-09-17,EXPOSED,2022-10-09,NO_RESPONSE,
M007,C0007152,2022-09-17,EXPOSED,2022-11-07,NO_RESPONSE,
M007,C0007626,2022-09-17,EXPOSED,2022-10-13,NO_RESPONSE,
M007,C0007923,2022-09-17,EXPOSED,2022-10-15,NO_RESPONSE,
M007,C0009381,2022-09-17,EXPOSED,2022-10-25,POSITIVE,2022-10-25
M007,C0009441,2022-09-17,EXPOSED,2022-10-30,NO_RESPONSE,
M007,C0010042,2022-09-17,EXPOSED,2022-11-23,NO_RESPONSE,
M007,C0011273,2022-09-17,EXPOSED,2022-10-02,NO_RESPONSE,
M007,C0011476,2022-09-17,EXPOSED,2022-09-27,NO_RESPONSE,
M007,C0011840,2022-09-17,EXPOSED,2022-11-12,NO_RESPONSE,
M007,C0012740,2022-09-17,EXPOSED,2022-10-16,POSITIVE,2022-10-19
M007,C0013043,2022-09-17,EXPOSED,2022-10-09,POSITIVE,2022-10-27
M007,C0013472,2022-09-17,NOT_EXPOSED,,,
M007,C0013631,2022-09-17,EXPOSED,2022-11-26,NO_RESPONSE,
M007,C0014231,2022-09-17,EXPOSED,2022-10-05,NO_RESPONSE,
M007,C0014512,2022-09-17,EXPOSED,2022-10-23,NO_RESPONSE,
M007,C0014882,2022-09-17,EXPOSED,2022-10-24,NO_RESPONSE,
M007,C0015182,2022-09-17,EXPOSED,2022-09-25,NO_RESPONSE,
M007,C0015551,2022-09-17,EXPOSED,2022-11-17,NO_RESPONSE,
M007,C0015915,2022-09-17,EXPOSED,2022-09-29,NO_RESPONSE,
M007,C0016781,2022-09-17,EXPOSED,2022-10-18,POSITIVE,2022-10-22
M007,C0017402,2022-09-17,EXPOSED,2022-11-09,NO_RESPONSE,
M007,C0017862,2022-09-17,EXPOSED,2022-11-12,NO_RESPONSE,
M007,C0017937,2022-09-17,EXPOSED,2022-11-03,NO_RESPONSE,
M007,C0019230,2022-09-17,NOT_EXPOSED,,,
M007,C0000817,2022-09-18,EXPOSED,2022-10-28,NO_RESPONSE,
M007,C0003754,2022-09-18,EXPOSED,2022-11-03,NO_RESPONSE,
M007,C0004082,2022-09-18,EXPOSED,2022-09-20,NO_RESPONSE,
M007,C0004449,2022-09-18,EXPOSED,2022-11-12,NO_RESPONSE,
M007,C0006222,2022-09-18,EXPOSED,2022-10-16,NO_RESPONSE,
M007,C0006279,2022-09-18,EXPOSED,2022-09-25,NO_RESPONSE,
M007,C0007234,2022-09-18,NOT_EXPOSED,,,
M007,C0007434,2022-09-18,EXPOSED,2022-09-20,POSITIVE,2022-10-05
M007,C0008699,2022-09-18,EXPOSED,2022-11-08,NO_RESPONSE,
M007,C0008723,2022-09-18,EXPOSED,2022-10-24,POSITIVE,2022-10-27
M007,C0009017,2022-09-18,NOT_EXPOSED,,,
M007,C0011137,2022-09-18,EXPOSED,2022-10-17,NO_RESPONSE,
M007,C0011882,2022-09-18,EXPOSED,2022-10-05,NO_RESPONSE,
M007,C0011919,2022-09-18,EXPOSED,2022-09-23,POSITIVE,2022-09-25
M007,C0013191,2022-09-18,EXPOSED,2022-10-08,NEUTRAL,2022-10-21
M007,C0013629,2022-09-18,EXPOSED,2022-10-28,NO_RESPONSE,
M007,C0014618,2022-09-18,EXPOSED,2022-10-07,NO_RESPONSE,
M007,C0014647,2022-09-18,EXPOSED,2022-10-13,NO_RESPONSE,
M007,C0014805,2022-09-18,EXPOSED,2022-10-07,NO_RESPONSE,
M007,C0015443,2022-09-18,EXPOSED,2022-09-29,NO_RESPONSE,
M007,C0015973,2022-09-18,EXPOSED,2022-09-30,POSITIVE,2022-10-05
M007,C0016530,2022-09-18,EXPOSED,2022-10-25,NO_RESPONSE,
M007,C0017388,2022-09-18,EXPOSED,2022-10-21,NO_RESPONSE,
M007,C0018346,2022-09-18,EXPOSED,2022-11-06,NO_RESPONSE,
M007,C0019378,2022-09-18,EXPOSED,2022-11-12,NO_RESPONSE,
M007,C0019719,2022-09-18,EXPOSED,2022-09-28,POSITIVE,2022-09-29
M007,C0001615,2022-09-19,EXPOSED,2022-10-04,NO_RESPONSE,
M007,C0001654,2022-09-19,EXPOSED,2022-11-18,NO_RESPONSE,
M007,C0001662,2022-09-19,EXPOSED,2022-10-06,NO_RESPONSE,
M007,C0002853,2022-09-19,EXPOSED,2022-11-23,NO_RESPONSE,
M007,C0003932,2022-09-19,EXPOSED,2022-11-01,NEGATIVE,2022-11-02
M007,C0004526,2022-09-19,EXPOSED,2022-10-24,NO_RESPONSE,
M007,C0004748,2022-09-19,EXPOSED,2022-10-28,NO_RESPONSE,
M007,C0005091,2022-09-19,EXPOSED,2022-10-11,NO_RESPONSE,
M007,C0005156,2022-09-19,EXPOSED,2022-10-21,NO_RESPONSE,
M007,C0005269,2022-09-19,EXPOSED,2022-10-25,NO_RESPONSE,
M007,C0007043,2022-09-19,EXPOSED,2022-11-02,POSITIVE,2022-11-04
M007,C0008586,2022-09-19,EXPOSED,2022-10-14,NO_RESPONSE,
M007,C0009303,2022-09-19,EXPOSED,2022-10-05,NO_RESPONSE,
M007,C0009986,2022-09-19,EXPOSED,2022-11-06,NEGATIVE,2022-11-14
M007,C0010136,2022-09-19,EXPOSED,2022-09-26,NO_RESPONSE,
M007,C0010687,2022-09-19,EXPOSED,2022-10-23,NEUTRAL,2022-10-29
M007,C0011324,2022-09-19,EXPOSED,2022-10-05,NO_RESPONSE,
M007,C0012566,2022-09-19,EXPOSED,2022-10-05,NO_RESPONSE,
M007,C0012763,2022-09-19,EXPOSED,2022-10-19,POSITIVE,2022-10-20
M007,C0012812,2022-09-19,EXPOSED,2022-10-06,NO_RESPONSE,
M007,C0012839,2022-09-19,EXPOSED,2022-11-06,NO_RESPONSE,
M007,C0012992,2022-09-19,EXPOSED,2022-10-15,NEUTRAL,2022-10-21
M007,C0013681,2022-09-19,EXPOSED,2022-10-07,NO_RESPONSE,
M007,C0014576,2022-09-19,EXPOSED,2022-10-14,NO_RESPONSE,
M007,C0014658,2022-09-19,EXPOSED,2022-10-06,NO_RESPONSE,
M007,C0015946,2022-09-19,NOT_EXPOSED,,,
M007,C0016555,2022-09-19,EXPOSED,2022-10-15,POSITIVE,2022-10-16
M007,C0017118,2022-09-19,EXPOSED,2022-10-27,NO_RESPONSE,
M007,C0018083,2022-09-19,EXPOSED,2022-10-08,NO_RESPONSE,
M007,C0018505,2022-09-19,EXPOSED,2022-11-13,NO_RESPONSE,
M007,C0018804,2022-09-19,EXPOSED,2022-10-27,POSITIVE,2022-11-03
M007,C0019600,2022-09-19,EXPOSED,2022-11-07,NO_RESPONSE,
M007,C0000229,2022-09-20,EXPOSED,2022-09-27,NO_RESPONSE,
M007,C0000259,2022-09-20,EXPOSED,2022-10-22,NO_RESPONSE,
M007,C0001077,2022-09-20,EXPOSED,2022-09-22,NO_RESPONSE,
M007,C0002264,2022-09-20,EXPOSED,2022-10-27,NEGATIVE,2022-10-30
M007,C0002357,2022-09-20,EXPOSED,2022-11-03,NO_RESPONSE,
M007,C0002721,2022-09-20,EXPOSED,2022-10-12,NO_RESPONSE,
M007,C0003831,2022-09-20,EXPOSED,2022-10-29,NO_RESPONSE,
M007,C0003918,2022-09-20,EXPOSED,2022-11-12,NO_RESPONSE,
M007,C0003995,2022-09-20,EXPOSED,2022-11-09,NO_RESPONSE,
M007,C0004492,2022-09-20,EXPOSED,2022-09-25,NO_RESPONSE,
M007,C0004568,2022-09-20,EXPOSED,2022-09-30,NO_RESPONSE,
M007,C0005550,2022-09-20,EXPOSED,2022-11-22,NO_RESPONSE,
M007,C0006344,2022-09-20,EXPOSED,2022-11-01,NO_RESPONSE,
M007,C0006824,2022-09-20,EXPOSED,2022-10-22,NO_RESPONSE,
M007,C0007625,2022-09-20,EXPOSED,2022-10-03,NO_RESPONSE,
M007,C0008814,2022-09-20,EXPOSED,2022-10-09,NO_RESPONSE,
M007,C0009037,2022-09-20,EXPOSED,2022-09-25,NO_RESPONSE,
M007,C0009629,2022-09-20,EXPOSED,2022-09-22,NO_RESPONSE,
M007,C0009923,2022-09-20,EXPOSED,2022-11-18,NO_RESPONSE,
M007,C0010659,2022-09-20,EXPOSED,2022-11-01,NO_RESPONSE,
M007,C0013275,2022-09-20,EXPOSED,2022-10-22,NO_RESPONSE,
M007,C0015157,2022-09-20,EXPOSED,2022-10-31,NO_RESPONSE,
M007,C0015430,2022-09-20,EXPOSED,2022-11-03,NO_RESPONSE,
M007,C0015549,2022-09-20,NOT_EXPOSED,,,
M007,C0016618,2022-09-20,EXPOSED,2022-10-10,NO_RESPONSE,
M007,C0017179,2022-09-20,EXPOSED,2022-09-20,NO_RESPONSE,
M007,C0017592,2022-09-20,EXPOSED,2022-10-04,NO_RESPONSE,
M007,C0018566,2022-09-20,EXPOSED,2022-11-06,NO_RESPONSE,
M007,C0000256,2022-09-21,EXPOSED,2022-10-18,NEUTRAL,2022-10-25
M007,C0001518,2022-09-21,EXPOSED,2022-09-22,NO_RESPONSE,
M007,C0002697,2022-09-21,EXPOSED,2022-11-08,NO_RESPONSE,
M007,C0003544,2022-09-21,EXPOSED,2022-11-15,NO_RESPONSE,
M007,C0003619,2022-09-21,EXPOSED,2022-10-26,NO_RESPONSE,
M007,C0003774,2022-09-21,EXPOSED,2022-09-30,NO_RESPONSE,
M007,C0004405,2022-09-21,EXPOSED,2022-10-21,NO_RESPONSE,
M007,C0005335,2022-09-21,EXPOSED,2022-09-24,NO_RESPONSE,
M007,C0005437,2022-09-21,EXPOSED,2022-10-21,NO_RESPONSE,
M007,C0006373,2022-09-21,EXPOSED,2022-10-08,NO_RESPONSE,
M007,C0007179,2022-09-21,EXPOSED,2022-10-24,NO_RESPONSE,
M007,C0007911,2022-09-21,EXPOSED,2022-10-21,NO_RESPONSE,
M007,C0008936,2022-09-21,EXPOSED,2022-11-23,NO_RESPONSE,
M007,C0010055,2022-09-21,EXPOSED,2022-10-18,NO_RESPONSE,
M007,C0010703,2022-09-21,EXPOSED,2022-10-05,NO_RESPONSE,
M007,C0012841,2022-09-21,EXPOSED,2022-11-10,NO_RESPONSE,
M007,C0014842,2022-09-21,EXPOSED,2022-10-26,NEUTRAL,2022-11-06
M007,C0015940,2022-09-21,EXPOSED,2022-10-03,NO_RESPONSE,
M007,C0017123,2022-09-21,EXPOSED,2022-10-31,NO_RESPONSE,
M007,C0017946,2022-09-21,EXPOSED,2022-09-28,POSITIVE,2022-10-06
M007,C0018131,2022-09-21,EXPOSED,2022-10-23,NO_RESPONSE,
M007,C0018585,2022-09-21,EXPOSED,2022-11-05,NO_RESPONSE,
M007,C0018594,2022-09-21,NOT_EXPOSED,,,
M007,C0018746,2022-09-21,EXPOSED,2022-09-25,NO_RESPONSE,
M007,C0019255,2022-09-21,NOT_EXPOSED,,,
M007,C0002155,2022-09-22,NOT_EXPOSED,,,
M007,C0002623,2022-09-22,EXPOSED,2022-10-06,NO_RESPONSE,
M007,C0002933,2022-09-22,EXPOSED,2022-10-07,NO_RESPONSE,
M007,C0003054,2022-09-22,EXPOSED,2022-10-28,NEUTRAL,2022-10-31
M007,C0003071,2022-09-22,EXPOSED,2022-10-19,NO_RESPONSE,
M007,C0004481,2022-09-22,EXPOSED,2022-10-02,NO_RESPONSE,
M007,C0004645,2022-09-22,EXPOSED,2022-10-22,NO_RESPONSE,
M007,C0004863,2022-09-22,EXPOSED,2022-10-18,NO_RESPONSE,
M007,C0005288,2022-09-22,EXPOSED,2022-11-16,NO_RESPONSE,
M007,C0006018,2022-09-22,EXPOSED,2022-11-18,NO_RESPONSE,
M007,C0008555,2022-09-22,EXPOSED,2022-11-13,NO_RESPONSE,
M007,C0008896,2022-09-22,EXPOSED,2022-09-27,NO_RESPONSE,
M007,C0009069,2022-09-22,EXPOSED,2022-10-16,NO_RESPONSE,
M007,C0010224,2022-09-22,NOT_EXPOSED,,,
M007,C0010233,2022-09-22,EXPOSED,2022-10-09,NO_RESPONSE,
M007,C0010631,2022-09-22,EXPOSED,2022-10-26,NO_RESPONSE,
M007,C0011310,2022-09-22,EXPOSED,2022-10-02,NO_RESPONSE,
M007,C0011312,2022-09-22,EXPOSED,2022-10-20,NO_RESPONSE,
M007,C0012165,2022-09-22,EXPOSED,2022-11-08,NO_RESPONSE,
M007,C0012873,2022-09-22,EXPOSED,2022-10-28,NEGATIVE,2022-11-01
M007,C0014282,2022-09-22,EXPOSED,2022-10-08,NO_RESPONSE,
M007,C0014799,2022-09-22,EXPOSED,2022-10-14,NO_RESPONSE,
M007,C0015291,2022-09-22,EXPOSED,2022-10-24,NO_RESPONSE,
M007,C0017819,2022-09-22,EXPOSED,2022-10-01,NO_RESPONSE,
M007,C0017931,2022-09-22,NOT_EXPOSED,,,
M007,C0018347,2022-09-22,EXPOSED,2022-11-12,POSITIVE,2022-11-16
M007,C0018792,2022-09-22,EXPOSED,2022-10-12,NO_RESPONSE,
M007,C0019292,2022-09-22,EXPOSED,2022-09-30,NO_RESPONSE,
M007,C0019865,2022-09-22,EXPOSED,2022-11-11,NO_RESPONSE,
M007,C0000135,2022-09-23,EXPOSED,2022-10-05,NO_RESPONSE,
M007,C0001044,2022-09-23,EXPOSED,2022-09-25,NO_RESPONSE,
M007,C0001435,2022-09-23,EXPOSED,2022-09-24,NO_RESPONSE,
M007,C0001993,2022-09-23,EXPOSED,2022-11-04,NO_RESPONSE,
M007,C0002133,2022-09-23,EXPOSED,2022-10-11,NO_RESPONSE,
M007,C0002839,2022-09-23,EXPOSED,2022-10-04,NO_RESPONSE,
M007,C0002903,2022-09-23,EXPOSED,2022-10-30,NO_RESPONSE,
M007,C0003628,2022-09-23,EXPOSED,2022-11-20,NO_RESPONSE,
M007,C0003679,2022-09-23,EXPOSED,2022-09-24,NO_RESPONSE,
M007,C0004053,2022-09-23,EXPOSED,2022-09-26,NO_RESPONSE,
M007,C0004153,2022-09-23,EXPOSED,2022-10-30,NO_RESPONSE,
M007,C0004310,2022-09-23,EXPOSED,2022-10-10,NO_RESPONSE,
M007,C0004496,2022-09-23,EXPOSED,2022-10-02,NO_RESPONSE,
M007,C0005044,2022-09-23,EXPOSED,2022-10-01,NEUTRAL,2022-10-03
M007,C0007808,2022-09-23,EXPOSED,2022-10-10,NO_RESPONSE,
M007,C0007976,2022-09-23,EXPOSED,2022-10-01,NO_RESPONSE,
M007,C0009344,2022-09-23,EXPOSED,2022-10-19,NO_RESPONSE,
M007,C0009395,2022-09-23,EXPOSED,2022-10-12,NO_RESPONSE,
M007,C0009936,2022-09-23,EXPOSED,2022-11-11,NO_RESPONSE,
M007,C0010495,2022-09-23,EXPOSED,2022-10-09,NO_RESPONSE,
M007,C0012324,2022-09-23,EXPOSED,2022-10-14,NO_RESPONSE,
M007,C0012781,2022-09-23,EXPOSED,2022-11-15,NEUTRAL,2022-11-22
M007,C0013374,2022-09-23,EXPOSED,2022-11-01,NO_RESPONSE,
M007,C0014993,2022-09-23,EXPOSED,2022-09-26,NEGATIVE,2022-10-01
M007,C0015294,2022-09-23,EXPOSED,2022-10-22,POSITIVE,2022-10-27
M007,C0015408,2022-09-23,EXPOSED,2022-10-03,NO_RESPONSE,
M007,C0015761,2022-09-23,EXPOSED,2022-10-01,NO_RESPONSE,
M007,C0016651,2022-09-23,EXPOSED,2022-10-01,POSITIVE,2022-10-04
M007,C0017709,2022-09-23,NOT_EXPOSED,,,
M007,C0017812,2022-09-23,NOT_EXPOSED,,,
M007,C0000107,2022-09-24,EXPOSED,2022-10-18,POSITIVE,2022-10-24
M007,C0000516,2022-09-24,EXPOSED,2022-10-09,NO_RESPONSE,
M007,C0001022,2022-09-24,EXPOSED,2022-11-11,NEGATIVE,2022-11-16
M007,C0001292,2022-09-24,EXPOSED,2022-10-15,NO_RESPONSE,
M007,C0001752,2022-09-24,EXPOSED,2022-10-29,NO_RESPONSE,
M007,C0002396,2022-09-24,EXPOSED,2022-10-13,NO_RESPONSE,
M007,C0002608,2022-09-24,EXPOSED,2022-11-01,NO_RESPONSE,
M007,C0002838,2022-09-24,EXPOSED,2022-10-27,NO_RESPONSE,
M007,C0005010,2022-09-24,EXPOSED,2022-11-15,NO_RESPONSE,
M007,C0006071,2022-09-24,EXPOSED,2022-10-02,NO_RESPONSE,
M007,C0006229,2022-09-24,EXPOSED,2022-11-23,NO_RESPONSE,
M007,C0006300,2022-09-24,EXPOSED,2022-10-19,NO_RESPONSE,
M007,C0006837,2022-09-24,EXPOSED,2022-11-20,NO_RESPONSE,
M007,C0006865,2022-09-24,EXPOSED,2022-10-04,NO_RESPONSE,
M007,C0007282,2022-09-24,EXPOSED,2022-11-07,NO_RESPONSE,
M007,C0008020,2022-09-24,EXPOSED,2022-09-24,POSITIVE,2022-10-02
M007,C0009038,2022-09-24,EXPOSED,2022-11-17,NEUTRAL,2022-11-21
M007,C0009919,2022-09-24,EXPOSED,2022-11-26,NO_RESPONSE,
M007,C0010802,2022-09-24,EXPOSED,2022-11-01,NO_RESPONSE,
M007,C0012402,2022-09-24,EXPOSED,2022-10-17,NO_RESPONSE,
M007,C0013131,2022-09-24,EXPOSED,2022-10-31,NO_RESPONSE,
M007,C0013211,2022-09-24,EXPOSED,2022-10-27,NO_RESPONSE,
M007,C0014289,2022-09-24,EXPOSED,2022-10-08,NO_RESPONSE,
M007,C0015046,2022-09-24,EXPOSED,2022-10-28,NO_RESPONSE,
M007,C0015597,2022-09-24,EXPOSED,2022-10-30,NO_RESPONSE,
M007,C0016746,2022-09-24,NOT_EXPOSED,,,
M007,C0016911,2022-09-24,EXPOSED,2022-10-31,NO_RESPONSE,
M007,C0017338,2022-09-24,EXPOSED,2022-10-03,NO_RESPONSE,
M007,C0019202,2022-09-24,EXPOSED,2022-10-02,NEUTRAL,2022-10-02
M007,C0019206,2022-09-24,EXPOSED,2022-10-04,NO_RESPONSE,
M007,C0019746,2022-09-24,EXPOSED,2022-10-29,NO_RESPONSE,
M007,C0019761,2022-09-24,NOT_EXPOSED,,,
M007,C0019885,2022-09-24,EXPOSED,2022-10-19,POSITIVE,2022-10-25
M007,C0000540,2022-09-25,EXPOSED,2022-10-27,POSITIVE,2022-11-01
M007,C0002540,2022-09-25,EXPOSED,2022-09-27,POSITIVE,2022-09-30
M007,C0003567,2022-09-25,EXPOSED,2022-09-29,NO_RESPONSE,
M007,C0004598,2022-09-25,EXPOSED,2022-11-02,NO_RESPONSE,
M007,C0004914,2022-09-25,EXPOSED,2022-09-27,NO_RESPONSE,
M007,C0007008,2022-09-25,EXPOSED,2022-11-09,NO_RESPONSE,
M007,C0007017,2022-09-25,NOT_EXPOSED,,,
M007,C0007843,2022-09-25,EXPOSED,2022-10-04,NEGATIVE,2022-10-14
M007,C0007949,2022-09-25,EXPOSED,2022-10-23,NO_RESPONSE,
M007,C0008118,2022-09-25,EXPOSED,2022-10-12,NO_RESPONSE,
M007,C0009730,2022-09-25,EXPOSED,2022-11-13,NO_RESPONSE,
M007,C0010083,2022-09-25,EXPOSED,2022-10-27,NO_RESPONSE,
M007,C0010287,2022-09-25,EXPOSED,2022-11-01,NO_RESPONSE,
M007,C0010604,2022-09-25,EXPOSED,2022-10-14,NO_RESPONSE,
M007,C0012251,2022-09-25,NOT_EXPOSED,,,
M007,C0013967,2022-09-25,EXPOSED,2022-09-29,NEUTRAL,2022-10-04
M007,C0014002,2022-09-25,EXPOSED,2022-11-05,NO_RESPONSE,
M007,C0014547,2022-09-25,EXPOSED,2022-10-23,NO_RESPONSE,
M007,C0014671,2022-09-25,EXPOSED,2022-10-24,NO_RESPONSE,
M007,C0015099,2022-09-25,EXPOSED,2022-10-18,NO_RESPONSE,
M007,C0015609,2022-09-25,EXPOSED,2022-10-19,NO_RESPONSE,
M007,C0015669,2022-09-25,EXPOSED,2022-10-17,NO_RESPONSE,
M007,C0016369,2022-09-25,EXPOSED,2022-10-02,NO_RESPONSE,
M007,C0017605,2022-09-25,EXPOSED,2022-09-26,NO_RESPONSE,
M007,C0017699,2022-09-25,EXPOSED,2022-10-31,NO_RESPONSE,
M007,C0019195,2022-09-25,EXPOSED,2022-10-01,NO_RESPONSE,
M007,C0019491,2022-09-25,EXPOSED,2022-10-06,POSITIVE,2022-10-20
M007,C0000122,2022-09-26,EXPOSED,2022-11-14,NO_RESPONSE,
M007,C0001923,2022-09-26,EXPOSED,2022-11-20,NO_RESPONSE,
M007,C0001988,2022-09-26,EXPOSED,2022-10-19,NO_RESPONSE,
M007,C0002950,2022-09-26,EXPOSED,2022-09-28,NO_RESPONSE,
M007,C0003481,2022-09-26,EXPOSED,2022-10-11,NO_RESPONSE,
M007,C0007272,2022-09-26,EXPOSED,2022-11-13,NEUTRAL,2022-11-20
M007,C0007367,2022-09-26,EXPOSED,2022-11-06,NO_RESPONSE,
M007,C0007598,2022-09-26,EXPOSED,2022-09-30,POSITIVE,2022-10-03
M007,C0008159,2022-09-26,EXPOSED,2022-11-05,POSITIVE,2022-11-10
M007,C0008619,2022-09-26,EXPOSED,2022-10-17,NO_RESPONSE,
M007,C0009697,2022-09-26,EXPOSED,2022-10-02,NO_RESPONSE,
M007,C0010305,2022-09-26,EXPOSED,2022-10-09,NO_RESPONSE,
M007,C0011752,2022-09-26,EXPOSED,2022-10-22,NO_RESPONSE,
M007,C0012184,2022-09-26,EXPOSED,2022-10-28,NEUTRAL,2022-10-31
M007,C0015081,2022-09-26,EXPOSED,2022-10-17,NO_RESPONSE,
M007,C0015591,2022-09-26,EXPOSED,2022-10-19,NO_RESPONSE,
M007,C0015912,2022-09-26,EXPOSED,2022-10-26,NEUTRAL,2022-11-03
M007,C0017620,2022-09-26,EXPOSED,2022-10-31,NO_RESPONSE,
M007,C0017857,2022-09-26,EXPOSED,2022-11-10,NO_RESPONSE,
M007,C0017876,2022-09-26,NOT_EXPOSED,,,
M007,C0018272,2022-09-26,NOT_EXPOSED,,,
M007,C0018416,2022-09-26,EXPOSED,2022-10-04,NO_RESPONSE,
M007,C0019341,2022-09-26,NOT_EXPOSED,,,
M007,C0019356,2022-09-26,NOT_EXPOSED,,,
M007,C0000077,2022-09-27,EXPOSED,2022-11-29,POSITIVE,2022-12-03
M007,C0001745,2022-09-27,EXPOSED,2022-11-13,NEUTRAL,2022-11-19
M007,C0002487,2022-09-27,EXPOSED,2022-10-06,NO_RESPONSE,
M007,C0002520,2022-09-27,EXPOSED,2022-10-19,NO_RESPONSE,
M007,C0003110,2022-09-27,EXPOSED,2022-10-15,NO_RESPONSE,
M007,C0003241,2022-09-27,EXPOSED,2022-11-14,NO_RESPONSE,
M007,C0003513,2022-09-27,EXPOSED,2022-10-11,NO_RESPONSE,
M007,C0004341,2022-09-27,EXPOSED,2022-11-11,NO_RESPONSE,
M007,C0006487,2022-09-27,EXPOSED,2022-10-30,NO_RESPONSE,
M007,C0006869,2022-09-27,EXPOSED,2022-10-16,NO_RESPONSE,
M007,C0006927,2022-09-27,NOT_EXPOSED,,,
M007,C0007039,2022-09-27,EXPOSED,2022-10-03,NO_RESPONSE,
M007,C0007580,2022-09-27,EXPOSED,2022-10-04,NO_RESPONSE,
M007,C0008317,2022-09-27,EXPOSED,2022-10-28,NO_RESPONSE,
M007,C0008837,2022-09-27,EXPOSED,2022-10-10,NO_RESPONSE,
M007,C0009370,2022-09-27,EXPOSED,2022-09-29,NO_RESPONSE,
M007,C0010380,2022-09-27,EXPOSED,2022-11-12,NEUTRAL,2022-11-22
M007,C0014187,2022-09-27,EXPOSED,2022-10-14,NO_RESPONSE,
M007,C0014575,2022-09-27,EXPOSED,2022-10-04,NO_RESPONSE,
M007,C0014970,2022-09-27,EXPOSED,2022-09-28,NO_RESPONSE,
M007,C0015566,2022-09-27,EXPOSED,2022-10-12,POSITIVE,2022-10-14
M007,C0016831,2022-09-27,EXPOSED,2022-11-06,NO_RESPONSE,
M007,C0017303,2022-09-27,EXPOSED,2022-09-29,NO_RESPONSE,
M007,C0017315,2022-09-27,EXPOSED,2022-10-20,NO_RESPONSE,
M007,C0017328,2022-09-27,EXPOSED,2022-09-29,NO_RESPONSE,
M007,C0017435,2022-09-27,EXPOSED,2022-10-23,NO_RESPONSE,
M007,C0018099,2022-09-27,EXPOSED,2022-11-05,NO_RESPONSE,
M007,C0018963,2022-09-27,EXPOSED,2022-10-25,POSITIVE,2022-11-12
M007,C0000962,2022-09-28,EXPOSED,2022-10-05,NO_RESPONSE,
M007,C0002136,2022-09-28,EXPOSED,2022-11-04,NO_RESPONSE,
M007,C0002287,2022-09-28,NOT_EXPOSED,,,
M007,C0002560,2022-09-28,EXPOSED,2022-11-22,POSITIVE,2022-12-02
M007,C0002627,2022-09-28,EXPOSED,2022-10-20,NO_RESPONSE,
M007,C0002699,2022-09-28,EXPOSED,2022-10-22,NO_RESPONSE,
M007,C0003295,2022-09-28,EXPOSED,2022-10-19,NO_RESPONSE,
M007,C0005349,2022-09-28,EXPOSED,2022-11-05,NO_RESPONSE,
M007,C0005560,2022-09-28,EXPOSED,2022-11-09,POSITIVE,2022-11-14
M007,C0006332,2022-09-28,EXPOSED,2022-10-20,NO_RESPONSE,
M007,C0006812,2022-09-28,EXPOSED,2022-11-24,NO_RESPONSE,
M007,C0007155,2022-09-28,EXPOSED,2022-10-10,NO_RESPONSE,
M007,C0007615,2022-09-28,NOT_EXPOSED,,,
M007,C0007701,2022-09-28,EXPOSED,2022-10-04,NO_RESPONSE,
M007,C0008204,2022-09-28,EXPOSED,2022-10-16,NO_RESPONSE,
M007,C0008273,2022-09-28,EXPOSED,2022-10-22,POSITIVE,2022-10-23
M007,C0008332,2022-09-28,EXPOSED,2022-11-30,NO_RESPONSE,
M007,C0008677,2022-09-28,EXPOSED,2022-09-30,NO_RESPONSE,
M007,C0008728,2022-09-28,EXPOSED,2022-11-19,NO_RESPONSE,
M007,C0009242,2022-09-28,EXPOSED,2022-11-09,NO_RESPONSE,
M007,C0009317,2022-09-28,NOT_EXPOSED,,,
M007,C0009744,2022-09-28,NOT_EXPOSED,,,
M007,C0010792,2022-09-28,EXPOSED,2022-11-01,NO_RESPONSE,
M007,C0010921,2022-09-28,NOT_EXPOSED,,,
M007,C0010954,2022-09-28,EXPOSED,2022-10-14,NO_RESPONSE,
M007,C0011183,2022-09-28,EXPOSED,2022-11-01,NO_RESPONSE,
M007,C0011268,2022-09-28,EXPOSED,2022-11-05,NO_RESPONSE,
M007,C0011453,2022-09-28,EXPOSED,2022-10-16,NO_RESPONSE,
M007,C0011551,2022-09-28,EXPOSED,2022-11-20,NO_RESPONSE,
M007,C0011775,2022-09-28,EXPOSED,2022-10-02,NO_RESPONSE,
M007,C0011999,2022-09-28,EXPOSED,2022-10-01,NO_RESPONSE,
M007,C0012210,2022-09-28,EXPOSED,2022-10-07,NO_RESPONSE,
M007,C0013138,2022-09-28,EXPOSED,2022-10-02,NO_RESPONSE,
M007,C0013162,2022-09-28,EXPOSED,2022-10-24,NO_RESPONSE,
M007,C0013502,2022-09-28,EXPOSED,2022-10-08,POSITIVE,2022-10-12
M007,C0014242,2022-09-28,EXPOSED,2022-10-12,POSITIVE,2022-10-13
M007,C0014558,2022-09-28,EXPOSED,2022-10-23,NO_RESPONSE,
M007,C0015117,2022-09-28,EXPOSED,2022-10-07,NO_RESPONSE,
M007,C0016787,2022-09-28,EXPOSED,2022-10-31,NO_RESPONSE,
M007,C0016998,2022-09-28,EXPOSED,2022-11-04,NO_RESPONSE,
M007,C0017701,2022-09-28,EXPOSED,2022-11-08,NO_RESPONSE,
M007,C0017968,2022-09-28,EXPOSED,2022-10-30,NO_RESPONSE,
M007,C0018921,2022-09-28,EXPOSED,2022-10-11,NO_RESPONSE,
M007,C0000779,2022-09-29,EXPOSED,2022-10-10,NO_RESPONSE,
M007,C0002399,2022-09-29,EXPOSED,2022-11-09,NEUTRAL,2022-12-09
M007,C0002806,2022-09-29,EXPOSED,2022-11-10,NO_RESPONSE,
M007,C0003993,2022-09-29,EXPOSED,2022-10-05,NO_RESPONSE,
M007,C0004097,2022-09-29,EXPOSED,2022-11-07,POSITIVE,2022-11-17
M007,C0004320,2022-09-29,EXPOSED,2022-11-03,NO_RESPONSE,
M007,C0004418,2022-09-29,EXPOSED,2022-11-08,NO_RESPONSE,
M007,C0004747,2022-09-29,EXPOSED,2022-10-28,NO_RESPONSE,
M007,C0004768,2022-09-29,EXPOSED,2022-10-27,NO_RESPONSE,
M007,C0006389,2022-09-29,EXPOSED,2022-10-28,NO_RESPONSE,
M007,C0007844,2022-09-29,EXPOSED,2022-10-23,POSITIVE,2022-10-29
M007,C0009204,2022-09-29,EXPOSED,2022-11-05,NEUTRAL,2022-11-09
M007,C0009537,2022-09-29,EXPOSED,2022-10-20,NO_RESPONSE,
M007,C0010324,2022-09-29,EXPOSED,2022-10-10,NEGATIVE,2022-10-14
M007,C0011720,2022-09-29,EXPOSED,2022-10-21,NO_RESPONSE,
M007,C0013029,2022-09-29,EXPOSED,2022-09-30,NO_RESPONSE,
M007,C0013924,2022-09-29,EXPOSED,2022-10-31,NEUTRAL,2022-11-06
M007,C0015102,2022-09-29,EXPOSED,2022-10-15,NO_RESPONSE,
M007,C0015555,2022-09-29,EXPOSED,2022-10-24,NO_RESPONSE,
M007,C0015573,2022-09-29,EXPOSED,2022-09-30,NO_RESPONSE,
M007,C0016343,2022-09-29,NOT_EXPOSED,,,
M007,C0016424,2022-09-29,EXPOSED,2022-10-22,NO_RESPONSE,
M007,C0017415,2022-09-29,EXPOSED,2022-09-29,NO_RESPONSE,
M007,C0017638,2022-09-29,NOT_EXPOSED,,,
M007,C0017852,2022-09-29,EXPOSED,2022-10-17,NEGATIVE,2022-10-28
M007,C0018247,2022-09-29,NOT_EXPOSED,,,
M007,C0018645,2022-09-29,EXPOSED,2022-10-20,POSITIVE,2022-10-25
M007,C0018780,2022-09-29,EXPOSED,2022-10-08,NO_RESPONSE,
M007,C0018880,2022-09-29,EXPOSED,2022-10-15,NO_RESPONSE,
M007,C0019155,2022-09-29,NOT_EXPOSED,,,
M007,C0019858,2022-09-29,EXPOSED,2022-10-27,NO_RESPONSE,
M007,C0001483,2022-09-30,EXPOSED,2022-10-08,NO_RESPONSE,
M007,C0001781,2022-09-30,EXPOSED,2022-11-04,NO_RESPONSE,
M007,C0001839,2022-09-30,EXPOSED,2022-10-12,NO_RESPONSE,
M007,C0002153,2022-09-30,EXPOSED,2022-10-28,NO_RESPONSE,
M007,C0002802,2022-09-30,EXPOSED,2022-11-08,NO_RESPONSE,
M007,C0003011,2022-09-30,NOT_EXPOSED,,,
M007,C0004511,2022-09-30,EXPOSED,2022-10-23,NO_RESPONSE,
M007,C0006164,2022-09-30,EXPOSED,2022-10-05,NO_RESPONSE,
M007,C0006489,2022-09-30,EXPOSED,2022-10-18,NEUTRAL,2022-10-23
M007,C0007000,2022-09-30,EXPOSED,2022-10-17,NO_RESPONSE,
M007,C0009989,2022-09-30,EXPOSED,2022-11-14,NO_RESPONSE,
M007,C0011851,2022-09-30,EXPOSED,2022-10-17,NO_RESPONSE,
M007,C0011908,2022-09-30,EXPOSED,2022-10-04,NO_RESPONSE,
M007,C0013574,2022-09-30,EXPOSED,2022-10-31,NO_RESPONSE,
M007,C0013590,2022-09-30,EXPOSED,2022-11-28,NEUTRAL,2022-12-02
M007,C0014370,2022-09-30,EXPOSED,2022-10-04,NEUTRAL,2022-10-07
M007,C0015025,2022-09-30,EXPOSED,2022-11-10,NO_RESPONSE,
M007,C0015372,2022-09-30,EXPOSED,2022-11-02,NO_RESPONSE,
M007,C0015638,2022-09-30,EXPOSED,2022-11-09,NO_RESPONSE,
M007,C0016604,2022-09-30,EXPOSED,2022-10-14,NO_RESPONSE,
M007,C0017797,2022-09-30,EXPOSED,2022-10-06,NO_RESPONSE,
M007,C0018104,2022-09-30,EXPOSED,2022-10-02,NO_RESPONSE,
M007,C0018115,2022-09-30,EXPOSED,2022-10-18,POSITIVE,2022-10-20
M007,C0018736,2022-09-30,EXPOSED,2022-10-19,NO_RESPONSE,
M007,C0019593,2022-09-30,EXPOSED,2022-11-06,POSITIVE,2022-11-14
M007,C0001112,2022-10-01,EXPOSED,2022-11-09,NO_RESPONSE,
M007,C0002386,2022-10-01,EXPOSED,2022-11-13,POSITIVE,2022-11-15
M007,C0002622,2022-10-01,EXPOSED,2022-10-05,NO_RESPONSE,
M007,C0002683,2022-10-01,EXPOSED,2022-10-20,NO_RESPONSE,
M007,C0003419,2022-10-01,EXPOSED,2022-10-09,NO_RESPONSE,
M007,C0005666,2022-10-01,EXPOSED,2022-10-07,NEUTRAL,2022-10-08
M007,C0005806,2022-10-01,EXPOSED,2022-11-06,NO_RESPONSE,
M007,C0007415,2022-10-01,EXPOSED,2022-10-09,NO_RESPONSE,
M007,C0007716,2022-10-01,EXPOSED,2022-10-28,POSITIVE,2022-10-28
M007,C0007857,2022-10-01,EXPOSED,2022-10-11,NO_RESPONSE,
M007,C0008076,2022-10-01,NOT_EXPOSED,,,
M007,C0008200,2022-10-01,EXPOSED,2022-10-07,NO_RESPONSE,
M007,C0008559,2022-10-01,EXPOSED,2022-11-05,NO_RESPONSE,
M007,C0008759,2022-10-01,EXPOSED,2022-10-29,NO_RESPONSE,
M007,C0009680,2022-10-01,EXPOSED,2022-10-13,POSITIVE,2022-10-16
M007,C0011126,2022-10-01,EXPOSED,2022-11-12,NO_RESPONSE,
M007,C0011423,2022-10-01,EXPOSED,2022-11-01,NO_RESPONSE,
M007,C0011485,2022-10-01,EXPOSED,2022-11-17,POSITIVE,2022-11-19
M007,C0012796,2022-10-01,EXPOSED,2022-10-23,POSITIVE,2022-11-07
M007,C0013959,2022-10-01,EXPOSED,2022-10-17,NEGATIVE,2022-10-21
M007,C0015353,2022-10-01,EXPOSED,2022-11-03,POSITIVE,2022-11-09
M007,C0015747,2022-10-01,EXPOSED,2022-10-05,NO_RESPONSE,
M007,C0017004,2022-10-01,EXPOSED,2022-10-19,NO_RESPONSE,
M007,C0017865,2022-10-01,EXPOSED,2022-11-07,NO_RESPONSE,
M007,C0018105,2022-10-01,EXPOSED,2022-10-23,NO_RESPONSE,
M007,C0018476,2022-10-01,EXPOSED,2022-11-16,NO_RESPONSE,
M007,C0018949,2022-10-01,EXPOSED,2022-10-07,NEUTRAL,2022-10-08
M007,C0019234,2022-10-01,EXPOSED,2022-10-01,NO_RESPONSE,
M007,C0019941,2022-10-01,EXPOSED,2022-11-06,NO_RESPONSE,
M007,C0000505,2022-10-02,EXPOSED,2022-10-25,NEGATIVE,2022-11-01
M007,C0001154,2022-10-02,NOT_EXPOSED,,,
M007,C0001523,2022-10-02,EXPOSED,2022-10-24,NO_RESPONSE,
M007,C0002250,2022-10-02,EXPOSED,2022-10-15,NO_RESPONSE,
M007,C0002908,2022-10-02,EXPOSED,2022-11-12,NO_RESPONSE,
M007,C0002989,2022-10-02,NOT_EXPOSED,,,
M007,C0003984,2022-10-02,EXPOSED,2022-10-24,POSITIVE,2022-10-26
M007,C0004495,2022-10-02,EXPOSED,2022-11-27,NO_RESPONSE,
M007,C0004625,2022-10-02,EXPOSED,2022-10-20,NO_RESPONSE,
M007,C0004868,2022-10-02,EXPOSED,2022-10-23,NO_RESPONSE,
M007,C0006316,2022-10-02,EXPOSED,2022-11-09,POSITIVE,2022-11-20
M007,C0007600,2022-10-02,EXPOSED,2022-11-25,NO_RESPONSE,
M007,C0008397,2022-10-02,EXPOSED,2022-10-23,NO_RESPONSE,
M007,C0010842,2022-10-02,NOT_EXPOSED,,,
M007,C0011597,2022-10-02,EXPOSED,2022-11-08,NO_RESPONSE,
M007,C0011707,2022-10-02,EXPOSED,2022-10-22,NO_RESPONSE,
M007,C0012009,2022-10-02,EXPOSED,2022-11-10,POSITIVE,2022-11-18
M007,C0012670,2022-10-02,EXPOSED,2022-11-02,NO_RESPONSE,
M007,C0012692,2022-10-02,NOT_EXPOSED,,,
M007,C0012748,2022-10-02,EXPOSED,2022-10-29,NO_RESPONSE,
M007,C0012969,2022-10-02,NOT_EXPOSED,,,
M007,C0013528,2022-10-02,EXPOSED,2022-11-08,POSITIVE,2022-11-17
M007,C0013645,2022-10-02,EXPOSED,2022-11-07,NEGATIVE,2022-11-24
M007,C0014426,2022-10-02,EXPOSED,2022-11-17,NO_RESPONSE,
M007,C0014506,2022-10-02,EXPOSED,2022-10-20,POSITIVE,2022-10-27
M007,C0014627,2022-10-02,EXPOSED,2022-11-22,NO_RESPONSE,
M007,C0014980,2022-10-02,EXPOSED,2022-10-25,NO_RESPONSE,
M007,C0016685,2022-10-02,EXPOSED,2022-10-06,NO_RESPONSE,
M007,C0018570,2022-10-02,EXPOSED,2022-10-28,NO_RESPONSE,
M007,C0019325,2022-10-02,EXPOSED,2022-10-23,NO_RESPONSE,
M007,C0019601,2022-10-02,EXPOSED,2022-11-02,NO_RESPONSE,
M007,C0000254,2022-10-03,EXPOSED,2022-11-23,POSITIVE,2022-12-03
M007,C0001572,2022-10-03,EXPOSED,2022-11-08,NO_RESPONSE,
M007,C0002254,2022-10-03,EXPOSED,2022-10-22,NO_RESPONSE,
M007,C0002774,2022-10-03,EXPOSED,2022-11-22,NO_RESPONSE,
M007,C0002816,2022-10-03,EXPOSED,2022-10-05,NO_RESPONSE,
M007,C0002973,2022-10-03,EXPOSED,2022-10-21,NEUTRAL,2022-10-24
M007,C0003012,2022-10-03,EXPOSED,2022-10-12,NO_RESPONSE,
M007,C0003799,2022-10-03,EXPOSED,2022-10-14,NO_RESPONSE,
M007,C0004557,2022-10-03,EXPOSED,2022-11-04,NO_RESPONSE,
M007,C0004770,2022-10-03,EXPOSED,2022-10-06,NO_RESPONSE,
M007,C0006270,2022-10-03,EXPOSED,2022-10-06,NO_RESPONSE,
M007,C0007339,2022-10-03,EXPOSED,2022-10-31,NO_RESPONSE,
M007,C0007507,2022-10-03,EXPOSED,2022-11-03,NO_RESPONSE,
M007,C0007807,2022-10-03,EXPOSED,2022-10-12,POSITIVE,2022-10-13
M007,C0007896,2022-10-03,EXPOSED,2022-10-04,NO_RESPONSE,
M007,C0007982,2022-10-03,EXPOSED,2022-11-04,NO_RESPONSE,
M007,C0009102,2022-10-03,EXPOSED,2022-10-27,NO_RESPONSE,
M007,C0009402,2022-10-03,EXPOSED,2022-10-20,NO_RESPONSE,
M007,C0009663,2022-10-03,EXPOSED,2022-10-13,POSITIVE,2022-10-15
M007,C0010366,2022-10-03,EXPOSED,2022-11-11,NO_RESPONSE,
M007,C0010701,2022-10-03,EXPOSED,2022-10-16,POSITIVE,2022-10-23
M007,C0011029,2022-10-03,EXPOSED,2022-10-30,POSITIVE,2022-11-04
M007,C0011076,2022-10-03,NOT_EXPOSED,,,
M007,C0011541,2022-10-03,EXPOSED,2022-10-27,NO_RESPONSE,
M007,C0011779,2022-10-03,EXPOSED,2022-10-09,NO_RESPONSE,
M007,C0012657,2022-10-03,EXPOSED,2022-11-03,NO_RESPONSE,
M007,C0013309,2022-10-03,EXPOSED,2022-10-20,POSITIVE,2022-10-26
M007,C0013348,2022-10-03,EXPOSED,2022-10-31,NO_RESPONSE,
M007,C0013793,2022-10-03,EXPOSED,2022-11-05,NO_RESPONSE,
M007,C0013832,2022-10-03,EXPOSED,2022-10-05,NO_RESPONSE,
M007,C0015559,2022-10-03,NOT_EXPOSED,,,
M007,C0015916,2022-10-03,EXPOSED,2022-10-10,NEUTRAL,2022-10-11
M007,C0018130,2022-10-03,EXPOSED,2022-10-03,NO_RESPONSE,
M007,C0018180,2022-10-03,EXPOSED,2022-10-23,NO_RESPONSE,
M007,C0019210,2022-10-03,EXPOSED,2022-10-06,NEGATIVE,2022-10-08
M007,C0019676,2022-10-03,NOT_EXPOSED,,,
M007,C0001830,2022-10-04,EXPOSED,2022-10-29,NO_RESPONSE,
M007,C0002139,2022-10-04,EXPOSED,2022-11-26,NO_RESPONSE,
M007,C0003376,2022-10-04,NOT_EXPOSED,,,
M007,C0004177,2022-10-04,EXPOSED,2022-10-12,NO_RESPONSE,
M007,C0005796,2022-10-04,EXPOSED,2022-10-29,NO_RESPONSE,
M007,C0007287,2022-10-04,EXPOSED,2022-11-10,NO_RESPONSE,
M007,C0007567,2022-10-04,EXPOSED,2022-11-07,POSITIVE,2022-11-20
M007,C0007979,2022-10-04,EXPOSED,2022-11-05,NO_RESPONSE,
M007,C0008256,2022-10-04,EXPOSED,2022-10-26,NO_RESPONSE,
M007,C0008283,2022-10-04,EXPOSED,2022-11-04,NO_RESPONSE,
M007,C0009096,2022-10-04,EXPOSED,2022-10-07,NO_RESPONSE,
M007,C0010078,2022-10-04,EXPOSED,2022-11-08,NO_RESPONSE,
M007,C0010648,2022-10-04,EXPOSED,2022-11-06,NO_RESPONSE,
M007,C0011186,2022-10-04,EXPOSED,2022-10-18,NO_RESPONSE,
M007,C0011425,2022-10-04,EXPOSED,2022-10-30,NO_RESPONSE,
M007,C0011525,2022-10-04,EXPOSED,2022-11-16,POSITIVE,2022-11-23
M007,C0011531,2022-10-04,NOT_EXPOSED,,,
M007,C0013510,2022-10-04,EXPOSED,2022-10-25,NO_RESPONSE,
M007,C0014152,2022-10-04,EXPOSED,2022-10-19,NEUTRAL,2022-10-26
M007,C0014567,2022-10-04,EXPOSED,2022-10-24,NO_RESPONSE,
M007,C0015325,2022-10-04,EXPOSED,2022-11-09,POSITIVE,2022-11-11
M007,C0017390,2022-10-04,EXPOSED,2022-11-01,NO_RESPONSE,
M007,C0017670,2022-10-04,NOT_EXPOSED,,,
M007,C0018892,2022-10-04,EXPOSED,2022-10-07,NO_RESPONSE,
M007,C0018898,2022-10-04,NOT_EXPOSED,,,
M007,C0019112,2022-10-04,EXPOSED,2022-10-17,NO_RESPONSE,
M007,C0019423,2022-10-04,EXPOSED,2022-10-08,NO_RESPONSE,
M007,C0019660,2022-10-04,EXPOSED,2022-10-22,NO_RESPONSE,
M007,C0000625,2022-10-05,EXPOSED,2022-10-27,NO_RESPONSE,
M007,C0000912,2022-10-05,EXPOSED,2022-10-11,NO_RESPONSE,
M007,C0001759,2022-10-05,NOT_EXPOSED,,,
M007,C0003422,2022-10-05,EXPOSED,2022-11-10,POSITIVE,2022-11-12
M007,C0006722,2022-10-05,EXPOSED,2022-10-29,NEGATIVE,2022-11-08
M007,C0006889,2022-10-05,EXPOSED,2022-10-22,NO_RESPONSE,
M007,C0007362,2022-10-05,EXPOSED,2022-10-23,NO_RESPONSE,
M007,C0008433,2022-10-05,EXPOSED,2022-10-26,POSITIVE,2022-10-30
M007,C0009066,2022-10-05,EXPOSED,2022-10-31,NO_RESPONSE,
M007,C0009925,2022-10-05,NOT_EXPOSED,,,
M007,C0011129,2022-10-05,EXPOSED,2022-10-24,NO_RESPONSE,
M007,C0011264,2022-10-05,EXPOSED,2022-11-08,NEUTRAL,2022-11-10
M007,C0012119,2022-10-05,NOT_EXPOSED,,,
M007,C0012288,2022-10-05,EXPOSED,2022-10-22,NO_RESPONSE,
M007,C0012700,2022-10-05,EXPOSED,2022-10-24,NO_RESPONSE,
M007,C0012787,2022-10-05,EXPOSED,2022-11-14,NEUTRAL,2022-11-17
M007,C0014042,2022-10-05,EXPOSED,2022-10-24,NO_RESPONSE,
M007,C0015001,2022-10-05,EXPOSED,2022-11-04,POSITIVE,2022-11-07
M007,C0015722,2022-10-05,NOT_EXPOSED,,,
M007,C0015953,2022-10-05,EXPOSED,2022-11-09,NEUTRAL,2022-11-21
M007,C0017014,2022-10-05,NOT_EXPOSED,,,
M007,C0018003,2022-10-05,EXPOSED,2022-10-14,NO_RESPONSE,
M007,C0018401,2022-10-05,NOT_EXPOSED,,,
M007,C0019420,2022-10-05,EXPOSED,2022-11-22,NEUTRAL,2022-11-24
M007,C0001626,2022-10-06,EXPOSED,2022-10-29,NO_RESPONSE,
M007,C0002249,2022-10-06,EXPOSED,2022-10-20,NO_RESPONSE,
M007,C0004278,2022-10-06,EXPOSED,2022-11-17,NO_RESPONSE,
M007,C0004772,2022-10-06,EXPOSED,2022-10-15,NO_RESPONSE,
M007,C0005559,2022-10-06,EXPOSED,2022-10-09,NO_RESPONSE,
M007,C0005732,2022-10-06,NOT_EXPOSED,,,
M007,C0006288,2022-10-06,EXPOSED,2022-10-13,NO_RESPONSE,
M007,C0006708,2022-10-06,EXPOSED,2022-10-07,NO_RESPONSE,
M007,C0006750,2022-10-06,NOT_EXPOSED,,,
M007,C0007683,2022-10-06,EXPOSED,2022-10-26,NO_RESPONSE,
M007,C0009453,2022-10-06,EXPOSED,2022-10-18,NO_RESPONSE,
M007,C0009636,2022-10-06,EXPOSED,2022-10-14,NO_RESPONSE,
M007,C0011905,2022-10-06,EXPOSED,2022-11-10,NEGATIVE,2022-11-14
M007,C0012008,2022-10-06,EXPOSED,2022-11-28,NO_RESPONSE,
M007,C0013330,2022-10-06,NOT_EXPOSED,,,
M007,C0014295,2022-10-06,EXPOSED,2022-10-12,POSITIVE,2022-10-25
M007,C0014707,2022-10-06,NOT_EXPOSED,,,
M007,C0016259,2022-10-06,NOT_EXPOSED,,,
M007,C0017827,2022-10-06,EXPOSED,2022-10-20,NEUTRAL,2022-10-29
M007,C0019208,2022-10-06,EXPOSED,2022-11-09,NO_RESPONSE,
M007,C0019562,2022-10-06,EXPOSED,2022-10-06,NO_RESPONSE,
M007,C0019925,2022-10-06,EXPOSED,2022-10-28,POSITIVE,2022-11-03
M007,C0000322,2022-10-07,EXPOSED,2022-10-17,NO_RESPONSE,
M007,C0000520,2022-10-07,EXPOSED,2022-10-30,NO_RESPONSE,
M007,C0001392,2022-10-07,EXPOSED,2022-10-08,NO_RESPONSE,
M007,C0001405,2022-10-07,EXPOSED,2022-10-20,NO_RESPONSE,
M007,C0001433,2022-10-07,EXPOSED,2022-10-13,POSITIVE,2022-10-22
M007,C0001764,2022-10-07,EXPOSED,2022-10-14,NO_RESPONSE,
M007,C0003044,2022-10-07,EXPOSED,2022-11-02,NO_RESPONSE,
M007,C0003098,2022-10-07,EXPOSED,2022-10-10,NO_RESPONSE,
M007,C0004395,2022-10-07,EXPOSED,2022-11-10,NO_RESPONSE,
M007,C0006378,2022-10-07,NOT_EXPOSED,,,
M007,C0007411,2022-10-07,EXPOSED,2022-10-19,NO_RESPONSE,
M007,C0007549,2022-10-07,EXPOSED,2022-10-19,NEUTRAL,2022-10-24
M007,C0011038,2022-10-07,EXPOSED,2022-11-02,NEGATIVE,2022-11-09
M007,C0012920,2022-10-07,EXPOSED,2022-11-08,NO_RESPONSE,
M007,C0014486,2022-10-07,EXPOSED,2022-10-10,NO_RESPONSE,
M007,C0014864,2022-10-07,EXPOSED,2022-10-31,NO_RESPONSE,
M007,C0016432,2022-10-07,EXPOSED,2022-11-03,NO_RESPONSE,
M007,C0017989,2022-10-07,EXPOSED,2022-11-04,NO_RESPONSE,
M007,C0018047,2022-10-07,EXPOSED,2022-11-27,NO_RESPONSE,
M007,C0018239,2022-10-07,NOT_EXPOSED,,,
M007,C0018431,2022-10-07,EXPOSED,2022-11-21,NO_RESPONSE,
M007,C0019466,2022-10-07,EXPOSED,2022-10-18,NO_RESPONSE,
M007,C0019894,2022-10-07,EXPOSED,2022-10-17,POSITIVE,2022-10-21
M007,C0000632,2022-10-08,EXPOSED,2022-10-24,NO_RESPONSE,
M007,C0000857,2022-10-08,EXPOSED,2022-10-22,NO_RESPONSE,
M007,C0001025,2022-10-08,EXPOSED,2022-11-02,NO_RESPONSE,
M007,C0002117,2022-10-08,EXPOSED,2022-11-09,NO_RESPONSE,
M007,C0002482,2022-10-08,EXPOSED,2022-10-13,NO_RESPONSE,
M007,C0004525,2022-10-08,EXPOSED,2022-11-12,NO_RESPONSE,
M007,C0004991,2022-10-08,EXPOSED,2022-10-30,POSITIVE,2022-11-04
M007,C0005095,2022-10-08,NOT_EXPOSED,,,
M007,C0005146,2022-10-08,EXPOSED,2022-11-14,NO_RESPONSE,
M007,C0005555,2022-10-08,EXPOSED,2022-10-22,NO_RESPONSE,
M007,C0005576,2022-10-08,EXPOSED,2022-10-20,NO_RESPONSE,
M007,C0005594,2022-10-08,EXPOSED,2022-10-23,POSITIVE,2022-10-24
M007,C0007109,2022-10-08,EXPOSED,2022-10-11,NO_RESPONSE,
M007,C0010488,2022-10-08,EXPOSED,2022-10-31,POSITIVE,2022-11-08
M007,C0010749,2022-10-08,EXPOSED,2022-10-28,NO_RESPONSE,
M007,C0011396,2022-10-08,EXPOSED,2022-11-04,NO_RESPONSE,
M007,C0011419,2022-10-08,EXPOSED,2022-11-08,NO_RESPONSE,
M007,C0013358,2022-10-08,EXPOSED,2022-11-02,NO_RESPONSE,
M007,C0014018,2022-10-08,EXPOSED,2022-11-10,NO_RESPONSE,
M007,C0014829,2022-10-08,EXPOSED,2022-10-26,NO_RESPONSE,
M007,C0015765,2022-10-08,EXPOSED,2022-10-19,NO_RESPONSE,
M007,C0015829,2022-10-08,EXPOSED,2022-11-16,NO_RESPONSE,
M007,C0015903,2022-10-08,EXPOSED,2022-10-10,NO_RESPONSE,
M007,C0016516,2022-10-08,EXPOSED,2022-11-20,NO_RESPONSE,
M007,C0016912,2022-10-08,NOT_EXPOSED,,,
M007,C0017539,2022-10-08,EXPOSED,2022-10-30,NO_RESPONSE,
M007,C0001683,2022-10-09,EXPOSED,2022-11-02,NO_RESPONSE,
M007,C0003390,2022-10-09,EXPOSED,2022-10-12,NO_RESPONSE,
M007,C0004469,2022-10-09,EXPOSED,2022-11-12,NEUTRAL,2022-11-25
M007,C0005004,2022-10-09,EXPOSED,2022-10-09,NO_RESPONSE,
M007,C0006657,2022-10-09,EXPOSED,2022-10-12,NO_RESPONSE,
M007,C0007047,2022-10-09,EXPOSED,2022-10-14,NO_RESPONSE,
M007,C0007198,2022-10-09,EXPOSED,2022-11-02,NEUTRAL,2022-11-04
M007,C0007861,2022-10-09,EXPOSED,2022-11-09,NO_RESPONSE,
M007,C0008106,2022-10-09,EXPOSED,2022-11-03,NO_RESPONSE,
M007,C0008110,2022-10-09,EXPOSED,2022-11-07,NO_RESPONSE,
M007,C0009633,2022-10-09,EXPOSED,2022-10-19,NO_RESPONSE,
M007,C0009820,2022-10-09,EXPOSED,2022-10-11,NO_RESPONSE,
M007,C0010414,2022-10-09,EXPOSED,2022-10-16,NO_RESPONSE,
M007,C0012078,2022-10-09,EXPOSED,2022-10-31,NO_RESPONSE,
M007,C0012553,2022-10-09,EXPOSED,2022-10-13,NO_RESPONSE,
M007,C0013151,2022-10-09,NOT_EXPOSED,,,
M007,C0014331,2022-10-09,EXPOSED,2022-10-14,NO_RESPONSE,
M007,C0017207,2022-10-09,EXPOSED,2022-10-17,NO_RESPONSE,
M007,C0017465,2022-10-09,EXPOSED,2022-11-17,NO_RESPONSE,
M007,C0018007,2022-10-09,EXPOSED,2022-11-06,NO_RESPONSE,
M007,C0019214,2022-10-09,EXPOSED,2022-11-11,NO_RESPONSE,
M007,C0019515,2022-10-09,EXPOSED,2022-11-10,NO_RESPONSE,
M007,C0000904,2022-10-10,EXPOSED,2022-10-27,NO_RESPONSE,
M007,C0002119,2022-10-10,EXPOSED,2022-11-23,POSITIVE,2022-11-24
M007,C0003059,2022-10-10,EXPOSED,2022-11-06,NO_RESPONSE,
M007,C0003596,2022-10-10,EXPOSED,2022-11-20,NO_RESPONSE,
M007,C0003741,2022-10-10,EXPOSED,2022-10-19,NO_RESPONSE,
M007,C0007266,2022-10-10,EXPOSED,2022-10-12,NO_RESPONSE,
M007,C0010675,2022-10-10,EXPOSED,2022-10-30,NO_RESPONSE,
M007,C0010717,2022-10-10,EXPOSED,2022-10-17,NO_RESPONSE,
M007,C0010786,2022-10-10,EXPOSED,2022-10-25,NO_RESPONSE,
M007,C0010962,2022-10-10,EXPOSED,2022-10-11,NO_RESPONSE,
M007,C0012166,2022-10-10,EXPOSED,2022-11-02,NO_RESPONSE,
M007,C0012823,2022-10-10,EXPOSED,2022-10-31,NO_RESPONSE,
M007,C0012843,2022-10-10,NOT_EXPOSED,,,
M007,C0013385,2022-10-10,EXPOSED,2022-10-20,NO_RESPONSE,
M007,C0013881,2022-10-10,EXPOSED,2022-10-12,NO_RESPONSE,
M007,C0013950,2022-10-10,EXPOSED,2022-10-24,NO_RESPONSE,
M007,C0014264,2022-10-10,NOT_EXPOSED,,,
M007,C0014554,2022-10-10,EXPOSED,2022-10-28,NO_RESPONSE,
M007,C0014826,2022-10-10,EXPOSED,2022-10-27,NO_RESPONSE,
M007,C0015104,2022-10-10,EXPOSED,2022-10-24,NEUTRAL,2022-11-01
M007,C0015132,2022-10-10,EXPOSED,2022-10-23,NO_RESPONSE,
M007,C0015288,2022-10-10,EXPOSED,2022-11-05,NO_RESPONSE,
M007,C0016071,2022-10-10,EXPOSED,2022-10-29,NO_RESPONSE,
M007,C0017147,2022-10-10,EXPOSED,2022-10-25,NO_RESPONSE,
M007,C0018156,2022-10-10,EXPOSED,2022-11-15,NEGATIVE,2022-11-24
M007,C0019239,2022-10-10,EXPOSED,2022-11-20,NEUTRAL,2022-11-25
M007,C0019886,2022-10-10,EXPOSED,2022-10-28,NO_RESPONSE,
M007,C0000547,2022-10-11,EXPOSED,2022-11-10,NO_RESPONSE,
M007,C0000670,2022-10-11,EXPOSED,2022-10-14,NO_RESPONSE,
M007,C0000876,2022-10-11,EXPOSED,2022-10-24,NO_RESPONSE,
M007,C0001345,2022-10-11,EXPOSED,2022-11-01,NEUTRAL,2022-11-05
M007,C0002176,2022-10-11,NOT_EXPOSED,,,
M007,C0002970,2022-10-11,EXPOSED,2022-11-11,NO_RESPONSE,
M007,C0004302,2022-10-11,EXPOSED,2022-10-30,NO_RESPONSE,
M007,C0004812,2022-10-11,EXPOSED,2022-11-04,NO_RESPONSE,
M007,C0006225,2022-10-11,EXPOSED,2022-11-02,NO_RESPONSE,
M007,C0007279,2022-10-11,EXPOSED,2022-11-16,NO_RESPONSE,
M007,C0011263,2022-10-11,EXPOSED,2022-11-12,NEUTRAL,2022-11-15
M007,C0012385,2022-10-11,EXPOSED,2022-11-10,NO_RESPONSE,
M007,C0012479,2022-10-11,EXPOSED,2022-10-15,NO_RESPONSE,
M007,C0015438,2022-10-11,EXPOSED,2022-10-20,NO_RESPONSE,
M007,C0015624,2022-10-11,NOT_EXPOSED,,,
M007,C0015793,2022-10-11,EXPOSED,2022-11-18,NO_RESPONSE,
M007,C0016129,2022-10-11,EXPOSED,2022-11-02,NO_RESPONSE,
M007,C0016972,2022-10-11,NOT_EXPOSED,,,
M007,C0019059,2022-10-11,EXPOSED,2022-11-22,NO_RESPONSE,
M007,C0019873,2022-10-11,EXPOSED,2022-11-06,NO_RESPONSE,
M007,C0001674,2022-10-12,EXPOSED,2022-11-22,NO_RESPONSE,
M007,C0002074,2022-10-12,NOT_EXPOSED,,,
M007,C0002281,2022-10-12,EXPOSED,2022-10-20,NO_RESPONSE,
M007,C0004441,2022-10-12,EXPOSED,2022-10-20,NEUTRAL,2022-10-28
M007,C0005061,2022-10-12,NOT_EXPOSED,,,
M007,C0005480,2022-10-12,EXPOSED,2022-11-15,NO_RESPONSE,
M007,C0006008,2022-10-12,EXPOSED,2022-10-14,POSITIVE,2022-11-03
M007,C0006078,2022-10-12,EXPOSED,2022-10-13,POSITIVE,2022-10-15
M007,C0006435,2022-10-12,EXPOSED,2022-11-14,NO_RESPONSE,
M007,C0007682,2022-10-12,EXPOSED,2022-11-03,NEUTRAL,2022-11-14
M007,C0007749,2022-10-12,EXPOSED,2022-11-09,NO_RESPONSE,
M007,C0011847,2022-10-12,EXPOSED,2022-11-01,NO_RESPONSE,
M007,C0012889,2022-10-12,EXPOSED,2022-11-16,NO_RESPONSE,
M007,C0014441,2022-10-12,EXPOSED,2022-10-14,NO_RESPONSE,
M007,C0015919,2022-10-12,EXPOSED,2022-10-26,NO_RESPONSE,
M007,C0015952,2022-10-12,EXPOSED,2022-10-20,NO_RESPONSE,
M007,C0016795,2022-10-12,EXPOSED,2022-11-18,NO_RESPONSE,
M007,C0018473,2022-10-12,NOT_EXPOSED,,,
M007,C0018544,2022-10-12,EXPOSED,2022-10-23,NO_RESPONSE,
M007,C0018666,2022-10-12,NOT_EXPOSED,,,
M007,C0002364,2022-10-13,NOT_EXPOSED,,,
M007,C0003109,2022-10-13,EXPOSED,2022-11-07,NO_RESPONSE,
M007,C0004890,2022-10-13,EXPOSED,2022-10-27,NO_RESPONSE,
M007,C0005797,2022-10-13,EXPOSED,2022-11-16,POSITIVE,2022-11-25
M007,C0005892,2022-10-13,EXPOSED,2022-11-01,NO_RESPONSE,
M007,C0007635,2022-10-13,EXPOSED,2022-11-24,NO_RESPONSE,
M007,C0008613,2022-10-13,EXPOSED,2022-11-06,NO_RESPONSE,
M007,C0009647,2022-10-13,EXPOSED,2022-10-24,POSITIVE,2022-10-29
M007,C0010259,2022-10-13,EXPOSED,2022-10-21,NO_RESPONSE,
M007,C0010599,2022-10-13,EXPOSED,2022-10-26,NO_RESPONSE,
M007,C0011574,2022-10-13,EXPOSED,2022-11-10,NO_RESPONSE,
M007,C0011858,2022-10-13,EXPOSED,2022-11-06,NO_RESPONSE,
M007,C0012063,2022-10-13,EXPOSED,2022-10-19,NO_RESPONSE,
M007,C0015895,2022-10-13,EXPOSED,2022-10-24,NO_RESPONSE,
M007,C0016772,2022-10-13,EXPOSED,2022-11-01,NO_RESPONSE,
M007,C0017823,2022-10-13,EXPOSED,2022-11-08,NO_RESPONSE,
M007,C0018376,2022-10-13,EXPOSED,2022-11-14,NO_RESPONSE,
M007,C0019362,2022-10-13,NOT_EXPOSED,,,
M007,C0019899,2022-10-13,NOT_EXPOSED,,,
M007,C0000732,2022-10-14,EXPOSED,2022-10-23,NO_RESPONSE,
M007,C0001650,2022-10-14,EXPOSED,2022-10-28,NO_RESPONSE,
M007,C0001708,2022-10-14,EXPOSED,2022-11-06,NO_RESPONSE,
M007,C0002602,2022-10-14,EXPOSED,2022-10-21,NO_RESPONSE,
M007,C0003042,2022-10-14,EXPOSED,2022-10-16,POSITIVE,2022-10-21
M007,C0004318,2022-10-14,EXPOSED,2022-11-06,NO_RESPONSE,
M007,C0005076,2022-10-14,EXPOSED,2022-10-22,NO_RESPONSE,
M007,C0005816,2022-10-14,EXPOSED,2022-10-19,NO_RESPONSE,
M007,C0007235,2022-10-14,EXPOSED,2022-10-16,NO_RESPONSE,
M007,C0007382,2022-10-14,EXPOSED,2022-10-19,NO_RESPONSE,
M007,C0009295,2022-10-14,EXPOSED,2022-10-22,NO_RESPONSE,
M007,C0010787,2022-10-14,EXPOSED,2022-11-10,NO_RESPONSE,
M007,C0011036,2022-10-14,EXPOSED,2022-10-15,NO_RESPONSE,
M007,C0015409,2022-10-14,EXPOSED,2022-11-08,NO_RESPONSE,
M007,C0015734,2022-10-14,EXPOSED,2022-11-12,POSITIVE,2022-11-20
M007,C0016029,2022-10-14,EXPOSED,2022-10-21,NO_RESPONSE,
M007,C0016218,2022-10-14,EXPOSED,2022-11-05,NO_RESPONSE,
M007,C0016767,2022-10-14,EXPOSED,2022-11-09,NO_RESPONSE,
M007,C0017562,2022-10-14,EXPOSED,2022-11-11,NO_RESPONSE,
M007,C0018500,2022-10-14,NOT_EXPOSED,,,
M007,C0019708,2022-10-14,EXPOSED,2022-11-03,NO_RESPONSE,
M007,C0000620,2022-10-15,EXPOSED,2022-10-26,NEGATIVE,2022-10-30
M007,C0001787,2022-10-15,EXPOSED,2022-10-31,NO_RESPONSE,
M007,C0001812,2022-10-15,EXPOSED,2022-11-13,NO_RESPONSE,
M007,C0001821,2022-10-15,EXPOSED,2022-10-23,NO_RESPONSE,
M007,C0002178,2022-10-15,EXPOSED,2022-10-21,NO_RESPONSE,
M007,C0002331,2022-10-15,EXPOSED,2022-11-15,NO_RESPONSE,
M007,C0003169,2022-10-15,EXPOSED,2022-10-27,NO_RESPONSE,
M007,C0003323,2022-10-15,NOT_EXPOSED,,,
M007,C0004223,2022-10-15,EXPOSED,2022-11-22,NO_RESPONSE,
M007,C0004876,2022-10-15,EXPOSED,2022-11-26,NEUTRAL,2022-11-29
M007,C0005228,2022-10-15,EXPOSED,2022-11-26,NO_RESPONSE,
M007,C0005530,2022-10-15,EXPOSED,2022-11-01,NO_RESPONSE,
M007,C0006032,2022-10-15,EXPOSED,2022-11-07,POSITIVE,2022-11-16
M007,C0007035,2022-10-15,EXPOSED,2022-11-15,NO_RESPONSE,
M007,C0007100,2022-10-15,EXPOSED,2022-10-16,NO_RESPONSE,
M007,C0007891,2022-10-15,EXPOSED,2022-11-01,NO_RESPONSE,
M007,C0008054,2022-10-15,EXPOSED,2022-11-06,NO_RESPONSE,
M007,C0010777,2022-10-15,EXPOSED,2022-11-01,NO_RESPONSE,
M007,C0010927,2022-10-15,EXPOSED,2022-10-25,NEGATIVE,2022-11-01
M007,C0012671,2022-10-15,EXPOSED,2022-11-01,NO_RESPONSE,
M007,C0013578,2022-10-15,EXPOSED,2022-10-19,NO_RESPONSE,
M007,C0013952,2022-10-15,EXPOSED,2022-11-05,POSITIVE,2022-11-12
M007,C0014192,2022-10-15,NOT_EXPOSED,,,
M007,C0015891,2022-10-15,EXPOSED,2022-10-27,NEUTRAL,2022-10-29
M007,C0019969,2022-10-15,EXPOSED,2022-11-11,NO_RESPONSE,
M007,C0001682,2022-10-16,EXPOSED,2022-10-31,NO_RESPONSE,
M007,C0002796,2022-10-16,EXPOSED,2022-11-22,POSITIVE,2022-11-23
M007,C0003547,2022-10-16,EXPOSED,2022-11-03,NO_RESPONSE,
M007,C0004675,2022-10-16,EXPOSED,2022-10-30,NO_RESPONSE,
M007,C0005745,2022-10-16,EXPOSED,2022-11-06,NO_RESPONSE,
M007,C0006907,2022-10-16,EXPOSED,2022-10-21,NEUTRAL,2022-10-26
M007,C0008284,2022-10-16,EXPOSED,2022-11-17,NO_RESPONSE,
M007,C0008844,2022-10-16,NOT_EXPOSED,,,
M007,C0009359,2022-10-16,EXPOSED,2022-10-25,NO_RESPONSE,
M007,C0010508,2022-10-16,EXPOSED,2022-11-12,NO_RESPONSE,
M007,C0011380,2022-10-16,EXPOSED,2022-10-30,NO_RESPONSE,
M007,C0011603,2022-10-16,EXPOSED,2022-10-31,NO_RESPONSE,
M007,C0011691,2022-10-16,EXPOSED,2022-11-11,POSITIVE,2022-11-15
M007,C0012104,2022-10-16,EXPOSED,2022-11-04,NO_RESPONSE,
M007,C0013088,2022-10-16,EXPOSED,2022-11-08,NO_RESPONSE,
M007,C0013677,2022-10-16,EXPOSED,2022-10-24,NO_RESPONSE,
M007,C0015128,2022-10-16,EXPOSED,2022-10-29,NEUTRAL,2022-11-09
M007,C0015207,2022-10-16,EXPOSED,2022-11-15,NO_RESPONSE,
M007,C0015391,2022-10-16,EXPOSED,2022-10-18,NO_RESPONSE,
M007,C0015610,2022-10-16,EXPOSED,2022-11-26,NO_RESPONSE,
M007,C0016799,2022-10-16,EXPOSED,2022-10-31,NO_RESPONSE,
M007,C0019233,2022-10-16,EXPOSED,2022-11-20,NEUTRAL,2022-11-27
M007,C0019336,2022-10-16,EXPOSED,2022-11-02,POSITIVE,2022-11-11
M007,C0019575,2022-10-16,EXPOSED,2022-11-02,NO_RESPONSE,
M007,C0019610,2022-10-16,EXPOSED,2022-11-22,NO_RESPONSE,
M007,C0001015,2022-10-17,EXPOSED,2022-10-30,POSITIVE,2022-11-12
M007,C0001868,2022-10-17,EXPOSED,2022-10-19,NO_RESPONSE,
M007,C0002446,2022-10-17,EXPOSED,2022-11-13,NO_RESPONSE,
M007,C0002667,2022-10-17,EXPOSED,2022-11-23,NEUTRAL,2022-11-24
M007,C0003298,2022-10-17,NOT_EXPOSED,,,
M007,C0003475,2022-10-17,EXPOSED,2022-11-16,POSITIVE,2022-11-19
M007,C0003616,2022-10-17,EXPOSED,2022-10-24,NEUTRAL,2022-10-26
M007,C0004099,2022-10-17,EXPOSED,2022-11-10,NO_RESPONSE,
M007,C0004702,2022-10-17,EXPOSED,2022-11-12,NO_RESPONSE,
M007,C0004955,2022-10-17,EXPOSED,2022-10-23,NEUTRAL,2022-10-24
M007,C0006846,2022-10-17,EXPOSED,2022-11-20,NO_RESPONSE,
M007,C0008756,2022-10-17,EXPOSED,2022-11-01,NO_RESPONSE,
M007,C0008918,2022-10-17,EXPOSED,2022-10-27,NO_RESPONSE,
M007,C0008977,2022-10-17,EXPOSED,2022-10-28,NO_RESPONSE,
M007,C0010933,2022-10-17,EXPOSED,2022-10-27,NO_RESPONSE,
M007,C0011159,2022-10-17,NOT_EXPOSED,,,
M007,C0015531,2022-10-17,EXPOSED,2022-10-26,NO_RESPONSE,
M007,C0016689,2022-10-17,EXPOSED,2022-10-19,NO_RESPONSE,
M007,C0018360,2022-10-17,EXPOSED,2022-11-17,POSITIVE,2022-11-23
M007,C0019769,2022-10-17,EXPOSED,2022-10-27,NO_RESPONSE,
M007,C0000582,2022-10-18,EXPOSED,2022-11-08,NO_RESPONSE,
M007,C0002518,2022-10-18,EXPOSED,2022-10-24,NO_RESPONSE,
M007,C0002549,2022-10-18,EXPOSED,2022-11-17,POSITIVE,2022-11-22
M007,C0003965,2022-10-18,EXPOSED,2022-11-02,NO_RESPONSE,
M007,C0004980,2022-10-18,EXPOSED,2022-11-20,NO_RESPONSE,
M007,C0005030,2022-10-18,EXPOSED,2022-10-28,NO_RESPONSE,
M007,C0005849,2022-10-18,EXPOSED,2022-10-31,NO_RESPONSE,
M007,C0006185,2022-10-18,EXPOSED,2022-11-21,POSITIVE,2022-12-04
M007,C0007517,2022-10-18,EXPOSED,2022-11-07,POSITIVE,2022-11-16
M007,C0007609,2022-10-18,EXPOSED,2022-11-19,NO_RESPONSE,
M007,C0008573,2022-10-18,EXPOSED,2022-10-21,NEUTRAL,2022-10-24
M007,C0008585,2022-10-18,EXPOSED,2022-10-31,NO_RESPONSE,
M007,C0008857,2022-10-18,EXPOSED,2022-10-23,NEUTRAL,2022-10-25
M007,C0011567,2022-10-18,NOT_EXPOSED,,,
M007,C0011690,2022-10-18,EXPOSED,2022-11-16,NO_RESPONSE,
M007,C0014208,2022-10-18,EXPOSED,2022-11-02,NO_RESPONSE,
M007,C0014679,2022-10-18,EXPOSED,2022-11-05,NO_RESPONSE,
M007,C0014792,2022-10-18,EXPOSED,2022-10-20,NO_RESPONSE,
M007,C0014974,2022-10-18,NOT_EXPOSED,,,
M007,C0017385,2022-10-18,EXPOSED,2022-11-02,NO_RESPONSE,
M007,C0018433,2022-10-18,NOT_EXPOSED,,,
M007,C0018973,2022-10-18,EXPOSED,2022-11-04,NO_RESPONSE,
M007,C0000226,2022-10-19,EXPOSED,2022-11-20,NO_RESPONSE,
M007,C0004157,2022-10-19,NOT_EXPOSED,,,
M007,C0005944,2022-10-19,EXPOSED,2022-11-13,NO_RESPONSE,
M007,C0007459,2022-10-19,EXPOSED,2022-10-26,NO_RESPONSE,
M007,C0010065,2022-10-19,EXPOSED,2022-11-04,NO_RESPONSE,
M007,C0013648,2022-10-19,EXPOSED,2022-11-16,NEUTRAL,2022-11-26
M007,C0014500,2022-10-19,EXPOSED,2022-11-11,NO_RESPONSE,
M007,C0015620,2022-10-19,EXPOSED,2022-11-17,NO_RESPONSE,
M007,C0016075,2022-10-19,EXPOSED,2022-10-21,POSITIVE,2022-10-26
M007,C0016285,2022-10-19,NOT_EXPOSED,,,
M007,C0017245,2022-10-19,EXPOSED,2022-11-07,NO_RESPONSE,
M007,C0017957,2022-10-19,EXPOSED,2022-11-14,NO_RESPONSE,
M007,C0018300,2022-10-19,EXPOSED,2022-11-12,NO_RESPONSE,
M007,C0019031,2022-10-19,EXPOSED,2022-11-03,NO_RESPONSE,
M007,C0000794,2022-10-20,NOT_EXPOSED,,,
M007,C0001788,2022-10-20,EXPOSED,2022-11-05,NO_RESPONSE,
M007,C0003514,2022-10-20,EXPOSED,2022-11-12,NO_RESPONSE,
M007,C0005099,2022-10-20,NOT_EXPOSED,,,
M007,C0005112,2022-10-20,EXPOSED,2022-10-27,NO_RESPONSE,
M007,C0005268,2022-10-20,EXPOSED,2022-10-25,NO_RESPONSE,
M007,C0005444,2022-10-20,EXPOSED,2022-11-13,NEUTRAL,2022-11-14
M007,C0005777,2022-10-20,EXPOSED,2022-11-04,POSITIVE,2022-11-20
M007,C0006410,2022-10-20,EXPOSED,2022-10-30,POSITIVE,2022-11-03
M007,C0007140,2022-10-20,EXPOSED,2022-11-25,NO_RESPONSE,
M007,C0009020,2022-10-20,EXPOSED,2022-11-14,NO_RESPONSE,
M007,C0009357,2022-10-20,EXPOSED,2022-11-13,NO_RESPONSE,
M007,C0011063,2022-10-20,EXPOSED,2022-10-28,POSITIVE,2022-11-01
M007,C0012237,2022-10-20,EXPOSED,2022-11-17,NO_RESPONSE,
M007,C0012494,2022-10-20,NOT_EXPOSED,,,
M007,C0013692,2022-10-20,EXPOSED,2022-11-05,NO_RESPONSE,
M007,C0014589,2022-10-20,EXPOSED,2022-10-24,NEUTRAL,2022-10-27
M007,C0014724,2022-10-20,EXPOSED,2022-11-08,NO_RESPONSE,
M007,C0015557,2022-10-20,EXPOSED,2022-11-22,NO_RESPONSE,
M007,C0015812,2022-10-20,EXPOSED,2022-10-25,NO_RESPONSE,
M007,C0016653,2022-10-20,EXPOSED,2022-10-30,NO_RESPONSE,
M007,C0016655,2022-10-20,NOT_EXPOSED,,,
M007,C0019827,2022-10-20,EXPOSED,2022-11-20,POSITIVE,2022-11-23
M007,C0000448,2022-10-21,EXPOSED,2022-11-05,NO_RESPONSE,
M007,C0000590,2022-10-21,EXPOSED,2022-10-26,NO_RESPONSE,
M007,C0001194,2022-10-21,EXPOSED,2022-10-26,NO_RESPONSE,
M007,C0002671,2022-10-21,EXPOSED,2022-11-22,NO_RESPONSE,
M007,C0003825,2022-10-21,EXPOSED,2022-11-19,NO_RESPONSE,
M007,C0004660,2022-10-21,EXPOSED,2022-11-03,NO_RESPONSE,
M007,C0004933,2022-10-21,EXPOSED,2022-11-03,NO_RESPONSE,
M007,C0005370,2022-10-21,EXPOSED,2022-11-05,NO_RESPONSE,
M007,C0008496,2022-10-21,EXPOSED,2022-11-19,NO_RESPONSE,
M007,C0009092,2022-10-21,EXPOSED,2022-11-12,NO_RESPONSE,
M007,C0010004,2022-10-21,EXPOSED,2022-11-06,NO_RESPONSE,
M007,C0010108,2022-10-21,EXPOSED,2022-11-25,NO_RESPONSE,
M007,C0010774,2022-10-21,EXPOSED,2022-11-02,NO_RESPONSE,
M007,C0011197,2022-10-21,EXPOSED,2022-11-02,NO_RESPONSE,
M007,C0012808,2022-10-21,NOT_EXPOSED,,,
M007,C0013370,2022-10-21,EXPOSED,2022-11-10,NO_RESPONSE,
M007,C0014159,2022-10-21,NOT_EXPOSED,,,
M007,C0014631,2022-10-21,EXPOSED,2022-10-24,NO_RESPONSE,
M007,C0014714,2022-10-21,EXPOSED,2022-11-25,NO_RESPONSE,
M007,C0014771,2022-10-21,EXPOSED,2022-11-21,NO_RESPONSE,
M007,C0014772,2022-10-21,EXPOSED,2022-11-14,POSITIVE,2022-11-30
M007,C0014783,2022-10-21,EXPOSED,2022-11-14,NO_RESPONSE,
M007,C0015721,2022-10-21,EXPOSED,2022-10-22,NO_RESPONSE,
M007,C0018211,2022-10-21,EXPOSED,2022-10-24,POSITIVE,2022-10-28
M007,C0019721,2022-10-21,NOT_EXPOSED,,,
M007,C0001955,2022-10-22,EXPOSED,2022-10-24,NEGATIVE,2022-10-28
M007,C0002652,2022-10-22,EXPOSED,2022-11-04,NO_RESPONSE,
M007,C0002724,2022-10-22,EXPOSED,2022-10-26,NO_RESPONSE,
M007,C0003705,2022-10-22,NOT_EXPOSED,,,
M007,C0004355,2022-10-22,EXPOSED,2022-10-25,NO_RESPONSE,
M007,C0004673,2022-10-22,EXPOSED,2022-11-19,NEUTRAL,2022-11-27
M007,C0006485,2022-10-22,EXPOSED,2022-11-13,NO_RESPONSE,
M007,C0007001,2022-10-22,EXPOSED,2022-11-08,NEGATIVE,2022-11-22
M007,C0008841,2022-10-22,EXPOSED,2022-10-24,NO_RESPONSE,
M007,C0009760,2022-10-22,EXPOSED,2022-11-03,NO_RESPONSE,
M007,C0010891,2022-10-22,EXPOSED,2022-10-27,POSITIVE,2022-10-31
M007,C0012474,2022-10-22,EXPOSED,2022-11-07,NO_RESPONSE,
M007,C0012704,2022-10-22,EXPOSED,2022-11-23,NO_RESPONSE,
M007,C0013830,2022-10-22,EXPOSED,2022-11-08,NO_RESPONSE,
M007,C0014279,2022-10-22,EXPOSED,2022-11-10,NO_RESPONSE,
M007,C0014801,2022-10-22,EXPOSED,2022-11-03,NO_RESPONSE,
M007,C0015199,2022-10-22,EXPOSED,2022-11-12,NO_RESPONSE,
M007,C0015938,2022-10-22,EXPOSED,2022-11-04,POSITIVE,2022-11-08
M007,C0016957,2022-10-22,EXPOSED,2022-10-25,NO_RESPONSE,
M007,C0017173,2022-10-22,EXPOSED,2022-10-26,POSITIVE,2022-11-07
M007,C0017781,2022-10-22,EXPOSED,2022-10-28,NO_RESPONSE,
M007,C0018422,2022-10-22,EXPOSED,2022-10-31,NO_RESPONSE,
M007,C0019521,2022-10-22,EXPOSED,2022-11-08,NO_RESPONSE,
M007,C0000901,2022-10-23,EXPOSED,2022-11-08,NO_RESPONSE,
M007,C0001723,2022-10-23,EXPOSED,2022-11-10,POSITIVE,2022-11-18
M007,C0003842,2022-10-23,EXPOSED,2022-11-17,NO_RESPONSE,
M007,C0004968,2022-10-23,NOT_EXPOSED,,,
M007,C0005022,2022-10-23,EXPOSED,2022-11-01,NO_RESPONSE,
M007,C0007303,2022-10-23,EXPOSED,2022-11-21,NO_RESPONSE,
M007,C0008099,2022-10-23,NOT_EXPOSED,,,
M007,C0010144,2022-10-23,EXPOSED,2022-10-28,NEUTRAL,2022-11-01
M007,C0013513,2022-10-23,NOT_EXPOSED,,,
M007,C0013700,2022-10-23,NOT_EXPOSED,,,
M007,C0015305,2022-10-23,EXPOSED,2022-11-08,POSITIVE,2022-11-16
M007,C0016416,2022-10-23,EXPOSED,2022-11-24,NO_RESPONSE,
M007,C0017860,2022-10-23,EXPOSED,2022-10-27,NO_RESPONSE,
M007,C0019237,2022-10-23,EXPOSED,2022-11-07,NO_RESPONSE,
M007,C0019548,2022-10-23,EXPOSED,2022-11-07,POSITIVE,2022-11-07
M007,C0001127,2022-10-24,EXPOSED,2022-11-26,NO_RESPONSE,
M007,C0001178,2022-10-24,EXPOSED,2022-11-16,NO_RESPONSE,
M007,C0002426,2022-10-24,EXPOSED,2022-10-25,POSITIVE,2022-10-29
M007,C0003633,2022-10-24,EXPOSED,2022-11-07,NO_RESPONSE,
M007,C0006134,2022-10-24,EXPOSED,2022-11-24,NEUTRAL,2022-11-29
M007,C0007491,2022-10-24,EXPOSED,2022-10-29,NO_RESPONSE,
M007,C0007860,2022-10-24,EXPOSED,2022-11-18,NO_RESPONSE,
M007,C0009147,2022-10-24,NOT_EXPOSED,,,
M007,C0009674,2022-10-24,EXPOSED,2022-11-10,NO_RESPONSE,
M007,C0010966,2022-10-24,EXPOSED,2022-10-27,NO_RESPONSE,
M007,C0011404,2022-10-24,NOT_EXPOSED,,,
M007,C0011985,2022-10-24,EXPOSED,2022-11-14,NO_RESPONSE,
M007,C0012845,2022-10-24,EXPOSED,2022-11-13,NO_RESPONSE,
M007,C0012949,2022-10-24,EXPOSED,2022-11-22,NO_RESPONSE,
M007,C0013230,2022-10-24,EXPOSED,2022-11-09,NO_RESPONSE,
M007,C0013984,2022-10-24,EXPOSED,2022-11-16,NO_RESPONSE,
M007,C0016024,2022-10-24,EXPOSED,2022-11-09,NO_RESPONSE,
M007,C0016839,2022-10-24,EXPOSED,2022-10-25,NO_RESPONSE,
M007,C0019959,2022-10-24,EXPOSED,2022-11-10,POSITIVE,2022-11-11
M007,C0000260,2022-10-25,EXPOSED,2022-11-04,NO_RESPONSE,
M007,C0000421,2022-10-25,EXPOSED,2022-11-20,NO_RESPONSE,
M007,C0007703,2022-10-25,EXPOSED,2022-11-13,NO_RESPONSE,
M007,C0009737,2022-10-25,EXPOSED,2022-10-31,NO_RESPONSE,
M007,C0010115,2022-10-25,EXPOSED,2022-11-01,NO_RESPONSE,
M007,C0010752,2022-10-25,EXPOSED,2022-11-18,NEUTRAL,2022-11-21
M007,C0012912,2022-10-25,EXPOSED,2022-11-22,NO_RESPONSE,
M007,C0014183,2022-10-25,EXPOSED,2022-10-27,POSITIVE,2022-10-30
M007,C0016234,2022-10-25,EXPOSED,2022-11-20,NO_RESPONSE,
M007,C0017789,2022-10-25,EXPOSED,2022-10-31,NO_RESPONSE,
M007,C0000094,2022-10-26,EXPOSED,2022-11-23,POSITIVE,2022-12-01
M007,C0001237,2022-10-26,NOT_EXPOSED,,,
M007,C0002179,2022-10-26,EXPOSED,2022-10-31,NO_RESPONSE,
M007,C0002310,2022-10-26,EXPOSED,2022-11-04,NO_RESPONSE,
M007,C0003717,2022-10-26,EXPOSED,2022-11-07,NO_RESPONSE,
M007,C0005090,2022-10-26,EXPOSED,2022-11-03,NO_RESPONSE,
M007,C0005208,2022-10-26,EXPOSED,2022-11-09,NO_RESPONSE,
M007,C0005579,2022-10-26,EXPOSED,2022-11-20,NO_RESPONSE,
M007,C0005893,2022-10-26,EXPOSED,2022-11-21,NEGATIVE,2022-11-22
M007,C0007498,2022-10-26,EXPOSED,2022-11-16,NO_RESPONSE,
M007,C0008060,2022-10-26,EXPOSED,2022-11-10,NO_RESPONSE,
M007,C0008303,2022-10-26,EXPOSED,2022-11-06,POSITIVE,2022-11-10
M007,C0008637,2022-10-26,EXPOSED,2022-11-12,NO_RESPONSE,
M007,C0009866,2022-10-26,EXPOSED,2022-11-12,NO_RESPONSE,
M007,C0010197,2022-10-26,EXPOSED,2022-11-13,NO_RESPONSE,
M007,C0011650,2022-10-26,EXPOSED,2022-11-01,NO_RESPONSE,
M007,C0012604,2022-10-26,NOT_EXPOSED,,,
M007,C0013545,2022-10-26,NOT_EXPOSED,,,
M007,C0014047,2022-10-26,EXPOSED,2022-10-30,NO_RESPONSE,
M007,C0015608,2022-10-26,EXPOSED,2022-11-08,NO_RESPONSE,
M007,C0016019,2022-10-26,EXPOSED,2022-11-11,NO_RESPONSE,
M007,C0016678,2022-10-26,EXPOSED,2022-10-28,NO_RESPONSE,
M007,C0018061,2022-10-26,EXPOSED,2022-10-28,NO_RESPONSE,
M007,C0018331,2022-10-26,NOT_EXPOSED,,,
M007,C0018865,2022-10-26,EXPOSED,2022-11-07,NEGATIVE,2022-11-22
M007,C0019502,2022-10-26,NOT_EXPOSED,,,
M007,C0000196,2022-10-27,EXPOSED,2022-11-27,NO_RESPONSE,
M007,C0000464,2022-10-27,EXPOSED,2022-11-04,NO_RESPONSE,
M007,C0001568,2022-10-27,NOT_EXPOSED,,,
M007,C0003813,2022-10-27,EXPOSED,2022-11-20,NEGATIVE,2022-12-14
M007,C0004698,2022-10-27,EXPOSED,2022-11-09,NO_RESPONSE,
M007,C0005821,2022-10-27,EXPOSED,2022-11-22,NO_RESPONSE,
M007,C0008744,2022-10-27,EXPOSED,2022-10-28,NO_RESPONSE,
M007,C0009071,2022-10-27,EXPOSED,2022-11-03,NO_RESPONSE,
M007,C0009271,2022-10-27,EXPOSED,2022-11-11,POSITIVE,2022-11-13
M007,C0010436,2022-10-27,EXPOSED,2022-11-09,NO_RESPONSE,
M007,C0011664,2022-10-27,EXPOSED,2022-11-21,NO_RESPONSE,
M007,C0011959,2022-10-27,EXPOSED,2022-11-03,NO_RESPONSE,
M007,C0012630,2022-10-27,EXPOSED,2022-10-27,NO_RESPONSE,
M007,C0013846,2022-10-27,EXPOSED,2022-11-16,NO_RESPONSE,
M007,C0019606,2022-10-27,EXPOSED,2022-11-01,NO_RESPONSE,
M007,C0000882,2022-10-28,EXPOSED,2022-11-18,NO_RESPONSE,
M007,C0003049,2022-10-28,EXPOSED,2022-11-19,NO_RESPONSE,
M007,C0006007,2022-10-28,EXPOSED,2022-11-03,POSITIVE,2022-11-07
M007,C0006124,2022-10-28,NOT_EXPOSED,,,
M007,C0007798,2022-10-28,EXPOSED,2022-11-01,NO_RESPONSE,
M007,C0009971,2022-10-28,EXPOSED,2022-11-19,NO_RESPONSE,
M007,C0012062,2022-10-28,EXPOSED,2022-11-03,NO_RESPONSE,
M007,C0012281,2022-10-28,NOT_EXPOSED,,,
M007,C0012426,2022-10-28,EXPOSED,2022-10-29,NO_RESPONSE,
M007,C0016005,2022-10-28,EXPOSED,2022-11-11,NO_RESPONSE,
M007,C0016288,2022-10-28,EXPOSED,2022-11-10,POSITIVE,2022-11-11
M007,C0017737,2022-10-28,EXPOSED,2022-11-04,NO_RESPONSE,
M007,C0000270,2022-10-29,EXPOSED,2022-11-15,NO_RESPONSE,
M007,C0002042,2022-10-29,EXPOSED,2022-11-23,NO_RESPONSE,
M007,C0003249,2022-10-29,EXPOSED,2022-11-18,NO_RESPONSE,
M007,C0004470,2022-10-29,EXPOSED,2022-10-31,NO_RESPONSE,
M007,C0005155,2022-10-29,EXPOSED,2022-11-17,NO_RESPONSE,
M007,C0005226,2022-10-29,NOT_EXPOSED,,,
M007,C0005706,2022-10-29,EXPOSED,2022-11-06,NO_RESPONSE,
M007,C0007642,2022-10-29,EXPOSED,2022-11-12,NO_RESPONSE,
M007,C0008949,2022-10-29,EXPOSED,2022-11-27,NO_RESPONSE,
M007,C0009906,2022-10-29,NOT_EXPOSED,,,
M007,C0010629,2022-10-29,EXPOSED,2022-11-14,NO_RESPONSE,
M007,C0011364,2022-10-29,EXPOSED,2022-11-16,NO_RESPONSE,
M007,C0011415,2022-10-29,EXPOSED,2022-11-03,NO_RESPONSE,
M007,C0013964,2022-10-29,EXPOSED,2022-11-10,NO_RESPONSE,
M007,C0014151,2022-10-29,EXPOSED,2022-11-03,NO_RESPONSE,
M007,C0015846,2022-10-29,EXPOSED,2022-11-26,NO_RESPONSE,
M007,C0016658,2022-10-29,EXPOSED,2022-10-30,NO_RESPONSE,
M007,C0017386,2022-10-29,NOT_EXPOSED,,,
M007,C0018480,2022-10-29,EXPOSED,2022-11-14,NO_RESPONSE,
M007,C0018744,2022-10-29,EXPOSED,2022-11-08,NO_RESPONSE,
M007,C0019981,2022-10-29,EXPOSED,2022-11-11,NO_RESPONSE,
M007,C0000057,2022-10-30,EXPOSED,2022-11-29,POSITIVE,2022-12-01
M007,C0001774,2022-10-30,EXPOSED,2022-11-07,NO_RESPONSE,
M007,C0002276,2022-10-30,EXPOSED,2022-11-02,NO_RESPONSE,
M007,C0002990,2022-10-30,NOT_EXPOSED,,,
M007,C0011634,2022-10-30,EXPOSED,2022-11-04,NO_RESPONSE,
M007,C0011890,2022-10-30,EXPOSED,2022-11-16,NO_RESPONSE,
M007,C0012620,2022-10-30,EXPOSED,2022-11-20,NO_RESPONSE,
M007,C0013073,2022-10-30,EXPOSED,2022-11-02,NO_RESPONSE,
M007,C0013219,2022-10-30,EXPOSED,2022-11-20,NO_RESPONSE,
M007,C0013313,2022-10-30,EXPOSED,2022-11-11,POSITIVE,2022-11-14
M007,C0013540,2022-10-30,EXPOSED,2022-11-10,POSITIVE,2022-11-23
M007,C0013925,2022-10-30,EXPOSED,2022-11-23,POSITIVE,2022-11-30
M007,C0014464,2022-10-30,EXPOSED,2022-11-03,NO_RESPONSE,
M007,C0015817,2022-10-30,EXPOSED,2022-11-22,NO_RESPONSE,
M007,C0016935,2022-10-30,EXPOSED,2022-11-06,NEUTRAL,2022-11-18
M007,C0016978,2022-10-30,EXPOSED,2022-11-12,NO_RESPONSE,
M007,C0017544,2022-10-30,EXPOSED,2022-11-20,NO_RESPONSE,
M007,C0019689,2022-10-30,EXPOSED,2022-11-09,NO_RESPONSE,
M007,C0001325,2022-10-31,EXPOSED,2022-11-09,NO_RESPONSE,
M007,C0001663,2022-10-31,EXPOSED,2022-11-14,NO_RESPONSE,
M007,C0003474,2022-10-31,NOT_EXPOSED,,,
M007,C0003966,2022-10-31,EXPOSED,2022-11-15,NO_RESPONSE,
M007,C0005059,2022-10-31,EXPOSED,2022-11-25,NO_RESPONSE,
M007,C0005354,2022-10-31,EXPOSED,2022-11-01,NO_RESPONSE,
M007,C0006170,2022-10-31,EXPOSED,2022-11-04,NO_RESPONSE,
M007,C0007063,2022-10-31,EXPOSED,2022-11-03,NO_RESPONSE,
M007,C0010922,2022-10-31,EXPOSED,2022-11-14,NEUTRAL,2022-11-23
M007,C0012004,2022-10-31,EXPOSED,2022-11-03,POSITIVE,2022-11-22
M007,C0013290,2022-10-31,EXPOSED,2022-11-05,NEUTRAL,2022-11-12
M007,C0013553,2022-10-31,EXPOSED,2022-11-02,NO_RESPONSE,
M007,C0017582,2022-10-31,NOT_EXPOSED,,,
M007,C0019649,2022-10-31,NOT_EXPOSED,,,
M007,C0000624,2022-11-01,EXPOSED,2022-11-12,NO_RESPONSE,
M007,C0001740,2022-11-01,NOT_EXPOSED,,,
M007,C0002007,2022-11-01,EXPOSED,2022-11-02,NEUTRAL,2022-11-09
M007,C0002068,2022-11-01,EXPOSED,2022-11-10,NO_RESPONSE,
M007,C0002102,2022-11-01,EXPOSED,2022-11-19,NO_RESPONSE,
M007,C0004531,2022-11-01,EXPOSED,2022-11-07,NO_RESPONSE,
M007,C0005517,2022-11-01,EXPOSED,2022-11-18,NEUTRAL,2022-12-01
M007,C0007731,2022-11-01,EXPOSED,2022-11-07,POSITIVE,2022-11-11
M007,C0010234,2022-11-01,NOT_EXPOSED,,,
M007,C0013264,2022-11-01,EXPOSED,2022-11-28,POSITIVE,2022-11-29
M007,C0015706,2022-11-01,EXPOSED,2022-11-06,NEUTRAL,2022-11-10
M007,C0017904,2022-11-01,EXPOSED,2022-11-08,NO_RESPONSE,
M007,C0018854,2022-11-01,EXPOSED,2022-11-24,POSITIVE,2022-11-30
M007,C0000560,2022-11-02,EXPOSED,2022-11-07,NO_RESPONSE,
M007,C0003103,2022-11-02,EXPOSED,2022-11-15,NO_RESPONSE,
M007,C0006746,2022-11-02,NOT_EXPOSED,,,
M007,C0007340,2022-11-02,EXPOSED,2022-11-21,NO_RESPONSE,
M007,C0010979,2022-11-02,EXPOSED,2022-11-08,NO_RESPONSE,
M007,C0011703,2022-11-02,EXPOSED,2022-11-15,POSITIVE,2022-11-20
M007,C0012093,2022-11-02,EXPOSED,2022-11-14,NO_RESPONSE,
M007,C0012149,2022-11-02,EXPOSED,2022-11-26,NO_RESPONSE,
M007,C0014473,2022-11-02,EXPOSED,2022-11-06,NO_RESPONSE,
M007,C0003210,2022-11-03,EXPOSED,2022-11-13,NO_RESPONSE,
M007,C0003668,2022-11-03,EXPOSED,2022-11-06,NO_RESPONSE,
M007,C0005658,2022-11-03,EXPOSED,2022-11-26,NO_RESPONSE,
M007,C0006968,2022-11-03,EXPOSED,2022-11-14,POSITIVE,2022-11-17
M007,C0007746,2022-11-03,EXPOSED,2022-11-20,NO_RESPONSE,
M007,C0009153,2022-11-03,EXPOSED,2022-11-16,NO_RESPONSE,
M007,C0010860,2022-11-03,EXPOSED,2022-11-18,NO_RESPONSE,
M007,C0010960,2022-11-03,EXPOSED,2022-11-11,NO_RESPONSE,
M007,C0011944,2022-11-03,EXPOSED,2022-11-22,NO_RESPONSE,
M007,C0012267,2022-11-03,EXPOSED,2022-11-15,NO_RESPONSE,
M007,C0013068,2022-11-03,NOT_EXPOSED,,,
M007,C0013164,2022-11-03,EXPOSED,2022-11-12,NO_RESPONSE,
M007,C0016574,2022-11-03,NOT_EXPOSED,,,
M007,C0017975,2022-11-03,EXPOSED,2022-11-19,POSITIVE,2022-11-24
M007,C0018254,2022-11-03,EXPOSED,2022-11-27,NO_RESPONSE,
M007,C0019180,2022-11-03,EXPOSED,2022-11-08,NO_RESPONSE,
M007,C0019373,2022-11-03,EXPOSED,2022-11-20,NO_RESPONSE,
M007,C0019939,2022-11-03,EXPOSED,2022-11-09,NO_RESPONSE,
M007,C0004795,2022-11-04,EXPOSED,2022-11-05,NEGATIVE,2022-11-06
M007,C0005214,2022-11-04,EXPOSED,2022-11-07,NO_RESPONSE,
M007,C0007098,2022-11-04,EXPOSED,2022-11-12,NEUTRAL,2022-11-23
M007,C0007659,2022-11-04,EXPOSED,2022-11-08,NO_RESPONSE,
M007,C0011225,2022-11-04,EXPOSED,2022-11-13,NO_RESPONSE,
M007,C0012250,2022-11-04,EXPOSED,2022-11-07,NO_RESPONSE,
M007,C0014930,2022-11-04,EXPOSED,2022-11-09,NO_RESPONSE,
M007,C0016021,2022-11-04,EXPOSED,2022-11-17,NO_RESPONSE,
M007,C0016283,2022-11-04,EXPOSED,2022-11-13,NO_RESPONSE,
M007,C0018798,2022-11-04,EXPOSED,2022-11-22,NO_RESPONSE,
M007,C0019841,2022-11-04,EXPOSED,2022-11-13,NO_RESPONSE,
M007,C0000405,2022-11-05,EXPOSED,2022-11-26,NO_RESPONSE,
M007,C0002018,2022-11-05,EXPOSED,2022-11-16,NO_RESPONSE,
M007,C0002304,2022-11-05,EXPOSED,2022-11-18,NO_RESPONSE,
M007,C0004950,2022-11-05,EXPOSED,2022-11-21,NO_RESPONSE,
M007,C0005431,2022-11-05,EXPOSED,2022-11-26,POSITIVE,2022-12-07
M007,C0005490,2022-11-05,EXPOSED,2022-11-22,NO_RESPONSE,
M007,C0007628,2022-11-05,EXPOSED,2022-11-06,NO_RESPONSE,
M007,C0008762,2022-11-05,EXPOSED,2022-11-11,NO_RESPONSE,
M007,C0010639,2022-11-05,EXPOSED,2022-11-09,NEGATIVE,2022-11-12
M007,C0011967,2022-11-05,EXPOSED,2022-11-09,POSITIVE,2022-11-16
M007,C0013103,2022-11-05,EXPOSED,2022-11-17,NO_RESPONSE,
M007,C0015320,2022-11-05,EXPOSED,2022-11-16,NO_RESPONSE,
M007,C0016890,2022-11-05,EXPOSED,2022-11-07,NO_RESPONSE,
M007,C0018695,2022-11-05,EXPOSED,2022-11-09,POSITIVE,2022-11-11
M007,C0000369,2022-11-06,EXPOSED,2022-11-17,NEGATIVE,2022-11-18
M007,C0000566,2022-11-06,EXPOSED,2022-11-07,NO_RESPONSE,
M007,C0003724,2022-11-06,EXPOSED,2022-11-21,POSITIVE,2022-11-28
M007,C0003991,2022-11-06,EXPOSED,2022-11-27,NO_RESPONSE,
M007,C0005195,2022-11-06,NOT_EXPOSED,,,
M007,C0009993,2022-11-06,EXPOSED,2022-11-23,NO_RESPONSE,
M007,C0011245,2022-11-06,NOT_EXPOSED,,,
M007,C0011820,2022-11-06,EXPOSED,2022-11-15,NO_RESPONSE,
M007,C0012640,2022-11-06,EXPOSED,2022-11-19,NO_RESPONSE,
M007,C0014137,2022-11-06,EXPOSED,2022-11-17,POSITIVE,2022-11-21
M007,C0015151,2022-11-06,EXPOSED,2022-11-15,NO_RESPONSE,
M007,C0015277,2022-11-06,EXPOSED,2022-11-19,NO_RESPONSE,
M007,C0002159,2022-11-07,EXPOSED,2022-11-21,POSITIVE,2022-11-28
M007,C0002883,2022-11-07,EXPOSED,2022-11-11,NO_RESPONSE,
M007,C0004265,2022-11-07,EXPOSED,2022-11-27,NO_RESPONSE,
M007,C0006276,2022-11-07,EXPOSED,2022-11-11,POSITIVE,2022-11-30
M007,C0006366,2022-11-07,EXPOSED,2022-11-09,NO_RESPONSE,
M007,C0009255,2022-11-07,EXPOSED,2022-11-09,NO_RESPONSE,
M007,C0010492,2022-11-07,EXPOSED,2022-11-11,NO_RESPONSE,
M007,C0011519,2022-11-07,EXPOSED,2022-11-09,NO_RESPONSE,
M007,C0013339,2022-11-07,NOT_EXPOSED,,,
M007,C0014834,2022-11-07,EXPOSED,2022-11-07,NO_RESPONSE,
M007,C0018120,2022-11-07,EXPOSED,2022-11-15,NO_RESPONSE,
M007,C0018538,2022-11-07,NOT_EXPOSED,,,
M007,C0019633,2022-11-07,EXPOSED,2022-11-20,NO_RESPONSE,
M007,C0000486,2022-11-08,EXPOSED,2022-11-24,POSITIVE,2022-11-24
M007,C0002475,2022-11-08,EXPOSED,2022-11-25,NO_RESPONSE,
M007,C0009409,2022-11-08,EXPOSED,2022-11-14,NO_RESPONSE,
M007,C0009661,2022-11-08,NOT_EXPOSED,,,
M007,C0010558,2022-11-08,EXPOSED,2022-11-17,NO_RESPONSE,
M007,C0010789,2022-11-08,EXPOSED,2022-11-09,NO_RESPONSE,
M007,C0011054,2022-11-08,EXPOSED,2022-11-18,NEGATIVE,2022-11-25
M007,C0012346,2022-11-08,EXPOSED,2022-11-19,NO_RESPONSE,
M007,C0012643,2022-11-08,EXPOSED,2022-11-14,NO_RESPONSE,
M007,C0014037,2022-11-08,EXPOSED,2022-11-10,NO_RESPONSE,
M007,C0014138,2022-11-08,EXPOSED,2022-11-08,POSITIVE,2022-11-09
M007,C0014491,2022-11-08,EXPOSED,2022-11-14,NEGATIVE,2022-11-29
M007,C0018114,2022-11-08,EXPOSED,2022-11-21,NO_RESPONSE,
M007,C0019347,2022-11-08,EXPOSED,2022-11-10,NEUTRAL,2022-11-17
M007,C0000093,2022-11-09,EXPOSED,2022-11-14,NO_RESPONSE,
M007,C0003183,2022-11-09,EXPOSED,2022-11-28,NO_RESPONSE,
M007,C0004893,2022-11-09,EXPOSED,2022-11-14,NO_RESPONSE,
M007,C0007540,2022-11-09,EXPOSED,2022-11-25,NEUTRAL,2022-11-29
M007,C0008346,2022-11-09,EXPOSED,2022-11-14,NEUTRAL,2022-11-23
M007,C0009195,2022-11-09,EXPOSED,2022-11-15,NO_RESPONSE,
M007,C0010304,2022-11-09,EXPOSED,2022-11-20,NO_RESPONSE,
M007,C0013525,2022-11-09,EXPOSED,2022-11-18,NO_RESPONSE,
M007,C0014591,2022-11-09,EXPOSED,2022-11-14,NO_RESPONSE,
M007,C0014791,2022-11-09,EXPOSED,2022-11-10,NEUTRAL,2022-11-24
M007,C0016670,2022-11-09,EXPOSED,2022-11-20,NO_RESPONSE,
M007,C0019410,2022-11-09,EXPOSED,2022-11-23,NO_RESPONSE,
M007,C0005117,2022-11-10,EXPOSED,2022-11-12,NO_RESPONSE,
M007,C0007288,2022-11-10,EXPOSED,2022-11-14,NO_RESPONSE,
M007,C0011734,2022-11-10,EXPOSED,2022-11-13,NO_RESPONSE,
M007,C0014166,2022-11-10,EXPOSED,2022-11-17,NO_RESPONSE,
M007,C0015204,2022-11-10,EXPOSED,2022-11-11,NO_RESPONSE,
M007,C0016089,2022-11-10,EXPOSED,2022-11-18,NO_RESPONSE,
M007,C0017422,2022-11-10,EXPOSED,2022-11-16,NO_RESPONSE,
M007,C0000191,2022-11-11,EXPOSED,2022-11-16,NO_RESPONSE,
M007,C0001274,2022-11-11,EXPOSED,2022-11-18,NO_RESPONSE,
M007,C0001892,2022-11-11,NOT_EXPOSED,,,
M007,C0004479,2022-11-11,EXPOSED,2022-11-16,NO_RESPONSE,
M007,C0004879,2022-11-11,NOT_EXPOSED,,,
M007,C0006579,2022-11-11,EXPOSED,2022-11-17,NEUTRAL,2022-11-23
M007,C0006590,2022-11-11,EXPOSED,2022-11-13,NO_RESPONSE,
M007,C0006701,2022-11-11,EXPOSED,2022-11-17,NO_RESPONSE,
M007,C0007595,2022-11-11,EXPOSED,2022-11-13,NO_RESPONSE,
M007,C0012197,2022-11-11,EXPOSED,2022-11-16,NO_RESPONSE,
M007,C0017122,2022-11-11,EXPOSED,2022-11-15,NEUTRAL,2022-11-18
M007,C0017331,2022-11-11,EXPOSED,2022-11-17,NO_RESPONSE,
M007,C0000031,2022-11-12,EXPOSED,2022-11-25,POSITIVE,2022-12-01
M007,C0000649,2022-11-12,EXPOSED,2022-11-14,POSITIVE,2022-11-24
M007,C0000907,2022-11-12,EXPOSED,2022-11-13,POSITIVE,2022-11-14
M007,C0002700,2022-11-12,EXPOSED,2022-11-20,NO_RESPONSE,
M007,C0003345,2022-11-12,NOT_EXPOSED,,,
M007,C0004450,2022-11-12,EXPOSED,2022-11-15,POSITIVE,2022-11-24
M007,C0004603,2022-11-12,EXPOSED,2022-11-23,NO_RESPONSE,
M007,C0010880,2022-11-12,EXPOSED,2022-11-14,NO_RESPONSE,
M007,C0014429,2022-11-12,EXPOSED,2022-11-13,NO_RESPONSE,
M007,C0017066,2022-11-12,EXPOSED,2022-11-19,NO_RESPONSE,
M007,C0017802,2022-11-12,NOT_EXPOSED,,,
M007,C0000113,2022-11-13,EXPOSED,2022-11-14,POSITIVE,2022-11-19
M007,C0000773,2022-11-13,EXPOSED,2022-11-28,NO_RESPONSE,
M007,C0005752,2022-11-13,EXPOSED,2022-11-17,NO_RESPONSE,
M007,C0006751,2022-11-13,EXPOSED,2022-11-21,NO_RESPONSE,
M007,C0007528,2022-11-13,EXPOSED,2022-11-18,NO_RESPONSE,
M007,C0015532,2022-11-13,EXPOSED,2022-11-26,NO_RESPONSE,
M007,C0000252,2022-11-14,EXPOSED,2022-11-28,NO_RESPONSE,
M007,C0003247,2022-11-14,EXPOSED,2022-11-15,POSITIVE,2022-11-21
M007,C0004647,2022-11-14,EXPOSED,2022-11-22,NO_RESPONSE,
M007,C0006990,2022-11-14,EXPOSED,2022-11-21,NO_RESPONSE,
M007,C0009627,2022-11-14,EXPOSED,2022-11-18,NO_RESPONSE,
M007,C0012111,2022-11-14,EXPOSED,2022-11-21,NO_RESPONSE,
M007,C0012168,2022-11-14,NOT_EXPOSED,,,
M007,C0012436,2022-11-14,EXPOSED,2022-11-24,POSITIVE,2022-12-02
M007,C0014347,2022-11-14,EXPOSED,2022-11-20,NO_RESPONSE,
M007,C0018341,2022-11-14,EXPOSED,2022-11-15,NO_RESPONSE,
M007,C0018844,2022-11-14,EXPOSED,2022-11-15,POSITIVE,2022-11-20
M007,C0019896,2022-11-14,EXPOSED,2022-11-22,NO_RESPONSE,
M007,C0001722,2022-11-15,EXPOSED,2022-11-19,NO_RESPONSE,
M007,C0001906,2022-11-15,EXPOSED,2022-11-24,NO_RESPONSE,
M007,C0002064,2022-11-15,EXPOSED,2022-11-18,NO_RESPONSE,
M007,C0011437,2022-11-15,EXPOSED,2022-11-15,NO_RESPONSE,
M007,C0012388,2022-11-15,EXPOSED,2022-11-29,NO_RESPONSE,
M007,C0013318,2022-11-15,EXPOSED,2022-11-24,NO_RESPONSE,
M007,C0003460,2022-11-16,EXPOSED,2022-11-28,NEUTRAL,2022-12-05
M007,C0005753,2022-11-16,EXPOSED,2022-11-29,NO_RESPONSE,
M007,C0011682,2022-11-16,NOT_EXPOSED,,,
M007,C0013867,2022-11-16,EXPOSED,2022-11-27,NO_RESPONSE,
M007,C0016107,2022-11-16,EXPOSED,2022-11-17,NO_RESPONSE,
M007,C0018168,2022-11-16,EXPOSED,2022-11-29,NEUTRAL,2022-12-03
M007,C0018648,2022-11-16,EXPOSED,2022-11-22,NEGATIVE,2022-12-01
M007,C0002887,2022-11-17,EXPOSED,2022-11-29,POSITIVE,2022-12-05
M007,C0006169,2022-11-17,EXPOSED,2022-11-24,NO_RESPONSE,
M007,C0006429,2022-11-17,EXPOSED,2022-11-21,NO_RESPONSE,
M007,C0011861,2022-11-17,NOT_EXPOSED,,,
M007,C0012895,2022-11-17,EXPOSED,2022-11-18,POSITIVE,2022-11-20
M007,C0013130,2022-11-17,EXPOSED,2022-11-18,NO_RESPONSE,
M007,C0018694,2022-11-17,EXPOSED,2022-11-26,POSITIVE,2022-11-30
M007,C0019401,2022-11-17,EXPOSED,2022-11-20,POSITIVE,2022-11-30
M007,C0004090,2022-11-18,EXPOSED,2022-11-18,NO_RESPONSE,
M007,C0008430,2022-11-18,EXPOSED,2022-11-28,NO_RESPONSE,
M007,C0008717,2022-11-18,EXPOSED,2022-11-21,NO_RESPONSE,
M007,C0010477,2022-11-18,EXPOSED,2022-11-20,NEUTRAL,2022-12-06
M007,C0011645,2022-11-18,EXPOSED,2022-11-21,NO_RESPONSE,
M007,C0011660,2022-11-18,EXPOSED,2022-11-22,NO_RESPONSE,
M007,C0003539,2022-11-19,EXPOSED,2022-11-21,NO_RESPONSE,
M007,C0011184,2022-11-19,EXPOSED,2022-11-20,NEUTRAL,2022-11-21
M007,C0005436,2022-11-20,EXPOSED,2022-11-23,NO_RESPONSE,
M007,C0008581,2022-11-20,EXPOSED,2022-11-21,POSITIVE,2022-11-28
M007,C0011435,2022-11-20,EXPOSED,2022-11-22,NO_RESPONSE,
M007,C0011439,2022-11-20,NOT_EXPOSED,,,
M007,C0012977,2022-11-20,EXPOSED,2022-11-24,NO_RESPONSE,
M007,C0016950,2022-11-20,EXPOSED,2022-11-23,NO_RESPONSE,
M007,C0017089,2022-11-20,EXPOSED,2022-11-23,NO_RESPONSE,
M007,C0017714,2022-11-20,EXPOSED,2022-11-21,NO_RESPONSE,
M007,C0000217,2022-11-21,EXPOSED,2022-11-22,NO_RESPONSE,
M007,C0002844,2022-11-21,EXPOSED,2022-11-24,NO_RESPONSE,
M007,C0003087,2022-11-21,EXPOSED,2022-11-23,NO_RESPONSE,
M007,C0003240,2022-11-21,EXPOSED,2022-11-29,NEUTRAL,2022-12-03
M007,C0018186,2022-11-21,EXPOSED,2022-11-26,NO_RESPONSE,
M007,C0005162,2022-11-22,EXPOSED,2022-11-26,NO_RESPONSE,
M007,C0009610,2022-11-22,EXPOSED,2022-11-26,NO_RESPONSE,
M007,C0016102,2022-11-22,EXPOSED,2022-11-23,NO_RESPONSE,
M007,C0019729,2022-11-22,EXPOSED,2022-11-23,POSITIVE,2022-12-07
M007,C0019935,2022-11-22,EXPOSED,2022-11-24,NO_RESPONSE,
M007,C0007238,2022-11-23,EXPOSED,2022-11-25,NO_RESPONSE,
M007,C0019913,2022-11-23,EXPOSED,2022-11-24,NO_RESPONSE,
M007,C0006855,2022-11-24,EXPOSED,2022-11-26,NO_RESPONSE,
M007,C0007946,2022-11-24,EXPOSED,2022-11-28,NO_RESPONSE,
M007,C0015178,2022-11-24,EXPOSED,2022-11-26,NO_RESPONSE,
M007,C0000060,2022-11-25,EXPOSED,2022-11-28,NO_RESPONSE,
M007,C0007947,2022-11-25,EXPOSED,2022-11-26,NO_RESPONSE,
M007,C0010553,2022-11-25,EXPOSED,2022-11-25,NEGATIVE,2022-12-04
M007,C0013225,2022-11-25,EXPOSED,2022-11-27,NO_RESPONSE,
M007,C0014908,2022-11-25,EXPOSED,2022-11-27,NO_RESPONSE,
M007,C0011569,2022-11-26,EXPOSED,2022-11-30,NEGATIVE,2022-12-03
M007,C0016921,2022-11-26,EXPOSED,2022-11-28,NO_RESPONSE,
M007,C0004792,2022-11-27,EXPOSED,2022-11-28,NEGATIVE,2022-12-02
M007,C0015554,2022-11-27,EXPOSED,2022-11-28,NO_RESPONSE,
M008,C0000976,2023-03-01,NOT_EXPOSED,,,
M008,C0002724,2023-03-02,EXPOSED,2023-04-16,NO_RESPONSE,
M008,C0007860,2023-03-02,EXPOSED,2023-04-18,NO_RESPONSE,
M008,C0009172,2023-03-02,EXPOSED,2023-03-06,NO_RESPONSE,
M008,C0013448,2023-03-02,EXPOSED,2023-04-11,NO_RESPONSE,
M008,C0016227,2023-03-02,EXPOSED,2023-03-20,NO_RESPONSE,
M008,C0018098,2023-03-02,EXPOSED,2023-04-08,NO_RESPONSE,
M008,C0018284,2023-03-02,EXPOSED,2023-03-12,NO_RESPONSE,
M008,C0019095,2023-03-02,EXPOSED,2023-03-29,NO_RESPONSE,
M008,C0019216,2023-03-02,EXPOSED,2023-05-09,NO_RESPONSE,
M008,C0003088,2023-03-03,EXPOSED,2023-03-16,NO_RESPONSE,
M008,C0003906,2023-03-03,EXPOSED,2023-05-09,NO_RESPONSE,
M008,C0004462,2023-03-03,EXPOSED,2023-05-22,POSITIVE,2023-05-27
M008,C0008124,2023-03-03,EXPOSED,2023-04-04,NO_RESPONSE,
M008,C0009098,2023-03-03,NOT_EXPOSED,,,
M008,C0012697,2023-03-03,EXPOSED,2023-03-21,NO_RESPONSE,
M008,C0013265,2023-03-03,EXPOSED,2023-04-10,NO_RESPONSE,
M008,C0017513,2023-03-03,EXPOSED,2023-05-06,NO_RESPONSE,
M008,C0001363,2023-03-04,EXPOSED,2023-04-14,POSITIVE,2023-04-26
M008,C0001708,2023-03-04,EXPOSED,2023-05-05,NO_RESPONSE,
M008,C0002304,2023-03-04,NOT_EXPOSED,,,
M008,C0005617,2023-03-04,EXPOSED,2023-03-26,NO_RESPONSE,
M008,C0008891,2023-03-04,NOT_EXPOSED,,,
M008,C0012336,2023-03-04,EXPOSED,2023-05-10,NO_RESPONSE,
M008,C0012532,2023-03-04,EXPOSED,2023-03-26,NO_RESPONSE,
M008,C0013233,2023-03-04,EXPOSED,2023-05-04,NO_RESPONSE,
M008,C0013702,2023-03-04,EXPOSED,2023-05-18,NO_RESPONSE,
M008,C0014486,2023-03-04,EXPOSED,2023-05-05,NO_RESPONSE,
M008,C0015268,2023-03-04,EXPOSED,2023-05-07,NO_RESPONSE,
M008,C0017540,2023-03-04,EXPOSED,2023-05-24,NO_RESPONSE,
M008,C0019637,2023-03-04,EXPOSED,2023-03-26,NO_RESPONSE,
M008,C0000684,2023-03-05,EXPOSED,2023-05-11,NO_RESPONSE,
M008,C0003229,2023-03-05,EXPOSED,2023-03-14,NO_RESPONSE,
M008,C0003966,2023-03-05,EXPOSED,2023-04-22,NO_RESPONSE,
M008,C0007437,2023-03-05,EXPOSED,2023-04-30,NO_RESPONSE,
M008,C0007600,2023-03-05,NOT_EXPOSED,,,
M008,C0009359,2023-03-05,EXPOSED,2023-05-27,NO_RESPONSE,
M008,C0014169,2023-03-05,NOT_EXPOSED,,,
M008,C0015291,2023-03-05,EXPOSED,2023-04-19,POSITIVE,2023-04-23
M008,C0016079,2023-03-05,EXPOSED,2023-06-08,NO_RESPONSE,
M008,C0018566,2023-03-05,EXPOSED,2023-03-29,NEUTRAL,2023-04-19
M008,C0000520,2023-03-06,EXPOSED,2023-03-25,NO_RESPONSE,
M008,C0001785,2023-03-06,NOT_EXPOSED,,,
M008,C0004405,2023-03-06,EXPOSED,2023-03-29,NO_RESPONSE,
M008,C0004639,2023-03-06,EXPOSED,2023-04-28,NO_RESPONSE,
M008,C0004931,2023-03-06,NOT_EXPOSED,,,
M008,C0010937,2023-03-06,EXPOSED,2023-04-28,NO_RESPONSE,
M008,C0011184,2023-03-06,EXPOSED,2023-05-19,NO_RESPONSE,
M008,C0011315,2023-03-06,NOT_EXPOSED,,,
M008,C0011804,2023-03-06,EXPOSED,2023-05-24,POSITIVE,2023-06-10
M008,C0012796,2023-03-06,EXPOSED,2023-06-19,NO_RESPONSE,
M008,C0013191,2023-03-06,EXPOSED,2023-03-08,NO_RESPONSE,
M008,C0014442,2023-03-06,EXPOSED,2023-04-21,NO_RESPONSE,
M008,C0015178,2023-03-06,EXPOSED,2023-05-03,NO_RESPONSE,
M008,C0016795,2023-03-06,EXPOSED,2023-04-11,NO_RESPONSE,
M008,C0018218,2023-03-06,EXPOSED,2023-03-17,NO_RESPONSE,
M008,C0002423,2023-03-07,EXPOSED,2023-03-21,NO_RESPONSE,
M008,C0003405,2023-03-07,EXPOSED,2023-06-08,NO_RESPONSE,
M008,C0003962,2023-03-07,EXPOSED,2023-03-25,NO_RESPONSE,
M008,C0004812,2023-03-07,NOT_EXPOSED,,,
M008,C0005149,2023-03-07,EXPOSED,2023-04-28,NO_RESPONSE,
M008,C0005545,2023-03-07,EXPOSED,2023-04-19,POSITIVE,2023-04-24
M008,C0006437,2023-03-07,NOT_EXPOSED,,,
M008,C0006880,2023-03-07,EXPOSED,2023-04-12,NO_RESPONSE,
M008,C0009016,2023-03-07,EXPOSED,2023-05-06,NO_RESPONSE,
M008,C0010653,2023-03-07,EXPOSED,2023-03-14,NO_RESPONSE,
M008,C0011634,2023-03-07,NOT_EXPOSED,,,
M008,C0011834,2023-03-07,EXPOSED,2023-04-23,NO_RESPONSE,
M008,C0013514,2023-03-07,NOT_EXPOSED,,,
M008,C0014402,2023-03-07,NOT_EXPOSED,,,
M008,C0017315,2023-03-07,EXPOSED,2023-06-01,NO_RESPONSE,
M008,C0018089,2023-03-07,EXPOSED,2023-03-16,NO_RESPONSE,
M008,C0018112,2023-03-07,EXPOSED,2023-05-10,NO_RESPONSE,
M008,C0019899,2023-03-07,EXPOSED,2023-06-07,NO_RESPONSE,
M008,C0002685,2023-03-08,NOT_EXPOSED,,,
M008,C0002722,2023-03-08,EXPOSED,2023-04-10,NEUTRAL,2023-04-14
M008,C0003460,2023-03-08,EXPOSED,2023-04-03,NO_RESPONSE,
M008,C0004302,2023-03-08,EXPOSED,2023-05-07,NO_RESPONSE,
M008,C0004484,2023-03-08,EXPOSED,2023-03-25,NO_RESPONSE,
M008,C0006883,2023-03-08,EXPOSED,2023-04-29,NO_RESPONSE,
M008,C0007143,2023-03-08,EXPOSED,2023-04-10,NO_RESPONSE,
M008,C0007387,2023-03-08,EXPOSED,2023-04-01,NO_RESPONSE,
M008,C0008009,2023-03-08,NOT_EXPOSED,,,
M008,C0011920,2023-03-08,EXPOSED,2023-05-08,NO_RESPONSE,
M008,C0012026,2023-03-08,EXPOSED,2023-05-21,NO_RESPONSE,
M008,C0012623,2023-03-08,EXPOSED,2023-04-28,NO_RESPONSE,
M008,C0012916,2023-03-08,EXPOSED,2023-03-23,NO_RESPONSE,
M008,C0018376,2023-03-08,EXPOSED,2023-05-05,NO_RESPONSE,
M008,C0019633,2023-03-08,EXPOSED,2023-03-27,NO_RESPONSE,
M008,C0019935,2023-03-08,EXPOSED,2023-03-28,NO_RESPONSE,
M008,C0002428,2023-03-09,NOT_EXPOSED,,,
M008,C0003638,2023-03-09,NOT_EXPOSED,,,
M008,C0005209,2023-03-09,EXPOSED,2023-03-21,NO_RESPONSE,
M008,C0009537,2023-03-09,NOT_EXPOSED,,,
M008,C0009916,2023-03-09,EXPOSED,2023-03-29,NO_RESPONSE,
M008,C0010291,2023-03-09,NOT_EXPOSED,,,
M008,C0011689,2023-03-09,NOT_EXPOSED,,,
M008,C0013293,2023-03-09,EXPOSED,2023-03-24,NO_RESPONSE,
M008,C0013637,2023-03-09,EXPOSED,2023-04-15,POSITIVE,2023-04-20
M008,C0014140,2023-03-09,EXPOSED,2023-04-26,NO_RESPONSE,
M008,C0014482,2023-03-09,EXPOSED,2023-06-15,NO_RESPONSE,
M008,C0014500,2023-03-09,EXPOSED,2023-04-10,NO_RESPONSE,
M008,C0018590,2023-03-09,EXPOSED,2023-03-22,NO_RESPONSE,
M008,C0018651,2023-03-09,EXPOSED,2023-05-04,NO_RESPONSE,
M008,C0018767,2023-03-09,NOT_EXPOSED,,,
M008,C0001578,2023-03-10,EXPOSED,2023-05-12,NO_RESPONSE,
M008,C0002592,2023-03-10,EXPOSED,2023-05-17,NO_RESPONSE,
M008,C0002838,2023-03-10,EXPOSED,2023-05-16,NO_RESPONSE,
M008,C0004526,2023-03-10,EXPOSED,2023-03-17,NO_RESPONSE,
M008,C0004660,2023-03-10,EXPOSED,2023-05-09,NO_RESPONSE,
M008,C0005071,2023-03-10,EXPOSED,2023-04-06,NO_RESPONSE,
M008,C0006436,2023-03-10,EXPOSED,2023-05-20,NO_RESPONSE,
M008,C0007100,2023-03-10,EXPOSED,2023-06-20,NO_RESPONSE,
M008,C0007113,2023-03-10,EXPOSED,2023-04-18,NO_RESPONSE,
M008,C0007168,2023-03-10,EXPOSED,2023-06-08,NO_RESPONSE,
M008,C0007772,2023-03-10,EXPOSED,2023-03-25,NO_RESPONSE,
M008,C0008020,2023-03-10,EXPOSED,2023-06-11,NO_RESPONSE,
M008,C0008210,2023-03-10,EXPOSED,2023-04-08,POSITIVE,2023-05-09
M008,C0008968,2023-03-10,NOT_EXPOSED,,,
M008,C0008977,2023-03-10,NOT_EXPOSED,,,
M008,C0009153,2023-03-10,EXPOSED,2023-04-03,NO_RESPONSE,
M008,C0009316,2023-03-10,EXPOSED,2023-03-27,POSITIVE,2023-03-28
M008,C0010079,2023-03-10,EXPOSED,2023-03-13,NO_RESPONSE,
M008,C0010489,2023-03-10,NOT_EXPOSED,,,
M008,C0010842,2023-03-10,EXPOSED,2023-04-14,NO_RESPONSE,
M008,C0011574,2023-03-10,EXPOSED,2023-05-26,NO_RESPONSE,
M008,C0012087,2023-03-10,NOT_EXPOSED,,,
M008,C0014471,2023-03-10,EXPOSED,2023-04-05,NO_RESPONSE,
M008,C0014942,2023-03-10,EXPOSED,2023-05-25,NO_RESPONSE,
M008,C0016988,2023-03-10,EXPOSED,2023-03-23,NO_RESPONSE,
M008,C0018860,2023-03-10,NOT_EXPOSED,,,
M008,C0000113,2023-03-11,EXPOSED,2023-03-30,NO_RESPONSE,
M008,C0001398,2023-03-11,EXPOSED,2023-05-11,NO_RESPONSE,
M008,C0001738,2023-03-11,EXPOSED,2023-03-14,NEUTRAL,2023-03-19
M008,C0001809,2023-03-11,EXPOSED,2023-04-04,NO_RESPONSE,
M008,C0004183,2023-03-11,EXPOSED,2023-03-12,NO_RESPONSE,
M008,C0004698,2023-03-11,EXPOSED,2023-03-18,NO_RESPONSE,
M008,C0009412,2023-03-11,EXPOSED,2023-04-11,NO_RESPONSE,
M008,C0011858,2023-03-11,EXPOSED,2023-04-20,NO_RESPONSE,
M008,C0012618,2023-03-11,EXPOSED,2023-04-01,NO_RESPONSE,
M008,C0013091,2023-03-11,EXPOSED,2023-03-27,NO_RESPONSE,
M008,C0015642,2023-03-11,EXPOSED,2023-04-15,NO_RESPONSE,
M008,C0016529,2023-03-11,EXPOSED,2023-05-10,NO_RESPONSE,
M008,C0018713,2023-03-11,EXPOSED,2023-04-24,NO_RESPONSE,
M008,C0000382,2023-03-12,EXPOSED,2023-04-26,NO_RESPONSE,
M008,C0001672,2023-03-12,EXPOSED,2023-04-06,NO_RESPONSE,
M008,C0001692,2023-03-12,EXPOSED,2023-04-28,NO_RESPONSE,
M008,C0001774,2023-03-12,EXPOSED,2023-03-30,NO_RESPONSE,
M008,C0003843,2023-03-12,EXPOSED,2023-06-17,NEGATIVE,2023-06-29
M008,C0005388,2023-03-12,EXPOSED,2023-04-07,NO_RESPONSE,
M008,C0005408,2023-03-12,EXPOSED,2023-05-10,NO_RESPONSE,
M008,C0005950,2023-03-12,EXPOSED,2023-04-14,NO_RESPONSE,
M008,C0007703,2023-03-12,EXPOSED,2023-04-19,NO_RESPONSE,
M008,C0008714,2023-03-12,EXPOSED,2023-04-01,NO_RESPONSE,
M008,C0009131,2023-03-12,EXPOSED,2023-04-25,POSITIVE,2023-05-02
M008,C0010235,2023-03-12,EXPOSED,2023-05-24,NO_RESPONSE,
M008,C0011280,2023-03-12,EXPOSED,2023-04-29,NO_RESPONSE,
M008,C0012407,2023-03-12,NOT_EXPOSED,,,
M008,C0013103,2023-03-12,EXPOSED,2023-06-06,NO_RESPONSE,
M008,C0013140,2023-03-12,EXPOSED,2023-04-09,NO_RESPONSE,
M008,C0014491,2023-03-12,EXPOSED,2023-06-16,NO_RESPONSE,
M008,C0015100,2023-03-12,EXPOSED,2023-05-06,NO_RESPONSE,
M008,C0015487,2023-03-12,NOT_EXPOSED,,,
M008,C0015878,2023-03-12,EXPOSED,2023-03-23,NO_RESPONSE,
M008,C0017860,2023-03-12,EXPOSED,2023-06-19,NO_RESPONSE,
M008,C0018050,2023-03-12,NOT_EXPOSED,,,
M008,C0018117,2023-03-12,EXPOSED,2023-04-04,NO_RESPONSE,
M008,C0018247,2023-03-12,EXPOSED,2023-06-12,NO_RESPONSE,
M008,C0000567,2023-03-13,EXPOSED,2023-05-07,NO_RESPONSE,
M008,C0001579,2023-03-13,EXPOSED,2023-06-22,NO_RESPONSE,
M008,C0004283,2023-03-13,EXPOSED,2023-05-15,NO_RESPONSE,
M008,C0004464,2023-03-13,NOT_EXPOSED,,,
M008,C0004655,2023-03-13,EXPOSED,2023-04-07,NO_RESPONSE,
M008,C0005344,2023-03-13,EXPOSED,2023-03-28,NO_RESPONSE,
M008,C0006288,2023-03-13,NOT_EXPOSED,,,
M008,C0006545,2023-03-13,NOT_EXPOSED,,,
M008,C0006846,2023-03-13,EXPOSED,2023-05-11,NO_RESPONSE,
M008,C0008511,2023-03-13,NOT_EXPOSED,,,
M008,C0009395,2023-03-13,EXPOSED,2023-03-30,NO_RESPONSE,
M008,C0010233,2023-03-13,EXPOSED,2023-05-09,POSITIVE,2023-05-27
M008,C0010553,2023-03-13,NOT_EXPOSED,,,
M008,C0010676,2023-03-13,EXPOSED,2023-05-05,NO_RESPONSE,
M008,C0011833,2023-03-13,EXPOSED,2023-04-21,NO_RESPONSE,
M008,C0012700,2023-03-13,NOT_EXPOSED,,,
M008,C0016107,2023-03-13,EXPOSED,2023-05-04,NO_RESPONSE,
M008,C0017014,2023-03-13,EXPOSED,2023-04-24,NO_RESPONSE,
M008,C0017845,2023-03-13,EXPOSED,2023-04-26,NO_RESPONSE,
M008,C0000256,2023-03-14,EXPOSED,2023-05-24,NO_RESPONSE,
M008,C0000740,2023-03-14,EXPOSED,2023-05-04,NO_RESPONSE,
M008,C0002693,2023-03-14,EXPOSED,2023-06-01,NO_RESPONSE,
M008,C0003918,2023-03-14,EXPOSED,2023-04-14,NO_RESPONSE,
M008,C0005117,2023-03-14,EXPOSED,2023-03-31,NO_RESPONSE,
M008,C0006823,2023-03-14,EXPOSED,2023-05-14,NO_RESPONSE,
M008,C0007374,2023-03-14,EXPOSED,2023-04-18,NO_RESPONSE,
M008,C0007417,2023-03-14,EXPOSED,2023-04-21,NO_RESPONSE,
M008,C0008487,2023-03-14,EXPOSED,2023-04-16,NO_RESPONSE,
M008,C0009102,2023-03-14,EXPOSED,2023-04-19,POSITIVE,2023-04-30
M008,C0010564,2023-03-14,EXPOSED,2023-05-31,NO_RESPONSE,
M008,C0013925,2023-03-14,EXPOSED,2023-04-12,NO_RESPONSE,
M008,C0014267,2023-03-14,EXPOSED,2023-03-19,NEUTRAL,2023-03-31
M008,C0015812,2023-03-14,NOT_EXPOSED,,,
M008,C0017602,2023-03-14,EXPOSED,2023-03-24,NO_RESPONSE,
M008,C0018170,2023-03-14,EXPOSED,2023-04-23,NO_RESPONSE,
M008,C0000572,2023-03-15,NOT_EXPOSED,,,
M008,C0002236,2023-03-15,EXPOSED,2023-03-24,NO_RESPONSE,
M008,C0003449,2023-03-15,EXPOSED,2023-04-08,NO_RESPONSE,
M008,C0003596,2023-03-15,EXPOSED,2023-06-26,NO_RESPONSE,
M008,C0006291,2023-03-15,EXPOSED,2023-05-18,NO_RESPONSE,
M008,C0007949,2023-03-15,EXPOSED,2023-04-01,NO_RESPONSE,
M008,C0008517,2023-03-15,EXPOSED,2023-05-06,POSITIVE,2023-06-01
M008,C0010158,2023-03-15,EXPOSED,2023-03-27,NO_RESPONSE,
M008,C0010484,2023-03-15,EXPOSED,2023-04-01,NO_RESPONSE,
M008,C0010927,2023-03-15,EXPOSED,2023-05-27,NEUTRAL,2023-06-07
M008,C0011062,2023-03-15,EXPOSED,2023-04-28,NO_RESPONSE,
M008,C0011345,2023-03-15,EXPOSED,2023-03-23,NO_RESPONSE,
M008,C0012046,2023-03-15,EXPOSED,2023-06-09,NO_RESPONSE,
M008,C0012054,2023-03-15,EXPOSED,2023-04-01,NO_RESPONSE,
M008,C0013159,2023-03-15,EXPOSED,2023-04-22,NO_RESPONSE,
M008,C0013951,2023-03-15,EXPOSED,2023-03-30,NO_RESPONSE,
M008,C0014089,2023-03-15,EXPOSED,2023-04-24,NO_RESPONSE,
M008,C0018798,2023-03-15,EXPOSED,2023-05-11,NO_RESPONSE,
M008,C0000681,2023-03-16,EXPOSED,2023-04-21,NO_RESPONSE,
M008,C0000773,2023-03-16,EXPOSED,2023-03-28,NO_RESPONSE,
M008,C0001523,2023-03-16,EXPOSED,2023-05-24,POSITIVE,2023-06-29
M008,C0001830,2023-03-16,EXPOSED,2023-05-12,NO_RESPONSE,
M008,C0001849,2023-03-16,NOT_EXPOSED,,,
M008,C0002153,2023-03-16,EXPOSED,2023-05-09,NEGATIVE,2023-05-23
M008,C0004215,2023-03-16,NOT_EXPOSED,,,
M008,C0004911,2023-03-16,EXPOSED,2023-03-26,NO_RESPONSE,
M008,C0006832,2023-03-16,NOT_EXPOSED,,,
M008,C0009706,2023-03-16,EXPOSED,2023-05-12,NO_RESPONSE,
M008,C0012187,2023-03-16,EXPOSED,2023-03-24,NO_RESPONSE,
M008,C0012705,2023-03-16,EXPOSED,2023-04-07,NO_RESPONSE,
M008,C0014187,2023-03-16,EXPOSED,2023-05-25,NO_RESPONSE,
M008,C0014237,2023-03-16,EXPOSED,2023-05-18,NO_RESPONSE,
M008,C0014737,2023-03-16,EXPOSED,2023-04-14,NO_RESPONSE,
M008,C0015179,2023-03-16,EXPOSED,2023-03-20,POSITIVE,2023-03-30
M008,C0015807,2023-03-16,EXPOSED,2023-05-29,NO_RESPONSE,
M008,C0016232,2023-03-16,EXPOSED,2023-04-12,NEUTRAL,2023-05-02
M008,C0016272,2023-03-16,NOT_EXPOSED,,,
M008,C0016567,2023-03-16,NOT_EXPOSED,,,
M008,C0016749,2023-03-16,EXPOSED,2023-04-18,NO_RESPONSE,
M008,C0017662,2023-03-16,EXPOSED,2023-03-16,NO_RESPONSE,
M008,C0018865,2023-03-16,EXPOSED,2023-05-30,NO_RESPONSE,
M008,C0000226,2023-03-17,EXPOSED,2023-05-13,NO_RESPONSE,
M008,C0000643,2023-03-17,EXPOSED,2023-05-21,NO_RESPONSE,
M008,C0001317,2023-03-17,EXPOSED,2023-05-17,NO_RESPONSE,
M008,C0003844,2023-03-17,EXPOSED,2023-04-24,NO_RESPONSE,
M008,C0004650,2023-03-17,EXPOSED,2023-05-22,POSITIVE,2023-05-26
M008,C0004862,2023-03-17,EXPOSED,2023-03-30,NO_RESPONSE,
M008,C0005424,2023-03-17,EXPOSED,2023-06-27,NO_RESPONSE,
M008,C0007274,2023-03-17,EXPOSED,2023-04-22,NO_RESPONSE,
M008,C0007874,2023-03-17,EXPOSED,2023-04-14,NO_RESPONSE,
M008,C0010508,2023-03-17,EXPOSED,2023-04-09,NO_RESPONSE,
M008,C0014709,2023-03-17,EXPOSED,2023-04-29,NO_RESPONSE,
M008,C0016784,2023-03-17,NOT_EXPOSED,,,
M008,C0016856,2023-03-17,NOT_EXPOSED,,,
M008,C0018724,2023-03-17,EXPOSED,2023-04-27,NO_RESPONSE,
M008,C0018866,2023-03-17,EXPOSED,2023-04-07,NO_RESPONSE,
M008,C0019884,2023-03-17,EXPOSED,2023-04-20,NO_RESPONSE,
M008,C0000500,2023-03-18,EXPOSED,2023-04-04,NO_RESPONSE,
M008,C0000817,2023-03-18,EXPOSED,2023-05-25,NO_RESPONSE,
M008,C0002520,2023-03-18,EXPOSED,2023-04-05,NO_RESPONSE,
M008,C0003079,2023-03-18,EXPOSED,2023-05-10,NO_RESPONSE,
M008,C0003743,2023-03-18,EXPOSED,2023-04-09,NO_RESPONSE,
M008,C0006790,2023-03-18,EXPOSED,2023-06-15,POSITIVE,2023-06-21
M008,C0006980,2023-03-18,EXPOSED,2023-03-26,NO_RESPONSE,
M008,C0007923,2023-03-18,EXPOSED,2023-03-29,NO_RESPONSE,
M008,C0008047,2023-03-18,NOT_EXPOSED,,,
M008,C0009993,2023-03-18,EXPOSED,2023-04-18,NO_RESPONSE,
M008,C0010587,2023-03-18,EXPOSED,2023-04-21,NO_RESPONSE,
M008,C0012119,2023-03-18,EXPOSED,2023-05-14,NO_RESPONSE,
M008,C0012554,2023-03-18,EXPOSED,2023-06-13,NO_RESPONSE,
M008,C0012781,2023-03-18,EXPOSED,2023-04-09,NO_RESPONSE,
M008,C0013093,2023-03-18,EXPOSED,2023-06-07,NO_RESPONSE,
M008,C0013187,2023-03-18,EXPOSED,2023-04-11,NO_RESPONSE,
M008,C0013238,2023-03-18,EXPOSED,2023-05-27,NO_RESPONSE,
M008,C0013495,2023-03-18,EXPOSED,2023-04-15,NO_RESPONSE,
M008,C0013818,2023-03-18,EXPOSED,2023-05-20,NO_RESPONSE,
M008,C0016130,2023-03-18,EXPOSED,2023-06-01,POSITIVE,2023-06-08
M008,C0017539,2023-03-18,EXPOSED,2023-05-06,NEGATIVE,2023-05-22
M008,C0019411,2023-03-18,EXPOSED,2023-04-23,NO_RESPONSE,
M008,C0000809,2023-03-19,EXPOSED,2023-03-26,NO_RESPONSE,
M008,C0002589,2023-03-19,EXPOSED,2023-05-01,NO_RESPONSE,
M008,C0005490,2023-03-19,NOT_EXPOSED,,,
M008,C0005960,2023-03-19,EXPOSED,2023-04-20,NO_RESPONSE,
M008,C0007192,2023-03-19,EXPOSED,2023-04-24,NO_RESPONSE,
M008,C0008137,2023-03-19,EXPOSED,2023-04-24,NO_RESPONSE,
M008,C0008317,2023-03-19,EXPOSED,2023-04-29,NO_RESPONSE,
M008,C0008341,2023-03-19,EXPOSED,2023-04-21,NO_RESPONSE,
M008,C0009269,2023-03-19,EXPOSED,2023-04-20,NO_RESPONSE,
M008,C0010851,2023-03-19,EXPOSED,2023-06-15,NO_RESPONSE,
M008,C0011762,2023-03-19,NOT_EXPOSED,,,
M008,C0012902,2023-03-19,EXPOSED,2023-05-31,NO_RESPONSE,
M008,C0014576,2023-03-19,EXPOSED,2023-05-25,NO_RESPONSE,
M008,C0015364,2023-03-19,NOT_EXPOSED,,,
M008,C0015391,2023-03-19,EXPOSED,2023-04-25,POSITIVE,2023-05-12
M008,C0015999,2023-03-19,EXPOSED,2023-04-12,NO_RESPONSE,
M008,C0016146,2023-03-19,NOT_EXPOSED,,,
M008,C0016602,2023-03-19,EXPOSED,2023-04-18,NO_RESPONSE,
M008,C0017191,2023-03-19,EXPOSED,2023-04-02,NO_RESPONSE,
M008,C0018051,2023-03-19,EXPOSED,2023-05-06,NO_RESPONSE,
M008,C0000294,2023-03-20,EXPOSED,2023-04-05,NO_RESPONSE,
M008,C0003381,2023-03-20,NOT_EXPOSED,,,
M008,C0003941,2023-03-20,EXPOSED,2023-05-06,NO_RESPONSE,
M008,C0004549,2023-03-20,EXPOSED,2023-04-06,NO_RESPONSE,
M008,C0005004,2023-03-20,EXPOSED,2023-05-14,NO_RESPONSE,
M008,C0006049,2023-03-20,EXPOSED,2023-04-11,NO_RESPONSE,
M008,C0008184,2023-03-20,EXPOSED,2023-04-11,NO_RESPONSE,
M008,C0008993,2023-03-20,EXPOSED,2023-03-26,NO_RESPONSE,
M008,C0009692,2023-03-20,NOT_EXPOSED,,,
M008,C0010323,2023-03-20,EXPOSED,2023-04-23,NO_RESPONSE,
M008,C0010684,2023-03-20,EXPOSED,2023-04-06,NO_RESPONSE,
M008,C0011430,2023-03-20,EXPOSED,2023-04-27,NO_RESPONSE,
M008,C0011517,2023-03-20,EXPOSED,2023-05-22,NO_RESPONSE,
M008,C0011853,2023-03-20,EXPOSED,2023-05-18,NO_RESPONSE,
M008,C0012106,2023-03-20,EXPOSED,2023-05-21,NO_RESPONSE,
M008,C0012791,2023-03-20,EXPOSED,2023-05-26,NO_RESPONSE,
M008,C0012982,2023-03-20,NOT_EXPOSED,,,
M008,C0012992,2023-03-20,EXPOSED,2023-05-17,NO_RESPONSE,
M008,C0013758,2023-03-20,EXPOSED,2023-03-24,NO_RESPONSE,
M008,C0013788,2023-03-20,EXPOSED,2023-05-22,NO_RESPONSE,
M008,C0014572,2023-03-20,EXPOSED,2023-04-24,NO_RESPONSE,
M008,C0014575,2023-03-20,EXPOSED,2023-03-24,NO_RESPONSE,
M008,C0014708,2023-03-20,EXPOSED,2023-04-29,NEUTRAL,2023-05-07
M008,C0016786,2023-03-20,EXPOSED,2023-04-05,NO_RESPONSE,
M008,C0017071,2023-03-20,EXPOSED,2023-03-31,NO_RESPONSE,
M008,C0018734,2023-03-20,EXPOSED,2023-03-24,NO_RESPONSE,
M008,C0000615,2023-03-21,EXPOSED,2023-04-10,NO_RESPONSE,
M008,C0000709,2023-03-21,EXPOSED,2023-04-29,NO_RESPONSE,
M008,C0001485,2023-03-21,EXPOSED,2023-04-22,NO_RESPONSE,
M008,C0002688,2023-03-21,EXPOSED,2023-04-28,NO_RESPONSE,
M008,C0003249,2023-03-21,EXPOSED,2023-04-08,NO_RESPONSE,
M008,C0003547,2023-03-21,NOT_EXPOSED,,,
M008,C0004525,2023-03-21,EXPOSED,2023-05-31,NO_RESPONSE,
M008,C0004950,2023-03-21,EXPOSED,2023-04-03,NO_RESPONSE,
M008,C0005131,2023-03-21,EXPOSED,2023-05-09,NO_RESPONSE,
M008,C0006162,2023-03-21,EXPOSED,2023-05-13,NO_RESPONSE,
M008,C0008838,2023-03-21,EXPOSED,2023-04-21,NO_RESPONSE,
M008,C0008864,2023-03-21,EXPOSED,2023-04-17,NO_RESPONSE,
M008,C0009659,2023-03-21,EXPOSED,2023-05-04,NO_RESPONSE,
M008,C0010961,2023-03-21,EXPOSED,2023-05-08,NO_RESPONSE,
M008,C0011069,2023-03-21,EXPOSED,2023-04-12,NO_RESPONSE,
M008,C0011637,2023-03-21,EXPOSED,2023-05-25,NO_RESPONSE,
M008,C0013205,2023-03-21,EXPOSED,2023-04-30,NO_RESPONSE,
M008,C0015614,2023-03-21,EXPOSED,2023-05-26,NO_RESPONSE,
M008,C0016303,2023-03-21,EXPOSED,2023-04-05,NO_RESPONSE,
M008,C0016990,2023-03-21,EXPOSED,2023-03-30,NO_RESPONSE,
M008,C0017772,2023-03-21,EXPOSED,2023-05-15,NO_RESPONSE,
M008,C0018104,2023-03-21,EXPOSED,2023-06-02,NO_RESPONSE,
M008,C0019609,2023-03-21,EXPOSED,2023-04-16,NO_RESPONSE,
M008,C0001258,2023-03-22,EXPOSED,2023-04-22,NO_RESPONSE,
M008,C0002399,2023-03-22,EXPOSED,2023-05-07,NO_RESPONSE,
M008,C0003228,2023-03-22,EXPOSED,2023-04-26,POSITIVE,2023-05-17
M008,C0004772,2023-03-22,NOT_EXPOSED,,,
M008,C0005021,2023-03-22,NOT_EXPOSED,,,
M008,C0005271,2023-03-22,NOT_EXPOSED,,,
M008,C0005985,2023-03-22,EXPOSED,2023-04-23,NO_RESPONSE,
M008,C0006476,2023-03-22,EXPOSED,2023-04-09,NO_RESPONSE,
M008,C0006954,2023-03-22,EXPOSED,2023-04-12,NO_RESPONSE,
M008,C0007393,2023-03-22,EXPOSED,2023-05-05,NO_RESPONSE,
M008,C0007595,2023-03-22,EXPOSED,2023-03-25,NO_RESPONSE,
M008,C0008274,2023-03-22,EXPOSED,2023-04-21,NO_RESPONSE,
M008,C0010341,2023-03-22,EXPOSED,2023-05-27,NO_RESPONSE,
M008,C0010477,2023-03-22,EXPOSED,2023-04-29,POSITIVE,2023-05-01
M008,C0013060,2023-03-22,EXPOSED,2023-03-25,NO_RESPONSE,
M008,C0014302,2023-03-22,NOT_EXPOSED,,,
M008,C0014882,2023-03-22,NOT_EXPOSED,,,
M008,C0014952,2023-03-22,NOT_EXPOSED,,,
M008,C0015320,2023-03-22,NOT_EXPOSED,,,
M008,C0016183,2023-03-22,NOT_EXPOSED,,,
M008,C0016666,2023-03-22,EXPOSED,2023-05-07,NO_RESPONSE,
M008,C0016872,2023-03-22,EXPOSED,2023-04-29,NO_RESPONSE,
M008,C0017719,2023-03-22,EXPOSED,2023-03-30,NO_RESPONSE,
M008,C0018592,2023-03-22,EXPOSED,2023-06-13,NO_RESPONSE,
M008,C0000387,2023-03-23,EXPOSED,2023-05-02,NO_RESPONSE,
M008,C0000879,2023-03-23,EXPOSED,2023-04-03,NO_RESPONSE,
M008,C0001391,2023-03-23,EXPOSED,2023-03-25,NO_RESPONSE,
M008,C0001670,2023-03-23,EXPOSED,2023-04-24,NO_RESPONSE,
M008,C0001872,2023-03-23,EXPOSED,2023-04-18,NO_RESPONSE,
M008,C0002264,2023-03-23,EXPOSED,2023-04-15,NO_RESPONSE,
M008,C0002288,2023-03-23,NOT_EXPOSED,,,
M008,C0002643,2023-03-23,NOT_EXPOSED,,,
M008,C0003057,2023-03-23,NOT_EXPOSED,,,
M008,C0003928,2023-03-23,EXPOSED,2023-04-28,NO_RESPONSE,
M008,C0004539,2023-03-23,EXPOSED,2023-04-18,NEUTRAL,2023-04-20
M008,C0004952,2023-03-23,EXPOSED,2023-04-08,POSITIVE,2023-04-28
M008,C0005217,2023-03-23,EXPOSED,2023-04-20,NO_RESPONSE,
M008,C0005370,2023-03-23,NOT_EXPOSED,,,
M008,C0006182,2023-03-23,EXPOSED,2023-05-12,NO_RESPONSE,
M008,C0006188,2023-03-23,EXPOSED,2023-05-17,NO_RESPONSE,
M008,C0006886,2023-03-23,EXPOSED,2023-04-08,NO_RESPONSE,
M008,C0009730,2023-03-23,EXPOSED,2023-05-11,NO_RESPONSE,
M008,C0009937,2023-03-23,EXPOSED,2023-04-12,NO_RESPONSE,
M008,C0010391,2023-03-23,EXPOSED,2023-06-07,NO_RESPONSE,
M008,C0011174,2023-03-23,EXPOSED,2023-04-17,NO_RESPONSE,
M008,C0011210,2023-03-23,EXPOSED,2023-03-30,NO_RESPONSE,
M008,C0011603,2023-03-23,EXPOSED,2023-03-27,NO_RESPONSE,
M008,C0012362,2023-03-23,EXPOSED,2023-05-14,NO_RESPONSE,
M008,C0012604,2023-03-23,NOT_EXPOSED,,,
M008,C0013241,2023-03-23,EXPOSED,2023-04-14,NO_RESPONSE,
M008,C0013887,2023-03-23,EXPOSED,2023-04-25,POSITIVE,2023-05-03
M008,C0014268,2023-03-23,EXPOSED,2023-04-15,NO_RESPONSE,
M008,C0014566,2023-03-23,EXPOSED,2023-04-22,POSITIVE,2023-05-09
M008,C0014604,2023-03-23,EXPOSED,2023-03-26,NO_RESPONSE,
M008,C0018126,2023-03-23,EXPOSED,2023-05-11,NO_RESPONSE,
M008,C0018596,2023-03-23,EXPOSED,2023-04-18,NO_RESPONSE,
M008,C0019301,2023-03-23,EXPOSED,2023-04-17,NO_RESPONSE,
M008,C0000645,2023-03-24,EXPOSED,2023-04-20,NO_RESPONSE,
M008,C0002774,2023-03-24,EXPOSED,2023-05-04,NO_RESPONSE,
M008,C0003137,2023-03-24,EXPOSED,2023-05-21,NO_RESPONSE,
M008,C0005087,2023-03-24,EXPOSED,2023-03-31,POSITIVE,2023-04-07
M008,C0005126,2023-03-24,EXPOSED,2023-04-08,NO_RESPONSE,
M008,C0007807,2023-03-24,EXPOSED,2023-05-21,NEUTRAL,2023-05-25
M008,C0008140,2023-03-24,EXPOSED,2023-05-20,NEGATIVE,2023-06-01
M008,C0010999,2023-03-24,EXPOSED,2023-05-15,NO_RESPONSE,
M008,C0011753,2023-03-24,EXPOSED,2023-05-19,NO_RESPONSE,
M008,C0011896,2023-03-24,EXPOSED,2023-04-14,NO_RESPONSE,
M008,C0012740,2023-03-24,NOT_EXPOSED,,,
M008,C0013876,2023-03-24,EXPOSED,2023-04-05,NO_RESPONSE,
M008,C0014031,2023-03-24,EXPOSED,2023-05-05,NEUTRAL,2023-05-16
M008,C0014435,2023-03-24,EXPOSED,2023-04-07,NO_RESPONSE,
M008,C0016458,2023-03-24,EXPOSED,2023-05-01,NO_RESPONSE,
M008,C0017645,2023-03-24,EXPOSED,2023-04-20,NO_RESPONSE,
M008,C0018857,2023-03-24,NOT_EXPOSED,,,
M008,C0001120,2023-03-25,NOT_EXPOSED,,,
M008,C0002125,2023-03-25,EXPOSED,2023-04-07,NO_RESPONSE,
M008,C0002255,2023-03-25,EXPOSED,2023-03-28,NO_RESPONSE,
M008,C0004628,2023-03-25,EXPOSED,2023-06-14,NEUTRAL,2023-07-07
M008,C0007793,2023-03-25,NOT_EXPOSED,,,
M008,C0007864,2023-03-25,EXPOSED,2023-04-25,NO_RESPONSE,
M008,C0007951,2023-03-25,EXPOSED,2023-04-10,NO_RESPONSE,
M008,C0012436,2023-03-25,EXPOSED,2023-04-29,NO_RESPONSE,
M008,C0013076,2023-03-25,EXPOSED,2023-04-28,NO_RESPONSE,
M008,C0013341,2023-03-25,NOT_EXPOSED,,,
M008,C0013940,2023-03-25,EXPOSED,2023-05-25,NO_RESPONSE,
M008,C0014424,2023-03-25,EXPOSED,2023-05-03,NO_RESPONSE,
M008,C0014434,2023-03-25,EXPOSED,2023-06-12,NO_RESPONSE,
M008,C0015028,2023-03-25,EXPOSED,2023-06-01,NO_RESPONSE,
M008,C0016401,2023-03-25,EXPOSED,2023-05-09,NO_RESPONSE,
M008,C0017243,2023-03-25,EXPOSED,2023-04-22,NO_RESPONSE,
M008,C0017968,2023-03-25,EXPOSED,2023-05-25,NO_RESPONSE,
M008,C0019319,2023-03-25,EXPOSED,2023-05-18,NO_RESPONSE,
M008,C0001052,2023-03-26,EXPOSED,2023-06-04,NO_RESPONSE,
M008,C0001624,2023-03-26,NOT_EXPOSED,,,
M008,C0004675,2023-03-26,EXPOSED,2023-04-12,NO_RESPONSE,
M008,C0005092,2023-03-26,EXPOSED,2023-04-04,NEUTRAL,2023-04-24
M008,C0007730,2023-03-26,EXPOSED,2023-03-27,NO_RESPONSE,
M008,C0008539,2023-03-26,EXPOSED,2023-06-01,POSITIVE,2023-06-23
M008,C0009048,2023-03-26,EXPOSED,2023-04-21,NO_RESPONSE,
M008,C0009380,2023-03-26,EXPOSED,2023-05-16,NO_RESPONSE,
M008,C0010448,2023-03-26,EXPOSED,2023-04-17,NO_RESPONSE,
M008,C0010628,2023-03-26,EXPOSED,2023-04-26,NO_RESPONSE,
M008,C0010633,2023-03-26,EXPOSED,2023-05-26,NO_RESPONSE,
M008,C0011183,2023-03-26,EXPOSED,2023-06-01,NO_RESPONSE,
M008,C0011206,2023-03-26,EXPOSED,2023-04-29,NO_RESPONSE,
M008,C0011894,2023-03-26,EXPOSED,2023-04-26,NO_RESPONSE,
M008,C0012127,2023-03-26,EXPOSED,2023-05-15,NO_RESPONSE,
M008,C0013472,2023-03-26,EXPOSED,2023-04-14,POSITIVE,2023-04-18
M008,C0014387,2023-03-26,EXPOSED,2023-03-26,NO_RESPONSE,
M008,C0015623,2023-03-26,EXPOSED,2023-04-19,NO_RESPONSE,
M008,C0017852,2023-03-26,NOT_EXPOSED,,,
M008,C0019556,2023-03-26,EXPOSED,2023-04-18,NEUTRAL,2023-04-23
M008,C0019687,2023-03-26,EXPOSED,2023-03-28,NO_RESPONSE,
M008,C0000163,2023-03-27,EXPOSED,2023-04-05,NO_RESPONSE,
M008,C0000338,2023-03-27,EXPOSED,2023-05-23,NO_RESPONSE,
M008,C0000876,2023-03-27,EXPOSED,2023-06-03,NO_RESPONSE,
M008,C0000914,2023-03-27,NOT_EXPOSED,,,
M008,C0001864,2023-03-27,EXPOSED,2023-05-12,NO_RESPONSE,
M008,C0002356,2023-03-27,EXPOSED,2023-04-07,NO_RESPONSE,
M008,C0003282,2023-03-27,EXPOSED,2023-04-11,NO_RESPONSE,
M008,C0003390,2023-03-27,EXPOSED,2023-05-01,NO_RESPONSE,
M008,C0004371,2023-03-27,EXPOSED,2023-05-14,NO_RESPONSE,
M008,C0004436,2023-03-27,EXPOSED,2023-04-27,NO_RESPONSE,
M008,C0004708,2023-03-27,EXPOSED,2023-04-06,NO_RESPONSE,
M008,C0005317,2023-03-27,EXPOSED,2023-04-24,NO_RESPONSE,
M008,C0006376,2023-03-27,NOT_EXPOSED,,,
M008,C0006378,2023-03-27,EXPOSED,2023-05-15,NO_RESPONSE,
M008,C0006447,2023-03-27,EXPOSED,2023-04-16,NEUTRAL,2023-05-20
M008,C0008178,2023-03-27,EXPOSED,2023-05-25,NO_RESPONSE,
M008,C0008577,2023-03-27,EXPOSED,2023-03-29,NO_RESPONSE,
M008,C0010687,2023-03-27,EXPOSED,2023-04-09,NO_RESPONSE,
M008,C0010933,2023-03-27,EXPOSED,2023-05-10,NO_RESPONSE,
M008,C0011512,2023-03-27,EXPOSED,2023-04-13,NO_RESPONSE,
M008,C0011706,2023-03-27,EXPOSED,2023-04-11,NO_RESPONSE,
M008,C0011958,2023-03-27,EXPOSED,2023-04-03,POSITIVE,2023-05-01
M008,C0012297,2023-03-27,EXPOSED,2023-04-19,NO_RESPONSE,
M008,C0013088,2023-03-27,EXPOSED,2023-05-31,POSITIVE,2023-06-25
M008,C0014707,2023-03-27,EXPOSED,2023-05-06,POSITIVE,2023-05-11
M008,C0015952,2023-03-27,EXPOSED,2023-05-15,NO_RESPONSE,
M008,C0016334,2023-03-27,EXPOSED,2023-04-03,NO_RESPONSE,
M008,C0016391,2023-03-27,EXPOSED,2023-04-03,NEUTRAL,2023-04-04
M008,C0017123,2023-03-27,EXPOSED,2023-04-13,NO_RESPONSE,
M008,C0017979,2023-03-27,EXPOSED,2023-05-05,NO_RESPONSE,
M008,C0019535,2023-03-27,EXPOSED,2023-04-18,NO_RESPONSE,
M008,C0001016,2023-03-28,EXPOSED,2023-04-13,NO_RESPONSE,
M008,C0001892,2023-03-28,EXPOSED,2023-05-26,NO_RESPONSE,
M008,C0003459,2023-03-28,EXPOSED,2023-04-01,NO_RESPONSE,
M008,C0004089,2023-03-28,EXPOSED,2023-05-22,NO_RESPONSE,
M008,C0004459,2023-03-28,EXPOSED,2023-05-18,NO_RESPONSE,
M008,C0004747,2023-03-28,NOT_EXPOSED,,,
M008,C0004880,2023-03-28,EXPOSED,2023-05-10,NO_RESPONSE,
M008,C0005530,2023-03-28,NOT_EXPOSED,,,
M008,C0006484,2023-03-28,EXPOSED,2023-04-28,NEGATIVE,2023-05-06
M008,C0007339,2023-03-28,EXPOSED,2023-05-31,NO_RESPONSE,
M008,C0008276,2023-03-28,NOT_EXPOSED,,,
M008,C0009871,2023-03-28,NOT_EXPOSED,,,
M008,C0010055,2023-03-28,EXPOSED,2023-05-08,NO_RESPONSE,
M008,C0010208,2023-03-28,NOT_EXPOSED,,,
M008,C0010515,2023-03-28,EXPOSED,2023-05-23,NO_RESPONSE,
M008,C0012464,2023-03-28,EXPOSED,2023-04-16,NO_RESPONSE,
M008,C0012488,2023-03-28,EXPOSED,2023-05-11,NO_RESPONSE,
M008,C0013717,2023-03-28,NOT_EXPOSED,,,
M008,C0014783,2023-03-28,EXPOSED,2023-04-09,NO_RESPONSE,
M008,C0017091,2023-03-28,EXPOSED,2023-06-07,POSITIVE,2023-06-16
M008,C0019659,2023-03-28,EXPOSED,2023-06-02,NO_RESPONSE,
M008,C0019857,2023-03-28,NOT_EXPOSED,,,
M008,C0000112,2023-03-29,EXPOSED,2023-06-26,NEUTRAL,2023-06-30
M008,C0001024,2023-03-29,EXPOSED,2023-04-19,NO_RESPONSE,
M008,C0003159,2023-03-29,EXPOSED,2023-05-14,NO_RESPONSE,
M008,C0004981,2023-03-29,EXPOSED,2023-04-20,NEGATIVE,2023-05-12
M008,C0005147,2023-03-29,EXPOSED,2023-05-12,POSITIVE,2023-05-22
M008,C0005361,2023-03-29,EXPOSED,2023-05-03,NO_RESPONSE,
M008,C0006311,2023-03-29,EXPOSED,2023-05-20,NO_RESPONSE,
M008,C0006332,2023-03-29,EXPOSED,2023-05-02,NO_RESPONSE,
M008,C0007396,2023-03-29,EXPOSED,2023-04-04,NO_RESPONSE,
M008,C0007399,2023-03-29,EXPOSED,2023-04-08,NO_RESPONSE,
M008,C0007415,2023-03-29,EXPOSED,2023-04-29,NO_RESPONSE,
M008,C0007678,2023-03-29,EXPOSED,2023-06-07,NO_RESPONSE,
M008,C0010602,2023-03-29,EXPOSED,2023-04-23,NO_RESPONSE,
M008,C0011346,2023-03-29,NOT_EXPOSED,,,
M008,C0011874,2023-03-29,EXPOSED,2023-04-23,NO_RESPONSE,
M008,C0011919,2023-03-29,EXPOSED,2023-04-05,NO_RESPONSE,
M008,C0012920,2023-03-29,EXPOSED,2023-05-10,POSITIVE,2023-05-23
M008,C0014192,2023-03-29,NOT_EXPOSED,,,
M008,C0014227,2023-03-29,EXPOSED,2023-05-21,NO_RESPONSE,
M008,C0015099,2023-03-29,EXPOSED,2023-04-15,NEUTRAL,2023-04-23
M008,C0015217,2023-03-29,EXPOSED,2023-05-16,NO_RESPONSE,
M008,C0015294,2023-03-29,NOT_EXPOSED,,,
M008,C0016276,2023-03-29,NOT_EXPOSED,,,
M008,C0016415,2023-03-29,EXPOSED,2023-05-13,NO_RESPONSE,
M008,C0016532,2023-03-29,EXPOSED,2023-04-26,NO_RESPONSE,
M008,C0017147,2023-03-29,EXPOSED,2023-04-17,NO_RESPONSE,
M008,C0000284,2023-03-30,EXPOSED,2023-06-01,NO_RESPONSE,
M008,C0000533,2023-03-30,EXPOSED,2023-05-05,NO_RESPONSE,
M008,C0001247,2023-03-30,EXPOSED,2023-06-04,NO_RESPONSE,
M008,C0001844,2023-03-30,EXPOSED,2023-04-11,NO_RESPONSE,
M008,C0002964,2023-03-30,EXPOSED,2023-04-30,NO_RESPONSE,
M008,C0003503,2023-03-30,NOT_EXPOSED,,,
M008,C0003765,2023-03-30,EXPOSED,2023-04-27,NEGATIVE,2023-05-03
M008,C0003817,2023-03-30,EXPOSED,2023-04-09,NO_RESPONSE,
M008,C0004446,2023-03-30,EXPOSED,2023-05-04,NEUTRAL,2023-05-09
M008,C0004558,2023-03-30,EXPOSED,2023-04-08,NO_RESPONSE,
M008,C0005650,2023-03-30,NOT_EXPOSED,,,
M008,C0007929,2023-03-30,EXPOSED,2023-06-15,NO_RESPONSE,
M008,C0008637,2023-03-30,EXPOSED,2023-04-13,NO_RESPONSE,
M008,C0010928,2023-03-30,EXPOSED,2023-06-11,NO_RESPONSE,
M008,C0017245,2023-03-30,EXPOSED,2023-04-21,NO_RESPONSE,
M008,C0018346,2023-03-30,NOT_EXPOSED,,,
M008,C0018569,2023-03-30,EXPOSED,2023-04-20,POSITIVE,2023-05-04
M008,C0019424,2023-03-30,NOT_EXPOSED,,,
M008,C0019895,2023-03-30,NOT_EXPOSED,,,
M008,C0000178,2023-03-31,EXPOSED,2023-05-17,NO_RESPONSE,
M008,C0002475,2023-03-31,EXPOSED,2023-05-16,NO_RESPONSE,
M008,C0002805,2023-03-31,EXPOSED,2023-05-29,NO_RESPONSE,
M008,C0006053,2023-03-31,EXPOSED,2023-05-26,NO_RESPONSE,
M008,C0006855,2023-03-31,NOT_EXPOSED,,,
M008,C0007481,2023-03-31,NOT_EXPOSED,,,
M008,C0008389,2023-03-31,EXPOSED,2023-03-31,NO_RESPONSE,
M008,C0008857,2023-03-31,NOT_EXPOSED,,,
M008,C0008941,2023-03-31,EXPOSED,2023-04-01,NO_RESPONSE,
M008,C0009814,2023-03-31,EXPOSED,2023-05-29,NO_RESPONSE,
M008,C0011971,2023-03-31,EXPOSED,2023-05-08,NO_RESPONSE,
M008,C0014229,2023-03-31,EXPOSED,2023-06-04,NO_RESPONSE,
M008,C0015656,2023-03-31,EXPOSED,2023-05-04,NO_RESPONSE,
M008,C0017866,2023-03-31,NOT_EXPOSED,,,
M008,C0019653,2023-03-31,EXPOSED,2023-04-15,NO_RESPONSE,
M008,C0019888,2023-03-31,EXPOSED,2023-05-13,NO_RESPONSE,
M008,C0000260,2023-04-01,EXPOSED,2023-04-14,NO_RESPONSE,
M008,C0000442,2023-04-01,NOT_EXPOSED,,,
M008,C0004630,2023-04-01,EXPOSED,2023-04-25,NO_RESPONSE,
M008,C0006316,2023-04-01,EXPOSED,2023-05-22,NO_RESPONSE,
M008,C0007345,2023-04-01,EXPOSED,2023-04-19,NO_RESPONSE,
M008,C0008604,2023-04-01,EXPOSED,2023-05-18,NO_RESPONSE,
M008,C0009361,2023-04-01,EXPOSED,2023-04-14,NO_RESPONSE,
M008,C0009534,2023-04-01,EXPOSED,2023-05-09,NO_RESPONSE,
M008,C0009575,2023-04-01,EXPOSED,2023-05-14,NO_RESPONSE,
M008,C0012237,2023-04-01,EXPOSED,2023-04-25,NO_RESPONSE,
M008,C0012279,2023-04-01,EXPOSED,2023-04-24,NO_RESPONSE,
M008,C0012823,2023-04-01,EXPOSED,2023-04-11,NO_RESPONSE,
M008,C0013683,2023-04-01,EXPOSED,2023-04-16,NEGATIVE,2023-05-01
M008,C0014353,2023-04-01,EXPOSED,2023-04-16,NO_RESPONSE,
M008,C0014511,2023-04-01,EXPOSED,2023-04-29,NO_RESPONSE,
M008,C0014535,2023-04-01,NOT_EXPOSED,,,
M008,C0014973,2023-04-01,EXPOSED,2023-04-24,NO_RESPONSE,
M008,C0015025,2023-04-01,EXPOSED,2023-04-25,NO_RESPONSE,
M008,C0016560,2023-04-01,NOT_EXPOSED,,,
M008,C0017833,2023-04-01,EXPOSED,2023-04-18,NO_RESPONSE,
M008,C0018048,2023-04-01,NOT_EXPOSED,,,
M008,C0018481,2023-04-01,NOT_EXPOSED,,,
M008,C0018785,2023-04-01,NOT_EXPOSED,,,
M008,C0018854,2023-04-01,EXPOSED,2023-05-23,NO_RESPONSE,
M008,C0019094,2023-04-01,EXPOSED,2023-06-11,NO_RESPONSE,
M008,C0019354,2023-04-01,EXPOSED,2023-06-15,NO_RESPONSE,
M008,C0019784,2023-04-01,EXPOSED,2023-04-13,NEGATIVE,2023-04-17
M008,C0019886,2023-04-01,EXPOSED,2023-04-07,NO_RESPONSE,
M008,C0000670,2023-04-02,EXPOSED,2023-04-15,NO_RESPONSE,
M008,C0000731,2023-04-02,EXPOSED,2023-05-30,NO_RESPONSE,
M008,C0001000,2023-04-02,EXPOSED,2023-04-12,NO_RESPONSE,
M008,C0001017,2023-04-02,NOT_EXPOSED,,,
M008,C0002427,2023-04-02,EXPOSED,2023-05-07,NO_RESPONSE,
M008,C0002483,2023-04-02,EXPOSED,2023-05-05,NO_RESPONSE,
M008,C0002703,2023-04-02,NOT_EXPOSED,,,
M008,C0002802,2023-04-02,EXPOSED,2023-06-20,NO_RESPONSE,
M008,C0003098,2023-04-02,EXPOSED,2023-04-22,NO_RESPONSE,
M008,C0004329,2023-04-02,EXPOSED,2023-04-25,NO_RESPONSE,
M008,C0004798,2023-04-02,EXPOSED,2023-06-13,NO_RESPONSE,
M008,C0006639,2023-04-02,NOT_EXPOSED,,,
M008,C0006692,2023-04-02,EXPOSED,2023-05-10,NO_RESPONSE,
M008,C0008663,2023-04-02,EXPOSED,2023-04-11,NO_RESPONSE,
M008,C0010046,2023-04-02,EXPOSED,2023-05-11,NO_RESPONSE,
M008,C0010752,2023-04-02,NOT_EXPOSED,,,
M008,C0011318,2023-04-02,EXPOSED,2023-04-08,NO_RESPONSE,
M008,C0013123,2023-04-02,EXPOSED,2023-04-29,NO_RESPONSE,
M008,C0013351,2023-04-02,EXPOSED,2023-05-09,NO_RESPONSE,
M008,C0013677,2023-04-02,EXPOSED,2023-05-17,NO_RESPONSE,
M008,C0014336,2023-04-02,EXPOSED,2023-05-07,NO_RESPONSE,
M008,C0015737,2023-04-02,EXPOSED,2023-04-21,POSITIVE,2023-04-26
M008,C0015993,2023-04-02,EXPOSED,2023-05-13,NO_RESPONSE,
M008,C0016495,2023-04-02,EXPOSED,2023-04-08,NO_RESPONSE,
M008,C0016820,2023-04-02,EXPOSED,2023-05-30,NO_RESPONSE,
M008,C0017229,2023-04-02,EXPOSED,2023-04-07,NO_RESPONSE,
M008,C0019341,2023-04-02,EXPOSED,2023-05-28,NO_RESPONSE,
M008,C0001663,2023-04-03,EXPOSED,2023-05-27,NO_RESPONSE,
M008,C0001943,2023-04-03,NOT_EXPOSED,,,
M008,C0002357,2023-04-03,EXPOSED,2023-04-10,NO_RESPONSE,
M008,C0002794,2023-04-03,EXPOSED,2023-04-19,POSITIVE,2023-04-21
M008,C0002990,2023-04-03,EXPOSED,2023-06-19,NO_RESPONSE,
M008,C0003316,2023-04-03,NOT_EXPOSED,,,
M008,C0003549,2023-04-03,EXPOSED,2023-05-31,NEUTRAL,2023-06-12
M008,C0004014,2023-04-03,EXPOSED,2023-05-05,NO_RESPONSE,
M008,C0004188,2023-04-03,NOT_EXPOSED,,,
M008,C0005257,2023-04-03,EXPOSED,2023-06-23,NO_RESPONSE,
M008,C0007875,2023-04-03,EXPOSED,2023-04-21,POSITIVE,2023-05-04
M008,C0010599,2023-04-03,EXPOSED,2023-06-05,POSITIVE,2023-06-09
M008,C0013131,2023-04-03,EXPOSED,2023-04-11,NO_RESPONSE,
M008,C0013629,2023-04-03,EXPOSED,2023-05-22,NO_RESPONSE,
M008,C0014258,2023-04-03,EXPOSED,2023-05-27,NO_RESPONSE,
M008,C0014290,2023-04-03,EXPOSED,2023-04-13,NO_RESPONSE,
M008,C0014605,2023-04-03,EXPOSED,2023-06-02,NO_RESPONSE,
M008,C0014631,2023-04-03,NOT_EXPOSED,,,
M008,C0014881,2023-04-03,EXPOSED,2023-05-25,NO_RESPONSE,
M008,C0015299,2023-04-03,EXPOSED,2023-05-29,NO_RESPONSE,
M008,C0016008,2023-04-03,EXPOSED,2023-04-18,NO_RESPONSE,
M008,C0016446,2023-04-03,EXPOSED,2023-05-15,NO_RESPONSE,
M008,C0018228,2023-04-03,EXPOSED,2023-05-31,POSITIVE,2023-06-17
M008,C0018846,2023-04-03,EXPOSED,2023-04-18,NO_RESPONSE,
M008,C0019244,2023-04-03,EXPOSED,2023-04-19,NO_RESPONSE,
M008,C0000134,2023-04-04,EXPOSED,2023-04-19,NEGATIVE,2023-05-02
M008,C0001489,2023-04-04,EXPOSED,2023-05-14,NO_RESPONSE,
M008,C0001532,2023-04-04,EXPOSED,2023-06-09,NO_RESPONSE,
M008,C0002276,2023-04-04,NOT_EXPOSED,,,
M008,C0004082,2023-04-04,EXPOSED,2023-05-25,NO_RESPONSE,
M008,C0005559,2023-04-04,EXPOSED,2023-06-27,NO_RESPONSE,
M008,C0006943,2023-04-04,EXPOSED,2023-04-13,NO_RESPONSE,
M008,C0008758,2023-04-04,NOT_EXPOSED,,,
M008,C0009564,2023-04-04,NOT_EXPOSED,,,
M008,C0010237,2023-04-04,NOT_EXPOSED,,,
M008,C0011400,2023-04-04,EXPOSED,2023-05-05,NO_RESPONSE,
M008,C0011477,2023-04-04,EXPOSED,2023-06-23,POSITIVE,2023-06-27
M008,C0013164,2023-04-04,EXPOSED,2023-04-14,NO_RESPONSE,
M008,C0013537,2023-04-04,NOT_EXPOSED,,,
M008,C0013566,2023-04-04,EXPOSED,2023-05-09,NO_RESPONSE,
M008,C0013674,2023-04-04,EXPOSED,2023-05-11,NO_RESPONSE,
M008,C0014398,2023-04-04,NOT_EXPOSED,,,
M008,C0014774,2023-04-04,EXPOSED,2023-05-02,NEUTRAL,2023-05-05
M008,C0015468,2023-04-04,EXPOSED,2023-04-23,NO_RESPONSE,
M008,C0015632,2023-04-04,EXPOSED,2023-04-24,NO_RESPONSE,
M008,C0018360,2023-04-04,EXPOSED,2023-06-11,NEUTRAL,2023-06-26
M008,C0018693,2023-04-04,EXPOSED,2023-05-16,NO_RESPONSE,
M008,C0019503,2023-04-04,EXPOSED,2023-06-05,NO_RESPONSE,
M008,C0001484,2023-04-05,EXPOSED,2023-05-20,NO_RESPONSE,
M008,C0002043,2023-04-05,NOT_EXPOSED,,,
M008,C0002627,2023-04-05,EXPOSED,2023-05-13,NO_RESPONSE,
M008,C0003792,2023-04-05,EXPOSED,2023-04-06,NO_RESPONSE,
M008,C0004856,2023-04-05,EXPOSED,2023-06-07,NO_RESPONSE,
M008,C0005195,2023-04-05,EXPOSED,2023-05-24,NO_RESPONSE,
M008,C0005738,2023-04-05,EXPOSED,2023-04-22,NO_RESPONSE,
M008,C0006439,2023-04-05,EXPOSED,2023-04-16,NO_RESPONSE,
M008,C0008303,2023-04-05,EXPOSED,2023-06-12,NO_RESPONSE,
M008,C0008896,2023-04-05,EXPOSED,2023-04-20,NEUTRAL,2023-04-30
M008,C0011376,2023-04-05,EXPOSED,2023-06-06,POSITIVE,2023-06-07
M008,C0012709,2023-04-05,EXPOSED,2023-06-10,NO_RESPONSE,
M008,C0013072,2023-04-05,EXPOSED,2023-05-17,NO_RESPONSE,
M008,C0014426,2023-04-05,NOT_EXPOSED,,,
M008,C0014761,2023-04-05,EXPOSED,2023-05-16,NO_RESPONSE,
M008,C0015611,2023-04-05,EXPOSED,2023-04-08,NO_RESPONSE,
M008,C0015798,2023-04-05,EXPOSED,2023-04-13,NO_RESPONSE,
M008,C0017356,2023-04-05,EXPOSED,2023-04-18,NO_RESPONSE,
M008,C0018909,2023-04-05,NOT_EXPOSED,,,
M008,C0002019,2023-04-06,EXPOSED,2023-06-03,NO_RESPONSE,
M008,C0002308,2023-04-06,EXPOSED,2023-05-13,NO_RESPONSE,
M008,C0004375,2023-04-06,EXPOSED,2023-06-05,NO_RESPONSE,
M008,C0004577,2023-04-06,NOT_EXPOSED,,,
M008,C0007055,2023-04-06,EXPOSED,2023-05-17,NO_RESPONSE,
M008,C0007520,2023-04-06,EXPOSED,2023-04-27,NO_RESPONSE,
M008,C0007843,2023-04-06,EXPOSED,2023-04-25,NO_RESPONSE,
M008,C0009441,2023-04-06,EXPOSED,2023-05-31,NO_RESPONSE,
M008,C0009982,2023-04-06,EXPOSED,2023-06-18,NO_RESPONSE,
M008,C0010585,2023-04-06,EXPOSED,2023-06-25,NO_RESPONSE,
M008,C0010892,2023-04-06,EXPOSED,2023-05-10,NO_RESPONSE,
M008,C0011597,2023-04-06,EXPOSED,2023-05-13,NO_RESPONSE,
M008,C0012628,2023-04-06,EXPOSED,2023-06-03,NO_RESPONSE,
M008,C0012751,2023-04-06,EXPOSED,2023-05-09,NO_RESPONSE,
M008,C0013443,2023-04-06,EXPOSED,2023-05-02,NO_RESPONSE,
M008,C0014167,2023-04-06,NOT_EXPOSED,,,
M008,C0014577,2023-04-06,EXPOSED,2023-04-27,NEUTRAL,2023-06-03
M008,C0015363,2023-04-06,EXPOSED,2023-05-21,NEUTRAL,2023-06-12
M008,C0015624,2023-04-06,NOT_EXPOSED,,,
M008,C0015626,2023-04-06,NOT_EXPOSED,,,
M008,C0015788,2023-04-06,EXPOSED,2023-05-18,NEGATIVE,2023-06-06
M008,C0016692,2023-04-06,EXPOSED,2023-05-11,NO_RESPONSE,
M008,C0017125,2023-04-06,EXPOSED,2023-04-08,NO_RESPONSE,
M008,C0017208,2023-04-06,EXPOSED,2023-06-07,NO_RESPONSE,
M008,C0017279,2023-04-06,NOT_EXPOSED,,,
M008,C0019552,2023-04-06,EXPOSED,2023-04-19,NO_RESPONSE,
M008,C0000963,2023-04-07,NOT_EXPOSED,,,
M008,C0001904,2023-04-07,EXPOSED,2023-05-09,NEGATIVE,2023-05-24
M008,C0001946,2023-04-07,EXPOSED,2023-05-03,NO_RESPONSE,
M008,C0003920,2023-04-07,EXPOSED,2023-06-14,NO_RESPONSE,
M008,C0005849,2023-04-07,EXPOSED,2023-05-24,NO_RESPONSE,
M008,C0006399,2023-04-07,NOT_EXPOSED,,,
M008,C0006529,2023-04-07,EXPOSED,2023-04-14,NO_RESPONSE,
M008,C0006706,2023-04-07,EXPOSED,2023-05-19,NO_RESPONSE,
M008,C0010382,2023-04-07,EXPOSED,2023-04-30,NO_RESPONSE,
M008,C0012787,2023-04-07,EXPOSED,2023-05-04,NEGATIVE,2023-06-09
M008,C0014137,2023-04-07,EXPOSED,2023-05-18,NO_RESPONSE,
M008,C0015331,2023-04-07,NOT_EXPOSED,,,
M008,C0016071,2023-04-07,EXPOSED,2023-05-22,NO_RESPONSE,
M008,C0016176,2023-04-07,EXPOSED,2023-04-27,NO_RESPONSE,
M008,C0017593,2023-04-07,NOT_EXPOSED,,,
M008,C0000191,2023-04-08,EXPOSED,2023-04-18,NO_RESPONSE,
M008,C0000566,2023-04-08,EXPOSED,2023-05-03,NO_RESPONSE,
M008,C0000962,2023-04-08,EXPOSED,2023-05-27,NO_RESPONSE,
M008,C0001481,2023-04-08,NOT_EXPOSED,,,
M008,C0002136,2023-04-08,EXPOSED,2023-05-28,NO_RESPONSE,
M008,C0003481,2023-04-08,EXPOSED,2023-05-11,POSITIVE,2023-05-18
M008,C0003720,2023-04-08,EXPOSED,2023-04-23,POSITIVE,2023-04-24
M008,C0005485,2023-04-08,EXPOSED,2023-04-23,NO_RESPONSE,
M008,C0008889,2023-04-08,EXPOSED,2023-04-23,NO_RESPONSE,
M008,C0009094,2023-04-08,EXPOSED,2023-04-15,NO_RESPONSE,
M008,C0010115,2023-04-08,EXPOSED,2023-06-01,NO_RESPONSE,
M008,C0012849,2023-04-08,EXPOSED,2023-05-04,NO_RESPONSE,
M008,C0013395,2023-04-08,EXPOSED,2023-05-28,NO_RESPONSE,
M008,C0014429,2023-04-08,NOT_EXPOSED,,,
M008,C0016259,2023-04-08,EXPOSED,2023-04-16,NO_RESPONSE,
M008,C0016799,2023-04-08,NOT_EXPOSED,,,
M008,C0018198,2023-04-08,EXPOSED,2023-05-12,NO_RESPONSE,
M008,C0000021,2023-04-09,EXPOSED,2023-04-28,NO_RESPONSE,
M008,C0001326,2023-04-09,NOT_EXPOSED,,,
M008,C0003831,2023-04-09,EXPOSED,2023-05-11,NO_RESPONSE,
M008,C0004361,2023-04-09,EXPOSED,2023-06-07,NO_RESPONSE,
M008,C0005035,2023-04-09,EXPOSED,2023-04-24,NO_RESPONSE,
M008,C0007224,2023-04-09,EXPOSED,2023-04-11,NO_RESPONSE,
M008,C0007813,2023-04-09,EXPOSED,2023-04-30,NO_RESPONSE,
M008,C0009698,2023-04-09,EXPOSED,2023-05-14,NO_RESPONSE,
M008,C0009802,2023-04-09,EXPOSED,2023-05-25,POSITIVE,2023-06-07
M008,C0010166,2023-04-09,EXPOSED,2023-04-19,NO_RESPONSE,
M008,C0010774,2023-04-09,EXPOSED,2023-05-12,NO_RESPONSE,
M008,C0010853,2023-04-09,EXPOSED,2023-06-07,NO_RESPONSE,
M008,C0011139,2023-04-09,EXPOSED,2023-06-18,NO_RESPONSE,
M008,C0012097,2023-04-09,EXPOSED,2023-04-30,NO_RESPONSE,
M008,C0012296,2023-04-09,EXPOSED,2023-04-16,NO_RESPONSE,
M008,C0013202,2023-04-09,EXPOSED,2023-06-05,NO_RESPONSE,
M008,C0013522,2023-04-09,NOT_EXPOSED,,,
M008,C0013946,2023-04-09,EXPOSED,2023-05-23,NO_RESPONSE,
M008,C0015323,2023-04-09,EXPOSED,2023-05-12,NO_RESPONSE,
M008,C0015493,2023-04-09,EXPOSED,2023-05-11,NO_RESPONSE,
M008,C0015650,2023-04-09,EXPOSED,2023-05-11,NO_RESPONSE,
M008,C0016179,2023-04-09,EXPOSED,2023-05-26,NO_RESPONSE,
M008,C0016348,2023-04-09,EXPOSED,2023-05-10,NO_RESPONSE,
M008,C0016501,2023-04-09,EXPOSED,2023-05-21,POSITIVE,2023-06-14
M008,C0017657,2023-04-09,EXPOSED,2023-05-11,NO_RESPONSE,
M008,C0017728,2023-04-09,EXPOSED,2023-05-21,NO_RESPONSE,
M008,C0018330,2023-04-09,NOT_EXPOSED,,,
M008,C0019205,2023-04-09,EXPOSED,2023-05-07,NO_RESPONSE,
M008,C0001699,2023-04-10,EXPOSED,2023-05-28,POSITIVE,2023-05-31
M008,C0001845,2023-04-10,EXPOSED,2023-05-24,NO_RESPONSE,
M008,C0003584,2023-04-10,EXPOSED,2023-05-31,NO_RESPONSE,
M008,C0003837,2023-04-10,EXPOSED,2023-05-16,POSITIVE,2023-06-02
M008,C0005339,2023-04-10,EXPOSED,2023-04-13,NO_RESPONSE,
M008,C0006117,2023-04-10,EXPOSED,2023-05-24,NO_RESPONSE,
M008,C0007790,2023-04-10,EXPOSED,2023-04-25,NO_RESPONSE,
M008,C0007988,2023-04-10,NOT_EXPOSED,,,
M008,C0008306,2023-04-10,NOT_EXPOSED,,,
M008,C0008762,2023-04-10,EXPOSED,2023-04-28,NEGATIVE,2023-04-28
M008,C0010926,2023-04-10,EXPOSED,2023-05-01,NO_RESPONSE,
M008,C0012219,2023-04-10,EXPOSED,2023-04-22,NEGATIVE,2023-04-29
M008,C0012434,2023-04-10,NOT_EXPOSED,,,
M008,C0013676,2023-04-10,EXPOSED,2023-05-30,NO_RESPONSE,
M008,C0013725,2023-04-10,EXPOSED,2023-06-04,NO_RESPONSE,
M008,C0014502,2023-04-10,EXPOSED,2023-05-09,NO_RESPONSE,
M008,C0014794,2023-04-10,EXPOSED,2023-05-12,NEUTRAL,2023-05-16
M008,C0018440,2023-04-10,NOT_EXPOSED,,,
M008,C0018844,2023-04-10,EXPOSED,2023-04-26,NO_RESPONSE,
M008,C0019089,2023-04-10,EXPOSED,2023-05-12,NO_RESPONSE,
M008,C0000275,2023-04-11,NOT_EXPOSED,,,
M008,C0001740,2023-04-11,EXPOSED,2023-05-10,NO_RESPONSE,
M008,C0002064,2023-04-11,EXPOSED,2023-06-03,NO_RESPONSE,
M008,C0002973,2023-04-11,EXPOSED,2023-04-16,NO_RESPONSE,
M008,C0004691,2023-04-11,EXPOSED,2023-04-17,NO_RESPONSE,
M008,C0004763,2023-04-11,EXPOSED,2023-06-17,NO_RESPONSE,
M008,C0005572,2023-04-11,EXPOSED,2023-05-02,NO_RESPONSE,
M008,C0005796,2023-04-11,EXPOSED,2023-04-21,NO_RESPONSE,
M008,C0007144,2023-04-11,EXPOSED,2023-04-30,POSITIVE,2023-05-23
M008,C0008006,2023-04-11,EXPOSED,2023-05-15,NO_RESPONSE,
M008,C0009926,2023-04-11,EXPOSED,2023-05-04,NO_RESPONSE,
M008,C0010883,2023-04-11,EXPOSED,2023-05-22,NO_RESPONSE,
M008,C0011419,2023-04-11,EXPOSED,2023-04-22,NO_RESPONSE,
M008,C0012073,2023-04-11,EXPOSED,2023-04-27,NO_RESPONSE,
M008,C0013461,2023-04-11,EXPOSED,2023-04-12,NEGATIVE,2023-04-13
M008,C0013583,2023-04-11,EXPOSED,2023-04-19,POSITIVE,2023-06-06
M008,C0015534,2023-04-11,EXPOSED,2023-04-25,NO_RESPONSE,
M008,C0015824,2023-04-11,EXPOSED,2023-05-02,NEUTRAL,2023-05-07
M008,C0018174,2023-04-11,EXPOSED,2023-04-29,POSITIVE,2023-05-03
M008,C0019460,2023-04-11,EXPOSED,2023-04-25,NO_RESPONSE,
M008,C0000297,2023-04-12,EXPOSED,2023-06-05,NO_RESPONSE,
M008,C0003116,2023-04-12,EXPOSED,2023-06-02,NO_RESPONSE,
M008,C0003297,2023-04-12,NOT_EXPOSED,,,
M008,C0003337,2023-04-12,EXPOSED,2023-06-18,NO_RESPONSE,
M008,C0004325,2023-04-12,EXPOSED,2023-05-22,NO_RESPONSE,
M008,C0005692,2023-04-12,EXPOSED,2023-04-26,NEGATIVE,2023-05-02
M008,C0006430,2023-04-12,EXPOSED,2023-05-05,NO_RESPONSE,
M008,C0006892,2023-04-12,EXPOSED,2023-06-02,NEGATIVE,2023-06-20
M008,C0007436,2023-04-12,EXPOSED,2023-05-22,NO_RESPONSE,
M008,C0007896,2023-04-12,EXPOSED,2023-06-07,NO_RESPONSE,
M008,C0008476,2023-04-12,EXPOSED,2023-05-29,NO_RESPONSE,
M008,C0011502,2023-04-12,NOT_EXPOSED,,,
M008,C0011516,2023-04-12,EXPOSED,2023-05-19,NO_RESPONSE,
M008,C0015597,2023-04-12,EXPOSED,2023-06-04,NO_RESPONSE,
M008,C0015693,2023-04-12,EXPOSED,2023-06-01,POSITIVE,2023-06-20
M008,C0016126,2023-04-12,EXPOSED,2023-05-19,POSITIVE,2023-05-22
M008,C0016783,2023-04-12,EXPOSED,2023-05-11,NO_RESPONSE,
M008,C0017152,2023-04-12,NOT_EXPOSED,,,
M008,C0000437,2023-04-13,EXPOSED,2023-05-15,NO_RESPONSE,
M008,C0001373,2023-04-13,EXPOSED,2023-05-22,POSITIVE,2023-05-26
M008,C0001923,2023-04-13,EXPOSED,2023-05-01,NO_RESPONSE,
M008,C0002078,2023-04-13,NOT_EXPOSED,,,
M008,C0002686,2023-04-13,EXPOSED,2023-05-08,NO_RESPONSE,
M008,C0005129,2023-04-13,EXPOSED,2023-04-15,POSITIVE,2023-05-04
M008,C0005168,2023-04-13,EXPOSED,2023-05-06,NO_RESPONSE,
M008,C0005875,2023-04-13,NOT_EXPOSED,,,
M008,C0007036,2023-04-13,NOT_EXPOSED,,,
M008,C0007170,2023-04-13,EXPOSED,2023-05-19,NO_RESPONSE,
M008,C0007324,2023-04-13,EXPOSED,2023-05-03,NEUTRAL,2023-05-28
M008,C0008404,2023-04-13,NOT_EXPOSED,,,
M008,C0009591,2023-04-13,EXPOSED,2023-05-04,NO_RESPONSE,
M008,C0011453,2023-04-13,EXPOSED,2023-05-14,NO_RESPONSE,
M008,C0012494,2023-04-13,EXPOSED,2023-04-22,NO_RESPONSE,
M008,C0012531,2023-04-13,EXPOSED,2023-05-13,NO_RESPONSE,
M008,C0013427,2023-04-13,EXPOSED,2023-04-14,NO_RESPONSE,
M008,C0013489,2023-04-13,EXPOSED,2023-05-28,NO_RESPONSE,
M008,C0014366,2023-04-13,EXPOSED,2023-05-05,NO_RESPONSE,
M008,C0014679,2023-04-13,EXPOSED,2023-05-19,NO_RESPONSE,
M008,C0015549,2023-04-13,EXPOSED,2023-06-06,NO_RESPONSE,
M008,C0015948,2023-04-13,EXPOSED,2023-06-17,NO_RESPONSE,
M008,C0017250,2023-04-13,EXPOSED,2023-06-09,NO_RESPONSE,
M008,C0017328,2023-04-13,EXPOSED,2023-04-25,NO_RESPONSE,
M008,C0019425,2023-04-13,EXPOSED,2023-06-07,NO_RESPONSE,
M008,C0000166,2023-04-14,EXPOSED,2023-05-17,NEGATIVE,2023-05-28
M008,C0000691,2023-04-14,EXPOSED,2023-05-12,NO_RESPONSE,
M008,C0002007,2023-04-14,NOT_EXPOSED,,,
M008,C0003036,2023-04-14,EXPOSED,2023-05-11,NEUTRAL,2023-06-12
M008,C0003422,2023-04-14,EXPOSED,2023-05-17,NO_RESPONSE,
M008,C0003737,2023-04-14,EXPOSED,2023-05-31,NO_RESPONSE,
M008,C0004170,2023-04-14,EXPOSED,2023-06-10,NO_RESPONSE,
M008,C0004523,2023-04-14,EXPOSED,2023-06-08,NO_RESPONSE,
M008,C0004748,2023-04-14,EXPOSED,2023-04-21,POSITIVE,2023-04-27
M008,C0005288,2023-04-14,EXPOSED,2023-06-04,NO_RESPONSE,
M008,C0005591,2023-04-14,EXPOSED,2023-06-21,POSITIVE,2023-06-22
M008,C0008044,2023-04-14,EXPOSED,2023-06-24,NO_RESPONSE,
M008,C0009677,2023-04-14,NOT_EXPOSED,,,
M008,C0009745,2023-04-14,EXPOSED,2023-05-12,NO_RESPONSE,
M008,C0009929,2023-04-14,NOT_EXPOSED,,,
M008,C0010093,2023-04-14,NOT_EXPOSED,,,
M008,C0011056,2023-04-14,EXPOSED,2023-04-17,NO_RESPONSE,
M008,C0011415,2023-04-14,EXPOSED,2023-06-15,NO_RESPONSE,
M008,C0012377,2023-04-14,NOT_EXPOSED,,,
M008,C0013313,2023-04-14,NOT_EXPOSED,,,
M008,C0015101,2023-04-14,EXPOSED,2023-05-12,NO_RESPONSE,
M008,C0000507,2023-04-15,NOT_EXPOSED,,,
M008,C0001215,2023-04-15,EXPOSED,2023-05-07,NO_RESPONSE,
M008,C0003572,2023-04-15,EXPOSED,2023-06-22,NO_RESPONSE,
M008,C0004380,2023-04-15,EXPOSED,2023-05-19,NO_RESPONSE,
M008,C0004688,2023-04-15,EXPOSED,2023-04-27,NO_RESPONSE,
M008,C0004768,2023-04-15,EXPOSED,2023-06-03,NO_RESPONSE,
M008,C0005158,2023-04-15,EXPOSED,2023-05-14,NO_RESPONSE,
M008,C0005834,2023-04-15,EXPOSED,2023-05-11,NO_RESPONSE,
M008,C0007770,2023-04-15,EXPOSED,2023-05-26,POSITIVE,2023-06-15
M008,C0008936,2023-04-15,EXPOSED,2023-05-02,NO_RESPONSE,
M008,C0009066,2023-04-15,EXPOSED,2023-05-14,NO_RESPONSE,
M008,C0010860,2023-04-15,EXPOSED,2023-06-09,NO_RESPONSE,
M008,C0012795,2023-04-15,EXPOSED,2023-05-26,NO_RESPONSE,
M008,C0014208,2023-04-15,EXPOSED,2023-06-07,NO_RESPONSE,
M008,C0014894,2023-04-15,EXPOSED,2023-06-03,NO_RESPONSE,
M008,C0015503,2023-04-15,EXPOSED,2023-04-22,NO_RESPONSE,
M008,C0018772,2023-04-15,EXPOSED,2023-05-06,NO_RESPONSE,
M008,C0000475,2023-04-16,EXPOSED,2023-04-20,NO_RESPONSE,
M008,C0001173,2023-04-16,EXPOSED,2023-06-03,NO_RESPONSE,
M008,C0001256,2023-04-16,EXPOSED,2023-05-17,NO_RESPONSE,
M008,C0002610,2023-04-16,EXPOSED,2023-05-06,NO_RESPONSE,
M008,C0002970,2023-04-16,NOT_EXPOSED,,,
M008,C0004222,2023-04-16,EXPOSED,2023-06-16,NO_RESPONSE,
M008,C0004440,2023-04-16,EXPOSED,2023-06-11,NO_RESPONSE,
M008,C0004979,2023-04-16,EXPOSED,2023-05-14,NO_RESPONSE,
M008,C0005386,2023-04-16,EXPOSED,2023-06-08,NO_RESPONSE,
M008,C0006366,2023-04-16,EXPOSED,2023-06-16,POSITIVE,2023-06-26
M008,C0007017,2023-04-16,NOT_EXPOSED,,,
M008,C0007229,2023-04-16,NOT_EXPOSED,,,
M008,C0007358,2023-04-16,EXPOSED,2023-04-18,NO_RESPONSE,
M008,C0007937,2023-04-16,EXPOSED,2023-05-21,NO_RESPONSE,
M008,C0009754,2023-04-16,EXPOSED,2023-06-02,NO_RESPONSE,
M008,C0010003,2023-04-16,EXPOSED,2023-04-25,NO_RESPONSE,
M008,C0011203,2023-04-16,EXPOSED,2023-04-19,NO_RESPONSE,
M008,C0012502,2023-04-16,EXPOSED,2023-05-02,NO_RESPONSE,
M008,C0012949,2023-04-16,NOT_EXPOSED,,,
M008,C0014081,2023-04-16,EXPOSED,2023-06-05,NO_RESPONSE,
M008,C0014671,2023-04-16,NOT_EXPOSED,,,
M008,C0015511,2023-04-16,EXPOSED,2023-05-13,POSITIVE,2023-06-07
M008,C0015986,2023-04-16,EXPOSED,2023-05-04,NO_RESPONSE,
M008,C0017118,2023-04-16,EXPOSED,2023-05-14,NO_RESPONSE,
M008,C0018682,2023-04-16,EXPOSED,2023-05-07,NO_RESPONSE,
M008,C0018960,2023-04-16,EXPOSED,2023-04-17,NO_RESPONSE,
M008,C0019398,2023-04-16,EXPOSED,2023-04-23,NO_RESPONSE,
M008,C0003445,2023-04-17,EXPOSED,2023-05-19,NO_RESPONSE,
M008,C0004233,2023-04-17,EXPOSED,2023-06-09,NO_RESPONSE,
M008,C0006185,2023-04-17,EXPOSED,2023-05-14,NO_RESPONSE,
M008,C0006352,2023-04-17,EXPOSED,2023-05-08,NO_RESPONSE,
M008,C0006680,2023-04-17,EXPOSED,2023-05-19,NO_RESPONSE,
M008,C0007594,2023-04-17,EXPOSED,2023-04-30,NO_RESPONSE,
M008,C0007686,2023-04-17,EXPOSED,2023-05-16,NO_RESPONSE,
M008,C0007932,2023-04-17,EXPOSED,2023-05-31,NO_RESPONSE,
M008,C0008135,2023-04-17,EXPOSED,2023-05-19,NO_RESPONSE,
M008,C0008725,2023-04-17,EXPOSED,2023-05-26,NO_RESPONSE,
M008,C0008918,2023-04-17,EXPOSED,2023-05-13,NO_RESPONSE,
M008,C0009164,2023-04-17,EXPOSED,2023-06-24,NO_RESPONSE,
M008,C0010732,2023-04-17,EXPOSED,2023-04-20,NO_RESPONSE,
M008,C0011225,2023-04-17,EXPOSED,2023-05-19,POSITIVE,2023-05-25
M008,C0011379,2023-04-17,EXPOSED,2023-05-15,NO_RESPONSE,
M008,C0014210,2023-04-17,EXPOSED,2023-04-23,NO_RESPONSE,
M008,C0014788,2023-04-17,EXPOSED,2023-05-02,NO_RESPONSE,
M008,C0015556,2023-04-17,NOT_EXPOSED,,,
M008,C0017308,2023-04-17,EXPOSED,2023-04-22,NO_RESPONSE,
M008,C0000624,2023-04-18,EXPOSED,2023-05-20,NO_RESPONSE,
M008,C0000820,2023-04-18,NOT_EXPOSED,,,
M008,C0001534,2023-04-18,EXPOSED,2023-05-23,NO_RESPONSE,
M008,C0001819,2023-04-18,EXPOSED,2023-04-22,NO_RESPONSE,
M008,C0001833,2023-04-18,EXPOSED,2023-06-22,NO_RESPONSE,
M008,C0002567,2023-04-18,EXPOSED,2023-05-12,NO_RESPONSE,
M008,C0003015,2023-04-18,EXPOSED,2023-05-01,NO_RESPONSE,
M008,C0003296,2023-04-18,EXPOSED,2023-06-16,NO_RESPONSE,
M008,C0003811,2023-04-18,EXPOSED,2023-06-14,NO_RESPONSE,
M008,C0003897,2023-04-18,NOT_EXPOSED,,,
M008,C0006211,2023-04-18,EXPOSED,2023-06-18,NO_RESPONSE,
M008,C0007098,2023-04-18,EXPOSED,2023-05-14,NO_RESPONSE,
M008,C0007902,2023-04-18,EXPOSED,2023-05-17,NO_RESPONSE,
M008,C0008549,2023-04-18,EXPOSED,2023-04-23,NO_RESPONSE,
M008,C0009867,2023-04-18,EXPOSED,2023-04-25,NO_RESPONSE,
M008,C0010048,2023-04-18,EXPOSED,2023-05-07,NO_RESPONSE,
M008,C0010554,2023-04-18,EXPOSED,2023-06-07,NO_RESPONSE,
M008,C0011045,2023-04-18,EXPOSED,2023-05-02,NO_RESPONSE,
M008,C0011462,2023-04-18,EXPOSED,2023-05-10,NO_RESPONSE,
M008,C0011720,2023-04-18,EXPOSED,2023-05-20,NO_RESPONSE,
M008,C0013073,2023-04-18,EXPOSED,2023-04-23,NO_RESPONSE,
M008,C0013645,2023-04-18,EXPOSED,2023-04-21,NEGATIVE,2023-05-26
M008,C0014317,2023-04-18,EXPOSED,2023-05-26,NO_RESPONSE,
M008,C0016021,2023-04-18,EXPOSED,2023-05-14,NO_RESPONSE,
M008,C0016473,2023-04-18,NOT_EXPOSED,,,
M008,C0016530,2023-04-18,EXPOSED,2023-05-15,POSITIVE,2023-05-22
M008,C0018917,2023-04-18,EXPOSED,2023-05-10,NO_RESPONSE,
M008,C0000654,2023-04-19,EXPOSED,2023-05-04,NO_RESPONSE,
M008,C0001077,2023-04-19,EXPOSED,2023-05-09,NO_RESPONSE,
M008,C0001661,2023-04-19,EXPOSED,2023-06-01,NO_RESPONSE,
M008,C0002602,2023-04-19,EXPOSED,2023-05-24,POSITIVE,2023-05-26
M008,C0002864,2023-04-19,EXPOSED,2023-05-21,NO_RESPONSE,
M008,C0003149,2023-04-19,EXPOSED,2023-05-04,NO_RESPONSE,
M008,C0003922,2023-04-19,EXPOSED,2023-06-15,NO_RESPONSE,
M008,C0004565,2023-04-19,EXPOSED,2023-05-10,NO_RESPONSE,
M008,C0009244,2023-04-19,EXPOSED,2023-04-22,NO_RESPONSE,
M008,C0009317,2023-04-19,EXPOSED,2023-04-28,NO_RESPONSE,
M008,C0010437,2023-04-19,EXPOSED,2023-05-05,NO_RESPONSE,
M008,C0011270,2023-04-19,NOT_EXPOSED,,,
M008,C0011518,2023-04-19,EXPOSED,2023-05-27,NO_RESPONSE,
M008,C0013237,2023-04-19,NOT_EXPOSED,,,
M008,C0013681,2023-04-19,EXPOSED,2023-06-21,POSITIVE,2023-07-11
M008,C0013713,2023-04-19,EXPOSED,2023-05-09,NO_RESPONSE,
M008,C0014667,2023-04-19,EXPOSED,2023-05-22,NO_RESPONSE,
M008,C0014772,2023-04-19,EXPOSED,2023-05-02,NEUTRAL,2023-05-10
M008,C0015898,2023-04-19,NOT_EXPOSED,,,
M008,C0019038,2023-04-19,EXPOSED,2023-05-12,NO_RESPONSE,
M008,C0019806,2023-04-19,NOT_EXPOSED,,,
M008,C0001761,2023-04-20,EXPOSED,2023-05-27,NEUTRAL,2023-05-30
M008,C0001994,2023-04-20,EXPOSED,2023-06-07,NO_RESPONSE,
M008,C0002884,2023-04-20,EXPOSED,2023-06-12,NO_RESPONSE,
M008,C0003024,2023-04-20,NOT_EXPOSED,,,
M008,C0003183,2023-04-20,EXPOSED,2023-05-20,NO_RESPONSE,
M008,C0003514,2023-04-20,EXPOSED,2023-05-16,NO_RESPONSE,
M008,C0003637,2023-04-20,NOT_EXPOSED,,,
M008,C0004450,2023-04-20,EXPOSED,2023-06-13,NO_RESPONSE,
M008,C0005274,2023-04-20,EXPOSED,2023-05-14,NO_RESPONSE,
M008,C0005279,2023-04-20,EXPOSED,2023-05-25,NO_RESPONSE,
M008,C0006267,2023-04-20,EXPOSED,2023-06-04,NO_RESPONSE,
M008,C0006386,2023-04-20,EXPOSED,2023-04-29,NO_RESPONSE,
M008,C0007976,2023-04-20,EXPOSED,2023-05-07,NO_RESPONSE,
M008,C0008735,2023-04-20,EXPOSED,2023-05-05,NEGATIVE,2023-05-18
M008,C0010872,2023-04-20,EXPOSED,2023-05-02,NEGATIVE,2023-05-13
M008,C0012394,2023-04-20,EXPOSED,2023-05-30,NO_RESPONSE,
M008,C0012739,2023-04-20,NOT_EXPOSED,,,
M008,C0014152,2023-04-20,EXPOSED,2023-05-06,NO_RESPONSE,
M008,C0014512,2023-04-20,EXPOSED,2023-05-12,NO_RESPONSE,
M008,C0018226,2023-04-20,EXPOSED,2023-05-11,NO_RESPONSE,
M008,C0018450,2023-04-20,EXPOSED,2023-05-25,NO_RESPONSE,
M008,C0019214,2023-04-20,EXPOSED,2023-05-27,NO_RESPONSE,
M008,C0000169,2023-04-21,NOT_EXPOSED,,,
M008,C0000647,2023-04-21,EXPOSED,2023-06-24,NO_RESPONSE,
M008,C0001483,2023-04-21,EXPOSED,2023-05-19,NO_RESPONSE,
M008,C0003353,2023-04-21,EXPOSED,2023-04-30,NO_RESPONSE,
M008,C0003751,2023-04-21,NOT_EXPOSED,,,
M008,C0005579,2023-04-21,EXPOSED,2023-04-28,NO_RESPONSE,
M008,C0005608,2023-04-21,EXPOSED,2023-06-07,NO_RESPONSE,
M008,C0008318,2023-04-21,EXPOSED,2023-04-29,NO_RESPONSE,
M008,C0008518,2023-04-21,EXPOSED,2023-05-18,NO_RESPONSE,
M008,C0010561,2023-04-21,EXPOSED,2023-05-08,NO_RESPONSE,
M008,C0011890,2023-04-21,EXPOSED,2023-06-02,NO_RESPONSE,
M008,C0013353,2023-04-21,EXPOSED,2023-06-24,NEUTRAL,2023-06-29
M008,C0013502,2023-04-21,EXPOSED,2023-05-30,NO_RESPONSE,
M008,C0013819,2023-04-21,EXPOSED,2023-06-02,NO_RESPONSE,
M008,C0014475,2023-04-21,EXPOSED,2023-05-18,NO_RESPONSE,
M008,C0015153,2023-04-21,EXPOSED,2023-05-07,NO_RESPONSE,
M008,C0015591,2023-04-21,EXPOSED,2023-06-06,NO_RESPONSE,
M008,C0017746,2023-04-21,EXPOSED,2023-06-02,NO_RESPONSE,
M008,C0018768,2023-04-21,NOT_EXPOSED,,,
M008,C0019401,2023-04-21,EXPOSED,2023-05-09,NO_RESPONSE,
M008,C0001135,2023-04-22,EXPOSED,2023-06-02,NO_RESPONSE,
M008,C0002119,2023-04-22,EXPOSED,2023-04-24,NEUTRAL,2023-05-15
M008,C0004124,2023-04-22,EXPOSED,2023-06-04,NO_RESPONSE,
M008,C0004167,2023-04-22,NOT_EXPOSED,,,
M008,C0006641,2023-04-22,EXPOSED,2023-05-03,NO_RESPONSE,
M008,C0009085,2023-04-22,EXPOSED,2023-05-05,NO_RESPONSE,
M008,C0010078,2023-04-22,EXPOSED,2023-05-27,NO_RESPONSE,
M008,C0014279,2023-04-22,EXPOSED,2023-04-23,NO_RESPONSE,
M008,C0016616,2023-04-22,NOT_EXPOSED,,,
M008,C0018476,2023-04-22,EXPOSED,2023-04-28,NO_RESPONSE,
M008,C0018637,2023-04-22,EXPOSED,2023-05-07,NO_RESPONSE,
M008,C0019790,2023-04-22,EXPOSED,2023-05-27,NO_RESPONSE,
M008,C0019835,2023-04-22,EXPOSED,2023-05-29,NO_RESPONSE,
M008,C0001683,2023-04-23,EXPOSED,2023-06-11,NO_RESPONSE,
M008,C0002919,2023-04-23,EXPOSED,2023-05-08,NO_RESPONSE,
M008,C0003161,2023-04-23,NOT_EXPOSED,,,
M008,C0005427,2023-04-23,EXPOSED,2023-05-11,NO_RESPONSE,
M008,C0005893,2023-04-23,EXPOSED,2023-05-30,POSITIVE,2023-06-24
M008,C0007576,2023-04-23,EXPOSED,2023-06-18,NO_RESPONSE,
M008,C0008008,2023-04-23,EXPOSED,2023-05-09,NO_RESPONSE,
M008,C0008244,2023-04-23,EXPOSED,2023-06-21,NO_RESPONSE,
M008,C0009474,2023-04-23,EXPOSED,2023-05-26,NO_RESPONSE,
M008,C0010171,2023-04-23,EXPOSED,2023-06-06,NO_RESPONSE,
M008,C0011264,2023-04-23,EXPOSED,2023-04-30,NO_RESPONSE,
M008,C0011692,2023-04-23,EXPOSED,2023-05-10,NO_RESPONSE,
M008,C0011841,2023-04-23,EXPOSED,2023-05-11,NO_RESPONSE,
M008,C0011963,2023-04-23,EXPOSED,2023-05-21,NO_RESPONSE,
M008,C0012184,2023-04-23,EXPOSED,2023-05-31,NO_RESPONSE,
M008,C0014348,2023-04-23,EXPOSED,2023-05-03,NEGATIVE,2023-05-11
M008,C0014924,2023-04-23,EXPOSED,2023-05-29,NO_RESPONSE,
M008,C0015802,2023-04-23,NOT_EXPOSED,,,
M008,C0016719,2023-04-23,EXPOSED,2023-05-16,NO_RESPONSE,
M008,C0018460,2023-04-23,EXPOSED,2023-06-12,NO_RESPONSE,
M008,C0018858,2023-04-23,EXPOSED,2023-06-02,NO_RESPONSE,
M008,C0019184,2023-04-23,EXPOSED,2023-05-31,NO_RESPONSE,
M008,C0019356,2023-04-23,NOT_EXPOSED,,,
M008,C0000145,2023-04-24,EXPOSED,2023-05-19,NO_RESPONSE,
M008,C0001791,2023-04-24,EXPOSED,2023-06-02,NO_RESPONSE,
M008,C0002906,2023-04-24,EXPOSED,2023-05-10,NO_RESPONSE,
M008,C0003227,2023-04-24,NOT_EXPOSED,,,
M008,C0004692,2023-04-24,EXPOSED,2023-05-08,NO_RESPONSE,
M008,C0005232,2023-04-24,EXPOSED,2023-05-22,NO_RESPONSE,
M008,C0005535,2023-04-24,NOT_EXPOSED,,,
M008,C0007498,2023-04-24,EXPOSED,2023-06-28,NO_RESPONSE,
M008,C0007968,2023-04-24,EXPOSED,2023-06-19,NO_RESPONSE,
M008,C0008391,2023-04-24,EXPOSED,2023-06-06,NO_RESPONSE,
M008,C0008876,2023-04-24,EXPOSED,2023-05-14,NO_RESPONSE,
M008,C0008991,2023-04-24,EXPOSED,2023-04-28,NO_RESPONSE,
M008,C0009859,2023-04-24,EXPOSED,2023-05-12,NO_RESPONSE,
M008,C0010485,2023-04-24,EXPOSED,2023-04-26,NO_RESPONSE,
M008,C0010939,2023-04-24,EXPOSED,2023-05-15,NO_RESPONSE,
M008,C0013118,2023-04-24,EXPOSED,2023-05-08,NO_RESPONSE,
M008,C0014219,2023-04-24,EXPOSED,2023-06-23,NO_RESPONSE,
M008,C0014308,2023-04-24,EXPOSED,2023-05-05,POSITIVE,2023-05-10
M008,C0015264,2023-04-24,EXPOSED,2023-05-12,NO_RESPONSE,
M008,C0015769,2023-04-24,EXPOSED,2023-05-31,NO_RESPONSE,
M008,C0016414,2023-04-24,NOT_EXPOSED,,,
M008,C0019389,2023-04-24,EXPOSED,2023-06-23,NO_RESPONSE,
M008,C0000383,2023-04-25,EXPOSED,2023-05-13,NO_RESPONSE,
M008,C0000792,2023-04-25,NOT_EXPOSED,,,
M008,C0001160,2023-04-25,EXPOSED,2023-06-02,NO_RESPONSE,
M008,C0001362,2023-04-25,NOT_EXPOSED,,,
M008,C0001487,2023-04-25,EXPOSED,2023-06-15,NO_RESPONSE,
M008,C0002634,2023-04-25,NOT_EXPOSED,,,
M008,C0002839,2023-04-25,EXPOSED,2023-06-24,NO_RESPONSE,
M008,C0003901,2023-04-25,EXPOSED,2023-05-04,NO_RESPONSE,
M008,C0005729,2023-04-25,NOT_EXPOSED,,,
M008,C0005831,2023-04-25,EXPOSED,2023-06-14,NO_RESPONSE,
M008,C0011840,2023-04-25,EXPOSED,2023-04-27,NO_RESPONSE,
M008,C0011940,2023-04-25,NOT_EXPOSED,,,
M008,C0012244,2023-04-25,NOT_EXPOSED,,,
M008,C0012676,2023-04-25,NOT_EXPOSED,,,
M008,C0012748,2023-04-25,NOT_EXPOSED,,,
M008,C0017170,2023-04-25,EXPOSED,2023-04-27,NO_RESPONSE,
M008,C0017906,2023-04-25,EXPOSED,2023-05-21,NO_RESPONSE,
M008,C0018517,2023-04-25,NOT_EXPOSED,,,
M008,C0000315,2023-04-26,EXPOSED,2023-05-28,NO_RESPONSE,
M008,C0000332,2023-04-26,EXPOSED,2023-05-13,POSITIVE,2023-06-02
M008,C0000713,2023-04-26,EXPOSED,2023-05-31,NO_RESPONSE,
M008,C0001440,2023-04-26,EXPOSED,2023-05-07,NO_RESPONSE,
M008,C0004682,2023-04-26,EXPOSED,2023-05-09,NO_RESPONSE,
M008,C0005518,2023-04-26,EXPOSED,2023-04-30,NO_RESPONSE,
M008,C0006535,2023-04-26,NOT_EXPOSED,,,
M008,C0007207,2023-04-26,NOT_EXPOSED,,,
M008,C0007499,2023-04-26,EXPOSED,2023-06-09,NEUTRAL,2023-06-27
M008,C0007590,2023-04-26,EXPOSED,2023-05-05,NO_RESPONSE,
M008,C0009613,2023-04-26,EXPOSED,2023-05-16,NO_RESPONSE,
M008,C0009636,2023-04-26,EXPOSED,2023-05-12,NO_RESPONSE,
M008,C0010497,2023-04-26,EXPOSED,2023-05-05,NO_RESPONSE,
M008,C0011635,2023-04-26,EXPOSED,2023-05-07,NO_RESPONSE,
M008,C0012896,2023-04-26,EXPOSED,2023-06-04,NO_RESPONSE,
M008,C0013105,2023-04-26,EXPOSED,2023-05-08,NO_RESPONSE,
M008,C0013685,2023-04-26,EXPOSED,2023-06-11,NO_RESPONSE,
M008,C0016211,2023-04-26,NOT_EXPOSED,,,
M008,C0016256,2023-04-26,EXPOSED,2023-05-14,NO_RESPONSE,
M008,C0017591,2023-04-26,EXPOSED,2023-05-17,NO_RESPONSE,
M008,C0017599,2023-04-26,NOT_EXPOSED,,,
M008,C0018935,2023-04-26,EXPOSED,2023-06-08,NO_RESPONSE,
M008,C0019263,2023-04-26,NOT_EXPOSED,,,
M008,C0003424,2023-04-27,EXPOSED,2023-06-09,NO_RESPONSE,
M008,C0003842,2023-04-27,EXPOSED,2023-05-16,NO_RESPONSE,
M008,C0004396,2023-04-27,EXPOSED,2023-05-10,NEUTRAL,2023-05-20
M008,C0005062,2023-04-27,EXPOSED,2023-05-11,NO_RESPONSE,
M008,C0006077,2023-04-27,EXPOSED,2023-05-30,NO_RESPONSE,
M008,C0006283,2023-04-27,EXPOSED,2023-05-28,NO_RESPONSE,
M008,C0006306,2023-04-27,EXPOSED,2023-05-10,NO_RESPONSE,
M008,C0006429,2023-04-27,EXPOSED,2023-05-10,NO_RESPONSE,
M008,C0006786,2023-04-27,EXPOSED,2023-05-06,NO_RESPONSE,
M008,C0007223,2023-04-27,EXPOSED,2023-05-25,NO_RESPONSE,
M008,C0007341,2023-04-27,EXPOSED,2023-05-19,NO_RESPONSE,
M008,C0007355,2023-04-27,NOT_EXPOSED,,,
M008,C0007364,2023-04-27,EXPOSED,2023-06-06,NO_RESPONSE,
M008,C0007711,2023-04-27,EXPOSED,2023-05-08,NO_RESPONSE,
M008,C0008273,2023-04-27,EXPOSED,2023-05-17,NEGATIVE,2023-06-06
M008,C0009875,2023-04-27,NOT_EXPOSED,,,
M008,C0010510,2023-04-27,EXPOSED,2023-06-18,NEGATIVE,2023-06-25
M008,C0011579,2023-04-27,EXPOSED,2023-05-24,NO_RESPONSE,
M008,C0011707,2023-04-27,EXPOSED,2023-05-04,NO_RESPONSE,
M008,C0012651,2023-04-27,NOT_EXPOSED,,,
M008,C0013363,2023-04-27,EXPOSED,2023-05-05,NO_RESPONSE,
M008,C0013437,2023-04-27,EXPOSED,2023-05-03,NO_RESPONSE,
M008,C0013867,2023-04-27,EXPOSED,2023-05-22,NO_RESPONSE,
M008,C0015238,2023-04-27,EXPOSED,2023-05-30,POSITIVE,2023-06-20
M008,C0015849,2023-04-27,EXPOSED,2023-06-18,NO_RESPONSE,
M008,C0016595,2023-04-27,EXPOSED,2023-06-16,NO_RESPONSE,
M008,C0017469,2023-04-27,EXPOSED,2023-06-05,NO_RESPONSE,
M008,C0019248,2023-04-27,EXPOSED,2023-05-10,NO_RESPONSE,
M008,C0019746,2023-04-27,EXPOSED,2023-06-26,NO_RESPONSE,
M008,C0000161,2023-04-28,NOT_EXPOSED,,,
M008,C0000481,2023-04-28,EXPOSED,2023-05-02,NO_RESPONSE,
M008,C0000620,2023-04-28,EXPOSED,2023-06-06,NO_RESPONSE,
M008,C0003419,2023-04-28,EXPOSED,2023-05-17,NO_RESPONSE,
M008,C0004200,2023-04-28,EXPOSED,2023-04-29,NEGATIVE,2023-05-08
M008,C0004310,2023-04-28,EXPOSED,2023-05-16,NO_RESPONSE,
M008,C0005050,2023-04-28,EXPOSED,2023-06-10,NO_RESPONSE,
M008,C0008678,2023-04-28,EXPOSED,2023-05-15,NO_RESPONSE,
M008,C0008794,2023-04-28,EXPOSED,2023-06-15,NO_RESPONSE,
M008,C0010702,2023-04-28,EXPOSED,2023-06-05,NO_RESPONSE,
M008,C0010787,2023-04-28,EXPOSED,2023-05-26,NO_RESPONSE,
M008,C0011952,2023-04-28,EXPOSED,2023-05-17,NO_RESPONSE,
M008,C0014831,2023-04-28,EXPOSED,2023-05-16,NO_RESPONSE,
M008,C0015260,2023-04-28,EXPOSED,2023-05-09,NO_RESPONSE,
M008,C0018237,2023-04-28,EXPOSED,2023-05-02,NO_RESPONSE,
M008,C0019420,2023-04-28,EXPOSED,2023-05-10,NO_RESPONSE,
M008,C0000117,2023-04-29,EXPOSED,2023-06-01,NO_RESPONSE,
M008,C0000695,2023-04-29,NOT_EXPOSED,,,
M008,C0001608,2023-04-29,EXPOSED,2023-05-05,POSITIVE,2023-05-13
M008,C0002606,2023-04-29,EXPOSED,2023-05-19,NO_RESPONSE,
M008,C0003206,2023-04-29,EXPOSED,2023-06-06,NO_RESPONSE,
M008,C0003527,2023-04-29,EXPOSED,2023-06-25,NO_RESPONSE,
M008,C0004382,2023-04-29,EXPOSED,2023-05-15,NO_RESPONSE,
M008,C0005061,2023-04-29,EXPOSED,2023-05-31,NO_RESPONSE,
M008,C0006853,2023-04-29,EXPOSED,2023-05-16,NO_RESPONSE,
M008,C0006917,2023-04-29,EXPOSED,2023-06-09,NO_RESPONSE,
M008,C0008083,2023-04-29,EXPOSED,2023-05-15,NO_RESPONSE,
M008,C0008779,2023-04-29,NOT_EXPOSED,,,
M008,C0009720,2023-04-29,EXPOSED,2023-05-06,POSITIVE,2023-05-11
M008,C0011404,2023-04-29,EXPOSED,2023-06-09,NO_RESPONSE,
M008,C0012062,2023-04-29,EXPOSED,2023-05-27,POSITIVE,2023-05-30
M008,C0012274,2023-04-29,EXPOSED,2023-05-20,POSITIVE,2023-05-25
M008,C0012613,2023-04-29,EXPOSED,2023-06-02,NO_RESPONSE,
M008,C0013688,2023-04-29,EXPOSED,2023-06-13,NO_RESPONSE,
M008,C0000697,2023-04-30,NOT_EXPOSED,,,
M008,C0001059,2023-04-30,EXPOSED,2023-06-16,NEUTRAL,2023-06-29
M008,C0004482,2023-04-30,EXPOSED,2023-06-11,NO_RESPONSE,
M008,C0004945,2023-04-30,EXPOSED,2023-05-29,NO_RESPONSE,
M008,C0005582,2023-04-30,EXPOSED,2023-06-03,NO_RESPONSE,
M008,C0006323,2023-04-30,EXPOSED,2023-05-03,NEGATIVE,2023-05-08
M008,C0006544,2023-04-30,EXPOSED,2023-06-05,NO_RESPONSE,
M008,C0007549,2023-04-30,EXPOSED,2023-06-09,NEUTRAL,2023-07-04
M008,C0010921,2023-04-30,EXPOSED,2023-05-24,NO_RESPONSE,
M008,C0013320,2023-04-30,NOT_EXPOSED,,,
M008,C0014006,2023-04-30,EXPOSED,2023-05-27,NO_RESPONSE,
M008,C0014010,2023-04-30,EXPOSED,2023-06-28,NEUTRAL,2023-07-01
M008,C0014314,2023-04-30,EXPOSED,2023-06-14,NO_RESPONSE,
M008,C0017734,2023-04-30,NOT_EXPOSED,,,
M008,C0018037,2023-04-30,EXPOSED,2023-05-22,NEUTRAL,2023-05-30
M008,C0000617,2023-05-01,EXPOSED,2023-05-16,NO_RESPONSE,
M008,C0000895,2023-05-01,EXPOSED,2023-05-22,POSITIVE,2023-06-13
M008,C0001012,2023-05-01,EXPOSED,2023-05-16,NO_RESPONSE,
M008,C0001296,2023-05-01,EXPOSED,2023-05-15,NO_RESPONSE,
M008,C0001342,2023-05-01,EXPOSED,2023-06-12,NO_RESPONSE,
M008,C0001701,2023-05-01,EXPOSED,2023-06-01,NO_RESPONSE,
M008,C0003472,2023-05-01,NOT_EXPOSED,,,
M008,C0005450,2023-05-01,EXPOSED,2023-05-25,NO_RESPONSE,
M008,C0006333,2023-05-01,EXPOSED,2023-06-09,NO_RESPONSE,
M008,C0006607,2023-05-01,EXPOSED,2023-05-14,NO_RESPONSE,
M008,C0007315,2023-05-01,EXPOSED,2023-05-14,NEUTRAL,2023-05-30
M008,C0007808,2023-05-01,NOT_EXPOSED,,,
M008,C0008868,2023-05-01,EXPOSED,2023-06-03,NO_RESPONSE,
M008,C0009597,2023-05-01,EXPOSED,2023-05-06,NO_RESPONSE,
M008,C0012077,2023-05-01,EXPOSED,2023-05-23,NO_RESPONSE,
M008,C0012415,2023-05-01,EXPOSED,2023-05-08,NO_RESPONSE,
M008,C0012663,2023-05-01,EXPOSED,2023-06-06,NO_RESPONSE,
M008,C0013029,2023-05-01,EXPOSED,2023-06-24,NEUTRAL,2023-07-07
M008,C0013811,2023-05-01,EXPOSED,2023-06-02,NO_RESPONSE,
M008,C0015232,2023-05-01,EXPOSED,2023-05-12,NO_RESPONSE,
M008,C0016135,2023-05-01,EXPOSED,2023-06-20,NO_RESPONSE,
M008,C0017319,2023-05-01,EXPOSED,2023-05-08,NO_RESPONSE,
M008,C0018146,2023-05-01,NOT_EXPOSED,,,
M008,C0018664,2023-05-01,EXPOSED,2023-05-26,NEUTRAL,2023-06-02
M008,C0019180,2023-05-01,EXPOSED,2023-05-28,NO_RESPONSE,
M008,C0000322,2023-05-02,EXPOSED,2023-05-27,NO_RESPONSE,
M008,C0001375,2023-05-02,EXPOSED,2023-06-12,NO_RESPONSE,
M008,C0002835,2023-05-02,EXPOSED,2023-05-04,NO_RESPONSE,
M008,C0003038,2023-05-02,EXPOSED,2023-05-26,POSITIVE,2023-06-01
M008,C0003168,2023-05-02,EXPOSED,2023-05-29,NO_RESPONSE,
M008,C0006984,2023-05-02,EXPOSED,2023-05-31,NO_RESPONSE,
M008,C0007783,2023-05-02,EXPOSED,2023-06-07,NO_RESPONSE,
M008,C0011602,2023-05-02,EXPOSED,2023-06-21,NO_RESPONSE,
M008,C0011959,2023-05-02,EXPOSED,2023-05-09,NO_RESPONSE,
M008,C0012065,2023-05-02,EXPOSED,2023-05-24,NO_RESPONSE,
M008,C0013023,2023-05-02,EXPOSED,2023-05-14,NO_RESPONSE,
M008,C0013227,2023-05-02,EXPOSED,2023-05-27,POSITIVE,2023-06-09
M008,C0013669,2023-05-02,EXPOSED,2023-05-26,POSITIVE,2023-07-08
M008,C0016288,2023-05-02,EXPOSED,2023-06-08,NO_RESPONSE,
M008,C0018120,2023-05-02,EXPOSED,2023-05-22,NO_RESPONSE,
M008,C0019775,2023-05-02,EXPOSED,2023-05-30,NO_RESPONSE,
M008,C0000436,2023-05-03,EXPOSED,2023-06-20,NO_RESPONSE,
M008,C0000675,2023-05-03,EXPOSED,2023-06-23,NO_RESPONSE,
M008,C0000804,2023-05-03,EXPOSED,2023-06-12,NO_RESPONSE,
M008,C0001558,2023-05-03,NOT_EXPOSED,,,
M008,C0001654,2023-05-03,EXPOSED,2023-05-08,NO_RESPONSE,
M008,C0002292,2023-05-03,EXPOSED,2023-05-12,NO_RESPONSE,
M008,C0003423,2023-05-03,EXPOSED,2023-05-24,NO_RESPONSE,
M008,C0004968,2023-05-03,NOT_EXPOSED,,,
M008,C0005079,2023-05-03,EXPOSED,2023-05-06,NO_RESPONSE,
M008,C0005463,2023-05-03,NOT_EXPOSED,,,
M008,C0005904,2023-05-03,EXPOSED,2023-05-25,NO_RESPONSE,
M008,C0006324,2023-05-03,NOT_EXPOSED,,,
M008,C0006689,2023-05-03,EXPOSED,2023-05-19,NO_RESPONSE,
M008,C0008916,2023-05-03,NOT_EXPOSED,,,
M008,C0009662,2023-05-03,EXPOSED,2023-05-21,NO_RESPONSE,
M008,C0010183,2023-05-03,EXPOSED,2023-05-07,NO_RESPONSE,
M008,C0011444,2023-05-03,EXPOSED,2023-05-19,NO_RESPONSE,
M008,C0011748,2023-05-03,EXPOSED,2023-05-28,NO_RESPONSE,
M008,C0013245,2023-05-03,EXPOSED,2023-05-09,NO_RESPONSE,
M008,C0013611,2023-05-03,EXPOSED,2023-05-21,NO_RESPONSE,
M008,C0015106,2023-05-03,NOT_EXPOSED,,,
M008,C0015277,2023-05-03,EXPOSED,2023-05-30,POSITIVE,2023-06-10
M008,C0015408,2023-05-03,EXPOSED,2023-06-14,NO_RESPONSE,
M008,C0015844,2023-05-03,EXPOSED,2023-06-01,NO_RESPONSE,
M008,C0015853,2023-05-03,EXPOSED,2023-05-14,NO_RESPONSE,
M008,C0016020,2023-05-03,NOT_EXPOSED,,,
M008,C0017827,2023-05-03,NOT_EXPOSED,,,
M008,C0018286,2023-05-03,EXPOSED,2023-05-08,POSITIVE,2023-05-13
M008,C0018810,2023-05-03,NOT_EXPOSED,,,
M008,C0019242,2023-05-03,EXPOSED,2023-05-18,NO_RESPONSE,
M008,C0000143,2023-05-04,NOT_EXPOSED,,,
M008,C0000396,2023-05-04,EXPOSED,2023-05-06,NO_RESPONSE,
M008,C0002727,2023-05-04,EXPOSED,2023-05-09,NEUTRAL,2023-05-26
M008,C0007856,2023-05-04,EXPOSED,2023-06-05,NO_RESPONSE,
M008,C0008652,2023-05-04,EXPOSED,2023-06-10,NO_RESPONSE,
M008,C0009109,2023-05-04,EXPOSED,2023-05-24,NO_RESPONSE,
M008,C0013780,2023-05-04,EXPOSED,2023-05-26,NO_RESPONSE,
M008,C0014871,2023-05-04,EXPOSED,2023-06-17,NO_RESPONSE,
M008,C0018953,2023-05-04,EXPOSED,2023-05-11,NO_RESPONSE,
M008,C0019697,2023-05-04,EXPOSED,2023-05-17,NO_RESPONSE,
M008,C0000105,2023-05-05,EXPOSED,2023-05-26,NO_RESPONSE,
M008,C0000188,2023-05-05,NOT_EXPOSED,,,
M008,C0000607,2023-05-05,NOT_EXPOSED,,,
M008,C0003819,2023-05-05,EXPOSED,2023-05-09,NO_RESPONSE,
M008,C0003936,2023-05-05,EXPOSED,2023-05-15,NO_RESPONSE,
M008,C0004848,2023-05-05,EXPOSED,2023-05-05,NO_RESPONSE,
M008,C0005907,2023-05-05,EXPOSED,2023-05-20,POSITIVE,2023-05-30
M008,C0006190,2023-05-05,EXPOSED,2023-05-22,NO_RESPONSE,
M008,C0007487,2023-05-05,EXPOSED,2023-05-07,NO_RESPONSE,
M008,C0008050,2023-05-05,NOT_EXPOSED,,,
M008,C0008836,2023-05-05,NOT_EXPOSED,,,
M008,C0009321,2023-05-05,EXPOSED,2023-05-09,NO_RESPONSE,
M008,C0009629,2023-05-05,EXPOSED,2023-06-10,POSITIVE,2023-06-15
M008,C0011664,2023-05-05,EXPOSED,2023-06-09,NEUTRAL,2023-06-25
M008,C0012222,2023-05-05,EXPOSED,2023-06-18,NEUTRAL,2023-06-29
M008,C0012267,2023-05-05,EXPOSED,2023-05-07,NO_RESPONSE,
M008,C0012627,2023-05-05,NOT_EXPOSED,,,
M008,C0013337,2023-05-05,EXPOSED,2023-05-27,NO_RESPONSE,
M008,C0015302,2023-05-05,EXPOSED,2023-06-22,NO_RESPONSE,
M008,C0016300,2023-05-05,EXPOSED,2023-05-14,NO_RESPONSE,
M008,C0016972,2023-05-05,EXPOSED,2023-05-19,NO_RESPONSE,
M008,C0017990,2023-05-05,EXPOSED,2023-06-28,NO_RESPONSE,
M008,C0018078,2023-05-05,EXPOSED,2023-05-29,NO_RESPONSE,
M008,C0019878,2023-05-05,NOT_EXPOSED,,,
M008,C0000852,2023-05-06,EXPOSED,2023-06-02,POSITIVE,2023-06-09
M008,C0002426,2023-05-06,EXPOSED,2023-06-25,NO_RESPONSE,
M008,C0003043,2023-05-06,EXPOSED,2023-06-16,NO_RESPONSE,
M008,C0005156,2023-05-06,EXPOSED,2023-06-18,NO_RESPONSE,
M008,C0005958,2023-05-06,EXPOSED,2023-06-13,NO_RESPONSE,
M008,C0006145,2023-05-06,NOT_EXPOSED,,,
M008,C0006836,2023-05-06,EXPOSED,2023-05-13,NO_RESPONSE,
M008,C0008809,2023-05-06,EXPOSED,2023-05-21,NO_RESPONSE,
M008,C0009040,2023-05-06,EXPOSED,2023-05-12,NO_RESPONSE,
M008,C0009600,2023-05-06,EXPOSED,2023-05-13,NO_RESPONSE,
M008,C0011089,2023-05-06,EXPOSED,2023-06-16,NO_RESPONSE,
M008,C0013553,2023-05-06,EXPOSED,2023-05-28,NO_RESPONSE,
M008,C0014009,2023-05-06,NOT_EXPOSED,,,
M008,C0015604,2023-05-06,EXPOSED,2023-06-23,POSITIVE,2023-07-08
M008,C0015620,2023-05-06,EXPOSED,2023-05-26,NO_RESPONSE,
M008,C0015972,2023-05-06,NOT_EXPOSED,,,
M008,C0016516,2023-05-06,EXPOSED,2023-05-19,NO_RESPONSE,
M008,C0017148,2023-05-06,NOT_EXPOSED,,,
M008,C0018194,2023-05-06,NOT_EXPOSED,,,
M008,C0019234,2023-05-06,EXPOSED,2023-06-17,NO_RESPONSE,
M008,C0019490,2023-05-06,EXPOSED,2023-05-28,NO_RESPONSE,
M008,C0019624,2023-05-06,EXPOSED,2023-05-09,NO_RESPONSE,
M008,C0000721,2023-05-07,EXPOSED,2023-05-14,NO_RESPONSE,
M008,C0000825,2023-05-07,NOT_EXPOSED,,,
M008,C0001956,2023-05-07,EXPOSED,2023-05-10,POSITIVE,2023-06-01
M008,C0002756,2023-05-07,EXPOSED,2023-05-17,NO_RESPONSE,
M008,C0002957,2023-05-07,EXPOSED,2023-05-27,NO_RESPONSE,
M008,C0003103,2023-05-07,NOT_EXPOSED,,,
M008,C0003220,2023-05-07,EXPOSED,2023-06-10,NO_RESPONSE,
M008,C0003358,2023-05-07,EXPOSED,2023-06-02,POSITIVE,2023-06-10
M008,C0003748,2023-05-07,EXPOSED,2023-05-29,NO_RESPONSE,
M008,C0004540,2023-05-07,EXPOSED,2023-06-09,NO_RESPONSE,
M008,C0004791,2023-05-07,NOT_EXPOSED,,,
M008,C0005254,2023-05-07,EXPOSED,2023-05-21,NO_RESPONSE,
M008,C0009570,2023-05-07,NOT_EXPOSED,,,
M008,C0011591,2023-05-07,EXPOSED,2023-06-03,NO_RESPONSE,
M008,C0011866,2023-05-07,EXPOSED,2023-05-09,NO_RESPONSE,
M008,C0012537,2023-05-07,EXPOSED,2023-05-14,NEUTRAL,2023-05-25
M008,C0012597,2023-05-07,EXPOSED,2023-05-09,NO_RESPONSE,
M008,C0013759,2023-05-07,EXPOSED,2023-05-24,NO_RESPONSE,
M008,C0015428,2023-05-07,EXPOSED,2023-06-09,NO_RESPONSE,
M008,C0016831,2023-05-07,NOT_EXPOSED,,,
M008,C0017447,2023-05-07,NOT_EXPOSED,,,
M008,C0017729,2023-05-07,NOT_EXPOSED,,,
M008,C0018976,2023-05-07,EXPOSED,2023-06-01,NO_RESPONSE,
M008,C0019548,2023-05-07,EXPOSED,2023-05-19,NO_RESPONSE,
M008,C0019656,2023-05-07,EXPOSED,2023-05-30,NO_RESPONSE,
M008,C0000259,2023-05-08,EXPOSED,2023-05-31,NO_RESPONSE,
M008,C0000659,2023-05-08,EXPOSED,2023-06-03,NO_RESPONSE,
M008,C0000847,2023-05-08,EXPOSED,2023-05-16,NO_RESPONSE,
M008,C0001345,2023-05-08,EXPOSED,2023-06-12,NO_RESPONSE,
M008,C0001807,2023-05-08,EXPOSED,2023-06-18,NO_RESPONSE,
M008,C0005633,2023-05-08,EXPOSED,2023-05-25,NO_RESPONSE,
M008,C0005638,2023-05-08,EXPOSED,2023-05-11,NO_RESPONSE,
M008,C0008249,2023-05-08,NOT_EXPOSED,,,
M008,C0008427,2023-05-08,NOT_EXPOSED,,,
M008,C0009100,2023-05-08,EXPOSED,2023-05-09,NO_RESPONSE,
M008,C0009191,2023-05-08,EXPOSED,2023-05-10,NO_RESPONSE,
M008,C0009251,2023-05-08,EXPOSED,2023-05-17,NO_RESPONSE,
M008,C0009604,2023-05-08,EXPOSED,2023-05-11,NO_RESPONSE,
M008,C0012299,2023-05-08,EXPOSED,2023-06-14,NO_RESPONSE,
M008,C0013299,2023-05-08,NOT_EXPOSED,,,
M008,C0014351,2023-05-08,EXPOSED,2023-05-12,NO_RESPONSE,
M008,C0014686,2023-05-08,NOT_EXPOSED,,,
M008,C0015499,2023-05-08,EXPOSED,2023-06-12,NO_RESPONSE,
M008,C0015747,2023-05-08,EXPOSED,2023-05-27,NO_RESPONSE,
M008,C0015919,2023-05-08,EXPOSED,2023-05-22,NO_RESPONSE,
M008,C0016685,2023-05-08,EXPOSED,2023-06-01,POSITIVE,2023-06-11
M008,C0018838,2023-05-08,EXPOSED,2023-05-14,NO_RESPONSE,
M008,C0004254,2023-05-09,EXPOSED,2023-05-21,NO_RESPONSE,
M008,C0004729,2023-05-09,NOT_EXPOSED,,,
M008,C0005293,2023-05-09,EXPOSED,2023-05-31,NO_RESPONSE,
M008,C0005576,2023-05-09,EXPOSED,2023-06-04,POSITIVE,2023-06-06
M008,C0005798,2023-05-09,EXPOSED,2023-05-12,NEUTRAL,2023-05-16
M008,C0010460,2023-05-09,EXPOSED,2023-05-23,POSITIVE,2023-05-24
M008,C0010895,2023-05-09,EXPOSED,2023-05-27,NO_RESPONSE,
M008,C0011856,2023-05-09,NOT_EXPOSED,,,
M008,C0011915,2023-05-09,EXPOSED,2023-05-20,NO_RESPONSE,
M008,C0012490,2023-05-09,EXPOSED,2023-05-19,NO_RESPONSE,
M008,C0013545,2023-05-09,EXPOSED,2023-05-21,POSITIVE,2023-06-01
M008,C0013894,2023-05-09,EXPOSED,2023-06-16,NO_RESPONSE,
M008,C0014001,2023-05-09,EXPOSED,2023-05-26,NO_RESPONSE,
M008,C0014061,2023-05-09,EXPOSED,2023-05-29,NO_RESPONSE,
M008,C0014093,2023-05-09,NOT_EXPOSED,,,
M008,C0014591,2023-05-09,EXPOSED,2023-05-14,NO_RESPONSE,
M008,C0015471,2023-05-09,NOT_EXPOSED,,,
M008,C0015831,2023-05-09,NOT_EXPOSED,,,
M008,C0015943,2023-05-09,EXPOSED,2023-06-22,NO_RESPONSE,
M008,C0016153,2023-05-09,EXPOSED,2023-05-19,NO_RESPONSE,
M008,C0017541,2023-05-09,EXPOSED,2023-05-14,NO_RESPONSE,
M008,C0001511,2023-05-10,EXPOSED,2023-05-15,POSITIVE,2023-05-18
M008,C0002209,2023-05-10,EXPOSED,2023-05-16,NO_RESPONSE,
M008,C0003320,2023-05-10,EXPOSED,2023-06-02,NO_RESPONSE,
M008,C0003964,2023-05-10,EXPOSED,2023-06-13,NO_RESPONSE,
M008,C0005008,2023-05-10,NOT_EXPOSED,,,
M008,C0006239,2023-05-10,EXPOSED,2023-05-20,NO_RESPONSE,
M008,C0008733,2023-05-10,EXPOSED,2023-06-10,NO_RESPONSE,
M008,C0010483,2023-05-10,EXPOSED,2023-05-15,NO_RESPONSE,
M008,C0011779,2023-05-10,EXPOSED,2023-06-19,NO_RESPONSE,
M008,C0017819,2023-05-10,EXPOSED,2023-06-06,NEUTRAL,2023-06-09
M008,C0019210,2023-05-10,EXPOSED,2023-06-16,NO_RESPONSE,
M008,C0002014,2023-05-11,EXPOSED,2023-06-04,NO_RESPONSE,
M008,C0002368,2023-05-11,EXPOSED,2023-05-18,NEUTRAL,2023-05-29
M008,C0002652,2023-05-11,EXPOSED,2023-05-21,NEUTRAL,2023-06-04
M008,C0002930,2023-05-11,EXPOSED,2023-06-01,NO_RESPONSE,
M008,C0004159,2023-05-11,EXPOSED,2023-05-27,POSITIVE,2023-06-05
M008,C0004291,2023-05-11,NOT_EXPOSED,,,
M008,C0005509,2023-05-11,EXPOSED,2023-05-24,NO_RESPONSE,
M008,C0005562,2023-05-11,EXPOSED,2023-05-29,NO_RESPONSE,
M008,C0008236,2023-05-11,EXPOSED,2023-06-12,NO_RESPONSE,
M008,C0008378,2023-05-11,NOT_EXPOSED,,,
M008,C0008581,2023-05-11,EXPOSED,2023-05-24,NO_RESPONSE,
M008,C0008841,2023-05-11,EXPOSED,2023-05-20,NO_RESPONSE,
M008,C0010280,2023-05-11,EXPOSED,2023-06-05,NO_RESPONSE,
M008,C0016218,2023-05-11,EXPOSED,2023-05-29,NO_RESPONSE,
M008,C0017422,2023-05-11,EXPOSED,2023-05-21,NO_RESPONSE,
M008,C0019436,2023-05-11,NOT_EXPOSED,,,
M008,C0000040,2023-05-12,EXPOSED,2023-06-17,NO_RESPONSE,
M008,C0000680,2023-05-12,EXPOSED,2023-06-02,NO_RESPONSE,
M008,C0001504,2023-05-12,EXPOSED,2023-05-20,POSITIVE,2023-05-31
M008,C0003754,2023-05-12,EXPOSED,2023-05-14,NO_RESPONSE,
M008,C0003816,2023-05-12,NOT_EXPOSED,,,
M008,C0005872,2023-05-12,EXPOSED,2023-05-23,NO_RESPONSE,
M008,C0006977,2023-05-12,EXPOSED,2023-05-14,NO_RESPONSE,
M008,C0007899,2023-05-12,EXPOSED,2023-05-22,NO_RESPONSE,
M008,C0008944,2023-05-12,EXPOSED,2023-05-14,NO_RESPONSE,
M008,C0010253,2023-05-12,EXPOSED,2023-05-26,NO_RESPONSE,
M008,C0010478,2023-05-12,EXPOSED,2023-06-08,NO_RESPONSE,
M008,C0013605,2023-05-12,EXPOSED,2023-05-21,NO_RESPONSE,
M008,C0013968,2023-05-12,EXPOSED,2023-05-17,NO_RESPONSE,
M008,C0014447,2023-05-12,EXPOSED,2023-06-10,NO_RESPONSE,
M008,C0014912,2023-05-12,EXPOSED,2023-06-06,NO_RESPONSE,
M008,C0015199,2023-05-12,NOT_EXPOSED,,,
M008,C0015695,2023-05-12,EXPOSED,2023-06-07,NEUTRAL,2023-06-15
M008,C0015927,2023-05-12,NOT_EXPOSED,,,
M008,C0016960,2023-05-12,EXPOSED,2023-06-05,NO_RESPONSE,
M008,C0017997,2023-05-12,EXPOSED,2023-05-15,NO_RESPONSE,
M008,C0019369,2023-05-12,EXPOSED,2023-06-04,NO_RESPONSE,
M008,C0000144,2023-05-13,EXPOSED,2023-05-25,NO_RESPONSE,
M008,C0003386,2023-05-13,EXPOSED,2023-06-09,NO_RESPONSE,
M008,C0004826,2023-05-13,EXPOSED,2023-05-18,NO_RESPONSE,
M008,C0006582,2023-05-13,EXPOSED,2023-06-04,NO_RESPONSE,
M008,C0008166,2023-05-13,EXPOSED,2023-06-20,NO_RESPONSE,
M008,C0010025,2023-05-13,NOT_EXPOSED,,,
M008,C0010352,2023-05-13,EXPOSED,2023-06-02,NO_RESPONSE,
M008,C0010789,2023-05-13,EXPOSED,2023-05-23,POSITIVE,2023-05-30
M008,C0011870,2023-05-13,NOT_EXPOSED,,,
M008,C0012305,2023-05-13,NOT_EXPOSED,,,
M008,C0012873,2023-05-13,EXPOSED,2023-05-16,NO_RESPONSE,
M008,C0014370,2023-05-13,EXPOSED,2023-06-06,NO_RESPONSE,
M008,C0016054,2023-05-13,NOT_EXPOSED,,,
M008,C0016086,2023-05-13,EXPOSED,2023-05-15,NO_RESPONSE,
M008,C0016655,2023-05-13,EXPOSED,2023-06-11,NO_RESPONSE,
M008,C0016690,2023-05-13,NOT_EXPOSED,,,
M008,C0017518,2023-05-13,EXPOSED,2023-06-23,NO_RESPONSE,
M008,C0019063,2023-05-13,EXPOSED,2023-05-17,NO_RESPONSE,
M008,C0019979,2023-05-13,EXPOSED,2023-06-11,NO_RESPONSE,
M008,C0000223,2023-05-14,EXPOSED,2023-05-30,NO_RESPONSE,
M008,C0000688,2023-05-14,EXPOSED,2023-05-27,NO_RESPONSE,
M008,C0001277,2023-05-14,EXPOSED,2023-05-24,NO_RESPONSE,
M008,C0001392,2023-05-14,EXPOSED,2023-06-21,NO_RESPONSE,
M008,C0001525,2023-05-14,EXPOSED,2023-06-20,NO_RESPONSE,
M008,C0001847,2023-05-14,EXPOSED,2023-06-14,NO_RESPONSE,
M008,C0002042,2023-05-14,EXPOSED,2023-05-30,NO_RESPONSE,
M008,C0008732,2023-05-14,EXPOSED,2023-05-31,NO_RESPONSE,
M008,C0009473,2023-05-14,EXPOSED,2023-05-24,NO_RESPONSE,
M008,C0010698,2023-05-14,EXPOSED,2023-05-22,NO_RESPONSE,
M008,C0010922,2023-05-14,NOT_EXPOSED,,,
M008,C0012567,2023-05-14,EXPOSED,2023-06-17,NO_RESPONSE,
M008,C0013757,2023-05-14,EXPOSED,2023-06-03,NO_RESPONSE,
M008,C0015125,2023-05-14,EXPOSED,2023-06-06,NO_RESPONSE,
M008,C0018220,2023-05-14,EXPOSED,2023-06-13,NO_RESPONSE,
M008,C0018594,2023-05-14,EXPOSED,2023-06-13,NO_RESPONSE,
M008,C0019649,2023-05-14,EXPOSED,2023-05-17,NEGATIVE,2023-06-01
M008,C0002412,2023-05-15,EXPOSED,2023-06-04,NO_RESPONSE,
M008,C0002699,2023-05-15,EXPOSED,2023-05-27,NO_RESPONSE,
M008,C0002762,2023-05-15,EXPOSED,2023-06-25,NO_RESPONSE,
M008,C0003668,2023-05-15,EXPOSED,2023-05-28,NO_RESPONSE,
M008,C0004064,2023-05-15,EXPOSED,2023-05-25,NO_RESPONSE,
M008,C0004395,2023-05-15,EXPOSED,2023-05-23,NO_RESPONSE,
M008,C0006279,2023-05-15,EXPOSED,2023-05-26,NO_RESPONSE,
M008,C0006292,2023-05-15,EXPOSED,2023-06-14,NO_RESPONSE,
M008,C0007272,2023-05-15,NOT_EXPOSED,,,
M008,C0007303,2023-05-15,NOT_EXPOSED,,,
M008,C0007842,2023-05-15,NOT_EXPOSED,,,
M008,C0008613,2023-05-15,EXPOSED,2023-06-02,NO_RESPONSE,
M008,C0009319,2023-05-15,EXPOSED,2023-05-17,NO_RESPONSE,
M008,C0009866,2023-05-15,EXPOSED,2023-06-09,POSITIVE,2023-06-14
M008,C0010064,2023-05-15,EXPOSED,2023-06-11,NO_RESPONSE,
M008,C0013870,2023-05-15,EXPOSED,2023-06-05,NO_RESPONSE,
M008,C0014797,2023-05-15,NOT_EXPOSED,,,
M008,C0015734,2023-05-15,EXPOSED,2023-06-09,NO_RESPONSE,
M008,C0016604,2023-05-15,EXPOSED,2023-05-24,NO_RESPONSE,
M008,C0017848,2023-05-15,EXPOSED,2023-05-29,NO_RESPONSE,
M008,C0019531,2023-05-15,EXPOSED,2023-05-21,NO_RESPONSE,
M008,C0019582,2023-05-15,EXPOSED,2023-05-20,NO_RESPONSE,
M008,C0002444,2023-05-16,EXPOSED,2023-05-21,NO_RESPONSE,
M008,C0003741,2023-05-16,EXPOSED,2023-05-21,NO_RESPONSE,
M008,C0004930,2023-05-16,EXPOSED,2023-06-03,NO_RESPONSE,
M008,C0005335,2023-05-16,EXPOSED,2023-06-04,NO_RESPONSE,
M008,C0006751,2023-05-16,EXPOSED,2023-06-07,NO_RESPONSE,
M008,C0008401,2023-05-16,EXPOSED,2023-06-27,NO_RESPONSE,
M008,C0009357,2023-05-16,EXPOSED,2023-06-24,NO_RESPONSE,
M008,C0009482,2023-05-16,EXPOSED,2023-05-30,NO_RESPONSE,
M008,C0010153,2023-05-16,EXPOSED,2023-05-27,NO_RESPONSE,
M008,C0011301,2023-05-16,NOT_EXPOSED,,,
M008,C0011639,2023-05-16,EXPOSED,2023-05-24,NO_RESPONSE,
M008,C0011682,2023-05-16,EXPOSED,2023-06-11,NO_RESPONSE,
M008,C0013344,2023-05-16,NOT_EXPOSED,,,
M008,C0013740,2023-05-16,EXPOSED,2023-06-17,NO_RESPONSE,
M008,C0015136,2023-05-16,NOT_EXPOSED,,,
M008,C0018177,2023-05-16,EXPOSED,2023-05-20,NO_RESPONSE,
M008,C0002039,2023-05-17,EXPOSED,2023-06-04,NO_RESPONSE,
M008,C0002046,2023-05-17,EXPOSED,2023-06-01,NO_RESPONSE,
M008,C0002845,2023-05-17,EXPOSED,2023-06-13,NO_RESPONSE,
M008,C0003042,2023-05-17,EXPOSED,2023-06-02,NO_RESPONSE,
M008,C0006114,2023-05-17,EXPOSED,2023-05-23,NEUTRAL,2023-06-08
M008,C0006159,2023-05-17,EXPOSED,2023-06-28,NO_RESPONSE,
M008,C0007179,2023-05-17,EXPOSED,2023-06-06,NO_RESPONSE,
M008,C0011847,2023-05-17,NOT_EXPOSED,,,
M008,C0012573,2023-05-17,EXPOSED,2023-05-26,NO_RESPONSE,
M008,C0014416,2023-05-17,EXPOSED,2023-05-23,NO_RESPONSE,
M008,C0014473,2023-05-17,NOT_EXPOSED,,,
M008,C0014815,2023-05-17,EXPOSED,2023-05-26,NO_RESPONSE,
M008,C0017267,2023-05-17,EXPOSED,2023-05-25,NO_RESPONSE,
M008,C0018843,2023-05-17,EXPOSED,2023-05-26,NO_RESPONSE,
M008,C0019987,2023-05-17,EXPOSED,2023-06-08,NO_RESPONSE,
M008,C0000036,2023-05-18,EXPOSED,2023-05-18,NO_RESPONSE,
M008,C0000856,2023-05-18,EXPOSED,2023-05-18,POSITIVE,2023-05-26
M008,C0002913,2023-05-18,EXPOSED,2023-06-12,NEUTRAL,2023-06-23
M008,C0002918,2023-05-18,EXPOSED,2023-06-11,NO_RESPONSE,
M008,C0006512,2023-05-18,EXPOSED,2023-06-01,NO_RESPONSE,
M008,C0007716,2023-05-18,NOT_EXPOSED,,,
M008,C0007754,2023-05-18,EXPOSED,2023-05-21,NO_RESPONSE,
M008,C0007796,2023-05-18,NOT_EXPOSED,,,
M008,C0012621,2023-05-18,NOT_EXPOSED,,,
M008,C0014955,2023-05-18,EXPOSED,2023-06-03,NO_RESPONSE,
M008,C0017182,2023-05-18,EXPOSED,2023-06-10,NO_RESPONSE,
M008,C0018791,2023-05-18,EXPOSED,2023-05-26,NO_RESPONSE,
M008,C0001568,2023-05-19,EXPOSED,2023-06-15,NO_RESPONSE,
M008,C0002060,2023-05-19,EXPOSED,2023-05-28,NO_RESPONSE,
M008,C0003431,2023-05-19,EXPOSED,2023-06-05,NO_RESPONSE,
M008,C0003574,2023-05-19,EXPOSED,2023-06-08,NO_RESPONSE,
M008,C0004228,2023-05-19,EXPOSED,2023-06-01,NO_RESPONSE,
M008,C0010144,2023-05-19,NOT_EXPOSED,,,
M008,C0010426,2023-05-19,EXPOSED,2023-05-20,NO_RESPONSE,
M008,C0013413,2023-05-19,EXPOSED,2023-06-09,NO_RESPONSE,
M008,C0013499,2023-05-19,NOT_EXPOSED,,,
M008,C0015498,2023-05-19,NOT_EXPOSED,,,
M008,C0016271,2023-05-19,NOT_EXPOSED,,,
M008,C0016711,2023-05-19,EXPOSED,2023-06-25,NO_RESPONSE,
M008,C0016731,2023-05-19,EXPOSED,2023-06-23,NO_RESPONSE,
M008,C0018829,2023-05-19,EXPOSED,2023-06-27,NO_RESPONSE,
M008,C0004223,2023-05-20,EXPOSED,2023-06-06,NO_RESPONSE,
M008,C0004423,2023-05-20,EXPOSED,2023-06-07,NO_RESPONSE,
M008,C0004658,2023-05-20,EXPOSED,2023-05-25,NO_RESPONSE,
M008,C0012701,2023-05-20,EXPOSED,2023-05-31,NO_RESPONSE,
M008,C0013197,2023-05-20,EXPOSED,2023-06-09,NO_RESPONSE,
M008,C0014443,2023-05-20,EXPOSED,2023-06-24,NO_RESPONSE,
M008,C0014658,2023-05-20,EXPOSED,2023-05-29,NO_RESPONSE,
M008,C0015370,2023-05-20,EXPOSED,2023-06-13,NO_RESPONSE,
M008,C0016057,2023-05-20,EXPOSED,2023-06-02,NO_RESPONSE,
M008,C0016805,2023-05-20,EXPOSED,2023-05-21,NO_RESPONSE,
M008,C0017895,2023-05-20,EXPOSED,2023-06-10,NEUTRAL,2023-06-24
M008,C0018563,2023-05-20,EXPOSED,2023-05-24,NO_RESPONSE,
M008,C0019601,2023-05-20,EXPOSED,2023-05-26,NO_RESPONSE,
M008,C0000611,2023-05-21,EXPOSED,2023-05-30,NO_RESPONSE,
M008,C0003066,2023-05-21,EXPOSED,2023-05-26,NO_RESPONSE,
M008,C0004184,2023-05-21,EXPOSED,2023-05-25,NO_RESPONSE,
M008,C0005214,2023-05-21,EXPOSED,2023-05-23,NO_RESPONSE,
M008,C0005773,2023-05-21,EXPOSED,2023-06-19,NO_RESPONSE,
M008,C0006558,2023-05-21,EXPOSED,2023-06-22,NO_RESPONSE,
M008,C0007391,2023-05-21,EXPOSED,2023-06-01,NO_RESPONSE,
M008,C0007995,2023-05-21,EXPOSED,2023-05-27,NO_RESPONSE,
M008,C0009648,2023-05-21,NOT_EXPOSED,,,
M008,C0009701,2023-05-21,EXPOSED,2023-05-29,NO_RESPONSE,
M008,C0009896,2023-05-21,EXPOSED,2023-06-10,NO_RESPONSE,
M008,C0010891,2023-05-21,EXPOSED,2023-06-21,NO_RESPONSE,
M008,C0013513,2023-05-21,NOT_EXPOSED,,,
M008,C0013684,2023-05-21,EXPOSED,2023-06-08,NO_RESPONSE,
M008,C0014048,2023-05-21,EXPOSED,2023-06-09,NO_RESPONSE,
M008,C0017520,2023-05-21,EXPOSED,2023-05-27,NO_RESPONSE,
M008,C0017680,2023-05-21,EXPOSED,2023-05-27,NO_RESPONSE,
M008,C0018475,2023-05-21,EXPOSED,2023-06-08,NO_RESPONSE,
M008,C0019239,2023-05-21,EXPOSED,2023-06-01,NO_RESPONSE,
M008,C0001684,2023-05-22,EXPOSED,2023-06-09,NO_RESPONSE,
M008,C0003451,2023-05-22,EXPOSED,2023-05-23,NO_RESPONSE,
M008,C0003564,2023-05-22,EXPOSED,2023-05-28,NO_RESPONSE,
M008,C0007635,2023-05-22,EXPOSED,2023-06-03,NO_RESPONSE,
M008,C0010380,2023-05-22,EXPOSED,2023-05-24,NO_RESPONSE,
M008,C0010846,2023-05-22,EXPOSED,2023-06-06,NO_RESPONSE,
M008,C0012289,2023-05-22,EXPOSED,2023-06-08,NO_RESPONSE,
M008,C0012596,2023-05-22,EXPOSED,2023-06-16,NO_RESPONSE,
M008,C0012892,2023-05-22,EXPOSED,2023-05-31,NO_RESPONSE,
M008,C0013481,2023-05-22,NOT_EXPOSED,,,
M008,C0013483,2023-05-22,EXPOSED,2023-05-31,NO_RESPONSE,
M008,C0016143,2023-05-22,EXPOSED,2023-05-26,NO_RESPONSE,
M008,C0016766,2023-05-22,NOT_EXPOSED,,,
M008,C0018300,2023-05-22,EXPOSED,2023-06-03,NO_RESPONSE,
M008,C0018903,2023-05-22,EXPOSED,2023-06-06,NO_RESPONSE,
M008,C0019722,2023-05-22,EXPOSED,2023-06-13,NO_RESPONSE,
M008,C0001229,2023-05-23,EXPOSED,2023-06-17,NO_RESPONSE,
M008,C0002221,2023-05-23,EXPOSED,2023-06-03,NEGATIVE,2023-06-30
M008,C0005318,2023-05-23,NOT_EXPOSED,,,
M008,C0006451,2023-05-23,EXPOSED,2023-06-24,NO_RESPONSE,
M008,C0011926,2023-05-23,EXPOSED,2023-06-24,NO_RESPONSE,
M008,C0013162,2023-05-23,EXPOSED,2023-05-31,NO_RESPONSE,
M008,C0013509,2023-05-23,EXPOSED,2023-06-14,NO_RESPONSE,
M008,C0014771,2023-05-23,EXPOSED,2023-06-21,NO_RESPONSE,
M008,C0016959,2023-05-23,EXPOSED,2023-06-13,NO_RESPONSE,
M008,C0017385,2023-05-23,EXPOSED,2023-06-17,NO_RESPONSE,
M008,C0018003,2023-05-23,EXPOSED,2023-06-23,NO_RESPONSE,
M008,C0018536,2023-05-23,EXPOSED,2023-06-19,NO_RESPONSE,
M008,C0000026,2023-05-24,EXPOSED,2023-05-28,POSITIVE,2023-06-05
M008,C0002386,2023-05-24,EXPOSED,2023-06-03,NO_RESPONSE,
M008,C0009809,2023-05-24,EXPOSED,2023-06-10,NO_RESPONSE,
M008,C0012386,2023-05-24,EXPOSED,2023-06-11,NO_RESPONSE,
M008,C0014047,2023-05-24,EXPOSED,2023-06-17,NO_RESPONSE,
M008,C0014252,2023-05-24,EXPOSED,2023-06-19,NO_RESPONSE,
M008,C0015852,2023-05-24,EXPOSED,2023-06-12,NO_RESPONSE,
M008,C0016787,2023-05-24,EXPOSED,2023-06-21,NO_RESPONSE,
M008,C0017975,2023-05-24,EXPOSED,2023-06-02,NO_RESPONSE,
M008,C0019644,2023-05-24,EXPOSED,2023-05-28,NO_RESPONSE,
M008,C0001284,2023-05-25,EXPOSED,2023-06-07,NO_RESPONSE,
M008,C0006657,2023-05-25,EXPOSED,2023-06-08,NO_RESPONSE,
M008,C0008973,2023-05-25,EXPOSED,2023-06-10,NO_RESPONSE,
M008,C0009922,2023-05-25,EXPOSED,2023-06-11,NO_RESPONSE,
M008,C0011943,2023-05-25,EXPOSED,2023-06-24,NO_RESPONSE,
M008,C0012210,2023-05-25,NOT_EXPOSED,,,
M008,C0015557,2023-05-25,EXPOSED,2023-05-27,NO_RESPONSE,
M008,C0016555,2023-05-25,NOT_EXPOSED,,,
M008,C0016615,2023-05-25,EXPOSED,2023-06-04,NO_RESPONSE,
M008,C0017757,2023-05-25,EXPOSED,2023-05-31,NO_RESPONSE,
M008,C0019698,2023-05-25,EXPOSED,2023-05-31,NO_RESPONSE,
M008,C0019865,2023-05-25,EXPOSED,2023-06-03,NO_RESPONSE,
M008,C0002328,2023-05-26,EXPOSED,2023-06-07,NO_RESPONSE,
M008,C0004339,2023-05-26,EXPOSED,2023-06-21,NO_RESPONSE,
M008,C0005445,2023-05-26,EXPOSED,2023-06-16,NO_RESPONSE,
M008,C0007000,2023-05-26,EXPOSED,2023-06-28,NO_RESPONSE,
M008,C0008026,2023-05-26,EXPOSED,2023-05-28,NO_RESPONSE,
M008,C0009696,2023-05-26,NOT_EXPOSED,,,
M008,C0010118,2023-05-26,EXPOSED,2023-06-09,NO_RESPONSE,
M008,C0011257,2023-05-26,EXPOSED,2023-06-22,NO_RESPONSE,
M008,C0016614,2023-05-26,EXPOSED,2023-06-15,NO_RESPONSE,
M008,C0019721,2023-05-26,EXPOSED,2023-06-20,NO_RESPONSE,
M008,C0001734,2023-05-27,EXPOSED,2023-06-19,NO_RESPONSE,
M008,C0001752,2023-05-27,EXPOSED,2023-06-16,NO_RESPONSE,
M008,C0002346,2023-05-27,EXPOSED,2023-06-05,NO_RESPONSE,
M008,C0005276,2023-05-27,EXPOSED,2023-06-20,NO_RESPONSE,
M008,C0007798,2023-05-27,EXPOSED,2023-06-15,NO_RESPONSE,
M008,C0008781,2023-05-27,EXPOSED,2023-06-13,NO_RESPONSE,
M008,C0008805,2023-05-27,NOT_EXPOSED,,,
M008,C0012149,2023-05-27,EXPOSED,2023-06-09,NO_RESPONSE,
M008,C0012550,2023-05-27,EXPOSED,2023-06-13,NO_RESPONSE,
M008,C0014987,2023-05-27,EXPOSED,2023-06-10,NO_RESPONSE,
M008,C0016839,2023-05-27,EXPOSED,2023-06-03,NO_RESPONSE,
M008,C0017701,2023-05-27,EXPOSED,2023-06-14,NO_RESPONSE,
M008,C0017789,2023-05-27,NOT_EXPOSED,,,
M008,C0017873,2023-05-27,EXPOSED,2023-06-08,NO_RESPONSE,
M008,C0000625,2023-05-28,NOT_EXPOSED,,,
M008,C0001240,2023-05-28,EXPOSED,2023-06-02,NO_RESPONSE,
M008,C0002331,2023-05-28,EXPOSED,2023-05-31,NO_RESPONSE,
M008,C0003474,2023-05-28,EXPOSED,2023-06-16,NO_RESPONSE,
M008,C0008033,2023-05-28,EXPOSED,2023-06-02,NO_RESPONSE,
M008,C0010389,2023-05-28,NOT_EXPOSED,,,
M008,C0011035,2023-05-28,NOT_EXPOSED,,,
M008,C0016941,2023-05-28,NOT_EXPOSED,,,
M008,C0001322,2023-05-29,NOT_EXPOSED,,,
M008,C0002115,2023-05-29,EXPOSED,2023-06-25,NO_RESPONSE,
M008,C0002192,2023-05-29,EXPOSED,2023-06-17,NO_RESPONSE,
M008,C0004056,2023-05-29,NOT_EXPOSED,,,
M008,C0004201,2023-05-29,NOT_EXPOSED,,,
M008,C0006394,2023-05-29,EXPOSED,2023-06-18,POSITIVE,2023-07-18
M008,C0009994,2023-05-29,EXPOSED,2023-06-09,NO_RESPONSE,
M008,C0012670,2023-05-29,NOT_EXPOSED,,,
M008,C0014714,2023-05-29,EXPOSED,2023-06-09,NO_RESPONSE,
M008,C0016574,2023-05-29,EXPOSED,2023-05-31,NO_RESPONSE,
M008,C0016648,2023-05-29,EXPOSED,2023-06-08,NO_RESPONSE,
M008,C0017927,2023-05-29,EXPOSED,2023-06-25,NO_RESPONSE,
M008,C0018537,2023-05-29,NOT_EXPOSED,,,
M008,C0003219,2023-05-30,EXPOSED,2023-06-06,NO_RESPONSE,
M008,C0007858,2023-05-30,EXPOSED,2023-06-16,NO_RESPONSE,
M008,C0007891,2023-05-30,EXPOSED,2023-06-13,NO_RESPONSE,
M008,C0008647,2023-05-30,EXPOSED,2023-06-07,NO_RESPONSE,
M008,C0010087,2023-05-30,EXPOSED,2023-06-19,NO_RESPONSE,
M008,C0014295,2023-05-30,EXPOSED,2023-06-14,NO_RESPONSE,
M008,C0016413,2023-05-30,EXPOSED,2023-05-30,POSITIVE,2023-06-13
M008,C0016678,2023-05-30,EXPOSED,2023-06-25,NO_RESPONSE,
M008,C0019795,2023-05-30,EXPOSED,2023-06-04,NO_RESPONSE,
M008,C0002082,2023-05-31,NOT_EXPOSED,,,
M008,C0003286,2023-05-31,EXPOSED,2023-06-28,NO_RESPONSE,
M008,C0007773,2023-05-31,EXPOSED,2023-06-10,NO_RESPONSE,
M008,C0010065,2023-05-31,EXPOSED,2023-06-13,NO_RESPONSE,
M008,C0010274,2023-05-31,NOT_EXPOSED,,,
M008,C0010969,2023-05-31,EXPOSED,2023-06-12,NO_RESPONSE,
M008,C0015528,2023-05-31,NOT_EXPOSED,,,
M008,C0000418,2023-06-01,NOT_EXPOSED,,,
M008,C0005436,2023-06-01,EXPOSED,2023-06-15,NO_RESPONSE,
M008,C0006166,2023-06-01,EXPOSED,2023-06-18,NO_RESPONSE,
M008,C0007284,2023-06-01,EXPOSED,2023-06-01,POSITIVE,2023-06-24
M008,C0013965,2023-06-01,EXPOSED,2023-06-12,NEUTRAL,2023-06-26
M008,C0014926,2023-06-01,EXPOSED,2023-06-04,NO_RESPONSE,
M008,C0015660,2023-06-01,EXPOSED,2023-06-10,NO_RESPONSE,
M008,C0015839,2023-06-01,EXPOSED,2023-06-22,NO_RESPONSE,
M008,C0016790,2023-06-01,EXPOSED,2023-06-14,NO_RESPONSE,
M008,C0017213,2023-06-01,NOT_EXPOSED,,,
M008,C0001264,2023-06-02,NOT_EXPOSED,,,
M008,C0001325,2023-06-02,EXPOSED,2023-06-09,NO_RESPONSE,
M008,C0002738,2023-06-02,NOT_EXPOSED,,,
M008,C0008914,2023-06-02,EXPOSED,2023-06-07,NO_RESPONSE,
M008,C0009831,2023-06-02,EXPOSED,2023-06-15,NO_RESPONSE,
M008,C0009943,2023-06-02,EXPOSED,2023-06-04,NEGATIVE,2023-06-20
M008,C0010071,2023-06-02,EXPOSED,2023-06-14,NO_RESPONSE,
M008,C0010083,2023-06-02,EXPOSED,2023-06-24,NO_RESPONSE,
M008,C0011366,2023-06-02,EXPOSED,2023-06-20,NO_RESPONSE,
M008,C0011440,2023-06-02,NOT_EXPOSED,,,
M008,C0015429,2023-06-02,EXPOSED,2023-06-26,NO_RESPONSE,
M008,C0018920,2023-06-02,EXPOSED,2023-06-04,NO_RESPONSE,
M008,C0000179,2023-06-03,EXPOSED,2023-06-26,POSITIVE,2023-06-27
M008,C0002453,2023-06-03,EXPOSED,2023-06-08,NEGATIVE,2023-06-13
M008,C0002622,2023-06-03,NOT_EXPOSED,,,
M008,C0010521,2023-06-03,EXPOSED,2023-06-17,NO_RESPONSE,
M008,C0011551,2023-06-03,EXPOSED,2023-06-08,NO_RESPONSE,
M008,C0012510,2023-06-03,EXPOSED,2023-06-26,NO_RESPONSE,
M008,C0013148,2023-06-03,EXPOSED,2023-06-15,NO_RESPONSE,
M008,C0013464,2023-06-03,NOT_EXPOSED,,,
M008,C0000258,2023-06-04,EXPOSED,2023-06-20,NO_RESPONSE,
M008,C0001788,2023-06-04,EXPOSED,2023-06-24,NEUTRAL,2023-06-28
M008,C0005521,2023-06-04,EXPOSED,2023-06-06,POSITIVE,2023-07-01
M008,C0007189,2023-06-04,EXPOSED,2023-06-15,NO_RESPONSE,
M008,C0007885,2023-06-04,EXPOSED,2023-06-22,NO_RESPONSE,
M008,C0008397,2023-06-04,EXPOSED,2023-06-08,NO_RESPONSE,
M008,C0010393,2023-06-04,EXPOSED,2023-06-27,NO_RESPONSE,
M008,C0010914,2023-06-04,NOT_EXPOSED,,,
M008,C0012566,2023-06-04,EXPOSED,2023-06-18,NO_RESPONSE,
M008,C0013230,2023-06-04,NOT_EXPOSED,,,
M008,C0013760,2023-06-04,EXPOSED,2023-06-16,NO_RESPONSE,
M008,C0015171,2023-06-04,EXPOSED,2023-06-26,NO_RESPONSE,
M008,C0015607,2023-06-04,NOT_EXPOSED,,,
M008,C0001759,2023-06-05,EXPOSED,2023-06-14,NO_RESPONSE,
M008,C0005068,2023-06-05,EXPOSED,2023-06-08,NEUTRAL,2023-06-14
M008,C0007410,2023-06-05,EXPOSED,2023-06-21,NO_RESPONSE,
M008,C0010576,2023-06-05,EXPOSED,2023-06-10,NO_RESPONSE,
M008,C0011693,2023-06-05,EXPOSED,2023-06-08,NO_RESPONSE,
M008,C0013574,2023-06-05,EXPOSED,2023-06-12,NO_RESPONSE,
M008,C0019292,2023-06-05,EXPOSED,2023-06-11,NO_RESPONSE,
M008,C0000966,2023-06-06,EXPOSED,2023-06-26,NO_RESPONSE,
M008,C0008555,2023-06-06,EXPOSED,2023-06-10,NO_RESPONSE,
M008,C0009527,2023-06-06,EXPOSED,2023-06-16,NO_RESPONSE,
M008,C0012673,2023-06-06,EXPOSED,2023-06-15,POSITIVE,2023-06-17
M008,C0013785,2023-06-06,EXPOSED,2023-06-09,NEUTRAL,2023-07-28
M008,C0018453,2023-06-06,EXPOSED,2023-06-14,NO_RESPONSE,
M008,C0018799,2023-06-06,EXPOSED,2023-06-11,NO_RESPONSE,
M008,C0000846,2023-06-07,EXPOSED,2023-06-08,NO_RESPONSE,
M008,C0007246,2023-06-07,EXPOSED,2023-06-11,NO_RESPONSE,
M008,C0007394,2023-06-07,EXPOSED,2023-06-14,NO_RESPONSE,
M008,C0008424,2023-06-07,EXPOSED,2023-06-20,NO_RESPONSE,
M008,C0009371,2023-06-07,NOT_EXPOSED,,,
M008,C0010643,2023-06-07,EXPOSED,2023-06-10,POSITIVE,2023-06-25
M008,C0011531,2023-06-07,EXPOSED,2023-06-13,NO_RESPONSE,
M008,C0000925,2023-06-08,NOT_EXPOSED,,,
M008,C0001086,2023-06-08,EXPOSED,2023-06-17,NO_RESPONSE,
M008,C0003513,2023-06-08,EXPOSED,2023-06-14,NO_RESPONSE,
M008,C0004949,2023-06-08,EXPOSED,2023-06-12,NO_RESPONSE,
M008,C0006032,2023-06-08,EXPOSED,2023-06-10,NO_RESPONSE,
M008,C0006949,2023-06-08,EXPOSED,2023-06-15,NO_RESPONSE,
M008,C0007581,2023-06-08,EXPOSED,2023-06-14,NO_RESPONSE,
M008,C0007990,2023-06-08,EXPOSED,2023-06-16,NO_RESPONSE,
M008,C0008699,2023-06-08,EXPOSED,2023-06-10,NO_RESPONSE,
M008,C0008832,2023-06-08,EXPOSED,2023-06-24,NO_RESPONSE,
M008,C0011905,2023-06-08,EXPOSED,2023-06-14,NO_RESPONSE,
M008,C0013528,2023-06-08,EXPOSED,2023-06-25,NO_RESPONSE,
M008,C0015554,2023-06-08,EXPOSED,2023-06-12,NO_RESPONSE,
M008,C0015722,2023-06-08,EXPOSED,2023-06-15,NO_RESPONSE,
M008,C0017391,2023-06-08,EXPOSED,2023-06-23,NO_RESPONSE,
M008,C0017440,2023-06-08,EXPOSED,2023-06-25,NO_RESPONSE,
M008,C0003939,2023-06-09,EXPOSED,2023-06-19,POSITIVE,2023-06-20
M008,C0004863,2023-06-09,EXPOSED,2023-06-18,NO_RESPONSE,
M008,C0005186,2023-06-09,NOT_EXPOSED,,,
M008,C0010769,2023-06-09,EXPOSED,2023-06-24,NO_RESPONSE,
M008,C0012803,2023-06-09,NOT_EXPOSED,,,
M008,C0013348,2023-06-09,EXPOSED,2023-06-14,NO_RESPONSE,
M008,C0015081,2023-06-09,EXPOSED,2023-06-21,NO_RESPONSE,
M008,C0018881,2023-06-09,EXPOSED,2023-06-14,NO_RESPONSE,
M008,C0019349,2023-06-09,EXPOSED,2023-06-11,NO_RESPONSE,
M008,C0001119,2023-06-10,EXPOSED,2023-06-17,NO_RESPONSE,
M008,C0003198,2023-06-10,EXPOSED,2023-06-11,NO_RESPONSE,
M008,C0007318,2023-06-10,EXPOSED,2023-06-18,NO_RESPONSE,
M008,C0009068,2023-06-10,EXPOSED,2023-06-11,NO_RESPONSE,
M008,C0010621,2023-06-10,EXPOSED,2023-06-21,POSITIVE,2023-06-26
M008,C0017004,2023-06-10,EXPOSED,2023-06-22,NO_RESPONSE,
M008,C0000096,2023-06-11,EXPOSED,2023-06-21,NO_RESPONSE,
M008,C0000883,2023-06-11,NOT_EXPOSED,,,
M008,C0001025,2023-06-11,EXPOSED,2023-06-14,NO_RESPONSE,
M008,C0001955,2023-06-11,NOT_EXPOSED,,,
M008,C0008182,2023-06-11,EXPOSED,2023-06-20,POSITIVE,2023-06-27
M008,C0008612,2023-06-11,EXPOSED,2023-06-16,NO_RESPONSE,
M008,C0015279,2023-06-11,EXPOSED,2023-06-13,NO_RESPONSE,
M008,C0015973,2023-06-11,EXPOSED,2023-06-13,NO_RESPONSE,
M008,C0006705,2023-06-12,EXPOSED,2023-06-17,NO_RESPONSE,
M008,C0006729,2023-06-12,EXPOSED,2023-06-18,NO_RESPONSE,
M008,C0015110,2023-06-12,EXPOSED,2023-06-14,NO_RESPONSE,
M008,C0016611,2023-06-12,EXPOSED,2023-06-23,NO_RESPONSE,
M008,C0017880,2023-06-12,EXPOSED,2023-06-18,NO_RESPONSE,
M008,C0019155,2023-06-12,EXPOSED,2023-06-14,NEGATIVE,2023-07-06
M008,C0019212,2023-06-12,EXPOSED,2023-06-13,NO_RESPONSE,
M008,C0003705,2023-06-13,EXPOSED,2023-06-16,NO_RESPONSE,
M008,C0006339,2023-06-13,EXPOSED,2023-06-16,NO_RESPONSE,
M008,C0010317,2023-06-13,EXPOSED,2023-06-22,NO_RESPONSE,
M008,C0013554,2023-06-13,EXPOSED,2023-06-18,NO_RESPONSE,
M008,C0016862,2023-06-13,EXPOSED,2023-06-26,NO_RESPONSE,
M008,C0003791,2023-06-14,EXPOSED,2023-06-21,NO_RESPONSE,
M008,C0009447,2023-06-14,EXPOSED,2023-06-21,NO_RESPONSE,
M008,C0011425,2023-06-14,EXPOSED,2023-06-26,NO_RESPONSE,
M008,C0012866,2023-06-14,EXPOSED,2023-06-22,NO_RESPONSE,
M008,C0012922,2023-06-14,EXPOSED,2023-06-28,NO_RESPONSE,
M008,C0016072,2023-06-14,EXPOSED,2023-06-24,NO_RESPONSE,
M008,C0004032,2023-06-15,EXPOSED,2023-06-17,NO_RESPONSE,
M008,C0004552,2023-06-15,NOT_EXPOSED,,,
M008,C0007540,2023-06-15,EXPOSED,2023-06-17,NO_RESPONSE,
M008,C0010375,2023-06-15,NOT_EXPOSED,,,
M008,C0015764,2023-06-15,EXPOSED,2023-06-22,NO_RESPONSE,
M008,C0016365,2023-06-15,EXPOSED,2023-06-18,NO_RESPONSE,
M008,C0018433,2023-06-15,EXPOSED,2023-06-18,NO_RESPONSE,
M008,C0019841,2023-06-15,NOT_EXPOSED,,,
M008,C0006945,2023-06-16,EXPOSED,2023-06-17,NO_RESPONSE,
M008,C0008619,2023-06-16,EXPOSED,2023-06-20,NO_RESPONSE,
M008,C0014065,2023-06-16,EXPOSED,2023-06-17,NO_RESPONSE,
M008,C0016416,2023-06-16,EXPOSED,2023-06-16,NO_RESPONSE,
M008,C0003719,2023-06-17,EXPOSED,2023-06-20,NO_RESPONSE,
M008,C0010117,2023-06-17,EXPOSED,2023-06-19,NO_RESPONSE,
M008,C0013207,2023-06-17,EXPOSED,2023-06-25,NO_RESPONSE,
M008,C0003362,2023-06-18,EXPOSED,2023-06-20,NO_RESPONSE,
M008,C0004598,2023-06-18,EXPOSED,2023-06-26,NO_RESPONSE,
M008,C0019530,2023-06-18,EXPOSED,2023-06-23,NO_RESPONSE,
M008,C0019571,2023-06-18,NOT_EXPOSED,,,
M008,C0005499,2023-06-19,NOT_EXPOSED,,,
M008,C0016745,2023-06-19,EXPOSED,2023-06-21,NO_RESPONSE,
M008,C0006148,2023-06-20,EXPOSED,2023-06-22,POSITIVE,2023-06-26
M008,C0005486,2023-06-21,EXPOSED,2023-06-25,NO_RESPONSE,
M008,C0004127,2023-06-22,EXPOSED,2023-06-28,NO_RESPONSE,
M008,C0015396,2023-06-22,EXPOSED,2023-06-28,NO_RESPONSE,
M008,C0018276,2023-06-22,EXPOSED,2023-06-26,NEGATIVE,2023-07-06
M008,C0009353,2023-06-23,EXPOSED,2023-06-25,NO_RESPONSE,
M008,C0016649,2023-06-23,EXPOSED,2023-06-28,NO_RESPONSE,
M008,C0005073,2023-06-24,EXPOSED,2023-06-27,NEUTRAL,2023-06-29
M008,C0008763,2023-06-24,EXPOSED,2023-06-27,NO_RESPONSE,
M008,C0009059,2023-06-24,EXPOSED,2023-06-25,NO_RESPONSE,
M008,C0014480,2023-06-24,EXPOSED,2023-06-28,NO_RESPONSE,
M008,C0019144,2023-06-24,EXPOSED,2023-06-26,NO_RESPONSE,
M008,C0014441,2023-06-26,EXPOSED,2023-06-27,NO_RESPONSE,
M008,C0015785,2023-06-26,EXPOSED,2023-06-29,NO_RESPONSE,
M008,C0018254,2023-06-26,NOT_EXPOSED,,,
M008,C0015895,2023-06-27,EXPOSED,2023-06-29,POSITIVE,2023-07-10
M009,C0010860,2023-05-16,EXPOSED,2023-06-21,NO_RESPONSE,
M009,C0013889,2023-05-17,EXPOSED,2023-07-12,NO_RESPONSE,
M009,C0011658,2023-05-18,EXPOSED,2023-07-26,NO_RESPONSE,
M009,C0016767,2023-05-19,EXPOSED,2023-06-18,NO_RESPONSE,
M009,C0013107,2023-05-20,EXPOSED,2023-06-15,NO_RESPONSE,
M009,C0013295,2023-05-20,EXPOSED,2023-07-09,NO_RESPONSE,
M009,C0002688,2023-05-21,EXPOSED,2023-08-19,NO_RESPONSE,
M009,C0003538,2023-05-21,NOT_EXPOSED,,,
M009,C0005411,2023-05-21,EXPOSED,2023-06-05,NO_RESPONSE,
M009,C0006656,2023-05-21,EXPOSED,2023-07-31,NO_RESPONSE,
M009,C0009131,2023-05-21,EXPOSED,2023-05-27,NO_RESPONSE,
M009,C0009783,2023-05-21,EXPOSED,2023-06-11,NO_RESPONSE,
M009,C0010553,2023-05-21,EXPOSED,2023-06-08,NO_RESPONSE,
M009,C0010639,2023-05-22,EXPOSED,2023-07-15,NO_RESPONSE,
M009,C0011353,2023-05-22,EXPOSED,2023-06-30,NO_RESPONSE,
M009,C0013747,2023-05-22,NOT_EXPOSED,,,
M009,C0015268,2023-05-22,EXPOSED,2023-08-14,NO_RESPONSE,
M009,C0015665,2023-05-22,NOT_EXPOSED,,,
M009,C0016250,2023-05-22,EXPOSED,2023-07-08,NO_RESPONSE,
M009,C0004367,2023-05-23,EXPOSED,2023-06-13,NO_RESPONSE,
M009,C0005209,2023-05-23,EXPOSED,2023-06-18,NO_RESPONSE,
M009,C0006436,2023-05-23,EXPOSED,2023-07-23,NO_RESPONSE,
M009,C0014664,2023-05-23,EXPOSED,2023-07-20,NO_RESPONSE,
M009,C0010503,2023-05-24,EXPOSED,2023-05-27,NO_RESPONSE,
M009,C0011225,2023-05-24,EXPOSED,2023-07-11,NO_RESPONSE,
M009,C0017173,2023-05-24,EXPOSED,2023-05-26,NO_RESPONSE,
M009,C0001699,2023-05-25,EXPOSED,2023-06-12,POSITIVE,2023-06-18
M009,C0004773,2023-05-25,EXPOSED,2023-08-02,NO_RESPONSE,
M009,C0009472,2023-05-25,EXPOSED,2023-06-13,NO_RESPONSE,
M009,C0011063,2023-05-25,EXPOSED,2023-06-09,NO_RESPONSE,
M009,C0011323,2023-05-25,EXPOSED,2023-07-15,NO_RESPONSE,
M009,C0013812,2023-05-25,EXPOSED,2023-06-26,NO_RESPONSE,
M009,C0001253,2023-05-26,NOT_EXPOSED,,,
M009,C0004333,2023-05-26,NOT_EXPOSED,,,
M009,C0008659,2023-05-26,EXPOSED,2023-06-02,NO_RESPONSE,
M009,C0012993,2023-05-26,EXPOSED,2023-08-16,NO_RESPONSE,
M009,C0014216,2023-05-26,NOT_EXPOSED,,,
M009,C0004302,2023-05-27,EXPOSED,2023-07-23,NO_RESPONSE,
M009,C0005441,2023-05-27,EXPOSED,2023-08-19,NO_RESPONSE,
M009,C0009102,2023-05-27,EXPOSED,2023-07-24,POSITIVE,2023-08-03
M009,C0011693,2023-05-28,EXPOSED,2023-07-29,NO_RESPONSE,
M009,C0019689,2023-05-28,EXPOSED,2023-06-08,POSITIVE,2023-06-08
M009,C0000689,2023-05-29,EXPOSED,2023-07-28,NO_RESPONSE,
M009,C0013370,2023-05-29,EXPOSED,2023-06-26,NO_RESPONSE,
M009,C0014282,2023-05-29,NOT_EXPOSED,,,
M009,C0019389,2023-05-29,EXPOSED,2023-06-15,POSITIVE,2023-06-24
M009,C0019939,2023-05-29,NOT_EXPOSED,,,
M009,C0003476,2023-05-30,EXPOSED,2023-07-25,NO_RESPONSE,
M009,C0003701,2023-05-30,NOT_EXPOSED,,,
M009,C0004146,2023-05-30,EXPOSED,2023-08-14,NO_RESPONSE,
M009,C0004470,2023-05-30,EXPOSED,2023-06-23,NO_RESPONSE,
M009,C0004772,2023-05-30,EXPOSED,2023-07-05,NO_RESPONSE,
M009,C0006544,2023-05-30,EXPOSED,2023-07-08,NO_RESPONSE,
M009,C0008068,2023-05-30,EXPOSED,2023-07-13,NO_RESPONSE,
M009,C0008876,2023-05-30,EXPOSED,2023-06-10,NO_RESPONSE,
M009,C0011339,2023-05-30,EXPOSED,2023-06-27,NO_RESPONSE,
M009,C0012411,2023-05-30,EXPOSED,2023-05-31,NO_RESPONSE,
M009,C0013235,2023-05-30,EXPOSED,2023-08-05,NO_RESPONSE,
M009,C0016272,2023-05-30,EXPOSED,2023-08-20,NO_RESPONSE,
M009,C0018360,2023-05-30,EXPOSED,2023-07-06,NEUTRAL,2023-07-12
M009,C0000367,2023-05-31,EXPOSED,2023-06-21,NO_RESPONSE,
M009,C0007699,2023-05-31,EXPOSED,2023-07-27,NO_RESPONSE,
M009,C0009882,2023-05-31,EXPOSED,2023-06-18,NO_RESPONSE,
M009,C0010414,2023-05-31,EXPOSED,2023-08-05,NO_RESPONSE,
M009,C0017727,2023-05-31,EXPOSED,2023-07-09,NO_RESPONSE,
M009,C0018524,2023-05-31,EXPOSED,2023-07-01,NO_RESPONSE,
M009,C0019436,2023-05-31,NOT_EXPOSED,,,
M009,C0004552,2023-06-01,EXPOSED,2023-07-16,NO_RESPONSE,
M009,C0005964,2023-06-01,EXPOSED,2023-06-03,NEUTRAL,2023-06-14
M009,C0007643,2023-06-01,EXPOSED,2023-07-03,NO_RESPONSE,
M009,C0013160,2023-06-01,EXPOSED,2023-06-26,NO_RESPONSE,
M009,C0013952,2023-06-01,EXPOSED,2023-07-20,NO_RESPONSE,
M009,C0001972,2023-06-02,EXPOSED,2023-07-29,NO_RESPONSE,
M009,C0004382,2023-06-02,EXPOSED,2023-07-13,NO_RESPONSE,
M009,C0005729,2023-06-02,EXPOSED,2023-07-02,NO_RESPONSE,
M009,C0007942,2023-06-02,EXPOSED,2023-06-08,NO_RESPONSE,
M009,C0015573,2023-06-02,EXPOSED,2023-07-02,NO_RESPONSE,
M009,C0018180,2023-06-02,EXPOSED,2023-07-22,NO_RESPONSE,
M009,C0018404,2023-06-02,EXPOSED,2023-06-15,NO_RESPONSE,
M009,C0006323,2023-06-03,EXPOSED,2023-07-13,NO_RESPONSE,
M009,C0013068,2023-06-03,EXPOSED,2023-07-17,NO_RESPONSE,
M009,C0002592,2023-06-04,EXPOSED,2023-06-11,POSITIVE,2023-06-14
M009,C0006771,2023-06-04,EXPOSED,2023-06-24,NO_RESPONSE,
M009,C0010881,2023-06-04,EXPOSED,2023-08-29,NO_RESPONSE,
M009,C0018812,2023-06-04,EXPOSED,2023-08-03,NO_RESPONSE,
M009,C0003423,2023-06-05,EXPOSED,2023-06-10,NEUTRAL,2023-06-20
M009,C0011879,2023-06-05,EXPOSED,2023-07-06,NO_RESPONSE,
M009,C0019208,2023-06-05,EXPOSED,2023-06-27,NO_RESPONSE,
M009,C0000440,2023-06-06,EXPOSED,2023-06-12,NO_RESPONSE,
M009,C0005749,2023-06-06,EXPOSED,2023-08-14,NO_RESPONSE,
M009,C0007537,2023-06-06,EXPOSED,2023-07-17,NO_RESPONSE,
M009,C0012892,2023-06-06,EXPOSED,2023-07-17,NO_RESPONSE,
M009,C0008809,2023-06-07,EXPOSED,2023-06-16,NO_RESPONSE,
M009,C0017892,2023-06-07,NOT_EXPOSED,,,
M009,C0019410,2023-06-07,EXPOSED,2023-08-16,POSITIVE,2023-08-19
M009,C0007192,2023-06-08,EXPOSED,2023-07-14,NO_RESPONSE,
M009,C0007247,2023-06-08,NOT_EXPOSED,,,
M009,C0010599,2023-06-08,EXPOSED,2023-06-23,NO_RESPONSE,
M009,C0013140,2023-06-08,NOT_EXPOSED,,,
M009,C0016678,2023-06-08,EXPOSED,2023-07-26,NO_RESPONSE,
M009,C0005467,2023-06-09,EXPOSED,2023-08-17,NEUTRAL,2023-08-24
M009,C0004899,2023-06-10,EXPOSED,2023-07-11,NO_RESPONSE,
M009,C0006832,2023-06-10,EXPOSED,2023-07-02,NO_RESPONSE,
M009,C0014306,2023-06-10,EXPOSED,2023-07-17,NO_RESPONSE,
M009,C0014979,2023-06-10,EXPOSED,2023-06-11,NO_RESPONSE,
M009,C0002377,2023-06-11,EXPOSED,2023-07-28,NO_RESPONSE,
M009,C0003138,2023-06-11,EXPOSED,2023-07-26,NO_RESPONSE,
M009,C0003556,2023-06-11,NOT_EXPOSED,,,
M009,C0011027,2023-06-11,EXPOSED,2023-07-04,POSITIVE,2023-07-06
M009,C0015042,2023-06-11,EXPOSED,2023-06-14,NO_RESPONSE,
M009,C0000732,2023-06-12,EXPOSED,2023-07-24,NO_RESPONSE,
M009,C0001787,2023-06-12,EXPOSED,2023-07-04,NO_RESPONSE,
M009,C0001913,2023-06-12,EXPOSED,2023-06-28,NO_RESPONSE,
M009,C0013392,2023-06-12,EXPOSED,2023-08-19,POSITIVE,2023-08-28
M009,C0017208,2023-06-12,NOT_EXPOSED,,,
M009,C0019131,2023-06-12,EXPOSED,2023-07-22,NO_RESPONSE,
M009,C0001273,2023-06-13,NOT_EXPOSED,,,
M009,C0001600,2023-06-13,EXPOSED,2023-07-21,NO_RESPONSE,
M009,C0003816,2023-06-13,NOT_EXPOSED,,,
M009,C0005362,2023-06-13,EXPOSED,2023-07-14,NO_RESPONSE,
M009,C0010305,2023-06-13,EXPOSED,2023-06-21,NO_RESPONSE,
M009,C0012697,2023-06-13,EXPOSED,2023-06-17,NO_RESPONSE,
M009,C0013611,2023-06-13,EXPOSED,2023-07-31,NO_RESPONSE,
M009,C0016412,2023-06-13,EXPOSED,2023-07-19,NO_RESPONSE,
M009,C0006927,2023-06-14,EXPOSED,2023-07-16,NO_RESPONSE,
M009,C0009351,2023-06-14,EXPOSED,2023-07-11,NO_RESPONSE,
M009,C0014347,2023-06-14,EXPOSED,2023-06-26,NO_RESPONSE,
M009,C0017728,2023-06-14,EXPOSED,2023-07-13,NO_RESPONSE,
M009,C0019015,2023-06-14,EXPOSED,2023-07-21,NO_RESPONSE,
M009,C0014680,2023-06-15,NOT_EXPOSED,,,
M009,C0015180,2023-06-15,EXPOSED,2023-07-08,NO_RESPONSE,
M009,C0017565,2023-06-15,EXPOSED,2023-07-15,NO_RESPONSE,
M009,C0018296,2023-06-15,EXPOSED,2023-08-13,NO_RESPONSE,
M009,C0018943,2023-06-15,EXPOSED,2023-07-09,NO_RESPONSE,
M009,C0001010,2023-06-16,NOT_EXPOSED,,,
M009,C0001856,2023-06-16,EXPOSED,2023-06-26,NO_RESPONSE,
M009,C0004265,2023-06-16,EXPOSED,2023-06-22,POSITIVE,2023-06-27
M009,C0004496,2023-06-16,EXPOSED,2023-07-18,NO_RESPONSE,
M009,C0010069,2023-06-16,EXPOSED,2023-08-02,NEUTRAL,2023-08-03
M009,C0012065,2023-06-16,EXPOSED,2023-08-21,NO_RESPONSE,
M009,C0007303,2023-06-17,EXPOSED,2023-07-18,NEUTRAL,2023-07-24
M009,C0007022,2023-06-18,EXPOSED,2023-06-30,NO_RESPONSE,
M009,C0012908,2023-06-19,NOT_EXPOSED,,,
M009,C0016010,2023-06-19,EXPOSED,2023-08-13,NO_RESPONSE,
M009,C0018129,2023-06-19,EXPOSED,2023-06-25,NO_RESPONSE,
M009,C0000402,2023-06-20,EXPOSED,2023-07-07,NO_RESPONSE,
M009,C0007043,2023-06-20,EXPOSED,2023-06-30,NO_RESPONSE,
M009,C0014500,2023-06-20,EXPOSED,2023-06-29,NO_RESPONSE,
M009,C0018778,2023-06-20,EXPOSED,2023-07-09,NO_RESPONSE,
M009,C0003323,2023-06-21,EXPOSED,2023-07-04,NO_RESPONSE,
M009,C0005662,2023-06-21,EXPOSED,2023-08-03,NO_RESPONSE,
M009,C0009969,2023-06-21,EXPOSED,2023-06-27,NEGATIVE,2023-07-05
M009,C0010355,2023-06-21,EXPOSED,2023-07-12,NO_RESPONSE,
M009,C0012298,2023-06-21,NOT_EXPOSED,,,
M009,C0012531,2023-06-21,EXPOSED,2023-07-19,NO_RESPONSE,
M009,C0015767,2023-06-21,EXPOSED,2023-07-21,NO_RESPONSE,
M009,C0007131,2023-06-22,EXPOSED,2023-07-02,NO_RESPONSE,
M009,C0009138,2023-06-22,EXPOSED,2023-07-04,NO_RESPONSE,
M009,C0015250,2023-06-22,EXPOSED,2023-07-22,NO_RESPONSE,
M009,C0016163,2023-06-22,EXPOSED,2023-08-10,POSITIVE,2023-09-09
M009,C0018307,2023-06-22,EXPOSED,2023-07-28,NO_RESPONSE,
M009,C0001993,2023-06-23,NOT_EXPOSED,,,
M009,C0009111,2023-06-23,EXPOSED,2023-07-29,NO_RESPONSE,
M009,C0009937,2023-06-23,EXPOSED,2023-08-02,NO_RESPONSE,
M009,C0015500,2023-06-23,EXPOSED,2023-07-12,NO_RESPONSE,
M009,C0019301,2023-06-23,EXPOSED,2023-07-23,POSITIVE,2023-07-27
M009,C0003553,2023-06-24,EXPOSED,2023-08-11,POSITIVE,2023-08-16
M009,C0006532,2023-06-24,EXPOSED,2023-08-09,NO_RESPONSE,
M009,C0007423,2023-06-24,EXPOSED,2023-07-28,NO_RESPONSE,
M009,C0013950,2023-06-24,EXPOSED,2023-07-02,NO_RESPONSE,
M009,C0017576,2023-06-24,EXPOSED,2023-08-24,NO_RESPONSE,
M009,C0006398,2023-06-25,EXPOSED,2023-07-05,POSITIVE,2023-07-16
M009,C0006468,2023-06-25,EXPOSED,2023-07-02,NO_RESPONSE,
M009,C0007861,2023-06-25,EXPOSED,2023-07-25,NO_RESPONSE,
M009,C0008058,2023-06-25,EXPOSED,2023-08-02,NO_RESPONSE,
M009,C0008388,2023-06-25,EXPOSED,2023-07-22,NO_RESPONSE,
M009,C0016422,2023-06-25,EXPOSED,2023-06-29,NO_RESPONSE,
M009,C0019412,2023-06-25,EXPOSED,2023-07-18,NO_RESPONSE,
M009,C0009381,2023-06-26,EXPOSED,2023-08-10,NO_RESPONSE,
M009,C0010174,2023-06-26,NOT_EXPOSED,,,
M009,C0018162,2023-06-26,EXPOSED,2023-07-06,NO_RESPONSE,
M009,C0000783,2023-06-27,EXPOSED,2023-07-12,NO_RESPONSE,
M009,C0013313,2023-06-27,EXPOSED,2023-07-12,NO_RESPONSE,
M009,C0014480,2023-06-27,NOT_EXPOSED,,,
M009,C0001546,2023-06-28,EXPOSED,2023-07-28,NEGATIVE,2023-08-04
M009,C0007008,2023-06-28,EXPOSED,2023-08-12,NO_RESPONSE,
M009,C0002428,2023-06-29,NOT_EXPOSED,,,
M009,C0002982,2023-06-29,NOT_EXPOSED,,,
M009,C0003298,2023-06-29,EXPOSED,2023-07-24,POSITIVE,2023-07-26
M009,C0017166,2023-06-29,EXPOSED,2023-08-07,NO_RESPONSE,
M009,C0002589,2023-06-30,EXPOSED,2023-07-14,NEGATIVE,2023-07-19
M009,C0004089,2023-06-30,EXPOSED,2023-07-08,NO_RESPONSE,
M009,C0004630,2023-06-30,EXPOSED,2023-07-23,NO_RESPONSE,
M009,C0012936,2023-06-30,EXPOSED,2023-07-18,NO_RESPONSE,
M009,C0015714,2023-06-30,EXPOSED,2023-07-30,NO_RESPONSE,
M009,C0018116,2023-06-30,EXPOSED,2023-08-16,NO_RESPONSE,
M009,C0005022,2023-07-02,EXPOSED,2023-07-09,NO_RESPONSE,
M009,C0001015,2023-07-03,EXPOSED,2023-08-05,NO_RESPONSE,
M009,C0003036,2023-07-03,EXPOSED,2023-07-16,NO_RESPONSE,
M009,C0004283,2023-07-03,EXPOSED,2023-07-21,NO_RESPONSE,
M009,C0010259,2023-07-03,EXPOSED,2023-07-11,NO_RESPONSE,
M009,C0013876,2023-07-03,NOT_EXPOSED,,,
M009,C0000245,2023-07-04,EXPOSED,2023-08-25,NO_RESPONSE,
M009,C0004051,2023-07-04,EXPOSED,2023-07-10,NO_RESPONSE,
M009,C0004464,2023-07-04,EXPOSED,2023-08-10,NO_RESPONSE,
M009,C0007171,2023-07-04,EXPOSED,2023-08-02,NO_RESPONSE,
M009,C0003749,2023-07-05,NOT_EXPOSED,,,
M009,C0007039,2023-07-06,EXPOSED,2023-08-13,NO_RESPONSE,
M009,C0007399,2023-07-06,EXPOSED,2023-08-06,NO_RESPONSE,
M009,C0008164,2023-07-06,NOT_EXPOSED,,,
M009,C0008637,2023-07-06,EXPOSED,2023-08-17,NO_RESPONSE,
M009,C0013705,2023-07-06,NOT_EXPOSED,,,
M009,C0017070,2023-07-06,NOT_EXPOSED,,,
M009,C0019639,2023-07-06,EXPOSED,2023-07-18,NO_RESPONSE,
M009,C0001996,2023-07-07,EXPOSED,2023-08-09,POSITIVE,2023-08-12
M009,C0012604,2023-07-07,EXPOSED,2023-07-18,NO_RESPONSE,
M009,C0002206,2023-07-08,EXPOSED,2023-08-24,NO_RESPONSE,
M009,C0010192,2023-07-08,EXPOSED,2023-08-15,NO_RESPONSE,
M009,C0010777,2023-07-08,EXPOSED,2023-07-15,NO_RESPONSE,
M009,C0000370,2023-07-09,NOT_EXPOSED,,,
M009,C0002178,2023-07-09,EXPOSED,2023-08-02,NO_RESPONSE,
M009,C0004471,2023-07-09,EXPOSED,2023-07-20,POSITIVE,2023-07-27
M009,C0007489,2023-07-09,EXPOSED,2023-08-07,NO_RESPONSE,
M009,C0012933,2023-07-09,EXPOSED,2023-08-13,NO_RESPONSE,
M009,C0014591,2023-07-09,NOT_EXPOSED,,,
M009,C0017822,2023-07-09,NOT_EXPOSED,,,
M009,C0018819,2023-07-09,EXPOSED,2023-07-14,NO_RESPONSE,
M009,C0003308,2023-07-10,EXPOSED,2023-07-24,NO_RESPONSE,
M009,C0005047,2023-07-10,EXPOSED,2023-07-13,NO_RESPONSE,
M009,C0012210,2023-07-10,EXPOSED,2023-08-05,NO_RESPONSE,
M009,C0014036,2023-07-10,EXPOSED,2023-08-06,NEUTRAL,2023-08-12
M009,C0018118,2023-07-10,EXPOSED,2023-07-16,NO_RESPONSE,
M009,C0002196,2023-07-11,EXPOSED,2023-08-07,NO_RESPONSE,
M009,C0006889,2023-07-11,EXPOSED,2023-07-18,NO_RESPONSE,
M009,C0009071,2023-07-11,EXPOSED,2023-07-24,NO_RESPONSE,
M009,C0014547,2023-07-11,EXPOSED,2023-08-18,NO_RESPONSE,
M009,C0016089,2023-07-11,EXPOSED,2023-07-31,NO_RESPONSE,
M009,C0018910,2023-07-11,EXPOSED,2023-07-17,NO_RESPONSE,
M009,C0000821,2023-07-12,EXPOSED,2023-08-12,NO_RESPONSE,
M009,C0002684,2023-07-12,EXPOSED,2023-08-02,NEUTRAL,2023-08-07
M009,C0006439,2023-07-12,EXPOSED,2023-07-23,NEUTRAL,2023-07-30
M009,C0007100,2023-07-12,EXPOSED,2023-07-15,NO_RESPONSE,
M009,C0015566,2023-07-12,NOT_EXPOSED,,,
M009,C0018960,2023-07-12,NOT_EXPOSED,,,
M009,C0019356,2023-07-12,EXPOSED,2023-08-24,NO_RESPONSE,
M009,C0000572,2023-07-13,EXPOSED,2023-08-26,NO_RESPONSE,
M009,C0003374,2023-07-13,EXPOSED,2023-07-31,NO_RESPONSE,
M009,C0010155,2023-07-13,NOT_EXPOSED,,,
M009,C0010980,2023-07-13,EXPOSED,2023-07-31,NO_RESPONSE,
M009,C0012441,2023-07-13,EXPOSED,2023-08-05,NO_RESPONSE,
M009,C0015604,2023-07-13,EXPOSED,2023-08-17,NO_RESPONSE,
M009,C0000246,2023-07-14,EXPOSED,2023-08-05,NO_RESPONSE,
M009,C0002147,2023-07-14,EXPOSED,2023-07-15,NO_RESPONSE,
M009,C0006152,2023-07-14,NOT_EXPOSED,,,
M009,C0008390,2023-07-14,EXPOSED,2023-07-29,NO_RESPONSE,
M009,C0015895,2023-07-14,EXPOSED,2023-07-20,NO_RESPONSE,
M009,C0001839,2023-07-15,NOT_EXPOSED,,,
M009,C0004505,2023-07-15,EXPOSED,2023-08-05,NEGATIVE,2023-08-10
M009,C0007358,2023-07-15,EXPOSED,2023-07-18,NEUTRAL,2023-07-22
M009,C0000297,2023-07-16,EXPOSED,2023-08-23,NO_RESPONSE,
M009,C0002532,2023-07-16,EXPOSED,2023-08-01,NEGATIVE,2023-08-09
M009,C0013225,2023-07-16,EXPOSED,2023-08-20,NO_RESPONSE,
M009,C0013332,2023-07-16,EXPOSED,2023-08-14,NO_RESPONSE,
M009,C0011541,2023-07-17,EXPOSED,2023-08-05,NO_RESPONSE,
M009,C0013187,2023-07-17,EXPOSED,2023-07-31,NO_RESPONSE,
M009,C0013571,2023-07-17,EXPOSED,2023-07-29,NEGATIVE,2023-07-30
M009,C0004424,2023-07-18,EXPOSED,2023-07-30,NO_RESPONSE,
M009,C0013692,2023-07-18,EXPOSED,2023-07-30,NO_RESPONSE,
M009,C0018401,2023-07-18,EXPOSED,2023-08-20,NO_RESPONSE,
M009,C0011009,2023-07-19,EXPOSED,2023-08-10,NO_RESPONSE,
M009,C0004691,2023-07-20,EXPOSED,2023-07-23,NO_RESPONSE,
M009,C0014073,2023-07-20,EXPOSED,2023-08-19,POSITIVE,2023-08-29
M009,C0019292,2023-07-20,EXPOSED,2023-07-27,NO_RESPONSE,
M009,C0019190,2023-07-22,EXPOSED,2023-08-10,NO_RESPONSE,
M009,C0010684,2023-07-23,EXPOSED,2023-08-06,NO_RESPONSE,
M009,C0017360,2023-07-23,EXPOSED,2023-07-31,NO_RESPONSE,
M009,C0007746,2023-07-24,NOT_EXPOSED,,,
M009,C0016110,2023-07-24,EXPOSED,2023-07-31,NO_RESPONSE,
M009,C0000231,2023-07-25,EXPOSED,2023-08-09,NO_RESPONSE,
M009,C0015798,2023-07-25,EXPOSED,2023-08-02,NO_RESPONSE,
M009,C0004911,2023-07-26,EXPOSED,2023-07-31,NO_RESPONSE,
M009,C0006208,2023-07-26,EXPOSED,2023-08-14,NO_RESPONSE,
M009,C0007496,2023-07-26,NOT_EXPOSED,,,
M009,C0019841,2023-07-26,EXPOSED,2023-07-28,NO_RESPONSE,
M009,C0005958,2023-07-27,EXPOSED,2023-07-27,NO_RESPONSE,
M009,C0013230,2023-07-27,EXPOSED,2023-07-28,NO_RESPONSE,
M009,C0011265,2023-07-28,NOT_EXPOSED,,,
M009,C0002287,2023-07-29,EXPOSED,2023-08-17,NEGATIVE,2023-08-27
M009,C0004026,2023-07-29,EXPOSED,2023-08-05,NO_RESPONSE,
M009,C0008678,2023-07-29,EXPOSED,2023-08-07,NO_RESPONSE,
M009,C0014342,2023-07-29,NOT_EXPOSED,,,
M009,C0008857,2023-07-31,EXPOSED,2023-07-31,POSITIVE,2023-08-08
M009,C0012336,2023-07-31,EXPOSED,2023-08-12,NO_RESPONSE,
M009,C0001569,2023-08-01,EXPOSED,2023-08-27,NO_RESPONSE,
M009,C0002164,2023-08-01,EXPOSED,2023-08-03,NO_RESPONSE,
M009,C0012701,2023-08-01,EXPOSED,2023-08-16,NO_RESPONSE,
M009,C0015102,2023-08-02,EXPOSED,2023-08-16,NO_RESPONSE,
M009,C0008949,2023-08-03,EXPOSED,2023-08-07,NO_RESPONSE,
M009,C0005285,2023-08-04,EXPOSED,2023-08-08,NO_RESPONSE,
M009,C0012621,2023-08-04,NOT_EXPOSED,,,
M009,C0015302,2023-08-04,EXPOSED,2023-08-27,NO_RESPONSE,
M009,C0014264,2023-08-05,EXPOSED,2023-08-12,NO_RESPONSE,
M009,C0004734,2023-08-06,EXPOSED,2023-08-14,NO_RESPONSE,
M009,C0008768,2023-08-06,EXPOSED,2023-08-19,NO_RESPONSE,
M009,C0006637,2023-08-07,EXPOSED,2023-08-11,NO_RESPONSE,
M009,C0005257,2023-08-08,EXPOSED,2023-08-15,NO_RESPONSE,
M009,C0009806,2023-08-09,EXPOSED,2023-08-25,NO_RESPONSE,
M009,C0001830,2023-08-10,EXPOSED,2023-08-14,NO_RESPONSE,
M009,C0008756,2023-08-10,EXPOSED,2023-08-16,NO_RESPONSE,
M009,C0001245,2023-08-11,EXPOSED,2023-08-15,NEUTRAL,2023-08-26
M009,C0008332,2023-08-11,EXPOSED,2023-08-25,NO_RESPONSE,
M009,C0014206,2023-08-11,EXPOSED,2023-08-27,NO_RESPONSE,
M009,C0000259,2023-08-12,EXPOSED,2023-08-21,NO_RESPONSE,
M009,C0009196,2023-08-12,EXPOSED,2023-08-24,NO_RESPONSE,
M009,C0010257,2023-08-12,EXPOSED,2023-08-18,NO_RESPONSE,
M009,C0002752,2023-08-13,NOT_EXPOSED,,,
M009,C0014842,2023-08-13,EXPOSED,2023-08-16,NO_RESPONSE,
M009,C0002887,2023-08-14,NOT_EXPOSED,,,
M009,C0005684,2023-08-14,EXPOSED,2023-08-19,NEUTRAL,2023-08-26
M009,C0019729,2023-08-14,EXPOSED,2023-08-15,NO_RESPONSE,
M009,C0019936,2023-08-14,EXPOSED,2023-08-23,NEUTRAL,2023-08-23
M009,C0016608,2023-08-15,EXPOSED,2023-08-20,NO_RESPONSE,
M009,C0002762,2023-08-16,EXPOSED,2023-08-22,NO_RESPONSE,
M009,C0010392,2023-08-16,EXPOSED,2023-08-28,NO_RESPONSE,
M009,C0007162,2023-08-17,EXPOSED,2023-08-23,NO_RESPONSE,
M009,C0007622,2023-08-17,NOT_EXPOSED,,,
M009,C0001955,2023-08-20,EXPOSED,2023-08-28,POSITIVE,2023-09-02
M009,C0019262,2023-08-21,NOT_EXPOSED,,,
M010,C0006547,2023-09-03,EXPOSED,2023-10-21,NO_RESPONSE,
M010,C0014568,2023-09-05,EXPOSED,2023-10-25,POSITIVE,2023-11-06
M010,C0016070,2023-09-08,EXPOSED,2023-09-20,NO_RESPONSE,
M010,C0017815,2023-09-08,EXPOSED,2023-10-27,NO_RESPONSE,
M010,C0004907,2023-09-11,EXPOSED,2023-11-08,NO_RESPONSE,
M010,C0015518,2023-09-12,EXPOSED,2023-10-15,NO_RESPONSE,
M010,C0016789,2023-09-12,EXPOSED,2023-10-20,NO_RESPONSE,
M010,C0005663,2023-09-14,EXPOSED,2023-09-30,NO_RESPONSE,
M010,C0006569,2023-09-16,EXPOSED,2023-10-17,POSITIVE,2023-10-28
M010,C0019677,2023-09-16,EXPOSED,2023-09-29,NO_RESPONSE,
M010,C0016629,2023-09-18,EXPOSED,2023-10-04,NO_RESPONSE,
M010,C0011136,2023-09-22,EXPOSED,2023-11-29,NO_RESPONSE,
M010,C0007946,2023-09-24,EXPOSED,2023-11-06,NO_RESPONSE,
M010,C0017231,2023-09-27,NOT_EXPOSED,,,
M010,C0008106,2023-09-28,EXPOSED,2023-11-08,NO_RESPONSE,
M010,C0009374,2023-10-01,EXPOSED,2023-11-12,POSITIVE,2023-12-03
M010,C0017549,2023-10-03,EXPOSED,2023-11-16,NO_RESPONSE,
M010,C0016298,2023-10-04,EXPOSED,2023-10-05,NEUTRAL,2023-11-22
M010,C0003044,2023-10-06,EXPOSED,2023-11-02,NO_RESPONSE,
M010,C0005874,2023-10-09,EXPOSED,2023-10-16,NO_RESPONSE,
M010,C0004158,2023-10-11,EXPOSED,2023-11-05,NO_RESPONSE,
M010,C0000509,2023-10-12,NOT_EXPOSED,,,
M010,C0010440,2023-10-14,EXPOSED,2023-10-27,NO_RESPONSE,
M010,C0004341,2023-10-23,EXPOSED,2023-10-31,NO_RESPONSE,
M010,C0016337,2023-10-24,NOT_EXPOSED,,,
M010,C0001697,2023-10-25,NOT_EXPOSED,,,
M010,C0004441,2023-10-29,NOT_EXPOSED,,,
M010,C0005420,2023-10-29,EXPOSED,2023-11-12,NO_RESPONSE,
M010,C0017812,2023-10-31,EXPOSED,2023-11-09,NEUTRAL,2023-11-14
M010,C0019348,2023-11-01,EXPOSED,2023-11-02,NO_RESPONSE,
M010,C0003727,2023-11-03,EXPOSED,2023-11-19,NO_RESPONSE,
M010,C0000717,2023-11-05,EXPOSED,2023-11-12,NO_RESPONSE,
M010,C0001653,2023-11-05,EXPOSED,2023-11-18,NO_RESPONSE,
M010,C0006952,2023-11-08,EXPOSED,2023-11-15,POSITIVE,2024-01-04
M010,C0010042,2023-11-10,EXPOSED,2023-11-14,POSITIVE,2023-11-19
M011,C0007148,2023-12-13,EXPOSED,2024-01-13,NO_RESPONSE,
M011,C0018466,2023-12-16,EXPOSED,2024-01-29,NO_RESPONSE,
M011,C0001693,2023-12-19,EXPOSED,2024-01-19,POSITIVE,2024-01-27
M011,C0005320,2023-12-26,EXPOSED,2024-01-16,NO_RESPONSE,
M011,C0015730,2023-12-27,EXPOSED,2024-01-20,NEGATIVE,2024-01-22
M011,C0015335,2024-01-01,EXPOSED,2024-01-06,NO_RESPONSE,
M011,C0007669,2024-01-03,EXPOSED,2024-01-19,NEUTRAL,2024-01-27
M011,C0019787,2024-01-04,EXPOSED,2024-02-07,NO_RESPONSE,
M011,C0005385,2024-01-07,EXPOSED,2024-01-22,NO_RESPONSE,
M011,C0014410,2024-01-09,EXPOSED,2024-02-04,NO_RESPONSE,
M011,C0010763,2024-01-10,EXPOSED,2024-01-12,NO_RESPONSE,
M011,C0002083,2024-01-16,EXPOSED,2024-02-12,NO_RESPONSE,
M011,C0002637,2024-01-25,EXPOSED,2024-02-16,NO_RESPONSE,
M011,C0008942,2024-01-26,EXPOSED,2024-02-03,NO_RESPONSE,
M011,C0003207,2024-02-02,EXPOSED,2024-02-26,POSITIVE,2024-02-29
M011,C0007412,2024-02-08,EXPOSED,2024-02-23,NO_RESPONSE,
M012,C0001990,2024-04-02,NOT_EXPOSED,,,
M012,C0004898,2024-04-02,EXPOSED,2024-05-04,POSITIVE,2024-05-23
M012,C0009597,2024-04-02,EXPOSED,2024-04-06,NO_RESPONSE,
M012,C0011396,2024-04-02,EXPOSED,2024-05-21,NO_RESPONSE,
M012,C0019894,2024-04-02,EXPOSED,2024-05-12,NO_RESPONSE,
M012,C0000963,2024-04-03,EXPOSED,2024-05-25,NO_RESPONSE,
M012,C0002082,2024-04-03,EXPOSED,2024-04-23,NO_RESPONSE,
M012,C0004048,2024-04-03,NOT_EXPOSED,,,
M012,C0006148,2024-04-03,EXPOSED,2024-05-24,NO_RESPONSE,
M012,C0007065,2024-04-03,NOT_EXPOSED,,,
M012,C0009659,2024-04-03,EXPOSED,2024-05-10,NO_RESPONSE,
M012,C0010789,2024-04-03,EXPOSED,2024-06-10,NO_RESPONSE,
M012,C0011419,2024-04-03,EXPOSED,2024-04-27,NEGATIVE,2024-05-11
M012,C0012105,2024-04-03,EXPOSED,2024-05-24,NO_RESPONSE,
M012,C0015951,2024-04-03,NOT_EXPOSED,,,
M012,C0017541,2024-04-03,EXPOSED,2024-05-18,NO_RESPONSE,
M012,C0019395,2024-04-03,EXPOSED,2024-06-20,NO_RESPONSE,
M012,C0000904,2024-04-04,NOT_EXPOSED,,,
M012,C0001822,2024-04-04,EXPOSED,2024-05-14,NO_RESPONSE,
M012,C0002360,2024-04-04,EXPOSED,2024-06-19,NEGATIVE,2024-07-09
M012,C0009389,2024-04-04,EXPOSED,2024-05-11,NO_RESPONSE,
M012,C0009906,2024-04-04,EXPOSED,2024-04-30,NO_RESPONSE,
M012,C0011023,2024-04-04,EXPOSED,2024-06-16,NO_RESPONSE,
M012,C0012898,2024-04-04,EXPOSED,2024-05-17,NEGATIVE,2024-05-29
M012,C0015478,2024-04-04,EXPOSED,2024-06-16,NO_RESPONSE,
M012,C0016270,2024-04-04,EXPOSED,2024-04-24,NO_RESPONSE,
M012,C0016362,2024-04-04,EXPOSED,2024-05-30,NO_RESPONSE,
M012,C0016783,2024-04-04,EXPOSED,2024-05-21,NO_RESPONSE,
M012,C0016966,2024-04-04,EXPOSED,2024-04-06,NO_RESPONSE,
M012,C0017513,2024-04-04,EXPOSED,2024-06-19,NO_RESPONSE,
M012,C0001325,2024-04-05,EXPOSED,2024-04-26,NEUTRAL,2024-05-03
M012,C0005798,2024-04-05,EXPOSED,2024-05-09,NO_RESPONSE,
M012,C0006145,2024-04-05,EXPOSED,2024-04-17,NO_RESPONSE,
M012,C0008472,2024-04-05,EXPOSED,2024-04-13,NO_RESPONSE,
M012,C0009692,2024-04-05,EXPOSED,2024-04-28,NEUTRAL,2024-05-02
M012,C0012149,2024-04-05,EXPOSED,2024-05-09,NO_RESPONSE,
M012,C0014136,2024-04-05,EXPOSED,2024-05-05,NO_RESPONSE,
M012,C0014662,2024-04-05,EXPOSED,2024-07-16,NO_RESPONSE,
M012,C0015042,2024-04-05,EXPOSED,2024-06-08,NO_RESPONSE,
M012,C0015241,2024-04-05,EXPOSED,2024-04-10,POSITIVE,2024-04-17
M012,C0015566,2024-04-05,EXPOSED,2024-04-27,NO_RESPONSE,
M012,C0015600,2024-04-05,EXPOSED,2024-04-17,NO_RESPONSE,
M012,C0015706,2024-04-05,NOT_EXPOSED,,,
M012,C0015972,2024-04-05,EXPOSED,2024-04-27,NO_RESPONSE,
M012,C0017862,2024-04-05,EXPOSED,2024-05-08,NO_RESPONSE,
M012,C0018538,2024-04-05,EXPOSED,2024-05-10,NO_RESPONSE,
M012,C0019388,2024-04-05,EXPOSED,2024-04-20,NO_RESPONSE,
M012,C0000163,2024-04-06,EXPOSED,2024-06-02,NO_RESPONSE,
M012,C0002936,2024-04-06,EXPOSED,2024-06-27,NO_RESPONSE,
M012,C0003325,2024-04-06,EXPOSED,2024-07-23,NO_RESPONSE,
M012,C0003571,2024-04-06,NOT_EXPOSED,,,
M012,C0003901,2024-04-06,EXPOSED,2024-06-14,NO_RESPONSE,
M012,C0006697,2024-04-06,EXPOSED,2024-04-08,NO_RESPONSE,
M012,C0009809,2024-04-06,EXPOSED,2024-07-18,NO_RESPONSE,
M012,C0010206,2024-04-06,EXPOSED,2024-04-29,NO_RESPONSE,
M012,C0010635,2024-04-06,EXPOSED,2024-06-24,NO_RESPONSE,
M012,C0010764,2024-04-06,EXPOSED,2024-04-26,NO_RESPONSE,
M012,C0011975,2024-04-06,EXPOSED,2024-05-29,POSITIVE,2024-06-20
M012,C0012046,2024-04-06,EXPOSED,2024-05-03,NO_RESPONSE,
M012,C0012418,2024-04-06,NOT_EXPOSED,,,
M012,C0012896,2024-04-06,EXPOSED,2024-07-01,POSITIVE,2024-07-20
M012,C0013023,2024-04-06,EXPOSED,2024-04-22,NEUTRAL,2024-05-05
M012,C0015556,2024-04-06,EXPOSED,2024-04-17,NO_RESPONSE,
M012,C0017857,2024-04-06,EXPOSED,2024-05-01,NEUTRAL,2024-05-25
M012,C0018812,2024-04-06,EXPOSED,2024-04-17,NO_RESPONSE,
M012,C0000322,2024-04-07,EXPOSED,2024-05-24,NEUTRAL,2024-06-01
M012,C0001908,2024-04-07,EXPOSED,2024-06-13,NO_RESPONSE,
M012,C0002235,2024-04-07,EXPOSED,2024-05-31,NO_RESPONSE,
M012,C0003716,2024-04-07,EXPOSED,2024-04-14,NO_RESPONSE,
M012,C0006689,2024-04-07,EXPOSED,2024-07-14,NO_RESPONSE,
M012,C0007999,2024-04-07,EXPOSED,2024-04-22,NO_RESPONSE,
M012,C0010717,2024-04-07,EXPOSED,2024-07-15,NO_RESPONSE,
M012,C0011063,2024-04-07,NOT_EXPOSED,,,
M012,C0012117,2024-04-07,EXPOSED,2024-07-10,NO_RESPONSE,
M012,C0014355,2024-04-07,EXPOSED,2024-04-21,NO_RESPONSE,
M012,C0015029,2024-04-07,EXPOSED,2024-05-02,POSITIVE,2024-05-14
M012,C0015969,2024-04-07,EXPOSED,2024-06-28,NO_RESPONSE,
M012,C0016543,2024-04-07,EXPOSED,2024-04-09,NEGATIVE,2024-04-26
M012,C0017181,2024-04-07,EXPOSED,2024-05-14,NO_RESPONSE,
M012,C0017193,2024-04-07,EXPOSED,2024-05-06,NEGATIVE,2024-06-05
M012,C0017327,2024-04-07,EXPOSED,2024-04-30,NO_RESPONSE,
M012,C0017517,2024-04-07,NOT_EXPOSED,,,
M012,C0000486,2024-04-08,EXPOSED,2024-06-30,NO_RESPONSE,
M012,C0001341,2024-04-08,EXPOSED,2024-06-13,NO_RESPONSE,
M012,C0001828,2024-04-08,EXPOSED,2024-06-15,POSITIVE,2024-07-03
M012,C0002611,2024-04-08,EXPOSED,2024-04-25,NO_RESPONSE,
M012,C0003596,2024-04-08,EXPOSED,2024-04-16,NO_RESPONSE,
M012,C0006437,2024-04-08,EXPOSED,2024-05-12,POSITIVE,2024-06-09
M012,C0007608,2024-04-08,EXPOSED,2024-07-17,NO_RESPONSE,
M012,C0007800,2024-04-08,EXPOSED,2024-05-14,NO_RESPONSE,
M012,C0008346,2024-04-08,EXPOSED,2024-04-29,NO_RESPONSE,
M012,C0008746,2024-04-08,EXPOSED,2024-05-10,NO_RESPONSE,
M012,C0009135,2024-04-08,EXPOSED,2024-06-10,NO_RESPONSE,
M012,C0010594,2024-04-08,EXPOSED,2024-06-16,NO_RESPONSE,
M012,C0012153,2024-04-08,NOT_EXPOSED,,,
M012,C0012566,2024-04-08,EXPOSED,2024-05-25,NO_RESPONSE,
M012,C0013159,2024-04-08,EXPOSED,2024-06-12,NEUTRAL,2024-06-20
M012,C0013834,2024-04-08,EXPOSED,2024-04-27,NO_RESPONSE,
M012,C0014627,2024-04-08,EXPOSED,2024-04-23,NEGATIVE,2024-04-28
M012,C0015820,2024-04-08,EXPOSED,2024-06-29,NO_RESPONSE,
M012,C0017632,2024-04-08,EXPOSED,2024-04-19,NO_RESPONSE,
M012,C0017852,2024-04-08,EXPOSED,2024-04-26,NO_RESPONSE,
M012,C0017960,2024-04-08,EXPOSED,2024-06-15,NO_RESPONSE,
M012,C0018300,2024-04-08,EXPOSED,2024-06-05,NO_RESPONSE,
M012,C0018780,2024-04-08,EXPOSED,2024-07-20,NO_RESPONSE,
M012,C0019766,2024-04-08,EXPOSED,2024-04-17,NO_RESPONSE,
M012,C0003431,2024-04-09,NOT_EXPOSED,,,
M012,C0004233,2024-04-09,EXPOSED,2024-06-08,NO_RESPONSE,
M012,C0004320,2024-04-09,EXPOSED,2024-06-16,NO_RESPONSE,
M012,C0004700,2024-04-09,EXPOSED,2024-04-11,NO_RESPONSE,
M012,C0005458,2024-04-09,EXPOSED,2024-05-29,POSITIVE,2024-06-04
M012,C0005978,2024-04-09,EXPOSED,2024-05-01,NO_RESPONSE,
M012,C0006138,2024-04-09,EXPOSED,2024-04-18,NO_RESPONSE,
M012,C0006883,2024-04-09,EXPOSED,2024-06-02,NEGATIVE,2024-06-19
M012,C0007885,2024-04-09,EXPOSED,2024-06-03,NO_RESPONSE,
M012,C0008681,2024-04-09,EXPOSED,2024-05-12,NO_RESPONSE,
M012,C0012740,2024-04-09,NOT_EXPOSED,,,
M012,C0013392,2024-04-09,EXPOSED,2024-05-23,POSITIVE,2024-05-25
M012,C0015414,2024-04-09,EXPOSED,2024-05-31,NO_RESPONSE,
M012,C0015916,2024-04-09,EXPOSED,2024-07-01,NO_RESPONSE,
M012,C0017152,2024-04-09,EXPOSED,2024-04-24,NO_RESPONSE,
M012,C0017868,2024-04-09,EXPOSED,2024-04-13,NO_RESPONSE,
M012,C0017892,2024-04-09,EXPOSED,2024-04-27,POSITIVE,2024-06-10
M012,C0000234,2024-04-10,EXPOSED,2024-05-12,NO_RESPONSE,
M012,C0000332,2024-04-10,EXPOSED,2024-05-23,NO_RESPONSE,
M012,C0000689,2024-04-10,EXPOSED,2024-04-12,NO_RESPONSE,
M012,C0000759,2024-04-10,EXPOSED,2024-04-23,NO_RESPONSE,
M012,C0001160,2024-04-10,EXPOSED,2024-04-21,NO_RESPONSE,
M012,C0001522,2024-04-10,EXPOSED,2024-05-23,NO_RESPONSE,
M012,C0002418,2024-04-10,EXPOSED,2024-04-17,NO_RESPONSE,
M012,C0004014,2024-04-10,EXPOSED,2024-04-17,POSITIVE,2024-05-13
M012,C0004337,2024-04-10,EXPOSED,2024-04-12,NO_RESPONSE,
M012,C0005392,2024-04-10,EXPOSED,2024-05-21,NO_RESPONSE,
M012,C0006344,2024-04-10,EXPOSED,2024-04-28,NO_RESPONSE,
M012,C0006377,2024-04-10,EXPOSED,2024-05-12,NEUTRAL,2024-05-22
M012,C0006512,2024-04-10,EXPOSED,2024-06-15,NO_RESPONSE,
M012,C0007001,2024-04-10,EXPOSED,2024-04-19,NO_RESPONSE,
M012,C0007128,2024-04-10,EXPOSED,2024-04-28,NO_RESPONSE,
M012,C0008546,2024-04-10,EXPOSED,2024-04-19,NEUTRAL,2024-05-07
M012,C0009814,2024-04-10,EXPOSED,2024-04-26,NO_RESPONSE,
M012,C0010464,2024-04-10,EXPOSED,2024-06-04,NO_RESPONSE,
M012,C0011970,2024-04-10,EXPOSED,2024-05-17,NO_RESPONSE,
M012,C0012075,2024-04-10,EXPOSED,2024-04-16,NO_RESPONSE,
M012,C0012386,2024-04-10,EXPOSED,2024-05-29,POSITIVE,2024-07-28
M012,C0012722,2024-04-10,EXPOSED,2024-06-08,NO_RESPONSE,
M012,C0014091,2024-04-10,EXPOSED,2024-06-18,NO_RESPONSE,
M012,C0015096,2024-04-10,EXPOSED,2024-04-30,NO_RESPONSE,
M012,C0015578,2024-04-10,EXPOSED,2024-04-27,NO_RESPONSE,
M012,C0015827,2024-04-10,EXPOSED,2024-05-09,NEGATIVE,2024-05-11
M012,C0017035,2024-04-10,EXPOSED,2024-05-05,NO_RESPONSE,
M012,C0017267,2024-04-10,EXPOSED,2024-05-30,NO_RESPONSE,
M012,C0017287,2024-04-10,EXPOSED,2024-05-21,NO_RESPONSE,
M012,C0018012,2024-04-10,EXPOSED,2024-04-25,NO_RESPONSE,
M012,C0019389,2024-04-10,EXPOSED,2024-05-15,NO_RESPONSE,
M012,C0000132,2024-04-11,EXPOSED,2024-05-22,NO_RESPONSE,
M012,C0001292,2024-04-11,NOT_EXPOSED,,,
M012,C0002103,2024-04-11,EXPOSED,2024-04-25,POSITIVE,2024-05-06
M012,C0002331,2024-04-11,EXPOSED,2024-06-01,NO_RESPONSE,
M012,C0004123,2024-04-11,EXPOSED,2024-05-02,NO_RESPONSE,
M012,C0006177,2024-04-11,EXPOSED,2024-05-26,NO_RESPONSE,
M012,C0007772,2024-04-11,EXPOSED,2024-05-24,NO_RESPONSE,
M012,C0008739,2024-04-11,NOT_EXPOSED,,,
M012,C0009730,2024-04-11,EXPOSED,2024-06-20,NO_RESPONSE,
M012,C0010311,2024-04-11,NOT_EXPOSED,,,
M012,C0011258,2024-04-11,EXPOSED,2024-05-12,NO_RESPONSE,
M012,C0011433,2024-04-11,EXPOSED,2024-04-16,NO_RESPONSE,
M012,C0011448,2024-04-11,EXPOSED,2024-05-06,NO_RESPONSE,
M012,C0015598,2024-04-11,EXPOSED,2024-04-22,POSITIVE,2024-04-25
M012,C0015849,2024-04-11,EXPOSED,2024-05-16,NO_RESPONSE,
M012,C0016772,2024-04-11,EXPOSED,2024-04-24,NO_RESPONSE,
M012,C0018242,2024-04-11,NOT_EXPOSED,,,
M012,C0018513,2024-04-11,NOT_EXPOSED,,,
M012,C0018948,2024-04-11,EXPOSED,2024-06-15,NO_RESPONSE,
M012,C0019536,2024-04-11,EXPOSED,2024-04-21,NO_RESPONSE,
M012,C0019994,2024-04-11,EXPOSED,2024-05-18,NO_RESPONSE,
M012,C0000122,2024-04-12,EXPOSED,2024-06-02,NEGATIVE,2024-06-21
M012,C0000559,2024-04-12,EXPOSED,2024-06-20,NEGATIVE,2024-07-07
M012,C0003580,2024-04-12,EXPOSED,2024-05-31,NO_RESPONSE,
M012,C0003643,2024-04-12,EXPOSED,2024-04-22,POSITIVE,2024-05-14
M012,C0004137,2024-04-12,EXPOSED,2024-05-01,NO_RESPONSE,
M012,C0004183,2024-04-12,NOT_EXPOSED,,,
M012,C0004310,2024-04-12,EXPOSED,2024-05-18,POSITIVE,2024-05-25
M012,C0006373,2024-04-12,NOT_EXPOSED,,,
M012,C0007692,2024-04-12,EXPOSED,2024-07-17,NO_RESPONSE,
M012,C0008026,2024-04-12,NOT_EXPOSED,,,
M012,C0008091,2024-04-12,EXPOSED,2024-04-20,NO_RESPONSE,
M012,C0008159,2024-04-12,NOT_EXPOSED,,,
M012,C0008612,2024-04-12,EXPOSED,2024-06-13,NO_RESPONSE,
M012,C0011286,2024-04-12,NOT_EXPOSED,,,
M012,C0011962,2024-04-12,EXPOSED,2024-05-31,NO_RESPONSE,
M012,C0015243,2024-04-12,EXPOSED,2024-06-29,NO_RESPONSE,
M012,C0016070,2024-04-12,EXPOSED,2024-07-04,NO_RESPONSE,
M012,C0017729,2024-04-12,EXPOSED,2024-05-27,NO_RESPONSE,
M012,C0001548,2024-04-13,EXPOSED,2024-05-29,NO_RESPONSE,
M012,C0001578,2024-04-13,EXPOSED,2024-04-23,POSITIVE,2024-04-29
M012,C0001697,2024-04-13,EXPOSED,2024-04-20,NO_RESPONSE,
M012,C0003490,2024-04-13,EXPOSED,2024-05-18,NO_RESPONSE,
M012,C0004955,2024-04-13,EXPOSED,2024-05-17,NO_RESPONSE,
M012,C0005126,2024-04-13,EXPOSED,2024-05-07,NO_RESPONSE,
M012,C0007417,2024-04-13,EXPOSED,2024-05-19,NO_RESPONSE,
M012,C0007659,2024-04-13,EXPOSED,2024-07-15,NO_RESPONSE,
M012,C0008719,2024-04-13,EXPOSED,2024-04-25,NO_RESPONSE,
M012,C0009172,2024-04-13,EXPOSED,2024-07-07,NO_RESPONSE,
M012,C0009533,2024-04-13,EXPOSED,2024-05-24,NO_RESPONSE,
M012,C0009928,2024-04-13,EXPOSED,2024-05-21,NO_RESPONSE,
M012,C0010615,2024-04-13,EXPOSED,2024-06-27,NO_RESPONSE,
M012,C0011394,2024-04-13,NOT_EXPOSED,,,
M012,C0012300,2024-04-13,EXPOSED,2024-04-29,NEGATIVE,2024-05-18
M012,C0012441,2024-04-13,EXPOSED,2024-04-27,NO_RESPONSE,
M012,C0012563,2024-04-13,EXPOSED,2024-05-12,NO_RESPONSE,
M012,C0013239,2024-04-13,EXPOSED,2024-04-27,NO_RESPONSE,
M012,C0013938,2024-04-13,EXPOSED,2024-06-21,NO_RESPONSE,
M012,C0014513,2024-04-13,EXPOSED,2024-07-07,NO_RESPONSE,
M012,C0017118,2024-04-13,NOT_EXPOSED,,,
M012,C0017645,2024-04-13,EXPOSED,2024-04-14,NO_RESPONSE,
M012,C0018651,2024-04-13,EXPOSED,2024-06-13,NO_RESPONSE,
M012,C0019188,2024-04-13,EXPOSED,2024-06-06,NO_RESPONSE,
M012,C0019234,2024-04-13,EXPOSED,2024-06-06,NO_RESPONSE,
M012,C0019240,2024-04-13,EXPOSED,2024-04-29,NEUTRAL,2024-05-08
M012,C0019398,2024-04-13,EXPOSED,2024-05-01,NEUTRAL,2024-05-05
M012,C0000016,2024-04-14,EXPOSED,2024-05-09,POSITIVE,2024-05-17
M012,C0000961,2024-04-14,EXPOSED,2024-05-24,NEUTRAL,2024-06-05
M012,C0001565,2024-04-14,EXPOSED,2024-04-30,NO_RESPONSE,
M012,C0001734,2024-04-14,EXPOSED,2024-04-29,NO_RESPONSE,
M012,C0002076,2024-04-14,EXPOSED,2024-04-20,NO_RESPONSE,
M012,C0002588,2024-04-14,EXPOSED,2024-04-19,NO_RESPONSE,
M012,C0003619,2024-04-14,EXPOSED,2024-06-04,POSITIVE,2024-06-13
M012,C0004773,2024-04-14,EXPOSED,2024-05-19,NO_RESPONSE,
M012,C0004793,2024-04-14,EXPOSED,2024-06-13,NO_RESPONSE,
M012,C0005217,2024-04-14,EXPOSED,2024-06-10,NO_RESPONSE,
M012,C0005663,2024-04-14,EXPOSED,2024-06-29,NO_RESPONSE,
M012,C0006783,2024-04-14,NOT_EXPOSED,,,
M012,C0007572,2024-04-14,EXPOSED,2024-06-24,POSITIVE,2024-06-29
M012,C0008020,2024-04-14,EXPOSED,2024-05-19,NO_RESPONSE,
M012,C0008023,2024-04-14,EXPOSED,2024-05-03,NO_RESPONSE,
M012,C0008526,2024-04-14,EXPOSED,2024-06-28,POSITIVE,2024-07-23
M012,C0010201,2024-04-14,EXPOSED,2024-05-03,NO_RESPONSE,
M012,C0010677,2024-04-14,EXPOSED,2024-06-21,POSITIVE,2024-07-09
M012,C0011459,2024-04-14,EXPOSED,2024-05-30,NO_RESPONSE,
M012,C0011606,2024-04-14,EXPOSED,2024-06-28,NO_RESPONSE,
M012,C0011775,2024-04-14,EXPOSED,2024-06-25,NO_RESPONSE,
M012,C0012548,2024-04-14,EXPOSED,2024-06-18,NO_RESPONSE,
M012,C0014977,2024-04-14,EXPOSED,2024-05-17,NO_RESPONSE,
M012,C0014999,2024-04-14,EXPOSED,2024-06-01,POSITIVE,2024-06-10
M012,C0016057,2024-04-14,EXPOSED,2024-06-10,NO_RESPONSE,
M012,C0016322,2024-04-14,EXPOSED,2024-05-03,NO_RESPONSE,
M012,C0016651,2024-04-14,EXPOSED,2024-04-25,NO_RESPONSE,
M012,C0017387,2024-04-14,EXPOSED,2024-04-15,NO_RESPONSE,
M012,C0019250,2024-04-14,EXPOSED,2024-06-22,NEUTRAL,2024-07-04
M012,C0019397,2024-04-14,EXPOSED,2024-05-02,NO_RESPONSE,
M012,C0000042,2024-04-15,EXPOSED,2024-06-11,NO_RESPONSE,
M012,C0001214,2024-04-15,EXPOSED,2024-05-26,NO_RESPONSE,
M012,C0002483,2024-04-15,NOT_EXPOSED,,,
M012,C0004146,2024-04-15,EXPOSED,2024-06-10,NO_RESPONSE,
M012,C0004872,2024-04-15,EXPOSED,2024-06-27,POSITIVE,2024-07-19
M012,C0005547,2024-04-15,EXPOSED,2024-05-09,NO_RESPONSE,
M012,C0005638,2024-04-15,EXPOSED,2024-07-15,NO_RESPONSE,
M012,C0005837,2024-04-15,EXPOSED,2024-04-21,NO_RESPONSE,
M012,C0007269,2024-04-15,NOT_EXPOSED,,,
M012,C0007793,2024-04-15,EXPOSED,2024-06-08,NO_RESPONSE,
M012,C0008502,2024-04-15,EXPOSED,2024-06-22,NO_RESPONSE,
M012,C0008714,2024-04-15,EXPOSED,2024-04-20,NO_RESPONSE,
M012,C0009526,2024-04-15,EXPOSED,2024-05-21,NO_RESPONSE,
M012,C0009680,2024-04-15,EXPOSED,2024-06-05,NEUTRAL,2024-06-20
M012,C0010633,2024-04-15,EXPOSED,2024-06-23,NO_RESPONSE,
M012,C0012676,2024-04-15,EXPOSED,2024-05-29,NO_RESPONSE,
M012,C0014328,2024-04-15,EXPOSED,2024-06-13,NO_RESPONSE,
M012,C0014761,2024-04-15,EXPOSED,2024-05-21,POSITIVE,2024-06-01
M012,C0015439,2024-04-15,NOT_EXPOSED,,,
M012,C0015762,2024-04-15,EXPOSED,2024-05-05,NO_RESPONSE,
M012,C0015831,2024-04-15,EXPOSED,2024-05-28,NO_RESPONSE,
M012,C0016058,2024-04-15,EXPOSED,2024-05-09,POSITIVE,2024-05-22
M012,C0017245,2024-04-15,EXPOSED,2024-07-02,NO_RESPONSE,
M012,C0017823,2024-04-15,NOT_EXPOSED,,,
M012,C0018566,2024-04-15,EXPOSED,2024-05-01,NO_RESPONSE,
M012,C0000661,2024-04-16,EXPOSED,2024-05-24,NEUTRAL,2024-05-28
M012,C0001314,2024-04-16,EXPOSED,2024-07-12,NO_RESPONSE,
M012,C0001392,2024-04-16,EXPOSED,2024-06-12,NO_RESPONSE,
M012,C0001483,2024-04-16,EXPOSED,2024-05-12,NO_RESPONSE,
M012,C0002465,2024-04-16,EXPOSED,2024-06-02,NO_RESPONSE,
M012,C0002532,2024-04-16,EXPOSED,2024-07-04,NO_RESPONSE,
M012,C0003774,2024-04-16,EXPOSED,2024-06-30,NEUTRAL,2024-07-08
M012,C0004018,2024-04-16,NOT_EXPOSED,,,
M012,C0004430,2024-04-16,EXPOSED,2024-06-15,NO_RESPONSE,
M012,C0006613,2024-04-16,EXPOSED,2024-05-24,POSITIVE,2024-06-06
M012,C0006945,2024-04-16,EXPOSED,2024-07-05,NO_RESPONSE,
M012,C0007946,2024-04-16,EXPOSED,2024-04-27,NO_RESPONSE,
M012,C0008058,2024-04-16,EXPOSED,2024-06-12,NEUTRAL,2024-06-16
M012,C0008840,2024-04-16,NOT_EXPOSED,,,
M012,C0008968,2024-04-16,EXPOSED,2024-04-30,NO_RESPONSE,
M012,C0009098,2024-04-16,EXPOSED,2024-04-23,NO_RESPONSE,
M012,C0011376,2024-04-16,EXPOSED,2024-07-05,NO_RESPONSE,
M012,C0011674,2024-04-16,EXPOSED,2024-07-06,NO_RESPONSE,
M012,C0011799,2024-04-16,NOT_EXPOSED,,,
M012,C0012006,2024-04-16,EXPOSED,2024-04-23,NO_RESPONSE,
M012,C0013068,2024-04-16,EXPOSED,2024-04-22,POSITIVE,2024-05-01
M012,C0013412,2024-04-16,EXPOSED,2024-04-29,NEUTRAL,2024-05-05
M012,C0014210,2024-04-16,EXPOSED,2024-04-24,NO_RESPONSE,
M012,C0014549,2024-04-16,EXPOSED,2024-07-23,NO_RESPONSE,
M012,C0015276,2024-04-16,EXPOSED,2024-04-23,NO_RESPONSE,
M012,C0016749,2024-04-16,EXPOSED,2024-07-22,NO_RESPONSE,
M012,C0018240,2024-04-16,EXPOSED,2024-06-29,NEGATIVE,2024-07-09
M012,C0000127,2024-04-17,EXPOSED,2024-06-19,NO_RESPONSE,
M012,C0001296,2024-04-17,EXPOSED,2024-04-25,NEUTRAL,2024-04-30
M012,C0003419,2024-04-17,EXPOSED,2024-05-30,NO_RESPONSE,
M012,C0004952,2024-04-17,EXPOSED,2024-07-03,NO_RESPONSE,
M012,C0005155,2024-04-17,EXPOSED,2024-06-13,NEUTRAL,2024-06-18
M012,C0007525,2024-04-17,EXPOSED,2024-05-26,NO_RESPONSE,
M012,C0007848,2024-04-17,EXPOSED,2024-06-18,NO_RESPONSE,
M012,C0009613,2024-04-17,EXPOSED,2024-05-19,NO_RESPONSE,
M012,C0009662,2024-04-17,EXPOSED,2024-05-26,NO_RESPONSE,
M012,C0011228,2024-04-17,EXPOSED,2024-05-12,NO_RESPONSE,
M012,C0012109,2024-04-17,NOT_EXPOSED,,,
M012,C0012252,2024-04-17,EXPOSED,2024-04-28,POSITIVE,2024-05-10
M012,C0012585,2024-04-17,EXPOSED,2024-05-27,NO_RESPONSE,
M012,C0013525,2024-04-17,EXPOSED,2024-05-22,NO_RESPONSE,
M012,C0014874,2024-04-17,NOT_EXPOSED,,,
M012,C0016516,2024-04-17,EXPOSED,2024-06-01,NO_RESPONSE,
M012,C0016696,2024-04-17,EXPOSED,2024-04-23,NO_RESPONSE,
M012,C0017673,2024-04-17,EXPOSED,2024-07-24,NO_RESPONSE,
M012,C0017787,2024-04-17,EXPOSED,2024-04-19,NO_RESPONSE,
M012,C0018170,2024-04-17,EXPOSED,2024-06-17,NO_RESPONSE,
M012,C0018857,2024-04-17,NOT_EXPOSED,,,
M012,C0019299,2024-04-17,EXPOSED,2024-04-27,NO_RESPONSE,
M012,C0000566,2024-04-18,EXPOSED,2024-05-16,NO_RESPONSE,
M012,C0002642,2024-04-18,EXPOSED,2024-05-22,POSITIVE,2024-05-31
M012,C0004757,2024-04-18,EXPOSED,2024-06-28,NO_RESPONSE,
M012,C0005051,2024-04-18,EXPOSED,2024-04-23,NO_RESPONSE,
M012,C0005211,2024-04-18,EXPOSED,2024-05-28,NO_RESPONSE,
M012,C0007427,2024-04-18,EXPOSED,2024-06-09,NO_RESPONSE,
M012,C0009317,2024-04-18,NOT_EXPOSED,,,
M012,C0011435,2024-04-18,EXPOSED,2024-06-28,NO_RESPONSE,
M012,C0011743,2024-04-18,NOT_EXPOSED,,,
M012,C0013472,2024-04-18,EXPOSED,2024-07-12,POSITIVE,2024-07-15
M012,C0013692,2024-04-18,EXPOSED,2024-06-03,NO_RESPONSE,
M012,C0014126,2024-04-18,EXPOSED,2024-05-19,NO_RESPONSE,
M012,C0014480,2024-04-18,EXPOSED,2024-06-18,NEUTRAL,2024-06-26
M012,C0016832,2024-04-18,EXPOSED,2024-05-23,NO_RESPONSE,
M012,C0017539,2024-04-18,EXPOSED,2024-04-22,POSITIVE,2024-04-26
M012,C0017540,2024-04-18,NOT_EXPOSED,,,
M012,C0018411,2024-04-18,EXPOSED,2024-06-17,NO_RESPONSE,
M012,C0019615,2024-04-18,EXPOSED,2024-06-30,NO_RESPONSE,
M012,C0000026,2024-04-19,EXPOSED,2024-06-30,NO_RESPONSE,
M012,C0000903,2024-04-19,EXPOSED,2024-06-07,NO_RESPONSE,
M012,C0002673,2024-04-19,EXPOSED,2024-06-08,NO_RESPONSE,
M012,C0004064,2024-04-19,EXPOSED,2024-05-13,NO_RESPONSE,
M012,C0004291,2024-04-19,NOT_EXPOSED,,,
M012,C0004889,2024-04-19,EXPOSED,2024-05-29,NO_RESPONSE,
M012,C0005423,2024-04-19,NOT_EXPOSED,,,
M012,C0005682,2024-04-19,EXPOSED,2024-07-07,POSITIVE,2024-07-29
M012,C0008991,2024-04-19,EXPOSED,2024-07-13,NO_RESPONSE,
M012,C0009211,2024-04-19,EXPOSED,2024-05-27,POSITIVE,2024-06-01
M012,C0009395,2024-04-19,EXPOSED,2024-05-07,NO_RESPONSE,
M012,C0011100,2024-04-19,EXPOSED,2024-06-26,NO_RESPONSE,
M012,C0011301,2024-04-19,EXPOSED,2024-06-16,NO_RESPONSE,
M012,C0013705,2024-04-19,EXPOSED,2024-05-01,NO_RESPONSE,
M012,C0014429,2024-04-19,EXPOSED,2024-06-23,NO_RESPONSE,
M012,C0014930,2024-04-19,EXPOSED,2024-05-17,NO_RESPONSE,
M012,C0015649,2024-04-19,EXPOSED,2024-05-14,NO_RESPONSE,
M012,C0018664,2024-04-19,EXPOSED,2024-07-14,NO_RESPONSE,
M012,C0019095,2024-04-19,EXPOSED,2024-06-21,NO_RESPONSE,
M012,C0019629,2024-04-19,EXPOSED,2024-05-15,NO_RESPONSE,
M012,C0001110,2024-04-20,EXPOSED,2024-06-28,NO_RESPONSE,
M012,C0001166,2024-04-20,EXPOSED,2024-05-28,NEUTRAL,2024-06-13
M012,C0001788,2024-04-20,NOT_EXPOSED,,,
M012,C0002192,2024-04-20,EXPOSED,2024-05-20,NO_RESPONSE,
M012,C0002757,2024-04-20,EXPOSED,2024-06-01,NO_RESPONSE,
M012,C0003384,2024-04-20,EXPOSED,2024-05-06,NO_RESPONSE,
M012,C0003591,2024-04-20,EXPOSED,2024-05-11,POSITIVE,2024-05-19
M012,C0006879,2024-04-20,EXPOSED,2024-05-11,NO_RESPONSE,
M012,C0006977,2024-04-20,EXPOSED,2024-06-19,NO_RESPONSE,
M012,C0007237,2024-04-20,NOT_EXPOSED,,,
M012,C0009788,2024-04-20,NOT_EXPOSED,,,
M012,C0011093,2024-04-20,EXPOSED,2024-06-12,NO_RESPONSE,
M012,C0011404,2024-04-20,EXPOSED,2024-06-15,NO_RESPONSE,
M012,C0011653,2024-04-20,EXPOSED,2024-06-24,NO_RESPONSE,
M012,C0011664,2024-04-20,EXPOSED,2024-07-26,NEUTRAL,2024-07-27
M012,C0011851,2024-04-20,EXPOSED,2024-06-10,NO_RESPONSE,
M012,C0012684,2024-04-20,EXPOSED,2024-04-25,NO_RESPONSE,
M012,C0013117,2024-04-20,EXPOSED,2024-07-06,NO_RESPONSE,
M012,C0013235,2024-04-20,EXPOSED,2024-05-25,NEUTRAL,2024-05-29
M012,C0013484,2024-04-20,EXPOSED,2024-04-27,NO_RESPONSE,
M012,C0013786,2024-04-20,NOT_EXPOSED,,,
M012,C0015356,2024-04-20,EXPOSED,2024-04-27,NO_RESPONSE,
M012,C0016658,2024-04-20,EXPOSED,2024-04-29,NO_RESPONSE,
M012,C0017933,2024-04-20,EXPOSED,2024-05-17,NO_RESPONSE,
M012,C0019085,2024-04-20,EXPOSED,2024-06-23,NO_RESPONSE,
M012,C0019927,2024-04-20,EXPOSED,2024-04-24,NO_RESPONSE,
M012,C0001326,2024-04-21,EXPOSED,2024-06-12,NO_RESPONSE,
M012,C0002433,2024-04-21,EXPOSED,2024-07-02,NO_RESPONSE,
M012,C0002835,2024-04-21,NOT_EXPOSED,,,
M012,C0003452,2024-04-21,NOT_EXPOSED,,,
M012,C0005735,2024-04-21,EXPOSED,2024-05-08,NO_RESPONSE,
M012,C0007184,2024-04-21,EXPOSED,2024-06-06,NO_RESPONSE,
M012,C0008255,2024-04-21,EXPOSED,2024-05-15,NO_RESPONSE,
M012,C0008570,2024-04-21,NOT_EXPOSED,,,
M012,C0008590,2024-04-21,EXPOSED,2024-06-18,POSITIVE,2024-06-29
M012,C0009826,2024-04-21,EXPOSED,2024-05-14,NEGATIVE,2024-05-22
M012,C0011621,2024-04-21,EXPOSED,2024-06-21,NO_RESPONSE,
M012,C0011647,2024-04-21,EXPOSED,2024-05-31,NO_RESPONSE,
M012,C0012680,2024-04-21,EXPOSED,2024-06-15,NO_RESPONSE,
M012,C0012798,2024-04-21,EXPOSED,2024-05-21,NO_RESPONSE,
M012,C0012883,2024-04-21,EXPOSED,2024-06-23,NO_RESPONSE,
M012,C0015289,2024-04-21,EXPOSED,2024-05-27,NO_RESPONSE,
M012,C0016618,2024-04-21,EXPOSED,2024-05-14,NO_RESPONSE,
M012,C0017651,2024-04-21,EXPOSED,2024-05-20,POSITIVE,2024-05-28
M012,C0019347,2024-04-21,EXPOSED,2024-06-26,NO_RESPONSE,
M012,C0000190,2024-04-22,EXPOSED,2024-07-05,NEUTRAL,2024-07-08
M012,C0000217,2024-04-22,EXPOSED,2024-05-15,NEUTRAL,2024-06-02
M012,C0001817,2024-04-22,EXPOSED,2024-06-14,NO_RESPONSE,
M012,C0002427,2024-04-22,EXPOSED,2024-04-24,NO_RESPONSE,
M012,C0002490,2024-04-22,EXPOSED,2024-06-03,POSITIVE,2024-06-17
M012,C0003308,2024-04-22,EXPOSED,2024-06-26,NO_RESPONSE,
M012,C0003547,2024-04-22,NOT_EXPOSED,,,
M012,C0004527,2024-04-22,EXPOSED,2024-06-05,NO_RESPONSE,
M012,C0007863,2024-04-22,EXPOSED,2024-05-14,NO_RESPONSE,
M012,C0008754,2024-04-22,EXPOSED,2024-07-03,NEUTRAL,2024-07-07
M012,C0009474,2024-04-22,EXPOSED,2024-05-08,NO_RESPONSE,
M012,C0012502,2024-04-22,EXPOSED,2024-06-26,NO_RESPONSE,
M012,C0012619,2024-04-22,EXPOSED,2024-05-07,NO_RESPONSE,
M012,C0012744,2024-04-22,EXPOSED,2024-05-08,NO_RESPONSE,
M012,C0012933,2024-04-22,NOT_EXPOSED,,,
M012,C0014555,2024-04-22,EXPOSED,2024-06-23,NO_RESPONSE,
M012,C0014724,2024-04-22,EXPOSED,2024-07-09,NO_RESPONSE,
M012,C0014858,2024-04-22,NOT_EXPOSED,,,
M012,C0015609,2024-04-22,EXPOSED,2024-05-01,NO_RESPONSE,
M012,C0016408,2024-04-22,EXPOSED,2024-05-28,NO_RESPONSE,
M012,C0017229,2024-04-22,EXPOSED,2024-05-17,NO_RESPONSE,
M012,C0017450,2024-04-22,EXPOSED,2024-06-28,NO_RESPONSE,
M012,C0017592,2024-04-22,NOT_EXPOSED,,,
M012,C0017670,2024-04-22,EXPOSED,2024-05-13,NEUTRAL,2024-05-31
M012,C0019411,2024-04-22,EXPOSED,2024-06-28,NO_RESPONSE,
M012,C0000881,2024-04-23,EXPOSED,2024-07-20,NO_RESPONSE,
M012,C0002167,2024-04-23,EXPOSED,2024-05-25,NO_RESPONSE,
M012,C0002526,2024-04-23,EXPOSED,2024-05-07,NO_RESPONSE,
M012,C0002796,2024-04-23,EXPOSED,2024-06-04,POSITIVE,2024-06-07
M012,C0004426,2024-04-23,EXPOSED,2024-05-08,NO_RESPONSE,
M012,C0004859,2024-04-23,EXPOSED,2024-05-28,NO_RESPONSE,
M012,C0005028,2024-04-23,NOT_EXPOSED,,,
M012,C0005662,2024-04-23,EXPOSED,2024-07-16,NO_RESPONSE,
M012,C0007909,2024-04-23,EXPOSED,2024-06-07,POSITIVE,2024-06-19
M012,C0007912,2024-04-23,EXPOSED,2024-05-01,NO_RESPONSE,
M012,C0008659,2024-04-23,NOT_EXPOSED,,,
M012,C0008828,2024-04-23,EXPOSED,2024-06-12,NEUTRAL,2024-06-21
M012,C0011156,2024-04-23,EXPOSED,2024-05-19,NO_RESPONSE,
M012,C0013122,2024-04-23,EXPOSED,2024-07-09,NEUTRAL,2024-07-17
M012,C0013622,2024-04-23,NOT_EXPOSED,,,
M012,C0013842,2024-04-23,EXPOSED,2024-05-17,NO_RESPONSE,
M012,C0014893,2024-04-23,EXPOSED,2024-07-24,NO_RESPONSE,
M012,C0015279,2024-04-23,EXPOSED,2024-06-20,NO_RESPONSE,
M012,C0016000,2024-04-23,EXPOSED,2024-05-25,NO_RESPONSE,
M012,C0017182,2024-04-23,EXPOSED,2024-04-30,NO_RESPONSE,
M012,C0018590,2024-04-23,EXPOSED,2024-05-31,NO_RESPONSE,
M012,C0019214,2024-04-23,EXPOSED,2024-05-23,NO_RESPONSE,
M012,C0019708,2024-04-23,EXPOSED,2024-06-14,NO_RESPONSE,
M012,C0019929,2024-04-23,EXPOSED,2024-05-15,NO_RESPONSE,
M012,C0001323,2024-04-24,EXPOSED,2024-07-25,NO_RESPONSE,
M012,C0001946,2024-04-24,EXPOSED,2024-05-03,NO_RESPONSE,
M012,C0003859,2024-04-24,EXPOSED,2024-06-11,NO_RESPONSE,
M012,C0004355,2024-04-24,EXPOSED,2024-05-16,NO_RESPONSE,
M012,C0005742,2024-04-24,EXPOSED,2024-06-19,POSITIVE,2024-06-23
M012,C0006649,2024-04-24,EXPOSED,2024-06-24,NEUTRAL,2024-07-03
M012,C0007506,2024-04-24,EXPOSED,2024-07-17,NO_RESPONSE,
M012,C0008518,2024-04-24,EXPOSED,2024-05-23,NO_RESPONSE,
M012,C0008699,2024-04-24,NOT_EXPOSED,,,
M012,C0008994,2024-04-24,EXPOSED,2024-06-21,POSITIVE,2024-07-01
M012,C0009096,2024-04-24,EXPOSED,2024-05-10,NEGATIVE,2024-05-13
M012,C0009186,2024-04-24,EXPOSED,2024-06-24,NO_RESPONSE,
M012,C0010294,2024-04-24,NOT_EXPOSED,,,
M012,C0010732,2024-04-24,EXPOSED,2024-06-28,POSITIVE,2024-07-01
M012,C0010984,2024-04-24,EXPOSED,2024-06-20,POSITIVE,2024-07-03
M012,C0012160,2024-04-24,EXPOSED,2024-05-13,NO_RESPONSE,
M012,C0013704,2024-04-24,EXPOSED,2024-05-09,NO_RESPONSE,
M012,C0014409,2024-04-24,EXPOSED,2024-06-13,NO_RESPONSE,
M012,C0014717,2024-04-24,EXPOSED,2024-06-13,NO_RESPONSE,
M012,C0015416,2024-04-24,EXPOSED,2024-07-09,NO_RESPONSE,
M012,C0015774,2024-04-24,EXPOSED,2024-06-06,NO_RESPONSE,
M012,C0017518,2024-04-24,EXPOSED,2024-06-08,NO_RESPONSE,
M012,C0017927,2024-04-24,EXPOSED,2024-06-15,NO_RESPONSE,
M012,C0018237,2024-04-24,EXPOSED,2024-07-14,NEUTRAL,2024-07-21
M012,C0018791,2024-04-24,EXPOSED,2024-05-19,NEGATIVE,2024-06-15
M012,C0000338,2024-04-25,EXPOSED,2024-06-18,NO_RESPONSE,
M012,C0000584,2024-04-25,EXPOSED,2024-05-07,NO_RESPONSE,
M012,C0000944,2024-04-25,EXPOSED,2024-05-09,NO_RESPONSE,
M012,C0001944,2024-04-25,EXPOSED,2024-06-20,NO_RESPONSE,
M012,C0003741,2024-04-25,EXPOSED,2024-07-21,NO_RESPONSE,
M012,C0004131,2024-04-25,EXPOSED,2024-06-03,POSITIVE,2024-07-14
M012,C0007782,2024-04-25,EXPOSED,2024-06-21,NO_RESPONSE,
M012,C0008555,2024-04-25,NOT_EXPOSED,,,
M012,C0008749,2024-04-25,EXPOSED,2024-07-03,POSITIVE,2024-07-19
M012,C0008862,2024-04-25,EXPOSED,2024-05-10,NEUTRAL,2024-05-14
M012,C0009720,2024-04-25,EXPOSED,2024-06-02,NO_RESPONSE,
M012,C0010183,2024-04-25,EXPOSED,2024-06-02,NO_RESPONSE,
M012,C0011341,2024-04-25,EXPOSED,2024-06-20,NO_RESPONSE,
M012,C0011689,2024-04-25,EXPOSED,2024-07-12,NO_RESPONSE,
M012,C0011703,2024-04-25,EXPOSED,2024-07-04,NO_RESPONSE,
M012,C0011974,2024-04-25,EXPOSED,2024-06-28,POSITIVE,2024-07-02
M012,C0012301,2024-04-25,EXPOSED,2024-06-04,NO_RESPONSE,
M012,C0016059,2024-04-25,EXPOSED,2024-05-26,NO_RESPONSE,
M012,C0016449,2024-04-25,EXPOSED,2024-05-04,NO_RESPONSE,
M012,C0017173,2024-04-25,EXPOSED,2024-06-13,NEUTRAL,2024-06-19
M012,C0017291,2024-04-25,EXPOSED,2024-05-19,NO_RESPONSE,
M012,C0018428,2024-04-25,EXPOSED,2024-05-02,NO_RESPONSE,
M012,C0018596,2024-04-25,EXPOSED,2024-05-23,NEUTRAL,2024-05-29
M012,C0019163,2024-04-25,EXPOSED,2024-05-04,NO_RESPONSE,
M012,C0000244,2024-04-26,EXPOSED,2024-05-13,POSITIVE,2024-05-19
M012,C0000698,2024-04-26,EXPOSED,2024-06-10,NO_RESPONSE,
M012,C0001246,2024-04-26,EXPOSED,2024-05-16,NO_RESPONSE,
M012,C0001435,2024-04-26,EXPOSED,2024-07-02,NO_RESPONSE,
M012,C0001615,2024-04-26,EXPOSED,2024-06-25,NEGATIVE,2024-07-14
M012,C0001683,2024-04-26,EXPOSED,2024-06-20,NO_RESPONSE,
M012,C0001860,2024-04-26,EXPOSED,2024-06-11,NO_RESPONSE,
M012,C0002719,2024-04-26,EXPOSED,2024-06-24,NO_RESPONSE,
M012,C0003339,2024-04-26,EXPOSED,2024-05-21,NO_RESPONSE,
M012,C0004658,2024-04-26,EXPOSED,2024-07-10,NO_RESPONSE,
M012,C0005195,2024-04-26,EXPOSED,2024-05-25,NO_RESPONSE,
M012,C0005904,2024-04-26,EXPOSED,2024-05-07,NO_RESPONSE,
M012,C0006118,2024-04-26,EXPOSED,2024-06-12,NO_RESPONSE,
M012,C0010558,2024-04-26,EXPOSED,2024-05-24,NO_RESPONSE,
M012,C0011426,2024-04-26,EXPOSED,2024-05-17,NO_RESPONSE,
M012,C0011678,2024-04-26,EXPOSED,2024-05-03,NO_RESPONSE,
M012,C0012127,2024-04-26,EXPOSED,2024-07-17,NO_RESPONSE,
M012,C0013050,2024-04-26,EXPOSED,2024-07-10,NO_RESPONSE,
M012,C0014258,2024-04-26,EXPOSED,2024-06-15,NO_RESPONSE,
M012,C0014307,2024-04-26,EXPOSED,2024-06-01,NO_RESPONSE,
M012,C0017800,2024-04-26,EXPOSED,2024-06-15,NEUTRAL,2024-06-24
M012,C0018826,2024-04-26,EXPOSED,2024-05-12,NO_RESPONSE,
M012,C0019036,2024-04-26,EXPOSED,2024-06-05,NEUTRAL,2024-06-18
M012,C0000178,2024-04-27,EXPOSED,2024-07-05,NEGATIVE,2024-07-12
M012,C0001607,2024-04-27,EXPOSED,2024-07-02,NO_RESPONSE,
M012,C0002268,2024-04-27,EXPOSED,2024-06-11,NO_RESPONSE,
M012,C0004862,2024-04-27,EXPOSED,2024-06-18,NO_RESPONSE,
M012,C0005059,2024-04-27,NOT_EXPOSED,,,
M012,C0005346,2024-04-27,EXPOSED,2024-05-06,NO_RESPONSE,
M012,C0007871,2024-04-27,NOT_EXPOSED,,,
M012,C0007882,2024-04-27,EXPOSED,2024-05-31,NO_RESPONSE,
M012,C0008119,2024-04-27,EXPOSED,2024-05-30,NO_RESPONSE,
M012,C0009453,2024-04-27,EXPOSED,2024-05-29,NO_RESPONSE,
M012,C0013164,2024-04-27,NOT_EXPOSED,,,
M012,C0014947,2024-04-27,EXPOSED,2024-05-11,NO_RESPONSE,
M012,C0015045,2024-04-27,EXPOSED,2024-06-13,POSITIVE,2024-06-16
M012,C0016711,2024-04-27,EXPOSED,2024-05-07,NO_RESPONSE,
M012,C0019319,2024-04-27,EXPOSED,2024-05-03,NEUTRAL,2024-05-07
M012,C0000673,2024-04-28,EXPOSED,2024-05-18,NO_RESPONSE,
M012,C0001543,2024-04-28,EXPOSED,2024-07-13,NO_RESPONSE,
M012,C0001701,2024-04-28,EXPOSED,2024-06-17,POSITIVE,2024-06-19
M012,C0003539,2024-04-28,EXPOSED,2024-05-16,NO_RESPONSE,
M012,C0003642,2024-04-28,EXPOSED,2024-07-08,NO_RESPONSE,
M012,C0003751,2024-04-28,EXPOSED,2024-05-11,POSITIVE,2024-06-05
M012,C0004361,2024-04-28,EXPOSED,2024-05-10,NO_RESPONSE,
M012,C0004367,2024-04-28,EXPOSED,2024-05-25,NO_RESPONSE,
M012,C0004470,2024-04-28,EXPOSED,2024-05-28,NO_RESPONSE,
M012,C0004563,2024-04-28,EXPOSED,2024-05-15,POSITIVE,2024-05-17
M012,C0005666,2024-04-28,NOT_EXPOSED,,,
M012,C0006771,2024-04-28,EXPOSED,2024-05-25,POSITIVE,2024-05-27
M012,C0006904,2024-04-28,EXPOSED,2024-07-09,NO_RESPONSE,
M012,C0008226,2024-04-28,EXPOSED,2024-07-21,NEUTRAL,2024-07-30
M012,C0008323,2024-04-28,EXPOSED,2024-05-11,NO_RESPONSE,
M012,C0008687,2024-04-28,EXPOSED,2024-05-14,NO_RESPONSE,
M012,C0009143,2024-04-28,EXPOSED,2024-07-26,NO_RESPONSE,
M012,C0010119,2024-04-28,EXPOSED,2024-07-01,NEGATIVE,2024-08-07
M012,C0010174,2024-04-28,EXPOSED,2024-05-29,NO_RESPONSE,
M012,C0011035,2024-04-28,EXPOSED,2024-07-14,NO_RESPONSE,
M012,C0012004,2024-04-28,EXPOSED,2024-06-30,NO_RESPONSE,
M012,C0012926,2024-04-28,EXPOSED,2024-05-16,NEGATIVE,2024-05-28
M012,C0013501,2024-04-28,NOT_EXPOSED,,,
M012,C0013959,2024-04-28,NOT_EXPOSED,,,
M012,C0014289,2024-04-28,EXPOSED,2024-05-21,NO_RESPONSE,
M012,C0015396,2024-04-28,EXPOSED,2024-05-05,NO_RESPONSE,
M012,C0016790,2024-04-28,EXPOSED,2024-06-05,NO_RESPONSE,
M012,C0017308,2024-04-28,EXPOSED,2024-06-30,NO_RESPONSE,
M012,C0017876,2024-04-28,EXPOSED,2024-05-25,NO_RESPONSE,
M012,C0018609,2024-04-28,NOT_EXPOSED,,,
M012,C0018879,2024-04-28,EXPOSED,2024-05-16,NO_RESPONSE,
M012,C0019002,2024-04-28,EXPOSED,2024-06-23,NO_RESPONSE,
M012,C0001194,2024-04-29,EXPOSED,2024-05-19,NO_RESPONSE,
M012,C0003011,2024-04-29,EXPOSED,2024-05-29,NO_RESPONSE,
M012,C0003791,2024-04-29,EXPOSED,2024-05-27,NO_RESPONSE,
M012,C0006333,2024-04-29,EXPOSED,2024-05-16,NO_RESPONSE,
M012,C0006486,2024-04-29,EXPOSED,2024-07-27,NO_RESPONSE,
M012,C0007963,2024-04-29,EXPOSED,2024-05-11,NO_RESPONSE,
M012,C0008504,2024-04-29,EXPOSED,2024-06-17,NO_RESPONSE,
M012,C0009570,2024-04-29,EXPOSED,2024-05-25,NO_RESPONSE,
M012,C0009745,2024-04-29,EXPOSED,2024-05-10,NO_RESPONSE,
M012,C0010654,2024-04-29,EXPOSED,2024-06-22,NO_RESPONSE,
M012,C0010937,2024-04-29,EXPOSED,2024-06-06,NO_RESPONSE,
M012,C0011280,2024-04-29,EXPOSED,2024-05-23,NO_RESPONSE,
M012,C0011339,2024-04-29,EXPOSED,2024-05-28,NO_RESPONSE,
M012,C0011686,2024-04-29,EXPOSED,2024-05-06,NO_RESPONSE,
M012,C0012949,2024-04-29,EXPOSED,2024-06-24,NO_RESPONSE,
M012,C0013004,2024-04-29,EXPOSED,2024-04-29,NO_RESPONSE,
M012,C0014559,2024-04-29,EXPOSED,2024-06-09,NO_RESPONSE,
M012,C0014709,2024-04-29,EXPOSED,2024-06-15,NO_RESPONSE,
M012,C0016008,2024-04-29,EXPOSED,2024-05-20,NO_RESPONSE,
M012,C0016317,2024-04-29,EXPOSED,2024-05-05,NO_RESPONSE,
M012,C0017089,2024-04-29,EXPOSED,2024-04-30,NEGATIVE,2024-05-05
M012,C0017520,2024-04-29,EXPOSED,2024-06-18,NO_RESPONSE,
M012,C0018647,2024-04-29,EXPOSED,2024-06-12,NO_RESPONSE,
M012,C0019687,2024-04-29,EXPOSED,2024-05-23,NO_RESPONSE,
M012,C0019867,2024-04-29,EXPOSED,2024-07-01,NO_RESPONSE,
M012,C0001525,2024-04-30,EXPOSED,2024-05-13,NO_RESPONSE,
M012,C0001764,2024-04-30,EXPOSED,2024-06-25,NEUTRAL,2024-07-06
M012,C0002393,2024-04-30,EXPOSED,2024-05-22,NO_RESPONSE,
M012,C0002575,2024-04-30,NOT_EXPOSED,,,
M012,C0002805,2024-04-30,EXPOSED,2024-07-10,NEGATIVE,2024-07-11
M012,C0003529,2024-04-30,EXPOSED,2024-05-10,NO_RESPONSE,
M012,C0004511,2024-04-30,EXPOSED,2024-06-10,NO_RESPONSE,
M012,C0004549,2024-04-30,EXPOSED,2024-06-21,NO_RESPONSE,
M012,C0004842,2024-04-30,EXPOSED,2024-07-01,NEGATIVE,2024-07-26
M012,C0005948,2024-04-30,EXPOSED,2024-05-15,NEUTRAL,2024-05-22
M012,C0006187,2024-04-30,EXPOSED,2024-07-15,NO_RESPONSE,
M012,C0007362,2024-04-30,EXPOSED,2024-07-15,NO_RESPONSE,
M012,C0007713,2024-04-30,EXPOSED,2024-05-15,NO_RESPONSE,
M012,C0008117,2024-04-30,EXPOSED,2024-05-30,NO_RESPONSE,
M012,C0008486,2024-04-30,EXPOSED,2024-06-23,NO_RESPONSE,
M012,C0008903,2024-04-30,EXPOSED,2024-06-30,NO_RESPONSE,
M012,C0009071,2024-04-30,EXPOSED,2024-07-11,NO_RESPONSE,
M012,C0009207,2024-04-30,EXPOSED,2024-05-14,NO_RESPONSE,
M012,C0009886,2024-04-30,EXPOSED,2024-06-07,NEUTRAL,2024-06-18
M012,C0010771,2024-04-30,EXPOSED,2024-05-09,NO_RESPONSE,
M012,C0010960,2024-04-30,EXPOSED,2024-05-19,NO_RESPONSE,
M012,C0011571,2024-04-30,EXPOSED,2024-06-29,NO_RESPONSE,
M012,C0012818,2024-04-30,EXPOSED,2024-06-27,NO_RESPONSE,
M012,C0014090,2024-04-30,EXPOSED,2024-05-12,NO_RESPONSE,
M012,C0014800,2024-04-30,EXPOSED,2024-05-29,NO_RESPONSE,
M012,C0015181,2024-04-30,EXPOSED,2024-05-13,NO_RESPONSE,
M012,C0015798,2024-04-30,NOT_EXPOSED,,,
M012,C0015934,2024-04-30,EXPOSED,2024-07-08,NO_RESPONSE,
M012,C0016188,2024-04-30,EXPOSED,2024-06-15,NO_RESPONSE,
M012,C0016215,2024-04-30,EXPOSED,2024-05-15,NO_RESPONSE,
M012,C0017041,2024-04-30,EXPOSED,2024-05-19,NO_RESPONSE,
M012,C0017380,2024-04-30,EXPOSED,2024-06-19,NO_RESPONSE,
M012,C0017638,2024-04-30,EXPOSED,2024-06-03,NEUTRAL,2024-07-16
M012,C0018089,2024-04-30,EXPOSED,2024-06-02,NO_RESPONSE,
M012,C0019015,2024-04-30,EXPOSED,2024-06-04,NO_RESPONSE,
M012,C0019019,2024-04-30,EXPOSED,2024-06-01,POSITIVE,2024-06-07
M012,C0000405,2024-05-01,EXPOSED,2024-05-12,NO_RESPONSE,
M012,C0000560,2024-05-01,NOT_EXPOSED,,,
M012,C0002377,2024-05-01,EXPOSED,2024-06-23,POSITIVE,2024-06-29
M012,C0003835,2024-05-01,EXPOSED,2024-07-19,NO_RESPONSE,
M012,C0003920,2024-05-01,EXPOSED,2024-05-18,NO_RESPONSE,
M012,C0004625,2024-05-01,EXPOSED,2024-05-19,NO_RESPONSE,
M012,C0005288,2024-05-01,NOT_EXPOSED,,,
M012,C0005805,2024-05-01,NOT_EXPOSED,,,
M012,C0005849,2024-05-01,EXPOSED,2024-06-03,NO_RESPONSE,
M012,C0007340,2024-05-01,EXPOSED,2024-05-16,NO_RESPONSE,
M012,C0009576,2024-05-01,EXPOSED,2024-05-07,NEUTRAL,2024-05-17
M012,C0010424,2024-05-01,EXPOSED,2024-06-06,NO_RESPONSE,
M012,C0011184,2024-05-01,EXPOSED,2024-05-11,NO_RESPONSE,
M012,C0011518,2024-05-01,NOT_EXPOSED,,,
M012,C0012210,2024-05-01,EXPOSED,2024-07-09,NO_RESPONSE,
M012,C0012621,2024-05-01,EXPOSED,2024-05-19,POSITIVE,2024-06-08
M012,C0013152,2024-05-01,EXPOSED,2024-06-04,NO_RESPONSE,
M012,C0015534,2024-05-01,EXPOSED,2024-06-21,NO_RESPONSE,
M012,C0017317,2024-05-01,EXPOSED,2024-05-18,NO_RESPONSE,
M012,C0018637,2024-05-01,EXPOSED,2024-07-09,POSITIVE,2024-07-27
M012,C0018743,2024-05-01,EXPOSED,2024-05-14,NO_RESPONSE,
M012,C0019896,2024-05-01,NOT_EXPOSED,,,
M012,C0000256,2024-05-02,EXPOSED,2024-06-02,POSITIVE,2024-06-07
M012,C0001013,2024-05-02,EXPOSED,2024-05-27,POSITIVE,2024-05-29
M012,C0001700,2024-05-02,EXPOSED,2024-06-22,NO_RESPONSE,
M012,C0002403,2024-05-02,EXPOSED,2024-06-02,NO_RESPONSE,
M012,C0003079,2024-05-02,NOT_EXPOSED,,,
M012,C0003966,2024-05-02,NOT_EXPOSED,,,
M012,C0005104,2024-05-02,EXPOSED,2024-06-23,NO_RESPONSE,
M012,C0005201,2024-05-02,EXPOSED,2024-05-25,NO_RESPONSE,
M012,C0007332,2024-05-02,EXPOSED,2024-05-27,NO_RESPONSE,
M012,C0008215,2024-05-02,EXPOSED,2024-06-01,NEUTRAL,2024-06-17
M012,C0008231,2024-05-02,EXPOSED,2024-06-07,NO_RESPONSE,
M012,C0009352,2024-05-02,EXPOSED,2024-05-31,NO_RESPONSE,
M012,C0010414,2024-05-02,EXPOSED,2024-05-27,NO_RESPONSE,
M012,C0010761,2024-05-02,EXPOSED,2024-05-31,NO_RESPONSE,
M012,C0010792,2024-05-02,EXPOSED,2024-05-24,POSITIVE,2024-06-04
M012,C0011399,2024-05-02,EXPOSED,2024-05-05,NO_RESPONSE,
M012,C0012952,2024-05-02,EXPOSED,2024-05-26,NO_RESPONSE,
M012,C0014138,2024-05-02,EXPOSED,2024-06-08,NO_RESPONSE,
M012,C0014229,2024-05-02,EXPOSED,2024-05-21,NO_RESPONSE,
M012,C0015650,2024-05-02,EXPOSED,2024-05-10,NO_RESPONSE,
M012,C0016414,2024-05-02,EXPOSED,2024-06-01,NO_RESPONSE,
M012,C0016821,2024-05-02,EXPOSED,2024-07-18,NO_RESPONSE,
M012,C0018425,2024-05-02,EXPOSED,2024-05-05,NO_RESPONSE,
M012,C0001759,2024-05-03,EXPOSED,2024-05-23,NO_RESPONSE,
M012,C0001783,2024-05-03,EXPOSED,2024-07-02,NO_RESPONSE,
M012,C0001821,2024-05-03,EXPOSED,2024-05-04,POSITIVE,2024-05-16
M012,C0002112,2024-05-03,EXPOSED,2024-06-03,NO_RESPONSE,
M012,C0002227,2024-05-03,EXPOSED,2024-05-07,NO_RESPONSE,
M012,C0002800,2024-05-03,EXPOSED,2024-05-29,NO_RESPONSE,
M012,C0003054,2024-05-03,EXPOSED,2024-06-01,NEGATIVE,2024-06-10
M012,C0003720,2024-05-03,EXPOSED,2024-05-21,NO_RESPONSE,
M012,C0003912,2024-05-03,EXPOSED,2024-06-18,NO_RESPONSE,
M012,C0004756,2024-05-03,EXPOSED,2024-07-11,NO_RESPONSE,
M012,C0006007,2024-05-03,EXPOSED,2024-05-12,NO_RESPONSE,
M012,C0008087,2024-05-03,EXPOSED,2024-07-23,NO_RESPONSE,
M012,C0008587,2024-05-03,EXPOSED,2024-06-26,NO_RESPONSE,
M012,C0009633,2024-05-03,EXPOSED,2024-06-25,POSITIVE,2024-06-30
M012,C0009648,2024-05-03,EXPOSED,2024-07-08,NO_RESPONSE,
M012,C0010753,2024-05-03,EXPOSED,2024-06-07,NO_RESPONSE,
M012,C0011038,2024-05-03,EXPOSED,2024-06-02,NO_RESPONSE,
M012,C0012319,2024-05-03,NOT_EXPOSED,,,
M012,C0012327,2024-05-03,EXPOSED,2024-05-13,NO_RESPONSE,
M012,C0012368,2024-05-03,NOT_EXPOSED,,,
M012,C0012658,2024-05-03,EXPOSED,2024-06-26,NO_RESPONSE,
M012,C0013838,2024-05-03,EXPOSED,2024-05-09,NO_RESPONSE,
M012,C0014026,2024-05-03,EXPOSED,2024-06-19,POSITIVE,2024-07-06
M012,C0014123,2024-05-03,EXPOSED,2024-06-05,NO_RESPONSE,
M012,C0014566,2024-05-03,EXPOSED,2024-06-07,NO_RESPONSE,
M012,C0015426,2024-05-03,EXPOSED,2024-05-16,NO_RESPONSE,
M012,C0015737,2024-05-03,NOT_EXPOSED,,,
M012,C0016369,2024-05-03,EXPOSED,2024-05-28,NEGATIVE,2024-05-31
M012,C0016531,2024-05-03,EXPOSED,2024-06-27,NO_RESPONSE,
M012,C0016938,2024-05-03,EXPOSED,2024-07-12,NO_RESPONSE,
M012,C0018966,2024-05-03,EXPOSED,2024-06-24,NO_RESPONSE,
M012,C0018967,2024-05-03,NOT_EXPOSED,,,
M012,C0019112,2024-05-03,EXPOSED,2024-06-19,NO_RESPONSE,
M012,C0019412,2024-05-03,EXPOSED,2024-06-18,NO_RESPONSE,
M012,C0019844,2024-05-03,EXPOSED,2024-05-26,NO_RESPONSE,
M012,C0000943,2024-05-04,EXPOSED,2024-05-29,NO_RESPONSE,
M012,C0001284,2024-05-04,EXPOSED,2024-05-20,NEGATIVE,2024-06-16
M012,C0001661,2024-05-04,EXPOSED,2024-06-13,NO_RESPONSE,
M012,C0002068,2024-05-04,EXPOSED,2024-05-08,NEGATIVE,2024-05-16
M012,C0002288,2024-05-04,EXPOSED,2024-05-07,NO_RESPONSE,
M012,C0002519,2024-05-04,EXPOSED,2024-05-31,NO_RESPONSE,
M012,C0003264,2024-05-04,NOT_EXPOSED,,,
M012,C0003710,2024-05-04,EXPOSED,2024-05-26,NO_RESPONSE,
M012,C0003991,2024-05-04,EXPOSED,2024-05-31,NO_RESPONSE,
M012,C0006878,2024-05-04,EXPOSED,2024-07-19,NO_RESPONSE,
M012,C0007755,2024-05-04,EXPOSED,2024-06-23,NO_RESPONSE,
M012,C0008393,2024-05-04,EXPOSED,2024-05-14,NO_RESPONSE,
M012,C0008841,2024-05-04,EXPOSED,2024-06-08,NO_RESPONSE,
M012,C0012305,2024-05-04,EXPOSED,2024-06-01,NO_RESPONSE,
M012,C0012994,2024-05-04,EXPOSED,2024-05-25,NO_RESPONSE,
M012,C0014234,2024-05-04,EXPOSED,2024-06-17,NO_RESPONSE,
M012,C0014651,2024-05-04,EXPOSED,2024-06-12,NO_RESPONSE,
M012,C0015898,2024-05-04,EXPOSED,2024-06-12,NO_RESPONSE,
M012,C0016102,2024-05-04,EXPOSED,2024-05-12,NO_RESPONSE,
M012,C0016272,2024-05-04,EXPOSED,2024-05-15,NO_RESPONSE,
M012,C0016873,2024-05-04,EXPOSED,2024-06-02,NO_RESPONSE,
M012,C0000396,2024-05-05,EXPOSED,2024-07-01,NO_RESPONSE,
M012,C0000884,2024-05-05,EXPOSED,2024-06-15,NO_RESPONSE,
M012,C0000962,2024-05-05,EXPOSED,2024-06-01,NO_RESPONSE,
M012,C0001317,2024-05-05,EXPOSED,2024-05-25,NO_RESPONSE,
M012,C0001595,2024-05-05,EXPOSED,2024-06-26,NO_RESPONSE,
M012,C0001694,2024-05-05,EXPOSED,2024-06-02,NO_RESPONSE,
M012,C0001786,2024-05-05,NOT_EXPOSED,,,
M012,C0007055,2024-05-05,NOT_EXPOSED,,,
M012,C0007585,2024-05-05,EXPOSED,2024-05-25,POSITIVE,2024-06-08
M012,C0007858,2024-05-05,EXPOSED,2024-07-10,NO_RESPONSE,
M012,C0008891,2024-05-05,EXPOSED,2024-05-27,NO_RESPONSE,
M012,C0010074,2024-05-05,EXPOSED,2024-06-29,NO_RESPONSE,
M012,C0010752,2024-05-05,EXPOSED,2024-06-20,NO_RESPONSE,
M012,C0011626,2024-05-05,EXPOSED,2024-06-03,NO_RESPONSE,
M012,C0011882,2024-05-05,EXPOSED,2024-06-22,NO_RESPONSE,
M012,C0013105,2024-05-05,EXPOSED,2024-07-14,NO_RESPONSE,
M012,C0014443,2024-05-05,EXPOSED,2024-06-24,NO_RESPONSE,
M012,C0016415,2024-05-05,EXPOSED,2024-05-07,NO_RESPONSE,
M012,C0016921,2024-05-05,EXPOSED,2024-05-29,NO_RESPONSE,
M012,C0017565,2024-05-05,EXPOSED,2024-06-09,NO_RESPONSE,
M012,C0017761,2024-05-05,EXPOSED,2024-06-20,NO_RESPONSE,
M012,C0017979,2024-05-05,EXPOSED,2024-05-29,NO_RESPONSE,
M012,C0018038,2024-05-05,EXPOSED,2024-07-07,NO_RESPONSE,
M012,C0018211,2024-05-05,EXPOSED,2024-07-27,NO_RESPONSE,
M012,C0018419,2024-05-05,EXPOSED,2024-07-14,NO_RESPONSE,
M012,C0018464,2024-05-05,EXPOSED,2024-05-09,NEUTRAL,2024-05-27
M012,C0019653,2024-05-05,EXPOSED,2024-06-19,NO_RESPONSE,
M012,C0000169,2024-05-06,EXPOSED,2024-07-13,NO_RESPONSE,
M012,C0000204,2024-05-06,EXPOSED,2024-05-21,NO_RESPONSE,
M012,C0001054,2024-05-06,EXPOSED,2024-05-22,NO_RESPONSE,
M012,C0001057,2024-05-06,EXPOSED,2024-05-30,NO_RESPONSE,
M012,C0004495,2024-05-06,EXPOSED,2024-05-20,POSITIVE,2024-06-01
M012,C0005957,2024-05-06,EXPOSED,2024-05-18,NO_RESPONSE,
M012,C0006478,2024-05-06,NOT_EXPOSED,,,
M012,C0007393,2024-05-06,EXPOSED,2024-06-20,NO_RESPONSE,
M012,C0007628,2024-05-06,EXPOSED,2024-07-07,POSITIVE,2024-07-16
M012,C0007864,2024-05-06,EXPOSED,2024-07-14,NO_RESPONSE,
M012,C0008357,2024-05-06,EXPOSED,2024-06-18,NO_RESPONSE,
M012,C0009094,2024-05-06,EXPOSED,2024-07-27,NO_RESPONSE,
M012,C0013330,2024-05-06,EXPOSED,2024-05-23,NO_RESPONSE,
M012,C0015387,2024-05-06,NOT_EXPOSED,,,
M012,C0016207,2024-05-06,EXPOSED,2024-07-01,POSITIVE,2024-07-05
M012,C0016829,2024-05-06,EXPOSED,2024-06-29,NO_RESPONSE,
M012,C0017680,2024-05-06,EXPOSED,2024-06-14,NO_RESPONSE,
M012,C0017709,2024-05-06,EXPOSED,2024-05-30,NO_RESPONSE,
M012,C0019113,2024-05-06,EXPOSED,2024-06-05,NO_RESPONSE,
M012,C0019206,2024-05-06,EXPOSED,2024-06-09,NO_RESPONSE,
M012,C0019499,2024-05-06,EXPOSED,2024-06-10,NEUTRAL,2024-06-26
M012,C0019834,2024-05-06,EXPOSED,2024-06-24,NO_RESPONSE,
M012,C0000790,2024-05-07,EXPOSED,2024-05-13,NO_RESPONSE,
M012,C0001408,2024-05-07,EXPOSED,2024-06-06,NO_RESPONSE,
M012,C0001699,2024-05-07,EXPOSED,2024-06-23,NO_RESPONSE,
M012,C0001857,2024-05-07,EXPOSED,2024-05-14,POSITIVE,2024-05-15
M012,C0002698,2024-05-07,EXPOSED,2024-06-03,NO_RESPONSE,
M012,C0003481,2024-05-07,EXPOSED,2024-05-31,NO_RESPONSE,
M012,C0003555,2024-05-07,EXPOSED,2024-05-16,NO_RESPONSE,
M012,C0003698,2024-05-07,EXPOSED,2024-05-22,NEUTRAL,2024-06-03
M012,C0004026,2024-05-07,NOT_EXPOSED,,,
M012,C0005262,2024-05-07,NOT_EXPOSED,,,
M012,C0005813,2024-05-07,EXPOSED,2024-06-10,NO_RESPONSE,
M012,C0006386,2024-05-07,EXPOSED,2024-05-23,NO_RESPONSE,
M012,C0006620,2024-05-07,EXPOSED,2024-06-07,NO_RESPONSE,
M012,C0006965,2024-05-07,EXPOSED,2024-07-06,NO_RESPONSE,
M012,C0007857,2024-05-07,EXPOSED,2024-05-18,NO_RESPONSE,
M012,C0008180,2024-05-07,EXPOSED,2024-05-22,NO_RESPONSE,
M012,C0008436,2024-05-07,EXPOSED,2024-06-03,NO_RESPONSE,
M012,C0009153,2024-05-07,EXPOSED,2024-06-28,NO_RESPONSE,
M012,C0010834,2024-05-07,NOT_EXPOSED,,,
M012,C0012450,2024-05-07,EXPOSED,2024-06-14,POSITIVE,2024-06-23
M012,C0012616,2024-05-07,NOT_EXPOSED,,,
M012,C0012784,2024-05-07,EXPOSED,2024-06-13,NO_RESPONSE,
M012,C0013964,2024-05-07,NOT_EXPOSED,,,
M012,C0014916,2024-05-07,EXPOSED,2024-06-20,NO_RESPONSE,
M012,C0015575,2024-05-07,EXPOSED,2024-06-15,NO_RESPONSE,
M012,C0015843,2024-05-07,EXPOSED,2024-05-28,NO_RESPONSE,
M012,C0016046,2024-05-07,EXPOSED,2024-07-08,NO_RESPONSE,
M012,C0016236,2024-05-07,EXPOSED,2024-06-08,NO_RESPONSE,
M012,C0000449,2024-05-08,NOT_EXPOSED,,,
M012,C0000684,2024-05-08,EXPOSED,2024-05-30,NO_RESPONSE,
M012,C0001745,2024-05-08,EXPOSED,2024-07-02,POSITIVE,2024-08-12
M012,C0002236,2024-05-08,EXPOSED,2024-06-29,NO_RESPONSE,
M012,C0002280,2024-05-08,EXPOSED,2024-06-05,NO_RESPONSE,
M012,C0002386,2024-05-08,EXPOSED,2024-07-14,NO_RESPONSE,
M012,C0003219,2024-05-08,EXPOSED,2024-07-03,NEUTRAL,2024-07-12
M012,C0004265,2024-05-08,EXPOSED,2024-06-30,NO_RESPONSE,
M012,C0004924,2024-05-08,EXPOSED,2024-05-30,NEUTRAL,2024-06-01
M012,C0004987,2024-05-08,EXPOSED,2024-05-31,NEGATIVE,2024-06-02
M012,C0005436,2024-05-08,EXPOSED,2024-06-04,NO_RESPONSE,
M012,C0006291,2024-05-08,EXPOSED,2024-06-09,NO_RESPONSE,
M012,C0006355,2024-05-08,EXPOSED,2024-06-27,NO_RESPONSE,
M012,C0006550,2024-05-08,EXPOSED,2024-07-10,NO_RESPONSE,
M012,C0007802,2024-05-08,EXPOSED,2024-06-29,NO_RESPONSE,
M012,C0008537,2024-05-08,EXPOSED,2024-06-05,NO_RESPONSE,
M012,C0009396,2024-05-08,EXPOSED,2024-06-13,NO_RESPONSE,
M012,C0009480,2024-05-08,EXPOSED,2024-07-09,NO_RESPONSE,
M012,C0010003,2024-05-08,NOT_EXPOSED,,,
M012,C0011950,2024-05-08,EXPOSED,2024-06-09,NO_RESPONSE,
M012,C0012638,2024-05-08,EXPOSED,2024-05-28,NO_RESPONSE,
M012,C0012902,2024-05-08,EXPOSED,2024-05-20,NO_RESPONSE,
M012,C0013052,2024-05-08,EXPOSED,2024-05-28,NO_RESPONSE,
M012,C0014216,2024-05-08,NOT_EXPOSED,,,
M012,C0014521,2024-05-08,EXPOSED,2024-05-12,POSITIVE,2024-05-23
M012,C0014835,2024-05-08,EXPOSED,2024-07-05,NO_RESPONSE,
M012,C0015504,2024-05-08,EXPOSED,2024-07-24,NO_RESPONSE,
M012,C0015686,2024-05-08,EXPOSED,2024-06-14,POSITIVE,2024-07-10
M012,C0015860,2024-05-08,EXPOSED,2024-07-25,NO_RESPONSE,
M012,C0016169,2024-05-08,EXPOSED,2024-05-17,NEGATIVE,2024-05-24
M012,C0016955,2024-05-08,EXPOSED,2024-06-05,NO_RESPONSE,
M012,C0018736,2024-05-08,EXPOSED,2024-07-03,NO_RESPONSE,
M012,C0019268,2024-05-08,EXPOSED,2024-07-17,NO_RESPONSE,
M012,C0019633,2024-05-08,EXPOSED,2024-06-05,NO_RESPONSE,
M012,C0001112,2024-05-09,EXPOSED,2024-06-29,NO_RESPONSE,
M012,C0001332,2024-05-09,EXPOSED,2024-07-15,NO_RESPONSE,
M012,C0001387,2024-05-09,EXPOSED,2024-07-06,POSITIVE,2024-07-09
M012,C0002119,2024-05-09,EXPOSED,2024-06-24,NO_RESPONSE,
M012,C0002281,2024-05-09,EXPOSED,2024-06-25,NO_RESPONSE,
M012,C0002573,2024-05-09,EXPOSED,2024-06-29,NO_RESPONSE,
M012,C0002581,2024-05-09,EXPOSED,2024-05-20,NO_RESPONSE,
M012,C0005443,2024-05-09,EXPOSED,2024-05-16,POSITIVE,2024-05-24
M012,C0005836,2024-05-09,EXPOSED,2024-07-22,NO_RESPONSE,
M012,C0010026,2024-05-09,EXPOSED,2024-06-11,NEUTRAL,2024-06-25
M012,C0010440,2024-05-09,EXPOSED,2024-06-03,NO_RESPONSE,
M012,C0011804,2024-05-09,EXPOSED,2024-05-12,NO_RESPONSE,
M012,C0012615,2024-05-09,EXPOSED,2024-05-18,NEGATIVE,2024-05-23
M012,C0012768,2024-05-09,EXPOSED,2024-06-02,NO_RESPONSE,
M012,C0012866,2024-05-09,EXPOSED,2024-06-23,NO_RESPONSE,
M012,C0013824,2024-05-09,NOT_EXPOSED,,,
M012,C0013925,2024-05-09,EXPOSED,2024-05-30,NO_RESPONSE,
M012,C0014162,2024-05-09,EXPOSED,2024-05-18,NEUTRAL,2024-05-24
M012,C0016257,2024-05-09,EXPOSED,2024-05-28,POSITIVE,2024-07-01
M012,C0017501,2024-05-09,EXPOSED,2024-05-25,NO_RESPONSE,
M012,C0018245,2024-05-09,EXPOSED,2024-05-30,NO_RESPONSE,
M012,C0019235,2024-05-09,EXPOSED,2024-06-10,NO_RESPONSE,
M012,C0019697,2024-05-09,EXPOSED,2024-06-16,NO_RESPONSE,
M012,C0000819,2024-05-10,EXPOSED,2024-06-08,NO_RESPONSE,
M012,C0001608,2024-05-10,EXPOSED,2024-07-20,NO_RESPONSE,
M012,C0001682,2024-05-10,EXPOSED,2024-06-22,NO_RESPONSE,
M012,C0001820,2024-05-10,EXPOSED,2024-05-21,NO_RESPONSE,
M012,C0002275,2024-05-10,EXPOSED,2024-06-21,POSITIVE,2024-08-01
M012,C0002973,2024-05-10,NOT_EXPOSED,,,
M012,C0003598,2024-05-10,EXPOSED,2024-07-01,NO_RESPONSE,
M012,C0004556,2024-05-10,EXPOSED,2024-06-05,NO_RESPONSE,
M012,C0005306,2024-05-10,EXPOSED,2024-06-05,NO_RESPONSE,
M012,C0005573,2024-05-10,EXPOSED,2024-06-05,POSITIVE,2024-07-09
M012,C0005806,2024-05-10,EXPOSED,2024-06-14,NO_RESPONSE,
M012,C0008244,2024-05-10,EXPOSED,2024-06-05,NO_RESPONSE,
M012,C0008276,2024-05-10,EXPOSED,2024-06-02,NO_RESPONSE,
M012,C0008317,2024-05-10,EXPOSED,2024-06-30,NEGATIVE,2024-07-16
M012,C0008411,2024-05-10,EXPOSED,2024-05-29,NO_RESPONSE,
M012,C0008600,2024-05-10,EXPOSED,2024-06-03,POSITIVE,2024-06-12
M012,C0009384,2024-05-10,EXPOSED,2024-06-26,NO_RESPONSE,
M012,C0009537,2024-05-10,EXPOSED,2024-05-30,NO_RESPONSE,
M012,C0011315,2024-05-10,NOT_EXPOSED,,,
M012,C0014222,2024-05-10,EXPOSED,2024-06-15,NO_RESPONSE,
M012,C0015002,2024-05-10,EXPOSED,2024-06-03,NO_RESPONSE,
M012,C0015470,2024-05-10,EXPOSED,2024-05-26,NO_RESPONSE,
M012,C0015498,2024-05-10,EXPOSED,2024-06-13,NO_RESPONSE,
M012,C0015642,2024-05-10,EXPOSED,2024-06-03,POSITIVE,2024-06-04
M012,C0019863,2024-05-10,NOT_EXPOSED,,,
M012,C0000946,2024-05-11,EXPOSED,2024-07-22,NO_RESPONSE,
M012,C0001833,2024-05-11,EXPOSED,2024-06-18,NO_RESPONSE,
M012,C0002453,2024-05-11,EXPOSED,2024-06-04,NO_RESPONSE,
M012,C0002627,2024-05-11,EXPOSED,2024-05-17,POSITIVE,2024-05-23
M012,C0002671,2024-05-11,EXPOSED,2024-07-25,NO_RESPONSE,
M012,C0004053,2024-05-11,EXPOSED,2024-05-14,NO_RESPONSE,
M012,C0004056,2024-05-11,EXPOSED,2024-06-14,NO_RESPONSE,
M012,C0004395,2024-05-11,EXPOSED,2024-06-01,NO_RESPONSE,
M012,C0004516,2024-05-11,EXPOSED,2024-07-14,NO_RESPONSE,
M012,C0005431,2024-05-11,EXPOSED,2024-05-30,NO_RESPONSE,
M012,C0006376,2024-05-11,NOT_EXPOSED,,,
M012,C0007014,2024-05-11,NOT_EXPOSED,,,
M012,C0007234,2024-05-11,NOT_EXPOSED,,,
M012,C0007387,2024-05-11,EXPOSED,2024-05-21,NO_RESPONSE,
M012,C0009144,2024-05-11,EXPOSED,2024-06-09,NO_RESPONSE,
M012,C0009147,2024-05-11,EXPOSED,2024-06-25,NO_RESPONSE,
M012,C0009242,2024-05-11,EXPOSED,2024-05-24,NO_RESPONSE,
M012,C0009640,2024-05-11,NOT_EXPOSED,,,
M012,C0009674,2024-05-11,EXPOSED,2024-07-20,NO_RESPONSE,
M012,C0010046,2024-05-11,EXPOSED,2024-05-28,NEUTRAL,2024-06-05
M012,C0010409,2024-05-11,EXPOSED,2024-05-20,NO_RESPONSE,
M012,C0010621,2024-05-11,EXPOSED,2024-07-01,POSITIVE,2024-07-10
M012,C0011273,2024-05-11,EXPOSED,2024-06-10,NO_RESPONSE,
M012,C0014204,2024-05-11,EXPOSED,2024-07-09,NO_RESPONSE,
M012,C0014792,2024-05-11,EXPOSED,2024-07-08,NO_RESPONSE,
M012,C0014815,2024-05-11,EXPOSED,2024-06-29,NO_RESPONSE,
M012,C0015110,2024-05-11,EXPOSED,2024-06-12,NO_RESPONSE,
M012,C0017669,2024-05-11,NOT_EXPOSED,,,
M012,C0018315,2024-05-11,EXPOSED,2024-06-17,NO_RESPONSE,
M012,C0000004,2024-05-12,EXPOSED,2024-06-17,NO_RESPONSE,
M012,C0000446,2024-05-12,EXPOSED,2024-05-17,POSITIVE,2024-06-05
M012,C0002838,2024-05-12,EXPOSED,2024-06-03,NO_RESPONSE,
M012,C0003316,2024-05-12,EXPOSED,2024-06-02,NO_RESPONSE,
M012,C0006656,2024-05-12,EXPOSED,2024-05-30,NO_RESPONSE,
M012,C0006853,2024-05-12,EXPOSED,2024-06-19,POSITIVE,2024-06-23
M012,C0007790,2024-05-12,EXPOSED,2024-05-27,NO_RESPONSE,
M012,C0008768,2024-05-12,EXPOSED,2024-07-13,NO_RESPONSE,
M012,C0009802,2024-05-12,EXPOSED,2024-05-14,NO_RESPONSE,
M012,C0010136,2024-05-12,EXPOSED,2024-07-17,NO_RESPONSE,
M012,C0010524,2024-05-12,EXPOSED,2024-06-15,NEGATIVE,2024-06-25
M012,C0010659,2024-05-12,EXPOSED,2024-05-22,NO_RESPONSE,
M012,C0010954,2024-05-12,EXPOSED,2024-06-01,POSITIVE,2024-06-11
M012,C0011847,2024-05-12,EXPOSED,2024-06-10,NO_RESPONSE,
M012,C0013726,2024-05-12,NOT_EXPOSED,,,
M012,C0013913,2024-05-12,EXPOSED,2024-06-28,POSITIVE,2024-06-29
M012,C0013951,2024-05-12,EXPOSED,2024-06-07,NO_RESPONSE,
M012,C0014036,2024-05-12,EXPOSED,2024-05-20,NO_RESPONSE,
M012,C0014081,2024-05-12,EXPOSED,2024-06-01,NO_RESPONSE,
M012,C0014970,2024-05-12,EXPOSED,2024-05-13,NO_RESPONSE,
M012,C0015714,2024-05-12,EXPOSED,2024-06-23,NO_RESPONSE,
M012,C0015937,2024-05-12,EXPOSED,2024-06-18,POSITIVE,2024-06-21
M012,C0016047,2024-05-12,EXPOSED,2024-05-23,NO_RESPONSE,
M012,C0016893,2024-05-12,EXPOSED,2024-05-18,NO_RESPONSE,
M012,C0017408,2024-05-12,EXPOSED,2024-07-22,NO_RESPONSE,
M012,C0018043,2024-05-12,EXPOSED,2024-05-29,NO_RESPONSE,
M012,C0018146,2024-05-12,EXPOSED,2024-05-24,POSITIVE,2024-06-07
M012,C0000080,2024-05-13,EXPOSED,2024-06-22,NO_RESPONSE,
M012,C0001274,2024-05-13,EXPOSED,2024-07-07,NO_RESPONSE,
M012,C0001322,2024-05-13,NOT_EXPOSED,,,
M012,C0005050,2024-05-13,EXPOSED,2024-06-06,NO_RESPONSE,
M012,C0005594,2024-05-13,EXPOSED,2024-05-28,NO_RESPONSE,
M012,C0005651,2024-05-13,EXPOSED,2024-06-07,NO_RESPONSE,
M012,C0008141,2024-05-13,EXPOSED,2024-05-28,NO_RESPONSE,
M012,C0009111,2024-05-13,EXPOSED,2024-07-06,NO_RESPONSE,
M012,C0009472,2024-05-13,EXPOSED,2024-05-17,NO_RESPONSE,
M012,C0010265,2024-05-13,EXPOSED,2024-06-27,NO_RESPONSE,
M012,C0011179,2024-05-13,EXPOSED,2024-07-21,NO_RESPONSE,
M012,C0011498,2024-05-13,EXPOSED,2024-07-11,NO_RESPONSE,
M012,C0011752,2024-05-13,EXPOSED,2024-07-20,NO_RESPONSE,
M012,C0011967,2024-05-13,EXPOSED,2024-06-19,NO_RESPONSE,
M012,C0012289,2024-05-13,NOT_EXPOSED,,,
M012,C0012331,2024-05-13,EXPOSED,2024-06-10,NO_RESPONSE,
M012,C0012909,2024-05-13,EXPOSED,2024-06-21,NEUTRAL,2024-07-02
M012,C0014500,2024-05-13,EXPOSED,2024-07-06,NO_RESPONSE,
M012,C0014591,2024-05-13,EXPOSED,2024-06-10,NO_RESPONSE,
M012,C0014698,2024-05-13,EXPOSED,2024-06-04,NO_RESPONSE,
M012,C0014935,2024-05-13,EXPOSED,2024-07-19,POSITIVE,2024-07-28
M012,C0015459,2024-05-13,EXPOSED,2024-05-25,NO_RESPONSE,
M012,C0016885,2024-05-13,EXPOSED,2024-06-27,NO_RESPONSE,
M012,C0016941,2024-05-13,EXPOSED,2024-05-31,NO_RESPONSE,
M012,C0017151,2024-05-13,EXPOSED,2024-05-30,NO_RESPONSE,
M012,C0017218,2024-05-13,EXPOSED,2024-05-21,POSITIVE,2024-06-06
M012,C0017390,2024-05-13,EXPOSED,2024-05-24,NO_RESPONSE,
M012,C0019100,2024-05-13,EXPOSED,2024-05-31,NO_RESPONSE,
M012,C0019265,2024-05-13,EXPOSED,2024-07-03,NO_RESPONSE,
M012,C0019484,2024-05-13,EXPOSED,2024-05-16,NEGATIVE,2024-06-11
M012,C0001597,2024-05-14,EXPOSED,2024-06-18,NO_RESPONSE,
M012,C0004201,2024-05-14,EXPOSED,2024-05-14,NO_RESPONSE,
M012,C0004471,2024-05-14,EXPOSED,2024-05-14,NEGATIVE,2024-05-17
M012,C0005907,2024-05-14,EXPOSED,2024-06-24,NO_RESPONSE,
M012,C0005932,2024-05-14,EXPOSED,2024-06-03,NO_RESPONSE,
M012,C0006008,2024-05-14,EXPOSED,2024-06-13,NO_RESPONSE,
M012,C0007030,2024-05-14,EXPOSED,2024-05-24,NO_RESPONSE,
M012,C0007424,2024-05-14,EXPOSED,2024-05-20,NEGATIVE,2024-06-24
M012,C0007807,2024-05-14,EXPOSED,2024-06-15,NO_RESPONSE,
M012,C0008440,2024-05-14,EXPOSED,2024-06-22,NO_RESPONSE,
M012,C0008461,2024-05-14,EXPOSED,2024-05-16,NO_RESPONSE,
M012,C0009078,2024-05-14,EXPOSED,2024-07-06,NO_RESPONSE,
M012,C0010491,2024-05-14,EXPOSED,2024-06-19,NO_RESPONSE,
M012,C0011012,2024-05-14,EXPOSED,2024-06-10,NO_RESPONSE,
M012,C0012411,2024-05-14,NOT_EXPOSED,,,
M012,C0013055,2024-05-14,EXPOSED,2024-06-18,NO_RESPONSE,
M012,C0013195,2024-05-14,EXPOSED,2024-06-01,NO_RESPONSE,
M012,C0013700,2024-05-14,EXPOSED,2024-07-14,NEUTRAL,2024-07-28
M012,C0015953,2024-05-14,EXPOSED,2024-07-14,POSITIVE,2024-07-26
M012,C0016445,2024-05-14,EXPOSED,2024-05-31,NO_RESPONSE,
M012,C0019462,2024-05-14,EXPOSED,2024-06-26,POSITIVE,2024-07-18
M012,C0019742,2024-05-14,EXPOSED,2024-05-19,NO_RESPONSE,
M012,C0001363,2024-05-15,EXPOSED,2024-06-01,NO_RESPONSE,
M012,C0001534,2024-05-15,NOT_EXPOSED,,,
M012,C0001545,2024-05-15,EXPOSED,2024-05-31,NO_RESPONSE,
M012,C0001931,2024-05-15,EXPOSED,2024-07-01,POSITIVE,2024-07-03
M012,C0002567,2024-05-15,EXPOSED,2024-06-12,NO_RESPONSE,
M012,C0003550,2024-05-15,EXPOSED,2024-05-28,NEGATIVE,2024-06-22
M012,C0003885,2024-05-15,EXPOSED,2024-06-02,POSITIVE,2024-06-04
M012,C0004274,2024-05-15,EXPOSED,2024-05-30,NO_RESPONSE,
M012,C0005354,2024-05-15,EXPOSED,2024-06-06,NO_RESPONSE,
M012,C0005437,2024-05-15,NOT_EXPOSED,,,
M012,C0005488,2024-05-15,EXPOSED,2024-06-23,NO_RESPONSE,
M012,C0005633,2024-05-15,EXPOSED,2024-07-03,NO_RESPONSE,
M012,C0006750,2024-05-15,EXPOSED,2024-06-20,NO_RESPONSE,
M012,C0007844,2024-05-15,EXPOSED,2024-07-01,NO_RESPONSE,
M012,C0008769,2024-05-15,NOT_EXPOSED,,,
M012,C0008833,2024-05-15,EXPOSED,2024-07-07,NO_RESPONSE,
M012,C0009246,2024-05-15,EXPOSED,2024-06-10,NO_RESPONSE,
M012,C0010235,2024-05-15,EXPOSED,2024-06-08,NO_RESPONSE,
M012,C0010437,2024-05-15,EXPOSED,2024-05-18,NO_RESPONSE,
M012,C0011841,2024-05-15,EXPOSED,2024-06-09,NO_RESPONSE,
M012,C0012043,2024-05-15,EXPOSED,2024-06-08,NO_RESPONSE,
M012,C0013036,2024-05-15,EXPOSED,2024-06-23,NO_RESPONSE,
M012,C0013854,2024-05-15,EXPOSED,2024-05-16,POSITIVE,2024-05-27
M012,C0014118,2024-05-15,EXPOSED,2024-05-24,NO_RESPONSE,
M012,C0014719,2024-05-15,EXPOSED,2024-07-08,NO_RESPONSE,
M012,C0014849,2024-05-15,EXPOSED,2024-06-29,POSITIVE,2024-08-13
M012,C0015392,2024-05-15,NOT_EXPOSED,,,
M012,C0016107,2024-05-15,NOT_EXPOSED,,,
M012,C0017388,2024-05-15,NOT_EXPOSED,,,
M012,C0019362,2024-05-15,EXPOSED,2024-06-26,NO_RESPONSE,
M012,C0019689,2024-05-15,EXPOSED,2024-06-25,NO_RESPONSE,
M012,C0000490,2024-05-16,EXPOSED,2024-06-18,NO_RESPONSE,
M012,C0001527,2024-05-16,EXPOSED,2024-06-10,NO_RESPONSE,
M012,C0001705,2024-05-16,EXPOSED,2024-07-25,NEUTRAL,2024-07-31
M012,C0002153,2024-05-16,EXPOSED,2024-06-16,NO_RESPONSE,
M012,C0003907,2024-05-16,EXPOSED,2024-07-06,NO_RESPONSE,
M012,C0004060,2024-05-16,EXPOSED,2024-05-30,NO_RESPONSE,
M012,C0006306,2024-05-16,EXPOSED,2024-05-31,NO_RESPONSE,
M012,C0006653,2024-05-16,EXPOSED,2024-05-20,NO_RESPONSE,
M012,C0006709,2024-05-16,EXPOSED,2024-06-23,NEUTRAL,2024-06-27
M012,C0006849,2024-05-16,EXPOSED,2024-06-27,NO_RESPONSE,
M012,C0008120,2024-05-16,EXPOSED,2024-06-05,NO_RESPONSE,
M012,C0008586,2024-05-16,EXPOSED,2024-05-18,NO_RESPONSE,
M012,C0008610,2024-05-16,EXPOSED,2024-05-30,NO_RESPONSE,
M012,C0009790,2024-05-16,EXPOSED,2024-05-26,NO_RESPONSE,
M012,C0011748,2024-05-16,EXPOSED,2024-07-02,NEUTRAL,2024-07-03
M012,C0013209,2024-05-16,EXPOSED,2024-07-06,NO_RESPONSE,
M012,C0013508,2024-05-16,EXPOSED,2024-06-15,NO_RESPONSE,
M012,C0014424,2024-05-16,NOT_EXPOSED,,,
M012,C0017693,2024-05-16,EXPOSED,2024-06-22,NO_RESPONSE,
M012,C0017804,2024-05-16,EXPOSED,2024-06-16,NO_RESPONSE,
M012,C0018007,2024-05-16,EXPOSED,2024-07-08,NO_RESPONSE,
M012,C0019301,2024-05-16,EXPOSED,2024-05-29,NO_RESPONSE,
M012,C0000638,2024-05-17,EXPOSED,2024-07-15,POSITIVE,2024-07-18
M012,C0001519,2024-05-17,NOT_EXPOSED,,,
M012,C0002426,2024-05-17,EXPOSED,2024-06-14,NO_RESPONSE,
M012,C0003296,2024-05-17,EXPOSED,2024-07-03,NO_RESPONSE,
M012,C0006399,2024-05-17,EXPOSED,2024-05-26,NO_RESPONSE,
M012,C0006644,2024-05-17,NOT_EXPOSED,,,
M012,C0007672,2024-05-17,EXPOSED,2024-06-12,NO_RESPONSE,
M012,C0010382,2024-05-17,EXPOSED,2024-06-13,NO_RESPONSE,
M012,C0011742,2024-05-17,EXPOSED,2024-06-09,NO_RESPONSE,
M012,C0011939,2024-05-17,EXPOSED,2024-05-20,NO_RESPONSE,
M012,C0012716,2024-05-17,EXPOSED,2024-07-05,NO_RESPONSE,
M012,C0014167,2024-05-17,EXPOSED,2024-07-05,NO_RESPONSE,
M012,C0015817,2024-05-17,EXPOSED,2024-06-09,NO_RESPONSE,
M012,C0015861,2024-05-17,EXPOSED,2024-07-04,NO_RESPONSE,
M012,C0015915,2024-05-17,NOT_EXPOSED,,,
M012,C0017727,2024-05-17,EXPOSED,2024-07-02,NO_RESPONSE,
M012,C0019208,2024-05-17,EXPOSED,2024-05-26,NO_RESPONSE,
M012,C0019530,2024-05-17,EXPOSED,2024-06-01,NO_RESPONSE,
M012,C0001156,2024-05-18,NOT_EXPOSED,,,
M012,C0001969,2024-05-18,EXPOSED,2024-07-12,NO_RESPONSE,
M012,C0002603,2024-05-18,EXPOSED,2024-05-26,NO_RESPONSE,
M012,C0004780,2024-05-18,EXPOSED,2024-05-26,NO_RESPONSE,
M012,C0005499,2024-05-18,EXPOSED,2024-06-14,NO_RESPONSE,
M012,C0007510,2024-05-18,EXPOSED,2024-05-27,POSITIVE,2024-06-03
M012,C0007603,2024-05-18,EXPOSED,2024-05-29,NO_RESPONSE,
M012,C0008124,2024-05-18,EXPOSED,2024-06-02,NO_RESPONSE,
M012,C0008443,2024-05-18,EXPOSED,2024-06-14,NO_RESPONSE,
M012,C0010391,2024-05-18,EXPOSED,2024-06-09,NO_RESPONSE,
M012,C0011234,2024-05-18,EXPOSED,2024-05-29,NO_RESPONSE,
M012,C0011338,2024-05-18,EXPOSED,2024-06-13,NO_RESPONSE,
M012,C0012673,2024-05-18,NOT_EXPOSED,,,
M012,C0014426,2024-05-18,EXPOSED,2024-05-22,POSITIVE,2024-05-30
M012,C0015655,2024-05-18,EXPOSED,2024-06-10,NO_RESPONSE,
M012,C0016451,2024-05-18,EXPOSED,2024-07-28,NO_RESPONSE,
M012,C0018440,2024-05-18,EXPOSED,2024-07-14,NO_RESPONSE,
M012,C0019385,2024-05-18,EXPOSED,2024-05-25,NEUTRAL,2024-05-30
M012,C0019420,2024-05-18,EXPOSED,2024-06-12,NO_RESPONSE,
M012,C0019872,2024-05-18,NOT_EXPOSED,,,
M012,C0019916,2024-05-18,EXPOSED,2024-06-22,POSITIVE,2024-07-02
M012,C0000521,2024-05-19,NOT_EXPOSED,,,
M012,C0001845,2024-05-19,EXPOSED,2024-06-20,NO_RESPONSE,
M012,C0002125,2024-05-19,EXPOSED,2024-07-09,POSITIVE,2024-07-18
M012,C0004826,2024-05-19,EXPOSED,2024-05-24,NO_RESPONSE,
M012,C0005069,2024-05-19,EXPOSED,2024-06-21,POSITIVE,2024-06-23
M012,C0005214,2024-05-19,NOT_EXPOSED,,,
M012,C0005235,2024-05-19,EXPOSED,2024-06-27,NO_RESPONSE,
M012,C0007367,2024-05-19,EXPOSED,2024-07-01,NO_RESPONSE,
M012,C0007567,2024-05-19,EXPOSED,2024-07-14,NO_RESPONSE,
M012,C0009170,2024-05-19,EXPOSED,2024-06-27,NO_RESPONSE,
M012,C0010075,2024-05-19,EXPOSED,2024-06-01,NO_RESPONSE,
M012,C0010272,2024-05-19,EXPOSED,2024-07-01,NO_RESPONSE,
M012,C0012808,2024-05-19,EXPOSED,2024-05-26,NEGATIVE,2024-05-31
M012,C0012812,2024-05-19,EXPOSED,2024-06-11,NEUTRAL,2024-06-28
M012,C0012982,2024-05-19,NOT_EXPOSED,,,
M012,C0015000,2024-05-19,EXPOSED,2024-06-18,POSITIVE,2024-06-25
M012,C0016289,2024-05-19,EXPOSED,2024-06-02,NO_RESPONSE,
M012,C0016629,2024-05-19,EXPOSED,2024-05-21,NO_RESPONSE,
M012,C0016987,2024-05-19,EXPOSED,2024-07-05,NEGATIVE,2024-08-18
M012,C0017972,2024-05-19,EXPOSED,2024-06-18,NO_RESPONSE,
M012,C0018603,2024-05-19,EXPOSED,2024-05-31,NO_RESPONSE,
M012,C0019699,2024-05-19,EXPOSED,2024-05-21,NO_RESPONSE,
M012,C0019939,2024-05-19,NOT_EXPOSED,,,
M012,C0000134,2024-05-20,EXPOSED,2024-05-21,NO_RESPONSE,
M012,C0001738,2024-05-20,EXPOSED,2024-07-08,POSITIVE,2024-07-17
M012,C0001907,2024-05-20,EXPOSED,2024-06-15,NO_RESPONSE,
M012,C0003182,2024-05-20,EXPOSED,2024-06-04,POSITIVE,2024-06-09
M012,C0003205,2024-05-20,EXPOSED,2024-06-17,NO_RESPONSE,
M012,C0003294,2024-05-20,EXPOSED,2024-07-20,NO_RESPONSE,
M012,C0003381,2024-05-20,EXPOSED,2024-07-12,NO_RESPONSE,
M012,C0007000,2024-05-20,EXPOSED,2024-06-04,NO_RESPONSE,
M012,C0007471,2024-05-20,NOT_EXPOSED,,,
M012,C0007576,2024-05-20,NOT_EXPOSED,,,
M012,C0008150,2024-05-20,EXPOSED,2024-06-10,POSITIVE,2024-06-29
M012,C0008678,2024-05-20,EXPOSED,2024-07-18,NO_RESPONSE,
M012,C0009297,2024-05-20,EXPOSED,2024-07-12,NO_RESPONSE,
M012,C0009635,2024-05-20,EXPOSED,2024-06-21,NO_RESPONSE,
M012,C0009744,2024-05-20,EXPOSED,2024-06-21,NO_RESPONSE,
M012,C0010144,2024-05-20,EXPOSED,2024-05-24,NO_RESPONSE,
M012,C0010687,2024-05-20,NOT_EXPOSED,,,
M012,C0011644,2024-05-20,EXPOSED,2024-07-02,NO_RESPONSE,
M012,C0011720,2024-05-20,EXPOSED,2024-06-10,NO_RESPONSE,
M012,C0012537,2024-05-20,NOT_EXPOSED,,,
M012,C0012652,2024-05-20,EXPOSED,2024-06-20,NEUTRAL,2024-07-01
M012,C0012663,2024-05-20,EXPOSED,2024-06-03,NO_RESPONSE,
M012,C0012783,2024-05-20,EXPOSED,2024-06-03,NEGATIVE,2024-06-08
M012,C0013091,2024-05-20,EXPOSED,2024-06-25,NO_RESPONSE,
M012,C0013589,2024-05-20,EXPOSED,2024-06-09,NO_RESPONSE,
M012,C0016343,2024-05-20,EXPOSED,2024-06-13,NEUTRAL,2024-07-05
M012,C0016347,2024-05-20,EXPOSED,2024-06-14,POSITIVE,2024-07-02
M012,C0016404,2024-05-20,EXPOSED,2024-06-09,NO_RESPONSE,
M012,C0016910,2024-05-20,NOT_EXPOSED,,,
M012,C0018050,2024-05-20,EXPOSED,2024-06-15,POSITIVE,2024-06-26
M012,C0018703,2024-05-20,EXPOSED,2024-06-12,NO_RESPONSE,
M012,C0019252,2024-05-20,EXPOSED,2024-05-27,NEGATIVE,2024-06-08
M012,C0000643,2024-05-21,EXPOSED,2024-06-04,POSITIVE,2024-06-21
M012,C0004222,2024-05-21,EXPOSED,2024-05-30,NO_RESPONSE,
M012,C0004253,2024-05-21,EXPOSED,2024-06-01,NEGATIVE,2024-06-15
M012,C0005926,2024-05-21,EXPOSED,2024-05-27,NO_RESPONSE,
M012,C0006249,2024-05-21,EXPOSED,2024-05-26,NO_RESPONSE,
M012,C0007487,2024-05-21,EXPOSED,2024-06-16,NEUTRAL,2024-06-24
M012,C0007636,2024-05-21,EXPOSED,2024-07-13,NO_RESPONSE,
M012,C0007982,2024-05-21,EXPOSED,2024-06-05,NO_RESPONSE,
M012,C0009534,2024-05-21,EXPOSED,2024-05-26,NO_RESPONSE,
M012,C0009620,2024-05-21,EXPOSED,2024-06-19,NEUTRAL,2024-07-12
M012,C0009894,2024-05-21,EXPOSED,2024-05-27,NO_RESPONSE,
M012,C0011512,2024-05-21,EXPOSED,2024-06-09,NO_RESPONSE,
M012,C0011780,2024-05-21,EXPOSED,2024-07-15,NO_RESPONSE,
M012,C0012217,2024-05-21,EXPOSED,2024-07-17,NO_RESPONSE,
M012,C0013543,2024-05-21,EXPOSED,2024-06-26,NO_RESPONSE,
M012,C0014876,2024-05-21,EXPOSED,2024-06-28,NO_RESPONSE,
M012,C0016945,2024-05-21,EXPOSED,2024-06-13,NO_RESPONSE,
M012,C0018819,2024-05-21,EXPOSED,2024-07-14,NO_RESPONSE,
M012,C0000143,2024-05-22,EXPOSED,2024-07-08,NO_RESPONSE,
M012,C0000647,2024-05-22,NOT_EXPOSED,,,
M012,C0001532,2024-05-22,NOT_EXPOSED,,,
M012,C0002156,2024-05-22,EXPOSED,2024-06-05,NO_RESPONSE,
M012,C0004768,2024-05-22,EXPOSED,2024-06-07,NO_RESPONSE,
M012,C0005191,2024-05-22,EXPOSED,2024-06-21,NO_RESPONSE,
M012,C0006487,2024-05-22,EXPOSED,2024-06-30,NO_RESPONSE,
M012,C0008006,2024-05-22,EXPOSED,2024-06-13,NEUTRAL,2024-06-17
M012,C0008430,2024-05-22,EXPOSED,2024-07-16,NO_RESPONSE,
M012,C0008922,2024-05-22,EXPOSED,2024-05-30,NO_RESPONSE,
M012,C0009925,2024-05-22,NOT_EXPOSED,,,
M012,C0010521,2024-05-22,EXPOSED,2024-06-14,NO_RESPONSE,
M012,C0011074,2024-05-22,EXPOSED,2024-06-21,NO_RESPONSE,
M012,C0011439,2024-05-22,EXPOSED,2024-06-21,NO_RESPONSE,
M012,C0012165,2024-05-22,EXPOSED,2024-05-31,NO_RESPONSE,
M012,C0012436,2024-05-22,EXPOSED,2024-05-26,NO_RESPONSE,
M012,C0013245,2024-05-22,EXPOSED,2024-05-24,NO_RESPONSE,
M012,C0015150,2024-05-22,EXPOSED,2024-06-19,NO_RESPONSE,
M012,C0017191,2024-05-22,EXPOSED,2024-06-26,NO_RESPONSE,
M012,C0018298,2024-05-22,EXPOSED,2024-06-24,NO_RESPONSE,
M012,C0003724,2024-05-23,EXPOSED,2024-07-04,NO_RESPONSE,
M012,C0004380,2024-05-23,EXPOSED,2024-06-13,NO_RESPONSE,
M012,C0004399,2024-05-23,EXPOSED,2024-07-13,NO_RESPONSE,
M012,C0004770,2024-05-23,EXPOSED,2024-06-20,NO_RESPONSE,
M012,C0005128,2024-05-23,EXPOSED,2024-07-19,NO_RESPONSE,
M012,C0005131,2024-05-23,EXPOSED,2024-06-13,NO_RESPONSE,
M012,C0005471,2024-05-23,EXPOSED,2024-07-07,NO_RESPONSE,
M012,C0005842,2024-05-23,EXPOSED,2024-06-01,POSITIVE,2024-06-14
M012,C0006703,2024-05-23,EXPOSED,2024-06-22,NO_RESPONSE,
M012,C0007457,2024-05-23,EXPOSED,2024-07-19,NEUTRAL,2024-07-29
M012,C0008106,2024-05-23,EXPOSED,2024-06-02,NO_RESPONSE,
M012,C0008429,2024-05-23,EXPOSED,2024-05-28,NO_RESPONSE,
M012,C0008997,2024-05-23,EXPOSED,2024-06-12,NO_RESPONSE,
M012,C0009359,2024-05-23,EXPOSED,2024-06-13,NO_RESPONSE,
M012,C0009397,2024-05-23,EXPOSED,2024-07-05,NO_RESPONSE,
M012,C0009735,2024-05-23,EXPOSED,2024-06-22,NO_RESPONSE,
M012,C0010147,2024-05-23,EXPOSED,2024-05-25,NO_RESPONSE,
M012,C0010885,2024-05-23,EXPOSED,2024-06-01,NO_RESPONSE,
M012,C0011029,2024-05-23,EXPOSED,2024-06-28,NO_RESPONSE,
M012,C0012175,2024-05-23,EXPOSED,2024-05-31,NO_RESPONSE,
M012,C0012231,2024-05-23,NOT_EXPOSED,,,
M012,C0013522,2024-05-23,EXPOSED,2024-06-27,NO_RESPONSE,
M012,C0013736,2024-05-23,NOT_EXPOSED,,,
M012,C0014048,2024-05-23,EXPOSED,2024-06-27,NO_RESPONSE,
M012,C0015638,2024-05-23,EXPOSED,2024-06-22,NO_RESPONSE,
M012,C0015946,2024-05-23,EXPOSED,2024-06-13,NO_RESPONSE,
M012,C0016168,2024-05-23,EXPOSED,2024-06-21,NO_RESPONSE,
M012,C0018247,2024-05-23,EXPOSED,2024-06-02,NO_RESPONSE,
M012,C0018454,2024-05-23,EXPOSED,2024-06-06,NO_RESPONSE,
M012,C0018518,2024-05-23,EXPOSED,2024-07-17,NEUTRAL,2024-08-20
M012,C0002081,2024-05-24,EXPOSED,2024-07-17,NO_RESPONSE,
M012,C0002780,2024-05-24,EXPOSED,2024-05-27,NEUTRAL,2024-07-13
M012,C0007887,2024-05-24,EXPOSED,2024-05-25,NO_RESPONSE,
M012,C0009834,2024-05-24,EXPOSED,2024-06-05,NO_RESPONSE,
M012,C0012618,2024-05-24,EXPOSED,2024-07-03,NO_RESPONSE,
M012,C0012838,2024-05-24,EXPOSED,2024-07-12,NO_RESPONSE,
M012,C0012873,2024-05-24,EXPOSED,2024-06-06,POSITIVE,2024-06-16
M012,C0013272,2024-05-24,EXPOSED,2024-06-02,NO_RESPONSE,
M012,C0013461,2024-05-24,EXPOSED,2024-06-02,NO_RESPONSE,
M012,C0013605,2024-05-24,NOT_EXPOSED,,,
M012,C0015255,2024-05-24,EXPOSED,2024-06-25,NEUTRAL,2024-06-28
M012,C0017255,2024-05-24,EXPOSED,2024-06-03,NO_RESPONSE,
M012,C0017465,2024-05-24,EXPOSED,2024-06-18,NO_RESPONSE,
M012,C0018276,2024-05-24,EXPOSED,2024-06-20,POSITIVE,2024-06-25
M012,C0018569,2024-05-24,EXPOSED,2024-06-02,NEGATIVE,2024-06-14
M012,C0019721,2024-05-24,EXPOSED,2024-06-12,NO_RESPONSE,
M012,C0019843,2024-05-24,EXPOSED,2024-06-11,NO_RESPONSE,
M012,C0000398,2024-05-25,EXPOSED,2024-07-07,NO_RESPONSE,
M012,C0000565,2024-05-25,EXPOSED,2024-07-10,NO_RESPONSE,
M012,C0000779,2024-05-25,NOT_EXPOSED,,,
M012,C0001383,2024-05-25,EXPOSED,2024-06-14,NEUTRAL,2024-06-17
M012,C0002276,2024-05-25,EXPOSED,2024-07-17,POSITIVE,2024-08-11
M012,C0002690,2024-05-25,EXPOSED,2024-07-10,NO_RESPONSE,
M012,C0003228,2024-05-25,EXPOSED,2024-06-30,NO_RESPONSE,
M012,C0003670,2024-05-25,EXPOSED,2024-06-05,NO_RESPONSE,
M012,C0004418,2024-05-25,EXPOSED,2024-06-23,NO_RESPONSE,
M012,C0004496,2024-05-25,EXPOSED,2024-06-04,NO_RESPONSE,
M012,C0005658,2024-05-25,EXPOSED,2024-06-13,NO_RESPONSE,
M012,C0007033,2024-05-25,EXPOSED,2024-06-18,NO_RESPONSE,
M012,C0007911,2024-05-25,EXPOSED,2024-06-16,NO_RESPONSE,
M012,C0009715,2024-05-25,EXPOSED,2024-06-22,NO_RESPONSE,
M012,C0012168,2024-05-25,EXPOSED,2024-07-03,NO_RESPONSE,
M012,C0012799,2024-05-25,EXPOSED,2024-06-02,NO_RESPONSE,
M012,C0012916,2024-05-25,EXPOSED,2024-07-04,NO_RESPONSE,
M012,C0013537,2024-05-25,EXPOSED,2024-07-03,NO_RESPONSE,
M012,C0013668,2024-05-25,EXPOSED,2024-06-24,NO_RESPONSE,
M012,C0014208,2024-05-25,EXPOSED,2024-06-11,NO_RESPONSE,
M012,C0014880,2024-05-25,EXPOSED,2024-06-24,NO_RESPONSE,
M012,C0014924,2024-05-25,EXPOSED,2024-06-24,NO_RESPONSE,
M012,C0014987,2024-05-25,EXPOSED,2024-06-04,NO_RESPONSE,
M012,C0015665,2024-05-25,EXPOSED,2024-05-31,NO_RESPONSE,
M012,C0015965,2024-05-25,NOT_EXPOSED,,,
M012,C0016143,2024-05-25,EXPOSED,2024-06-27,NO_RESPONSE,
M012,C0016185,2024-05-25,EXPOSED,2024-07-08,NO_RESPONSE,
M012,C0016561,2024-05-25,EXPOSED,2024-06-25,NO_RESPONSE,
M012,C0016798,2024-05-25,EXPOSED,2024-07-29,NO_RESPONSE,
M012,C0017274,2024-05-25,EXPOSED,2024-06-26,NO_RESPONSE,
M012,C0017881,2024-05-25,EXPOSED,2024-06-22,NO_RESPONSE,
M012,C0019891,2024-05-25,EXPOSED,2024-06-16,NO_RESPONSE,
M012,C0000041,2024-05-26,EXPOSED,2024-07-06,NO_RESPONSE,
M012,C0001784,2024-05-26,EXPOSED,2024-07-11,NO_RESPONSE,
M012,C0002384,2024-05-26,EXPOSED,2024-06-08,NO_RESPONSE,
M012,C0004709,2024-05-26,EXPOSED,2024-06-01,NO_RESPONSE,
M012,C0004734,2024-05-26,EXPOSED,2024-06-17,NO_RESPONSE,
M012,C0005134,2024-05-26,NOT_EXPOSED,,,
M012,C0005752,2024-05-26,EXPOSED,2024-06-05,NO_RESPONSE,
M012,C0005876,2024-05-26,EXPOSED,2024-06-28,NO_RESPONSE,
M012,C0009344,2024-05-26,EXPOSED,2024-06-17,NO_RESPONSE,
M012,C0009459,2024-05-26,EXPOSED,2024-06-06,NO_RESPONSE,
M012,C0010643,2024-05-26,EXPOSED,2024-06-15,NO_RESPONSE,
M012,C0011171,2024-05-26,EXPOSED,2024-06-09,NO_RESPONSE,
M012,C0013960,2024-05-26,EXPOSED,2024-05-30,NO_RESPONSE,
M012,C0014353,2024-05-26,NOT_EXPOSED,,,
M012,C0014589,2024-05-26,EXPOSED,2024-06-07,NO_RESPONSE,
M012,C0014599,2024-05-26,EXPOSED,2024-06-11,NO_RESPONSE,
M012,C0014774,2024-05-26,EXPOSED,2024-06-02,NO_RESPONSE,
M012,C0015807,2024-05-26,EXPOSED,2024-06-05,NO_RESPONSE,
M012,C0016391,2024-05-26,NOT_EXPOSED,,,
M012,C0016542,2024-05-26,EXPOSED,2024-06-16,NO_RESPONSE,
M012,C0017062,2024-05-26,EXPOSED,2024-06-05,NO_RESPONSE,
M012,C0017515,2024-05-26,EXPOSED,2024-07-07,POSITIVE,2024-07-10
M012,C0017646,2024-05-26,EXPOSED,2024-07-22,NEGATIVE,2024-07-31
M012,C0003564,2024-05-27,EXPOSED,2024-07-12,NO_RESPONSE,
M012,C0003925,2024-05-27,EXPOSED,2024-06-08,NO_RESPONSE,
M012,C0004107,2024-05-27,NOT_EXPOSED,,,
M012,C0008012,2024-05-27,EXPOSED,2024-06-28,NO_RESPONSE,
M012,C0010021,2024-05-27,EXPOSED,2024-06-29,NO_RESPONSE,
M012,C0010510,2024-05-27,EXPOSED,2024-06-30,NEUTRAL,2024-07-06
M012,C0012119,2024-05-27,EXPOSED,2024-06-15,NO_RESPONSE,
M012,C0013295,2024-05-27,EXPOSED,2024-07-14,NO_RESPONSE,
M012,C0013428,2024-05-27,EXPOSED,2024-06-02,NO_RESPONSE,
M012,C0013647,2024-05-27,EXPOSED,2024-06-05,NO_RESPONSE,
M012,C0013669,2024-05-27,NOT_EXPOSED,,,
M012,C0014002,2024-05-27,EXPOSED,2024-06-02,NO_RESPONSE,
M012,C0014209,2024-05-27,NOT_EXPOSED,,,
M012,C0014475,2024-05-27,EXPOSED,2024-06-12,NO_RESPONSE,
M012,C0015632,2024-05-27,EXPOSED,2024-06-16,NO_RESPONSE,
M012,C0016019,2024-05-27,EXPOSED,2024-06-05,NO_RESPONSE,
M012,C0016163,2024-05-27,EXPOSED,2024-07-05,NO_RESPONSE,
M012,C0018318,2024-05-27,EXPOSED,2024-06-05,NO_RESPONSE,
M012,C0018401,2024-05-27,EXPOSED,2024-06-07,NO_RESPONSE,
M012,C0018760,2024-05-27,NOT_EXPOSED,,,
M012,C0018858,2024-05-27,EXPOSED,2024-06-10,NO_RESPONSE,
M012,C0019200,2024-05-27,EXPOSED,2024-07-15,NO_RESPONSE,
M012,C0002133,2024-05-28,EXPOSED,2024-05-28,NO_RESPONSE,
M012,C0003472,2024-05-28,NOT_EXPOSED,,,
M012,C0005603,2024-05-28,EXPOSED,2024-07-25,NO_RESPONSE,
M012,C0006169,2024-05-28,NOT_EXPOSED,,,
M012,C0006352,2024-05-28,EXPOSED,2024-07-04,NO_RESPONSE,
M012,C0006968,2024-05-28,EXPOSED,2024-07-26,NO_RESPONSE,
M012,C0006997,2024-05-28,EXPOSED,2024-05-29,NEGATIVE,2024-06-30
M012,C0007875,2024-05-28,EXPOSED,2024-07-01,NO_RESPONSE,
M012,C0013785,2024-05-28,EXPOSED,2024-07-15,NO_RESPONSE,
M012,C0014206,2024-05-28,EXPOSED,2024-07-12,NO_RESPONSE,
M012,C0014871,2024-05-28,EXPOSED,2024-07-14,NO_RESPONSE,
M012,C0015151,2024-05-28,EXPOSED,2024-07-08,NO_RESPONSE,
M012,C0015302,2024-05-28,EXPOSED,2024-06-13,NO_RESPONSE,
M012,C0016560,2024-05-28,EXPOSED,2024-06-12,NO_RESPONSE,
M012,C0016685,2024-05-28,EXPOSED,2024-06-21,NO_RESPONSE,
M012,C0016686,2024-05-28,EXPOSED,2024-07-18,NEUTRAL,2024-07-19
M012,C0017091,2024-05-28,EXPOSED,2024-06-18,NO_RESPONSE,
M012,C0002136,2024-05-29,EXPOSED,2024-06-24,NO_RESPONSE,
M012,C0002659,2024-05-29,EXPOSED,2024-06-21,POSITIVE,2024-06-26
M012,C0002853,2024-05-29,EXPOSED,2024-06-25,NO_RESPONSE,
M012,C0003282,2024-05-29,EXPOSED,2024-06-30,NO_RESPONSE,
M012,C0004564,2024-05-29,EXPOSED,2024-06-05,NO_RESPONSE,
M012,C0005100,2024-05-29,EXPOSED,2024-07-03,NO_RESPONSE,
M012,C0013104,2024-05-29,EXPOSED,2024-07-21,NO_RESPONSE,
M012,C0015210,2024-05-29,EXPOSED,2024-06-17,NO_RESPONSE,
M012,C0016409,2024-05-29,EXPOSED,2024-07-08,NO_RESPONSE,
M012,C0017106,2024-05-29,EXPOSED,2024-07-27,NEGATIVE,2024-08-04
M012,C0017946,2024-05-29,EXPOSED,2024-06-17,NO_RESPONSE,
M012,C0018003,2024-05-29,NOT_EXPOSED,,,
M012,C0018536,2024-05-29,EXPOSED,2024-06-24,NEUTRAL,2024-06-26
M012,C0018914,2024-05-29,EXPOSED,2024-06-13,NO_RESPONSE,
M012,C0019401,2024-05-29,EXPOSED,2024-06-04,NO_RESPONSE,
M012,C0002124,2024-05-30,EXPOSED,2024-06-25,NO_RESPONSE,
M012,C0003488,2024-05-30,NOT_EXPOSED,,,
M012,C0004371,2024-05-30,EXPOSED,2024-06-28,NO_RESPONSE,
M012,C0004747,2024-05-30,EXPOSED,2024-06-09,NO_RESPONSE,
M012,C0004847,2024-05-30,EXPOSED,2024-06-26,NO_RESPONSE,
M012,C0004945,2024-05-30,EXPOSED,2024-07-28,NO_RESPONSE,
M012,C0005524,2024-05-30,EXPOSED,2024-06-19,NO_RESPONSE,
M012,C0005732,2024-05-30,EXPOSED,2024-06-06,NO_RESPONSE,
M012,C0006731,2024-05-30,EXPOSED,2024-06-16,NO_RESPONSE,
M012,C0007985,2024-05-30,EXPOSED,2024-06-10,NO_RESPONSE,
M012,C0008052,2024-05-30,EXPOSED,2024-07-03,NO_RESPONSE,
M012,C0008539,2024-05-30,EXPOSED,2024-06-16,NO_RESPONSE,
M012,C0010253,2024-05-30,NOT_EXPOSED,,,
M012,C0013553,2024-05-30,EXPOSED,2024-07-01,NEUTRAL,2024-07-06
M012,C0016256,2024-05-30,EXPOSED,2024-06-30,NO_RESPONSE,
M012,C0016483,2024-05-30,EXPOSED,2024-07-02,NO_RESPONSE,
M012,C0016746,2024-05-30,EXPOSED,2024-06-08,NO_RESPONSE,
M012,C0017664,2024-05-30,EXPOSED,2024-06-30,NO_RESPONSE,
M012,C0018273,2024-05-30,EXPOSED,2024-06-07,NO_RESPONSE,
M012,C0019052,2024-05-30,EXPOSED,2024-06-09,NO_RESPONSE,
M012,C0019925,2024-05-30,EXPOSED,2024-07-28,NEGATIVE,2024-08-01
M012,C0001000,2024-05-31,EXPOSED,2024-07-07,NO_RESPONSE,
M012,C0001455,2024-05-31,EXPOSED,2024-07-18,NO_RESPONSE,
M012,C0001865,2024-05-31,EXPOSED,2024-07-12,NO_RESPONSE,
M012,C0003922,2024-05-31,NOT_EXPOSED,,,
M012,C0004015,2024-05-31,EXPOSED,2024-06-29,NO_RESPONSE,
M012,C0004655,2024-05-31,NOT_EXPOSED,,,
M012,C0004802,2024-05-31,EXPOSED,2024-07-02,NO_RESPONSE,
M012,C0004852,2024-05-31,EXPOSED,2024-07-09,NO_RESPONSE,
M012,C0005010,2024-05-31,EXPOSED,2024-07-21,NO_RESPONSE,
M012,C0005859,2024-05-31,EXPOSED,2024-06-26,NO_RESPONSE,
M012,C0006156,2024-05-31,EXPOSED,2024-05-31,NO_RESPONSE,
M012,C0006491,2024-05-31,EXPOSED,2024-07-15,NO_RESPONSE,
M012,C0007968,2024-05-31,EXPOSED,2024-06-27,POSITIVE,2024-07-03
M012,C0008556,2024-05-31,EXPOSED,2024-07-04,NO_RESPONSE,
M012,C0009697,2024-05-31,EXPOSED,2024-06-19,NO_RESPONSE,
M012,C0009796,2024-05-31,EXPOSED,2024-06-10,POSITIVE,2024-06-11
M012,C0011265,2024-05-31,NOT_EXPOSED,,,
M012,C0012148,2024-05-31,EXPOSED,2024-07-07,NEGATIVE,2024-07-15
M012,C0012159,2024-05-31,EXPOSED,2024-06-04,NO_RESPONSE,
M012,C0013627,2024-05-31,NOT_EXPOSED,,,
M012,C0017624,2024-05-31,EXPOSED,2024-06-19,NEGATIVE,2024-07-01
M012,C0017685,2024-05-31,EXPOSED,2024-06-19,NEUTRAL,2024-07-12
M012,C0019761,2024-05-31,EXPOSED,2024-06-06,NO_RESPONSE,
M012,C0000732,2024-06-01,EXPOSED,2024-06-16,NO_RESPONSE,
M012,C0000876,2024-06-01,EXPOSED,2024-07-04,POSITIVE,2024-07-07
M012,C0001752,2024-06-01,NOT_EXPOSED,,,
M012,C0002918,2024-06-01,EXPOSED,2024-06-18,NEUTRAL,2024-06-22
M012,C0003116,2024-06-01,EXPOSED,2024-07-17,NO_RESPONSE,
M012,C0003464,2024-06-01,EXPOSED,2024-07-27,NO_RESPONSE,
M012,C0004512,2024-06-01,EXPOSED,2024-06-19,NO_RESPONSE,
M012,C0004588,2024-06-01,EXPOSED,2024-06-04,NEUTRAL,2024-06-16
M012,C0006753,2024-06-01,EXPOSED,2024-07-12,NO_RESPONSE,
M012,C0007209,2024-06-01,EXPOSED,2024-06-12,NO_RESPONSE,
M012,C0007477,2024-06-01,EXPOSED,2024-06-22,NO_RESPONSE,
M012,C0007714,2024-06-01,EXPOSED,2024-06-05,NO_RESPONSE,
M012,C0010117,2024-06-01,NOT_EXPOSED,,,
M012,C0012604,2024-06-01,EXPOSED,2024-06-28,NO_RESPONSE,
M012,C0013360,2024-06-01,EXPOSED,2024-06-22,NEUTRAL,2024-06-24
M012,C0013956,2024-06-01,EXPOSED,2024-07-11,NO_RESPONSE,
M012,C0014331,2024-06-01,NOT_EXPOSED,,,
M012,C0014667,2024-06-01,EXPOSED,2024-07-03,NO_RESPONSE,
M012,C0014686,2024-06-01,EXPOSED,2024-06-24,NO_RESPONSE,
M012,C0017890,2024-06-01,EXPOSED,2024-06-09,NO_RESPONSE,
M012,C0018094,2024-06-01,EXPOSED,2024-06-17,NO_RESPONSE,
M012,C0019023,2024-06-01,EXPOSED,2024-06-17,NO_RESPONSE,
M012,C0019466,2024-06-01,EXPOSED,2024-07-04,NO_RESPONSE,
M012,C0000857,2024-06-02,NOT_EXPOSED,,,
M012,C0001538,2024-06-02,EXPOSED,2024-07-15,NO_RESPONSE,
M012,C0002253,2024-06-02,EXPOSED,2024-06-27,NO_RESPONSE,
M012,C0003526,2024-06-02,EXPOSED,2024-06-21,NO_RESPONSE,
M012,C0004981,2024-06-02,EXPOSED,2024-06-15,NO_RESPONSE,
M012,C0006018,2024-06-02,EXPOSED,2024-07-04,POSITIVE,2024-08-01
M012,C0007356,2024-06-02,EXPOSED,2024-06-27,NEGATIVE,2024-07-29
M012,C0007481,2024-06-02,EXPOSED,2024-07-14,NO_RESPONSE,
M012,C0007842,2024-06-02,EXPOSED,2024-07-04,NO_RESPONSE,
M012,C0008837,2024-06-02,EXPOSED,2024-06-12,NO_RESPONSE,
M012,C0014073,2024-06-02,EXPOSED,2024-06-19,NO_RESPONSE,
M012,C0014344,2024-06-02,EXPOSED,2024-06-12,NO_RESPONSE,
M012,C0014772,2024-06-02,EXPOSED,2024-06-24,NO_RESPONSE,
M012,C0014839,2024-06-02,EXPOSED,2024-06-08,POSITIVE,2024-06-18
M012,C0016422,2024-06-02,EXPOSED,2024-07-07,NO_RESPONSE,
M012,C0016904,2024-06-02,EXPOSED,2024-06-24,NO_RESPONSE,
M012,C0017602,2024-06-02,EXPOSED,2024-06-16,NO_RESPONSE,
M012,C0018953,2024-06-02,EXPOSED,2024-07-10,NO_RESPONSE,
M012,C0019040,2024-06-02,EXPOSED,2024-06-14,NO_RESPONSE,
M012,C0019417,2024-06-02,EXPOSED,2024-06-17,NO_RESPONSE,
M012,C0000064,2024-06-03,EXPOSED,2024-06-24,NO_RESPONSE,
M012,C0001482,2024-06-03,EXPOSED,2024-07-09,POSITIVE,2024-07-16
M012,C0003230,2024-06-03,EXPOSED,2024-06-11,NO_RESPONSE,
M012,C0003362,2024-06-03,EXPOSED,2024-07-09,NO_RESPONSE,
M012,C0004010,2024-06-03,NOT_EXPOSED,,,
M012,C0005017,2024-06-03,EXPOSED,2024-07-05,NO_RESPONSE,
M012,C0005079,2024-06-03,EXPOSED,2024-06-12,NO_RESPONSE,
M012,C0005797,2024-06-03,EXPOSED,2024-06-13,NO_RESPONSE,
M012,C0007930,2024-06-03,EXPOSED,2024-06-06,POSITIVE,2024-06-08
M012,C0009948,2024-06-03,EXPOSED,2024-06-04,NO_RESPONSE,
M012,C0010375,2024-06-03,EXPOSED,2024-06-26,NO_RESPONSE,
M012,C0011414,2024-06-03,NOT_EXPOSED,,,
M012,C0012077,2024-06-03,EXPOSED,2024-07-06,NO_RESPONSE,
M012,C0012920,2024-06-03,EXPOSED,2024-06-30,NO_RESPONSE,
M012,C0016245,2024-06-03,EXPOSED,2024-06-10,NO_RESPONSE,
M012,C0017400,2024-06-03,EXPOSED,2024-07-17,NEUTRAL,2024-07-27
M012,C0018286,2024-06-03,EXPOSED,2024-07-17,NO_RESPONSE,
M012,C0018846,2024-06-03,EXPOSED,2024-06-29,NO_RESPONSE,
M012,C0019719,2024-06-03,EXPOSED,2024-07-24,NO_RESPONSE,
M012,C0019775,2024-06-03,EXPOSED,2024-06-09,NO_RESPONSE,
M012,C0001240,2024-06-04,NOT_EXPOSED,,,
M012,C0001883,2024-06-04,EXPOSED,2024-06-16,NO_RESPONSE,
M012,C0002959,2024-06-04,EXPOSED,2024-07-06,NO_RESPONSE,
M012,C0004712,2024-06-04,EXPOSED,2024-06-26,NO_RESPONSE,
M012,C0006635,2024-06-04,EXPOSED,2024-06-28,NO_RESPONSE,
M012,C0007396,2024-06-04,EXPOSED,2024-07-16,NO_RESPONSE,
M012,C0008232,2024-06-04,EXPOSED,2024-06-23,NO_RESPONSE,
M012,C0008321,2024-06-04,EXPOSED,2024-06-14,NO_RESPONSE,
M012,C0009321,2024-06-04,EXPOSED,2024-06-19,NO_RESPONSE,
M012,C0009627,2024-06-04,EXPOSED,2024-06-12,POSITIVE,2024-06-28
M012,C0009870,2024-06-04,EXPOSED,2024-07-20,NO_RESPONSE,
M012,C0012057,2024-06-04,EXPOSED,2024-07-12,POSITIVE,2024-07-24
M012,C0014506,2024-06-04,EXPOSED,2024-07-28,NO_RESPONSE,
M012,C0014604,2024-06-04,EXPOSED,2024-06-26,NO_RESPONSE,
M012,C0016858,2024-06-04,NOT_EXPOSED,,,
M012,C0018431,2024-06-04,EXPOSED,2024-07-16,NO_RESPONSE,
M012,C0019657,2024-06-04,EXPOSED,2024-06-08,NEGATIVE,2024-06-18
M012,C0000505,2024-06-05,EXPOSED,2024-07-04,NO_RESPONSE,
M012,C0001870,2024-06-05,EXPOSED,2024-07-03,NEGATIVE,2024-07-31
M012,C0003237,2024-06-05,EXPOSED,2024-06-22,NO_RESPONSE,
M012,C0006790,2024-06-05,EXPOSED,2024-06-27,NO_RESPONSE,
M012,C0007144,2024-06-05,EXPOSED,2024-06-28,NO_RESPONSE,
M012,C0007152,2024-06-05,EXPOSED,2024-06-27,NO_RESPONSE,
M012,C0011541,2024-06-05,EXPOSED,2024-06-13,NO_RESPONSE,
M012,C0011591,2024-06-05,EXPOSED,2024-06-29,NEUTRAL,2024-07-28
M012,C0012320,2024-06-05,EXPOSED,2024-07-10,NO_RESPONSE,
M012,C0012705,2024-06-05,NOT_EXPOSED,,,
M012,C0012803,2024-06-05,NOT_EXPOSED,,,
M012,C0012899,2024-06-05,EXPOSED,2024-07-05,NO_RESPONSE,
M012,C0012922,2024-06-05,EXPOSED,2024-07-21,NO_RESPONSE,
M012,C0013299,2024-06-05,EXPOSED,2024-06-28,NO_RESPONSE,
M012,C0013879,2024-06-05,NOT_EXPOSED,,,
M012,C0015457,2024-06-05,EXPOSED,2024-06-22,NO_RESPONSE,
M012,C0016650,2024-06-05,EXPOSED,2024-06-29,NO_RESPONSE,
M012,C0018272,2024-06-05,EXPOSED,2024-06-13,NEUTRAL,2024-06-19
M012,C0001042,2024-06-06,EXPOSED,2024-06-09,NO_RESPONSE,
M012,C0003765,2024-06-06,NOT_EXPOSED,,,
M012,C0004444,2024-06-06,EXPOSED,2024-06-30,NO_RESPONSE,
M012,C0004459,2024-06-06,EXPOSED,2024-06-30,NO_RESPONSE,
M012,C0005232,2024-06-06,EXPOSED,2024-06-24,NO_RESPONSE,
M012,C0008378,2024-06-06,EXPOSED,2024-06-27,NO_RESPONSE,
M012,C0008756,2024-06-06,EXPOSED,2024-06-10,NO_RESPONSE,
M012,C0009737,2024-06-06,EXPOSED,2024-06-30,NO_RESPONSE,
M012,C0010312,2024-06-06,EXPOSED,2024-06-28,POSITIVE,2024-07-12
M012,C0011569,2024-06-06,EXPOSED,2024-06-25,NO_RESPONSE,
M012,C0012531,2024-06-06,EXPOSED,2024-06-26,NEUTRAL,2024-07-05
M012,C0013320,2024-06-06,EXPOSED,2024-06-11,NEUTRAL,2024-06-18
M012,C0014739,2024-06-06,EXPOSED,2024-07-17,NO_RESPONSE,
M012,C0015548,2024-06-06,EXPOSED,2024-07-10,NO_RESPONSE,
M012,C0015870,2024-06-06,EXPOSED,2024-06-29,NO_RESPONSE,
M012,C0016534,2024-06-06,EXPOSED,2024-07-06,NO_RESPONSE,
M012,C0019197,2024-06-06,EXPOSED,2024-07-02,NO_RESPONSE,
M012,C0019936,2024-06-06,EXPOSED,2024-06-27,NO_RESPONSE,
M012,C0000364,2024-06-07,EXPOSED,2024-06-13,NEUTRAL,2024-06-26
M012,C0004235,2024-06-07,EXPOSED,2024-07-22,NO_RESPONSE,
M012,C0004893,2024-06-07,NOT_EXPOSED,,,
M012,C0007364,2024-06-07,EXPOSED,2024-06-20,NO_RESPONSE,
M012,C0008182,2024-06-07,EXPOSED,2024-06-21,NEUTRAL,2024-07-05
M012,C0008273,2024-06-07,EXPOSED,2024-06-22,NO_RESPONSE,
M012,C0008306,2024-06-07,EXPOSED,2024-07-17,NO_RESPONSE,
M012,C0011800,2024-06-07,EXPOSED,2024-06-29,NO_RESPONSE,
M012,C0011833,2024-06-07,EXPOSED,2024-06-28,NEUTRAL,2024-07-12
M012,C0016567,2024-06-07,EXPOSED,2024-07-04,NO_RESPONSE,
M012,C0016972,2024-06-07,EXPOSED,2024-07-20,POSITIVE,2024-08-01
M012,C0017822,2024-06-07,EXPOSED,2024-06-28,NO_RESPONSE,
M012,C0000852,2024-06-08,EXPOSED,2024-06-21,NO_RESPONSE,
M012,C0000997,2024-06-08,EXPOSED,2024-07-06,NO_RESPONSE,
M012,C0002248,2024-06-08,EXPOSED,2024-06-17,NO_RESPONSE,
M012,C0008732,2024-06-08,EXPOSED,2024-06-26,NO_RESPONSE,
M012,C0011323,2024-06-08,EXPOSED,2024-06-25,NO_RESPONSE,
M012,C0014187,2024-06-08,NOT_EXPOSED,,,
M012,C0014575,2024-06-08,EXPOSED,2024-07-13,NO_RESPONSE,
M012,C0015212,2024-06-08,EXPOSED,2024-06-22,POSITIVE,2024-06-28
M012,C0015705,2024-06-08,EXPOSED,2024-06-29,NEGATIVE,2024-07-14
M012,C0016083,2024-06-08,EXPOSED,2024-06-17,NO_RESPONSE,
M012,C0016088,2024-06-08,NOT_EXPOSED,,,
M012,C0016271,2024-06-08,EXPOSED,2024-06-24,NO_RESPONSE,
M012,C0016458,2024-06-08,EXPOSED,2024-07-06,NO_RESPONSE,
M012,C0016551,2024-06-08,EXPOSED,2024-07-10,NO_RESPONSE,
M012,C0016689,2024-06-08,NOT_EXPOSED,,,
M012,C0017425,2024-06-08,EXPOSED,2024-07-21,NO_RESPONSE,
M012,C0000747,2024-06-09,EXPOSED,2024-07-19,NO_RESPONSE,
M012,C0001463,2024-06-09,NOT_EXPOSED,,,
M012,C0002202,2024-06-09,EXPOSED,2024-06-18,POSITIVE,2024-07-09
M012,C0003577,2024-06-09,EXPOSED,2024-06-27,NO_RESPONSE,
M012,C0004156,2024-06-09,NOT_EXPOSED,,,
M012,C0006286,2024-06-09,EXPOSED,2024-06-23,NO_RESPONSE,
M012,C0007143,2024-06-09,EXPOSED,2024-06-18,POSITIVE,2024-06-26
M012,C0007196,2024-06-09,EXPOSED,2024-06-11,NO_RESPONSE,
M012,C0007626,2024-06-09,EXPOSED,2024-07-18,NO_RESPONSE,
M012,C0007808,2024-06-09,EXPOSED,2024-07-18,NO_RESPONSE,
M012,C0008071,2024-06-09,EXPOSED,2024-07-05,NO_RESPONSE,
M012,C0009636,2024-06-09,EXPOSED,2024-07-24,POSITIVE,2024-08-05
M012,C0010308,2024-06-09,EXPOSED,2024-07-19,NO_RESPONSE,
M012,C0010773,2024-06-09,NOT_EXPOSED,,,
M012,C0013571,2024-06-09,EXPOSED,2024-06-17,NO_RESPONSE,
M012,C0015153,2024-06-09,EXPOSED,2024-06-19,NO_RESPONSE,
M012,C0015202,2024-06-09,EXPOSED,2024-07-30,NO_RESPONSE,
M012,C0015240,2024-06-09,EXPOSED,2024-07-04,POSITIVE,2024-07-11
M012,C0016990,2024-06-09,EXPOSED,2024-07-16,NO_RESPONSE,
M012,C0019345,2024-06-09,EXPOSED,2024-06-12,NO_RESPONSE,
M012,C0001747,2024-06-10,EXPOSED,2024-06-23,NO_RESPONSE,
M012,C0002402,2024-06-10,EXPOSED,2024-06-28,NO_RESPONSE,
M012,C0003220,2024-06-10,EXPOSED,2024-06-26,NO_RESPONSE,
M012,C0004818,2024-06-10,EXPOSED,2024-06-19,NO_RESPONSE,
M012,C0004849,2024-06-10,EXPOSED,2024-07-09,NO_RESPONSE,
M012,C0008639,2024-06-10,EXPOSED,2024-06-25,NO_RESPONSE,
M012,C0009889,2024-06-10,NOT_EXPOSED,,,
M012,C0010108,2024-06-10,EXPOSED,2024-07-10,NO_RESPONSE,
M012,C0010115,2024-06-10,NOT_EXPOSED,,,
M012,C0011114,2024-06-10,EXPOSED,2024-06-26,NO_RESPONSE,
M012,C0011527,2024-06-10,EXPOSED,2024-07-18,NO_RESPONSE,
M012,C0018078,2024-06-10,EXPOSED,2024-06-19,NO_RESPONSE,
M012,C0018687,2024-06-10,EXPOSED,2024-06-22,NO_RESPONSE,
M012,C0019063,2024-06-10,EXPOSED,2024-06-17,NO_RESPONSE,
M012,C0002874,2024-06-11,NOT_EXPOSED,,,
M012,C0003513,2024-06-11,EXPOSED,2024-06-25,NEUTRAL,2024-07-06
M012,C0007929,2024-06-11,EXPOSED,2024-06-27,NO_RESPONSE,
M012,C0009066,2024-06-11,EXPOSED,2024-07-13,NO_RESPONSE,
M012,C0009831,2024-06-11,EXPOSED,2024-07-03,NO_RESPONSE,
M012,C0010290,2024-06-11,EXPOSED,2024-07-13,NO_RESPONSE,
M012,C0010349,2024-06-11,EXPOSED,2024-07-08,NO_RESPONSE,
M012,C0011244,2024-06-11,EXPOSED,2024-07-01,NO_RESPONSE,
M012,C0011366,2024-06-11,EXPOSED,2024-07-24,NO_RESPONSE,
M012,C0011658,2024-06-11,EXPOSED,2024-06-28,NO_RESPONSE,
M012,C0012494,2024-06-11,EXPOSED,2024-07-02,NO_RESPONSE,
M012,C0015854,2024-06-11,EXPOSED,2024-06-17,NO_RESPONSE,
M012,C0017026,2024-06-11,EXPOSED,2024-07-12,NO_RESPONSE,
M012,C0001923,2024-06-12,EXPOSED,2024-06-22,NO_RESPONSE,
M012,C0002277,2024-06-12,EXPOSED,2024-07-04,NO_RESPONSE,
M012,C0003036,2024-06-12,EXPOSED,2024-07-18,NO_RESPONSE,
M012,C0003567,2024-06-12,EXPOSED,2024-07-01,NO_RESPONSE,
M012,C0005184,2024-06-12,EXPOSED,2024-07-11,NO_RESPONSE,
M012,C0005241,2024-06-12,EXPOSED,2024-06-12,NO_RESPONSE,
M012,C0005777,2024-06-12,EXPOSED,2024-06-26,NO_RESPONSE,
M012,C0006170,2024-06-12,EXPOSED,2024-06-26,NO_RESPONSE,
M012,C0006313,2024-06-12,EXPOSED,2024-07-04,NEUTRAL,2024-07-10
M012,C0007847,2024-06-12,EXPOSED,2024-07-01,NO_RESPONSE,
M012,C0009760,2024-06-12,EXPOSED,2024-07-18,NO_RESPONSE,
M012,C0011843,2024-06-12,EXPOSED,2024-06-19,NO_RESPONSE,
M012,C0013480,2024-06-12,EXPOSED,2024-06-19,NO_RESPONSE,
M012,C0013767,2024-06-12,EXPOSED,2024-07-03,POSITIVE,2024-07-14
M012,C0014831,2024-06-12,EXPOSED,2024-07-11,NEGATIVE,2024-08-04
M012,C0017904,2024-06-12,EXPOSED,2024-07-20,POSITIVE,2024-07-26
M012,C0018693,2024-06-12,EXPOSED,2024-06-27,NO_RESPONSE,
M012,C0019059,2024-06-12,EXPOSED,2024-06-24,POSITIVE,2024-06-26
M012,C0019089,2024-06-12,EXPOSED,2024-06-13,NO_RESPONSE,
M012,C0019992,2024-06-12,EXPOSED,2024-06-21,NO_RESPONSE,
M012,C0000602,2024-06-13,EXPOSED,2024-06-19,NO_RESPONSE,
M012,C0001249,2024-06-13,EXPOSED,2024-06-23,NO_RESPONSE,
M012,C0003169,2024-06-13,EXPOSED,2024-07-08,NO_RESPONSE,
M012,C0003753,2024-06-13,EXPOSED,2024-06-16,NO_RESPONSE,
M012,C0005518,2024-06-13,EXPOSED,2024-06-28,NO_RESPONSE,
M012,C0010233,2024-06-13,EXPOSED,2024-06-17,NO_RESPONSE,
M012,C0012335,2024-06-13,EXPOSED,2024-06-16,NO_RESPONSE,
M012,C0012466,2024-06-13,EXPOSED,2024-06-24,NO_RESPONSE,
M012,C0012810,2024-06-13,EXPOSED,2024-07-08,NO_RESPONSE,
M012,C0016678,2024-06-13,EXPOSED,2024-07-03,NO_RESPONSE,
M012,C0018368,2024-06-13,EXPOSED,2024-06-19,NEGATIVE,2024-07-18
M012,C0018529,2024-06-13,EXPOSED,2024-07-14,NO_RESPONSE,
M012,C0001440,2024-06-14,NOT_EXPOSED,,,
M012,C0002634,2024-06-14,EXPOSED,2024-06-26,POSITIVE,2024-07-03
M012,C0003831,2024-06-14,EXPOSED,2024-06-18,NO_RESPONSE,
M012,C0004157,2024-06-14,NOT_EXPOSED,,,
M012,C0005874,2024-06-14,NOT_EXPOSED,,,
M012,C0005960,2024-06-14,EXPOSED,2024-07-18,POSITIVE,2024-07-22
M012,C0006728,2024-06-14,EXPOSED,2024-07-04,NO_RESPONSE,
M012,C0008184,2024-06-14,NOT_EXPOSED,,,
M012,C0009385,2024-06-14,EXPOSED,2024-06-19,NEGATIVE,2024-06-20
M012,C0009447,2024-06-14,EXPOSED,2024-06-26,NO_RESPONSE,
M012,C0010936,2024-06-14,EXPOSED,2024-07-17,POSITIVE,2024-07-24
M012,C0010979,2024-06-14,EXPOSED,2024-07-11,NO_RESPONSE,
M012,C0012036,2024-06-14,EXPOSED,2024-06-20,NO_RESPONSE,
M012,C0015128,2024-06-14,EXPOSED,2024-07-06,NO_RESPONSE,
M012,C0016857,2024-06-14,EXPOSED,2024-06-22,NO_RESPONSE,
M012,C0017356,2024-06-14,EXPOSED,2024-07-18,NO_RESPONSE,
M012,C0017997,2024-06-14,EXPOSED,2024-06-19,NO_RESPONSE,
M012,C0018016,2024-06-14,EXPOSED,2024-06-22,POSITIVE,2024-06-23
M012,C0018616,2024-06-14,NOT_EXPOSED,,,
M012,C0000284,2024-06-15,EXPOSED,2024-07-17,NO_RESPONSE,
M012,C0000370,2024-06-15,EXPOSED,2024-06-21,NO_RESPONSE,
M012,C0000851,2024-06-15,EXPOSED,2024-07-04,NO_RESPONSE,
M012,C0005964,2024-06-15,EXPOSED,2024-07-14,NO_RESPONSE,
M012,C0006761,2024-06-15,EXPOSED,2024-07-22,NO_RESPONSE,
M012,C0007189,2024-06-15,EXPOSED,2024-07-08,POSITIVE,2024-07-19
M012,C0007678,2024-06-15,EXPOSED,2024-07-05,NO_RESPONSE,
M012,C0010024,2024-06-15,EXPOSED,2024-07-10,NO_RESPONSE,
M012,C0011256,2024-06-15,EXPOSED,2024-06-25,NO_RESPONSE,
M012,C0013481,2024-06-15,EXPOSED,2024-07-18,POSITIVE,2024-07-29
M012,C0015228,2024-06-15,NOT_EXPOSED,,,
M012,C0016234,2024-06-15,NOT_EXPOSED,,,
M012,C0017204,2024-06-15,EXPOSED,2024-06-25,POSITIVE,2024-07-05
M012,C0017216,2024-06-15,EXPOSED,2024-07-04,NO_RESPONSE,
M012,C0017470,2024-06-15,EXPOSED,2024-06-28,NO_RESPONSE,
M012,C0017600,2024-06-15,EXPOSED,2024-07-21,NO_RESPONSE,
M012,C0018035,2024-06-15,NOT_EXPOSED,,,
M012,C0019597,2024-06-15,EXPOSED,2024-06-21,NO_RESPONSE,
M012,C0002732,2024-06-16,EXPOSED,2024-07-03,NEUTRAL,2024-07-18
M012,C0006586,2024-06-16,EXPOSED,2024-06-23,NEGATIVE,2024-07-04
M012,C0006846,2024-06-16,EXPOSED,2024-06-28,NO_RESPONSE,
M012,C0011112,2024-06-16,NOT_EXPOSED,,,
M012,C0012169,2024-06-16,EXPOSED,2024-06-17,NO_RESPONSE,
M012,C0012299,2024-06-16,EXPOSED,2024-07-21,NO_RESPONSE,
M012,C0015260,2024-06-16,EXPOSED,2024-06-24,NO_RESPONSE,
M012,C0016227,2024-06-16,EXPOSED,2024-07-17,POSITIVE,2024-07-29
M012,C0016308,2024-06-16,EXPOSED,2024-07-26,NO_RESPONSE,
M012,C0017728,2024-06-16,EXPOSED,2024-07-03,POSITIVE,2024-07-18
M012,C0001173,2024-06-17,EXPOSED,2024-07-06,POSITIVE,2024-07-15
M012,C0002159,2024-06-17,EXPOSED,2024-06-30,NO_RESPONSE,
M012,C0003405,2024-06-17,EXPOSED,2024-06-29,NO_RESPONSE,
M012,C0004206,2024-06-17,EXPOSED,2024-07-06,POSITIVE,2024-07-26
M012,C0005005,2024-06-17,EXPOSED,2024-06-30,NO_RESPONSE,
M012,C0005958,2024-06-17,EXPOSED,2024-06-28,NO_RESPONSE,
M012,C0006146,2024-06-17,EXPOSED,2024-07-11,NO_RESPONSE,
M012,C0008581,2024-06-17,NOT_EXPOSED,,,
M012,C0013324,2024-06-17,EXPOSED,2024-06-26,POSITIVE,2024-07-15
M012,C0015846,2024-06-17,EXPOSED,2024-07-12,POSITIVE,2024-07-13
M012,C0019593,2024-06-17,EXPOSED,2024-07-05,NO_RESPONSE,
M012,C0000420,2024-06-18,EXPOSED,2024-07-13,NEUTRAL,2024-07-26
M012,C0000966,2024-06-18,EXPOSED,2024-06-20,NO_RESPONSE,
M012,C0001204,2024-06-18,EXPOSED,2024-06-22,NO_RESPONSE,
M012,C0002716,2024-06-18,EXPOSED,2024-07-14,NO_RESPONSE,
M012,C0003021,2024-06-18,EXPOSED,2024-06-23,NO_RESPONSE,
M012,C0006445,2024-06-18,EXPOSED,2024-07-06,NO_RESPONSE,
M012,C0006980,2024-06-18,EXPOSED,2024-06-29,NO_RESPONSE,
M012,C0007009,2024-06-18,EXPOSED,2024-06-30,NO_RESPONSE,
M012,C0009161,2024-06-18,EXPOSED,2024-06-20,NO_RESPONSE,
M012,C0009584,2024-06-18,EXPOSED,2024-07-02,NO_RESPONSE,
M012,C0011645,2024-06-18,EXPOSED,2024-07-09,NO_RESPONSE,
M012,C0012426,2024-06-18,EXPOSED,2024-07-07,NO_RESPONSE,
M012,C0014080,2024-06-18,EXPOSED,2024-07-01,NO_RESPONSE,
M012,C0015793,2024-06-18,EXPOSED,2024-07-10,NO_RESPONSE,
M012,C0019516,2024-06-18,EXPOSED,2024-07-08,NO_RESPONSE,
M012,C0019838,2024-06-18,EXPOSED,2024-07-12,NO_RESPONSE,
M012,C0000223,2024-06-19,EXPOSED,2024-07-18,NO_RESPONSE,
M012,C0000850,2024-06-19,EXPOSED,2024-07-03,NO_RESPONSE,
M012,C0001081,2024-06-19,EXPOSED,2024-06-21,NO_RESPONSE,
M012,C0001649,2024-06-19,EXPOSED,2024-07-08,NO_RESPONSE,
M012,C0002195,2024-06-19,EXPOSED,2024-07-13,POSITIVE,2024-07-20
M012,C0002761,2024-06-19,EXPOSED,2024-07-14,POSITIVE,2024-07-21
M012,C0006532,2024-06-19,NOT_EXPOSED,,,
M012,C0007730,2024-06-19,EXPOSED,2024-07-02,NO_RESPONSE,
M012,C0009030,2024-06-19,EXPOSED,2024-06-26,NEUTRAL,2024-07-07
M012,C0010908,2024-06-19,EXPOSED,2024-07-05,POSITIVE,2024-07-18
M012,C0012536,2024-06-19,EXPOSED,2024-07-11,NO_RESPONSE,
M012,C0013990,2024-06-19,EXPOSED,2024-07-19,NO_RESPONSE,
M012,C0014010,2024-06-19,NOT_EXPOSED,,,
M012,C0018695,2024-06-19,NOT_EXPOSED,,,
M012,C0000112,2024-06-20,NOT_EXPOSED,,,
M012,C0000994,2024-06-20,EXPOSED,2024-07-20,POSITIVE,2024-07-29
M012,C0001018,2024-06-20,EXPOSED,2024-06-25,NO_RESPONSE,
M012,C0003788,2024-06-20,EXPOSED,2024-07-12,NO_RESPONSE,
M012,C0005146,2024-06-20,EXPOSED,2024-06-25,NEUTRAL,2024-07-11
M012,C0005228,2024-06-20,EXPOSED,2024-07-02,NO_RESPONSE,
M012,C0005384,2024-06-20,EXPOSED,2024-07-18,NO_RESPONSE,
M012,C0005604,2024-06-20,EXPOSED,2024-07-19,NO_RESPONSE,
M012,C0006680,2024-06-20,NOT_EXPOSED,,,
M012,C0007689,2024-06-20,EXPOSED,2024-07-02,NO_RESPONSE,
M012,C0009668,2024-06-20,NOT_EXPOSED,,,
M012,C0010301,2024-06-20,EXPOSED,2024-06-21,NO_RESPONSE,
M012,C0012007,2024-06-20,EXPOSED,2024-07-20,NO_RESPONSE,
M012,C0014018,2024-06-20,EXPOSED,2024-06-27,NO_RESPONSE,
M012,C0000096,2024-06-21,EXPOSED,2024-07-19,NO_RESPONSE,
M012,C0000691,2024-06-21,EXPOSED,2024-07-20,NO_RESPONSE,
M012,C0006078,2024-06-21,EXPOSED,2024-07-21,NO_RESPONSE,
M012,C0006332,2024-06-21,NOT_EXPOSED,,,
M012,C0009989,2024-06-21,EXPOSED,2024-06-29,NO_RESPONSE,
M012,C0011827,2024-06-21,EXPOSED,2024-06-25,NO_RESPONSE,
M012,C0012389,2024-06-21,NOT_EXPOSED,,,
M012,C0014757,2024-06-21,EXPOSED,2024-06-24,NEUTRAL,2024-08-11
M012,C0016927,2024-06-21,EXPOSED,2024-07-07,POSITIVE,2024-07-27
M012,C0019769,2024-06-21,EXPOSED,2024-07-09,NO_RESPONSE,
M012,C0019876,2024-06-21,EXPOSED,2024-06-29,NO_RESPONSE,
M012,C0000060,2024-06-22,EXPOSED,2024-07-07,NO_RESPONSE,
M012,C0002817,2024-06-22,EXPOSED,2024-07-10,NO_RESPONSE,
M012,C0003668,2024-06-22,EXPOSED,2024-06-29,NO_RESPONSE,
M012,C0004039,2024-06-22,EXPOSED,2024-07-16,NO_RESPONSE,
M012,C0004462,2024-06-22,EXPOSED,2024-07-01,NO_RESPONSE,
M012,C0008814,2024-06-22,EXPOSED,2024-07-12,NO_RESPONSE,
M012,C0012201,2024-06-22,EXPOSED,2024-06-25,NO_RESPONSE,
M012,C0013617,2024-06-22,EXPOSED,2024-07-09,NO_RESPONSE,
M012,C0019450,2024-06-22,EXPOSED,2024-07-24,POSITIVE,2024-07-31
M012,C0019969,2024-06-22,EXPOSED,2024-07-09,NEUTRAL,2024-07-10
M012,C0000507,2024-06-23,EXPOSED,2024-07-15,NO_RESPONSE,
M012,C0001826,2024-06-23,EXPOSED,2024-07-05,NO_RESPONSE,
M012,C0002308,2024-06-23,EXPOSED,2024-07-06,NO_RESPONSE,
M012,C0005205,2024-06-23,EXPOSED,2024-07-18,NO_RESPONSE,
M012,C0006053,2024-06-23,EXPOSED,2024-07-19,NEUTRAL,2024-08-06
M012,C0007988,2024-06-23,EXPOSED,2024-07-22,NO_RESPONSE,
M012,C0009728,2024-06-23,EXPOSED,2024-07-01,NO_RESPONSE,
M012,C0011400,2024-06-23,EXPOSED,2024-06-27,NO_RESPONSE,
M012,C0012027,2024-06-23,EXPOSED,2024-07-21,NO_RESPONSE,
M012,C0012445,2024-06-23,EXPOSED,2024-06-26,NO_RESPONSE,
M012,C0013729,2024-06-23,NOT_EXPOSED,,,
M012,C0013914,2024-06-23,EXPOSED,2024-07-05,NO_RESPONSE,
M012,C0015852,2024-06-23,EXPOSED,2024-07-12,NO_RESPONSE,
M012,C0016527,2024-06-23,NOT_EXPOSED,,,
M012,C0019841,2024-06-23,EXPOSED,2024-07-01,NO_RESPONSE,
M012,C0019855,2024-06-23,EXPOSED,2024-07-02,NO_RESPONSE,
M012,C0000179,2024-06-24,EXPOSED,2024-07-03,POSITIVE,2024-07-14
M012,C0000695,2024-06-24,EXPOSED,2024-07-09,NO_RESPONSE,
M012,C0000923,2024-06-24,NOT_EXPOSED,,,
M012,C0002043,2024-06-24,EXPOSED,2024-06-26,NEGATIVE,2024-07-11
M012,C0002549,2024-06-24,NOT_EXPOSED,,,
M012,C0005082,2024-06-24,EXPOSED,2024-07-04,NEUTRAL,2024-07-17
M012,C0005545,2024-06-24,EXPOSED,2024-07-18,NO_RESPONSE,
M012,C0007733,2024-06-24,EXPOSED,2024-07-13,NO_RESPONSE,
M012,C0010506,2024-06-24,EXPOSED,2024-07-09,NO_RESPONSE,
M012,C0010881,2024-06-24,EXPOSED,2024-07-20,NO_RESPONSE,
M012,C0011501,2024-06-24,EXPOSED,2024-07-11,NO_RESPONSE,
M012,C0013188,2024-06-24,EXPOSED,2024-07-06,NO_RESPONSE,
M012,C0013374,2024-06-24,EXPOSED,2024-07-05,NO_RESPONSE,
M012,C0015511,2024-06-24,EXPOSED,2024-06-27,NEUTRAL,2024-07-05
M012,C0015839,2024-06-24,EXPOSED,2024-07-04,NO_RESPONSE,
M012,C0000457,2024-06-25,NOT_EXPOSED,,,
M012,C0004019,2024-06-25,EXPOSED,2024-07-08,NO_RESPONSE,
M012,C0007035,2024-06-25,EXPOSED,2024-07-09,NO_RESPONSE,
M012,C0008786,2024-06-25,EXPOSED,2024-06-27,NO_RESPONSE,
M012,C0015607,2024-06-25,NOT_EXPOSED,,,
M012,C0015616,2024-06-25,NOT_EXPOSED,,,
M012,C0015702,2024-06-25,EXPOSED,2024-07-14,NO_RESPONSE,
M012,C0015761,2024-06-25,NOT_EXPOSED,,,
M012,C0018462,2024-06-25,EXPOSED,2024-06-29,NO_RESPONSE,
M012,C0019032,2024-06-25,NOT_EXPOSED,,,
M012,C0002037,2024-06-26,EXPOSED,2024-06-28,NEGATIVE,2024-07-07
M012,C0003066,2024-06-26,EXPOSED,2024-06-30,NO_RESPONSE,
M012,C0009586,2024-06-26,EXPOSED,2024-07-03,NO_RESPONSE,
M012,C0009919,2024-06-26,EXPOSED,2024-07-02,NO_RESPONSE,
M012,C0011719,2024-06-26,EXPOSED,2024-07-11,NO_RESPONSE,
M012,C0011834,2024-06-26,EXPOSED,2024-07-10,NO_RESPONSE,
M012,C0012845,2024-06-26,NOT_EXPOSED,,,
M012,C0012894,2024-06-26,NOT_EXPOSED,,,
M012,C0018860,2024-06-26,EXPOSED,2024-07-22,NO_RESPONSE,
M012,C0005008,2024-06-27,NOT_EXPOSED,,,
M012,C0012324,2024-06-27,EXPOSED,2024-07-05,NO_RESPONSE,
M012,C0012490,2024-06-27,EXPOSED,2024-07-04,NO_RESPONSE,
M012,C0015117,2024-06-27,EXPOSED,2024-07-18,NO_RESPONSE,
M012,C0015337,2024-06-27,EXPOSED,2024-07-24,NO_RESPONSE,
M012,C0015430,2024-06-27,EXPOSED,2024-07-15,NO_RESPONSE,
M012,C0003638,2024-06-28,EXPOSED,2024-07-15,NO_RESPONSE,
M012,C0004963,2024-06-28,EXPOSED,2024-07-29,NO_RESPONSE,
M012,C0006364,2024-06-28,NOT_EXPOSED,,,
M012,C0010439,2024-06-28,EXPOSED,2024-07-04,NO_RESPONSE,
M012,C0010497,2024-06-28,EXPOSED,2024-07-25,POSITIVE,2024-07-29
M012,C0013528,2024-06-28,EXPOSED,2024-07-25,NO_RESPONSE,
M012,C0016411,2024-06-28,EXPOSED,2024-07-02,NO_RESPONSE,
M012,C0013103,2024-06-29,NOT_EXPOSED,,,
M012,C0013623,2024-06-29,EXPOSED,2024-07-14,NO_RESPONSE,
M012,C0013683,2024-06-29,EXPOSED,2024-07-12,NO_RESPONSE,
M012,C0016147,2024-06-29,EXPOSED,2024-07-12,NO_RESPONSE,
M012,C0016345,2024-06-29,EXPOSED,2024-07-05,NO_RESPONSE,
M012,C0018104,2024-06-29,EXPOSED,2024-07-01,NO_RESPONSE,
M012,C0018185,2024-06-29,EXPOSED,2024-07-19,NO_RESPONSE,
M012,C0018345,2024-06-29,EXPOSED,2024-07-15,NO_RESPONSE,
M012,C0019770,2024-06-29,EXPOSED,2024-07-17,NEGATIVE,2024-07-30
M012,C0001446,2024-06-30,EXPOSED,2024-07-07,NO_RESPONSE,
M012,C0002657,2024-06-30,EXPOSED,2024-07-16,NO_RESPONSE,
M012,C0005399,2024-06-30,EXPOSED,2024-07-07,NO_RESPONSE,
M012,C0006164,2024-06-30,EXPOSED,2024-07-05,NO_RESPONSE,
M012,C0007712,2024-06-30,EXPOSED,2024-07-04,NO_RESPONSE,
M012,C0008062,2024-06-30,EXPOSED,2024-07-23,NO_RESPONSE,
M012,C0014212,2024-06-30,EXPOSED,2024-07-03,POSITIVE,2024-07-23
M012,C0014855,2024-06-30,EXPOSED,2024-07-12,NO_RESPONSE,
M012,C0015995,2024-06-30,EXPOSED,2024-07-08,NO_RESPONSE,
M012,C0004104,2024-07-01,EXPOSED,2024-07-24,NO_RESPONSE,
M012,C0007227,2024-07-01,EXPOSED,2024-07-07,NO_RESPONSE,
M012,C0007932,2024-07-01,EXPOSED,2024-07-18,NO_RESPONSE,
M012,C0008290,2024-07-01,EXPOSED,2024-07-25,NO_RESPONSE,
M012,C0009939,2024-07-01,EXPOSED,2024-07-16,NO_RESPONSE,
M012,C0012823,2024-07-01,EXPOSED,2024-07-12,NO_RESPONSE,
M012,C0013848,2024-07-01,NOT_EXPOSED,,,
M012,C0015217,2024-07-01,NOT_EXPOSED,,,
M012,C0017339,2024-07-01,EXPOSED,2024-07-11,NO_RESPONSE,
M012,C0000393,2024-07-02,EXPOSED,2024-07-04,NO_RESPONSE,
M012,C0001094,2024-07-02,EXPOSED,2024-07-04,NO_RESPONSE,
M012,C0002019,2024-07-02,EXPOSED,2024-07-18,NO_RESPONSE,
M012,C0008170,2024-07-02,EXPOSED,2024-07-19,NO_RESPONSE,
M012,C0010685,2024-07-02,EXPOSED,2024-07-15,NO_RESPONSE,
M012,C0011255,2024-07-02,EXPOSED,2024-07-08,NO_RESPONSE,
M012,C0014412,2024-07-02,EXPOSED,2024-07-19,NO_RESPONSE,
M012,C0015370,2024-07-02,EXPOSED,2024-07-22,NO_RESPONSE,
M012,C0019237,2024-07-02,EXPOSED,2024-07-11,NO_RESPONSE,
M012,C0019262,2024-07-02,NOT_EXPOSED,,,
M012,C0019491,2024-07-02,EXPOSED,2024-07-24,NO_RESPONSE,
M012,C0000670,2024-07-03,EXPOSED,2024-07-04,NEUTRAL,2024-07-06
M012,C0005042,2024-07-03,EXPOSED,2024-07-28,NO_RESPONSE,
M012,C0007757,2024-07-03,EXPOSED,2024-07-12,NO_RESPONSE,
M012,C0008896,2024-07-03,EXPOSED,2024-07-03,NO_RESPONSE,
M012,C0008947,2024-07-03,EXPOSED,2024-07-25,NO_RESPONSE,
M012,C0011944,2024-07-03,NOT_EXPOSED,,,
M012,C0012882,2024-07-03,EXPOSED,2024-07-17,NO_RESPONSE,
M012,C0013076,2024-07-03,EXPOSED,2024-07-12,NO_RESPONSE,
M012,C0014082,2024-07-03,EXPOSED,2024-07-19,NO_RESPONSE,
M012,C0000762,2024-07-04,EXPOSED,2024-07-16,NO_RESPONSE,
M012,C0003093,2024-07-04,EXPOSED,2024-07-20,NO_RESPONSE,
M012,C0005290,2024-07-04,EXPOSED,2024-07-07,POSITIVE,2024-07-16
M012,C0009943,2024-07-04,EXPOSED,2024-07-25,NO_RESPONSE,
M012,C0010287,2024-07-04,EXPOSED,2024-07-17,NO_RESPONSE,
M012,C0011466,2024-07-04,EXPOSED,2024-07-06,NO_RESPONSE,
M012,C0011562,2024-07-04,EXPOSED,2024-07-06,NO_RESPONSE,
M012,C0014129,2024-07-04,EXPOSED,2024-07-12,NO_RESPONSE,
M012,C0014268,2024-07-04,EXPOSED,2024-07-16,NO_RESPONSE,
M012,C0015587,2024-07-04,EXPOSED,2024-07-08,NO_RESPONSE,
M012,C0016024,2024-07-04,NOT_EXPOSED,,,
M012,C0018767,2024-07-04,EXPOSED,2024-07-07,POSITIVE,2024-07-10
M012,C0019425,2024-07-04,EXPOSED,2024-07-08,NO_RESPONSE,
M012,C0019707,2024-07-04,NOT_EXPOSED,,,
M012,C0000593,2024-07-05,EXPOSED,2024-07-14,NEUTRAL,2024-07-15
M012,C0002412,2024-07-05,EXPOSED,2024-07-17,NEGATIVE,2024-07-20
M012,C0003428,2024-07-05,EXPOSED,2024-07-09,NO_RESPONSE,
M012,C0003663,2024-07-05,EXPOSED,2024-07-08,NO_RESPONSE,
M012,C0006117,2024-07-05,EXPOSED,2024-07-23,NO_RESPONSE,
M012,C0013734,2024-07-05,EXPOSED,2024-07-08,NO_RESPONSE,
M012,C0002046,2024-07-06,NOT_EXPOSED,,,
M012,C0005068,2024-07-06,EXPOSED,2024-07-15,POSITIVE,2024-08-18
M012,C0007142,2024-07-06,EXPOSED,2024-07-18,NO_RESPONSE,
M012,C0008172,2024-07-06,EXPOSED,2024-07-19,NO_RESPONSE,
M012,C0009501,2024-07-06,EXPOSED,2024-07-21,POSITIVE,2024-08-26
M012,C0010700,2024-07-06,EXPOSED,2024-07-16,POSITIVE,2024-07-23
M012,C0012832,2024-07-06,EXPOSED,2024-07-09,NO_RESPONSE,
M012,C0016286,2024-07-06,EXPOSED,2024-07-17,NO_RESPONSE,
M012,C0017990,2024-07-06,EXPOSED,2024-07-07,NO_RESPONSE,
M012,C0002782,2024-07-07,EXPOSED,2024-07-26,NO_RESPONSE,
M012,C0006425,2024-07-07,NOT_EXPOSED,,,
M012,C0007464,2024-07-07,EXPOSED,2024-07-20,NO_RESPONSE,
M012,C0010629,2024-07-07,EXPOSED,2024-07-08,NO_RESPONSE,
M012,C0010777,2024-07-07,EXPOSED,2024-07-08,NEGATIVE,2024-07-10
M012,C0012126,2024-07-07,EXPOSED,2024-07-17,NO_RESPONSE,
M012,C0013710,2024-07-07,EXPOSED,2024-07-24,NO_RESPONSE,
M012,C0014001,2024-07-07,NOT_EXPOSED,,,
M012,C0014502,2024-07-07,EXPOSED,2024-07-16,NO_RESPONSE,
M012,C0004269,2024-07-08,EXPOSED,2024-07-12,NO_RESPONSE,
M012,C0006784,2024-07-08,EXPOSED,2024-07-10,NO_RESPONSE,
M012,C0010961,2024-07-08,EXPOSED,2024-07-25,NO_RESPONSE,
M012,C0011245,2024-07-08,NOT_EXPOSED,,,
M012,C0011690,2024-07-08,NOT_EXPOSED,,,
M012,C0004821,2024-07-09,EXPOSED,2024-07-12,NO_RESPONSE,
M012,C0005158,2024-07-09,EXPOSED,2024-07-15,NO_RESPONSE,
M012,C0009775,2024-07-09,EXPOSED,2024-07-14,NO_RESPONSE,
M012,C0011551,2024-07-09,EXPOSED,2024-07-13,NO_RESPONSE,
M012,C0013238,2024-07-09,EXPOSED,2024-07-10,POSITIVE,2024-08-10
M012,C0013372,2024-07-09,NOT_EXPOSED,,,
M012,C0013566,2024-07-09,EXPOSED,2024-07-10,POSITIVE,2024-07-24
M012,C0018130,2024-07-09,EXPOSED,2024-07-17,NO_RESPONSE,
M012,C0002194,2024-07-10,EXPOSED,2024-07-21,NO_RESPONSE,
M012,C0012547,2024-07-10,EXPOSED,2024-07-30,NO_RESPONSE,
M012,C0013675,2024-07-10,EXPOSED,2024-07-16,NO_RESPONSE,
M012,C0017105,2024-07-10,EXPOSED,2024-07-27,NEUTRAL,2024-08-07
M012,C0005274,2024-07-11,EXPOSED,2024-07-20,NO_RESPONSE,
M012,C0007135,2024-07-11,EXPOSED,2024-07-19,NO_RESPONSE,
M012,C0010093,2024-07-11,EXPOSED,2024-07-21,NO_RESPONSE,
M012,C0018180,2024-07-11,NOT_EXPOSED,,,
M012,C0003249,2024-07-12,EXPOSED,2024-07-23,NO_RESPONSE,
M012,C0005374,2024-07-12,EXPOSED,2024-07-18,NO_RESPONSE,
M012,C0005840,2024-07-12,EXPOSED,2024-07-15,NO_RESPONSE,
M012,C0007238,2024-07-12,EXPOSED,2024-07-16,NO_RESPONSE,
M012,C0013750,2024-07-12,EXPOSED,2024-07-21,NO_RESPONSE,
M012,C0014177,2024-07-12,EXPOSED,2024-07-23,NO_RESPONSE,
M012,C0017974,2024-07-12,EXPOSED,2024-07-20,NEUTRAL,2024-07-23
M012,C0018235,2024-07-12,EXPOSED,2024-07-14,NO_RESPONSE,
M012,C0000191,2024-07-13,EXPOSED,2024-07-18,NEGATIVE,2024-07-25
M012,C0000809,2024-07-13,EXPOSED,2024-07-20,NO_RESPONSE,
M012,C0006163,2024-07-13,EXPOSED,2024-07-16,NO_RESPONSE,
M012,C0006279,2024-07-13,EXPOSED,2024-07-16,NO_RESPONSE,
M012,C0013427,2024-07-13,EXPOSED,2024-07-24,NEGATIVE,2024-08-13
M012,C0016025,2024-07-13,EXPOSED,2024-07-13,NO_RESPONSE,
M012,C0002179,2024-07-14,EXPOSED,2024-07-26,NO_RESPONSE,
M012,C0013354,2024-07-14,EXPOSED,2024-07-20,NO_RESPONSE,
M012,C0013759,2024-07-14,EXPOSED,2024-07-26,NO_RESPONSE,
M012,C0014137,2024-07-14,EXPOSED,2024-07-18,POSITIVE,2024-07-29
M012,C0014297,2024-07-14,EXPOSED,2024-07-29,NO_RESPONSE,
M012,C0015554,2024-07-14,EXPOSED,2024-07-22,NO_RESPONSE,
M012,C0015984,2024-07-14,EXPOSED,2024-07-28,NO_RESPONSE,
M012,C0018659,2024-07-14,EXPOSED,2024-07-25,NO_RESPONSE,
M012,C0006952,2024-07-15,EXPOSED,2024-07-28,NO_RESPONSE,
M012,C0008270,2024-07-15,EXPOSED,2024-07-21,NO_RESPONSE,
M012,C0008794,2024-07-15,EXPOSED,2024-07-18,NO_RESPONSE,
M012,C0008937,2024-07-15,EXPOSED,2024-07-19,NO_RESPONSE,
M012,C0011959,2024-07-15,EXPOSED,2024-07-19,NO_RESPONSE,
M012,C0013385,2024-07-15,EXPOSED,2024-07-16,NO_RESPONSE,
M012,C0014966,2024-07-15,EXPOSED,2024-07-20,NO_RESPONSE,
M012,C0004474,2024-07-16,EXPOSED,2024-07-19,NO_RESPONSE,
M012,C0005168,2024-07-16,EXPOSED,2024-07-28,NO_RESPONSE,
M012,C0008366,2024-07-16,EXPOSED,2024-07-18,NO_RESPONSE,
M012,C0010939,2024-07-16,EXPOSED,2024-07-22,NEUTRAL,2024-07-28
M012,C0012394,2024-07-16,EXPOSED,2024-07-19,NO_RESPONSE,
M012,C0018475,2024-07-16,EXPOSED,2024-07-28,NO_RESPONSE,
M012,C0007235,2024-07-17,EXPOSED,2024-07-22,NO_RESPONSE,
M012,C0009103,2024-07-17,EXPOSED,2024-07-22,NO_RESPONSE,
M012,C0016627,2024-07-17,EXPOSED,2024-07-19,NO_RESPONSE,
M012,C0017699,2024-07-17,EXPOSED,2024-07-25,NO_RESPONSE,
M012,C0002170,2024-07-18,EXPOSED,2024-07-19,NO_RESPONSE,
M012,C0003259,2024-07-18,EXPOSED,2024-07-24,NO_RESPONSE,
M012,C0010203,2024-07-18,EXPOSED,2024-07-21,NO_RESPONSE,
M012,C0013901,2024-07-18,EXPOSED,2024-07-22,NO_RESPONSE,
M012,C0015360,2024-07-18,EXPOSED,2024-07-18,NO_RESPONSE,
M012,C0016912,2024-07-18,EXPOSED,2024-07-24,NO_RESPONSE,
M012,C0018002,2024-07-18,EXPOSED,2024-07-24,NO_RESPONSE,
M012,C0018251,2024-07-18,NOT_EXPOSED,,,
M012,C0007595,2024-07-19,EXPOSED,2024-07-21,NO_RESPONSE,
M012,C0009363,2024-07-19,EXPOSED,2024-07-21,POSITIVE,2024-08-08
M012,C0009797,2024-07-19,EXPOSED,2024-07-24,NEUTRAL,2024-07-26
M012,C0013671,2024-07-19,EXPOSED,2024-07-24,NO_RESPONSE,
M012,C0014273,2024-07-19,EXPOSED,2024-07-21,NO_RESPONSE,
M012,C0000856,2024-07-20,EXPOSED,2024-07-24,NO_RESPONSE,
M012,C0014115,2024-07-20,NOT_EXPOSED,,,
M012,C0019606,2024-07-20,EXPOSED,2024-07-23,NO_RESPONSE,
M012,C0008048,2024-07-21,EXPOSED,2024-07-26,NO_RESPONSE,
M012,C0012538,2024-07-21,EXPOSED,2024-07-27,NO_RESPONSE,
M012,C0004795,2024-07-22,EXPOSED,2024-07-27,NO_RESPONSE,
M012,C0007923,2024-07-22,EXPOSED,2024-07-28,POSITIVE,2024-08-10
M012,C0010083,2024-07-22,EXPOSED,2024-07-27,NO_RESPONSE,
M012,C0012236,2024-07-22,EXPOSED,2024-07-22,NO_RESPONSE,
M012,C0015741,2024-07-22,EXPOSED,2024-07-23,NO_RESPONSE,
M012,C0004446,2024-07-23,EXPOSED,2024-07-26,NO_RESPONSE,
M012,C0004630,2024-07-23,EXPOSED,2024-07-26,NO_RESPONSE,
M012,C0008536,2024-07-23,EXPOSED,2024-07-27,NO_RESPONSE,
M012,C0009866,2024-07-24,EXPOSED,2024-07-25,NO_RESPONSE,
M012,C0012913,2024-07-24,EXPOSED,2024-07-29,NO_RESPONSE,
M012,C0016022,2024-07-24,EXPOSED,2024-07-30,NO_RESPONSE,
M012,C0017440,2024-07-24,EXPOSED,2024-07-27,NO_RESPONSE,
M012,C0000292,2024-07-25,NOT_EXPOSED,,,
M012,C0008081,2024-07-25,EXPOSED,2024-07-27,NO_RESPONSE,
M012,C0010919,2024-07-25,EXPOSED,2024-07-27,NEUTRAL,2024-08-11
M012,C0001740,2024-07-26,EXPOSED,2024-07-30,POSITIVE,2024-08-17
M012,C0004868,2024-07-26,EXPOSED,2024-07-28,NO_RESPONSE,
M012,C0013892,2024-07-26,EXPOSED,2024-07-29,NEGATIVE,2024-08-30
M012,C0015813,2024-07-26,EXPOSED,2024-07-29,NO_RESPONSE,
M012,C0019934,2024-07-27,EXPOSED,2024-07-30,NO_RESPONSE,
M013,C0001323,2024-08-15,EXPOSED,2024-10-03,NO_RESPONSE,
M013,C0008891,2024-08-15,EXPOSED,2024-09-17,NO_RESPONSE,
M013,C0009098,2024-08-15,EXPOSED,2024-08-26,NO_RESPONSE,
M013,C0013811,2024-08-15,EXPOSED,2024-08-26,NO_RESPONSE,
M013,C0000393,2024-08-16,EXPOSED,2024-11-09,NO_RESPONSE,
M013,C0005411,2024-08-16,EXPOSED,2024-08-28,NO_RESPONSE,
M013,C0014500,2024-08-16,NOT_EXPOSED,,,
M013,C0015443,2024-08-16,NOT_EXPOSED,,,
M013,C0018481,2024-08-16,EXPOSED,2024-08-24,NO_RESPONSE,
M013,C0001959,2024-08-17,EXPOSED,2024-08-24,NO_RESPONSE,
M013,C0002817,2024-08-17,EXPOSED,2024-09-05,NO_RESPONSE,
M013,C0005079,2024-08-17,EXPOSED,2024-09-23,NO_RESPONSE,
M013,C0005697,2024-08-17,NOT_EXPOSED,,,
M013,C0006239,2024-08-17,EXPOSED,2024-08-26,NO_RESPONSE,
M013,C0009800,2024-08-17,EXPOSED,2024-10-15,NO_RESPONSE,
M013,C0010341,2024-08-17,EXPOSED,2024-09-04,NO_RESPONSE,
M013,C0013187,2024-08-17,EXPOSED,2024-10-06,NO_RESPONSE,
M013,C0017632,2024-08-17,EXPOSED,2024-10-26,NO_RESPONSE,
M013,C0018298,2024-08-17,EXPOSED,2024-10-01,NO_RESPONSE,
M013,C0001692,2024-08-18,EXPOSED,2024-10-21,NO_RESPONSE,
M013,C0008026,2024-08-18,EXPOSED,2024-10-14,NO_RESPONSE,
M013,C0010954,2024-08-18,EXPOSED,2024-09-20,NO_RESPONSE,
M013,C0013637,2024-08-18,EXPOSED,2024-09-10,NO_RESPONSE,
M013,C0014997,2024-08-18,EXPOSED,2024-09-24,NO_RESPONSE,
M013,C0015911,2024-08-18,EXPOSED,2024-08-31,NEGATIVE,2024-09-05
M013,C0019575,2024-08-18,EXPOSED,2024-09-13,NEGATIVE,2024-09-26
M013,C0000126,2024-08-19,EXPOSED,2024-11-11,NO_RESPONSE,
M013,C0000904,2024-08-19,EXPOSED,2024-10-09,NO_RESPONSE,
M013,C0004283,2024-08-19,EXPOSED,2024-10-15,NEUTRAL,2024-10-24
M013,C0004301,2024-08-19,EXPOSED,2024-10-03,NO_RESPONSE,
M013,C0011005,2024-08-19,EXPOSED,2024-10-06,NO_RESPONSE,
M013,C0012748,2024-08-19,EXPOSED,2024-09-18,NO_RESPONSE,
M013,C0013278,2024-08-19,EXPOSED,2024-09-21,NO_RESPONSE,
M013,C0013573,2024-08-19,EXPOSED,2024-10-25,NO_RESPONSE,
M013,C0013941,2024-08-19,EXPOSED,2024-09-02,NO_RESPONSE,
M013,C0000624,2024-08-20,EXPOSED,2024-09-08,NO_RESPONSE,
M013,C0000903,2024-08-20,EXPOSED,2024-08-25,NO_RESPONSE,
M013,C0008118,2024-08-20,EXPOSED,2024-08-28,NO_RESPONSE,
M013,C0008244,2024-08-20,EXPOSED,2024-09-05,NO_RESPONSE,
M013,C0009324,2024-08-20,EXPOSED,2024-09-10,NO_RESPONSE,
M013,C0011245,2024-08-20,EXPOSED,2024-08-29,NO_RESPONSE,
M013,C0014081,2024-08-20,EXPOSED,2024-09-14,NO_RESPONSE,
M013,C0014565,2024-08-20,EXPOSED,2024-10-15,NO_RESPONSE,
M013,C0014629,2024-08-20,EXPOSED,2024-09-07,NO_RESPONSE,
M013,C0016746,2024-08-20,EXPOSED,2024-09-14,NO_RESPONSE,
M013,C0018702,2024-08-20,EXPOSED,2024-09-09,NO_RESPONSE,
M013,C0000182,2024-08-21,EXPOSED,2024-08-30,NO_RESPONSE,
M013,C0001038,2024-08-21,EXPOSED,2024-11-10,NO_RESPONSE,
M013,C0004184,2024-08-21,EXPOSED,2024-10-11,NO_RESPONSE,
M013,C0004223,2024-08-21,EXPOSED,2024-10-20,NO_RESPONSE,
M013,C0004418,2024-08-21,EXPOSED,2024-09-26,NO_RESPONSE,
M013,C0007394,2024-08-21,EXPOSED,2024-10-03,POSITIVE,2024-10-06
M013,C0015002,2024-08-21,EXPOSED,2024-10-05,NO_RESPONSE,
M013,C0016008,2024-08-21,NOT_EXPOSED,,,
M013,C0002595,2024-08-22,NOT_EXPOSED,,,
M013,C0004474,2024-08-22,NOT_EXPOSED,,,
M013,C0007382,2024-08-22,EXPOSED,2024-09-05,NO_RESPONSE,
M013,C0007875,2024-08-22,EXPOSED,2024-09-06,NO_RESPONSE,
M013,C0008386,2024-08-22,EXPOSED,2024-10-21,NO_RESPONSE,
M013,C0017140,2024-08-22,EXPOSED,2024-10-18,NO_RESPONSE,
M013,C0001059,2024-08-23,EXPOSED,2024-11-10,NO_RESPONSE,
M013,C0003180,2024-08-23,EXPOSED,2024-10-10,NO_RESPONSE,
M013,C0004831,2024-08-23,EXPOSED,2024-10-05,NEUTRAL,2024-10-07
M013,C0006771,2024-08-23,EXPOSED,2024-09-11,NO_RESPONSE,
M013,C0007606,2024-08-23,EXPOSED,2024-10-22,NO_RESPONSE,
M013,C0008052,2024-08-23,NOT_EXPOSED,,,
M013,C0010003,2024-08-23,NOT_EXPOSED,,,
M013,C0011112,2024-08-23,NOT_EXPOSED,,,
M013,C0011498,2024-08-23,EXPOSED,2024-09-28,NO_RESPONSE,
M013,C0013739,2024-08-23,EXPOSED,2024-09-07,NO_RESPONSE,
M013,C0014707,2024-08-23,EXPOSED,2024-09-01,NO_RESPONSE,
M013,C0016010,2024-08-23,EXPOSED,2024-10-07,NO_RESPONSE,
M013,C0016830,2024-08-23,EXPOSED,2024-09-27,POSITIVE,2024-10-02
M013,C0018401,2024-08-23,NOT_EXPOSED,,,
M013,C0018697,2024-08-23,EXPOSED,2024-10-10,NO_RESPONSE,
M013,C0019536,2024-08-23,EXPOSED,2024-10-23,NO_RESPONSE,
M013,C0002240,2024-08-24,NOT_EXPOSED,,,
M013,C0003195,2024-08-24,NOT_EXPOSED,,,
M013,C0006931,2024-08-24,EXPOSED,2024-09-04,NO_RESPONSE,
M013,C0007344,2024-08-24,EXPOSED,2024-09-27,NO_RESPONSE,
M013,C0012638,2024-08-24,EXPOSED,2024-09-18,NO_RESPONSE,
M013,C0016005,2024-08-24,EXPOSED,2024-10-03,NO_RESPONSE,
M013,C0016091,2024-08-24,EXPOSED,2024-09-22,NO_RESPONSE,
M013,C0001246,2024-08-25,EXPOSED,2024-09-12,NO_RESPONSE,
M013,C0003207,2024-08-25,EXPOSED,2024-08-28,NO_RESPONSE,
M013,C0005859,2024-08-25,NOT_EXPOSED,,,
M013,C0006451,2024-08-25,EXPOSED,2024-10-22,NO_RESPONSE,
M013,C0008573,2024-08-25,EXPOSED,2024-10-10,POSITIVE,2024-10-19
M013,C0011706,2024-08-25,EXPOSED,2024-10-26,NO_RESPONSE,
M013,C0015952,2024-08-25,EXPOSED,2024-10-26,NO_RESPONSE,
M013,C0017972,2024-08-25,EXPOSED,2024-08-30,NO_RESPONSE,
M013,C0018736,2024-08-25,NOT_EXPOSED,,,
M013,C0019609,2024-08-25,EXPOSED,2024-10-14,NO_RESPONSE,
M013,C0001982,2024-08-26,EXPOSED,2024-10-16,POSITIVE,2024-10-30
M013,C0004540,2024-08-26,EXPOSED,2024-11-10,NEGATIVE,2024-11-11
M013,C0006288,2024-08-26,EXPOSED,2024-10-17,NO_RESPONSE,
M013,C0006366,2024-08-26,EXPOSED,2024-11-26,NO_RESPONSE,
M013,C0007928,2024-08-26,EXPOSED,2024-10-12,NO_RESPONSE,
M013,C0012169,2024-08-26,EXPOSED,2024-09-19,POSITIVE,2024-09-23
M013,C0016269,2024-08-26,EXPOSED,2024-09-23,NO_RESPONSE,
M013,C0017588,2024-08-26,EXPOSED,2024-10-01,NO_RESPONSE,
M013,C0000179,2024-08-27,NOT_EXPOSED,,,
M013,C0004589,2024-08-27,EXPOSED,2024-10-04,NO_RESPONSE,
M013,C0006303,2024-08-27,EXPOSED,2024-10-02,NEGATIVE,2024-10-10
M013,C0006637,2024-08-27,EXPOSED,2024-09-12,NO_RESPONSE,
M013,C0008047,2024-08-27,EXPOSED,2024-09-18,NO_RESPONSE,
M013,C0008733,2024-08-27,EXPOSED,2024-11-08,NO_RESPONSE,
M013,C0009894,2024-08-27,EXPOSED,2024-09-12,NO_RESPONSE,
M013,C0010067,2024-08-27,EXPOSED,2024-10-01,NO_RESPONSE,
M013,C0012362,2024-08-27,EXPOSED,2024-09-24,NO_RESPONSE,
M013,C0012661,2024-08-27,EXPOSED,2024-09-07,NO_RESPONSE,
M013,C0014237,2024-08-27,EXPOSED,2024-10-09,NO_RESPONSE,
M013,C0000118,2024-08-28,EXPOSED,2024-09-10,NO_RESPONSE,
M013,C0001433,2024-08-28,EXPOSED,2024-11-02,NO_RESPONSE,
M013,C0005167,2024-08-28,EXPOSED,2024-09-10,NEUTRAL,2024-09-13
M013,C0006855,2024-08-28,EXPOSED,2024-10-03,NO_RESPONSE,
M013,C0007063,2024-08-28,EXPOSED,2024-09-09,NO_RESPONSE,
M013,C0009066,2024-08-28,EXPOSED,2024-10-13,NO_RESPONSE,
M013,C0014916,2024-08-28,EXPOSED,2024-11-01,NO_RESPONSE,
M013,C0015860,2024-08-28,EXPOSED,2024-11-26,NEUTRAL,2024-12-08
M013,C0019842,2024-08-28,EXPOSED,2024-10-14,NO_RESPONSE,
M013,C0002026,2024-08-29,NOT_EXPOSED,,,
M013,C0003057,2024-08-29,EXPOSED,2024-09-19,NO_RESPONSE,
M013,C0006844,2024-08-29,EXPOSED,2024-10-02,NO_RESPONSE,
M013,C0007774,2024-08-29,EXPOSED,2024-10-01,NO_RESPONSE,
M013,C0007800,2024-08-29,EXPOSED,2024-10-04,NO_RESPONSE,
M013,C0009047,2024-08-29,EXPOSED,2024-11-04,NO_RESPONSE,
M013,C0012768,2024-08-29,EXPOSED,2024-11-04,NO_RESPONSE,
M013,C0013050,2024-08-29,EXPOSED,2024-09-09,NO_RESPONSE,
M013,C0014093,2024-08-29,EXPOSED,2024-09-15,NO_RESPONSE,
M013,C0014446,2024-08-29,EXPOSED,2024-10-07,NO_RESPONSE,
M013,C0014625,2024-08-29,EXPOSED,2024-09-17,NO_RESPONSE,
M013,C0014807,2024-08-29,EXPOSED,2024-09-28,NO_RESPONSE,
M013,C0016480,2024-08-29,EXPOSED,2024-09-06,NO_RESPONSE,
M013,C0016486,2024-08-29,EXPOSED,2024-09-08,NO_RESPONSE,
M013,C0016824,2024-08-29,EXPOSED,2024-09-21,NO_RESPONSE,
M013,C0000222,2024-08-30,EXPOSED,2024-10-29,NO_RESPONSE,
M013,C0000331,2024-08-30,EXPOSED,2024-10-02,NEUTRAL,2024-10-22
M013,C0001670,2024-08-30,EXPOSED,2024-09-30,NO_RESPONSE,
M013,C0001697,2024-08-30,EXPOSED,2024-10-03,NO_RESPONSE,
M013,C0002469,2024-08-30,EXPOSED,2024-10-16,NO_RESPONSE,
M013,C0002884,2024-08-30,EXPOSED,2024-11-04,NO_RESPONSE,
M013,C0004168,2024-08-30,NOT_EXPOSED,,,
M013,C0004848,2024-08-30,EXPOSED,2024-09-29,NO_RESPONSE,
M013,C0004981,2024-08-30,EXPOSED,2024-11-03,NO_RESPONSE,
M013,C0006693,2024-08-30,EXPOSED,2024-09-22,NO_RESPONSE,
M013,C0008916,2024-08-30,EXPOSED,2024-11-13,NO_RESPONSE,
M013,C0009453,2024-08-30,EXPOSED,2024-11-20,NO_RESPONSE,
M013,C0015818,2024-08-30,NOT_EXPOSED,,,
M013,C0017445,2024-08-30,EXPOSED,2024-10-26,NEUTRAL,2024-10-27
M013,C0019834,2024-08-30,EXPOSED,2024-10-02,NO_RESPONSE,
M013,C0000210,2024-08-31,EXPOSED,2024-09-27,POSITIVE,2024-10-06
M013,C0001360,2024-08-31,EXPOSED,2024-10-14,POSITIVE,2024-10-24
M013,C0002820,2024-08-31,EXPOSED,2024-09-12,NO_RESPONSE,
M013,C0004875,2024-08-31,EXPOSED,2024-11-01,NO_RESPONSE,
M013,C0009896,2024-08-31,EXPOSED,2024-09-29,NO_RESPONSE,
M013,C0011265,2024-08-31,EXPOSED,2024-09-24,NO_RESPONSE,
M013,C0013729,2024-08-31,NOT_EXPOSED,,,
M013,C0014460,2024-08-31,EXPOSED,2024-09-22,NO_RESPONSE,
M013,C0017081,2024-08-31,EXPOSED,2024-09-17,NO_RESPONSE,
M013,C0018030,2024-08-31,EXPOSED,2024-09-01,NO_RESPONSE,
M013,C0018190,2024-08-31,EXPOSED,2024-11-02,NO_RESPONSE,
M013,C0018220,2024-08-31,EXPOSED,2024-10-05,NO_RESPONSE,
M013,C0019243,2024-08-31,NOT_EXPOSED,,,
M013,C0019492,2024-08-31,EXPOSED,2024-09-29,NO_RESPONSE,
M013,C0019921,2024-08-31,EXPOSED,2024-09-11,NO_RESPONSE,
M013,C0002310,2024-09-01,EXPOSED,2024-10-05,NO_RESPONSE,
M013,C0002364,2024-09-01,EXPOSED,2024-09-26,NO_RESPONSE,
M013,C0002721,2024-09-01,EXPOSED,2024-10-15,NO_RESPONSE,
M013,C0006642,2024-09-01,EXPOSED,2024-09-12,NEUTRAL,2024-09-15
M013,C0008637,2024-09-01,EXPOSED,2024-10-16,NO_RESPONSE,
M013,C0011228,2024-09-01,EXPOSED,2024-10-05,NO_RESPONSE,
M013,C0016254,2024-09-01,EXPOSED,2024-09-30,NO_RESPONSE,
M013,C0001819,2024-09-02,EXPOSED,2024-10-06,NO_RESPONSE,
M013,C0003544,2024-09-02,EXPOSED,2024-09-13,NO_RESPONSE,
M013,C0003553,2024-09-02,EXPOSED,2024-09-03,NO_RESPONSE,
M013,C0009667,2024-09-02,EXPOSED,2024-09-08,NO_RESPONSE,
M013,C0011465,2024-09-02,NOT_EXPOSED,,,
M013,C0015045,2024-09-02,EXPOSED,2024-10-16,NO_RESPONSE,
M013,C0016547,2024-09-02,EXPOSED,2024-09-03,NO_RESPONSE,
M013,C0018319,2024-09-02,NOT_EXPOSED,,,
M013,C0004012,2024-09-03,EXPOSED,2024-11-07,NEGATIVE,2024-11-15
M013,C0004099,2024-09-03,EXPOSED,2024-09-11,NO_RESPONSE,
M013,C0009069,2024-09-03,EXPOSED,2024-09-20,NO_RESPONSE,
M013,C0009604,2024-09-03,EXPOSED,2024-09-25,NO_RESPONSE,
M013,C0010074,2024-09-03,EXPOSED,2024-10-04,POSITIVE,2024-10-07
M013,C0010372,2024-09-03,EXPOSED,2024-10-20,NO_RESPONSE,
M013,C0010635,2024-09-03,EXPOSED,2024-10-02,NO_RESPONSE,
M013,C0013625,2024-09-03,EXPOSED,2024-11-09,NO_RESPONSE,
M013,C0013879,2024-09-03,EXPOSED,2024-10-30,NO_RESPONSE,
M013,C0014072,2024-09-03,EXPOSED,2024-09-22,NO_RESPONSE,
M013,C0014130,2024-09-03,EXPOSED,2024-09-28,NO_RESPONSE,
M013,C0018592,2024-09-03,EXPOSED,2024-10-12,NO_RESPONSE,
M013,C0000205,2024-09-04,EXPOSED,2024-10-21,NO_RESPONSE,
M013,C0003241,2024-09-04,EXPOSED,2024-10-20,NEUTRAL,2024-10-23
M013,C0004284,2024-09-04,NOT_EXPOSED,,,
M013,C0004760,2024-09-04,EXPOSED,2024-10-31,NO_RESPONSE,
M013,C0005437,2024-09-04,EXPOSED,2024-10-19,NO_RESPONSE,
M013,C0007977,2024-09-04,EXPOSED,2024-09-22,NO_RESPONSE,
M013,C0010787,2024-09-04,EXPOSED,2024-09-18,NO_RESPONSE,
M013,C0012386,2024-09-04,NOT_EXPOSED,,,
M013,C0013892,2024-09-04,NOT_EXPOSED,,,
M013,C0016491,2024-09-04,EXPOSED,2024-09-27,POSITIVE,2024-10-03
M013,C0019639,2024-09-04,EXPOSED,2024-09-19,NO_RESPONSE,
M013,C0000132,2024-09-05,NOT_EXPOSED,,,
M013,C0001791,2024-09-05,EXPOSED,2024-10-12,NO_RESPONSE,
M013,C0002270,2024-09-05,NOT_EXPOSED,,,
M013,C0002339,2024-09-05,EXPOSED,2024-09-13,NO_RESPONSE,
M013,C0002990,2024-09-05,EXPOSED,2024-09-17,NO_RESPONSE,
M013,C0004032,2024-09-05,EXPOSED,2024-09-10,NO_RESPONSE,
M013,C0005582,2024-09-05,EXPOSED,2024-10-16,NEUTRAL,2024-10-24
M013,C0006187,2024-09-05,EXPOSED,2024-10-01,NO_RESPONSE,
M013,C0006279,2024-09-05,EXPOSED,2024-10-01,NO_RESPONSE,
M013,C0006490,2024-09-05,NOT_EXPOSED,,,
M013,C0008643,2024-09-05,EXPOSED,2024-09-10,NO_RESPONSE,
M013,C0010928,2024-09-05,EXPOSED,2024-09-06,NO_RESPONSE,
M013,C0013112,2024-09-05,EXPOSED,2024-10-11,NO_RESPONSE,
M013,C0014662,2024-09-05,EXPOSED,2024-11-19,NO_RESPONSE,
M013,C0000643,2024-09-06,EXPOSED,2024-10-10,NO_RESPONSE,
M013,C0003008,2024-09-06,EXPOSED,2024-10-19,POSITIVE,2024-10-31
M013,C0003975,2024-09-06,EXPOSED,2024-10-25,NO_RESPONSE,
M013,C0007159,2024-09-06,EXPOSED,2024-09-28,NO_RESPONSE,
M013,C0009472,2024-09-06,NOT_EXPOSED,,,
M013,C0010323,2024-09-06,EXPOSED,2024-09-13,NO_RESPONSE,
M013,C0011568,2024-09-06,NOT_EXPOSED,,,
M013,C0013392,2024-09-06,NOT_EXPOSED,,,
M013,C0014967,2024-09-06,EXPOSED,2024-10-13,NO_RESPONSE,
M013,C0015268,2024-09-06,EXPOSED,2024-09-26,NO_RESPONSE,
M013,C0015591,2024-09-06,EXPOSED,2024-10-20,NO_RESPONSE,
M013,C0015953,2024-09-06,EXPOSED,2024-10-18,NO_RESPONSE,
M013,C0017868,2024-09-06,EXPOSED,2024-10-30,NO_RESPONSE,
M013,C0018284,2024-09-06,EXPOSED,2024-11-25,NO_RESPONSE,
M013,C0019139,2024-09-06,EXPOSED,2024-11-12,NEUTRAL,2024-11-20
M013,C0019299,2024-09-06,EXPOSED,2024-09-20,NO_RESPONSE,
M013,C0000026,2024-09-07,EXPOSED,2024-09-21,NO_RESPONSE,
M013,C0002698,2024-09-07,EXPOSED,2024-09-13,NO_RESPONSE,
M013,C0003223,2024-09-07,EXPOSED,2024-10-05,NEUTRAL,2024-10-07
M013,C0006399,2024-09-07,EXPOSED,2024-09-08,NO_RESPONSE,
M013,C0007041,2024-09-07,NOT_EXPOSED,,,
M013,C0007196,2024-09-07,EXPOSED,2024-10-26,NO_RESPONSE,
M013,C0011915,2024-09-07,EXPOSED,2024-09-29,NO_RESPONSE,
M013,C0012217,2024-09-07,EXPOSED,2024-10-17,NO_RESPONSE,
M013,C0012335,2024-09-07,EXPOSED,2024-09-11,POSITIVE,2024-09-16
M013,C0012575,2024-09-07,EXPOSED,2024-09-12,NO_RESPONSE,
M013,C0015370,2024-09-07,EXPOSED,2024-10-12,NO_RESPONSE,
M013,C0016196,2024-09-07,NOT_EXPOSED,,,
M013,C0018450,2024-09-07,EXPOSED,2024-10-19,NO_RESPONSE,
M013,C0019843,2024-09-07,EXPOSED,2024-09-18,NEUTRAL,2024-09-24
M013,C0004987,2024-09-08,EXPOSED,2024-10-17,POSITIVE,2024-10-26
M013,C0005712,2024-09-08,EXPOSED,2024-10-13,NO_RESPONSE,
M013,C0005738,2024-09-08,EXPOSED,2024-10-13,NO_RESPONSE,
M013,C0011579,2024-09-08,EXPOSED,2024-10-31,NO_RESPONSE,
M013,C0012738,2024-09-08,EXPOSED,2024-09-23,POSITIVE,2024-10-01
M013,C0013289,2024-09-08,EXPOSED,2024-10-19,NO_RESPONSE,
M013,C0014771,2024-09-08,EXPOSED,2024-09-21,NO_RESPONSE,
M013,C0015793,2024-09-08,EXPOSED,2024-10-26,NO_RESPONSE,
M013,C0016020,2024-09-08,EXPOSED,2024-09-23,NO_RESPONSE,
M013,C0016542,2024-09-08,EXPOSED,2024-10-24,NO_RESPONSE,
M013,C0016820,2024-09-08,NOT_EXPOSED,,,
M013,C0017070,2024-09-08,EXPOSED,2024-10-19,NO_RESPONSE,
M013,C0001684,2024-09-09,EXPOSED,2024-11-11,NO_RESPONSE,
M013,C0002780,2024-09-09,EXPOSED,2024-09-17,NO_RESPONSE,
M013,C0004098,2024-09-09,EXPOSED,2024-11-29,NO_RESPONSE,
M013,C0004748,2024-09-09,EXPOSED,2024-10-03,NO_RESPONSE,
M013,C0009540,2024-09-09,EXPOSED,2024-10-06,POSITIVE,2024-10-07
M013,C0014308,2024-09-09,EXPOSED,2024-10-18,NO_RESPONSE,
M013,C0001214,2024-09-10,NOT_EXPOSED,,,
M013,C0002993,2024-09-10,EXPOSED,2024-10-06,NEGATIVE,2024-10-15
M013,C0005753,2024-09-10,NOT_EXPOSED,,,
M013,C0007757,2024-09-10,EXPOSED,2024-10-16,NO_RESPONSE,
M013,C0008068,2024-09-10,EXPOSED,2024-11-13,NO_RESPONSE,
M013,C0008814,2024-09-10,EXPOSED,2024-10-28,NO_RESPONSE,
M013,C0008937,2024-09-10,EXPOSED,2024-09-14,NO_RESPONSE,
M013,C0009816,2024-09-10,EXPOSED,2024-10-29,NO_RESPONSE,
M013,C0010290,2024-09-10,NOT_EXPOSED,,,
M013,C0011226,2024-09-10,EXPOSED,2024-11-04,POSITIVE,2024-11-12
M013,C0011678,2024-09-10,EXPOSED,2024-09-21,NO_RESPONSE,
M013,C0011771,2024-09-10,NOT_EXPOSED,,,
M013,C0011918,2024-09-10,EXPOSED,2024-11-18,NO_RESPONSE,
M013,C0016029,2024-09-10,EXPOSED,2024-10-26,NO_RESPONSE,
M013,C0019144,2024-09-10,EXPOSED,2024-10-13,NO_RESPONSE,
M013,C0019301,2024-09-10,NOT_EXPOSED,,,
M013,C0002046,2024-09-11,EXPOSED,2024-10-27,NO_RESPONSE,
M013,C0002167,2024-09-11,EXPOSED,2024-10-08,NO_RESPONSE,
M013,C0002396,2024-09-11,NOT_EXPOSED,,,
M013,C0003521,2024-09-11,EXPOSED,2024-11-15,NO_RESPONSE,
M013,C0003597,2024-09-11,EXPOSED,2024-09-27,NO_RESPONSE,
M013,C0007603,2024-09-11,EXPOSED,2024-11-07,NO_RESPONSE,
M013,C0007682,2024-09-11,EXPOSED,2024-10-24,NO_RESPONSE,
M013,C0008020,2024-09-11,EXPOSED,2024-11-21,NO_RESPONSE,
M013,C0008840,2024-09-11,EXPOSED,2024-11-09,NEUTRAL,2024-11-16
M013,C0010033,2024-09-11,EXPOSED,2024-10-20,NO_RESPONSE,
M013,C0010629,2024-09-11,EXPOSED,2024-09-29,NO_RESPONSE,
M013,C0010981,2024-09-11,EXPOSED,2024-10-10,NO_RESPONSE,
M013,C0011956,2024-09-11,NOT_EXPOSED,,,
M013,C0012331,2024-09-11,EXPOSED,2024-10-20,NO_RESPONSE,
M013,C0014258,2024-09-11,EXPOSED,2024-09-24,NO_RESPONSE,
M013,C0015180,2024-09-11,EXPOSED,2024-10-30,NO_RESPONSE,
M013,C0015827,2024-09-11,EXPOSED,2024-09-24,NO_RESPONSE,
M013,C0017520,2024-09-11,EXPOSED,2024-10-10,NO_RESPONSE,
M013,C0000721,2024-09-12,EXPOSED,2024-10-19,NO_RESPONSE,
M013,C0001398,2024-09-12,EXPOSED,2024-09-22,NO_RESPONSE,
M013,C0002732,2024-09-12,EXPOSED,2024-10-01,NO_RESPONSE,
M013,C0003325,2024-09-12,EXPOSED,2024-11-15,POSITIVE,2024-11-17
M013,C0003890,2024-09-12,EXPOSED,2024-11-04,NO_RESPONSE,
M013,C0004275,2024-09-12,EXPOSED,2024-09-22,NO_RESPONSE,
M013,C0005821,2024-09-12,EXPOSED,2024-10-16,NO_RESPONSE,
M013,C0006876,2024-09-12,NOT_EXPOSED,,,
M013,C0011477,2024-09-12,EXPOSED,2024-10-14,NO_RESPONSE,
M013,C0011841,2024-09-12,NOT_EXPOSED,,,
M013,C0013759,2024-09-12,EXPOSED,2024-10-26,NO_RESPONSE,
M013,C0014779,2024-09-12,EXPOSED,2024-09-25,NO_RESPONSE,
M013,C0017425,2024-09-12,NOT_EXPOSED,,,
M013,C0017761,2024-09-12,EXPOSED,2024-10-20,NO_RESPONSE,
M013,C0000436,2024-09-13,EXPOSED,2024-09-23,NO_RESPONSE,
M013,C0002913,2024-09-13,EXPOSED,2024-10-01,NO_RESPONSE,
M013,C0006376,2024-09-13,NOT_EXPOSED,,,
M013,C0009460,2024-09-13,EXPOSED,2024-11-08,NO_RESPONSE,
M013,C0011186,2024-09-13,EXPOSED,2024-10-13,NO_RESPONSE,
M013,C0014065,2024-09-13,EXPOSED,2024-09-29,NO_RESPONSE,
M013,C0016259,2024-09-13,EXPOSED,2024-09-19,NO_RESPONSE,
M013,C0002281,2024-09-14,EXPOSED,2024-11-08,NO_RESPONSE,
M013,C0003294,2024-09-14,EXPOSED,2024-10-24,NO_RESPONSE,
M013,C0003902,2024-09-14,EXPOSED,2024-11-01,NO_RESPONSE,
M013,C0005081,2024-09-14,EXPOSED,2024-10-22,NO_RESPONSE,
M013,C0007050,2024-09-14,EXPOSED,2024-11-11,NO_RESPONSE,
M013,C0009623,2024-09-14,NOT_EXPOSED,,,
M013,C0010769,2024-09-14,EXPOSED,2024-10-22,NO_RESPONSE,
M013,C0012402,2024-09-14,EXPOSED,2024-09-30,POSITIVE,2024-10-10
M013,C0014263,2024-09-14,EXPOSED,2024-09-19,NO_RESPONSE,
M013,C0015136,2024-09-14,EXPOSED,2024-11-04,NO_RESPONSE,
M013,C0000387,2024-09-15,EXPOSED,2024-10-22,NO_RESPONSE,
M013,C0003963,2024-09-15,EXPOSED,2024-10-04,NO_RESPONSE,
M013,C0004086,2024-09-15,EXPOSED,2024-10-09,NO_RESPONSE,
M013,C0004450,2024-09-15,EXPOSED,2024-10-06,NO_RESPONSE,
M013,C0006965,2024-09-15,EXPOSED,2024-10-07,NO_RESPONSE,
M013,C0007772,2024-09-15,EXPOSED,2024-09-24,NO_RESPONSE,
M013,C0008618,2024-09-15,EXPOSED,2024-10-10,NEUTRAL,2024-10-16
M013,C0012187,2024-09-15,EXPOSED,2024-10-08,NO_RESPONSE,
M013,C0012714,2024-09-15,EXPOSED,2024-10-11,NO_RESPONSE,
M013,C0013351,2024-09-15,EXPOSED,2024-10-07,NO_RESPONSE,
M013,C0015511,2024-09-15,NOT_EXPOSED,,,
M013,C0018590,2024-09-15,EXPOSED,2024-09-26,NO_RESPONSE,
M013,C0019472,2024-09-15,EXPOSED,2024-09-24,NO_RESPONSE,
M013,C0019698,2024-09-15,NOT_EXPOSED,,,
M013,C0019929,2024-09-15,EXPOSED,2024-11-04,NO_RESPONSE,
M013,C0001683,2024-09-16,NOT_EXPOSED,,,
M013,C0002501,2024-09-16,EXPOSED,2024-09-26,NO_RESPONSE,
M013,C0006545,2024-09-16,EXPOSED,2024-11-16,NO_RESPONSE,
M013,C0009303,2024-09-16,EXPOSED,2024-10-22,NO_RESPONSE,
M013,C0013091,2024-09-16,EXPOSED,2024-10-06,NO_RESPONSE,
M013,C0013225,2024-09-16,EXPOSED,2024-11-20,NO_RESPONSE,
M013,C0015653,2024-09-16,EXPOSED,2024-11-14,NO_RESPONSE,
M013,C0004396,2024-09-17,EXPOSED,2024-09-26,NO_RESPONSE,
M013,C0004419,2024-09-17,NOT_EXPOSED,,,
M013,C0005485,2024-09-17,EXPOSED,2024-11-03,NO_RESPONSE,
M013,C0008613,2024-09-17,EXPOSED,2024-10-02,NO_RESPONSE,
M013,C0010489,2024-09-17,EXPOSED,2024-10-11,NO_RESPONSE,
M013,C0012002,2024-09-17,EXPOSED,2024-10-01,NO_RESPONSE,
M013,C0012540,2024-09-17,EXPOSED,2024-09-27,NO_RESPONSE,
M013,C0012817,2024-09-17,EXPOSED,2024-11-15,NO_RESPONSE,
M013,C0012892,2024-09-17,EXPOSED,2024-10-30,NEUTRAL,2024-10-30
M013,C0017230,2024-09-17,EXPOSED,2024-09-26,NO_RESPONSE,
M013,C0018442,2024-09-17,EXPOSED,2024-10-22,NO_RESPONSE,
M013,C0000418,2024-09-18,NOT_EXPOSED,,,
M013,C0003663,2024-09-18,EXPOSED,2024-11-09,POSITIVE,2024-11-14
M013,C0004660,2024-09-18,EXPOSED,2024-09-30,POSITIVE,2024-10-05
M013,C0005323,2024-09-18,EXPOSED,2024-09-26,NO_RESPONSE,
M013,C0015616,2024-09-18,EXPOSED,2024-11-04,NO_RESPONSE,
M013,C0016534,2024-09-18,EXPOSED,2024-10-01,NO_RESPONSE,
M013,C0018038,2024-09-18,EXPOSED,2024-10-27,NEUTRAL,2024-11-07
M013,C0019037,2024-09-18,EXPOSED,2024-09-29,NO_RESPONSE,
M013,C0002131,2024-09-19,NOT_EXPOSED,,,
M013,C0003490,2024-09-19,EXPOSED,2024-11-01,POSITIVE,2024-11-13
M013,C0003900,2024-09-19,EXPOSED,2024-11-23,NO_RESPONSE,
M013,C0004188,2024-09-19,EXPOSED,2024-10-07,NO_RESPONSE,
M013,C0004197,2024-09-19,EXPOSED,2024-10-28,NO_RESPONSE,
M013,C0010393,2024-09-19,EXPOSED,2024-11-04,NEUTRAL,2024-11-17
M013,C0010627,2024-09-19,EXPOSED,2024-10-26,NO_RESPONSE,
M013,C0011311,2024-09-19,EXPOSED,2024-11-10,NO_RESPONSE,
M013,C0012248,2024-09-19,EXPOSED,2024-10-11,NO_RESPONSE,
M013,C0012531,2024-09-19,EXPOSED,2024-11-16,NO_RESPONSE,
M013,C0014544,2024-09-19,EXPOSED,2024-10-03,POSITIVE,2024-10-06
M013,C0014905,2024-09-19,EXPOSED,2024-11-14,NO_RESPONSE,
M013,C0005255,2024-09-20,EXPOSED,2024-11-12,POSITIVE,2024-11-14
M013,C0005594,2024-09-20,EXPOSED,2024-11-02,NO_RESPONSE,
M013,C0012436,2024-09-20,EXPOSED,2024-11-05,NO_RESPONSE,
M013,C0012799,2024-09-20,EXPOSED,2024-11-17,NO_RESPONSE,
M013,C0013864,2024-09-20,NOT_EXPOSED,,,
M013,C0014167,2024-09-20,EXPOSED,2024-10-11,NO_RESPONSE,
M013,C0014227,2024-09-20,EXPOSED,2024-11-05,NO_RESPONSE,
M013,C0015037,2024-09-20,EXPOSED,2024-10-21,NO_RESPONSE,
M013,C0016987,2024-09-20,EXPOSED,2024-10-07,NO_RESPONSE,
M013,C0017316,2024-09-20,EXPOSED,2024-10-27,NO_RESPONSE,
M013,C0019401,2024-09-20,EXPOSED,2024-10-17,NO_RESPONSE,
M013,C0001969,2024-09-21,EXPOSED,2024-09-27,NO_RESPONSE,
M013,C0002221,2024-09-21,EXPOSED,2024-10-26,NO_RESPONSE,
M013,C0002972,2024-09-21,EXPOSED,2024-11-17,NO_RESPONSE,
M013,C0006251,2024-09-21,EXPOSED,2024-09-27,NO_RESPONSE,
M013,C0006883,2024-09-21,EXPOSED,2024-09-22,NO_RESPONSE,
M013,C0008486,2024-09-21,EXPOSED,2024-10-27,NO_RESPONSE,
M013,C0009521,2024-09-21,EXPOSED,2024-10-29,POSITIVE,2024-11-08
M013,C0009568,2024-09-21,EXPOSED,2024-10-17,NO_RESPONSE,
M013,C0012879,2024-09-21,EXPOSED,2024-11-18,NEUTRAL,2024-11-24
M013,C0015409,2024-09-21,EXPOSED,2024-10-20,NO_RESPONSE,
M013,C0018223,2024-09-21,EXPOSED,2024-10-01,POSITIVE,2024-10-10
M013,C0000486,2024-09-22,EXPOSED,2024-11-09,POSITIVE,2024-11-17
M013,C0002205,2024-09-22,EXPOSED,2024-11-01,NO_RESPONSE,
M013,C0003550,2024-09-22,EXPOSED,2024-10-10,NO_RESPONSE,
M013,C0004228,2024-09-22,EXPOSED,2024-11-23,NO_RESPONSE,
M013,C0008476,2024-09-22,EXPOSED,2024-09-24,NO_RESPONSE,
M013,C0011752,2024-09-22,EXPOSED,2024-10-23,NEGATIVE,2024-10-27
M013,C0013571,2024-09-22,EXPOSED,2024-10-22,NO_RESPONSE,
M013,C0015669,2024-09-22,EXPOSED,2024-10-10,NO_RESPONSE,
M013,C0017682,2024-09-22,EXPOSED,2024-10-27,NO_RESPONSE,
M013,C0017873,2024-09-22,EXPOSED,2024-09-28,NO_RESPONSE,
M013,C0018440,2024-09-22,EXPOSED,2024-09-27,NO_RESPONSE,
M013,C0018973,2024-09-22,EXPOSED,2024-11-17,NO_RESPONSE,
M013,C0019217,2024-09-22,EXPOSED,2024-11-07,NO_RESPONSE,
M013,C0000530,2024-09-23,EXPOSED,2024-10-08,NO_RESPONSE,
M013,C0004907,2024-09-23,EXPOSED,2024-11-11,NO_RESPONSE,
M013,C0005071,2024-09-23,EXPOSED,2024-10-17,NO_RESPONSE,
M013,C0005423,2024-09-23,EXPOSED,2024-10-05,NO_RESPONSE,
M013,C0006635,2024-09-23,NOT_EXPOSED,,,
M013,C0007434,2024-09-23,EXPOSED,2024-10-27,NO_RESPONSE,
M013,C0007796,2024-09-23,EXPOSED,2024-10-23,NO_RESPONSE,
M013,C0014651,2024-09-23,EXPOSED,2024-10-09,NO_RESPONSE,
M013,C0015102,2024-09-23,EXPOSED,2024-09-26,NO_RESPONSE,
M013,C0015112,2024-09-23,EXPOSED,2024-10-23,NO_RESPONSE,
M013,C0018518,2024-09-23,EXPOSED,2024-10-17,NO_RESPONSE,
M013,C0018790,2024-09-23,EXPOSED,2024-10-01,NO_RESPONSE,
M013,C0019031,2024-09-23,EXPOSED,2024-10-31,NO_RESPONSE,
M013,C0001522,2024-09-24,EXPOSED,2024-11-05,NEUTRAL,2024-11-20
M013,C0008389,2024-09-24,EXPOSED,2024-11-19,NEUTRAL,2024-11-19
M013,C0010908,2024-09-24,NOT_EXPOSED,,,
M013,C0012463,2024-09-24,EXPOSED,2024-09-30,NO_RESPONSE,
M013,C0014683,2024-09-24,EXPOSED,2024-10-26,NO_RESPONSE,
M013,C0015559,2024-09-24,EXPOSED,2024-10-14,NO_RESPONSE,
M013,C0016938,2024-09-24,EXPOSED,2024-10-28,NEUTRAL,2024-11-12
M013,C0017148,2024-09-24,EXPOSED,2024-10-10,NO_RESPONSE,
M013,C0019744,2024-09-24,EXPOSED,2024-10-11,NO_RESPONSE,
M013,C0002426,2024-09-25,EXPOSED,2024-11-16,NO_RESPONSE,
M013,C0006662,2024-09-25,EXPOSED,2024-10-11,NO_RESPONSE,
M013,C0008581,2024-09-25,EXPOSED,2024-11-08,NO_RESPONSE,
M013,C0011273,2024-09-25,EXPOSED,2024-11-06,NO_RESPONSE,
M013,C0011324,2024-09-25,EXPOSED,2024-11-17,NEGATIVE,2024-11-26
M013,C0011922,2024-09-25,EXPOSED,2024-10-15,NO_RESPONSE,
M013,C0012267,2024-09-25,EXPOSED,2024-10-31,NO_RESPONSE,
M013,C0013293,2024-09-25,EXPOSED,2024-10-18,NO_RESPONSE,
M013,C0013451,2024-09-25,EXPOSED,2024-10-10,NEUTRAL,2024-10-11
M013,C0018177,2024-09-25,EXPOSED,2024-10-28,NO_RESPONSE,
M013,C0000398,2024-09-26,EXPOSED,2024-10-24,NO_RESPONSE,
M013,C0002623,2024-09-26,EXPOSED,2024-09-30,NO_RESPONSE,
M013,C0005034,2024-09-26,NOT_EXPOSED,,,
M013,C0005328,2024-09-26,EXPOSED,2024-10-12,NO_RESPONSE,
M013,C0006519,2024-09-26,EXPOSED,2024-10-29,NO_RESPONSE,
M013,C0008434,2024-09-26,EXPOSED,2024-10-25,NO_RESPONSE,
M013,C0009820,2024-09-26,EXPOSED,2024-10-11,NO_RESPONSE,
M013,C0012389,2024-09-26,EXPOSED,2024-11-22,NEUTRAL,2024-11-28
M013,C0016025,2024-09-26,EXPOSED,2024-10-25,NO_RESPONSE,
M013,C0016063,2024-09-26,EXPOSED,2024-10-10,POSITIVE,2024-10-15
M013,C0002991,2024-09-27,EXPOSED,2024-10-24,NO_RESPONSE,
M013,C0004750,2024-09-27,EXPOSED,2024-11-03,POSITIVE,2024-11-22
M013,C0006208,2024-09-27,EXPOSED,2024-10-07,NO_RESPONSE,
M013,C0007399,2024-09-27,EXPOSED,2024-10-10,NO_RESPONSE,
M013,C0008008,2024-09-27,EXPOSED,2024-10-04,NO_RESPONSE,
M013,C0012363,2024-09-27,EXPOSED,2024-10-17,POSITIVE,2024-10-23
M013,C0013117,2024-09-27,EXPOSED,2024-11-11,NO_RESPONSE,
M013,C0013894,2024-09-27,EXPOSED,2024-10-28,NO_RESPONSE,
M013,C0016112,2024-09-27,NOT_EXPOSED,,,
M013,C0017062,2024-09-27,EXPOSED,2024-10-10,NO_RESPONSE,
M013,C0018460,2024-09-27,EXPOSED,2024-10-07,NO_RESPONSE,
M013,C0018895,2024-09-27,EXPOSED,2024-10-14,NO_RESPONSE,
M013,C0000180,2024-09-28,EXPOSED,2024-10-01,NO_RESPONSE,
M013,C0006606,2024-09-28,EXPOSED,2024-10-10,NO_RESPONSE,
M013,C0006984,2024-09-28,EXPOSED,2024-10-18,NO_RESPONSE,
M013,C0007624,2024-09-28,EXPOSED,2024-10-19,NO_RESPONSE,
M013,C0009316,2024-09-28,EXPOSED,2024-11-16,NEUTRAL,2024-11-17
M013,C0009363,2024-09-28,EXPOSED,2024-10-19,NO_RESPONSE,
M013,C0012385,2024-09-28,EXPOSED,2024-10-17,NO_RESPONSE,
M013,C0012982,2024-09-28,EXPOSED,2024-10-01,NO_RESPONSE,
M013,C0013339,2024-09-28,EXPOSED,2024-11-08,NEUTRAL,2024-11-11
M013,C0013940,2024-09-28,EXPOSED,2024-10-23,NO_RESPONSE,
M013,C0014935,2024-09-28,EXPOSED,2024-09-28,NO_RESPONSE,
M013,C0015364,2024-09-28,EXPOSED,2024-10-06,NEUTRAL,2024-10-12
M013,C0017450,2024-09-28,EXPOSED,2024-10-16,NO_RESPONSE,
M013,C0017664,2024-09-28,NOT_EXPOSED,,,
M013,C0019398,2024-09-28,EXPOSED,2024-10-16,NO_RESPONSE,
M013,C0019835,2024-09-28,EXPOSED,2024-10-23,NO_RESPONSE,
M013,C0000178,2024-09-29,EXPOSED,2024-11-15,NO_RESPONSE,
M013,C0000362,2024-09-29,EXPOSED,2024-10-15,POSITIVE,2024-10-24
M013,C0002112,2024-09-29,EXPOSED,2024-10-20,NO_RESPONSE,
M013,C0002427,2024-09-29,EXPOSED,2024-10-15,NO_RESPONSE,
M013,C0006119,2024-09-29,EXPOSED,2024-10-26,NO_RESPONSE,
M013,C0008166,2024-09-29,EXPOSED,2024-10-27,NO_RESPONSE,
M013,C0010853,2024-09-29,EXPOSED,2024-10-13,NO_RESPONSE,
M013,C0010980,2024-09-29,EXPOSED,2024-10-14,NO_RESPONSE,
M013,C0013472,2024-09-29,EXPOSED,2024-11-06,NO_RESPONSE,
M013,C0014122,2024-09-29,EXPOSED,2024-10-10,NO_RESPONSE,
M013,C0014818,2024-09-29,EXPOSED,2024-10-05,NO_RESPONSE,
M013,C0015153,2024-09-29,EXPOSED,2024-10-07,NO_RESPONSE,
M013,C0019188,2024-09-29,EXPOSED,2024-10-11,NO_RESPONSE,
M013,C0019870,2024-09-29,EXPOSED,2024-10-11,NO_RESPONSE,
M013,C0003488,2024-09-30,NOT_EXPOSED,,,
M013,C0004464,2024-09-30,EXPOSED,2024-11-01,NO_RESPONSE,
M013,C0004914,2024-09-30,EXPOSED,2024-10-31,NO_RESPONSE,
M013,C0006608,2024-09-30,EXPOSED,2024-10-15,POSITIVE,2024-11-03
M013,C0009211,2024-09-30,EXPOSED,2024-10-10,NO_RESPONSE,
M013,C0011480,2024-09-30,EXPOSED,2024-10-25,NO_RESPONSE,
M013,C0011703,2024-09-30,EXPOSED,2024-10-11,NO_RESPONSE,
M013,C0012342,2024-09-30,EXPOSED,2024-11-01,POSITIVE,2024-11-13
M013,C0014129,2024-09-30,EXPOSED,2024-10-05,POSITIVE,2024-10-09
M013,C0016250,2024-09-30,NOT_EXPOSED,,,
M013,C0017293,2024-09-30,EXPOSED,2024-11-11,NO_RESPONSE,
M013,C0002686,2024-10-01,NOT_EXPOSED,,,
M013,C0002901,2024-10-01,EXPOSED,2024-10-21,NO_RESPONSE,
M013,C0003068,2024-10-01,EXPOSED,2024-10-28,NO_RESPONSE,
M013,C0008663,2024-10-01,EXPOSED,2024-11-07,NO_RESPONSE,
M013,C0008784,2024-10-01,EXPOSED,2024-10-27,NO_RESPONSE,
M013,C0009640,2024-10-01,EXPOSED,2024-10-18,NO_RESPONSE,
M013,C0009674,2024-10-01,EXPOSED,2024-10-20,NO_RESPONSE,
M013,C0012656,2024-10-01,EXPOSED,2024-11-14,NO_RESPONSE,
M013,C0014168,2024-10-01,EXPOSED,2024-10-02,NO_RESPONSE,
M013,C0014347,2024-10-01,EXPOSED,2024-10-18,NO_RESPONSE,
M013,C0015437,2024-10-01,EXPOSED,2024-10-18,NO_RESPONSE,
M013,C0016113,2024-10-01,EXPOSED,2024-10-16,NO_RESPONSE,
M013,C0018211,2024-10-01,NOT_EXPOSED,,,
M013,C0018760,2024-10-01,NOT_EXPOSED,,,
M013,C0000824,2024-10-02,EXPOSED,2024-10-06,NO_RESPONSE,
M013,C0002368,2024-10-02,EXPOSED,2024-10-15,NO_RESPONSE,
M013,C0002490,2024-10-02,EXPOSED,2024-11-23,NO_RESPONSE,
M013,C0004380,2024-10-02,EXPOSED,2024-10-12,NO_RESPONSE,
M013,C0007000,2024-10-02,NOT_EXPOSED,,,
M013,C0007813,2024-10-02,EXPOSED,2024-10-22,NO_RESPONSE,
M013,C0008794,2024-10-02,EXPOSED,2024-10-22,NO_RESPONSE,
M013,C0009925,2024-10-02,NOT_EXPOSED,,,
M013,C0014044,2024-10-02,EXPOSED,2024-10-31,NO_RESPONSE,
M013,C0014398,2024-10-02,EXPOSED,2024-10-15,NO_RESPONSE,
M013,C0019537,2024-10-02,EXPOSED,2024-10-31,NO_RESPONSE,
M013,C0019790,2024-10-02,EXPOSED,2024-11-06,NO_RESPONSE,
M013,C0000654,2024-10-03,EXPOSED,2024-10-13,POSITIVE,2024-11-12
M013,C0000775,2024-10-03,EXPOSED,2024-11-14,NO_RESPONSE,
M013,C0003348,2024-10-03,EXPOSED,2024-11-17,NO_RESPONSE,
M013,C0004333,2024-10-03,EXPOSED,2024-10-22,NEUTRAL,2024-10-24
M013,C0004841,2024-10-03,EXPOSED,2024-10-18,NO_RESPONSE,
M013,C0006078,2024-10-03,EXPOSED,2024-11-25,NO_RESPONSE,
M013,C0006880,2024-10-03,EXPOSED,2024-11-04,NO_RESPONSE,
M013,C0009661,2024-10-03,EXPOSED,2024-11-16,NO_RESPONSE,
M013,C0010932,2024-10-03,NOT_EXPOSED,,,
M013,C0016856,2024-10-03,EXPOSED,2024-10-21,NO_RESPONSE,
M013,C0018566,2024-10-03,EXPOSED,2024-10-12,NO_RESPONSE,
M013,C0019047,2024-10-03,EXPOSED,2024-10-09,NO_RESPONSE,
M013,C0000500,2024-10-04,EXPOSED,2024-11-15,NO_RESPONSE,
M013,C0000946,2024-10-04,NOT_EXPOSED,,,
M013,C0003482,2024-10-04,EXPOSED,2024-11-13,NO_RESPONSE,
M013,C0003790,2024-10-04,EXPOSED,2024-11-19,NO_RESPONSE,
M013,C0005211,2024-10-04,EXPOSED,2024-10-30,NEGATIVE,2024-11-04
M013,C0007765,2024-10-04,EXPOSED,2024-10-17,NO_RESPONSE,
M013,C0009375,2024-10-04,NOT_EXPOSED,,,
M013,C0009429,2024-10-04,EXPOSED,2024-10-18,NEUTRAL,2024-10-26
M013,C0016218,2024-10-04,EXPOSED,2024-10-14,NO_RESPONSE,
M013,C0017714,2024-10-04,EXPOSED,2024-10-26,NO_RESPONSE,
M013,C0018934,2024-10-04,EXPOSED,2024-11-01,NEUTRAL,2024-11-07
M013,C0000031,2024-10-05,EXPOSED,2024-10-26,NO_RESPONSE,
M013,C0000191,2024-10-05,EXPOSED,2024-11-24,NO_RESPONSE,
M013,C0000408,2024-10-05,EXPOSED,2024-11-21,NO_RESPONSE,
M013,C0002119,2024-10-05,EXPOSED,2024-11-12,NO_RESPONSE,
M013,C0006159,2024-10-05,EXPOSED,2024-11-10,NO_RESPONSE,
M013,C0013107,2024-10-05,NOT_EXPOSED,,,
M013,C0003027,2024-10-06,EXPOSED,2024-10-25,NO_RESPONSE,
M013,C0003792,2024-10-06,EXPOSED,2024-10-11,NO_RESPONSE,
M013,C0004215,2024-10-06,EXPOSED,2024-11-05,NO_RESPONSE,
M013,C0012061,2024-10-06,EXPOSED,2024-10-28,NO_RESPONSE,
M013,C0012723,2024-10-06,EXPOSED,2024-11-22,NO_RESPONSE,
M013,C0014548,2024-10-06,EXPOSED,2024-10-31,NO_RESPONSE,
M013,C0015695,2024-10-06,EXPOSED,2024-10-30,NO_RESPONSE,
M013,C0015737,2024-10-06,NOT_EXPOSED,,,
M013,C0017244,2024-10-06,NOT_EXPOSED,,,
M013,C0018949,2024-10-06,EXPOSED,2024-11-07,NO_RESPONSE,
M013,C0001857,2024-10-07,NOT_EXPOSED,,,
M013,C0004269,2024-10-07,EXPOSED,2024-10-16,NO_RESPONSE,
M013,C0004949,2024-10-07,NOT_EXPOSED,,,
M013,C0006091,2024-10-07,EXPOSED,2024-10-21,NEGATIVE,2024-10-23
M013,C0007193,2024-10-07,EXPOSED,2024-10-23,NO_RESPONSE,
M013,C0007590,2024-10-07,EXPOSED,2024-10-19,NO_RESPONSE,
M013,C0009796,2024-10-07,EXPOSED,2024-11-23,NO_RESPONSE,
M013,C0012244,2024-10-07,EXPOSED,2024-11-13,NO_RESPONSE,
M013,C0013087,2024-10-07,EXPOSED,2024-10-30,NO_RESPONSE,
M013,C0013683,2024-10-07,EXPOSED,2024-10-30,NO_RESPONSE,
M013,C0014048,2024-10-07,EXPOSED,2024-10-23,NO_RESPONSE,
M013,C0014289,2024-10-07,NOT_EXPOSED,,,
M013,C0003817,2024-10-08,EXPOSED,2024-10-16,NO_RESPONSE,
M013,C0004424,2024-10-08,EXPOSED,2024-10-18,NO_RESPONSE,
M013,C0005875,2024-10-08,EXPOSED,2024-11-11,NO_RESPONSE,
M013,C0008071,2024-10-08,EXPOSED,2024-10-22,NO_RESPONSE,
M013,C0010508,2024-10-08,EXPOSED,2024-11-20,NO_RESPONSE,
M013,C0015212,2024-10-08,EXPOSED,2024-10-14,NO_RESPONSE,
M013,C0015767,2024-10-08,EXPOSED,2024-11-20,NO_RESPONSE,
M013,C0018858,2024-10-08,EXPOSED,2024-10-20,NO_RESPONSE,
M013,C0019235,2024-10-08,NOT_EXPOSED,,,
M013,C0000211,2024-10-09,EXPOSED,2024-10-12,NO_RESPONSE,
M013,C0005268,2024-10-09,EXPOSED,2024-10-28,NEGATIVE,2024-11-07
M013,C0006038,2024-10-09,EXPOSED,2024-10-23,NO_RESPONSE,
M013,C0008241,2024-10-09,EXPOSED,2024-11-08,NO_RESPONSE,
M013,C0011419,2024-10-09,EXPOSED,2024-10-29,POSITIVE,2024-11-02
M013,C0016450,2024-10-09,EXPOSED,2024-11-15,NO_RESPONSE,
M013,C0016518,2024-10-09,EXPOSED,2024-11-13,NO_RESPONSE,
M013,C0019595,2024-10-09,EXPOSED,2024-10-30,POSITIVE,2024-10-31
M013,C0019657,2024-10-09,EXPOSED,2024-10-17,NO_RESPONSE,
M013,C0001972,2024-10-10,EXPOSED,2024-10-22,NO_RESPONSE,
M013,C0002292,2024-10-10,EXPOSED,2024-10-27,NO_RESPONSE,
M013,C0003125,2024-10-10,EXPOSED,2024-10-14,NO_RESPONSE,
M013,C0004968,2024-10-10,EXPOSED,2024-11-15,NO_RESPONSE,
M013,C0010949,2024-10-10,EXPOSED,2024-11-18,NO_RESPONSE,
M013,C0016408,2024-10-10,EXPOSED,2024-11-24,POSITIVE,2024-12-08
M013,C0016795,2024-10-10,EXPOSED,2024-11-14,NO_RESPONSE,
M013,C0016885,2024-10-10,EXPOSED,2024-11-12,NO_RESPONSE,
M013,C0017532,2024-10-10,EXPOSED,2024-10-24,NO_RESPONSE,
M013,C0019250,2024-10-10,EXPOSED,2024-11-16,NO_RESPONSE,
M013,C0001546,2024-10-11,NOT_EXPOSED,,,
M013,C0004692,2024-10-11,EXPOSED,2024-10-15,NO_RESPONSE,
M013,C0006441,2024-10-11,EXPOSED,2024-10-15,NO_RESPONSE,
M013,C0008054,2024-10-11,EXPOSED,2024-11-15,NO_RESPONSE,
M013,C0008357,2024-10-11,EXPOSED,2024-11-14,NEGATIVE,2024-11-19
M013,C0008719,2024-10-11,EXPOSED,2024-10-19,NO_RESPONSE,
M013,C0013222,2024-10-11,EXPOSED,2024-10-17,NO_RESPONSE,
M013,C0017390,2024-10-11,EXPOSED,2024-10-21,NO_RESPONSE,
M013,C0017933,2024-10-11,EXPOSED,2024-11-02,NO_RESPONSE,
M013,C0002041,2024-10-12,EXPOSED,2024-10-16,NO_RESPONSE,
M013,C0002357,2024-10-12,EXPOSED,2024-11-12,NEGATIVE,2024-11-21
M013,C0005290,2024-10-12,EXPOSED,2024-11-04,NO_RESPONSE,
M013,C0009696,2024-10-12,EXPOSED,2024-11-05,NO_RESPONSE,
M013,C0016783,2024-10-12,EXPOSED,2024-11-07,NO_RESPONSE,
M013,C0018307,2024-10-12,EXPOSED,2024-10-16,NO_RESPONSE,
M013,C0001012,2024-10-13,EXPOSED,2024-10-21,POSITIVE,2024-10-25
M013,C0002883,2024-10-13,EXPOSED,2024-10-14,NEUTRAL,2024-10-15
M013,C0004603,2024-10-13,EXPOSED,2024-11-08,NO_RESPONSE,
M013,C0005035,2024-10-13,EXPOSED,2024-11-01,NEGATIVE,2024-11-15
M013,C0012119,2024-10-13,EXPOSED,2024-10-22,NO_RESPONSE,
M013,C0012120,2024-10-13,EXPOSED,2024-10-29,NO_RESPONSE,
M013,C0013312,2024-10-13,NOT_EXPOSED,,,
M013,C0016146,2024-10-13,EXPOSED,2024-11-04,POSITIVE,2024-11-09
M013,C0019113,2024-10-13,NOT_EXPOSED,,,
M013,C0019514,2024-10-13,EXPOSED,2024-10-22,NO_RESPONSE,
M013,C0000079,2024-10-14,EXPOSED,2024-10-17,NO_RESPONSE,
M013,C0001770,2024-10-14,EXPOSED,2024-11-15,POSITIVE,2024-11-19
M013,C0005524,2024-10-14,EXPOSED,2024-10-16,NO_RESPONSE,
M013,C0008807,2024-10-14,EXPOSED,2024-11-03,NO_RESPONSE,
M013,C0009975,2024-10-14,EXPOSED,2024-11-18,NO_RESPONSE,
M013,C0010955,2024-10-14,EXPOSED,2024-10-19,NO_RESPONSE,
M013,C0011512,2024-10-14,EXPOSED,2024-11-03,NO_RESPONSE,
M013,C0012078,2024-10-14,EXPOSED,2024-11-27,NO_RESPONSE,
M013,C0015801,2024-10-14,EXPOSED,2024-11-04,NO_RESPONSE,
M013,C0000275,2024-10-15,EXPOSED,2024-11-04,NEUTRAL,2024-11-19
M013,C0001194,2024-10-15,NOT_EXPOSED,,,
M013,C0003295,2024-10-15,NOT_EXPOSED,,,
M013,C0005499,2024-10-15,NOT_EXPOSED,,,
M013,C0008936,2024-10-15,EXPOSED,2024-10-18,NO_RESPONSE,
M013,C0010483,2024-10-15,EXPOSED,2024-11-10,NO_RESPONSE,
M013,C0016175,2024-10-15,EXPOSED,2024-10-30,POSITIVE,2024-11-07
M013,C0000895,2024-10-16,EXPOSED,2024-10-31,NO_RESPONSE,
M013,C0000963,2024-10-16,EXPOSED,2024-11-13,NO_RESPONSE,
M013,C0006580,2024-10-16,EXPOSED,2024-11-13,NO_RESPONSE,
M013,C0008301,2024-10-16,EXPOSED,2024-10-31,NO_RESPONSE,
M013,C0011800,2024-10-16,EXPOSED,2024-11-02,NO_RESPONSE,
M013,C0013881,2024-10-16,EXPOSED,2024-10-26,NO_RESPONSE,
M013,C0014506,2024-10-16,EXPOSED,2024-11-26,NO_RESPONSE,
M013,C0015150,2024-10-16,NOT_EXPOSED,,,
M013,C0018347,2024-10-16,EXPOSED,2024-11-01,NO_RESPONSE,
M013,C0000420,2024-10-17,EXPOSED,2024-10-22,NO_RESPONSE,
M013,C0006753,2024-10-17,EXPOSED,2024-10-21,POSITIVE,2024-10-24
M013,C0012492,2024-10-17,EXPOSED,2024-10-22,NO_RESPONSE,
M013,C0013747,2024-10-17,EXPOSED,2024-11-10,NO_RESPONSE,
M013,C0015702,2024-10-17,EXPOSED,2024-11-09,NO_RESPONSE,
M013,C0016611,2024-10-17,EXPOSED,2024-11-02,NO_RESPONSE,
M013,C0018462,2024-10-17,EXPOSED,2024-10-29,NO_RESPONSE,
M013,C0018955,2024-10-17,EXPOSED,2024-10-22,NO_RESPONSE,
M013,C0001240,2024-10-18,EXPOSED,2024-11-19,NO_RESPONSE,
M013,C0001663,2024-10-18,NOT_EXPOSED,,,
M013,C0002265,2024-10-18,NOT_EXPOSED,,,
M013,C0002588,2024-10-18,NOT_EXPOSED,,,
M013,C0005518,2024-10-18,EXPOSED,2024-11-05,NO_RESPONSE,
M013,C0012510,2024-10-18,EXPOSED,2024-11-09,NO_RESPONSE,
M013,C0013674,2024-10-18,EXPOSED,2024-11-02,NO_RESPONSE,
M013,C0015528,2024-10-18,EXPOSED,2024-11-16,NO_RESPONSE,
M013,C0016319,2024-10-18,EXPOSED,2024-10-23,NO_RESPONSE,
M013,C0019891,2024-10-18,EXPOSED,2024-10-31,NO_RESPONSE,
M013,C0009111,2024-10-19,EXPOSED,2024-10-23,NO_RESPONSE,
M013,C0010301,2024-10-19,EXPOSED,2024-10-27,NO_RESPONSE,
M013,C0010515,2024-10-19,EXPOSED,2024-11-10,NO_RESPONSE,
M013,C0012911,2024-10-19,EXPOSED,2024-10-29,NO_RESPONSE,
M013,C0014457,2024-10-19,EXPOSED,2024-11-25,NO_RESPONSE,
M013,C0014613,2024-10-19,NOT_EXPOSED,,,
M013,C0014750,2024-10-19,EXPOSED,2024-11-06,NO_RESPONSE,
M013,C0014791,2024-10-19,EXPOSED,2024-11-06,NO_RESPONSE,
M013,C0019641,2024-10-19,NOT_EXPOSED,,,
M013,C0019941,2024-10-19,EXPOSED,2024-11-06,NEGATIVE,2024-11-08
M013,C0000265,2024-10-20,EXPOSED,2024-11-05,NO_RESPONSE,
M013,C0002249,2024-10-20,EXPOSED,2024-11-15,NO_RESPONSE,
M013,C0007305,2024-10-20,EXPOSED,2024-11-28,NO_RESPONSE,
M013,C0007731,2024-10-20,EXPOSED,2024-10-30,NO_RESPONSE,
M013,C0008728,2024-10-20,EXPOSED,2024-10-31,NO_RESPONSE,
M013,C0011274,2024-10-20,EXPOSED,2024-10-23,NO_RESPONSE,
M013,C0012827,2024-10-20,EXPOSED,2024-10-27,NO_RESPONSE,
M013,C0014631,2024-10-20,EXPOSED,2024-10-23,NO_RESPONSE,
M013,C0015768,2024-10-20,EXPOSED,2024-10-23,NO_RESPONSE,
M013,C0016606,2024-10-20,EXPOSED,2024-10-23,NO_RESPONSE,
M013,C0018508,2024-10-20,NOT_EXPOSED,,,
M013,C0019707,2024-10-20,NOT_EXPOSED,,,
M013,C0001245,2024-10-21,EXPOSED,2024-11-05,NO_RESPONSE,
M013,C0005082,2024-10-21,EXPOSED,2024-11-05,NO_RESPONSE,
M013,C0005782,2024-10-21,NOT_EXPOSED,,,
M013,C0010118,2024-10-21,EXPOSED,2024-11-11,NO_RESPONSE,
M013,C0011338,2024-10-21,EXPOSED,2024-11-22,NO_RESPONSE,
M013,C0012423,2024-10-21,EXPOSED,2024-11-25,NO_RESPONSE,
M013,C0012623,2024-10-21,EXPOSED,2024-11-05,NO_RESPONSE,
M013,C0013885,2024-10-21,NOT_EXPOSED,,,
M013,C0000421,2024-10-22,EXPOSED,2024-11-16,NO_RESPONSE,
M013,C0001022,2024-10-22,EXPOSED,2024-11-10,NO_RESPONSE,
M013,C0001598,2024-10-22,EXPOSED,2024-10-30,NO_RESPONSE,
M013,C0007113,2024-10-22,NOT_EXPOSED,,,
M013,C0011614,2024-10-22,EXPOSED,2024-11-18,NO_RESPONSE,
M013,C0015099,2024-10-22,EXPOSED,2024-11-13,POSITIVE,2024-11-15
M013,C0019417,2024-10-22,EXPOSED,2024-11-16,NO_RESPONSE,
M013,C0000245,2024-10-23,EXPOSED,2024-11-03,NO_RESPONSE,
M013,C0005853,2024-10-23,EXPOSED,2024-11-09,NO_RESPONSE,
M013,C0007491,2024-10-23,EXPOSED,2024-11-13,POSITIVE,2024-11-27
M013,C0012701,2024-10-23,EXPOSED,2024-11-12,NO_RESPONSE,
M013,C0013924,2024-10-23,EXPOSED,2024-11-08,NO_RESPONSE,
M013,C0017728,2024-10-23,EXPOSED,2024-11-21,POSITIVE,2024-12-02
M013,C0018238,2024-10-23,EXPOSED,2024-11-26,NO_RESPONSE,
M013,C0019925,2024-10-23,EXPOSED,2024-10-27,NO_RESPONSE,
M013,C0019959,2024-10-23,EXPOSED,2024-11-11,NEUTRAL,2024-11-15
M013,C0002384,2024-10-24,EXPOSED,2024-11-10,NO_RESPONSE,
M013,C0002700,2024-10-24,EXPOSED,2024-11-13,NO_RESPONSE,
M013,C0003472,2024-10-24,EXPOSED,2024-11-12,NO_RESPONSE,
M013,C0008429,2024-10-24,EXPOSED,2024-10-27,NO_RESPONSE,
M013,C0008496,2024-10-24,EXPOSED,2024-10-28,NO_RESPONSE,
M013,C0010677,2024-10-24,EXPOSED,2024-11-13,NO_RESPONSE,
M013,C0011971,2024-10-24,EXPOSED,2024-11-13,NO_RESPONSE,
M013,C0013122,2024-10-24,EXPOSED,2024-10-25,NO_RESPONSE,
M013,C0014803,2024-10-24,EXPOSED,2024-11-11,NO_RESPONSE,
M013,C0015318,2024-10-24,EXPOSED,2024-11-01,NO_RESPONSE,
M013,C0016561,2024-10-24,NOT_EXPOSED,,,
M013,C0017693,2024-10-24,NOT_EXPOSED,,,
M013,C0018744,2024-10-24,EXPOSED,2024-11-07,NO_RESPONSE,
M013,C0003075,2024-10-25,EXPOSED,2024-11-17,NO_RESPONSE,
M013,C0003717,2024-10-25,EXPOSED,2024-11-07,NO_RESPONSE,
M013,C0006700,2024-10-25,EXPOSED,2024-11-06,NO_RESPONSE,
M013,C0007370,2024-10-25,EXPOSED,2024-11-07,NO_RESPONSE,
M013,C0008066,2024-10-25,EXPOSED,2024-11-11,NO_RESPONSE,
M013,C0012630,2024-10-25,EXPOSED,2024-11-15,NO_RESPONSE,
M013,C0012832,2024-10-25,NOT_EXPOSED,,,
M013,C0013925,2024-10-25,EXPOSED,2024-11-17,NO_RESPONSE,
M013,C0014835,2024-10-25,EXPOSED,2024-11-03,NO_RESPONSE,
M013,C0017110,2024-10-25,EXPOSED,2024-11-01,NO_RESPONSE,
M013,C0001951,2024-10-26,NOT_EXPOSED,,,
M013,C0006879,2024-10-26,EXPOSED,2024-11-05,NO_RESPONSE,
M013,C0008765,2024-10-26,NOT_EXPOSED,,,
M013,C0015707,2024-10-26,EXPOSED,2024-10-30,NO_RESPONSE,
M013,C0018987,2024-10-26,EXPOSED,2024-11-27,NO_RESPONSE,
M013,C0000587,2024-10-27,NOT_EXPOSED,,,
M013,C0003044,2024-10-27,EXPOSED,2024-11-04,NO_RESPONSE,
M013,C0003475,2024-10-27,NOT_EXPOSED,,,
M013,C0004673,2024-10-27,EXPOSED,2024-11-11,NO_RESPONSE,
M013,C0005805,2024-10-27,EXPOSED,2024-11-23,NO_RESPONSE,
M013,C0007249,2024-10-27,EXPOSED,2024-11-09,NO_RESPONSE,
M013,C0008332,2024-10-27,EXPOSED,2024-11-09,NO_RESPONSE,
M013,C0011428,2024-10-27,EXPOSED,2024-11-17,NO_RESPONSE,
M013,C0011433,2024-10-27,EXPOSED,2024-11-02,NO_RESPONSE,
M013,C0013952,2024-10-27,EXPOSED,2024-10-27,NO_RESPONSE,
M013,C0014424,2024-10-27,EXPOSED,2024-11-07,NO_RESPONSE,
M013,C0002923,2024-10-28,EXPOSED,2024-11-06,NO_RESPONSE,
M013,C0007287,2024-10-28,NOT_EXPOSED,,,
M013,C0014344,2024-10-28,EXPOSED,2024-11-14,NEUTRAL,2024-12-04
M013,C0019841,2024-10-28,EXPOSED,2024-11-03,NO_RESPONSE,
M013,C0000217,2024-10-29,EXPOSED,2024-11-04,NEUTRAL,2024-11-27
M013,C0006145,2024-10-29,NOT_EXPOSED,,,
M013,C0007074,2024-10-29,EXPOSED,2024-11-17,NEGATIVE,2024-12-08
M013,C0007312,2024-10-29,EXPOSED,2024-11-13,NO_RESPONSE,
M013,C0008535,2024-10-29,NOT_EXPOSED,,,
M013,C0013325,2024-10-29,NOT_EXPOSED,,,
M013,C0014575,2024-10-29,EXPOSED,2024-11-05,NO_RESPONSE,
M013,C0019230,2024-10-29,EXPOSED,2024-11-19,NO_RESPONSE,
M013,C0000052,2024-10-30,EXPOSED,2024-11-13,NO_RESPONSE,
M013,C0007889,2024-10-30,EXPOSED,2024-11-22,NO_RESPONSE,
M013,C0008865,2024-10-30,EXPOSED,2024-11-08,NO_RESPONSE,
M013,C0011639,2024-10-30,EXPOSED,2024-11-15,NO_RESPONSE,
M013,C0018078,2024-10-30,EXPOSED,2024-11-02,POSITIVE,2024-11-29
M013,C0002902,2024-10-31,EXPOSED,2024-11-20,NEUTRAL,2024-11-26
M013,C0006177,2024-10-31,EXPOSED,2024-11-06,NO_RESPONSE,
M013,C0008462,2024-10-31,EXPOSED,2024-11-06,NO_RESPONSE,
M013,C0010939,2024-10-31,EXPOSED,2024-11-23,NO_RESPONSE,
M013,C0013148,2024-10-31,EXPOSED,2024-11-26,NO_RESPONSE,
M013,C0016057,2024-10-31,EXPOSED,2024-11-06,NEUTRAL,2024-11-13
M013,C0016101,2024-10-31,EXPOSED,2024-11-05,NO_RESPONSE,
M013,C0016912,2024-10-31,EXPOSED,2024-11-15,NO_RESPONSE,
M013,C0002699,2024-11-01,EXPOSED,2024-11-22,NO_RESPONSE,
M013,C0004457,2024-11-01,EXPOSED,2024-11-04,NO_RESPONSE,
M013,C0007168,2024-11-01,EXPOSED,2024-11-12,NO_RESPONSE,
M013,C0012937,2024-11-01,EXPOSED,2024-11-21,NO_RESPONSE,
M013,C0013990,2024-11-01,EXPOSED,2024-11-11,POSITIVE,2024-11-12
M013,C0019046,2024-11-01,EXPOSED,2024-11-01,NO_RESPONSE,
M013,C0002288,2024-11-02,EXPOSED,2024-11-05,NO_RESPONSE,
M013,C0003093,2024-11-02,NOT_EXPOSED,,,
M013,C0003680,2024-11-02,EXPOSED,2024-11-13,NO_RESPONSE,
M013,C0004064,2024-11-02,EXPOSED,2024-11-17,NO_RESPONSE,
M013,C0006229,2024-11-02,EXPOSED,2024-11-12,NEGATIVE,2024-11-17
M013,C0012034,2024-11-02,EXPOSED,2024-11-08,POSITIVE,2024-11-13
M013,C0018254,2024-11-02,NOT_EXPOSED,,,
M013,C0007247,2024-11-03,EXPOSED,2024-11-15,NO_RESPONSE,
M013,C0008681,2024-11-03,EXPOSED,2024-11-27,NEUTRAL,2024-12-06
M013,C0013951,2024-11-03,EXPOSED,2024-11-13,NO_RESPONSE,
M013,C0017099,2024-11-03,EXPOSED,2024-11-23,NO_RESPONSE,
M013,C0002716,2024-11-04,EXPOSED,2024-11-22,NO_RESPONSE,
M013,C0003778,2024-11-04,EXPOSED,2024-11-12,NO_RESPONSE,
M013,C0005050,2024-11-04,EXPOSED,2024-11-09,NO_RESPONSE,
M013,C0010325,2024-11-04,EXPOSED,2024-11-18,NO_RESPONSE,
M013,C0018195,2024-11-04,EXPOSED,2024-11-06,NO_RESPONSE,
M013,C0018355,2024-11-04,EXPOSED,2024-11-12,NO_RESPONSE,
M013,C0002461,2024-11-05,EXPOSED,2024-11-14,NO_RESPONSE,
M013,C0003939,2024-11-05,EXPOSED,2024-11-15,NO_RESPONSE,
M013,C0014275,2024-11-05,EXPOSED,2024-11-18,NO_RESPONSE,
M013,C0015999,2024-11-05,EXPOSED,2024-11-06,NO_RESPONSE,
M013,C0017032,2024-11-05,EXPOSED,2024-11-24,NO_RESPONSE,
M013,C0007672,2024-11-06,EXPOSED,2024-11-07,NO_RESPONSE,
M013,C0008874,2024-11-06,EXPOSED,2024-11-11,NO_RESPONSE,
M013,C0009765,2024-11-06,EXPOSED,2024-11-08,NO_RESPONSE,
M013,C0011567,2024-11-06,EXPOSED,2024-11-15,NO_RESPONSE,
M013,C0011988,2024-11-06,EXPOSED,2024-11-14,NO_RESPONSE,
M013,C0013024,2024-11-06,EXPOSED,2024-11-08,NEGATIVE,2024-11-10
M013,C0014100,2024-11-06,NOT_EXPOSED,,,
M013,C0015575,2024-11-06,EXPOSED,2024-11-09,NO_RESPONSE,
M013,C0017951,2024-11-06,EXPOSED,2024-11-19,NO_RESPONSE,
M013,C0002187,2024-11-07,NOT_EXPOSED,,,
M013,C0007793,2024-11-07,EXPOSED,2024-11-08,NEUTRAL,2024-11-08
M013,C0008180,2024-11-07,NOT_EXPOSED,,,
M013,C0012097,2024-11-07,EXPOSED,2024-11-22,NO_RESPONSE,
M013,C0016818,2024-11-07,NOT_EXPOSED,,,
M013,C0000319,2024-11-08,EXPOSED,2024-11-21,NO_RESPONSE,
M013,C0005149,2024-11-08,EXPOSED,2024-11-17,POSITIVE,2024-11-18
M013,C0006904,2024-11-08,EXPOSED,2024-11-21,NO_RESPONSE,
M013,C0008610,2024-11-08,EXPOSED,2024-11-18,NO_RESPONSE,
M013,C0009991,2024-11-08,EXPOSED,2024-11-09,NO_RESPONSE,
M013,C0013413,2024-11-08,EXPOSED,2024-11-15,NO_RESPONSE,
M013,C0017338,2024-11-08,NOT_EXPOSED,,,
M013,C0000246,2024-11-09,EXPOSED,2024-11-17,NO_RESPONSE,
M013,C0000820,2024-11-09,EXPOSED,2024-11-12,POSITIVE,2024-11-13
M013,C0002081,2024-11-09,EXPOSED,2024-11-14,NO_RESPONSE,
M013,C0003011,2024-11-09,EXPOSED,2024-11-09,NO_RESPONSE,
M013,C0003182,2024-11-09,EXPOSED,2024-11-10,NO_RESPONSE,
M013,C0005100,2024-11-09,EXPOSED,2024-11-12,NEGATIVE,2024-11-14
M013,C0005254,2024-11-09,EXPOSED,2024-11-23,NO_RESPONSE,
M013,C0006057,2024-11-09,EXPOSED,2024-11-17,NEGATIVE,2024-11-19
M013,C0012704,2024-11-09,EXPOSED,2024-11-12,POSITIVE,2024-11-17
M013,C0013741,2024-11-09,EXPOSED,2024-11-29,NO_RESPONSE,
M013,C0001472,2024-11-10,EXPOSED,2024-11-23,NO_RESPONSE,
M013,C0005692,2024-11-10,EXPOSED,2024-11-21,NO_RESPONSE,
M013,C0011065,2024-11-10,EXPOSED,2024-11-16,NO_RESPONSE,
M013,C0012920,2024-11-10,NOT_EXPOSED,,,
M013,C0011301,2024-11-11,EXPOSED,2024-11-27,POSITIVE,2024-12-01
M013,C0014830,2024-11-11,EXPOSED,2024-11-23,NO_RESPONSE,
M013,C0017411,2024-11-11,EXPOSED,2024-11-14,NO_RESPONSE,
M013,C0010503,2024-11-12,EXPOSED,2024-11-23,NO_RESPONSE,
M013,C0017430,2024-11-13,NOT_EXPOSED,,,
M013,C0018286,2024-11-13,EXPOSED,2024-11-14,NO_RESPONSE,
M013,C0010759,2024-11-14,EXPOSED,2024-11-20,POSITIVE,2024-11-26
M013,C0007581,2024-11-15,EXPOSED,2024-11-23,NO_RESPONSE,
M013,C0016215,2024-11-15,EXPOSED,2024-11-23,NEUTRAL,2024-11-25
M013,C0018115,2024-11-15,EXPOSED,2024-11-24,NO_RESPONSE,
M013,C0018163,2024-11-15,EXPOSED,2024-11-20,NO_RESPONSE,
M013,C0001820,2024-11-16,EXPOSED,2024-11-25,NO_RESPONSE,
M013,C0008177,2024-11-16,EXPOSED,2024-11-22,NO_RESPONSE,
M013,C0013647,2024-11-16,EXPOSED,2024-11-19,NO_RESPONSE,
M013,C0015714,2024-11-16,EXPOSED,2024-11-19,NO_RESPONSE,
M013,C0009242,2024-11-17,EXPOSED,2024-11-19,NO_RESPONSE,
M013,C0000526,2024-11-18,EXPOSED,2024-11-21,NO_RESPONSE,
M013,C0001595,2024-11-18,EXPOSED,2024-11-29,NO_RESPONSE,
M013,C0007783,2024-11-18,EXPOSED,2024-11-26,NO_RESPONSE,
M013,C0009376,2024-11-18,EXPOSED,2024-11-19,NO_RESPONSE,
M013,C0018346,2024-11-18,EXPOSED,2024-11-22,NO_RESPONSE,
M013,C0019491,2024-11-18,EXPOSED,2024-11-28,NO_RESPONSE,
M013,C0005598,2024-11-20,EXPOSED,2024-11-23,NO_RESPONSE,
M013,C0010633,2024-11-20,EXPOSED,2024-11-22,NO_RESPONSE,
M013,C0008219,2024-11-21,EXPOSED,2024-11-24,NO_RESPONSE,
M013,C0015512,2024-11-22,EXPOSED,2024-11-23,NO_RESPONSE,
M013,C0019373,2024-11-22,EXPOSED,2024-11-24,NO_RESPONSE,
M013,C0005944,2024-11-23,EXPOSED,2024-11-26,NO_RESPONSE,
M013,C0015854,2024-11-24,EXPOSED,2024-11-28,NO_RESPONSE,
M013,C0017283,2024-11-24,EXPOSED,2024-11-25,NO_RESPONSE,
M013,C0000514,2024-11-25,EXPOSED,2024-11-25,NO_RESPONSE,
M013,C0000493,2024-11-26,EXPOSED,2024-11-29,NEUTRAL,2024-11-29
M013,C0000783,2024-11-26,EXPOSED,2024-11-27,POSITIVE,2024-12-16
M013,C0007238,2024-11-26,EXPOSED,2024-11-27,NO_RESPONSE,
M013,C0014208,2024-11-26,EXPOSED,2024-11-27,POSITIVE,2024-11-29
M013,C0002853,2024-11-27,EXPOSED,2024-11-27,NO_RESPONSE,
M014,C0000304,2025-02-21,EXPOSED,2025-05-16,NO_RESPONSE,
M014,C0018659,2025-02-24,EXPOSED,2025-03-06,NO_RESPONSE,
M014,C0017977,2025-02-28,EXPOSED,2025-06-10,NO_RESPONSE,
M014,C0003726,2025-03-09,EXPOSED,2025-04-02,NO_RESPONSE,
M014,C0005055,2025-04-07,EXPOSED,2025-05-17,NO_RESPONSE,
M014,C0006857,2025-04-09,EXPOSED,2025-04-20,NO_RESPONSE,
M014,C0002388,2025-04-18,EXPOSED,2025-06-08,NO_RESPONSE,
M014,C0012168,2025-04-29,EXPOSED,2025-05-28,NO_RESPONSE,
M014,C0005947,2025-04-30,EXPOSED,2025-05-18,NO_RESPONSE,
M014,C0001745,2025-05-01,EXPOSED,2025-06-06,POSITIVE,2025-06-12
M014,C0010992,2025-06-05,EXPOSED,2025-06-23,POSITIVE,2025-07-22
M014,C0015441,2025-06-16,EXPOSED,2025-06-20,NO_RESPONSE,
M015,C0013741,2025-04-01,EXPOSED,2025-05-18,NO_RESPONSE,
M015,C0001905,2025-04-02,EXPOSED,2025-06-01,NO_RESPONSE,
M015,C0009822,2025-04-02,NOT_EXPOSED,,,
M015,C0011228,2025-04-02,NOT_EXPOSED,,,
M015,C0018503,2025-04-03,NOT_EXPOSED,,,
M015,C0006158,2025-04-04,EXPOSED,2025-04-21,NO_RESPONSE,
M015,C0014858,2025-04-05,EXPOSED,2025-06-02,NO_RESPONSE,
M015,C0009020,2025-04-06,EXPOSED,2025-05-06,NO_RESPONSE,
M015,C0010647,2025-04-06,EXPOSED,2025-05-09,NO_RESPONSE,
M015,C0000663,2025-04-07,EXPOSED,2025-06-18,NO_RESPONSE,
M015,C0005055,2025-04-07,NOT_EXPOSED,,,
M015,C0005874,2025-04-08,EXPOSED,2025-04-29,NO_RESPONSE,
M015,C0001112,2025-04-09,EXPOSED,2025-08-21,NO_RESPONSE,
M015,C0014297,2025-04-11,NOT_EXPOSED,,,
M015,C0017041,2025-04-11,NOT_EXPOSED,,,
M015,C0001626,2025-04-12,EXPOSED,2025-06-08,NO_RESPONSE,
M015,C0013027,2025-04-13,EXPOSED,2025-06-05,NO_RESPONSE,
M015,C0003642,2025-04-14,EXPOSED,2025-06-14,NO_RESPONSE,
M015,C0006876,2025-04-15,EXPOSED,2025-06-16,NO_RESPONSE,
M015,C0018792,2025-04-15,EXPOSED,2025-04-21,NO_RESPONSE,
M015,C0008759,2025-04-16,EXPOSED,2025-07-07,NO_RESPONSE,
M015,C0004155,2025-04-18,EXPOSED,2025-04-24,NO_RESPONSE,
M015,C0019485,2025-04-18,EXPOSED,2025-06-30,NO_RESPONSE,
M015,C0005206,2025-04-19,EXPOSED,2025-06-05,NO_RESPONSE,
M015,C0005983,2025-04-19,EXPOSED,2025-04-26,NO_RESPONSE,
M015,C0014589,2025-04-19,EXPOSED,2025-04-27,POSITIVE,2025-05-26
M015,C0007142,2025-04-20,NOT_EXPOSED,,,
M015,C0006183,2025-04-21,EXPOSED,2025-06-24,NO_RESPONSE,
M015,C0012572,2025-04-22,EXPOSED,2025-06-16,NO_RESPONSE,
M015,C0017154,2025-04-23,NOT_EXPOSED,,,
M015,C0018666,2025-04-24,NOT_EXPOSED,,,
M015,C0016864,2025-04-25,EXPOSED,2025-05-28,NO_RESPONSE,
M015,C0001745,2025-04-26,EXPOSED,2025-08-07,NO_RESPONSE,
M015,C0015430,2025-04-27,EXPOSED,2025-07-06,NO_RESPONSE,
M015,C0011313,2025-04-28,EXPOSED,2025-05-26,NO_RESPONSE,
M015,C0011663,2025-04-28,EXPOSED,2025-06-24,NO_RESPONSE,
M015,C0001518,2025-04-29,EXPOSED,2025-05-21,NO_RESPONSE,
M015,C0010324,2025-04-29,EXPOSED,2025-06-26,NO_RESPONSE,
M015,C0010953,2025-04-29,EXPOSED,2025-06-03,POSITIVE,2025-06-23
M015,C0011136,2025-04-29,NOT_EXPOSED,,,
M015,C0016063,2025-04-30,EXPOSED,2025-06-26,NO_RESPONSE,
M015,C0017543,2025-04-30,EXPOSED,2025-05-17,NO_RESPONSE,
M015,C0016613,2025-05-01,EXPOSED,2025-05-27,NO_RESPONSE,
M015,C0019677,2025-05-01,EXPOSED,2025-07-12,NO_RESPONSE,
M015,C0000640,2025-05-02,EXPOSED,2025-05-14,NO_RESPONSE,
M015,C0003726,2025-05-02,EXPOSED,2025-07-07,NO_RESPONSE,
M015,C0014488,2025-05-03,EXPOSED,2025-05-18,NO_RESPONSE,
M015,C0018763,2025-05-03,EXPOSED,2025-07-06,NO_RESPONSE,
M015,C0000490,2025-05-04,EXPOSED,2025-05-17,NEUTRAL,2025-05-26
M015,C0012165,2025-05-04,EXPOSED,2025-05-21,POSITIVE,2025-07-15
M015,C0017465,2025-05-04,NOT_EXPOSED,,,
M015,C0007087,2025-05-05,EXPOSED,2025-06-28,NO_RESPONSE,
M015,C0013209,2025-05-05,NOT_EXPOSED,,,
M015,C0008177,2025-05-07,EXPOSED,2025-06-08,POSITIVE,2025-06-30
M015,C0014136,2025-05-07,NOT_EXPOSED,,,
M015,C0002388,2025-05-08,EXPOSED,2025-07-18,NO_RESPONSE,
M015,C0007001,2025-05-08,EXPOSED,2025-06-30,NO_RESPONSE,
M015,C0007903,2025-05-09,EXPOSED,2025-08-27,NO_RESPONSE,
M015,C0011607,2025-05-09,NOT_EXPOSED,,,
M015,C0013990,2025-05-09,EXPOSED,2025-05-24,NO_RESPONSE,
M015,C0005115,2025-05-10,EXPOSED,2025-06-09,NO_RESPONSE,
M015,C0011129,2025-05-10,EXPOSED,2025-05-27,NO_RESPONSE,
M015,C0013102,2025-05-10,EXPOSED,2025-05-22,NO_RESPONSE,
M015,C0010627,2025-05-11,EXPOSED,2025-07-28,NO_RESPONSE,
M015,C0011542,2025-05-11,EXPOSED,2025-08-22,NO_RESPONSE,
M015,C0018315,2025-05-11,EXPOSED,2025-07-13,NO_RESPONSE,
M015,C0019272,2025-05-11,EXPOSED,2025-07-18,POSITIVE,2025-07-28
M015,C0004797,2025-05-12,EXPOSED,2025-05-27,POSITIVE,2025-06-25
M015,C0006857,2025-05-12,EXPOSED,2025-05-26,POSITIVE,2025-06-02
M015,C0016024,2025-05-12,EXPOSED,2025-06-08,NEGATIVE,2025-07-22
M015,C0000058,2025-05-13,NOT_EXPOSED,,,
M015,C0006659,2025-05-13,EXPOSED,2025-06-19,NO_RESPONSE,
M015,C0012476,2025-05-13,EXPOSED,2025-07-02,NO_RESPONSE,
M015,C0000304,2025-05-14,NOT_EXPOSED,,,
M015,C0009132,2025-05-14,NOT_EXPOSED,,,
M015,C0009358,2025-05-14,EXPOSED,2025-06-13,POSITIVE,2025-06-15
M015,C0012967,2025-05-14,EXPOSED,2025-08-02,NO_RESPONSE,
M015,C0016774,2025-05-14,EXPOSED,2025-05-22,NO_RESPONSE,
M015,C0017255,2025-05-14,EXPOSED,2025-07-05,NO_RESPONSE,
M015,C0007905,2025-05-15,EXPOSED,2025-07-23,NO_RESPONSE,
M015,C0011533,2025-05-16,NOT_EXPOSED,,,
M015,C0013278,2025-05-16,EXPOSED,2025-06-26,NO_RESPONSE,
M015,C0002351,2025-05-17,EXPOSED,2025-05-27,POSITIVE,2025-05-29
M015,C0016658,2025-05-17,EXPOSED,2025-08-03,POSITIVE,2025-08-12
M015,C0001611,2025-05-18,EXPOSED,2025-05-30,NO_RESPONSE,
M015,C0006923,2025-05-18,EXPOSED,2025-06-26,NO_RESPONSE,
M015,C0009624,2025-05-18,EXPOSED,2025-05-26,NO_RESPONSE,
M015,C0002393,2025-05-19,EXPOSED,2025-08-20,POSITIVE,2025-08-29
M015,C0004490,2025-05-19,EXPOSED,2025-06-30,NEUTRAL,2025-07-05
M015,C0006569,2025-05-19,EXPOSED,2025-05-28,NO_RESPONSE,
M015,C0006698,2025-05-19,EXPOSED,2025-07-27,NO_RESPONSE,
M015,C0011621,2025-05-19,EXPOSED,2025-06-12,NO_RESPONSE,
M015,C0018551,2025-05-19,NOT_EXPOSED,,,
M015,C0003339,2025-05-20,EXPOSED,2025-06-23,NO_RESPONSE,
M015,C0004086,2025-05-21,EXPOSED,2025-07-13,NO_RESPONSE,
M015,C0016168,2025-05-21,NOT_EXPOSED,,,
M015,C0001357,2025-05-22,EXPOSED,2025-05-23,NO_RESPONSE,
M015,C0003044,2025-05-22,EXPOSED,2025-06-19,NO_RESPONSE,
M015,C0019073,2025-05-22,EXPOSED,2025-05-31,NO_RESPONSE,
M015,C0007443,2025-05-23,EXPOSED,2025-06-01,NO_RESPONSE,
M015,C0009289,2025-05-23,EXPOSED,2025-07-27,NO_RESPONSE,
M015,C0018030,2025-05-23,EXPOSED,2025-06-24,NO_RESPONSE,
M015,C0006445,2025-05-24,EXPOSED,2025-06-23,NO_RESPONSE,
M015,C0017932,2025-05-24,EXPOSED,2025-06-17,NO_RESPONSE,
M015,C0000851,2025-05-25,NOT_EXPOSED,,,
M015,C0003687,2025-05-25,NOT_EXPOSED,,,
M015,C0010492,2025-05-25,NOT_EXPOSED,,,
M015,C0012585,2025-05-25,EXPOSED,2025-06-29,NO_RESPONSE,
M015,C0005406,2025-05-26,EXPOSED,2025-07-20,NO_RESPONSE,
M015,C0010304,2025-05-26,EXPOSED,2025-08-13,NO_RESPONSE,
M015,C0013970,2025-05-26,EXPOSED,2025-08-05,NO_RESPONSE,
M015,C0016854,2025-05-26,EXPOSED,2025-07-04,NEUTRAL,2025-07-13
M015,C0010440,2025-05-27,EXPOSED,2025-07-07,NO_RESPONSE,
M015,C0017544,2025-05-27,EXPOSED,2025-07-15,NO_RESPONSE,
M015,C0000010,2025-05-29,EXPOSED,2025-07-07,NO_RESPONSE,
M015,C0007675,2025-05-29,EXPOSED,2025-07-10,NO_RESPONSE,
M015,C0008091,2025-05-29,NOT_EXPOSED,,,
M015,C0011338,2025-05-29,EXPOSED,2025-07-25,NO_RESPONSE,
M015,C0013726,2025-05-29,EXPOSED,2025-06-11,NO_RESPONSE,
M015,C0004272,2025-05-30,NOT_EXPOSED,,,
M015,C0005215,2025-05-30,NOT_EXPOSED,,,
M015,C0008106,2025-05-30,EXPOSED,2025-08-17,NEUTRAL,2025-08-19
M015,C0012105,2025-05-30,EXPOSED,2025-06-10,NO_RESPONSE,
M015,C0004194,2025-05-31,EXPOSED,2025-06-14,NO_RESPONSE,
M015,C0014234,2025-05-31,EXPOSED,2025-07-02,NO_RESPONSE,
M015,C0018345,2025-05-31,EXPOSED,2025-06-21,NO_RESPONSE,
M015,C0011114,2025-06-01,EXPOSED,2025-06-17,NO_RESPONSE,
M015,C0005594,2025-06-02,NOT_EXPOSED,,,
M015,C0009623,2025-06-02,EXPOSED,2025-07-15,NO_RESPONSE,
M015,C0011218,2025-06-02,EXPOSED,2025-07-27,NO_RESPONSE,
M015,C0000602,2025-06-03,NOT_EXPOSED,,,
M015,C0007065,2025-06-03,NOT_EXPOSED,,,
M015,C0002133,2025-06-04,NOT_EXPOSED,,,
M015,C0003727,2025-06-04,EXPOSED,2025-06-14,NEUTRAL,2025-06-17
M015,C0007263,2025-06-04,EXPOSED,2025-06-08,NO_RESPONSE,
M015,C0008436,2025-06-04,EXPOSED,2025-06-26,NO_RESPONSE,
M015,C0009324,2025-06-04,EXPOSED,2025-07-09,NO_RESPONSE,
M015,C0014008,2025-06-04,EXPOSED,2025-06-15,NO_RESPONSE,
M015,C0019391,2025-06-05,EXPOSED,2025-07-01,NO_RESPONSE,
M015,C0002211,2025-06-07,EXPOSED,2025-08-02,NO_RESPONSE,
M015,C0003464,2025-06-07,EXPOSED,2025-06-08,NO_RESPONSE,
M015,C0008301,2025-06-07,EXPOSED,2025-07-05,NO_RESPONSE,
M015,C0011471,2025-06-07,EXPOSED,2025-06-07,POSITIVE,2025-06-12
M015,C0014839,2025-06-07,NOT_EXPOSED,,,
M015,C0010464,2025-06-08,EXPOSED,2025-08-14,NO_RESPONSE,
M015,C0019690,2025-06-08,EXPOSED,2025-06-26,NO_RESPONSE,
M015,C0000857,2025-06-09,EXPOSED,2025-06-27,NO_RESPONSE,
M015,C0007822,2025-06-10,EXPOSED,2025-07-13,NO_RESPONSE,
M015,C0010753,2025-06-10,EXPOSED,2025-07-02,NO_RESPONSE,
M015,C0015854,2025-06-11,EXPOSED,2025-08-14,NO_RESPONSE,
M015,C0017504,2025-06-12,EXPOSED,2025-06-23,POSITIVE,2025-07-17
M015,C0017690,2025-06-12,NOT_EXPOSED,,,
M015,C0004483,2025-06-13,EXPOSED,2025-07-14,NO_RESPONSE,
M015,C0006217,2025-06-13,EXPOSED,2025-06-25,NEUTRAL,2025-07-27
M015,C0012373,2025-06-13,EXPOSED,2025-07-15,NO_RESPONSE,
M015,C0018639,2025-06-13,EXPOSED,2025-08-18,NO_RESPONSE,
M015,C0019076,2025-06-14,NOT_EXPOSED,,,
M015,C0011865,2025-06-15,NOT_EXPOSED,,,
M015,C0003126,2025-06-16,EXPOSED,2025-07-26,NO_RESPONSE,
M015,C0005289,2025-06-17,EXPOSED,2025-08-23,NO_RESPONSE,
M015,C0017022,2025-06-18,EXPOSED,2025-07-12,NO_RESPONSE,
M015,C0001463,2025-06-19,NOT_EXPOSED,,,
M015,C0012144,2025-06-19,EXPOSED,2025-06-30,POSITIVE,2025-07-08
M015,C0006389,2025-06-20,EXPOSED,2025-06-30,NO_RESPONSE,
M015,C0009715,2025-06-20,EXPOSED,2025-07-08,POSITIVE,2025-07-26
M015,C0010812,2025-06-20,EXPOSED,2025-07-24,NO_RESPONSE,
M015,C0018114,2025-06-20,EXPOSED,2025-08-04,NEGATIVE,2025-08-28
M015,C0007541,2025-06-21,EXPOSED,2025-07-03,NO_RESPONSE,
M015,C0012899,2025-06-21,EXPOSED,2025-07-27,NEUTRAL,2025-08-08
M015,C0014974,2025-06-21,NOT_EXPOSED,,,
M015,C0001726,2025-06-23,EXPOSED,2025-07-23,NO_RESPONSE,
M015,C0005713,2025-06-23,EXPOSED,2025-07-28,NO_RESPONSE,
M015,C0017904,2025-06-23,EXPOSED,2025-08-19,NO_RESPONSE,
M015,C0004319,2025-06-24,EXPOSED,2025-07-06,NEUTRAL,2025-07-25
M015,C0015667,2025-06-24,EXPOSED,2025-07-25,NEUTRAL,2025-08-13
M015,C0015705,2025-06-24,NOT_EXPOSED,,,
M015,C0000177,2025-06-25,EXPOSED,2025-07-02,POSITIVE,2025-08-01
M015,C0007116,2025-06-26,EXPOSED,2025-07-13,NO_RESPONSE,
M015,C0007734,2025-06-26,EXPOSED,2025-07-13,NO_RESPONSE,
M015,C0015255,2025-06-26,EXPOSED,2025-08-06,NO_RESPONSE,
M015,C0003993,2025-06-27,NOT_EXPOSED,,,
M015,C0005748,2025-06-27,NOT_EXPOSED,,,
M015,C0008290,2025-06-27,NOT_EXPOSED,,,
M015,C0009078,2025-06-27,EXPOSED,2025-08-16,NO_RESPONSE,
M015,C0019629,2025-06-27,EXPOSED,2025-07-09,POSITIVE,2025-07-16
M015,C0003120,2025-06-28,EXPOSED,2025-07-07,NO_RESPONSE,
M015,C0003237,2025-06-28,EXPOSED,2025-07-12,NEUTRAL,2025-07-20
M015,C0007830,2025-06-28,EXPOSED,2025-07-04,NO_RESPONSE,
M015,C0008159,2025-06-28,EXPOSED,2025-07-10,NO_RESPONSE,
M015,C0013224,2025-06-28,EXPOSED,2025-08-12,NO_RESPONSE,
M015,C0000420,2025-06-29,EXPOSED,2025-07-14,POSITIVE,2025-07-19
M015,C0000717,2025-06-29,EXPOSED,2025-08-20,NO_RESPONSE,
M015,C0011652,2025-06-29,NOT_EXPOSED,,,
M015,C0013380,2025-06-29,NOT_EXPOSED,,,
M015,C0012619,2025-06-30,NOT_EXPOSED,,,
M015,C0015768,2025-06-30,EXPOSED,2025-07-10,NO_RESPONSE,
M015,C0000118,2025-07-01,EXPOSED,2025-07-09,NO_RESPONSE,
M015,C0006461,2025-07-01,EXPOSED,2025-07-17,NO_RESPONSE,
M015,C0006608,2025-07-01,EXPOSED,2025-07-14,NO_RESPONSE,
M015,C0008744,2025-07-01,EXPOSED,2025-07-25,NO_RESPONSE,
M015,C0003241,2025-07-02,EXPOSED,2025-07-08,POSITIVE,2025-07-29
M015,C0015813,2025-07-02,EXPOSED,2025-07-04,NO_RESPONSE,
M015,C0019913,2025-07-02,EXPOSED,2025-08-07,NO_RESPONSE,
M015,C0003774,2025-07-03,EXPOSED,2025-08-10,NO_RESPONSE,
M015,C0016670,2025-07-03,EXPOSED,2025-08-04,NO_RESPONSE,
M015,C0002085,2025-07-04,EXPOSED,2025-07-22,NO_RESPONSE,
M015,C0010154,2025-07-04,EXPOSED,2025-08-10,NO_RESPONSE,
M015,C0005284,2025-07-05,NOT_EXPOSED,,,
M015,C0006464,2025-07-05,EXPOSED,2025-07-08,POSITIVE,2025-08-14
M015,C0006952,2025-07-05,NOT_EXPOSED,,,
M015,C0002240,2025-07-06,EXPOSED,2025-07-22,NO_RESPONSE,
M015,C0019266,2025-07-06,EXPOSED,2025-08-01,NO_RESPONSE,
M015,C0018648,2025-07-07,NOT_EXPOSED,,,
M015,C0002671,2025-07-08,EXPOSED,2025-07-17,POSITIVE,2025-08-20
M015,C0005663,2025-07-08,EXPOSED,2025-08-02,NEUTRAL,2025-08-04
M015,C0015037,2025-07-08,EXPOSED,2025-07-22,NO_RESPONSE,
M015,C0017815,2025-07-08,EXPOSED,2025-07-14,NO_RESPONSE,
M015,C0007196,2025-07-10,EXPOSED,2025-07-25,NO_RESPONSE,
M015,C0002268,2025-07-11,EXPOSED,2025-08-06,NO_RESPONSE,
M015,C0016254,2025-07-11,EXPOSED,2025-07-31,NO_RESPONSE,
M015,C0008639,2025-07-13,EXPOSED,2025-08-03,NO_RESPONSE,
M015,C0019200,2025-07-15,EXPOSED,2025-08-15,NO_RESPONSE,
M015,C0005420,2025-07-16,NOT_EXPOSED,,,
M015,C0014880,2025-07-16,NOT_EXPOSED,,,
M015,C0015761,2025-07-17,NOT_EXPOSED,,,
M015,C0011250,2025-07-18,EXPOSED,2025-07-20,NO_RESPONSE,
M015,C0005995,2025-07-19,EXPOSED,2025-07-27,NO_RESPONSE,
M015,C0001990,2025-07-20,EXPOSED,2025-07-24,NO_RESPONSE,
M015,C0005947,2025-07-21,EXPOSED,2025-08-16,NO_RESPONSE,
M015,C0002959,2025-07-22,EXPOSED,2025-08-06,NO_RESPONSE,
M015,C0009306,2025-07-22,EXPOSED,2025-08-01,NEUTRAL,2025-08-11
M015,C0018867,2025-07-22,EXPOSED,2025-08-02,POSITIVE,2025-08-04
M015,C0000331,2025-07-23,EXPOSED,2025-08-09,NO_RESPONSE,
M015,C0016222,2025-07-23,EXPOSED,2025-07-27,NEUTRAL,2025-08-14
M015,C0017881,2025-07-23,EXPOSED,2025-07-30,NO_RESPONSE,
M015,C0019534,2025-07-23,EXPOSED,2025-08-19,NO_RESPONSE,
M015,C0001009,2025-07-24,EXPOSED,2025-08-13,POSITIVE,2025-09-03
M015,C0011221,2025-07-24,EXPOSED,2025-07-25,NEUTRAL,2025-08-22
M015,C0011256,2025-07-24,EXPOSED,2025-08-12,NEUTRAL,2025-08-15
M015,C0016463,2025-07-24,NOT_EXPOSED,,,
M015,C0000039,2025-07-27,EXPOSED,2025-08-24,NO_RESPONSE,
M015,C0007701,2025-07-28,EXPOSED,2025-08-08,NO_RESPONSE,
M015,C0000898,2025-07-29,EXPOSED,2025-08-02,NO_RESPONSE,
M015,C0013612,2025-07-29,EXPOSED,2025-08-21,NO_RESPONSE,
M015,C0007420,2025-07-30,EXPOSED,2025-08-13,NEGATIVE,2025-08-17
M015,C0009605,2025-07-30,NOT_EXPOSED,,,
M015,C0012323,2025-07-31,NOT_EXPOSED,,,
M015,C0012970,2025-08-01,EXPOSED,2025-08-18,NO_RESPONSE,
M015,C0014977,2025-08-01,EXPOSED,2025-08-17,NO_RESPONSE,
M015,C0017477,2025-08-01,NOT_EXPOSED,,,
M015,C0006446,2025-08-04,EXPOSED,2025-08-14,NO_RESPONSE,
M015,C0011514,2025-08-05,NOT_EXPOSED,,,
M015,C0013508,2025-08-05,EXPOSED,2025-08-24,POSITIVE,2025-08-28
M015,C0016812,2025-08-05,EXPOSED,2025-08-09,NO_RESPONSE,
M015,C0005078,2025-08-06,EXPOSED,2025-08-12,NO_RESPONSE,
M015,C0019731,2025-08-08,EXPOSED,2025-08-17,NO_RESPONSE,
M015,C0017682,2025-08-09,EXPOSED,2025-08-28,NO_RESPONSE,
M015,C0016257,2025-08-10,EXPOSED,2025-08-14,POSITIVE,2025-08-30
M015,C0004907,2025-08-14,EXPOSED,2025-08-19,NO_RESPONSE,
M015,C0005157,2025-08-14,EXPOSED,2025-08-27,NO_RESPONSE,
M015,C0017828,2025-08-15,EXPOSED,2025-08-17,NO_RESPONSE,
M015,C0012266,2025-08-16,EXPOSED,2025-08-24,NO_RESPONSE,
M015,C0013914,2025-08-20,NOT_EXPOSED,,,
M015,C0000582,2025-08-21,EXPOSED,2025-08-22,NEGATIVE,2025-08-26
M015,C0000497,2025-08-28,EXPOSED,2025-08-29,NO_RESPONSE,
M016,C0001154,2025-09-01,EXPOSED,2025-09-22,NEUTRAL,2025-09-23
M016,C0002438,2025-09-01,EXPOSED,2025-10-05,NO_RESPONSE,
M016,C0004985,2025-09-01,EXPOSED,2025-11-06,NO_RESPONSE,
M016,C0006698,2025-09-01,EXPOSED,2025-10-25,NO_RESPONSE,
M016,C0014275,2025-09-01,EXPOSED,2025-09-16,NO_RESPONSE,
M016,C0001156,2025-09-02,EXPOSED,2025-10-15,NO_RESPONSE,
M016,C0001699,2025-09-02,EXPOSED,2025-10-01,NO_RESPONSE,
M016,C0002081,2025-09-02,EXPOSED,2025-10-13,NO_RESPONSE,
M016,C0002693,2025-09-02,EXPOSED,2025-10-03,NO_RESPONSE,
M016,C0002848,2025-09-02,EXPOSED,2025-10-13,NO_RESPONSE,
M016,C0002864,2025-09-02,EXPOSED,2025-09-12,NO_RESPONSE,
M016,C0003975,2025-09-02,EXPOSED,2025-10-19,NO_RESPONSE,
M016,C0006387,2025-09-02,EXPOSED,2025-10-28,NO_RESPONSE,
M016,C0007478,2025-09-02,EXPOSED,2025-12-06,NO_RESPONSE,
M016,C0007603,2025-09-02,EXPOSED,2025-10-02,NO_RESPONSE,
M016,C0008022,2025-09-02,EXPOSED,2025-10-11,POSITIVE,2025-10-14
M016,C0010403,2025-09-02,EXPOSED,2025-10-03,NO_RESPONSE,
M016,C0011114,2025-09-02,EXPOSED,2025-09-30,NO_RESPONSE,
M016,C0011324,2025-09-02,EXPOSED,2025-09-22,NO_RESPONSE,
M016,C0012452,2025-09-02,EXPOSED,2025-10-22,NO_RESPONSE,
M016,C0012494,2025-09-02,NOT_EXPOSED,,,
M016,C0016101,2025-09-02,EXPOSED,2025-10-15,NO_RESPONSE,
M016,C0016531,2025-09-02,EXPOSED,2025-09-09,NO_RESPONSE,
M016,C0018672,2025-09-02,EXPOSED,2025-11-19,NO_RESPONSE,
M016,C0018823,2025-09-02,EXPOSED,2025-10-13,NO_RESPONSE,
M016,C0000289,2025-09-03,EXPOSED,2025-10-30,NO_RESPONSE,
M016,C0000374,2025-09-03,EXPOSED,2025-11-27,NO_RESPONSE,
M016,C0000898,2025-09-03,EXPOSED,2025-09-27,NO_RESPONSE,
M016,C0001486,2025-09-03,EXPOSED,2025-09-13,NEUTRAL,2025-09-20
M016,C0001720,2025-09-03,EXPOSED,2025-10-05,NO_RESPONSE,
M016,C0003132,2025-09-03,EXPOSED,2025-10-02,NO_RESPONSE,
M016,C0003521,2025-09-03,EXPOSED,2025-11-20,NO_RESPONSE,
M016,C0004564,2025-09-03,EXPOSED,2025-10-24,NO_RESPONSE,
M016,C0005362,2025-09-03,EXPOSED,2025-09-21,NO_RESPONSE,
M016,C0005742,2025-09-03,EXPOSED,2025-09-23,NO_RESPONSE,
M016,C0007079,2025-09-03,EXPOSED,2025-10-09,NO_RESPONSE,
M016,C0008477,2025-09-03,EXPOSED,2025-10-23,NO_RESPONSE,
M016,C0008546,2025-09-03,EXPOSED,2025-09-10,NO_RESPONSE,
M016,C0011637,2025-09-03,EXPOSED,2025-10-24,NO_RESPONSE,
M016,C0012698,2025-09-03,EXPOSED,2025-10-03,NO_RESPONSE,
M016,C0013590,2025-09-03,EXPOSED,2025-10-22,NO_RESPONSE,
M016,C0014201,2025-09-03,EXPOSED,2025-09-16,NO_RESPONSE,
M016,C0015642,2025-09-03,EXPOSED,2025-09-27,NO_RESPONSE,
M016,C0015773,2025-09-03,EXPOSED,2025-11-23,NO_RESPONSE,
M016,C0015940,2025-09-03,EXPOSED,2025-10-09,NO_RESPONSE,
M016,C0018190,2025-09-03,EXPOSED,2025-10-29,NO_RESPONSE,
M016,C0018465,2025-09-03,EXPOSED,2025-10-04,NO_RESPONSE,
M016,C0019279,2025-09-03,EXPOSED,2025-09-16,NO_RESPONSE,
M016,C0019816,2025-09-03,EXPOSED,2025-10-15,NO_RESPONSE,
M016,C0000181,2025-09-04,EXPOSED,2025-12-11,NO_RESPONSE,
M016,C0000664,2025-09-04,EXPOSED,2025-11-24,NO_RESPONSE,
M016,C0000962,2025-09-04,EXPOSED,2025-11-19,NO_RESPONSE,
M016,C0001743,2025-09-04,EXPOSED,2025-10-25,NO_RESPONSE,
M016,C0003895,2025-09-04,EXPOSED,2025-10-13,NO_RESPONSE,
M016,C0004185,2025-09-04,EXPOSED,2025-09-25,NO_RESPONSE,
M016,C0004462,2025-09-04,EXPOSED,2025-10-08,NO_RESPONSE,
M016,C0004539,2025-09-04,EXPOSED,2025-11-23,NO_RESPONSE,
M016,C0007163,2025-09-04,EXPOSED,2025-10-22,NO_RESPONSE,
M016,C0008118,2025-09-04,EXPOSED,2025-10-05,NO_RESPONSE,
M016,C0008539,2025-09-04,EXPOSED,2025-09-25,NO_RESPONSE,
M016,C0009456,2025-09-04,NOT_EXPOSED,,,
M016,C0010048,2025-09-04,EXPOSED,2025-11-18,NO_RESPONSE,
M016,C0010171,2025-09-04,EXPOSED,2025-09-16,NO_RESPONSE,
M016,C0010414,2025-09-04,NOT_EXPOSED,,,
M016,C0011635,2025-09-04,EXPOSED,2025-10-13,NO_RESPONSE,
M016,C0012423,2025-09-04,EXPOSED,2025-11-09,NO_RESPONSE,
M016,C0014612,2025-09-04,EXPOSED,2025-11-06,NEUTRAL,2025-11-11
M016,C0016236,2025-09-04,EXPOSED,2025-10-01,NO_RESPONSE,
M016,C0018475,2025-09-04,EXPOSED,2025-10-20,NO_RESPONSE,
M016,C0000112,2025-09-05,EXPOSED,2025-10-22,POSITIVE,2025-10-26
M016,C0000177,2025-09-05,EXPOSED,2025-10-23,NO_RESPONSE,
M016,C0000762,2025-09-05,EXPOSED,2025-10-19,POSITIVE,2025-10-29
M016,C0001253,2025-09-05,EXPOSED,2025-11-02,NO_RESPONSE,
M016,C0002274,2025-09-05,NOT_EXPOSED,,,
M016,C0003284,2025-09-05,NOT_EXPOSED,,,
M016,C0008329,2025-09-05,EXPOSED,2025-11-22,NO_RESPONSE,
M016,C0010069,2025-09-05,EXPOSED,2025-09-18,NO_RESPONSE,
M016,C0010464,2025-09-05,EXPOSED,2025-09-17,NO_RESPONSE,
M016,C0011087,2025-09-05,EXPOSED,2025-09-13,NEUTRAL,2025-09-19
M016,C0011524,2025-09-05,EXPOSED,2025-10-24,POSITIVE,2025-11-02
M016,C0013451,2025-09-05,NOT_EXPOSED,,,
M016,C0013786,2025-09-05,EXPOSED,2025-09-28,NO_RESPONSE,
M016,C0014136,2025-09-05,EXPOSED,2025-09-06,NEUTRAL,2025-09-16
M016,C0014301,2025-09-05,EXPOSED,2025-09-20,NEUTRAL,2025-09-22
M016,C0014949,2025-09-05,NOT_EXPOSED,,,
M016,C0015830,2025-09-05,EXPOSED,2025-11-09,NO_RESPONSE,
M016,C0015919,2025-09-05,EXPOSED,2025-10-18,NO_RESPONSE,
M016,C0017517,2025-09-05,EXPOSED,2025-10-19,NO_RESPONSE,
M016,C0017540,2025-09-05,EXPOSED,2025-10-26,NO_RESPONSE,
M016,C0018633,2025-09-05,EXPOSED,2025-10-22,NO_RESPONSE,
M016,C0018843,2025-09-05,EXPOSED,2025-10-03,NO_RESPONSE,
M016,C0019436,2025-09-05,EXPOSED,2025-10-11,NO_RESPONSE,
M016,C0000817,2025-09-06,EXPOSED,2025-09-29,NO_RESPONSE,
M016,C0000847,2025-09-06,EXPOSED,2025-11-14,NO_RESPONSE,
M016,C0003490,2025-09-06,EXPOSED,2025-11-01,NO_RESPONSE,
M016,C0003591,2025-09-06,NOT_EXPOSED,,,
M016,C0004760,2025-09-06,EXPOSED,2025-10-03,NO_RESPONSE,
M016,C0005256,2025-09-06,NOT_EXPOSED,,,
M016,C0005383,2025-09-06,EXPOSED,2025-09-12,NO_RESPONSE,
M016,C0006461,2025-09-06,EXPOSED,2025-09-07,NO_RESPONSE,
M016,C0006672,2025-09-06,EXPOSED,2025-11-12,NO_RESPONSE,
M016,C0006694,2025-09-06,NOT_EXPOSED,,,
M016,C0007621,2025-09-06,EXPOSED,2025-11-10,NO_RESPONSE,
M016,C0007798,2025-09-06,EXPOSED,2025-11-12,NO_RESPONSE,
M016,C0008164,2025-09-06,EXPOSED,2025-10-02,NO_RESPONSE,
M016,C0010159,2025-09-06,NOT_EXPOSED,,,
M016,C0011830,2025-09-06,EXPOSED,2025-10-22,NO_RESPONSE,
M016,C0012266,2025-09-06,EXPOSED,2025-10-01,NO_RESPONSE,
M016,C0012436,2025-09-06,EXPOSED,2025-10-19,NO_RESPONSE,
M016,C0012843,2025-09-06,EXPOSED,2025-11-20,NEUTRAL,2025-11-26
M016,C0013138,2025-09-06,EXPOSED,2025-10-15,NO_RESPONSE,
M016,C0013990,2025-09-06,EXPOSED,2025-09-14,NO_RESPONSE,
M016,C0014081,2025-09-06,NOT_EXPOSED,,,
M016,C0015906,2025-09-06,NOT_EXPOSED,,,
M016,C0015916,2025-09-06,EXPOSED,2025-09-17,POSITIVE,2025-09-19
M016,C0016666,2025-09-06,EXPOSED,2025-10-10,NO_RESPONSE,
M016,C0016830,2025-09-06,EXPOSED,2025-11-21,NO_RESPONSE,
M016,C0017012,2025-09-06,EXPOSED,2025-09-14,NO_RESPONSE,
M016,C0017550,2025-09-06,EXPOSED,2025-10-19,NO_RESPONSE,
M016,C0018964,2025-09-06,EXPOSED,2025-10-07,NO_RESPONSE,
M016,C0000169,2025-09-07,NOT_EXPOSED,,,
M016,C0000364,2025-09-07,EXPOSED,2025-11-08,NO_RESPONSE,
M016,C0000490,2025-09-07,EXPOSED,2025-10-03,NO_RESPONSE,
M016,C0002686,2025-09-07,NOT_EXPOSED,,,
M016,C0003390,2025-09-07,EXPOSED,2025-09-08,POSITIVE,2025-09-22
M016,C0004188,2025-09-07,EXPOSED,2025-10-06,NO_RESPONSE,
M016,C0004268,2025-09-07,EXPOSED,2025-10-14,NO_RESPONSE,
M016,C0005947,2025-09-07,EXPOSED,2025-09-25,NO_RESPONSE,
M016,C0006656,2025-09-07,EXPOSED,2025-11-03,NO_RESPONSE,
M016,C0008807,2025-09-07,EXPOSED,2025-10-15,NO_RESPONSE,
M016,C0009157,2025-09-07,EXPOSED,2025-10-06,POSITIVE,2025-10-08
M016,C0009548,2025-09-07,EXPOSED,2025-10-20,NO_RESPONSE,
M016,C0009913,2025-09-07,EXPOSED,2025-10-26,NO_RESPONSE,
M016,C0011203,2025-09-07,EXPOSED,2025-09-29,NO_RESPONSE,
M016,C0011317,2025-09-07,EXPOSED,2025-11-04,NO_RESPONSE,
M016,C0012294,2025-09-07,EXPOSED,2025-11-20,NO_RESPONSE,
M016,C0012625,2025-09-07,EXPOSED,2025-10-14,NO_RESPONSE,
M016,C0017151,2025-09-07,EXPOSED,2025-09-25,NO_RESPONSE,
M016,C0017359,2025-09-07,EXPOSED,2025-11-02,NO_RESPONSE,
M016,C0017520,2025-09-07,EXPOSED,2025-09-24,POSITIVE,2025-10-01
M016,C0018174,2025-09-07,EXPOSED,2025-10-21,NO_RESPONSE,
M016,C0018429,2025-09-07,NOT_EXPOSED,,,
M016,C0018694,2025-09-07,EXPOSED,2025-11-15,NO_RESPONSE,
M016,C0019515,2025-09-07,EXPOSED,2025-09-29,NO_RESPONSE,
M016,C0019601,2025-09-07,EXPOSED,2025-10-09,NO_RESPONSE,
M016,C0000521,2025-09-08,EXPOSED,2025-10-24,NO_RESPONSE,
M016,C0001166,2025-09-08,NOT_EXPOSED,,,
M016,C0003827,2025-09-08,EXPOSED,2025-10-16,NO_RESPONSE,
M016,C0004615,2025-09-08,EXPOSED,2025-10-03,NO_RESPONSE,
M016,C0004893,2025-09-08,EXPOSED,2025-11-03,NO_RESPONSE,
M016,C0005215,2025-09-08,EXPOSED,2025-10-21,NO_RESPONSE,
M016,C0008555,2025-09-08,EXPOSED,2025-10-11,NO_RESPONSE,
M016,C0009211,2025-09-08,EXPOSED,2025-10-09,NO_RESPONSE,
M016,C0011074,2025-09-08,EXPOSED,2025-10-10,NO_RESPONSE,
M016,C0012604,2025-09-08,EXPOSED,2025-10-20,NO_RESPONSE,
M016,C0013023,2025-09-08,EXPOSED,2025-10-28,NO_RESPONSE,
M016,C0014204,2025-09-08,EXPOSED,2025-09-14,NO_RESPONSE,
M016,C0015227,2025-09-08,NOT_EXPOSED,,,
M016,C0015489,2025-09-08,EXPOSED,2025-11-29,NO_RESPONSE,
M016,C0016727,2025-09-08,EXPOSED,2025-10-09,NEGATIVE,2025-10-11
M016,C0016799,2025-09-08,EXPOSED,2025-09-29,NEGATIVE,2025-10-02
M016,C0017451,2025-09-08,EXPOSED,2025-11-14,NO_RESPONSE,
M016,C0000284,2025-09-09,EXPOSED,2025-11-12,NO_RESPONSE,
M016,C0001969,2025-09-09,EXPOSED,2025-10-06,NEUTRAL,2025-10-12
M016,C0003362,2025-09-09,NOT_EXPOSED,,,
M016,C0003966,2025-09-09,EXPOSED,2025-10-09,NO_RESPONSE,
M016,C0004360,2025-09-09,EXPOSED,2025-10-29,NEUTRAL,2025-11-05
M016,C0004450,2025-09-09,EXPOSED,2025-10-28,NEUTRAL,2025-11-02
M016,C0005411,2025-09-09,EXPOSED,2025-11-03,NO_RESPONSE,
M016,C0005467,2025-09-09,EXPOSED,2025-10-17,NO_RESPONSE,
M016,C0007318,2025-09-09,EXPOSED,2025-11-09,NEUTRAL,2025-11-14
M016,C0007701,2025-09-09,EXPOSED,2025-12-11,NO_RESPONSE,
M016,C0008945,2025-09-09,EXPOSED,2025-11-23,NO_RESPONSE,
M016,C0009093,2025-09-09,EXPOSED,2025-11-20,NO_RESPONSE,
M016,C0009925,2025-09-09,EXPOSED,2025-10-11,NO_RESPONSE,
M016,C0010473,2025-09-09,EXPOSED,2025-09-12,NO_RESPONSE,
M016,C0010962,2025-09-09,NOT_EXPOSED,,,
M016,C0012077,2025-09-09,EXPOSED,2025-11-07,NO_RESPONSE,
M016,C0012939,2025-09-09,EXPOSED,2025-09-23,NEUTRAL,2025-09-24
M016,C0014231,2025-09-09,EXPOSED,2025-09-16,NO_RESPONSE,
M016,C0014647,2025-09-09,EXPOSED,2025-09-16,NEUTRAL,2025-09-23
M016,C0014765,2025-09-09,EXPOSED,2025-09-23,NO_RESPONSE,
M016,C0014874,2025-09-09,EXPOSED,2025-10-02,NO_RESPONSE,
M016,C0014932,2025-09-09,EXPOSED,2025-10-04,NEUTRAL,2025-10-06
M016,C0016207,2025-09-09,NOT_EXPOSED,,,
M016,C0017181,2025-09-09,EXPOSED,2025-11-04,NO_RESPONSE,
M016,C0019641,2025-09-09,EXPOSED,2025-10-25,NO_RESPONSE,
M016,C0019851,2025-09-09,EXPOSED,2025-10-26,NO_RESPONSE,
M016,C0000048,2025-09-10,EXPOSED,2025-09-18,NO_RESPONSE,
M016,C0000365,2025-09-10,EXPOSED,2025-09-27,NO_RESPONSE,
M016,C0000928,2025-09-10,EXPOSED,2025-09-23,NO_RESPONSE,
M016,C0003526,2025-09-10,NOT_EXPOSED,,,
M016,C0004657,2025-09-10,NOT_EXPOSED,,,
M016,C0004955,2025-09-10,EXPOSED,2025-10-18,NO_RESPONSE,
M016,C0005262,2025-09-10,EXPOSED,2025-10-13,NO_RESPONSE,
M016,C0006437,2025-09-10,EXPOSED,2025-09-20,NO_RESPONSE,
M016,C0006757,2025-09-10,EXPOSED,2025-11-19,NO_RESPONSE,
M016,C0007363,2025-09-10,EXPOSED,2025-09-20,NO_RESPONSE,
M016,C0008538,2025-09-10,NOT_EXPOSED,,,
M016,C0008685,2025-09-10,EXPOSED,2025-11-28,NO_RESPONSE,
M016,C0009189,2025-09-10,EXPOSED,2025-10-02,NO_RESPONSE,
M016,C0009243,2025-09-10,EXPOSED,2025-10-08,NO_RESPONSE,
M016,C0009636,2025-09-10,EXPOSED,2025-10-15,NO_RESPONSE,
M016,C0009737,2025-09-10,NOT_EXPOSED,,,
M016,C0009753,2025-09-10,EXPOSED,2025-11-07,NO_RESPONSE,
M016,C0010201,2025-09-10,EXPOSED,2025-10-20,POSITIVE,2025-10-22
M016,C0011498,2025-09-10,EXPOSED,2025-09-24,NO_RESPONSE,
M016,C0011922,2025-09-10,EXPOSED,2025-11-24,NO_RESPONSE,
M016,C0013068,2025-09-10,EXPOSED,2025-09-13,NEGATIVE,2025-09-16
M016,C0013094,2025-09-10,EXPOSED,2025-09-19,NO_RESPONSE,
M016,C0013187,2025-09-10,EXPOSED,2025-10-27,NO_RESPONSE,
M016,C0014306,2025-09-10,EXPOSED,2025-11-04,POSITIVE,2025-11-09
M016,C0016270,2025-09-10,EXPOSED,2025-10-27,NO_RESPONSE,
M016,C0016542,2025-09-10,EXPOSED,2025-09-21,NO_RESPONSE,
M016,C0016783,2025-09-10,EXPOSED,2025-10-16,NO_RESPONSE,
M016,C0016790,2025-09-10,EXPOSED,2025-09-17,NO_RESPONSE,
M016,C0017408,2025-09-10,EXPOSED,2025-11-07,NO_RESPONSE,
M016,C0018596,2025-09-10,EXPOSED,2025-10-06,NO_RESPONSE,
M016,C0019056,2025-09-10,EXPOSED,2025-09-23,NO_RESPONSE,
M016,C0019190,2025-09-10,EXPOSED,2025-11-07,NO_RESPONSE,
M016,C0019449,2025-09-10,EXPOSED,2025-10-31,NO_RESPONSE,
M016,C0000640,2025-09-11,EXPOSED,2025-09-14,NEUTRAL,2025-09-14
M016,C0001164,2025-09-11,EXPOSED,2025-12-02,NO_RESPONSE,
M016,C0003109,2025-09-11,EXPOSED,2025-11-09,NO_RESPONSE,
M016,C0003491,2025-09-11,EXPOSED,2025-09-26,NO_RESPONSE,
M016,C0003513,2025-09-11,EXPOSED,2025-10-29,NO_RESPONSE,
M016,C0004495,2025-09-11,EXPOSED,2025-09-16,NO_RESPONSE,
M016,C0005011,2025-09-11,EXPOSED,2025-12-06,NO_RESPONSE,
M016,C0005768,2025-09-11,EXPOSED,2025-10-27,NO_RESPONSE,
M016,C0006161,2025-09-11,EXPOSED,2025-10-12,NO_RESPONSE,
M016,C0006169,2025-09-11,EXPOSED,2025-09-29,NO_RESPONSE,
M016,C0006903,2025-09-11,EXPOSED,2025-11-13,NO_RESPONSE,
M016,C0007140,2025-09-11,EXPOSED,2025-09-17,NO_RESPONSE,
M016,C0007576,2025-09-11,EXPOSED,2025-11-25,NO_RESPONSE,
M016,C0007598,2025-09-11,EXPOSED,2025-10-23,POSITIVE,2025-10-24
M016,C0008323,2025-09-11,EXPOSED,2025-10-08,NO_RESPONSE,
M016,C0008725,2025-09-11,EXPOSED,2025-11-03,POSITIVE,2025-11-06
M016,C0009085,2025-09-11,NOT_EXPOSED,,,
M016,C0009247,2025-09-11,EXPOSED,2025-11-03,NO_RESPONSE,
M016,C0010363,2025-09-11,NOT_EXPOSED,,,
M016,C0010406,2025-09-11,EXPOSED,2025-10-12,NO_RESPONSE,
M016,C0013370,2025-09-11,EXPOSED,2025-11-21,POSITIVE,2025-12-02
M016,C0014282,2025-09-11,EXPOSED,2025-09-25,NO_RESPONSE,
M016,C0015470,2025-09-11,EXPOSED,2025-10-24,POSITIVE,2025-10-26
M016,C0016272,2025-09-11,NOT_EXPOSED,,,
M016,C0016450,2025-09-11,EXPOSED,2025-09-27,NEGATIVE,2025-10-01
M016,C0017364,2025-09-11,EXPOSED,2025-09-19,NO_RESPONSE,
M016,C0018619,2025-09-11,EXPOSED,2025-09-23,NO_RESPONSE,
M016,C0001504,2025-09-12,EXPOSED,2025-10-17,NO_RESPONSE,
M016,C0001787,2025-09-12,EXPOSED,2025-11-20,NO_RESPONSE,
M016,C0002393,2025-09-12,EXPOSED,2025-11-11,NO_RESPONSE,
M016,C0004603,2025-09-12,NOT_EXPOSED,,,
M016,C0004614,2025-09-12,EXPOSED,2025-10-28,NO_RESPONSE,
M016,C0004729,2025-09-12,EXPOSED,2025-09-15,NO_RESPONSE,
M016,C0005193,2025-09-12,EXPOSED,2025-11-11,NO_RESPONSE,
M016,C0005392,2025-09-12,EXPOSED,2025-09-18,NO_RESPONSE,
M016,C0006439,2025-09-12,EXPOSED,2025-12-11,NO_RESPONSE,
M016,C0007198,2025-09-12,EXPOSED,2025-10-22,NO_RESPONSE,
M016,C0007537,2025-09-12,NOT_EXPOSED,,,
M016,C0007922,2025-09-12,EXPOSED,2025-11-20,NO_RESPONSE,
M016,C0007983,2025-09-12,EXPOSED,2025-09-13,NO_RESPONSE,
M016,C0008213,2025-09-12,NOT_EXPOSED,,,
M016,C0009373,2025-09-12,EXPOSED,2025-10-20,NO_RESPONSE,
M016,C0010774,2025-09-12,EXPOSED,2025-10-08,NO_RESPONSE,
M016,C0010907,2025-09-12,EXPOSED,2025-09-12,NO_RESPONSE,
M016,C0012620,2025-09-12,EXPOSED,2025-10-29,NO_RESPONSE,
M016,C0012832,2025-09-12,EXPOSED,2025-10-31,POSITIVE,2025-11-01
M016,C0014106,2025-09-12,EXPOSED,2025-09-20,NEGATIVE,2025-10-04
M016,C0014771,2025-09-12,EXPOSED,2025-09-17,NO_RESPONSE,
M016,C0015112,2025-09-12,EXPOSED,2025-10-18,NO_RESPONSE,
M016,C0015693,2025-09-12,EXPOSED,2025-10-14,NO_RESPONSE,
M016,C0015852,2025-09-12,EXPOSED,2025-12-01,POSITIVE,2025-12-04
M016,C0016816,2025-09-12,EXPOSED,2025-11-22,NO_RESPONSE,
M016,C0017956,2025-09-12,EXPOSED,2025-11-07,NO_RESPONSE,
M016,C0018035,2025-09-12,EXPOSED,2025-10-25,NO_RESPONSE,
M016,C0018319,2025-09-12,EXPOSED,2025-11-12,NO_RESPONSE,
M016,C0018702,2025-09-12,EXPOSED,2025-10-16,NEGATIVE,2025-10-17
M016,C0019230,2025-09-12,EXPOSED,2025-11-01,NO_RESPONSE,
M016,C0000106,2025-09-13,EXPOSED,2025-10-16,NO_RESPONSE,
M016,C0000513,2025-09-13,EXPOSED,2025-11-28,NO_RESPONSE,
M016,C0000883,2025-09-13,EXPOSED,2025-10-11,NO_RESPONSE,
M016,C0001094,2025-09-13,EXPOSED,2025-10-14,NO_RESPONSE,
M016,C0001194,2025-09-13,EXPOSED,2025-11-21,NO_RESPONSE,
M016,C0001363,2025-09-13,NOT_EXPOSED,,,
M016,C0002255,2025-09-13,EXPOSED,2025-10-18,NO_RESPONSE,
M016,C0002748,2025-09-13,EXPOSED,2025-10-10,NO_RESPONSE,
M016,C0003068,2025-09-13,EXPOSED,2025-11-16,NO_RESPONSE,
M016,C0005004,2025-09-13,EXPOSED,2025-10-05,NEGATIVE,2025-10-06
M016,C0005068,2025-09-13,EXPOSED,2025-10-16,NO_RESPONSE,
M016,C0005076,2025-09-13,NOT_EXPOSED,,,
M016,C0005840,2025-09-13,EXPOSED,2025-09-14,NO_RESPONSE,
M016,C0007179,2025-09-13,EXPOSED,2025-10-24,NO_RESPONSE,
M016,C0008436,2025-09-13,EXPOSED,2025-10-09,NEUTRAL,2025-10-11
M016,C0008483,2025-09-13,EXPOSED,2025-10-15,NO_RESPONSE,
M016,C0009288,2025-09-13,EXPOSED,2025-10-29,NO_RESPONSE,
M016,C0009449,2025-09-13,EXPOSED,2025-10-04,NO_RESPONSE,
M016,C0009672,2025-09-13,EXPOSED,2025-10-08,NO_RESPONSE,
M016,C0010252,2025-09-13,EXPOSED,2025-10-02,NO_RESPONSE,
M016,C0012126,2025-09-13,EXPOSED,2025-10-05,NO_RESPONSE,
M016,C0012300,2025-09-13,EXPOSED,2025-09-15,NO_RESPONSE,
M016,C0012362,2025-09-13,EXPOSED,2025-09-26,NO_RESPONSE,
M016,C0013153,2025-09-13,EXPOSED,2025-11-10,NO_RESPONSE,
M016,C0013443,2025-09-13,EXPOSED,2025-09-23,POSITIVE,2025-09-25
M016,C0014267,2025-09-13,EXPOSED,2025-09-24,NO_RESPONSE,
M016,C0014457,2025-09-13,EXPOSED,2025-10-28,NO_RESPONSE,
M016,C0016057,2025-09-13,EXPOSED,2025-10-22,NO_RESPONSE,
M016,C0016277,2025-09-13,NOT_EXPOSED,,,
M016,C0016418,2025-09-13,EXPOSED,2025-09-23,NO_RESPONSE,
M016,C0016587,2025-09-13,EXPOSED,2025-11-02,NO_RESPONSE,
M016,C0016803,2025-09-13,EXPOSED,2025-10-13,NO_RESPONSE,
M016,C0016821,2025-09-13,EXPOSED,2025-10-29,NO_RESPONSE,
M016,C0016854,2025-09-13,NOT_EXPOSED,,,
M016,C0017071,2025-09-13,EXPOSED,2025-10-28,NO_RESPONSE,
M016,C0018139,2025-09-13,NOT_EXPOSED,,,
M016,C0018286,2025-09-13,EXPOSED,2025-11-08,NO_RESPONSE,
M016,C0018537,2025-09-13,EXPOSED,2025-11-17,NO_RESPONSE,
M016,C0018582,2025-09-13,EXPOSED,2025-10-04,NO_RESPONSE,
M016,C0018781,2025-09-13,EXPOSED,2025-09-28,NEUTRAL,2025-10-11
M016,C0019144,2025-09-13,EXPOSED,2025-09-29,NO_RESPONSE,
M016,C0019181,2025-09-13,EXPOSED,2025-09-20,NO_RESPONSE,
M016,C0019207,2025-09-13,EXPOSED,2025-10-28,NO_RESPONSE,
M016,C0000007,2025-09-14,EXPOSED,2025-11-03,NO_RESPONSE,
M016,C0003309,2025-09-14,EXPOSED,2025-10-15,POSITIVE,2025-10-22
M016,C0003466,2025-09-14,NOT_EXPOSED,,,
M016,C0003572,2025-09-14,EXPOSED,2025-09-27,NO_RESPONSE,
M016,C0004063,2025-09-14,EXPOSED,2025-10-14,NO_RESPONSE,
M016,C0005038,2025-09-14,EXPOSED,2025-09-23,NO_RESPONSE,
M016,C0005633,2025-09-14,EXPOSED,2025-09-24,NO_RESPONSE,
M016,C0005843,2025-09-14,EXPOSED,2025-10-23,NO_RESPONSE,
M016,C0005882,2025-09-14,NOT_EXPOSED,,,
M016,C0007394,2025-09-14,EXPOSED,2025-09-22,NO_RESPONSE,
M016,C0007433,2025-09-14,EXPOSED,2025-11-01,NO_RESPONSE,
M016,C0007925,2025-09-14,EXPOSED,2025-11-29,NO_RESPONSE,
M016,C0008059,2025-09-14,EXPOSED,2025-09-26,NO_RESPONSE,
M016,C0008585,2025-09-14,EXPOSED,2025-09-25,NEGATIVE,2025-09-27
M016,C0009515,2025-09-14,EXPOSED,2025-09-26,NO_RESPONSE,
M016,C0010489,2025-09-14,EXPOSED,2025-12-04,NO_RESPONSE,
M016,C0010599,2025-09-14,EXPOSED,2025-11-06,NO_RESPONSE,
M016,C0011274,2025-09-14,EXPOSED,2025-10-12,NO_RESPONSE,
M016,C0011975,2025-09-14,EXPOSED,2025-11-16,NO_RESPONSE,
M016,C0012152,2025-09-14,EXPOSED,2025-10-19,NO_RESPONSE,
M016,C0013130,2025-09-14,EXPOSED,2025-10-08,NO_RESPONSE,
M016,C0013320,2025-09-14,EXPOSED,2025-10-17,NO_RESPONSE,
M016,C0013491,2025-09-14,NOT_EXPOSED,,,
M016,C0014068,2025-09-14,EXPOSED,2025-09-24,NO_RESPONSE,
M016,C0017756,2025-09-14,EXPOSED,2025-11-14,NO_RESPONSE,
M016,C0017816,2025-09-14,EXPOSED,2025-09-28,NO_RESPONSE,
M016,C0001247,2025-09-15,EXPOSED,2025-10-04,NO_RESPONSE,
M016,C0001808,2025-09-15,EXPOSED,2025-10-07,POSITIVE,2025-10-08
M016,C0002287,2025-09-15,EXPOSED,2025-10-07,NO_RESPONSE,
M016,C0002659,2025-09-15,EXPOSED,2025-11-20,NO_RESPONSE,
M016,C0003470,2025-09-15,EXPOSED,2025-09-24,NO_RESPONSE,
M016,C0003788,2025-09-15,EXPOSED,2025-10-25,NO_RESPONSE,
M016,C0004907,2025-09-15,EXPOSED,2025-10-03,NO_RESPONSE,
M016,C0006148,2025-09-15,EXPOSED,2025-09-30,NO_RESPONSE,
M016,C0006298,2025-09-15,EXPOSED,2025-10-29,NO_RESPONSE,
M016,C0006812,2025-09-15,EXPOSED,2025-11-02,NO_RESPONSE,
M016,C0006844,2025-09-15,EXPOSED,2025-11-27,NO_RESPONSE,
M016,C0006849,2025-09-15,EXPOSED,2025-10-07,NO_RESPONSE,
M016,C0007375,2025-09-15,EXPOSED,2025-10-23,NO_RESPONSE,
M016,C0007382,2025-09-15,EXPOSED,2025-11-15,NO_RESPONSE,
M016,C0007782,2025-09-15,EXPOSED,2025-10-27,NO_RESPONSE,
M016,C0008936,2025-09-15,EXPOSED,2025-10-08,NO_RESPONSE,
M016,C0008952,2025-09-15,EXPOSED,2025-10-26,NO_RESPONSE,
M016,C0009486,2025-09-15,EXPOSED,2025-10-27,NO_RESPONSE,
M016,C0012388,2025-09-15,EXPOSED,2025-10-21,NO_RESPONSE,
M016,C0014345,2025-09-15,EXPOSED,2025-10-11,NO_RESPONSE,
M016,C0014464,2025-09-15,EXPOSED,2025-09-29,NO_RESPONSE,
M016,C0015456,2025-09-15,EXPOSED,2025-09-17,NEUTRAL,2025-09-21
M016,C0016413,2025-09-15,EXPOSED,2025-11-14,NO_RESPONSE,
M016,C0017632,2025-09-15,EXPOSED,2025-09-25,NO_RESPONSE,
M016,C0018043,2025-09-15,EXPOSED,2025-11-25,NO_RESPONSE,
M016,C0018070,2025-09-15,EXPOSED,2025-11-09,NO_RESPONSE,
M016,C0018422,2025-09-15,EXPOSED,2025-10-04,NO_RESPONSE,
M016,C0019003,2025-09-15,EXPOSED,2025-11-25,NO_RESPONSE,
M016,C0019193,2025-09-15,EXPOSED,2025-10-30,NO_RESPONSE,
M016,C0019891,2025-09-15,EXPOSED,2025-09-28,NO_RESPONSE,
M016,C0019925,2025-09-15,EXPOSED,2025-10-26,POSITIVE,2025-11-04
M016,C0000234,2025-09-16,EXPOSED,2025-10-14,NO_RESPONSE,
M016,C0000995,2025-09-16,EXPOSED,2025-11-29,NO_RESPONSE,
M016,C0001765,2025-09-16,EXPOSED,2025-10-03,NO_RESPONSE,
M016,C0001780,2025-09-16,EXPOSED,2025-09-25,NO_RESPONSE,
M016,C0002360,2025-09-16,EXPOSED,2025-11-14,NO_RESPONSE,
M016,C0002427,2025-09-16,EXPOSED,2025-09-23,POSITIVE,2025-09-29
M016,C0002794,2025-09-16,EXPOSED,2025-11-12,NO_RESPONSE,
M016,C0003088,2025-09-16,EXPOSED,2025-10-10,NO_RESPONSE,
M016,C0003537,2025-09-16,EXPOSED,2025-09-29,NO_RESPONSE,
M016,C0003547,2025-09-16,EXPOSED,2025-10-20,NO_RESPONSE,
M016,C0003883,2025-09-16,EXPOSED,2025-10-05,NO_RESPONSE,
M016,C0004563,2025-09-16,EXPOSED,2025-10-29,NO_RESPONSE,
M016,C0004655,2025-09-16,EXPOSED,2025-10-09,NEUTRAL,2025-10-13
M016,C0004980,2025-09-16,EXPOSED,2025-11-16,NO_RESPONSE,
M016,C0006522,2025-09-16,EXPOSED,2025-10-08,NO_RESPONSE,
M016,C0006750,2025-09-16,EXPOSED,2025-11-06,NO_RESPONSE,
M016,C0006961,2025-09-16,EXPOSED,2025-11-15,NO_RESPONSE,
M016,C0007443,2025-09-16,EXPOSED,2025-10-06,NO_RESPONSE,
M016,C0007829,2025-09-16,EXPOSED,2025-10-06,NO_RESPONSE,
M016,C0008434,2025-09-16,EXPOSED,2025-09-26,NO_RESPONSE,
M016,C0008767,2025-09-16,EXPOSED,2025-09-18,NO_RESPONSE,
M016,C0009230,2025-09-16,EXPOSED,2025-10-16,NO_RESPONSE,
M016,C0010265,2025-09-16,EXPOSED,2025-10-03,NO_RESPONSE,
M016,C0011603,2025-09-16,EXPOSED,2025-09-28,NO_RESPONSE,
M016,C0012027,2025-09-16,EXPOSED,2025-10-17,NO_RESPONSE,
M016,C0013838,2025-09-16,EXPOSED,2025-10-05,NO_RESPONSE,
M016,C0013970,2025-09-16,EXPOSED,2025-10-01,NO_RESPONSE,
M016,C0014069,2025-09-16,EXPOSED,2025-12-05,NO_RESPONSE,
M016,C0014126,2025-09-16,EXPOSED,2025-09-25,NO_RESPONSE,
M016,C0015596,2025-09-16,EXPOSED,2025-11-29,NO_RESPONSE,
M016,C0015839,2025-09-16,EXPOSED,2025-10-13,NO_RESPONSE,
M016,C0016269,2025-09-16,EXPOSED,2025-11-06,NEUTRAL,2025-11-16
M016,C0017231,2025-09-16,EXPOSED,2025-10-26,NO_RESPONSE,
M016,C0018780,2025-09-16,EXPOSED,2025-09-26,NO_RESPONSE,
M016,C0018960,2025-09-16,NOT_EXPOSED,,,
M016,C0019053,2025-09-16,EXPOSED,2025-10-18,NO_RESPONSE,
M016,C0019731,2025-09-16,EXPOSED,2025-10-29,NO_RESPONSE,
M016,C0019795,2025-09-16,EXPOSED,2025-10-09,NO_RESPONSE,
M016,C0000598,2025-09-17,EXPOSED,2025-10-31,NO_RESPONSE,
M016,C0002673,2025-09-17,EXPOSED,2025-10-29,NO_RESPONSE,
M016,C0004127,2025-09-17,EXPOSED,2025-10-11,POSITIVE,2025-10-28
M016,C0005081,2025-09-17,EXPOSED,2025-09-22,NO_RESPONSE,
M016,C0005821,2025-09-17,EXPOSED,2025-10-15,NO_RESPONSE,
M016,C0006068,2025-09-17,NOT_EXPOSED,,,
M016,C0006373,2025-09-17,EXPOSED,2025-11-12,NO_RESPONSE,
M016,C0007962,2025-09-17,EXPOSED,2025-10-20,NO_RESPONSE,
M016,C0008385,2025-09-17,EXPOSED,2025-09-27,NO_RESPONSE,
M016,C0008668,2025-09-17,EXPOSED,2025-10-17,NO_RESPONSE,
M016,C0010628,2025-09-17,EXPOSED,2025-10-28,NO_RESPONSE,
M016,C0011214,2025-09-17,EXPOSED,2025-10-17,NO_RESPONSE,
M016,C0011243,2025-09-17,EXPOSED,2025-10-26,NO_RESPONSE,
M016,C0012210,2025-09-17,EXPOSED,2025-09-21,NO_RESPONSE,
M016,C0012717,2025-09-17,EXPOSED,2025-11-11,NO_RESPONSE,
M016,C0012883,2025-09-17,EXPOSED,2025-09-21,NO_RESPONSE,
M016,C0013195,2025-09-17,EXPOSED,2025-10-28,NO_RESPONSE,
M016,C0014285,2025-09-17,EXPOSED,2025-11-02,NO_RESPONSE,
M016,C0014387,2025-09-17,EXPOSED,2025-09-24,NO_RESPONSE,
M016,C0014649,2025-09-17,EXPOSED,2025-09-23,NO_RESPONSE,
M016,C0014894,2025-09-17,EXPOSED,2025-10-03,NO_RESPONSE,
M016,C0015504,2025-09-17,EXPOSED,2025-10-07,NO_RESPONSE,
M016,C0016414,2025-09-17,EXPOSED,2025-10-07,NO_RESPONSE,
M016,C0016470,2025-09-17,EXPOSED,2025-10-27,NO_RESPONSE,
M016,C0016777,2025-09-17,EXPOSED,2025-10-02,NEGATIVE,2025-10-05
M016,C0016864,2025-09-17,EXPOSED,2025-11-16,NO_RESPONSE,
M016,C0017004,2025-09-17,EXPOSED,2025-11-15,NO_RESPONSE,
M016,C0017154,2025-09-17,EXPOSED,2025-10-06,NO_RESPONSE,
M016,C0017620,2025-09-17,EXPOSED,2025-10-01,NO_RESPONSE,
M016,C0017954,2025-09-17,EXPOSED,2025-10-06,NO_RESPONSE,
M016,C0017979,2025-09-17,EXPOSED,2025-11-13,NO_RESPONSE,
M016,C0018171,2025-09-17,EXPOSED,2025-10-21,NO_RESPONSE,
M016,C0018411,2025-09-17,EXPOSED,2025-09-22,NO_RESPONSE,
M016,C0018526,2025-09-17,NOT_EXPOSED,,,
M016,C0018934,2025-09-17,EXPOSED,2025-11-05,NO_RESPONSE,
M016,C0019240,2025-09-17,EXPOSED,2025-10-17,NO_RESPONSE,
M016,C0019854,2025-09-17,NOT_EXPOSED,,,
M016,C0019873,2025-09-17,EXPOSED,2025-11-12,NO_RESPONSE,
M016,C0000966,2025-09-18,EXPOSED,2025-10-08,NO_RESPONSE,
M016,C0001544,2025-09-18,EXPOSED,2025-11-07,NO_RESPONSE,
M016,C0002501,2025-09-18,EXPOSED,2025-10-24,NO_RESPONSE,
M016,C0006512,2025-09-18,EXPOSED,2025-10-25,NO_RESPONSE,
M016,C0006980,2025-09-18,EXPOSED,2025-09-23,POSITIVE,2025-09-27
M016,C0007276,2025-09-18,EXPOSED,2025-11-01,NO_RESPONSE,
M016,C0008049,2025-09-18,EXPOSED,2025-10-12,NO_RESPONSE,
M016,C0009364,2025-09-18,EXPOSED,2025-10-15,NO_RESPONSE,
M016,C0010280,2025-09-18,EXPOSED,2025-09-20,NEUTRAL,2025-09-27
M016,C0010287,2025-09-18,EXPOSED,2025-10-03,NO_RESPONSE,
M016,C0010503,2025-09-18,EXPOSED,2025-10-10,NO_RESPONSE,
M016,C0011345,2025-09-18,EXPOSED,2025-10-13,NO_RESPONSE,
M016,C0012260,2025-09-18,EXPOSED,2025-10-22,NO_RESPONSE,
M016,C0012415,2025-09-18,EXPOSED,2025-10-04,NO_RESPONSE,
M016,C0012450,2025-09-18,NOT_EXPOSED,,,
M016,C0012466,2025-09-18,EXPOSED,2025-10-21,POSITIVE,2025-10-31
M016,C0013113,2025-09-18,EXPOSED,2025-11-12,NO_RESPONSE,
M016,C0013832,2025-09-18,EXPOSED,2025-10-09,NO_RESPONSE,
M016,C0014248,2025-09-18,EXPOSED,2025-09-24,NO_RESPONSE,
M016,C0015689,2025-09-18,NOT_EXPOSED,,,
M016,C0017170,2025-09-18,EXPOSED,2025-10-04,NO_RESPONSE,
M016,C0018400,2025-09-18,EXPOSED,2025-10-28,NO_RESPONSE,
M016,C0018603,2025-09-18,EXPOSED,2025-11-22,NO_RESPONSE,
M016,C0018796,2025-09-18,EXPOSED,2025-11-19,NO_RESPONSE,
M016,C0019687,2025-09-18,EXPOSED,2025-10-08,NO_RESPONSE,
M016,C0019729,2025-09-18,NOT_EXPOSED,,,
M016,C0000217,2025-09-19,EXPOSED,2025-09-29,NO_RESPONSE,
M016,C0001258,2025-09-19,EXPOSED,2025-10-19,NO_RESPONSE,
M016,C0001567,2025-09-19,EXPOSED,2025-11-20,NO_RESPONSE,
M016,C0002236,2025-09-19,EXPOSED,2025-10-16,NO_RESPONSE,
M016,C0002302,2025-09-19,EXPOSED,2025-11-24,NO_RESPONSE,
M016,C0002442,2025-09-19,EXPOSED,2025-10-14,NO_RESPONSE,
M016,C0003323,2025-09-19,EXPOSED,2025-09-26,NO_RESPONSE,
M016,C0003361,2025-09-19,EXPOSED,2025-11-11,NO_RESPONSE,
M016,C0003370,2025-09-19,EXPOSED,2025-10-30,NO_RESPONSE,
M016,C0003571,2025-09-19,EXPOSED,2025-11-11,POSITIVE,2025-11-16
M016,C0004310,2025-09-19,EXPOSED,2025-11-12,NO_RESPONSE,
M016,C0004471,2025-09-19,EXPOSED,2025-09-20,POSITIVE,2025-10-01
M016,C0005842,2025-09-19,EXPOSED,2025-11-19,NEUTRAL,2025-11-22
M016,C0006117,2025-09-19,EXPOSED,2025-11-02,NEUTRAL,2025-11-07
M016,C0007454,2025-09-19,EXPOSED,2025-09-29,NO_RESPONSE,
M016,C0008021,2025-09-19,EXPOSED,2025-11-02,NEGATIVE,2025-11-07
M016,C0008161,2025-09-19,EXPOSED,2025-11-13,NO_RESPONSE,
M016,C0008273,2025-09-19,NOT_EXPOSED,,,
M016,C0009289,2025-09-19,NOT_EXPOSED,,,
M016,C0009316,2025-09-19,EXPOSED,2025-10-23,NO_RESPONSE,
M016,C0009663,2025-09-19,EXPOSED,2025-10-19,NO_RESPONSE,
M016,C0010714,2025-09-19,EXPOSED,2025-11-18,NO_RESPONSE,
M016,C0011070,2025-09-19,EXPOSED,2025-11-30,NO_RESPONSE,
M016,C0012165,2025-09-19,EXPOSED,2025-11-15,NO_RESPONSE,
M016,C0013318,2025-09-19,EXPOSED,2025-11-10,NO_RESPONSE,
M016,C0014424,2025-09-19,EXPOSED,2025-11-08,NO_RESPONSE,
M016,C0014853,2025-09-19,EXPOSED,2025-10-05,NO_RESPONSE,
M016,C0015647,2025-09-19,EXPOSED,2025-11-09,NO_RESPONSE,
M016,C0016256,2025-09-19,EXPOSED,2025-09-30,NO_RESPONSE,
M016,C0016288,2025-09-19,EXPOSED,2025-10-18,POSITIVE,2025-10-29
M016,C0016408,2025-09-19,EXPOSED,2025-11-23,NO_RESPONSE,
M016,C0016714,2025-09-19,EXPOSED,2025-11-06,NO_RESPONSE,
M016,C0017473,2025-09-19,EXPOSED,2025-09-28,NO_RESPONSE,
M016,C0017797,2025-09-19,EXPOSED,2025-10-04,NO_RESPONSE,
M016,C0017989,2025-09-19,EXPOSED,2025-10-27,NO_RESPONSE,
M016,C0018145,2025-09-19,EXPOSED,2025-10-02,NO_RESPONSE,
M016,C0018353,2025-09-19,EXPOSED,2025-10-01,NO_RESPONSE,
M016,C0019087,2025-09-19,EXPOSED,2025-11-18,NO_RESPONSE,
M016,C0019392,2025-09-19,EXPOSED,2025-09-27,NO_RESPONSE,
M016,C0019644,2025-09-19,EXPOSED,2025-11-16,NO_RESPONSE,
M016,C0019899,2025-09-19,EXPOSED,2025-09-30,NO_RESPONSE,
M016,C0001274,2025-09-20,EXPOSED,2025-10-22,NO_RESPONSE,
M016,C0001464,2025-09-20,EXPOSED,2025-10-08,NO_RESPONSE,
M016,C0002990,2025-09-20,EXPOSED,2025-11-04,NO_RESPONSE,
M016,C0003137,2025-09-20,EXPOSED,2025-10-21,NO_RESPONSE,
M016,C0004334,2025-09-20,EXPOSED,2025-10-27,NO_RESPONSE,
M016,C0004481,2025-09-20,EXPOSED,2025-10-22,NO_RESPONSE,
M016,C0004816,2025-09-20,EXPOSED,2025-11-15,NO_RESPONSE,
M016,C0005030,2025-09-20,EXPOSED,2025-10-26,NO_RESPONSE,
M016,C0005287,2025-09-20,EXPOSED,2025-10-03,NO_RESPONSE,
M016,C0006469,2025-09-20,EXPOSED,2025-10-22,NO_RESPONSE,
M016,C0007367,2025-09-20,NOT_EXPOSED,,,
M016,C0007578,2025-09-20,EXPOSED,2025-09-25,NO_RESPONSE,
M016,C0007802,2025-09-20,EXPOSED,2025-10-18,NO_RESPONSE,
M016,C0008141,2025-09-20,EXPOSED,2025-10-23,NO_RESPONSE,
M016,C0010426,2025-09-20,EXPOSED,2025-11-13,NEUTRAL,2025-11-17
M016,C0010643,2025-09-20,EXPOSED,2025-10-05,POSITIVE,2025-10-06
M016,C0010986,2025-09-20,EXPOSED,2025-09-28,NEGATIVE,2025-10-03
M016,C0011743,2025-09-20,EXPOSED,2025-11-22,NO_RESPONSE,
M016,C0012547,2025-09-20,EXPOSED,2025-09-28,NO_RESPONSE,
M016,C0013358,2025-09-20,EXPOSED,2025-10-20,NO_RESPONSE,
M016,C0014774,2025-09-20,EXPOSED,2025-11-24,NO_RESPONSE,
M016,C0014946,2025-09-20,EXPOSED,2025-10-19,NO_RESPONSE,
M016,C0015426,2025-09-20,EXPOSED,2025-09-20,NO_RESPONSE,
M016,C0015441,2025-09-20,EXPOSED,2025-09-28,NO_RESPONSE,
M016,C0015540,2025-09-20,EXPOSED,2025-12-08,NO_RESPONSE,
M016,C0016058,2025-09-20,EXPOSED,2025-11-12,NO_RESPONSE,
M016,C0016287,2025-09-20,EXPOSED,2025-09-27,NO_RESPONSE,
M016,C0016301,2025-09-20,EXPOSED,2025-10-22,NO_RESPONSE,
M016,C0017014,2025-09-20,NOT_EXPOSED,,,
M016,C0017562,2025-09-20,EXPOSED,2025-09-29,NO_RESPONSE,
M016,C0018223,2025-09-20,EXPOSED,2025-10-28,NO_RESPONSE,
M016,C0000684,2025-09-21,EXPOSED,2025-12-05,NO_RESPONSE,
M016,C0001662,2025-09-21,EXPOSED,2025-10-05,NO_RESPONSE,
M016,C0002221,2025-09-21,EXPOSED,2025-09-23,NO_RESPONSE,
M016,C0003096,2025-09-21,EXPOSED,2025-11-16,NO_RESPONSE,
M016,C0004059,2025-09-21,EXPOSED,2025-10-03,NO_RESPONSE,
M016,C0005226,2025-09-21,EXPOSED,2025-11-16,NO_RESPONSE,
M016,C0005364,2025-09-21,EXPOSED,2025-11-23,NO_RESPONSE,
M016,C0005797,2025-09-21,EXPOSED,2025-10-06,NO_RESPONSE,
M016,C0006784,2025-09-21,EXPOSED,2025-10-13,NO_RESPONSE,
M016,C0007143,2025-09-21,EXPOSED,2025-09-25,NO_RESPONSE,
M016,C0007655,2025-09-21,EXPOSED,2025-09-27,NO_RESPONSE,
M016,C0008048,2025-09-21,EXPOSED,2025-10-14,NO_RESPONSE,
M016,C0008098,2025-09-21,EXPOSED,2025-11-20,NO_RESPONSE,
M016,C0009597,2025-09-21,EXPOSED,2025-11-10,NO_RESPONSE,
M016,C0010084,2025-09-21,EXPOSED,2025-10-14,NO_RESPONSE,
M016,C0011459,2025-09-21,EXPOSED,2025-10-12,NO_RESPONSE,
M016,C0012895,2025-09-21,EXPOSED,2025-10-01,NO_RESPONSE,
M016,C0013336,2025-09-21,EXPOSED,2025-10-24,POSITIVE,2025-10-30
M016,C0013924,2025-09-21,EXPOSED,2025-10-24,NO_RESPONSE,
M016,C0014258,2025-09-21,EXPOSED,2025-09-28,NO_RESPONSE,
M016,C0015085,2025-09-21,NOT_EXPOSED,,,
M016,C0015203,2025-09-21,EXPOSED,2025-10-30,NO_RESPONSE,
M016,C0016658,2025-09-21,EXPOSED,2025-11-25,NO_RESPONSE,
M016,C0016882,2025-09-21,EXPOSED,2025-11-06,NO_RESPONSE,
M016,C0017244,2025-09-21,EXPOSED,2025-12-06,NO_RESPONSE,
M016,C0018329,2025-09-21,EXPOSED,2025-10-25,NO_RESPONSE,
M016,C0018330,2025-09-21,NOT_EXPOSED,,,
M016,C0019073,2025-09-21,EXPOSED,2025-10-22,NO_RESPONSE,
M016,C0019184,2025-09-21,EXPOSED,2025-10-17,NO_RESPONSE,
M016,C0019552,2025-09-21,EXPOSED,2025-09-29,NO_RESPONSE,
M016,C0000319,2025-09-22,EXPOSED,2025-10-08,NEGATIVE,2025-10-17
M016,C0001014,2025-09-22,EXPOSED,2025-10-13,NO_RESPONSE,
M016,C0001820,2025-09-22,EXPOSED,2025-11-25,NO_RESPONSE,
M016,C0002083,2025-09-22,EXPOSED,2025-09-22,NO_RESPONSE,
M016,C0002462,2025-09-22,EXPOSED,2025-09-26,NO_RESPONSE,
M016,C0003633,2025-09-22,EXPOSED,2025-10-08,NO_RESPONSE,
M016,C0005126,2025-09-22,EXPOSED,2025-10-04,NO_RESPONSE,
M016,C0005473,2025-09-22,EXPOSED,2025-11-21,NO_RESPONSE,
M016,C0005486,2025-09-22,EXPOSED,2025-11-09,NO_RESPONSE,
M016,C0006208,2025-09-22,EXPOSED,2025-10-20,POSITIVE,2025-10-31
M016,C0006484,2025-09-22,EXPOSED,2025-11-12,NO_RESPONSE,
M016,C0007305,2025-09-22,EXPOSED,2025-11-02,NEUTRAL,2025-11-12
M016,C0007716,2025-09-22,EXPOSED,2025-10-24,POSITIVE,2025-10-30
M016,C0007947,2025-09-22,EXPOSED,2025-11-03,NO_RESPONSE,
M016,C0007995,2025-09-22,NOT_EXPOSED,,,
M016,C0008288,2025-09-22,EXPOSED,2025-11-03,NO_RESPONSE,
M016,C0008430,2025-09-22,EXPOSED,2025-11-13,NO_RESPONSE,
M016,C0008648,2025-09-22,EXPOSED,2025-10-16,NO_RESPONSE,
M016,C0009014,2025-09-22,EXPOSED,2025-11-10,NO_RESPONSE,
M016,C0009092,2025-09-22,NOT_EXPOSED,,,
M016,C0009099,2025-09-22,EXPOSED,2025-11-27,NO_RESPONSE,
M016,C0009402,2025-09-22,EXPOSED,2025-09-26,NO_RESPONSE,
M016,C0009534,2025-09-22,EXPOSED,2025-11-10,NEUTRAL,2025-11-19
M016,C0010325,2025-09-22,EXPOSED,2025-11-25,NO_RESPONSE,
M016,C0010989,2025-09-22,EXPOSED,2025-10-15,NO_RESPONSE,
M016,C0011512,2025-09-22,EXPOSED,2025-09-26,NO_RESPONSE,
M016,C0011737,2025-09-22,EXPOSED,2025-11-07,NEUTRAL,2025-11-12
M016,C0012078,2025-09-22,NOT_EXPOSED,,,
M016,C0012738,2025-09-22,NOT_EXPOSED,,,
M016,C0012778,2025-09-22,NOT_EXPOSED,,,
M016,C0012958,2025-09-22,EXPOSED,2025-11-21,NO_RESPONSE,
M016,C0013205,2025-09-22,EXPOSED,2025-10-06,NO_RESPONSE,
M016,C0014151,2025-09-22,EXPOSED,2025-11-02,NO_RESPONSE,
M016,C0015157,2025-09-22,EXPOSED,2025-11-05,NO_RESPONSE,
M016,C0015421,2025-09-22,EXPOSED,2025-10-08,NO_RESPONSE,
M016,C0016391,2025-09-22,EXPOSED,2025-10-31,NO_RESPONSE,
M016,C0016501,2025-09-22,EXPOSED,2025-11-15,NO_RESPONSE,
M016,C0017254,2025-09-22,EXPOSED,2025-10-28,NO_RESPONSE,
M016,C0017798,2025-09-22,EXPOSED,2025-10-02,NO_RESPONSE,
M016,C0017993,2025-09-22,NOT_EXPOSED,,,
M016,C0019884,2025-09-22,EXPOSED,2025-10-13,NO_RESPONSE,
M016,C0000411,2025-09-23,EXPOSED,2025-09-26,NEUTRAL,2025-10-18
M016,C0000624,2025-09-23,EXPOSED,2025-09-27,NO_RESPONSE,
M016,C0001092,2025-09-23,EXPOSED,2025-10-26,NO_RESPONSE,
M016,C0001435,2025-09-23,EXPOSED,2025-10-15,NO_RESPONSE,
M016,C0001680,2025-09-23,EXPOSED,2025-11-17,NO_RESPONSE,
M016,C0003237,2025-09-23,EXPOSED,2025-11-23,POSITIVE,2025-11-27
M016,C0003548,2025-09-23,EXPOSED,2025-11-06,POSITIVE,2025-11-17
M016,C0003743,2025-09-23,EXPOSED,2025-11-08,NEUTRAL,2025-11-12
M016,C0004111,2025-09-23,EXPOSED,2025-10-16,NO_RESPONSE,
M016,C0004153,2025-09-23,EXPOSED,2025-10-06,NO_RESPONSE,
M016,C0004395,2025-09-23,EXPOSED,2025-11-03,NO_RESPONSE,
M016,C0004660,2025-09-23,EXPOSED,2025-10-22,NO_RESPONSE,
M016,C0004841,2025-09-23,EXPOSED,2025-12-02,NEGATIVE,2025-12-06
M016,C0004981,2025-09-23,EXPOSED,2025-11-09,NO_RESPONSE,
M016,C0005573,2025-09-23,NOT_EXPOSED,,,
M016,C0005680,2025-09-23,EXPOSED,2025-11-22,NO_RESPONSE,
M016,C0005875,2025-09-23,EXPOSED,2025-11-05,NO_RESPONSE,
M016,C0006945,2025-09-23,EXPOSED,2025-10-19,NO_RESPONSE,
M016,C0007091,2025-09-23,EXPOSED,2025-10-21,NO_RESPONSE,
M016,C0007417,2025-09-23,EXPOSED,2025-10-23,NO_RESPONSE,
M016,C0007615,2025-09-23,NOT_EXPOSED,,,
M016,C0008008,2025-09-23,EXPOSED,2025-10-05,NO_RESPONSE,
M016,C0008350,2025-09-23,EXPOSED,2025-11-16,NO_RESPONSE,
M016,C0009121,2025-09-23,EXPOSED,2025-10-19,NO_RESPONSE,
M016,C0009297,2025-09-23,EXPOSED,2025-10-22,NO_RESPONSE,
M016,C0009386,2025-09-23,EXPOSED,2025-10-21,NO_RESPONSE,
M016,C0009550,2025-09-23,EXPOSED,2025-11-13,NO_RESPONSE,
M016,C0010206,2025-09-23,EXPOSED,2025-10-24,NO_RESPONSE,
M016,C0010274,2025-09-23,EXPOSED,2025-10-24,NO_RESPONSE,
M016,C0010437,2025-09-23,EXPOSED,2025-10-13,NO_RESPONSE,
M016,C0010969,2025-09-23,EXPOSED,2025-10-07,NO_RESPONSE,
M016,C0011325,2025-09-23,EXPOSED,2025-11-02,NO_RESPONSE,
M016,C0011433,2025-09-23,EXPOSED,2025-12-07,NO_RESPONSE,
M016,C0012087,2025-09-23,EXPOSED,2025-11-11,NO_RESPONSE,
M016,C0012097,2025-09-23,EXPOSED,2025-10-30,NEUTRAL,2025-11-01
M016,C0013222,2025-09-23,EXPOSED,2025-11-07,NO_RESPONSE,
M016,C0013976,2025-09-23,EXPOSED,2025-10-11,NO_RESPONSE,
M016,C0014629,2025-09-23,EXPOSED,2025-11-09,NO_RESPONSE,
M016,C0016921,2025-09-23,EXPOSED,2025-10-23,NO_RESPONSE,
M016,C0017051,2025-09-23,NOT_EXPOSED,,,
M016,C0017337,2025-09-23,EXPOSED,2025-11-15,NO_RESPONSE,
M016,C0017406,2025-09-23,EXPOSED,2025-10-10,NO_RESPONSE,
M016,C0017462,2025-09-23,EXPOSED,2025-10-28,NO_RESPONSE,
M016,C0017599,2025-09-23,EXPOSED,2025-11-21,NO_RESPONSE,
M016,C0017922,2025-09-23,NOT_EXPOSED,,,
M016,C0018528,2025-09-23,EXPOSED,2025-10-25,NO_RESPONSE,
M016,C0000290,2025-09-24,NOT_EXPOSED,,,
M016,C0001111,2025-09-24,EXPOSED,2025-09-25,NO_RESPONSE,
M016,C0001433,2025-09-24,EXPOSED,2025-11-26,NO_RESPONSE,
M016,C0001581,2025-09-24,EXPOSED,2025-09-25,NO_RESPONSE,
M016,C0002019,2025-09-24,EXPOSED,2025-10-11,NO_RESPONSE,
M016,C0002156,2025-09-24,EXPOSED,2025-11-07,POSITIVE,2025-11-08
M016,C0002588,2025-09-24,EXPOSED,2025-09-30,NO_RESPONSE,
M016,C0005097,2025-09-24,EXPOSED,2025-10-12,NO_RESPONSE,
M016,C0005562,2025-09-24,NOT_EXPOSED,,,
M016,C0006043,2025-09-24,EXPOSED,2025-11-13,NO_RESPONSE,
M016,C0006927,2025-09-24,NOT_EXPOSED,,,
M016,C0007247,2025-09-24,EXPOSED,2025-10-27,NO_RESPONSE,
M016,C0007412,2025-09-24,EXPOSED,2025-10-25,NO_RESPONSE,
M016,C0008286,2025-09-24,EXPOSED,2025-11-02,NO_RESPONSE,
M016,C0008330,2025-09-24,NOT_EXPOSED,,,
M016,C0008841,2025-09-24,EXPOSED,2025-09-30,NO_RESPONSE,
M016,C0008937,2025-09-24,EXPOSED,2025-10-20,NO_RESPONSE,
M016,C0009020,2025-09-24,NOT_EXPOSED,,,
M016,C0009680,2025-09-24,EXPOSED,2025-10-07,NO_RESPONSE,
M016,C0009695,2025-09-24,EXPOSED,2025-10-29,NO_RESPONSE,
M016,C0010629,2025-09-24,EXPOSED,2025-10-30,NO_RESPONSE,
M016,C0010984,2025-09-24,NOT_EXPOSED,,,
M016,C0013824,2025-09-24,NOT_EXPOSED,,,
M016,C0014044,2025-09-24,EXPOSED,2025-10-01,NO_RESPONSE,
M016,C0014090,2025-09-24,EXPOSED,2025-10-13,NEUTRAL,2025-10-17
M016,C0014130,2025-09-24,EXPOSED,2025-09-30,NO_RESPONSE,
M016,C0014234,2025-09-24,EXPOSED,2025-09-30,NO_RESPONSE,
M016,C0015649,2025-09-24,EXPOSED,2025-10-30,NO_RESPONSE,
M016,C0016075,2025-09-24,EXPOSED,2025-11-01,NO_RESPONSE,
M016,C0016746,2025-09-24,EXPOSED,2025-10-06,NO_RESPONSE,
M016,C0017860,2025-09-24,EXPOSED,2025-10-15,NO_RESPONSE,
M016,C0019391,2025-09-24,EXPOSED,2025-10-13,NO_RESPONSE,
M016,C0019502,2025-09-24,EXPOSED,2025-10-22,NO_RESPONSE,
M016,C0000314,2025-09-25,EXPOSED,2025-10-21,NO_RESPONSE,
M016,C0000322,2025-09-25,EXPOSED,2025-10-07,NO_RESPONSE,
M016,C0000457,2025-09-25,EXPOSED,2025-10-29,NO_RESPONSE,
M016,C0000469,2025-09-25,EXPOSED,2025-10-15,NO_RESPONSE,
M016,C0003527,2025-09-25,EXPOSED,2025-10-27,NO_RESPONSE,
M016,C0003758,2025-09-25,EXPOSED,2025-10-07,NO_RESPONSE,
M016,C0005445,2025-09-25,EXPOSED,2025-11-25,NO_RESPONSE,
M016,C0005708,2025-09-25,EXPOSED,2025-11-27,NO_RESPONSE,
M016,C0006642,2025-09-25,EXPOSED,2025-10-26,NO_RESPONSE,
M016,C0007066,2025-09-25,EXPOSED,2025-09-30,NO_RESPONSE,
M016,C0008249,2025-09-25,NOT_EXPOSED,,,
M016,C0008502,2025-09-25,EXPOSED,2025-10-21,NO_RESPONSE,
M016,C0009438,2025-09-25,EXPOSED,2025-10-16,NO_RESPONSE,
M016,C0009501,2025-09-25,EXPOSED,2025-10-17,NO_RESPONSE,
M016,C0010604,2025-09-25,EXPOSED,2025-12-06,NO_RESPONSE,
M016,C0011308,2025-09-25,EXPOSED,2025-11-19,NO_RESPONSE,
M016,C0012486,2025-09-25,EXPOSED,2025-10-13,NO_RESPONSE,
M016,C0012701,2025-09-25,EXPOSED,2025-10-19,NO_RESPONSE,
M016,C0012866,2025-09-25,EXPOSED,2025-09-25,NO_RESPONSE,
M016,C0014930,2025-09-25,EXPOSED,2025-10-27,NO_RESPONSE,
M016,C0014993,2025-09-25,EXPOSED,2025-10-19,NO_RESPONSE,
M016,C0015078,2025-09-25,EXPOSED,2025-10-28,NO_RESPONSE,
M016,C0015260,2025-09-25,EXPOSED,2025-10-31,NO_RESPONSE,
M016,C0015512,2025-09-25,EXPOSED,2025-10-30,NO_RESPONSE,
M016,C0016210,2025-09-25,EXPOSED,2025-10-09,NO_RESPONSE,
M016,C0016793,2025-09-25,EXPOSED,2025-09-27,NO_RESPONSE,
M016,C0016862,2025-09-25,EXPOSED,2025-10-15,NO_RESPONSE,
M016,C0017418,2025-09-25,EXPOSED,2025-10-28,NO_RESPONSE,
M016,C0018522,2025-09-25,EXPOSED,2025-11-22,NO_RESPONSE,
M016,C0018793,2025-09-25,EXPOSED,2025-11-06,NEUTRAL,2025-11-06
M016,C0019155,2025-09-25,EXPOSED,2025-10-08,NO_RESPONSE,
M016,C0019200,2025-09-25,EXPOSED,2025-10-21,NO_RESPONSE,
M016,C0000292,2025-09-26,EXPOSED,2025-10-14,POSITIVE,2025-10-16
M016,C0000743,2025-09-26,EXPOSED,2025-10-23,NO_RESPONSE,
M016,C0001970,2025-09-26,EXPOSED,2025-10-09,NO_RESPONSE,
M016,C0002209,2025-09-26,EXPOSED,2025-10-10,NO_RESPONSE,
M016,C0002346,2025-09-26,EXPOSED,2025-12-03,POSITIVE,2025-12-10
M016,C0003015,2025-09-26,EXPOSED,2025-10-30,NO_RESPONSE,
M016,C0003971,2025-09-26,EXPOSED,2025-10-31,NO_RESPONSE,
M016,C0004466,2025-09-26,EXPOSED,2025-10-18,NO_RESPONSE,
M016,C0004668,2025-09-26,EXPOSED,2025-10-20,NO_RESPONSE,
M016,C0004889,2025-09-26,EXPOSED,2025-10-08,NO_RESPONSE,
M016,C0005796,2025-09-26,EXPOSED,2025-11-12,NEUTRAL,2025-11-16
M016,C0005964,2025-09-26,EXPOSED,2025-11-14,NO_RESPONSE,
M016,C0006399,2025-09-26,EXPOSED,2025-12-06,NO_RESPONSE,
M016,C0006519,2025-09-26,EXPOSED,2025-12-06,NO_RESPONSE,
M016,C0007481,2025-09-26,EXPOSED,2025-11-01,NO_RESPONSE,
M016,C0007941,2025-09-26,EXPOSED,2025-11-17,NO_RESPONSE,
M016,C0008223,2025-09-26,EXPOSED,2025-10-04,NEGATIVE,2025-10-06
M016,C0008294,2025-09-26,EXPOSED,2025-10-13,NO_RESPONSE,
M016,C0009647,2025-09-26,EXPOSED,2025-10-03,NO_RESPONSE,
M016,C0010484,2025-09-26,EXPOSED,2025-10-05,NO_RESPONSE,
M016,C0010709,2025-09-26,EXPOSED,2025-10-18,NO_RESPONSE,
M016,C0010908,2025-09-26,EXPOSED,2025-10-30,NO_RESPONSE,
M016,C0010935,2025-09-26,EXPOSED,2025-09-28,NEUTRAL,2025-10-08
M016,C0011079,2025-09-26,EXPOSED,2025-10-22,NO_RESPONSE,
M016,C0011225,2025-09-26,EXPOSED,2025-11-13,NO_RESPONSE,
M016,C0011234,2025-09-26,EXPOSED,2025-10-04,NO_RESPONSE,
M016,C0011435,2025-09-26,NOT_EXPOSED,,,
M016,C0011834,2025-09-26,EXPOSED,2025-10-14,NO_RESPONSE,
M016,C0012142,2025-09-26,NOT_EXPOSED,,,
M016,C0013007,2025-09-26,EXPOSED,2025-10-06,NO_RESPONSE,
M016,C0013020,2025-09-26,EXPOSED,2025-12-13,NO_RESPONSE,
M016,C0013372,2025-09-26,EXPOSED,2025-11-19,NO_RESPONSE,
M016,C0015255,2025-09-26,EXPOSED,2025-11-27,NO_RESPONSE,
M016,C0015820,2025-09-26,NOT_EXPOSED,,,
M016,C0016343,2025-09-26,EXPOSED,2025-10-17,NO_RESPONSE,
M016,C0016561,2025-09-26,EXPOSED,2025-10-28,NO_RESPONSE,
M016,C0017041,2025-09-26,EXPOSED,2025-10-08,NO_RESPONSE,
M016,C0017668,2025-09-26,EXPOSED,2025-10-23,POSITIVE,2025-10-26
M016,C0017876,2025-09-26,EXPOSED,2025-11-17,NO_RESPONSE,
M016,C0018947,2025-09-26,EXPOSED,2025-11-12,NO_RESPONSE,
M016,C0019201,2025-09-26,EXPOSED,2025-11-06,NO_RESPONSE,
M016,C0000721,2025-09-27,EXPOSED,2025-10-12,POSITIVE,2025-11-06
M016,C0001009,2025-09-27,EXPOSED,2025-11-14,NO_RESPONSE,
M016,C0001465,2025-09-27,EXPOSED,2025-10-15,NEGATIVE,2025-10-29
M016,C0001513,2025-09-27,EXPOSED,2025-10-28,NO_RESPONSE,
M016,C0002210,2025-09-27,EXPOSED,2025-11-12,NO_RESPONSE,
M016,C0002665,2025-09-27,EXPOSED,2025-12-07,NO_RESPONSE,
M016,C0003476,2025-09-27,EXPOSED,2025-09-28,NO_RESPONSE,
M016,C0003965,2025-09-27,EXPOSED,2025-11-09,NO_RESPONSE,
M016,C0004274,2025-09-27,EXPOSED,2025-11-08,NO_RESPONSE,
M016,C0004625,2025-09-27,EXPOSED,2025-11-08,NO_RESPONSE,
M016,C0004957,2025-09-27,EXPOSED,2025-11-01,NO_RESPONSE,
M016,C0005458,2025-09-27,EXPOSED,2025-10-04,NO_RESPONSE,
M016,C0005594,2025-09-27,EXPOSED,2025-11-18,NO_RESPONSE,
M016,C0005710,2025-09-27,NOT_EXPOSED,,,
M016,C0005893,2025-09-27,EXPOSED,2025-11-02,NO_RESPONSE,
M016,C0006549,2025-09-27,EXPOSED,2025-10-29,NO_RESPONSE,
M016,C0006853,2025-09-27,EXPOSED,2025-10-03,NO_RESPONSE,
M016,C0007875,2025-09-27,EXPOSED,2025-11-20,NO_RESPONSE,
M016,C0008623,2025-09-27,EXPOSED,2025-12-06,NO_RESPONSE,
M016,C0008768,2025-09-27,EXPOSED,2025-11-20,NO_RESPONSE,
M016,C0008890,2025-09-27,NOT_EXPOSED,,,
M016,C0009396,2025-09-27,EXPOSED,2025-10-27,NO_RESPONSE,
M016,C0010439,2025-09-27,EXPOSED,2025-10-11,NO_RESPONSE,
M016,C0010866,2025-09-27,EXPOSED,2025-10-31,NO_RESPONSE,
M016,C0010918,2025-09-27,EXPOSED,2025-11-04,NEUTRAL,2025-11-10
M016,C0010990,2025-09-27,EXPOSED,2025-11-09,NO_RESPONSE,
M016,C0011099,2025-09-27,EXPOSED,2025-10-17,NO_RESPONSE,
M016,C0011270,2025-09-27,EXPOSED,2025-10-02,NO_RESPONSE,
M016,C0011288,2025-09-27,EXPOSED,2025-11-23,NO_RESPONSE,
M016,C0011440,2025-09-27,NOT_EXPOSED,,,
M016,C0011517,2025-09-27,EXPOSED,2025-11-09,NO_RESPONSE,
M016,C0012305,2025-09-27,EXPOSED,2025-10-29,NO_RESPONSE,
M016,C0012365,2025-09-27,EXPOSED,2025-09-29,NO_RESPONSE,
M016,C0012812,2025-09-27,EXPOSED,2025-10-05,NO_RESPONSE,
M016,C0012827,2025-09-27,EXPOSED,2025-10-09,NO_RESPONSE,
M016,C0012854,2025-09-27,EXPOSED,2025-11-19,NO_RESPONSE,
M016,C0012926,2025-09-27,EXPOSED,2025-10-28,NO_RESPONSE,
M016,C0013225,2025-09-27,EXPOSED,2025-10-28,NO_RESPONSE,
M016,C0013501,2025-09-27,NOT_EXPOSED,,,
M016,C0013819,2025-09-27,NOT_EXPOSED,,,
M016,C0014395,2025-09-27,EXPOSED,2025-10-17,NO_RESPONSE,
M016,C0014467,2025-09-27,EXPOSED,2025-10-30,POSITIVE,2025-11-24
M016,C0015037,2025-09-27,EXPOSED,2025-10-06,NO_RESPONSE,
M016,C0015927,2025-09-27,EXPOSED,2025-12-04,NO_RESPONSE,
M016,C0016046,2025-09-27,EXPOSED,2025-10-08,NO_RESPONSE,
M016,C0016629,2025-09-27,EXPOSED,2025-10-21,POSITIVE,2025-10-30
M016,C0017248,2025-09-27,EXPOSED,2025-10-23,NO_RESPONSE,
M016,C0017386,2025-09-27,EXPOSED,2025-11-04,NO_RESPONSE,
M016,C0017541,2025-09-27,EXPOSED,2025-11-21,NO_RESPONSE,
M016,C0017543,2025-09-27,EXPOSED,2025-10-12,NO_RESPONSE,
M016,C0017621,2025-09-27,EXPOSED,2025-10-01,POSITIVE,2025-10-07
M016,C0018559,2025-09-27,EXPOSED,2025-10-27,NO_RESPONSE,
M016,C0018886,2025-09-27,EXPOSED,2025-11-25,NO_RESPONSE,
M016,C0002671,2025-09-28,EXPOSED,2025-10-06,POSITIVE,2025-10-07
M016,C0002684,2025-09-28,EXPOSED,2025-11-26,NO_RESPONSE,
M016,C0002883,2025-09-28,EXPOSED,2025-10-22,NO_RESPONSE,
M016,C0003047,2025-09-28,EXPOSED,2025-10-19,NO_RESPONSE,
M016,C0004291,2025-09-28,EXPOSED,2025-10-02,POSITIVE,2025-10-10
M016,C0005395,2025-09-28,EXPOSED,2025-12-09,NO_RESPONSE,
M016,C0005658,2025-09-28,EXPOSED,2025-10-20,NO_RESPONSE,
M016,C0006288,2025-09-28,NOT_EXPOSED,,,
M016,C0007093,2025-09-28,EXPOSED,2025-10-29,POSITIVE,2025-10-30
M016,C0007223,2025-09-28,EXPOSED,2025-11-29,NO_RESPONSE,
M016,C0007237,2025-09-28,EXPOSED,2025-11-30,NO_RESPONSE,
M016,C0007396,2025-09-28,EXPOSED,2025-10-16,NO_RESPONSE,
M016,C0008415,2025-09-28,NOT_EXPOSED,,,
M016,C0010515,2025-09-28,EXPOSED,2025-10-17,NO_RESPONSE,
M016,C0011171,2025-09-28,EXPOSED,2025-10-29,NO_RESPONSE,
M016,C0011597,2025-09-28,EXPOSED,2025-11-16,NO_RESPONSE,
M016,C0011709,2025-09-28,EXPOSED,2025-11-17,NO_RESPONSE,
M016,C0011960,2025-09-28,EXPOSED,2025-11-19,NO_RESPONSE,
M016,C0013519,2025-09-28,EXPOSED,2025-10-07,NO_RESPONSE,
M016,C0014355,2025-09-28,EXPOSED,2025-11-02,NO_RESPONSE,
M016,C0014482,2025-09-28,EXPOSED,2025-11-08,NO_RESPONSE,
M016,C0014577,2025-09-28,NOT_EXPOSED,,,
M016,C0014686,2025-09-28,EXPOSED,2025-12-01,NO_RESPONSE,
M016,C0015554,2025-09-28,EXPOSED,2025-10-14,NO_RESPONSE,
M016,C0015975,2025-09-28,NOT_EXPOSED,,,
M016,C0016524,2025-09-28,EXPOSED,2025-11-18,NO_RESPONSE,
M016,C0017044,2025-09-28,EXPOSED,2025-10-17,NO_RESPONSE,
M016,C0018900,2025-09-28,EXPOSED,2025-10-02,NO_RESPONSE,
M016,C0019032,2025-09-28,EXPOSED,2025-10-03,NO_RESPONSE,
M016,C0019536,2025-09-28,EXPOSED,2025-10-06,NO_RESPONSE,
M016,C0019562,2025-09-28,EXPOSED,2025-10-14,NO_RESPONSE,
M016,C0019753,2025-09-28,EXPOSED,2025-10-08,NO_RESPONSE,
M016,C0000773,2025-09-29,EXPOSED,2025-10-06,NO_RESPONSE,
M016,C0002250,2025-09-29,EXPOSED,2025-10-18,NEUTRAL,2025-10-21
M016,C0002461,2025-09-29,EXPOSED,2025-11-05,NO_RESPONSE,
M016,C0002918,2025-09-29,NOT_EXPOSED,,,
M016,C0002993,2025-09-29,EXPOSED,2025-10-16,NO_RESPONSE,
M016,C0003376,2025-09-29,EXPOSED,2025-10-10,NO_RESPONSE,
M016,C0003495,2025-09-29,EXPOSED,2025-10-23,NO_RESPONSE,
M016,C0003670,2025-09-29,EXPOSED,2025-11-04,NO_RESPONSE,
M016,C0004367,2025-09-29,NOT_EXPOSED,,,
M016,C0004419,2025-09-29,NOT_EXPOSED,,,
M016,C0004516,2025-09-29,EXPOSED,2025-10-26,NO_RESPONSE,
M016,C0006491,2025-09-29,EXPOSED,2025-10-24,NO_RESPONSE,
M016,C0007258,2025-09-29,EXPOSED,2025-10-03,NO_RESPONSE,
M016,C0008148,2025-09-29,EXPOSED,2025-12-08,NO_RESPONSE,
M016,C0009429,2025-09-29,EXPOSED,2025-10-17,NO_RESPONSE,
M016,C0009939,2025-09-29,EXPOSED,2025-09-30,POSITIVE,2025-10-12
M016,C0012554,2025-09-29,EXPOSED,2025-11-25,NEGATIVE,2025-12-04
M016,C0012628,2025-09-29,NOT_EXPOSED,,,
M016,C0012911,2025-09-29,EXPOSED,2025-10-18,NO_RESPONSE,
M016,C0013115,2025-09-29,EXPOSED,2025-10-06,NO_RESPONSE,
M016,C0013118,2025-09-29,EXPOSED,2025-10-05,NO_RESPONSE,
M016,C0013554,2025-09-29,EXPOSED,2025-11-18,NO_RESPONSE,
M016,C0013912,2025-09-29,EXPOSED,2025-11-26,NO_RESPONSE,
M016,C0014017,2025-09-29,EXPOSED,2025-11-03,NO_RESPONSE,
M016,C0014884,2025-09-29,EXPOSED,2025-11-27,NO_RESPONSE,
M016,C0017081,2025-09-29,EXPOSED,2025-11-26,NO_RESPONSE,
M016,C0018194,2025-09-29,NOT_EXPOSED,,,
M016,C0018508,2025-09-29,EXPOSED,2025-10-30,NO_RESPONSE,
M016,C0018759,2025-09-29,EXPOSED,2025-11-19,NO_RESPONSE,
M016,C0018976,2025-09-29,EXPOSED,2025-10-19,NO_RESPONSE,
M016,C0019716,2025-09-29,NOT_EXPOSED,,,
M016,C0019921,2025-09-29,EXPOSED,2025-10-16,NO_RESPONSE,
M016,C0000382,2025-09-30,EXPOSED,2025-10-10,NO_RESPONSE,
M016,C0001341,2025-09-30,EXPOSED,2025-10-15,NEUTRAL,2025-10-20
M016,C0002575,2025-09-30,EXPOSED,2025-11-21,NO_RESPONSE,
M016,C0002722,2025-09-30,EXPOSED,2025-11-24,NEGATIVE,2025-11-26
M016,C0002995,2025-09-30,EXPOSED,2025-12-05,NO_RESPONSE,
M016,C0003580,2025-09-30,EXPOSED,2025-10-18,NO_RESPONSE,
M016,C0003637,2025-09-30,EXPOSED,2025-10-24,NO_RESPONSE,
M016,C0003949,2025-09-30,EXPOSED,2025-10-27,NO_RESPONSE,
M016,C0004565,2025-09-30,EXPOSED,2025-11-12,POSITIVE,2025-11-14
M016,C0004854,2025-09-30,EXPOSED,2025-11-16,NO_RESPONSE,
M016,C0005021,2025-09-30,EXPOSED,2025-11-14,NO_RESPONSE,
M016,C0005128,2025-09-30,EXPOSED,2025-10-10,NO_RESPONSE,
M016,C0005288,2025-09-30,EXPOSED,2025-10-12,NO_RESPONSE,
M016,C0005686,2025-09-30,EXPOSED,2025-11-28,NO_RESPONSE,
M016,C0006268,2025-09-30,EXPOSED,2025-10-15,NO_RESPONSE,
M016,C0006590,2025-09-30,NOT_EXPOSED,,,
M016,C0007626,2025-09-30,EXPOSED,2025-10-24,NO_RESPONSE,
M016,C0008222,2025-09-30,EXPOSED,2025-10-25,NEGATIVE,2025-10-30
M016,C0008678,2025-09-30,EXPOSED,2025-10-17,NO_RESPONSE,
M016,C0009323,2025-09-30,NOT_EXPOSED,,,
M016,C0010372,2025-09-30,EXPOSED,2025-10-27,NO_RESPONSE,
M016,C0010506,2025-09-30,EXPOSED,2025-10-07,NO_RESPONSE,
M016,C0012873,2025-09-30,EXPOSED,2025-11-18,NO_RESPONSE,
M016,C0013894,2025-09-30,EXPOSED,2025-11-02,NO_RESPONSE,
M016,C0013917,2025-09-30,EXPOSED,2025-10-28,NO_RESPONSE,
M016,C0014118,2025-09-30,EXPOSED,2025-10-22,NO_RESPONSE,
M016,C0014435,2025-09-30,NOT_EXPOSED,,,
M016,C0014908,2025-09-30,EXPOSED,2025-11-04,NO_RESPONSE,
M016,C0014999,2025-09-30,EXPOSED,2025-10-12,NO_RESPONSE,
M016,C0015620,2025-09-30,EXPOSED,2025-10-19,NO_RESPONSE,
M016,C0015831,2025-09-30,EXPOSED,2025-10-19,NO_RESPONSE,
M016,C0016466,2025-09-30,EXPOSED,2025-10-09,NO_RESPONSE,
M016,C0016710,2025-09-30,EXPOSED,2025-10-19,NO_RESPONSE,
M016,C0018697,2025-09-30,EXPOSED,2025-10-26,NO_RESPONSE,
M016,C0019609,2025-09-30,EXPOSED,2025-11-21,NO_RESPONSE,
M016,C0019659,2025-09-30,EXPOSED,2025-10-18,POSITIVE,2025-10-22
M016,C0019818,2025-09-30,EXPOSED,2025-10-07,NO_RESPONSE,
M016,C0019828,2025-09-30,EXPOSED,2025-09-30,NEGATIVE,2025-10-01
M016,C0000010,2025-10-01,EXPOSED,2025-10-24,NO_RESPONSE,
M016,C0000423,2025-10-01,EXPOSED,2025-11-08,NO_RESPONSE,
M016,C0000837,2025-10-01,EXPOSED,2025-11-02,NO_RESPONSE,
M016,C0001392,2025-10-01,EXPOSED,2025-10-19,NEUTRAL,2025-11-01
M016,C0001872,2025-10-01,NOT_EXPOSED,,,
M016,C0002060,2025-10-01,EXPOSED,2025-10-11,NO_RESPONSE,
M016,C0003131,2025-10-01,EXPOSED,2025-11-01,POSITIVE,2025-11-05
M016,C0003180,2025-10-01,EXPOSED,2025-10-17,NO_RESPONSE,
M016,C0003259,2025-10-01,EXPOSED,2025-11-09,NEUTRAL,2025-11-15
M016,C0003358,2025-10-01,NOT_EXPOSED,,,
M016,C0003680,2025-10-01,EXPOSED,2025-11-14,NO_RESPONSE,
M016,C0003939,2025-10-01,EXPOSED,2025-11-21,NO_RESPONSE,
M016,C0004700,2025-10-01,EXPOSED,2025-11-11,NEUTRAL,2025-11-12
M016,C0004798,2025-10-01,NOT_EXPOSED,,,
M016,C0006044,2025-10-01,EXPOSED,2025-11-03,NO_RESPONSE,
M016,C0007001,2025-10-01,EXPOSED,2025-11-09,NEUTRAL,2025-12-03
M016,C0007534,2025-10-01,EXPOSED,2025-10-21,NO_RESPONSE,
M016,C0007723,2025-10-01,EXPOSED,2025-10-07,NO_RESPONSE,
M016,C0009327,2025-10-01,EXPOSED,2025-10-14,NO_RESPONSE,
M016,C0009704,2025-10-01,EXPOSED,2025-11-08,NO_RESPONSE,
M016,C0009763,2025-10-01,NOT_EXPOSED,,,
M016,C0009894,2025-10-01,EXPOSED,2025-10-06,NO_RESPONSE,
M016,C0010840,2025-10-01,EXPOSED,2025-10-26,NO_RESPONSE,
M016,C0010868,2025-10-01,EXPOSED,2025-10-23,NO_RESPONSE,
M016,C0011055,2025-10-01,EXPOSED,2025-10-18,NO_RESPONSE,
M016,C0011323,2025-10-01,EXPOSED,2025-11-08,NO_RESPONSE,
M016,C0011970,2025-10-01,EXPOSED,2025-10-30,NEUTRAL,2025-11-01
M016,C0012596,2025-10-01,EXPOSED,2025-10-07,NO_RESPONSE,
M016,C0013428,2025-10-01,EXPOSED,2025-10-20,NO_RESPONSE,
M016,C0013484,2025-10-01,EXPOSED,2025-10-18,NO_RESPONSE,
M016,C0013683,2025-10-01,EXPOSED,2025-11-28,NO_RESPONSE,
M016,C0013967,2025-10-01,EXPOSED,2025-11-06,NEUTRAL,2025-11-09
M016,C0014318,2025-10-01,EXPOSED,2025-10-11,NO_RESPONSE,
M016,C0014855,2025-10-01,EXPOSED,2025-11-08,NO_RESPONSE,
M016,C0014916,2025-10-01,EXPOSED,2025-11-23,POSITIVE,2025-11-26
M016,C0014977,2025-10-01,EXPOSED,2025-10-09,NO_RESPONSE,
M016,C0015180,2025-10-01,EXPOSED,2025-11-09,NO_RESPONSE,
M016,C0015386,2025-10-01,NOT_EXPOSED,,,
M016,C0015416,2025-10-01,EXPOSED,2025-10-26,NO_RESPONSE,
M016,C0015518,2025-10-01,NOT_EXPOSED,,,
M016,C0015587,2025-10-01,EXPOSED,2025-10-13,NO_RESPONSE,
M016,C0015616,2025-10-01,EXPOSED,2025-11-07,NO_RESPONSE,
M016,C0015965,2025-10-01,EXPOSED,2025-10-12,POSITIVE,2025-10-23
M016,C0016640,2025-10-01,NOT_EXPOSED,,,
M016,C0016839,2025-10-01,NOT_EXPOSED,,,
M016,C0018012,2025-10-01,EXPOSED,2025-10-09,NO_RESPONSE,
M016,C0018419,2025-10-01,EXPOSED,2025-12-05,NO_RESPONSE,
M016,C0018624,2025-10-01,EXPOSED,2025-11-13,NO_RESPONSE,
M016,C0019485,2025-10-01,EXPOSED,2025-11-23,NO_RESPONSE,
M016,C0000058,2025-10-02,EXPOSED,2025-10-23,NO_RESPONSE,
M016,C0000688,2025-10-02,EXPOSED,2025-11-06,NO_RESPONSE,
M016,C0000766,2025-10-02,EXPOSED,2025-10-23,NEGATIVE,2025-10-28
M016,C0000792,2025-10-02,EXPOSED,2025-11-08,NO_RESPONSE,
M016,C0001440,2025-10-02,EXPOSED,2025-10-26,NO_RESPONSE,
M016,C0001661,2025-10-02,EXPOSED,2025-12-08,NO_RESPONSE,
M016,C0001761,2025-10-02,EXPOSED,2025-10-03,NO_RESPONSE,
M016,C0003013,2025-10-02,EXPOSED,2025-12-08,NO_RESPONSE,
M016,C0003169,2025-10-02,EXPOSED,2025-11-04,NO_RESPONSE,
M016,C0003642,2025-10-02,EXPOSED,2025-10-28,NO_RESPONSE,
M016,C0004698,2025-10-02,EXPOSED,2025-10-23,NO_RESPONSE,
M016,C0004747,2025-10-02,NOT_EXPOSED,,,
M016,C0004812,2025-10-02,EXPOSED,2025-11-09,NO_RESPONSE,
M016,C0005706,2025-10-02,EXPOSED,2025-10-13,NO_RESPONSE,
M016,C0006285,2025-10-02,EXPOSED,2025-10-11,NO_RESPONSE,
M016,C0006954,2025-10-02,EXPOSED,2025-11-12,NO_RESPONSE,
M016,C0007975,2025-10-02,EXPOSED,2025-10-17,NO_RESPONSE,
M016,C0008575,2025-10-02,EXPOSED,2025-11-05,NO_RESPONSE,
M016,C0009475,2025-10-02,EXPOSED,2025-11-15,NO_RESPONSE,
M016,C0010118,2025-10-02,EXPOSED,2025-11-22,NO_RESPONSE,
M016,C0010558,2025-10-02,EXPOSED,2025-11-06,NO_RESPONSE,
M016,C0010753,2025-10-02,EXPOSED,2025-11-03,NO_RESPONSE,
M016,C0011414,2025-10-02,NOT_EXPOSED,,,
M016,C0012386,2025-10-02,EXPOSED,2025-11-14,POSITIVE,2025-11-18
M016,C0012621,2025-10-02,EXPOSED,2025-10-09,NO_RESPONSE,
M016,C0013024,2025-10-02,EXPOSED,2025-12-08,NO_RESPONSE,
M016,C0013258,2025-10-02,EXPOSED,2025-11-15,NO_RESPONSE,
M016,C0013903,2025-10-02,NOT_EXPOSED,,,
M016,C0013946,2025-10-02,EXPOSED,2025-10-14,NO_RESPONSE,
M016,C0014001,2025-10-02,EXPOSED,2025-10-10,NO_RESPONSE,
M016,C0014216,2025-10-02,EXPOSED,2025-11-16,NO_RESPONSE,
M016,C0014799,2025-10-02,EXPOSED,2025-10-20,NO_RESPONSE,
M016,C0014926,2025-10-02,EXPOSED,2025-11-10,NO_RESPONSE,
M016,C0014947,2025-10-02,EXPOSED,2025-10-14,NO_RESPONSE,
M016,C0015443,2025-10-02,EXPOSED,2025-12-05,POSITIVE,2025-12-16
M016,C0016534,2025-10-02,NOT_EXPOSED,,,
M016,C0016812,2025-10-02,EXPOSED,2025-11-07,NO_RESPONSE,
M016,C0017571,2025-10-02,EXPOSED,2025-11-25,NO_RESPONSE,
M016,C0017737,2025-10-02,EXPOSED,2025-12-12,NO_RESPONSE,
M016,C0018291,2025-10-02,EXPOSED,2025-11-03,POSITIVE,2025-11-10
M016,C0018585,2025-10-02,EXPOSED,2025-10-20,NEGATIVE,2025-10-31
M016,C0018978,2025-10-02,EXPOSED,2025-11-08,POSITIVE,2025-11-15
M016,C0019746,2025-10-02,EXPOSED,2025-10-30,NO_RESPONSE,
M016,C0019886,2025-10-02,EXPOSED,2025-11-26,POSITIVE,2025-12-01
M016,C0001264,2025-10-03,EXPOSED,2025-10-16,NO_RESPONSE,
M016,C0001670,2025-10-03,EXPOSED,2025-10-04,NO_RESPONSE,
M016,C0002196,2025-10-03,EXPOSED,2025-11-05,NO_RESPONSE,
M016,C0003374,2025-10-03,EXPOSED,2025-10-12,NEUTRAL,2025-10-13
M016,C0003419,2025-10-03,EXPOSED,2025-11-07,NO_RESPONSE,
M016,C0003488,2025-10-03,EXPOSED,2025-11-17,NO_RESPONSE,
M016,C0003716,2025-10-03,EXPOSED,2025-10-19,NO_RESPONSE,
M016,C0004446,2025-10-03,EXPOSED,2025-11-20,NO_RESPONSE,
M016,C0005214,2025-10-03,EXPOSED,2025-11-21,NO_RESPONSE,
M016,C0005342,2025-10-03,EXPOSED,2025-12-08,NO_RESPONSE,
M016,C0005738,2025-10-03,EXPOSED,2025-11-08,NO_RESPONSE,
M016,C0005859,2025-10-03,EXPOSED,2025-10-28,NO_RESPONSE,
M016,C0008172,2025-10-03,EXPOSED,2025-10-07,NO_RESPONSE,
M016,C0008200,2025-10-03,EXPOSED,2025-10-20,NO_RESPONSE,
M016,C0009725,2025-10-03,EXPOSED,2025-11-15,NO_RESPONSE,
M016,C0009801,2025-10-03,EXPOSED,2025-10-05,NO_RESPONSE,
M016,C0009834,2025-10-03,EXPOSED,2025-11-20,NEUTRAL,2025-12-05
M016,C0011231,2025-10-03,EXPOSED,2025-10-11,NO_RESPONSE,
M016,C0011607,2025-10-03,EXPOSED,2025-10-16,NO_RESPONSE,
M016,C0012561,2025-10-03,EXPOSED,2025-10-22,NO_RESPONSE,
M016,C0012573,2025-10-03,EXPOSED,2025-10-20,NO_RESPONSE,
M016,C0013551,2025-10-03,EXPOSED,2025-10-21,NO_RESPONSE,
M016,C0014210,2025-10-03,EXPOSED,2025-11-08,NO_RESPONSE,
M016,C0014279,2025-10-03,EXPOSED,2025-11-13,NO_RESPONSE,
M016,C0014331,2025-10-03,EXPOSED,2025-11-27,NO_RESPONSE,
M016,C0015086,2025-10-03,EXPOSED,2025-11-05,NO_RESPONSE,
M016,C0015438,2025-10-03,EXPOSED,2025-11-20,NO_RESPONSE,
M016,C0016113,2025-10-03,EXPOSED,2025-10-17,NO_RESPONSE,
M016,C0016220,2025-10-03,EXPOSED,2025-11-17,NO_RESPONSE,
M016,C0016265,2025-10-03,EXPOSED,2025-11-17,NO_RESPONSE,
M016,C0016633,2025-10-03,EXPOSED,2025-12-11,NO_RESPONSE,
M016,C0017073,2025-10-03,EXPOSED,2025-11-28,NEUTRAL,2025-12-01
M016,C0017385,2025-10-03,EXPOSED,2025-11-24,NO_RESPONSE,
M016,C0018238,2025-10-03,EXPOSED,2025-11-20,NO_RESPONSE,
M016,C0018481,2025-10-03,EXPOSED,2025-11-04,NO_RESPONSE,
M016,C0018530,2025-10-03,EXPOSED,2025-12-02,POSITIVE,2025-12-09
M016,C0018631,2025-10-03,EXPOSED,2025-11-06,NEGATIVE,2025-11-08
M016,C0019251,2025-10-03,EXPOSED,2025-11-08,NO_RESPONSE,
M016,C0019872,2025-10-03,EXPOSED,2025-11-18,NO_RESPONSE,
M016,C0019991,2025-10-03,EXPOSED,2025-11-04,NO_RESPONSE,
M016,C0000563,2025-10-04,EXPOSED,2025-10-12,NO_RESPONSE,
M016,C0001959,2025-10-04,EXPOSED,2025-11-07,NO_RESPONSE,
M016,C0002153,2025-10-04,EXPOSED,2025-11-22,NO_RESPONSE,
M016,C0003075,2025-10-04,EXPOSED,2025-11-22,NO_RESPONSE,
M016,C0003296,2025-10-04,EXPOSED,2025-11-01,NO_RESPONSE,
M016,C0003545,2025-10-04,EXPOSED,2025-11-14,NO_RESPONSE,
M016,C0003933,2025-10-04,EXPOSED,2025-11-22,NO_RESPONSE,
M016,C0006990,2025-10-04,EXPOSED,2025-10-24,NO_RESPONSE,
M016,C0007279,2025-10-04,EXPOSED,2025-12-12,NO_RESPONSE,
M016,C0007608,2025-10-04,EXPOSED,2025-11-03,POSITIVE,2025-11-04
M016,C0007861,2025-10-04,EXPOSED,2025-10-27,NO_RESPONSE,
M016,C0008002,2025-10-04,EXPOSED,2025-12-11,NO_RESPONSE,
M016,C0008269,2025-10-04,EXPOSED,2025-10-20,NO_RESPONSE,
M016,C0008314,2025-10-04,EXPOSED,2025-10-14,NO_RESPONSE,
M016,C0008957,2025-10-04,EXPOSED,2025-12-01,NO_RESPONSE,
M016,C0009030,2025-10-04,EXPOSED,2025-10-09,NO_RESPONSE,
M016,C0009498,2025-10-04,EXPOSED,2025-10-12,NO_RESPONSE,
M016,C0011485,2025-10-04,EXPOSED,2025-10-21,NO_RESPONSE,
M016,C0013555,2025-10-04,EXPOSED,2025-11-13,NO_RESPONSE,
M016,C0013596,2025-10-04,EXPOSED,2025-10-23,NO_RESPONSE,
M016,C0013684,2025-10-04,EXPOSED,2025-11-09,NO_RESPONSE,
M016,C0014162,2025-10-04,EXPOSED,2025-11-13,NO_RESPONSE,
M016,C0014313,2025-10-04,EXPOSED,2025-10-26,NEGATIVE,2025-10-30
M016,C0014683,2025-10-04,EXPOSED,2025-11-07,NO_RESPONSE,
M016,C0014739,2025-10-04,EXPOSED,2025-10-15,NO_RESPONSE,
M016,C0015070,2025-10-04,EXPOSED,2025-11-21,NO_RESPONSE,
M016,C0016237,2025-10-04,EXPOSED,2025-11-27,POSITIVE,2025-12-02
M016,C0016648,2025-10-04,EXPOSED,2025-11-04,NO_RESPONSE,
M016,C0016787,2025-10-04,NOT_EXPOSED,,,
M016,C0017227,2025-10-04,EXPOSED,2025-11-24,NO_RESPONSE,
M016,C0017277,2025-10-04,EXPOSED,2025-10-24,NO_RESPONSE,
M016,C0017356,2025-10-04,EXPOSED,2025-11-12,NO_RESPONSE,
M016,C0017658,2025-10-04,NOT_EXPOSED,,,
M016,C0018416,2025-10-04,EXPOSED,2025-10-31,NO_RESPONSE,
M016,C0018476,2025-10-04,EXPOSED,2025-10-21,POSITIVE,2025-10-25
M016,C0019089,2025-10-04,EXPOSED,2025-10-27,NO_RESPONSE,
M016,C0019941,2025-10-04,EXPOSED,2025-10-07,NO_RESPONSE,
M016,C0000178,2025-10-05,EXPOSED,2025-11-11,NO_RESPONSE,
M016,C0000182,2025-10-05,EXPOSED,2025-11-09,NEGATIVE,2025-11-24
M016,C0000582,2025-10-05,EXPOSED,2025-11-28,NO_RESPONSE,
M016,C0000681,2025-10-05,EXPOSED,2025-10-26,NO_RESPONSE,
M016,C0000944,2025-10-05,EXPOSED,2025-12-12,NO_RESPONSE,
M016,C0004639,2025-10-05,EXPOSED,2025-11-09,NO_RESPONSE,
M016,C0006248,2025-10-05,EXPOSED,2025-10-20,NO_RESPONSE,
M016,C0006308,2025-10-05,EXPOSED,2025-10-20,POSITIVE,2025-10-29
M016,C0006332,2025-10-05,EXPOSED,2025-10-26,NO_RESPONSE,
M016,C0006745,2025-10-05,EXPOSED,2025-11-27,NO_RESPONSE,
M016,C0006983,2025-10-05,EXPOSED,2025-10-25,NO_RESPONSE,
M016,C0007170,2025-10-05,EXPOSED,2025-11-02,NEGATIVE,2025-11-04
M016,C0007679,2025-10-05,EXPOSED,2025-11-10,NO_RESPONSE,
M016,C0009196,2025-10-05,EXPOSED,2025-10-26,NO_RESPONSE,
M016,C0009884,2025-10-05,EXPOSED,2025-11-21,NEGATIVE,2025-11-24
M016,C0010564,2025-10-05,EXPOSED,2025-11-11,NO_RESPONSE,
M016,C0010654,2025-10-05,EXPOSED,2025-11-07,NO_RESPONSE,
M016,C0011891,2025-10-05,EXPOSED,2025-11-10,NO_RESPONSE,
M016,C0012531,2025-10-05,EXPOSED,2025-11-07,NEUTRAL,2025-11-07
M016,C0013740,2025-10-05,EXPOSED,2025-10-11,NEUTRAL,2025-10-15
M016,C0015816,2025-10-05,EXPOSED,2025-10-17,NO_RESPONSE,
M016,C0017031,2025-10-05,EXPOSED,2025-10-20,NO_RESPONSE,
M016,C0017062,2025-10-05,EXPOSED,2025-11-08,POSITIVE,2025-11-12
M016,C0017091,2025-10-05,EXPOSED,2025-11-02,POSITIVE,2025-11-03
M016,C0017822,2025-10-05,EXPOSED,2025-10-19,NO_RESPONSE,
M016,C0018431,2025-10-05,EXPOSED,2025-10-26,NO_RESPONSE,
M016,C0018455,2025-10-05,EXPOSED,2025-12-10,POSITIVE,2025-12-15
M016,C0000733,2025-10-06,EXPOSED,2025-11-29,NEUTRAL,2025-12-12
M016,C0000876,2025-10-06,EXPOSED,2025-10-16,NO_RESPONSE,
M016,C0001534,2025-10-06,EXPOSED,2025-11-20,NO_RESPONSE,
M016,C0002021,2025-10-06,EXPOSED,2025-10-09,NO_RESPONSE,
M016,C0003208,2025-10-06,EXPOSED,2025-10-21,NO_RESPONSE,
M016,C0003384,2025-10-06,EXPOSED,2025-11-19,NO_RESPONSE,
M016,C0003553,2025-10-06,EXPOSED,2025-10-11,NO_RESPONSE,
M016,C0003997,2025-10-06,EXPOSED,2025-11-21,POSITIVE,2025-12-08
M016,C0004145,2025-10-06,EXPOSED,2025-11-07,NO_RESPONSE,
M016,C0004505,2025-10-06,EXPOSED,2025-10-13,NO_RESPONSE,
M016,C0004757,2025-10-06,EXPOSED,2025-11-04,NO_RESPONSE,
M016,C0004991,2025-10-06,EXPOSED,2025-10-22,NO_RESPONSE,
M016,C0006529,2025-10-06,EXPOSED,2025-11-12,NO_RESPONSE,
M016,C0007387,2025-10-06,EXPOSED,2025-10-16,NO_RESPONSE,
M016,C0007596,2025-10-06,EXPOSED,2025-10-09,NO_RESPONSE,
M016,C0008397,2025-10-06,EXPOSED,2025-10-21,NO_RESPONSE,
M016,C0008435,2025-10-06,EXPOSED,2025-11-15,NO_RESPONSE,
M016,C0008895,2025-10-06,EXPOSED,2025-12-05,NO_RESPONSE,
M016,C0009781,2025-10-06,EXPOSED,2025-11-07,NO_RESPONSE,
M016,C0010389,2025-10-06,EXPOSED,2025-11-08,NO_RESPONSE,
M016,C0010486,2025-10-06,EXPOSED,2025-10-29,NO_RESPONSE,
M016,C0011054,2025-10-06,EXPOSED,2025-10-13,NO_RESPONSE,
M016,C0011586,2025-10-06,NOT_EXPOSED,,,
M016,C0011692,2025-10-06,NOT_EXPOSED,,,
M016,C0012072,2025-10-06,EXPOSED,2025-11-29,NO_RESPONSE,
M016,C0012541,2025-10-06,EXPOSED,2025-10-11,NO_RESPONSE,
M016,C0013189,2025-10-06,EXPOSED,2025-11-16,NO_RESPONSE,
M016,C0013371,2025-10-06,EXPOSED,2025-10-23,NO_RESPONSE,
M016,C0014222,2025-10-06,EXPOSED,2025-10-31,NO_RESPONSE,
M016,C0014317,2025-10-06,EXPOSED,2025-10-13,NO_RESPONSE,
M016,C0014416,2025-10-06,EXPOSED,2025-10-14,NO_RESPONSE,
M016,C0014500,2025-10-06,EXPOSED,2025-10-08,NO_RESPONSE,
M016,C0014625,2025-10-06,EXPOSED,2025-11-19,NO_RESPONSE,
M016,C0016432,2025-10-06,EXPOSED,2025-10-21,NO_RESPONSE,
M016,C0017068,2025-10-06,EXPOSED,2025-10-31,NO_RESPONSE,
M016,C0017890,2025-10-06,EXPOSED,2025-11-07,NO_RESPONSE,
M016,C0018567,2025-10-06,EXPOSED,2025-11-27,POSITIVE,2025-12-04
M016,C0019139,2025-10-06,EXPOSED,2025-11-12,NO_RESPONSE,
M016,C0000396,2025-10-07,EXPOSED,2025-10-13,NO_RESPONSE,
M016,C0001001,2025-10-07,EXPOSED,2025-11-01,NEUTRAL,2025-11-06
M016,C0001378,2025-10-07,EXPOSED,2025-10-07,NO_RESPONSE,
M016,C0001785,2025-10-07,EXPOSED,2025-11-27,NO_RESPONSE,
M016,C0001906,2025-10-07,EXPOSED,2025-11-24,NO_RESPONSE,
M016,C0002331,2025-10-07,EXPOSED,2025-11-13,NEUTRAL,2025-11-17
M016,C0002667,2025-10-07,EXPOSED,2025-10-19,NO_RESPONSE,
M016,C0005168,2025-10-07,EXPOSED,2025-11-21,NEUTRAL,2025-11-27
M016,C0006086,2025-10-07,EXPOSED,2025-11-14,NO_RESPONSE,
M016,C0006357,2025-10-07,EXPOSED,2025-11-20,NO_RESPONSE,
M016,C0007035,2025-10-07,EXPOSED,2025-12-04,NO_RESPONSE,
M016,C0007643,2025-10-07,EXPOSED,2025-11-12,NO_RESPONSE,
M016,C0008568,2025-10-07,EXPOSED,2025-10-18,NO_RESPONSE,
M016,C0008828,2025-10-07,EXPOSED,2025-11-28,NO_RESPONSE,
M016,C0008988,2025-10-07,EXPOSED,2025-11-02,NO_RESPONSE,
M016,C0011186,2025-10-07,EXPOSED,2025-10-30,NO_RESPONSE,
M016,C0011245,2025-10-07,EXPOSED,2025-11-12,NO_RESPONSE,
M016,C0012281,2025-10-07,EXPOSED,2025-11-23,NO_RESPONSE,
M016,C0012591,2025-10-07,EXPOSED,2025-10-18,NO_RESPONSE,
M016,C0013159,2025-10-07,EXPOSED,2025-11-04,NEGATIVE,2025-11-05
M016,C0014505,2025-10-07,EXPOSED,2025-10-20,NO_RESPONSE,
M016,C0015056,2025-10-07,EXPOSED,2025-11-29,NO_RESPONSE,
M016,C0015215,2025-10-07,EXPOSED,2025-11-23,NO_RESPONSE,
M016,C0016143,2025-10-07,EXPOSED,2025-11-20,NO_RESPONSE,
M016,C0017021,2025-10-07,EXPOSED,2025-11-07,POSITIVE,2025-11-13
M016,C0017267,2025-10-07,EXPOSED,2025-11-05,NO_RESPONSE,
M016,C0017504,2025-10-07,EXPOSED,2025-10-25,NO_RESPONSE,
M016,C0017978,2025-10-07,EXPOSED,2025-12-10,NO_RESPONSE,
M016,C0019094,2025-10-07,EXPOSED,2025-11-03,NO_RESPONSE,
M016,C0019217,2025-10-07,EXPOSED,2025-11-25,NO_RESPONSE,
M016,C0019438,2025-10-07,EXPOSED,2025-11-14,NO_RESPONSE,
M016,C0019907,2025-10-07,EXPOSED,2025-10-17,NO_RESPONSE,
M016,C0000794,2025-10-08,EXPOSED,2025-10-26,NEUTRAL,2025-11-03
M016,C0001682,2025-10-08,EXPOSED,2025-10-22,NO_RESPONSE,
M016,C0002423,2025-10-08,EXPOSED,2025-10-27,NO_RESPONSE,
M016,C0002568,2025-10-08,EXPOSED,2025-11-29,NO_RESPONSE,
M016,C0003792,2025-10-08,EXPOSED,2025-10-10,NO_RESPONSE,
M016,C0005987,2025-10-08,EXPOSED,2025-10-24,NO_RESPONSE,
M016,C0006989,2025-10-08,EXPOSED,2025-10-11,NO_RESPONSE,
M016,C0007227,2025-10-08,EXPOSED,2025-11-23,NEUTRAL,2025-11-29
M016,C0007683,2025-10-08,EXPOSED,2025-10-16,NO_RESPONSE,
M016,C0008261,2025-10-08,EXPOSED,2025-10-25,NO_RESPONSE,
M016,C0008388,2025-10-08,NOT_EXPOSED,,,
M016,C0009057,2025-10-08,EXPOSED,2025-12-13,NO_RESPONSE,
M016,C0009271,2025-10-08,EXPOSED,2025-10-30,NO_RESPONSE,
M016,C0010936,2025-10-08,EXPOSED,2025-10-14,NO_RESPONSE,
M016,C0012451,2025-10-08,NOT_EXPOSED,,,
M016,C0012502,2025-10-08,EXPOSED,2025-11-19,NO_RESPONSE,
M016,C0013892,2025-10-08,EXPOSED,2025-10-22,NO_RESPONSE,
M016,C0014183,2025-10-08,EXPOSED,2025-12-12,NO_RESPONSE,
M016,C0014236,2025-10-08,EXPOSED,2025-10-29,NO_RESPONSE,
M016,C0015943,2025-10-08,EXPOSED,2025-10-11,NO_RESPONSE,
M016,C0016303,2025-10-08,EXPOSED,2025-10-23,POSITIVE,2025-10-29
M016,C0016309,2025-10-08,EXPOSED,2025-11-08,NEUTRAL,2025-11-11
M016,C0017283,2025-10-08,EXPOSED,2025-11-14,POSITIVE,2025-11-25
M016,C0017848,2025-10-08,EXPOSED,2025-10-19,NEGATIVE,2025-10-25
M016,C0018574,2025-10-08,EXPOSED,2025-11-28,NO_RESPONSE,
M016,C0018713,2025-10-08,EXPOSED,2025-11-03,NO_RESPONSE,
M016,C0019595,2025-10-08,EXPOSED,2025-10-26,NEUTRAL,2025-10-28
M016,C0019646,2025-10-08,EXPOSED,2025-11-09,NO_RESPONSE,
M016,C0000851,2025-10-09,NOT_EXPOSED,,,
M016,C0001044,2025-10-09,EXPOSED,2025-11-02,NO_RESPONSE,
M016,C0002611,2025-10-09,EXPOSED,2025-10-15,NO_RESPONSE,
M016,C0002712,2025-10-09,EXPOSED,2025-12-01,NEUTRAL,2025-12-11
M016,C0002838,2025-10-09,EXPOSED,2025-11-24,NO_RESPONSE,
M016,C0002853,2025-10-09,NOT_EXPOSED,,,
M016,C0003809,2025-10-09,EXPOSED,2025-12-05,NO_RESPONSE,
M016,C0004266,2025-10-09,EXPOSED,2025-12-09,NO_RESPONSE,
M016,C0004440,2025-10-09,EXPOSED,2025-10-16,NO_RESPONSE,
M016,C0004899,2025-10-09,EXPOSED,2025-11-10,NO_RESPONSE,
M016,C0005286,2025-10-09,EXPOSED,2025-10-17,NO_RESPONSE,
M016,C0006701,2025-10-09,EXPOSED,2025-12-10,NO_RESPONSE,
M016,C0007320,2025-10-09,EXPOSED,2025-10-28,NO_RESPONSE,
M016,C0007427,2025-10-09,NOT_EXPOSED,,,
M016,C0008274,2025-10-09,EXPOSED,2025-11-17,NO_RESPONSE,
M016,C0008378,2025-10-09,EXPOSED,2025-11-03,NO_RESPONSE,
M016,C0008590,2025-10-09,EXPOSED,2025-11-01,NO_RESPONSE,
M016,C0009047,2025-10-09,EXPOSED,2025-12-04,POSITIVE,2025-12-15
M016,C0009216,2025-10-09,EXPOSED,2025-11-08,NO_RESPONSE,
M016,C0010339,2025-10-09,NOT_EXPOSED,,,
M016,C0010553,2025-10-09,EXPOSED,2025-11-23,NEUTRAL,2025-11-29
M016,C0010732,2025-10-09,EXPOSED,2025-11-26,NO_RESPONSE,
M016,C0011023,2025-10-09,EXPOSED,2025-11-29,POSITIVE,2025-12-02
M016,C0011533,2025-10-09,EXPOSED,2025-10-13,NO_RESPONSE,
M016,C0012550,2025-10-09,EXPOSED,2025-10-15,NO_RESPONSE,
M016,C0012623,2025-10-09,EXPOSED,2025-11-29,NO_RESPONSE,
M016,C0014072,2025-10-09,EXPOSED,2025-10-20,NO_RESPONSE,
M016,C0015031,2025-10-09,EXPOSED,2025-11-04,NEUTRAL,2025-11-17
M016,C0015812,2025-10-09,EXPOSED,2025-12-09,NO_RESPONSE,
M016,C0016087,2025-10-09,EXPOSED,2025-10-20,POSITIVE,2025-10-23
M016,C0016424,2025-10-09,EXPOSED,2025-11-06,NO_RESPONSE,
M016,C0016858,2025-10-09,EXPOSED,2025-11-13,NO_RESPONSE,
M016,C0017008,2025-10-09,EXPOSED,2025-10-18,NO_RESPONSE,
M016,C0018441,2025-10-09,EXPOSED,2025-11-12,NO_RESPONSE,
M016,C0018866,2025-10-09,EXPOSED,2025-11-27,NO_RESPONSE,
M016,C0000122,2025-10-10,EXPOSED,2025-11-08,NO_RESPONSE,
M016,C0000196,2025-10-10,EXPOSED,2025-11-13,NO_RESPONSE,
M016,C0000927,2025-10-10,NOT_EXPOSED,,,
M016,C0001217,2025-10-10,EXPOSED,2025-10-20,NO_RESPONSE,
M016,C0001263,2025-10-10,NOT_EXPOSED,,,
M016,C0001476,2025-10-10,EXPOSED,2025-10-31,NO_RESPONSE,
M016,C0001597,2025-10-10,EXPOSED,2025-11-13,NO_RESPONSE,
M016,C0002604,2025-10-10,NOT_EXPOSED,,,
M016,C0003024,2025-10-10,EXPOSED,2025-11-01,NEGATIVE,2025-11-20
M016,C0003079,2025-10-10,EXPOSED,2025-10-19,NO_RESPONSE,
M016,C0003110,2025-10-10,EXPOSED,2025-11-16,NEGATIVE,2025-11-23
M016,C0003749,2025-10-10,EXPOSED,2025-10-22,NO_RESPONSE,
M016,C0003928,2025-10-10,NOT_EXPOSED,,,
M016,C0004053,2025-10-10,EXPOSED,2025-10-29,NO_RESPONSE,
M016,C0004489,2025-10-10,EXPOSED,2025-11-10,NO_RESPONSE,
M016,C0004743,2025-10-10,EXPOSED,2025-11-13,NO_RESPONSE,
M016,C0005487,2025-10-10,EXPOSED,2025-11-24,NO_RESPONSE,
M016,C0006430,2025-10-10,EXPOSED,2025-10-26,NO_RESPONSE,
M016,C0006478,2025-10-10,EXPOSED,2025-11-11,NO_RESPONSE,
M016,C0006620,2025-10-10,EXPOSED,2025-10-24,POSITIVE,2025-10-28
M016,C0008903,2025-10-10,EXPOSED,2025-11-09,NO_RESPONSE,
M016,C0009096,2025-10-10,EXPOSED,2025-10-30,NO_RESPONSE,
M016,C0009504,2025-10-10,EXPOSED,2025-10-30,NO_RESPONSE,
M016,C0011444,2025-10-10,EXPOSED,2025-11-05,POSITIVE,2025-11-06
M016,C0012916,2025-10-10,EXPOSED,2025-11-07,NO_RESPONSE,
M016,C0012922,2025-10-10,EXPOSED,2025-11-26,NO_RESPONSE,
M016,C0014208,2025-10-10,EXPOSED,2025-10-29,NO_RESPONSE,
M016,C0015534,2025-10-10,EXPOSED,2025-11-12,NO_RESPONSE,
M016,C0015725,2025-10-10,EXPOSED,2025-10-28,NO_RESPONSE,
M016,C0016115,2025-10-10,EXPOSED,2025-10-13,NO_RESPONSE,
M016,C0016449,2025-10-10,EXPOSED,2025-10-19,POSITIVE,2025-10-22
M016,C0016649,2025-10-10,EXPOSED,2025-10-26,NO_RESPONSE,
M016,C0017576,2025-10-10,NOT_EXPOSED,,,
M016,C0018991,2025-10-10,EXPOSED,2025-10-19,NO_RESPONSE,
M016,C0019141,2025-10-10,EXPOSED,2025-11-22,NO_RESPONSE,
M016,C0019332,2025-10-10,EXPOSED,2025-11-11,NO_RESPONSE,
M016,C0019534,2025-10-10,NOT_EXPOSED,,,
M016,C0019761,2025-10-10,NOT_EXPOSED,,,
M016,C0019827,2025-10-10,EXPOSED,2025-10-20,NEUTRAL,2025-10-26
M016,C0019936,2025-10-10,EXPOSED,2025-10-19,NO_RESPONSE,
M016,C0019987,2025-10-10,EXPOSED,2025-11-23,NO_RESPONSE,
M016,C0001675,2025-10-11,EXPOSED,2025-11-02,NO_RESPONSE,
M016,C0002589,2025-10-11,EXPOSED,2025-11-29,POSITIVE,2025-12-08
M016,C0002701,2025-10-11,EXPOSED,2025-12-12,NO_RESPONSE,
M016,C0003318,2025-10-11,EXPOSED,2025-11-06,NO_RESPONSE,
M016,C0003416,2025-10-11,EXPOSED,2025-10-25,NO_RESPONSE,
M016,C0003625,2025-10-11,EXPOSED,2025-11-08,NO_RESPONSE,
M016,C0003643,2025-10-11,EXPOSED,2025-10-26,NO_RESPONSE,
M016,C0005424,2025-10-11,EXPOSED,2025-10-27,POSITIVE,2025-11-02
M016,C0006004,2025-10-11,EXPOSED,2025-10-28,NO_RESPONSE,
M016,C0006913,2025-10-11,EXPOSED,2025-11-11,NO_RESPONSE,
M016,C0007116,2025-10-11,EXPOSED,2025-11-17,NO_RESPONSE,
M016,C0007144,2025-10-11,EXPOSED,2025-11-04,NO_RESPONSE,
M016,C0007238,2025-10-11,EXPOSED,2025-10-13,NO_RESPONSE,
M016,C0007800,2025-10-11,EXPOSED,2025-11-22,NO_RESPONSE,
M016,C0008271,2025-10-11,EXPOSED,2025-10-23,NO_RESPONSE,
M016,C0009511,2025-10-11,EXPOSED,2025-10-24,NEGATIVE,2025-11-07
M016,C0009823,2025-10-11,EXPOSED,2025-10-12,NO_RESPONSE,
M016,C0010119,2025-10-11,EXPOSED,2025-11-08,NO_RESPONSE,
M016,C0010436,2025-10-11,EXPOSED,2025-11-10,POSITIVE,2025-11-14
M016,C0010795,2025-10-11,EXPOSED,2025-11-30,NO_RESPONSE,
M016,C0010855,2025-10-11,EXPOSED,2025-11-10,NO_RESPONSE,
M016,C0011018,2025-10-11,EXPOSED,2025-11-10,NO_RESPONSE,
M016,C0011728,2025-10-11,EXPOSED,2025-11-19,NO_RESPONSE,
M016,C0011840,2025-10-11,EXPOSED,2025-11-18,NO_RESPONSE,
M016,C0012118,2025-10-11,EXPOSED,2025-10-21,POSITIVE,2025-10-31
M016,C0012335,2025-10-11,NOT_EXPOSED,,,
M016,C0013099,2025-10-11,EXPOSED,2025-11-06,NO_RESPONSE,
M016,C0013608,2025-10-11,EXPOSED,2025-11-01,NO_RESPONSE,
M016,C0013834,2025-10-11,EXPOSED,2025-10-15,NO_RESPONSE,
M016,C0013956,2025-10-11,EXPOSED,2025-11-20,NO_RESPONSE,
M016,C0014037,2025-10-11,NOT_EXPOSED,,,
M016,C0014152,2025-10-11,EXPOSED,2025-10-27,NO_RESPONSE,
M016,C0015210,2025-10-11,EXPOSED,2025-11-18,NO_RESPONSE,
M016,C0015846,2025-10-11,EXPOSED,2025-10-21,NO_RESPONSE,
M016,C0015849,2025-10-11,EXPOSED,2025-12-06,NO_RESPONSE,
M016,C0016010,2025-10-11,EXPOSED,2025-10-27,NO_RESPONSE,
M016,C0016635,2025-10-11,NOT_EXPOSED,,,
M016,C0016724,2025-10-11,EXPOSED,2025-11-03,NO_RESPONSE,
M016,C0016899,2025-10-11,EXPOSED,2025-11-01,NO_RESPONSE,
M016,C0017500,2025-10-11,EXPOSED,2025-11-24,NO_RESPONSE,
M016,C0017802,2025-10-11,EXPOSED,2025-10-19,NO_RESPONSE,
M016,C0018064,2025-10-11,EXPOSED,2025-11-08,NO_RESPONSE,
M016,C0019490,2025-10-11,EXPOSED,2025-10-20,NO_RESPONSE,
M016,C0000698,2025-10-12,EXPOSED,2025-12-03,NO_RESPONSE,
M016,C0000943,2025-10-12,EXPOSED,2025-10-27,POSITIVE,2025-11-01
M016,C0001011,2025-10-12,EXPOSED,2025-10-25,NO_RESPONSE,
M016,C0001120,2025-10-12,EXPOSED,2025-11-06,NO_RESPONSE,
M016,C0001236,2025-10-12,EXPOSED,2025-11-02,NO_RESPONSE,
M016,C0002730,2025-10-12,EXPOSED,2025-11-11,NEGATIVE,2025-11-18
M016,C0006323,2025-10-12,EXPOSED,2025-11-22,NO_RESPONSE,
M016,C0006488,2025-10-12,EXPOSED,2025-11-03,NO_RESPONSE,
M016,C0006742,2025-10-12,EXPOSED,2025-11-07,NO_RESPONSE,
M016,C0007616,2025-10-12,EXPOSED,2025-12-02,NO_RESPONSE,
M016,C0007825,2025-10-12,EXPOSED,2025-10-20,NO_RESPONSE,
M016,C0008695,2025-10-12,EXPOSED,2025-10-29,NO_RESPONSE,
M016,C0009098,2025-10-12,EXPOSED,2025-11-20,POSITIVE,2025-11-27
M016,C0009646,2025-10-12,EXPOSED,2025-10-19,NO_RESPONSE,
M016,C0010195,2025-10-12,EXPOSED,2025-10-27,NO_RESPONSE,
M016,C0011056,2025-10-12,EXPOSED,2025-10-26,NEUTRAL,2025-11-09
M016,C0011129,2025-10-12,EXPOSED,2025-11-05,POSITIVE,2025-11-11
M016,C0011275,2025-10-12,EXPOSED,2025-11-28,NO_RESPONSE,
M016,C0012100,2025-10-12,NOT_EXPOSED,,,
M016,C0012231,2025-10-12,EXPOSED,2025-11-27,NO_RESPONSE,
M016,C0012250,2025-10-12,EXPOSED,2025-11-06,NO_RESPONSE,
M016,C0012714,2025-10-12,EXPOSED,2025-10-13,NO_RESPONSE,
M016,C0013155,2025-10-12,EXPOSED,2025-11-16,POSITIVE,2025-12-04
M016,C0014488,2025-10-12,EXPOSED,2025-10-17,POSITIVE,2025-10-28
M016,C0014618,2025-10-12,EXPOSED,2025-12-07,NO_RESPONSE,
M016,C0015212,2025-10-12,EXPOSED,2025-10-30,NO_RESPONSE,
M016,C0015315,2025-10-12,EXPOSED,2025-10-20,NO_RESPONSE,
M016,C0015624,2025-10-12,EXPOSED,2025-11-14,NO_RESPONSE,
M016,C0015707,2025-10-12,EXPOSED,2025-11-01,NO_RESPONSE,
M016,C0015861,2025-10-12,EXPOSED,2025-10-18,NO_RESPONSE,
M016,C0016247,2025-10-12,EXPOSED,2025-12-07,NO_RESPONSE,
M016,C0016350,2025-10-12,EXPOSED,2025-11-05,NO_RESPONSE,
M016,C0017761,2025-10-12,EXPOSED,2025-11-07,NEUTRAL,2025-11-22
M016,C0017982,2025-10-12,EXPOSED,2025-11-22,NO_RESPONSE,
M016,C0018220,2025-10-12,EXPOSED,2025-11-06,NO_RESPONSE,
M016,C0018491,2025-10-12,EXPOSED,2025-11-20,NO_RESPONSE,
M016,C0018659,2025-10-12,EXPOSED,2025-10-17,NO_RESPONSE,
M016,C0018967,2025-10-12,EXPOSED,2025-10-30,NO_RESPONSE,
M016,C0019120,2025-10-12,NOT_EXPOSED,,,
M016,C0019362,2025-10-12,EXPOSED,2025-10-29,NO_RESPONSE,
M016,C0019365,2025-10-12,EXPOSED,2025-11-10,NO_RESPONSE,
M016,C0019809,2025-10-12,EXPOSED,2025-12-03,NO_RESPONSE,
M016,C0000118,2025-10-13,EXPOSED,2025-11-21,NO_RESPONSE,
M016,C0000350,2025-10-13,EXPOSED,2025-10-31,NO_RESPONSE,
M016,C0000611,2025-10-13,EXPOSED,2025-10-14,NO_RESPONSE,
M016,C0000647,2025-10-13,EXPOSED,2025-10-24,NO_RESPONSE,
M016,C0001184,2025-10-13,EXPOSED,2025-10-31,NEUTRAL,2025-11-08
M016,C0001868,2025-10-13,EXPOSED,2025-12-04,POSITIVE,2025-12-09
M016,C0002812,2025-10-13,EXPOSED,2025-10-24,NEGATIVE,2025-11-12
M016,C0004167,2025-10-13,EXPOSED,2025-11-12,NO_RESPONSE,
M016,C0004228,2025-10-13,EXPOSED,2025-10-22,POSITIVE,2025-10-26
M016,C0004569,2025-10-13,NOT_EXPOSED,,,
M016,C0004672,2025-10-13,EXPOSED,2025-11-16,NO_RESPONSE,
M016,C0006114,2025-10-13,EXPOSED,2025-10-21,NO_RESPONSE,
M016,C0006164,2025-10-13,EXPOSED,2025-10-19,NO_RESPONSE,
M016,C0006291,2025-10-13,EXPOSED,2025-10-17,NEUTRAL,2025-10-19
M016,C0007041,2025-10-13,NOT_EXPOSED,,,
M016,C0008046,2025-10-13,EXPOSED,2025-11-17,NO_RESPONSE,
M016,C0008167,2025-10-13,EXPOSED,2025-11-05,NO_RESPONSE,
M016,C0008332,2025-10-13,NOT_EXPOSED,,,
M016,C0010483,2025-10-13,EXPOSED,2025-10-17,POSITIVE,2025-10-25
M016,C0010485,2025-10-13,EXPOSED,2025-10-30,NO_RESPONSE,
M016,C0011591,2025-10-13,EXPOSED,2025-10-15,POSITIVE,2025-10-19
M016,C0012888,2025-10-13,EXPOSED,2025-12-04,NO_RESPONSE,
M016,C0013091,2025-10-13,EXPOSED,2025-11-15,NO_RESPONSE,
M016,C0014663,2025-10-13,NOT_EXPOSED,,,
M016,C0014881,2025-10-13,EXPOSED,2025-10-31,NO_RESPONSE,
M016,C0015559,2025-10-13,NOT_EXPOSED,,,
M016,C0015813,2025-10-13,EXPOSED,2025-11-06,NO_RESPONSE,
M016,C0016008,2025-10-13,EXPOSED,2025-10-23,NEGATIVE,2025-10-29
M016,C0016217,2025-10-13,EXPOSED,2025-11-12,NO_RESPONSE,
M016,C0016955,2025-10-13,EXPOSED,2025-10-31,NO_RESPONSE,
M016,C0017086,2025-10-13,EXPOSED,2025-11-13,NO_RESPONSE,
M016,C0017358,2025-10-13,EXPOSED,2025-11-01,NO_RESPONSE,
M016,C0017698,2025-10-13,EXPOSED,2025-10-18,NO_RESPONSE,
M016,C0018104,2025-10-13,EXPOSED,2025-11-10,NO_RESPONSE,
M016,C0019425,2025-10-13,EXPOSED,2025-11-26,NO_RESPONSE,
M016,C0019605,2025-10-13,EXPOSED,2025-11-04,NO_RESPONSE,
M016,C0019726,2025-10-13,NOT_EXPOSED,,,
M016,C0019733,2025-10-13,EXPOSED,2025-11-22,NO_RESPONSE,
M016,C0000004,2025-10-14,EXPOSED,2025-11-05,NO_RESPONSE,
M016,C0001271,2025-10-14,EXPOSED,2025-10-23,NEUTRAL,2025-10-26
M016,C0001578,2025-10-14,EXPOSED,2025-10-23,NEGATIVE,2025-10-28
M016,C0001579,2025-10-14,EXPOSED,2025-11-05,NO_RESPONSE,
M016,C0001611,2025-10-14,EXPOSED,2025-11-05,NO_RESPONSE,
M016,C0003035,2025-10-14,EXPOSED,2025-12-01,NO_RESPONSE,
M016,C0004834,2025-10-14,EXPOSED,2025-11-07,NO_RESPONSE,
M016,C0005678,2025-10-14,EXPOSED,2025-11-25,NO_RESPONSE,
M016,C0005806,2025-10-14,EXPOSED,2025-11-12,NO_RESPONSE,
M016,C0006170,2025-10-14,EXPOSED,2025-10-31,NO_RESPONSE,
M016,C0006215,2025-10-14,EXPOSED,2025-10-28,NO_RESPONSE,
M016,C0007891,2025-10-14,EXPOSED,2025-10-20,NO_RESPONSE,
M016,C0008485,2025-10-14,EXPOSED,2025-10-19,NO_RESPONSE,
M016,C0008606,2025-10-14,EXPOSED,2025-11-06,NO_RESPONSE,
M016,C0009374,2025-10-14,EXPOSED,2025-11-18,NO_RESPONSE,
M016,C0009941,2025-10-14,EXPOSED,2025-12-02,NEGATIVE,2025-12-06
M016,C0010093,2025-10-14,EXPOSED,2025-10-21,NEGATIVE,2025-10-23
M016,C0010751,2025-10-14,EXPOSED,2025-10-24,NO_RESPONSE,
M016,C0011471,2025-10-14,EXPOSED,2025-11-01,NO_RESPONSE,
M016,C0011843,2025-10-14,EXPOSED,2025-11-07,NO_RESPONSE,
M016,C0012581,2025-10-14,EXPOSED,2025-11-11,NO_RESPONSE,
M016,C0012839,2025-10-14,EXPOSED,2025-10-22,NEUTRAL,2025-10-23
M016,C0013161,2025-10-14,EXPOSED,2025-11-08,NO_RESPONSE,
M016,C0013514,2025-10-14,EXPOSED,2025-10-29,POSITIVE,2025-11-03
M016,C0013543,2025-10-14,EXPOSED,2025-11-19,NO_RESPONSE,
M016,C0013674,2025-10-14,EXPOSED,2025-10-24,NO_RESPONSE,
M016,C0013747,2025-10-14,EXPOSED,2025-10-23,POSITIVE,2025-10-25
M016,C0014129,2025-10-14,EXPOSED,2025-10-21,NO_RESPONSE,
M016,C0014605,2025-10-14,EXPOSED,2025-11-02,NO_RESPONSE,
M016,C0014812,2025-10-14,EXPOSED,2025-11-22,POSITIVE,2025-11-25
M016,C0016422,2025-10-14,EXPOSED,2025-12-03,NO_RESPONSE,
M016,C0016655,2025-10-14,EXPOSED,2025-11-11,NO_RESPONSE,
M016,C0016696,2025-10-14,EXPOSED,2025-11-02,NO_RESPONSE,
M016,C0016856,2025-10-14,EXPOSED,2025-12-10,NO_RESPONSE,
M016,C0017089,2025-10-14,EXPOSED,2025-11-10,NO_RESPONSE,
M016,C0017119,2025-10-14,EXPOSED,2025-10-30,NO_RESPONSE,
M016,C0017263,2025-10-14,EXPOSED,2025-11-20,NO_RESPONSE,
M016,C0017734,2025-10-14,EXPOSED,2025-11-04,NO_RESPONSE,
M016,C0018609,2025-10-14,EXPOSED,2025-10-16,NO_RESPONSE,
M016,C0018811,2025-10-14,EXPOSED,2025-11-23,NO_RESPONSE,
M016,C0018910,2025-10-14,EXPOSED,2025-11-02,NO_RESPONSE,
M016,C0019059,2025-10-14,EXPOSED,2025-11-07,NO_RESPONSE,
M016,C0019266,2025-10-14,EXPOSED,2025-10-15,NO_RESPONSE,
M016,C0019325,2025-10-14,EXPOSED,2025-11-02,NO_RESPONSE,
M016,C0019770,2025-10-14,EXPOSED,2025-10-20,NO_RESPONSE,
M016,C0019876,2025-10-14,EXPOSED,2025-11-02,NO_RESPONSE,
M016,C0000246,2025-10-15,EXPOSED,2025-11-17,POSITIVE,2025-11-27
M016,C0001506,2025-10-15,EXPOSED,2025-10-17,NO_RESPONSE,
M016,C0001593,2025-10-15,EXPOSED,2025-11-19,NO_RESPONSE,
M016,C0002147,2025-10-15,EXPOSED,2025-11-21,NO_RESPONSE,
M016,C0002308,2025-10-15,EXPOSED,2025-10-25,NO_RESPONSE,
M016,C0002933,2025-10-15,EXPOSED,2025-10-29,NO_RESPONSE,
M016,C0004000,2025-10-15,EXPOSED,2025-11-21,NEGATIVE,2025-12-02
M016,C0004437,2025-10-15,EXPOSED,2025-11-23,NO_RESPONSE,
M016,C0004998,2025-10-15,EXPOSED,2025-10-18,NO_RESPONSE,
M016,C0007591,2025-10-15,EXPOSED,2025-10-20,NO_RESPONSE,
M016,C0008020,2025-10-15,EXPOSED,2025-11-25,NO_RESPONSE,
M016,C0008321,2025-10-15,NOT_EXPOSED,,,
M016,C0008879,2025-10-15,EXPOSED,2025-11-16,NO_RESPONSE,
M016,C0009906,2025-10-15,NOT_EXPOSED,,,
M016,C0010708,2025-10-15,EXPOSED,2025-11-15,NO_RESPONSE,
M016,C0012080,2025-10-15,EXPOSED,2025-12-03,NEUTRAL,2025-12-06
M016,C0012194,2025-10-15,EXPOSED,2025-10-21,NO_RESPONSE,
M016,C0012615,2025-10-15,NOT_EXPOSED,,,
M016,C0012643,2025-10-15,EXPOSED,2025-11-26,NO_RESPONSE,
M016,C0013351,2025-10-15,NOT_EXPOSED,,,
M016,C0013374,2025-10-15,EXPOSED,2025-10-30,NEUTRAL,2025-11-05
M016,C0013807,2025-10-15,EXPOSED,2025-11-04,NO_RESPONSE,
M016,C0013989,2025-10-15,EXPOSED,2025-11-02,NO_RESPONSE,
M016,C0014134,2025-10-15,EXPOSED,2025-10-18,NO_RESPONSE,
M016,C0014350,2025-10-15,EXPOSED,2025-10-20,NO_RESPONSE,
M016,C0015269,2025-10-15,EXPOSED,2025-10-21,NEGATIVE,2025-10-22
M016,C0015391,2025-10-15,EXPOSED,2025-11-09,NO_RESPONSE,
M016,C0015761,2025-10-15,EXPOSED,2025-11-10,NEUTRAL,2025-11-13
M016,C0016567,2025-10-15,EXPOSED,2025-11-20,NO_RESPONSE,
M016,C0016618,2025-10-15,NOT_EXPOSED,,,
M016,C0016642,2025-10-15,EXPOSED,2025-11-16,NO_RESPONSE,
M016,C0017445,2025-10-15,EXPOSED,2025-10-31,NO_RESPONSE,
M016,C0017558,2025-10-15,EXPOSED,2025-11-22,NO_RESPONSE,
M016,C0017932,2025-10-15,EXPOSED,2025-10-18,NO_RESPONSE,
M016,C0018500,2025-10-15,NOT_EXPOSED,,,
M016,C0000874,2025-10-16,EXPOSED,2025-11-17,NO_RESPONSE,
M016,C0001446,2025-10-16,EXPOSED,2025-10-22,NO_RESPONSE,
M016,C0001538,2025-10-16,EXPOSED,2025-11-04,NO_RESPONSE,
M016,C0002064,2025-10-16,EXPOSED,2025-11-21,NO_RESPONSE,
M016,C0002766,2025-10-16,EXPOSED,2025-11-10,NO_RESPONSE,
M016,C0002835,2025-10-16,EXPOSED,2025-11-28,POSITIVE,2025-12-06
M016,C0003962,2025-10-16,EXPOSED,2025-11-25,NO_RESPONSE,
M016,C0004162,2025-10-16,EXPOSED,2025-11-13,NO_RESPONSE,
M016,C0004396,2025-10-16,EXPOSED,2025-11-07,NO_RESPONSE,
M016,C0004578,2025-10-16,EXPOSED,2025-11-02,NO_RESPONSE,
M016,C0004949,2025-10-16,EXPOSED,2025-10-28,NO_RESPONSE,
M016,C0006756,2025-10-16,EXPOSED,2025-11-06,NO_RESPONSE,
M016,C0007992,2025-10-16,EXPOSED,2025-11-18,NO_RESPONSE,
M016,C0008094,2025-10-16,EXPOSED,2025-12-02,NO_RESPONSE,
M016,C0008665,2025-10-16,EXPOSED,2025-10-31,POSITIVE,2025-11-06
M016,C0008765,2025-10-16,EXPOSED,2025-12-05,NO_RESPONSE,
M016,C0009743,2025-10-16,EXPOSED,2025-10-24,NO_RESPONSE,
M016,C0009830,2025-10-16,EXPOSED,2025-10-22,NO_RESPONSE,
M016,C0009908,2025-10-16,EXPOSED,2025-10-30,NO_RESPONSE,
M016,C0009937,2025-10-16,EXPOSED,2025-11-25,NEGATIVE,2025-11-27
M016,C0009993,2025-10-16,EXPOSED,2025-11-07,NO_RESPONSE,
M016,C0010187,2025-10-16,EXPOSED,2025-10-22,NO_RESPONSE,
M016,C0010356,2025-10-16,EXPOSED,2025-10-24,NO_RESPONSE,
M016,C0011720,2025-10-16,EXPOSED,2025-12-06,POSITIVE,2025-12-21
M016,C0012652,2025-10-16,EXPOSED,2025-11-07,POSITIVE,2025-11-08
M016,C0012751,2025-10-16,EXPOSED,2025-11-04,NO_RESPONSE,
M016,C0013879,2025-10-16,NOT_EXPOSED,,,
M016,C0014137,2025-10-16,EXPOSED,2025-11-13,NO_RESPONSE,
M016,C0014737,2025-10-16,EXPOSED,2025-10-28,NO_RESPONSE,
M016,C0015100,2025-10-16,EXPOSED,2025-11-01,NO_RESPONSE,
M016,C0015619,2025-10-16,EXPOSED,2025-10-19,NO_RESPONSE,
M016,C0016135,2025-10-16,EXPOSED,2025-10-17,NO_RESPONSE,
M016,C0016932,2025-10-16,EXPOSED,2025-10-26,NO_RESPONSE,
M016,C0017085,2025-10-16,NOT_EXPOSED,,,
M016,C0018222,2025-10-16,EXPOSED,2025-11-12,POSITIVE,2025-11-19
M016,C0018464,2025-10-16,EXPOSED,2025-11-14,NO_RESPONSE,
M016,C0018677,2025-10-16,EXPOSED,2025-11-05,NO_RESPONSE,
M016,C0018826,2025-10-16,EXPOSED,2025-11-28,NO_RESPONSE,
M016,C0018949,2025-10-16,EXPOSED,2025-11-23,NO_RESPONSE,
M016,C0018958,2025-10-16,EXPOSED,2025-10-24,NO_RESPONSE,
M016,C0000304,2025-10-17,EXPOSED,2025-11-13,NO_RESPONSE,
M016,C0000320,2025-10-17,EXPOSED,2025-12-05,NO_RESPONSE,
M016,C0001015,2025-10-17,NOT_EXPOSED,,,
M016,C0001546,2025-10-17,NOT_EXPOSED,,,
M016,C0002605,2025-10-17,EXPOSED,2025-11-22,NO_RESPONSE,
M016,C0003272,2025-10-17,EXPOSED,2025-11-28,NO_RESPONSE,
M016,C0003345,2025-10-17,EXPOSED,2025-10-21,NO_RESPONSE,
M016,C0003657,2025-10-17,EXPOSED,2025-11-20,NO_RESPONSE,
M016,C0004612,2025-10-17,EXPOSED,2025-11-22,POSITIVE,2025-12-08
M016,C0004848,2025-10-17,EXPOSED,2025-11-23,NO_RESPONSE,
M016,C0005028,2025-10-17,NOT_EXPOSED,,,
M016,C0007567,2025-10-17,EXPOSED,2025-11-11,NO_RESPONSE,
M016,C0009526,2025-10-17,EXPOSED,2025-11-02,NO_RESPONSE,
M016,C0010227,2025-10-17,EXPOSED,2025-11-21,NO_RESPONSE,
M016,C0010521,2025-10-17,EXPOSED,2025-11-01,NO_RESPONSE,
M016,C0011267,2025-10-17,EXPOSED,2025-12-09,NO_RESPONSE,
M016,C0012034,2025-10-17,NOT_EXPOSED,,,
M016,C0012739,2025-10-17,EXPOSED,2025-11-14,NO_RESPONSE,
M016,C0012857,2025-10-17,NOT_EXPOSED,,,
M016,C0013044,2025-10-17,EXPOSED,2025-11-11,NO_RESPONSE,
M016,C0013508,2025-10-17,NOT_EXPOSED,,,
M016,C0014679,2025-10-17,EXPOSED,2025-11-13,NO_RESPONSE,
M016,C0015365,2025-10-17,EXPOSED,2025-11-09,NO_RESPONSE,
M016,C0015503,2025-10-17,EXPOSED,2025-10-27,POSITIVE,2025-11-02
M016,C0015737,2025-10-17,NOT_EXPOSED,,,
M016,C0016972,2025-10-17,EXPOSED,2025-12-06,NO_RESPONSE,
M016,C0017828,2025-10-17,EXPOSED,2025-10-27,NO_RESPONSE,
M016,C0017895,2025-10-17,EXPOSED,2025-10-28,POSITIVE,2025-10-29
M016,C0017960,2025-10-17,EXPOSED,2025-11-07,NO_RESPONSE,
M016,C0018177,2025-10-17,EXPOSED,2025-11-28,POSITIVE,2025-12-11
M016,C0018195,2025-10-17,EXPOSED,2025-11-20,NO_RESPONSE,
M016,C0018942,2025-10-17,EXPOSED,2025-10-26,NO_RESPONSE,
M016,C0019319,2025-10-17,EXPOSED,2025-12-09,NO_RESPONSE,
M016,C0019678,2025-10-17,NOT_EXPOSED,,,
M016,C0000013,2025-10-18,EXPOSED,2025-10-23,NO_RESPONSE,
M016,C0000077,2025-10-18,EXPOSED,2025-11-07,NO_RESPONSE,
M016,C0001469,2025-10-18,EXPOSED,2025-11-01,NO_RESPONSE,
M016,C0001657,2025-10-18,EXPOSED,2025-10-31,NO_RESPONSE,
M016,C0001697,2025-10-18,EXPOSED,2025-11-17,NO_RESPONSE,
M016,C0002085,2025-10-18,EXPOSED,2025-11-14,NO_RESPONSE,
M016,C0002403,2025-10-18,EXPOSED,2025-11-06,NO_RESPONSE,
M016,C0003936,2025-10-18,EXPOSED,2025-10-21,NEUTRAL,2025-10-22
M016,C0004380,2025-10-18,EXPOSED,2025-12-06,NO_RESPONSE,
M016,C0004478,2025-10-18,EXPOSED,2025-10-29,POSITIVE,2025-11-07
M016,C0004556,2025-10-18,EXPOSED,2025-11-01,NO_RESPONSE,
M016,C0004792,2025-10-18,EXPOSED,2025-12-04,NO_RESPONSE,
M016,C0005361,2025-10-18,EXPOSED,2025-11-13,NEGATIVE,2025-11-17
M016,C0005406,2025-10-18,EXPOSED,2025-10-22,POSITIVE,2025-10-29
M016,C0006869,2025-10-18,EXPOSED,2025-11-06,NO_RESPONSE,
M016,C0007506,2025-10-18,EXPOSED,2025-11-12,NO_RESPONSE,
M016,C0008440,2025-10-18,NOT_EXPOSED,,,
M016,C0008977,2025-10-18,EXPOSED,2025-11-02,NEGATIVE,2025-11-04
M016,C0009359,2025-10-18,EXPOSED,2025-10-26,NO_RESPONSE,
M016,C0009891,2025-10-18,EXPOSED,2025-11-25,NO_RESPONSE,
M016,C0010919,2025-10-18,EXPOSED,2025-10-19,NO_RESPONSE,
M016,C0012093,2025-10-18,EXPOSED,2025-11-29,POSITIVE,2025-12-05
M016,C0013353,2025-10-18,EXPOSED,2025-10-30,NO_RESPONSE,
M016,C0013905,2025-10-18,EXPOSED,2025-11-24,NO_RESPONSE,
M016,C0014199,2025-10-18,EXPOSED,2025-11-03,NO_RESPONSE,
M016,C0016023,2025-10-18,EXPOSED,2025-11-23,NEGATIVE,2025-11-29
M016,C0016176,2025-10-18,EXPOSED,2025-11-05,NO_RESPONSE,
M016,C0016223,2025-10-18,EXPOSED,2025-11-05,NO_RESPONSE,
M016,C0016798,2025-10-18,EXPOSED,2025-11-25,NO_RESPONSE,
M016,C0017942,2025-10-18,EXPOSED,2025-11-09,NO_RESPONSE,
M016,C0018040,2025-10-18,EXPOSED,2025-10-27,NO_RESPONSE,
M016,C0018503,2025-10-18,EXPOSED,2025-11-10,POSITIVE,2025-11-15
M016,C0018563,2025-10-18,EXPOSED,2025-10-22,NO_RESPONSE,
M016,C0018693,2025-10-18,EXPOSED,2025-11-24,NO_RESPONSE,
M016,C0018799,2025-10-18,EXPOSED,2025-11-10,NO_RESPONSE,
M016,C0019180,2025-10-18,EXPOSED,2025-11-13,NO_RESPONSE,
M016,C0019336,2025-10-18,EXPOSED,2025-12-02,NO_RESPONSE,
M016,C0019895,2025-10-18,EXPOSED,2025-11-04,NO_RESPONSE,
M016,C0000163,2025-10-19,EXPOSED,2025-10-29,NEUTRAL,2025-11-11
M016,C0001718,2025-10-19,NOT_EXPOSED,,,
M016,C0002652,2025-10-19,EXPOSED,2025-11-27,NO_RESPONSE,
M016,C0003422,2025-10-19,EXPOSED,2025-11-02,NO_RESPONSE,
M016,C0004525,2025-10-19,EXPOSED,2025-10-24,NO_RESPONSE,
M016,C0005572,2025-10-19,EXPOSED,2025-11-03,NO_RESPONSE,
M016,C0005892,2025-10-19,EXPOSED,2025-11-02,NO_RESPONSE,
M016,C0007487,2025-10-19,EXPOSED,2025-11-14,NO_RESPONSE,
M016,C0008106,2025-10-19,EXPOSED,2025-11-19,NO_RESPONSE,
M016,C0008166,2025-10-19,EXPOSED,2025-11-05,NO_RESPONSE,
M016,C0008316,2025-10-19,EXPOSED,2025-11-18,NO_RESPONSE,
M016,C0009192,2025-10-19,EXPOSED,2025-10-29,POSITIVE,2025-11-04
M016,C0010284,2025-10-19,EXPOSED,2025-11-10,NO_RESPONSE,
M016,C0011501,2025-10-19,EXPOSED,2025-10-20,NO_RESPONSE,
M016,C0011579,2025-10-19,EXPOSED,2025-11-30,NO_RESPONSE,
M016,C0011938,2025-10-19,EXPOSED,2025-11-06,POSITIVE,2025-11-08
M016,C0012148,2025-10-19,NOT_EXPOSED,,,
M016,C0013293,2025-10-19,EXPOSED,2025-11-16,NO_RESPONSE,
M016,C0014061,2025-10-19,EXPOSED,2025-10-20,POSITIVE,2025-10-29
M016,C0014591,2025-10-19,EXPOSED,2025-10-24,NEUTRAL,2025-10-28
M016,C0014656,2025-10-19,EXPOSED,2025-11-11,NO_RESPONSE,
M016,C0015860,2025-10-19,EXPOSED,2025-11-20,NO_RESPONSE,
M016,C0016194,2025-10-19,EXPOSED,2025-11-23,NO_RESPONSE,
M016,C0017987,2025-10-19,EXPOSED,2025-11-04,NO_RESPONSE,
M016,C0019398,2025-10-19,EXPOSED,2025-11-15,NEGATIVE,2025-11-18
M016,C0000602,2025-10-20,EXPOSED,2025-10-27,NO_RESPONSE,
M016,C0001048,2025-10-20,EXPOSED,2025-11-10,NO_RESPONSE,
M016,C0001214,2025-10-20,EXPOSED,2025-11-02,NO_RESPONSE,
M016,C0001993,2025-10-20,EXPOSED,2025-12-02,POSITIVE,2025-12-17
M016,C0003353,2025-10-20,EXPOSED,2025-11-20,NEUTRAL,2025-11-21
M016,C0004526,2025-10-20,EXPOSED,2025-10-31,NO_RESPONSE,
M016,C0004559,2025-10-20,EXPOSED,2025-11-29,NO_RESPONSE,
M016,C0004675,2025-10-20,EXPOSED,2025-11-17,POSITIVE,2025-11-18
M016,C0004947,2025-10-20,EXPOSED,2025-11-08,NO_RESPONSE,
M016,C0005155,2025-10-20,EXPOSED,2025-11-30,NO_RESPONSE,
M016,C0005293,2025-10-20,EXPOSED,2025-11-02,NO_RESPONSE,
M016,C0006021,2025-10-20,EXPOSED,2025-11-17,POSITIVE,2025-11-17
M016,C0006229,2025-10-20,NOT_EXPOSED,,,
M016,C0007692,2025-10-20,EXPOSED,2025-12-02,NO_RESPONSE,
M016,C0008612,2025-10-20,EXPOSED,2025-10-20,NO_RESPONSE,
M016,C0008814,2025-10-20,EXPOSED,2025-10-28,NEUTRAL,2025-10-30
M016,C0009355,2025-10-20,EXPOSED,2025-11-05,NO_RESPONSE,
M016,C0009987,2025-10-20,EXPOSED,2025-10-23,NO_RESPONSE,
M016,C0010247,2025-10-20,EXPOSED,2025-10-30,NO_RESPONSE,
M016,C0011663,2025-10-20,EXPOSED,2025-11-05,NO_RESPONSE,
M016,C0011920,2025-10-20,EXPOSED,2025-10-22,NO_RESPONSE,
M016,C0012515,2025-10-20,EXPOSED,2025-11-01,NO_RESPONSE,
M016,C0013360,2025-10-20,EXPOSED,2025-10-29,NO_RESPONSE,
M016,C0014168,2025-10-20,NOT_EXPOSED,,,
M016,C0014585,2025-10-20,EXPOSED,2025-11-02,NO_RESPONSE,
M016,C0014589,2025-10-20,EXPOSED,2025-12-06,NO_RESPONSE,
M016,C0016420,2025-10-20,EXPOSED,2025-10-25,NO_RESPONSE,
M016,C0016918,2025-10-20,EXPOSED,2025-11-08,NO_RESPONSE,
M016,C0016950,2025-10-20,EXPOSED,2025-10-27,NO_RESPONSE,
M016,C0018844,2025-10-20,EXPOSED,2025-11-12,NO_RESPONSE,
M016,C0019316,2025-10-20,NOT_EXPOSED,,,
M016,C0000180,2025-10-21,EXPOSED,2025-11-14,NO_RESPONSE,
M016,C0001502,2025-10-21,EXPOSED,2025-11-14,NO_RESPONSE,
M016,C0002475,2025-10-21,EXPOSED,2025-10-25,NO_RESPONSE,
M016,C0002532,2025-10-21,EXPOSED,2025-11-16,NO_RESPONSE,
M016,C0002773,2025-10-21,EXPOSED,2025-11-14,NO_RESPONSE,
M016,C0003062,2025-10-21,NOT_EXPOSED,,,
M016,C0003125,2025-10-21,EXPOSED,2025-11-06,NO_RESPONSE,
M016,C0003693,2025-10-21,EXPOSED,2025-11-06,NEUTRAL,2025-11-07
M016,C0004011,2025-10-21,EXPOSED,2025-11-15,NO_RESPONSE,
M016,C0004175,2025-10-21,EXPOSED,2025-11-27,NEUTRAL,2025-12-22
M016,C0004952,2025-10-21,EXPOSED,2025-11-30,POSITIVE,2025-12-05
M016,C0005041,2025-10-21,EXPOSED,2025-12-06,POSITIVE,2025-12-11
M016,C0005950,2025-10-21,EXPOSED,2025-10-25,NO_RESPONSE,
M016,C0006052,2025-10-21,EXPOSED,2025-11-14,NO_RESPONSE,
M016,C0006608,2025-10-21,EXPOSED,2025-11-24,NO_RESPONSE,
M016,C0006649,2025-10-21,NOT_EXPOSED,,,
M016,C0007718,2025-10-21,EXPOSED,2025-10-29,NO_RESPONSE,
M016,C0008549,2025-10-21,EXPOSED,2025-11-07,NO_RESPONSE,
M016,C0009629,2025-10-21,EXPOSED,2025-11-10,NO_RESPONSE,
M016,C0010469,2025-10-21,EXPOSED,2025-10-27,NO_RESPONSE,
M016,C0010771,2025-10-21,NOT_EXPOSED,,,
M016,C0011341,2025-10-21,EXPOSED,2025-11-23,NO_RESPONSE,
M016,C0011574,2025-10-21,EXPOSED,2025-11-05,NO_RESPONSE,
M016,C0012680,2025-10-21,EXPOSED,2025-11-30,NO_RESPONSE,
M016,C0014047,2025-10-21,EXPOSED,2025-10-28,NO_RESPONSE,
M016,C0014430,2025-10-21,NOT_EXPOSED,,,
M016,C0015104,2025-10-21,EXPOSED,2025-11-19,NO_RESPONSE,
M016,C0015264,2025-10-21,EXPOSED,2025-11-06,NO_RESPONSE,
M016,C0015891,2025-10-21,EXPOSED,2025-11-11,NO_RESPONSE,
M016,C0016557,2025-10-21,EXPOSED,2025-10-25,NEUTRAL,2025-11-01
M016,C0016820,2025-10-21,EXPOSED,2025-12-07,NEUTRAL,2025-12-07
M016,C0016928,2025-10-21,EXPOSED,2025-10-25,NO_RESPONSE,
M016,C0018403,2025-10-21,EXPOSED,2025-11-09,NO_RESPONSE,
M016,C0018955,2025-10-21,EXPOSED,2025-12-04,POSITIVE,2025-12-09
M016,C0019262,2025-10-21,EXPOSED,2025-11-08,NO_RESPONSE,
M016,C0019518,2025-10-21,EXPOSED,2025-10-31,NO_RESPONSE,
M016,C0019606,2025-10-21,EXPOSED,2025-11-30,NO_RESPONSE,
M016,C0019929,2025-10-21,EXPOSED,2025-11-17,NO_RESPONSE,
M016,C0000659,2025-10-22,EXPOSED,2025-11-20,NO_RESPONSE,
M016,C0001178,2025-10-22,EXPOSED,2025-11-08,NO_RESPONSE,
M016,C0001405,2025-10-22,NOT_EXPOSED,,,
M016,C0002756,2025-10-22,EXPOSED,2025-12-01,NEGATIVE,2025-12-06
M016,C0002845,2025-10-22,EXPOSED,2025-11-11,NO_RESPONSE,
M016,C0003280,2025-10-22,EXPOSED,2025-12-01,NO_RESPONSE,
M016,C0003925,2025-10-22,EXPOSED,2025-10-24,NO_RESPONSE,
M016,C0004056,2025-10-22,EXPOSED,2025-11-24,NO_RESPONSE,
M016,C0004106,2025-10-22,EXPOSED,2025-11-21,NO_RESPONSE,
M016,C0004813,2025-10-22,EXPOSED,2025-11-20,NO_RESPONSE,
M016,C0005644,2025-10-22,EXPOSED,2025-11-10,NO_RESPONSE,
M016,C0005798,2025-10-22,EXPOSED,2025-10-24,NO_RESPONSE,
M016,C0005816,2025-10-22,EXPOSED,2025-12-03,NO_RESPONSE,
M016,C0006001,2025-10-22,EXPOSED,2025-11-19,NO_RESPONSE,
M016,C0006940,2025-10-22,EXPOSED,2025-10-23,NO_RESPONSE,
M016,C0007581,2025-10-22,EXPOSED,2025-10-26,NO_RESPONSE,
M016,C0008618,2025-10-22,EXPOSED,2025-11-05,NO_RESPONSE,
M016,C0008785,2025-10-22,NOT_EXPOSED,,,
M016,C0008837,2025-10-22,EXPOSED,2025-10-24,NO_RESPONSE,
M016,C0009886,2025-10-22,EXPOSED,2025-12-13,NO_RESPONSE,
M016,C0010440,2025-10-22,EXPOSED,2025-11-28,NO_RESPONSE,
M016,C0010734,2025-10-22,NOT_EXPOSED,,,
M016,C0010812,2025-10-22,EXPOSED,2025-11-14,POSITIVE,2025-11-16
M016,C0011465,2025-10-22,EXPOSED,2025-10-24,NO_RESPONSE,
M016,C0013093,2025-10-22,EXPOSED,2025-11-10,NO_RESPONSE,
M016,C0013498,2025-10-22,EXPOSED,2025-11-13,POSITIVE,2025-11-18
M016,C0013726,2025-10-22,EXPOSED,2025-11-18,NO_RESPONSE,
M016,C0015294,2025-10-22,EXPOSED,2025-11-19,NEGATIVE,2025-11-27
M016,C0017624,2025-10-22,NOT_EXPOSED,,,
M016,C0017729,2025-10-22,EXPOSED,2025-10-24,NO_RESPONSE,
M016,C0018260,2025-10-22,EXPOSED,2025-11-28,NO_RESPONSE,
M016,C0019839,2025-10-22,EXPOSED,2025-11-21,NO_RESPONSE,
M016,C0001368,2025-10-23,EXPOSED,2025-11-09,NO_RESPONSE,
M016,C0001731,2025-10-23,EXPOSED,2025-11-03,NO_RESPONSE,
M016,C0001905,2025-10-23,EXPOSED,2025-11-14,NO_RESPONSE,
M016,C0002775,2025-10-23,EXPOSED,2025-11-22,NO_RESPONSE,
M016,C0002776,2025-10-23,EXPOSED,2025-11-04,NO_RESPONSE,
M016,C0003222,2025-10-23,EXPOSED,2025-11-09,NO_RESPONSE,
M016,C0003226,2025-10-23,EXPOSED,2025-11-06,NO_RESPONSE,
M016,C0003400,2025-10-23,EXPOSED,2025-11-25,NO_RESPONSE,
M016,C0004681,2025-10-23,EXPOSED,2025-11-13,NO_RESPONSE,
M016,C0005550,2025-10-23,NOT_EXPOSED,,,
M016,C0006550,2025-10-23,EXPOSED,2025-10-25,NO_RESPONSE,
M016,C0006596,2025-10-23,EXPOSED,2025-11-11,NO_RESPONSE,
M016,C0007682,2025-10-23,NOT_EXPOSED,,,
M016,C0008009,2025-10-23,NOT_EXPOSED,,,
M016,C0008178,2025-10-23,EXPOSED,2025-10-24,NO_RESPONSE,
M016,C0009871,2025-10-23,EXPOSED,2025-11-14,POSITIVE,2025-11-19
M016,C0010079,2025-10-23,EXPOSED,2025-11-02,NO_RESPONSE,
M016,C0010457,2025-10-23,EXPOSED,2025-10-24,NO_RESPONSE,
M016,C0013119,2025-10-23,EXPOSED,2025-11-23,NO_RESPONSE,
M016,C0013197,2025-10-23,EXPOSED,2025-11-20,NO_RESPONSE,
M016,C0013788,2025-10-23,EXPOSED,2025-11-25,NO_RESPONSE,
M016,C0015250,2025-10-23,NOT_EXPOSED,,,
M016,C0015686,2025-10-23,EXPOSED,2025-12-11,NO_RESPONSE,
M016,C0017243,2025-10-23,EXPOSED,2025-11-21,NO_RESPONSE,
M016,C0017250,2025-10-23,EXPOSED,2025-11-10,POSITIVE,2025-11-16
M016,C0017602,2025-10-23,EXPOSED,2025-11-05,NEUTRAL,2025-11-12
M016,C0017717,2025-10-23,EXPOSED,2025-11-28,NO_RESPONSE,
M016,C0017951,2025-10-23,EXPOSED,2025-10-26,NO_RESPONSE,
M016,C0018867,2025-10-23,EXPOSED,2025-10-31,NO_RESPONSE,
M016,C0000514,2025-10-24,EXPOSED,2025-11-15,NO_RESPONSE,
M016,C0000593,2025-10-24,EXPOSED,2025-11-21,NO_RESPONSE,
M016,C0001053,2025-10-24,EXPOSED,2025-10-30,NO_RESPONSE,
M016,C0003207,2025-10-24,NOT_EXPOSED,,,
M016,C0004423,2025-10-24,EXPOSED,2025-12-05,NO_RESPONSE,
M016,C0005603,2025-10-24,NOT_EXPOSED,,,
M016,C0006053,2025-10-24,EXPOSED,2025-11-11,NO_RESPONSE,
M016,C0006225,2025-10-24,EXPOSED,2025-10-28,NO_RESPONSE,
M016,C0006324,2025-10-24,EXPOSED,2025-11-08,NEUTRAL,2025-11-09
M016,C0006532,2025-10-24,EXPOSED,2025-11-21,NO_RESPONSE,
M016,C0006951,2025-10-24,EXPOSED,2025-10-29,NO_RESPONSE,
M016,C0007541,2025-10-24,EXPOSED,2025-11-22,NO_RESPONSE,
M016,C0007765,2025-10-24,EXPOSED,2025-11-06,NO_RESPONSE,
M016,C0008552,2025-10-24,EXPOSED,2025-11-10,POSITIVE,2025-11-21
M016,C0010124,2025-10-24,EXPOSED,2025-11-08,NO_RESPONSE,
M016,C0010335,2025-10-24,EXPOSED,2025-11-09,NO_RESPONSE,
M016,C0010613,2025-10-24,NOT_EXPOSED,,,
M016,C0010953,2025-10-24,EXPOSED,2025-11-19,NO_RESPONSE,
M016,C0011220,2025-10-24,EXPOSED,2025-11-14,NO_RESPONSE,
M016,C0013681,2025-10-24,NOT_EXPOSED,,,
M016,C0014604,2025-10-24,EXPOSED,2025-11-26,NO_RESPONSE,
M016,C0014667,2025-10-24,EXPOSED,2025-11-11,NO_RESPONSE,
M016,C0015356,2025-10-24,NOT_EXPOSED,,,
M016,C0016600,2025-10-24,EXPOSED,2025-11-27,NEUTRAL,2025-12-09
M016,C0019052,2025-10-24,EXPOSED,2025-11-14,NO_RESPONSE,
M016,C0019479,2025-10-24,EXPOSED,2025-11-14,NO_RESPONSE,
M016,C0000060,2025-10-25,EXPOSED,2025-12-09,NO_RESPONSE,
M016,C0000245,2025-10-25,NOT_EXPOSED,,,
M016,C0000332,2025-10-25,EXPOSED,2025-11-17,NO_RESPONSE,
M016,C0001054,2025-10-25,EXPOSED,2025-11-06,POSITIVE,2025-11-07
M016,C0001634,2025-10-25,EXPOSED,2025-11-09,NO_RESPONSE,
M016,C0003449,2025-10-25,EXPOSED,2025-11-09,NO_RESPONSE,
M016,C0003859,2025-10-25,EXPOSED,2025-11-10,NO_RESPONSE,
M016,C0005749,2025-10-25,EXPOSED,2025-11-01,NO_RESPONSE,
M016,C0005753,2025-10-25,EXPOSED,2025-11-01,NO_RESPONSE,
M016,C0005860,2025-10-25,EXPOSED,2025-10-26,NO_RESPONSE,
M016,C0005867,2025-10-25,EXPOSED,2025-10-31,NO_RESPONSE,
M016,C0006098,2025-10-25,EXPOSED,2025-11-03,NO_RESPONSE,
M016,C0006163,2025-10-25,EXPOSED,2025-10-31,NO_RESPONSE,
M016,C0006952,2025-10-25,EXPOSED,2025-11-23,NO_RESPONSE,
M016,C0007055,2025-10-25,EXPOSED,2025-11-19,NO_RESPONSE,
M016,C0010386,2025-10-25,NOT_EXPOSED,,,
M016,C0010853,2025-10-25,EXPOSED,2025-11-13,NO_RESPONSE,
M016,C0011768,2025-10-25,EXPOSED,2025-11-15,NO_RESPONSE,
M016,C0012075,2025-10-25,EXPOSED,2025-12-10,NO_RESPONSE,
M016,C0012616,2025-10-25,EXPOSED,2025-11-10,NEUTRAL,2025-11-14
M016,C0013209,2025-10-25,EXPOSED,2025-11-08,NO_RESPONSE,
M016,C0013599,2025-10-25,EXPOSED,2025-10-28,NO_RESPONSE,
M016,C0013741,2025-10-25,EXPOSED,2025-10-27,NO_RESPONSE,
M016,C0013974,2025-10-25,EXPOSED,2025-11-30,NO_RESPONSE,
M016,C0014328,2025-10-25,EXPOSED,2025-11-16,NO_RESPONSE,
M016,C0014511,2025-10-25,EXPOSED,2025-11-15,NO_RESPONSE,
M016,C0014830,2025-10-25,EXPOSED,2025-12-01,NEUTRAL,2025-12-09
M016,C0015878,2025-10-25,EXPOSED,2025-10-30,NO_RESPONSE,
M016,C0016411,2025-10-25,EXPOSED,2025-11-28,NO_RESPONSE,
M016,C0016869,2025-10-25,EXPOSED,2025-11-02,NO_RESPONSE,
M016,C0018760,2025-10-25,EXPOSED,2025-11-10,NO_RESPONSE,
M016,C0018792,2025-10-25,EXPOSED,2025-11-02,NO_RESPONSE,
M016,C0019429,2025-10-25,EXPOSED,2025-11-09,NO_RESPONSE,
M016,C0019964,2025-10-25,EXPOSED,2025-11-18,NO_RESPONSE,
M016,C0000507,2025-10-26,EXPOSED,2025-11-24,NO_RESPONSE,
M016,C0001865,2025-10-26,EXPOSED,2025-11-19,NO_RESPONSE,
M016,C0002297,2025-10-26,EXPOSED,2025-11-20,NO_RESPONSE,
M016,C0002828,2025-10-26,EXPOSED,2025-11-12,NO_RESPONSE,
M016,C0002973,2025-10-26,EXPOSED,2025-11-06,NO_RESPONSE,
M016,C0003128,2025-10-26,EXPOSED,2025-11-03,NO_RESPONSE,
M016,C0003964,2025-10-26,NOT_EXPOSED,,,
M016,C0004046,2025-10-26,EXPOSED,2025-11-13,NO_RESPONSE,
M016,C0004382,2025-10-26,EXPOSED,2025-11-20,NO_RESPONSE,
M016,C0004630,2025-10-26,EXPOSED,2025-11-03,NO_RESPONSE,
M016,C0006279,2025-10-26,EXPOSED,2025-12-07,NO_RESPONSE,
M016,C0007266,2025-10-26,NOT_EXPOSED,,,
M016,C0008511,2025-10-26,EXPOSED,2025-11-14,NO_RESPONSE,
M016,C0008914,2025-10-26,EXPOSED,2025-10-29,NO_RESPONSE,
M016,C0008960,2025-10-26,EXPOSED,2025-11-05,NO_RESPONSE,
M016,C0011060,2025-10-26,EXPOSED,2025-11-20,NO_RESPONSE,
M016,C0011625,2025-10-26,EXPOSED,2025-11-17,NO_RESPONSE,
M016,C0011934,2025-10-26,EXPOSED,2025-11-14,NO_RESPONSE,
M016,C0013950,2025-10-26,EXPOSED,2025-11-12,NO_RESPONSE,
M016,C0014115,2025-10-26,EXPOSED,2025-11-25,NO_RESPONSE,
M016,C0015656,2025-10-26,EXPOSED,2025-11-14,NO_RESPONSE,
M016,C0016066,2025-10-26,EXPOSED,2025-11-14,NO_RESPONSE,
M016,C0016604,2025-10-26,NOT_EXPOSED,,,
M016,C0016789,2025-10-26,EXPOSED,2025-11-17,NO_RESPONSE,
M016,C0018120,2025-10-26,EXPOSED,2025-12-12,NEUTRAL,2025-12-18
M016,C0018467,2025-10-26,EXPOSED,2025-10-29,NO_RESPONSE,
M016,C0019885,2025-10-26,EXPOSED,2025-10-26,NO_RESPONSE,
M016,C0000179,2025-10-27,EXPOSED,2025-11-01,NO_RESPONSE,
M016,C0001017,2025-10-27,NOT_EXPOSED,,,
M016,C0002288,2025-10-27,EXPOSED,2025-11-16,NO_RESPONSE,
M016,C0002384,2025-10-27,EXPOSED,2025-12-02,NEGATIVE,2025-12-11
M016,C0003087,2025-10-27,NOT_EXPOSED,,,
M016,C0004492,2025-10-27,EXPOSED,2025-11-17,NO_RESPONSE,
M016,C0005331,2025-10-27,EXPOSED,2025-11-11,NO_RESPONSE,
M016,C0006188,2025-10-27,EXPOSED,2025-11-08,NO_RESPONSE,
M016,C0006587,2025-10-27,EXPOSED,2025-11-21,NO_RESPONSE,
M016,C0007784,2025-10-27,EXPOSED,2025-11-30,NO_RESPONSE,
M016,C0009943,2025-10-27,EXPOSED,2025-10-28,NO_RESPONSE,
M016,C0010056,2025-10-27,EXPOSED,2025-11-08,NEUTRAL,2025-11-16
M016,C0011386,2025-10-27,EXPOSED,2025-11-01,POSITIVE,2025-11-04
M016,C0012810,2025-10-27,EXPOSED,2025-10-31,NO_RESPONSE,
M016,C0013959,2025-10-27,EXPOSED,2025-11-10,NO_RESPONSE,
M016,C0015332,2025-10-27,EXPOSED,2025-11-04,NO_RESPONSE,
M016,C0015611,2025-10-27,EXPOSED,2025-11-01,NO_RESPONSE,
M016,C0015730,2025-10-27,EXPOSED,2025-10-31,NO_RESPONSE,
M016,C0015817,2025-10-27,EXPOSED,2025-11-05,NO_RESPONSE,
M016,C0016283,2025-10-27,EXPOSED,2025-11-24,NO_RESPONSE,
M016,C0016772,2025-10-27,EXPOSED,2025-11-13,NO_RESPONSE,
M016,C0018785,2025-10-27,EXPOSED,2025-11-22,NO_RESPONSE,
M016,C0000127,2025-10-28,EXPOSED,2025-12-12,NO_RESPONSE,
M016,C0000518,2025-10-28,EXPOSED,2025-11-04,POSITIVE,2025-11-07
M016,C0000649,2025-10-28,EXPOSED,2025-11-05,NO_RESPONSE,
M016,C0000895,2025-10-28,EXPOSED,2025-11-14,NO_RESPONSE,
M016,C0001183,2025-10-28,EXPOSED,2025-11-09,NEUTRAL,2025-11-25
M016,C0001708,2025-10-28,EXPOSED,2025-10-30,NO_RESPONSE,
M016,C0004039,2025-10-28,EXPOSED,2025-12-07,NO_RESPONSE,
M016,C0004284,2025-10-28,NOT_EXPOSED,,,
M016,C0005665,2025-10-28,EXPOSED,2025-11-13,POSITIVE,2025-11-15
M016,C0008087,2025-10-28,EXPOSED,2025-11-12,NO_RESPONSE,
M016,C0008864,2025-10-28,EXPOSED,2025-10-30,NO_RESPONSE,
M016,C0009537,2025-10-28,EXPOSED,2025-12-02,NO_RESPONSE,
M016,C0010025,2025-10-28,EXPOSED,2025-11-11,NO_RESPONSE,
M016,C0010160,2025-10-28,EXPOSED,2025-11-02,NO_RESPONSE,
M016,C0010687,2025-10-28,EXPOSED,2025-11-20,NO_RESPONSE,
M016,C0014188,2025-10-28,EXPOSED,2025-11-15,NO_RESPONSE,
M016,C0014229,2025-10-28,EXPOSED,2025-11-09,NO_RESPONSE,
M016,C0014426,2025-10-28,EXPOSED,2025-11-02,NEUTRAL,2025-11-12
M016,C0014506,2025-10-28,NOT_EXPOSED,,,
M016,C0014575,2025-10-28,EXPOSED,2025-11-22,NO_RESPONSE,
M016,C0014972,2025-10-28,EXPOSED,2025-11-26,NO_RESPONSE,
M016,C0015950,2025-10-28,EXPOSED,2025-10-31,NO_RESPONSE,
M016,C0015953,2025-10-28,EXPOSED,2025-11-24,NO_RESPONSE,
M016,C0016112,2025-10-28,EXPOSED,2025-11-12,NO_RESPONSE,
M016,C0016580,2025-10-28,EXPOSED,2025-11-21,NO_RESPONSE,
M016,C0017274,2025-10-28,EXPOSED,2025-11-24,NO_RESPONSE,
M016,C0018763,2025-10-28,EXPOSED,2025-11-15,NO_RESPONSE,
M016,C0000809,2025-10-29,EXPOSED,2025-11-04,NO_RESPONSE,
M016,C0000903,2025-10-29,EXPOSED,2025-12-01,NO_RESPONSE,
M016,C0001276,2025-10-29,EXPOSED,2025-11-02,NEGATIVE,2025-11-05
M016,C0002112,2025-10-29,EXPOSED,2025-12-03,NO_RESPONSE,
M016,C0003760,2025-10-29,EXPOSED,2025-11-19,NO_RESPONSE,
M016,C0004652,2025-10-29,EXPOSED,2025-11-14,NO_RESPONSE,
M016,C0004658,2025-10-29,EXPOSED,2025-11-21,NO_RESPONSE,
M016,C0004884,2025-10-29,EXPOSED,2025-12-11,POSITIVE,2025-12-21
M016,C0005436,2025-10-29,EXPOSED,2025-11-15,NO_RESPONSE,
M016,C0006394,2025-10-29,EXPOSED,2025-11-04,NO_RESPONSE,
M016,C0007074,2025-10-29,NOT_EXPOSED,,,
M016,C0007622,2025-10-29,EXPOSED,2025-12-02,NEUTRAL,2025-12-09
M016,C0007905,2025-10-29,EXPOSED,2025-11-20,NO_RESPONSE,
M016,C0008217,2025-10-29,NOT_EXPOSED,,,
M016,C0008753,2025-10-29,EXPOSED,2025-12-03,NO_RESPONSE,
M016,C0009114,2025-10-29,NOT_EXPOSED,,,
M016,C0009132,2025-10-29,EXPOSED,2025-11-03,POSITIVE,2025-11-06
M016,C0009180,2025-10-29,EXPOSED,2025-12-06,NEUTRAL,2025-12-08
M016,C0009624,2025-10-29,NOT_EXPOSED,,,
M016,C0011380,2025-10-29,NOT_EXPOSED,,,
M016,C0011656,2025-10-29,EXPOSED,2025-11-08,NO_RESPONSE,
M016,C0011916,2025-10-29,EXPOSED,2025-11-25,NO_RESPONSE,
M016,C0012127,2025-10-29,EXPOSED,2025-12-08,NO_RESPONSE,
M016,C0012549,2025-10-29,EXPOSED,2025-11-15,NO_RESPONSE,
M016,C0012565,2025-10-29,EXPOSED,2025-11-06,POSITIVE,2025-11-10
M016,C0013112,2025-10-29,EXPOSED,2025-11-18,NO_RESPONSE,
M016,C0014613,2025-10-29,EXPOSED,2025-10-30,NO_RESPONSE,
M016,C0015207,2025-10-29,EXPOSED,2025-11-16,NO_RESPONSE,
M016,C0016608,2025-10-29,EXPOSED,2025-11-09,NO_RESPONSE,
M016,C0018854,2025-10-29,EXPOSED,2025-11-24,NO_RESPONSE,
M016,C0000210,2025-10-30,EXPOSED,2025-11-19,NO_RESPONSE,
M016,C0000786,2025-10-30,EXPOSED,2025-11-22,NO_RESPONSE,
M016,C0001747,2025-10-30,EXPOSED,2025-12-06,NO_RESPONSE,
M016,C0002623,2025-10-30,EXPOSED,2025-11-05,NO_RESPONSE,
M016,C0003044,2025-10-30,EXPOSED,2025-12-04,NEUTRAL,2025-12-05
M016,C0003241,2025-10-30,EXPOSED,2025-11-17,NO_RESPONSE,
M016,C0003254,2025-10-30,EXPOSED,2025-11-15,NO_RESPONSE,
M016,C0003791,2025-10-30,EXPOSED,2025-12-01,NO_RESPONSE,
M016,C0003831,2025-10-30,NOT_EXPOSED,,,
M016,C0006166,2025-10-30,NOT_EXPOSED,,,
M016,C0006949,2025-10-30,EXPOSED,2025-11-13,NO_RESPONSE,
M016,C0007477,2025-10-30,NOT_EXPOSED,,,
M016,C0008699,2025-10-30,EXPOSED,2025-12-01,NO_RESPONSE,
M016,C0011178,2025-10-30,EXPOSED,2025-11-25,NO_RESPONSE,
M016,C0011221,2025-10-30,EXPOSED,2025-12-01,NO_RESPONSE,
M016,C0012378,2025-10-30,EXPOSED,2025-11-13,NO_RESPONSE,
M016,C0012671,2025-10-30,EXPOSED,2025-12-08,NO_RESPONSE,
M016,C0013267,2025-10-30,EXPOSED,2025-11-28,POSITIVE,2025-12-03
M016,C0015268,2025-10-30,EXPOSED,2025-11-12,NO_RESPONSE,
M016,C0015408,2025-10-30,EXPOSED,2025-11-09,NO_RESPONSE,
M016,C0015741,2025-10-30,EXPOSED,2025-11-23,NO_RESPONSE,
M016,C0016409,2025-10-30,EXPOSED,2025-11-23,NO_RESPONSE,
M016,C0017065,2025-10-30,EXPOSED,2025-11-11,NO_RESPONSE,
M016,C0017561,2025-10-30,NOT_EXPOSED,,,
M016,C0018622,2025-10-30,NOT_EXPOSED,,,
M016,C0019031,2025-10-30,EXPOSED,2025-11-05,NO_RESPONSE,
M016,C0019112,2025-10-30,EXPOSED,2025-12-07,NO_RESPONSE,
M016,C0019736,2025-10-30,EXPOSED,2025-11-16,NO_RESPONSE,
M016,C0000021,2025-10-31,EXPOSED,2025-11-23,NO_RESPONSE,
M016,C0000475,2025-10-31,EXPOSED,2025-12-02,NO_RESPONSE,
M016,C0001086,2025-10-31,EXPOSED,2025-11-01,NO_RESPONSE,
M016,C0001462,2025-10-31,EXPOSED,2025-11-15,NO_RESPONSE,
M016,C0002039,2025-10-31,EXPOSED,2025-11-23,NO_RESPONSE,
M016,C0002139,2025-10-31,EXPOSED,2025-11-03,NO_RESPONSE,
M016,C0002248,2025-10-31,EXPOSED,2025-11-05,NO_RESPONSE,
M016,C0002594,2025-10-31,EXPOSED,2025-11-08,NO_RESPONSE,
M016,C0003698,2025-10-31,NOT_EXPOSED,,,
M016,C0007669,2025-10-31,NOT_EXPOSED,,,
M016,C0008922,2025-10-31,EXPOSED,2025-11-12,NO_RESPONSE,
M016,C0010773,2025-10-31,EXPOSED,2025-12-01,NO_RESPONSE,
M016,C0011431,2025-10-31,NOT_EXPOSED,,,
M016,C0011451,2025-10-31,EXPOSED,2025-11-07,POSITIVE,2025-11-17
M016,C0013767,2025-10-31,EXPOSED,2025-11-05,NEUTRAL,2025-11-20
M016,C0014351,2025-10-31,EXPOSED,2025-12-01,NO_RESPONSE,
M016,C0015013,2025-10-31,EXPOSED,2025-11-16,NO_RESPONSE,
M016,C0015199,2025-10-31,EXPOSED,2025-11-10,NO_RESPONSE,
M016,C0015406,2025-10-31,EXPOSED,2025-11-14,POSITIVE,2025-11-20
M016,C0016460,2025-10-31,EXPOSED,2025-11-22,NO_RESPONSE,
M016,C0016478,2025-10-31,EXPOSED,2025-11-11,NEGATIVE,2025-11-13
M016,C0017431,2025-10-31,EXPOSED,2025-11-04,NEUTRAL,2025-11-12
M016,C0017836,2025-10-31,EXPOSED,2025-11-02,POSITIVE,2025-11-15
M016,C0018954,2025-10-31,EXPOSED,2025-11-18,POSITIVE,2025-11-20
M016,C0019867,2025-10-31,EXPOSED,2025-11-18,NO_RESPONSE,
M016,C0001160,2025-11-01,EXPOSED,2025-11-19,NO_RESPONSE,
M016,C0001305,2025-11-01,EXPOSED,2025-11-04,NO_RESPONSE,
M016,C0003282,2025-11-01,EXPOSED,2025-11-22,NO_RESPONSE,
M016,C0003475,2025-11-01,EXPOSED,2025-11-13,NO_RESPONSE,
M016,C0003654,2025-11-01,EXPOSED,2025-11-21,NO_RESPONSE,
M016,C0004206,2025-11-01,EXPOSED,2025-11-28,NEGATIVE,2025-12-02
M016,C0008033,2025-11-01,EXPOSED,2025-11-07,NO_RESPONSE,
M016,C0008117,2025-11-01,EXPOSED,2025-12-01,NO_RESPONSE,
M016,C0008242,2025-11-01,EXPOSED,2025-11-02,NO_RESPONSE,
M016,C0009191,2025-11-01,EXPOSED,2025-11-02,NO_RESPONSE,
M016,C0009376,2025-11-01,EXPOSED,2025-12-01,NO_RESPONSE,
M016,C0010937,2025-11-01,EXPOSED,2025-11-11,NO_RESPONSE,
M016,C0011062,2025-11-01,EXPOSED,2025-11-24,NEGATIVE,2025-11-27
M016,C0011264,2025-11-01,NOT_EXPOSED,,,
M016,C0011436,2025-11-01,EXPOSED,2025-11-07,NO_RESPONSE,
M016,C0012952,2025-11-01,EXPOSED,2025-11-08,NO_RESPONSE,
M016,C0013356,2025-11-01,EXPOSED,2025-11-17,NO_RESPONSE,
M016,C0013462,2025-11-01,EXPOSED,2025-11-20,NO_RESPONSE,
M016,C0013898,2025-11-01,EXPOSED,2025-11-25,NO_RESPONSE,
M016,C0014599,2025-11-01,NOT_EXPOSED,,,
M016,C0016572,2025-11-01,EXPOSED,2025-11-12,NO_RESPONSE,
M016,C0018168,2025-11-01,EXPOSED,2025-11-23,NO_RESPONSE,
M016,C0019347,2025-11-01,EXPOSED,2025-11-29,NO_RESPONSE,
M016,C0019919,2025-11-01,EXPOSED,2025-11-09,NO_RESPONSE,
M016,C0000852,2025-11-02,EXPOSED,2025-11-19,NO_RESPONSE,
M016,C0001399,2025-11-02,EXPOSED,2025-12-06,NO_RESPONSE,
M016,C0001548,2025-11-02,EXPOSED,2025-11-21,NO_RESPONSE,
M016,C0002633,2025-11-02,EXPOSED,2025-11-13,NO_RESPONSE,
M016,C0003397,2025-11-02,EXPOSED,2025-11-08,NO_RESPONSE,
M016,C0003442,2025-11-02,EXPOSED,2025-11-29,NO_RESPONSE,
M016,C0004146,2025-11-02,EXPOSED,2025-11-16,NO_RESPONSE,
M016,C0005158,2025-11-02,EXPOSED,2025-11-07,NO_RESPONSE,
M016,C0005319,2025-11-02,EXPOSED,2025-11-20,NO_RESPONSE,
M016,C0006689,2025-11-02,EXPOSED,2025-11-06,NO_RESPONSE,
M016,C0007411,2025-11-02,NOT_EXPOSED,,,
M016,C0007703,2025-11-02,EXPOSED,2025-12-05,NO_RESPONSE,
M016,C0008949,2025-11-02,EXPOSED,2025-12-08,NO_RESPONSE,
M016,C0009111,2025-11-02,EXPOSED,2025-11-26,NO_RESPONSE,
M016,C0009926,2025-11-02,NOT_EXPOSED,,,
M016,C0010792,2025-11-02,EXPOSED,2025-11-07,NO_RESPONSE,
M016,C0011664,2025-11-02,EXPOSED,2025-12-09,NO_RESPONSE,
M016,C0012598,2025-11-02,NOT_EXPOSED,,,
M016,C0013131,2025-11-02,EXPOSED,2025-11-12,NO_RESPONSE,
M016,C0013427,2025-11-02,EXPOSED,2025-11-20,NO_RESPONSE,
M016,C0014808,2025-11-02,EXPOSED,2025-11-28,NO_RESPONSE,
M016,C0016070,2025-11-02,NOT_EXPOSED,,,
M016,C0016161,2025-11-02,EXPOSED,2025-11-05,NO_RESPONSE,
M016,C0018099,2025-11-02,EXPOSED,2025-11-20,NO_RESPONSE,
M016,C0000747,2025-11-03,EXPOSED,2025-11-15,NO_RESPONSE,
M016,C0001249,2025-11-03,EXPOSED,2025-12-06,NO_RESPONSE,
M016,C0001317,2025-11-03,NOT_EXPOSED,,,
M016,C0002490,2025-11-03,EXPOSED,2025-12-13,NO_RESPONSE,
M016,C0003260,2025-11-03,EXPOSED,2025-11-17,NO_RESPONSE,
M016,C0003529,2025-11-03,EXPOSED,2025-11-06,NO_RESPONSE,
M016,C0003888,2025-11-03,EXPOSED,2025-11-27,NO_RESPONSE,
M016,C0004156,2025-11-03,EXPOSED,2025-11-24,NO_RESPONSE,
M016,C0005309,2025-11-03,EXPOSED,2025-11-19,POSITIVE,2025-11-21
M016,C0006136,2025-11-03,EXPOSED,2025-12-05,POSITIVE,2025-12-09
M016,C0007080,2025-11-03,EXPOSED,2025-12-08,NO_RESPONSE,
M016,C0007671,2025-11-03,EXPOSED,2025-11-07,NO_RESPONSE,
M016,C0008058,2025-11-03,EXPOSED,2025-11-30,NO_RESPONSE,
M016,C0008083,2025-11-03,EXPOSED,2025-11-25,NO_RESPONSE,
M016,C0009370,2025-11-03,NOT_EXPOSED,,,
M016,C0010244,2025-11-03,EXPOSED,2025-11-09,NO_RESPONSE,
M016,C0010310,2025-11-03,EXPOSED,2025-11-09,NO_RESPONSE,
M016,C0010395,2025-11-03,EXPOSED,2025-11-10,NO_RESPONSE,
M016,C0010622,2025-11-03,EXPOSED,2025-11-30,NO_RESPONSE,
M016,C0010764,2025-11-03,EXPOSED,2025-11-14,NO_RESPONSE,
M016,C0011706,2025-11-03,EXPOSED,2025-12-06,NO_RESPONSE,
M016,C0012141,2025-11-03,EXPOSED,2025-11-09,NO_RESPONSE,
M016,C0012411,2025-11-03,EXPOSED,2025-12-14,NO_RESPONSE,
M016,C0012503,2025-11-03,EXPOSED,2025-12-07,NO_RESPONSE,
M016,C0013122,2025-11-03,EXPOSED,2025-12-07,NO_RESPONSE,
M016,C0014724,2025-11-03,EXPOSED,2025-12-03,NO_RESPONSE,
M016,C0014876,2025-11-03,EXPOSED,2025-11-18,NO_RESPONSE,
M016,C0015132,2025-11-03,EXPOSED,2025-11-13,POSITIVE,2025-11-15
M016,C0015423,2025-11-03,EXPOSED,2025-11-27,POSITIVE,2025-12-05
M016,C0016541,2025-11-03,EXPOSED,2025-11-15,NO_RESPONSE,
M016,C0017316,2025-11-03,EXPOSED,2025-11-14,NO_RESPONSE,
M016,C0017633,2025-11-03,EXPOSED,2025-11-06,NO_RESPONSE,
M016,C0018131,2025-11-03,EXPOSED,2025-11-29,NEUTRAL,2025-12-12
M016,C0018865,2025-11-03,EXPOSED,2025-11-20,NO_RESPONSE,
M016,C0019420,2025-11-03,EXPOSED,2025-11-13,NO_RESPONSE,
M016,C0000094,2025-11-04,EXPOSED,2025-11-12,NO_RESPONSE,
M016,C0000820,2025-11-04,NOT_EXPOSED,,,
M016,C0000923,2025-11-04,EXPOSED,2025-12-01,NEGATIVE,2025-12-07
M016,C0001059,2025-11-04,EXPOSED,2025-11-04,NEUTRAL,2025-11-06
M016,C0001126,2025-11-04,EXPOSED,2025-11-15,NO_RESPONSE,
M016,C0002292,2025-11-04,EXPOSED,2025-11-23,NO_RESPONSE,
M016,C0002761,2025-11-04,EXPOSED,2025-11-30,NO_RESPONSE,
M016,C0003294,2025-11-04,EXPOSED,2025-11-07,NO_RESPONSE,
M016,C0003322,2025-11-04,EXPOSED,2025-11-08,NO_RESPONSE,
M016,C0004009,2025-11-04,EXPOSED,2025-11-23,NO_RESPONSE,
M016,C0004137,2025-11-04,NOT_EXPOSED,,,
M016,C0005284,2025-11-04,EXPOSED,2025-11-24,NO_RESPONSE,
M016,C0005327,2025-11-04,EXPOSED,2025-11-29,POSITIVE,2025-12-02
M016,C0005468,2025-11-04,EXPOSED,2025-11-23,NO_RESPONSE,
M016,C0005831,2025-11-04,EXPOSED,2025-11-10,NEGATIVE,2025-11-18
M016,C0006586,2025-11-04,EXPOSED,2025-11-21,NO_RESPONSE,
M016,C0007664,2025-11-04,EXPOSED,2025-11-09,NO_RESPONSE,
M016,C0007856,2025-11-04,EXPOSED,2025-11-11,NO_RESPONSE,
M016,C0008062,2025-11-04,EXPOSED,2025-12-04,NO_RESPONSE,
M016,C0009391,2025-11-04,EXPOSED,2025-11-14,POSITIVE,2025-11-29
M016,C0011139,2025-11-04,EXPOSED,2025-11-25,NO_RESPONSE,
M016,C0013437,2025-11-04,EXPOSED,2025-11-24,POSITIVE,2025-11-29
M016,C0013589,2025-11-04,EXPOSED,2025-11-08,NO_RESPONSE,
M016,C0013889,2025-11-04,EXPOSED,2025-11-05,NO_RESPONSE,
M016,C0014803,2025-11-04,EXPOSED,2025-11-23,NO_RESPONSE,
M016,C0014924,2025-11-04,EXPOSED,2025-11-20,NO_RESPONSE,
M016,C0016563,2025-11-04,EXPOSED,2025-11-22,NEUTRAL,2025-11-27
M016,C0016837,2025-11-04,EXPOSED,2025-12-11,NO_RESPONSE,
M016,C0017245,2025-11-04,EXPOSED,2025-11-23,NO_RESPONSE,
M016,C0017690,2025-11-04,EXPOSED,2025-11-17,NO_RESPONSE,
M016,C0018218,2025-11-04,EXPOSED,2025-11-10,NO_RESPONSE,
M016,C0018616,2025-11-04,NOT_EXPOSED,,,
M016,C0019245,2025-11-04,EXPOSED,2025-11-30,POSITIVE,2025-12-07
M016,C0000096,2025-11-05,EXPOSED,2025-11-28,NO_RESPONSE,
M016,C0000140,2025-11-05,EXPOSED,2025-11-21,NO_RESPONSE,
M016,C0001342,2025-11-05,EXPOSED,2025-11-26,NO_RESPONSE,
M016,C0001971,2025-11-05,EXPOSED,2025-12-10,NO_RESPONSE,
M016,C0002931,2025-11-05,EXPOSED,2025-12-04,NO_RESPONSE,
M016,C0003550,2025-11-05,NOT_EXPOSED,,,
M016,C0004619,2025-11-05,EXPOSED,2025-11-28,NO_RESPONSE,
M016,C0006024,2025-11-05,EXPOSED,2025-11-17,NEUTRAL,2025-11-21
M016,C0006606,2025-11-05,EXPOSED,2025-11-13,NO_RESPONSE,
M016,C0007774,2025-11-05,EXPOSED,2025-11-26,NO_RESPONSE,
M016,C0008159,2025-11-05,EXPOSED,2025-11-25,POSITIVE,2025-11-29
M016,C0009336,2025-11-05,EXPOSED,2025-11-17,NEUTRAL,2025-11-18
M016,C0009674,2025-11-05,EXPOSED,2025-11-17,NO_RESPONSE,
M016,C0009788,2025-11-05,EXPOSED,2025-11-07,NO_RESPONSE,
M016,C0010488,2025-11-05,EXPOSED,2025-12-04,NO_RESPONSE,
M016,C0010846,2025-11-05,NOT_EXPOSED,,,
M016,C0011963,2025-11-05,EXPOSED,2025-11-09,NO_RESPONSE,
M016,C0014111,2025-11-05,EXPOSED,2025-11-22,NO_RESPONSE,
M016,C0014761,2025-11-05,EXPOSED,2025-11-10,NO_RESPONSE,
M016,C0015318,2025-11-05,EXPOSED,2025-11-23,NO_RESPONSE,
M016,C0017470,2025-11-05,EXPOSED,2025-11-15,NEUTRAL,2025-11-20
M016,C0017880,2025-11-05,EXPOSED,2025-12-06,NO_RESPONSE,
M016,C0019243,2025-11-05,EXPOSED,2025-11-06,NO_RESPONSE,
M016,C0001550,2025-11-06,EXPOSED,2025-11-14,NO_RESPONSE,
M016,C0003765,2025-11-06,EXPOSED,2025-11-27,NO_RESPONSE,
M016,C0003937,2025-11-06,EXPOSED,2025-11-13,NO_RESPONSE,
M016,C0005662,2025-11-06,EXPOSED,2025-11-08,POSITIVE,2025-11-10
M016,C0006441,2025-11-06,EXPOSED,2025-11-17,NO_RESPONSE,
M016,C0007030,2025-11-06,EXPOSED,2025-11-12,POSITIVE,2025-11-14
M016,C0007528,2025-11-06,EXPOSED,2025-11-23,NO_RESPONSE,
M016,C0009103,2025-11-06,EXPOSED,2025-11-11,NO_RESPONSE,
M016,C0009451,2025-11-06,EXPOSED,2025-11-22,POSITIVE,2025-11-26
M016,C0009484,2025-11-06,NOT_EXPOSED,,,
M016,C0010032,2025-11-06,EXPOSED,2025-11-18,NO_RESPONSE,
M016,C0010077,2025-11-06,EXPOSED,2025-11-21,NO_RESPONSE,
M016,C0010528,2025-11-06,EXPOSED,2025-11-15,NO_RESPONSE,
M016,C0014166,2025-11-06,EXPOSED,2025-12-05,NO_RESPONSE,
M016,C0014486,2025-11-06,EXPOSED,2025-11-24,NO_RESPONSE,
M016,C0014671,2025-11-06,EXPOSED,2025-12-02,NEUTRAL,2025-12-06
M016,C0015973,2025-11-06,EXPOSED,2025-11-13,NO_RESPONSE,
M016,C0016486,2025-11-06,EXPOSED,2025-11-11,NO_RESPONSE,
M016,C0017588,2025-11-06,EXPOSED,2025-11-15,POSITIVE,2025-11-16
M016,C0019537,2025-11-06,EXPOSED,2025-11-21,POSITIVE,2025-11-26
M016,C0001944,2025-11-07,EXPOSED,2025-12-02,NO_RESPONSE,
M016,C0002167,2025-11-07,EXPOSED,2025-11-20,NO_RESPONSE,
M016,C0002603,2025-11-07,EXPOSED,2025-11-29,NO_RESPONSE,
M016,C0003389,2025-11-07,EXPOSED,2025-11-30,NO_RESPONSE,
M016,C0003690,2025-11-07,EXPOSED,2025-11-18,NO_RESPONSE,
M016,C0004418,2025-11-07,EXPOSED,2025-11-07,NO_RESPONSE,
M016,C0005228,2025-11-07,EXPOSED,2025-11-19,NO_RESPONSE,
M016,C0005948,2025-11-07,EXPOSED,2025-11-28,NEGATIVE,2025-11-29
M016,C0006295,2025-11-07,EXPOSED,2025-11-14,NO_RESPONSE,
M016,C0006389,2025-11-07,EXPOSED,2025-11-27,NO_RESPONSE,
M016,C0006921,2025-11-07,EXPOSED,2025-11-23,NO_RESPONSE,
M016,C0007341,2025-11-07,EXPOSED,2025-12-04,NO_RESPONSE,
M016,C0007654,2025-11-07,EXPOSED,2025-11-09,NO_RESPONSE,
M016,C0007755,2025-11-07,EXPOSED,2025-11-18,NO_RESPONSE,
M016,C0007857,2025-11-07,EXPOSED,2025-11-21,NO_RESPONSE,
M016,C0009050,2025-11-07,EXPOSED,2025-11-14,NO_RESPONSE,
M016,C0009575,2025-11-07,NOT_EXPOSED,,,
M016,C0009676,2025-11-07,EXPOSED,2025-11-18,NO_RESPONSE,
M016,C0011500,2025-11-07,EXPOSED,2025-11-25,NO_RESPONSE,
M016,C0011682,2025-11-07,EXPOSED,2025-11-23,NO_RESPONSE,
M016,C0011703,2025-11-07,EXPOSED,2025-12-08,NO_RESPONSE,
M016,C0012193,2025-11-07,EXPOSED,2025-12-10,NO_RESPONSE,
M016,C0012763,2025-11-07,EXPOSED,2025-12-07,NO_RESPONSE,
M016,C0016828,2025-11-07,EXPOSED,2025-11-24,NO_RESPONSE,
M016,C0017118,2025-11-07,EXPOSED,2025-11-12,POSITIVE,2025-11-18
M016,C0019701,2025-11-07,NOT_EXPOSED,,,
M016,C0000529,2025-11-08,EXPOSED,2025-11-30,NO_RESPONSE,
M016,C0001545,2025-11-08,EXPOSED,2025-11-17,NO_RESPONSE,
M016,C0002428,2025-11-08,EXPOSED,2025-11-17,NO_RESPONSE,
M016,C0003049,2025-11-08,EXPOSED,2025-11-28,NO_RESPONSE,
M016,C0003822,2025-11-08,EXPOSED,2025-11-16,NO_RESPONSE,
M016,C0003890,2025-11-08,EXPOSED,2025-11-18,NO_RESPONSE,
M016,C0004157,2025-11-08,EXPOSED,2025-11-11,NO_RESPONSE,
M016,C0005079,2025-11-08,EXPOSED,2025-11-19,NO_RESPONSE,
M016,C0005808,2025-11-08,NOT_EXPOSED,,,
M016,C0005985,2025-11-08,NOT_EXPOSED,,,
M016,C0007653,2025-11-08,EXPOSED,2025-11-12,NO_RESPONSE,
M016,C0008369,2025-11-08,EXPOSED,2025-11-24,NEUTRAL,2025-11-27
M016,C0009078,2025-11-08,EXPOSED,2025-11-10,NO_RESPONSE,
M016,C0009149,2025-11-08,EXPOSED,2025-11-26,NO_RESPONSE,
M016,C0009412,2025-11-08,NOT_EXPOSED,,,
M016,C0010311,2025-11-08,EXPOSED,2025-11-14,NO_RESPONSE,
M016,C0010554,2025-11-08,EXPOSED,2025-12-05,NO_RESPONSE,
M016,C0012009,2025-11-08,EXPOSED,2025-11-25,NO_RESPONSE,
M016,C0012035,2025-11-08,EXPOSED,2025-11-28,NO_RESPONSE,
M016,C0012799,2025-11-08,NOT_EXPOSED,,,
M016,C0014709,2025-11-08,EXPOSED,2025-11-20,NO_RESPONSE,
M016,C0015293,2025-11-08,NOT_EXPOSED,,,
M016,C0015521,2025-11-08,EXPOSED,2025-12-04,NO_RESPONSE,
M016,C0015528,2025-11-08,NOT_EXPOSED,,,
M016,C0015695,2025-11-08,EXPOSED,2025-11-27,POSITIVE,2025-12-03
M016,C0016123,2025-11-08,EXPOSED,2025-11-26,POSITIVE,2025-12-01
M016,C0016354,2025-11-08,EXPOSED,2025-11-11,NEUTRAL,2025-11-17
M016,C0016473,2025-11-08,EXPOSED,2025-11-26,NO_RESPONSE,
M016,C0017139,2025-11-08,EXPOSED,2025-12-02,NO_RESPONSE,
M016,C0017589,2025-11-08,EXPOSED,2025-11-23,NO_RESPONSE,
M016,C0018666,2025-11-08,EXPOSED,2025-11-14,POSITIVE,2025-11-16
M016,C0019194,2025-11-08,NOT_EXPOSED,,,
M016,C0000191,2025-11-09,EXPOSED,2025-11-27,NO_RESPONSE,
M016,C0003564,2025-11-09,EXPOSED,2025-11-15,NO_RESPONSE,
M016,C0003574,2025-11-09,EXPOSED,2025-11-22,NO_RESPONSE,
M016,C0003870,2025-11-09,EXPOSED,2025-11-19,NO_RESPONSE,
M016,C0005184,2025-11-09,EXPOSED,2025-11-27,NO_RESPONSE,
M016,C0007160,2025-11-09,NOT_EXPOSED,,,
M016,C0007324,2025-11-09,EXPOSED,2025-11-14,NO_RESPONSE,
M016,C0008862,2025-11-09,EXPOSED,2025-11-15,NO_RESPONSE,
M016,C0009406,2025-11-09,EXPOSED,2025-11-29,NO_RESPONSE,
M016,C0010026,2025-11-09,EXPOSED,2025-11-14,NEGATIVE,2025-11-19
M016,C0011038,2025-11-09,EXPOSED,2025-11-14,NO_RESPONSE,
M016,C0012913,2025-11-09,EXPOSED,2025-11-30,NO_RESPONSE,
M016,C0015287,2025-11-09,EXPOSED,2025-12-11,NO_RESPONSE,
M016,C0015774,2025-11-09,EXPOSED,2025-11-18,NO_RESPONSE,
M016,C0015821,2025-11-09,EXPOSED,2025-11-22,NO_RESPONSE,
M016,C0016472,2025-11-09,EXPOSED,2025-11-16,NO_RESPONSE,
M016,C0017401,2025-11-09,EXPOSED,2025-12-13,NO_RESPONSE,
M016,C0017693,2025-11-09,EXPOSED,2025-11-12,NO_RESPONSE,
M016,C0018645,2025-11-09,EXPOSED,2025-11-10,NO_RESPONSE,
M016,C0000198,2025-11-10,EXPOSED,2025-11-17,NO_RESPONSE,
M016,C0000572,2025-11-10,EXPOSED,2025-11-17,NO_RESPONSE,
M016,C0000841,2025-11-10,EXPOSED,2025-11-30,NEUTRAL,2025-12-08
M016,C0001958,2025-11-10,EXPOSED,2025-12-08,NO_RESPONSE,
M016,C0002745,2025-11-10,EXPOSED,2025-12-05,NO_RESPONSE,
M016,C0003451,2025-11-10,EXPOSED,2025-12-03,NO_RESPONSE,
M016,C0003458,2025-11-10,EXPOSED,2025-11-20,NO_RESPONSE,
M016,C0004730,2025-11-10,EXPOSED,2025-11-16,NO_RESPONSE,
M016,C0005090,2025-11-10,EXPOSED,2025-12-07,NO_RESPONSE,
M016,C0005427,2025-11-10,EXPOSED,2025-11-21,NO_RESPONSE,
M016,C0005620,2025-11-10,EXPOSED,2025-12-08,NO_RESPONSE,
M016,C0005713,2025-11-10,EXPOSED,2025-11-22,NO_RESPONSE,
M016,C0005794,2025-11-10,EXPOSED,2025-11-27,NO_RESPONSE,
M016,C0006653,2025-11-10,EXPOSED,2025-11-29,NEUTRAL,2025-12-01
M016,C0008518,2025-11-10,EXPOSED,2025-11-12,POSITIVE,2025-11-18
M016,C0009935,2025-11-10,EXPOSED,2025-11-23,NO_RESPONSE,
M016,C0010455,2025-11-10,EXPOSED,2025-11-27,NO_RESPONSE,
M016,C0010508,2025-11-10,EXPOSED,2025-11-15,NO_RESPONSE,
M016,C0011009,2025-11-10,EXPOSED,2025-12-01,NO_RESPONSE,
M016,C0012470,2025-11-10,NOT_EXPOSED,,,
M016,C0012661,2025-11-10,EXPOSED,2025-11-17,NO_RESPONSE,
M016,C0013553,2025-11-10,EXPOSED,2025-11-27,NO_RESPONSE,
M016,C0016188,2025-11-10,EXPOSED,2025-11-16,NO_RESPONSE,
M016,C0019037,2025-11-10,EXPOSED,2025-11-29,NEUTRAL,2025-12-07
M016,C0019050,2025-11-10,EXPOSED,2025-11-19,NO_RESPONSE,
M016,C0000380,2025-11-11,EXPOSED,2025-11-22,NO_RESPONSE,
M016,C0001604,2025-11-11,EXPOSED,2025-11-22,POSITIVE,2025-11-30
M016,C0003444,2025-11-11,EXPOSED,2025-12-04,NO_RESPONSE,
M016,C0004506,2025-11-11,EXPOSED,2025-11-13,NO_RESPONSE,
M016,C0006146,2025-11-11,EXPOSED,2025-12-08,NO_RESPONSE,
M016,C0006641,2025-11-11,EXPOSED,2025-12-11,NO_RESPONSE,
M016,C0007155,2025-11-11,EXPOSED,2025-12-07,NO_RESPONSE,
M016,C0007357,2025-11-11,EXPOSED,2025-12-08,NO_RESPONSE,
M016,C0007733,2025-11-11,EXPOSED,2025-12-07,NO_RESPONSE,
M016,C0007999,2025-11-11,EXPOSED,2025-11-22,NO_RESPONSE,
M016,C0008283,2025-11-11,EXPOSED,2025-12-08,NO_RESPONSE,
M016,C0008763,2025-11-11,EXPOSED,2025-12-13,NO_RESPONSE,
M016,C0009809,2025-11-11,EXPOSED,2025-11-22,NO_RESPONSE,
M016,C0009986,2025-11-11,EXPOSED,2025-11-14,NEGATIVE,2025-11-21
M016,C0010980,2025-11-11,EXPOSED,2025-11-22,NO_RESPONSE,
M016,C0011776,2025-11-11,EXPOSED,2025-11-13,NO_RESPONSE,
M016,C0011927,2025-11-11,EXPOSED,2025-11-26,NO_RESPONSE,
M016,C0013806,2025-11-11,EXPOSED,2025-11-25,NO_RESPONSE,
M016,C0014342,2025-11-11,EXPOSED,2025-11-26,NO_RESPONSE,
M016,C0015083,2025-11-11,EXPOSED,2025-12-03,POSITIVE,2025-12-17
M016,C0017149,2025-11-11,EXPOSED,2025-12-03,NO_RESPONSE,
M016,C0017544,2025-11-11,EXPOSED,2025-11-22,POSITIVE,2025-11-25
M016,C0000690,2025-11-12,EXPOSED,2025-11-21,NO_RESPONSE,
M016,C0000880,2025-11-12,EXPOSED,2025-12-01,NO_RESPONSE,
M016,C0002249,2025-11-12,EXPOSED,2025-11-13,NO_RESPONSE,
M016,C0004014,2025-11-12,EXPOSED,2025-11-18,NO_RESPONSE,
M016,C0005067,2025-11-12,EXPOSED,2025-11-26,NO_RESPONSE,
M016,C0007455,2025-11-12,EXPOSED,2025-11-29,NO_RESPONSE,
M016,C0007771,2025-11-12,EXPOSED,2025-11-25,NO_RESPONSE,
M016,C0012297,2025-11-12,EXPOSED,2025-11-20,NO_RESPONSE,
M016,C0013702,2025-11-12,EXPOSED,2025-11-21,NO_RESPONSE,
M016,C0015593,2025-11-12,EXPOSED,2025-11-24,NO_RESPONSE,
M016,C0016121,2025-11-12,EXPOSED,2025-12-10,NO_RESPONSE,
M016,C0016641,2025-11-12,EXPOSED,2025-12-09,NO_RESPONSE,
M016,C0016990,2025-11-12,EXPOSED,2025-11-12,NO_RESPONSE,
M016,C0017122,2025-11-12,EXPOSED,2025-11-24,NEUTRAL,2025-11-29
M016,C0017482,2025-11-12,EXPOSED,2025-12-09,NO_RESPONSE,
M016,C0000383,2025-11-13,EXPOSED,2025-11-20,NO_RESPONSE,
M016,C0001519,2025-11-13,EXPOSED,2025-11-25,NO_RESPONSE,
M016,C0002205,2025-11-13,EXPOSED,2025-11-22,NEGATIVE,2025-11-24
M016,C0002592,2025-11-13,EXPOSED,2025-11-16,NO_RESPONSE,
M016,C0002685,2025-11-13,EXPOSED,2025-11-19,NO_RESPONSE,
M016,C0003182,2025-11-13,EXPOSED,2025-11-28,POSITIVE,2025-12-09
M016,C0004124,2025-11-13,EXPOSED,2025-12-01,NO_RESPONSE,
M016,C0004459,2025-11-13,EXPOSED,2025-12-15,NO_RESPONSE,
M016,C0004847,2025-11-13,EXPOSED,2025-11-25,NO_RESPONSE,
M016,C0005207,2025-11-13,EXPOSED,2025-11-22,NO_RESPONSE,
M016,C0005289,2025-11-13,EXPOSED,2025-12-08,NO_RESPONSE,
M016,C0005760,2025-11-13,EXPOSED,2025-12-08,POSITIVE,2025-12-19
M016,C0005815,2025-11-13,EXPOSED,2025-11-27,POSITIVE,2025-11-29
M016,C0007864,2025-11-13,EXPOSED,2025-12-08,NO_RESPONSE,
M016,C0008177,2025-11-13,EXPOSED,2025-11-15,NO_RESPONSE,
M016,C0009186,2025-11-13,EXPOSED,2025-11-16,NO_RESPONSE,
M016,C0009604,2025-11-13,EXPOSED,2025-11-14,NO_RESPONSE,
M016,C0010615,2025-11-13,EXPOSED,2025-11-18,NO_RESPONSE,
M016,C0011394,2025-11-13,EXPOSED,2025-12-08,NO_RESPONSE,
M016,C0011606,2025-11-13,NOT_EXPOSED,,,
M016,C0012183,2025-11-13,NOT_EXPOSED,,,
M016,C0012463,2025-11-13,NOT_EXPOSED,,,
M016,C0012710,2025-11-13,EXPOSED,2025-11-17,NO_RESPONSE,
M016,C0015102,2025-11-13,EXPOSED,2025-11-17,NO_RESPONSE,
M016,C0015934,2025-11-13,EXPOSED,2025-11-20,NO_RESPONSE,
M016,C0017147,2025-11-13,EXPOSED,2025-12-01,NO_RESPONSE,
M016,C0018425,2025-11-13,EXPOSED,2025-11-26,POSITIVE,2025-12-03
M016,C0018831,2025-11-13,EXPOSED,2025-11-17,NO_RESPONSE,
M016,C0001555,2025-11-14,EXPOSED,2025-11-21,NO_RESPONSE,
M016,C0003184,2025-11-14,EXPOSED,2025-12-07,POSITIVE,2025-12-08
M016,C0003431,2025-11-14,EXPOSED,2025-11-22,NO_RESPONSE,
M016,C0004168,2025-11-14,EXPOSED,2025-11-27,NO_RESPONSE,
M016,C0006303,2025-11-14,EXPOSED,2025-11-20,NO_RESPONSE,
M016,C0006876,2025-11-14,NOT_EXPOSED,,,
M016,C0007203,2025-11-14,EXPOSED,2025-11-26,POSITIVE,2025-11-28
M016,C0007434,2025-11-14,EXPOSED,2025-11-18,NO_RESPONSE,
M016,C0008601,2025-11-14,EXPOSED,2025-11-24,NO_RESPONSE,
M016,C0008805,2025-11-14,EXPOSED,2025-11-21,NEGATIVE,2025-12-01
M016,C0009133,2025-11-14,EXPOSED,2025-11-17,NO_RESPONSE,
M016,C0011752,2025-11-14,EXPOSED,2025-11-25,NO_RESPONSE,
M016,C0012441,2025-11-14,EXPOSED,2025-11-26,NO_RESPONSE,
M016,C0013725,2025-11-14,EXPOSED,2025-12-05,NO_RESPONSE,
M016,C0015064,2025-11-14,EXPOSED,2025-11-20,NO_RESPONSE,
M016,C0015498,2025-11-14,EXPOSED,2025-12-04,NO_RESPONSE,
M016,C0015856,2025-11-14,EXPOSED,2025-11-30,NO_RESPONSE,
M016,C0017405,2025-11-14,EXPOSED,2025-11-24,NEGATIVE,2025-11-25
M016,C0017582,2025-11-14,EXPOSED,2025-12-04,NO_RESPONSE,
M016,C0019095,2025-11-14,EXPOSED,2025-12-04,NO_RESPONSE,
M016,C0019131,2025-11-14,EXPOSED,2025-12-05,NO_RESPONSE,
M016,C0001273,2025-11-15,EXPOSED,2025-11-25,NO_RESPONSE,
M016,C0001568,2025-11-15,EXPOSED,2025-11-23,POSITIVE,2025-11-28
M016,C0001880,2025-11-15,EXPOSED,2025-11-22,NEUTRAL,2025-11-25
M016,C0002218,2025-11-15,EXPOSED,2025-11-29,POSITIVE,2025-12-01
M016,C0002884,2025-11-15,EXPOSED,2025-11-18,NO_RESPONSE,
M016,C0003195,2025-11-15,EXPOSED,2025-11-24,NO_RESPONSE,
M016,C0003286,2025-11-15,EXPOSED,2025-12-01,POSITIVE,2025-12-07
M016,C0006855,2025-11-15,EXPOSED,2025-11-18,NO_RESPONSE,
M016,C0006879,2025-11-15,EXPOSED,2025-11-27,NO_RESPONSE,
M016,C0007459,2025-11-15,EXPOSED,2025-12-04,NO_RESPONSE,
M016,C0007786,2025-11-15,EXPOSED,2025-11-27,NO_RESPONSE,
M016,C0007846,2025-11-15,EXPOSED,2025-11-19,NO_RESPONSE,
M016,C0007883,2025-11-15,EXPOSED,2025-11-29,NO_RESPONSE,
M016,C0008418,2025-11-15,EXPOSED,2025-11-17,POSITIVE,2025-11-22
M016,C0009269,2025-11-15,EXPOSED,2025-11-28,NO_RESPONSE,
M016,C0009482,2025-11-15,EXPOSED,2025-11-28,NO_RESPONSE,
M016,C0010074,2025-11-15,EXPOSED,2025-11-22,NO_RESPONSE,
M016,C0011730,2025-11-15,EXPOSED,2025-11-26,NO_RESPONSE,
M016,C0011771,2025-11-15,EXPOSED,2025-11-15,NO_RESPONSE,
M016,C0011804,2025-11-15,EXPOSED,2025-11-25,NO_RESPONSE,
M016,C0013626,2025-11-15,EXPOSED,2025-11-25,NO_RESPONSE,
M016,C0014794,2025-11-15,EXPOSED,2025-12-05,NO_RESPONSE,
M016,C0015499,2025-11-15,EXPOSED,2025-11-25,NO_RESPONSE,
M016,C0015685,2025-11-15,EXPOSED,2025-11-30,NO_RESPONSE,
M016,C0016086,2025-11-15,EXPOSED,2025-11-20,NO_RESPONSE,
M016,C0016337,2025-11-15,EXPOSED,2025-11-15,NO_RESPONSE,
M016,C0016554,2025-11-15,EXPOSED,2025-11-24,POSITIVE,2025-11-26
M016,C0016966,2025-11-15,NOT_EXPOSED,,,
M016,C0000732,2025-11-16,EXPOSED,2025-11-19,NO_RESPONSE,
M016,C0001077,2025-11-16,EXPOSED,2025-12-10,NO_RESPONSE,
M016,C0001112,2025-11-16,EXPOSED,2025-11-18,NO_RESPONSE,
M016,C0002068,2025-11-16,EXPOSED,2025-11-27,NO_RESPONSE,
M016,C0003424,2025-11-16,EXPOSED,2025-12-01,NO_RESPONSE,
M016,C0005354,2025-11-16,NOT_EXPOSED,,,
M016,C0005608,2025-11-16,EXPOSED,2025-11-26,NO_RESPONSE,
M016,C0005666,2025-11-16,EXPOSED,2025-12-10,NO_RESPONSE,
M016,C0007789,2025-11-16,EXPOSED,2025-12-04,NO_RESPONSE,
M016,C0008170,2025-11-16,EXPOSED,2025-11-22,POSITIVE,2025-11-25
M016,C0011539,2025-11-16,EXPOSED,2025-11-30,NO_RESPONSE,
M016,C0012054,2025-11-16,EXPOSED,2025-11-25,POSITIVE,2025-11-29
M016,C0012329,2025-11-16,EXPOSED,2025-11-30,NO_RESPONSE,
M016,C0013887,2025-11-16,EXPOSED,2025-11-30,NO_RESPONSE,
M016,C0014010,2025-11-16,EXPOSED,2025-12-03,NO_RESPONSE,
M016,C0016187,2025-11-16,EXPOSED,2025-11-27,NEUTRAL,2025-12-08
M016,C0017477,2025-11-16,EXPOSED,2025-11-26,NO_RESPONSE,
M016,C0018598,2025-11-16,NOT_EXPOSED,,,
M016,C0019074,2025-11-16,EXPOSED,2025-11-24,NO_RESPONSE,
M016,C0019356,2025-11-16,EXPOSED,2025-12-08,NO_RESPONSE,
M016,C0019896,2025-11-16,EXPOSED,2025-11-30,NO_RESPONSE,
M016,C0000670,2025-11-17,EXPOSED,2025-11-28,NO_RESPONSE,
M016,C0000856,2025-11-17,EXPOSED,2025-12-02,NO_RESPONSE,
M016,C0000987,2025-11-17,EXPOSED,2025-12-01,NO_RESPONSE,
M016,C0001322,2025-11-17,EXPOSED,2025-11-18,NO_RESPONSE,
M016,C0002590,2025-11-17,NOT_EXPOSED,,,
M016,C0002966,2025-11-17,NOT_EXPOSED,,,
M016,C0003230,2025-11-17,EXPOSED,2025-11-23,NO_RESPONSE,
M016,C0004609,2025-11-17,EXPOSED,2025-11-24,NO_RESPONSE,
M016,C0005117,2025-11-17,NOT_EXPOSED,,,
M016,C0007196,2025-11-17,EXPOSED,2025-11-19,NO_RESPONSE,
M016,C0009218,2025-11-17,EXPOSED,2025-12-08,NO_RESPONSE,
M016,C0009754,2025-11-17,EXPOSED,2025-11-28,NO_RESPONSE,
M016,C0010723,2025-11-17,NOT_EXPOSED,,,
M016,C0011320,2025-11-17,EXPOSED,2025-12-03,NO_RESPONSE,
M016,C0011755,2025-11-17,EXPOSED,2025-11-25,NO_RESPONSE,
M016,C0012524,2025-11-17,EXPOSED,2025-12-07,NO_RESPONSE,
M016,C0012748,2025-11-17,EXPOSED,2025-11-20,NO_RESPONSE,
M016,C0016365,2025-11-17,NOT_EXPOSED,,,
M016,C0016435,2025-11-17,EXPOSED,2025-12-13,NO_RESPONSE,
M016,C0018524,2025-11-17,EXPOSED,2025-11-26,NO_RESPONSE,
M016,C0002399,2025-11-18,EXPOSED,2025-11-21,NO_RESPONSE,
M016,C0004759,2025-11-18,EXPOSED,2025-12-03,NO_RESPONSE,
M016,C0008180,2025-11-18,EXPOSED,2025-12-10,NO_RESPONSE,
M016,C0009252,2025-11-18,EXPOSED,2025-11-20,NO_RESPONSE,
M016,C0010954,2025-11-18,EXPOSED,2025-12-15,NO_RESPONSE,
M016,C0011778,2025-11-18,EXPOSED,2025-12-03,NO_RESPONSE,
M016,C0011998,2025-11-18,EXPOSED,2025-11-24,NO_RESPONSE,
M016,C0012553,2025-11-18,EXPOSED,2025-12-03,NO_RESPONSE,
M016,C0013413,2025-11-18,EXPOSED,2025-11-20,NO_RESPONSE,
M016,C0014772,2025-11-18,EXPOSED,2025-12-01,NO_RESPONSE,
M016,C0015136,2025-11-18,EXPOSED,2025-11-27,NO_RESPONSE,
M016,C0016005,2025-11-18,EXPOSED,2025-11-23,NO_RESPONSE,
M016,C0018682,2025-11-18,EXPOSED,2025-11-23,NO_RESPONSE,
M016,C0019585,2025-11-18,EXPOSED,2025-11-22,NO_RESPONSE,
M016,C0000668,2025-11-19,EXPOSED,2025-11-29,NO_RESPONSE,
M016,C0002545,2025-11-19,EXPOSED,2025-11-27,NO_RESPONSE,
M016,C0002856,2025-11-19,EXPOSED,2025-11-25,NO_RESPONSE,
M016,C0003149,2025-11-19,EXPOSED,2025-11-24,NO_RESPONSE,
M016,C0003843,2025-11-19,EXPOSED,2025-12-07,NO_RESPONSE,
M016,C0004101,2025-11-19,EXPOSED,2025-12-07,NO_RESPONSE,
M016,C0005408,2025-11-19,NOT_EXPOSED,,,
M016,C0006731,2025-11-19,EXPOSED,2025-12-06,NO_RESPONSE,
M016,C0007646,2025-11-19,EXPOSED,2025-11-27,NO_RESPONSE,
M016,C0008183,2025-11-19,EXPOSED,2025-12-02,NO_RESPONSE,
M016,C0008236,2025-11-19,EXPOSED,2025-11-24,NO_RESPONSE,
M016,C0008716,2025-11-19,EXPOSED,2025-11-20,NO_RESPONSE,
M016,C0010136,2025-11-19,EXPOSED,2025-12-06,NO_RESPONSE,
M016,C0011012,2025-11-19,EXPOSED,2025-11-29,NO_RESPONSE,
M016,C0011230,2025-11-19,EXPOSED,2025-11-30,NO_RESPONSE,
M016,C0013107,2025-11-19,EXPOSED,2025-11-29,NO_RESPONSE,
M016,C0013818,2025-11-19,EXPOSED,2025-11-26,NO_RESPONSE,
M016,C0018251,2025-11-19,EXPOSED,2025-12-06,POSITIVE,2025-12-12
M016,C0018639,2025-11-19,EXPOSED,2025-11-22,NO_RESPONSE,
M016,C0000481,2025-11-20,EXPOSED,2025-11-30,POSITIVE,2025-12-03
M016,C0001589,2025-11-20,EXPOSED,2025-11-26,NO_RESPONSE,
M016,C0003816,2025-11-20,NOT_EXPOSED,,,
M016,C0004325,2025-11-20,NOT_EXPOSED,,,
M016,C0006018,2025-11-20,NOT_EXPOSED,,,
M016,C0006315,2025-11-20,EXPOSED,2025-11-27,NO_RESPONSE,
M016,C0006723,2025-11-20,EXPOSED,2025-11-20,NO_RESPONSE,
M016,C0008391,2025-11-20,EXPOSED,2025-11-22,NO_RESPONSE,
M016,C0009822,2025-11-20,EXPOSED,2025-11-25,NO_RESPONSE,
M016,C0012405,2025-11-20,EXPOSED,2025-11-27,NO_RESPONSE,
M016,C0013299,2025-11-20,EXPOSED,2025-12-04,NO_RESPONSE,
M016,C0013937,2025-11-20,EXPOSED,2025-12-06,NO_RESPONSE,
M016,C0014370,2025-11-20,EXPOSED,2025-11-27,NO_RESPONSE,
M016,C0014509,2025-11-20,EXPOSED,2025-11-21,NO_RESPONSE,
M016,C0014651,2025-11-20,NOT_EXPOSED,,,
M016,C0015853,2025-11-20,EXPOSED,2025-12-06,NO_RESPONSE,
M016,C0017642,2025-11-20,EXPOSED,2025-11-23,NO_RESPONSE,
M016,C0017821,2025-11-20,EXPOSED,2025-12-08,NO_RESPONSE,
M016,C0018744,2025-11-20,EXPOSED,2025-12-03,NO_RESPONSE,
M016,C0019174,2025-11-20,EXPOSED,2025-11-22,NO_RESPONSE,
M016,C0000379,2025-11-21,EXPOSED,2025-12-11,NO_RESPONSE,
M016,C0002469,2025-11-21,EXPOSED,2025-11-22,NO_RESPONSE,
M016,C0004868,2025-11-21,EXPOSED,2025-11-25,NO_RESPONSE,
M016,C0004972,2025-11-21,EXPOSED,2025-12-02,NO_RESPONSE,
M016,C0005224,2025-11-21,EXPOSED,2025-12-08,NO_RESPONSE,
M016,C0006211,2025-11-21,EXPOSED,2025-11-27,NO_RESPONSE,
M016,C0006445,2025-11-21,NOT_EXPOSED,,,
M016,C0006451,2025-11-21,EXPOSED,2025-12-01,NO_RESPONSE,
M016,C0007874,2025-11-21,EXPOSED,2025-11-26,NO_RESPONSE,
M016,C0009745,2025-11-21,EXPOSED,2025-11-24,NO_RESPONSE,
M016,C0011940,2025-11-21,EXPOSED,2025-12-06,NEGATIVE,2025-12-09
M016,C0015280,2025-11-21,EXPOSED,2025-12-02,NO_RESPONSE,
M016,C0016889,2025-11-21,EXPOSED,2025-12-07,NO_RESPONSE,
M016,C0018105,2025-11-21,NOT_EXPOSED,,,
M016,C0000472,2025-11-22,EXPOSED,2025-12-05,NO_RESPONSE,
M016,C0001496,2025-11-22,EXPOSED,2025-12-03,NO_RESPONSE,
M016,C0003038,2025-11-22,EXPOSED,2025-12-04,NO_RESPONSE,
M016,C0003596,2025-11-22,EXPOSED,2025-12-02,NO_RESPONSE,
M016,C0003984,2025-11-22,EXPOSED,2025-11-24,NO_RESPONSE,
M016,C0004673,2025-11-22,EXPOSED,2025-12-06,NO_RESPONSE,
M016,C0005604,2025-11-22,EXPOSED,2025-11-30,NO_RESPONSE,
M016,C0005668,2025-11-22,EXPOSED,2025-11-22,NO_RESPONSE,
M016,C0006313,2025-11-22,EXPOSED,2025-11-25,NEGATIVE,2025-11-28
M016,C0006837,2025-11-22,NOT_EXPOSED,,,
M016,C0007540,2025-11-22,EXPOSED,2025-12-07,NO_RESPONSE,
M016,C0013313,2025-11-22,EXPOSED,2025-12-05,NO_RESPONSE,
M016,C0017469,2025-11-22,EXPOSED,2025-12-11,NO_RESPONSE,
M016,C0018376,2025-11-22,NOT_EXPOSED,,,
M016,C0018648,2025-11-22,EXPOSED,2025-11-30,NEGATIVE,2025-12-09
M016,C0019482,2025-11-22,EXPOSED,2025-12-01,NEGATIVE,2025-12-05
M016,C0002046,2025-11-23,EXPOSED,2025-12-07,NO_RESPONSE,
M016,C0003172,2025-11-23,EXPOSED,2025-11-26,NO_RESPONSE,
M016,C0003813,2025-11-23,EXPOSED,2025-11-28,NO_RESPONSE,
M016,C0003954,2025-11-23,EXPOSED,2025-11-26,NO_RESPONSE,
M016,C0009110,2025-11-23,EXPOSED,2025-12-03,NO_RESPONSE,
M016,C0009775,2025-11-23,EXPOSED,2025-12-03,NO_RESPONSE,
M016,C0010636,2025-11-23,EXPOSED,2025-12-13,NO_RESPONSE,
M016,C0011795,2025-11-23,EXPOSED,2025-12-05,NO_RESPONSE,
M016,C0012815,2025-11-23,NOT_EXPOSED,,,
M016,C0014548,2025-11-23,EXPOSED,2025-11-27,NO_RESPONSE,
M016,C0015257,2025-11-23,EXPOSED,2025-12-06,NO_RESPONSE,
M016,C0015449,2025-11-23,EXPOSED,2025-12-03,NO_RESPONSE,
M016,C0002913,2025-11-24,EXPOSED,2025-12-04,NO_RESPONSE,
M016,C0003210,2025-11-24,EXPOSED,2025-11-27,NO_RESPONSE,
M016,C0004375,2025-11-24,EXPOSED,2025-12-09,POSITIVE,2025-12-11
M016,C0007171,2025-11-24,EXPOSED,2025-11-29,NO_RESPONSE,
M016,C0008045,2025-11-24,EXPOSED,2025-12-12,NO_RESPONSE,
M016,C0010257,2025-11-24,EXPOSED,2025-11-30,NO_RESPONSE,
M016,C0011939,2025-11-24,EXPOSED,2025-12-06,NO_RESPONSE,
M016,C0012063,2025-11-24,NOT_EXPOSED,,,
M016,C0012510,2025-11-24,EXPOSED,2025-12-12,POSITIVE,2025-12-31
M016,C0014882,2025-11-24,EXPOSED,2025-12-09,POSITIVE,2025-12-11
M016,C0014893,2025-11-24,NOT_EXPOSED,,,
M016,C0016126,2025-11-24,EXPOSED,2025-11-24,NO_RESPONSE,
M016,C0016259,2025-11-24,EXPOSED,2025-11-28,NO_RESPONSE,
M016,C0017319,2025-11-24,EXPOSED,2025-11-28,NO_RESPONSE,
M016,C0018858,2025-11-24,EXPOSED,2025-12-01,NO_RESPONSE,
M016,C0018965,2025-11-24,EXPOSED,2025-12-04,NO_RESPONSE,
M016,C0001723,2025-11-25,EXPOSED,2025-11-30,NO_RESPONSE,
M016,C0003205,2025-11-25,EXPOSED,2025-11-29,NO_RESPONSE,
M016,C0004594,2025-11-25,EXPOSED,2025-12-04,NO_RESPONSE,
M016,C0005086,2025-11-25,EXPOSED,2025-12-02,NO_RESPONSE,
M016,C0005317,2025-11-25,EXPOSED,2025-12-01,NO_RESPONSE,
M016,C0005320,2025-11-25,EXPOSED,2025-12-09,NO_RESPONSE,
M016,C0005899,2025-11-25,NOT_EXPOSED,,,
M016,C0005958,2025-11-25,EXPOSED,2025-12-09,NO_RESPONSE,
M016,C0006023,2025-11-25,EXPOSED,2025-12-03,NO_RESPONSE,
M016,C0009765,2025-11-25,EXPOSED,2025-12-04,NO_RESPONSE,
M016,C0010290,2025-11-25,EXPOSED,2025-11-29,NO_RESPONSE,
M016,C0010404,2025-11-25,EXPOSED,2025-12-03,NO_RESPONSE,
M016,C0011035,2025-11-25,EXPOSED,2025-12-01,POSITIVE,2025-12-13
M016,C0014991,2025-11-25,EXPOSED,2025-12-03,NO_RESPONSE,
M016,C0015655,2025-11-25,EXPOSED,2025-12-03,NO_RESPONSE,
M016,C0017400,2025-11-25,EXPOSED,2025-12-04,NO_RESPONSE,
M016,C0001398,2025-11-26,EXPOSED,2025-12-09,NO_RESPONSE,
M016,C0003503,2025-11-26,EXPOSED,2025-11-27,NO_RESPONSE,
M016,C0005480,2025-11-26,EXPOSED,2025-11-27,NO_RESPONSE,
M016,C0007711,2025-11-26,EXPOSED,2025-12-04,NO_RESPONSE,
M016,C0008346,2025-11-26,EXPOSED,2025-11-27,NO_RESPONSE,
M016,C0011958,2025-11-26,EXPOSED,2025-12-04,POSITIVE,2025-12-05
M016,C0013029,2025-11-26,EXPOSED,2025-12-02,NO_RESPONSE,
M016,C0013873,2025-11-26,EXPOSED,2025-12-03,POSITIVE,2025-12-13
M016,C0015767,2025-11-26,EXPOSED,2025-12-06,NO_RESPONSE,
M016,C0015835,2025-11-26,EXPOSED,2025-12-01,NO_RESPONSE,
M016,C0016047,2025-11-26,EXPOSED,2025-12-04,NO_RESPONSE,
M016,C0016163,2025-11-26,EXPOSED,2025-12-05,NO_RESPONSE,
M016,C0018485,2025-11-26,EXPOSED,2025-12-01,NO_RESPONSE,
M016,C0019408,2025-11-26,EXPOSED,2025-12-11,NO_RESPONSE,
M016,C0002891,2025-11-27,EXPOSED,2025-12-04,NEGATIVE,2025-12-11
M016,C0005328,2025-11-27,EXPOSED,2025-12-09,NO_RESPONSE,
M016,C0008604,2025-11-27,NOT_EXPOSED,,,
M016,C0009720,2025-11-27,EXPOSED,2025-12-02,NO_RESPONSE,
M016,C0011686,2025-11-27,NOT_EXPOSED,,,
M016,C0011786,2025-11-27,EXPOSED,2025-12-08,NO_RESPONSE,
M016,C0013522,2025-11-27,EXPOSED,2025-12-08,NO_RESPONSE,
M016,C0001010,2025-11-28,EXPOSED,2025-12-06,NO_RESPONSE,
M016,C0001482,2025-11-28,EXPOSED,2025-12-09,NO_RESPONSE,
M016,C0002412,2025-11-28,EXPOSED,2025-12-03,NO_RESPONSE,
M016,C0002643,2025-11-28,EXPOSED,2025-12-03,NO_RESPONSE,
M016,C0002719,2025-11-28,EXPOSED,2025-12-09,NO_RESPONSE,
M016,C0011404,2025-11-28,EXPOSED,2025-12-06,NO_RESPONSE,
M016,C0011750,2025-11-28,EXPOSED,2025-12-02,NO_RESPONSE,
M016,C0012670,2025-11-28,EXPOSED,2025-12-06,NEUTRAL,2025-12-27
M016,C0013676,2025-11-28,EXPOSED,2025-12-02,NEUTRAL,2025-12-06
M016,C0013688,2025-11-28,EXPOSED,2025-12-02,POSITIVE,2025-12-08
M016,C0013996,2025-11-28,EXPOSED,2025-12-04,POSITIVE,2025-12-10
M016,C0014698,2025-11-28,EXPOSED,2025-12-13,NO_RESPONSE,
M016,C0014987,2025-11-28,NOT_EXPOSED,,,
M016,C0015609,2025-11-28,EXPOSED,2025-11-29,NEUTRAL,2025-12-21
M016,C0015648,2025-11-28,EXPOSED,2025-11-29,NO_RESPONSE,
M016,C0016416,2025-11-28,EXPOSED,2025-12-08,NO_RESPONSE,
M016,C0019248,2025-11-28,EXPOSED,2025-12-05,NO_RESPONSE,
M016,C0002446,2025-11-29,NOT_EXPOSED,,,
M016,C0005844,2025-11-29,EXPOSED,2025-12-03,NO_RESPONSE,
M016,C0006425,2025-11-29,EXPOSED,2025-12-03,NO_RESPONSE,
M016,C0010647,2025-11-29,EXPOSED,2025-12-02,NO_RESPONSE,
M016,C0011569,2025-11-29,EXPOSED,2025-12-05,NEGATIVE,2025-12-09
M016,C0013188,2025-11-29,EXPOSED,2025-12-01,NO_RESPONSE,
M016,C0013951,2025-11-29,EXPOSED,2025-12-02,NEGATIVE,2025-12-19
M016,C0018943,2025-11-29,EXPOSED,2025-12-08,NO_RESPONSE,
M016,C0000208,2025-11-30,EXPOSED,2025-12-01,NO_RESPONSE,
M016,C0000974,2025-11-30,EXPOSED,2025-12-02,NO_RESPONSE,
M016,C0001849,2025-11-30,EXPOSED,2025-12-06,NO_RESPONSE,
M016,C0002018,2025-11-30,EXPOSED,2025-12-08,NO_RESPONSE,
M016,C0013380,2025-11-30,NOT_EXPOSED,,,
M016,C0014177,2025-11-30,EXPOSED,2025-12-11,NO_RESPONSE,
M016,C0014568,2025-11-30,EXPOSED,2025-12-04,POSITIVE,2025-12-05
M016,C0014829,2025-11-30,EXPOSED,2025-12-05,POSITIVE,2025-12-06
M016,C0016650,2025-11-30,EXPOSED,2025-12-11,POSITIVE,2025-12-14
M016,C0018030,2025-11-30,EXPOSED,2025-12-08,NO_RESPONSE,
M016,C0019808,2025-11-30,EXPOSED,2025-12-02,NO_RESPONSE,
M016,C0002940,2025-12-01,NOT_EXPOSED,,,
M016,C0005100,2025-12-01,NOT_EXPOSED,,,
M016,C0006126,2025-12-01,EXPOSED,2025-12-06,NO_RESPONSE,
M016,C0008284,2025-12-01,EXPOSED,2025-12-08,POSITIVE,2025-12-20
M016,C0011630,2025-12-01,EXPOSED,2025-12-04,NO_RESPONSE,
M016,C0014127,2025-12-01,EXPOSED,2025-12-04,NO_RESPONSE,
M016,C0016027,2025-12-01,EXPOSED,2025-12-11,NO_RESPONSE,
M016,C0018746,2025-12-01,EXPOSED,2025-12-09,NO_RESPONSE,
M016,C0000904,2025-12-02,EXPOSED,2025-12-09,NO_RESPONSE,
M016,C0005218,2025-12-02,EXPOSED,2025-12-06,NO_RESPONSE,
M016,C0005276,2025-12-02,EXPOSED,2025-12-06,NO_RESPONSE,
M016,C0006032,2025-12-02,EXPOSED,2025-12-06,NO_RESPONSE,
M016,C0007159,2025-12-02,EXPOSED,2025-12-10,NO_RESPONSE,
M016,C0008786,2025-12-02,EXPOSED,2025-12-07,NO_RESPONSE,
M016,C0009467,2025-12-02,EXPOSED,2025-12-06,NO_RESPONSE,
M016,C0015785,2025-12-02,NOT_EXPOSED,,,
M016,C0016818,2025-12-02,EXPOSED,2025-12-12,NO_RESPONSE,
M016,C0002117,2025-12-03,EXPOSED,2025-12-06,NO_RESPONSE,
M016,C0003748,2025-12-03,EXPOSED,2025-12-12,NO_RESPONSE,
M016,C0004692,2025-12-03,EXPOSED,2025-12-09,NO_RESPONSE,
M016,C0007352,2025-12-03,EXPOSED,2025-12-08,NEGATIVE,2025-12-11
M016,C0007672,2025-12-03,EXPOSED,2025-12-07,NO_RESPONSE,
M016,C0011690,2025-12-03,EXPOSED,2025-12-08,NO_RESPONSE,
M016,C0014966,2025-12-03,EXPOSED,2025-12-11,NO_RESPONSE,
M016,C0017191,2025-12-03,EXPOSED,2025-12-05,NO_RESPONSE,
M016,C0000486,2025-12-04,EXPOSED,2025-12-07,NO_RESPONSE,
M016,C0004318,2025-12-04,EXPOSED,2025-12-10,NO_RESPONSE,
M016,C0004800,2025-12-04,EXPOSED,2025-12-11,NO_RESPONSE,
M016,C0004961,2025-12-04,EXPOSED,2025-12-11,NO_RESPONSE,
M016,C0016090,2025-12-04,EXPOSED,2025-12-06,NO_RESPONSE,
M016,C0017694,2025-12-04,EXPOSED,2025-12-06,NO_RESPONSE,
M016,C0002483,2025-12-05,EXPOSED,2025-12-07,NO_RESPONSE,
M016,C0007896,2025-12-05,EXPOSED,2025-12-07,NO_RESPONSE,
M016,C0014537,2025-12-05,EXPOSED,2025-12-08,NO_RESPONSE,
M016,C0014910,2025-12-05,EXPOSED,2025-12-08,NO_RESPONSE,
M016,C0015153,2025-12-05,EXPOSED,2025-12-08,NO_RESPONSE,
M016,C0015747,2025-12-05,EXPOSED,2025-12-07,NEGATIVE,2025-12-13
M016,C0016706,2025-12-05,EXPOSED,2025-12-08,NO_RESPONSE,
M016,C0017178,2025-12-05,EXPOSED,2025-12-08,NO_RESPONSE,
M016,C0000767,2025-12-06,EXPOSED,2025-12-13,NEUTRAL,2025-12-22
M016,C0004277,2025-12-07,NOT_EXPOSED,,,
M016,C0005547,2025-12-07,EXPOSED,2025-12-11,NO_RESPONSE,
M016,C0006904,2025-12-07,EXPOSED,2025-12-10,NO_RESPONSE,
M016,C0010524,2025-12-07,EXPOSED,2025-12-10,NO_RESPONSE,
M016,C0018125,2025-12-07,EXPOSED,2025-12-10,NO_RESPONSE,
M016,C0000305,2025-12-08,EXPOSED,2025-12-14,NO_RESPONSE,
M016,C0004993,2025-12-08,EXPOSED,2025-12-09,NO_RESPONSE,
M016,C0011588,2025-12-08,EXPOSED,2025-12-10,NO_RESPONSE,
M016,C0011600,2025-12-08,EXPOSED,2025-12-12,NO_RESPONSE,
M016,C0013186,2025-12-08,EXPOSED,2025-12-10,NO_RESPONSE,
M016,C0003532,2025-12-09,EXPOSED,2025-12-13,NO_RESPONSE,
M016,C0006138,2025-12-09,EXPOSED,2025-12-13,NO_RESPONSE,
M016,C0009473,2025-12-09,EXPOSED,2025-12-11,NO_RESPONSE,
M016,C0009668,2025-12-09,EXPOSED,2025-12-11,NO_RESPONSE,
M016,C0001766,2025-12-10,EXPOSED,2025-12-12,POSITIVE,2025-12-21
M016,C0004527,2025-12-10,EXPOSED,2025-12-13,NO_RESPONSE,
M016,C0014297,2025-12-10,EXPOSED,2025-12-10,NO_RESPONSE,
M016,C0017679,2025-12-10,EXPOSED,2025-12-10,NO_RESPONSE,
M016,C0000367,2025-12-11,EXPOSED,2025-12-13,NO_RESPONSE,
M016,C0013710,2025-12-11,EXPOSED,2025-12-14,NO_RESPONSE,
M016,C0015500,2025-12-11,EXPOSED,2025-12-11,NO_RESPONSE,
M016,C0018346,2025-12-11,EXPOSED,2025-12-12,NO_RESPONSE,
M016,C0009135,2025-12-13,EXPOSED,2025-12-13,NO_RESPONSE,
M016,C0006075,2025-12-14,EXPOSED,2025-12-14,NEGATIVE,2025-12-16
M017,C0009603,2026-02-01,EXPOSED,2026-04-07,NO_RESPONSE,
M017,C0002129,2026-02-03,EXPOSED,2026-03-10,POSITIVE,2026-03-10
M017,C0004150,2026-02-04,EXPOSED,2026-04-17,NO_RESPONSE,
M017,C0013862,2026-02-04,EXPOSED,2026-03-20,NO_RESPONSE,
M017,C0018627,2026-02-04,EXPOSED,2026-03-07,NO_RESPONSE,
M017,C0000419,2026-02-05,NOT_EXPOSED,,,
M017,C0003522,2026-02-05,EXPOSED,2026-03-06,NO_RESPONSE,
M017,C0018667,2026-02-05,NOT_EXPOSED,,,
M017,C0017893,2026-02-06,EXPOSED,2026-03-29,NO_RESPONSE,
M017,C0001613,2026-02-07,EXPOSED,2026-03-25,NO_RESPONSE,
M017,C0019001,2026-02-07,EXPOSED,2026-03-25,NO_RESPONSE,
M017,C0000644,2026-02-08,EXPOSED,2026-04-26,NO_RESPONSE,
M017,C0005007,2026-02-08,EXPOSED,2026-02-24,NO_RESPONSE,
M017,C0012375,2026-02-08,EXPOSED,2026-02-16,NO_RESPONSE,
M017,C0007738,2026-02-09,EXPOSED,2026-02-14,NO_RESPONSE,
M017,C0012758,2026-02-09,EXPOSED,2026-03-02,NO_RESPONSE,
M017,C0016747,2026-02-09,EXPOSED,2026-04-14,NO_RESPONSE,
M017,C0004595,2026-02-10,NOT_EXPOSED,,,
M017,C0007313,2026-02-10,EXPOSED,2026-05-26,NO_RESPONSE,
M017,C0016519,2026-02-10,EXPOSED,2026-04-19,NO_RESPONSE,
M017,C0017455,2026-02-10,EXPOSED,2026-02-28,NO_RESPONSE,
M017,C0008525,2026-02-11,EXPOSED,2026-03-01,NO_RESPONSE,
M017,C0013653,2026-02-11,EXPOSED,2026-04-06,POSITIVE,2026-04-17
M017,C0017713,2026-02-11,EXPOSED,2026-04-26,NO_RESPONSE,
M017,C0018747,2026-02-14,EXPOSED,2026-03-29,NO_RESPONSE,
M017,C0006758,2026-02-15,EXPOSED,2026-04-01,NO_RESPONSE,
M017,C0001648,2026-02-16,EXPOSED,2026-03-25,NO_RESPONSE,
M017,C0005869,2026-02-16,EXPOSED,2026-05-02,NO_RESPONSE,
M017,C0007114,2026-02-16,EXPOSED,2026-03-19,NO_RESPONSE,
M017,C0014556,2026-02-16,EXPOSED,2026-03-08,NO_RESPONSE,
M017,C0017416,2026-02-16,EXPOSED,2026-04-01,POSITIVE,2026-04-06
M017,C0018706,2026-02-16,EXPOSED,2026-02-19,NO_RESPONSE,
M017,C0017950,2026-02-17,NOT_EXPOSED,,,
M017,C0018287,2026-02-17,EXPOSED,2026-05-10,NO_RESPONSE,
M017,C0018632,2026-02-17,EXPOSED,2026-05-11,NO_RESPONSE,
M017,C0005674,2026-02-18,EXPOSED,2026-03-17,NO_RESPONSE,
M017,C0005883,2026-02-18,EXPOSED,2026-05-07,NO_RESPONSE,
M017,C0009028,2026-02-18,EXPOSED,2026-03-07,POSITIVE,2026-03-08
M017,C0013423,2026-02-18,EXPOSED,2026-04-01,NO_RESPONSE,
M017,C0014624,2026-02-18,EXPOSED,2026-05-02,POSITIVE,2026-05-05
M017,C0017168,2026-02-18,EXPOSED,2026-04-10,NO_RESPONSE,
M017,C0019099,2026-02-18,EXPOSED,2026-05-15,NO_RESPONSE,
M017,C0002562,2026-02-19,NOT_EXPOSED,,,
M017,C0014274,2026-02-19,EXPOSED,2026-04-30,NO_RESPONSE,
M017,C0014320,2026-02-19,EXPOSED,2026-03-05,NO_RESPONSE,
M017,C0001801,2026-02-20,EXPOSED,2026-04-04,NO_RESPONSE,
M017,C0000868,2026-02-21,EXPOSED,2026-04-17,NO_RESPONSE,
M017,C0001902,2026-02-21,EXPOSED,2026-04-17,NO_RESPONSE,
M017,C0008134,2026-02-21,EXPOSED,2026-04-04,NO_RESPONSE,
M017,C0012626,2026-02-21,EXPOSED,2026-02-23,NO_RESPONSE,
M017,C0011881,2026-02-22,NOT_EXPOSED,,,
M017,C0012495,2026-02-22,EXPOSED,2026-02-28,NO_RESPONSE,
M017,C0018024,2026-02-22,EXPOSED,2026-05-04,NO_RESPONSE,
M017,C0000066,2026-02-23,EXPOSED,2026-03-11,NO_RESPONSE,
M017,C0010617,2026-02-23,EXPOSED,2026-03-20,NO_RESPONSE,
M017,C0003576,2026-02-24,EXPOSED,2026-04-10,NO_RESPONSE,
M017,C0016230,2026-02-24,EXPOSED,2026-04-25,NO_RESPONSE,
M017,C0003877,2026-02-25,EXPOSED,2026-04-26,NO_RESPONSE,
M017,C0019751,2026-02-25,NOT_EXPOSED,,,
M017,C0002708,2026-02-26,NOT_EXPOSED,,,
M017,C0014087,2026-02-26,EXPOSED,2026-05-23,NO_RESPONSE,
M017,C0014840,2026-02-26,EXPOSED,2026-04-12,POSITIVE,2026-04-16
M017,C0019642,2026-02-26,EXPOSED,2026-04-24,POSITIVE,2026-05-07
M017,C0002538,2026-02-27,EXPOSED,2026-05-27,NEUTRAL,2026-05-29
M017,C0006237,2026-02-27,EXPOSED,2026-03-22,NO_RESPONSE,
M017,C0015925,2026-02-27,EXPOSED,2026-03-14,NO_RESPONSE,
M017,C0001146,2026-02-28,EXPOSED,2026-05-12,NO_RESPONSE,
M017,C0004953,2026-02-28,EXPOSED,2026-04-01,NO_RESPONSE,
M017,C0007366,2026-02-28,EXPOSED,2026-05-03,NO_RESPONSE,
M017,C0003129,2026-03-01,EXPOSED,2026-03-17,NO_RESPONSE,
M017,C0003367,2026-03-01,EXPOSED,2026-05-19,NO_RESPONSE,
M017,C0007402,2026-03-01,EXPOSED,2026-04-08,NO_RESPONSE,
M017,C0010466,2026-03-01,EXPOSED,2026-03-12,NO_RESPONSE,
M017,C0017842,2026-03-01,EXPOSED,2026-03-10,NO_RESPONSE,
M017,C0007748,2026-03-02,EXPOSED,2026-03-13,NO_RESPONSE,
M017,C0017413,2026-03-02,EXPOSED,2026-03-29,POSITIVE,2026-04-01
M017,C0004336,2026-03-03,NOT_EXPOSED,,,
M017,C0011538,2026-03-03,EXPOSED,2026-04-03,NO_RESPONSE,
M017,C0005511,2026-03-04,EXPOSED,2026-03-31,NO_RESPONSE,
M017,C0013731,2026-03-04,EXPOSED,2026-03-28,NO_RESPONSE,
M017,C0016983,2026-03-04,NOT_EXPOSED,,,
M017,C0017782,2026-03-04,EXPOSED,2026-03-22,NO_RESPONSE,
M017,C0004314,2026-03-05,EXPOSED,2026-04-21,NO_RESPONSE,
M017,C0005672,2026-03-05,EXPOSED,2026-03-11,NO_RESPONSE,
M017,C0005895,2026-03-05,EXPOSED,2026-04-09,NO_RESPONSE,
M017,C0012304,2026-03-05,EXPOSED,2026-03-20,NO_RESPONSE,
M017,C0015039,2026-03-05,EXPOSED,2026-03-24,NO_RESPONSE,
M017,C0005385,2026-03-06,EXPOSED,2026-04-09,NO_RESPONSE,
M017,C0013127,2026-03-06,EXPOSED,2026-04-16,NO_RESPONSE,
M017,C0007148,2026-03-07,EXPOSED,2026-03-18,NEUTRAL,2026-03-20
M017,C0013584,2026-03-07,EXPOSED,2026-03-15,NO_RESPONSE,
M017,C0000532,2026-03-08,EXPOSED,2026-04-27,NO_RESPONSE,
M017,C0004389,2026-03-08,EXPOSED,2026-03-12,POSITIVE,2026-03-15
M017,C0006827,2026-03-08,EXPOSED,2026-04-13,NO_RESPONSE,
M017,C0001512,2026-03-09,EXPOSED,2026-04-06,NO_RESPONSE,
M017,C0002705,2026-03-09,EXPOSED,2026-04-06,NO_RESPONSE,
M017,C0002720,2026-03-09,NOT_EXPOSED,,,
M017,C0009417,2026-03-09,EXPOSED,2026-03-13,NO_RESPONSE,
M017,C0012667,2026-03-09,EXPOSED,2026-04-28,NO_RESPONSE,
M017,C0002057,2026-03-10,EXPOSED,2026-05-03,POSITIVE,2026-05-10
M017,C0010719,2026-03-10,EXPOSED,2026-05-07,NO_RESPONSE,
M017,C0014630,2026-03-10,EXPOSED,2026-03-22,NO_RESPONSE,
M017,C0019283,2026-03-10,EXPOSED,2026-04-22,NO_RESPONSE,
M017,C0000862,2026-03-11,EXPOSED,2026-05-11,NO_RESPONSE,
M017,C0019170,2026-03-11,EXPOSED,2026-03-19,NO_RESPONSE,
M017,C0010420,2026-03-13,EXPOSED,2026-03-27,NO_RESPONSE,
M017,C0014278,2026-03-13,EXPOSED,2026-04-28,NO_RESPONSE,
M017,C0015137,2026-03-13,EXPOSED,2026-04-19,NO_RESPONSE,
M017,C0000554,2026-03-14,EXPOSED,2026-03-27,NO_RESPONSE,
M017,C0001242,2026-03-14,EXPOSED,2026-05-07,NO_RESPONSE,
M017,C0001461,2026-03-14,EXPOSED,2026-05-23,NO_RESPONSE,
M017,C0002758,2026-03-14,EXPOSED,2026-03-19,NO_RESPONSE,
M017,C0006733,2026-03-14,EXPOSED,2026-04-19,NO_RESPONSE,
M017,C0009789,2026-03-14,EXPOSED,2026-04-21,NO_RESPONSE,
M017,C0003558,2026-03-15,NOT_EXPOSED,,,
M017,C0008253,2026-03-15,EXPOSED,2026-03-24,NO_RESPONSE,
M017,C0015221,2026-03-15,EXPOSED,2026-04-09,NEUTRAL,2026-04-14
M017,C0018545,2026-03-15,EXPOSED,2026-04-14,NO_RESPONSE,
M017,C0002937,2026-03-16,EXPOSED,2026-04-10,NO_RESPONSE,
M017,C0008607,2026-03-16,EXPOSED,2026-04-06,NO_RESPONSE,
M017,C0015583,2026-03-16,EXPOSED,2026-04-12,NO_RESPONSE,
M017,C0017583,2026-03-16,EXPOSED,2026-05-05,NO_RESPONSE,
M017,C0012361,2026-03-17,EXPOSED,2026-05-02,NO_RESPONSE,
M017,C0019853,2026-03-17,EXPOSED,2026-04-16,NEUTRAL,2026-04-19
M017,C0001927,2026-03-18,NOT_EXPOSED,,,
M017,C0001950,2026-03-18,EXPOSED,2026-04-04,NO_RESPONSE,
M017,C0011608,2026-03-18,EXPOSED,2026-05-06,NO_RESPONSE,
M017,C0014249,2026-03-18,EXPOSED,2026-04-06,POSITIVE,2026-04-09
M017,C0001199,2026-03-19,EXPOSED,2026-04-10,NO_RESPONSE,
M017,C0013266,2026-03-19,NOT_EXPOSED,,,
M017,C0013843,2026-03-19,EXPOSED,2026-03-21,NO_RESPONSE,
M017,C0014293,2026-03-19,EXPOSED,2026-04-29,NO_RESPONSE,
M017,C0001161,2026-03-20,EXPOSED,2026-05-05,NO_RESPONSE,
M017,C0018689,2026-03-20,EXPOSED,2026-04-24,NO_RESPONSE,
M017,C0000003,2026-03-21,EXPOSED,2026-05-01,NO_RESPONSE,
M017,C0019071,2026-03-21,EXPOSED,2026-04-13,NO_RESPONSE,
M017,C0009168,2026-03-23,EXPOSED,2026-04-25,NO_RESPONSE,
M017,C0009815,2026-03-23,EXPOSED,2026-05-07,NO_RESPONSE,
M017,C0013401,2026-03-23,EXPOSED,2026-04-26,NEUTRAL,2026-05-01
M017,C0015161,2026-03-23,EXPOSED,2026-04-07,NO_RESPONSE,
M017,C0016209,2026-03-23,EXPOSED,2026-04-27,NO_RESPONSE,
M017,C0017536,2026-03-23,EXPOSED,2026-03-25,NO_RESPONSE,
M017,C0018541,2026-03-23,EXPOSED,2026-05-06,NO_RESPONSE,
M017,C0004982,2026-03-24,EXPOSED,2026-05-04,NO_RESPONSE,
M017,C0000165,2026-03-25,EXPOSED,2026-04-26,NO_RESPONSE,
M017,C0004232,2026-03-25,EXPOSED,2026-04-10,NO_RESPONSE,
M017,C0005961,2026-03-25,EXPOSED,2026-05-05,NO_RESPONSE,
M017,C0004674,2026-03-26,EXPOSED,2026-04-25,NO_RESPONSE,
M017,C0007586,2026-03-26,EXPOSED,2026-04-06,NO_RESPONSE,
M017,C0012602,2026-03-26,EXPOSED,2026-04-02,NO_RESPONSE,
M017,C0011930,2026-03-28,EXPOSED,2026-04-30,NO_RESPONSE,
M017,C0012164,2026-03-28,EXPOSED,2026-05-04,POSITIVE,2026-05-11
M017,C0019930,2026-03-28,EXPOSED,2026-05-08,NO_RESPONSE,
M017,C0000262,2026-03-30,EXPOSED,2026-03-31,POSITIVE,2026-04-02
M017,C0001609,2026-03-30,EXPOSED,2026-04-26,NO_RESPONSE,
M017,C0016374,2026-03-31,EXPOSED,2026-04-12,NEGATIVE,2026-04-22
M017,C0016974,2026-03-31,EXPOSED,2026-05-02,POSITIVE,2026-05-06
M017,C0018873,2026-03-31,EXPOSED,2026-04-19,NO_RESPONSE,
M017,C0000726,2026-04-01,EXPOSED,2026-04-04,NO_RESPONSE,
M017,C0012016,2026-04-01,EXPOSED,2026-04-19,NO_RESPONSE,
M017,C0014056,2026-04-01,NOT_EXPOSED,,,
M017,C0018121,2026-04-01,EXPOSED,2026-04-28,NO_RESPONSE,
M017,C0019559,2026-04-01,EXPOSED,2026-04-12,NO_RESPONSE,
M017,C0000148,2026-04-02,EXPOSED,2026-04-11,NO_RESPONSE,
M017,C0008173,2026-04-02,EXPOSED,2026-04-26,NO_RESPONSE,
M017,C0006581,2026-04-03,EXPOSED,2026-04-09,NO_RESPONSE,
M017,C0008368,2026-04-03,EXPOSED,2026-04-10,NO_RESPONSE,
M017,C0000185,2026-04-04,EXPOSED,2026-04-12,NEUTRAL,2026-04-17
M017,C0018205,2026-04-04,EXPOSED,2026-04-20,NO_RESPONSE,
M017,C0004190,2026-04-05,EXPOSED,2026-04-26,NO_RESPONSE,
M017,C0014335,2026-04-05,EXPOSED,2026-05-17,NO_RESPONSE,
M017,C0015837,2026-04-07,EXPOSED,2026-04-20,POSITIVE,2026-04-21
M017,C0013794,2026-04-08,EXPOSED,2026-05-21,NO_RESPONSE,
M017,C0000515,2026-04-10,EXPOSED,2026-05-24,NO_RESPONSE,
M017,C0005634,2026-04-10,EXPOSED,2026-04-24,NO_RESPONSE,
M017,C0009117,2026-04-10,EXPOSED,2026-05-02,NO_RESPONSE,
M017,C0010947,2026-04-10,EXPOSED,2026-04-30,NEUTRAL,2026-05-07
M017,C0017138,2026-04-12,EXPOSED,2026-05-18,POSITIVE,2026-05-22
M017,C0018310,2026-04-12,EXPOSED,2026-04-18,NO_RESPONSE,
M017,C0016585,2026-04-13,EXPOSED,2026-05-01,NO_RESPONSE,
M017,C0000919,2026-04-14,EXPOSED,2026-04-14,NO_RESPONSE,
M017,C0002882,2026-04-14,EXPOSED,2026-05-10,NO_RESPONSE,
M017,C0004365,2026-04-14,EXPOSED,2026-04-17,NO_RESPONSE,
M017,C0008324,2026-04-15,EXPOSED,2026-05-11,POSITIVE,2026-05-14
M017,C0014083,2026-04-15,EXPOSED,2026-05-07,NO_RESPONSE,
M017,C0004420,2026-04-16,EXPOSED,2026-04-23,NEUTRAL,2026-04-23
M017,C0004661,2026-04-16,EXPOSED,2026-05-15,NO_RESPONSE,
M017,C0009489,2026-04-16,EXPOSED,2026-05-05,NO_RESPONSE,
M017,C0007524,2026-04-17,EXPOSED,2026-05-18,NO_RESPONSE,
M017,C0011929,2026-04-18,EXPOSED,2026-05-06,NO_RESPONSE,
M017,C0013045,2026-04-18,EXPOSED,2026-05-08,NO_RESPONSE,
M017,C0015138,2026-04-18,EXPOSED,2026-05-22,POSITIVE,2026-05-29
M017,C0012938,2026-04-20,EXPOSED,2026-05-19,NO_RESPONSE,
M017,C0017196,2026-04-23,EXPOSED,2026-05-01,NO_RESPONSE,
M017,C0006230,2026-04-24,EXPOSED,2026-04-30,NO_RESPONSE,
M017,C0010743,2026-04-24,EXPOSED,2026-05-21,NO_RESPONSE,
M017,C0012049,2026-04-24,EXPOSED,2026-05-11,NO_RESPONSE,
M017,C0002497,2026-04-25,EXPOSED,2026-05-12,NO_RESPONSE,
M017,C0008080,2026-04-25,EXPOSED,2026-05-12,NO_RESPONSE,
M017,C0011813,2026-04-25,EXPOSED,2026-05-06,NO_RESPONSE,
M017,C0005577,2026-04-26,EXPOSED,2026-05-31,NO_RESPONSE,
M017,C0012840,2026-04-27,NOT_EXPOSED,,,
M017,C0005681,2026-04-28,EXPOSED,2026-05-05,NO_RESPONSE,
M017,C0012192,2026-04-29,EXPOSED,2026-05-08,POSITIVE,2026-05-14
M017,C0011640,2026-05-01,EXPOSED,2026-05-27,NO_RESPONSE,
M017,C0006826,2026-05-02,EXPOSED,2026-05-07,NO_RESPONSE,
M017,C0007781,2026-05-03,EXPOSED,2026-05-20,NO_RESPONSE,
M017,C0011351,2026-05-03,EXPOSED,2026-05-15,POSITIVE,2026-05-15
M017,C0007211,2026-05-04,EXPOSED,2026-05-08,POSITIVE,2026-05-10
M017,C0005094,2026-05-06,EXPOSED,2026-05-07,NO_RESPONSE,
M017,C0019527,2026-05-07,EXPOSED,2026-05-13,NO_RESPONSE,
M017,C0001823,2026-05-09,EXPOSED,2026-05-20,NO_RESPONSE,
M017,C0001937,2026-05-09,NOT_EXPOSED,,,
M017,C0004737,2026-05-09,EXPOSED,2026-05-18,POSITIVE,2026-05-27
M017,C0006975,2026-05-11,EXPOSED,2026-05-25,NO_RESPONSE,
M017,C0017278,2026-05-17,EXPOSED,2026-05-28,NO_RESPONSE,
M017,C0000950,2026-05-19,EXPOSED,2026-05-23,POSITIVE,2026-05-29
M017,C0015048,2026-05-27,EXPOSED,2026-05-28,NO_RESPONSE,
M018,C0000302,2026-05-03,EXPOSED,2026-07-15,NO_RESPONSE,
M018,C0008045,2026-05-03,EXPOSED,2026-05-17,NO_RESPONSE,
M018,C0018579,2026-05-03,EXPOSED,2026-05-17,POSITIVE,2026-06-02
M018,C0007892,2026-05-04,EXPOSED,2026-05-18,NO_RESPONSE,
M018,C0010622,2026-05-04,EXPOSED,2026-05-27,NO_RESPONSE,
M018,C0017862,2026-05-04,EXPOSED,2026-05-28,NO_RESPONSE,
M018,C0019145,2026-05-04,EXPOSED,2026-05-10,NO_RESPONSE,
M018,C0000080,2026-05-05,EXPOSED,2026-07-25,NO_RESPONSE,
M018,C0002469,2026-05-05,EXPOSED,2026-07-22,NO_RESPONSE,
M018,C0001001,2026-05-06,EXPOSED,2026-05-07,NO_RESPONSE,
M018,C0010128,2026-05-06,EXPOSED,2026-05-12,NO_RESPONSE,
M018,C0014172,2026-05-06,EXPOSED,2026-06-24,NO_RESPONSE,
M018,C0019262,2026-05-06,EXPOSED,2026-06-18,NO_RESPONSE,
M018,C0002491,2026-05-07,EXPOSED,2026-06-19,NO_RESPONSE,
M018,C0010648,2026-05-07,EXPOSED,2026-06-15,NO_RESPONSE,
M018,C0015626,2026-05-07,EXPOSED,2026-06-23,NEGATIVE,2026-06-29
M018,C0017085,2026-05-07,EXPOSED,2026-08-01,NO_RESPONSE,
M018,C0002000,2026-05-08,EXPOSED,2026-07-13,NO_RESPONSE,
M018,C0003584,2026-05-08,EXPOSED,2026-06-12,NO_RESPONSE,
M018,C0009322,2026-05-08,NOT_EXPOSED,,,
M018,C0010075,2026-05-08,EXPOSED,2026-06-30,NO_RESPONSE,
M018,C0011775,2026-05-08,EXPOSED,2026-06-04,NO_RESPONSE,
M018,C0011786,2026-05-08,NOT_EXPOSED,,,
M018,C0000783,2026-05-09,EXPOSED,2026-06-26,NO_RESPONSE,
M018,C0002532,2026-05-09,EXPOSED,2026-06-19,NO_RESPONSE,
M018,C0004489,2026-05-09,EXPOSED,2026-06-20,NO_RESPONSE,
M018,C0010158,2026-05-09,EXPOSED,2026-05-13,NO_RESPONSE,
M018,C0018351,2026-05-09,EXPOSED,2026-07-19,NO_RESPONSE,
M018,C0018524,2026-05-09,NOT_EXPOSED,,,
M018,C0007109,2026-05-10,EXPOSED,2026-06-15,NO_RESPONSE,
M018,C0008716,2026-05-11,EXPOSED,2026-06-27,NO_RESPONSE,
M018,C0008723,2026-05-11,EXPOSED,2026-05-22,NO_RESPONSE,
M018,C0011445,2026-05-11,EXPOSED,2026-05-24,NO_RESPONSE,
M018,C0014197,2026-05-11,EXPOSED,2026-06-06,NO_RESPONSE,
M018,C0014800,2026-05-11,NOT_EXPOSED,,,
M018,C0003260,2026-05-12,EXPOSED,2026-06-20,NO_RESPONSE,
M018,C0006056,2026-05-12,NOT_EXPOSED,,,
M018,C0012993,2026-05-12,EXPOSED,2026-07-17,NO_RESPONSE,
M018,C0013828,2026-05-12,EXPOSED,2026-05-22,NO_RESPONSE,
M018,C0014037,2026-05-12,NOT_EXPOSED,,,
M018,C0015080,2026-05-12,EXPOSED,2026-06-12,NO_RESPONSE,
M018,C0015922,2026-05-12,NOT_EXPOSED,,,
M018,C0002331,2026-05-13,EXPOSED,2026-06-19,NO_RESPONSE,
M018,C0004478,2026-05-13,EXPOSED,2026-08-03,NO_RESPONSE,
M018,C0007731,2026-05-13,EXPOSED,2026-06-01,NO_RESPONSE,
M018,C0019037,2026-05-13,NOT_EXPOSED,,,
M018,C0006635,2026-05-14,EXPOSED,2026-06-02,NO_RESPONSE,
M018,C0010206,2026-05-14,EXPOSED,2026-06-13,NO_RESPONSE,
M018,C0012078,2026-05-14,EXPOSED,2026-05-20,NO_RESPONSE,
M018,C0016287,2026-05-14,EXPOSED,2026-07-05,NO_RESPONSE,
M018,C0000308,2026-05-15,EXPOSED,2026-06-30,NEGATIVE,2026-07-05
M018,C0004565,2026-05-15,EXPOSED,2026-07-17,NO_RESPONSE,
M018,C0005867,2026-05-15,EXPOSED,2026-07-19,POSITIVE,2026-07-31
M018,C0009721,2026-05-15,NOT_EXPOSED,,,
M018,C0002931,2026-05-16,EXPOSED,2026-05-17,NO_RESPONSE,
M018,C0007682,2026-05-16,NOT_EXPOSED,,,
M018,C0009949,2026-05-16,EXPOSED,2026-05-19,NO_RESPONSE,
M018,C0010163,2026-05-16,EXPOSED,2026-07-10,POSITIVE,2026-07-19
M018,C0010773,2026-05-16,EXPOSED,2026-07-10,NO_RESPONSE,
M018,C0011843,2026-05-16,EXPOSED,2026-06-16,NO_RESPONSE,
M018,C0014115,2026-05-16,EXPOSED,2026-06-22,NO_RESPONSE,
M018,C0019040,2026-05-16,EXPOSED,2026-05-27,NO_RESPONSE,
M018,C0019462,2026-05-16,EXPOSED,2026-06-17,POSITIVE,2026-06-26
M018,C0006024,2026-05-17,EXPOSED,2026-06-03,NO_RESPONSE,
M018,C0007596,2026-05-17,NOT_EXPOSED,,,
M018,C0007990,2026-05-17,EXPOSED,2026-06-03,NO_RESPONSE,
M018,C0012565,2026-05-17,EXPOSED,2026-06-26,NO_RESPONSE,
M018,C0011461,2026-05-18,EXPOSED,2026-05-28,NO_RESPONSE,
M018,C0012243,2026-05-18,EXPOSED,2026-06-19,NO_RESPONSE,
M018,C0016181,2026-05-18,EXPOSED,2026-05-22,NO_RESPONSE,
M018,C0016959,2026-05-18,NOT_EXPOSED,,,
M018,C0002235,2026-05-19,EXPOSED,2026-06-11,NO_RESPONSE,
M018,C0006919,2026-05-19,EXPOSED,2026-07-03,NO_RESPONSE,
M018,C0007223,2026-05-19,EXPOSED,2026-05-21,NO_RESPONSE,
M018,C0017360,2026-05-19,NOT_EXPOSED,,,
M018,C0018307,2026-05-19,EXPOSED,2026-06-03,NO_RESPONSE,
M018,C0003116,2026-05-20,NOT_EXPOSED,,,
M018,C0004038,2026-05-20,NOT_EXPOSED,,,
M018,C0005882,2026-05-20,EXPOSED,2026-06-08,POSITIVE,2026-06-08
M018,C0007499,2026-05-20,EXPOSED,2026-08-01,NO_RESPONSE,
M018,C0007718,2026-05-20,NOT_EXPOSED,,,
M018,C0008388,2026-05-20,NOT_EXPOSED,,,
M018,C0001629,2026-05-21,EXPOSED,2026-06-12,NO_RESPONSE,
M018,C0007664,2026-05-21,EXPOSED,2026-06-10,NO_RESPONSE,
M018,C0010247,2026-05-21,EXPOSED,2026-07-01,NO_RESPONSE,
M018,C0013290,2026-05-21,EXPOSED,2026-07-06,POSITIVE,2026-07-09
M018,C0015860,2026-05-21,EXPOSED,2026-05-27,POSITIVE,2026-05-29
M018,C0017989,2026-05-21,EXPOSED,2026-07-02,NO_RESPONSE,
M018,C0000706,2026-05-22,EXPOSED,2026-05-28,NO_RESPONSE,
M018,C0016608,2026-05-22,EXPOSED,2026-06-02,NO_RESPONSE,
M018,C0019624,2026-05-22,EXPOSED,2026-07-12,NO_RESPONSE,
M018,C0002097,2026-05-23,EXPOSED,2026-07-04,POSITIVE,2026-07-15
M018,C0004089,2026-05-23,EXPOSED,2026-06-22,NO_RESPONSE,
M018,C0012487,2026-05-23,EXPOSED,2026-06-30,POSITIVE,2026-07-01
M018,C0016458,2026-05-23,EXPOSED,2026-06-13,NO_RESPONSE,
M018,C0007093,2026-05-24,EXPOSED,2026-06-20,NO_RESPONSE,
M018,C0008560,2026-05-24,EXPOSED,2026-06-20,NO_RESPONSE,
M018,C0008885,2026-05-24,EXPOSED,2026-06-02,NO_RESPONSE,
M018,C0010113,2026-05-24,EXPOSED,2026-06-20,NO_RESPONSE,
M018,C0012738,2026-05-24,EXPOSED,2026-07-08,NO_RESPONSE,
M018,C0016129,2026-05-24,EXPOSED,2026-05-29,NO_RESPONSE,
M018,C0002595,2026-05-25,EXPOSED,2026-07-04,NEUTRAL,2026-07-11
M018,C0007612,2026-05-25,EXPOSED,2026-07-05,NEUTRAL,2026-07-07
M018,C0008042,2026-05-25,NOT_EXPOSED,,,
M018,C0010717,2026-05-25,EXPOSED,2026-06-12,NO_RESPONSE,
M018,C0012002,2026-05-25,EXPOSED,2026-07-06,NO_RESPONSE,
M018,C0012274,2026-05-25,EXPOSED,2026-06-02,POSITIVE,2026-06-06
M018,C0001907,2026-05-26,EXPOSED,2026-06-24,NEUTRAL,2026-06-26
M018,C0003288,2026-05-26,NOT_EXPOSED,,,
M018,C0013989,2026-05-26,NOT_EXPOSED,,,
M018,C0014022,2026-05-26,EXPOSED,2026-07-01,NO_RESPONSE,
M018,C0001323,2026-05-27,EXPOSED,2026-06-03,NO_RESPONSE,
M018,C0005437,2026-05-27,EXPOSED,2026-07-07,NO_RESPONSE,
M018,C0015647,2026-05-27,EXPOSED,2026-06-23,NO_RESPONSE,
M018,C0005254,2026-05-28,EXPOSED,2026-07-25,NO_RESPONSE,
M018,C0012531,2026-05-28,EXPOSED,2026-07-24,NO_RESPONSE,
M018,C0014384,2026-05-28,NOT_EXPOSED,,,
M018,C0003423,2026-05-29,EXPOSED,2026-07-06,NO_RESPONSE,
M018,C0005821,2026-05-29,EXPOSED,2026-06-29,NO_RESPONSE,
M018,C0009613,2026-05-29,EXPOSED,2026-06-03,NO_RESPONSE,
M018,C0016107,2026-05-29,EXPOSED,2026-07-01,NO_RESPONSE,
M018,C0017937,2026-05-29,EXPOSED,2026-06-30,NO_RESPONSE,
M018,C0018329,2026-05-29,EXPOSED,2026-06-05,NO_RESPONSE,
M018,C0002545,2026-05-30,EXPOSED,2026-06-16,NO_RESPONSE,
M018,C0004059,2026-05-30,EXPOSED,2026-06-03,NO_RESPONSE,
M018,C0004609,2026-05-30,EXPOSED,2026-06-14,NO_RESPONSE,
M018,C0011008,2026-05-30,EXPOSED,2026-06-07,POSITIVE,2026-06-24
M018,C0017663,2026-05-30,NOT_EXPOSED,,,
M018,C0001284,2026-05-31,EXPOSED,2026-06-10,NEGATIVE,2026-06-13
M018,C0001955,2026-05-31,EXPOSED,2026-08-06,POSITIVE,2026-08-09
M018,C0003571,2026-05-31,EXPOSED,2026-06-17,NO_RESPONSE,
M018,C0009923,2026-05-31,EXPOSED,2026-07-01,NO_RESPONSE,
M018,C0013225,2026-05-31,EXPOSED,2026-07-07,NO_RESPONSE,
M018,C0013332,2026-05-31,EXPOSED,2026-07-16,NO_RESPONSE,
M018,C0002757,2026-06-01,EXPOSED,2026-07-28,NO_RESPONSE,
M018,C0004707,2026-06-01,EXPOSED,2026-06-03,NO_RESPONSE,
M018,C0004890,2026-06-01,EXPOSED,2026-06-29,NO_RESPONSE,
M018,C0008094,2026-06-01,EXPOSED,2026-06-16,POSITIVE,2026-06-28
M018,C0008895,2026-06-01,EXPOSED,2026-07-18,NO_RESPONSE,
M018,C0009018,2026-06-01,EXPOSED,2026-07-16,NO_RESPONSE,
M018,C0014290,2026-06-01,EXPOSED,2026-06-21,NO_RESPONSE,
M018,C0016882,2026-06-01,EXPOSED,2026-06-29,NO_RESPONSE,
M018,C0016885,2026-06-01,EXPOSED,2026-06-11,NO_RESPONSE,
M018,C0001127,2026-06-02,EXPOSED,2026-06-11,NO_RESPONSE,
M018,C0003954,2026-06-02,EXPOSED,2026-06-12,NEGATIVE,2026-06-19
M018,C0007858,2026-06-02,EXPOSED,2026-06-04,NO_RESPONSE,
M018,C0010984,2026-06-02,EXPOSED,2026-06-10,NO_RESPONSE,
M018,C0011541,2026-06-02,EXPOSED,2026-06-20,NO_RESPONSE,
M018,C0013590,2026-06-02,EXPOSED,2026-07-29,NO_RESPONSE,
M018,C0015171,2026-06-02,EXPOSED,2026-07-16,POSITIVE,2026-07-24
M018,C0015180,2026-06-02,EXPOSED,2026-07-29,NO_RESPONSE,
M018,C0003724,2026-06-03,EXPOSED,2026-06-24,NO_RESPONSE,
M018,C0006119,2026-06-03,EXPOSED,2026-06-20,NO_RESPONSE,
M018,C0007782,2026-06-03,NOT_EXPOSED,,,
M018,C0015680,2026-06-03,EXPOSED,2026-06-12,POSITIVE,2026-06-15
M018,C0016101,2026-06-03,EXPOSED,2026-07-15,NO_RESPONSE,
M018,C0002907,2026-06-04,EXPOSED,2026-07-24,NO_RESPONSE,
M018,C0006429,2026-06-04,EXPOSED,2026-07-12,NO_RESPONSE,
M018,C0007288,2026-06-04,NOT_EXPOSED,,,
M018,C0010032,2026-06-04,EXPOSED,2026-07-08,NEGATIVE,2026-07-18
M018,C0016767,2026-06-04,EXPOSED,2026-07-17,NO_RESPONSE,
M018,C0003109,2026-06-05,EXPOSED,2026-06-26,NO_RESPONSE,
M018,C0003280,2026-06-05,EXPOSED,2026-06-25,NO_RESPONSE,
M018,C0009834,2026-06-05,EXPOSED,2026-06-11,NO_RESPONSE,
M018,C0009882,2026-06-05,EXPOSED,2026-07-10,NO_RESPONSE,
M018,C0017391,2026-06-05,EXPOSED,2026-06-13,NO_RESPONSE,
M018,C0017432,2026-06-05,EXPOSED,2026-06-13,NO_RESPONSE,
M018,C0019147,2026-06-05,EXPOSED,2026-07-01,NO_RESPONSE,
M018,C0007467,2026-06-06,EXPOSED,2026-07-22,POSITIVE,2026-07-25
M018,C0012698,2026-06-06,NOT_EXPOSED,,,
M018,C0015878,2026-06-06,EXPOSED,2026-07-04,NO_RESPONSE,
M018,C0017873,2026-06-06,EXPOSED,2026-06-13,NO_RESPONSE,
M018,C0001902,2026-06-07,EXPOSED,2026-07-03,NO_RESPONSE,
M018,C0001546,2026-06-08,EXPOSED,2026-07-17,NO_RESPONSE,
M018,C0005446,2026-06-08,EXPOSED,2026-07-27,NO_RESPONSE,
M018,C0006837,2026-06-08,NOT_EXPOSED,,,
M018,C0013348,2026-06-08,NOT_EXPOSED,,,
M018,C0013437,2026-06-08,EXPOSED,2026-06-23,NEUTRAL,2026-06-28
M018,C0018016,2026-06-08,EXPOSED,2026-06-12,NO_RESPONSE,
M018,C0019490,2026-06-08,NOT_EXPOSED,,,
M018,C0005880,2026-06-09,EXPOSED,2026-06-13,NO_RESPONSE,
M018,C0008805,2026-06-09,EXPOSED,2026-07-15,NO_RESPONSE,
M018,C0009600,2026-06-09,EXPOSED,2026-07-15,NO_RESPONSE,
M018,C0011524,2026-06-09,EXPOSED,2026-06-23,NO_RESPONSE,
M018,C0012536,2026-06-09,EXPOSED,2026-08-05,NO_RESPONSE,
M018,C0013123,2026-06-09,EXPOSED,2026-07-01,NO_RESPONSE,
M018,C0004849,2026-06-10,NOT_EXPOSED,,,
M018,C0013481,2026-06-10,NOT_EXPOSED,,,
M018,C0002643,2026-06-11,EXPOSED,2026-07-01,NO_RESPONSE,
M018,C0004961,2026-06-11,EXPOSED,2026-06-14,NO_RESPONSE,
M018,C0010932,2026-06-11,EXPOSED,2026-06-24,NO_RESPONSE,
M018,C0005405,2026-06-12,NOT_EXPOSED,,,
M018,C0009886,2026-06-12,EXPOSED,2026-07-28,NO_RESPONSE,
M018,C0013186,2026-06-12,NOT_EXPOSED,,,
M018,C0000048,2026-06-13,EXPOSED,2026-07-07,NO_RESPONSE,
M018,C0001273,2026-06-13,EXPOSED,2026-06-29,NO_RESPONSE,
M018,C0013019,2026-06-13,NOT_EXPOSED,,,
M018,C0013611,2026-06-13,EXPOSED,2026-06-24,POSITIVE,2026-06-26
M018,C0019307,2026-06-13,EXPOSED,2026-07-03,NO_RESPONSE,
M018,C0001931,2026-06-14,EXPOSED,2026-08-05,NO_RESPONSE,
M018,C0007387,2026-06-14,EXPOSED,2026-06-25,NO_RESPONSE,
M018,C0009001,2026-06-14,NOT_EXPOSED,,,
M018,C0009486,2026-06-14,NOT_EXPOSED,,,
M018,C0011353,2026-06-14,EXPOSED,2026-07-16,NO_RESPONSE,
M018,C0012515,2026-06-14,NOT_EXPOSED,,,
M018,C0017235,2026-06-14,EXPOSED,2026-06-29,NO_RESPONSE,
M018,C0009251,2026-06-15,EXPOSED,2026-06-24,NO_RESPONSE,
M018,C0010210,2026-06-15,EXPOSED,2026-07-11,NO_RESPONSE,
M018,C0012162,2026-06-15,EXPOSED,2026-07-07,NO_RESPONSE,
M018,C0015644,2026-06-15,EXPOSED,2026-06-16,NO_RESPONSE,
M018,C0016072,2026-06-15,EXPOSED,2026-07-24,NO_RESPONSE,
M018,C0019453,2026-06-15,EXPOSED,2026-08-04,NO_RESPONSE,
M018,C0001883,2026-06-16,EXPOSED,2026-07-25,NO_RESPONSE,
M018,C0008240,2026-06-16,EXPOSED,2026-08-11,NO_RESPONSE,
M018,C0010040,2026-06-16,EXPOSED,2026-07-27,NO_RESPONSE,
M018,C0013104,2026-06-16,EXPOSED,2026-06-30,NO_RESPONSE,
M018,C0014282,2026-06-16,EXPOSED,2026-07-24,POSITIVE,2026-07-27
M018,C0008178,2026-06-17,EXPOSED,2026-08-08,NO_RESPONSE,
M018,C0008964,2026-06-17,EXPOSED,2026-07-14,NO_RESPONSE,
M018,C0019120,2026-06-17,NOT_EXPOSED,,,
M018,C0005112,2026-06-18,NOT_EXPOSED,,,
M018,C0009091,2026-06-18,EXPOSED,2026-08-01,NO_RESPONSE,
M018,C0016343,2026-06-18,EXPOSED,2026-07-15,NO_RESPONSE,
M018,C0018609,2026-06-18,EXPOSED,2026-07-08,NO_RESPONSE,
M018,C0018958,2026-06-18,EXPOSED,2026-07-04,NO_RESPONSE,
M018,C0018997,2026-06-18,EXPOSED,2026-06-22,NO_RESPONSE,
M018,C0000790,2026-06-19,EXPOSED,2026-07-04,NO_RESPONSE,
M018,C0001317,2026-06-19,EXPOSED,2026-08-10,NO_RESPONSE,
M018,C0004302,2026-06-19,EXPOSED,2026-07-10,NO_RESPONSE,
M018,C0011728,2026-06-19,EXPOSED,2026-07-09,NO_RESPONSE,
M018,C0012587,2026-06-19,EXPOSED,2026-07-11,NO_RESPONSE,
M018,C0012808,2026-06-19,EXPOSED,2026-06-20,NO_RESPONSE,
M018,C0018895,2026-06-19,EXPOSED,2026-06-25,NO_RESPONSE,
M018,C0001672,2026-06-20,EXPOSED,2026-07-01,NO_RESPONSE,
M018,C0005638,2026-06-20,NOT_EXPOSED,,,
M018,C0010406,2026-06-20,EXPOSED,2026-07-21,NO_RESPONSE,
M018,C0015830,2026-06-20,NOT_EXPOSED,,,
M018,C0003460,2026-06-21,EXPOSED,2026-06-22,NO_RESPONSE,
M018,C0004162,2026-06-21,NOT_EXPOSED,,,
M018,C0005421,2026-06-21,EXPOSED,2026-07-21,NO_RESPONSE,
M018,C0012007,2026-06-21,EXPOSED,2026-07-08,NO_RESPONSE,
M018,C0012175,2026-06-21,EXPOSED,2026-07-06,NO_RESPONSE,
M018,C0019332,2026-06-21,EXPOSED,2026-07-15,NO_RESPONSE,
M018,C0000222,2026-06-22,EXPOSED,2026-07-05,NO_RESPONSE,
M018,C0000259,2026-06-22,EXPOSED,2026-07-01,NO_RESPONSE,
M018,C0014842,2026-06-22,EXPOSED,2026-06-28,NO_RESPONSE,
M018,C0016292,2026-06-22,EXPOSED,2026-08-07,NO_RESPONSE,
M018,C0018353,2026-06-22,EXPOSED,2026-07-12,NO_RESPONSE,
M018,C0001856,2026-06-23,EXPOSED,2026-07-20,NO_RESPONSE,
M018,C0012118,2026-06-23,EXPOSED,2026-07-11,NEUTRAL,2026-07-15
M018,C0015557,2026-06-23,EXPOSED,2026-07-02,NO_RESPONSE,
M018,C0000450,2026-06-24,NOT_EXPOSED,,,
M018,C0002820,2026-06-24,EXPOSED,2026-07-31,NO_RESPONSE,
M018,C0009138,2026-06-24,EXPOSED,2026-07-16,NO_RESPONSE,
M018,C0010358,2026-06-24,EXPOSED,2026-07-05,NO_RESPONSE,
M018,C0019232,2026-06-24,EXPOSED,2026-07-11,NO_RESPONSE,
M018,C0006513,2026-06-25,EXPOSED,2026-07-05,NO_RESPONSE,
M018,C0008401,2026-06-25,EXPOSED,2026-07-01,NO_RESPONSE,
M018,C0009695,2026-06-26,EXPOSED,2026-07-17,NO_RESPONSE,
M018,C0009948,2026-06-26,NOT_EXPOSED,,,
M018,C0000923,2026-06-27,EXPOSED,2026-07-27,NO_RESPONSE,
M018,C0008957,2026-06-27,EXPOSED,2026-07-07,NO_RESPONSE,
M018,C0018826,2026-06-27,EXPOSED,2026-07-30,NO_RESPONSE,
M018,C0000052,2026-06-28,EXPOSED,2026-07-01,NO_RESPONSE,
M018,C0004395,2026-06-29,EXPOSED,2026-06-30,NO_RESPONSE,
M018,C0008486,2026-06-29,EXPOSED,2026-08-02,POSITIVE,2026-08-04
M018,C0012166,2026-06-29,EXPOSED,2026-07-04,NO_RESPONSE,
M018,C0015102,2026-06-29,NOT_EXPOSED,,,
M018,C0017406,2026-06-29,NOT_EXPOSED,,,
M018,C0018857,2026-06-29,EXPOSED,2026-07-23,NO_RESPONSE,
M018,C0005209,2026-06-30,EXPOSED,2026-07-08,NO_RESPONSE,
M018,C0006284,2026-06-30,EXPOSED,2026-07-29,NO_RESPONSE,
M018,C0009872,2026-06-30,EXPOSED,2026-08-06,NO_RESPONSE,
M018,C0002704,2026-07-01,EXPOSED,2026-07-05,NO_RESPONSE,
M018,C0003169,2026-07-01,EXPOSED,2026-07-13,NO_RESPONSE,
M018,C0006693,2026-07-01,EXPOSED,2026-07-30,NO_RESPONSE,
M018,C0009484,2026-07-01,EXPOSED,2026-07-15,NO_RESPONSE,
M018,C0017875,2026-07-01,EXPOSED,2026-08-05,NO_RESPONSE,
M018,C0018389,2026-07-01,EXPOSED,2026-07-27,NO_RESPONSE,
M018,C0000226,2026-07-02,EXPOSED,2026-07-11,NO_RESPONSE,
M018,C0009843,2026-07-02,EXPOSED,2026-07-08,NO_RESPONSE,
M018,C0010027,2026-07-02,EXPOSED,2026-07-30,NO_RESPONSE,
M018,C0010271,2026-07-02,EXPOSED,2026-07-13,NO_RESPONSE,
M018,C0012441,2026-07-02,EXPOSED,2026-07-16,NO_RESPONSE,
M018,C0007572,2026-07-03,EXPOSED,2026-07-13,POSITIVE,2026-07-18
M018,C0009550,2026-07-03,EXPOSED,2026-07-23,NO_RESPONSE,
M018,C0013952,2026-07-03,EXPOSED,2026-07-06,NO_RESPONSE,
M018,C0017946,2026-07-03,EXPOSED,2026-08-07,NO_RESPONSE,
M018,C0019841,2026-07-03,EXPOSED,2026-07-31,NO_RESPONSE,
M018,C0004495,2026-07-04,EXPOSED,2026-07-16,NO_RESPONSE,
M018,C0004658,2026-07-04,EXPOSED,2026-07-07,NO_RESPONSE,
M018,C0005022,2026-07-04,EXPOSED,2026-08-03,NO_RESPONSE,
M018,C0008332,2026-07-04,EXPOSED,2026-08-10,NO_RESPONSE,
M018,C0010017,2026-07-04,EXPOSED,2026-07-11,NO_RESPONSE,
M018,C0013748,2026-07-04,EXPOSED,2026-07-26,NO_RESPONSE,
M018,C0015693,2026-07-04,EXPOSED,2026-08-05,NO_RESPONSE,
M018,C0016842,2026-07-04,EXPOSED,2026-07-18,NO_RESPONSE,
M018,C0019155,2026-07-04,EXPOSED,2026-07-31,NO_RESPONSE,
M018,C0001464,2026-07-05,EXPOSED,2026-07-11,NEUTRAL,2026-07-15
M018,C0002657,2026-07-05,EXPOSED,2026-07-06,NO_RESPONSE,
M018,C0004578,2026-07-05,EXPOSED,2026-07-11,NO_RESPONSE,
M018,C0005840,2026-07-05,EXPOSED,2026-07-23,NO_RESPONSE,
M018,C0012217,2026-07-05,NOT_EXPOSED,,,
M018,C0005473,2026-07-06,EXPOSED,2026-07-20,NO_RESPONSE,
M018,C0012052,2026-07-06,EXPOSED,2026-08-07,NO_RESPONSE,
M018,C0012148,2026-07-06,NOT_EXPOSED,,,
M018,C0006596,2026-07-07,EXPOSED,2026-07-21,NO_RESPONSE,
M018,C0011074,2026-07-07,EXPOSED,2026-08-03,NO_RESPONSE,
M018,C0011795,2026-07-07,EXPOSED,2026-07-13,NO_RESPONSE,
M018,C0011916,2026-07-07,EXPOSED,2026-07-26,NO_RESPONSE,
M018,C0002178,2026-07-08,EXPOSED,2026-07-28,NO_RESPONSE,
M018,C0007692,2026-07-08,EXPOSED,2026-08-05,NO_RESPONSE,
M018,C0008502,2026-07-08,EXPOSED,2026-07-16,NO_RESPONSE,
M018,C0008517,2026-07-08,EXPOSED,2026-07-22,NO_RESPONSE,
M018,C0009038,2026-07-08,EXPOSED,2026-08-07,NO_RESPONSE,
M018,C0011660,2026-07-08,EXPOSED,2026-07-31,NO_RESPONSE,
M018,C0000659,2026-07-10,EXPOSED,2026-07-16,NO_RESPONSE,
M018,C0005926,2026-07-12,EXPOSED,2026-07-24,NO_RESPONSE,
M018,C0009869,2026-07-12,EXPOSED,2026-07-30,POSITIVE,2026-08-23
M018,C0017892,2026-07-12,EXPOSED,2026-07-17,NO_RESPONSE,
M018,C0018360,2026-07-12,EXPOSED,2026-08-09,NO_RESPONSE,
M018,C0014714,2026-07-13,EXPOSED,2026-07-31,NEUTRAL,2026-08-11
M018,C0016466,2026-07-13,EXPOSED,2026-07-17,NO_RESPONSE,
M018,C0004841,2026-07-14,EXPOSED,2026-07-20,NO_RESPONSE,
M018,C0013705,2026-07-14,EXPOSED,2026-07-15,POSITIVE,2026-07-19
M018,C0018247,2026-07-14,EXPOSED,2026-07-27,NO_RESPONSE,
M018,C0019790,2026-07-14,EXPOSED,2026-07-25,NO_RESPONSE,
M018,C0005394,2026-07-15,EXPOSED,2026-08-06,NO_RESPONSE,
M018,C0019791,2026-07-15,EXPOSED,2026-07-30,NO_RESPONSE,
M018,C0003654,2026-07-16,EXPOSED,2026-07-24,NO_RESPONSE,
M018,C0004145,2026-07-17,EXPOSED,2026-07-23,NO_RESPONSE,
M018,C0019021,2026-07-17,EXPOSED,2026-07-18,NO_RESPONSE,
M018,C0018425,2026-07-18,EXPOSED,2026-08-02,NO_RESPONSE,
M018,C0019412,2026-07-18,EXPOSED,2026-07-29,NO_RESPONSE,
M018,C0015665,2026-07-19,EXPOSED,2026-08-01,NO_RESPONSE,
M018,C0000994,2026-07-20,EXPOSED,2026-07-28,NO_RESPONSE,
M018,C0003754,2026-07-20,EXPOSED,2026-08-01,NO_RESPONSE,
M018,C0009988,2026-07-20,EXPOSED,2026-07-31,NEUTRAL,2026-07-31
M018,C0019091,2026-07-20,NOT_EXPOSED,,,
M018,C0011347,2026-07-21,EXPOSED,2026-07-28,NO_RESPONSE,
M018,C0002913,2026-07-22,EXPOSED,2026-08-02,NEGATIVE,2026-08-08
M018,C0004383,2026-07-22,EXPOSED,2026-08-01,NO_RESPONSE,
M018,C0018570,2026-07-22,EXPOSED,2026-07-24,NO_RESPONSE,
M018,C0004484,2026-07-23,EXPOSED,2026-08-08,NO_RESPONSE,
M018,C0010118,2026-07-23,EXPOSED,2026-07-27,NO_RESPONSE,
M018,C0016892,2026-07-23,EXPOSED,2026-08-03,NO_RESPONSE,
M018,C0002490,2026-07-24,EXPOSED,2026-07-25,NO_RESPONSE,
M018,C0003790,2026-07-24,EXPOSED,2026-08-03,NO_RESPONSE,
M018,C0008659,2026-07-24,NOT_EXPOSED,,,
M018,C0013876,2026-07-25,EXPOSED,2026-08-05,NO_RESPONSE,
M018,C0005684,2026-07-26,EXPOSED,2026-08-05,NEUTRAL,2026-08-27
M018,C0019288,2026-07-26,EXPOSED,2026-08-01,NO_RESPONSE,
M018,C0019992,2026-07-26,EXPOSED,2026-07-26,NO_RESPONSE,
M018,C0012621,2026-07-27,EXPOSED,2026-07-28,NO_RESPONSE,
M018,C0013747,2026-07-27,EXPOSED,2026-08-06,NO_RESPONSE,
M018,C0008910,2026-07-28,EXPOSED,2026-08-03,NO_RESPONSE,
M018,C0003572,2026-07-29,EXPOSED,2026-08-08,NO_RESPONSE,
M018,C0000223,2026-07-30,EXPOSED,2026-08-10,NO_RESPONSE,
M018,C0007683,2026-07-30,EXPOSED,2026-08-06,NO_RESPONSE,
M018,C0015033,2026-07-30,EXPOSED,2026-08-05,NEUTRAL,2026-08-13
M018,C0009111,2026-07-31,EXPOSED,2026-08-09,NO_RESPONSE,
M018,C0009993,2026-08-01,EXPOSED,2026-08-09,NO_RESPONSE,
M018,C0012713,2026-08-01,EXPOSED,2026-08-07,NO_RESPONSE,
M018,C0003298,2026-08-03,EXPOSED,2026-08-09,NO_RESPONSE,
M018,C0005132,2026-08-03,EXPOSED,2026-08-13,NO_RESPONSE,
M018,C0013068,2026-08-04,EXPOSED,2026-08-04,NO_RESPONSE,
M018,C0018043,2026-08-05,EXPOSED,2026-08-06,NO_RESPONSE,
M018,C0010480,2026-08-07,EXPOSED,2026-08-10,NO_RESPONSE,
M018,C0018258,2026-08-09,EXPOSED,2026-08-11,NO_RESPONSE,
M018,C0017518,2026-08-10,EXPOSED,2026-08-14,NO_RESPONSE,
M018,C0009937,2026-08-11,EXPOSED,2026-08-14,NO_RESPONSE,
M019,C0011847,2026-03-01,EXPOSED,2026-06-03,NO_RESPONSE,
M019,C0005713,2026-03-02,EXPOSED,2026-04-27,NO_RESPONSE,
M019,C0011765,2026-03-02,EXPOSED,2026-05-03,NO_RESPONSE,
M019,C0012657,2026-03-02,EXPOSED,2026-03-31,NO_RESPONSE,
M019,C0016972,2026-03-02,NOT_EXPOSED,,,
M019,C0018433,2026-03-02,EXPOSED,2026-05-05,NO_RESPONSE,
M019,C0002239,2026-03-03,EXPOSED,2026-03-31,NO_RESPONSE,
M019,C0002357,2026-03-03,EXPOSED,2026-05-02,NO_RESPONSE,
M019,C0006114,2026-03-03,EXPOSED,2026-03-29,POSITIVE,2026-04-04
M019,C0008033,2026-03-03,EXPOSED,2026-04-25,NO_RESPONSE,
M019,C0008526,2026-03-03,EXPOSED,2026-04-12,NO_RESPONSE,
M019,C0010992,2026-03-03,EXPOSED,2026-03-24,NO_RESPONSE,
M019,C0019665,2026-03-03,EXPOSED,2026-05-17,NO_RESPONSE,
M019,C0004963,2026-03-04,EXPOSED,2026-04-10,NO_RESPONSE,
M019,C0006211,2026-03-04,EXPOSED,2026-05-05,NO_RESPONSE,
M019,C0006227,2026-03-04,EXPOSED,2026-04-12,NO_RESPONSE,
M019,C0006922,2026-03-04,EXPOSED,2026-04-16,NO_RESPONSE,
M019,C0008440,2026-03-04,EXPOSED,2026-04-17,NO_RESPONSE,
M019,C0009781,2026-03-04,EXPOSED,2026-03-26,NO_RESPONSE,
M019,C0015593,2026-03-04,EXPOSED,2026-04-07,NO_RESPONSE,
M019,C0017293,2026-03-04,EXPOSED,2026-03-22,NO_RESPONSE,
M019,C0000820,2026-03-05,NOT_EXPOSED,,,
M019,C0014910,2026-03-05,EXPOSED,2026-03-11,NO_RESPONSE,
M019,C0017658,2026-03-05,EXPOSED,2026-05-16,POSITIVE,2026-05-20
M019,C0017970,2026-03-05,EXPOSED,2026-03-10,NO_RESPONSE,
M019,C0018965,2026-03-05,NOT_EXPOSED,,,
M019,C0018970,2026-03-05,EXPOSED,2026-05-30,NO_RESPONSE,
M019,C0001229,2026-03-06,EXPOSED,2026-05-19,NO_RESPONSE,
M019,C0001745,2026-03-06,EXPOSED,2026-05-18,NO_RESPONSE,
M019,C0002775,2026-03-06,EXPOSED,2026-04-24,NO_RESPONSE,
M019,C0003555,2026-03-06,EXPOSED,2026-03-27,NEUTRAL,2026-04-15
M019,C0004456,2026-03-06,EXPOSED,2026-04-03,NO_RESPONSE,
M019,C0004526,2026-03-06,EXPOSED,2026-03-16,POSITIVE,2026-03-18
M019,C0007682,2026-03-06,EXPOSED,2026-04-22,NO_RESPONSE,
M019,C0009765,2026-03-06,EXPOSED,2026-03-30,NO_RESPONSE,
M019,C0018880,2026-03-06,EXPOSED,2026-06-01,NO_RESPONSE,
M019,C0000428,2026-03-07,EXPOSED,2026-04-07,NO_RESPONSE,
M019,C0003727,2026-03-07,NOT_EXPOSED,,,
M019,C0008838,2026-03-07,EXPOSED,2026-05-15,NO_RESPONSE,
M019,C0010531,2026-03-07,EXPOSED,2026-06-08,NO_RESPONSE,
M019,C0015146,2026-03-07,EXPOSED,2026-03-20,NO_RESPONSE,
M019,C0016163,2026-03-07,EXPOSED,2026-03-22,NO_RESPONSE,
M019,C0003397,2026-03-08,EXPOSED,2026-05-12,POSITIVE,2026-05-20
M019,C0004430,2026-03-08,EXPOSED,2026-04-17,NO_RESPONSE,
M019,C0006495,2026-03-08,EXPOSED,2026-06-10,NO_RESPONSE,
M019,C0006864,2026-03-08,EXPOSED,2026-03-16,NO_RESPONSE,
M019,C0006997,2026-03-08,EXPOSED,2026-05-08,POSITIVE,2026-05-19
M019,C0010682,2026-03-08,EXPOSED,2026-03-26,NO_RESPONSE,
M019,C0011795,2026-03-08,EXPOSED,2026-03-30,NO_RESPONSE,
M019,C0013991,2026-03-08,EXPOSED,2026-05-05,NO_RESPONSE,
M019,C0006958,2026-03-09,EXPOSED,2026-04-08,NO_RESPONSE,
M019,C0008184,2026-03-09,EXPOSED,2026-04-21,NEUTRAL,2026-04-25
M019,C0012628,2026-03-09,EXPOSED,2026-04-02,NEUTRAL,2026-04-05
M019,C0015665,2026-03-09,NOT_EXPOSED,,,
M019,C0018245,2026-03-09,EXPOSED,2026-06-08,POSITIVE,2026-06-14
M019,C0002800,2026-03-10,EXPOSED,2026-04-11,NO_RESPONSE,
M019,C0006535,2026-03-10,EXPOSED,2026-03-25,NO_RESPONSE,
M019,C0006558,2026-03-10,EXPOSED,2026-05-11,NO_RESPONSE,
M019,C0008559,2026-03-10,EXPOSED,2026-04-11,NEUTRAL,2026-04-23
M019,C0008633,2026-03-10,EXPOSED,2026-03-24,NO_RESPONSE,
M019,C0008769,2026-03-10,EXPOSED,2026-06-15,NO_RESPONSE,
M019,C0009956,2026-03-10,NOT_EXPOSED,,,
M019,C0013583,2026-03-10,EXPOSED,2026-06-15,POSITIVE,2026-06-20
M019,C0016146,2026-03-10,EXPOSED,2026-03-20,NO_RESPONSE,
M019,C0017295,2026-03-10,EXPOSED,2026-04-30,NO_RESPONSE,
M019,C0019112,2026-03-10,EXPOSED,2026-04-27,NO_RESPONSE,
M019,C0019217,2026-03-10,EXPOSED,2026-05-07,NO_RESPONSE,
M019,C0019820,2026-03-10,EXPOSED,2026-03-29,NO_RESPONSE,
M019,C0013151,2026-03-11,EXPOSED,2026-06-06,NO_RESPONSE,
M019,C0014127,2026-03-11,EXPOSED,2026-06-10,NO_RESPONSE,
M019,C0017576,2026-03-11,EXPOSED,2026-05-06,NEUTRAL,2026-05-07
M019,C0019411,2026-03-11,EXPOSED,2026-05-05,NO_RESPONSE,
M019,C0019657,2026-03-11,EXPOSED,2026-05-13,POSITIVE,2026-05-30
M019,C0004945,2026-03-12,EXPOSED,2026-03-24,NO_RESPONSE,
M019,C0008586,2026-03-12,EXPOSED,2026-04-14,NO_RESPONSE,
M019,C0009441,2026-03-12,EXPOSED,2026-05-28,POSITIVE,2026-05-28
M019,C0014086,2026-03-12,EXPOSED,2026-05-26,NO_RESPONSE,
M019,C0006023,2026-03-13,NOT_EXPOSED,,,
M019,C0006468,2026-03-13,EXPOSED,2026-06-13,NO_RESPONSE,
M019,C0007361,2026-03-13,EXPOSED,2026-04-13,NO_RESPONSE,
M019,C0008316,2026-03-13,EXPOSED,2026-04-07,NO_RESPONSE,
M019,C0010969,2026-03-13,EXPOSED,2026-04-21,NO_RESPONSE,
M019,C0012541,2026-03-13,EXPOSED,2026-06-04,NO_RESPONSE,
M019,C0016941,2026-03-13,EXPOSED,2026-05-14,NO_RESPONSE,
M019,C0019698,2026-03-13,NOT_EXPOSED,,,
M019,C0001264,2026-03-14,EXPOSED,2026-03-22,NO_RESPONSE,
M019,C0003445,2026-03-14,EXPOSED,2026-05-02,NO_RESPONSE,
M019,C0004845,2026-03-14,EXPOSED,2026-05-25,NO_RESPONSE,
M019,C0014387,2026-03-14,EXPOSED,2026-04-12,NO_RESPONSE,
M019,C0014591,2026-03-14,EXPOSED,2026-03-20,NO_RESPONSE,
M019,C0018195,2026-03-14,EXPOSED,2026-04-03,NO_RESPONSE,
M019,C0018465,2026-03-14,EXPOSED,2026-05-10,POSITIVE,2026-05-24
M019,C0001120,2026-03-15,EXPOSED,2026-04-06,NEGATIVE,2026-04-07
M019,C0003475,2026-03-15,EXPOSED,2026-05-18,NO_RESPONSE,
M019,C0006053,2026-03-15,EXPOSED,2026-06-09,POSITIVE,2026-06-10
M019,C0010647,2026-03-15,EXPOSED,2026-03-27,NO_RESPONSE,
M019,C0011786,2026-03-15,NOT_EXPOSED,,,
M019,C0015984,2026-03-15,EXPOSED,2026-06-09,NO_RESPONSE,
M019,C0018318,2026-03-15,EXPOSED,2026-04-21,NO_RESPONSE,
M019,C0019896,2026-03-15,EXPOSED,2026-04-02,NO_RESPONSE,
M019,C0001951,2026-03-16,NOT_EXPOSED,,,
M019,C0002131,2026-03-16,EXPOSED,2026-04-14,NO_RESPONSE,
M019,C0002274,2026-03-16,EXPOSED,2026-04-01,NO_RESPONSE,
M019,C0005424,2026-03-16,EXPOSED,2026-04-11,NO_RESPONSE,
M019,C0006288,2026-03-16,NOT_EXPOSED,,,
M019,C0007808,2026-03-16,EXPOSED,2026-04-24,NO_RESPONSE,
M019,C0008106,2026-03-16,EXPOSED,2026-05-06,POSITIVE,2026-05-11
M019,C0008306,2026-03-16,EXPOSED,2026-04-24,NO_RESPONSE,
M019,C0008546,2026-03-16,EXPOSED,2026-05-31,NO_RESPONSE,
M019,C0011568,2026-03-16,EXPOSED,2026-06-09,NO_RESPONSE,
M019,C0012701,2026-03-16,EXPOSED,2026-05-10,NEGATIVE,2026-05-18
M019,C0013815,2026-03-16,EXPOSED,2026-04-24,NO_RESPONSE,
M019,C0014019,2026-03-16,EXPOSED,2026-03-31,NO_RESPONSE,
M019,C0017338,2026-03-16,EXPOSED,2026-05-08,NO_RESPONSE,
M019,C0002060,2026-03-17,EXPOSED,2026-05-03,NO_RESPONSE,
M019,C0003741,2026-03-17,EXPOSED,2026-05-21,NO_RESPONSE,
M019,C0005591,2026-03-17,EXPOSED,2026-05-04,NO_RESPONSE,
M019,C0010512,2026-03-17,EXPOSED,2026-05-28,NO_RESPONSE,
M019,C0012324,2026-03-17,EXPOSED,2026-06-09,NO_RESPONSE,
M019,C0019482,2026-03-17,NOT_EXPOSED,,,
M019,C0001463,2026-03-18,EXPOSED,2026-06-06,NO_RESPONSE,
M019,C0003185,2026-03-18,EXPOSED,2026-04-13,NEGATIVE,2026-04-19
M019,C0005128,2026-03-18,EXPOSED,2026-03-27,NO_RESPONSE,
M019,C0005911,2026-03-18,EXPOSED,2026-04-20,NO_RESPONSE,
M019,C0008358,2026-03-18,EXPOSED,2026-06-07,NO_RESPONSE,
M019,C0009162,2026-03-18,EXPOSED,2026-04-30,NO_RESPONSE,
M019,C0012562,2026-03-18,EXPOSED,2026-03-19,POSITIVE,2026-03-30
M019,C0019787,2026-03-18,EXPOSED,2026-05-04,NO_RESPONSE,
M019,C0002004,2026-03-19,EXPOSED,2026-03-30,NEGATIVE,2026-04-07
M019,C0003079,2026-03-19,EXPOSED,2026-03-25,POSITIVE,2026-03-26
M019,C0006308,2026-03-19,EXPOSED,2026-05-08,NEGATIVE,2026-05-09
M019,C0007363,2026-03-19,EXPOSED,2026-04-09,NO_RESPONSE,
M019,C0007478,2026-03-19,EXPOSED,2026-04-12,NO_RESPONSE,
M019,C0007537,2026-03-19,EXPOSED,2026-05-05,NO_RESPONSE,
M019,C0010759,2026-03-19,NOT_EXPOSED,,,
M019,C0012445,2026-03-19,EXPOSED,2026-04-06,NEGATIVE,2026-04-10
M019,C0014197,2026-03-19,EXPOSED,2026-04-15,NO_RESPONSE,
M019,C0014402,2026-03-19,EXPOSED,2026-05-09,NO_RESPONSE,
M019,C0016091,2026-03-19,EXPOSED,2026-05-03,NO_RESPONSE,
M019,C0017139,2026-03-19,EXPOSED,2026-04-10,NO_RESPONSE,
M019,C0018405,2026-03-19,EXPOSED,2026-06-24,NO_RESPONSE,
M019,C0018815,2026-03-19,EXPOSED,2026-04-27,POSITIVE,2026-05-12
M019,C0018966,2026-03-19,EXPOSED,2026-05-06,NO_RESPONSE,
M019,C0019878,2026-03-19,EXPOSED,2026-05-13,NEUTRAL,2026-05-18
M019,C0000072,2026-03-20,EXPOSED,2026-04-06,NO_RESPONSE,
M019,C0001154,2026-03-20,EXPOSED,2026-04-28,NO_RESPONSE,
M019,C0001836,2026-03-20,EXPOSED,2026-03-22,NO_RESPONSE,
M019,C0006025,2026-03-20,EXPOSED,2026-06-21,NO_RESPONSE,
M019,C0006049,2026-03-20,EXPOSED,2026-05-31,NO_RESPONSE,
M019,C0013571,2026-03-20,EXPOSED,2026-05-07,NO_RESPONSE,
M019,C0014061,2026-03-20,EXPOSED,2026-05-07,NO_RESPONSE,
M019,C0019139,2026-03-20,NOT_EXPOSED,,,
M019,C0000117,2026-03-21,EXPOSED,2026-04-02,POSITIVE,2026-04-09
M019,C0002283,2026-03-21,EXPOSED,2026-04-13,NEUTRAL,2026-04-21
M019,C0003298,2026-03-21,EXPOSED,2026-05-01,NO_RESPONSE,
M019,C0007122,2026-03-21,EXPOSED,2026-04-21,NO_RESPONSE,
M019,C0012305,2026-03-21,EXPOSED,2026-04-02,NO_RESPONSE,
M019,C0013623,2026-03-21,EXPOSED,2026-05-31,NO_RESPONSE,
M019,C0017642,2026-03-21,NOT_EXPOSED,,,
M019,C0000587,2026-03-22,EXPOSED,2026-05-15,NO_RESPONSE,
M019,C0002637,2026-03-22,EXPOSED,2026-06-25,NO_RESPONSE,
M019,C0004162,2026-03-22,EXPOSED,2026-05-17,NO_RESPONSE,
M019,C0004589,2026-03-22,EXPOSED,2026-04-20,NO_RESPONSE,
M019,C0007504,2026-03-22,EXPOSED,2026-05-05,NO_RESPONSE,
M019,C0015916,2026-03-22,EXPOSED,2026-06-02,POSITIVE,2026-06-03
M019,C0016749,2026-03-22,EXPOSED,2026-04-24,NO_RESPONSE,
M019,C0017230,2026-03-22,EXPOSED,2026-06-10,NO_RESPONSE,
M019,C0018194,2026-03-22,EXPOSED,2026-03-25,POSITIVE,2026-03-25
M019,C0002277,2026-03-23,EXPOSED,2026-05-11,NEGATIVE,2026-05-14
M019,C0003027,2026-03-23,EXPOSED,2026-03-25,POSITIVE,2026-04-09
M019,C0007567,2026-03-23,EXPOSED,2026-05-13,NO_RESPONSE,
M019,C0009297,2026-03-23,EXPOSED,2026-03-30,NO_RESPONSE,
M019,C0010172,2026-03-23,EXPOSED,2026-04-10,NO_RESPONSE,
M019,C0010629,2026-03-23,EXPOSED,2026-04-09,NO_RESPONSE,
M019,C0011255,2026-03-23,EXPOSED,2026-04-19,NO_RESPONSE,
M019,C0013968,2026-03-23,EXPOSED,2026-05-06,NO_RESPONSE,
M019,C0014887,2026-03-23,EXPOSED,2026-04-03,NO_RESPONSE,
M019,C0000365,2026-03-24,EXPOSED,2026-04-29,NO_RESPONSE,
M019,C0000903,2026-03-24,NOT_EXPOSED,,,
M019,C0003811,2026-03-24,EXPOSED,2026-04-24,NO_RESPONSE,
M019,C0004009,2026-03-24,EXPOSED,2026-04-15,NO_RESPONSE,
M019,C0006119,2026-03-24,EXPOSED,2026-04-22,NO_RESPONSE,
M019,C0006957,2026-03-24,EXPOSED,2026-04-19,NO_RESPONSE,
M019,C0007905,2026-03-24,NOT_EXPOSED,,,
M019,C0009929,2026-03-24,EXPOSED,2026-05-21,NO_RESPONSE,
M019,C0010492,2026-03-24,EXPOSED,2026-04-08,NO_RESPONSE,
M019,C0012118,2026-03-24,EXPOSED,2026-03-28,NO_RESPONSE,
M019,C0013498,2026-03-24,EXPOSED,2026-04-16,NO_RESPONSE,
M019,C0018650,2026-03-24,EXPOSED,2026-04-09,POSITIVE,2026-04-14
M019,C0002665,2026-03-25,NOT_EXPOSED,,,
M019,C0004150,2026-03-25,EXPOSED,2026-04-23,NO_RESPONSE,
M019,C0007163,2026-03-25,EXPOSED,2026-06-23,NO_RESPONSE,
M019,C0007171,2026-03-25,EXPOSED,2026-05-08,POSITIVE,2026-05-11
M019,C0011635,2026-03-25,EXPOSED,2026-04-03,NEGATIVE,2026-04-05
M019,C0015162,2026-03-25,EXPOSED,2026-04-29,NO_RESPONSE,
M019,C0017316,2026-03-25,EXPOSED,2026-04-10,NO_RESPONSE,
M019,C0018341,2026-03-25,EXPOSED,2026-05-03,NO_RESPONSE,
M019,C0000389,2026-03-26,EXPOSED,2026-05-21,NO_RESPONSE,
M019,C0000393,2026-03-26,NOT_EXPOSED,,,
M019,C0002444,2026-03-26,EXPOSED,2026-05-14,NO_RESPONSE,
M019,C0003116,2026-03-26,EXPOSED,2026-06-03,NO_RESPONSE,
M019,C0003210,2026-03-26,EXPOSED,2026-03-27,NO_RESPONSE,
M019,C0007889,2026-03-26,NOT_EXPOSED,,,
M019,C0017819,2026-03-26,EXPOSED,2026-04-01,NO_RESPONSE,
M019,C0018331,2026-03-26,NOT_EXPOSED,,,
M019,C0018607,2026-03-26,EXPOSED,2026-05-06,NEUTRAL,2026-05-10
M019,C0004863,2026-03-27,EXPOSED,2026-04-07,NEUTRAL,2026-04-11
M019,C0010284,2026-03-27,EXPOSED,2026-04-10,NO_RESPONSE,
M019,C0011709,2026-03-27,EXPOSED,2026-04-13,NO_RESPONSE,
M019,C0017717,2026-03-27,EXPOSED,2026-05-11,NO_RESPONSE,
M019,C0001246,2026-03-28,EXPOSED,2026-05-19,NO_RESPONSE,
M019,C0005813,2026-03-28,EXPOSED,2026-06-26,NO_RESPONSE,
M019,C0006565,2026-03-28,EXPOSED,2026-04-17,NO_RESPONSE,
M019,C0007773,2026-03-28,EXPOSED,2026-05-02,NO_RESPONSE,
M019,C0007932,2026-03-28,EXPOSED,2026-04-24,NEUTRAL,2026-04-27
M019,C0008321,2026-03-28,EXPOSED,2026-05-15,NO_RESPONSE,
M019,C0008770,2026-03-28,EXPOSED,2026-05-30,NO_RESPONSE,
M019,C0014091,2026-03-28,EXPOSED,2026-05-21,NO_RESPONSE,
M019,C0018953,2026-03-28,EXPOSED,2026-04-01,NO_RESPONSE,
M019,C0000773,2026-03-29,EXPOSED,2026-04-20,POSITIVE,2026-05-04
M019,C0002519,2026-03-29,EXPOSED,2026-04-22,NO_RESPONSE,
M019,C0004673,2026-03-29,EXPOSED,2026-05-12,NO_RESPONSE,
M019,C0005383,2026-03-29,EXPOSED,2026-05-09,NEGATIVE,2026-05-20
M019,C0008002,2026-03-29,EXPOSED,2026-05-09,NO_RESPONSE,
M019,C0010366,2026-03-29,EXPOSED,2026-06-06,NEUTRAL,2026-06-11
M019,C0010554,2026-03-29,EXPOSED,2026-05-31,NO_RESPONSE,
M019,C0010853,2026-03-29,EXPOSED,2026-05-13,NO_RESPONSE,
M019,C0013044,2026-03-29,EXPOSED,2026-04-09,NO_RESPONSE,
M019,C0013211,2026-03-29,EXPOSED,2026-06-09,NO_RESPONSE,
M019,C0014558,2026-03-29,EXPOSED,2026-06-22,NO_RESPONSE,
M019,C0016408,2026-03-29,EXPOSED,2026-04-12,NO_RESPONSE,
M019,C0002018,2026-03-30,NOT_EXPOSED,,,
M019,C0002989,2026-03-30,EXPOSED,2026-05-31,NEUTRAL,2026-06-06
M019,C0006441,2026-03-30,EXPOSED,2026-06-05,NO_RESPONSE,
M019,C0006532,2026-03-30,EXPOSED,2026-05-01,NO_RESPONSE,
M019,C0008635,2026-03-30,EXPOSED,2026-04-03,NO_RESPONSE,
M019,C0008754,2026-03-30,NOT_EXPOSED,,,
M019,C0011444,2026-03-30,EXPOSED,2026-04-21,NO_RESPONSE,
M019,C0012004,2026-03-30,EXPOSED,2026-06-15,NO_RESPONSE,
M019,C0013764,2026-03-30,NOT_EXPOSED,,,
M019,C0015160,2026-03-30,EXPOSED,2026-04-22,NO_RESPONSE,
M019,C0019936,2026-03-30,EXPOSED,2026-04-24,NO_RESPONSE,
M019,C0001127,2026-03-31,EXPOSED,2026-04-26,NEGATIVE,2026-05-04
M019,C0001472,2026-03-31,EXPOSED,2026-05-16,NO_RESPONSE,
M019,C0003679,2026-03-31,EXPOSED,2026-05-23,NO_RESPONSE,
M019,C0004712,2026-03-31,EXPOSED,2026-04-13,NO_RESPONSE,
M019,C0004854,2026-03-31,EXPOSED,2026-04-10,NO_RESPONSE,
M019,C0006698,2026-03-31,NOT_EXPOSED,,,
M019,C0007793,2026-03-31,NOT_EXPOSED,,,
M019,C0011952,2026-03-31,EXPOSED,2026-05-14,NO_RESPONSE,
M019,C0012440,2026-03-31,EXPOSED,2026-04-07,NO_RESPONSE,
M019,C0015074,2026-03-31,EXPOSED,2026-04-16,NO_RESPONSE,
M019,C0002270,2026-04-01,EXPOSED,2026-04-14,NO_RESPONSE,
M019,C0005874,2026-04-01,EXPOSED,2026-04-09,NO_RESPONSE,
M019,C0010201,2026-04-01,EXPOSED,2026-04-16,POSITIVE,2026-04-28
M019,C0012434,2026-04-01,EXPOSED,2026-06-07,NO_RESPONSE,
M019,C0013469,2026-04-01,EXPOSED,2026-06-14,NO_RESPONSE,
M019,C0013547,2026-04-01,EXPOSED,2026-04-27,NO_RESPONSE,
M019,C0017668,2026-04-01,EXPOSED,2026-06-05,NO_RESPONSE,
M019,C0018131,2026-04-01,EXPOSED,2026-05-05,NO_RESPONSE,
M019,C0018598,2026-04-01,NOT_EXPOSED,,,
M019,C0002159,2026-04-02,EXPOSED,2026-04-14,NO_RESPONSE,
M019,C0011653,2026-04-02,EXPOSED,2026-04-06,NO_RESPONSE,
M019,C0014801,2026-04-02,EXPOSED,2026-05-14,NO_RESPONSE,
M019,C0017789,2026-04-02,EXPOSED,2026-05-05,NO_RESPONSE,
M019,C0000039,2026-04-03,EXPOSED,2026-04-07,NO_RESPONSE,
M019,C0000925,2026-04-03,EXPOSED,2026-04-15,NO_RESPONSE,
M019,C0001507,2026-04-03,EXPOSED,2026-04-07,NO_RESPONSE,
M019,C0012169,2026-04-03,EXPOSED,2026-05-30,NEUTRAL,2026-06-03
M019,C0012175,2026-04-03,EXPOSED,2026-05-29,NEUTRAL,2026-06-04
M019,C0014683,2026-04-03,NOT_EXPOSED,,,
M019,C0015269,2026-04-03,EXPOSED,2026-05-16,POSITIVE,2026-05-22
M019,C0004569,2026-04-04,EXPOSED,2026-04-14,NO_RESPONSE,
M019,C0005184,2026-04-04,EXPOSED,2026-06-11,NO_RESPONSE,
M019,C0005287,2026-04-04,EXPOSED,2026-04-11,NO_RESPONSE,
M019,C0006484,2026-04-04,EXPOSED,2026-04-28,NO_RESPONSE,
M019,C0006649,2026-04-04,EXPOSED,2026-06-10,NEGATIVE,2026-06-24
M019,C0007459,2026-04-04,EXPOSED,2026-06-24,NO_RESPONSE,
M019,C0010483,2026-04-04,EXPOSED,2026-06-05,NO_RESPONSE,
M019,C0010891,2026-04-04,EXPOSED,2026-06-09,NO_RESPONSE,
M019,C0015554,2026-04-04,EXPOSED,2026-05-29,NEUTRAL,2026-06-03
M019,C0018697,2026-04-04,EXPOSED,2026-04-27,NO_RESPONSE,
M019,C0018954,2026-04-04,EXPOSED,2026-05-19,NO_RESPONSE,
M019,C0019200,2026-04-04,EXPOSED,2026-05-14,NO_RESPONSE,
M019,C0019597,2026-04-04,EXPOSED,2026-04-27,NO_RESPONSE,
M019,C0001387,2026-04-05,EXPOSED,2026-04-17,NO_RESPONSE,
M019,C0001765,2026-04-05,EXPOSED,2026-04-28,NO_RESPONSE,
M019,C0001807,2026-04-05,EXPOSED,2026-04-22,NO_RESPONSE,
M019,C0002453,2026-04-05,NOT_EXPOSED,,,
M019,C0003282,2026-04-05,EXPOSED,2026-04-20,NO_RESPONSE,
M019,C0005140,2026-04-05,EXPOSED,2026-05-07,NO_RESPONSE,
M019,C0007848,2026-04-05,EXPOSED,2026-06-20,NEUTRAL,2026-06-27
M019,C0011927,2026-04-05,EXPOSED,2026-05-27,NO_RESPONSE,
M019,C0012388,2026-04-05,NOT_EXPOSED,,,
M019,C0015428,2026-04-05,EXPOSED,2026-05-01,NO_RESPONSE,
M019,C0017359,2026-04-05,EXPOSED,2026-06-03,POSITIVE,2026-06-08
M019,C0019562,2026-04-05,EXPOSED,2026-05-23,NO_RESPONSE,
M019,C0019903,2026-04-05,EXPOSED,2026-05-21,POSITIVE,2026-05-25
M019,C0004987,2026-04-06,EXPOSED,2026-05-16,NO_RESPONSE,
M019,C0006952,2026-04-06,EXPOSED,2026-05-04,NO_RESPONSE,
M019,C0008068,2026-04-06,EXPOSED,2026-05-27,NO_RESPONSE,
M019,C0013645,2026-04-06,EXPOSED,2026-05-13,NEUTRAL,2026-05-14
M019,C0015741,2026-04-06,EXPOSED,2026-06-11,NO_RESPONSE,
M019,C0018117,2026-04-06,EXPOSED,2026-04-09,NO_RESPONSE,
M019,C0018865,2026-04-06,EXPOSED,2026-04-18,NO_RESPONSE,
M019,C0001993,2026-04-07,EXPOSED,2026-04-21,NO_RESPONSE,
M019,C0003547,2026-04-07,EXPOSED,2026-04-20,NO_RESPONSE,
M019,C0006188,2026-04-07,NOT_EXPOSED,,,
M019,C0011500,2026-04-07,EXPOSED,2026-04-26,NO_RESPONSE,
M019,C0013824,2026-04-07,EXPOSED,2026-04-18,NO_RESPONSE,
M019,C0016746,2026-04-07,EXPOSED,2026-06-10,NO_RESPONSE,
M019,C0018089,2026-04-07,EXPOSED,2026-05-28,NO_RESPONSE,
M019,C0018715,2026-04-07,EXPOSED,2026-04-19,NO_RESPONSE,
M019,C0019349,2026-04-07,EXPOSED,2026-04-25,NO_RESPONSE,
M019,C0019389,2026-04-07,EXPOSED,2026-05-05,NO_RESPONSE,
M019,C0000007,2026-04-08,EXPOSED,2026-04-26,NO_RESPONSE,
M019,C0001844,2026-04-08,EXPOSED,2026-06-12,NO_RESPONSE,
M019,C0006395,2026-04-08,EXPOSED,2026-04-30,NO_RESPONSE,
M019,C0007131,2026-04-08,EXPOSED,2026-06-18,NO_RESPONSE,
M019,C0008652,2026-04-08,EXPOSED,2026-05-04,NO_RESPONSE,
M019,C0009986,2026-04-08,EXPOSED,2026-05-10,NO_RESPONSE,
M019,C0016882,2026-04-08,EXPOSED,2026-04-09,NO_RESPONSE,
M019,C0018347,2026-04-08,EXPOSED,2026-04-20,NEUTRAL,2026-04-25
M019,C0005134,2026-04-09,EXPOSED,2026-05-09,NEUTRAL,2026-05-17
M019,C0007315,2026-04-09,EXPOSED,2026-06-08,NO_RESPONSE,
M019,C0008006,2026-04-09,EXPOSED,2026-06-02,NO_RESPONSE,
M019,C0009288,2026-04-09,EXPOSED,2026-04-16,NO_RESPONSE,
M019,C0010395,2026-04-09,EXPOSED,2026-05-09,NO_RESPONSE,
M019,C0018099,2026-04-09,EXPOSED,2026-04-25,NO_RESPONSE,
M019,C0019744,2026-04-09,EXPOSED,2026-06-05,POSITIVE,2026-06-06
M019,C0001187,2026-04-10,EXPOSED,2026-04-26,POSITIVE,2026-05-05
M019,C0004268,2026-04-10,EXPOSED,2026-06-14,NEUTRAL,2026-06-19
M019,C0007159,2026-04-10,EXPOSED,2026-05-21,NO_RESPONSE,
M019,C0008226,2026-04-10,EXPOSED,2026-04-12,NO_RESPONSE,
M019,C0013786,2026-04-10,EXPOSED,2026-05-24,POSITIVE,2026-05-27
M019,C0018162,2026-04-10,EXPOSED,2026-06-07,NO_RESPONSE,
M019,C0000166,2026-04-11,EXPOSED,2026-04-21,NO_RESPONSE,
M019,C0002302,2026-04-11,EXPOSED,2026-06-04,NO_RESPONSE,
M019,C0006865,2026-04-11,EXPOSED,2026-05-03,NO_RESPONSE,
M019,C0014826,2026-04-11,EXPOSED,2026-05-06,NO_RESPONSE,
M019,C0016079,2026-04-11,EXPOSED,2026-05-09,NO_RESPONSE,
M019,C0002608,2026-04-12,EXPOSED,2026-05-02,POSITIVE,2026-05-04
M019,C0003584,2026-04-12,EXPOSED,2026-05-19,NO_RESPONSE,
M019,C0003792,2026-04-12,EXPOSED,2026-04-22,NO_RESPONSE,
M019,C0004021,2026-04-12,EXPOSED,2026-04-16,NEGATIVE,2026-04-21
M019,C0009385,2026-04-12,EXPOSED,2026-05-09,NO_RESPONSE,
M019,C0013484,2026-04-12,EXPOSED,2026-04-26,NO_RESPONSE,
M019,C0015449,2026-04-12,EXPOSED,2026-05-04,NO_RESPONSE,
M019,C0016413,2026-04-12,EXPOSED,2026-05-25,NO_RESPONSE,
M019,C0016829,2026-04-12,EXPOSED,2026-04-23,NO_RESPONSE,
M019,C0002117,2026-04-13,EXPOSED,2026-05-09,NO_RESPONSE,
M019,C0003673,2026-04-13,EXPOSED,2026-04-21,NO_RESPONSE,
M019,C0007800,2026-04-13,EXPOSED,2026-05-15,POSITIVE,2026-05-20
M019,C0010761,2026-04-13,EXPOSED,2026-05-20,NO_RESPONSE,
M019,C0015046,2026-04-13,EXPOSED,2026-05-24,NO_RESPONSE,
M019,C0015201,2026-04-13,EXPOSED,2026-05-26,NO_RESPONSE,
M019,C0016435,2026-04-13,NOT_EXPOSED,,,
M019,C0018561,2026-04-13,EXPOSED,2026-05-01,NO_RESPONSE,
M019,C0000437,2026-04-14,EXPOSED,2026-05-23,NO_RESPONSE,
M019,C0001309,2026-04-14,EXPOSED,2026-04-22,NEUTRAL,2026-04-25
M019,C0002073,2026-04-14,EXPOSED,2026-06-25,NO_RESPONSE,
M019,C0003915,2026-04-14,EXPOSED,2026-05-12,NO_RESPONSE,
M019,C0010890,2026-04-14,EXPOSED,2026-06-01,NO_RESPONSE,
M019,C0013812,2026-04-14,EXPOSED,2026-05-10,NO_RESPONSE,
M019,C0015117,2026-04-14,EXPOSED,2026-06-04,NO_RESPONSE,
M019,C0001527,2026-04-15,EXPOSED,2026-04-17,NO_RESPONSE,
M019,C0003937,2026-04-15,EXPOSED,2026-04-23,NO_RESPONSE,
M019,C0006393,2026-04-15,EXPOSED,2026-05-15,NO_RESPONSE,
M019,C0009661,2026-04-15,NOT_EXPOSED,,,
M019,C0010914,2026-04-15,EXPOSED,2026-05-14,NO_RESPONSE,
M019,C0012087,2026-04-15,EXPOSED,2026-06-04,NO_RESPONSE,
M019,C0012970,2026-04-15,EXPOSED,2026-05-08,NO_RESPONSE,
M019,C0016265,2026-04-15,EXPOSED,2026-05-16,NO_RESPONSE,
M019,C0017191,2026-04-15,EXPOSED,2026-05-21,NO_RESPONSE,
M019,C0019094,2026-04-15,EXPOSED,2026-05-25,NO_RESPONSE,
M019,C0000222,2026-04-16,EXPOSED,2026-05-28,NO_RESPONSE,
M019,C0001284,2026-04-16,EXPOSED,2026-04-27,NO_RESPONSE,
M019,C0001296,2026-04-16,EXPOSED,2026-05-02,NO_RESPONSE,
M019,C0009801,2026-04-16,EXPOSED,2026-05-12,POSITIVE,2026-05-16
M019,C0011311,2026-04-16,NOT_EXPOSED,,,
M019,C0015532,2026-04-16,EXPOSED,2026-05-05,NO_RESPONSE,
M019,C0015797,2026-04-16,EXPOSED,2026-05-26,NO_RESPONSE,
M019,C0015970,2026-04-16,EXPOSED,2026-06-02,NO_RESPONSE,
M019,C0015993,2026-04-16,EXPOSED,2026-05-20,NO_RESPONSE,
M019,C0017670,2026-04-16,NOT_EXPOSED,,,
M019,C0000229,2026-04-17,EXPOSED,2026-05-31,NO_RESPONSE,
M019,C0004437,2026-04-17,EXPOSED,2026-05-05,NO_RESPONSE,
M019,C0006045,2026-04-17,EXPOSED,2026-05-15,POSITIVE,2026-05-17
M019,C0007014,2026-04-17,NOT_EXPOSED,,,
M019,C0007092,2026-04-17,NOT_EXPOSED,,,
M019,C0012815,2026-04-17,EXPOSED,2026-06-14,NO_RESPONSE,
M019,C0013974,2026-04-17,EXPOSED,2026-04-24,NO_RESPONSE,
M019,C0013984,2026-04-17,EXPOSED,2026-04-22,NO_RESPONSE,
M019,C0016825,2026-04-17,EXPOSED,2026-04-24,NEGATIVE,2026-04-30
M019,C0018136,2026-04-17,EXPOSED,2026-04-22,NEUTRAL,2026-05-02
M019,C0001608,2026-04-18,EXPOSED,2026-06-10,NO_RESPONSE,
M019,C0002610,2026-04-18,EXPOSED,2026-05-06,NO_RESPONSE,
M019,C0002931,2026-04-18,EXPOSED,2026-06-04,NO_RESPONSE,
M019,C0003537,2026-04-18,EXPOSED,2026-05-16,NO_RESPONSE,
M019,C0004291,2026-04-18,EXPOSED,2026-06-05,NO_RESPONSE,
M019,C0004968,2026-04-18,EXPOSED,2026-04-23,NO_RESPONSE,
M019,C0005279,2026-04-18,EXPOSED,2026-05-05,NO_RESPONSE,
M019,C0009891,2026-04-18,EXPOSED,2026-05-12,NEGATIVE,2026-05-19
M019,C0010071,2026-04-18,EXPOSED,2026-04-28,NEGATIVE,2026-04-30
M019,C0012621,2026-04-18,EXPOSED,2026-04-22,NEUTRAL,2026-04-25
M019,C0013353,2026-04-18,NOT_EXPOSED,,,
M019,C0013464,2026-04-18,EXPOSED,2026-05-17,NO_RESPONSE,
M019,C0016532,2026-04-18,EXPOSED,2026-05-24,NO_RESPONSE,
M019,C0016633,2026-04-18,EXPOSED,2026-05-11,NO_RESPONSE,
M019,C0017469,2026-04-18,NOT_EXPOSED,,,
M019,C0000941,2026-04-19,NOT_EXPOSED,,,
M019,C0001391,2026-04-19,EXPOSED,2026-05-10,NO_RESPONSE,
M019,C0001469,2026-04-19,EXPOSED,2026-06-25,NO_RESPONSE,
M019,C0006938,2026-04-19,EXPOSED,2026-05-10,NO_RESPONSE,
M019,C0007874,2026-04-19,EXPOSED,2026-05-13,NO_RESPONSE,
M019,C0010480,2026-04-19,EXPOSED,2026-05-05,NO_RESPONSE,
M019,C0011459,2026-04-19,EXPOSED,2026-05-28,NO_RESPONSE,
M019,C0015025,2026-04-19,EXPOSED,2026-05-31,NO_RESPONSE,
M019,C0018368,2026-04-19,EXPOSED,2026-04-28,NO_RESPONSE,
M019,C0019701,2026-04-19,EXPOSED,2026-04-20,NO_RESPONSE,
M019,C0002033,2026-04-20,EXPOSED,2026-04-22,NO_RESPONSE,
M019,C0002491,2026-04-20,EXPOSED,2026-06-02,NO_RESPONSE,
M019,C0007765,2026-04-20,EXPOSED,2026-05-22,POSITIVE,2026-05-27
M019,C0015551,2026-04-20,EXPOSED,2026-05-24,NO_RESPONSE,
M019,C0017243,2026-04-20,EXPOSED,2026-06-04,NO_RESPONSE,
M019,C0001245,2026-04-21,EXPOSED,2026-05-13,NO_RESPONSE,
M019,C0005349,2026-04-21,NOT_EXPOSED,,,
M019,C0006742,2026-04-21,EXPOSED,2026-05-04,NO_RESPONSE,
M019,C0008536,2026-04-21,EXPOSED,2026-05-17,NO_RESPONSE,
M019,C0010953,2026-04-21,EXPOSED,2026-05-06,NO_RESPONSE,
M019,C0015762,2026-04-21,EXPOSED,2026-04-27,NO_RESPONSE,
M019,C0000177,2026-04-22,EXPOSED,2026-06-10,NO_RESPONSE,
M019,C0000490,2026-04-22,EXPOSED,2026-05-08,POSITIVE,2026-05-18
M019,C0008022,2026-04-22,EXPOSED,2026-05-06,NO_RESPONSE,
M019,C0008032,2026-04-22,EXPOSED,2026-05-26,POSITIVE,2026-05-29
M019,C0008044,2026-04-22,NOT_EXPOSED,,,
M019,C0010715,2026-04-22,EXPOSED,2026-05-08,NO_RESPONSE,
M019,C0012346,2026-04-22,EXPOSED,2026-05-23,NO_RESPONSE,
M019,C0000706,2026-04-23,EXPOSED,2026-05-25,NO_RESPONSE,
M019,C0003008,2026-04-23,EXPOSED,2026-05-15,NO_RESPONSE,
M019,C0003012,2026-04-23,EXPOSED,2026-04-29,POSITIVE,2026-05-01
M019,C0005051,2026-04-23,EXPOSED,2026-06-12,NO_RESPONSE,
M019,C0010460,2026-04-23,NOT_EXPOSED,,,
M019,C0011775,2026-04-23,EXPOSED,2026-05-30,NO_RESPONSE,
M019,C0014568,2026-04-23,EXPOSED,2026-04-28,NO_RESPONSE,
M019,C0017886,2026-04-23,EXPOSED,2026-04-28,NO_RESPONSE,
M019,C0003753,2026-04-24,EXPOSED,2026-06-26,NEUTRAL,2026-07-02
M019,C0005362,2026-04-24,EXPOSED,2026-05-29,NO_RESPONSE,
M019,C0006373,2026-04-24,NOT_EXPOSED,,,
M019,C0009244,2026-04-24,EXPOSED,2026-06-14,NO_RESPONSE,
M019,C0009363,2026-04-24,EXPOSED,2026-06-22,NO_RESPONSE,
M019,C0012407,2026-04-24,EXPOSED,2026-05-21,NO_RESPONSE,
M019,C0013870,2026-04-24,EXPOSED,2026-05-23,NO_RESPONSE,
M019,C0014159,2026-04-24,EXPOSED,2026-05-16,NO_RESPONSE,
M019,C0014268,2026-04-24,EXPOSED,2026-05-03,NO_RESPONSE,
M019,C0014410,2026-04-24,EXPOSED,2026-05-05,NEUTRAL,2026-05-12
M019,C0015560,2026-04-24,EXPOSED,2026-05-10,NEUTRAL,2026-05-14
M019,C0015844,2026-04-24,EXPOSED,2026-06-02,NEUTRAL,2026-06-03
M019,C0000731,2026-04-25,EXPOSED,2026-05-23,NO_RESPONSE,
M019,C0001002,2026-04-25,EXPOSED,2026-06-04,POSITIVE,2026-06-10
M019,C0001310,2026-04-25,EXPOSED,2026-05-28,NO_RESPONSE,
M019,C0003049,2026-04-25,EXPOSED,2026-05-09,POSITIVE,2026-05-16
M019,C0004333,2026-04-25,EXPOSED,2026-06-15,NO_RESPONSE,
M019,C0009396,2026-04-25,EXPOSED,2026-06-15,NO_RESPONSE,
M019,C0010718,2026-04-25,EXPOSED,2026-06-12,NO_RESPONSE,
M019,C0011652,2026-04-25,EXPOSED,2026-05-03,NO_RESPONSE,
M019,C0012710,2026-04-25,EXPOSED,2026-04-26,NO_RESPONSE,
M019,C0013576,2026-04-25,EXPOSED,2026-05-24,NO_RESPONSE,
M019,C0002232,2026-04-26,EXPOSED,2026-05-24,NO_RESPONSE,
M019,C0005262,2026-04-26,EXPOSED,2026-05-12,NO_RESPONSE,
M019,C0007885,2026-04-26,NOT_EXPOSED,,,
M019,C0007918,2026-04-26,EXPOSED,2026-06-23,NO_RESPONSE,
M019,C0008121,2026-04-26,EXPOSED,2026-06-03,NO_RESPONSE,
M019,C0009498,2026-04-26,EXPOSED,2026-06-18,NO_RESPONSE,
M019,C0010113,2026-04-26,EXPOSED,2026-06-01,NO_RESPONSE,
M019,C0010166,2026-04-26,EXPOSED,2026-05-14,NO_RESPONSE,
M019,C0013734,2026-04-26,EXPOSED,2026-05-15,NO_RESPONSE,
M019,C0017624,2026-04-26,EXPOSED,2026-05-03,POSITIVE,2026-05-06
M019,C0017823,2026-04-26,EXPOSED,2026-05-29,NO_RESPONSE,
M019,C0002918,2026-04-27,EXPOSED,2026-06-14,NO_RESPONSE,
M019,C0007224,2026-04-27,EXPOSED,2026-05-08,NO_RESPONSE,
M019,C0008988,2026-04-27,EXPOSED,2026-05-06,POSITIVE,2026-05-14
M019,C0010613,2026-04-27,EXPOSED,2026-06-09,NO_RESPONSE,
M019,C0014430,2026-04-27,EXPOSED,2026-05-27,NO_RESPONSE,
M019,C0000837,2026-04-28,EXPOSED,2026-05-23,NO_RESPONSE,
M019,C0009088,2026-04-28,NOT_EXPOSED,,,
M019,C0010501,2026-04-28,NOT_EXPOSED,,,
M019,C0016587,2026-04-28,EXPOSED,2026-05-19,NO_RESPONSE,
M019,C0018825,2026-04-28,NOT_EXPOSED,,,
M019,C0019907,2026-04-28,EXPOSED,2026-05-26,NO_RESPONSE,
M019,C0019979,2026-04-28,EXPOSED,2026-06-08,NO_RESPONSE,
M019,C0001506,2026-04-29,EXPOSED,2026-05-25,NEUTRAL,2026-05-31
M019,C0002377,2026-04-29,EXPOSED,2026-05-21,NEUTRAL,2026-05-22
M019,C0007417,2026-04-29,NOT_EXPOSED,,,
M019,C0008922,2026-04-29,EXPOSED,2026-05-10,NO_RESPONSE,
M019,C0009320,2026-04-29,NOT_EXPOSED,,,
M019,C0010389,2026-04-29,EXPOSED,2026-05-24,NO_RESPONSE,
M019,C0013510,2026-04-29,EXPOSED,2026-05-24,NO_RESPONSE,
M019,C0017890,2026-04-29,EXPOSED,2026-05-04,NO_RESPONSE,
M019,C0019401,2026-04-29,EXPOSED,2026-06-27,NO_RESPONSE,
M019,C0001817,2026-04-30,EXPOSED,2026-05-21,NO_RESPONSE,
M019,C0002602,2026-04-30,EXPOSED,2026-05-06,NO_RESPONSE,
M019,C0002906,2026-04-30,EXPOSED,2026-05-27,NO_RESPONSE,
M019,C0005797,2026-04-30,EXPOSED,2026-05-04,NO_RESPONSE,
M019,C0009943,2026-04-30,EXPOSED,2026-06-18,NO_RESPONSE,
M019,C0011630,2026-04-30,EXPOSED,2026-05-12,NO_RESPONSE,
M019,C0012958,2026-04-30,EXPOSED,2026-05-14,NO_RESPONSE,
M019,C0013264,2026-04-30,EXPOSED,2026-05-02,NO_RESPONSE,
M019,C0008137,2026-05-01,EXPOSED,2026-05-03,NO_RESPONSE,
M019,C0013220,2026-05-01,EXPOSED,2026-05-28,NO_RESPONSE,
M019,C0014750,2026-05-01,NOT_EXPOSED,,,
M019,C0015785,2026-05-01,EXPOSED,2026-05-27,NO_RESPONSE,
M019,C0017462,2026-05-01,EXPOSED,2026-05-13,NO_RESPONSE,
M019,C0018812,2026-05-01,EXPOSED,2026-05-15,NO_RESPONSE,
M019,C0019629,2026-05-01,EXPOSED,2026-05-15,POSITIVE,2026-05-24
M019,C0009931,2026-05-02,EXPOSED,2026-05-25,NO_RESPONSE,
M019,C0011693,2026-05-02,EXPOSED,2026-05-25,NO_RESPONSE,
M019,C0013472,2026-05-02,EXPOSED,2026-06-13,NO_RESPONSE,
M019,C0003020,2026-05-03,EXPOSED,2026-06-16,NO_RESPONSE,
M019,C0005241,2026-05-03,EXPOSED,2026-06-14,NO_RESPONSE,
M019,C0008861,2026-05-03,EXPOSED,2026-06-04,NO_RESPONSE,
M019,C0014069,2026-05-03,EXPOSED,2026-05-05,NEUTRAL,2026-05-08
M019,C0018043,2026-05-03,EXPOSED,2026-06-12,NO_RESPONSE,
M019,C0019205,2026-05-03,EXPOSED,2026-05-26,NO_RESPONSE,
M019,C0019843,2026-05-03,EXPOSED,2026-06-11,NO_RESPONSE,
M019,C0003207,2026-05-04,EXPOSED,2026-05-11,NO_RESPONSE,
M019,C0010424,2026-05-04,EXPOSED,2026-05-16,NO_RESPONSE,
M019,C0013123,2026-05-04,EXPOSED,2026-05-13,POSITIVE,2026-05-23
M019,C0015104,2026-05-04,EXPOSED,2026-05-12,NO_RESPONSE,
M019,C0015409,2026-05-04,EXPOSED,2026-06-04,NO_RESPONSE,
M019,C0015477,2026-05-04,EXPOSED,2026-06-11,NO_RESPONSE,
M019,C0016110,2026-05-04,EXPOSED,2026-05-28,NO_RESPONSE,
M019,C0001277,2026-05-05,EXPOSED,2026-05-08,NO_RESPONSE,
M019,C0001980,2026-05-05,EXPOSED,2026-05-07,NO_RESPONSE,
M019,C0003920,2026-05-05,EXPOSED,2026-06-22,NO_RESPONSE,
M019,C0003944,2026-05-05,EXPOSED,2026-05-10,NO_RESPONSE,
M019,C0004709,2026-05-05,EXPOSED,2026-05-14,NO_RESPONSE,
M019,C0005086,2026-05-05,EXPOSED,2026-06-10,NO_RESPONSE,
M019,C0008656,2026-05-05,EXPOSED,2026-06-13,NO_RESPONSE,
M019,C0009304,2026-05-05,EXPOSED,2026-05-13,NO_RESPONSE,
M019,C0012952,2026-05-05,EXPOSED,2026-05-23,NO_RESPONSE,
M019,C0014187,2026-05-05,EXPOSED,2026-05-29,NO_RESPONSE,
M019,C0017415,2026-05-05,EXPOSED,2026-06-06,NO_RESPONSE,
M019,C0018790,2026-05-05,EXPOSED,2026-06-06,NO_RESPONSE,
M019,C0000450,2026-05-06,EXPOSED,2026-05-08,NO_RESPONSE,
M019,C0004185,2026-05-06,EXPOSED,2026-05-06,NO_RESPONSE,
M019,C0012148,2026-05-06,EXPOSED,2026-06-10,NO_RESPONSE,
M019,C0013736,2026-05-06,EXPOSED,2026-05-21,NO_RESPONSE,
M019,C0013867,2026-05-06,EXPOSED,2026-05-29,NO_RESPONSE,
M019,C0018694,2026-05-06,EXPOSED,2026-05-10,NEGATIVE,2026-05-13
M019,C0000523,2026-05-07,EXPOSED,2026-05-17,NO_RESPONSE,
M019,C0005650,2026-05-07,EXPOSED,2026-05-28,NO_RESPONSE,
M019,C0008837,2026-05-07,EXPOSED,2026-05-15,NEUTRAL,2026-05-28
M019,C0007345,2026-05-08,EXPOSED,2026-05-24,NO_RESPONSE,
M019,C0007606,2026-05-08,EXPOSED,2026-05-29,NO_RESPONSE,
M019,C0012643,2026-05-08,EXPOSED,2026-06-07,NO_RESPONSE,
M019,C0014158,2026-05-08,EXPOSED,2026-05-18,NO_RESPONSE,
M019,C0014671,2026-05-08,EXPOSED,2026-05-17,NEUTRAL,2026-06-13
M019,C0000077,2026-05-09,EXPOSED,2026-05-13,NO_RESPONSE,
M019,C0002136,2026-05-09,EXPOSED,2026-06-05,NO_RESPONSE,
M019,C0003132,2026-05-09,EXPOSED,2026-05-24,NO_RESPONSE,
M019,C0003751,2026-05-09,EXPOSED,2026-06-17,NO_RESPONSE,
M019,C0003816,2026-05-09,NOT_EXPOSED,,,
M019,C0009484,2026-05-09,EXPOSED,2026-06-11,NO_RESPONSE,
M019,C0009987,2026-05-09,EXPOSED,2026-05-30,NO_RESPONSE,
M019,C0011477,2026-05-09,EXPOSED,2026-05-24,NO_RESPONSE,
M019,C0012281,2026-05-09,EXPOSED,2026-05-13,NO_RESPONSE,
M019,C0018222,2026-05-09,EXPOSED,2026-05-29,NO_RESPONSE,
M019,C0003205,2026-05-10,EXPOSED,2026-06-04,NO_RESPONSE,
M019,C0011174,2026-05-10,EXPOSED,2026-05-20,NO_RESPONSE,
M019,C0013925,2026-05-10,EXPOSED,2026-05-27,NO_RESPONSE,
M019,C0001167,2026-05-11,EXPOSED,2026-05-23,NO_RESPONSE,
M019,C0001819,2026-05-11,EXPOSED,2026-05-21,NO_RESPONSE,
M019,C0003513,2026-05-11,EXPOSED,2026-05-13,NO_RESPONSE,
M019,C0013313,2026-05-11,EXPOSED,2026-05-16,NO_RESPONSE,
M019,C0013838,2026-05-11,EXPOSED,2026-06-10,NO_RESPONSE,
M019,C0019681,2026-05-11,EXPOSED,2026-06-02,NO_RESPONSE,
M019,C0007830,2026-05-12,NOT_EXPOSED,,,
M019,C0017390,2026-05-12,EXPOSED,2026-06-10,NO_RESPONSE,
M019,C0017663,2026-05-12,EXPOSED,2026-06-07,NEGATIVE,2026-06-18
M019,C0018526,2026-05-12,EXPOSED,2026-06-02,NEGATIVE,2026-06-12
M019,C0019331,2026-05-12,EXPOSED,2026-05-26,POSITIVE,2026-06-02
M019,C0019969,2026-05-12,EXPOSED,2026-05-27,POSITIVE,2026-06-02
M019,C0002675,2026-05-13,EXPOSED,2026-05-17,POSITIVE,2026-06-02
M019,C0005562,2026-05-13,EXPOSED,2026-06-08,NO_RESPONSE,
M019,C0009370,2026-05-13,NOT_EXPOSED,,,
M019,C0009381,2026-05-13,EXPOSED,2026-05-21,NO_RESPONSE,
M019,C0009624,2026-05-13,NOT_EXPOSED,,,
M019,C0009968,2026-05-13,NOT_EXPOSED,,,
M019,C0012252,2026-05-13,EXPOSED,2026-06-18,NO_RESPONSE,
M019,C0013420,2026-05-13,EXPOSED,2026-06-14,NEUTRAL,2026-06-23
M019,C0019339,2026-05-13,EXPOSED,2026-06-22,NO_RESPONSE,
M019,C0019994,2026-05-13,EXPOSED,2026-06-09,NO_RESPONSE,
M019,C0001497,2026-05-14,EXPOSED,2026-06-05,NO_RESPONSE,
M019,C0001809,2026-05-14,EXPOSED,2026-06-16,NO_RESPONSE,
M019,C0002567,2026-05-14,EXPOSED,2026-05-16,NO_RESPONSE,
M019,C0014259,2026-05-14,EXPOSED,2026-06-08,NO_RESPONSE,
M019,C0016071,2026-05-14,EXPOSED,2026-06-08,NO_RESPONSE,
M019,C0017714,2026-05-14,EXPOSED,2026-05-23,NEGATIVE,2026-05-31
M019,C0018464,2026-05-14,EXPOSED,2026-06-22,NO_RESPONSE,
M019,C0019661,2026-05-14,EXPOSED,2026-05-20,NO_RESPONSE,
M019,C0002026,2026-05-15,EXPOSED,2026-05-16,NO_RESPONSE,
M019,C0004351,2026-05-15,EXPOSED,2026-06-05,NO_RESPONSE,
M019,C0006437,2026-05-15,EXPOSED,2026-06-24,NO_RESPONSE,
M019,C0004849,2026-05-16,EXPOSED,2026-05-27,NO_RESPONSE,
M019,C0007948,2026-05-16,EXPOSED,2026-05-21,NO_RESPONSE,
M019,C0011325,2026-05-16,EXPOSED,2026-06-05,NO_RESPONSE,
M019,C0015624,2026-05-17,EXPOSED,2026-06-03,NO_RESPONSE,
M019,C0017737,2026-05-17,EXPOSED,2026-06-10,NO_RESPONSE,
M019,C0000446,2026-05-18,NOT_EXPOSED,,,
M019,C0001319,2026-05-18,EXPOSED,2026-06-18,NO_RESPONSE,
M019,C0005600,2026-05-18,EXPOSED,2026-06-12,NO_RESPONSE,
M019,C0009295,2026-05-18,EXPOSED,2026-05-28,NO_RESPONSE,
M019,C0014134,2026-05-18,EXPOSED,2026-06-09,NO_RESPONSE,
M019,C0004018,2026-05-19,NOT_EXPOSED,,,
M019,C0006689,2026-05-19,EXPOSED,2026-05-26,NO_RESPONSE,
M019,C0007580,2026-05-19,EXPOSED,2026-05-30,NO_RESPONSE,
M019,C0011045,2026-05-19,EXPOSED,2026-06-07,NO_RESPONSE,
M019,C0014065,2026-05-19,EXPOSED,2026-06-08,NO_RESPONSE,
M019,C0015441,2026-05-19,NOT_EXPOSED,,,
M019,C0017765,2026-05-19,EXPOSED,2026-06-07,NO_RESPONSE,
M019,C0018166,2026-05-19,EXPOSED,2026-06-11,NO_RESPONSE,
M019,C0018695,2026-05-19,NOT_EXPOSED,,,
M019,C0000661,2026-05-20,EXPOSED,2026-06-13,NO_RESPONSE,
M019,C0000464,2026-05-21,EXPOSED,2026-06-16,POSITIVE,2026-06-23
M019,C0015429,2026-05-21,EXPOSED,2026-05-28,NO_RESPONSE,
M019,C0015498,2026-05-21,EXPOSED,2026-06-06,NO_RESPONSE,
M019,C0003068,2026-05-22,EXPOSED,2026-05-23,NO_RESPONSE,
M019,C0003912,2026-05-22,EXPOSED,2026-06-04,NO_RESPONSE,
M019,C0007823,2026-05-22,EXPOSED,2026-06-09,NO_RESPONSE,
M019,C0012937,2026-05-22,EXPOSED,2026-05-30,NEGATIVE,2026-05-30
M019,C0003286,2026-05-23,EXPOSED,2026-06-23,POSITIVE,2026-06-25
M019,C0008574,2026-05-23,EXPOSED,2026-06-02,NO_RESPONSE,
M019,C0009001,2026-05-23,EXPOSED,2026-06-18,NO_RESPONSE,
M019,C0013551,2026-05-23,EXPOSED,2026-05-28,NO_RESPONSE,
M019,C0014306,2026-05-23,EXPOSED,2026-05-29,NO_RESPONSE,
M019,C0014798,2026-05-23,EXPOSED,2026-06-11,NO_RESPONSE,
M019,C0019959,2026-05-23,NOT_EXPOSED,,,
M019,C0003318,2026-05-24,EXPOSED,2026-05-26,NO_RESPONSE,
M019,C0010547,2026-05-24,EXPOSED,2026-06-02,NO_RESPONSE,
M019,C0011960,2026-05-24,EXPOSED,2026-06-05,NO_RESPONSE,
M019,C0017981,2026-05-24,EXPOSED,2026-06-15,NO_RESPONSE,
M019,C0004015,2026-05-25,EXPOSED,2026-06-26,NO_RESPONSE,
M019,C0007863,2026-05-25,EXPOSED,2026-06-01,NO_RESPONSE,
M019,C0010954,2026-05-25,EXPOSED,2026-05-29,POSITIVE,2026-06-19
M019,C0001982,2026-05-26,EXPOSED,2026-06-03,POSITIVE,2026-06-08
M019,C0008183,2026-05-26,EXPOSED,2026-05-31,NO_RESPONSE,
M019,C0009821,2026-05-26,EXPOSED,2026-06-13,NO_RESPONSE,
M019,C0010439,2026-05-26,EXPOSED,2026-06-02,NO_RESPONSE,
M019,C0011703,2026-05-26,EXPOSED,2026-06-02,NEUTRAL,2026-06-06
M019,C0012965,2026-05-26,EXPOSED,2026-06-07,POSITIVE,2026-06-09
M019,C0018070,2026-05-26,NOT_EXPOSED,,,
M019,C0003748,2026-05-27,NOT_EXPOSED,,,
M019,C0007699,2026-05-27,EXPOSED,2026-05-30,NO_RESPONSE,
M019,C0009016,2026-05-28,EXPOSED,2026-06-12,NO_RESPONSE,
M019,C0011129,2026-05-28,EXPOSED,2026-06-17,NO_RESPONSE,
M019,C0012298,2026-05-28,EXPOSED,2026-06-03,NEUTRAL,2026-06-05
M019,C0014167,2026-05-28,EXPOSED,2026-06-06,NO_RESPONSE,
M019,C0003939,2026-05-29,EXPOSED,2026-06-20,NO_RESPONSE,
M019,C0008059,2026-05-29,EXPOSED,2026-06-09,NO_RESPONSE,
M019,C0008288,2026-05-29,EXPOSED,2026-06-23,NO_RESPONSE,
M019,C0019919,2026-05-29,EXPOSED,2026-06-13,NO_RESPONSE,
M019,C0003434,2026-05-30,EXPOSED,2026-06-06,NO_RESPONSE,
M019,C0011658,2026-05-30,EXPOSED,2026-06-03,NO_RESPONSE,
M019,C0017031,2026-05-30,EXPOSED,2026-06-14,NO_RESPONSE,
M019,C0018450,2026-05-30,EXPOSED,2026-05-31,NO_RESPONSE,
M019,C0012783,2026-05-31,EXPOSED,2026-06-08,NO_RESPONSE,
M019,C0003596,2026-06-01,EXPOSED,2026-06-15,NO_RESPONSE,
M019,C0009324,2026-06-01,EXPOSED,2026-06-19,NO_RESPONSE,
M019,C0011203,2026-06-01,EXPOSED,2026-06-03,NO_RESPONSE,
M019,C0012236,2026-06-01,NOT_EXPOSED,,,
M019,C0000617,2026-06-02,NOT_EXPOSED,,,
M019,C0001956,2026-06-02,EXPOSED,2026-06-12,NO_RESPONSE,
M019,C0005211,2026-06-02,NOT_EXPOSED,,,
M019,C0010545,2026-06-02,EXPOSED,2026-06-04,NO_RESPONSE,
M019,C0016218,2026-06-02,EXPOSED,2026-06-19,NO_RESPONSE,
M019,C0003564,2026-06-03,NOT_EXPOSED,,,
M019,C0005687,2026-06-03,EXPOSED,2026-06-07,NO_RESPONSE,
M019,C0010594,2026-06-03,EXPOSED,2026-06-13,NO_RESPONSE,
M019,C0014649,2026-06-03,EXPOSED,2026-06-27,NO_RESPONSE,
M019,C0018239,2026-06-03,EXPOSED,2026-06-11,NO_RESPONSE,
M019,C0019759,2026-06-03,EXPOSED,2026-06-08,NO_RESPONSE,
M019,C0009451,2026-06-04,NOT_EXPOSED,,,
M019,C0013989,2026-06-04,NOT_EXPOSED,,,
M019,C0017229,2026-06-04,EXPOSED,2026-06-05,NO_RESPONSE,
M019,C0000493,2026-06-05,EXPOSED,2026-06-09,NO_RESPONSE,
M019,C0008153,2026-06-05,EXPOSED,2026-06-08,POSITIVE,2026-06-10
M019,C0013227,2026-06-05,EXPOSED,2026-06-18,NO_RESPONSE,
M019,C0011748,2026-06-06,EXPOSED,2026-06-15,NO_RESPONSE,
M019,C0013177,2026-06-06,EXPOSED,2026-06-25,NO_RESPONSE,
M019,C0014273,2026-06-06,EXPOSED,2026-06-21,NO_RESPONSE,
M019,C0019095,2026-06-06,NOT_EXPOSED,,,
M019,C0012661,2026-06-07,EXPOSED,2026-06-18,NO_RESPONSE,
M019,C0014137,2026-06-07,EXPOSED,2026-06-15,NO_RESPONSE,
M019,C0008517,2026-06-09,EXPOSED,2026-06-11,POSITIVE,2026-06-13
M019,C0012330,2026-06-09,EXPOSED,2026-06-24,NO_RESPONSE,
M019,C0000516,2026-06-10,EXPOSED,2026-06-25,NO_RESPONSE,
M019,C0011870,2026-06-10,EXPOSED,2026-06-19,NO_RESPONSE,
M019,C0017972,2026-06-10,EXPOSED,2026-06-16,NEUTRAL,2026-06-17
M019,C0019130,2026-06-10,EXPOSED,2026-06-16,NO_RESPONSE,
M019,C0003115,2026-06-11,EXPOSED,2026-06-16,NO_RESPONSE,
M019,C0009633,2026-06-11,EXPOSED,2026-06-23,NO_RESPONSE,
M019,C0009319,2026-06-12,EXPOSED,2026-06-14,NO_RESPONSE,
M019,C0011035,2026-06-12,EXPOSED,2026-06-19,NO_RESPONSE,
M019,C0016527,2026-06-12,EXPOSED,2026-06-18,NO_RESPONSE,
M019,C0002633,2026-06-13,EXPOSED,2026-06-25,NO_RESPONSE,
M019,C0017125,2026-06-13,EXPOSED,2026-06-24,NO_RESPONSE,
M019,C0002627,2026-06-14,EXPOSED,2026-06-23,NO_RESPONSE,
M019,C0015459,2026-06-14,EXPOSED,2026-06-18,NO_RESPONSE,
M019,C0010908,2026-06-15,NOT_EXPOSED,,,
M019,C0004450,2026-06-16,EXPOSED,2026-06-17,NO_RESPONSE,
M019,C0008944,2026-06-17,EXPOSED,2026-06-21,NO_RESPONSE,
M019,C0008385,2026-06-20,EXPOSED,2026-06-21,NO_RESPONSE,
M019,C0009243,2026-06-21,EXPOSED,2026-06-25,NO_RESPONSE,
M019,C0013894,2026-06-25,EXPOSED,2026-06-27,NO_RESPONSE,
M019,C0017475,2026-06-28,NOT_EXPOSED,,,
M019,C0017089,2026-06-29,EXPOSED,2026-06-30,NO_RESPONSE,
M020,C0001145,2026-04-15,NOT_EXPOSED,,,
M020,C0002608,2026-04-20,EXPOSED,2026-04-21,NO_RESPONSE,
M020,C0003920,2026-04-20,EXPOSED,2026-05-17,NO_RESPONSE,
M020,C0011129,2026-04-20,EXPOSED,2026-06-30,NO_RESPONSE,
M020,C0011870,2026-04-21,NOT_EXPOSED,,,
M020,C0018970,2026-04-22,EXPOSED,2026-06-06,NO_RESPONSE,
M020,C0015441,2026-04-23,EXPOSED,2026-05-18,POSITIVE,2026-05-22
M020,C0017576,2026-04-23,NOT_EXPOSED,,,
M020,C0018440,2026-04-23,EXPOSED,2026-06-04,POSITIVE,2026-06-05
M020,C0008786,2026-04-24,EXPOSED,2026-07-14,NO_RESPONSE,
M020,C0014548,2026-04-26,EXPOSED,2026-06-25,NO_RESPONSE,
M020,C0008827,2026-04-27,EXPOSED,2026-06-13,NO_RESPONSE,
M020,C0012661,2026-04-28,NOT_EXPOSED,,,
M020,C0000767,2026-05-01,EXPOSED,2026-06-05,NO_RESPONSE,
M020,C0009243,2026-05-03,EXPOSED,2026-05-17,NO_RESPONSE,
M020,C0007638,2026-05-04,NOT_EXPOSED,,,
M020,C0009352,2026-05-04,EXPOSED,2026-05-25,NO_RESPONSE,
M020,C0013164,2026-05-05,EXPOSED,2026-06-02,POSITIVE,2026-06-10
M020,C0006188,2026-05-06,EXPOSED,2026-06-16,NO_RESPONSE,
M020,C0013949,2026-05-06,EXPOSED,2026-05-24,NO_RESPONSE,
M020,C0003836,2026-05-07,EXPOSED,2026-06-05,NEUTRAL,2026-06-08
M020,C0013363,2026-05-07,EXPOSED,2026-07-24,NO_RESPONSE,
M020,C0010980,2026-05-08,EXPOSED,2026-06-09,NO_RESPONSE,
M020,C0013177,2026-05-09,EXPOSED,2026-06-07,NO_RESPONSE,
M020,C0000384,2026-05-10,EXPOSED,2026-06-29,NO_RESPONSE,
M020,C0006555,2026-05-10,EXPOSED,2026-05-13,NO_RESPONSE,
M020,C0010076,2026-05-12,EXPOSED,2026-06-18,NO_RESPONSE,
M020,C0001747,2026-05-14,NOT_EXPOSED,,,
M020,C0018416,2026-05-14,EXPOSED,2026-06-22,NO_RESPONSE,
M020,C0002388,2026-05-16,EXPOSED,2026-06-16,NO_RESPONSE,
M020,C0014187,2026-05-19,EXPOSED,2026-06-20,NO_RESPONSE,
M020,C0017339,2026-05-19,NOT_EXPOSED,,,
M020,C0017004,2026-05-22,EXPOSED,2026-07-10,NO_RESPONSE,
M020,C0019412,2026-05-22,EXPOSED,2026-06-09,POSITIVE,2026-06-13
M020,C0006656,2026-05-23,EXPOSED,2026-05-23,NO_RESPONSE,
M020,C0002800,2026-05-25,EXPOSED,2026-07-09,NEUTRAL,2026-07-11
M020,C0016640,2026-05-26,EXPOSED,2026-06-02,NO_RESPONSE,
M020,C0018168,2026-05-26,EXPOSED,2026-06-09,NEGATIVE,2026-06-13
M020,C0010124,2026-05-31,EXPOSED,2026-06-21,NO_RESPONSE,
M020,C0012518,2026-05-31,EXPOSED,2026-07-03,NO_RESPONSE,
M020,C0013211,2026-05-31,EXPOSED,2026-06-22,NO_RESPONSE,
M020,C0000643,2026-06-03,EXPOSED,2026-06-12,NO_RESPONSE,
M020,C0000233,2026-06-05,NOT_EXPOSED,,,
M020,C0004947,2026-06-05,EXPOSED,2026-07-26,NEUTRAL,2026-07-30
M020,C0007730,2026-06-05,EXPOSED,2026-06-08,NO_RESPONSE,
M020,C0008526,2026-06-06,EXPOSED,2026-06-09,NO_RESPONSE,
M020,C0015104,2026-06-06,NOT_EXPOSED,,,
M020,C0001296,2026-06-11,EXPOSED,2026-06-14,NO_RESPONSE,
M020,C0012118,2026-06-11,NOT_EXPOSED,,,
M020,C0007504,2026-06-13,NOT_EXPOSED,,,
M020,C0017191,2026-06-13,EXPOSED,2026-06-24,NO_RESPONSE,
M020,C0002962,2026-06-16,EXPOSED,2026-06-18,NO_RESPONSE,
M020,C0011850,2026-06-17,EXPOSED,2026-06-27,NO_RESPONSE,
M020,C0017391,2026-06-18,EXPOSED,2026-06-26,NO_RESPONSE,
M020,C0007875,2026-06-24,EXPOSED,2026-06-28,POSITIVE,2026-07-04
M020,C0011795,2026-06-24,EXPOSED,2026-07-06,POSITIVE,2026-07-17
M020,C0001183,2026-06-25,EXPOSED,2026-07-16,NO_RESPONSE,
M020,C0019319,2026-07-01,EXPOSED,2026-07-10,NO_RESPONSE,
M020,C0012168,2026-07-06,NOT_EXPOSED,,,
M020,C0016265,2026-07-16,EXPOSED,2026-07-24,NO_RESPONSE,
M020,C0003495,2026-07-20,EXPOSED,2026-07-23,NO_RESPONSE,
