branch_id,year_month,active_customers,active_accounts,average_deposits,average_loan_balance,transaction_count,transaction_volume,branch_transaction_count,interest_income,interest_expense,net_interest_income,fee_income,total_revenue,personnel_cost,fixed_cost,variable_cost,operational_cost,total_operating_cost,credit_loss,pre_provision_profit,net_income
001,2021-01,176,333,361835377.04,439268376.96,3004,144283757.06,638,4176313.43,133965.0,4042348.43,192054.57,4234403.01,2438879.65,681399.51,586439.17,704825.79,4411544.12,1134487.7,-177141.11,-1311628.81
002,2021-01,153,284,152493073.79,259380816.53,2276,92399783.91,270,2992054.12,177668.27,2814385.85,121614.71,2936000.56,475035.71,196820.61,86747.84,111303.27,869907.43,416581.73,2066093.13,1649511.4
003,2021-01,135,272,131849587.62,288175046.22,2465,92409076.49,413,3205210.04,69610.55,3135599.49,134849.74,3270449.24,1278543.87,378473.41,238649.41,290839.71,2186506.4,533263.87,1083942.83,550678.96
004,2021-01,138,280,204712753.65,252773170.14,2424,117180136.01,244,2665271.22,233379.99,2431891.23,116516.05,2548407.27,490840.01,206880.21,92782.37,116300.89,906803.48,565578.46,1641603.79,1076025.33
005,2021-01,142,295,161907204.08,414519170.22,2309,98980217.52,656,4271506.51,151193.2,4120313.31,149287.88,4269601.19,2305835.8,653485.7,469452.95,503553.24,3932327.7,800869.55,337273.5,-463596.05
006,2021-01,145,261,180202879.1,231694851.99,2174,92708821.15,204,2686819.68,179601.57,2507218.1,96373.37,2603591.47,518390.98,170389.03,82337.89,110613.94,881731.84,259457.23,1721859.63,1462402.4
007,2021-01,131,252,173142242.6,291220118.47,2311,77054830.71,237,3224226.5,267490.36,2956736.14,84746.35,3041482.49,462529.19,185405.9,80242.03,109534.14,837711.25,546790.84,2203771.24,1656980.4
008,2021-01,145,256,221818894.61,320833205.98,2150,200691945.42,390,3251299.38,185099.72,3066199.66,145807.66,3212007.33,1369806.18,405837.83,248827.86,387937.89,2412409.75,839676.03,799597.57,-40078.46
009,2021-01,135,264,544128457.14,303293535.9,2177,99637906.75,234,3096514.97,1508101.05,1588413.92,96479.4,1684893.32,495379.94,191200.23,82450.4,124877.26,893907.82,454974.41,790985.5,336011.09
010,2021-01,123,235,273408026.24,313874063.95,2229,61758049.85,264,3580537.96,968204.07,2612333.9,100607.41,2712941.3,457875.24,198989.99,78112.31,106534.47,841512.0,431938.56,1871429.3,1439490.75
011,2021-01,119,232,178584008.97,218503077.84,1951,78697479.66,220,2515658.54,227528.34,2288130.2,94794.1,2382924.3,487707.52,221146.83,87017.45,171815.01,967686.8,246961.75,1415237.5,1168275.75
012,2021-01,103,212,491151235.22,268099261.75,1689,237166548.64,420,2792526.58,88014.38,2704512.2,107452.95,2811965.15,1167706.44,404576.46,184913.8,247241.27,2004437.97,478720.65,807527.19,328806.54
013,2021-01,134,262,203810017.23,391704677.66,2606,187761444.97,649,4253504.34,130032.76,4123471.59,139981.34,4263452.93,2329394.11,802789.84,515031.35,488899.24,4136114.54,438649.81,127338.39,-311311.42
014,2021-01,129,233,89494423.94,283768171.5,1965,59524321.2,276,3000340.0,44421.5,2955918.5,84086.74,3040005.23,486877.66,178517.28,78914.57,122375.79,866685.3,409103.22,2173319.94,1764216.71
015,2021-01,139,265,302979319.65,351442927.77,2522,270697461.56,465,3820953.03,446917.29,3374035.74,136625.01,3510660.76,981441.08,517699.5,229981.79,287428.58,2016550.95,461162.72,1494109.81,1032947.09
016,2021-01,106,206,88925157.14,278340767.91,2078,53879031.88,218,2979663.42,34277.02,2945386.4,69918.17,3015304.57,495599.22,186872.59,81329.42,139810.9,903612.14,510838.77,2111692.43,1600853.66
017,2021-01,174,350,201333021.36,654350882.83,3111,151209553.3,1301,6917918.04,75960.45,6841957.59,379937.55,7221895.14,2406776.35,785685.47,695125.59,490332.31,4377919.71,805137.57,2843975.43,2038837.85
018,2021-01,156,299,411741913.69,439461979.64,2887,204210961.79,451,4904289.38,483755.7,4420533.68,224220.1,4644753.78,467627.19,204437.88,108854.2,140028.36,920947.64,538386.15,3723806.14,3185420.0
019,2021-01,190,373,317547872.96,438787050.03,3234,197979523.65,1014,5140167.6,479685.54,4660482.06,343752.5,5004234.56,997114.59,488960.67,318567.53,272859.41,2077502.19,452883.23,2926732.36,2473849.13
020,2021-01,114,223,90718964.9,318733176.97,2281,108853664.19,609,3373657.07,37289.22,3336367.85,184584.49,3520952.34,1269383.21,473377.93,259700.92,300317.77,2302779.83,511106.29,1218172.51,707066.22
021,2021-01,84,170,317194276.76,218564488.21,1673,356640905.03,328,2296194.54,72034.35,2224160.19,96997.41,2321157.6,1324693.68,464735.57,195669.82,336941.9,2322040.97,299989.95,-883.37,-300873.31
022,2021-01,115,214,309326361.81,268772642.24,2148,137257571.56,450,2609605.34,181789.82,2427815.52,123528.43,2551343.95,1368766.9,447017.99,250048.31,382384.1,2448217.3,403953.84,103126.66,-300827.19
023,2021-01,109,208,98544149.57,357585301.7,1783,53847210.88,562,3945008.92,68418.57,3876590.35,139513.35,4016103.7,978851.29,417362.48,194125.72,316070.51,1906409.99,374170.94,2109693.71,1735522.77
024,2021-01,93,172,199889785.42,171080798.94,1632,35597588.36,427,1816006.59,748296.08,1067710.52,89357.69,1157068.21,1237695.28,433838.51,188642.29,313048.3,2173224.38,202096.12,-1016156.17,-1218252.29
025,2021-01,150,268,326555193.8,302060733.84,2432,107866695.94,765,3415101.5,236073.63,3179027.87,197248.88,3376276.75,509759.9,241795.79,131670.12,148806.22,1032032.03,312813.51,2344244.72,2031431.21
026,2021-01,146,240,335643096.62,381390867.25,2454,358619752.91,777,4773952.9,121957.2,4651995.71,193649.61,4845645.32,463120.15,246240.66,119576.5,121031.81,949969.11,290601.32,3895676.21,3605074.89
027,2021-01,90,163,100721271.05,289823593.34,1705,53481155.06,426,3173765.71,96343.57,3077422.14,105782.33,3183204.47,1220193.66,390827.14,184719.93,290294.28,2086035.0,352580.81,1097169.47,744588.66
028,2021-01,68,128,131623652.54,224533650.26,1082,124489082.55,326,2395643.09,31823.77,2363819.32,86948.28,2450767.6,482226.67,213709.53,60988.87,132855.04,889780.11,381135.09,1560987.49,1179852.4
029,2021-01,62,106,130710031.58,129248631.6,827,27628449.94,364,1550453.38,53869.31,1496584.07,36460.77,1533044.84,1277529.54,433463.03,135347.88,279304.3,2125644.75,135442.99,-592599.91,-728042.9
030,2021-01,54,92,75872357.76,167509575.26,1034,51320874.28,354,1741865.96,84672.8,1657193.16,57327.77,1714520.93,1346204.54,476880.33,157445.89,347246.11,2327776.88,309436.19,-613255.94,-922692.14
031,2021-01,54,112,88098489.25,90069945.92,961,49565695.94,324,910689.42,45734.42,864955.0,48410.68,913365.68,1234081.0,409144.39,129876.33,254124.94,2027226.66,149055.59,-1113860.98,-1262916.57
032,2021-01,52,82,39906649.86,166463158.15,737,22499086.6,389,1894691.88,40673.24,1854018.64,57147.52,1911166.16,1318348.66,416504.26,134005.72,337114.34,2205972.98,147087.14,-294806.82,-441893.96
033,2021-01,47,76,142901417.69,100695695.72,813,32816045.61,326,1145198.6,414503.77,730694.83,24837.5,755532.33,926572.85,346825.05,93297.41,216292.09,1582987.41,82415.97,-827455.08,-909871.05
034,2021-01,39,61,37081414.68,128435117.88,588,51973265.32,372,1315569.56,9417.72,1306151.84,41501.45,1347653.3,1269531.61,362815.53,110478.54,295088.61,2037914.29,111160.61,-690260.99,-801421.6
035,2021-01,19,44,34492965.85,70286856.92,375,50271833.19,312,777602.87,18957.68,758645.19,16132.64,774777.84,1219572.93,420321.57,90211.91,301874.54,2031980.95,65638.77,-1257203.12,-1322841.89
036,2021-01,19,35,14651138.04,43973370.49,244,3781226.02,155,475830.68,25957.89,449872.79,14124.65,463997.44,620461.41,253036.89,31759.4,166852.1,1072109.79,51752.36,-608112.36,-659864.72
037,2021-01,40,75,51722815.49,68574492.15,598,28235536.42,604,825907.9,10336.73,815571.17,54929.35,870500.53,497161.13,224207.59,66254.0,150202.19,937824.91,25397.61,-67324.39,-92722.0
001,2021-02,173,334,380246022.65,449880722.25,3212,104226533.3,725,4131579.13,137191.62,3994387.5,195419.25,4189806.76,2457171.25,686510.01,627477.49,710111.98,4481270.73,1392000.15,-291463.97,-1683464.12
002,2021-02,159,289,188052939.3,255448662.15,2631,133254378.77,265,2891293.92,181842.11,2709451.81,126282.71,2835734.52,478598.48,198296.76,93732.51,112138.05,882765.8,476284.65,1952968.72,1476684.07
003,2021-02,144,273,139317616.62,300519761.01,2561,108521531.62,436,3224014.34,68092.59,3155921.75,136936.04,3292857.79,1288132.95,381311.96,247640.19,293021.01,2210106.1,2159588.58,1082751.69,-1076836.9
004,2021-02,150,282,295806656.4,258597403.02,2818,526001640.69,255,2679194.04,243952.03,2435242.01,139281.33,2574523.34,494521.31,208431.81,101607.57,117173.15,921733.83,903216.25,1652789.51,749573.26
005,2021-02,142,298,165646755.1,405538702.51,2721,95118214.2,743,3992067.34,153036.07,3839031.27,148255.83,3987287.1,2323129.57,658386.85,521100.92,507329.89,4009947.23,2415611.1,-22660.13,-2438271.23
006,2021-02,142,262,198770974.33,236391323.99,2412,160192960.87,204,2663415.83,157943.24,2505472.59,99882.86,2605355.45,522278.92,171666.95,87507.74,111443.54,892897.14,705982.14,1712458.3,1006476.17
007,2021-02,130,256,189848417.01,291201953.56,2395,90607811.71,232,3028489.58,271621.84,2756867.74,82575.4,2839443.15,465998.15,186796.45,82296.96,110355.64,845447.2,2376904.02,1993995.94,-382908.08
008,2021-02,145,258,237707012.78,315352692.21,2261,102946734.26,448,3254015.33,187432.91,3066582.42,130060.36,3196642.78,1380079.73,408881.61,264121.18,390847.42,2443929.94,-513625.12,752712.83,1266337.95
009,2021-02,127,262,545456577.42,313367386.24,2241,91054013.44,243,3149616.01,1514965.95,1634650.06,99152.34,1733802.4,499095.29,192634.23,84646.8,125813.83,902190.16,690218.14,831612.25,141394.11
010,2021-02,115,233,280881355.53,328777632.98,1935,40295070.61,297,3626351.91,973341.93,2653009.97,101331.18,2754341.15,461309.3,200482.41,75202.0,107333.48,844327.19,1289565.58,1910013.97,620448.39
011,2021-02,124,233,186531824.62,214555827.19,2185,79321476.2,257,2453836.27,229843.7,2223992.57,103205.46,2327198.03,491365.32,222805.43,94845.29,173103.62,982119.67,127389.03,1345078.37,1217689.34
012,2021-02,104,213,359610942.09,282186337.75,1688,270728564.83,404,2909421.12,77672.2,2831748.91,107173.16,2938922.07,1176464.24,407610.78,184869.46,249095.58,2018040.06,201993.43,920882.02,718888.59
013,2021-02,141,263,175010961.9,388512814.65,2746,215320280.56,686,4124557.32,93176.8,4031380.52,134093.62,4165474.15,2346864.57,808810.77,538479.21,492565.98,4186720.52,1138232.93,-21246.37,-1159479.3
014,2021-02,134,237,101760342.13,281133275.56,2167,55501200.4,264,2941009.96,46358.29,2894651.67,89173.25,2983824.92,490529.25,179856.16,82767.76,123293.61,876446.77,267311.52,2107378.15,1840066.63
015,2021-02,142,269,325636317.05,369092185.18,2388,145375947.06,479,4045090.17,451293.79,3593796.39,123941.35,3717737.74,988801.89,521582.24,228331.42,289584.29,2028299.84,-88675.45,1689437.89,1778113.34
016,2021-02,110,207,97634402.25,276189700.82,2130,141057642.94,226,2919381.24,35046.57,2884334.66,71959.8,2956294.47,499316.22,188274.14,83431.39,140859.48,911881.23,569153.58,2044413.23,1475259.66
017,2021-02,178,357,197479257.89,649940865.97,3835,536912457.84,1305,6852649.97,76651.28,6775998.69,445933.99,7221932.68,2424827.17,791578.11,754728.89,494009.8,4465143.97,1182904.83,2756788.71,1573883.88
018,2021-02,159,300,390571721.64,434842968.95,3082,345611360.62,415,4577516.93,485587.89,4091929.04,237079.44,4329008.48,471134.4,205971.17,111424.11,141078.58,929608.25,3178743.61,3399400.23,220656.62
019,2021-02,198,375,312025056.01,441979967.08,3513,173908876.74,1140,4854195.68,482010.13,4372185.55,341039.72,4713225.28,1004592.95,492627.87,343508.91,274905.85,2115635.59,4113082.74,2597589.69,-1515493.05
020,2021-02,118,227,123969891.63,332011950.78,2631,93560205.42,615,3501935.7,43206.16,3458729.54,189667.68,3648397.22,1278903.59,476928.27,278911.57,302570.15,2337313.57,416854.49,1311083.65,894229.16
021,2021-02,81,171,270002881.74,228632042.38,1703,170249552.74,405,2369054.14,70640.89,2298413.25,85975.48,2384388.74,1334628.88,468221.09,209525.84,339468.96,2351844.77,705970.05,32543.96,-673426.09
022,2021-02,118,217,323406461.59,274174282.74,2126,122493201.1,476,2577953.39,184018.73,2393934.65,97627.09,2491561.74,1379032.65,450370.63,255212.44,385251.98,2469867.7,1115917.7,21694.04,-1094223.66
023,2021-02,104,209,145360600.69,365599569.23,2071,140606067.93,559,3889381.37,73849.43,3815531.94,143007.15,3958539.1,986192.67,420492.7,206775.66,318441.04,1931902.06,1915098.62,2026637.03,111538.41
024,2021-02,90,172,209890207.03,180749404.34,1724,57773370.48,449,1859637.13,752862.87,1106774.26,94859.35,1201633.61,1246977.99,437092.3,197123.74,315396.16,2196590.2,381238.07,-994956.58,-1376194.65
025,2021-02,149,269,333546869.46,304762483.14,2487,79501451.17,735,3351426.21,237966.47,3113459.74,200103.09,3313562.83,513583.1,243609.26,132184.46,149922.27,1039299.08,1659887.73,2274263.75,614376.02
026,2021-02,152,244,338201811.8,399340117.36,2666,312805467.66,785,4814572.63,122949.12,4691623.51,186155.29,4877778.8,466593.55,248087.46,124908.39,121939.55,961528.95,2121250.88,3916249.85,1794998.96
027,2021-02,91,166,105233399.52,290163554.92,1596,45899858.35,475,3127899.45,97302.93,3030596.53,108903.35,3139499.88,1229345.11,393758.34,187561.45,292471.48,2103136.39,841356.13,1036363.49,195007.36
028,2021-02,71,132,127991939.79,234481243.73,1202,37492264.26,358,2285050.41,31647.41,2253402.99,72339.82,2325742.82,485843.37,215312.35,65988.48,133851.45,900995.65,2590112.57,1424747.16,-1165365.41
029,2021-02,60,106,139103808.13,128542712.13,878,17410143.22,317,1499310.39,55148.0,1444162.38,35305.66,1479468.04,1287111.01,436714.0,132508.81,281399.08,2137732.91,583411.88,-658264.86,-1241676.75
030,2021-02,52,93,86936997.71,173331812.55,799,39058902.43,391,1730457.73,87319.98,1643137.75,57790.85,1700928.59,1356301.08,480456.94,151364.84,349850.46,2337973.31,992341.07,-637044.72,-1629385.79
031,2021-02,57,116,104870627.03,89968911.0,1090,73032277.26,382,886230.88,48220.59,838010.29,42787.36,880797.66,1243336.61,412212.97,144990.78,256030.87,2056571.23,369433.03,-1175773.57,-1545206.6
032,2021-02,51,83,46528700.44,177524375.53,845,25839291.97,415,1966327.5,41841.27,1924486.23,60565.48,1985051.71,1328236.27,419628.04,144534.28,339642.7,2232041.29,441662.62,-246989.59,-688652.21
033,2021-02,48,78,146694158.56,101347778.99,844,25393090.57,312,1126578.91,416808.65,709770.26,23032.05,732802.3,933522.15,349426.24,94052.33,217914.28,1594915.01,474313.58,-862112.7,-1336426.28
034,2021-02,40,64,38781903.95,143123304.24,661,48628775.4,378,1494237.23,9875.31,1484361.92,42441.62,1526803.54,1279053.1,365536.65,116322.83,297301.77,2058214.35,-111597.54,-531410.81,-419813.27
035,2021-02,23,47,57918982.45,69348832.86,494,88399840.52,375,726955.12,21707.03,705248.09,22809.36,728057.45,1228719.73,423473.98,106335.05,304138.6,2062667.36,663669.13,-1334609.91,-1998279.04
036,2021-02,17,35,16003048.87,46764413.64,318,7779812.42,185,521529.66,26242.86,495286.8,16696.28,511983.08,625114.87,254934.66,37129.47,168103.49,1085282.49,-146165.62,-573299.41,-427133.79
037,2021-02,42,78,45398116.92,71618508.09,761,51044299.53,716,865126.09,9831.39,855294.7,63799.78,919094.49,500889.84,225889.15,76973.47,151328.71,955081.16,108195.48,-35986.68,-144182.16
001,2021-03,178,338,405473839.69,493987259.28,3170,99290896.98,680,4449280.25,140503.06,4308777.19,195367.11,4504144.29,2475462.85,691620.5,620620.65,715398.17,4503102.18,563090.56,1042.12,-562048.44
002,2021-03,164,288,213831433.22,254429418.61,2387,90101723.72,238,2728783.1,184897.61,2543885.5,123615.27,2667500.76,482161.25,199772.92,88660.65,112972.82,883567.63,1755377.97,1783933.13,28555.16
003,2021-03,145,271,162454555.34,306618240.09,2716,124076044.39,388,3076065.87,68259.03,3007806.84,136644.94,3144451.78,1297722.03,384150.51,250472.8,295202.31,2227547.64,1919394.4,916904.14,-1002490.26
004,2021-03,142,282,391306916.14,285121301.71,2805,211554760.21,219,3090968.97,255685.08,2835283.9,114869.17,2950153.07,498202.61,209983.41,100348.83,118045.4,926580.26,-837644.22,2023572.81,2861217.03
005,2021-03,147,300,174342419.15,411695169.03,2613,121153381.15,656,4004825.34,155652.7,3849172.65,147299.47,3996472.12,2340423.33,663287.99,500430.87,511106.54,4015248.73,1465352.01,-18776.61,-1484128.62
006,2021-03,140,265,231276729.72,227978108.45,2539,171503912.87,265,2541540.14,137092.55,2404447.59,106305.95,2510753.54,526166.85,172944.87,93762.4,112273.14,905147.26,14191.51,1605606.28,1591414.77
007,2021-03,138,257,195567770.84,293645017.97,2403,133295989.45,234,2644238.91,273296.59,2370942.33,94737.77,2465680.1,469467.12,188186.99,83240.15,111177.15,852071.41,2905740.84,1613608.69,-1292132.15
008,2021-03,135,258,235302243.75,312482073.98,2506,188415082.78,468,3267340.96,188051.62,3079289.34,143324.5,3222613.84,1390353.27,411925.4,280791.22,393756.96,2476826.84,-609684.88,745787.0,1355471.88
009,2021-03,129,261,548361966.55,312040445.69,2384,108712641.68,283,2999245.42,1521804.51,1477440.92,109938.19,1587379.11,502810.64,194068.23,89836.28,126750.41,913465.57,2077714.85,673913.54,-1403801.31
010,2021-03,116,233,283186865.57,328447615.61,2131,48681582.15,257,3585930.07,977879.72,2608050.36,103625.86,2711676.21,464743.36,201974.84,77343.85,108132.49,852194.54,441970.04,1859481.67,1417511.64
011,2021-03,127,232,198416420.18,227839872.99,2304,103359058.46,252,2496293.35,232278.31,2264015.04,103765.9,2367780.94,495023.13,224464.03,97787.29,174392.23,991666.69,770363.62,1376114.25,605750.64
012,2021-03,101,213,242030770.58,283520868.88,1586,221098446.89,389,2709686.52,65603.23,2644083.29,107523.68,2751606.96,1185222.04,410645.1,180335.24,250949.89,2027152.27,1567872.0,724454.7,-843417.3
013,2021-03,138,261,154484854.94,384831511.79,2525,106198582.23,665,3886079.59,55549.87,3830529.72,132441.33,3962971.05,2364335.02,814831.69,519890.76,496232.72,4195290.2,2763980.56,-232319.15,-2996299.71
014,2021-03,132,239,113634298.4,286384603.76,2283,69268506.75,271,2808129.19,48699.35,2759429.84,97019.72,2856449.56,494180.83,181195.04,85996.47,124211.42,885583.76,2488603.77,1970865.8,-517737.97
015,2021-03,138,269,319878231.65,374721515.89,2531,265412116.9,488,4008132.07,453208.36,3554923.71,150517.73,3705441.45,996162.7,525464.99,236853.33,291740.0,2050221.02,1201994.39,1655220.42,453226.03
016,2021-03,107,208,99902646.43,275493567.54,2185,67783247.08,195,2691726.65,35133.74,2656592.91,73117.29,2729710.2,503033.21,189675.68,83508.31,141908.07,918125.27,1971240.72,1811584.93,-159655.79
017,2021-03,181,356,205231677.04,641620070.79,3330,314185077.0,1265,6628072.26,79146.12,6548926.13,418645.69,6967571.82,2442877.99,797470.75,716132.28,497687.3,4454168.32,2024129.21,2513403.51,489274.3
018,2021-03,156,302,370048522.37,466223867.77,3409,516103045.61,428,4532062.88,487266.32,4044796.56,257087.1,4301883.66,474641.6,207504.45,118623.43,142128.79,942898.27,4340461.76,3358985.39,-981476.37
019,2021-03,202,379,342245765.87,470232942.58,3660,221577645.46,1093,4867409.21,487621.86,4379787.35,350951.43,4730738.78,1012071.31,496295.08,347056.06,276952.3,2132374.75,4028705.61,2598364.04,-1430341.58
020,2021-03,123,228,140381517.2,340053974.5,2414,76490720.09,565,3555767.11,45647.63,3510119.48,185989.98,3696109.46,1288423.96,480478.6,265110.4,304822.53,2338835.5,643709.45,1357273.96,713564.51
021,2021-03,83,172,259134691.74,235338551.02,1664,345315361.88,385,2242925.41,72129.63,2170795.78,91409.01,2262204.79,1344564.08,471706.61,206552.69,341996.02,2364819.41,2616306.07,-102614.62,-2718920.69
022,2021-03,127,220,335732268.48,277836709.9,2252,166990524.61,431,2521999.65,186724.9,2335274.74,120883.9,2456158.64,1389298.4,453723.26,257885.92,388119.86,2489027.45,1805940.76,-32868.81,-1838809.57
023,2021-03,108,210,204035966.99,360038085.6,1998,44159336.2,585,3655939.27,80669.23,3575270.04,147439.43,3722709.47,993534.05,423622.91,208430.31,320811.56,1946398.84,1508533.77,1776310.63,267776.86
024,2021-03,93,173,221652486.56,178916268.84,1586,34286289.08,457,1755801.18,757559.4,998241.78,91965.0,1090206.78,1256260.71,440346.09,193492.75,317744.03,2207843.58,1039914.63,-1117636.8,-2157551.43
025,2021-03,148,268,333425586.33,301340718.74,2640,163605424.02,791,3377209.07,239046.01,3138163.07,212767.48,3350930.55,517406.3,245422.73,139180.5,151038.32,1053047.84,-857095.2,2297882.71,3154977.91
026,2021-03,148,247,325504377.33,395572896.34,2700,355614390.59,746,4531561.58,122642.69,4408918.89,196302.08,4605220.96,470066.95,249934.26,124564.54,122847.29,967413.04,2851166.14,3637807.92,786641.77
027,2021-03,103,170,114965867.24,300403834.74,1612,54197956.62,465,3020096.48,98889.44,2921207.04,106171.32,3027378.36,1238496.57,396689.55,189071.65,294648.69,2118906.45,3627488.33,908471.91,-2719016.42
028,2021-03,69,137,146329911.06,243198947.19,1048,49636187.44,373,2319349.6,34401.09,2284948.51,71061.7,2356010.21,489460.07,216915.17,64574.01,134847.87,905797.12,869319.02,1450213.09,580894.07
029,2021-03,60,108,138729593.57,133779280.54,1049,25638918.13,340,1491281.54,55290.17,1435991.38,36213.57,1472204.95,1296692.48,439964.98,145882.64,283493.86,2166033.97,935043.04,-693829.02,-1628872.06
030,2021-03,54,93,92669496.38,175023655.27,827,27123737.16,387,1648220.37,88748.82,1559471.55,52342.25,1611813.8,1366397.61,484033.54,153789.52,352454.81,2356675.48,1409833.03,-744861.68,-2154694.71
031,2021-03,60,115,117715047.48,93067975.07,1113,42608679.56,361,925411.38,50220.43,875190.95,47142.54,922333.49,1252592.22,415281.55,144335.6,257936.81,2070146.18,-147.18,-1147812.69,-1147665.51
032,2021-03,53,90,48459015.19,187280781.06,774,21123287.12,437,2081297.33,42381.27,2038916.07,60224.94,2099141.01,1338123.89,422751.82,146214.03,342171.06,2249260.79,25188.46,-150119.79,-175308.25
033,2021-03,48,80,152040746.15,109097410.7,801,24535905.08,348,1156794.26,419215.25,737579.02,26729.21,764308.23,940471.45,352027.43,97078.05,219536.47,1609113.4,811551.96,-844805.17,-1656357.13
034,2021-03,41,66,37384122.81,142380673.79,668,59595536.19,398,1466373.11,10445.43,1455927.69,45161.57,1501089.26,1288574.59,368257.76,120537.03,299514.94,2076884.31,330678.45,-575795.05,-906473.51
035,2021-03,24,49,80469733.4,70108422.17,605,44293436.33,328,755766.98,24118.14,731648.84,20967.79,752616.63,1237866.53,426626.39,106721.81,306402.66,2077617.39,-462000.77,-1325000.76,-862999.99
036,2021-03,20,37,17490275.34,47033569.55,372,9201796.45,191,432534.86,26560.33,405974.53,18413.87,424388.4,629768.33,256832.44,39914.79,169354.88,1095870.45,1241395.02,-671482.05,-1912877.07
037,2021-03,48,84,50927477.92,74050382.8,802,70798912.81,685,881462.05,10424.04,871038.01,53891.33,924929.34,504618.55,227570.71,77006.08,152455.23,961650.55,225183.75,-36721.21,-261904.96
001,2021-04,177,339,417569748.68,485447357.0,3161,84072758.6,689,4028340.61,142651.26,3885689.35,198428.36,4084117.72,2493754.45,696731.0,626674.25,720684.37,4537844.07,3663393.64,-453726.35,-4117119.99
002,2021-04,161,288,215549548.21,252667455.17,2383,66865602.61,244,2551576.47,186221.59,2365354.88,127502.23,2492857.11,485724.02,201249.07,89539.57,113807.6,890320.26,1457182.86,1602536.85,145353.99
003,2021-04,147,271,191680566.46,304398926.12,2602,98092819.26,425,2896919.43,72100.04,2824819.39,142048.2,2966867.59,1307311.11,386989.06,251715.3,297383.6,2243399.07,1254168.09,723468.53,-530699.56
004,2021-04,142,283,400386095.98,288863837.38,2597,217562343.91,224,2890207.84,257912.2,2632295.64,111445.21,2743740.85,501883.91,211535.01,97442.15,118917.66,929778.74,3437104.44,1813962.11,-1623142.32
005,2021-04,156,302,182329047.22,414353458.41,2603,64337987.77,613,4000143.57,157269.54,3842874.03,142754.23,3985628.26,2357717.1,668189.13,495204.15,514883.19,4035993.58,63248.29,-50365.32,-113613.61
006,2021-04,138,264,238771411.52,225397932.34,2365,119281283.01,208,2365518.53,139145.19,2226373.34,95378.35,2321751.69,530054.78,174222.78,88200.39,113102.75,905580.7,2182538.68,1416170.98,-766367.7
007,2021-04,136,255,181387266.93,292428546.94,2462,111705592.81,233,2251549.92,270905.9,1980644.02,94002.99,2074647.0,472936.09,189577.53,84693.96,111998.66,859206.24,5076889.98,1215440.77,-3861449.21
008,2021-04,133,259,228378305.31,305517844.71,2415,212824412.11,439,3082654.5,187973.86,2894680.64,136243.28,3030923.92,1400626.82,414969.18,274709.44,396666.49,2486971.93,1207250.03,543951.99,-663298.04
009,2021-04,138,260,568521066.1,311097696.43,2333,264799761.72,229,2744716.83,1531597.99,1213118.85,119127.41,1332246.26,506525.99,195502.24,86785.94,127686.99,916501.16,3871957.33,415745.1,-3456212.23
010,2021-04,118,232,296276194.46,321419227.39,1869,59580390.26,254,3520314.61,983921.25,2536393.35,103619.44,2640012.79,468177.43,203467.26,73104.39,108931.5,853680.57,-706277.32,1786332.22,2492609.53
011,2021-04,130,232,208396642.31,228350371.46,2039,95513893.01,240,2404707.41,234188.48,2170518.93,104341.11,2274860.04,498680.93,226122.63,92209.64,175680.85,992694.05,783477.31,1282165.99,498688.67
012,2021-04,100,211,237285070.36,279241017.22,1750,30688911.89,454,2709352.48,63564.48,2645787.99,103138.13,2748926.12,1193979.84,413679.43,195801.69,252804.2,2056265.16,-518395.41,692660.96,1211056.37
013,2021-04,137,261,149000140.24,415941836.4,2699,147094735.32,708,4107671.57,53880.41,4053791.16,140029.53,4193820.7,2381805.48,820852.61,547656.59,499899.47,4250214.15,879302.78,-56393.46,-935696.24
014,2021-04,126,238,121670103.31,284004359.07,2271,61296152.42,282,2787499.89,50272.43,2737227.46,94921.91,2832149.37,497832.41,182533.92,86853.94,125129.24,892349.5,-91311.22,1939799.87,2031111.09
015,2021-04,151,272,310595172.15,374059440.1,2330,215202491.65,454,3611655.47,453955.51,3157699.96,128551.32,3286251.28,1003523.51,529347.74,227098.17,293895.72,2053865.13,5116577.37,1232386.15,-3884191.23
016,2021-04,109,208,102352550.34,292566938.53,2487,97403410.85,247,2510976.99,35532.37,2475444.62,80830.3,2556274.92,506750.21,191077.23,92924.18,142956.65,933708.26,3427610.72,1622566.66,-1805044.06
017,2021-04,181,360,236553260.17,664315131.87,3669,201368303.02,1289,6597668.87,83033.96,6514634.92,413284.04,6927918.96,2460928.82,803363.39,751399.6,501364.79,4517056.59,3340360.52,2410862.37,-929498.15
018,2021-04,159,303,371152996.67,462628900.53,3208,313560341.48,442,4576624.14,489746.33,4086877.81,233805.61,4320683.42,478148.8,209037.74,116736.63,143179.0,947102.17,-875550.49,3373581.24,4249131.73
019,2021-04,208,384,365465360.31,478078915.63,3646,191518707.72,1090,4640690.78,498742.55,4141948.23,368463.17,4510411.41,1019549.67,499962.28,349569.88,278998.74,2148080.58,3268290.02,2362330.83,-905959.19
020,2021-04,117,231,143568659.07,343090122.15,2575,78151487.15,551,3291603.52,46430.08,3245173.44,189481.59,3434655.03,1297944.34,484028.94,273270.5,307074.92,2362318.69,4169746.31,1072336.34,-3097409.97
021,2021-04,88,173,237744632.9,246822418.67,1657,112726031.91,373,2333500.75,71322.4,2262178.35,98196.68,2360375.03,1354499.28,475192.13,206412.73,344523.09,2380627.22,741410.77,-20252.19,-761662.97
022,2021-04,125,225,344624989.73,279391235.15,2006,91421296.25,431,2306698.67,189239.52,2117459.15,99783.88,2217243.02,1399564.15,457075.9,247993.38,390987.74,2495621.17,3469255.54,-278378.15,-3747633.68
023,2021-04,111,216,208730400.99,373196181.87,1901,32024570.81,605,3636342.1,81450.11,3554891.99,142224.92,3697116.92,1000875.44,426753.13,209197.53,323182.09,1960008.2,2443038.9,1737108.72,-705930.18
024,2021-04,92,173,225266347.73,177633297.85,1744,41165920.33,464,1761304.46,762200.44,999104.03,95495.98,1094600.01,1265543.42,443599.88,203114.6,320091.89,2232349.79,-154164.01,-1137749.78,-983585.77
025,2021-04,142,270,324831052.99,309588608.58,2485,155652116.96,795,3392856.05,239660.18,3153195.87,206753.34,3359949.21,521229.49,247236.19,137418.04,152154.36,1058038.09,716918.41,2301911.11,1584992.7
026,2021-04,144,245,310293811.85,401370750.87,2622,231517492.08,808,4223519.15,122351.05,4101168.1,182525.45,4283693.55,473540.35,251781.07,127125.88,123755.03,976202.33,5012936.0,3307491.22,-1705444.77
027,2021-04,101,176,134642569.73,307824217.74,1725,96917884.16,423,3122839.24,101408.54,3021430.7,114772.54,3136203.25,1247648.02,399620.75,191289.51,296825.9,2135384.17,-148013.58,1000819.07,1148832.65
028,2021-04,74,140,163750284.88,248997437.03,1204,54098128.04,340,1979301.25,36848.32,1942452.93,72371.71,2014824.64,493076.77,218517.99,66660.77,135844.28,914099.82,5709357.61,1100724.82,-4608632.79
029,2021-04,60,110,141544427.18,148913804.87,929,24609093.89,312,1491072.96,56154.64,1434918.32,34708.0,1469626.32,1306273.96,443215.95,137185.94,285588.64,2172264.49,1504239.79,-702638.17,-2206877.95
030,2021-04,57,94,108563877.07,181891378.17,967,63013313.1,364,1607757.84,90900.32,1516857.52,57276.89,1574134.41,1376494.15,487610.14,159709.85,355059.15,2378873.29,1513701.79,-804738.88,-2318440.68
031,2021-04,63,116,112572109.21,105999632.4,1155,40217763.71,338,1029612.6,49724.96,979887.65,44001.95,1023889.59,1261847.82,418350.14,144773.18,259842.75,2084813.89,692291.67,-1060924.29,-1753215.97
032,2021-04,54,92,49486100.4,187173277.38,833,19561187.59,388,2038244.66,42774.11,1995470.55,59548.25,2055018.8,1348011.5,425875.6,143780.38,344699.41,2262366.9,623921.5,-207348.1,-831269.6
033,2021-04,49,82,151847985.41,108426433.9,825,28126559.69,317,1063386.93,421032.08,642354.84,27596.37,669951.22,947420.74,354628.62,95772.52,221158.66,1618980.55,1188601.64,-949029.33,-2137630.97
034,2021-04,41,67,39112129.86,153716083.96,579,14684869.32,370,1580934.08,10503.47,1570430.61,36522.77,1606953.38,1298096.07,370978.88,113638.56,301728.1,2084441.61,459268.83,-477488.23,-936757.06
035,2021-04,25,50,104846653.5,84283894.49,510,95136886.26,340,933937.45,26442.34,907495.1,19469.99,926965.09,1247013.32,429778.81,104532.94,308666.72,2089991.78,44819.1,-1163026.69,-1207845.79
036,2021-04,22,39,20797936.74,46569956.24,339,11409353.87,158,378962.26,28555.11,350407.15,15958.89,366366.04,634421.79,258730.22,36432.19,170606.27,1100190.47,634144.91,-733824.43,-1367969.34
037,2021-04,52,87,58512516.5,72970178.83,798,47950399.85,713,831947.12,11400.23,820546.89,58410.39,878957.28,508347.25,229252.26,79281.67,153581.74,970462.92,452726.87,-91505.65,-544232.51
001,2021-05,171,340,422302626.74,479110692.67,3242,84781379.62,761,3940354.3,144058.77,3796295.53,196131.81,3992427.34,2512046.04,701841.5,654159.9,725970.56,4594018.0,296978.92,-601590.66,-898569.59
002,2021-05,153,287,216789941.83,251369047.21,2472,67296257.2,268,2477838.22,186540.81,2291297.41,124257.81,2415555.22,489286.79,202725.23,92947.84,114642.37,899602.22,846265.43,1515953.0,669687.56
003,2021-05,146,271,201684910.56,300306312.69,2677,129920695.35,438,2986653.51,73536.94,2913116.57,147426.79,3060543.36,1316900.19,389827.61,258396.47,299564.9,2264689.16,-1128653.2,795854.19,1924507.39
004,2021-05,147,285,427153972.94,293219755.82,3001,378142027.95,237,2812792.42,261794.76,2550997.66,147419.1,2698416.75,505565.21,213086.61,106712.6,119789.92,945154.34,1157995.07,1753262.42,595267.34
005,2021-05,160,302,192008390.99,409637883.37,2623,110154765.56,705,3930727.3,158984.6,3771742.7,150200.8,3921943.49,2375010.87,673090.28,518680.3,518659.84,4085441.29,-18516.36,-163497.8,-144981.44
006,2021-05,143,267,244312907.2,224081388.48,2632,133481432.15,250,2211567.6,141130.44,2070437.16,104004.89,2174442.05,533942.71,175500.7,96173.58,113932.35,919549.35,1924472.5,1254892.71,-669579.79
007,2021-05,137,256,182342930.51,338249916.6,2681,98149324.76,278,2649769.88,271773.73,2377996.15,94424.09,2472420.24,476405.06,190968.08,91305.74,112820.16,871499.04,1548510.45,1600921.2,52410.75
008,2021-05,130,260,247660919.91,303417925.57,2287,163919899.49,418,2835669.86,190733.64,2644936.22,132113.03,2777049.25,1410900.37,418012.96,267615.61,399576.03,2496104.97,2628875.68,280944.28,-2347931.39
009,2021-05,136,261,577002359.79,314809014.1,2379,146389096.45,261,2517371.08,1538448.38,978922.69,116977.09,1095899.79,510241.34,196936.24,89968.18,128623.57,925769.32,3119268.88,170130.46,-2949138.42
010,2021-05,116,231,319307793.74,315862421.1,2051,69523904.15,221,3094570.85,990132.95,2104437.9,102563.74,2207001.64,471611.49,204959.69,75248.75,109730.5,861550.44,4432921.86,1345451.2,-3087470.66
011,2021-05,129,230,215635651.14,220797589.77,2176,91681551.68,251,2175019.56,236064.56,1938954.99,104156.81,2043111.8,502338.74,227781.23,96376.16,176969.46,1003465.59,1462941.01,1039646.21,-423294.8
012,2021-05,98,212,253645653.38,281137594.13,1826,210919750.8,459,2612892.93,65352.8,2547540.13,116157.21,2663697.34,1202737.63,416713.75,201264.25,254658.51,2075374.15,1162843.02,588323.19,-574519.83
013,2021-05,137,259,149313480.7,416202264.61,2389,132354180.35,662,3829706.6,55329.48,3774377.11,135899.03,3910276.14,2399275.93,826873.54,516168.45,503566.21,4245884.13,3411762.72,-335607.99,-3747370.7
014,2021-05,131,238,124591266.19,295032433.33,2187,58542792.56,306,3031899.89,49920.91,2981978.98,91618.37,3073597.35,501483.99,183872.8,87193.43,126047.06,898597.28,-1420030.26,2175000.07,3595030.33
015,2021-05,144,272,316103635.63,374294784.78,2478,165233429.42,503,3363104.86,456229.27,2906875.59,113486.7,3020362.29,1010884.32,533230.48,240292.86,296051.43,2080459.1,3457615.09,939903.2,-2517711.89
016,2021-05,113,209,122417672.63,299171193.75,2189,93832471.14,222,2459863.0,39410.54,2420452.47,71683.53,2492135.99,510467.2,192478.77,86449.12,144005.23,933400.32,1537371.26,1558735.68,21364.42
017,2021-05,182,363,238237952.28,647467407.12,3761,506977347.85,1368,6140542.21,83966.28,6056575.93,450185.91,6506761.84,2478979.64,809256.03,779260.86,505042.28,4572538.81,3535446.78,1934223.03,-1601223.75
018,2021-05,164,304,426753576.48,459172167.7,3529,572234894.29,439,4399653.97,496491.81,3903162.16,261766.31,4164928.47,481656.01,210571.02,123155.13,144229.22,959611.38,936329.44,3205317.1,2268987.66
019,2021-05,206,383,360348488.6,467236470.11,3642,175034265.31,1093,4291860.68,505865.95,3785994.73,365756.07,4151750.79,1027028.03,503629.49,352186.82,281045.19,2163889.53,3318037.57,1987861.26,-1330176.31
020,2021-05,122,230,150493091.66,352476795.79,2587,89051708.93,641,2972710.27,47533.07,2925177.2,191129.23,3116306.43,1307464.71,487579.27,287041.08,309327.3,2391412.36,5681897.79,724894.08,-4957003.71
021,2021-05,85,174,220289457.71,247782624.9,1693,222215345.05,401,2247223.94,72306.32,2174917.62,102411.3,2277328.91,1364434.49,478677.64,214154.18,347050.15,2404316.46,1490230.78,-126987.55,-1617218.33
022,2021-05,125,226,343510889.26,285015535.1,2050,204673811.11,464,2280039.75,189861.78,2090177.97,138421.65,2228599.62,1409829.9,460428.53,257087.57,393855.62,2521201.63,1558212.68,-292602.01,-1850814.69
023,2021-05,115,220,219104031.2,370907826.27,1874,47779709.22,582,3569390.11,83370.89,3486019.21,142009.79,3628029.01,1008216.82,429883.35,207654.22,325552.62,1971307.02,789615.31,1656721.99,867106.68
024,2021-05,101,177,244319636.06,175978416.19,1683,88036108.41,480,1695269.16,768315.51,926953.65,94201.81,1021155.46,1274826.14,446853.67,204206.8,322439.75,2248326.36,701654.27,-1227170.89,-1928825.16
025,2021-05,143,272,316331946.34,300424744.39,2482,145985156.47,778,3170197.34,239640.85,2930556.49,216231.62,3146788.12,525052.69,249049.66,137438.83,153270.41,1064811.6,1290400.05,2081976.52,791576.47
026,2021-05,147,244,317919692.81,407231790.36,2516,312876485.52,828,4323390.05,123665.67,4199724.38,167851.6,4367575.98,477013.75,253627.87,127125.7,124662.77,982430.1,-753455.26,3385145.88,4138601.14
027,2021-05,104,178,142048153.09,308509670.25,2100,135339776.11,469,2885577.03,102795.86,2782781.16,120082.44,2902863.61,1256799.47,402551.95,215344.6,299003.1,2173699.13,4135190.68,729164.48,-3406026.2
028,2021-05,79,142,170694752.63,253210881.24,1321,52987077.56,355,1974716.32,37967.55,1936748.77,77827.31,2014576.07,496693.47,220120.82,70490.97,136840.69,924145.95,967626.67,1090430.13,122803.45
029,2021-05,59,113,153225574.93,160972984.07,956,41782827.2,354,1549684.72,58349.78,1491334.94,39994.98,1531329.93,1315855.43,446466.92,145980.35,287683.43,2195986.12,388539.57,-664656.2,-1053195.77
030,2021-05,59,96,125794441.66,183038182.43,989,39166747.26,372,1510988.01,93474.96,1417513.05,56885.7,1474398.75,1386590.68,491186.74,163729.31,357663.5,2399170.24,1531808.2,-924771.49,-2456579.69
031,2021-05,62,119,115832593.78,104686998.28,1119,43593891.04,358,982329.46,50196.69,932132.76,47322.86,979455.63,1271103.43,421418.72,146952.64,261748.68,2101223.48,645596.3,-1121767.85,-1767364.15
032,2021-05,52,96,52058441.91,187077791.69,968,21943076.75,434,1960098.94,43199.04,1916899.9,62323.23,1979223.13,1357899.12,428999.39,159284.28,347227.77,2293410.55,1155743.84,-314187.42,-1469931.27
033,2021-05,51,83,152180726.82,107644414.49,939,28784237.26,314,947911.13,422883.38,525027.75,29655.91,554683.66,954370.04,357229.8,100696.73,222780.86,1635077.43,1580935.88,-1080393.78,-2661329.65
034,2021-05,43,68,38096422.6,174035542.6,616,22446200.16,385,1749145.45,9948.88,1739196.57,35140.6,1774337.17,1307617.56,373700.0,118889.76,303941.26,2104148.58,445769.74,-329811.41,-775581.15
035,2021-05,32,53,121007423.48,115391849.07,470,42629730.3,339,1245440.28,28076.23,1217364.05,22999.68,1240363.74,1256160.12,432931.22,103853.78,310930.78,2103875.9,755591.04,-863512.16,-1619103.2
036,2021-05,24,42,23356307.85,54669521.9,336,7975208.88,170,473721.53,30470.68,443250.85,15880.99,459131.84,639075.26,260627.99,38071.97,171857.66,1109632.88,-6762.25,-650501.04,-643738.79
037,2021-05,57,95,52263280.71,74777382.96,970,82538184.62,761,834339.33,11393.38,822945.96,69922.29,892868.25,512075.96,230933.82,86845.12,154708.26,984563.16,378765.78,-91694.92,-470460.7
001,2021-06,177,343,422166503.46,484500826.8,2987,74889377.97,689,3677750.28,144602.5,3533147.78,196781.44,3729929.22,2530337.64,706951.99,622571.37,731256.75,4591117.76,3503704.83,-861188.53,-4364893.36
002,2021-06,149,286,214559676.28,249893296.92,2490,107545419.35,249,2446899.74,186055.07,2260844.66,121322.47,2382167.13,492849.55,204201.38,92931.88,115477.14,905459.96,232280.48,1476707.17,1244426.69
003,2021-06,155,271,207148088.04,312545658.54,2749,122940307.39,384,3076303.44,74330.72,3001972.72,143733.0,3145705.72,1326489.26,392666.16,257137.94,301746.2,2278039.57,216621.6,867666.15,651044.55
004,2021-06,153,286,373245024.58,295919553.77,2947,668535499.8,279,2647667.87,255244.69,2392423.18,150983.03,2543406.21,509246.51,214638.21,108672.45,120662.17,953219.35,2278945.21,1590186.86,-688758.35
005,2021-06,158,305,208817699.45,418002029.77,2737,157115532.05,653,3820573.93,118716.46,3701857.46,158690.26,3860547.73,2392304.64,677991.42,521610.57,522436.49,4114343.12,2555558.29,-253795.4,-2809353.69
006,2021-06,143,267,264393750.45,223749568.03,2659,184207524.06,250,2228884.71,143798.69,2085086.02,117734.08,2202820.1,537830.65,176778.62,97493.35,114761.96,926864.58,287324.71,1275955.52,988630.81
007,2021-06,137,258,182545465.83,364867550.54,2482,133675604.01,235,3040994.69,270309.45,2770685.25,92676.84,2863362.09,479874.03,192358.62,86605.81,113641.67,872480.13,-1148354.08,1990881.96,3139236.05
008,2021-06,139,262,274096447.15,308329190.41,2194,159436330.04,436,2769249.33,194821.21,2574428.11,129246.95,2703675.06,1421173.91,421056.75,267755.6,402485.56,2512471.82,668909.59,191203.25,-477706.34
009,2021-06,126,261,585655384.72,312312199.67,2437,154996122.87,231,2488944.56,1544746.78,944197.78,117109.83,1061307.62,513956.69,198370.24,90190.44,129560.15,932077.51,354099.86,129230.1,-224869.76
010,2021-06,113,228,335223831.38,313282644.59,1965,54909581.02,231,2796031.45,995332.8,1800698.65,102169.84,1902868.48,475045.56,206452.11,74593.8,110529.51,866620.99,2949236.95,1036247.5,-1912989.45
011,2021-06,130,230,233165443.18,241092189.1,2135,95950048.76,246,2267906.08,239265.73,2028640.36,106307.35,2134947.71,505996.55,229439.84,95925.9,178258.07,1009620.35,1922818.52,1125327.36,-797491.16
012,2021-06,99,214,275845739.14,281040258.91,1840,179406181.43,458,2473282.25,67727.86,2405554.4,106892.63,2512447.03,1211495.43,419748.07,203562.2,256512.82,2091318.53,2021643.54,421128.5,-1600515.03
013,2021-06,132,258,162928873.0,443233556.71,2740,130390567.52,668,3805421.86,57709.63,3747712.23,138288.68,3886000.91,2416746.39,832894.46,549494.29,507232.96,4306368.1,2995773.38,-420367.19,-3416140.57
014,2021-06,135,238,142941967.66,293984502.7,2269,93488051.39,322,2788840.09,49199.97,2739640.12,99215.48,2838855.61,505135.58,185211.68,90177.47,126964.88,907489.6,3051392.23,1931366.01,-1120026.22
015,2021-06,141,276,317934205.28,366191773.48,2413,115133684.26,445,3315259.69,459092.45,2856167.24,115122.93,2971290.18,1018245.12,537113.23,233126.2,298207.15,2086691.7,-214494.27,884598.47,1099092.75
016,2021-06,112,210,142087666.42,290860268.2,2339,89297302.19,242,2194177.6,43318.25,2150859.35,78040.34,2228899.69,514184.19,193880.32,91200.39,145053.81,944318.72,2782242.1,1284580.97,-1497661.13
017,2021-06,183,365,303783692.78,706150200.01,3605,444873940.2,1228,6611741.05,91432.07,6520308.99,422485.75,6942794.73,2497030.46,815148.67,746416.32,508719.77,4567315.22,2955728.97,2375479.51,-580249.46
018,2021-06,161,306,470168652.48,479570753.86,3130,303248863.95,433,4210095.4,502062.38,3708033.02,230183.38,3938216.4,485163.21,212104.3,116921.62,145279.43,959468.57,4386477.53,2978747.84,-1407729.7
019,2021-06,206,382,360452219.31,469665271.26,3443,150805385.51,1078,4288970.58,506746.69,3782223.89,357017.54,4139241.43,1034506.39,507296.69,345731.53,283091.64,2170626.24,444362.34,1968615.18,1524252.84
020,2021-06,131,235,167738615.2,351139408.0,2486,63426548.97,538,2909489.23,50009.12,2859480.11,184390.92,3043871.04,1316985.08,491129.61,272219.59,311579.68,2391913.96,599173.46,651957.08,52783.61
021,2021-06,88,176,228181999.52,258149161.78,1590,258001888.23,432,2262011.76,75524.68,2186487.08,99098.65,2285585.73,1374369.69,482163.16,214994.09,349577.22,2421104.15,899891.59,-135518.42,-1035410.01
022,2021-06,124,225,340479888.44,274035330.3,2118,114804106.5,457,2235268.06,190373.87,2044894.19,108828.05,2153722.24,1420095.66,463781.17,261449.49,396723.5,2542049.81,-820344.71,-388327.57,432017.14
023,2021-06,118,222,230341228.39,364712505.4,1897,44459790.94,650,3394910.57,85637.48,3309273.08,145335.55,3454608.63,1015558.21,433013.57,217560.65,327923.15,1994055.58,1809474.48,1460553.05,-348921.44
024,2021-06,101,177,271938333.76,174057772.52,1853,118012667.17,431,1580066.05,774746.15,805319.9,109856.23,915176.13,1284108.85,450107.46,207307.6,324787.61,2266311.52,1094763.44,-1351135.4,-2445898.83
025,2021-06,149,275,307956428.82,299818831.41,2504,180132390.28,728,2848650.98,239311.85,2609339.13,219877.77,2829216.9,528875.89,250863.13,136196.8,154386.46,1070322.28,4773194.17,1758894.62,-3014299.55
026,2021-06,141,247,337187707.27,407491266.34,2503,324056266.78,759,4371680.28,126534.99,4245145.29,177522.96,4422668.26,480487.16,255474.68,124502.27,125570.51,986034.61,-765361.63,3436633.64,4201995.27
027,2021-06,105,176,152139400.87,308890188.64,1762,154794922.97,464,2734619.83,104613.49,2630006.34,137108.44,2767114.78,1265950.92,405483.16,201047.28,301180.31,2173661.67,2304939.57,593453.11,-1711486.46
028,2021-06,83,144,174048367.96,253670334.83,1257,72447246.94,363,2107030.63,38549.22,2068481.41,80209.53,2148690.94,500310.17,221723.64,70204.28,137837.11,930075.19,-1736728.91,1218615.75,2955344.66
029,2021-06,63,115,162383115.86,176666724.32,977,23675129.5,378,1549041.79,59781.24,1489260.55,38321.53,1527582.08,1325436.9,449717.89,151646.35,289778.21,2216579.35,2634776.44,-688997.27,-3323773.71
030,2021-06,60,100,130122122.45,181532145.11,957,46976116.5,373,1379905.55,95104.22,1284801.33,60610.41,1345411.73,1396687.21,494763.35,163693.86,360267.84,2415412.26,1782447.65,-1070000.53,-2852448.18
031,2021-06,64,118,121395339.71,105740197.01,1118,53411086.23,333,945136.25,51335.04,893801.21,46457.37,940258.58,1280359.04,424487.3,144617.75,263654.62,2113118.71,939295.83,-1172860.13,-2112155.96
032,2021-06,55,100,54611957.61,187719860.07,866,16037687.22,436,1647463.91,43652.71,1603811.2,59854.82,1663666.02,1367786.73,432123.17,156075.89,349756.13,2305741.92,4288441.76,-642075.9,-4930517.66
033,2021-06,53,85,153481566.26,107514143.7,955,24239193.65,372,1083976.34,424714.47,659261.87,29253.65,688515.52,961319.34,359830.99,108594.99,224403.05,1654148.36,-2048347.95,-965632.85,1082715.1
034,2021-06,47,67,41886746.47,213939253.17,786,34337262.49,396,2024301.09,10354.31,2013946.77,39343.37,2053290.14,1317139.05,376421.11,130296.39,306154.43,2130010.98,1501541.49,-76720.83,-1578262.32
035,2021-06,30,54,114248386.21,121443694.43,469,94568767.57,325,1282170.11,27836.41,1254333.7,21785.53,1276119.24,1265306.92,436083.63,102831.7,313194.83,2117417.08,590024.76,-841297.84,-1431322.6
036,2021-06,24,42,23445083.56,53272169.3,426,7732214.58,149,502673.19,30596.29,472076.91,17248.34,489325.25,643728.72,262525.77,39437.64,173109.05,1118801.18,-497516.77,-629475.93,-131959.16
037,2021-06,57,97,50831250.38,79365704.59,880,43622234.39,708,819072.17,11754.36,807317.81,58974.33,866292.14,515804.67,232615.38,82659.49,155834.77,986914.31,895935.23,-120622.17,-1016557.4
001,2021-07,171,346,424088195.15,481701351.18,3150,81033449.97,673,3368713.73,145486.1,3223227.63,200843.36,3424070.99,2548629.24,712062.49,637864.23,736542.95,4635098.91,3080826.17,-1211027.92,-4291854.09
002,2021-07,152,286,219148390.76,249152682.61,2433,118645108.26,253,2351012.45,187167.4,2163845.05,128329.34,2292174.39,496412.32,205677.54,92743.4,116311.92,911145.17,1003086.96,1381029.22,377942.26
003,2021-07,150,273,206836869.88,312801301.89,2507,79227221.58,441,2838836.28,74764.13,2764072.15,140581.75,2904653.9,1336078.34,395504.71,255380.28,303927.5,2290890.83,3012171.55,613763.06,-2398408.48
004,2021-07,145,289,297941927.25,312541003.8,2777,200821054.3,239,2931100.33,247189.47,2683910.85,133808.89,2817719.74,512927.81,216189.81,104294.27,121534.43,954946.33,-375293.66,1862773.41,2238067.08
005,2021-07,161,306,212067850.93,414602487.84,2917,123870407.58,702,3693645.07,75876.95,3617768.12,160877.06,3778645.18,2409598.41,682892.56,549618.45,526213.14,4168322.56,912710.33,-389677.38,-1302387.72
006,2021-07,142,266,271914867.44,217333810.14,2596,157031024.33,230,2225967.15,144495.76,2081471.39,116932.43,2198403.82,541718.58,178056.54,95924.34,115591.56,931291.02,-1174835.74,1267112.8,2441948.55
007,2021-07,143,257,182087835.73,363157004.79,2370,86916273.7,226,2961928.49,268334.61,2693593.88,88373.76,2781967.64,483343.0,193749.17,84669.6,114463.17,876224.94,977668.58,1905742.7,928074.12
008,2021-07,137,261,291980482.05,304613009.88,2206,159205557.59,406,2568839.66,197544.19,2371295.47,129491.68,2500787.16,1431447.46,424100.53,265903.19,405395.1,2526846.28,1043431.16,-26059.12,-1069490.28
009,2021-07,125,262,612096586.72,309905227.02,2486,79697963.83,247,2405373.82,1555207.7,850166.13,94403.75,944569.88,517672.04,199804.24,92684.26,130496.73,940657.27,804973.26,3912.61,-801060.65
010,2021-07,115,231,340432549.18,310887549.04,2111,49966761.33,268,2699413.37,1000985.12,1698428.25,105448.78,1803877.03,478479.62,207944.54,79709.08,111328.52,877461.76,1151641.88,926415.28,-225226.61
011,2021-07,127,230,236917600.85,239528477.13,2048,66493189.34,243,2129270.09,240673.69,1888596.41,103494.29,1992090.69,509654.35,231098.44,94563.47,179546.68,1014862.95,1365260.62,977227.75,-388032.88
012,2021-07,105,212,294491127.51,288048983.17,1718,133029504.15,448,2490274.03,69842.97,2420431.06,107732.92,2528163.98,1220253.23,422782.4,198402.89,258367.13,2099805.65,1079425.83,428358.33,-651067.5
013,2021-07,136,260,173673780.62,463319870.79,2662,149602118.14,654,3825713.71,59332.75,3766380.96,133271.27,3899652.23,2434216.84,838915.39,545164.82,510899.7,4329196.76,2416554.98,-429544.53,-2846099.51
014,2021-07,142,237,158141963.18,291359556.18,2244,74726617.75,288,2829528.21,49018.96,2780509.25,96913.85,2877423.1,508787.16,186550.55,88624.58,127882.7,911844.99,-583542.07,1965578.11,2549120.18
015,2021-07,149,278,327568573.43,367649659.0,2511,152939677.47,485,2969658.75,459425.45,2510233.29,131654.9,2641888.2,1025605.93,540995.98,243742.95,300362.86,2110707.72,4772386.35,531180.48,-4241205.88
016,2021-07,109,210,144047279.71,287426873.72,2085,80547929.71,223,2112865.66,41770.0,2071095.66,70382.72,2141478.37,517901.19,195281.86,85622.2,146102.39,944907.64,683104.57,1196570.73,513466.16
017,2021-07,176,365,350468358.71,719118970.88,3616,259557298.86,1317,6575914.74,96817.99,6479096.74,430342.56,6909439.3,2515081.28,821041.31,771019.55,512397.26,4619539.41,2107346.25,2289899.89,182553.64
018,2021-07,162,310,432581435.67,500201317.11,3393,602487964.79,462,4253435.49,501559.14,3751876.35,270256.12,4022132.46,488670.42,213637.59,124129.87,146329.64,972767.51,3257901.43,3049364.95,-208536.48
019,2021-07,202,383,373392973.94,479297654.97,3409,160250427.81,1085,4130617.2,510433.9,3620183.29,357389.9,3977573.2,1041984.75,510963.9,347769.7,285138.08,2185856.43,3455533.91,1791716.77,-1663817.14
020,2021-07,136,237,182735302.16,365242716.77,2376,74068273.81,630,2894066.55,52055.69,2842010.86,185054.24,3027065.11,1326505.46,494679.94,281055.78,313832.06,2416073.25,2056509.38,610991.86,-1445517.52
021,2021-07,87,176,238368980.38,271174441.22,1687,170499648.39,402,2254008.1,76896.81,2177111.29,96584.08,2273695.37,1384304.89,485648.68,217456.59,352104.28,2439514.44,2443938.37,-165819.07,-2609757.44
022,2021-07,121,226,364661264.22,272543501.39,2239,132917922.83,439,2317153.91,193939.85,2123214.06,115000.06,2238214.13,1430361.41,467133.8,267487.49,399591.39,2564574.08,-1783616.45,-326359.96,1457256.5
023,2021-07,121,225,227804531.01,366731052.09,1996,63236038.67,628,3090205.12,86097.88,3004107.24,147045.08,3151152.31,1022899.59,436143.79,220982.59,330293.68,2010319.65,4496417.66,1140832.66,-3355585.0
024,2021-07,100,178,285378997.25,175456303.09,1657,122050076.02,440,1544328.13,780144.23,764183.9,102073.13,866257.03,1293391.57,453361.24,200751.14,327135.48,2274639.43,1078871.49,-1408382.4,-2487253.89
025,2021-07,155,279,299777742.66,296014728.68,2670,122448045.21,744,2625184.41,240149.48,2385034.92,215496.98,2600531.9,532699.09,252676.6,141733.78,155502.5,1082611.98,2456629.35,1517919.92,-938709.43
026,2021-07,146,246,343479609.45,432465069.79,2431,198937131.43,721,4512830.22,128648.45,4384181.77,170838.13,4555019.9,483960.56,257321.48,122076.39,126478.24,989836.68,1549280.03,3565183.22,2015903.19
027,2021-07,104,174,165564050.66,310326184.95,1943,157905339.27,436,2822678.38,106835.55,2715842.83,130159.46,2846002.29,1275102.38,408414.36,207022.4,303357.52,2193896.66,-1064484.38,652105.64,1716590.02
028,2021-07,81,142,180448443.24,252983092.67,1230,51758254.04,357,2028260.9,39373.06,1988887.84,77141.03,2066028.87,503926.87,223326.46,69631.14,138833.52,935717.99,1143426.67,1130310.89,-13115.78
029,2021-07,59,116,168231470.29,174486050.47,969,51268339.87,385,1486670.71,60598.65,1426072.06,42503.29,1468575.35,1335018.37,452968.87,153670.5,291872.99,2233530.73,287201.95,-764955.38,-1052157.33
030,2021-07,63,99,131037335.12,179887381.46,1072,21578349.28,383,1354533.43,96027.37,1258506.06,58268.0,1316774.06,1406783.75,498339.95,172901.98,362872.19,2440897.87,-320497.13,-1124123.8,-803626.67
031,2021-07,68,123,129942887.89,104223808.16,1363,67620111.49,379,978840.76,53851.29,924989.47,50066.97,975056.44,1289614.65,427555.88,164265.28,265560.56,2146996.37,-852942.56,-1171939.93,-318997.36
032,2021-07,62,105,59119462.59,186707929.07,1002,34222367.76,396,1470299.9,44373.56,1425926.34,64929.51,1490855.85,1377674.35,435246.95,159309.83,352284.49,2324515.61,2587191.01,-833659.76,-3420850.76
033,2021-07,55,90,134882988.79,95646992.9,909,59044968.61,335,835091.88,337502.02,497589.86,23970.37,521560.23,968268.63,362432.18,104203.39,226025.24,1660929.44,1609963.93,-1139369.21,-2749333.13
034,2021-07,46,68,45223385.49,221896642.41,653,24055433.48,359,2078464.84,10787.01,2067677.82,39466.42,2107144.25,1326660.53,379142.23,119753.16,308367.59,2133923.51,734640.5,-26779.27,-761419.77
035,2021-07,32,56,111248163.05,120999008.83,518,91198908.65,343,1203936.95,27603.19,1176333.76,20730.04,1197063.8,1274453.71,439236.04,109104.19,315458.89,2138252.83,1072238.34,-941189.04,-2013427.38
036,2021-07,26,44,24587924.9,54055812.75,419,7837236.63,175,459911.73,30842.6,429069.13,16574.29,445643.42,648382.18,264423.55,42016.35,174360.44,1129182.51,963292.22,-683539.09,-1646831.32
037,2021-07,62,104,51662839.14,80866794.61,1048,53127943.96,743,774939.12,11983.46,762955.65,60154.03,823109.68,519533.38,234296.93,89281.67,156961.29,1000073.27,873932.88,-176963.59,-1050896.48
001,2021-08,176,345,437261615.22,478626589.22,3209,101164814.76,694,3191475.63,147445.47,3044030.16,199657.83,3243687.98,2566920.84,717172.99,651803.46,741829.14,4677726.43,2133759.2,-1434038.44,-3567797.64
002,2021-08,148,285,217108839.84,246413193.96,2263,67280933.09,260,2205814.69,188197.67,2017617.02,124289.84,2141906.86,499975.09,207153.69,90483.91,117146.69,914759.38,1524888.05,1227147.48,-297740.57
003,2021-08,141,275,233422939.25,317406258.13,2604,187898109.31,395,2714150.02,101727.23,2612422.79,146677.47,2759100.25,1345667.42,398343.26,256352.19,306108.8,2306471.67,1427744.05,452628.58,-975115.47
004,2021-08,142,290,270822018.02,313414711.5,2861,659550095.48,254,2825688.21,245124.28,2580563.93,156253.57,2736817.5,516609.12,217741.42,107540.81,122406.69,964298.02,1174224.83,1772519.47,598294.64
005,2021-08,161,310,209042842.95,402669876.73,2703,99996007.54,657,3461922.54,75405.11,3386517.43,158313.94,3544831.37,2426892.18,687793.7,528397.5,529989.79,4173073.17,1164418.9,-628241.8,-1792660.7
006,2021-08,142,267,269967689.83,216454587.41,2501,137051536.56,249,2095022.66,144280.3,1950742.36,107824.26,2058566.62,545606.51,179334.46,95798.43,116421.17,937160.56,1636544.11,1121406.06,-515138.05
007,2021-08,137,256,215371274.24,369579388.48,2426,175902849.73,217,2953462.64,274025.62,2679437.02,91735.48,2771172.5,486811.97,195139.71,85853.72,115284.68,883090.08,1362012.3,1888082.42,526070.12
008,2021-08,135,262,311835476.6,305537226.22,2243,154908265.89,464,2464153.18,200530.64,2263622.54,132608.7,2396231.24,1441721.0,427144.31,278116.16,408304.63,2555286.11,735198.03,-159054.87,-894252.9
009,2021-08,129,265,604785153.94,314187674.57,2399,207688922.91,235,2353211.21,1560068.86,793142.35,115340.99,908483.34,521387.39,201238.24,91292.81,131433.31,945351.75,1499841.77,-36868.41,-1536710.18
010,2021-08,114,230,352164045.73,320635369.24,2228,60369246.81,260,2869627.77,1008011.0,1861616.78,105801.18,1967417.95,481913.68,209436.96,82001.53,112127.53,885479.71,-617097.48,1081938.25,1699035.73
011,2021-08,124,227,238050689.74,232684196.95,2250,120052368.58,244,1913608.32,241374.69,1672233.63,104802.78,1777036.41,513312.16,232757.04,99548.83,180835.3,1026453.32,1618755.04,750583.09,-868171.94
012,2021-08,105,213,288380885.13,313269412.64,1720,170036246.35,441,2663279.29,69624.1,2593655.19,106745.44,2700400.63,1229011.03,425816.72,199207.05,260221.44,2114256.24,1518035.89,586144.38,-931891.51
013,2021-08,139,263,185929093.99,456282792.77,2467,108198904.46,716,3665870.9,61119.65,3604751.25,131821.73,3736572.99,2451687.3,844936.31,547971.9,514566.45,4359161.95,1669812.76,-622588.97,-2292401.72
014,2021-08,141,240,165779394.87,327498681.04,2446,86248531.63,313,3238370.28,50409.54,3187960.74,99881.13,3287841.87,512438.74,187889.43,94487.75,128800.52,923616.44,911510.97,2364225.43,1452714.46
015,2021-08,155,280,342782321.08,384950698.73,2555,187207263.74,455,3466190.12,461687.44,3004502.68,127142.72,3131645.4,1032966.74,544878.72,244224.61,302518.58,2124588.65,-3388391.24,1007056.75,4395447.99
016,2021-08,113,208,156745842.52,285708978.18,2286,102293193.97,228,2079095.49,41611.36,2037484.13,77196.27,2114680.4,521618.18,196683.4,90399.29,147150.97,955851.85,447983.19,1158828.55,710845.35
017,2021-08,185,367,332472056.44,715380197.28,3374,200792789.61,1263,6369837.59,95593.25,6274244.33,419103.98,6693348.31,2533132.11,826933.95,748103.2,516074.76,4624244.01,2882416.03,2069104.3,-813311.73
018,2021-08,160,309,393871389.58,518851524.73,3323,340166552.91,455,4144900.76,500568.76,3644332.0,249003.85,3893335.85,492177.62,215170.87,123481.07,147379.85,978209.42,4801896.43,2915126.44,-1886769.99
019,2021-08,205,386,385033148.89,509740591.59,3547,173390061.41,1063,4749903.03,514082.82,4235820.21,363881.29,4599701.5,1049463.11,514631.1,353555.45,287184.53,2204834.18,-2640641.06,2394867.31,5035508.38
020,2021-08,135,241,193524218.84,393880336.52,2543,94810008.61,550,3225813.0,53628.35,3172184.64,194103.26,3366287.9,1336025.83,498230.28,281464.8,316084.45,2431805.36,824955.88,934482.54,109526.66
021,2021-08,89,178,231881396.53,274282313.83,1743,276752062.06,412,2207984.35,76083.7,2131900.65,109588.22,2241488.87,1394240.09,489134.19,223820.02,354631.35,2461825.66,1395834.54,-220336.78,-1616171.32
022,2021-08,123,226,375590463.24,268383978.51,2386,161354148.06,443,2370026.87,196048.22,2173978.65,114655.01,2288633.66,1440627.16,470486.44,277666.85,402459.27,2591239.71,-922417.12,-302606.06,619811.06
023,2021-08,124,225,215512809.31,374788796.37,2173,87486042.77,596,2762908.56,68246.3,2694662.26,154860.54,2849522.8,1030240.98,439274.01,226459.27,332664.21,2028638.46,5100518.27,820884.34,-4279633.93
024,2021-08,107,180,291649609.67,184467441.58,2073,182515550.61,444,1594972.12,785200.62,809771.5,112305.12,922076.61,1302674.28,456615.03,222695.0,329483.34,2311467.66,-8751.29,-1389391.04,-1380639.75
025,2021-08,161,280,299409120.71,301792520.27,2691,164978051.69,828,2500117.55,242684.34,2257433.21,214959.2,2472392.41,536522.29,254490.07,148007.35,156618.55,1095638.26,2679238.93,1376754.15,-1302484.78
026,2021-08,146,250,320255332.94,434549705.18,2921,320940909.94,778,4468758.88,126980.27,4341778.61,195520.03,4537298.64,487433.96,259168.29,135398.57,127385.98,1009386.8,936077.57,3527911.84,2591834.27
027,2021-08,105,176,170022039.08,316092506.09,1864,119666039.48,512,2829409.51,108178.31,2721231.2,126975.33,2848206.52,1284253.83,411345.57,214416.33,305534.72,2215550.45,1215075.68,632656.07,-582419.61
028,2021-08,75,141,183425112.63,260354609.76,1319,71216830.49,374,2122255.77,40123.84,2082131.93,77874.04,2160005.97,507543.57,224929.28,73043.51,139829.93,945346.3,-146332.95,1214659.68,1360992.63
029,2021-08,65,120,174307365.54,193510608.39,1010,39515342.8,406,1632535.64,61647.61,1570888.03,37974.13,1608862.16,1344599.84,456219.84,160290.99,293967.77,2255078.44,1549859.62,-646216.28,-2196075.9
030,2021-08,64,101,130469150.71,177686612.73,1029,43329038.23,367,1382986.42,96086.17,1286900.26,63198.09,1350098.35,1416880.28,501916.55,169423.64,365476.54,2453697.01,-705029.87,-1103598.66,-398568.79
031,2021-08,71,129,136131557.97,107656207.47,1385,53464049.54,385,991665.97,55760.39,935905.58,56133.53,992039.11,1298870.25,430624.47,168201.56,267466.49,2165162.77,409085.53,-1173123.66,-1582209.18
032,2021-08,62,107,65035639.64,187252946.69,944,35202782.01,418,1872317.74,45272.32,1827045.42,64308.06,1891353.48,1387561.96,438370.73,161133.53,354812.84,2341879.07,-4901787.41,-450525.58,4451261.83
033,2021-08,57,92,114110707.78,99143491.63,1007,31536261.49,379,792277.5,249727.11,542550.4,32024.36,574574.76,975217.93,365033.37,113749.33,227647.43,1681648.06,1293667.38,-1107073.3,-2400740.68
034,2021-08,47,70,42836321.65,218535814.87,855,53008102.93,362,1837319.74,10705.14,1826614.6,49991.11,1876605.71,1336182.02,381863.35,131724.64,310580.76,2160350.76,3118043.46,-283745.05,-3401788.51
035,2021-08,29,53,114149156.62,129744219.61,487,49065867.35,343,1196130.18,27963.78,1168166.4,16381.6,1184548.0,1283600.51,442388.45,107786.96,317722.95,2151498.87,1405604.8,-966950.88,-2372555.67
036,2021-08,28,47,24685754.92,54906439.9,445,8355862.74,178,468764.58,30948.59,437815.99,18673.35,456489.34,653035.64,266321.32,43691.56,175611.83,1138660.35,-36039.06,-682171.01,-646131.95
037,2021-08,63,107,58893718.22,84618634.37,1007,72598455.1,675,893553.27,12937.84,880615.43,66575.4,947190.84,523262.09,235978.49,85355.57,158087.81,1002683.96,-694347.57,-55493.12,638854.45
001,2021-09,176,345,449524354.83,493141460.35,3178,93899286.14,731,3460595.71,149394.67,3311201.05,201723.34,3512924.39,2585212.43,722283.48,662763.5,747115.33,4717374.75,-194631.4,-1204450.36,-1009818.97
002,2021-09,152,286,208845788.12,247933588.57,2190,78135352.62,205,2083647.74,186169.02,1897478.72,130818.52,2028297.24,503537.86,208629.84,87019.85,117981.47,917169.02,2839911.94,1111128.22,-1728783.72
003,2021-09,145,276,275574837.18,314252793.06,2698,120910630.63,402,2377005.47,131053.62,2245951.85,145618.05,2391569.91,1355256.5,401181.81,263411.66,308290.09,2328140.07,4011644.09,63429.84,-3948214.25
004,2021-09,148,295,252271801.17,311372564.95,2764,189013356.38,268,2487357.76,243618.81,2243738.95,126174.34,2369913.29,520290.42,219293.02,107383.91,123278.94,970246.29,3224732.31,1399667.0,-1825065.31
005,2021-09,167,312,232682679.75,406717300.04,3098,142678346.16,742,3468674.1,78825.39,3389848.7,155234.64,3545083.34,2444185.95,692694.85,580317.17,533766.44,4250964.4,739326.43,-705881.06,-1445207.49
006,2021-09,142,268,270635250.19,217123501.63,2632,158862985.61,211,2045162.9,144368.19,1900794.71,112924.95,2013719.66,549494.44,180612.37,97021.11,117250.77,944378.7,744510.85,1069340.96,324830.11
007,2021-09,142,257,243079977.67,372515038.27,2549,97607372.14,245,2851467.36,278551.27,2572916.09,91581.32,2664497.4,490280.94,196530.26,90104.4,116106.19,893021.77,1882919.56,1771475.63,-111443.92
008,2021-09,136,260,314989760.44,307795019.77,2253,131630406.06,396,2394545.05,201379.86,2193165.2,137591.88,2330757.08,1451994.55,430188.1,271066.84,411214.16,2564463.65,1304142.52,-233706.58,-1537849.1
009,2021-09,123,261,556664120.7,313667457.83,2243,226106558.76,253,2413761.66,1526735.78,887025.88,109090.85,996116.73,525102.74,202672.24,89708.23,132369.89,949853.1,-1686302.19,46263.63,1732565.82
010,2021-09,111,231,362667246.98,319291103.93,2334,52816903.09,255,2658514.37,1014327.15,1644187.22,110322.48,1754509.7,485347.75,210929.39,84274.49,112926.54,893478.16,2893375.13,861031.54,-2032343.59
011,2021-09,122,227,236577058.92,232684572.88,1937,79545461.28,259,1726047.36,241524.6,1484522.77,102491.06,1587013.82,516969.97,234415.64,94194.05,182123.91,1027703.57,2161978.58,559310.26,-1602668.33
012,2021-09,109,216,283255170.47,316280576.45,1773,94796746.04,401,2539960.8,69574.96,2470385.83,108109.61,2578495.45,1237768.83,428851.04,198689.01,262075.75,2127384.63,2369372.49,451110.82,-1918261.67
013,2021-09,146,268,216812905.21,458487339.69,2602,155803032.54,738,3568702.18,65146.26,3503555.92,132309.06,3635864.98,2469157.76,850957.23,568946.98,518233.19,4407295.16,1825978.86,-771430.19,-2597409.05
014,2021-09,135,240,176689004.54,334335697.25,2332,76003280.22,271,3223712.42,52742.41,3170970.01,101551.68,3272521.69,516090.32,189228.31,90901.03,129718.33,925938.0,1265422.34,2346583.69,1081161.35
015,2021-09,149,278,347582928.69,393390968.03,2514,205963335.62,491,3417056.99,465699.27,2951357.72,144570.75,3095928.47,1040327.55,548761.47,248237.01,304674.29,2142000.31,1899906.26,953928.15,-945978.11
016,2021-09,110,207,166992854.96,280743225.15,2213,117258050.81,214,1990289.45,42621.66,1947667.78,82201.39,2029869.18,525335.18,198084.95,88754.84,148199.56,960374.52,667564.29,1069494.66,401930.37
017,2021-09,179,368,338547263.7,722957251.76,3853,453249098.82,1286,6269872.65,96949.06,6172923.59,443073.25,6615996.83,2551182.93,832826.59,794192.39,519752.25,4697954.16,3047533.69,1918042.67,-1129491.02
018,2021-09,167,308,397883592.29,490310300.55,3219,316630414.65,469,3839288.65,503150.92,3336137.73,236676.11,3572813.85,495684.82,216704.16,123085.72,148430.07,983904.76,-477663.09,2588909.08,3066572.17
019,2021-09,205,386,386912605.85,496192332.82,3435,141544016.71,1084,4314276.8,516894.84,3797381.97,364268.16,4161650.13,1056941.47,518298.31,353996.34,289230.97,2218467.09,3055659.79,1943183.04,-1112476.76
020,2021-09,135,241,208556802.25,399591332.24,2399,88981735.98,607,2929665.47,57624.65,2872040.82,189994.06,3062034.88,1345546.21,501780.61,283950.6,318336.83,2449614.25,4185173.06,612420.64,-3572752.42
021,2021-09,85,178,227645370.39,291091788.39,1540,124530280.39,389,2583673.17,75640.66,2508032.51,86345.99,2594378.5,1404175.3,492619.71,211304.1,357158.41,2465257.51,-1167859.9,129120.98,1296980.88
022,2021-09,119,226,377821917.65,266802541.98,2156,128176535.4,462,2280510.69,197014.55,2083496.14,114181.82,2197677.96,1450892.91,473839.07,269756.28,405327.15,2599815.41,923402.7,-402137.45,-1325540.16
023,2021-09,127,224,228936119.91,371651411.62,1977,90022786.82,584,2782484.3,53489.2,2728995.1,151773.07,2880768.16,1037582.36,442404.23,218712.14,335034.74,2033733.46,-451869.31,847034.7,1298904.01
024,2021-09,109,179,286470962.43,187778960.77,1798,130658478.94,457,1699973.94,788660.85,911313.09,100982.23,1012295.33,1311957.0,459868.82,212929.06,331831.2,2316586.08,-755224.77,-1304290.76,-549065.98
025,2021-09,165,283,314768965.98,301753044.43,2820,132337581.47,741,2343615.46,246271.36,2097344.1,210757.65,2308101.75,540345.49,256303.54,147035.62,157734.6,1101419.25,2142328.94,1206682.5,-935646.45
026,2021-09,146,254,311220843.71,436525549.87,2644,336531199.52,762,3693264.32,127424.67,3565839.64,183740.46,3749580.1,490907.36,261015.09,130541.09,128293.72,1010757.27,9699596.58,2738822.84,-6960773.74
027,2021-09,108,178,180006495.36,317989855.89,1906,119173535.23,507,2691527.38,109321.0,2582206.38,121125.53,2703331.91,1293405.28,414276.77,217480.95,307711.93,2232874.94,1453986.11,470456.98,-983529.14
028,2021-09,72,141,173104603.9,250223945.22,1274,36484146.44,339,2114273.12,39024.39,2075248.72,75331.64,2150580.37,511160.27,226532.1,70537.24,140826.34,949055.96,-1280049.68,1201524.41,2481574.09
029,2021-09,65,121,180683954.85,197214076.25,1031,22294648.66,361,1629636.54,62880.86,1566755.68,37547.68,1604303.36,1354181.31,459470.81,156341.48,296062.56,2266056.16,908234.28,-661752.8,-1569987.08
030,2021-09,66,103,134356142.85,193311799.89,1020,53341817.63,374,1553710.0,96273.78,1457436.22,60776.77,1518212.99,1426976.82,505493.15,171598.26,368080.88,2472149.11,313394.83,-953936.12,-1267330.95
031,2021-09,72,131,137191848.42,114856890.67,1375,63587138.18,366,1075020.75,55507.64,1019513.11,50830.93,1070344.04,1308125.86,433693.05,166820.75,269372.43,2178012.09,154467.51,-1107668.05,-1262135.56
032,2021-09,65,110,64196696.45,185563634.12,1024,32202241.4,390,1773958.27,45407.58,1728550.69,65447.28,1793997.97,1397449.58,441494.51,162860.86,357341.2,2359146.15,1119144.83,-565148.18,-1684293.02
033,2021-09,54,92,112386998.94,102869691.63,1081,28342913.26,373,791142.9,250541.9,540600.99,28576.54,569177.53,982167.22,367634.56,116779.36,229269.62,1695850.76,799270.04,-1126673.23,-1925943.27
034,2021-09,47,71,39225788.38,217824470.82,742,38759834.63,384,1743388.86,10473.93,1732914.93,45017.25,1777932.18,1345703.51,384584.46,129926.26,312793.92,2173008.15,1432140.91,-395075.97,-1827216.89
035,2021-09,34,57,115942006.2,137350720.98,518,147032405.06,334,1350602.02,28701.26,1321900.76,30835.42,1352736.18,1292747.31,445540.86,109575.55,319987.01,2167850.73,-1205717.26,-815114.55,390602.71
036,2021-09,26,49,24039823.26,60453155.0,430,7299691.86,178,520757.41,30915.89,489841.51,16965.33,506806.84,657689.1,268219.1,43782.88,176863.22,1146554.3,88163.15,-639747.46,-727910.62
037,2021-09,65,112,71756237.34,89340173.21,970,51198360.4,702,904393.93,15029.45,889364.49,55946.16,945310.64,526990.8,237660.05,87076.25,159214.32,1010941.42,716353.0,-65630.77,-781983.78
001,2021-10,178,344,462894115.04,486681966.86,3288,88727943.03,760,3335841.91,152060.85,3183781.07,203844.11,3387625.18,2603504.03,727393.98,683526.34,752401.53,4766825.88,1124589.4,-1379200.7,-2503790.1
002,2021-10,156,287,224507546.1,247599104.73,2554,114563030.56,262,1970332.77,186743.47,1783589.29,130451.27,1914040.57,507100.63,210106.0,97606.42,118816.24,933629.29,1216644.34,980411.28,-236233.06
003,2021-10,150,276,279975635.7,310371414.8,2914,117764848.2,446,2605481.45,131994.23,2473487.22,153430.72,2626917.94,1364845.58,404020.36,280287.4,310471.39,2359624.73,-490801.9,267293.21,758095.11
004,2021-10,156,299,278997607.84,301886479.51,2966,345332771.27,237,2342647.57,248082.92,2094564.66,130870.86,2225435.52,523971.72,220844.62,110729.06,124151.2,979696.6,876513.64,1245738.92,369225.28
005,2021-10,169,314,257661723.63,406959683.73,2997,114288623.77,693,3361520.47,82470.17,3279050.31,157665.2,3436715.51,2461479.71,697595.99,567236.9,537543.09,4263855.69,1850576.89,-827140.18,-2677717.07
006,2021-10,145,267,275050714.39,213857175.26,2677,148067169.86,248,2034396.89,145479.89,1888917.0,112826.15,2001743.14,553382.37,181890.29,100412.79,118080.38,953765.84,-228098.46,1047977.31,1276075.77
007,2021-10,136,256,249842319.95,370296473.65,2681,102083126.9,247,2703932.74,280601.79,2423330.95,98962.96,2522293.91,493749.91,197920.8,93202.49,116927.69,901800.89,2078229.11,1620493.02,-457736.09
008,2021-10,137,256,317861761.2,326664742.87,2186,174062684.7,413,2503345.29,201736.29,2301609.0,136858.49,2438467.49,1462268.1,433231.88,271420.29,414123.7,2581043.97,38998.34,-142576.48,-181574.82
009,2021-10,121,264,521825940.08,307957750.71,2652,105063158.91,242,2111873.86,1495739.54,616134.33,109905.92,726040.25,528818.08,204106.25,97780.25,133306.47,964011.05,2744924.66,-237970.8,-2982895.46
010,2021-10,115,230,368770070.44,322597480.2,2043,54233014.51,248,2548044.42,1019748.67,1528295.75,104745.62,1633041.38,488781.81,212421.81,79137.44,113725.55,894066.62,2170117.68,738974.76,-1431142.92
011,2021-10,120,227,239269053.48,230398139.79,2275,79044760.89,245,1662867.68,240760.2,1422107.47,104423.26,1526530.73,520627.77,236074.24,101584.01,183412.52,1041698.55,846778.25,484832.19,-361946.07
012,2021-10,108,221,307159572.68,314619402.33,1812,199196612.68,393,2584083.88,71358.03,2512725.85,112399.44,2625125.29,1246526.63,431885.37,201448.48,263930.06,2143790.54,-1162954.15,481334.75,1644288.91
013,2021-10,144,269,248162038.85,469519684.08,2768,162599237.67,748,3585078.65,69740.85,3515337.81,146825.16,3662162.97,2486628.21,856978.16,589663.51,521899.93,4455169.81,1249833.85,-793006.84,-2042840.69
014,2021-10,130,243,179255588.05,335054442.88,2265,65789607.08,300,3078991.81,53869.24,3025122.57,96079.87,3121202.44,519741.91,190567.19,91914.28,130636.15,932859.53,2072148.1,2188342.91,116194.82
015,2021-10,149,279,345237895.17,392827733.24,2604,148301108.9,505,3226133.01,467902.82,2758230.19,121091.69,2879321.88,1047688.36,552644.21,255567.92,306830.0,2162730.5,2410651.88,716591.38,-1694060.5
016,2021-10,113,207,176221128.18,277555830.23,2299,110932670.03,235,1819937.69,43363.15,1776574.53,77242.65,1853817.18,529052.17,199486.49,92257.3,149248.14,970044.1,2167032.45,883773.08,-1283259.37
017,2021-10,187,371,337489514.47,716913575.37,3643,248962119.67,1273,6336118.94,98110.29,6238008.66,438935.48,6676944.14,2569233.75,838719.23,782129.94,523429.74,4713512.66,-2689605.36,1963431.48,4653036.84
018,2021-10,173,310,407715312.99,491568629.39,3443,630545036.31,470,3780626.96,506728.5,3273898.46,274163.99,3548062.45,499192.03,218237.44,128078.19,149480.28,994987.93,1507585.91,2553074.52,1045488.61
019,2021-10,198,389,401992747.05,520313154.57,3331,170117307.53,1094,4465951.63,521923.36,3944028.26,364130.95,4308159.21,1064419.83,521965.51,354276.02,291277.42,2231938.78,1743709.04,2076220.43,332511.38
020,2021-10,128,242,218643842.38,409940655.79,2475,65978180.1,590,2916075.75,61125.26,2854950.49,196347.76,3051298.25,1355066.58,505330.94,287585.44,320589.21,2468572.17,1638400.5,582726.07,-1055674.43
021,2021-10,84,181,253323463.72,264833040.93,1610,203355745.79,410,2500695.95,78571.71,2422124.24,100760.66,2522884.9,1414110.5,496105.23,220046.4,359685.47,2489947.6,-2567589.97,32937.3,2600527.27
022,2021-10,122,232,399554727.9,261967206.3,2267,131143988.31,437,2193760.55,200210.03,1993550.52,114226.4,2107776.91,1461158.66,477191.71,274905.2,408195.03,2621450.6,545985.82,-513673.68,-1059659.51
023,2021-10,131,228,254112103.44,384543459.96,2051,46833650.76,689,2749618.25,57202.31,2692415.94,152306.34,2844722.28,1044923.75,445534.44,235471.33,337405.27,2063334.79,2090105.13,781387.5,-1308717.64
024,2021-10,113,183,288800661.59,191008073.64,1743,66794768.18,441,1582773.98,792333.25,790440.73,100936.93,891377.66,1321239.71,463122.61,210291.55,334179.06,2328832.93,2185411.46,-1437455.27,-3622866.73
025,2021-10,159,283,319848666.24,306039638.38,2546,129868249.56,784,2205083.67,239191.65,1965892.02,207466.81,2173358.84,544168.69,258117.0,144864.15,158850.64,1106000.49,2612038.3,1067358.34,-1544679.95
026,2021-10,150,257,300170687.4,511284585.56,2667,394863834.48,757,3510472.57,127242.41,3383230.16,205679.92,3588910.08,494380.76,262861.9,131916.06,129201.46,1018360.18,15490537.33,2570549.9,-12919987.43
027,2021-10,108,178,181803868.26,315357296.31,1937,187202946.01,458,2409985.41,109531.52,2300453.89,144989.03,2445442.92,1302556.73,417207.97,214364.49,309889.14,2244018.33,3492431.21,201424.59,-3291006.62
028,2021-10,71,142,177214461.74,254100045.89,1360,57977004.09,403,1956255.39,40285.27,1915970.12,80439.36,1996409.48,514776.97,228134.92,76578.44,141822.76,961313.09,2577419.5,1035096.39,-1542323.11
029,2021-10,65,125,179171005.87,195774329.49,1008,29071988.6,348,1611331.35,62727.66,1548603.69,37835.18,1586438.87,1363762.78,462721.79,154871.54,298157.34,2279513.45,127897.89,-693074.58,-820972.47
030,2021-10,70,108,142430714.49,199940580.45,1110,39459667.79,364,1616391.26,101792.9,1514598.36,60123.18,1574721.54,1437073.35,509069.76,177750.42,370685.23,2494578.75,379780.15,-919857.21,-1299637.37
031,2021-10,71,131,137908487.82,113731474.58,1248,48881247.41,357,1087702.92,55374.3,1032328.62,52740.81,1085069.43,1317381.47,436761.63,160548.22,271278.37,2185969.69,-699473.56,-1100900.26,-401426.69
032,2021-10,63,112,61892521.62,199625568.02,1129,33483006.84,410,1636336.57,45340.52,1590996.04,68851.85,1659847.89,1407337.19,444618.3,173089.94,359869.56,2384914.98,4169472.12,-725067.09,-4894539.22
033,2021-10,53,94,115489744.13,102760668.25,952,31694151.65,346,818033.78,251770.84,566262.94,26300.65,592563.59,989116.52,370235.74,109753.38,230891.81,1699997.45,-213307.88,-1107433.86,-894125.98
034,2021-10,52,77,37501028.63,200768066.7,687,37016110.55,369,1517442.16,11682.4,1505759.76,39568.18,1545327.94,1355225.0,387305.58,126820.63,315007.09,2184358.3,1482255.83,-639030.36,-2121286.19
035,2021-10,37,59,126976418.63,144787104.75,500,38815957.16,361,1345124.38,30106.98,1315017.4,15927.75,1330945.15,1301894.1,448693.28,114039.45,322251.07,2186877.9,1446453.31,-855932.75,-2302386.06
036,2021-10,27,51,25008950.56,63147423.41,490,7746031.78,181,497142.17,31163.07,465979.1,18063.37,484042.47,662342.56,270116.88,46599.57,178114.61,1157173.62,624707.94,-673131.15,-1297839.09
037,2021-10,69,117,89148559.56,94681909.53,1133,77816928.01,732,947305.62,17683.33,929622.29,68858.95,998481.24,530719.51,239341.6,93321.72,160340.84,1023723.67,529369.04,-25242.43,-554611.47
001,2021-11,177,345,477189819.95,469273641.76,3173,87772805.94,679,3114871.08,154777.47,2960093.61,208650.4,3168744.01,2621795.63,732504.48,660071.87,757687.72,4772059.7,496208.05,-1603315.69,-2099523.74
002,2021-11,154,288,242551355.32,238546761.86,2493,105487204.34,282,1892048.4,189907.55,1702140.85,131865.98,1834006.83,510663.39,211582.15,98182.97,119651.02,940079.53,-49864.46,893927.3,943791.76
003,2021-11,153,278,281408424.87,308038044.8,2622,105733365.34,428,2461336.3,132453.87,2328882.43,149734.67,2478617.1,1374434.66,406858.91,266986.99,312652.69,2360933.26,1312619.66,117683.85,-1194935.81
004,2021-11,158,298,323113642.94,302980390.19,2780,172631742.9,252,2342818.84,254528.06,2088290.78,116543.7,2204834.48,527653.02,222396.22,108550.67,125023.46,983623.36,201329.02,1221211.12,1019882.1
005,2021-11,171,316,262579791.04,405453695.99,2824,134121321.66,671,3121862.7,84374.81,3037487.89,160979.76,3198467.65,2478773.48,702497.13,553418.65,541319.74,4276009.0,3410942.3,-1077541.35,-4488483.65
006,2021-11,141,267,294606365.33,212621632.39,2880,199701134.68,272,1923182.91,147274.51,1775908.41,113722.69,1889631.09,557270.31,183168.21,106336.37,118909.98,965684.87,1052438.75,923946.23,-128492.52
007,2021-11,138,255,246103215.33,369788047.44,2351,91326101.34,244,2837923.19,281024.14,2556899.05,93296.42,2650195.47,497218.87,199311.34,87549.08,117749.2,901828.5,-1922374.56,1748366.97,3670741.53
008,2021-11,132,258,323501064.68,321656176.19,2298,86160310.91,426,2786041.6,202418.86,2583622.75,132208.35,2715831.1,1472541.64,436275.67,281264.03,417033.23,2607114.57,-4091162.9,108716.53,4199879.43
009,2021-11,118,266,522960368.37,316538005.66,2578,116846645.3,267,2020359.87,1502244.77,518115.09,108389.34,626504.43,532533.43,205540.25,98390.01,134243.05,970706.74,2425699.28,-344202.31,-2769901.59
010,2021-11,119,231,381633836.66,320019177.54,2334,80037054.11,213,2561879.27,1026202.19,1535677.08,112013.03,1647690.1,492215.88,213914.24,83416.33,114524.56,904071.0,-591028.63,743619.1,1334647.73
011,2021-11,117,224,249210124.85,240018966.76,2091,77788880.68,220,1719780.67,240083.82,1479696.85,107385.88,1587082.73,524285.58,237732.84,96481.15,184701.13,1043200.7,1555131.5,543882.03,-1011249.47
012,2021-11,107,219,309752420.6,335344432.23,1955,142041186.13,422,2683268.29,71525.15,2611743.14,117718.12,2729461.25,1255284.42,434919.69,212802.29,265784.37,2168790.77,2424952.79,560670.49,-1864282.31
013,2021-11,139,267,248118029.04,476057570.24,2855,176705157.5,704,3587541.43,70526.02,3517015.41,150129.9,3667145.31,2504098.67,862999.08,590949.65,525566.68,4483614.08,1098275.12,-816468.77,-1914743.89
014,2021-11,131,245,188105483.97,347903850.83,2369,79976957.0,283,3272541.62,54953.18,3217588.43,97570.11,3315158.54,523393.49,191906.07,93830.46,131553.97,940683.99,442325.03,2374474.55,1932149.52
015,2021-11,149,279,348809304.98,402921849.84,2365,113523650.17,476,3201403.07,470736.89,2730666.18,122947.12,2853613.3,1055049.17,556526.96,244389.48,308985.72,2164951.32,1612726.27,688661.98,-924064.29
016,2021-11,112,207,187570816.56,278678786.48,2188,84318501.27,219,2015936.66,45156.18,1970780.48,77376.66,2048157.13,532769.17,200888.04,89772.3,150296.72,973726.22,-510865.72,1074430.91,1585296.63
017,2021-11,181,373,365858534.57,733219260.39,3510,321933601.01,1271,6298155.8,103809.24,6194346.56,435314.73,6629661.29,2587284.57,844611.88,777981.46,527107.23,4736985.14,2317192.57,1892676.15,-424516.42
018,2021-11,174,311,419084117.51,509546772.22,3308,499626210.08,442,3945529.26,510183.92,3435345.34,268390.32,3703735.66,502699.23,219770.73,125241.59,150530.49,998242.04,-833395.59,2705493.63,3538889.21
019,2021-11,195,389,437001664.18,522072759.92,3436,231900463.94,1039,4364938.53,529556.92,3835381.61,368616.78,4203998.4,1071898.19,525632.72,355260.71,293323.86,2246115.48,1727052.54,1957882.92,230830.38
020,2021-11,134,243,225942828.5,414786460.98,2331,75628376.76,594,2990824.64,62381.62,2928443.03,189662.74,3118105.76,1364586.95,508881.28,283412.0,322841.6,2479721.83,352466.92,638383.93,285917.01
021,2021-11,84,182,252503603.59,264252948.82,1650,165888510.4,378,2556682.89,79205.62,2477477.27,89487.19,2566964.45,1424045.7,499590.74,219062.04,362212.54,2504911.02,-1538158.79,62053.43,1600212.22
022,2021-11,124,237,423935539.52,265283135.17,2350,128325751.62,443,1965719.79,204544.16,1761175.63,117107.23,1878282.86,1471424.41,480544.34,282692.18,411062.91,2645723.85,4187558.65,-767440.99,-4954999.64
023,2021-11,134,229,247680655.86,393952958.68,2128,112459822.84,647,3065350.53,56831.24,3008519.29,157165.3,3165684.59,1052265.13,448664.66,236039.67,339775.79,2076745.26,-2783443.4,1088939.33,3872382.73
024,2021-11,114,185,214416084.19,189137040.85,1835,245678522.81,477,1533188.12,414967.09,1118221.03,104468.44,1222689.48,1330522.43,466376.4,221389.04,336526.92,2354814.79,630971.36,-1132125.31,-1763096.68
025,2021-11,156,279,321237920.52,283963445.03,2508,113131807.08,763,2136062.9,232052.02,1904010.88,204214.24,2108225.12,547991.89,259930.47,143657.57,159966.69,1111546.62,-3954905.07,996678.49,4951583.57
026,2021-11,149,261,283858158.74,509800605.77,2996,440649447.4,808,3395911.55,124860.97,3271050.58,218983.19,3490033.77,497854.16,264708.7,141966.92,130109.2,1034638.98,1449684.57,2455394.79,1005710.22
027,2021-11,109,179,174145697.66,320413224.23,1799,101599319.98,482,2711457.79,109129.1,2602328.69,123702.72,2726031.41,1311708.19,420139.18,212742.5,312066.35,2256656.21,-2633075.57,469375.2,3102450.77
028,2021-11,71,143,181375120.14,247891935.59,1270,28162708.09,361,1813329.33,41484.23,1771845.1,79578.83,1851423.93,518393.67,229737.74,72911.74,142819.17,963862.32,1096112.87,887561.6,-208551.26
029,2021-11,68,125,170126817.32,210182401.07,1050,33888721.78,342,1601671.75,61460.78,1540210.97,40637.17,1580848.14,1373344.26,465972.76,157560.74,300252.12,2297129.88,2032904.19,-716281.74,-2749185.93
030,2021-11,70,110,149057835.94,198541187.49,1197,48818270.0,401,1622219.2,107792.34,1514426.85,63560.34,1577987.19,1447169.88,512646.36,190465.74,373289.57,2523571.55,-207906.09,-945584.36,-737678.28
031,2021-11,73,133,129746416.15,115260614.25,1317,38693135.89,379,1017183.53,53886.17,963297.36,50341.21,1013638.57,1326637.08,439830.22,168462.73,273184.31,2208114.32,1141501.65,-1194475.76,-2335977.41
032,2021-11,67,116,57498295.47,196026753.33,1068,33545647.13,423,1484634.4,44893.89,1439740.52,70995.32,1510735.84,1417224.81,447742.08,173408.11,362397.92,2400772.91,1434963.42,-890037.07,-2325000.49
033,2021-11,57,96,121580289.59,107975126.25,1102,37069501.92,361,753548.09,253597.92,499950.18,31391.83,531342.01,996065.82,372836.93,118340.66,232514.0,1719757.41,1225566.03,-1188415.4,-2413981.43
034,2021-11,54,78,41308302.87,196621543.95,644,21982251.36,404,1378519.09,13351.85,1365167.24,35201.27,1400368.51,1364746.48,390026.69,130302.77,317220.25,2202296.2,2007864.14,-801927.68,-2809791.83
035,2021-11,37,61,138102191.21,153813581.97,564,86706415.66,350,1481755.1,31001.04,1450754.07,20956.8,1471710.86,1311040.9,451845.69,117320.48,324515.13,2204722.2,-32504.21,-733011.34,-700507.12
036,2021-11,32,55,26483245.13,74853821.95,506,31356086.71,187,647082.88,31475.25,615607.63,18609.93,634217.56,666996.02,272014.65,48475.56,179366.01,1166852.24,-847898.32,-532634.68,315263.64
037,2021-11,73,121,110122545.06,93221170.11,1110,96592326.69,657,939771.12,21025.05,918746.07,66092.4,984838.48,534448.21,241023.16,89244.33,161467.36,1026183.06,-247880.26,-41344.59,206535.68
001,2021-12,182,345,490110571.04,462795388.66,3619,93848456.63,770,3093817.24,157080.5,2936736.74,208316.37,3145053.1,2640087.23,737614.97,723060.6,762973.91,4863736.71,85043.17,-1718683.6,-1803726.77
002,2021-12,151,286,254546913.46,237221139.62,2884,116086938.2,285,1755479.39,192399.04,1563080.34,137660.46,1700740.8,514226.16,213058.31,106393.39,120485.79,954163.65,433052.2,746577.15,313524.95
003,2021-12,156,276,287987439.82,315518781.63,3165,110639867.49,458,2472346.86,133325.65,2339021.21,152418.87,2491440.08,1384023.74,409697.46,297147.74,314833.99,2405702.93,80527.34,85737.15,5209.81
004,2021-12,154,297,340005390.65,302508491.6,3291,255456993.34,300,2360965.5,257414.68,2103550.82,142515.91,2246066.73,531334.32,223947.82,121892.2,125895.71,1003070.05,-420649.25,1242996.68,1663645.93
005,2021-12,170,318,307375402.47,407886032.05,3144,207666201.6,811,2995304.03,91407.51,2903896.52,172042.03,3075938.54,2496067.25,707398.27,611286.14,545096.39,4359848.05,3972681.19,-1283909.51,-5256590.7
006,2021-12,141,268,313703845.09,214961561.06,3171,260492244.46,259,1979425.85,148564.91,1830860.94,120024.31,1950885.25,561158.24,184446.13,112124.63,119739.58,977468.58,-20074.63,973416.67,993491.31
007,2021-12,134,256,244591576.87,375967937.76,2671,114275490.39,257,2781622.98,282254.64,2499368.34,95133.8,2594502.14,500687.84,200701.89,94823.29,118570.7,914783.73,1500223.29,1679718.41,179495.12
008,2021-12,127,256,317223563.45,329205132.44,2614,252216054.44,496,2883183.67,201243.56,2681940.1,157503.11,2839443.21,1482815.19,439319.45,309249.28,419942.77,2651326.69,849118.38,188116.52,-661001.86
009,2021-12,121,265,511514308.43,318622695.63,2797,145886647.8,268,1868216.27,1506368.31,361847.97,111233.86,473081.82,536248.78,206974.25,103315.79,135179.63,981718.45,2220486.48,-508636.63,-2729123.11
010,2021-12,116,231,389536907.36,320505299.62,2176,58410539.26,276,2414773.48,1032127.48,1382646.0,110193.44,1492839.45,495649.94,215406.66,84226.89,115323.56,910607.06,2130070.4,582232.39,-1547838.01
011,2021-12,120,223,259342880.31,245357374.06,2345,86306357.67,232,1838550.29,241666.61,1596883.67,107639.73,1704523.41,527943.39,239391.44,103690.03,185989.75,1057014.6,-622638.36,647508.81,1270147.17
012,2021-12,112,223,335030201.23,356344709.86,1923,145226333.74,501,2959553.28,74877.46,2884675.82,110435.47,2995111.29,1264042.22,437954.01,222954.73,267638.68,2192589.64,-846351.47,802521.65,1648873.12
013,2021-12,150,269,252194664.46,469277404.9,3068,139685835.46,718,3438465.62,70884.58,3367581.03,142761.18,3510342.22,2521569.12,869020.01,616449.65,529233.42,4536272.2,1152863.45,-1025929.98,-2178793.43
014,2021-12,134,250,198817446.66,345450998.48,2652,65693444.83,335,3088600.03,56024.13,3032575.9,103172.44,3135748.34,527045.07,193244.95,102795.22,132471.79,955557.03,3136504.79,2180191.31,-956313.49
015,2021-12,152,276,357880989.51,396106684.9,2591,93240091.87,552,3465562.2,473581.01,2991981.19,116475.85,3108457.04,1062409.97,560409.71,264313.97,311141.43,2198275.09,-4940111.66,910181.95,5850293.61
016,2021-12,113,206,189610726.7,276562492.45,2425,121296264.31,269,1967722.95,45594.12,1922128.83,83882.28,2006011.11,536486.16,202289.58,98063.94,151345.3,988184.98,-1946710.09,1017826.13,2964536.22
017,2021-12,176,373,398794896.73,755363261.71,4318,391806070.15,1440,6293430.14,109901.87,6183528.27,461076.98,6644605.25,2605335.4,850504.52,880011.11,530784.73,4866635.74,4829267.71,1777969.5,-3051298.21
018,2021-12,171,311,429836684.59,502652288.08,3526,333675645.75,473,4173953.41,513194.39,3660759.02,250850.31,3911609.33,506206.44,221304.01,131602.61,151580.7,1010693.76,-2463519.89,2900915.57,5364435.46
019,2021-12,204,391,464649575.84,531934449.12,3869,211489287.27,1177,4323390.21,535775.85,3787614.36,386636.45,4174250.81,1079376.55,529299.92,388857.28,295370.31,2292904.06,4582245.51,1881346.75,-2700898.76
020,2021-12,132,245,254193077.93,414287019.37,2598,93520329.3,679,3061912.06,72197.37,2989714.69,193893.97,3183608.66,1374107.33,512431.61,309784.17,325093.98,2521417.09,38498.33,662191.57,623693.24
021,2021-12,85,181,239185106.74,288032145.77,1948,427063961.36,469,2781981.92,78261.82,2703720.11,113911.95,2817632.06,1433980.9,503076.26,249829.86,364739.6,2551626.63,1510264.83,266005.43,-1244259.41
022,2021-12,127,238,440218752.48,272076394.44,2616,120439315.71,488,2180068.34,207625.68,1972442.66,118226.07,2090668.73,1481690.17,483896.98,305693.68,413930.79,2685211.61,-2820315.27,-594542.88,2225772.39
023,2021-12,132,231,240184984.88,376799026.8,2295,87278527.86,679,2710140.79,56194.78,2653946.01,151635.66,2805581.67,1059606.52,451794.88,248314.61,342146.32,2101862.33,1852061.14,703719.34,-1148341.8
024,2021-12,119,186,139263109.27,187783779.75,2110,89488249.68,496,1487809.48,35784.57,1452024.91,102689.16,1554714.07,1339805.14,469630.19,238743.12,338874.79,2387053.24,599117.62,-832339.17,-1431456.79
025,2021-12,154,279,330385247.76,288547754.96,2946,128629146.63,928,2382772.5,234136.07,2148636.43,223400.67,2372037.1,551815.09,261743.94,163576.5,161082.74,1138218.26,-1765163.08,1233818.84,2998981.91
026,2021-12,156,265,282378600.7,515815121.85,3229,351240756.58,820,3213269.93,124282.39,3088987.54,199182.31,3288169.85,501327.56,266555.51,148344.06,131016.94,1047244.07,3150303.59,2240925.78,-909377.81
027,2021-12,108,179,183632259.32,318487056.75,1984,127572267.42,566,2981337.51,111166.54,2870170.97,131505.6,3001676.58,1320859.64,423070.38,233181.77,314243.55,2291355.34,-3108416.24,710321.24,3818737.48
028,2021-12,73,145,183295398.65,251095886.92,1351,72292131.52,419,1725775.87,41852.51,1683923.36,79371.77,1763295.13,522010.37,231340.57,78684.91,143815.58,975851.43,1469575.38,787443.69,-682131.69
029,2021-12,71,128,166509846.12,211841095.99,1340,20963641.16,400,1556505.05,61148.66,1495356.39,40746.07,1536102.46,1382925.73,469223.73,182294.1,302346.9,2336790.46,1172178.15,-800688.0,-1972866.16
030,2021-12,75,113,153522566.85,199444199.65,1251,42277994.78,378,1630685.58,108853.01,1521832.58,66795.21,1588627.79,1457266.42,516222.96,191525.11,375893.92,2540908.41,-293242.6,-952280.62,-659038.02
031,2021-12,65,133,143656116.19,124678079.5,1368,69627679.75,414,911685.96,56523.54,855162.41,49581.11,904743.53,1335892.68,442898.8,176776.44,275090.24,2230658.16,2855424.02,-1325914.64,-4181338.66
032,2021-12,64,117,62435230.26,207438124.86,1129,39980750.18,434,1582618.62,46094.31,1536524.31,68913.21,1605437.52,1427112.42,450865.86,179909.33,364926.27,2422813.89,372698.99,-817376.36,-1190075.35
033,2021-12,53,96,126353470.16,106502576.43,1017,36936083.11,340,744309.71,255291.29,489018.42,30824.06,519842.48,1003015.11,375438.12,113377.35,234136.19,1725966.77,-42332.57,-1206124.29,-1163791.73
034,2021-12,54,80,52501088.44,194314227.5,820,38596014.76,402,1414433.98,14310.94,1400123.04,38926.7,1439049.74,1374267.97,392747.81,140326.28,319433.42,2226775.48,-534705.31,-787725.74,-253020.44
035,2021-12,37,65,132359505.64,156856459.34,707,78221449.21,398,1442017.02,30413.59,1411603.43,25549.55,1437152.98,1320187.7,454998.1,133528.45,326779.19,2235493.43,533874.23,-798340.45,-1332214.68
036,2021-12,29,55,27659019.25,74084500.23,559,8118672.0,201,526334.54,31728.89,494605.65,19343.46,513949.11,671649.48,273912.43,51778.26,180617.4,1177957.56,1477744.63,-664008.45,-2141753.08
037,2021-12,73,122,123232447.59,96049027.36,1246,42689576.8,861,940979.55,23291.4,917688.16,58061.76,975749.91,538176.92,242704.72,105041.71,162593.87,1048517.22,556163.02,-72767.31,-628930.33
001,2022-01,177,344,495757686.82,461827732.43,3151,115950623.4,659,3201491.82,181645.08,3019846.74,224189.92,3244036.66,2673603.05,751256.83,672014.19,796033.66,4892907.72,-861098.41,-1648871.07,-787772.66
002,2022-01,151,287,245301016.44,243133717.11,2529,139627643.07,228,1849347.61,216163.52,1633184.1,147117.81,1780301.9,518095.25,214788.37,97559.19,121772.94,952215.74,220603.73,828086.16,607482.43
003,2022-01,152,277,298867937.52,315280939.35,2598,119323573.99,414,2334862.31,149966.11,2184896.2,166845.72,2351741.92,1378038.6,403367.01,259696.92,295587.28,2336689.81,2104263.11,15052.12,-2089210.99
004,2022-01,151,296,324969229.37,307353975.6,2723,271218497.74,219,2557825.98,292963.16,2264862.82,139904.93,2404767.75,544384.38,233466.1,112461.72,141414.47,1031726.68,-979414.66,1373041.08,2352455.73
005,2022-01,168,316,333968996.28,393783723.06,2899,214375331.9,697,2968975.22,108050.13,2860925.09,198279.21,3059204.3,2444893.01,674019.65,530708.72,462254.75,4111876.14,-1391797.16,-1052671.85,339125.31
006,2022-01,144,269,346353796.99,212252622.81,2725,246086405.05,246,2067457.24,170019.38,1897437.86,119056.33,2016494.19,560724.06,182893.66,101515.13,114922.57,960055.42,-1634912.99,1056438.77,2691351.77
007,2022-01,134,257,268357902.18,372389419.68,2288,124591120.56,244,2705480.94,331200.29,2374280.65,103801.23,2478081.88,517488.4,212921.74,94432.52,140688.85,965531.51,822216.19,1512550.37,690334.18
008,2022-01,132,255,314504034.88,320132994.9,2319,296380256.98,471,2725578.32,222076.77,2503501.55,174696.87,2678198.42,1491113.83,441193.78,291435.27,419380.72,2643123.61,662775.49,35074.81,-627700.68
009,2022-01,128,268,548601400.64,346543576.91,2344,359873483.64,254,2355938.81,1740157.12,615781.69,130449.19,746230.89,549890.77,216141.39,99639.86,152614.81,1018286.84,-173186.19,-272055.95,-98869.76
010,2022-01,120,233,386197259.26,316032586.18,1926,61847936.94,199,2416321.44,1191977.78,1224343.65,120862.91,1345206.56,518993.81,234549.64,85213.79,148615.74,987372.98,-994870.11,357833.58,1352703.69
011,2022-01,116,225,260910307.01,241087130.91,1901,71717337.89,246,1814443.87,276307.63,1538136.24,113733.65,1651869.89,539139.82,247935.17,99043.57,204690.41,1090808.96,47187.97,561060.93,513872.96
012,2022-01,112,223,343672382.37,349071517.55,1833,189709747.92,424,2930914.92,87526.18,2843388.74,124973.05,2968361.78,1247615.05,423709.27,199857.74,237822.62,2109004.68,-748607.26,859357.11,1607964.36
013,2022-01,145,272,256889377.87,464378351.49,2738,192804541.45,674,3458979.17,81341.5,3377637.67,167809.93,3545447.6,2595699.46,914530.59,620056.99,611832.24,4742119.28,-68912.55,-1196671.68,-1127759.13
014,2022-01,139,254,203338501.5,332016920.49,2238,80980303.37,291,3033866.17,64801.57,2969064.6,117603.14,3086667.74,527838.51,192493.56,92007.84,128950.31,941290.22,-1658795.5,2145377.53,3804173.03
015,2022-01,153,278,359352173.37,392359841.66,2497,194233289.0,451,3293672.08,559077.36,2734594.72,150478.28,2885073.0,1079284.94,574374.32,257072.62,331406.13,2242138.0,2147653.05,642935.0,-1504718.05
016,2022-01,117,212,193855253.71,274666076.08,2215,88651597.9,198,2024413.92,52524.7,1971889.22,89886.27,2061775.49,541442.44,204626.78,91349.91,154600.65,992019.77,-851900.07,1069755.72,1921655.79
017,2022-01,183,377,383346406.27,760754033.87,3628,276281946.93,1312,6068786.44,123652.25,5945134.19,530386.92,6475521.11,2657788.87,879005.73,838296.54,579783.52,4954874.65,4144614.7,1520646.46,-2623968.24
018,2022-01,174,312,439990805.13,517311348.24,3093,378827346.47,434,4233224.22,592947.27,3640276.95,258811.51,3899088.46,505215.2,218921.38,119568.57,144336.42,988041.57,2336640.54,2911046.89,574406.35
019,2022-01,208,394,489867373.57,507169340.09,3544,281157496.06,998,4135657.67,607786.88,3527870.79,450115.31,3977986.09,1069092.79,515689.26,344482.33,267970.4,2197234.77,-1577283.67,1780751.32,3358034.99
020,2022-01,136,251,278861627.15,413694858.47,2338,109081950.47,569,3033242.37,92268.54,2940973.83,244800.4,3185774.23,1384936.69,516958.7,286776.37,329293.49,2517965.25,1216676.75,667808.98,-548867.78
021,2022-01,90,184,268929498.19,287560802.58,1894,364233410.82,371,2764184.84,79573.82,2684611.02,121650.91,2806261.92,1413725.31,485599.87,221392.97,321777.13,2442495.27,116932.55,363766.65,246834.1
022,2022-01,128,238,444532542.69,264741423.54,2247,180201704.88,476,2113230.34,239671.4,1873558.94,133624.59,2007183.53,1457395.12,464937.03,268595.74,360056.33,2550984.23,-257361.59,-543800.7,-286439.11
023,2022-01,133,231,198372052.09,371020660.8,2200,133532450.24,598,2450985.19,58703.66,2392281.54,200002.8,2592284.34,1046590.43,437730.69,224604.12,305160.04,2014085.29,2783553.94,578199.05,-2205354.88
024,2022-01,117,185,151280159.31,182414926.15,1704,80039516.38,456,1435989.43,42381.55,1393607.89,116256.5,1509864.39,1332560.07,461368.27,208366.35,315888.7,2318183.39,-34552.92,-808319.0,-773766.08
025,2022-01,154,279,329293351.33,289665168.48,2632,131913851.68,789,2316086.32,268156.96,2047929.36,248240.09,2296169.45,542351.76,251103.64,139986.97,139196.04,1072638.41,862472.02,1223531.04,361059.03
026,2022-01,157,268,267241004.7,510381838.65,2626,452044382.85,755,3129231.74,138630.89,2990600.84,239599.21,3230200.05,492551.84,255534.64,125373.41,112886.75,986346.64,594000.2,2243853.41,1649853.21
027,2022-01,103,182,196319027.02,319848851.15,1783,134215913.15,436,3025695.36,129423.39,2896271.97,160515.51,3056787.48,1316387.54,417319.06,203830.82,296725.88,2234263.3,-208333.84,822524.18,1030858.02
028,2022-01,78,147,176386191.7,251920602.93,1257,56209168.88,362,1762389.78,47356.12,1715033.66,112950.57,1827984.23,532613.69,239177.09,76797.27,157391.47,1005979.52,62601.31,822004.71,759403.41
029,2022-01,73,132,163072098.33,216832530.71,1278,90094311.1,330,1572308.63,70245.62,1502063.01,54200.37,1556263.38,1420077.91,491369.29,180666.76,344163.98,2436277.94,1050122.26,-880014.56,-1930136.82
030,2022-01,75,115,153466312.98,197892481.76,1102,32906155.08,387,1639913.54,125173.01,1514740.53,72727.93,1587468.46,1446276.2,504967.34,178926.87,345708.8,2475879.2,-187976.24,-888410.74,-700434.5
031,2022-01,60,133,146716849.58,132927206.29,1283,66589862.93,348,977080.93,66297.73,910783.2,60452.91,971236.11,1380721.08,469866.71,177005.77,326090.98,2353684.53,46616.68,-1382448.42,-1429065.1
032,2022-01,68,120,73983397.52,216731464.83,1039,25481099.85,404,1969616.89,54373.04,1915243.85,82395.87,1997639.72,1436070.05,453402.22,172271.82,365973.23,2427717.32,-3771391.86,-430077.6,3341314.27
033,2022-01,57,103,130270802.98,122737502.71,1102,63575509.03,388,1000927.52,292926.6,708000.92,43955.42,751956.35,989382.94,362788.62,116886.98,207204.91,1676263.45,-667269.78,-924307.1,-257037.32
034,2022-01,58,83,59089306.2,188692816.59,864,34605624.76,369,1510704.87,17179.88,1493524.99,53826.41,1547351.39,1384698.91,395988.92,139692.33,322964.19,2243344.34,-1723990.66,-695992.95,1027997.71
035,2022-01,40,68,117041922.59,147099047.93,776,232549776.27,366,1397015.41,33418.3,1363597.1,37843.6,1401440.7,1313929.25,447593.31,129938.24,305905.53,2197366.33,-807786.29,-795925.64,11860.65
036,2022-01,32,56,29453917.18,77736379.76,507,15059346.41,153,535860.55,36707.17,499153.37,29637.71,528791.08,667788.38,268909.1,44895.96,167941.05,1149534.48,789307.27,-620743.4,-1410050.66
037,2022-01,69,123,117845285.87,98013457.74,1168,112010310.54,713,962443.21,25834.92,936608.29,90554.74,1027163.03,540456.48,243080.96,94728.08,160977.08,1039242.6,58540.14,-12079.57,-70619.71
001,2022-02,175,342,512714190.23,461731487.87,2937,108213150.85,716,3511007.95,184338.12,3326669.83,222055.37,3548725.2,2691999.4,754990.14,670550.11,801177.22,4918716.86,-4373869.49,-1369991.67,3003877.82
002,2022-02,157,287,242424669.34,252570828.4,2561,112076629.5,252,1839539.21,213798.11,1625741.1,137941.45,1763682.55,521660.12,215855.74,100213.16,122542.61,960271.64,1521481.73,803410.91,-718070.82
003,2022-02,146,274,322253171.28,319921504.16,2816,139590019.27,405,2509329.86,153368.05,2355961.81,177066.28,2533028.09,1387520.52,405371.51,269847.76,297493.21,2360232.99,-1424345.69,172795.1,1597140.79
004,2022-02,143,291,327268875.19,304836664.64,3224,294691238.83,237,2317190.88,295530.05,2021660.83,154591.59,2176252.43,548130.15,234626.29,124382.58,142306.38,1049445.4,2398867.31,1126807.02,-1272060.29
005,2022-02,171,317,351518406.92,394980418.54,2974,242608334.24,726,3121168.07,114172.89,3006995.18,196301.98,3203297.16,2461715.67,677369.14,545753.49,465244.47,4150082.77,-1595613.57,-946785.61,648827.96
006,2022-02,146,267,400010255.17,225506095.81,2671,203448862.06,253,2047475.1,176447.52,1871027.59,124709.9,1995737.48,564582.26,183802.53,101381.04,115659.3,965425.12,3139993.97,1030312.36,-2109681.61
007,2022-02,139,255,311132438.14,378208261.24,2336,133566361.22,204,2955736.31,342684.74,2613051.58,108597.81,2721649.38,521049.1,213979.84,93730.81,141578.5,970338.25,-2160362.24,1751311.13,3911673.37
008,2022-02,134,257,327590973.19,319838161.36,2340,365242944.45,440,2924322.04,224359.08,2699962.97,195369.26,2895332.23,1501373.79,443386.26,290370.13,422083.35,2657213.54,-768491.48,238118.69,1006610.18
009,2022-02,127,267,622462080.71,350625775.97,2493,220447203.83,252,2661165.03,1757798.41,903366.61,129582.26,1032948.88,553674.42,217215.49,103227.64,153582.61,1027700.16,-2617995.22,5248.72,2623243.94
010,2022-02,120,232,405095831.56,314183975.12,2192,76506891.72,286,2282465.22,1200846.7,1081618.53,129640.77,1211259.3,522564.87,235715.22,96232.57,149549.91,1004062.57,1491261.24,207196.73,-1284064.5
011,2022-02,117,229,263620775.03,242702252.92,2054,60121708.01,229,1861834.64,278383.26,1583451.38,108023.14,1691474.52,542849.49,249167.26,102578.16,205975.59,1100570.51,35739.52,590904.01,555164.49
012,2022-02,113,224,317688825.38,347453595.59,1836,47890649.01,470,2863480.9,85423.39,2778057.51,123217.28,2901274.8,1256199.56,425814.86,206665.61,239343.78,2128023.8,872240.46,773251.0,-98989.46
013,2022-02,149,272,256332895.9,454627206.72,2900,163752774.07,804,3688254.46,81797.21,3606457.25,168185.94,3774643.19,2613559.78,919075.28,670912.2,615737.43,4819284.68,-3693475.18,-1044641.49,2648833.69
014,2022-02,136,256,213847983.17,344144451.82,2463,95998146.51,309,3054270.25,67765.53,2986504.73,124041.95,3110546.68,531470.43,193450.14,97919.64,129771.72,952611.92,2085837.83,2157934.75,72096.92
015,2022-02,149,279,362192328.56,389103777.21,2628,346843209.26,493,3012704.25,573435.63,2439268.61,182799.47,2622068.09,1086711.21,577228.62,269823.37,333466.43,2267229.64,3581436.45,354838.45,-3226598.0
016,2022-02,118,212,203037233.2,273377829.42,2414,101862458.16,233,1924216.33,54418.35,1869797.98,93419.86,1963217.85,545167.96,205643.65,98156.98,155583.37,1004551.96,1485078.81,958665.89,-526412.92
017,2022-02,188,379,380676120.88,752075073.88,3690,481420852.06,1369,6109276.22,123890.26,5985385.96,551892.58,6537278.53,2676076.4,883373.88,861434.58,583497.44,5004382.31,-385493.12,1532896.23,1918389.35
018,2022-02,174,312,434749999.6,516143229.48,3449,360959731.23,484,4032287.33,596946.76,3435340.57,262326.96,3697667.53,508691.45,220009.29,129320.62,145246.16,1003267.52,2267477.94,2694400.01,426922.07
019,2022-02,214,394,528245433.33,531701053.68,3870,205158580.26,1066,4463516.26,603904.54,3859611.71,449292.92,4308904.64,1076448.93,518251.93,365316.74,269647.57,2229665.17,-988039.67,2079239.47,3067279.14
020,2022-02,134,251,302270079.59,427243845.92,2618,114982912.7,647,3118086.82,95466.68,3022620.13,238544.41,3261164.55,1394466.07,519527.69,312650.04,331388.19,2558031.99,1207236.07,703132.55,-504103.52
021,2022-02,98,188,311452452.3,298171475.44,1902,295013413.66,410,2719273.13,73324.74,2645948.4,133448.82,2779397.22,1423452.78,488013.02,229097.87,323833.95,2464397.61,2415938.88,314999.61,-2100939.27
022,2022-02,122,238,454661257.16,260378102.83,2395,149448602.52,486,2085955.21,242585.61,1843369.59,136993.95,1980363.54,1467423.07,467247.5,279594.79,362367.34,2576632.71,1617077.09,-596269.17,-2213346.26
023,2022-02,135,234,165178255.37,368433046.29,2280,81878942.48,607,2625944.51,53991.37,2571953.14,196568.04,2768521.18,1053791.74,439905.96,230706.25,307087.76,2031491.71,-2540538.58,737029.46,3277568.04
024,2022-02,116,184,151728615.38,201131949.76,2078,111632532.16,478,1778702.58,42987.64,1735714.94,136718.87,1872433.81,1341729.06,463661.0,230167.32,317906.97,2353464.35,156602.04,-481030.54,-637632.58
025,2022-02,148,281,344920330.81,301252822.05,2771,200542931.46,848,2342432.72,272491.84,2069940.88,251541.72,2321482.6,546083.54,252351.48,147064.39,140069.62,1085569.03,1725360.9,1235913.57,-489447.32
026,2022-02,158,268,278155023.83,506318463.83,2999,471634287.24,854,3409924.78,139786.65,3270138.13,257092.6,3527230.72,495940.95,256804.5,137911.96,113589.8,1004247.21,-3333575.81,2522983.51,5856559.32
027,2022-02,104,182,215205625.11,328101969.69,1982,190446607.53,478,3078322.28,129608.29,2948713.98,162768.75,3111482.73,1325445.25,419392.89,219656.45,298631.06,2263125.65,922281.98,848357.08,-73924.89
028,2022-02,85,150,186724070.55,253056679.91,1255,52580797.76,363,1788753.44,49140.18,1739613.26,104660.99,1844274.25,536278.46,240365.66,77646.89,158381.21,1012672.22,-243995.71,831602.03,1075597.74
029,2022-02,74,132,166747911.38,231779634.65,1180,24491041.8,418,1724361.4,71452.74,1652908.66,48796.25,1701704.91,1429849.09,493811.11,190057.36,346362.98,2460080.53,1154547.53,-758375.62,-1912923.15
030,2022-02,77,119,160409490.2,213239326.64,1295,53528811.66,438,1796946.1,127274.48,1669671.63,75299.22,1744970.85,1456227.64,507476.73,199733.02,347916.53,2511353.92,207275.26,-766383.07,-973658.33
031,2022-02,66,135,142308517.91,132994488.47,1335,65229033.16,358,981083.68,66115.72,914967.96,62709.8,977677.76,1390221.45,472201.67,182730.41,328176.48,2373330.0,138330.93,-1395652.24,-1533983.17
032,2022-02,68,125,82773002.09,232140893.68,1288,39181035.77,439,2274213.53,55946.59,2218266.94,84676.33,2302943.28,1445951.27,455655.36,193375.08,368323.55,2463305.26,-477131.42,-160361.98,316769.43
033,2022-02,57,105,139079583.76,129604108.92,1162,49016752.2,311,1105345.33,295638.15,809707.18,39753.6,849460.78,996190.62,364591.47,112428.34,208524.38,1681734.81,-397185.7,-832274.03,-435088.32
034,2022-02,55,86,60688826.94,204792355.44,844,28492090.0,431,1621449.23,17582.59,1603866.63,49305.47,1653172.11,1394226.65,397956.75,148925.62,325049.14,2266158.17,1034821.41,-612986.06,-1647807.46
035,2022-02,41,71,113292696.53,155913671.71,606,61652938.3,333,1582020.53,33034.47,1548986.06,29157.03,1578143.08,1322970.05,449817.59,117784.55,307861.82,2198434.01,-1027089.73,-620290.93,406798.8
036,2022-02,34,57,32846030.45,77827017.4,535,19064684.99,208,526852.99,37382.46,489470.53,30345.15,519815.68,672383.25,270245.42,51029.29,169004.45,1162662.42,327095.59,-642846.74,-969942.32
037,2022-02,72,129,108388493.62,97118619.91,1312,92733260.97,701,898942.65,24648.25,874294.4,90454.53,964748.93,544175.22,244288.93,98138.09,161989.26,1048591.49,760437.17,-83842.57,-844279.74
001,2022-03,185,340,534213247.54,454072989.23,2952,148378354.97,719,3732677.68,188051.88,3544625.8,222066.51,3766692.31,2710395.75,758723.45,676185.59,806320.77,4951625.56,-3165657.39,-1184933.25,1980724.15
002,2022-03,158,289,270402053.06,265471825.47,2674,174065030.24,270,2077204.02,233259.97,1843944.04,140633.31,1984577.35,525225.0,216923.12,104163.72,123312.29,969624.12,-1693.75,1014953.23,1016646.98
003,2022-03,152,279,340060908.75,323464922.98,2635,112400844.97,447,2620444.05,156934.38,2463509.67,164147.83,2627657.5,1397002.44,407376.01,269251.38,299399.14,2373028.97,-897794.53,254628.54,1152423.07
004,2022-03,147,295,337905690.42,317194856.37,2898,229489758.86,238,2343103.21,298053.23,2045049.98,139701.22,2184751.2,551875.91,235786.49,118604.1,143198.29,1049464.78,1539364.54,1135286.42,-404078.12
005,2022-03,168,317,370577635.76,427485311.37,3101,194758012.18,689,3414298.47,116658.92,3297639.55,202200.26,3499839.81,2478538.33,680718.62,551559.69,468234.19,4179050.84,1289086.17,-679211.03,-1968297.2
006,2022-03,154,269,425059589.35,223569655.82,2718,182990530.54,239,2106157.66,180983.88,1925173.78,117496.88,2042670.66,568440.45,184711.41,102367.68,116396.02,971915.56,-1176437.69,1070755.1,2247192.79
007,2022-03,139,256,340569426.77,378119379.73,2673,86217605.97,246,2807100.58,350653.72,2456446.86,113593.19,2570040.05,524609.8,215037.94,103491.61,142468.16,985607.51,2492906.24,1584432.54,-908473.7
008,2022-03,133,257,351455214.09,313281869.98,2291,300667132.45,434,2638078.93,226841.44,2411237.49,164381.24,2575618.72,1511633.75,445578.74,288930.1,424785.98,2670928.57,1938507.91,-95309.85,-2033817.76
009,2022-03,128,267,629829909.17,348871103.72,2366,124630649.36,219,2672151.61,1767920.81,904230.8,117517.45,1021748.25,557458.07,218289.59,99353.77,154550.41,1029651.84,142673.63,-7903.59,-150577.22
010,2022-03,117,231,428223480.22,302905066.07,2286,117609673.31,268,2356193.65,1209970.43,1146223.22,129945.05,1276168.27,526135.93,236880.79,97633.87,150484.08,1011134.67,-2540723.8,265033.59,2805757.4
011,2022-03,120,231,288116193.67,258112680.33,2186,135666443.15,220,2097836.45,284066.01,1813770.45,113973.29,1927743.74,546559.17,250399.36,106018.08,207260.77,1110237.38,143508.62,817506.36,673997.74
012,2022-03,109,225,327582788.07,342102695.96,1838,219932864.6,429,2766137.06,89719.78,2676417.28,123671.46,2800088.74,1264784.06,427920.45,203310.15,240864.94,2136879.6,213367.52,663209.14,449841.61
013,2022-03,149,275,309534625.25,437279620.05,2904,233470230.2,780,3485876.26,147368.97,3338507.29,172571.88,3511079.17,2631420.09,923619.97,670007.17,619642.61,4844689.84,1122021.14,-1333610.67,-2455631.81
014,2022-03,145,258,221584389.15,352709574.48,2452,75473260.76,296,3057804.74,69372.0,2988432.74,119213.03,3107645.77,535102.34,194406.72,97783.43,130593.13,957885.62,1446331.9,2149760.16,703428.25
015,2022-03,149,278,358374037.93,409439986.79,2502,225520465.53,427,3254775.44,573152.85,2681622.59,161041.29,2842663.88,1094137.48,580082.93,257767.22,335526.74,2267514.37,987632.58,575149.51,-412483.08
016,2022-03,119,212,229243414.56,271947663.04,2175,137871279.83,236,1877470.65,59339.39,1818131.26,81839.58,1899970.84,548893.48,206660.53,93889.9,156566.09,1006010.0,418524.64,893960.83,475436.19
017,2022-03,188,383,377591659.69,752000963.31,3769,388619440.95,1265,6241931.69,126007.7,6115923.99,539510.68,6655434.67,2694363.94,887742.03,851673.95,587211.37,5020991.29,-1170135.61,1634443.38,2804578.99
018,2022-03,166,314,399031245.61,518698116.47,3249,412290115.59,446,4027268.0,596674.89,3430593.11,263306.44,3693899.55,512167.7,221097.2,124692.27,146155.9,1004113.08,1093567.31,2689786.47,1596219.16
019,2022-03,212,393,542057954.65,533281062.94,3597,246157411.59,1068,4255931.67,609627.58,3646304.09,457161.63,4103465.73,1083805.07,520814.61,357758.49,271324.74,2233702.91,4202909.52,1869762.82,-2333146.7
020,2022-03,138,256,318987724.45,437469418.9,2519,84967395.57,588,3277370.34,97850.75,3179519.59,237633.57,3417153.17,1403995.45,522096.67,302916.96,333482.9,2562491.99,-293903.53,854661.18,1148564.71
021,2022-03,97,191,344601637.97,301653199.68,1776,254989624.7,414,2626975.47,79220.69,2547754.78,124534.38,2672289.16,1433180.25,490426.17,225175.68,325890.77,2474672.86,1687396.18,197616.3,-1489779.88
022,2022-03,123,239,468705244.74,263575720.97,2356,162409259.61,477,2167076.02,245929.24,1921146.78,142066.4,2063213.18,1477451.02,469557.97,278281.21,364678.35,2589968.55,-470189.99,-526755.37,-56565.38
023,2022-03,137,238,170867487.64,360470542.26,1963,47518842.56,574,2540429.56,52852.69,2487576.87,191979.68,2679556.55,1060993.05,442081.22,216302.59,309015.48,2028392.35,653369.23,651164.2,-2205.03
024,2022-03,115,187,154800664.04,198077779.38,1994,167805828.24,459,1629684.37,43660.45,1586023.92,124181.79,1710205.71,1350898.05,465953.74,225531.18,319925.24,2362308.21,1120932.93,-652102.5,-1773035.43
025,2022-03,153,284,346453191.6,301886165.34,2858,218554439.4,796,2641841.15,274948.42,2366892.73,264201.37,2631094.1,549815.31,253599.32,147177.41,140943.19,1091535.24,-4373064.41,1539558.86,5912623.27
026,2022-03,162,271,290489147.87,509797404.58,2724,286504387.07,767,3487589.86,143035.88,3344553.98,248470.64,3593024.63,499330.07,258074.36,129669.59,114292.84,1001366.86,-145781.9,2591657.77,2737439.67
027,2022-03,107,185,233494996.96,332818517.42,1910,137829664.09,477,3218646.57,130674.0,3087972.56,160053.91,3248026.47,1334502.97,421466.72,218191.64,300536.24,2274697.57,-1088099.23,973328.9,2061428.14
028,2022-03,89,155,203295456.43,253131235.03,1387,61613535.05,410,1811787.33,51726.24,1760061.09,107279.19,1867340.27,539943.23,241554.23,84488.63,159370.96,1025357.05,-159518.62,841983.22,1001501.84
029,2022-03,75,134,172631069.75,247003142.58,1300,61298151.72,380,2453486.87,72663.77,2380823.09,50137.31,2430960.4,1439620.27,496252.93,192608.08,348561.98,2477043.25,-6666828.78,-46082.85,6620745.93
030,2022-03,80,121,174373577.78,214333869.86,1161,68419351.0,384,1708337.66,129890.06,1578447.59,76084.87,1654532.46,1466179.08,509986.13,185864.03,350124.26,2512153.5,1236441.71,-857621.04,-2094062.74
031,2022-03,68,136,143018864.13,131612218.6,1364,46992739.21,354,1013040.97,66560.83,946480.14,61818.95,1008299.09,1399721.82,474536.64,185191.09,330261.97,2389711.52,-451269.23,-1381412.43,-930143.2
032,2022-03,68,129,88152630.44,247975941.73,1117,29589658.09,430,2412162.13,56936.18,2355225.95,85947.0,2441172.95,1455832.48,457908.51,184712.93,370673.86,2469127.78,888152.74,-27954.83,-916107.57
033,2022-03,61,109,143298400.61,128388029.67,1198,34618029.71,386,1115781.98,297392.66,818389.31,39688.7,858078.02,1002998.3,366394.32,122626.85,209843.84,1701863.32,-302285.17,-843785.3,-541500.13
034,2022-03,55,85,56972603.74,208892251.83,964,77813752.75,371,1591305.78,17220.2,1574085.58,62278.03,1636363.61,1403754.4,399924.59,147693.15,327134.1,2278506.24,1336709.49,-642142.62,-1978852.11
035,2022-03,42,73,103392813.9,171237551.23,784,144369941.04,320,1692784.96,32254.99,1660529.98,36479.0,1697008.98,1332010.85,452041.87,126381.6,309818.11,2220252.43,815160.69,-523243.45,-1338404.13
036,2022-03,38,61,35953099.27,87975115.97,556,14274666.48,216,652620.01,38256.42,614363.6,30163.76,644527.36,676978.13,271581.74,53275.76,170067.86,1171903.48,-129607.17,-527376.13,-397768.95
037,2022-03,71,130,115497177.88,135174661.12,1057,91292282.97,694,1387811.62,25981.2,1361830.42,89760.17,1451590.59,547893.95,245496.9,92937.27,163001.45,1049329.58,405885.92,402261.01,-3624.91
001,2022-04,177,338,544192959.53,464240857.65,3143,100904448.42,634,3782283.99,189700.61,3592583.38,225756.83,3818340.21,2728792.1,762456.76,676639.6,811464.33,4979352.79,606438.6,-1161012.58,-1767451.18
002,2022-04,156,287,274891503.82,262353205.06,2579,103814852.93,260,1943096.54,250818.43,1692278.1,145229.19,1837507.3,528789.87,217990.49,102311.79,124081.96,973174.12,794145.51,864333.17,70187.67
003,2022-04,154,280,334513632.84,338773950.64,2857,129129034.68,475,2884861.37,157426.55,2727434.82,176222.04,2903656.86,1406484.35,409380.51,285117.01,301305.08,2402286.95,-666704.94,501369.91,1168074.85
004,2022-04,142,292,343688815.18,321573112.57,3024,292002316.82,234,2318222.62,300279.43,2017943.18,154282.92,2172226.11,555621.67,236946.68,121604.25,144090.2,1058262.8,1048844.07,1113963.31,65119.23
005,2022-04,169,318,381696346.67,442214069.62,2791,130140911.28,720,3494490.31,114134.03,3380356.28,190346.55,3570702.83,2495360.99,684068.11,538883.14,471223.91,4189536.14,638378.61,-618833.31,-1257211.93
006,2022-04,153,269,426923689.38,234238509.17,2902,278289765.11,223,2092945.85,182429.63,1910516.22,139284.63,2049800.86,572298.64,185620.28,105748.23,117132.75,980799.91,2113933.01,1069000.95,-1044932.06
007,2022-04,147,257,343944146.49,377078629.79,2418,138695243.71,227,2657593.9,351419.01,2306174.89,114450.48,2420625.37,528170.5,216096.03,98034.88,143357.82,985659.23,2781489.28,1434966.14,-1346523.14
008,2022-04,134,257,316577061.24,323056867.06,2308,58901213.85,414,2489729.78,223761.94,2265967.84,155692.42,2421660.26,1521893.71,447771.21,288469.93,427488.61,2685623.46,2441296.4,-263963.2,-2705259.6
009,2022-04,131,268,629305443.82,346802347.4,2640,189874624.08,244,2646079.4,1778699.01,867380.39,123536.51,990916.9,561241.73,219363.68,107203.48,155518.2,1043327.09,821895.49,-52410.2,-874305.69
010,2022-04,117,230,451551876.64,299999715.81,2238,64810905.87,264,2291552.3,1219430.97,1072121.34,131007.13,1203128.47,529706.99,238046.37,96850.19,151418.25,1016021.8,1939911.07,187106.67,-1752804.4
011,2022-04,118,230,308739886.72,260368064.28,2130,92270763.96,260,2147498.43,289224.09,1858274.35,114296.01,1972570.36,550268.85,251631.45,107909.41,208545.95,1118355.66,-649590.16,854214.7,1503804.85
012,2022-04,112,227,388173682.22,356187741.45,1958,212712495.75,416,2683352.04,99388.88,2583963.16,135871.74,2719834.91,1273368.57,430026.04,208921.13,242386.09,2154701.83,4053761.53,565133.08,-3488628.45
013,2022-04,151,275,381713856.94,437064747.5,2709,148643886.92,710,3465073.33,215834.0,3249239.33,157950.4,3407189.73,2649280.41,928164.65,639208.96,623547.8,4840201.82,467153.11,-1433012.09,-1900165.21
014,2022-04,145,260,222402397.92,351881302.03,2493,75825695.76,300,3076602.25,69509.57,3007092.68,119483.47,3126576.15,538734.26,195363.3,99531.27,131414.54,965043.37,-266946.16,2161532.78,2428478.94
015,2022-04,152,275,363070395.1,419225918.98,2418,210537393.97,484,3427603.6,577367.66,2850235.94,158218.29,3008454.23,1101563.76,582937.24,262506.52,337587.05,2284594.56,-587652.38,723859.67,1311512.05
016,2022-04,119,214,241815799.92,267403194.62,2263,100379452.99,223,2010104.63,61032.29,1949072.34,91068.26,2040140.6,552619.0,207677.41,95763.16,157548.81,1013608.38,-2279074.0,1026532.22,3305606.22
017,2022-04,196,385,406234403.75,742513372.09,3873,590484259.47,1335,6079008.91,133447.0,5945561.9,566109.0,6511670.9,2712651.48,892110.17,881127.89,590925.29,5076814.84,-18662.7,1434856.06,1453518.76
018,2022-04,167,310,389056091.0,520703014.26,3184,523617954.12,462,4074673.66,598674.39,3475999.27,258348.35,3734347.62,515643.95,222185.12,124921.71,147065.64,1009816.42,1973535.09,2724531.21,750996.11
019,2022-04,217,396,563300959.46,513720574.15,3545,243680264.33,1050,4295596.48,616722.57,3678873.92,461286.66,4140160.58,1091161.22,523377.28,356709.98,273001.91,2244250.39,-4430349.41,1895910.19,6326259.6
020,2022-04,138,262,336937089.42,436244934.81,2575,111062393.25,670,3171487.15,100786.98,3070700.17,239161.68,3309861.85,1413524.83,524665.66,319702.33,335577.61,2593470.43,3702492.8,716391.42,-2986101.38
021,2022-04,95,192,352205395.43,294216480.69,1844,356314456.7,413,2592894.82,80559.96,2512334.86,122237.72,2634572.58,1442907.71,492839.32,229897.5,327947.59,2493592.12,-437479.69,140980.46,578460.15
022,2022-04,122,238,480172492.47,260043820.55,2142,93373355.17,448,2226024.45,248570.47,1977453.98,122168.82,2099622.8,1487478.96,471868.43,264701.1,366989.36,2591037.86,-1543152.6,-491415.06,1051737.54
023,2022-04,138,243,226836692.53,360408679.79,2048,206752304.91,655,2566554.34,59331.48,2507222.85,197227.8,2704450.65,1068194.37,444256.49,230527.32,310943.2,2053921.38,340051.95,650529.27,310477.32
024,2022-04,112,186,155944661.89,197466991.7,1799,107613223.02,412,1473669.12,42903.43,1430765.69,122892.98,1553658.66,1360067.04,468246.47,211397.84,321943.51,2361654.86,2030634.81,-807996.2,-2838631.0
025,2022-04,149,280,345868159.04,356397219.9,2791,170810098.71,782,3088220.81,276188.68,2812032.13,264761.59,3076793.72,553547.09,254847.16,146003.63,141816.77,1096214.65,2360754.05,1980579.07,-380174.99
026,2022-04,163,275,305369681.66,508372741.33,2829,240540111.03,766,3622153.05,143713.53,3478439.52,228932.18,3707371.69,502719.19,259344.22,132650.39,114995.88,1009709.68,-1743052.99,2697662.01,4440715.0
027,2022-04,111,186,250198095.27,336928431.37,2082,175200530.86,496,3228644.98,134090.54,3094554.44,165847.03,3260401.47,1343560.68,423540.55,230413.17,302441.41,2299955.81,704529.85,960445.66,255915.81
028,2022-04,87,154,205108801.48,258620071.49,1372,42273030.11,389,2060212.11,51330.21,2008881.9,106542.78,2115424.69,543608.01,242742.81,83389.51,160360.7,1030101.02,-1916358.25,1085323.66,3001681.91
029,2022-04,75,134,183517688.95,246893835.94,1250,52659652.78,351,2384169.6,74721.13,2309448.47,51389.38,2360837.85,1449391.44,498694.75,186487.65,350760.98,2485334.82,927028.73,-124496.97,-1051525.7
030,2022-04,81,121,180479711.7,225006232.61,1180,120023855.68,422,1779721.41,130861.62,1648859.8,80637.92,1729497.72,1476130.52,512495.52,193968.82,352331.99,2534926.86,449435.64,-805429.14,-1254864.78
031,2022-04,71,137,146379737.17,165365955.61,1279,58097829.5,338,1499048.96,67327.0,1431721.96,58367.54,1490089.51,1409222.2,476871.6,179765.17,332347.47,2398206.44,-265539.78,-908116.93,-642577.16
032,2022-04,68,130,100242641.5,249242254.43,1131,60690967.96,434,2321812.44,59943.01,2261869.43,91234.81,2353104.24,1465713.7,460161.65,187560.32,373024.17,2486459.84,1446005.38,-133355.6,-1579360.98
033,2022-04,62,110,147781443.8,150166959.63,1252,67979155.08,371,1235224.38,299421.72,935802.67,49709.22,985511.89,1009805.98,368197.17,124185.8,211163.31,1713352.26,1270888.12,-727840.37,-1998728.49
034,2022-04,56,88,54787710.44,218099964.43,736,29697561.63,379,1732063.4,17147.86,1714915.54,49479.79,1764395.33,1413282.14,401892.42,138443.44,329219.06,2282837.06,273637.76,-518441.73,-792079.48
035,2022-04,39,77,97346890.36,173939875.15,642,30293443.24,328,1528539.82,32350.93,1496188.89,22584.74,1518773.63,1341051.65,454266.15,121362.55,311774.4,2228454.74,2851606.63,-709681.12,-3561287.75
036,2022-04,40,64,38862679.74,92208286.35,586,12885732.04,177,721837.56,38979.34,682858.22,30038.44,712896.66,681573.0,272918.06,51500.86,171131.27,1177123.19,-661450.4,-464226.53,197223.87
037,2022-04,79,134,129883822.14,153696635.18,1211,72765344.1,693,1558866.34,28773.54,1530092.8,88267.57,1618360.37,551612.69,246704.87,97386.65,164013.64,1059717.86,564487.11,558642.51,-5844.59
001,2022-05,170,336,524437460.13,455342291.59,3065,125851675.5,693,3783602.41,186724.12,3596878.29,239837.84,3836716.13,2747188.45,766190.07,687721.82,816607.88,5017708.22,-1388928.25,-1180992.1,207936.15
002,2022-05,152,286,281900820.52,263499603.43,2330,134908917.76,224,2283530.25,253477.15,2030053.1,145126.06,2175179.16,532354.75,219057.86,95916.81,124851.64,972181.06,-2947277.47,1202998.1,4150275.58
003,2022-05,149,279,327918175.95,338511710.81,2729,119192055.87,434,2912647.82,157466.3,2755181.52,172673.94,2927855.46,1415966.27,411385.01,276001.03,303211.01,2406563.32,219854.67,521292.15,301437.48
004,2022-05,151,291,349131087.85,323643207.48,2875,482671816.72,255,2505957.25,302724.89,2203232.36,149055.09,2352287.46,559367.44,238106.87,120347.38,144982.11,1062803.8,-2347747.49,1289483.66,3637231.15
005,2022-05,170,318,392935624.72,447583270.07,2995,136265514.77,633,3779840.69,115988.8,3663851.89,192077.65,3855929.55,2512183.65,687417.59,539743.93,474213.63,4213558.8,-1869345.18,-357629.25,1511715.93
006,2022-05,151,265,421938169.75,224658082.18,2593,294613314.02,221,2094090.55,182524.78,1911565.78,135798.24,2047364.01,576156.84,186529.16,99998.67,117869.48,980554.15,-1878348.25,1066809.87,2945158.12
007,2022-05,148,256,351360301.25,393591099.06,2497,131990323.59,265,2778235.2,353587.36,2424647.84,109000.93,2533648.77,531731.2,217154.13,102460.95,144247.47,995593.75,1534223.6,1538055.02,3831.42
008,2022-05,138,255,320258987.35,329519157.22,2193,59558873.04,446,2689952.13,225220.01,2464732.12,155621.32,2620353.45,1532153.66,449963.69,288793.37,430191.24,2701101.97,-1184401.4,-80748.52,1103652.88
009,2022-05,129,270,622370720.72,347720723.29,2413,135889524.24,248,2673744.22,1787943.33,885800.89,121547.98,1007348.87,565025.38,220437.78,103492.3,156486.0,1045441.46,132277.66,-38092.59,-170370.25
010,2022-05,118,232,472333912.64,300464834.96,2171,98607339.72,255,2339644.37,1229696.67,1109947.7,135821.58,1245769.28,533278.04,239211.94,95648.05,152352.42,1020490.46,-375588.23,225278.82,600867.05
011,2022-05,114,228,306411694.33,261913551.04,2218,75131662.23,228,2212068.06,288361.78,1923706.28,111196.31,2034902.59,553978.53,252863.54,108552.41,209831.13,1125225.62,263809.46,909676.97,645867.51
012,2022-05,116,234,428094453.9,356556821.86,2003,95598110.99,409,2792306.08,104164.18,2688141.9,129395.03,2817536.93,1281953.08,432131.63,212162.03,243907.25,2170153.98,242414.59,647382.95,404968.36
013,2022-05,149,274,415481532.33,446007193.1,2656,158083729.5,692,3377938.8,220947.39,3156991.42,174293.66,3331285.07,2667140.73,932709.34,634119.83,627452.99,4861422.88,1974894.38,-1530137.81,-3505032.19
014,2022-05,145,263,233373717.91,351668561.97,2561,104085477.75,266,3086877.97,71007.96,3015870.02,119809.76,3135679.78,542366.18,196319.88,99843.24,132235.95,970765.25,68716.25,2164914.53,2096198.29
015,2022-05,148,275,388980383.91,428659401.75,2623,154135039.76,488,3660800.95,583996.24,3076804.71,143419.72,3220224.42,1108990.03,585791.54,273840.62,339647.36,2308269.55,-898391.1,911954.88,1810345.98
016,2022-05,114,211,237912866.35,264889130.23,2395,193755384.39,246,2027173.83,60582.7,1966591.14,101479.44,2068070.58,556344.52,208694.28,100274.64,158531.53,1023844.97,-442533.07,1044225.61,1486758.67
017,2022-05,203,388,443759456.72,730931322.61,3909,177298728.22,1275,6257497.72,140445.46,6117052.26,545872.25,6662924.51,2730939.02,896478.32,876970.98,594639.22,5099027.54,-2769367.11,1563896.96,4333264.07
018,2022-05,165,311,473442316.82,523691764.38,3395,498344071.42,457,4217450.25,610226.7,3607223.55,240176.9,3847400.45,519120.2,223273.03,129426.95,147975.38,1019795.56,600726.04,2827604.89,2226878.85
019,2022-05,221,399,579932974.37,515254123.43,3600,230541763.95,1101,4415030.04,622955.51,3792074.54,450667.68,4242742.22,1098517.36,525939.96,366653.35,274679.08,2265789.75,-494851.1,1976952.47,2471803.57
020,2022-05,140,263,339733309.99,434976104.97,2689,106620545.5,580,3055094.57,101245.46,2953849.11,249288.84,3203137.95,1423054.21,527234.64,315445.18,337672.31,2603406.35,1491440.37,599731.6,-891708.76
021,2022-05,97,192,350363905.4,313264728.27,1847,138793753.05,427,2866943.67,80953.37,2785990.3,112126.69,2898116.99,1452635.18,495252.47,233470.61,330004.41,2511362.67,-469246.68,386754.32,856001.0
022,2022-05,121,238,366589829.17,298275873.96,2035,107206598.36,427,2716420.16,239972.49,2476447.67,125531.91,2601979.58,1497506.91,474178.9,258068.72,369300.37,2599054.9,299642.06,2924.68,-296717.38
023,2022-05,146,247,268643982.09,369899388.66,2297,129261769.4,607,2515293.54,67707.76,2447585.78,209222.75,2656808.52,1075395.68,446431.76,237186.12,312870.92,2071884.48,2124573.97,584924.05,-1539649.93
024,2022-05,108,187,167307608.57,196475578.1,1983,183754147.76,487,1529066.57,42807.31,1486259.26,127552.46,1613811.72,1369236.03,470539.2,231765.75,323961.78,2395502.76,-564820.33,-781691.04,-216870.71
025,2022-05,152,279,366329833.18,355895039.44,2623,143054408.87,805,3069751.35,280970.03,2788781.33,253105.41,3041886.74,557278.87,256095.0,144790.25,142690.34,1100854.46,2085300.29,1941032.28,-144268.02
026,2022-05,164,279,324929388.86,502159880.47,2764,205253597.01,806,3413539.68,145702.89,3267836.79,229246.49,3497083.28,506108.31,260614.08,134465.89,115698.93,1016887.21,1606076.95,2480196.07,874119.12
027,2022-05,110,186,255905824.66,339145001.2,1922,171569161.26,479,3061827.89,135459.08,2926368.8,165921.0,3092289.8,1352618.39,425614.39,222515.53,304346.59,2305094.9,3771149.05,787194.9,-2983954.15
028,2022-05,88,157,207888033.56,263600961.83,1331,61770997.57,372,1938542.54,51980.37,1886562.17,108734.38,1995296.56,547272.78,243931.38,82159.02,161350.44,1034713.62,2657635.06,960582.93,-1697052.12
029,2022-05,76,134,182734139.81,261000498.62,1171,59291769.92,349,2654235.69,74616.54,2579619.15,56564.38,2636183.53,1459162.62,501136.56,182911.35,352959.98,2496170.52,-282422.51,140013.02,422435.53
030,2022-05,81,122,184633315.31,227807613.18,1458,113863815.82,423,1928701.72,131721.48,1796980.23,84897.57,1881877.8,1486081.97,515004.92,211378.87,354539.72,2567005.47,-1516295.7,-685127.67,831168.02
031,2022-05,69,140,148405192.11,164165227.97,1502,79497822.99,325,1453496.92,67509.46,1385987.46,65978.2,1451965.66,1418722.57,479206.57,191643.87,334432.97,2424005.98,481483.19,-972040.32,-1453523.51
032,2022-05,72,131,110107365.34,244679311.78,1213,40064540.17,394,2181941.73,62581.76,2119359.97,92592.48,2211952.45,1475594.91,462414.8,187275.16,375374.48,2500659.36,821207.15,-288706.91,-1109914.06
033,2022-05,66,114,155944454.82,148006508.11,1305,65297227.53,375,1188141.04,303153.8,884987.24,44471.77,929459.01,1016613.66,370000.01,127884.06,212482.78,1726980.51,331697.85,-797521.5,-1129219.36
034,2022-05,59,89,57700696.62,213523450.07,815,35224400.43,383,1750431.37,17680.16,1732751.21,55969.05,1788720.26,1422809.89,403860.26,144426.03,331304.02,2302400.19,-814860.89,-513679.94,301180.96
035,2022-05,44,79,102732182.39,174538400.33,704,117724777.89,351,1483882.67,33285.19,1450597.48,33538.35,1484135.83,1350092.44,456490.43,129201.54,313730.69,2249515.11,805936.7,-765379.28,-1571315.98
036,2022-05,39,64,39399647.78,91398471.66,583,11084528.19,179,722867.9,39211.36,683656.55,31673.95,715330.5,686167.87,274254.38,51946.4,172194.68,1184563.33,-8890.86,-469232.83,-460341.98
037,2022-05,82,138,143694236.6,155784059.64,1252,100741654.54,678,1598830.74,31563.62,1567267.12,91364.01,1658631.13,555331.43,247912.84,98270.36,165025.83,1066540.46,-53501.8,592090.67,645592.46
001,2022-06,173,339,531221755.95,453735363.27,3277,117531837.86,706,3624747.16,189600.25,3435146.91,226579.42,3661726.32,2765584.8,769923.38,715677.3,821751.44,5072936.91,2177046.59,-1411210.59,-3588257.18
002,2022-06,144,285,290046605.4,261311384.78,2536,134677094.15,263,2407735.43,256187.46,2151547.97,141218.34,2292766.31,535919.63,220125.24,102748.96,125621.31,984415.13,-2157873.71,1308351.18,3466224.89
003,2022-06,150,279,345397196.28,342717187.9,2680,119023077.84,456,2997409.79,157140.08,2840269.72,165564.98,3005834.7,1425448.19,413389.5,278221.4,305116.94,2422176.03,1845730.75,583658.67,-1262072.08
004,2022-06,151,292,385411326.8,331372510.07,2775,357550516.38,269,2525239.35,308738.76,2216500.59,143706.29,2360206.88,563113.2,239267.06,119924.91,145874.02,1068179.19,1053323.36,1292027.69,238704.33
005,2022-06,175,321,412543987.37,457805147.04,3153,223190550.45,716,3933516.23,118253.65,3815262.59,193212.56,4008475.15,2529006.31,690767.08,572671.91,477203.34,4269648.64,-521894.2,-261173.49,260720.71
006,2022-06,155,265,416697221.29,222733733.94,2600,161517035.91,256,2125047.46,183220.28,1941827.19,122257.26,2064084.44,580015.03,187438.03,102661.09,118606.21,988720.36,-352981.35,1075364.08,1428345.44
007,2022-06,151,259,361898131.69,404508240.93,2456,79483698.3,266,2996184.85,356025.02,2640159.83,105693.32,2745853.15,535291.9,218212.23,102470.81,145137.13,1001112.06,-659598.22,1744741.09,2404339.31
008,2022-06,139,256,328452091.94,333755659.11,2253,35906773.66,428,2625130.96,227567.24,2397563.72,148793.89,2546357.61,1542413.62,452156.17,291686.53,432893.87,2719150.18,1345503.7,-172792.57,-1518296.27
009,2022-06,133,271,616181552.3,344730199.86,2486,148704093.76,269,2513830.07,1796768.78,717061.29,131395.39,848456.68,568809.03,221511.88,106943.73,157453.8,1054718.44,1856496.23,-206261.76,-2062757.99
010,2022-06,117,232,491314237.24,309493406.07,2143,76183979.9,250,2522236.47,1240742.39,1281494.07,128480.89,1409974.97,536849.1,240377.52,95406.1,153286.6,1025919.31,-921547.63,384055.66,1305603.29
011,2022-06,117,229,313392269.63,262255541.68,2261,106203238.55,251,2298947.27,288483.15,2010464.12,119224.15,2129688.27,557688.2,254095.64,111849.25,211116.31,1134749.41,-1530841.96,994938.86,2525780.82
012,2022-06,116,236,414250476.13,353335770.44,1908,254661049.69,413,3179805.31,103620.74,3076184.57,131740.57,3207925.14,1290537.58,434237.21,209992.59,245428.41,2180195.79,-5409006.79,1027729.34,6436736.13
013,2022-06,156,276,433080978.95,437084188.83,2932,161196742.12,743,3423087.76,224798.52,3198289.23,172099.17,3370388.4,2685001.05,937254.02,677390.52,631358.17,4931003.76,-1987541.91,-1560615.36,426926.55
014,2022-06,146,263,244276585.12,357574353.2,2538,73815775.67,281,2893095.12,72581.23,2820513.89,121177.97,2941691.86,545998.09,197276.46,100806.81,133057.36,977138.72,3300004.06,1964553.14,-1335450.92
015,2022-06,152,279,408808861.46,425487600.77,2531,101754665.62,506,3658575.13,589565.97,3069009.16,142411.12,3211420.27,1116416.3,588645.85,274149.14,341707.66,2320918.95,-473156.77,890501.32,1363658.09
016,2022-06,115,211,249876095.88,265791444.03,2270,104571267.97,242,2005146.48,63016.23,1942130.25,85525.17,2027655.42,560070.04,209711.16,97988.95,159514.25,1027284.41,1314289.67,1000371.01,-313918.66
017,2022-06,205,392,481617669.85,735880712.02,3989,621551191.68,1314,6374927.67,144886.72,6230040.95,561602.65,6791643.6,2749226.56,900846.47,898772.09,598353.15,5147198.26,-52797.31,1644445.34,1697242.65
018,2022-06,169,312,565336175.26,523137811.51,3316,402977889.65,450,4214071.7,622944.37,3591127.34,263268.18,3854395.52,522596.45,224360.94,128521.36,148885.11,1024363.87,1117436.06,2830031.65,1712595.59
019,2022-06,217,401,585975587.38,519110199.87,3665,210702653.33,1059,4464195.1,627609.3,3836585.8,463660.68,4300246.48,1105873.5,528502.64,367420.51,276356.25,2278152.9,-380871.68,2022093.58,2402965.26
020,2022-06,146,265,342051483.51,422198429.8,2654,98928612.73,651,3226138.44,101670.66,3124467.79,241213.52,3365681.31,1432583.59,529803.63,325456.04,339767.02,2627610.28,-4365858.21,738071.02,5103929.24
021,2022-06,98,191,318414919.98,322290522.94,1951,198853210.23,417,2993833.18,79354.93,2914478.25,115527.44,3030005.68,1462362.65,497665.61,239045.92,332061.23,2531135.41,-52231.06,498870.27,551101.33
022,2022-06,118,236,378037676.11,304882890.55,2269,168745165.13,475,2946116.57,203050.53,2743066.04,144021.48,2887087.52,1507534.86,476489.37,278720.64,371611.37,2634356.24,-1586635.44,252731.28,1839366.71
023,2022-06,145,252,290206346.37,368564124.48,2536,136291179.27,652,2627846.32,73074.88,2554771.44,213693.22,2768464.66,1082596.99,448607.02,253607.08,314798.65,2099609.73,-1634944.33,668854.93,2303799.26
024,2022-06,104,188,197554537.36,196786572.56,1968,180268434.98,423,1541111.56,45851.62,1495259.93,132861.1,1628121.03,1378405.03,472831.93,224235.46,325980.04,2401452.46,-375589.91,-773331.43,-397741.52
025,2022-06,153,277,393593233.23,350299692.7,2926,202619447.06,799,3016740.27,286368.05,2730372.22,267555.26,2997927.47,561010.65,257342.84,151525.91,143563.92,1113443.32,633622.75,1884484.16,1250861.4
026,2022-06,167,283,311644620.69,509816444.95,3077,554574191.99,745,3347914.34,145069.48,3202844.86,260554.36,3463399.22,509497.43,261883.94,138197.45,116401.97,1025980.78,1620087.21,2437418.44,817331.23
027,2022-06,113,186,257805576.64,340286150.74,1971,132253704.58,431,3005090.05,136289.71,2868800.35,171512.65,3040313.0,1361676.1,427688.22,220251.15,306251.77,2315867.25,586263.11,724445.75,138182.64
028,2022-06,89,157,199586155.96,262997860.83,1330,53269244.95,384,1658497.23,51167.89,1607329.34,106877.89,1714207.23,550937.55,245119.95,83390.39,162340.19,1041788.08,6005576.71,672419.15,-5333157.55
029,2022-06,77,135,186077853.74,260601227.73,1320,46270728.51,391,2640220.82,75060.68,2565160.14,52301.84,2617461.98,1468933.8,503578.38,199232.5,355158.98,2526903.67,230687.68,90558.31,-140129.37
030,2022-06,78,128,192520988.98,232346448.96,1334,81577578.87,397,1872760.42,133969.17,1738791.24,82133.75,1820924.99,1496033.41,517514.31,202747.73,356747.45,2573042.9,1403173.86,-752117.91,-2155291.77
031,2022-06,69,142,147482369.6,171461595.77,1362,49979711.15,379,1496600.0,67187.87,1429412.13,61469.73,1490881.86,1428222.95,481541.53,193876.41,336518.47,2440159.36,1004246.98,-949277.5,-1953524.48
032,2022-06,78,132,114275759.45,243760260.54,1216,35676964.61,459,2149721.48,63232.36,2086489.11,88695.07,2175184.19,1485476.13,464667.94,198432.41,377724.8,2526301.28,374439.79,-351117.09,-725556.88
033,2022-06,68,115,166753950.42,151218076.76,1347,57028291.27,423,1286285.53,307518.3,978767.22,43339.11,1022106.33,1023421.34,371802.86,135435.1,213802.24,1744461.55,-620647.16,-722355.22,-101708.06
034,2022-06,59,90,61631849.19,220982416.42,1032,42870093.64,400,1766426.71,18451.56,1747975.15,55130.32,1803105.47,1432337.63,405828.09,159666.12,333388.98,2331220.82,902500.56,-528115.35,-1430615.92
035,2022-06,47,86,117687135.0,178753897.95,794,72483081.5,332,1358553.46,33391.82,1325161.64,22963.17,1348124.81,1359133.24,458714.71,133331.03,315686.98,2266865.96,2571930.38,-918741.15,-3490671.53
036,2022-06,39,67,43282815.43,107378525.5,583,19432921.49,158,997489.96,40456.95,957033.01,31364.51,988397.52,690762.75,275590.7,50822.69,173258.09,1190434.23,-339717.1,-202036.71,137680.38
037,2022-06,83,140,147116660.61,170920489.96,1285,90343784.13,696,1688766.38,32502.33,1656264.05,94476.62,1750740.67,559050.17,249120.81,100971.7,166038.02,1075180.69,790483.22,675559.98,-114923.24
001,2022-07,168,339,549090530.8,454644639.83,3031,102161464.15,706,3348100.38,193290.26,3154810.12,231327.44,3386137.56,2783981.15,773656.69,697905.85,826894.99,5082438.69,3658599.31,-1696301.13,-5354900.43
002,2022-07,149,284,298965002.56,280248776.39,2615,132058053.05,266,2610711.04,258910.72,2351800.32,140972.74,2492773.06,539484.5,221192.61,105250.74,126390.99,992318.84,358465.09,1500454.22,1141989.13
003,2022-07,151,277,325444327.83,335031745.36,2928,163783944.9,451,2904001.99,151480.43,2752521.56,191022.73,2943544.29,1434930.1,415394.0,290576.95,307022.87,2447923.93,505241.55,495620.36,-9621.19
004,2022-07,145,293,377884034.37,335508778.81,2963,270197831.22,274,2587689.09,308876.08,2278813.01,134956.06,2413769.07,566858.97,240427.25,125137.87,146765.93,1079190.02,826307.33,1334579.05,508271.72
005,2022-07,179,324,450560882.61,454619778.42,3068,168293298.8,706,3891628.1,124843.97,3766784.13,191316.98,3958101.11,2545828.96,694116.57,568575.25,480193.06,4288713.85,1115026.69,-330612.73,-1445639.42
006,2022-07,154,265,425508603.78,230376802.29,2903,313656656.84,227,2250127.97,184679.27,2065448.71,147205.95,2212654.65,583873.22,188346.91,107855.48,119342.93,999418.54,326199.59,1213236.11,887036.52
007,2022-07,146,257,365294218.54,399531337.21,2221,96767313.73,198,3408127.39,357157.61,3050969.79,105313.01,3156282.79,538852.6,219270.32,94216.46,146026.78,998366.16,-4340878.26,2157916.63,6498794.88
008,2022-07,140,260,333667237.81,333525970.22,2164,62139802.07,457,2420183.41,228182.65,2192000.76,153297.31,2345298.07,1552673.58,454348.64,293673.17,435596.5,2736291.89,2711414.7,-390993.83,-3102408.53
009,2022-07,136,272,613811024.03,334672691.5,2434,222951449.02,235,2479353.85,1805219.38,674134.47,124732.87,798867.35,572592.68,222585.97,104551.44,158421.6,1058151.69,-849706.8,-259284.35,590422.46
010,2022-07,117,231,494204292.86,308826289.48,2150,115951528.21,261,2529378.69,1248803.5,1280575.19,140564.41,1421139.6,540420.16,241543.09,96788.34,154220.77,1032972.36,1463493.64,388167.24,-1075326.4
011,2022-07,117,231,316725531.41,274030052.72,2272,80642056.55,244,2234493.21,290100.7,1944392.51,111634.39,2056026.9,561397.88,255327.73,112538.81,212401.49,1141665.92,3076492.85,914360.98,-2162131.87
012,2022-07,122,239,512184642.51,348813419.37,2063,486122203.74,443,3192816.94,115453.52,3077363.41,130368.81,3207732.22,1299122.09,436342.8,222190.65,246949.56,2204605.11,-735476.32,1003127.12,1738603.44
013,2022-07,157,275,438476460.01,435220096.84,2849,123414066.66,762,3242779.93,226526.51,3016253.42,162261.33,3178514.74,2702861.36,941798.71,678546.57,635263.36,4958470.0,2735230.07,-1779955.26,-4515185.33
014,2022-07,145,268,241895422.35,359287878.72,2599,84231817.58,292,3034383.76,72442.45,2961941.31,126000.29,3087941.6,549630.01,198233.05,103441.45,133878.77,985183.27,-1448298.4,2102758.33,3551056.73
015,2022-07,151,281,424822438.64,444742793.83,2518,126105274.08,495,3828373.72,595465.74,3232907.97,148442.24,3381350.21,1123842.57,591500.16,274493.54,343767.97,2333604.24,1782220.7,1047745.97,-734474.73
016,2022-07,120,210,252010002.14,263716570.61,2265,150273960.61,217,2058018.53,63676.93,1994341.59,97402.5,2091744.1,563795.57,210728.03,96815.36,160496.97,1031835.93,-817463.54,1059908.17,1877371.71
017,2022-07,205,393,490437542.87,742412831.92,4058,298299063.4,1314,6532658.74,145928.35,6386730.39,560065.35,6946795.74,2767514.09,905214.62,910807.75,602067.07,5185603.53,265010.62,1761192.21,1496181.59
018,2022-07,167,314,563216031.24,531361995.03,3261,355685643.39,444,4688588.9,627029.24,4061559.66,268934.76,4330494.42,526072.71,225448.85,128005.56,149794.85,1029321.97,-5381165.34,3301172.45,8682337.79
019,2022-07,213,400,611589282.28,551998983.25,3791,210711109.22,1056,5141657.43,633657.54,4507999.89,447236.47,4955236.37,1113229.64,531065.31,374379.02,278033.42,2296707.39,-3804299.0,2658528.97,6462827.97
020,2022-07,145,266,347217745.17,426450752.71,2759,92179405.39,646,3117037.65,102607.94,3014429.71,247311.51,3261741.22,1442112.97,532372.61,332141.66,341861.73,2648488.97,3039383.32,613252.25,-2426131.07
021,2022-07,101,193,357531420.66,345443312.94,1875,222617121.78,463,3298587.23,84703.71,3213883.52,135576.47,3349460.0,1472090.12,500078.76,243579.37,334118.05,2549866.3,290992.55,799593.7,508601.15
022,2022-07,124,236,381008913.16,302182901.8,2281,112253328.35,470,2910372.1,164045.27,2746326.83,130138.57,2876465.4,1517562.81,478799.84,280373.91,373922.38,2650658.94,257911.53,225806.46,-32105.07
023,2022-07,146,253,352127197.52,376040025.06,2391,153407714.12,640,2655053.67,82044.23,2573009.45,198189.63,2771199.08,1089798.3,450782.29,248541.52,316726.37,2105848.47,1065482.76,665350.61,-400132.15
024,2022-07,108,190,207425074.06,193029224.23,1902,245231687.44,474,1476055.1,45914.22,1430140.88,138116.33,1568257.21,1387574.02,475124.66,229323.05,327998.31,2420020.04,204136.37,-851762.83,-1055899.21
025,2022-07,157,278,404440647.46,366158533.6,2760,222756981.55,853,3224357.34,290265.48,2934091.86,268258.21,3202350.07,564742.43,258590.67,152120.27,144437.5,1119890.87,-172720.01,2082459.2,2255179.22
026,2022-07,165,284,312452727.29,509026913.96,3178,405610364.4,765,3319278.73,145277.51,3174001.22,271029.98,3445031.2,512886.54,263153.8,141905.7,117105.01,1035051.05,374601.22,2409980.15,2035378.93
027,2022-07,111,184,252701371.25,335146431.22,1872,135566864.02,505,2750159.27,135880.86,2614278.4,156641.39,2770919.8,1370733.82,429762.05,226217.94,308156.94,2334870.76,2225477.18,436049.04,-1789428.15
028,2022-07,85,159,196896088.52,249575756.89,1578,54360742.4,382,1728573.06,49658.45,1678914.61,110667.16,1789581.76,554602.32,246308.52,89687.32,163329.93,1053928.1,-3177965.79,735653.67,3913619.46
029,2022-07,77,140,189900957.2,261083321.7,1303,46506659.36,379,2476602.18,76773.95,2399828.23,51748.46,2451576.69,1478704.98,506020.2,198569.44,357357.98,2540652.6,2328928.38,-89075.91,-2418004.29
030,2022-07,82,129,190428695.31,230865192.34,1274,95335922.5,399,1756586.66,135050.99,1621535.67,88336.1,1709871.77,1505984.85,520023.7,201103.52,358955.18,2586067.26,1224919.09,-876195.49,-2101114.58
031,2022-07,77,146,162029444.23,161353365.26,1543,87785379.32,385,1511249.27,69053.25,1442196.02,65459.49,1507655.51,1437723.32,483876.49,206642.1,338603.97,2466845.88,-1478309.83,-959190.37,519119.46
032,2022-07,81,135,125045220.99,247529575.43,1365,62807529.06,422,2045230.36,64587.2,1980643.16,94162.87,2074806.03,1495357.35,466921.09,202903.42,380075.11,2545256.97,2004665.68,-470450.94,-2475116.62
033,2022-07,69,119,181619269.54,159812588.43,1161,52558926.8,369,1342696.08,311888.94,1030807.14,37740.06,1068547.2,1030229.03,373605.71,124199.89,215121.71,1743156.34,982182.91,-674609.14,-1656792.05
034,2022-07,57,91,69902102.27,252882425.81,925,41860957.43,397,2019517.08,20121.01,1999396.07,53504.81,2052900.88,1441865.38,407795.92,155169.69,335473.94,2340304.93,1444982.02,-287404.05,-1732386.07
035,2022-07,46,90,127423942.93,186075445.45,875,171094643.75,322,1433462.51,33392.05,1400070.46,37640.93,1437711.39,1368174.04,460938.99,138117.52,317643.27,2284873.81,396501.23,-847162.43,-1243663.66
036,2022-07,38,68,49180346.85,106564477.16,635,19565382.69,207,968152.71,41943.18,926209.54,31300.72,957510.25,695357.62,276927.03,57256.06,174321.49,1203862.2,308415.17,-246351.95,-554767.12
037,2022-07,93,145,149288770.08,186257308.66,1465,97499975.8,723,1877724.92,33541.75,1844183.17,92635.66,1936818.83,562768.9,250328.78,107685.76,167050.2,1087833.65,670261.15,848985.17,178724.02
001,2022-08,170,340,565845337.65,467385913.12,3365,140302288.26,677,3616358.99,196660.56,3419698.43,239641.19,3659339.62,2802377.5,777390.0,726302.95,832038.55,5138109.0,-365291.74,-1478769.37,-1113477.63
002,2022-08,148,285,314871613.27,288544699.6,2495,120677570.43,254,2729937.75,262488.47,2467449.28,136914.72,2604364.0,543049.38,222259.98,102955.07,127160.66,995425.09,1588032.72,1608938.9,20906.18
003,2022-08,149,277,315193941.8,342828828.22,2706,126705409.88,433,2999557.6,150827.76,2848729.84,178844.97,3027574.81,1444412.02,417398.5,279821.2,308928.81,2450560.54,-1075667.05,577014.27,1652681.32
004,2022-08,149,293,381157794.92,340247062.94,2983,202179845.83,238,2507904.4,311351.59,2196552.81,138793.92,2335346.73,570604.73,241587.44,124239.72,147657.84,1084089.74,1553954.13,1251257.0,-302697.13
005,2022-08,175,325,467700474.92,434595325.86,3191,139364786.91,697,3682071.64,128277.0,3553794.64,200488.65,3754283.29,2562651.62,697466.05,579307.18,483182.78,4322607.64,-785295.88,-568324.35,216971.53
006,2022-08,149,262,435938606.68,247161183.59,2859,413650586.68,245,2450191.92,186404.67,2263787.25,164596.93,2428384.18,587731.42,189255.78,108514.38,120079.66,1005581.24,995068.94,1422802.94,427734.0
007,2022-08,150,259,361434918.27,371241935.92,2489,71320873.08,235,3154230.62,359142.2,2795088.42,109302.36,2904390.77,542413.3,220328.42,102730.68,146916.44,1012388.84,-2886062.37,1892001.93,4778064.31
008,2022-08,140,263,338715822.7,330252614.51,2426,44470851.42,450,2475772.86,228652.15,2247120.71,156720.97,2403841.68,1562933.54,456541.12,309196.19,438299.13,2766969.98,-1528496.49,-363128.3,1165368.19
009,2022-08,136,273,618090119.81,355817262.79,2609,165695733.18,248,3037032.19,1812971.74,1224060.45,120830.79,1344891.24,576376.34,223660.07,109756.85,159389.4,1069182.66,-3468154.45,275708.58,3743863.03
010,2022-08,121,236,490255229.91,304866940.9,2259,102425835.76,262,2909314.44,1254946.94,1654367.5,144695.23,1799062.73,543991.22,242708.67,100178.47,155154.94,1042033.29,-5282229.96,757029.44,6039259.39
011,2022-08,122,232,315033731.52,273979454.28,2348,66162904.52,272,2320331.27,290837.15,2029494.12,111174.49,2140668.61,565107.56,256559.83,117117.62,213686.67,1152471.68,-1183014.84,988196.93,2171211.77
012,2022-08,122,237,607032978.62,344624033.98,1966,193585914.16,463,3056832.98,126463.25,2930369.73,129460.26,3059829.99,1307706.6,438448.39,221000.65,248470.72,2215626.36,1110632.92,844203.64,-266429.28
013,2022-08,158,279,428514735.9,434280596.84,2807,111278848.11,730,3255136.87,229092.11,3026044.76,163940.86,3189985.62,2720721.68,946343.39,671996.83,639168.54,4978230.45,227526.36,-1788244.83,-2015771.19
014,2022-08,148,267,251434527.57,376098051.85,2686,96003719.98,284,3422051.74,73546.12,3348505.62,124767.71,3473273.34,553261.92,199189.63,105396.73,134700.18,992548.46,-2078685.3,2480724.88,4559410.18
015,2022-08,152,284,431452860.09,447214860.34,2600,162159451.78,504,3985615.1,585846.04,3399769.06,147766.67,3547535.73,1131268.85,594354.46,281267.43,345828.28,2352719.02,-1290922.3,1194816.71,2485739.01
016,2022-08,117,212,258763217.37,257736680.41,2313,115156005.7,242,2390964.81,64477.06,2326487.75,92271.71,2418759.46,567521.09,211744.91,100068.91,161479.7,1040814.6,-2682687.0,1377944.86,4060631.86
017,2022-08,214,399,465946788.43,741429449.82,4007,401818596.83,1302,6287755.43,143457.06,6144298.37,560355.79,6704654.16,2785801.63,909582.77,910760.01,605781.0,5211925.41,2876680.36,1492728.75,-1383951.6
018,2022-08,166,315,517839745.15,548648815.98,3163,383563203.13,490,5186018.35,624437.29,4561581.06,255332.11,4816913.17,529548.96,226536.77,129476.56,150704.59,1036266.88,-4659316.51,3780646.29,8439962.8
019,2022-08,217,399,629973594.0,557142836.73,3459,221724948.68,1128,4965235.42,639043.24,4326192.18,458400.13,4784592.31,1120585.79,533627.99,371272.3,279710.59,2305196.67,3792431.36,2479395.64,-1313035.72
020,2022-08,145,269,347058024.99,436663288.5,2875,77583167.38,616,3575567.76,102579.04,3472988.73,241035.48,3714024.2,1451642.36,534941.59,336462.63,343956.43,2667003.01,-3626352.76,1047021.19,4673373.95
021,2022-08,103,194,348167116.76,334085897.96,1790,273917612.43,380,3131637.43,84573.9,3047063.53,113781.66,3160845.19,1481817.58,502491.91,228621.19,336174.88,2549105.57,1506501.57,611739.62,-894761.95
022,2022-08,128,237,388093448.56,302611671.29,2318,150497727.64,452,2838402.18,165510.75,2672891.43,133434.74,2806326.17,1527590.76,481110.3,281629.43,376233.39,2666563.88,1514542.34,139762.29,-1374780.05
023,2022-08,146,256,342546418.71,386484631.49,2346,328434469.18,634,2937945.71,83635.62,2854310.09,214959.95,3069270.04,1096999.61,452957.56,247769.29,318654.09,2116380.54,-2204415.67,952889.5,3157305.16
024,2022-08,110,193,216960633.07,171123513.03,2050,217508395.41,505,1411296.05,45713.38,1365582.67,141491.62,1507074.29,1396743.01,477417.4,242501.61,330016.58,2446678.6,-1216400.2,-939604.31,276795.89
025,2022-08,154,276,405316005.48,353918757.61,2744,161842784.89,833,3076481.44,293543.2,2782938.25,257851.77,3040790.01,568474.21,259838.51,151435.57,145311.07,1125059.36,-377541.57,1915730.65,2293272.23
026,2022-08,165,285,298698787.79,527481763.65,2845,362584170.97,811,3604418.16,144442.45,3459975.71,256738.72,3716714.44,516275.66,264423.66,138927.54,117808.05,1037434.91,202553.86,2679279.52,2476725.66
027,2022-08,113,184,237760678.68,342770222.61,2151,241617133.35,496,2755558.68,134269.98,2621288.7,175921.44,2797210.14,1379791.53,431835.89,239627.51,310062.12,2361317.04,1317981.79,435893.09,-882088.7
028,2022-08,85,159,202174768.08,282838903.48,1529,62906921.57,421,2125142.19,50288.62,2074853.57,120128.27,2194981.84,558267.1,247497.09,91700.27,164319.67,1061784.14,479567.35,1133197.7,653630.35
029,2022-08,79,141,193698414.39,270873633.74,1351,54274978.25,367,2561830.85,78577.61,2483253.24,52072.51,2535325.75,1488476.16,508462.02,201009.27,359556.98,2557504.43,117772.64,-22178.68,-139951.32
030,2022-08,82,130,187739035.08,255353924.28,1236,80256946.67,425,2063779.64,135658.39,1928121.25,76670.48,2004791.74,1515936.29,522533.1,205304.26,361162.91,2604936.56,-212219.9,-600144.82,-387924.93
031,2022-08,82,148,176698925.21,164954512.52,1461,56635976.39,407,1486949.05,71172.4,1415776.65,65483.29,1481259.94,1447223.7,486211.46,207211.12,340689.46,2481335.74,1728697.29,-1000075.8,-2728773.08
032,2022-08,78,141,129342591.66,243525038.8,1422,56050644.94,450,1881624.98,65349.29,1816275.7,95074.93,1911350.62,1505238.56,469174.23,212234.85,382425.42,2569073.07,1600378.28,-657722.44,-2258100.72
033,2022-08,71,117,190680342.11,158381560.17,1351,64496280.66,358,1318800.94,314880.25,1003920.7,45606.79,1049527.48,1037036.71,375408.56,131042.22,216441.17,1759928.66,-204055.91,-710401.18,-506345.26
034,2022-08,55,92,72755725.26,261711243.23,960,33564827.0,405,1931506.31,20973.45,1910532.86,54132.18,1964665.04,1451393.12,409763.76,159620.86,337558.9,2358336.64,2398292.85,-393671.6,-2791964.45
035,2022-08,47,91,111412823.14,185902512.09,829,126465628.32,339,1496520.58,32093.29,1464427.28,33113.01,1497540.3,1377214.84,463163.27,139430.66,319599.56,2299408.32,-538667.88,-801868.02,-263200.14
036,2022-08,39,71,50029872.29,105320894.91,580,11025753.52,180,934468.9,42197.25,892271.65,31767.53,924039.18,699952.5,278263.35,53704.65,175384.9,1207305.4,333430.08,-283266.22,-616696.29
037,2022-08,96,146,152074315.72,196180192.21,1567,114050914.5,769,1903280.06,34410.86,1868869.2,108312.84,1977182.04,566487.64,251536.76,113436.61,168062.39,1099523.4,788084.76,877658.64,89573.88
001,2022-09,168,337,553087357.98,479243974.57,3215,131336820.22,735,3811041.52,196743.99,3614297.53,234213.11,3848510.64,2820773.85,781123.31,730825.41,837182.1,5169904.68,541359.29,-1321394.04,-1862753.33
002,2022-09,147,286,312932559.19,283657971.67,2705,119103141.0,244,2784623.87,263882.39,2520741.48,144993.68,2665735.16,546614.25,223327.36,107347.92,127930.34,1005219.87,-1720849.94,1660515.3,3381365.24
003,2022-09,146,276,311579201.34,343628591.86,2987,144191327.52,460,2638587.36,150449.83,2488137.53,181353.31,2669490.84,1453893.94,419403.0,298017.56,310834.74,2482149.25,4576691.74,187341.6,-4389350.14
004,2022-09,151,293,388865007.0,332708850.54,3005,372453165.3,250,2364803.24,313303.38,2051499.86,163116.91,2214616.77,574350.5,242747.63,126155.6,148549.76,1091803.48,718882.39,1122813.29,403930.9
005,2022-09,174,325,494281880.64,451036990.39,3110,280976457.13,727,3774748.09,132634.47,3642113.62,203701.69,3845815.31,2579474.28,700815.54,583238.23,486172.5,4349700.55,1548224.46,-503885.24,-2052109.7
006,2022-09,155,266,459241285.98,247951291.97,2613,220548785.78,232,2387796.51,190617.72,2197178.78,122922.53,2320101.31,591589.61,190164.66,103751.25,120816.39,1006321.91,1030198.32,1313779.4,283581.08
007,2022-09,158,265,361727255.71,360896900.06,2654,81244990.52,239,2922559.55,361100.99,2561458.56,120334.83,2681793.39,545974.0,221386.52,107201.82,147806.09,1022368.43,1294244.08,1659424.96,365180.88
008,2022-09,133,262,345890428.18,333872370.64,2340,46249141.22,439,2394848.65,230645.48,2164203.17,154634.75,2318837.91,1573193.49,458733.6,304942.96,441001.76,2777871.81,2369752.32,-459033.89,-2828786.22
009,2022-09,131,268,633631190.12,354123768.56,2436,157966237.96,245,3086671.81,1823806.38,1262865.43,127009.78,1389875.21,580159.99,224734.17,106163.53,160357.19,1071414.88,-871155.08,318460.33,1189615.41
010,2022-09,123,238,486974978.36,309379527.34,2224,78187958.03,270,2759558.3,1261098.48,1498459.82,135869.81,1634329.62,547562.28,243874.24,100606.94,156089.11,1048132.57,3051531.91,586197.06,-2465334.86
011,2022-09,121,232,326351652.84,272945035.42,2465,122907838.46,235,2334113.02,301601.76,2032511.27,124608.91,2157120.18,568817.24,257791.92,118274.82,214971.85,1159855.83,65107.44,997264.35,932156.91
012,2022-09,128,240,660207449.36,372561653.24,2099,246562026.61,431,3377851.93,133031.52,3244820.41,128040.88,3372861.28,1316291.11,440553.98,225265.26,249991.88,2232102.22,251243.76,1140759.06,889515.3
013,2022-09,158,277,430928914.78,445189021.17,2874,129288692.19,669,3457558.39,234902.85,3222655.54,172864.06,3395519.6,2738582.0,950888.08,666376.04,643073.73,4998919.85,-1144641.67,-1603400.25,-458758.58
014,2022-09,148,270,264313718.83,361106072.34,2618,90300743.55,281,2923970.64,75260.96,2848709.68,124302.01,2973011.69,556893.84,200146.21,104691.29,135521.59,997252.93,3339088.48,1975758.76,-1363329.73
015,2022-09,151,279,435209572.0,453883334.57,2425,118043337.22,497,3751980.58,574777.16,3177203.42,140988.15,3318191.58,1138695.12,597208.77,273532.03,347888.59,2357324.51,3843333.87,960867.07,-2882466.8
016,2022-09,121,215,263649837.61,256646182.18,2418,108874681.38,255,2214405.19,64544.81,2149860.38,94383.02,2244243.4,571246.61,212761.79,103903.55,162462.42,1050374.36,2197203.48,1193869.04,-1003334.44
017,2022-09,220,403,506232264.36,744250914.3,3980,388038078.45,1457,5897919.32,144246.58,5753672.75,566829.07,6320501.82,2804089.17,913950.91,949901.35,609494.92,5277436.36,5899699.49,1043065.45,-4856634.03
018,2022-09,164,312,448140258.95,546401662.3,3026,403690581.1,416,5074718.46,425992.9,4648725.56,259402.98,4908128.54,533025.21,227624.68,123678.53,151614.33,1035942.75,-112670.51,3872185.8,3984856.31
019,2022-09,218,403,653954707.88,571970724.51,3641,250018610.98,1089,5336403.22,646396.14,4690007.08,459748.44,5149755.52,1127941.93,536190.66,377433.34,281387.76,2322953.69,-2298098.02,2826801.82,5124899.84
020,2022-09,142,270,346767722.83,439497606.23,2686,89586240.35,608,3427797.98,103181.66,3324616.32,249596.23,3574212.55,1461171.74,537510.58,328193.47,346051.14,2672926.92,1654167.72,901285.63,-752882.1
021,2022-09,107,195,352152832.06,334155307.86,1913,234690715.56,413,3089060.3,86369.45,3002690.85,131339.73,3134030.59,1491545.05,504905.06,241613.25,338231.7,2576295.06,1174607.36,557735.53,-616871.83
022,2022-09,127,239,400999473.06,372092801.83,2211,106952758.21,463,3483693.42,167555.69,3316137.73,124466.51,3440604.24,1537618.7,483420.77,279601.55,378544.4,2679185.42,4368358.26,761418.82,-3606939.44
023,2022-09,150,258,318490079.01,392814071.4,2400,154195894.01,620,3348775.32,84670.85,3264104.47,205952.07,3470056.54,1104200.92,455132.83,250207.13,320581.81,2130122.68,-3437429.62,1339933.87,4777363.48
024,2022-09,115,198,230347670.44,177818122.28,2388,184173284.1,496,1383886.17,47903.9,1335982.28,143227.95,1479210.23,1405912.0,479710.13,259758.33,332034.85,2477415.3,1530845.94,-998205.08,-2529051.02
025,2022-09,156,280,433066037.27,389039319.22,2937,190968370.25,798,3451387.32,300506.5,3150880.81,264054.11,3414934.92,572205.98,261086.35,154602.15,146184.65,1134079.13,2077440.17,2280855.79,203415.62
026,2022-09,166,286,311415015.05,538558710.32,2863,285683795.23,825,3614092.75,149545.47,3464547.28,243182.09,3707729.37,519664.78,265693.51,140841.78,118511.1,1044711.17,1403737.97,2663018.2,1259280.23
027,2022-09,114,188,222970060.3,343070356.36,1971,138694103.39,465,2579235.47,132740.44,2446495.03,160634.04,2607129.07,1388849.24,433909.72,228943.94,311967.3,2363670.2,2374180.25,243458.87,-2130721.38
028,2022-09,80,159,201393179.94,272214855.92,1461,53264409.18,429,2427292.66,50428.21,2376864.45,111082.84,2487947.29,561931.87,248685.66,91248.69,165309.42,1067175.64,-5166579.92,1420771.65,6587351.56
029,2022-09,78,140,211195004.49,271850154.72,1308,50153023.74,373,2302584.18,81708.65,2220875.53,52831.18,2273706.71,1498247.34,510903.84,200534.37,361755.98,2571441.53,3595440.13,-297734.82,-3893174.95
030,2022-09,83,130,185954142.07,261108807.72,1337,128653087.4,371,1886980.82,136284.03,1750696.79,83296.2,1833992.99,1525887.73,525042.49,204370.94,363370.64,2618671.81,3528941.36,-784678.82,-4313620.18
031,2022-09,80,149,175111103.08,164166227.64,1455,56528150.28,402,1511778.29,71486.29,1440292.0,57064.16,1497356.16,1456724.07,488546.42,207706.3,342774.96,2495751.76,-360697.85,-998395.6,-637697.75
032,2022-09,82,142,132142443.2,247364257.53,1270,36297253.07,420,1935528.2,66014.7,1869513.51,90652.43,1960165.93,1515119.78,471427.38,200655.33,384775.74,2571978.23,128324.15,-611812.3,-740136.45
033,2022-09,76,120,193989615.82,197112087.44,1414,66009887.88,336,1742089.11,316739.07,1425350.04,50429.97,1475780.02,1043844.39,377211.41,132466.54,217760.64,1771282.97,943708.04,-295502.95,-1239210.99
034,2022-09,56,93,70311804.5,262707356.18,927,25039032.27,383,1975010.42,20759.05,1954251.37,52662.45,2006913.82,1460920.86,411731.59,156169.69,339643.86,2368466.01,-565040.08,-361552.19,203487.89
035,2022-09,46,93,101998618.1,202633219.07,871,147812077.31,388,1619699.35,31401.95,1588297.4,41713.93,1630011.33,1386255.63,465387.54,150063.9,321555.85,2323262.93,1082714.59,-693251.6,-1775966.19
036,2022-09,39,71,50037343.78,109826076.31,666,13916014.3,191,889771.0,42261.19,847509.81,32852.93,880362.74,704547.37,279599.67,57863.6,176448.31,1218458.95,1910261.74,-338096.2,-2248357.95
037,2022-09,99,150,151442026.0,198985302.13,1409,80187410.5,711,1928170.15,34812.22,1893357.93,90628.91,1983986.83,570206.38,252744.73,107386.61,169074.58,1099412.29,277102.09,884574.54,607472.45
001,2022-10,173,338,542305248.33,472274484.41,3085,109183558.98,731,3929804.48,195547.65,3734256.83,238363.23,3972620.06,2839170.21,784856.62,723008.96,842325.66,5189361.45,-778223.22,-1216741.38,-438518.17
002,2022-10,146,287,322666352.09,282882759.3,2690,203702479.43,256,2680965.69,266137.63,2414828.07,156218.13,2571046.2,550179.13,224394.73,108402.97,128700.02,1011676.84,1367225.55,1559369.36,192143.81
003,2022-10,150,279,320685601.1,336753286.71,3074,166144025.08,400,2700724.62,151412.2,2549312.42,189945.7,2739258.12,1463375.86,421407.5,296618.07,312740.67,2494142.1,-1563467.26,245116.02,1808583.29
004,2022-10,146,294,378792622.78,345880579.35,3137,411855870.38,277,2439614.87,312054.65,2127560.22,163657.39,2291217.61,578096.26,243907.82,131584.44,149441.67,1103030.19,528652.35,1188187.43,659535.08
005,2022-10,176,327,534423519.23,434560008.08,3013,203509798.6,660,3611176.57,138597.15,3472579.42,198857.6,3671437.02,2596296.94,704165.02,565947.83,489162.22,4355572.01,55998.26,-684134.99,-740133.25
006,2022-10,157,269,458861094.02,245547462.91,2622,163223410.52,247,2463800.82,192047.61,2271753.21,131929.51,2403682.72,595447.8,191073.53,105594.37,121553.12,1013668.82,-1553939.14,1390013.9,2943953.04
007,2022-10,156,265,356176302.16,362184590.37,2479,79817816.69,220,2790490.34,362104.21,2428386.14,108336.08,2536722.22,549534.7,222444.62,103119.74,148695.75,1023794.8,2243184.9,1512927.41,-730257.48
008,2022-10,141,267,353265484.96,333390691.25,2359,52120240.0,408,2334738.45,232577.35,2102161.11,156314.15,2258475.25,1583453.45,460926.07,303881.72,443704.39,2791965.63,1056823.82,-533490.38,-1590314.2
009,2022-10,129,268,619291370.38,356495977.04,2475,133988617.98,252,3000382.99,1819868.2,1180514.79,122573.55,1303088.34,583943.64,225808.27,108065.86,161324.99,1079142.76,711662.24,223945.58,-487716.67
010,2022-10,128,241,490883542.36,313241106.55,2319,78364287.77,274,2780787.51,1268442.02,1512345.49,137438.25,1649783.74,551133.33,245039.82,103786.74,157023.28,1056983.17,222316.59,592800.57,370483.97
011,2022-10,128,238,349393541.74,270077483.19,2257,88151263.72,262,2415815.73,314262.6,2101553.13,112766.96,2214320.09,572526.91,259024.01,116068.24,216257.03,1163876.2,-2007231.31,1050443.89,3057675.2
012,2022-10,124,242,687878000.53,373010956.19,2197,236423905.68,421,3175555.49,136571.45,3038984.04,147191.76,3186175.8,1324875.61,442659.57,230126.79,251513.03,2249175.01,3157028.95,937000.79,-2220028.15
013,2022-10,156,280,453381085.87,438273789.53,2834,105695399.2,710,3676090.59,239442.2,3436648.4,161678.79,3598327.18,2756442.32,955432.77,677756.92,646978.92,5036610.92,-3474745.27,-1438283.73,2036461.54
014,2022-10,150,270,263926061.76,363468584.25,2593,63605379.54,253,2794887.83,75485.9,2719401.93,120419.23,2839821.16,560525.76,201102.79,103224.55,136343.0,1001196.1,2119568.2,1838625.06,-280943.14
015,2022-10,144,277,444275806.26,472974243.41,2611,157181223.84,538,3771713.21,579070.63,3192642.58,150643.0,3343285.58,1146121.39,600063.08,288740.39,349948.9,2384873.75,3159339.41,958411.83,-2200927.58
016,2022-10,126,216,250123867.44,255774617.88,2200,99812630.96,234,2308897.08,63271.53,2245625.55,91677.51,2337303.06,574972.13,213778.66,98558.63,163445.14,1050754.56,-1579072.45,1286548.5,2865620.95
017,2022-10,220,409,525020604.47,748461038.3,4080,468061484.81,1241,6281895.56,144567.26,6137328.3,577915.36,6715243.66,2822376.71,918319.06,917471.84,613208.85,5271376.46,-3606252.04,1443867.2,5050119.24
018,2022-10,161,307,413887548.2,543655611.71,2940,339569076.97,444,4601899.14,231116.16,4370782.97,268431.34,4639214.31,536501.46,228712.59,123990.4,152524.07,1041728.52,5834213.53,3597485.8,-2236727.73
019,2022-10,223,406,686434811.96,572338951.26,3357,117089002.37,1047,5163067.91,654801.13,4508266.78,443773.15,4952039.94,1135298.07,538753.34,364626.93,283064.93,2321743.27,3640083.38,2630296.67,-1009786.71
020,2022-10,141,270,348929514.45,441972091.09,2859,111124657.24,630,3344205.91,104313.8,3239892.11,253152.41,3493044.52,1470701.12,540079.56,342171.11,348145.85,2701097.64,1580101.65,791946.88,-788154.76
021,2022-10,106,194,362104814.74,338083102.57,1830,153469522.59,402,2974131.74,88179.37,2885952.37,117975.73,3003928.1,1501272.52,507318.21,237196.65,340288.52,2586075.9,2484933.26,417852.2,-2067081.06
022,2022-10,127,239,405122220.98,370454783.96,2207,127301663.46,463,3430418.3,168622.49,3261795.81,124288.2,3386084.01,1547646.65,485731.24,281173.1,380855.4,2695406.39,-142761.7,690677.62,833439.32
023,2022-10,156,265,363661825.28,388896437.21,2481,125750822.13,595,3170426.46,92902.66,3077523.79,205711.8,3283235.6,1111402.23,457308.09,253089.67,322509.53,2144309.51,2553803.92,1138926.08,-1414877.84
024,2022-10,117,202,219105375.43,184739393.45,2142,150465417.33,468,1482865.33,47622.48,1435242.85,137395.85,1572638.71,1415080.99,482002.86,246247.73,334053.12,2477384.7,445702.75,-904745.99,-1350448.74
025,2022-10,161,286,453015703.94,390882671.72,2938,138971363.46,841,3578286.92,306078.36,3272208.56,261486.0,3533694.55,575937.76,262334.19,158453.61,147058.22,1143783.79,-990623.06,2389910.76,3380533.82
026,2022-10,172,289,384206022.13,547828462.83,3047,351759565.46,765,3606256.75,161852.25,3444404.5,247291.73,3691696.24,523053.9,266963.37,142330.13,119214.14,1051561.54,2069688.93,2640134.69,570445.76
027,2022-10,116,193,217690092.09,342565673.48,2136,151660157.28,511,2693972.94,132377.53,2561595.41,174760.27,2736355.68,1397906.95,435983.55,244780.78,313872.47,2392543.77,-1287876.04,343811.91,1631687.95
028,2022-10,85,161,206394161.32,291146552.69,1444,44095475.25,429,2656710.96,50955.73,2605755.23,108627.54,2714382.77,565596.64,249874.23,91591.94,166299.16,1073361.98,-149303.82,1641020.79,1790324.61
029,2022-10,80,143,219741324.33,274148728.49,1274,24138248.5,392,2376502.19,83498.16,2293004.03,52394.63,2345398.66,1508018.51,513345.66,203403.72,363954.98,2588722.88,-410952.63,-243324.22,167628.41
030,2022-10,82,130,187472287.22,262035856.69,1431,191754394.92,443,1751809.52,137130.37,1614679.14,90149.59,1704828.74,1535839.17,527551.89,222374.66,365578.37,2651344.09,1839732.47,-946515.36,-2786247.83
031,2022-10,79,149,172659438.97,172152959.93,1368,45791751.19,403,1611753.09,71619.32,1540133.77,59348.91,1599482.68,1466224.44,490881.39,204321.44,344860.46,2506287.73,-173170.16,-906805.05,-733634.89
032,2022-10,80,143,135322841.14,247815522.72,1457,71507372.28,404,1937778.84,66352.77,1871426.07,103611.73,1975037.81,1525000.99,473680.53,210218.1,387126.05,2596025.67,121812.47,-620987.87,-742800.33
033,2022-10,76,119,192119764.65,202854814.97,1361,67182353.09,386,1801055.13,318143.07,1482912.06,52523.0,1535435.07,1050652.07,379014.26,136460.37,219080.1,1785206.8,380251.28,-249771.73,-630023.01
034,2022-10,56,95,71007472.56,262242522.3,932,33467201.61,428,2072615.09,20816.41,2051798.67,51344.45,2103143.12,1470448.61,413699.43,164185.71,341728.81,2390062.57,-1440860.74,-286919.45,1153941.29
035,2022-10,44,93,100249766.2,198550793.92,895,108184026.86,372,1567465.55,31541.05,1535924.5,32932.55,1568857.05,1395296.43,467611.82,149937.97,323512.14,2336358.36,98295.01,-767501.31,-865796.32
036,2022-10,42,75,53132953.96,108770552.03,599,18208156.12,200,932191.24,42529.76,889661.47,30596.39,920257.86,709142.24,280935.99,57213.49,177511.72,1224803.44,-616299.03,-304545.58,311753.45
037,2022-10,100,152,163606473.62,221792474.61,1406,101218622.24,707,2140139.09,37674.82,2102464.28,89118.23,2191582.51,573925.11,253952.7,108004.56,170086.77,1105969.14,1187238.26,1085613.37,-101624.9
001,2022-11,175,339,558138031.1,493280844.01,3207,88376929.87,649,4122255.05,198252.46,3924002.59,231124.53,4155127.13,2857566.56,788589.93,718720.04,847469.21,5212345.74,1791924.84,-1057218.61,-2849143.45
002,2022-11,150,290,337003236.82,276329650.25,2463,92437809.23,281,2372881.85,268664.21,2104217.65,140898.65,2245116.3,553744.0,225462.1,105944.32,129469.69,1014620.12,2613008.15,1230496.18,-1382511.96
003,2022-11,152,279,324651397.86,334716590.15,3219,146063682.92,448,2685182.3,152445.33,2532736.97,198799.77,2731536.74,1472857.77,423412.0,311286.07,314646.6,2522202.45,-165516.5,209334.29,374850.79
004,2022-11,144,293,420861752.83,352652649.05,2770,219522002.82,233,2570272.01,320001.95,2250270.07,132970.05,2383240.11,581842.02,245068.01,121453.24,150333.58,1098696.85,-235319.14,1284543.26,1519862.4
005,2022-11,174,325,544349857.19,441884346.13,3122,157788467.61,745,3654972.05,139857.47,3515114.58,200229.69,3715344.28,2613119.6,707514.51,595286.59,492151.93,4408072.64,5184.45,-692728.36,-697912.81
006,2022-11,156,270,460161430.42,239037558.92,3121,413828327.44,271,2247280.13,192698.96,2054581.17,176153.54,2230734.71,599305.99,191982.41,117773.47,122289.84,1031351.72,1711479.7,1199382.99,-512096.71
007,2022-11,161,266,367525148.46,380116634.91,2458,97355365.52,236,3031799.05,366493.73,2665305.33,107807.86,2773113.18,553095.4,223502.71,104423.37,149585.4,1030606.89,-311883.24,1742506.3,2054389.54
008,2022-11,141,268,357876987.52,332669284.92,2640,67920909.38,457,2301028.83,233742.09,2067286.74,164532.49,2231819.23,1593713.41,463118.55,328634.27,446407.02,2831873.24,-210034.77,-600054.01,-390019.24
009,2022-11,133,268,604141259.89,358784275.8,2415,134251970.93,269,2474409.4,1816212.26,658197.14,126633.12,784830.26,587727.29,226882.36,108407.2,162292.79,1085309.65,7193383.08,-300479.39,-7493862.47
010,2022-11,125,243,497686709.67,311489069.75,2264,80391135.22,253,2703664.92,1277498.28,1426166.64,133503.18,1559669.82,554704.39,246205.39,102037.52,157957.45,1060904.75,1064193.87,498765.07,-565428.8
011,2022-11,123,238,359311437.33,268828871.38,2380,62666345.08,281,2304098.78,317149.12,1986949.66,115295.61,2102245.27,576236.59,260256.11,121027.8,217542.21,1175062.71,2652848.71,927182.57,-1725666.15
012,2022-11,128,242,644142949.58,367477823.66,2067,184568980.52,447,3199835.76,130844.18,3068991.58,137113.04,3206104.62,1333460.12,444765.16,228677.43,253034.19,2259936.9,415090.98,946167.72,531076.74
013,2022-11,159,281,465712203.12,446757635.2,2831,167207832.74,725,3613220.52,241742.4,3371478.12,173351.78,3544829.9,2774302.63,959977.45,686239.82,650884.1,5071404.01,2065614.98,-1526574.11,-3592189.09
014,2022-11,148,272,262417844.22,365910136.19,2671,75671561.74,324,2908180.7,75628.04,2832552.66,125743.75,2958296.4,564157.67,202059.37,109361.61,137164.41,1012743.06,-671479.66,1945553.34,2617033.0
015,2022-11,152,279,438739612.12,489915420.84,2568,184550149.12,483,3966830.43,581671.84,3385158.59,157956.31,3543114.9,1153547.66,602917.38,282134.59,352009.2,2390608.84,1932626.69,1152506.06,-780120.64
016,2022-11,122,217,253660385.0,255600441.0,2457,121487819.56,231,2103695.26,64447.66,2039247.6,94436.5,2133684.1,578697.65,214795.54,104703.75,164427.86,1062624.79,1922810.03,1071059.31,-851750.72
017,2022-11,220,407,528340453.61,759266140.15,3863,428341254.04,1271,6394264.2,146888.12,6247376.08,566331.26,6813707.34,2840664.25,922687.21,911426.09,616922.78,5291700.32,610216.63,1522007.02,911790.39
018,2022-11,158,307,419553424.88,565137829.85,3115,317767895.29,464,4534524.66,168312.99,4366211.68,243180.67,4609392.35,539977.71,229800.5,129343.76,153433.81,1052555.78,4057982.57,3556836.56,-501146.01
019,2022-11,218,405,712598424.54,593044393.32,3550,240364048.05,1066,5516264.14,661177.01,4855087.13,457525.86,5312612.98,1142654.22,541316.02,376561.36,284742.1,2345273.7,-1672632.07,2967339.29,4639971.36
020,2022-11,145,273,353526006.32,440521543.99,2855,105922225.43,614,3738874.1,105396.99,3633477.1,258645.56,3892122.66,1480230.5,542648.55,342461.8,350240.55,2715581.4,-5244636.37,1176541.27,6421177.64
021,2022-11,103,195,391310284.23,326970406.06,1812,222152124.27,403,2792562.63,90329.62,2702233.01,115690.18,2817923.19,1510999.99,509731.36,237945.01,342345.34,2601021.7,849393.29,216901.49,-632491.8
022,2022-11,131,239,400938335.89,359633933.69,2434,176906557.01,445,3377366.19,168896.39,3208469.8,134488.91,3342958.72,1557674.6,488041.7,292566.54,383166.41,2721449.26,-943910.76,621509.46,1565420.22
023,2022-11,159,267,370128451.05,395580151.78,2331,279534116.23,648,3268722.82,96398.67,3172324.15,211476.64,3383800.79,1118603.54,459483.36,254424.53,324437.25,2156948.68,-53667.85,1226852.11,1280519.97
024,2022-11,118,199,197825401.41,181580894.33,2262,166955325.26,498,1390642.14,45747.21,1344894.93,136894.61,1481789.55,1424249.98,484295.59,257011.97,336071.39,2501628.93,668853.02,-1019839.39,-1688692.41
025,2022-11,155,286,456740118.96,391254741.2,3009,128433461.09,867,3503144.85,308786.18,3194358.67,264208.96,3458567.64,579669.54,263582.03,162435.04,147931.8,1153618.41,1832269.76,2304949.23,472679.47
026,2022-11,172,288,439242747.53,550907420.6,3131,403718304.36,820,3661893.35,170766.03,3491127.33,270619.98,3761747.31,526443.02,268233.23,147688.44,119917.18,1062281.87,-96252.7,2699465.43,2795718.14
027,2022-11,118,195,232785793.07,352707896.06,2107,175179062.63,487,2793696.14,134171.35,2659524.79,175142.77,2834667.55,1406964.67,438057.39,242248.24,315777.65,2403047.95,398319.1,431619.6,33300.5
028,2022-11,88,163,206360359.54,295224262.14,1414,96364026.38,406,2266075.1,50994.88,2215080.22,118094.44,2333174.66,569261.42,251062.8,90095.05,167288.9,1077708.17,5826054.32,1255466.49,-4570587.83
029,2022-11,82,145,221959526.37,277869556.01,1438,38367762.05,377,2485186.89,84091.93,2401094.96,55940.82,2457035.79,1517789.69,515787.48,212141.67,366153.99,2611872.83,-962121.39,-154837.04,807284.35
030,2022-11,80,132,191822301.99,258793635.21,1326,69530130.23,386,1918112.01,138484.19,1779627.82,80059.86,1859687.68,1545790.62,530061.28,208994.85,367786.1,2652632.86,-2106922.1,-792945.18,1313976.93
031,2022-11,77,151,178237786.14,187465945.08,1508,65231726.68,381,1756810.69,72523.97,1684286.72,60485.58,1744772.3,1475724.82,493216.35,210736.88,346945.96,2526624.01,783690.34,-781851.72,-1565542.05
032,2022-11,81,145,135339248.51,247353175.79,1568,76312763.54,452,2166391.17,66588.27,2099802.9,106950.51,2206753.41,1534882.21,475933.67,225544.75,389476.36,2625836.99,-3278293.68,-419083.59,2859210.09
033,2022-11,73,119,189341563.31,209965329.14,1193,31440573.62,321,2086333.82,319314.98,1767018.84,40761.43,1807780.27,1057459.75,380817.11,123722.91,220399.57,1782399.33,-2448217.81,25380.93,2473598.75
034,2022-11,59,99,81485458.64,268001817.99,977,52420790.0,389,2095636.55,22297.39,2073339.16,52215.87,2125555.03,1479976.35,415667.26,162726.71,343813.77,2402184.1,1173288.52,-276629.07,-1449917.59
035,2022-11,46,93,101153624.36,221306468.52,840,90526425.95,349,2012440.42,31628.24,1980812.18,37163.45,2017975.63,1404337.23,469836.1,144696.55,325468.43,2344338.31,-1825537.2,-326362.68,1499174.52
036,2022-11,44,74,55498405.87,122366752.08,676,28315302.75,192,1144625.13,42768.22,1101856.91,35164.3,1137021.21,713737.12,282272.31,59385.34,178575.12,1233969.9,-159109.42,-96948.69,62160.73
037,2022-11,96,154,178756022.58,234107656.68,1486,89742120.92,751,2281026.88,41065.28,2239961.6,93627.67,2333589.28,577643.85,255160.67,113392.06,171098.96,1117295.53,415265.85,1216293.75,801027.9
001,2022-12,176,341,572830969.9,508627946.51,3660,175665079.7,781,4173581.28,201599.31,3971981.97,257728.29,4229710.25,2875962.91,792323.24,798825.3,852612.77,5319724.22,3903232.67,-1090013.96,-4993246.63
002,2022-12,157,289,328689320.19,277542830.31,3091,171209465.91,281,2513505.31,269184.86,2244320.44,154034.44,2398354.88,557308.88,226529.48,119300.99,130239.37,1033378.72,-1653177.62,1364976.17,3018153.78
003,2022-12,151,281,327478144.99,343197198.99,3300,143328767.39,437,2746526.65,153009.64,2593517.01,186366.78,2779883.79,1482339.69,425416.5,316043.77,316552.54,2540352.5,638537.28,239531.3,-399005.98
004,2022-12,152,293,482809232.65,379793037.49,3285,254833473.26,282,2825218.5,330063.28,2495155.22,147283.97,2642439.19,585587.79,246228.2,136638.56,151225.49,1119680.03,-468939.83,1522759.15,1991698.99
005,2022-12,175,326,562894601.65,452926744.73,3234,182176772.54,790,3561968.36,142625.02,3419343.34,208197.77,3627541.11,2629942.26,710864.0,617382.37,495141.65,4453330.27,2353354.0,-825789.16,-3179143.17
006,2022-12,157,270,440752851.45,245894933.26,3217,326391753.26,276,2421396.52,191100.33,2230296.19,162131.59,2392427.77,603164.19,192891.29,120787.37,123026.57,1039869.42,-858548.45,1352558.36,2211106.81
007,2022-12,162,268,371854769.68,379262391.51,2678,117906512.09,246,3102784.57,369349.48,2733435.1,118401.32,2851836.42,556656.1,224560.81,110339.28,150475.06,1042031.25,-566987.13,1809805.17,2376792.3
008,2022-12,144,271,364249835.65,357242752.81,2745,74886113.39,508,2605750.32,234802.96,2370947.36,165229.82,2536177.18,1603973.37,465311.03,344636.08,449109.64,2863030.11,1316497.32,-326852.93,-1643350.25
009,2022-12,132,266,605551730.89,362239544.44,2713,153086137.0,276,2523250.55,1826573.82,696676.73,120026.82,816703.55,591510.94,227956.46,115902.79,163260.59,1098630.78,-927092.21,-281927.23,645164.98
010,2022-12,127,244,504328396.93,336186744.65,2494,88530520.14,280,2755464.22,1286428.23,1469035.99,146806.99,1615842.98,558275.45,247370.97,109545.68,158891.62,1074083.72,1934873.26,541759.25,-1393114.0
011,2022-12,123,240,362373694.62,283205765.54,2633,79906360.5,258,2408277.99,318900.28,2089377.71,126616.94,2215994.64,579946.27,261488.2,126616.23,218827.39,1186878.1,1134471.71,1029116.55,-105355.16
012,2022-12,129,243,672110485.58,357913817.2,2322,213599107.47,474,3070004.24,132755.01,2937249.23,132175.25,3069424.48,1342044.63,446870.75,244775.7,254555.35,2288246.42,405202.33,781178.06,375975.73
013,2022-12,158,281,478885300.48,453789087.18,3110,188893399.02,843,3822208.42,245402.56,3576805.86,176986.14,3753792.0,2792162.95,964522.14,746659.63,654789.29,5158134.01,-1234753.05,-1404342.01,-169588.96
014,2022-12,144,274,266492092.76,362879154.3,3093,89041294.3,325,2665111.73,76689.17,2588422.56,132383.03,2720805.59,567789.59,203015.95,118503.36,137985.82,1027294.72,2323652.58,1693510.87,-630141.71
015,2022-12,149,275,440450221.08,474705622.84,2571,112222741.59,562,3544187.97,585291.38,2958896.59,147220.13,3106116.71,1160973.94,605771.69,293474.95,354069.51,2414290.08,3179289.37,691826.63,-2487462.74
016,2022-12,130,225,287438589.55,253935048.64,2735,214403615.58,276,2102714.26,70675.96,2032038.31,111364.04,2143402.34,582423.17,215812.41,114677.41,165410.58,1078323.58,682455.52,1065078.77,382623.25
017,2022-12,217,409,552115891.62,769891088.76,4730,414875111.49,1512,6574763.67,149196.34,6425567.33,585094.33,7010661.66,2858951.78,927055.36,1043802.21,620636.7,5450446.06,-1315904.84,1560215.61,2876120.44
018,2022-12,152,311,402553749.82,562644266.45,3463,483409326.35,531,4344524.13,103221.18,4241302.96,269877.01,4511179.97,543453.96,230888.41,140487.44,154343.55,1069173.36,1892087.12,3442006.6,1549919.49
019,2022-12,220,408,734375954.44,604303862.88,4090,198087732.61,1179,5695671.88,667586.03,5028085.84,469928.16,5498014.01,1150010.36,543878.69,412283.97,286419.27,2392592.3,-558842.65,3105421.71,3664264.35
020,2022-12,143,273,367802098.29,432605735.6,3226,167520839.64,708,3595029.27,107152.39,3487876.88,266645.49,3754522.36,1489759.88,545217.53,376058.02,352335.26,2763370.69,1005807.17,991151.67,-14655.51
021,2022-12,103,194,405366346.81,341591044.7,2125,322143869.65,465,2897304.88,92236.2,2805068.69,131706.71,2936775.39,1520727.46,512144.51,265251.26,344402.16,2642525.39,308137.26,294250.0,-13887.25
022,2022-12,128,241,398904239.8,370290430.47,2615,191340313.98,540,3278147.42,169288.01,3108859.41,152958.23,3261817.64,1567702.55,490352.17,318219.73,385477.42,2761751.87,3542063.17,500065.78,-3041997.39
023,2022-12,161,270,371486632.84,432707639.07,2798,184051989.3,725,3823979.13,99132.29,3724846.83,217569.53,3942416.37,1125804.85,461658.63,284633.77,326364.97,2198462.21,-1438941.87,1743954.16,3182896.02
024,2022-12,115,201,201558443.93,199686162.3,2166,155937055.86,509,1769831.2,46390.5,1723440.7,131026.11,1854466.82,1433418.97,486588.33,255550.57,338089.66,2513647.53,-1755045.1,-659180.71,1095864.39
025,2022-12,153,290,462150396.56,389284398.44,3120,143395502.27,940,3370454.16,311218.55,3059235.62,270624.57,3329860.18,583401.32,264829.87,170113.38,148805.37,1167149.94,2276431.03,2162710.24,-113720.79
026,2022-12,171,294,454758319.28,556147454.35,3371,524537140.84,902,3417286.22,173514.97,3243771.25,254714.7,3498485.95,529832.13,269503.09,157663.94,120620.22,1077619.39,4107974.4,2420866.56,-1687107.84
027,2022-12,120,197,247581506.76,348477948.47,2369,157331991.47,556,2705434.42,136548.25,2568886.17,180418.47,2749304.64,1416022.38,440131.22,265282.41,317682.83,2439118.84,767019.24,310185.8,-456833.43
028,2022-12,89,164,216297206.86,292934736.66,1701,67599534.54,440,2161846.49,52020.7,2109825.79,116491.92,2226317.71,572926.19,252251.37,99681.48,168278.65,1093137.69,1192769.14,1133180.02,-59589.13
029,2022-12,85,148,238635677.11,282568021.53,1825,89420297.48,409,2437042.3,88047.36,2348994.94,59221.8,2408216.74,1527560.87,518229.3,241340.76,368352.99,2655483.92,1433889.74,-247267.18,-1681156.91
030,2022-12,87,136,201002356.75,267993272.62,1236,88888792.84,427,2062480.72,140372.53,1922108.19,87859.11,2009967.3,1555742.06,532570.68,212374.37,369993.84,2670680.94,-4341.49,-660713.64,-656372.14
031,2022-12,80,152,197382557.07,199727098.4,1655,87167064.32,387,1811876.91,75390.41,1736486.5,66523.54,1803010.04,1485225.19,495551.32,221604.31,349031.46,2551412.27,1568261.68,-748402.23,-2316663.92
032,2022-12,82,144,134081598.61,256076747.32,1919,101217562.75,498,2358990.8,66873.78,2292117.02,115096.66,2407213.67,1544763.43,478186.82,253390.12,391826.68,2668167.04,-833426.69,-260953.37,572473.32
033,2022-12,68,117,185243287.3,225435257.21,1573,54581431.02,446,2237290.55,320247.04,1917043.51,50550.11,1967593.61,1064267.43,382619.95,152894.23,221719.04,1821500.65,679625.04,146092.97,-533532.07
034,2022-12,61,100,89289598.06,259629004.15,1267,96861148.8,438,2004872.69,23494.56,1981378.13,63793.29,2045171.42,1489504.1,417635.1,186527.32,345898.73,2439565.25,720427.74,-394393.83,-1114821.56
035,2022-12,50,96,109167340.28,219226449.81,949,89679739.11,387,1999886.34,32480.17,1967406.17,32873.12,2000279.29,1413378.03,472060.38,157569.34,327424.72,2370432.46,-69158.47,-370153.17,-300994.7
036,2022-12,44,76,56200751.1,131707883.16,747,22685201.53,216,1211046.63,43124.4,1167922.23,37457.33,1205379.56,718331.99,283608.64,64545.04,179638.53,1246124.21,694092.24,-40744.64,-734836.88
037,2022-12,98,157,190183724.42,236958987.14,1500,111375578.07,823,2161831.22,42860.92,2118970.3,93877.77,2212848.08,581362.59,256368.64,119073.52,172111.14,1128915.89,2455530.72,1083932.19,-1371598.53
001,2023-01,177,340,563424367.46,503551031.48,3151,85442425.86,685,3823770.85,226740.61,3597030.24,246615.37,3843645.61,2861531.9,778101.46,709460.35,799055.67,5148149.37,3870952.24,-1304503.76,-5175456.0
002,2023-01,149,288,316147734.92,275421405.44,2471,103145313.25,244,2355948.17,300208.91,2055739.26,157467.9,2213207.16,569598.11,234732.43,109767.1,144366.83,1058464.47,646860.88,1154742.69,507881.81
003,2023-01,157,283,342154358.64,349023107.06,3011,155420696.78,400,3018700.83,169490.98,2849209.85,187448.88,3036658.73,1520331.95,443914.08,315761.17,358283.21,2638290.41,-2133576.01,398368.32,2531944.33
004,2023-01,152,295,448615865.98,376667398.86,3025,254985469.37,265,2814174.65,362729.17,2451445.48,149978.58,2601424.06,580906.63,240364.13,125576.41,138934.44,1085781.61,-127509.4,1515642.45,1643151.85
005,2023-01,173,325,551854590.85,448444054.63,3044,206904049.92,662,3418454.93,157993.61,3260461.32,218685.69,3479147.01,2641005.15,711108.39,576035.78,491435.23,4419584.55,1629825.9,-940437.54,-2570263.44
006,2023-01,153,271,418465645.25,241185312.7,2797,265642221.01,240,2415951.35,209308.53,2206642.82,142839.94,2349482.75,613334.85,197851.8,114122.46,132020.41,1057329.52,-356668.48,1292153.23,1648821.71
007,2023-01,158,267,631029235.57,385723127.84,2457,982166423.06,238,2998148.31,460695.08,2537453.23,113177.97,2650631.2,568425.58,232279.28,110264.15,165864.25,1076833.25,2898038.32,1573797.95,-1324240.37
008,2023-01,141,274,364361270.83,355733144.57,2363,67685132.72,419,2591004.99,255975.03,2335029.96,182780.64,2517810.6,1567445.26,440795.36,288654.97,376251.57,2673147.16,744207.88,-155336.56,-899544.45
009,2023-01,133,268,596972707.05,350740435.04,2428,299822414.33,238,2681600.21,2075522.33,606077.88,132687.14,738765.02,585654.31,221672.72,103336.6,148233.44,1058897.07,-3783040.76,-320132.05,3462908.71
010,2023-01,125,244,509070899.76,342341564.17,2264,105242629.02,265,2744824.28,1464336.57,1280487.72,149856.52,1430344.24,549248.9,237516.22,97923.84,138534.88,1023223.84,1143529.55,407120.4,-736409.15
011,2023-01,124,241,364169944.01,263697465.22,2238,78436980.94,261,2374020.81,359314.18,2014706.64,123692.36,2138399.0,572830.97,253065.4,111650.63,195593.69,1133140.7,-1704386.25,1005258.3,2709644.56
012,2023-01,131,244,710856593.98,342971337.04,1905,142596756.75,393,2888726.28,155785.19,2732941.09,148060.54,2881001.64,1367460.32,460236.11,225151.03,276687.53,2329534.99,-196130.89,551466.65,747597.54
013,2023-01,159,285,483764807.63,441457260.66,2632,192771618.75,656,3719774.32,272424.02,3447350.3,190193.65,3637543.95,2761041.34,935577.38,626642.31,590087.48,4913348.5,-608918.04,-1275804.55,-666886.5
014,2023-01,151,275,268103649.48,354250653.48,2598,92990220.72,268,2981299.82,85583.96,2895715.86,137503.89,3033219.75,570271.63,203152.44,105609.28,137067.1,1016100.45,-4264484.34,2017119.3,6281603.64
015,2023-01,155,277,467326403.17,486963491.25,2400,182221893.02,516,3713600.73,666463.0,3047137.73,165116.75,3212254.48,1138877.9,578257.9,261777.31,302793.7,2281706.81,-780883.92,930547.67,1711431.59
016,2023-01,132,225,322153598.46,244714194.75,2247,210468737.44,198,1968087.99,88723.68,1879364.31,97823.17,1977187.47,585532.73,216373.82,99512.78,165300.0,1066719.32,1169197.96,910468.15,-258729.81
017,2023-01,219,411,545548917.66,807418494.21,4012,654576332.99,1299,7172607.0,166082.63,7006524.37,662110.95,7668635.32,2810271.34,888570.17,883906.21,538992.95,5121740.66,761432.25,2546894.66,1785462.41
018,2023-01,157,314,430740749.76,559084020.91,3201,718139796.38,442,4655263.79,119038.77,4536225.01,300930.27,4837155.28,537363.38,223931.9,125365.61,138927.87,1025588.76,-3044575.59,3811566.51,6856142.1
019,2023-01,226,411,722309443.68,600324117.99,3649,221345373.89,1084,5732017.84,755883.23,4976134.6,523312.19,5499446.79,1156328.57,545461.7,386891.3,286467.29,2375148.86,-220439.46,3124297.93,3344737.39
020,2023-01,141,272,368723238.27,413630250.62,2369,113319002.13,557,3589909.29,119059.85,3470849.44,286157.54,3757006.98,1472262.28,528215.14,297653.78,316248.84,2614380.05,-3183439.19,1142626.93,4326066.13
021,2023-01,100,196,404379284.69,345366436.53,1897,203653774.91,358,3490068.18,105302.94,3384765.24,122605.42,3507370.66,1514252.01,503720.1,232356.11,324159.75,2574487.97,-6420261.6,932882.69,7353144.3
022,2023-01,128,243,387466396.49,388459670.12,2177,142742418.97,445,3440066.8,189999.23,3250067.57,142030.58,3392098.16,1622687.1,521138.97,305705.46,462105.76,2911637.28,2176266.91,480460.87,-1695806.03
023,2023-01,158,271,425119127.0,442843372.96,2491,203594871.55,640,4119175.1,120407.23,3998767.87,247283.0,4246050.87,1135092.58,465543.76,265892.0,332114.27,2198642.61,-1265903.58,2047408.27,3313311.84
024,2023-01,123,208,206012353.95,192202892.07,1952,112669990.95,467,1936874.25,48607.83,1888266.41,150183.98,2038450.4,1461156.64,501547.6,250674.08,368431.05,2581809.36,-3278835.17,-543358.97,2735476.2
025,2023-01,145,291,454243342.16,380635461.73,2864,127666914.33,773,3192582.82,351485.68,2841097.14,311803.41,3152900.55,589727.29,268434.19,158011.73,153902.87,1170076.08,368126.32,1982824.47,1614698.15
026,2023-01,171,294,466319284.12,547501001.02,2872,370297521.74,727,5215386.03,198435.22,5016950.81,286032.83,5302983.63,534116.23,271682.66,140440.72,122619.48,1068859.1,-22813462.83,4234124.54,27047587.36
027,2023-01,122,201,248897137.94,348780980.75,2078,174908011.22,457,2805062.69,155401.17,2649661.52,191444.13,2841105.64,1433576.8,447493.86,244769.23,331660.22,2457500.11,-1173540.86,383605.54,1557146.4
028,2023-01,90,170,220870730.89,311718304.19,1455,63612693.29,370,2540870.97,59583.87,2481287.11,148038.53,2629325.64,580475.94,256866.72,92085.77,176590.27,1106018.69,-550193.91,1523306.95,2073500.86
029,2023-01,88,152,235900356.04,278639765.95,1400,70873036.16,359,2363770.98,98549.03,2265221.95,63735.04,2328956.99,1476632.4,480366.73,188906.72,288082.78,2433988.63,857655.9,-105031.64,-962687.54
030,2023-01,88,140,214003780.33,260221427.53,1352,135216732.83,362,1972601.87,160179.66,1812422.21,109291.4,1921713.62,1583714.09,547468.13,217835.43,399824.77,2748842.42,35687.68,-827128.8,-862816.48
031,2023-01,85,155,209056063.34,202872642.58,1282,76518819.18,373,2019135.67,87172.07,1931963.6,70105.3,2002068.9,1461883.07,476247.28,188086.55,305610.26,2431827.15,-1933856.9,-429758.25,1504098.64
032,2023-01,85,151,133441973.4,256396034.24,1599,98189012.54,445,2363999.11,74914.57,2289084.54,117343.55,2406428.09,1540884.5,471972.86,224730.43,372920.76,2610508.55,212265.41,-204080.46,-416345.87
033,2023-01,73,121,181784364.71,237473650.95,1337,49039152.93,363,2362444.54,360381.09,2002063.44,51398.28,2053461.72,1090461.09,398464.5,143085.29,249570.06,1881580.94,189965.41,171880.78,-18084.63
034,2023-01,61,102,89478730.2,263787843.5,1061,37407865.31,387,2044270.58,26647.17,2017623.42,67709.27,2085332.69,1469422.78,403190.54,160810.87,307393.18,2340817.37,-182990.04,-255484.68,-72494.65
035,2023-01,56,98,103830623.04,215977441.41,926,127259066.77,335,1937823.04,36414.87,1901408.17,50505.44,1951913.61,1395180.78,456294.32,142157.22,291898.57,2285530.9,701087.26,-333617.29,-1034704.55
036,2023-01,46,78,81207218.54,134854205.08,634,73831089.74,173,1201516.76,52877.55,1148639.21,50858.29,1199497.5,733746.73,293538.19,59964.75,198384.39,1285634.06,825785.96,-86136.56,-911922.52
037,2023-01,97,158,197453119.34,243817703.87,1376,82349303.2,757,2253055.33,49186.42,2203868.92,115382.73,2319251.64,593013.36,264607.96,117230.98,188469.48,1163321.77,852629.64,1155929.87,303300.23
001,2023-02,180,340,586080635.36,527083168.92,3390,190854532.9,706,4341018.31,230934.77,4110083.54,258422.41,4368505.95,2879719.6,781750.56,741440.61,803849.78,5206760.56,-1668855.23,-838254.61,830600.62
002,2023-02,150,287,325339446.14,284638047.7,2570,90314347.68,254,2512068.09,302914.19,2209153.9,157079.69,2366233.59,573218.44,235833.27,113114.8,145214.22,1067380.72,-63251.29,1298852.86,1362104.15
003,2023-02,156,283,352957176.84,360692446.63,3053,159178149.95,432,3063123.34,171231.32,2891892.02,198872.1,3090764.12,1529995.08,445995.93,324233.75,360425.52,2660650.27,3103276.0,430113.84,-2673162.16
004,2023-02,151,295,428981655.68,381762138.52,3222,259789413.48,258,2829962.45,358716.64,2471245.81,166753.59,2637999.4,584598.84,241491.38,130162.57,139749.75,1096002.54,2513140.16,1541996.86,-971143.3
005,2023-02,167,323,548390839.4,519694456.42,3074,211545706.02,735,4700809.8,156391.06,4544418.74,229168.75,4773587.48,2657791.2,714443.31,597021.21,494385.06,4463640.78,-2349047.44,309946.71,2658994.14
006,2023-02,159,272,442483786.36,235819729.46,3001,302023648.71,242,2535559.3,213499.85,2322059.45,161429.67,2483489.12,617233.17,198779.68,119295.54,132805.87,1068114.26,-2316937.88,1415374.86,3732312.74
007,2023-02,151,270,862298077.73,394887166.09,2537,611644427.16,225,3351655.89,501830.41,2849825.48,122433.3,2972258.78,572038.45,233368.61,112131.19,166838.3,1084376.55,-302361.33,1887882.23,2190243.56
008,2023-02,142,273,368102686.94,357851816.54,2496,62080358.24,493,2624727.53,256687.39,2368040.15,184701.75,2552741.9,1577407.83,442862.59,307677.52,378505.4,2706453.33,127257.42,-153711.44,-280968.85
009,2023-02,135,271,596738822.01,352286360.72,2493,236717533.87,236,2665648.56,2091180.69,574467.87,138680.01,713147.87,589376.69,222712.31,105387.76,149107.79,1066584.55,912847.35,-353436.68,-1266284.02
010,2023-02,127,244,526084552.67,341877235.83,2350,103809519.72,239,2502169.58,1477329.55,1024840.03,149720.16,1174560.19,552739.89,238630.11,98825.32,139345.72,1029541.04,2896718.05,145019.15,-2751698.9
011,2023-02,123,242,356505297.07,268401763.51,2323,81530799.46,245,2428669.4,360103.16,2068566.23,123592.57,2192158.8,576471.85,254252.22,113374.97,196737.01,1140836.05,32637.49,1051322.76,1018685.27
012,2023-02,133,246,686977779.76,358013118.79,2182,268392441.68,443,3397993.89,160637.95,3237355.94,153189.86,3390545.8,1376151.8,462394.5,246289.94,278330.05,2363166.3,-4838212.42,1027379.49,5865591.91
013,2023-02,160,283,490605058.0,423104580.82,2717,150545324.17,725,3638467.42,275382.9,3363084.52,190097.64,3553182.16,2778590.33,939965.0,655383.77,593589.2,4967528.3,-1787083.14,-1414346.14,372736.99
014,2023-02,151,276,280123395.28,356753609.83,2648,77026927.91,285,2967674.39,87036.25,2880638.14,130037.02,3010675.16,573896.24,204105.18,108297.15,137878.3,1024176.87,926603.25,1986498.29,1059895.05
015,2023-02,154,282,482356409.88,485577733.91,2733,220310859.98,533,3846251.92,673823.32,3172428.6,173557.7,3345986.29,1146116.53,580969.79,280515.36,304548.34,2312150.02,-1430716.99,1033836.27,2464553.26
016,2023-02,130,225,350101780.25,238505628.3,2212,132768088.32,243,1909434.65,96275.88,1813158.77,110672.58,1923831.34,589254.34,217388.56,102109.72,166276.32,1075028.93,-281969.95,848802.41,1130772.37
017,2023-02,213,412,588998611.98,807060487.72,4303,492273853.3,1436,7011120.72,170710.36,6840410.36,633871.98,7474282.34,2828133.23,892737.34,942323.46,542203.01,5205397.05,3099214.57,2268885.3,-830329.27
018,2023-02,161,310,474019633.43,556600119.86,3393,321548717.06,454,4692143.15,123244.07,4568899.08,292408.32,4861307.4,540778.83,224982.09,130106.64,139742.79,1035610.35,-169935.32,3825697.05,3995632.37
019,2023-02,220,414,753668916.86,613217883.32,3893,280582792.1,1131,6012012.11,768414.75,5243597.36,524793.12,5768390.48,1163678.11,548019.78,404193.0,288135.07,2404025.97,-946454.4,3364364.51,4310818.91
020,2023-02,144,275,357804723.25,448878194.14,2637,112983225.16,652,4116249.58,117595.51,3998654.07,302552.5,4301206.57,1481619.88,530692.34,326237.47,318119.77,2656669.46,-292671.86,1644537.11,1937208.97
021,2023-02,100,196,470465349.45,341400868.6,2021,209321570.77,397,3554894.3,112947.29,3441947.01,121881.53,3563828.54,1523876.49,506082.42,245916.24,326085.26,2601960.42,-2048048.41,961868.13,3009916.53
022,2023-02,132,245,385883094.3,385802557.4,2260,196990514.75,446,3407410.6,192157.38,3215253.22,157218.46,3372471.68,1633000.78,523582.98,313028.59,464855.71,2934468.06,201580.33,438003.62,236423.28
023,2023-02,160,277,479134370.22,438935765.91,2796,599725574.5,645,3981852.62,134201.24,3847651.38,256986.56,4104637.94,1142307.15,467727.04,281196.53,334064.22,2225294.94,1053656.79,1879343.0,825686.21
024,2023-02,122,208,206124316.88,190503734.61,2300,238748268.63,494,1882773.62,45102.23,1837671.4,160578.41,1998249.81,1470443.65,503899.73,273812.54,370615.9,2618771.82,411721.32,-620522.01,-1032243.33
025,2023-02,153,296,461789733.42,378674806.47,3121,172425985.09,875,3109998.43,353219.19,2756779.24,308891.7,3065670.95,593475.56,269693.08,170967.12,154800.86,1188936.62,1167117.94,1876734.33,709616.39
026,2023-02,176,300,457440196.02,558047466.61,3054,290293005.55,775,5215656.75,198502.56,5017154.2,277429.36,5294583.56,537511.04,272956.79,147799.32,123329.96,1081597.1,1726110.89,4212986.46,2486875.57
027,2023-02,128,203,259679789.99,358799411.87,2204,203230582.01,530,2757025.47,158808.17,2598217.3,185143.51,2783360.81,1442688.51,449592.5,262670.34,333636.77,2488588.12,1860425.8,294772.7,-1565653.11
028,2023-02,92,172,222907468.57,310033723.71,1559,99055515.24,371,2466746.35,60699.38,2406046.97,160758.44,2566805.41,584165.4,258071.37,95394.08,177622.4,1115253.25,918722.54,1451552.15,532829.61
029,2023-02,87,152,247210527.34,296698333.12,1360,50170365.85,354,2407545.08,100813.3,2306731.79,68479.93,2375211.72,1486017.78,482619.53,187497.08,289796.0,2445930.38,2385913.18,-70718.67,-2456631.84
030,2023-02,89,142,213622921.7,271532867.1,1410,102919943.01,435,2288411.81,160966.43,2127445.38,114474.42,2241919.8,1593780.07,550035.62,235292.71,402194.9,2781303.3,-1299589.41,-539383.49,760205.91
031,2023-02,86,155,248389336.44,205875431.94,1585,162033671.07,417,1980559.87,91684.56,1888875.32,76660.6,1965535.92,1471174.7,478480.76,211914.7,307427.58,2468997.73,1101399.21,-503461.81,-1604861.02
032,2023-02,87,153,138271008.74,237182719.17,1680,81780436.15,492,2024380.04,75889.88,1948490.16,114634.63,2063124.79,1550678.26,474186.3,238034.04,375145.32,2638043.91,510192.48,-574919.13,-1085111.6
033,2023-02,75,124,185538870.63,245576057.77,1285,64061343.37,397,2395861.35,363574.83,2032286.52,48980.23,2081266.75,1097391.99,400333.2,146276.2,251045.03,1895046.41,897468.89,186220.34,-711248.55
034,2023-02,63,104,89778876.98,264854777.86,1146,70940279.21,379,1973731.76,26782.13,1946949.63,73790.92,2020740.55,1478762.33,405081.4,165724.12,309236.68,2358804.53,991415.71,-338063.98,-1329479.68
035,2023-02,60,102,96894279.67,217706386.18,828,42838221.7,354,1930068.48,36095.63,1893972.86,37100.59,1931073.45,1404048.46,458434.23,141419.91,293633.99,2297536.59,571949.88,-366463.15,-938413.03
036,2023-02,49,80,107226796.18,145680004.5,800,18306103.16,198,1358825.63,57441.97,1301383.66,50445.38,1351829.04,738410.38,294914.81,68830.0,199550.86,1301706.05,543143.7,50122.99,-493020.71
037,2023-02,101,163,201546194.93,243195483.9,1462,63110570.21,773,2112162.1,49880.59,2062281.51,117255.18,2179536.69,596782.51,265848.9,121457.47,189570.49,1173659.38,2704470.95,1005877.31,-1698593.64
001,2023-03,180,341,601493559.64,539458146.36,3371,158383689.47,754,4693208.32,233581.28,4459627.03,257651.61,4717278.64,2897907.3,785399.67,756753.14,808643.9,5248704.01,-2681861.64,-531425.37,2150436.27
002,2023-03,143,289,369033977.85,278479348.27,2503,192514291.42,237,2437517.79,310821.29,2126696.5,162492.89,2289189.39,576838.76,236934.1,111403.19,146061.61,1071237.66,-127099.72,1217951.73,1345051.45
003,2023-03,157,281,350290015.87,357606886.09,2827,135039921.33,442,2731226.64,171094.62,2560132.03,186210.21,2746342.24,1539658.2,448077.77,315589.35,362567.83,2665893.16,3103181.69,80449.07,-3022732.61
004,2023-03,153,296,469676427.22,367975545.81,2948,275045745.62,251,2644679.03,367630.77,2277048.27,142470.2,2419518.46,588291.04,242618.63,124500.06,140565.06,1095974.78,235007.56,1323543.68,1088536.12
005,2023-03,170,323,542106085.72,520633230.17,2959,214340749.68,723,4960780.56,155632.05,4805148.51,236921.34,5042069.86,2674577.25,717778.24,589044.32,497334.88,4478734.69,-1789552.06,563335.17,2352887.22
006,2023-03,159,272,458335565.34,241500463.7,2774,295099435.64,228,2510700.21,216468.47,2294231.74,131436.48,2425668.22,621131.48,199707.55,114373.08,133591.33,1068803.45,1314236.85,1356864.77,42627.92
007,2023-03,154,272,810805095.22,387640241.94,3034,361122168.65,270,3134949.64,496883.14,2638066.5,123673.33,2761739.83,575651.33,234457.94,126681.1,167812.35,1104602.73,1935781.22,1657137.11,-278644.11
008,2023-03,139,273,367258066.85,361240111.39,2698,113874121.49,456,2535015.73,255766.75,2279248.98,194560.83,2473809.82,1587370.41,444929.81,314861.39,380759.22,2727920.83,1726839.54,-254111.02,-1980950.56
009,2023-03,137,271,620352416.88,350322560.8,2629,191095172.02,268,2614677.63,2109816.73,504860.91,135796.53,640657.44,593099.07,223751.9,110719.48,149982.13,1077552.58,162433.43,-436895.15,-599328.57
010,2023-03,126,243,530343215.88,342880355.66,2299,134295566.19,259,2530140.33,1487958.73,1042181.6,156773.5,1198955.11,556230.88,239744.01,99440.53,140156.55,1035571.96,1793034.01,163383.14,-1629650.87
011,2023-03,124,243,357525365.05,270336215.74,2432,104808583.77,271,2195869.31,362033.02,1833836.29,127852.8,1961689.09,580112.72,255439.03,118394.08,197880.33,1151826.17,3183158.29,809862.92,-2373295.37
012,2023-03,130,245,600818930.54,384637501.82,2125,209566945.48,418,3685475.81,156395.5,3529080.31,150331.99,3679412.3,1384843.29,464552.9,242122.09,279972.57,2371490.84,2132836.3,1307921.46,-824914.84
013,2023-03,163,285,510079860.21,423602319.68,2803,187344583.02,717,3570026.73,279275.43,3290751.3,187027.74,3477779.05,2796139.32,944352.63,665455.23,597090.92,5003038.11,2039978.62,-1525259.06,-3565237.68
014,2023-03,157,277,298670425.38,360009676.09,2695,112158634.79,271,3103478.32,90240.61,3013237.71,138836.99,3152074.7,577520.84,205057.92,109204.9,138689.5,1030473.16,-865308.47,2121601.54,2986910.01
015,2023-03,153,282,472629174.51,484649497.33,2743,150221079.9,458,3682589.23,677952.86,3004636.37,168522.27,3173158.64,1153355.16,583681.67,273780.41,306302.98,2317120.23,3093856.01,856038.41,-2237817.6
016,2023-03,124,225,359174238.47,226844078.24,2687,181279203.49,239,2084111.5,98858.8,1985252.7,108688.71,2093941.41,592975.95,218403.3,113176.62,167252.64,1091808.5,-4080892.11,1002132.91,5083025.02
017,2023-03,223,415,626226657.24,855590823.55,4152,285207562.6,1357,7527775.29,175630.86,7352144.43,630165.81,7982310.23,2845995.13,896904.52,919883.01,545413.08,5208195.73,2671167.78,2774114.5,102946.73
018,2023-03,165,312,493713171.47,577825168.03,3368,415559748.32,456,5009059.58,126224.99,4882834.59,276537.47,5159372.06,544194.27,226032.28,130819.89,140557.72,1041604.16,790523.77,4117767.9,3327244.13
019,2023-03,218,416,798978273.63,618156283.89,3517,259414638.9,1112,5840852.02,777386.89,5063465.13,516486.6,5579951.73,1171027.66,550577.86,390157.61,289802.85,2401565.99,3930410.55,3178385.74,-752024.81
020,2023-03,149,277,350033526.52,460820080.08,2828,144347523.42,634,4210027.71,117547.2,4092480.51,296688.15,4389168.66,1490977.48,533169.54,335755.45,319990.69,2679893.17,1324452.06,1709275.49,384823.43
021,2023-03,108,199,454588252.86,331678162.82,1966,358479765.25,439,3249228.6,113141.41,3136087.19,139357.83,3275445.02,1533500.98,508444.75,250841.65,328010.78,2620798.15,2402073.63,654646.87,-1747426.76
022,2023-03,131,246,401840121.2,383789426.05,2167,142391236.15,469,3307434.24,198959.41,3108474.83,143452.62,3251927.45,1643314.47,526027.0,312933.1,467605.65,2949880.23,989594.44,302047.22,-687547.22
023,2023-03,164,279,483550429.38,440404309.37,2496,107472314.4,647,3922409.12,141944.35,3780464.77,246061.34,4026526.1,1149521.72,469910.33,270863.59,336014.17,2226309.81,1187693.0,1800216.29,612523.29
024,2023-03,122,210,216125957.58,185834656.0,2255,202810659.47,455,1773443.94,46630.88,1726813.06,179493.9,1906306.96,1479730.66,506251.87,268268.35,372800.76,2627051.63,497589.49,-720744.67,-1218334.16
025,2023-03,154,298,472287593.67,381613277.58,2998,171630010.05,794,3145162.7,355046.99,2790115.71,323182.77,3113298.48,597223.83,270951.97,164749.32,155698.84,1188623.97,171208.28,1924674.51,1753466.23
026,2023-03,177,299,465654709.06,558380709.15,3041,466718983.67,814,5226712.08,199285.46,5027426.62,294416.6,5321843.22,540905.85,274230.91,150477.41,124040.44,1089654.61,113231.99,4232188.61,4118956.62
027,2023-03,128,202,288374641.55,389000633.06,2368,327357374.42,516,3161379.4,164377.52,2997001.88,214753.47,3211755.35,1451800.23,451691.13,270733.54,335613.32,2509838.22,204096.3,701917.13,497820.82
028,2023-03,94,174,229105201.5,333408273.09,1575,59819476.92,444,2772715.46,62110.27,2710605.18,147987.98,2858593.16,587854.87,259276.01,101411.81,178654.54,1127197.22,754691.79,1731395.94,976704.15
029,2023-03,92,153,240480527.64,305523143.3,1685,72869893.81,379,2470829.01,100735.81,2370093.2,72233.69,2442326.88,1495403.15,484872.33,209935.58,291509.21,2481720.27,683266.34,-39393.39,-722659.73
030,2023-03,90,145,206703752.86,277903272.35,1533,128261989.82,421,2222271.83,160928.68,2061343.15,106780.71,2168123.86,1603846.05,552603.11,242723.09,404565.03,2803737.27,2362003.74,-635613.42,-2997617.16
031,2023-03,86,158,297038981.61,214125454.97,1570,82543833.11,387,2035764.2,102317.89,1933446.3,73469.34,2006915.64,1480466.32,480714.24,208505.08,309244.89,2478930.53,3211004.61,-472014.89,-3683019.5
032,2023-03,87,153,135861293.72,234833535.57,1633,81728268.03,438,1984701.13,75318.7,1909382.43,117823.8,2027206.23,1560472.01,476399.74,228790.23,377369.89,2643031.87,173549.59,-615825.64,-789375.23
033,2023-03,76,126,191768967.08,278322453.12,1490,74034825.53,401,2869025.5,367296.69,2501728.8,56054.56,2557783.37,1104322.89,402201.9,156730.31,252519.99,1915775.09,495360.46,642008.28,146647.81
034,2023-03,62,107,97905687.14,264438653.1,1193,75150685.03,388,1785860.29,28157.65,1757702.64,72614.47,1830317.12,1488101.88,406972.27,171061.3,311080.17,2377215.62,3860748.26,-546898.5,-4407646.76
035,2023-03,60,103,100689829.94,219734067.45,922,32318950.5,380,1892416.74,37217.63,1855199.11,41608.08,1896807.19,1412916.13,460574.14,151441.88,295369.42,2320301.57,874662.03,-423494.37,-1298156.4
036,2023-03,51,81,109251075.14,141031416.26,782,19734913.16,179,1438744.5,57976.92,1380767.58,50923.21,1431690.79,743074.02,296291.43,67039.51,200717.33,1307122.28,-1710795.82,124568.5,1835364.32
037,2023-03,103,167,213189076.07,248046940.62,1561,92510802.62,746,2183638.06,51065.08,2132572.98,129445.61,2262018.59,600551.66,267089.85,123225.27,190671.5,1181538.28,-175527.56,1080480.31,1256007.86
001,2023-04,181,339,605423580.55,536990621.94,3362,142610993.36,787,4693208.41,235083.27,4458125.14,262053.34,4720178.48,2916095.01,789048.77,768319.47,813438.02,5286901.26,-222432.09,-566722.78,-344290.69
002,2023-04,147,290,393605398.28,275556374.04,2639,175766705.13,240,2427041.03,316677.47,2110363.56,160959.89,2271323.45,580459.09,238034.94,115266.49,146908.99,1080669.52,161488.44,1190653.93,1029165.49
003,2023-04,161,283,350457747.22,380422970.26,2987,164849028.42,477,3125230.33,169296.17,2955934.15,203310.95,3159245.11,1549321.33,450159.62,331084.4,364710.14,2695275.5,-1632913.29,463969.61,2096882.9
004,2023-04,156,299,477884884.67,383203279.21,3101,378686235.41,234,2725886.38,371543.98,2354342.4,161760.33,2516102.73,591983.24,243745.88,127718.86,141380.36,1104828.34,2153631.08,1411274.39,-742356.69
005,2023-04,165,320,541309380.71,512495756.49,2915,177498007.64,661,4827272.38,154997.83,4672274.55,219134.11,4891408.66,2691363.3,721113.16,574917.77,500284.71,4487678.94,-759731.04,403729.71,1163460.75
006,2023-04,164,273,490321027.95,244260624.53,2959,284801003.3,277,2466804.84,220840.9,2245963.94,143541.76,2389505.7,625029.79,200635.43,121990.16,134376.8,1082032.18,822079.6,1307473.52,485393.91
007,2023-04,150,271,748325295.53,394006380.87,2608,562228710.03,252,3401602.77,488569.14,2913033.62,115185.81,3028219.43,579264.2,235547.28,116724.77,168786.4,1100322.65,-3790019.2,1927896.79,5717915.99
008,2023-04,140,273,377283259.34,368914883.57,2502,93741572.66,478,2814541.47,257784.23,2556757.24,184476.44,2741233.69,1597332.99,446997.03,309769.67,383013.05,2737112.74,-998491.44,4120.95,1002612.38
009,2023-04,141,271,648322085.73,349422197.13,2524,175244609.92,217,2615161.83,2130447.86,484713.97,131812.93,616526.91,596821.45,224791.49,106248.09,150856.48,1078717.51,553760.95,-462190.6,-1015951.55
010,2023-04,125,243,532395469.91,326555545.7,2221,59380437.54,275,2432936.62,1499072.6,933864.01,146241.18,1080105.19,559721.87,240857.9,99311.45,140967.39,1040858.61,-1803032.47,39246.59,1842279.05
011,2023-04,127,246,389276288.28,273905561.54,2408,149707563.61,230,2163138.27,369029.18,1794109.09,122392.15,1916501.24,583753.6,256625.85,116070.86,199023.65,1155473.96,1142896.13,761027.28,-381868.85
012,2023-04,130,246,549192552.84,389403592.4,2004,121174966.28,481,3593385.12,150621.1,3442764.02,156494.4,3599258.42,1393534.77,466711.29,245931.0,281615.09,2387792.16,2271612.15,1211466.26,-1060145.89
013,2023-04,161,283,516450394.27,429808244.83,2847,145505898.6,771,3788856.82,281546.17,3507310.65,198004.18,3705314.83,2813688.31,948740.26,687395.57,600592.64,5050416.78,-393791.9,-1345101.96,-951310.06
014,2023-04,156,278,312396424.89,364238242.1,2792,87939058.69,288,3146489.09,92886.94,3053602.15,136389.53,3189991.67,581145.45,206010.65,112969.51,139500.71,1039626.32,285922.42,2150365.36,1864442.93
015,2023-04,149,283,478175861.35,470915960.03,2531,250147336.81,523,3501211.21,683853.3,2817357.92,181050.24,2998408.16,1160593.79,586393.56,273913.47,308057.62,2328958.44,411476.82,669449.71,257972.89
016,2023-04,128,229,372452320.98,240173035.94,2547,181527008.13,223,2054084.95,103636.08,1950448.87,103878.07,2054326.94,596697.55,219418.04,109969.01,168228.96,1094313.56,660027.97,960013.38,299985.41
017,2023-04,220,414,623268227.98,876500578.74,4325,404740327.68,1334,8207235.16,176201.89,8031033.27,656883.58,8687916.85,2863857.02,901071.69,934206.95,548623.14,5247758.81,1307307.55,3440158.05,2132850.5
018,2023-04,169,316,555317236.31,570768223.22,3664,675142322.65,469,4791073.98,134117.83,4656956.15,312721.75,4969677.9,547609.72,227082.46,138111.93,141372.65,1054176.76,1672060.14,3915501.14,2243441.0
019,2023-04,224,420,810450266.76,654079051.41,3797,371328462.98,1119,6243740.46,774434.02,5469306.43,553653.85,6022960.28,1178377.21,553135.95,405168.75,291470.63,2428152.53,2285948.15,3594807.75,1308859.6
020,2023-04,148,279,363567003.74,459681804.34,2897,114448445.98,689,3974163.64,120743.3,3853420.34,298162.77,4151583.11,1500335.08,535646.74,349119.68,321861.62,2706963.12,2908340.16,1444619.99,-1463720.17
021,2023-04,107,200,399239317.56,370877480.84,1812,264469794.27,409,3565124.61,109244.16,3455880.45,130023.88,3585904.33,1543125.46,510807.07,240187.67,329936.3,2624056.5,3458085.55,961847.83,-2496237.72
022,2023-04,132,250,429893204.65,390028481.02,2323,146316746.34,467,3537286.01,205852.14,3331433.88,148843.02,3480276.9,1653628.16,528471.01,325238.28,470355.6,2977693.05,-2774392.12,502583.85,3276975.97
023,2023-04,166,283,489493426.66,431006602.4,2676,274101309.68,692,3698695.73,146925.53,3551770.2,263472.6,3815242.8,1156736.29,472093.62,285637.03,337964.12,2252431.06,1406086.43,1562811.74,156725.32
024,2023-04,121,213,229024746.82,190816101.5,2224,158052723.92,533,1718831.67,48730.48,1670101.19,156734.03,1826835.22,1489017.68,508604.0,279885.05,374985.61,2652492.34,1658751.17,-825657.12,-2484408.29
025,2023-04,163,302,502941666.51,382441068.78,2880,180288916.14,786,3375958.19,363422.3,3012535.89,305481.04,3318016.92,600972.1,272210.86,163017.04,156596.83,1192796.82,-2381578.73,2125220.1,4506798.84
026,2023-04,180,302,518504357.39,554748955.11,3345,446848392.62,846,4838191.05,205993.43,4632197.62,303472.35,4935669.97,544300.65,275505.04,159089.71,124750.91,1103646.32,4132050.21,3832023.65,-300026.56
027,2023-04,128,202,331801727.79,397514269.94,2095,198336796.33,491,3241518.27,171304.23,3070214.04,179063.43,3249277.47,1460911.95,453789.77,255559.85,337589.87,2507851.44,613118.02,741426.03,128308.02
028,2023-04,93,174,220750804.22,342360880.54,1768,169856079.35,458,2634205.28,61576.96,2572628.32,157699.19,2730327.51,591544.33,260480.65,107719.48,179686.68,1139431.14,2971762.22,1590896.37,-1380865.85
029,2023-04,93,154,223096158.83,315504276.17,1617,70916169.53,371,2518893.01,98823.89,2420069.12,79210.42,2499279.54,1504788.53,487125.13,206577.33,293222.42,2491713.42,649335.92,7566.12,-641769.8
030,2023-04,89,146,195837578.35,276395377.17,1539,172076043.24,372,2369410.83,160955.99,2208454.84,122154.63,2330609.47,1613912.03,555170.6,236629.06,406935.15,2812646.84,-1390999.99,-482037.37,908962.62
031,2023-04,85,161,299720341.22,201692953.75,1480,56259447.87,405,1951340.04,109158.72,1842181.32,70783.46,1912964.78,1489757.95,482947.72,208000.94,311062.21,2491768.82,-1201188.5,-578804.04,622384.46
032,2023-04,91,153,141017097.65,254321329.09,1526,65839735.75,423,2375106.68,76479.71,2298626.97,110530.83,2409157.8,1570265.77,478613.17,222287.7,379594.45,2650761.09,-1388109.3,-241603.29,1146506.01
033,2023-04,81,131,192403253.11,280393605.28,1430,67444055.15,387,2751663.49,369937.39,2381726.1,53863.79,2435589.88,1111253.78,404070.6,154067.67,253994.96,1923387.01,1746826.82,512202.87,-1234623.95
034,2023-04,64,111,107212423.75,251928183.63,1110,43058981.7,425,1652645.76,29894.89,1622750.86,71318.67,1694069.54,1497441.43,408863.13,173439.99,312923.67,2392668.22,-619318.14,-698598.68,-79280.55
035,2023-04,63,105,121756649.47,219951831.43,964,151838851.8,383,1885554.68,40006.06,1845548.63,44241.37,1889790.0,1421783.81,462714.05,155398.42,297104.84,2337001.12,80293.87,-447211.12,-527504.99
036,2023-04,53,83,110359996.9,148533463.47,864,28928668.55,187,1463624.07,58526.19,1405097.88,56471.7,1461569.58,747737.67,297668.05,71239.68,201883.79,1318529.19,978075.15,143040.39,-835034.76
037,2023-04,105,171,228233648.2,254262276.61,1715,122349525.18,696,2259533.49,52477.17,2207056.32,131288.48,2338344.8,604320.81,268330.8,124685.62,191772.52,1189109.74,-466172.65,1149235.06,1615407.71
001,2023-05,179,336,616256983.18,543184153.94,3271,149262191.54,728,4717651.64,238271.95,4479379.69,260141.3,4739520.99,2934282.71,792697.88,749383.38,818232.13,5294596.1,1716537.52,-555075.11,-2271612.63
002,2023-05,150,290,397676963.49,273515784.59,2609,163673722.08,249,2454619.69,309228.25,2145391.44,160382.79,2305774.23,584079.42,239135.78,115805.7,147756.38,1086777.27,-757659.95,1218996.96,1976656.91
003,2023-05,166,283,342927418.17,421391131.64,2871,140421583.58,424,3444731.6,166353.88,3278377.72,187352.77,3465730.49,1558984.46,452241.47,320425.58,366852.46,2698503.96,3369369.49,767226.53,-2602142.96
004,2023-05,157,301,457675414.81,381300297.78,3009,381603809.29,261,2658814.11,369976.31,2288837.81,153519.17,2442356.97,595675.44,244873.13,128186.6,142195.67,1110930.84,5205442.86,1331426.13,-3874016.72
005,2023-05,166,320,569932527.3,525546181.2,2976,211014922.04,725,5158246.52,161030.55,4997215.97,224308.84,5221524.81,2708149.35,724448.09,597176.17,503234.54,4533008.15,-842089.35,688516.67,1530606.01
006,2023-05,162,273,500324314.22,241276120.45,2706,344505448.27,240,2383394.44,224972.77,2158421.67,160787.15,2319208.82,628928.11,201563.31,115128.35,135162.26,1080782.03,53787.7,1238426.79,1184639.1
007,2023-05,153,272,678629905.65,379027318.38,2628,788006896.32,208,3404212.64,479485.36,2924727.28,121801.37,3046528.65,582877.08,236636.61,115141.73,169760.45,1104415.87,-2105365.5,1942112.78,4047478.27
008,2023-05,139,273,402515606.98,368649066.31,2601,107206737.51,465,2828521.99,263553.23,2564968.76,189688.34,2754657.1,1607295.56,449064.25,314863.96,385266.88,2756490.66,7779481.37,-1833.56,-7781314.93
009,2023-05,142,273,679853996.0,352239289.25,2558,173421425.15,250,2570412.69,2152369.3,418043.39,134147.68,552191.07,600543.83,225831.08,109676.98,151730.83,1087782.71,321868.0,-535591.64,-857459.64
010,2023-05,130,246,527559966.98,344124835.11,2267,108288109.75,275,2954972.07,1507304.49,1447667.57,154551.13,1602218.7,563212.85,241971.79,101063.88,141778.22,1048026.75,-2448546.69,554191.96,3002738.64
011,2023-05,123,245,410204193.49,270788252.42,2559,176242831.21,251,2391724.0,374711.84,2017012.16,132772.49,2149784.65,587394.47,257812.66,121734.68,200166.98,1167108.78,-2671877.64,982675.87,3654553.51
012,2023-05,125,246,504971923.24,397301614.35,2275,206416034.49,460,3726371.14,145817.67,3580553.48,176286.46,3756839.94,1402226.26,468869.69,257487.47,283257.61,2411841.02,-78578.33,1344998.92,1423577.26
013,2023-05,165,288,520223732.13,419146068.14,2866,217297358.98,731,3698593.48,283274.47,3415319.01,203838.71,3619157.72,2831237.31,953127.89,683335.31,604094.36,5071794.87,-597251.45,-1452637.15,-855385.69
014,2023-05,153,277,320796378.74,362642522.34,2758,104487142.63,338,3059450.17,93086.98,2966363.19,137697.38,3104060.56,584770.06,206963.39,115671.34,140311.91,1047716.7,517776.81,2056343.87,1538567.06
015,2023-05,149,284,481600383.13,473404798.59,2429,141396677.93,459,3627659.01,689893.7,2937765.3,158384.1,3096149.4,1167832.42,589105.45,263008.5,309812.26,2329758.63,-654142.8,766390.78,1420533.58
016,2023-05,123,228,401306823.55,240145749.29,2590,252309397.41,270,1961520.73,110999.6,1850521.13,116538.33,1967059.47,600419.16,220432.78,114347.14,169205.28,1104404.35,-401776.81,862655.11,1264431.93
017,2023-05,224,418,603033158.54,833449609.69,4266,461483818.48,1371,8129093.5,174689.1,7954404.4,669850.09,8624254.5,2881718.92,905238.87,944553.39,551833.2,5283344.38,-5778363.27,3340910.12,9119273.38
018,2023-05,179,320,580202576.5,576419220.49,3460,437836235.43,471,4869355.99,137415.83,4731940.16,303490.05,5035430.21,551025.17,228132.65,135309.07,142187.58,1056654.46,52908.87,3978775.75,3925866.88
019,2023-05,223,418,804757431.13,651706119.13,3565,205695110.7,1064,6036983.7,774665.93,5262317.77,523799.2,5786116.96,1185726.75,555694.03,392102.8,293138.41,2426661.99,2337292.27,3359454.97,1022162.7
020,2023-05,150,282,375133075.92,475667674.26,2933,192730298.87,625,3974871.99,122440.28,3852431.71,315387.2,4167818.91,1509692.68,538123.94,344956.99,323732.54,2716506.15,2513510.31,1451312.76,-1062197.55
021,2023-05,106,202,415365717.86,373588661.92,1971,205563141.31,394,3689843.71,112031.95,3577811.76,131274.7,3709086.45,1552749.94,513169.39,248472.95,331861.82,2646254.1,-963875.55,1062832.35,2026707.9
022,2023-05,129,246,436430919.68,387526297.51,2304,125589409.4,465,3771387.64,207363.09,3564024.55,152329.55,3716354.1,1663941.85,530915.03,325031.97,473105.55,2992994.39,-3405133.74,723359.71,4128493.45
023,2023-05,175,286,496474600.31,430420562.16,2780,215495498.8,630,3630893.09,152306.99,3478586.1,255218.14,3733804.24,1163950.86,474276.9,284927.76,339914.07,2263069.6,1246970.79,1470734.64,223763.85
024,2023-05,121,216,263147715.32,204626311.06,1968,328441440.87,518,1853289.44,53125.42,1800164.02,160523.69,1960687.72,1498304.69,510956.14,266642.88,377170.46,2653074.17,1297360.93,-692386.46,-1989747.39
025,2023-05,161,304,538903714.98,421606427.37,2972,153370603.88,830,4336580.34,373123.71,3963456.63,310497.67,4273954.3,604720.36,273469.75,168843.25,157494.81,1204528.17,-4696989.19,3069426.13,7766415.32
026,2023-05,180,301,505300192.2,575216416.91,3153,423783805.07,845,3962308.25,204598.92,3757709.33,298676.69,4056386.02,547695.46,276779.16,156073.48,125461.39,1106009.5,13343915.52,2950376.52,-10393539.0
027,2023-05,131,206,356487924.83,403773828.89,2134,135955225.22,509,3408875.37,175452.52,3233422.84,186421.99,3419844.84,1470023.66,455888.41,261992.23,339566.42,2527470.71,-148783.64,892374.12,1041157.77
028,2023-05,95,175,215642131.61,348937630.26,1528,60286150.24,390,2750139.45,61554.86,2688584.59,149466.13,2838050.72,595233.8,261685.29,98124.38,180718.81,1135762.28,-126617.21,1702288.43,1828905.64
029,2023-05,92,155,223289796.96,317422831.05,1436,38676480.96,385,2421467.8,99525.09,2321942.71,64129.32,2386072.03,1514173.9,489377.94,200514.31,294935.64,2499001.78,1989136.76,-112929.76,-2102066.52
030,2023-05,89,148,209384934.59,274627058.33,1557,140172749.37,458,2477726.58,164854.9,2312871.67,116600.81,2429472.49,1623978.01,557738.09,254029.64,409305.28,2845051.02,-2067820.85,-415578.54,1652242.31
031,2023-05,85,165,298455174.66,209744869.87,1706,71993388.65,417,2041698.18,110500.09,1931198.1,80054.62,2011252.71,1499049.58,485181.21,223815.43,312879.52,2520925.75,95832.02,-509673.03,-605505.06
032,2023-05,91,154,154553168.62,247017129.8,1548,93199999.96,426,2443109.27,78701.3,2364407.97,113587.8,2477995.77,1580059.53,480826.61,225358.86,381819.02,2668064.02,-1933695.73,-190068.25,1743627.47
033,2023-05,81,134,197092940.6,289331273.19,1454,81344280.77,350,2846121.65,372655.08,2473466.57,56885.16,2530351.73,1118184.68,405939.3,152305.03,255469.93,1931898.94,634395.74,598452.79,-35942.96
034,2023-05,66,114,106653090.42,267134212.65,1255,34254738.16,447,1959191.76,29750.12,1929441.64,68762.97,1998204.61,1506780.98,410754.0,185422.2,314767.16,2417724.35,-175334.28,-419519.73,-244185.45
035,2023-05,64,106,150431878.46,225040927.53,936,144002162.25,357,1825603.86,43494.27,1782109.59,41484.18,1823593.76,1430651.48,464853.96,151167.86,298840.27,2345513.57,1625732.93,-521919.8,-2147652.74
036,2023-05,52,85,110976040.57,145461664.57,740,17514321.17,184,1451621.24,59090.39,1392530.86,49564.09,1442094.95,752401.31,299044.68,67402.68,203050.26,1321898.92,-49784.43,120196.03,169980.46
037,2023-05,112,176,246548458.01,261826942.67,1520,102932224.75,764,2362009.7,55798.31,2306211.38,123469.84,2429681.22,608089.97,269571.74,125563.47,192873.53,1196098.7,249750.51,1233582.52,983832.01
001,2023-06,181,336,629849827.69,562360433.88,3423,218464246.58,658,4930190.71,241616.3,4688574.41,277003.12,4965577.53,2952470.41,796346.98,750393.74,823026.25,5322237.38,606270.99,-356659.85,-962930.84
002,2023-06,153,291,432794749.73,276004575.33,2815,100931833.88,247,2601119.27,305580.95,2295538.32,164436.08,2459974.41,587699.74,240236.62,121022.78,148603.77,1097562.91,-270410.33,1362411.5,1632821.83
003,2023-06,165,286,340460961.69,430041878.67,2792,118959257.03,413,3457835.67,166651.06,3291184.61,192601.46,3483786.07,1568647.58,454323.32,317118.45,368994.77,2709084.12,1363159.29,774701.94,-588457.35
004,2023-06,160,301,453192318.18,351671452.89,3064,416981794.53,224,2426377.14,371330.87,2055046.27,158494.3,2213540.57,599367.65,246000.37,127919.97,143010.98,1116298.97,-2156786.35,1097241.6,3254027.95
005,2023-06,170,324,598948082.2,533042206.76,2724,192730549.72,687,5077997.5,168142.88,4909854.62,227369.56,5137224.19,2724935.4,727783.01,573318.72,506184.37,4532221.49,2281693.0,605002.7,-1676690.3
006,2023-06,164,275,492091772.08,244101379.01,2673,145292725.61,213,2343172.94,226312.18,2116860.76,126497.7,2243358.46,632826.42,202491.18,113674.6,135947.72,1084939.93,1254231.44,1158418.53,-95812.91
007,2023-06,155,272,639578561.88,375909042.09,2574,443417401.65,234,3546731.33,474112.86,3072618.47,129852.4,3202470.87,586489.95,237725.94,116175.98,170734.51,1111126.38,-1884620.71,2091344.49,3975965.2
008,2023-06,143,275,415763227.0,325344682.1,2642,116655918.86,466,2744788.65,266725.82,2478062.83,202202.66,2680265.49,1617258.14,451131.47,319677.17,387520.71,2775587.49,-6439123.35,-95322.0,6343801.35
009,2023-06,136,272,694622154.36,392467088.27,2532,162283234.09,235,2996910.33,2170702.69,826207.64,142795.11,969002.75,604266.21,226870.67,108965.98,152605.17,1092708.03,154118.93,-123705.28,-277824.2
010,2023-06,131,245,529498652.68,343237440.11,2215,62483800.67,257,2788032.37,1517463.89,1270568.47,146484.06,1417052.54,566703.84,243085.68,99362.41,142589.06,1051741.0,1956444.96,365311.54,-1591133.42
011,2023-06,121,246,396181054.83,276739968.59,2419,102367748.61,242,2604961.09,374285.44,2230675.66,125312.86,2355988.52,591035.35,258999.48,118618.36,201310.3,1169963.48,-1169302.17,1186025.04,2355327.21
012,2023-06,126,247,527742640.5,400969453.39,1942,341023816.59,411,3524900.83,150053.78,3374847.05,158510.84,3533357.89,1410917.74,471028.08,237223.11,284900.13,2404069.06,4373348.04,1129288.83,-3244059.21
013,2023-06,167,291,537413767.73,403161986.81,2901,180158833.45,698,3556347.85,287641.79,3268706.05,194874.1,3463580.15,2848786.3,957515.52,681956.23,607596.08,5095854.12,-711177.88,-1632273.97,-921096.09
014,2023-06,158,280,323035823.1,374446929.07,2698,83323218.17,326,3283289.37,92365.56,3190923.81,139542.49,3330466.3,588394.67,207916.12,114573.57,141123.11,1052007.47,-191446.45,2278458.83,2469905.28
015,2023-06,151,280,464949171.19,469038010.23,2718,168957829.48,488,3793462.07,691085.39,3102376.67,169754.88,3272131.56,1175071.05,591817.34,280648.24,311566.9,2359103.53,-3019151.2,913028.03,3932179.23
016,2023-06,125,228,420712020.29,237123598.25,2497,140092900.66,228,1812096.62,114461.67,1697634.95,110737.67,1808372.62,604140.76,221447.52,110210.08,170181.6,1105979.96,1040589.79,702392.66,-338197.13
017,2023-06,222,421,613109895.83,833263254.59,4287,386290694.23,1351,7998254.88,176695.81,7821559.07,642608.52,8464167.59,2899580.81,909406.05,947775.23,555043.26,5311805.35,3161921.79,3152362.24,-9559.55
018,2023-06,177,320,585864793.54,578613165.31,3473,636667390.63,440,4659541.22,138844.96,4520696.26,314503.5,4835199.76,554440.61,229182.83,134736.11,143002.5,1061362.06,3183327.51,3773837.7,590510.19
019,2023-06,226,423,779791559.56,644577609.68,3597,150022556.0,1003,6139523.3,775752.03,5363771.27,508835.36,5872606.63,1193076.3,558252.11,389353.45,294806.19,2435488.05,-1191694.01,3437118.58,4628812.59
020,2023-06,149,285,381558794.04,473066862.19,2854,109285031.97,585,4102697.13,124212.33,3978484.8,293188.62,4271673.42,1519050.28,540601.14,338103.9,325603.46,2723358.78,-1836742.88,1548314.64,3385057.52
021,2023-06,106,201,447234759.33,357949860.58,1782,166368325.91,392,3788810.67,115760.06,3673050.61,121553.55,3794604.16,1562374.43,515531.72,239291.5,333787.33,2650984.98,-3972197.32,1143619.18,5115816.5
022,2023-06,127,246,444651305.93,396001775.9,2323,123721835.22,485,3994893.41,209807.79,3785085.61,143192.66,3928278.28,1674255.54,533359.04,331695.3,475855.5,3015165.38,54223.05,913112.89,858889.85
023,2023-06,169,286,560272854.11,440426867.84,2761,372076858.13,619,3566103.34,162438.59,3403664.75,251523.58,3655188.33,1171165.43,476460.19,284672.96,341864.02,2274162.6,4062617.97,1381025.73,-2681592.24
024,2023-06,125,216,292116946.8,200883156.31,2106,152362780.35,511,1731928.52,56086.55,1675841.98,160228.02,1836070.0,1507591.7,513308.27,274432.28,379355.32,2674687.57,641547.92,-838617.57,-1480165.49
025,2023-06,162,304,564630321.72,423275397.52,2836,166405851.42,807,4367446.71,379984.28,3987462.42,309961.55,4297423.97,608468.63,274728.64,165456.95,158392.8,1207047.02,89479.47,3090376.95,3000897.48
026,2023-06,182,299,532588383.53,579384440.57,3014,355935141.47,788,4374540.98,210237.85,4164303.13,277980.95,4442284.08,551090.27,278053.29,151084.27,126171.87,1106399.69,-3935064.67,3335884.39,7270949.06
027,2023-06,128,202,319722290.37,400370912.06,2178,153040607.62,506,3175368.95,163968.94,3011400.02,193475.35,3204875.36,1479135.38,457987.04,264862.83,341542.97,2543528.22,2338791.45,661347.14,-1677444.31
028,2023-06,93,175,225018152.85,347486445.64,1492,86450055.65,407,2563861.14,63629.7,2500231.44,153501.22,2653732.66,598923.26,262889.93,99042.66,181750.95,1142606.81,1939473.67,1511125.85,-428347.82
029,2023-06,91,158,235622043.5,322446644.24,1480,57885022.4,358,2385782.04,102511.42,2283270.62,69338.94,2352609.56,1523559.28,491630.74,200783.22,296648.85,2512622.09,1411596.88,-160012.53,-1571609.41
030,2023-06,88,149,227376781.36,270905688.56,1469,111064846.84,398,2366752.07,169102.85,2197649.22,110208.26,2307857.49,1634043.99,560305.58,240364.19,411675.41,2846389.17,740182.72,-538531.68,-1278714.41
031,2023-06,89,166,295977157.92,210234512.35,1621,75323920.53,320,2103508.38,110596.07,1992912.31,73548.84,2066461.15,1508341.21,487414.69,206104.15,314696.83,2516556.89,-745474.29,-450095.73,295378.56
032,2023-06,93,155,165649440.91,247912938.55,1600,77591392.03,450,2442300.14,80608.05,2361692.09,113042.59,2474734.68,1589853.29,483040.05,233607.33,384043.58,2690544.24,267144.51,-215809.56,-482954.07
033,2023-06,79,133,205194522.64,284238625.34,1548,92793333.31,394,2953110.24,376137.16,2576973.08,57654.15,2634627.23,1125115.58,407808.0,162251.57,256944.89,1952120.04,-2287067.11,682507.19,2969574.3
034,2023-06,70,116,107422546.77,271745098.74,1181,41983288.49,414,1973227.59,29609.96,1943617.64,72141.16,2015758.8,1516120.54,412644.86,178348.49,316610.66,2423724.54,725159.95,-407965.74,-1133125.7
035,2023-06,64,108,142168904.1,232066887.72,1019,105393489.27,360,1800813.82,43314.75,1757499.08,42515.77,1800014.85,1439519.16,466993.87,157647.7,300575.7,2364736.41,1941808.23,-564721.56,-2506529.8
036,2023-06,54,87,113350124.58,154347547.24,792,18859445.63,187,1499435.18,59740.32,1439694.86,49557.84,1489252.7,757064.95,300421.3,70185.78,204216.73,1331888.76,301249.6,157363.94,-143885.66
037,2023-06,115,177,262645717.89,264589052.61,1695,112188655.46,723,2352205.9,58702.11,2293503.78,131197.9,2424701.69,611859.12,270812.69,128093.64,193974.54,1204739.99,722360.11,1219961.7,497601.59
001,2023-07,179,336,638287586.45,571284818.24,3107,160095568.9,728,4881116.37,243968.05,4637148.32,262663.41,4899811.72,2970658.11,799996.09,742715.69,827820.36,5341190.25,1366475.33,-441378.53,-1807853.86
002,2023-07,154,291,427652947.8,302550813.91,2735,183105898.44,252,2913574.29,306042.77,2607531.52,169038.64,2776570.16,591320.07,241337.45,120263.38,149451.16,1102372.06,939746.2,1674198.09,734451.89
003,2023-07,170,289,362280070.11,439611339.43,3056,167635101.71,407,3666023.09,169965.16,3496057.93,194482.31,3690540.24,1578310.71,456405.17,332571.09,371137.08,2738424.05,652029.48,952116.19,300086.7
004,2023-07,163,302,479399816.28,350919655.13,2966,342091949.92,241,2447381.45,378410.88,2068970.57,150557.04,2219527.61,603059.85,247127.62,127477.47,143826.29,1121491.23,-398905.81,1098036.39,1496942.19
005,2023-07,171,326,622422716.68,532600278.51,2928,191681099.79,693,5026220.09,173593.09,4852626.99,216957.14,5069584.13,2741721.45,731117.93,594883.72,509134.19,4576857.29,383916.07,492726.84,108810.77
006,2023-07,160,277,504548157.62,251492854.06,2839,264918230.62,199,2360830.73,227734.19,2133096.54,146195.88,2279292.42,636724.74,203419.06,117289.44,136733.18,1094166.42,1208642.57,1185126.0,-23516.56
007,2023-07,158,273,682378372.94,376883430.35,2635,945379466.13,277,3682532.06,483791.64,3198740.42,124548.53,3323288.94,590102.83,238815.27,120931.68,171708.56,1121558.34,-1206937.13,2201730.6,3408667.73
008,2023-07,141,277,424816324.38,325755542.62,2454,87604144.34,411,2615840.35,269290.39,2346549.96,188725.94,2535275.9,1627220.71,453198.7,303895.13,389774.54,2774089.08,1558425.75,-238813.18,-1797238.93
009,2023-07,144,275,716357177.08,388052319.83,2596,170358842.67,252,3075772.24,2189817.13,885955.11,138045.96,1024001.07,607988.59,227910.26,112196.52,153479.52,1101574.89,-1506185.77,-77573.82,1428611.96
010,2023-07,132,246,531740880.7,340759960.37,2513,84961120.35,247,2868008.21,1528655.62,1339352.58,153673.45,1493026.03,570194.83,244199.58,105678.89,143399.89,1063473.19,-1549477.72,429552.84,1979030.56
011,2023-07,123,249,374117702.12,275872310.93,2512,126233316.3,249,2542936.8,372527.06,2170409.74,131917.5,2302327.25,594676.22,260186.29,122245.66,202453.62,1179561.79,754106.78,1122765.45,368658.67
012,2023-07,125,249,522627652.6,395824629.92,2180,219307351.19,410,3264038.5,149035.25,3115003.26,160033.23,3275036.49,1419609.23,473186.48,249919.69,286542.65,2429258.04,2932303.61,845778.44,-2086525.17
013,2023-07,171,292,552887002.08,405931958.91,2907,218016238.56,694,3642363.03,291384.45,3350978.58,205258.58,3556237.16,2866335.29,961903.15,686244.07,611097.8,5125580.31,-547447.97,-1569343.15,-1021895.17
014,2023-07,159,286,332713736.35,381766781.1,2844,100691343.79,274,3219577.11,93562.79,3126014.32,137804.37,3263818.69,592019.27,208868.86,115765.75,141934.31,1058588.19,2471279.02,2205230.5,-266048.52
015,2023-07,152,280,464401380.8,461938303.38,2274,88721551.63,475,3682384.35,694991.96,2987392.38,156873.7,3144266.08,1182309.68,594529.22,260206.64,313321.54,2350367.08,41560.26,793899.0,752338.74
016,2023-07,126,231,418423323.5,234910127.49,2908,215518654.06,243,1988679.13,114877.84,1873801.29,125613.38,1999414.67,607862.37,222462.26,121365.44,171157.92,1122847.98,-1277112.41,876566.68,2153679.09
017,2023-07,219,417,628505001.03,849592798.46,4206,194762503.23,1383,7999509.68,175702.55,7823807.13,640918.52,8464725.65,2917442.7,913573.22,952961.31,558253.33,5342230.57,2298467.6,3122495.09,824027.48
018,2023-07,178,319,623384996.73,572284093.04,3457,554170346.07,495,4365131.71,143052.97,4222078.73,285753.39,4507832.12,557856.06,230233.02,137963.77,143817.43,1069870.27,2499734.78,3437961.85,938227.07
019,2023-07,228,426,783819487.32,632198793.37,3704,158425960.93,1092,5978305.72,778830.61,5199475.11,517687.62,5717162.73,1200425.84,560810.19,405925.26,296473.97,2463635.26,-839741.38,3253527.47,4093268.84
020,2023-07,158,287,396139609.5,466887329.83,2931,175096947.39,622,4142341.29,127749.79,4014591.5,302635.2,4317226.7,1528407.88,543078.34,349179.6,327474.39,2748140.21,-1686376.53,1569086.49,3255463.02
021,2023-07,105,202,443380291.77,356685135.14,1985,297100577.43,392,3555976.97,115573.34,3440403.63,130686.33,3571089.96,1571998.91,517894.04,251826.87,335712.85,2677432.67,2993136.95,893657.29,-2099479.66
022,2023-07,129,247,494785218.15,385062971.08,2357,219699916.09,448,3772317.16,216229.26,3556087.9,147939.07,3704026.97,1684569.23,535803.05,330210.58,478605.44,3029188.31,773229.31,674838.66,-98390.64
023,2023-07,167,285,601147888.54,462927798.5,2773,253906681.51,609,4096083.51,170484.2,3925599.31,254933.57,4180532.88,1178380.01,478643.47,285727.32,343813.97,2286564.77,1654005.85,1893968.11,239962.25
024,2023-07,121,218,275586612.25,228260305.65,2382,211045036.47,491,2091637.23,53938.41,2037698.82,167549.44,2205248.26,1516878.71,515660.41,288531.43,381540.17,2702610.72,237986.73,-497362.47,-735349.2
025,2023-07,167,307,575024824.01,436487605.65,2817,117064456.76,763,4462223.28,384018.22,4078205.07,307457.33,4385662.4,612216.9,275987.53,163568.76,159290.78,1211063.97,1208612.2,3174598.44,1965986.24
026,2023-07,183,301,564718925.48,577982380.02,3140,390338052.23,791,4408374.41,216380.28,4191994.13,300644.92,4492639.05,554485.07,279327.41,154801.48,126882.35,1115496.31,-265690.03,3377142.74,3642832.77
027,2023-07,126,200,307683223.3,394118540.85,2002,137994619.92,485,3088991.52,155599.37,2933392.16,174822.65,3108214.8,1488247.1,460085.68,254431.7,343519.52,2546283.99,142169.1,561930.81,419761.71
028,2023-07,92,179,240931848.54,349923263.9,1623,90245172.09,418,2655950.29,67358.28,2588592.01,154505.05,2743097.06,602612.73,264094.57,103971.98,182783.09,1153462.37,-709238.53,1589634.68,2298873.21
029,2023-07,90,160,251591485.14,332777241.82,1423,45965440.93,440,2365471.0,105846.53,2259624.46,62224.6,2321849.07,1532944.65,493883.54,211217.84,298362.07,2536408.1,2486406.67,-214559.04,-2700965.71
030,2023-07,85,152,223357089.55,283436065.68,1659,153983091.88,383,2540497.62,169932.12,2370565.5,112412.9,2482978.4,1644109.97,562873.07,251383.23,414045.54,2872411.81,237246.59,-389433.41,-626679.99
031,2023-07,89,163,283917824.17,213454322.39,1781,116169976.45,437,2200751.67,109561.01,2091190.67,80617.8,2171808.47,1517632.84,489648.17,233136.74,316514.15,2556931.9,-1286027.26,-385123.44,900903.82
032,2023-07,91,154,170782264.7,251268621.07,1729,94150123.83,455,2633632.07,82012.15,2551619.92,120161.79,2671781.71,1599647.04,485253.48,243034.47,386268.15,2714203.15,-1726967.76,-42421.43,1684546.33
033,2023-07,77,132,210630792.06,279561595.28,1553,101678765.17,381,3084341.18,379551.97,2704789.22,62210.05,2766999.27,1132046.47,409676.71,161777.44,258419.86,1961920.48,-2306101.96,805078.8,3111180.75
034,2023-07,72,117,104583320.61,279616875.91,1109,53185093.53,419,2028863.89,29149.14,1999714.75,75876.66,2075591.4,1525460.09,414535.73,176438.88,318454.15,2434888.85,886117.61,-359297.44,-1245415.05
035,2023-07,70,112,116394566.21,238497622.18,1169,90388756.16,393,1872437.35,40612.85,1831824.5,41580.35,1873404.85,1448386.83,469133.77,172143.22,302311.12,2391974.95,103435.58,-518570.1,-622005.69
036,2023-07,57,88,115090680.96,151762500.47,791,17970663.63,194,1427437.0,60165.78,1367271.22,51860.72,1419131.94,761728.6,301797.92,71256.73,205383.2,1340166.45,473061.54,78965.5,-394096.04
037,2023-07,116,179,257663994.6,265776653.66,1939,132163128.22,786,2353293.94,58847.09,2294446.85,137354.45,2431801.3,615628.27,272053.64,139035.34,195075.55,1221792.8,428253.07,1210008.51,781755.43
001,2023-08,183,336,633929608.3,553549809.71,3226,208931493.48,753,4754957.33,243642.8,4511314.53,269193.83,4780508.37,2988845.82,803645.19,764429.54,832614.48,5389535.03,-1332521.05,-609026.66,723494.39
002,2023-08,157,290,415106725.62,314190423.71,2689,136555907.63,233,3011992.66,305404.88,2706587.78,171997.78,2878585.56,594940.4,242438.29,118760.68,150298.54,1106437.91,601072.16,1772147.65,1171075.49
003,2023-08,171,291,388754433.38,426465748.41,2992,125195280.95,478,3903518.54,174215.8,3729302.73,192079.32,3921382.05,1587973.84,458487.01,341458.53,373279.39,2761198.77,-5473360.01,1160183.28,6633543.29
004,2023-08,161,305,508286149.66,364318457.27,3232,279688092.05,241,2764356.36,384202.31,2380154.04,155069.0,2535223.05,606752.05,248254.87,134510.14,144641.59,1134158.66,-1170182.82,1401064.39,2571247.21
005,2023-08,172,328,635815538.41,537432230.53,2894,178042044.94,689,4574103.19,176262.87,4397840.32,233808.47,4631648.79,2758507.5,734452.86,595610.06,512084.02,4600654.43,6895350.62,30994.36,-6864356.26
006,2023-08,162,279,508393692.37,245299398.93,2942,245758299.01,250,2272744.68,229457.06,2043287.62,143528.6,2186816.22,640623.05,204346.94,123409.93,137518.64,1105898.56,-93558.78,1080917.66,1174476.43
007,2023-08,160,272,605574177.74,377816888.97,2792,797355997.15,250,3480339.74,475423.89,3004915.85,128798.65,3133714.5,593715.7,239904.61,123516.89,172682.61,1129819.81,2227284.46,2003894.69,-223389.77
008,2023-08,140,278,440500575.5,328108202.52,2630,95482014.07,452,2616590.92,273084.43,2343506.5,193119.01,2536625.5,1637183.29,455265.92,321165.73,392028.37,2805643.31,1738634.96,-269017.81,-2007652.76
009,2023-08,142,273,736639174.91,392353207.63,2515,150147265.59,224,3032998.42,2208554.73,824443.7,142356.04,966799.73,611710.97,228949.85,109243.7,154353.86,1104258.38,1346369.73,-137458.65,-1483828.38
010,2023-08,128,247,531639870.84,349138249.07,2324,130810274.78,242,2844778.61,1539144.75,1305633.87,158924.97,1464558.83,573685.82,245313.47,102125.32,144210.73,1065335.34,1788714.86,399223.5,-1389491.37
011,2023-08,129,251,382718663.43,300329929.99,2540,211911600.47,242,2750671.39,375922.93,2374748.46,151997.54,2526746.0,598317.1,261373.11,123401.11,203596.94,1186688.26,1391356.68,1340057.74,-51298.94
012,2023-08,126,247,474577391.08,410353273.17,2316,67314195.01,395,3689152.75,142597.12,3546555.63,156699.72,3703255.36,1428300.71,475344.87,255839.11,288185.16,2447669.86,-2721391.97,1255585.49,3976977.46
013,2023-08,169,292,572360854.56,384698345.41,3051,221406354.33,746,3496436.4,294139.2,3202297.19,202113.19,3404410.38,2883884.28,966290.77,716812.6,614599.52,5181587.17,-1883537.13,-1777176.79,106360.34
014,2023-08,158,288,344944443.54,383676219.55,2946,108440467.68,295,3179719.01,95207.73,3084511.28,140814.29,3225325.57,595643.88,209821.59,119800.15,142745.51,1068011.14,345258.88,2157314.43,1812055.55
015,2023-08,157,281,500972054.78,461264608.59,2555,270723075.16,478,3460900.21,704557.43,2756342.78,173609.97,2929952.74,1189548.31,597241.11,275154.28,315076.18,2377019.88,3056394.88,552932.86,-2503462.02
016,2023-08,124,231,409489536.98,274497603.26,2638,226207761.32,229,2388744.93,113001.38,2275743.55,111517.64,2387261.2,611583.98,223477.0,115059.79,172134.24,1122255.01,-143205.08,1265006.19,1408211.27
017,2023-08,227,425,635186560.79,852532890.22,4642,382888928.78,1444,7831493.36,176825.75,7654667.61,661606.27,8316273.87,2935304.6,917740.4,1009742.34,561463.39,5424250.73,2993042.78,2892023.15,-101019.63
018,2023-08,176,318,614391157.99,566917911.79,3467,653048775.63,445,4268587.94,143547.99,4125039.95,308124.31,4433164.27,561271.5,231283.2,136314.12,144632.36,1073501.19,855591.97,3359663.08,2504071.11
019,2023-08,232,425,805483124.92,628570517.2,3664,261273711.23,1150,6399564.98,784585.92,5614979.07,532189.52,6147168.59,1207775.39,563368.27,413043.69,298141.75,2482329.1,-4620195.94,3664839.48,8285035.42
020,2023-08,162,288,431260769.63,491923604.73,3026,150043973.66,582,4689789.14,133723.05,4556066.09,305078.13,4861144.22,1537765.47,545555.54,350941.99,329345.31,2763608.32,-3823127.28,2097535.9,5920663.18
021,2023-08,106,200,429851067.05,346498970.77,1855,135505420.21,435,3356341.92,113845.06,3242496.86,128669.54,3371166.4,1581623.39,520256.36,252304.16,337638.37,2691822.28,3624468.32,679344.12,-2945124.21
022,2023-08,133,247,538522914.87,384594631.94,2344,113502699.37,454,3797525.74,218420.08,3579105.67,152011.26,3731116.93,1694882.92,538247.07,332124.11,481355.39,3046609.49,-71136.82,684507.44,755644.26
023,2023-08,170,288,558020055.74,449018895.56,2690,349482290.88,663,3910990.04,169985.66,3741004.38,257183.65,3998188.04,1185594.58,480826.76,290538.59,345763.93,2302723.85,106616.78,1695464.18,1588847.4
024,2023-08,120,216,247271167.53,225622281.87,2352,134374087.21,534,2022825.3,51003.97,1971821.33,168607.42,2140428.75,1526165.73,518012.54,294316.61,383725.03,2722219.91,237593.42,-581791.16,-819384.59
025,2023-08,166,314,571326606.92,456951213.2,3109,185209337.3,851,4747867.71,386260.06,4361607.64,318639.42,4680247.06,615965.16,277246.42,176898.52,160188.77,1230298.87,388992.21,3449948.2,3060955.98
026,2023-08,180,303,534403917.46,579048987.63,3508,704655177.73,835,4282519.15,216268.28,4066250.88,318038.75,4384289.63,557879.88,280601.54,165575.55,127592.82,1131649.79,1724601.57,3252639.84,1528038.27
027,2023-08,121,201,304481962.01,397713672.31,2062,203196412.43,489,3022314.38,156427.71,2865886.67,196366.27,3062252.94,1497358.81,462184.32,259668.65,345496.06,2564707.84,1400329.93,497545.1,-902784.84
028,2023-08,92,182,254135741.73,352842574.2,1569,132176343.63,408,2594788.77,70266.22,2524522.55,157134.13,2681656.68,606302.2,265299.22,102739.48,183815.22,1158156.11,1238070.8,1523500.57,285429.76
029,2023-08,88,165,256758405.2,330959655.45,1723,56594906.6,437,2266368.65,107971.03,2158397.62,76901.6,2235299.23,1542330.03,496136.34,228807.62,300075.28,2567349.27,1062738.8,-332050.04,-1394788.84
030,2023-08,90,154,243347762.29,288338186.0,1433,324561609.66,433,2538510.12,175143.4,2363366.72,122465.66,2485832.38,1654175.95,565440.56,247657.15,416415.67,2883689.33,1019424.78,-397856.95,-1417281.73
031,2023-08,88,164,278987395.51,214330708.4,1473,75143421.94,412,2169519.65,108576.36,2060943.29,70865.14,2131808.42,1526924.47,491881.66,214050.99,318331.46,2551188.58,727557.63,-419380.16,-1146937.79
032,2023-08,87,155,170714895.42,232193346.18,1640,87251044.0,456,2498793.76,82826.62,2415967.14,127453.23,2543420.37,1609440.8,487466.92,239854.72,388492.71,2725255.16,-668403.22,-181834.79,486568.44
033,2023-08,77,133,213648737.36,290656800.96,1693,99854599.43,360,3173959.91,382146.29,2791813.62,64922.17,2856735.79,1138977.37,411545.41,166330.02,259894.83,1976747.62,655188.49,879988.16,224799.68
034,2023-08,71,120,101899192.25,282183779.11,1253,76940494.83,435,2178454.91,28962.72,2149492.19,73188.44,2222680.63,1534799.64,416426.59,187786.91,320297.65,2459310.78,-1143517.51,-236630.15,906887.36
035,2023-08,70,113,118651017.88,237133756.52,1102,95724491.23,390,1846075.85,41380.92,1804694.93,54440.72,1859135.65,1457254.5,471273.68,169073.75,304046.55,2401648.49,20531.06,-542512.84,-563043.9
036,2023-08,57,89,117004878.62,146177843.34,733,19438362.66,201,1518064.91,62000.08,1456064.84,49496.87,1505561.71,766392.24,303174.54,70533.62,206549.66,1346650.07,-2612343.39,158911.64,2771255.03
037,2023-08,116,181,256904452.02,262437104.32,1710,105285403.72,773,2619157.71,59897.4,2559260.31,136865.94,2696126.25,619397.42,273294.58,133541.8,196176.56,1222410.37,-3616512.67,1473715.88,5090228.55
001,2023-09,180,332,633519953.74,545939402.37,3432,178378117.72,721,4611891.65,242873.48,4369018.17,275191.2,4644209.38,3007033.52,807294.3,778966.65,837408.6,5430703.07,-331471.57,-786493.69,-455022.12
002,2023-09,152,288,449276716.86,311466764.8,2815,292406356.49,238,2886797.86,311343.19,2575454.68,175811.97,2751266.65,598560.72,243539.13,122397.92,151145.93,1115643.7,902415.61,1635622.95,733207.33
003,2023-09,174,293,389667009.84,419172187.81,2979,92187810.29,433,3713139.41,174940.62,3538198.8,188314.21,3726513.01,1597636.96,460568.86,336541.24,375421.7,2770168.77,597120.35,956344.23,359223.88
004,2023-09,160,307,523117793.17,358971588.07,3075,352369539.34,236,2847107.16,395159.05,2451948.11,156948.25,2608896.36,610444.26,249382.12,131617.91,145456.9,1136901.19,-3386377.65,1471995.18,4858372.83
005,2023-09,170,330,642391972.32,541210167.66,2937,152539114.95,764,4687950.87,178156.5,4509794.37,220472.92,4730267.29,2775293.55,737787.78,619444.35,515033.85,4647559.52,978359.82,82707.76,-895652.05
006,2023-09,163,279,520164070.85,244644097.53,2765,251593408.6,256,2298189.19,232687.38,2065501.81,134600.66,2200102.47,644521.37,205274.81,120544.58,138304.1,1108644.86,-210830.55,1091457.6,1302288.15
007,2023-09,159,272,452571793.08,375071960.99,2757,164237492.69,245,3389354.36,452889.94,2936464.43,122572.39,3059036.81,597328.58,240993.94,123129.31,173656.66,1135108.49,400033.51,1923928.32,1523894.82
008,2023-09,146,279,452548494.68,320233197.72,2657,109820912.27,471,2582482.11,275550.17,2306931.93,192600.38,2499532.31,1647145.86,457333.14,327112.24,394282.2,2825873.45,-1058732.26,-326341.14,732391.12
009,2023-09,137,273,730450684.43,391050638.9,2459,162285850.71,251,2853182.08,2223116.04,630066.04,154225.39,784291.43,615433.34,229989.44,110272.49,155228.21,1110923.49,2004534.32,-326632.05,-2331166.37
010,2023-09,133,250,543007433.93,347600665.98,2346,72680500.79,286,2871517.03,1568366.12,1303150.91,151345.69,1454496.6,577176.81,246427.36,105838.03,145021.57,1074463.76,-478468.52,380032.84,858501.36
011,2023-09,134,252,443344445.62,308786693.02,2303,274904392.18,275,2609840.43,438758.37,2171082.06,143390.89,2314472.95,601957.97,262559.92,120518.02,204740.26,1189776.18,2941960.89,1124696.78,-1817264.11
012,2023-09,135,251,490510090.05,415097535.35,2222,141946454.9,428,3611698.9,146156.6,3465542.3,165505.92,3631048.23,1436992.2,477503.27,257510.82,289827.68,2461833.97,2204815.65,1169214.26,-1035601.4
013,2023-09,172,292,597159588.36,383308759.97,3008,170381946.53,784,3673950.46,297463.64,3376486.83,204812.84,3581299.67,2901433.27,970678.4,725878.77,618101.24,5216091.69,-2209356.62,-1634792.02,574564.59
014,2023-09,152,289,342606929.69,383347897.97,3043,123087374.61,317,3047739.83,95033.6,2952706.23,155442.81,3108149.05,599268.49,210774.33,123780.2,143556.72,1077379.73,1716656.89,2030769.32,314112.43
015,2023-09,152,280,525310189.2,460254890.02,2451,261859243.13,521,3469392.93,713090.1,2756302.83,181609.95,2937912.78,1196786.94,599953.0,277200.2,316830.82,2390770.97,-347326.07,547141.82,894467.88
016,2023-09,124,233,413016705.9,269333851.15,2636,187932805.93,249,2281538.74,111026.83,2170511.91,108603.99,2279115.89,615305.58,224491.74,116873.0,173110.56,1129780.89,113439.74,1149335.01,1035895.27
017,2023-09,225,427,652454745.25,857591740.39,4110,205954706.05,1389,8171936.27,180478.07,7991458.19,647702.61,8639160.8,2953166.49,921907.57,960637.1,564673.45,5400384.62,-3110787.76,3238776.19,6349563.95
018,2023-09,172,316,544133901.16,577437156.17,3465,610861500.76,402,4475623.42,136330.54,4339292.89,328132.44,4667425.33,564686.95,232333.39,134681.72,145447.29,1077149.35,-1469987.3,3590275.98,5060263.28
019,2023-09,233,428,928661592.0,638032012.97,3918,532369871.17,1049,6421475.87,808787.6,5612688.27,533690.84,6146379.11,1215124.94,565926.35,415018.51,299809.53,2495879.33,1339208.15,3650499.77,2311291.62
020,2023-09,161,293,450489578.62,501575223.53,3054,127875372.1,628,4692539.04,136859.37,4555679.67,305794.2,4861473.87,1547123.07,548032.74,361502.0,331216.24,2787874.05,1783690.45,2073599.82,289909.38
021,2023-09,108,204,436330444.48,316457386.74,2057,214440677.04,384,3211932.28,115526.08,3096406.2,130180.06,3226586.26,1591247.88,522618.69,257796.08,339563.89,2711226.53,-2553741.31,515359.72,3069101.04
022,2023-09,130,247,541549859.51,407689016.74,2424,130839260.12,479,3984121.05,216382.26,3767738.79,145508.37,3913247.16,1705196.61,540691.08,343436.48,484105.34,3073429.5,1260039.3,839817.65,-420221.65
023,2023-09,166,285,535945721.01,412742216.37,2634,297346882.9,644,3714465.18,171755.99,3542709.19,256649.42,3799358.61,1192809.15,483010.05,286912.62,347713.88,2310445.69,-4573671.47,1488912.91,6062584.38
024,2023-09,123,219,242291624.19,222115010.58,2193,107497728.23,454,1884139.39,50883.32,1833256.07,163228.09,1996484.16,1535452.74,520364.68,276221.42,385909.88,2717948.72,1263896.21,-721464.56,-1985360.77
025,2023-09,169,319,562029889.91,456174772.42,3032,186211709.8,784,4586436.92,367968.44,4218468.48,325079.74,4543548.22,619713.43,278505.31,172408.64,161086.75,1231714.13,2096981.85,3311834.08,1214852.23
026,2023-09,186,303,527234453.85,576383685.71,3084,347278211.79,851,4132004.3,218277.26,3913727.03,305028.29,4218755.33,561274.69,281875.66,158858.3,128303.3,1130311.95,1411940.16,3088443.38,1676503.22
027,2023-09,122,207,306392763.43,396035130.28,2191,175774910.42,490,3017559.74,158009.41,2859550.32,195155.6,3054705.92,1506470.53,464282.95,268895.83,347472.61,2587121.92,-302327.95,467584.0,769911.95
028,2023-09,98,183,252171538.36,347109175.47,1515,65489569.56,434,2653201.45,70141.07,2583060.38,154607.83,2737668.21,609991.66,266503.86,103829.47,184847.36,1165172.35,-1535313.43,1572495.86,3107809.29
029,2023-09,93,168,268750519.18,328039790.32,1740,62565464.86,365,2146912.88,111283.47,2035629.42,70163.18,2105792.59,1551715.4,498389.14,220907.16,301788.49,2572800.21,583063.57,-467007.61,-1050071.18
030,2023-09,90,155,255054769.26,286204781.5,1653,140994211.01,391,2462376.92,179256.06,2283120.86,120146.42,2403267.28,1664241.93,568008.06,256115.9,418785.79,2907151.67,314874.25,-503884.4,-818758.65
031,2023-09,84,161,278664199.48,214156498.79,1602,86521386.3,422,2108114.32,107966.98,2000147.34,77934.72,2078082.06,1536216.1,494115.14,223673.63,320148.78,2574153.65,751431.03,-496071.59,-1247502.62
032,2023-09,85,155,175943004.55,231377819.44,1546,97908225.47,427,2448721.68,84505.49,2364216.19,121570.01,2485786.19,1619234.56,489680.36,230976.37,390717.28,2730608.56,683246.91,-244822.37,-928069.28
033,2023-09,82,135,221736353.56,290580969.48,1492,113330009.08,380,3084824.01,385526.44,2699297.56,59522.57,2758820.13,1145908.27,413414.11,161075.68,261369.79,1981767.85,632047.47,777052.28,145004.81
034,2023-09,74,122,100563661.87,282834867.92,1237,36808409.05,438,2258224.89,29075.14,2229149.75,70319.44,2299469.19,1544139.19,418317.46,188653.93,322141.14,2473251.72,-865235.68,-173782.53,691453.16
035,2023-09,69,113,124543680.7,235774681.24,1140,99052003.99,389,1965127.16,42573.97,1922553.19,50746.2,1973299.39,1466122.18,473413.59,171993.19,305781.97,2417310.94,-1958381.61,-444011.55,1514370.06
036,2023-09,58,93,123760321.21,158463088.46,879,25551388.68,201,1724412.51,64797.09,1659615.42,51669.09,1711284.5,771055.89,304551.16,76660.61,207716.13,1359983.79,-427486.7,351300.71,778787.42
037,2023-09,120,186,254213828.89,270531465.93,1725,104198556.28,753,2628104.31,60086.61,2568017.69,133126.53,2701144.22,623166.58,274535.53,133874.55,197277.57,1228854.23,1366043.1,1472290.0,106246.9
001,2023-10,175,333,633077267.61,532491315.33,3480,204450947.19,730,4059192.07,230802.47,3828389.61,276968.93,4105358.53,3025221.22,810943.4,790489.43,842202.71,5468856.77,4528557.02,-1363498.23,-5892055.26
002,2023-10,154,288,454905336.24,288978310.07,2823,152257894.9,227,2467414.85,313607.6,2153807.25,175355.55,2329162.8,602181.05,244639.97,122523.45,151993.32,1121337.79,365083.0,1207825.01,842742.01
003,2023-10,174,292,390197797.22,419487133.5,3149,106204364.15,460,3797669.72,175379.98,3622289.74,194449.03,3816738.77,1607300.09,462650.71,351375.49,377564.02,2798890.31,-314652.25,1017848.46,1332500.72
004,2023-10,162,308,554439427.24,382168867.93,3193,260302684.24,226,3016796.83,408730.57,2608066.25,146088.68,2754154.94,614136.46,250509.37,134510.07,146272.21,1145428.11,3039252.63,1608726.82,-1430525.8
005,2023-10,173,330,637585520.21,584846459.29,3054,166813337.66,735,5023830.21,179091.57,4844738.64,232399.54,5077138.17,2792079.6,741122.71,626371.12,517983.67,4677557.09,144292.62,399581.08,255288.46
006,2023-10,163,277,515513642.02,240385529.36,2876,339456168.97,236,2357884.65,234086.42,2123798.24,148066.55,2271864.79,648419.68,206202.69,122416.88,139089.56,1116128.82,-1439527.75,1155735.97,2595263.72
007,2023-10,158,272,461172383.14,374927316.19,2795,240239604.05,253,3041642.58,456098.69,2585543.89,121217.28,2706761.17,600941.45,242083.27,125201.9,174630.71,1142857.34,5778870.63,1563903.83,-4214966.8
008,2023-10,148,279,456955679.61,322953453.88,2608,96791457.48,449,2430130.32,276443.55,2153686.77,199666.45,2353353.22,1657108.44,459400.36,323058.51,396536.02,2836103.33,2276687.21,-482750.11,-2759437.32
009,2023-10,138,270,722402442.36,395154898.51,2375,76023737.26,257,2838246.31,2237318.61,600927.7,129295.81,730223.51,619155.72,231029.03,109236.29,156102.56,1115523.61,1570865.51,-385300.1,-1956165.6
010,2023-10,131,255,559715142.04,336849317.89,2534,147929323.46,271,2639213.15,1599340.3,1039872.85,160599.62,1200472.46,580667.8,247541.26,109819.7,145832.4,1083861.16,1523890.12,116611.31,-1407278.81
011,2023-10,135,252,483896292.9,304651432.95,2550,168738495.69,237,2598781.14,500542.8,2098238.33,137046.65,2235284.98,605598.85,263746.73,124839.5,205883.59,1200068.67,-927937.2,1035216.31,1963153.51
012,2023-10,141,254,491708182.0,414822892.16,2390,114782066.56,445,3479111.72,147242.44,3331869.28,164955.48,3496824.75,1445683.68,479661.66,270078.24,291470.2,2486893.79,1436526.24,1009930.96,-426595.28
013,2023-10,171,290,603399662.56,388179201.88,2800,162064241.24,701,3802893.85,299487.83,3503406.02,193777.28,3697183.3,2918982.26,975066.03,688150.61,621602.96,5203801.87,-730146.32,-1506618.57,-776472.25
014,2023-10,147,288,335007316.52,369392126.6,3042,106186887.56,282,3205613.27,94526.88,3111086.39,145813.58,3256899.98,602893.1,211727.06,122525.08,144367.92,1081513.16,-4220195.79,2175386.82,6395582.61
015,2023-10,151,280,518537631.54,469641277.32,2628,197066904.64,502,3632510.64,717298.65,2915211.99,186380.79,3101592.78,1204025.57,602664.89,284628.81,318585.46,2409904.73,187960.39,691688.05,503727.66
016,2023-10,127,233,435412002.3,275947120.54,2879,199818817.36,232,2185852.79,113804.19,2072048.6,120762.5,2192811.09,619027.19,225506.48,122071.87,174086.88,1140692.42,2240071.93,1052118.67,-1187953.26
017,2023-10,231,429,673407501.15,872342703.0,4386,591149390.38,1335,8432742.09,187049.17,8245692.92,667185.25,8912878.17,2971028.39,926074.75,978039.96,567883.51,5443026.61,-189132.55,3469851.56,3658984.11
018,2023-10,172,316,506289422.18,576860521.55,3120,509093461.46,459,4132331.51,132349.11,3999982.4,294937.64,4294920.04,568102.39,233383.58,131690.84,146262.21,1079439.02,3133663.63,3215481.03,81817.4
019,2023-10,232,426,940594216.87,644652220.25,3980,489885441.05,1107,6229951.24,814515.98,5415435.26,535205.92,5950641.18,1222474.48,568484.44,426339.65,301477.31,2518775.87,4148349.54,3431865.31,-716484.23
020,2023-10,159,294,449084533.22,510049129.99,2899,291665076.02,639,4787298.53,136835.21,4650463.32,306232.06,4956695.38,1556480.67,550509.94,357287.48,333087.16,2797365.26,773697.72,2159330.13,1385632.41
021,2023-10,104,206,423416785.18,331605320.82,2057,350114417.94,385,3245804.61,116070.15,3129734.46,147528.73,3277263.19,1600872.36,524981.01,259950.54,341489.4,2727293.31,2056692.36,549969.88,-1506722.47
022,2023-10,127,248,543055622.28,399693659.7,2416,186183443.77,475,3826006.77,217936.56,3608070.21,164169.1,3772239.3,1715510.3,543135.1,344484.82,486855.28,3089985.5,235415.06,682253.81,446838.75
023,2023-10,169,288,516125703.55,418475208.93,2670,145871411.08,650,3652716.4,172135.84,3480580.56,261018.61,3741599.17,1200023.72,485193.33,291410.78,349663.83,2326291.66,1456737.05,1415307.51,-41429.53
024,2023-10,119,219,249949747.77,229991199.37,2219,113693379.79,520,2119910.55,52490.7,2067419.85,161534.27,2228954.12,1544739.75,522716.81,289005.16,388094.74,2744556.46,-1207532.69,-515602.34,691930.34
025,2023-10,170,320,573368984.1,456426497.62,3272,184154107.37,836,4388132.0,370589.99,4017542.01,320126.6,4337668.61,623461.7,279764.2,182032.75,161984.74,1247243.38,2112956.91,3090425.23,977468.32
026,2023-10,188,307,515555471.01,579421764.96,3379,419693667.57,799,4081318.76,217019.89,3864298.87,306383.98,4170682.85,564669.49,283149.79,163180.09,129013.78,1140013.15,1256865.32,3030669.7,1773804.38
027,2023-10,117,209,308798822.48,388887188.1,2163,116101070.12,463,3344052.44,159481.26,3184571.18,182864.62,3367435.79,1515582.25,466381.59,265408.55,349449.16,2596821.55,-3917737.56,770614.24,4688351.81
028,2023-10,101,187,247110948.81,357131798.86,1514,61371467.34,447,2762885.16,69760.37,2693124.79,154437.18,2847561.97,613681.13,267708.5,105611.78,185879.5,1172880.9,39038.75,1674681.07,1635642.32
029,2023-10,97,170,279824517.21,324404963.25,1630,56378579.37,384,2275989.86,114174.27,2161815.59,71952.51,2233768.1,1561100.78,500641.95,219181.4,303501.71,2584425.83,-2298339.07,-350657.73,1947681.33
030,2023-10,96,156,269191104.65,278582045.28,1650,176425693.54,410,2631523.53,182861.14,2448662.39,123077.87,2571740.27,1674307.91,570575.55,260781.09,421155.92,2926820.46,-3082250.6,-355080.2,2727170.41
031,2023-10,83,160,281018168.75,213876307.81,1427,78211341.92,392,2011855.54,108915.5,1902940.04,76066.33,1979006.37,1545507.73,496348.62,210337.73,321966.09,2574160.17,1176521.65,-595153.8,-1771675.45
032,2023-10,86,156,180345644.31,235224150.12,1527,72768297.35,424,2382336.72,85642.55,2296694.18,116695.57,2413389.74,1629028.32,491893.79,231042.42,392941.84,2744906.37,1330581.26,-331516.63,-1662097.89
033,2023-10,84,137,224216536.85,287796046.85,1443,81633726.03,374,3016701.26,388171.24,2628530.02,54768.01,2683298.03,1152839.16,415282.81,159359.18,262844.76,1990325.91,-160665.5,692972.12,853637.62
034,2023-10,74,123,105061073.6,283488705.09,1322,42174382.58,413,2227824.38,29856.43,2197967.95,76258.22,2274226.18,1553478.74,420208.32,190956.5,323984.64,2488628.2,394269.06,-214402.02,-608671.09
035,2023-10,68,114,129618210.04,236307687.09,1122,49535845.0,382,1920832.14,43651.0,1877181.14,42414.76,1919595.9,1474989.85,475553.5,171375.59,307517.4,2429436.34,652812.15,-509840.44,-1162652.59
036,2023-10,61,96,130597159.05,156362868.94,911,31537198.44,209,1626048.48,66500.46,1559548.01,58076.06,1617624.07,775719.53,305927.79,79146.41,208882.6,1369676.33,859666.14,247947.74,-611718.4
037,2023-10,120,187,258621001.61,271558393.3,1894,181000411.98,815,2770701.19,64428.81,2706272.38,150680.91,2856953.29,626935.73,275776.48,143093.97,198378.58,1244184.76,875702.35,1612768.53,737066.18
001,2023-11,179,331,636882652.29,534539609.81,3526,175815098.11,741,3980560.86,219994.65,3760566.21,266126.61,4026692.82,3043408.93,814592.51,801637.78,846996.83,5506636.04,1470671.66,-1479943.22,-2950614.88
002,2023-11,150,289,427162324.67,285946126.72,2720,124656908.64,290,2586432.07,311226.08,2275205.99,171679.17,2446885.15,605801.38,245740.8,124769.5,152840.7,1129152.38,-2946899.6,1317732.77,4264632.38
003,2023-11,172,292,402943441.61,426296634.3,2957,161488767.26,439,3804433.04,177767.67,3626665.37,200697.72,3827363.09,1616963.22,464732.56,340169.39,379706.33,2801571.5,988323.13,1025791.6,37468.46
004,2023-11,168,311,634106245.34,373005026.21,3331,693752287.91,282,2762501.44,303168.01,2459333.44,175155.33,2634488.76,617828.66,251636.62,141987.46,147087.51,1158540.26,2013185.43,1475948.5,-537236.92
005,2023-11,175,332,621147211.71,568285163.97,3024,162061378.92,721,4978705.59,177838.07,4800867.52,236967.44,5037834.96,2808865.65,744457.63,624698.49,520933.5,4698955.26,-2104753.25,338879.7,2443632.95
006,2023-11,164,281,500412631.01,241671481.84,2900,189063889.33,228,2511623.41,234008.97,2277614.44,143415.9,2421030.34,652318.0,207130.57,123334.12,139875.02,1122657.7,-1509390.3,1298372.64,2807762.94
007,2023-11,157,275,759987561.04,367943214.96,2629,839668484.73,255,3091090.13,485891.76,2605198.37,129906.73,2735105.1,604554.32,243172.61,122406.68,175604.76,1145738.38,-2614036.14,1589366.73,4203402.87
008,2023-11,152,281,456027953.81,336918173.83,2668,78776160.43,470,2747643.41,276490.4,2471153.01,193441.83,2664594.84,1667071.02,461467.58,331748.07,398789.85,2859076.52,-1239950.46,-194481.68,1045468.78
009,2023-11,138,270,731032270.67,393768625.94,2378,115234847.58,235,2983779.91,2254933.76,728846.16,133647.65,862493.81,622878.1,232068.62,108610.12,156976.9,1120533.75,-728921.74,-258039.94,470881.79
010,2023-11,132,258,584101024.84,348307482.61,2568,158119051.07,297,2832707.44,1614199.25,1218508.19,158600.01,1377108.2,584158.79,248655.15,112897.29,146643.24,1092354.46,-1220313.13,284753.75,1505066.88
011,2023-11,138,254,499873620.96,312132264.84,2434,193868608.86,271,2738699.89,506562.32,2232137.57,144773.16,2376910.73,609239.72,264933.55,125099.82,207026.91,1206300.0,-930458.73,1170610.73,2101069.46
012,2023-11,137,256,499383963.34,418664233.02,2221,165874213.15,462,3460679.42,149451.64,3311227.77,158063.72,3469291.49,1454375.17,481820.05,265880.75,293112.72,2495188.7,1405099.87,974102.79,-430997.08
013,2023-11,168,291,615242979.35,406753122.48,2935,155766556.66,762,3928312.98,304421.53,3623891.45,194813.6,3818705.05,2936531.25,979453.66,721797.36,625104.68,5262886.96,798681.74,-1444181.91,-2242863.65
014,2023-11,150,289,336874745.36,372805232.33,3079,108974573.77,330,3150406.78,95713.54,3054693.24,147317.87,3202011.1,606517.71,212679.8,126757.08,145179.12,1091133.7,1093338.15,2110877.4,1017539.25
015,2023-11,151,279,520407676.59,511207158.26,2612,167035492.42,509,4278972.21,722425.28,3556546.93,171867.01,3728413.94,1211264.2,605376.78,286622.16,320340.1,2423603.24,-874827.68,1304810.7,2179638.38
016,2023-11,125,232,450702685.66,274733601.59,2586,250435236.76,192,2141846.24,116728.15,2025118.09,115238.77,2140356.86,622748.8,226521.22,113250.37,175063.2,1137583.58,372541.22,1002773.27,630232.06
017,2023-11,228,430,704256497.64,916607958.84,4130,207608760.2,1359,9015825.38,194565.76,8821259.63,651085.0,9472344.62,2988890.28,930241.93,968854.26,571093.58,5459080.04,1844899.75,4013264.58,2168364.83
018,2023-11,174,316,484123253.96,583682271.39,3384,486184839.97,490,4529911.45,130522.23,4399389.23,309888.13,4709277.36,571517.84,234433.76,139330.06,147077.14,1092358.8,-3837998.94,3616918.56,7454917.5
019,2023-11,231,428,863587562.14,637253149.33,3927,260522300.31,1077,5785191.62,804707.04,4980484.58,532295.0,5512779.58,1229824.03,571042.52,423261.87,303145.09,2527273.51,3878165.02,2985506.07,-892658.95
020,2023-11,161,296,474188560.45,505145312.1,3020,138498581.27,613,4610903.56,139851.42,4471052.14,308630.82,4779682.96,1565838.27,552987.14,362019.81,334958.09,2815803.31,1740430.73,1963879.65,223448.92
021,2023-11,111,209,427055756.49,342215333.53,2299,417031294.75,398,3271730.59,117381.46,3154349.13,139772.37,3294121.49,1610496.84,527343.34,277234.42,343414.92,2758489.52,1720968.89,535631.97,-1185336.92
022,2023-11,130,247,527120749.78,407134417.16,2325,222327429.06,480,3715461.08,218200.79,3497260.29,179033.1,3676293.38,1725823.99,545579.11,341556.73,489605.23,3102565.06,4093263.41,573728.32,-3519535.09
023,2023-11,167,286,538765600.88,417769565.14,2706,181484177.9,635,3814373.41,177838.67,3636534.74,253906.35,3890441.09,1207238.29,487376.62,292536.8,351613.78,2338765.49,-2937385.29,1551675.6,4489060.89
024,2023-11,117,219,256683283.15,232823981.47,2335,82913927.85,446,2260135.97,54020.07,2206115.9,158819.74,2364935.63,1554026.76,525068.95,286309.74,390279.59,2755685.04,-1321151.93,-390749.41,930402.52
025,2023-11,169,321,595311998.47,466187071.04,3283,219745119.47,876,4149090.83,375820.72,3773270.12,336285.61,4109555.73,627209.96,281023.09,185925.18,162882.72,1257040.95,3799994.22,2852514.77,-947479.45
026,2023-11,189,304,524405993.79,578139265.21,3237,388146455.22,805,3791385.05,218445.35,3572939.7,301658.76,3874598.46,568064.3,284423.91,161348.14,129724.26,1143560.61,3590074.33,2731037.85,-859036.48
027,2023-11,117,213,314628140.1,388026967.55,2126,193920186.75,509,3224640.66,161575.51,3063065.14,195268.98,3258334.12,1524693.97,468480.23,271923.6,351425.71,2616523.5,2955116.78,641810.61,-2313306.17
028,2023-11,103,187,242404827.64,371869139.81,1548,46902880.66,416,3217780.97,73987.26,3143793.71,155325.79,3299119.5,617370.59,268913.14,105011.55,186911.63,1178206.92,-4111918.89,2120912.58,6232831.46
029,2023-11,92,169,277115589.68,337794140.0,1848,59041573.35,468,2441071.72,114737.42,2326334.3,75234.11,2401568.42,1570486.16,502894.75,244703.64,305214.92,2623299.47,721416.2,-221731.05,-943147.24
030,2023-11,97,157,323082228.73,279704529.71,1812,360424366.06,400,2492311.32,190733.2,2301578.13,125758.29,2427336.42,1684373.89,573143.04,270830.7,423526.05,2951873.67,1760854.11,-524537.25,-2285391.36
031,2023-11,83,161,283904475.42,218302034.54,1370,97464271.78,377,1916852.38,110238.57,1806613.8,80346.04,1886959.85,1554799.36,498582.1,206367.81,323783.41,2583532.69,1566758.35,-696572.84,-2263331.19
032,2023-11,90,158,180242562.76,235200087.8,1630,93726888.53,442,2217024.73,87344.18,2129680.55,121157.58,2250838.13,1638822.07,494107.23,241407.76,395166.41,2769503.47,2196776.97,-518665.34,-2715442.3
033,2023-11,86,139,224982613.24,284809964.06,1606,83744486.89,400,3077422.87,390673.24,2686749.62,57918.51,2744668.13,1159770.06,417151.51,170781.15,264319.73,2012022.44,-952969.07,732645.69,1685614.76
034,2023-11,76,126,111727077.51,282030508.89,1347,50715595.41,409,2080155.7,30962.52,2049193.18,70972.03,2120165.21,1562818.29,422099.19,193305.2,325828.13,2504050.81,1241224.2,-383885.6,-1625109.8
035,2023-11,69,112,138988089.36,237065737.31,1047,49149547.8,343,2051784.2,45415.57,2006368.63,38334.67,2044703.3,1483857.53,477693.41,162364.25,309252.83,2433168.01,-1326259.74,-388464.71,937795.03
036,2023-11,61,97,140138841.06,154534893.48,849,27003028.14,178,1478221.08,68402.36,1409818.72,52541.61,1462360.33,780383.18,307304.41,74469.54,210049.07,1372206.19,1361129.69,90154.14,-1270975.54
037,2023-11,119,189,263478308.05,289158513.2,1843,97543735.38,749,3238391.11,68426.49,3169964.63,133705.11,3303669.74,630704.88,277017.42,138529.76,199479.6,1245731.66,-4692236.92,2057938.08,6750175.01
001,2023-12,175,330,648826773.97,552698556.1,3488,166924291.09,774,4075975.57,223787.53,3852188.04,276774.6,4128962.64,3061596.63,818241.61,811166.15,851790.95,5542795.34,1983507.03,-1413832.7,-3397339.73
002,2023-12,150,292,425589053.49,285289243.51,3019,165073962.79,272,2326911.15,312611.56,2014299.6,182320.51,2196620.11,609421.71,246841.64,131344.3,153688.09,1141295.74,2897596.36,1055324.37,-1842271.98
003,2023-12,165,289,416986312.3,418821051.49,3413,161403752.24,427,3601923.58,181113.11,3420810.47,206725.04,3627535.52,1626626.35,466814.41,364121.71,381848.64,2839411.11,514895.59,788124.41,273228.82
004,2023-12,166,311,640691641.34,374707520.04,3801,531858505.71,317,3148336.64,187422.35,2960914.29,200993.82,3161908.1,621520.87,252763.87,155396.3,147902.82,1177583.86,-5439321.33,1984324.25,7423645.57
005,2023-12,175,334,615542449.41,565267709.55,3417,228736900.31,806,4602294.47,178359.6,4423934.87,242393.59,4666328.46,2825651.7,747792.55,679180.16,523883.33,4776507.74,4163917.6,-110179.28,-4274096.88
006,2023-12,167,282,526893085.41,242213504.92,3187,233943045.44,297,2318869.0,237013.41,2081855.59,142960.63,2224816.22,656216.31,208058.44,134724.85,140660.49,1139660.09,2499331.38,1085156.13,-1414175.25
007,2023-12,155,277,932774704.53,366410577.06,2874,682023818.65,237,3020228.8,495000.88,2525227.92,127861.56,2653089.48,608167.2,244261.94,127675.95,176578.82,1156683.91,526298.38,1496405.57,970107.19
008,2023-12,155,283,467560017.81,349069727.04,2891,151433215.3,544,2773429.34,278735.67,2494693.67,197492.64,2692186.32,1677033.59,463534.81,356967.5,401043.68,2898579.59,890688.51,-206393.27,-1097081.78
009,2023-12,136,271,767532089.92,382712815.42,2669,158868120.93,278,2925104.35,2277921.87,647182.49,139765.74,786948.23,626600.48,233108.21,118353.7,157851.25,1135913.64,-1877103.51,-348965.41,1528138.1
010,2023-12,133,258,622032329.23,342740021.9,2744,171903242.51,288,3120939.87,1630594.67,1490345.2,163812.41,1654157.61,587649.78,249769.04,116873.61,147454.07,1101746.5,-3870173.66,552411.11,4422584.78
011,2023-12,134,255,514369095.57,315397353.99,2728,201811648.9,271,2726016.34,510358.23,2215658.11,156028.54,2371686.65,612880.6,266120.36,133308.92,208170.23,1220480.11,984379.74,1151206.54,166826.8
012,2023-12,141,255,519083012.34,418028550.54,2608,476677956.26,495,3580617.18,153805.38,3426811.8,174870.26,3601682.06,1463066.65,483978.45,290283.57,294755.24,2532083.92,-1092988.73,1069598.14,2162586.87
013,2023-12,167,292,610699369.59,407441283.47,3355,259014746.14,828,3694070.19,305499.2,3388570.99,219819.87,3608390.86,2954080.25,983841.29,783824.98,628606.4,5350352.91,3005488.54,-1741962.05,-4747450.59
014,2023-12,147,287,345275753.6,372670720.64,3219,129640208.37,343,2759959.25,96404.34,2663554.91,156111.8,2819666.71,610142.31,213632.53,131014.42,145990.32,1100779.59,4651729.76,1718887.12,-2932842.64
015,2023-12,154,280,526800819.91,530062957.85,2644,162708600.64,576,4400775.39,727278.2,3673497.19,169085.76,3842582.95,1218502.83,608088.66,298659.41,322094.74,2447345.65,3921021.94,1395237.31,-2525784.63
016,2023-12,131,234,451964476.08,270402638.52,3103,231692113.11,258,2123025.99,118772.81,2004253.18,117149.85,2121403.04,626470.4,227535.96,130274.1,176039.52,1160319.99,-262847.68,961083.05,1223930.73
017,2023-12,228,433,709224507.53,938821625.11,4725,418354421.34,1437,9372204.93,195447.65,9176757.28,678980.26,9855737.53,3006752.18,934409.1,1042964.72,574303.64,5558429.63,-1384759.89,4297307.9,5682067.79
018,2023-12,173,315,493555832.26,549112042.62,3539,491011301.89,472,3901039.81,132008.7,3769031.12,319823.46,4088854.57,574933.28,235483.95,142139.33,147892.07,1100448.63,2767728.05,2988405.95,220677.9
019,2023-12,226,424,863058489.09,630395120.93,4245,447636995.56,1228,5667407.87,806295.27,4861112.6,560345.82,5421458.42,1237173.57,573600.6,455465.25,304812.87,2571052.3,1298959.31,2850406.13,1551446.81
020,2023-12,165,297,501066570.8,521898652.47,3414,109637759.83,706,4875860.55,143560.8,4732299.75,312355.45,5044655.2,1575195.87,555464.34,397553.86,336829.01,2865043.08,78501.03,2179612.12,2101111.09
021,2023-12,115,209,457777148.84,338815559.31,2309,373839626.19,454,3083019.44,121623.72,2961395.72,141970.86,3103366.59,1620121.33,529705.66,287870.04,345340.44,2783037.46,1626013.19,320329.13,-1305684.07
022,2023-12,124,248,499804715.35,383280089.73,2552,241551429.63,539,3643763.15,216468.21,3427294.94,165927.31,3593222.25,1736137.68,548023.12,367492.08,492355.18,3144008.06,-3393488.72,449214.19,3842702.91
023,2023-12,171,288,566116892.79,413753579.89,3083,174481617.44,662,3652195.8,185582.65,3466613.15,263102.96,3729716.11,1214452.86,489559.9,313919.42,353563.73,2371495.92,1420098.8,1358220.19,-61878.61
024,2023-12,120,219,263607795.3,231459371.24,2488,121797916.51,520,2177510.82,55587.35,2121923.47,173995.27,2295918.74,1563313.78,527421.08,307228.27,392464.45,2790427.57,738732.85,-494508.83,-1233241.68
025,2023-12,174,327,614902414.77,463950568.81,3597,255947294.09,941,4041357.94,391413.23,3649944.7,347340.97,3997285.67,630958.23,282281.98,198365.6,163780.71,1275386.52,78567.11,2721899.15,2643332.05
026,2023-12,181,306,545431011.64,561551223.85,3358,411651820.43,947,5402130.87,221969.38,5180161.49,307070.26,5487231.75,571459.1,285698.04,172774.56,130434.73,1160366.44,-22825542.37,4326865.3,27152407.68
027,2023-12,124,216,340206386.97,366947281.34,2527,261580449.8,532,3291339.02,166776.69,3124562.33,211608.15,3336170.48,1533805.68,470578.86,297771.93,353402.26,2655558.74,-4031288.12,680611.75,4711899.86
028,2023-12,100,183,245330531.82,387978972.81,1793,70862137.51,426,3338848.9,79101.99,3259746.91,154904.47,3414651.38,621060.06,270117.78,112245.81,187943.77,1191367.42,1498848.53,2223283.96,724435.43
029,2023-12,91,166,282618449.92,335676678.8,1831,72927080.93,409,2536964.36,116327.2,2420637.16,77016.81,2497653.97,1579871.53,505147.55,236094.39,306928.14,2628041.61,580263.9,-130387.64,-710651.54
030,2023-12,99,157,343299681.48,283066379.85,1619,216591791.42,474,2383475.35,193980.14,2189495.21,135782.73,2325277.94,1694439.86,575710.53,273170.5,425896.18,2969217.07,2621749.67,-643939.13,-3265688.8
031,2023-12,85,162,289686284.56,215116460.28,1711,83966022.18,433,2037156.64,111809.38,1925347.26,82303.44,2007650.7,1564090.99,500815.59,235584.88,325600.72,2626092.18,-1726704.52,-618441.47,1108263.05
032,2023-12,88,158,204453803.59,233657942.56,1677,109662259.42,472,2372413.73,93210.35,2279203.37,115045.15,2394248.52,1648615.83,496320.67,250386.43,397390.97,2792713.9,-2054492.52,-398465.38,1656027.14
033,2023-12,87,142,237066740.44,289694532.18,1814,111814278.41,408,2676706.37,394546.23,2282160.13,58947.13,2341107.26,1166700.96,419020.21,182135.15,265794.7,2033651.01,5899597.61,307456.25,-5592141.36
034,2023-12,76,125,111345166.4,292325477.3,1430,56358861.21,454,2278207.14,31064.93,2247142.2,76859.32,2324001.53,1572157.84,423990.05,205248.92,327671.63,2529068.44,-641240.74,-205066.91,436173.83
035,2023-12,68,111,155830176.55,257257901.83,1075,147587370.44,406,2292526.31,47150.93,2245375.38,41112.81,2286488.2,1492725.2,479833.32,174166.37,310988.25,2457713.14,831703.68,-171224.95,-1002928.63
036,2023-12,62,99,150844350.17,153998132.35,931,36686603.58,222,1434205.01,70574.83,1363630.19,56192.76,1419822.94,785046.82,308681.03,82098.3,211215.53,1387041.68,503130.62,32781.26,-470349.37
037,2023-12,119,191,261925565.86,303284793.15,1945,173042927.52,848,3405280.53,68170.5,3337110.03,138329.52,3475439.55,634474.04,278258.37,148589.26,200580.61,1261902.27,171987.77,2213537.28,2041549.51
001,2024-01,171,330,667769865.34,561283942.64,3275,161026608.46,713,3971681.1,206641.61,3765039.5,278302.0,4043341.5,3026674.61,793788.74,742778.78,768887.11,5332129.24,1423056.08,-1288787.74,-2711843.82
002,2024-01,151,294,442637191.25,289234986.02,2533,99434413.24,234,2449232.53,289888.81,2159343.72,170023.64,2329367.36,612132.84,247207.59,118094.73,153100.03,1130535.19,-266270.86,1198832.17,1465103.03
003,2024-01,170,291,442953565.3,410787224.69,2953,147350840.2,446,3296344.93,170080.01,3126264.92,212383.96,3338648.88,1614182.02,456311.59,332142.16,352830.65,2755466.43,1746260.42,583182.45,-1163077.97
004,2024-01,170,315,648986586.91,386629518.24,3016,403652920.37,225,3065241.45,174735.82,2890505.63,162737.82,3053243.45,640212.44,266219.36,142036.76,172639.04,1221107.6,3323016.54,1832135.86,-1490880.68
005,2024-01,175,335,566926098.2,587602478.35,2864,165421072.07,708,5327576.75,155778.3,5171798.45,241666.72,5413465.16,2796092.1,726833.05,589278.14,475722.33,4587925.62,-6745970.55,825539.55,7571510.1
006,2024-01,166,284,566559837.62,251883560.72,2922,259159999.18,199,2457900.37,222486.46,2235413.91,149337.01,2384750.92,667234.72,213518.94,127480.58,151241.56,1159475.79,953578.49,1225275.13,271696.64
007,2024-01,154,280,883589315.73,364665080.78,3073,440957771.22,250,2797732.97,440755.77,2356977.2,162351.64,2519328.84,596616.06,233339.11,125059.55,151646.72,1106661.44,2038928.91,1412667.4,-626261.51
008,2024-01,151,284,483541398.87,365226325.22,2269,66275034.72,416,3018703.87,261464.13,2757239.74,203893.26,2961133.0,1727084.76,487993.43,326374.58,466712.48,3008165.25,-894982.25,-47032.25,847950.0
009,2024-01,139,273,810335120.13,385694642.49,2519,190239415.56,239,2701076.36,2088160.39,612915.96,143040.78,755956.74,642049.63,242941.2,119326.08,178181.73,1182498.63,4032200.1,-426541.89,-4458741.99
010,2024-01,133,260,644379734.1,343671263.09,2437,88189621.4,252,3326693.77,1493212.41,1833481.36,163348.97,1996830.32,589416.81,249421.76,107790.15,145562.83,1092191.54,-2179547.2,904638.79,3084185.99
011,2024-01,133,256,520549139.21,313687943.6,2468,85918183.2,245,3028729.69,471641.44,2557088.24,138965.31,2696053.56,600652.3,253723.39,117054.37,177604.05,1149034.12,-4131267.04,1547019.44,5678286.48
012,2024-01,137,254,529550831.85,444895285.32,2101,156451318.19,458,3807390.47,141061.7,3666328.77,170904.25,3837233.02,1444544.55,468325.2,248968.21,263780.93,2425618.9,1543629.01,1411614.12,-132014.89
013,2024-01,171,295,600150767.92,410657934.19,2933,163302351.3,664,3613866.25,280999.09,3332867.16,230211.55,3563078.71,2940554.76,967669.06,684838.48,591921.9,5184984.19,631487.2,-1621905.48,-2253392.68
014,2024-01,153,291,350600456.52,366474968.04,2847,101959569.42,310,2807030.42,88435.64,2718594.77,161912.73,2880507.5,636547.44,230809.93,135206.26,184437.87,1187001.51,-1327335.13,1693506.0,3020841.13
015,2024-01,154,280,547161073.64,557476007.12,2486,322027905.44,517,4780356.96,668818.38,4111538.58,194371.08,4305909.67,1228044.25,613097.72,287123.2,327721.68,2455986.85,2516691.33,1849922.81,-666768.52
016,2024-01,129,236,479279805.27,270856249.2,2564,308714091.0,205,1991211.16,125479.91,1865731.25,138480.98,2004212.23,635786.96,232626.94,117823.41,187098.15,1173335.46,1938156.35,830876.77,-1107279.58
017,2024-01,223,433,735137001.07,970611490.38,4217,284745626.6,1363,9711903.69,181454.27,9530449.42,733798.63,10264248.05,3067079.93,965116.69,1029212.62,629991.51,5691400.75,-632035.06,4572847.3,5204882.36
018,2024-01,185,320,524951059.43,537667978.81,3272,422504166.32,427,3676283.76,125031.56,3551252.2,345540.49,3896792.68,580540.11,238330.0,136850.17,152287.23,1108007.52,772284.79,2788785.16,2016500.37
019,2024-01,225,425,891255571.72,643347254.01,3655,355234890.04,1112,5650295.02,742573.94,4907721.08,578408.6,5486129.68,1263091.79,593479.87,438457.94,336542.9,2631572.5,3488259.88,2854557.18,-633702.7
020,2024-01,168,300,519761136.79,533994045.41,3267,188073898.29,617,5111836.01,134789.55,4977046.46,342218.3,5319264.76,1621782.97,584467.5,405687.2,391723.2,3003660.88,-1033646.23,2315603.88,3349250.11
021,2024-01,113,210,482661309.63,348256692.87,1951,169139808.29,428,2986109.38,114288.3,2871821.08,133002.07,3004823.15,1656115.2,549425.06,277588.86,383894.83,2867023.96,3395307.94,137799.2,-3257508.74
022,2024-01,126,251,506763604.18,380388477.12,2214,103801704.61,487,3514010.51,198534.58,3315475.93,162194.73,3477670.66,1705503.3,524956.76,318440.47,426998.77,2975899.31,1274293.41,501771.36,-772522.05
023,2024-01,174,291,601201185.13,421411017.04,2748,229338343.83,592,3922329.47,177433.56,3744895.91,290246.94,4035142.85,1214142.03,485703.63,287810.5,341969.08,2329625.24,-2431233.82,1705517.61,4136751.43
024,2024-01,123,223,278315482.57,233145796.85,2042,95474233.84,440,2045760.43,53390.37,1992370.05,173169.17,2165539.22,1573255.44,530214.39,273484.18,395677.55,2772631.56,2409191.69,-607092.34,-3016284.02
025,2024-01,172,331,623109541.79,426319274.49,3243,224696937.67,812,3964108.4,368391.29,3595717.11,356031.03,3951748.14,629128.76,278579.31,179186.96,155760.34,1242655.37,-6161104.06,2709092.78,8870196.84
026,2024-01,189,312,557595673.26,568377488.44,3540,536174104.39,762,5845159.35,205035.4,5640123.96,359099.25,5999223.2,584976.15,297167.36,176055.99,146479.01,1204678.52,-3255906.82,4794544.68,8050451.51
027,2024-01,124,217,368063438.93,377689363.02,2201,150823914.65,483,3374406.67,158231.96,3216174.7,212028.6,3428203.3,1549766.72,476883.43,278832.7,365330.0,2670812.86,90330.07,757390.44,667060.37
028,2024-01,100,183,272467085.09,395475526.7,1540,116916563.54,377,3051799.78,75179.68,2976620.1,193902.74,3170522.84,608928.59,257754.68,95985.32,160777.81,1123446.4,4348270.21,2047076.44,-2301193.77
029,2024-01,91,168,313095252.87,322689958.2,1566,107439744.57,375,2622618.24,110316.27,2512301.98,85271.31,2597573.28,1599671.67,514072.36,222044.66,321486.54,2657275.24,-3568955.29,-59701.96,3509253.34
030,2024-01,97,161,320780562.86,288182944.19,1615,151792884.46,392,2702020.51,175437.28,2526583.23,135917.36,2662500.58,1667419.94,553387.93,245812.65,373243.78,2839864.3,-2954225.74,-177363.72,2776862.03
031,2024-01,86,161,297211617.1,219790468.12,1635,79159914.14,372,1960939.83,103839.87,1857099.96,89002.52,1946102.47,1595298.34,517160.66,232094.16,356953.02,2701506.18,1642609.49,-755403.71,-2398013.19
032,2024-01,89,161,240192121.15,236415462.42,1569,73218643.0,444,2389057.28,90965.11,2298092.17,138798.51,2436890.68,1637481.53,486031.14,233274.83,369216.81,2726004.32,381357.64,-289113.64,-670471.28
033,2024-01,90,145,245461434.59,307417301.62,1522,79490421.17,363,2870894.4,363011.82,2507882.58,60105.82,2567988.41,1158377.75,410019.13,159702.15,246244.79,1974343.81,666077.93,593644.6,-72433.33
034,2024-01,78,128,110790942.81,295177404.6,1166,42670760.63,407,2352166.3,28377.14,2323789.16,79741.55,2403530.71,1644211.65,460327.23,206619.52,419613.33,2730771.73,-831576.36,-327241.02,504335.35
035,2024-01,70,112,186321763.06,253488304.46,976,77437687.12,352,2264812.14,46175.78,2218636.36,53124.39,2271760.75,1488054.95,473321.74,158205.48,295535.01,2415117.17,-561790.19,-143356.42,418433.77
036,2024-01,62,100,160834186.71,162557944.7,897,33846069.11,193,1529821.44,66132.38,1463689.06,68256.19,1531945.26,779188.96,301850.75,75978.1,195223.78,1352241.59,535735.72,179703.66,-356032.06
037,2024-01,122,192,271594321.79,315259468.34,1759,105989189.32,762,3527612.51,63167.97,3464444.54,165265.18,3629709.72,633279.05,275168.43,136204.14,191995.01,1236646.63,331257.21,2393063.09,2061805.88
001,2024-02,174,331,670786747.62,553064780.25,3240,196551640.98,700,3729427.4,205855.25,3523572.14,287293.88,3810866.02,3044548.68,796499.77,739991.52,773029.96,5354069.93,1128385.41,-1543203.91,-2671589.32
002,2024-02,156,295,454305891.0,287477591.26,2588,101280662.79,256,2363060.72,292399.02,2070661.69,174500.31,2245162.0,615747.8,248051.88,121368.31,153894.48,1139062.47,664511.93,1106099.53,441587.6
003,2024-02,174,291,452019961.56,419702094.8,3267,182419052.59,444,3405473.42,169495.93,3235977.49,226258.51,3462235.99,1623714.59,457870.03,349939.78,354720.66,2786245.06,-456900.21,675990.93,1132891.15
004,2024-02,167,318,658318242.76,385059954.36,3390,480080182.91,336,3204047.31,177020.05,3027027.27,189552.76,3216580.03,643993.22,267128.58,159584.36,173532.3,1244238.46,-1969746.92,1972341.57,3942088.49
005,2024-02,178,335,570771327.63,601346334.9,3385,197577892.95,732,4936876.33,155085.02,4781791.32,254061.45,5035852.77,2812604.45,729315.41,638998.85,478287.3,4659206.02,8689293.08,376646.75,-8312646.33
006,2024-02,168,284,555120658.43,250979610.17,2907,399829428.45,245,2537090.64,223069.81,2314020.83,162587.56,2476608.39,671175.08,214248.18,130937.66,152043.41,1168404.32,-1876966.72,1308204.07,3185170.79
007,2024-02,157,282,727124034.03,368632824.19,3136,707457971.61,233,2925949.35,416021.36,2509928.0,162852.22,2672780.22,600139.39,234136.04,126326.73,152436.1,1113038.25,-1161919.08,1559741.97,2721661.05
008,2024-02,153,286,503024463.42,366868913.65,2621,122427562.01,459,3236375.5,264999.75,2971375.75,199670.39,3171046.14,1737284.08,489660.08,356159.1,469212.61,3052315.87,-2722374.13,118730.27,2841104.4
009,2024-02,142,273,810770067.89,377470122.11,2748,167490251.93,256,2681069.12,2100147.39,580921.73,147000.84,727922.57,645841.26,243770.91,126596.65,179112.18,1195321.0,-1034286.46,-467398.43,566888.03
010,2024-02,138,258,642401121.85,344554588.48,2484,164905567.78,298,3206222.84,1502090.53,1704132.31,178131.19,1882263.5,592897.62,250273.61,112090.96,146314.67,1101576.85,1572741.9,780686.64,-792055.25
011,2024-02,130,257,539344238.37,324462222.09,2595,169919409.78,248,3057482.2,475753.44,2581728.75,151949.88,2733678.63,604199.46,254589.93,120991.34,178521.55,1158302.28,1420168.63,1575376.35,155207.72
012,2024-02,139,258,512592343.09,447389332.0,2320,190193602.86,452,3788182.37,139739.44,3648442.93,175261.61,3823704.55,1453075.33,469924.67,260547.04,265177.87,2448724.92,-65515.43,1374979.63,1440495.06
013,2024-02,171,298,621190993.27,404229918.81,3165,231065339.83,700,3580833.36,286551.02,3294282.34,226807.54,3521089.87,2957920.24,970973.94,719709.35,595052.54,5243656.06,-583537.5,-1722566.19,-1139028.69
014,2024-02,152,288,350087156.41,366994435.84,2956,155175086.74,301,2861730.21,88121.69,2773608.52,170279.71,2943888.23,640306.58,231598.22,137727.85,185404.85,1195037.49,-476815.12,1748850.73,2225665.86
015,2024-02,154,279,570012365.28,554066425.34,2637,407322350.57,493,4720614.58,676316.06,4044298.52,214878.65,4259177.17,1235296.48,615191.63,293043.01,329385.28,2472916.41,335680.62,1786260.76,1450580.14
016,2024-02,129,237,471445492.97,264266226.01,2715,178333386.84,211,2037451.83,134675.43,1902776.4,113089.26,2015865.66,639541.61,233421.43,122608.67,188078.25,1183649.96,-1805122.44,832215.7,2637338.14
017,2024-02,226,433,747626069.24,972534580.08,4394,380845965.09,1418,9337902.58,183973.32,9153929.26,749556.19,9903485.45,3085192.61,968412.85,1063107.39,633336.43,5750049.28,4231169.86,4153436.17,-77733.69
018,2024-02,182,323,545800678.11,538319861.26,3494,645385722.8,438,3695223.22,128831.63,3566391.59,352142.93,3918534.53,583968.5,239143.97,142656.49,153076.19,1118845.16,-778328.96,2799689.37,3578018.32
019,2024-02,219,429,857618836.31,657697522.54,3901,446527039.25,1137,6302314.05,743750.49,5558563.56,614953.73,6173517.29,1270550.99,595506.78,455025.07,338262.46,2659345.3,-6907462.13,3514171.99,10421634.12
020,2024-02,167,297,539451664.15,528036326.34,3087,213751853.93,678,5061395.25,138013.08,4923382.17,347161.31,5270543.48,1631360.43,586463.64,406463.46,393778.11,3018065.64,830133.64,2252477.84,1422344.21
021,2024-02,114,211,473464379.29,348332137.41,2202,215623233.57,447,3020886.21,112850.64,2908035.57,140919.94,3048955.5,1665895.41,551301.51,297440.62,385923.78,2900561.33,-925619.06,148394.18,1074013.23
022,2024-02,128,254,543876006.6,401991459.07,2363,163277758.28,433,4057247.64,203464.45,3853783.19,162384.74,4016167.93,1715575.17,526749.65,320783.71,429270.16,2992378.68,-2919315.87,1023789.24,3943105.11
023,2024-02,166,293,654971516.81,435492997.48,3043,286247266.2,636,4212652.58,187498.18,4025154.39,291110.72,4316265.11,1221312.16,487362.45,307866.76,343745.26,2360286.63,-690737.67,1955978.49,2646716.15
024,2024-02,128,225,291407294.6,228869030.04,2375,138565426.9,523,2132387.42,55329.96,2077057.46,179191.48,2256248.94,1582546.32,532025.23,306231.78,397765.87,2818569.19,-1889294.89,-562320.25,1326974.63
025,2024-02,168,332,613057694.46,433315628.9,3367,212296843.76,832,3797378.61,368812.41,3428566.19,361431.08,3789997.28,632844.09,279530.75,184155.73,156561.14,1253091.7,2981249.52,2536905.57,-444343.94
026,2024-02,192,313,592546836.74,575501367.46,3177,275408335.52,774,6100900.56,212377.73,5888522.83,305044.94,6193567.78,588430.73,298182.28,169798.71,147221.17,1203632.89,-2261907.19,4989934.89,7251842.07
027,2024-02,129,218,396278116.67,387807921.01,2088,145676589.65,484,3503723.45,164503.21,3339220.24,205380.54,3544600.78,1558918.89,478512.13,274566.55,367273.39,2679270.96,14922.21,865329.82,850407.62
028,2024-02,112,191,299081138.35,404761802.0,1692,154597059.8,410,2984614.79,79333.48,2905281.32,195198.49,3100479.81,612524.63,258634.99,102735.77,161608.22,1135503.59,2315077.74,1964976.22,-350101.52
029,2024-02,90,167,333243823.2,321672650.55,1523,52896087.47,387,2639783.28,113297.22,2526486.05,80627.38,2607113.43,1609118.55,515828.08,222637.43,323190.38,2670774.44,1143976.76,-63661.0,-1207637.76
030,2024-02,101,163,328938237.41,291409474.39,1723,246854478.56,438,2881726.32,177553.2,2704173.12,146615.36,2850788.48,1677266.91,555277.91,261904.78,375216.38,2869665.97,-2121605.56,-18877.5,2102728.06
031,2024-02,89,161,303502254.4,237091265.85,1485,67733028.06,386,2029235.61,105292.98,1923942.63,88452.59,2012395.22,1604719.39,518926.92,226988.69,358843.4,2709478.4,2354627.63,-697083.19,-3051710.82
032,2024-02,89,163,256530477.03,246782515.74,1664,96543225.61,400,2371822.0,93632.26,2278189.73,146656.8,2424846.53,1647151.7,487691.08,233706.84,371186.79,2739736.41,2260382.55,-314889.88,-2575272.43
033,2024-02,87,146,252215247.74,314246020.13,1604,110179286.99,411,2970597.3,367057.24,2603540.07,67669.35,2671209.41,1165218.56,411419.47,169913.94,247538.68,1994090.64,-195633.41,677118.77,872752.17
034,2024-02,80,128,117934719.23,296281559.2,1282,82514011.18,389,2637640.99,30022.71,2607618.28,85633.85,2693252.13,1653921.56,461899.38,211820.36,421862.81,2749504.11,-3207341.0,-56251.99,3151089.01
035,2024-02,71,115,183614235.8,262411797.86,1324,102378788.71,410,2422571.31,46255.01,2376316.3,57742.05,2434058.35,1496842.67,474938.27,186341.84,297102.7,2455225.48,-420004.46,-21167.13,398837.33
036,2024-02,61,105,162414705.42,164149505.02,878,26570647.98,209,1693291.21,66559.99,1626731.22,66645.54,1693376.76,783790.47,302881.66,77772.01,196240.94,1360685.07,-1962625.55,332691.68,2295317.24
037,2024-02,124,197,285558418.79,316004340.8,1902,102343221.44,766,3564430.39,65352.89,3499077.51,170464.67,3669542.18,637018.88,276108.21,141204.29,192984.02,1247315.41,-200148.68,2422226.77,2622375.45
001,2024-03,176,335,661906164.97,552797904.95,3526,244625925.29,715,3765116.95,205123.15,3559993.8,308418.75,3868412.54,3062422.74,799210.79,775698.33,777172.82,5414504.68,-655159.96,-1546092.13,-890932.17
002,2024-03,157,298,457625115.59,282762152.1,2692,109436365.55,242,2338679.47,293960.75,2044718.72,175738.28,2220457.0,619362.76,248896.16,123620.46,154688.94,1146568.33,-432342.66,1073888.67,1506231.34
003,2024-03,164,288,442132867.71,412043918.06,2933,125485054.57,450,3567288.61,168001.76,3399286.85,211611.63,3610898.48,1633247.16,459428.47,334955.13,356610.67,2784241.44,-3247153.22,826657.05,4073810.27
004,2024-03,170,319,625370433.58,393599025.83,3232,279310237.04,257,3260080.68,173164.05,3086916.63,158298.43,3245215.06,647774.01,268037.79,151319.41,174425.55,1241556.76,-749585.07,2003658.3,2753243.37
005,2024-03,182,337,561640054.43,600085513.56,3115,234117486.47,755,5007450.29,153343.54,4854106.74,260458.58,5114565.32,2829116.81,731797.76,627050.13,480852.27,4668816.97,-2010238.16,445748.35,2455986.51
006,2024-03,162,284,539537219.25,254682354.28,2897,232715331.06,240,2588294.95,224818.8,2363476.14,148668.3,2512144.45,675115.44,214977.41,131108.23,152845.26,1174046.34,179040.43,1338098.11,1159057.68
007,2024-03,160,282,491086421.18,374545189.5,2941,295284660.1,257,3262750.54,240752.6,3021997.94,150871.86,3172869.81,603662.71,234932.96,124288.05,153225.48,1116109.2,-3376432.26,2056760.61,5433192.87
008,2024-03,155,285,515177403.68,366734849.77,2587,100828954.16,475,3241597.97,267732.54,2973865.44,204726.72,3178592.15,1747483.4,491326.72,358533.97,471712.75,3069056.83,474229.14,109535.32,-364693.82
009,2024-03,143,274,828845831.38,382680582.65,2677,179336154.0,242,2715598.24,2115188.67,600409.57,141830.07,742239.64,649632.89,244600.63,124794.62,180042.63,1199070.77,700515.53,-456831.12,-1157346.66
010,2024-03,142,260,648823500.93,346709310.13,2359,138033383.72,292,3232942.77,1511976.89,1720965.88,174661.74,1895627.62,596378.42,251125.46,109702.7,147066.51,1104273.09,-424924.41,791354.54,1216278.95
011,2024-03,127,256,550275335.73,345860306.63,2581,190336074.52,278,3060406.38,478740.06,2581666.32,151215.39,2732881.72,607746.62,255456.47,123140.75,179439.05,1165782.9,2650800.22,1567098.82,-1083701.4
012,2024-03,142,259,554351186.76,460853200.63,2355,273842314.41,451,3607839.21,147086.83,3460752.38,183605.25,3644357.62,1461606.1,471524.14,263914.68,266574.81,2463619.74,4400756.89,1180737.89,-3220019.0
013,2024-03,170,298,656439741.66,408012668.6,3204,225830546.62,729,3511355.87,294857.28,3216498.59,244320.31,3460818.9,2975285.72,974278.82,734986.06,598183.18,5282733.78,1785417.83,-1821914.88,-3607332.71
014,2024-03,154,292,359768701.94,367326128.14,2957,130225484.29,315,2914798.24,90484.66,2824313.58,169519.96,2993833.55,644065.72,232386.5,139655.05,186371.83,1202479.1,-834796.38,1791354.45,2626150.83
015,2024-03,157,280,595129455.24,552476914.04,2503,118693539.92,515,4760023.84,683261.83,4076762.02,174117.74,4250879.76,1242548.71,617285.54,290805.93,331048.89,2481689.07,-1403021.75,1769190.68,3172212.43
016,2024-03,126,234,465087590.69,261523559.84,2517,276754572.95,220,2173259.59,131372.98,2041886.61,134291.93,2176178.54,643296.26,234215.92,118876.71,189058.35,1185447.24,-624473.56,990731.3,1615204.86
017,2024-03,237,440,720416119.37,977074711.15,4726,518380120.66,1399,8972740.45,182182.26,8790558.19,779156.52,9569714.7,3103305.28,971709.02,1095596.63,636681.35,5807292.28,5310558.97,3762422.42,-1548136.55
018,2024-03,190,326,624326424.95,539308021.21,3700,845318656.41,485,3780788.31,138413.76,3642374.54,350780.73,3993155.27,587396.89,239957.94,150225.02,153865.15,1131445.01,-345256.4,2861710.27,3206966.67
019,2024-03,226,436,871169241.82,656114106.51,3955,506492816.3,1182,6085119.01,749874.57,5335244.44,569545.11,5904789.55,1278010.19,597533.7,465713.61,339982.02,2681239.52,2313099.07,3223550.03,910450.96
020,2024-03,161,296,521023107.69,527495792.98,2803,160051820.95,629,5120190.95,134801.36,4985389.59,335641.11,5321030.7,1640937.89,588459.77,385337.86,395833.02,3010568.53,-1010403.65,2310462.16,3320865.81
021,2024-03,114,213,490975898.83,352768954.68,1991,224056031.1,411,2852455.57,112912.76,2739542.82,140836.54,2880379.35,1675675.62,553177.97,280907.37,387952.73,2897713.69,2644186.4,-17334.33,-2661520.73
022,2024-03,127,259,563303820.34,416290359.39,2656,264318875.66,485,3972138.99,205878.43,3766260.56,206405.27,3972665.83,1725647.04,528542.53,348982.57,431541.54,3034713.68,3362454.49,937952.15,-2424502.34
023,2024-03,168,294,676844495.1,424337168.95,3101,400165896.97,716,3818442.7,192793.41,3625649.28,302977.14,3928626.42,1228482.29,489021.28,321543.06,345521.43,2384568.06,3195756.87,1544058.36,-1651698.51
024,2024-03,125,226,304893440.06,242237355.33,2191,87351158.48,495,2326411.21,57048.82,2269362.4,173422.14,2442784.54,1591837.2,533836.07,294044.4,399854.18,2819571.84,-73915.39,-376787.31,-302871.91
025,2024-03,169,331,602431628.01,439093685.88,3137,236673051.72,896,3718783.56,368136.62,3350646.94,359496.1,3710143.04,636559.41,280482.18,183659.03,157361.95,1258062.57,1720437.2,2452080.47,731643.28
026,2024-03,198,320,647174928.32,580262157.74,3665,551640126.03,828,6095747.37,227336.0,5868411.37,343912.38,6212323.76,591885.32,299197.2,184831.13,147963.32,1223876.96,605695.52,4988446.79,4382751.27
027,2024-03,128,222,415245247.67,395557824.2,2187,210017669.99,470,3672143.32,168593.56,3503549.76,225133.3,3728683.06,1568071.05,480140.83,279956.57,369216.78,2697385.24,-1080960.92,1031297.81,2112258.73
028,2024-03,116,194,296230068.77,392729531.49,1659,86326176.8,454,2912208.3,80164.53,2832043.77,191031.14,3023074.9,616120.66,259515.3,105576.7,162438.62,1143651.28,-906032.68,1879423.62,2785456.3
029,2024-03,95,169,304683823.63,309424853.76,1933,57471061.77,397,2606579.85,110021.45,2496558.4,85869.77,2582428.17,1618565.43,517583.79,249113.66,324894.22,2710157.1,-2269402.98,-127728.93,2141674.05
030,2024-03,103,163,347221913.36,318221226.25,1573,122853434.38,408,3036489.12,180727.15,2855761.97,139518.51,2995280.47,1687113.88,557167.9,249355.59,377188.97,2870826.33,1702314.26,124454.14,-1577860.12
031,2024-03,90,161,306326100.52,233161774.66,1626,68246634.97,419,2023194.85,105878.9,1917315.95,92591.93,2009907.88,1614140.45,520693.18,241940.92,360733.78,2737508.32,-673578.18,-727600.44,-54022.26
032,2024-03,87,166,259493518.68,245739738.88,1791,92715250.14,429,2365221.09,94941.74,2270279.35,151395.73,2421675.08,1656821.87,489351.03,247220.09,373156.76,2766549.74,-270200.48,-344874.67,-74674.18
033,2024-03,86,147,264171075.59,293566861.45,1414,72808450.61,364,2666932.34,372129.53,2294802.81,59008.02,2353810.84,1172059.37,412819.81,157424.82,248832.58,1991136.58,-167144.12,362674.26,529818.37
034,2024-03,82,130,122954054.24,302177436.06,1316,81102407.76,411,2483884.9,31279.94,2452604.96,88335.96,2540940.91,1663631.48,463471.54,218869.3,424112.28,2770084.59,2787135.56,-229143.68,-3016279.23
035,2024-03,66,114,149434427.11,262302989.2,1372,151384351.89,349,2359427.11,42136.77,2317290.33,65779.51,2383069.85,1505630.4,476554.81,181164.28,298670.38,2462019.87,778631.34,-78950.02,-857581.37
036,2024-03,64,109,162078582.88,172147979.28,967,36639090.96,220,1730520.65,66817.39,1663703.25,71975.54,1735678.8,788391.98,303912.57,82725.26,197258.09,1372287.9,1141729.02,363390.9,-778338.12
037,2024-03,125,199,286795480.53,311055337.71,1873,107794282.52,798,3260003.47,65152.82,3194850.65,171860.91,3366711.56,640758.72,277048.0,143440.67,193973.03,1255220.41,2534565.78,2111491.15,-423074.63
001,2024-04,173,335,672011782.29,555366449.86,3387,220768771.35,711,3980435.34,206888.41,3773546.93,301093.38,4074640.31,3080296.8,801921.82,765770.48,781315.67,5429304.76,-2695561.54,-1354664.45,1340897.08
002,2024-04,152,294,452442182.06,292940198.64,2822,92675198.82,268,2581803.2,294499.64,2287303.56,175726.3,2463029.86,622977.72,249740.45,128713.71,155483.4,1156915.28,-1215513.29,1306114.58,2521627.87
003,2024-04,173,295,451113755.27,438027993.8,3130,184053693.19,442,3888092.85,169743.92,3718348.92,223782.45,3942131.38,1642779.73,460986.92,347087.24,358500.68,2809354.56,1919636.31,1132776.82,-786859.49
004,2024-04,164,316,622848413.97,391686390.68,3255,314575448.55,262,3171414.93,165353.82,3006061.11,200464.58,3206525.69,651554.79,268947.01,152728.63,175318.81,1248549.24,753954.24,1957976.45,1204022.21
005,2024-04,183,336,560592575.76,575829096.09,3087,168867017.07,751,4628046.83,154688.9,4473357.92,251192.0,4724549.92,2845629.16,734280.11,627190.82,483417.25,4690517.34,676690.16,34032.58,-642657.58
006,2024-04,160,287,564129557.76,258256079.73,3035,268220073.09,258,2604259.89,230071.84,2374188.04,152572.2,2526760.25,679055.8,215706.64,136431.86,153647.12,1184841.43,207744.37,1341918.82,1134174.45
007,2024-04,163,282,500987640.73,371020495.58,3024,540740878.5,250,2963632.48,103181.06,2860451.42,161819.56,3022270.98,607186.03,235729.88,126408.72,154014.86,1123339.5,2499363.63,1898931.48,-600432.14
008,2024-04,161,287,512060642.79,357181975.02,2776,85970331.73,485,3030716.9,268269.9,2762447.0,209573.08,2972020.08,1757682.72,492993.36,373418.7,474212.88,3098307.66,1164991.86,-126287.58,-1291279.44
009,2024-04,145,276,863631923.85,369766891.85,2614,158573507.18,251,2763600.18,2132709.97,630890.21,148717.13,779607.34,653424.52,245430.35,124710.1,180973.08,1204538.04,-2860303.78,-424930.7,2435373.08
010,2024-04,139,257,660674710.18,344622705.99,2393,164945509.09,260,3212437.22,1522367.65,1690069.57,187757.8,1877827.38,599859.23,251977.31,108883.18,147818.35,1108538.07,-205664.57,769289.3,974953.87
011,2024-04,122,258,548046238.97,345297806.6,2788,142803505.03,247,2962455.04,479871.72,2482583.31,150910.32,2633493.64,611293.78,256323.01,126817.94,180356.56,1174791.29,1134288.31,1458702.35,324414.04
012,2024-04,146,261,611537387.83,456490082.82,2370,142666805.6,404,3335921.98,156138.73,3179783.25,174267.51,3354050.76,1470136.88,473123.61,260235.58,267971.76,2471467.82,2641219.03,882582.94,-1758636.09
013,2024-04,175,300,672391702.6,401031170.61,3291,242333209.48,778,3482104.79,298075.95,3184028.84,240812.6,3424841.45,2992651.2,977583.7,761003.67,601313.82,5332552.39,-489504.35,-1907710.94,-1418206.59
014,2024-04,153,293,357710423.01,367185301.79,3101,138768386.8,304,2817524.32,91243.0,2726281.32,173595.73,2899877.05,647824.85,233174.79,143122.03,187338.81,1211460.49,3133770.26,1688416.56,-1445353.7
015,2024-04,163,281,571268159.91,546021701.73,2414,115813756.13,504,4922337.27,684956.04,4237381.23,181845.89,4419227.12,1249800.94,619379.46,286670.75,332712.5,2488563.65,-4587556.35,1930663.47,6518219.82
016,2024-04,125,237,478934259.64,259122814.33,2644,205072087.94,216,2074657.89,132513.5,1942144.4,127253.88,2069398.27,647050.91,235010.41,122648.51,190038.46,1194748.29,-143091.22,874649.99,1017741.2
017,2024-04,235,441,778406475.08,980645238.17,4498,747427375.56,1429,8775499.66,190922.8,8584576.85,767120.7,9351697.55,3121417.96,975005.18,1089579.5,640026.28,5826028.91,3601033.26,3525668.64,-75364.62
018,2024-04,190,331,708883550.55,523664597.54,3640,395633291.32,510,3618383.78,147629.24,3470754.54,342450.46,3813205.0,590825.27,240771.91,151445.92,154654.12,1137697.22,-601080.82,2675507.78,3276588.6
019,2024-04,233,438,932294719.31,663749221.09,4095,332231726.31,1060,5998395.69,762802.45,5235593.24,591279.96,5826873.2,1285469.4,599560.61,460014.21,341701.58,2686745.79,3948023.59,3140127.41,-807896.18
020,2024-04,162,296,495723611.4,523401753.62,3091,197795953.39,629,4713455.94,132471.85,4580984.1,358556.94,4939541.04,1650515.35,590455.9,403704.91,397887.93,3042564.09,3932894.85,1896976.95,-2035917.9
021,2024-04,111,211,541332340.44,355508911.51,2064,230971794.01,451,2841078.47,116844.55,2724233.92,157630.5,2881864.42,1685455.82,555054.42,292949.39,389981.68,2923441.31,758857.04,-41576.89,-800433.93
022,2024-04,127,258,536440145.25,418724073.46,2771,216588131.77,528,3992885.19,202748.71,3790136.49,184024.96,3974161.45,1735718.91,530335.42,364144.65,433812.93,3064011.91,150780.46,910149.54,759369.08
023,2024-04,172,297,649304100.15,408125736.87,2781,366314513.9,637,3571568.45,191572.78,3379995.67,294529.88,3674525.55,1235652.42,490680.1,299983.35,347297.61,2373613.49,-117828.16,1300912.07,1418740.23
024,2024-04,125,228,323245122.96,258973137.9,2334,156859734.66,546,2495304.19,58785.76,2436518.43,175748.22,2612266.64,1601128.08,535646.91,311794.99,401942.49,2850512.47,824100.9,-238245.83,-1062346.72
025,2024-04,173,338,615908561.78,440408348.84,3366,209038051.93,854,3769354.24,370746.22,3398608.02,366676.8,3765284.82,640274.74,281433.61,187718.52,158162.75,1267589.62,-235085.88,2497695.2,2732781.08
026,2024-04,200,319,660855540.45,579904177.38,3693,440272136.5,849,5875851.65,235671.02,5640180.64,339686.24,5979866.87,595339.9,300212.11,187541.92,148705.48,1231799.41,2624453.25,4748067.46,2123614.22
027,2024-04,128,225,416154969.58,395381713.24,2383,241291408.76,500,3447616.48,170813.72,3276802.76,229373.2,3506175.96,1577223.22,481769.54,296560.9,371160.17,2726713.82,4790369.5,779462.14,-4010907.37
028,2024-04,118,201,284180842.59,402716090.03,1908,73724390.66,427,3086211.6,79636.78,3006574.82,190932.05,3197506.87,619716.7,260395.61,110890.73,163269.02,1154272.05,-403526.21,2043234.82,2446761.03
029,2024-04,96,171,306212818.78,300600846.16,1648,54612384.26,383,2509943.11,111546.95,2398396.15,90020.5,2488416.66,1628012.31,519339.5,232405.96,326598.06,2706355.83,290338.54,-217939.17,-508277.71
030,2024-04,107,166,329858871.19,303746236.71,1543,197873785.21,435,2757957.55,179326.7,2578630.85,155957.7,2734588.55,1696960.85,559057.88,253783.32,379161.56,2888963.61,1125747.04,-154375.06,-1280122.1
031,2024-04,94,164,323933903.41,239565694.38,1768,84833263.09,431,2138658.77,108808.07,2029850.7,92285.82,2122136.51,1623561.5,522459.44,254481.76,362624.15,2763126.85,-633229.75,-640990.34,-7760.59
032,2024-04,91,168,255622294.54,242825372.8,1671,70169170.73,440,2225915.91,95168.55,2130747.36,142427.38,2273174.75,1666492.03,491010.97,243495.92,375126.74,2776125.66,1480909.44,-502950.91,-1983860.35
033,2024-04,90,149,271733842.89,299298373.05,1727,101366277.43,391,2690591.79,375749.2,2314842.59,69752.23,2384594.82,1178900.19,414220.14,175179.69,250126.47,2018426.49,1228587.03,366168.33,-862418.7
034,2024-04,80,133,122437449.11,302547272.64,1420,74633764.28,453,2704103.08,31214.15,2672888.93,89357.23,2762246.16,1673341.39,465043.69,234043.75,426361.75,2798790.58,-1833656.86,-36544.42,1797112.44
035,2024-04,70,120,139929426.47,260994402.61,1071,97857593.82,343,2417235.64,41123.18,2376112.46,53567.41,2429679.87,1514418.12,478171.34,166063.6,300238.07,2458891.13,-979256.02,-29211.26,950044.76
036,2024-04,66,110,170519840.66,173091247.28,931,47449799.65,222,1779696.57,68117.26,1711579.31,66149.18,1777728.49,792993.49,304943.48,82191.43,198275.24,1378403.64,1593560.44,399324.85,-1194235.59
037,2024-04,130,201,289604934.36,334925262.81,2012,127930536.53,762,3263284.22,66329.39,3196954.83,184345.5,3381300.32,644498.56,277987.78,145442.59,194962.04,1262890.97,4333320.71,2118409.36,-2214911.36
001,2024-05,171,333,678750912.14,587997852.84,3335,161861969.28,746,4417287.27,209201.01,4208086.26,291096.75,4499183.01,3098170.86,804632.85,773676.66,785458.52,5461938.89,-921446.06,-962755.88,-41309.82
002,2024-05,153,299,452831397.11,305362240.25,2649,98627218.68,243,2598142.92,297059.79,2301083.13,175041.81,2476124.94,626592.67,250584.74,124178.35,156277.86,1157633.63,1711205.94,1318491.32,-392714.62
003,2024-05,171,298,465226574.28,437271789.32,2960,145564035.65,444,3791412.45,172964.86,3618447.59,219038.98,3837486.57,1652312.3,462545.36,340644.41,360390.69,2815892.75,850746.62,1021593.82,170847.2
004,2024-05,168,318,573484361.34,387114840.24,3297,330549321.87,265,3418438.57,151386.83,3267051.74,194511.25,3461562.99,655335.57,269856.23,154923.52,176212.07,1256327.39,-3936435.97,2205235.6,6141671.57
005,2024-05,187,335,563087654.46,571858704.5,3154,206967314.24,778,4136999.81,156009.83,3980989.98,252328.57,4233318.55,2862141.52,736762.47,641089.73,485982.22,4725975.94,7413349.0,-492657.38,-7906006.39
006,2024-05,161,286,592805123.83,263895563.56,3205,331611778.31,287,2605966.4,233083.23,2372883.17,169675.59,2542558.76,682996.17,216435.87,143003.71,154448.97,1196884.72,925400.55,1345674.04,420273.49
007,2024-05,164,282,487996955.61,373944491.19,3131,649691044.55,235,2884290.86,102204.03,2782086.83,181799.74,2963886.56,610709.35,236526.8,128593.03,154804.25,1130633.43,1531903.87,1833253.13,301349.26
008,2024-05,163,287,531689872.46,381905621.06,2682,111520617.47,474,3195630.04,272352.62,2923277.42,204885.96,3128163.38,1767882.04,494660.01,367878.08,476713.01,3107133.14,1981160.87,21030.24,-1960130.63
009,2024-05,142,275,862064841.35,384463814.87,2708,195224538.39,278,3005863.7,2142421.84,863441.86,143636.22,1007078.08,657216.15,246260.07,129272.07,181903.53,1214651.82,-151167.38,-207573.73,-56406.35
010,2024-05,136,261,658453917.22,342739521.14,2513,145503500.16,272,3122708.08,1533313.4,1589394.68,191366.79,1780761.47,603340.04,252829.16,113110.98,148570.19,1117850.37,1049709.48,662911.1,-386798.38
011,2024-05,128,260,577173549.53,353467892.45,2815,193036199.96,253,2994030.16,484989.56,2509040.6,150584.41,2659625.01,614840.94,257189.56,128827.06,181274.06,1182131.62,1091400.94,1477493.39,386092.45
012,2024-05,150,264,644738998.13,467286397.86,2278,239823324.09,463,3649288.7,161359.48,3487929.23,181293.81,3669223.04,1478667.65,474723.08,265405.86,269368.7,2488165.29,213007.69,1181057.75,968050.06
013,2024-05,179,302,684027542.99,405643374.41,3084,283758166.44,790,3612976.44,300312.25,3312664.19,240951.67,3553615.85,3010016.68,980888.58,748456.66,604444.46,5343806.38,-1505171.42,-1790190.52,-285019.11
014,2024-05,155,296,361329960.65,353321090.34,3213,114783227.62,308,2672558.98,92085.64,2580473.35,162181.1,2742654.45,651583.99,233963.07,146935.34,188305.79,1220788.2,-608808.93,1521866.25,2130675.18
015,2024-05,163,285,586459600.87,540021962.32,2501,120603860.48,513,4479216.23,691158.26,3788057.97,180568.99,3968626.96,1257053.17,621473.37,293799.19,334376.1,2506701.84,6641526.87,1461925.12,-5179601.75
016,2024-05,128,236,469622446.17,253984816.44,2606,315655180.96,255,2303193.91,130162.79,2173031.12,148818.85,2321849.97,650805.55,235804.9,124927.9,191018.56,1202556.92,-2740689.35,1119293.06,3859982.4
017,2024-05,234,439,876780799.46,987960243.04,4403,382993110.46,1419,9069407.91,205179.17,8864228.74,759332.37,9623561.11,3139530.64,978301.35,1083459.9,643371.2,5844663.08,-2794920.73,3778898.03,6573818.77
018,2024-05,193,333,749905332.78,526649046.22,3736,840657724.56,471,3486366.68,152910.2,3333456.48,356058.44,3689514.92,594253.66,241585.88,152194.51,155443.08,1143477.12,1965742.52,2546037.8,580295.28
019,2024-05,235,439,972773785.83,646988783.4,3989,616795206.51,1146,5892040.02,766487.96,5125552.06,583243.86,5708795.92,1292928.6,601587.52,468110.86,343421.14,2706048.12,-1982068.18,3002747.8,4984815.98
020,2024-05,165,298,500674185.65,534449982.34,3266,180228178.23,569,4740574.56,133325.37,4607249.19,349365.86,4956615.05,1660092.81,592452.03,406889.26,399942.84,3059376.93,1187992.31,1897238.11,709245.8
021,2024-05,110,211,590158589.58,354706144.32,2007,267646380.11,439,3039000.29,121234.62,2917765.67,146239.26,3064004.93,1695236.03,556930.87,289655.5,392010.63,2933833.04,-2903088.06,130171.89,3033259.95
022,2024-05,129,259,529510684.42,419723034.32,2470,194648285.9,455,3896265.44,203510.8,3692754.64,178088.63,3870843.27,1745790.78,532128.3,336847.26,436084.32,3050850.65,1259398.84,819992.61,-439406.22
023,2024-05,172,299,676848829.7,401477626.54,2932,536662138.21,636,3776276.77,195623.89,3580652.89,297685.1,3878337.99,1242822.55,492338.92,308318.29,349073.79,2392553.56,-4203155.72,1485784.43,5688940.15
024,2024-05,123,228,321745115.6,270273599.2,2323,98019463.84,450,2594717.29,58028.99,2536688.31,172062.34,2708750.65,1610418.96,537457.75,298739.42,404030.8,2850646.93,827609.03,-141896.29,-969505.32
025,2024-05,176,339,624777428.76,439141319.05,3474,169927815.99,869,3727927.18,373772.92,3354154.26,361192.35,3715346.61,643990.07,282385.04,192152.28,158963.55,1277490.94,803504.88,2437855.67,1634350.79
026,2024-05,203,322,695348708.04,594790407.92,3840,601618231.07,847,6092518.11,239959.69,5852558.42,352736.48,6205294.9,598794.48,301227.03,191958.14,149447.64,1241427.28,31231.44,4963867.62,4932636.18
027,2024-05,130,225,492227359.7,383396215.66,2459,401474149.96,529,3353318.6,184569.03,3168749.57,236930.59,3405680.16,1586375.38,483398.24,306445.07,373103.56,2749322.25,-1054391.37,656357.9,1710749.27
028,2024-05,117,200,283283770.57,422227141.1,1788,85489066.36,398,3093626.61,79714.27,3013912.34,197721.08,3211633.41,623312.73,261275.92,106678.41,164099.43,1155366.48,3290502.16,2056266.93,-1234235.23
029,2024-05,95,172,307898296.67,284298343.17,1641,45482694.78,438,2206009.54,112843.54,2093166.0,80765.4,2173931.4,1637459.19,521095.21,241805.72,328301.9,2728662.03,579706.34,-554730.63,-1134436.96
030,2024-05,107,168,319085053.76,315688129.64,1666,168833108.47,415,2924545.29,178756.7,2745788.59,139151.61,2884940.2,1706807.82,560947.87,259477.12,381134.15,2908366.95,48200.93,-23426.75,-71627.68
031,2024-05,96,163,341636341.6,231111500.0,1600,60909092.62,428,2058582.66,112241.48,1946341.18,89722.6,2036063.79,1632982.55,524225.7,244696.41,364514.53,2766419.19,-868429.52,-730355.41,138074.11
032,2024-05,95,172,258681988.57,256921482.31,2008,102961231.25,479,2426015.32,95775.84,2330239.48,146556.84,2476796.32,1676162.2,492670.91,270941.33,377096.71,2816871.16,-74808.9,-340074.84,-265265.94
033,2024-05,88,149,276075415.05,292918335.73,1673,98455675.09,367,2728180.46,377939.72,2350240.75,61278.71,2411519.45,1185741.0,415620.48,170824.84,251420.37,2023606.69,-1300380.56,387912.76,1688293.33
034,2024-05,85,135,130522568.76,301707188.68,1280,64578924.17,407,2620280.61,32737.26,2587543.35,84800.3,2672343.65,1683051.3,466615.85,219499.37,428611.23,2797777.75,892936.28,-125434.1,-1018370.38
035,2024-05,69,119,138887056.73,274526226.4,1060,45931737.43,360,2503737.39,41459.04,2462278.35,49635.47,2511913.82,1523205.85,479787.88,168613.93,301805.76,2473413.41,998699.48,38500.41,-960199.07
036,2024-05,65,111,176661994.68,153141055.37,1089,45072356.01,208,1598442.88,69089.29,1529353.58,78340.6,1607694.19,797595.0,305974.39,86738.06,199292.4,1389599.85,-979205.33,218094.34,1197299.67
037,2024-05,131,201,308782923.87,346825516.85,2069,153301386.16,776,3305295.12,69151.45,3236143.67,170347.78,3406491.45,648238.39,278927.56,148603.76,195951.05,1271720.77,2288953.13,2134770.67,-154182.46
001,2024-06,175,333,684679837.92,595370547.92,3084,136738529.0,769,4443088.72,211803.75,4231284.97,278440.27,4509725.24,3116044.93,807343.87,760033.81,789601.37,5473023.98,2067388.31,-963298.74,-3030687.05
002,2024-06,156,304,471498082.16,304580962.6,2846,128301592.44,252,2594335.66,302571.14,2291764.53,176143.99,2467908.52,630207.63,251429.03,130305.73,157072.32,1169014.71,450931.97,1298893.81,847961.83
003,2024-06,174,299,471714042.07,445301241.35,3282,131780845.31,472,4036522.2,174789.88,3861732.32,210631.63,4072363.95,1661844.87,464103.8,363918.17,362280.69,2852147.54,-1154159.41,1220216.41,2374375.82
004,2024-06,168,319,530465276.4,383801291.79,3159,359758389.26,256,3099850.47,146618.75,2953231.72,200624.69,3153856.41,659116.35,270765.45,151669.62,177105.33,1258656.76,2960821.03,1895199.65,-1065621.38
005,2024-06,187,335,599428485.3,560667602.84,3118,223687822.3,710,3983612.38,162695.04,3820917.34,244001.56,4064918.9,2878653.87,739244.82,626912.12,488547.19,4733358.0,-87276.45,-668439.1,-581162.65
006,2024-06,158,285,616125571.03,274437635.74,3056,196816599.98,240,3082548.02,235866.08,2846681.94,150853.59,2997535.53,686936.53,217165.1,137211.26,155250.83,1196563.72,-4013362.19,1800971.81,5814334.0
007,2024-06,159,281,510858023.61,397190496.62,3052,531277588.8,214,2942614.42,105873.9,2836740.51,160749.56,2997490.07,614232.68,237323.73,126130.52,155593.63,1133280.55,3596568.17,1864209.52,-1732358.65
008,2024-06,158,285,552375919.39,383209916.53,2831,119240729.18,479,3345675.78,276529.55,3069146.23,210554.51,3279700.74,1778081.36,496326.65,379167.52,479213.15,3132788.68,-1073067.6,146912.06,1219979.66
009,2024-06,139,273,861454037.24,382795835.69,2560,147772838.31,235,2963233.02,2153997.76,809235.25,144140.52,953375.77,661007.79,247089.78,123467.44,182833.98,1214398.99,220040.41,-261023.21,-481063.62
010,2024-06,146,267,665729244.77,336864445.49,2695,201363357.13,270,3006218.94,1545614.99,1460603.95,192527.53,1653131.48,606820.85,253681.01,118069.13,149322.03,1127893.02,728014.95,525238.46,-202776.49
011,2024-06,130,260,622279805.55,357848194.14,2718,221425930.63,246,3195092.84,494685.65,2700407.19,148988.45,2849395.65,618388.1,258056.1,126779.6,182191.56,1185415.36,-1604817.83,1663980.29,3268798.12
012,2024-06,153,264,657564706.94,512590673.65,2356,231070760.6,453,4256585.85,159869.37,4096716.48,183076.58,4279793.06,1487198.43,476322.56,269642.12,270765.64,2503928.74,-1569422.64,1775864.32,3345286.96
013,2024-06,180,304,698853960.54,405847297.38,3293,288753069.38,733,3585197.64,303332.33,3281865.31,257844.0,3539709.31,3027382.16,984193.46,758141.29,607575.1,5377292.01,378628.22,-1837582.7,-2216210.92
014,2024-06,159,297,367419379.83,362076945.18,3226,134431472.15,322,3246129.93,92998.22,3153131.72,167585.79,3320717.5,655343.13,234751.36,149070.44,189272.77,1228437.7,-5362970.43,2092279.8,7455250.23
015,2024-06,161,284,605823272.68,499664380.56,2475,121793448.36,531,4063701.66,697791.91,3365909.76,182332.47,3548242.22,1264305.4,623567.28,296161.29,336039.71,2520073.68,-2165947.37,1028168.54,3194115.91
016,2024-06,128,237,448903566.88,273548017.1,2693,245142988.36,212,2504833.5,113726.26,2391107.24,147238.82,2538346.06,654560.2,236599.39,124978.48,191998.66,1208136.73,200401.36,1330209.33,1129807.97
017,2024-06,240,439,893203849.65,981112757.48,4424,602280018.73,1340,9009008.71,209635.61,8799373.1,787893.84,9587266.94,3157643.31,981597.51,1072010.91,646716.12,5857967.86,638137.16,3729299.08,3091161.92
018,2024-06,189,336,719083475.61,525966473.27,3817,917013476.82,487,3380187.81,151098.42,3229089.39,412603.62,3641693.01,597682.05,242399.85,155588.63,156232.04,1151902.56,1571151.39,2489790.45,918639.06
019,2024-06,234,438,965450374.36,624313479.6,3967,568972142.52,1132,5714910.82,763490.84,4951419.98,604909.72,5556329.69,1300387.8,603614.43,467545.94,345140.7,2716688.87,-2012867.92,2839640.82,4852508.74
020,2024-06,167,302,529728384.88,537448083.54,2963,158752784.09,691,4688418.42,137157.78,4551260.64,344790.66,4896051.3,1669670.26,594448.16,411187.66,401997.75,3077303.83,1032265.39,1818747.47,786482.07
021,2024-06,111,214,644243040.49,414206004.82,2091,346028898.86,427,3864514.1,127070.65,3737443.45,158515.22,3895958.67,1705016.24,558807.32,295179.37,394039.58,2953042.51,-749864.61,942916.16,1692780.77
022,2024-06,131,259,528416135.2,418525005.83,2736,257340632.18,490,3845460.02,203642.91,3641817.11,183095.01,3824912.12,1755862.65,533921.19,360313.7,438355.7,3088453.23,65284.89,736458.89,671174.0
023,2024-06,175,304,750082477.65,417498177.78,2912,224284219.18,668,3966662.93,205302.85,3761360.07,291250.09,4052610.16,1249992.68,493997.75,313492.6,350849.97,2408333.0,966146.78,1644277.16,678130.38
024,2024-06,129,233,317109171.95,300606084.43,2545,129199004.39,505,3048801.24,57869.67,2990931.57,182236.39,3173167.96,1619709.84,539268.59,321919.85,406119.11,2887017.39,-1217922.75,286150.57,1504073.32
025,2024-06,179,339,596924675.73,422052784.22,3221,170354903.42,851,3673290.44,370529.76,3302760.68,359897.89,3662658.57,647705.39,283336.47,186291.17,159764.36,1277097.39,-2031380.51,2385561.18,4416941.69
026,2024-06,200,320,686098700.35,611115622.87,3504,511888139.45,829,6358687.5,236755.63,6121931.87,346460.84,6468392.71,602249.07,302241.94,184488.47,150189.79,1239169.27,-1239226.74,5229223.44,6468450.18
027,2024-06,134,226,568787926.95,380730514.68,2241,110670398.72,502,3296983.99,197892.32,3099091.67,208882.72,3307974.39,1595527.55,485026.94,292431.18,375046.95,2748032.62,499978.03,559941.77,59963.74
028,2024-06,117,197,291915090.5,433698903.7,1946,182183316.02,418,3159784.76,80430.28,3079354.48,206401.37,3285755.85,626908.77,262156.23,112445.06,164929.83,1166439.88,1558105.89,2119315.97,561210.08
029,2024-06,98,173,310488352.89,289562245.2,1686,42952617.4,379,2207206.59,112753.5,2094453.09,82947.94,2177401.04,1646906.07,522850.92,236622.64,330005.74,2736385.37,1002569.52,-558984.33,-1561553.85
030,2024-06,106,172,319362669.09,321415196.39,1836,265891009.95,407,3164508.45,180030.56,2984477.89,165521.41,3149999.3,1716654.78,562837.86,270750.85,383106.74,2933350.23,-3226670.18,216649.06,3443319.24
031,2024-06,94,166,348149688.67,231180422.46,1720,84683936.39,415,2085770.34,113794.29,1971976.05,89007.63,2060983.67,1642403.61,525991.95,251459.31,366404.91,2786259.78,-241159.41,-725276.1,-484116.69
032,2024-06,98,177,261443248.38,254471792.56,1785,104092832.25,459,2487623.83,96215.96,2391407.86,151415.56,2542823.42,1685832.37,494330.85,257653.81,379066.69,2816883.72,-1293650.36,-274060.29,1019590.07
033,2024-06,90,151,299579069.95,305148288.89,1605,105053000.95,390,2926278.32,382400.76,2543877.56,60674.13,2604551.68,1192581.81,417020.82,172005.59,252714.26,2034322.49,-910943.8,570229.2,1481173.0
034,2024-06,83,136,139114574.02,310442709.08,1324,50108539.72,412,2671135.11,36466.01,2634669.11,79916.68,2714585.79,1692761.21,468188.0,224630.87,430860.7,2816440.78,518650.85,-101854.99,-620505.85
035,2024-06,68,118,150519098.98,307187602.23,1115,105868188.03,347,2838567.95,43073.78,2795494.18,54622.32,2850116.5,1531993.58,481404.42,170836.16,303373.44,2487607.6,-194352.46,362508.9,556861.36
036,2024-06,59,112,179153885.36,152505650.01,1128,44880325.29,206,1568008.58,69761.71,1498246.87,71279.35,1569526.21,802196.51,307005.3,88274.0,200309.55,1397785.36,-98441.63,171740.85,270182.49
037,2024-06,136,205,342122610.28,351725481.08,1944,196441723.54,764,3271940.12,98025.09,3173915.03,190779.09,3364694.12,651978.23,279867.35,145806.31,196940.06,1274591.95,1528701.24,2090102.17,561400.93
001,2024-07,175,331,696400203.67,619062584.41,3241,156625749.34,735,5011794.51,214647.47,4797147.04,286983.6,5084130.64,3133918.99,810054.9,770805.81,793744.22,5508523.92,-5408157.54,-424393.28,4983764.26
002,2024-07,156,307,515396806.99,306500296.82,2851,200607255.89,271,2497559.68,309594.51,2187965.17,176716.3,2364681.48,633822.59,252273.32,132411.05,157866.78,1176373.74,948901.65,1188307.74,239406.08
003,2024-07,173,298,475932946.63,435016446.33,3100,146350400.04,435,3912208.56,175604.74,3736603.82,223812.48,3960416.31,1671377.44,465662.24,350711.08,364170.7,2851921.47,-151467.46,1108494.84,1259962.3
004,2024-07,167,320,530465916.57,379868427.4,3350,192402024.88,254,2780631.69,147551.82,2633079.87,170529.01,2803608.88,662897.14,271674.67,157062.95,177998.59,1269633.34,3334867.25,1533975.54,-1800891.71
005,2024-07,190,335,619660104.19,549256422.29,3122,148904079.98,734,4163676.3,167429.79,3996246.51,247461.63,4243708.14,2895166.23,741727.17,636184.25,491112.16,4764189.81,-4347941.99,-520481.67,3827460.31
006,2024-07,159,287,612729184.66,277598697.45,3035,244642944.17,255,3050280.39,236428.92,2813851.46,160456.48,2974307.95,690876.89,217894.33,138515.51,156052.68,1203339.42,642029.31,1770968.53,1128939.22
007,2024-07,160,281,601551039.88,395174860.94,3181,444271349.97,215,3084623.11,120696.2,2963926.91,162833.27,3126760.18,617756.0,238120.65,129753.67,156383.01,1142013.33,-1620098.75,1984746.85,3604845.6
008,2024-07,156,285,576438560.2,378514379.77,3055,175159712.61,457,3112375.13,272547.04,2839828.09,214739.6,3054567.68,1788280.68,497993.3,390585.91,481713.28,3158573.17,2414934.03,-104005.48,-2518939.51
009,2024-07,138,273,868831866.26,390339518.68,2605,203505076.99,245,2947686.23,2168905.89,778780.34,150288.32,929068.67,664799.42,247919.5,125967.36,183764.43,1222450.7,1124572.41,-293382.03,-1417954.44
010,2024-07,149,271,671850146.76,354381708.57,2636,111019239.41,248,3370749.52,1555569.77,1815179.75,179156.94,1994336.69,610301.66,254532.86,116354.5,150073.88,1131262.89,-1982425.45,863073.8,2845499.25
011,2024-07,133,260,618226675.33,354111288.06,2616,127066313.6,269,2933743.87,498339.54,2435404.33,147625.31,2583029.63,621935.26,258922.64,126387.84,183109.06,1190354.8,2566822.54,1392674.84,-1174147.71
012,2024-07,147,262,705432817.63,509728924.85,2369,440533657.24,449,4098316.84,154623.75,3943693.09,179685.32,4123378.41,1495729.2,477922.03,270811.46,272162.58,2516625.27,1641200.91,1606753.14,-34447.77
013,2024-07,178,304,696568521.18,416069502.64,3029,249428677.39,756,3747489.94,303843.49,3443646.45,246164.28,3689810.73,3044747.64,987498.34,742862.17,610705.74,5385813.89,205682.69,-1696003.16,-1901685.86
014,2024-07,157,295,381380894.22,370345414.4,3116,140686841.28,282,3377587.99,95660.37,3281927.62,169018.73,3450946.35,659102.27,235539.64,144430.21,190239.75,1229311.87,-295833.81,2221634.48,2517468.29
015,2024-07,165,288,613888068.92,492563112.51,2602,172322478.2,460,4076382.95,702643.62,3373739.33,191111.06,3564850.4,1271557.63,625661.19,294754.82,337703.31,2529676.96,-1271762.4,1035173.44,2306935.84
016,2024-07,133,236,445307262.55,283857245.58,2621,226213776.5,226,2676793.72,104370.55,2572423.17,134157.84,2706581.0,658314.85,237393.88,124766.94,192978.77,1213454.43,-560893.15,1493126.57,2054019.72
017,2024-07,244,441,901237715.95,974051966.27,4591,986232480.05,1406,8802397.49,210631.09,8591766.4,801378.88,9393145.28,3175755.99,984893.67,1109151.98,650061.04,5919862.69,1285156.35,3473282.59,2188126.25
018,2024-07,193,338,664462879.62,531742842.73,3733,814525352.33,507,3549822.36,146934.92,3402887.45,368850.93,3771738.37,601110.43,243213.82,155843.89,157021.0,1157189.14,1699525.21,2614549.23,915024.02
019,2024-07,228,436,924520815.45,626673878.55,3767,485409420.95,1081,5618810.99,761118.59,4857692.4,584601.67,5442294.07,1307847.01,605641.34,454352.92,346860.26,2714701.53,2100775.37,2727592.54,626817.18
020,2024-07,175,309,548454982.63,520822539.85,3121,297263028.47,647,5081252.97,140336.23,4940916.73,357250.94,5298167.68,1679247.72,596444.3,417061.82,404052.66,3096806.49,-7535700.63,2201361.18,9737061.82
021,2024-07,112,213,679995909.17,410267999.54,2181,233327396.72,414,4013190.63,128987.44,3884203.19,149087.16,4033290.36,1714796.45,560683.77,299755.37,396068.53,2971304.12,-2629661.83,1061986.23,3691648.06
022,2024-07,135,261,514074897.36,419118919.47,2728,290806419.95,488,3432410.9,201969.15,3230441.75,211992.67,3442434.43,1765934.52,535714.07,361786.92,440627.09,3104062.59,5594708.81,338371.83,-5256336.98
023,2024-07,173,303,802956482.89,436929977.18,2934,532279889.52,673,4045108.73,215561.04,3829547.69,298805.75,4128353.44,1257162.81,495656.57,316672.78,352626.15,2422118.31,2777581.49,1706235.12,-1071346.37
024,2024-07,133,235,323887172.52,310618058.79,2271,133012227.4,506,3166147.32,59347.05,3106800.27,182368.46,3289168.73,1629000.71,541079.43,308915.62,408207.43,2887203.19,166178.13,401965.53,235787.41
025,2024-07,181,338,610694194.18,431129170.2,3369,216910546.58,874,3968320.68,373512.75,3594807.93,359631.32,3954439.25,651420.72,284287.91,192009.42,160565.16,1288283.21,-2195804.98,2666156.05,4861961.03
026,2024-07,196,319,697649041.01,618361437.42,3549,475236786.82,874,6096188.83,238061.44,5858127.4,343338.41,6201465.81,605703.65,303256.86,188960.1,150931.95,1248852.56,5110106.33,4952613.25,-157493.08
027,2024-07,134,229,570744822.55,372688681.86,2529,247842765.62,520,3088736.14,202020.7,2886715.45,231178.37,3117893.82,1604679.72,486655.64,312744.87,376990.35,2781070.57,636912.27,336823.25,-300089.01
028,2024-07,117,197,309759763.86,453290313.31,2140,241011690.16,389,3343812.25,82917.02,3260895.22,214586.8,3475482.02,630504.8,263036.54,115817.0,165760.23,1175118.57,3417354.1,2300363.45,-1116990.65
029,2024-07,99,172,309417941.24,286723268.22,1813,65473061.98,407,2018924.4,112208.35,1906716.05,90626.11,1997342.16,1656352.95,524606.63,249472.66,331709.58,2762141.82,2127372.57,-764799.67,-2892172.23
030,2024-07,107,173,320344943.63,331361929.6,1775,203119987.12,391,3307335.14,181014.03,3126321.11,143465.41,3269786.52,1726501.75,564727.84,266075.34,385079.33,2942384.26,269143.51,327402.26,58258.75
031,2024-07,96,170,368152840.48,226607797.32,1666,132375946.7,392,1980526.56,117496.78,1863029.79,99299.03,1962328.82,1651824.66,527758.21,246283.31,368295.29,2794161.47,672659.45,-831832.65,-1504492.09
032,2024-07,103,180,272472600.07,256076142.26,1771,90130396.04,447,2521427.3,97975.58,2423451.73,140484.76,2563936.48,1695502.53,495990.79,256943.39,381036.66,2829473.38,-655967.97,-265536.9,390431.07
033,2024-07,93,153,328117762.03,315440357.1,1699,102953407.43,368,3046863.88,388528.19,2658335.68,70324.86,2728660.55,1199422.63,418421.16,174691.11,254008.16,2046543.06,587326.04,682117.49,94791.45
034,2024-07,84,138,140632149.22,313309919.56,1450,57520782.95,391,2710099.71,39095.09,2671004.62,87417.3,2758421.92,1702471.12,469760.16,230853.01,433110.18,2836194.47,-55990.0,-77772.54,-21782.55
035,2024-07,70,120,172285580.98,306835875.38,1293,95074618.45,378,2637893.92,45740.63,2592153.3,61523.1,2653676.4,1540781.3,483020.95,186280.99,304941.13,2515024.37,2269041.25,138652.03,-2130389.23
036,2024-07,59,112,184812570.52,153181609.0,1087,34659124.28,233,1574175.22,70888.5,1503286.72,73220.06,1576506.78,806798.02,308036.21,89927.11,201326.7,1406088.05,734648.51,170418.74,-564229.78
037,2024-07,136,206,347043668.8,348570036.55,1988,93908539.94,721,3046116.01,123757.15,2922358.85,176879.19,3099238.04,655718.07,280807.13,144787.84,197929.07,1279242.1,3028728.5,1819995.94,-1208732.56
001,2024-08,179,333,699164063.08,622779568.09,3244,168213326.37,713,5062556.31,216337.75,4846218.56,279637.47,5125856.04,3151793.05,812765.93,769851.07,797887.07,5532297.12,-218057.7,-406441.08,-188383.38
002,2024-08,158,307,560171531.6,307220971.04,2788,108016244.3,305,2098363.7,316679.24,1781684.46,183687.01,1965371.48,637437.55,253117.61,133831.39,158661.24,1183047.78,5715796.54,782323.7,-4933472.85
003,2024-08,169,296,481616524.21,440734812.89,3270,166924390.88,472,3876730.0,176761.98,3699968.01,230213.27,3930181.29,1680910.01,467220.68,366496.71,366060.71,2880688.11,1120981.82,1049493.18,-71488.64
004,2024-08,167,321,538275930.0,386368358.65,3302,358049422.33,281,2838451.49,149545.87,2688905.63,188993.58,2877899.2,666677.92,272583.89,158586.36,178891.84,1276740.01,570679.94,1601159.19,1030479.25
005,2024-08,188,330,599120926.43,547657678.44,3127,233359979.05,681,4281079.82,162920.93,4118158.89,248174.79,4366333.67,2911678.58,744209.53,626820.09,493677.14,4776385.34,-956690.79,-410051.67,546639.12
006,2024-08,158,288,606938330.38,275514426.98,3026,287474594.28,222,2814210.53,237740.69,2576469.85,170967.88,2747437.73,694817.25,218623.56,136961.01,156854.54,1207256.37,2984056.16,1540181.36,-1443874.8
007,2024-08,164,284,540495810.6,390830386.05,3306,468299630.05,237,3059495.35,113491.38,2946003.98,160691.88,3106695.85,621279.32,238917.57,134682.38,157172.39,1152051.67,-516129.99,1954644.18,2470774.17
008,2024-08,155,284,611337173.34,421962688.4,2597,109309318.88,460,3727035.11,270731.52,3456303.59,210712.31,3667015.9,1798480.0,499659.94,365663.75,484213.42,3148017.11,245138.49,518998.79,273860.3
009,2024-08,142,274,884105617.71,392108678.46,2610,219107355.32,251,3051683.44,2185393.5,866289.94,145187.18,1011477.12,668591.05,248749.22,127227.72,184694.88,1229262.87,-1743706.26,-217785.74,1525920.52
010,2024-08,149,271,671231117.83,357439113.34,2704,168343460.1,257,3248356.88,1564973.93,1683382.95,188735.03,1872117.98,613782.46,255384.71,119076.52,150825.72,1139069.41,2013789.59,733048.57,-1280741.02
011,2024-08,135,259,631882159.03,344819945.05,2621,127363668.77,261,3079904.11,502016.99,2577887.13,138851.29,2716738.41,625482.42,259789.18,126517.34,184026.56,1195815.5,-3752089.96,1520922.92,5273012.88
012,2024-08,150,261,753454660.59,490652450.7,2496,171578466.0,422,3916811.89,160058.84,3756753.05,187264.7,3944017.75,1504259.98,479521.5,274745.76,273559.52,2532086.75,-2009887.15,1411931.0,3421818.15
013,2024-08,175,307,697540334.02,432225968.82,3284,209914668.85,742,4007717.36,305677.3,3702040.07,239044.8,3941084.86,3062113.12,990803.22,768947.15,613836.38,5435699.88,-805397.86,-1494615.01,-689217.15
014,2024-08,157,297,398868076.42,366496425.83,3048,116703131.41,290,3451577.5,98796.29,3352781.21,167993.09,3520774.3,662861.41,236327.93,144241.03,191206.73,1234637.09,-305402.58,2286137.2,2591539.78
015,2024-08,167,291,614694637.64,495227455.6,2737,170886848.48,499,4102753.71,707380.0,3395373.71,200609.57,3595983.27,1278809.86,627755.11,308433.94,339366.92,2554365.82,-211333.08,1041617.45,1252950.53
016,2024-08,132,234,449006777.2,286287020.25,2603,141300733.05,219,2979204.68,108679.44,2870525.24,119469.37,2989994.62,662069.5,238188.37,124220.21,193958.87,1218436.95,-2027598.68,1771557.67,3799156.35
017,2024-08,239,442,909475048.09,996717648.74,4563,388343700.99,1335,9089754.29,212068.64,8877685.65,759208.92,9636894.57,3193868.67,988189.84,1094754.64,653405.97,5930219.11,-902347.24,3706675.46,4609022.7
018,2024-08,193,343,630223543.67,503326120.6,3572,545065508.27,449,3149130.29,152539.2,2996591.09,349826.03,3346417.12,604538.82,244027.78,150399.18,157809.96,1156775.75,463835.83,2189641.37,1725805.54
019,2024-08,235,436,925784863.8,623289771.91,3938,380975163.53,1115,5684002.78,765935.23,4918067.55,594251.4,5512318.95,1315306.21,607668.26,468530.3,348579.82,2740084.58,-1702666.74,2772234.37,4474901.11
020,2024-08,168,309,552512459.12,532678333.96,3353,143802937.52,616,5157619.42,141652.61,5015966.81,353643.78,5369610.59,1688825.18,598440.43,427348.79,406107.56,3120721.97,736461.68,2248888.62,1512426.94
021,2024-08,113,214,622189249.54,418971065.1,2216,594789928.93,404,3988129.06,121028.96,3867100.11,159834.97,4026935.08,1724576.65,562560.22,302560.17,398097.48,2987794.54,2154975.2,1039140.54,-1115834.66
022,2024-08,136,263,491349799.16,414602164.38,2582,147813966.78,447,3613980.92,200569.17,3413411.75,181413.95,3594825.69,1776006.39,537506.96,348593.37,442898.47,3105005.19,-3276941.12,489820.51,3766761.62
023,2024-08,178,303,821201767.34,435545563.73,3153,273707315.03,669,4028603.1,221071.6,3807531.5,298868.08,4106399.58,1264332.94,497315.4,327670.07,354402.33,2443720.73,-379423.88,1662678.85,2042102.73
024,2024-08,139,240,388616415.26,319054707.96,2445,318350152.38,497,3487470.08,66879.05,3420591.04,191466.01,3612057.05,1638291.59,542890.28,320528.14,410295.74,2912005.74,-2869964.0,700051.31,3570015.31
025,2024-08,179,338,649038894.1,466440629.39,3466,231228364.15,828,4319152.15,380824.14,3938328.01,362533.21,4300861.22,655136.05,285239.34,192474.1,161365.96,1294215.45,830968.11,3006645.77,2175677.65
026,2024-08,203,321,690306824.21,617638685.25,3550,765652876.77,879,5793605.34,239512.66,5554092.68,372899.44,5926992.12,609158.24,304271.78,190329.0,151674.1,1255433.11,2522156.39,4671559.01,2149402.61
027,2024-08,137,234,560040344.25,378614701.55,2146,158778800.89,516,3104406.23,206579.83,2897826.4,216156.27,3113982.67,1613831.88,488284.34,293742.11,378933.74,2774792.07,784162.54,339190.6,-444971.94
028,2024-08,116,198,312141938.3,445035471.9,1914,162837980.52,434,3329808.36,83365.88,3246442.48,202555.68,3448998.16,634100.84,263916.84,114199.68,166590.64,1178808.0,-1975057.71,2270190.16,4245247.87
029,2024-08,102,175,299344284.83,293218602.86,1642,76763265.42,413,2124324.5,111022.29,2013302.21,83109.63,2096411.84,1665799.83,526362.34,242425.77,333413.42,2768001.37,-357592.51,-671589.53,-313997.02
030,2024-08,108,174,342226906.11,332919309.33,1755,230652426.32,445,3332758.15,183953.69,3148804.46,138399.95,3287204.41,1736348.72,566617.83,275391.69,387051.92,2965410.16,-479682.26,321794.25,801476.51
031,2024-08,97,171,372271080.7,246666676.72,1771,83869636.52,386,2233243.9,119183.47,2114060.43,92908.2,2206968.63,1661245.71,529524.47,253467.24,370185.66,2814423.09,-471699.75,-607454.46,-135754.71
032,2024-08,102,184,305412239.35,261571241.52,1920,146949443.26,456,2276152.87,102981.64,2173171.22,150118.62,2323289.84,1705172.7,497650.74,269589.85,383006.64,2855419.92,4159749.93,-532130.08,-4691880.01
033,2024-08,94,155,338685759.88,321865729.98,1648,88221282.09,395,2957873.29,392652.73,2565220.56,67631.64,2632852.2,1206263.44,419821.5,176714.69,255302.05,2058101.68,2064339.17,574750.52,-1489588.65
034,2024-08,82,138,156465128.98,331120787.12,1458,81087586.63,454,3084766.54,41194.84,3043571.7,82807.77,3126379.47,1712181.03,471332.32,243381.56,435359.65,2862254.56,-1169781.59,264124.91,1433906.5
035,2024-08,71,121,182616449.17,309868899.47,1180,161255550.87,385,2566529.37,47410.44,2519118.93,58300.66,2577419.58,1549569.03,484637.49,182098.21,306508.81,2522813.55,1121842.42,54606.03,-1067236.39
036,2024-08,58,112,189735172.81,173525224.61,1089,49032971.49,183,1836947.31,72133.02,1764814.29,73585.25,1838399.54,811399.53,309067.12,86008.87,202343.85,1408819.37,417638.68,429580.17,11941.48
037,2024-08,136,206,331616382.32,346672512.67,1965,155258249.82,736,2976193.81,122093.39,2854100.42,190630.28,3044730.7,659457.9,281746.91,145918.2,198918.08,1286041.09,4455073.71,1758689.6,-2696384.11
001,2024-09,183,333,715128327.48,635583754.49,3117,124688407.78,697,5311930.86,219701.48,5092229.38,277821.64,5370051.01,3169667.11,815476.96,757730.14,802029.92,5544904.13,-649639.47,-174853.12,474786.35
002,2024-09,156,307,567728799.41,305322099.63,2905,153762036.8,237,2033577.53,319355.47,1714222.06,181113.89,1895335.94,641052.51,253961.89,132876.62,159455.7,1187346.72,-120472.3,707989.23,828461.53
003,2024-09,172,296,479430061.65,445706177.15,2819,127098435.55,429,3901350.76,176628.9,3724721.85,212060.16,3936782.01,1690442.59,468779.12,338054.16,367950.72,2865226.58,782526.1,1071555.43,289029.33
004,2024-09,170,319,617280736.92,379015006.08,3424,556371379.26,255,2746059.89,161784.83,2584275.06,174833.1,2759108.16,670458.7,273493.11,160513.88,179785.1,1284250.79,-21709.64,1474857.37,1496567.01
005,2024-09,182,328,611949560.83,513868365.05,3107,141733123.91,665,4392772.69,162895.66,4229877.03,242637.7,4472514.73,2928190.94,746691.88,624768.56,496242.11,4795893.49,-6298775.21,-323378.76,5975396.45
006,2024-09,159,287,604829837.3,267389264.12,3122,203063471.82,256,2768053.06,239109.86,2528943.2,157026.99,2685970.19,698757.62,219352.79,141995.8,157656.39,1217762.6,-779650.02,1468207.59,2247857.61
007,2024-09,168,285,501612173.77,422095250.0,2904,313713369.99,255,3389699.57,109149.94,3280549.62,152884.1,3433433.72,624802.65,239714.5,127516.73,157961.77,1149995.64,1794009.33,2283438.08,489428.75
008,2024-09,154,284,626991531.47,428660539.26,2735,75293690.2,466,3806147.71,274717.37,3531430.34,213039.84,3744470.17,1808679.32,501326.59,376922.9,486713.55,3173642.35,4452063.16,570827.82,-3881235.34
009,2024-09,142,275,878135420.3,375594846.7,2620,138096488.47,244,3130690.36,2198201.64,932488.72,155300.91,1087789.63,672382.68,249578.93,127604.57,185625.33,1235191.51,-4893326.97,-147401.89,4745925.09
010,2024-09,151,274,676209971.8,347623740.22,2604,72394168.58,255,3548604.54,1575132.09,1973472.46,171226.05,2144698.51,617263.27,256236.56,117505.84,151577.56,1142583.23,-6621719.65,1002115.28,7623834.93
011,2024-09,132,256,649447228.22,365638816.37,2399,105928401.88,270,3274407.9,506521.73,2767886.17,140609.09,2908495.26,629029.58,260655.72,122185.63,184944.06,1196814.99,1248619.98,1711680.27,463060.29
012,2024-09,154,264,696848645.69,498325994.38,2480,219704306.14,393,3988584.15,153944.58,3834639.58,191937.83,4026577.41,1512790.75,481120.97,271959.19,274956.46,2540827.37,92718.24,1485750.04,1393031.8
013,2024-09,179,309,705202388.33,460798357.8,3221,170369816.4,703,4367037.11,308978.21,4058058.9,228638.34,4286697.25,3079478.6,994108.1,756576.56,616967.02,5447130.29,666474.89,-1160433.04,-1826907.93
014,2024-09,158,298,417442026.46,351494660.35,2997,148740670.05,287,3539053.45,101638.28,3437415.17,177341.16,3614756.33,666620.55,237116.21,143700.92,192173.71,1239611.39,-4178285.75,2375144.94,6553430.69
015,2024-09,164,290,622322841.66,484963794.68,2558,128449519.87,482,3901508.28,705525.14,3195983.13,185544.49,3381527.63,1286062.09,629849.02,298832.78,341030.52,2555774.42,697074.26,825753.21,128678.95
016,2024-09,133,234,443654589.03,283056864.01,2583,212209280.12,203,2729701.65,107300.53,2622401.11,137804.38,2760205.49,665824.14,238982.87,123198.74,194938.97,1222944.73,2374074.86,1537260.77,-836814.09
017,2024-09,239,443,876801015.58,999749543.49,4410,365556404.81,1351,9478072.42,209941.05,9268131.37,759757.11,10027888.47,3211981.34,991486.0,1090640.0,656750.89,5950858.24,-2620294.75,4077030.24,6697324.99
018,2024-09,192,341,646741117.64,506214552.52,3658,689647240.45,533,3502684.58,163322.75,3339361.83,375742.64,3715104.47,607967.21,244841.75,157447.42,158598.92,1168855.3,-3955517.69,2546249.17,6501766.85
019,2024-09,233,431,873255653.43,634462423.57,3655,271782323.75,1062,5557393.15,764190.21,4793202.93,595230.91,5388433.85,1322765.41,609695.17,450811.91,350299.38,2733571.87,3570452.88,2654861.98,-915590.91
020,2024-09,166,310,559296664.47,534597253.36,3112,223556664.53,597,5049732.4,142250.46,4907481.93,356143.92,5263625.86,1698402.64,600436.56,413015.43,408162.47,3120017.1,1538374.6,2143608.75,605234.15
021,2024-09,113,217,557946665.12,421635576.33,1946,290308120.05,392,3877272.68,114254.8,3763017.88,152754.5,3915772.38,1734356.86,564436.68,286270.39,400126.43,2985190.36,1619956.78,930582.02,-689374.76
022,2024-09,138,267,521042742.91,412239286.06,2702,170745495.99,453,3488287.71,205065.81,3283221.9,170539.56,3453761.46,1786078.26,539299.84,359287.56,445169.86,3129835.52,1066425.94,323925.95,-742500.0
023,2024-09,175,302,731441603.09,434507112.46,3114,525651533.6,636,4238344.26,212611.87,4025732.38,310049.92,4335782.3,1271503.07,498974.22,323659.77,356178.5,2450315.57,-2149520.73,1885466.73,4034987.46
024,2024-09,142,243,433559339.47,325704964.33,2665,266288987.46,470,3360805.75,70985.59,3289820.16,190968.62,3480788.78,1647582.47,544701.12,330892.75,412384.05,2935560.39,2595510.72,545228.39,-2050282.33
025,2024-09,187,339,659097046.83,466211879.4,3451,259048796.64,843,4237976.32,385125.47,3852850.85,373649.13,4226499.98,658851.38,286190.77,194114.34,162166.77,1301323.25,938361.49,2925176.73,1986815.24
026,2024-09,198,322,660439646.27,609633187.29,3390,350643730.13,807,6915896.96,238509.04,6677387.92,348456.12,7025844.04,612612.82,305286.69,183287.4,152416.26,1253603.17,-14826283.69,5772240.87,20598524.56
027,2024-09,135,237,561519632.43,398624948.6,2487,175244565.76,469,3195010.51,217360.8,2977649.71,221202.22,3198851.93,1622984.05,489913.04,307415.49,380877.13,2801189.7,2189230.88,397662.23,-1791568.65
028,2024-09,115,200,312930777.29,444146489.42,1992,195793274.23,437,3138310.24,84104.75,3054205.49,220499.7,3274705.19,637696.87,264797.15,117017.11,167421.04,1186932.18,2295143.9,2087773.01,-207370.89
029,2024-09,98,173,291560465.71,298518494.87,1803,52624272.06,391,2364617.7,109559.73,2255057.97,85176.92,2340234.89,1675246.71,528118.06,249355.27,335117.26,2787837.3,-2186400.09,-447602.41,1738797.69
030,2024-09,110,178,338923650.91,340494855.47,1851,183532901.49,406,3234079.13,184667.37,3049411.76,149968.48,3199380.24,1746195.69,568507.81,277417.81,389024.51,2981145.82,3010646.21,218234.42,-2792411.8
031,2024-09,98,173,369372554.97,253202895.71,1731,105113021.54,452,2207466.78,119255.25,2088211.52,94307.8,2182519.32,1670666.77,531290.73,263943.61,372076.04,2837977.15,1598032.47,-655457.83,-2253490.3
032,2024-09,103,187,350926984.12,282642431.97,1976,151558002.64,404,2691115.92,112577.28,2578538.64,151154.6,2729693.24,1714842.87,499310.68,266450.82,384976.61,2865580.98,-1131276.96,-135887.73,995389.23
033,2024-09,94,158,340403319.41,321020458.17,1719,78156502.7,371,2994191.72,394829.02,2599362.7,61567.52,2660930.22,1213104.25,421221.84,178425.31,256595.94,2069347.35,-466154.96,591582.87,1057737.83
034,2024-09,82,138,172435882.91,339289509.64,1555,117928732.02,413,3300851.73,43288.17,3257563.56,105434.6,3362998.15,1721890.94,472904.47,243694.33,437609.12,2876098.87,-994049.16,486899.28,1480948.44
035,2024-09,66,121,180880481.26,321303771.53,1127,73462882.36,408,2708573.52,47595.3,2660978.22,55082.22,2716060.44,1558356.75,486254.02,183859.82,308076.5,2536547.1,498350.24,179513.35,-318836.9
036,2024-09,61,114,187896528.3,186652884.51,1064,37830311.69,189,2009994.92,72151.94,1937842.98,68703.01,2006545.99,816001.04,310098.03,86320.05,203361.01,1415780.13,397647.45,590765.86,193118.41
037,2024-09,135,204,343319681.9,322676787.24,2078,208681357.84,768,2860088.56,125013.35,2735075.2,198461.85,2933537.06,663197.74,282686.69,151636.02,199907.09,1297427.55,-2660706.47,1636109.5,4296815.97
001,2024-10,178,329,733851429.71,636653343.07,3228,148236024.88,739,5218769.67,223785.68,4994983.99,284818.35,5279802.34,3187541.18,818187.98,782865.11,806172.77,5594767.05,1757606.04,-314964.71,-2072570.74
002,2024-10,160,307,570898502.02,308376166.16,2843,107842581.92,292,2259190.08,321352.69,1937837.4,174456.85,2112294.25,644667.46,254806.18,135750.52,160250.16,1195474.32,-2580410.15,916819.93,3497230.08
003,2024-10,175,296,484886932.03,461745726.19,3287,186847384.97,436,4156775.39,177742.37,3979033.01,238166.66,4217199.67,1699975.16,470337.56,365962.64,369840.73,2906116.09,32392.06,1311083.58,1278691.52
004,2024-10,168,321,694074376.79,386552337.1,3260,285417365.41,263,3014447.83,172269.1,2842178.72,174183.14,3016361.86,674239.48,274402.33,157820.83,180678.36,1287141.0,-2193034.14,1729220.87,3922255.0
005,2024-10,179,329,623056311.78,533636569.08,2904,188102845.14,713,4531946.9,164345.47,4367601.42,261470.12,4629071.54,2944703.29,749174.23,623232.13,498807.08,4815916.74,1517905.55,-186845.2,-1704750.74
006,2024-10,157,288,616388929.38,265284498.72,3101,249666860.57,234,2651757.91,240550.91,2411207.0,164474.55,2575681.55,702697.98,220082.03,140687.26,158458.25,1221925.51,1149520.86,1353756.04,204235.18
007,2024-10,170,287,514808120.03,458353992.86,3167,712971243.85,236,3717034.44,109401.73,3607632.71,162165.56,3769798.27,628325.97,240511.42,133083.42,158751.15,1160671.96,-158337.8,2609126.31,2767464.11
008,2024-10,152,284,641183191.77,402856338.22,2981,121383511.11,454,3861827.51,277515.79,3584311.72,213071.38,3797383.1,1818878.64,502993.23,391638.15,489213.69,3202723.7,-5205688.18,594659.4,5800347.58
009,2024-10,137,273,883727601.08,389506728.36,2734,191739999.65,248,3147050.19,2210212.69,936837.5,147418.7,1084256.2,676174.31,250408.65,131088.87,186555.78,1244227.61,2368349.95,-159971.41,-2528321.36
010,2024-10,150,276,677662453.11,377102913.06,2811,207862960.55,261,3800975.36,1584536.93,2216438.44,192767.09,2409205.53,620744.08,257088.41,123355.71,152329.4,1153517.6,1280593.5,1255687.93,-24905.57
011,2024-10,134,256,645236645.96,375228033.0,2471,134465449.67,223,3418913.45,507528.65,2911384.8,137894.2,3049279.01,632576.74,261522.26,121574.88,185861.57,1201535.45,48406.29,1847743.56,1799337.27
012,2024-10,152,264,701025739.94,500610360.4,2535,446910272.52,500,3954983.87,154692.19,3800291.68,179058.9,3979350.58,1521321.53,482720.44,290105.65,276353.4,2570501.02,857276.96,1408849.56,551572.6
013,2024-10,174,310,754425854.12,465818863.87,3295,298494600.12,745,4355138.8,317834.95,4037303.84,242278.74,4279582.59,3096844.08,997412.98,779163.73,620097.66,5493518.45,731304.94,-1213935.86,-1945240.8
014,2024-10,166,297,435056827.29,353871526.74,2993,136707769.24,312,3522733.45,104778.81,3417954.64,166578.59,3584533.23,670379.68,237904.5,145737.61,193140.69,1247162.48,807174.97,2337370.75,1530195.78
015,2024-10,164,290,642959392.89,482758283.13,2385,120999555.79,505,3653946.71,706444.39,2947502.32,181508.78,3129011.1,1293314.32,631942.93,294712.52,342694.13,2562663.91,3048582.97,566347.2,-2482235.78
016,2024-10,135,237,467844550.53,296197349.76,2627,226773034.95,221,2956011.57,112714.57,2843297.0,124712.83,2968009.83,669578.79,239777.36,126355.05,195919.08,1231630.27,-618776.31,1736379.56,2355155.87
017,2024-10,247,447,872342299.0,992454024.41,4481,368296410.19,1405,9541683.32,210589.84,9331093.49,762296.71,10093390.2,3230094.02,994782.16,1116945.54,660095.81,6001917.54,-384166.49,4091472.66,4475639.15
018,2024-10,190,343,678778163.75,529457994.38,3752,742635011.4,461,3786970.92,168017.69,3618953.24,366805.67,3985758.91,611395.59,245655.72,156502.26,159387.88,1172941.45,41533.88,2812817.45,2771283.58
019,2024-10,235,434,868586077.01,630758677.29,4275,566209933.63,1132,5618903.42,712197.46,4906705.96,616187.31,5522893.27,1330224.62,611722.08,489969.28,352018.94,2783934.91,-2408210.95,2738958.36,5147169.31
020,2024-10,168,311,571206240.54,527881533.93,3338,201748162.56,662,4877586.35,142984.59,4734601.76,364674.69,5099276.45,1707980.1,602432.69,438402.43,410217.38,3159032.6,-50693.2,1940243.85,1990937.05
021,2024-10,111,217,564050449.72,420686176.4,2208,418645386.8,421,3689141.04,114352.35,3574788.69,152458.55,3727247.24,1744137.07,566313.13,308629.22,402155.39,3021234.8,1827394.01,706012.44,-1121381.57
022,2024-10,139,268,532157310.91,412597787.4,2811,192481875.87,491,3136316.69,206250.63,2930066.06,184573.65,3114639.72,1796150.13,541092.73,374014.3,447441.25,3158698.4,4222417.42,-44058.68,-4266476.11
023,2024-10,180,307,650693323.63,432931942.22,3012,486526973.44,674,4055046.46,206849.09,3848197.36,299425.21,4147622.57,1278673.2,500633.04,325907.23,357954.68,2463168.16,1758141.27,1684454.41,-73686.86
024,2024-10,141,244,418362870.06,325312131.33,2444,174282681.92,492,3055583.55,68707.73,2986875.82,189895.39,3176771.21,1656873.35,546511.96,323823.2,414472.36,2941680.87,3729772.29,235090.34,-3494681.95
025,2024-10,186,338,667248315.89,461612299.14,3116,238249925.96,866,4167071.19,388903.28,3778167.91,366738.95,4144906.86,662566.7,287142.2,188599.91,162967.57,1301276.39,-200303.48,2843630.47,3043933.95
026,2024-10,196,324,676459588.01,611930740.66,3537,514555537.17,843,6667864.57,241968.92,6425895.65,338612.39,6764508.04,616067.4,306301.61,189832.12,153158.41,1265359.54,3753191.05,5499148.5,1745957.44
027,2024-10,133,232,572188319.54,401819178.37,2334,239798149.78,455,3556206.38,227224.82,3328981.56,231041.16,3560022.72,1632136.21,491541.74,298062.55,382820.52,2804561.02,-4009751.26,755461.7,4765212.97
028,2024-10,117,203,340363283.32,447818024.74,2098,181379839.29,421,3311634.83,87923.65,3223711.18,209284.85,3432996.04,641292.91,265677.46,119525.43,168251.44,1194747.24,-2476836.0,2238248.79,4715084.79
029,2024-10,99,174,313005923.16,310012195.84,1623,72858956.04,398,2603705.26,113683.97,2490021.29,81880.91,2571902.2,1684693.59,529873.77,241679.73,336821.1,2793068.19,-1466819.52,-221165.99,1245653.53
030,2024-10,112,178,332088884.26,327889540.77,1816,141035751.07,420,3014785.58,185597.86,2829187.71,137900.76,2967088.47,1756042.66,570397.8,278818.31,390997.1,2996255.87,551132.5,-29167.4,-580299.9
031,2024-10,99,172,375149491.91,293976466.43,1717,91487856.61,423,2668735.24,120313.78,2548421.46,96180.44,2644601.9,1680087.82,533056.99,259941.98,373966.42,2847053.21,1263487.57,-202451.31,-1465938.88
032,2024-10,103,190,368952616.37,283798753.24,1764,72869967.98,489,2704867.69,119892.07,2584975.62,147717.7,2732693.32,1724513.03,500970.62,269580.77,386946.59,2882011.02,6657.54,-149317.69,-155975.23
033,2024-10,101,162,347811461.39,325842250.96,1844,114661632.37,376,3034750.8,398343.22,2636407.58,70153.71,2706561.29,1219945.07,422622.18,186152.51,257889.84,2086609.59,142294.41,619951.7,477657.29
034,2024-10,83,140,171638565.57,344611565.23,1503,84361609.05,413,3314165.72,43008.12,3271157.6,86523.89,3357681.49,1731600.85,474476.63,242148.65,439858.6,2888084.73,869372.93,469596.77,-399776.16
035,2024-10,64,120,176067092.13,325590021.46,1184,71434417.55,370,2725986.94,47953.21,2678033.72,59514.28,2737548.0,1567144.48,487870.56,182366.2,309644.19,2547025.43,593422.22,190522.58,-402899.65
036,2024-10,65,116,193542938.86,193155058.5,1112,46235998.98,187,2093021.17,74163.83,2018857.34,73663.47,2092520.81,820602.55,311128.94,88648.1,204378.16,1424757.76,389963.28,667763.05,277799.77
037,2024-10,136,209,358199512.01,332346850.56,2067,116741656.33,777,2944256.68,128155.49,2816101.19,178730.78,2994831.97,666937.58,283626.48,153248.97,200896.1,1304709.12,811893.73,1690122.85,878229.12
001,2024-11,175,328,739108336.4,643615511.55,3436,149348635.95,709,5306081.55,225879.41,5080202.14,297071.18,5377273.32,3205415.24,820899.01,798691.74,810315.62,5635321.61,-809665.19,-258048.29,551616.9
002,2024-11,167,308,593337036.53,305877296.02,2888,166631387.2,243,2267676.73,315251.57,1952425.15,182315.78,2134740.94,648282.42,255650.47,134317.22,161044.61,1199294.73,-511344.46,935446.21,1446790.67
003,2024-11,182,300,485408466.99,472317944.5,3608,161252780.01,434,3912796.66,175309.0,3737487.65,233623.43,3971111.08,1709507.73,471896.0,385862.12,371730.73,2938996.58,5258141.74,1032114.5,-4226027.24
004,2024-11,167,320,735073613.76,382163196.08,3386,448780708.68,245,3072721.57,177650.09,2895071.48,188698.17,3083769.64,678020.26,275311.55,160665.74,181571.62,1295569.17,-699576.57,1788200.47,2487777.04
005,2024-11,189,329,622014557.91,532936455.57,2941,243921234.43,737,4457285.92,165869.18,4291416.75,253353.17,4544769.91,2961215.65,751656.59,634718.28,501372.05,4848962.57,966453.26,-304192.65,-1270645.91
006,2024-11,154,288,626678733.01,264282755.4,2986,252421039.18,236,2622088.08,244200.81,2377887.27,170424.71,2548311.98,706638.34,220811.26,138718.86,159260.1,1225428.56,542051.99,1322883.42,780831.43
007,2024-11,167,284,544234351.05,468473726.18,2937,936788575.26,236,3736433.3,115164.1,3621269.2,149381.63,3770650.83,631849.29,241308.34,128308.39,159540.53,1161006.56,1186406.34,2609644.27,1423237.93
008,2024-11,150,285,665764951.81,401886194.15,2747,92257449.3,459,3862759.82,282236.42,3580523.4,211813.33,3792336.74,1829077.96,504659.87,380443.2,491713.82,3205894.85,-943841.85,586441.89,1530283.74
009,2024-11,144,277,910537516.52,390668196.33,2627,163672901.71,242,3007879.9,2225804.7,782075.2,153959.91,936035.1,679965.94,251238.37,128945.4,187486.23,1247635.95,2170977.18,-311600.84,-2482578.02
010,2024-11,149,278,677566251.4,386746407.64,2630,126353093.1,257,3619233.77,1593151.55,2026082.22,175474.39,2201556.61,624224.89,257940.26,119765.66,153081.24,1155012.05,4151637.77,1046544.56,-3105093.21
011,2024-11,134,256,655218143.82,363768404.65,2659,95590850.65,263,3281158.93,501571.74,2779587.19,143399.37,2922986.56,636123.9,262388.81,129572.26,186779.07,1214864.03,-255355.66,1708122.53,1963478.19
012,2024-11,149,264,696060739.08,504814557.41,2460,412893915.64,431,3995624.31,154423.76,3841200.55,189907.02,4031107.57,1529852.3,484319.91,278847.53,277750.34,2570770.09,-305287.04,1460337.48,1765624.52
013,2024-11,173,306,791542454.02,482493218.77,3090,215839242.86,730,4429446.84,324387.16,4105059.68,236583.97,4341643.65,3114209.56,1000717.86,758139.41,623228.3,5496295.13,3010620.22,-1154651.49,-4165271.71
014,2024-11,171,300,447503375.4,350575740.68,2855,134288429.09,270,3377562.48,106781.85,3270780.63,169160.11,3439940.75,674138.82,238692.78,140292.39,194107.67,1247231.66,1194347.3,2192709.08,998361.78
015,2024-11,166,294,646049880.25,476325591.67,2478,136097392.0,464,3413346.14,713382.72,2699963.43,188385.75,2888349.18,1300566.55,634036.85,295707.16,344357.73,2574668.29,2122494.14,313680.89,-1808813.25
016,2024-11,135,239,497942006.95,293767058.39,2679,236393171.47,218,2906559.07,119356.32,2787202.76,123349.77,2910552.52,673333.44,240571.85,128172.15,196899.18,1238976.62,204469.55,1671575.9,1467106.35
017,2024-11,241,449,891475280.79,1008721021.81,4785,356431234.36,1349,9362389.19,215075.62,9147313.56,774688.88,9922002.44,3248206.7,998078.33,1137016.78,663440.74,6046742.54,4264541.85,3875259.9,-389281.94
018,2024-11,193,344,656852902.58,523852182.05,3697,561701082.68,430,3847898.65,168976.93,3678921.73,350332.03,4029253.75,614823.98,246469.69,154405.93,160176.84,1175876.44,-2223172.84,2853377.32,5076550.15
019,2024-11,233,432,889663601.5,633076270.86,4037,341954569.0,1118,5602281.98,663839.95,4938442.02,599661.0,5538103.03,1337683.82,613748.99,479727.03,353738.5,2784898.34,1416621.12,2753204.69,1336583.57
020,2024-11,164,312,569979779.61,529944168.97,3135,177410663.49,647,4779265.39,143782.69,4635482.71,354755.52,4990238.23,1717557.56,604428.83,427158.63,412272.29,3161417.3,2026604.21,1828820.93,-197783.29
021,2024-11,115,218,538505197.01,457820364.59,2145,281750626.27,390,3994314.04,111933.77,3882380.27,153415.22,4035795.49,1753917.28,568189.58,301600.38,404184.34,3027891.57,2315152.02,1007903.92,-1307248.1
022,2024-11,134,268,510258653.95,430558444.2,2713,218320554.81,471,2920029.4,204473.82,2715555.58,197229.35,2912784.93,1806222.0,542885.61,367209.28,449712.63,3166029.53,6963435.84,-253244.6,-7216680.44
023,2024-11,185,309,594419345.21,436919171.75,3226,256737648.13,633,4013155.49,204757.95,3808397.54,312816.49,4121214.03,1285843.33,502291.87,332485.58,359730.86,2480351.64,1597702.78,1640862.39,43159.61
024,2024-11,146,244,426059182.99,327361376.49,2665,287669000.92,460,3031008.14,70405.96,2960602.17,199235.64,3159837.81,1666164.23,548322.8,333027.67,416560.67,2964075.38,848473.92,195762.44,-652711.48
025,2024-11,179,339,685767336.49,479758069.98,3279,235071351.59,813,4518314.97,394625.54,4123689.43,366241.49,4489930.92,666282.03,288093.64,190188.87,163768.38,1308332.91,-2198167.07,3181598.01,5379765.08
026,2024-11,194,325,700628337.44,616496793.44,3396,394043775.6,775,6379745.58,246056.32,6133689.26,342116.33,6475805.59,619521.99,307316.52,183491.84,153900.57,1264230.91,4434558.4,5211574.67,777016.28
027,2024-11,136,233,598290660.73,393381659.84,2453,130951880.69,527,3484496.84,231621.57,3252875.27,212225.06,3465100.33,1641288.38,493170.44,316971.8,384763.91,2836194.52,-269486.43,628905.81,898392.24
028,2024-11,122,207,374950426.96,444778872.34,1964,144605972.26,348,3056006.76,92740.32,2963266.45,200406.22,3163672.67,644888.94,266557.77,112191.19,169081.85,1192719.75,3314182.28,1970952.92,-1343229.36
029,2024-11,105,179,338298213.81,321817195.78,1915,105038399.79,414,2578363.26,118508.19,2459855.07,87675.05,2547530.12,1694140.47,531629.48,263692.36,338524.95,2827987.26,2060072.39,-280457.14,-2340529.53
030,2024-11,109,179,355625704.5,333883743.22,1813,158547685.68,400,2882055.88,189715.14,2692340.74,147929.54,2840270.28,1765889.62,572287.79,277096.52,392969.69,3008243.63,2222276.56,-167973.35,-2390249.91
031,2024-11,102,172,374689132.89,278417787.39,1724,84374013.6,381,2683679.9,120421.3,2563258.6,92120.13,2655378.73,1689508.87,534823.25,254878.92,375856.8,2855067.84,-2881831.16,-199689.11,2682142.05
032,2024-11,107,191,369558152.4,280820491.92,1839,89465217.56,433,2821025.0,122305.22,2698719.78,153967.52,2852687.3,1734183.2,502630.56,266712.79,388916.56,2892443.11,-2219256.43,-39755.82,2179500.61
033,2024-11,99,161,351288715.51,329358816.44,1579,51375370.36,396,3141398.73,401024.64,2740374.09,61022.57,2801396.66,1226785.88,424022.51,177490.56,259183.73,2087482.69,-721684.56,713913.96,1435598.53
034,2024-11,85,143,218173508.03,328922734.95,1569,148561511.7,440,3048147.93,49755.87,2998392.06,85079.45,3083471.51,1741310.77,476048.78,252235.5,442108.07,2911703.12,812690.08,171768.39,-640921.69
035,2024-11,63,120,179219383.9,345881709.21,1237,121094283.24,356,2849624.15,49259.9,2800364.25,53365.7,2853729.95,1575932.21,489487.1,184212.71,311211.87,2560843.88,1031807.62,292886.07,-738921.56
036,2024-11,62,116,198526501.1,198353781.13,1127,50654649.03,207,2129045.18,75785.84,2053259.34,76829.67,2130089.01,825204.06,312159.86,91469.89,205395.31,1434229.12,-16796.67,695859.89,712656.56
037,2024-11,134,207,356185672.51,332071368.8,1954,132430006.38,703,2904142.45,127506.61,2776635.84,182992.65,2959628.49,670677.42,284566.26,145928.8,201885.11,1303057.58,748376.52,1656570.91,908194.38
001,2024-12,177,333,742209596.46,636610430.56,3351,178259488.04,856,5260308.96,226432.47,5033876.49,297808.76,5331685.25,3223289.3,823610.04,834282.94,814458.47,5695640.75,-253361.3,-363955.5,-110594.2
002,2024-12,168,308,588017316.66,313006810.95,3238,150412238.26,270,2541138.68,305608.64,2235530.04,189239.74,2424769.78,651897.38,256494.76,145252.33,161839.07,1215483.54,-2258211.08,1209286.23,3467497.31
003,2024-12,182,302,486970341.38,496941683.88,3816,195027772.22,505,4130837.52,172457.95,3958379.57,239594.16,4197973.72,1719040.3,473454.45,409969.02,373620.74,2976084.51,1508323.82,1221889.22,-286434.6
004,2024-12,165,320,805369410.23,383255728.08,3688,371350585.78,243,3126463.42,188509.65,2937953.77,187049.13,3125002.9,681801.05,276220.77,169269.49,182464.87,1309756.17,-378122.28,1815246.72,2193369.0
005,2024-12,189,330,628045177.62,552143113.33,3587,407054155.6,780,4464246.8,168985.9,4295260.9,281861.43,4577122.32,2977728.0,754138.94,702155.05,503937.03,4937959.02,3271470.64,-360836.7,-3632307.34
006,2024-12,160,288,644309470.47,261449841.32,3253,284408676.78,232,2543735.25,249613.22,2294122.03,171473.05,2465595.08,710578.7,221540.49,145733.14,160061.96,1237914.29,212425.97,1227680.79,1015254.82
007,2024-12,162,284,567337599.65,470541495.02,3578,434781308.77,257,3815918.52,119399.58,3696518.93,177559.58,3874078.51,635372.62,242105.27,144795.33,160329.92,1182603.13,-353805.13,2691475.38,3045280.51
008,2024-12,149,284,674209834.32,407571823.59,3234,76794244.75,522,3795919.01,283655.04,3512263.97,214026.87,3726290.84,1839277.27,506326.52,422225.85,494213.96,3262043.59,1173431.64,464247.25,-709184.39
009,2024-12,143,275,895134162.89,387035663.08,2970,434017460.02,285,2957111.77,2237241.98,719869.79,188215.29,908085.08,683757.58,252068.09,140733.78,188416.68,1264976.12,133386.73,-356891.04,-490277.77
010,2024-12,145,278,700163639.41,400268982.38,2917,131285761.28,283,3668085.34,1604290.93,2063794.41,177096.7,2240891.11,627705.7,258792.11,128675.41,153833.09,1169006.3,1741600.46,1071884.81,-669715.65
011,2024-12,130,256,668964536.1,368623217.87,3035,135062342.89,298,3258072.02,500034.31,2758037.71,153381.41,2911419.12,639671.06,263255.35,141684.94,187696.57,1232307.91,1565374.86,1679111.21,113736.36
012,2024-12,153,264,696770007.11,503517411.93,2646,321530252.07,446,3858775.6,155100.8,3703674.8,194390.81,3898065.61,1538383.08,485919.38,291404.98,279147.28,2594854.72,4516692.54,1303210.89,-3213481.66
013,2024-12,178,309,778846721.17,464416493.74,3277,217357578.95,818,4187315.54,323137.88,3864177.66,242207.48,4106385.14,3131575.05,1004022.74,804829.45,626358.94,5566786.18,585969.57,-1460401.03,-2046370.6
014,2024-12,170,305,452055919.41,351558735.43,3595,134767978.01,338,3307132.7,108216.25,3198916.45,181450.36,3380366.81,677897.96,239481.07,163978.92,195074.65,1276432.6,1515074.43,2103934.21,588859.78
015,2024-12,165,292,646386667.26,471190640.0,2899,167657122.76,512,3379213.64,718147.45,2661066.19,192673.42,2853739.61,1307818.78,636130.76,324224.95,346021.34,2614195.83,-352242.93,239543.78,591786.72
016,2024-12,131,239,475096023.49,292573257.88,2860,213700907.96,212,2887739.85,113975.04,2773764.81,126993.96,2900758.77,677088.09,241366.34,133184.9,197879.28,1249518.6,37803.57,1651240.17,1613436.6
017,2024-12,248,453,931553429.62,998462301.93,5331,516529347.55,1571,9234380.55,219854.4,9014526.15,797081.87,9811608.02,3266319.37,1001374.49,1247451.1,666785.66,6181930.62,-520491.8,3629677.4,4150169.2
018,2024-12,186,343,666109504.53,507528114.86,3894,793260956.62,552,3992936.87,171998.63,3820938.24,391204.89,4212143.13,618252.37,247283.66,166155.49,160965.8,1192657.32,-4474778.91,3019485.81,7494264.72
019,2024-12,233,433,890965553.37,630992871.89,4420,479176718.47,1216,5644144.1,667243.96,4976900.13,610672.13,5587572.27,1345143.02,615775.9,511844.07,355458.05,2828221.06,-749964.63,2759351.21,3509315.84
020,2024-12,167,316,562425127.95,534664875.12,3406,142387619.21,721,4705856.39,143973.17,4561883.22,351992.69,4913875.91,1727135.02,606424.96,457142.38,414327.2,3205029.56,2788018.25,1708846.35,-1079171.89
021,2024-12,114,218,610926881.87,466001294.11,2258,414432874.16,485,4188568.05,119436.62,4069131.43,152246.18,4221377.61,1763697.49,570066.03,326116.41,406213.29,3066093.22,-1300273.39,1155284.39,2455557.78
022,2024-12,142,271,506053061.38,446043571.69,3062,262968318.01,528,3196621.47,204787.94,2991833.54,203701.02,3195534.56,1816293.87,544678.5,400532.66,451984.02,3213489.04,-1225555.59,-17954.48,1207601.12
023,2024-12,185,309,581125096.97,441246003.22,3291,387154334.3,745,3830167.63,206688.63,3623479.01,300381.65,3923860.66,1293013.46,503950.69,350763.57,361507.04,2509234.76,2199134.98,1414625.9,-784509.08
024,2024-12,144,245,455980706.79,351963857.71,2583,159352459.71,507,3379557.52,74581.07,3304976.45,187371.94,3492348.39,1675455.11,550133.64,337590.8,418648.99,2981828.53,783829.98,510519.86,-273310.12
025,2024-12,185,342,699735202.76,468945077.16,3809,261691583.77,950,4562982.89,399878.68,4163104.21,375186.97,4538291.18,669997.36,289045.07,212329.7,164569.18,1335941.31,-2366350.83,3202349.88,5568700.71
026,2024-12,192,327,721097721.87,606415272.26,3645,398800351.42,965,6177415.14,250743.55,5926671.58,330210.11,6256881.69,622976.57,308331.44,201680.83,154642.73,1287631.56,1035622.0,4969250.13,3933628.14
027,2024-12,142,236,607477981.18,398060029.99,2523,201467265.17,550,3353819.09,233810.87,3120008.22,224045.67,3344053.89,1650440.54,494799.14,326288.36,386707.3,2858235.35,2681731.85,485818.54,-2195913.3
028,2024-12,122,206,367562239.13,466550475.65,2255,270477826.6,466,3441925.73,93372.96,3348552.76,222213.65,3570766.41,648484.98,267438.08,127733.05,169912.25,1213568.36,-1840635.01,2357198.05,4197833.07
029,2024-12,109,181,347897719.39,328946553.88,1959,55069950.9,448,2503792.3,120657.82,2383134.48,86946.99,2470081.48,1703587.35,533385.19,273416.86,340228.79,2850618.19,2213852.88,-380536.71,-2594389.59
030,2024-12,106,178,363351913.57,339781737.99,2057,230590329.13,479,2737035.33,191481.45,2545553.88,162351.95,2707905.83,1775736.59,574177.77,307016.39,394942.28,3051873.04,3118855.33,-343967.21,-3462822.54
031,2024-12,104,173,376264538.19,281060733.76,1883,99720045.3,422,3002133.05,121090.36,2881042.69,96789.1,2977831.79,1698929.93,536589.51,273216.37,377747.17,2886482.98,-3791465.21,91348.81,3882814.02
032,2024-12,110,193,377091526.76,277661001.38,2254,133958099.86,527,2788636.81,124086.39,2664550.42,154944.75,2819495.17,1743853.37,504290.51,307284.88,390886.54,2946315.29,-190215.57,-126820.12,63395.45
033,2024-12,97,160,343763861.19,330399688.27,1870,114467635.24,436,3048459.01,401432.75,2647026.26,71550.72,2718576.98,1233626.69,425422.85,196084.16,260477.63,2115611.34,1430771.91,602965.65,-827806.27
034,2024-12,82,143,268806971.31,339635066.95,1762,80938969.45,442,2901370.57,56850.34,2844520.23,87056.66,2931576.89,1751020.68,477620.94,265601.62,444357.55,2938600.79,2603074.12,-7023.89,-2610098.01
035,2024-12,64,121,190172594.01,361015189.48,1203,138887207.81,417,2810086.42,51855.22,2758231.2,59408.04,2817639.25,1584719.93,491103.63,192647.27,312779.56,2581250.39,3315925.64,236388.85,-3079536.78
036,2024-12,69,119,209387795.13,200622221.71,1486,80413295.91,262,2130240.9,76989.59,2053251.31,77048.42,2130299.73,829805.57,313190.77,109757.95,206412.46,1459166.75,287856.05,671132.98,383276.93
037,2024-12,136,213,384757922.48,330355985.71,2515,219508809.84,787,2842857.68,131834.99,2711022.69,200830.61,2911853.3,674417.25,285506.04,167182.86,202874.12,1329980.28,296582.87,1581873.03,1285290.16
001,2025-01,179,334,752197045.17,635719474.74,3037,137036098.32,724,5120934.91,214604.83,4906330.08,293490.59,5199820.67,3259560.36,835728.16,783815.74,847854.99,5726959.24,1611820.38,-527138.57,-2138958.96
002,2025-01,166,308,581070747.96,317335584.8,2921,159023697.21,250,2588618.45,283325.45,2305292.99,196019.9,2501312.89,654988.92,256928.24,136704.61,161819.48,1210441.25,1138626.62,1290871.64,152245.01
003,2025-01,182,305,493243993.9,487696962.71,3249,223564371.19,429,4362763.63,161861.78,4200901.86,248241.92,4449143.77,1717846.78,469136.1,364449.85,361261.32,2912694.05,-5160756.26,1536449.73,6697205.98
004,2025-01,163,324,869985631.38,387740801.0,3385,403131622.03,274,3028090.64,183167.23,2844923.4,186975.13,3031898.54,668195.32,263252.07,153301.43,156020.94,1240769.75,1471636.33,1791128.79,319492.45
005,2025-01,183,332,656662891.88,547494399.72,2892,250429435.97,731,4281682.61,160251.02,4121431.59,280015.52,4401447.11,3050558.22,785351.14,669647.31,568567.13,5074123.8,1302819.79,-672676.69,-1975496.48
006,2025-01,168,291,676840574.66,267936435.27,2849,252405293.29,247,2435078.65,236374.19,2198704.46,156016.21,2354720.67,710036.78,219489.81,135411.71,154672.69,1219610.99,2320137.73,1135109.68,-1185028.05
007,2025-01,164,286,558473961.28,475332967.09,3096,476648545.69,211,3932364.35,105857.74,3826506.62,177335.22,4003841.83,654348.85,254794.39,140717.22,187200.4,1237060.85,-1218705.04,2766780.98,3985486.02
008,2025-01,146,278,662570884.82,414736479.52,2540,151315380.85,447,3798885.27,264444.87,3534440.4,213504.55,3747944.95,1826627.83,495519.02,355876.03,459786.46,3137809.34,628481.25,610135.61,-18345.64
009,2025-01,142,273,897409381.2,391088684.5,2627,195537782.85,245,3062075.87,2059702.17,1002373.7,159391.85,1161765.55,668859.21,239335.38,120503.73,159315.47,1188013.79,-800696.48,-26248.24,774448.24
010,2025-01,149,277,734168807.55,395388435.78,2673,143584436.26,270,3861302.94,1478748.56,2382554.38,188492.48,2571046.85,624922.36,254515.92,119441.06,145184.17,1144063.52,-3159911.96,1426983.34,4586895.3
011,2025-01,125,255,693364509.22,366554750.0,2414,113548862.19,225,3302575.77,471524.17,2831051.6,148372.48,2979424.08,633806.79,256449.29,117094.97,171914.18,1179265.23,-737512.41,1800158.85,2537671.26
012,2025-01,156,264,652960449.71,487066012.21,2305,506343690.67,399,3808004.65,163109.88,3644894.77,185472.83,3830367.6,1579073.66,508000.26,285319.87,318990.05,2691383.84,-1678426.07,1138983.75,2817409.83
013,2025-01,178,307,776351616.97,466535371.88,2942,241293816.42,737,4393745.15,301070.84,4092674.31,252026.94,4344701.25,3143821.61,1004055.26,749827.48,623129.08,5520833.43,-2769642.45,-1176132.18,1593510.27
014,2025-01,172,309,457000865.07,352084278.72,2800,111037370.82,251,3246309.06,101607.28,3144701.78,180518.76,3325220.54,662597.15,227020.76,129078.66,164162.34,1182858.91,655399.27,2142361.63,1486962.36
015,2025-01,161,291,669172134.1,480732474.19,2380,151649593.65,445,3631167.59,666180.4,2964987.2,191576.8,3156563.99,1370435.11,693093.99,326577.92,451413.81,2841520.83,-2407708.29,315043.17,2722751.46
016,2025-01,129,238,456626107.98,306244664.28,2466,150238252.64,208,3003830.64,100258.52,2903572.12,120297.22,3023869.34,670930.42,235160.97,118439.02,181412.87,1205943.27,-349138.37,1817926.07,2167064.44
017,2025-01,247,455,936510478.49,1021113578.88,4379,918756683.42,1327,9326309.46,210884.25,9115425.21,890512.82,10005938.03,3292890.93,1009852.27,1114322.99,680963.35,6098029.53,2480202.92,3907908.51,1427705.59
018,2025-01,189,348,680786667.79,513220413.92,3457,442126357.49,402,4000723.22,160315.1,3840408.12,367203.22,4207611.34,613787.81,241837.86,144235.67,149274.79,1149136.13,-47742.15,3058475.21,3106217.36
019,2025-01,238,433,913074992.6,662210523.01,3864,530520443.41,1066,5819859.43,615817.66,5204041.76,624788.35,5828830.12,1354518.38,619554.47,472125.45,360384.35,2806582.65,2299162.37,3022247.47,723085.1
020,2025-01,167,314,578734446.14,553348198.45,3057,129340789.64,583,4964456.49,136283.13,4828173.35,358835.6,5187008.95,1691208.73,576956.19,388240.34,352651.35,3009056.61,-154364.53,2177952.34,2332316.87
021,2025-01,118,219,746886475.72,463385928.42,2013,280351776.47,350,4130319.6,122434.77,4007884.82,151844.24,4159729.06,1730769.7,544727.7,271639.45,350623.8,2897760.65,640325.67,1261968.41,621642.74
022,2025-01,142,270,521093436.04,466915957.31,2791,217170466.19,484,3434218.44,189867.78,3244350.66,200327.46,3444678.12,1806522.35,534661.12,367349.89,424370.87,3132904.23,-629105.04,311773.89,940878.93
023,2025-01,189,313,636785785.38,450818752.05,2785,337279769.45,644,4012404.85,198719.36,3813685.49,327208.74,4140894.23,1299932.66,505414.37,317530.56,362843.14,2485720.72,-1036923.6,1655173.51,2692097.1
024,2025-01,152,248,480959568.62,355061172.42,2261,122351634.05,472,3488564.62,71838.79,3416725.82,206710.64,3623436.47,1687307.88,553624.38,317095.03,424749.98,2982777.26,-1734627.21,640659.21,2375286.42
025,2025-01,182,344,721110797.8,477503977.7,3305,238780705.83,813,4332366.46,372211.66,3960154.8,393483.8,4353638.6,660573.27,278795.21,182793.99,146075.72,1268238.19,4043600.09,3085400.42,-958199.67
026,2025-01,191,330,734321998.56,622115737.08,3264,334353926.09,783,6291923.85,233495.56,6058428.29,349165.23,6407593.52,626843.79,309754.03,183406.72,156033.99,1276038.53,710554.41,5131554.99,4421000.58
027,2025-01,140,239,606339362.17,389967036.81,2332,213484858.72,488,3393382.3,212672.62,3180709.67,241802.04,3422511.72,1625937.02,476497.39,291838.88,342089.71,2736362.99,-2031805.41,686148.73,2717954.14
028,2025-01,126,207,353071411.91,485326271.57,1920,214217580.68,354,3484853.7,84104.2,3400749.5,244681.76,3645431.26,674453.45,287045.87,124180.61,211138.2,1296818.13,2585736.96,2348613.14,-237123.83
029,2025-01,111,183,353471369.56,331494806.89,1743,93769331.89,406,2501093.34,111999.17,2389094.18,98829.57,2487923.75,1732083.31,547108.7,263865.84,366357.43,2909415.28,166982.37,-421491.54,-588473.9
030,2025-01,107,177,363307235.7,329948223.13,1675,332299241.19,418,2743067.9,175100.65,2567967.25,164597.44,2732564.68,1809178.37,591392.73,284020.95,430826.3,3115418.35,-1837235.53,-382853.67,1454381.87
031,2025-01,106,176,393350443.56,288159208.88,1568,66312662.78,394,3003003.68,114645.87,2888357.81,102322.18,2990679.99,1732108.36,553433.29,260702.37,413810.68,2960054.7,1608110.56,30625.29,-1577485.28
032,2025-01,111,197,392270965.66,280011371.9,2059,166132355.91,448,2635618.48,115081.85,2520536.64,182051.01,2702587.65,1782841.51,523010.33,298926.45,435575.76,3040354.05,2112812.73,-337766.4,-2450579.13
033,2025-01,98,162,350287133.37,338494378.99,1791,110271797.46,376,3085537.12,373036.37,2712500.75,78582.47,2791083.22,1257369.78,438533.99,194098.47,284905.22,2174907.45,677456.61,616175.78,-61280.84
034,2025-01,85,146,282196627.67,353621261.16,1667,65960860.29,397,2972422.96,53778.41,2918644.55,98851.6,3017496.15,1746807.14,471644.37,248651.6,425111.16,2892214.27,724543.72,125281.88,-599261.84
035,2025-01,68,123,206617043.32,369989219.26,1150,142491695.54,340,2973916.03,50230.97,2923685.06,58953.02,2982638.09,1614110.38,505543.45,185942.14,340571.46,2646167.43,-560143.36,336470.65,896614.02
036,2025-01,74,123,226344717.84,203720191.96,1122,45923031.49,204,2218463.39,72530.61,2145932.78,87873.02,2233805.8,815681.34,300276.42,86878.64,179908.45,1382744.84,-125408.06,851060.96,976469.02
037,2025-01,140,215,407896007.85,335634335.34,2032,154564509.16,768,2944094.96,124135.3,2819959.66,205707.91,3025667.57,647987.71,261526.33,136107.85,153102.35,1198724.24,-454238.23,1826943.33,2281181.55
001,2025-02,180,338,948222105.31,631349189.18,3245,835590661.38,738,5581200.49,234782.41,5346418.08,297930.48,5644348.56,3275538.6,838470.05,813417.0,851730.65,5779156.3,-5833153.49,-134807.74,5698345.75
002,2025-02,170,310,586398147.22,325409165.13,2925,176889937.14,234,2730751.15,285810.74,2444940.41,184430.72,2629371.13,658199.65,257771.19,136631.95,162538.81,1215141.58,-871799.59,1414229.55,2286029.14
003,2025-02,187,303,497803869.34,487282650.4,3288,161758591.02,435,4363005.44,162705.66,4200299.78,242803.54,4443103.32,1726267.59,470675.26,369041.3,362906.58,2928890.74,-345800.5,1514212.58,1860013.08
004,2025-02,165,324,875825870.4,398307775.28,3362,283232920.37,277,3068164.16,183839.24,2884324.92,187457.71,3071782.63,671470.79,264115.75,153766.76,156714.26,1246067.57,1353619.08,1825715.06,472095.99
005,2025-02,189,337,704174589.62,547992781.32,3164,408976180.33,754,4308969.43,165514.2,4143455.23,268809.45,4412264.68,3065511.94,787927.75,703598.95,571165.52,5128204.16,-721458.17,-715939.48,5518.69
006,2025-02,167,293,679964281.7,270385815.81,3146,266718257.69,239,2798666.06,238109.85,2560556.21,169269.37,2729825.57,713517.36,220209.92,142908.68,155371.68,1232007.63,-4305993.16,1497817.94,5803811.1
007,2025-02,168,286,646042787.4,471518035.97,3381,613763029.19,271,3794355.72,118233.52,3676122.19,192350.76,3868472.95,657556.44,255630.33,152483.44,188033.0,1253703.21,1054047.71,2614769.74,1560722.04
008,2025-02,146,278,663827054.21,418550301.16,2596,78940361.65,427,3798465.13,265472.48,3532992.65,216307.78,3749300.44,1835581.89,497144.74,357613.31,461881.26,3152221.2,89028.05,597079.24,508051.19
009,2025-02,148,279,958142506.24,386952634.45,2705,278312014.87,264,3107670.72,2076126.47,1031544.24,153583.43,1185127.68,672137.93,240120.6,124402.09,160028.36,1196688.98,-279273.75,-11561.3,267712.44
010,2025-02,149,277,729182711.76,395364676.0,2817,184900399.8,288,3744470.4,1485051.72,2259418.68,203366.68,2462785.36,627985.71,255350.95,124269.32,145827.74,1153433.72,2695492.58,1309351.64,-1386140.94
011,2025-02,127,257,714161128.04,357304753.29,2712,124029817.63,240,3087303.85,475168.17,2612135.68,148881.05,2761016.73,636913.69,257290.66,125974.71,172676.62,1192855.68,1627754.06,1568161.06,-59593.0
012,2025-02,158,267,733467886.8,489103422.28,2384,147283957.49,500,3786389.5,203543.29,3582846.21,174482.16,3757328.36,1586814.22,509666.93,305549.41,320427.86,2722458.41,5116.59,1034869.95,1029753.36
013,2025-02,177,306,778032142.28,475586239.51,3008,239885805.49,696,4377298.38,302360.25,4074938.13,252708.53,4327646.66,3159232.5,1007349.41,747961.85,625939.11,5540482.87,1485691.27,-1212836.21,-2698527.48
014,2025-02,178,312,464185437.3,364499446.36,3290,136671467.01,324,3444837.37,103467.55,3341369.82,175133.5,3516503.32,665845.17,227765.58,145823.3,164899.14,1204333.19,-557859.65,2312170.13,2870029.78
015,2025-02,161,293,681682302.12,475198954.6,2736,120204696.87,510,3507998.22,672469.97,2835528.25,187195.62,3022723.87,1377152.93,695367.92,358343.6,453380.83,2884245.27,590456.98,138478.6,-451978.38
016,2025-02,133,238,433482625.72,318090530.52,2515,200139842.29,238,3153249.35,97585.2,3055664.15,142673.04,3198337.19,674219.29,235932.5,122276.78,182225.82,1214654.38,-338145.17,1983682.81,2321827.99
017,2025-02,246,455,889273659.68,1017729269.75,4508,388565214.78,1424,9347445.58,214345.35,9133100.23,850109.28,9983209.51,3309032.55,1013165.43,1155842.09,684042.31,6162082.38,-174631.3,3821127.14,3995758.44
018,2025-02,195,354,720627113.24,504877962.28,3557,723403396.65,448,4064361.05,164101.74,3900259.31,394020.71,4294280.02,616796.57,242631.29,149912.74,149938.13,1159278.73,-3328972.55,3135001.29,6463973.84
019,2025-02,237,436,952448452.12,660797520.47,3904,482412958.93,1088,5933182.8,617084.02,5316098.79,614957.88,5931056.66,1361158.18,621587.13,479348.76,361967.58,2824061.64,-1943763.47,3106995.02,5050758.5
020,2025-02,171,316,605372456.45,544458705.4,3461,200435124.13,604,4831836.38,140963.06,4690873.32,379464.1,5070337.42,1699498.97,578849.09,415208.64,354234.61,3047791.32,186338.36,2022546.1,1836207.75
021,2025-02,120,220,721992495.97,475577078.41,2083,287060868.74,392,4159342.53,120455.32,4038887.22,163687.07,4202574.29,1739253.87,546514.87,284173.85,352206.47,2922149.06,1080815.19,1280425.23,199610.03
022,2025-02,146,269,522050988.17,478559630.14,2745,201946726.3,448,3579439.86,191028.39,3388411.46,211065.72,3599477.19,1815377.85,536415.25,360178.25,426294.01,3138265.37,-825873.69,461211.81,1287085.5
023,2025-02,192,317,721129558.53,447576310.66,3020,482500254.82,581,3774167.72,211271.01,3562896.71,334723.14,3897619.85,1306304.88,507072.55,322419.22,364457.11,2500253.76,2023171.21,1397366.08,-625805.13
024,2025-02,148,249,481390117.82,372828882.29,2383,134796708.87,498,3594449.12,72655.53,3521793.6,202006.54,3723800.13,1695578.99,555440.73,330264.75,426661.98,3007946.45,1811208.33,715853.68,-1095354.65
025,2025-02,186,351,765588603.25,466675374.8,3422,293998675.06,817,4232158.75,379061.27,3853097.49,388163.79,4241261.27,663811.38,279709.89,186885.44,146721.49,1277128.2,17728.5,2964133.07,2946404.57
026,2025-02,195,330,722615916.1,622978726.61,3472,356461861.2,783,6349743.8,232488.92,6117254.88,364455.7,6481710.59,629916.56,310770.28,189146.29,156715.2,1286548.33,-1061451.61,5195162.26,6256613.87
027,2025-02,142,238,598016486.43,383039603.16,2701,233603305.52,471,3520021.26,209837.02,3310184.24,244968.14,3555152.38,1633907.3,478060.7,310381.78,343640.93,2765990.71,-3366444.49,789161.67,4155606.16
028,2025-02,120,206,365271857.94,490747895.74,1947,185266786.56,387,3826017.84,84129.45,3741888.38,227709.92,3969598.3,677759.59,287987.62,127966.34,212071.01,1305784.56,-2873762.5,2663813.74,5537576.24
029,2025-02,110,185,347274187.14,329394047.61,1670,58258675.83,361,2544190.82,111527.3,2432663.52,94007.65,2526671.17,1740573.92,548903.68,253203.11,368010.73,2910691.44,-1084826.98,-384020.27,700806.72
030,2025-02,112,180,395307639.84,330714674.86,1919,185356703.8,434,2839768.59,179679.4,2660089.19,166295.77,2826384.96,1818046.89,593333.0,304613.06,432766.14,3148759.09,-1521260.97,-322374.13,1198886.84
031,2025-02,108,177,393303793.44,288774150.35,1741,77868558.59,397,2933323.88,115206.11,2818117.77,112240.96,2930358.73,1740599.08,555249.02,273835.16,415676.72,2985359.99,775419.8,-55001.26,-830421.07
032,2025-02,110,197,420701722.68,289513473.48,2107,156479450.95,487,2659691.71,116956.41,2542735.3,170559.96,2713295.26,1791580.93,524726.24,309789.33,437550.78,3063647.28,1381300.11,-350352.02,-1731652.13
033,2025-02,96,163,358310927.22,335356757.77,1782,101113428.35,391,2968185.94,377687.51,2590498.43,83536.51,2674034.94,1263533.35,439972.75,196559.07,286182.38,2186247.55,1068043.55,487787.39,-580256.16
034,2025-02,85,148,278623801.3,362702267.54,1562,62656917.33,472,3245208.18,53929.08,3191279.11,96739.81,3288018.91,1755369.92,473191.76,256557.76,427048.53,2912167.96,-2284207.26,375850.95,2660058.21
035,2025-02,68,124,200076322.8,378605733.33,1239,161963060.96,400,2966064.86,49200.01,2916864.85,79036.94,2995901.78,1622022.69,507202.06,201418.35,342109.25,2672752.35,1355857.4,323149.43,-1032707.97
036,2025-02,71,124,228274391.32,206159130.52,1151,57941958.74,212,2431221.62,73137.94,2358083.68,91668.28,2449751.97,819679.77,301261.58,89192.43,180711.88,1390845.66,-2254624.41,1058906.3,3313530.71
037,2025-02,140,220,405290968.28,337709778.34,2329,142153138.32,790,2928175.92,124221.44,2803954.48,210142.94,3014097.42,651164.12,262384.36,145072.87,153781.48,1212402.82,623843.69,1801694.59,1177850.9
001,2025-03,185,342,1151345535.03,639418982.25,3434,559948281.17,713,5581304.36,250802.94,5330501.42,310416.81,5640918.23,3291516.83,841211.94,830879.32,855606.31,5819214.4,1112964.26,-178296.17,-1291260.44
002,2025-03,168,310,581820333.41,332267056.26,2945,172170462.7,247,2805327.93,287192.91,2518135.01,186731.65,2704866.66,661410.38,258614.13,138508.78,163258.13,1221791.41,1209411.41,1483075.25,273663.84
003,2025-03,183,303,498659673.4,482039865.29,3399,209898007.63,457,4744166.15,166017.49,4578148.67,254059.63,4832208.29,1734688.41,472214.42,379840.95,364551.84,2951295.62,-4464763.96,1880912.67,6345676.63
004,2025-03,166,324,902117969.78,397861351.99,3559,595660515.09,277,3019093.26,188335.71,2830757.55,207707.36,3038464.92,674746.26,264979.44,159162.17,157407.58,1256295.45,272967.73,1782169.47,1509201.74
005,2025-03,190,340,747489133.0,555627032.59,3283,331420608.84,758,4538420.82,169279.59,4369141.23,285116.18,4654257.41,3080465.66,790504.36,719153.28,573763.9,5163887.2,-1888674.75,-509629.79,1379044.96
006,2025-03,166,290,664771274.59,268220635.84,3105,347019820.92,239,2756115.96,237311.04,2518804.92,190402.4,2709207.32,716997.93,220930.03,142428.62,156070.67,1236427.24,243667.81,1472780.08,1229112.26
007,2025-03,170,289,641269809.6,461705492.17,3438,1201825576.25,283,3669879.04,118071.83,3551807.21,189529.63,3741336.84,660764.03,256466.27,155396.21,188865.59,1261492.1,-57859.85,2479844.74,2537704.59
008,2025-03,151,281,681294644.52,417287565.63,2662,118697351.93,495,3746078.91,270280.54,3475798.37,223361.57,3699159.93,1844535.94,498770.45,375227.97,463976.07,3182510.44,570197.73,516649.5,-53548.23
009,2025-03,146,279,1024780884.64,386636068.05,2627,335265166.09,225,3037024.62,2094001.36,943023.26,177968.15,1120991.42,675416.65,240905.82,120719.72,160741.26,1197783.46,982164.63,-76792.04,-1058956.67
010,2025-03,144,275,717378249.6,408479463.1,2639,182465290.59,248,3742430.0,1491219.24,2251210.76,209696.46,2460907.22,631049.05,256185.97,118138.5,146471.32,1151844.85,2579958.61,1309062.37,-1270896.24
011,2025-03,131,259,728435132.56,354554353.69,2719,101122312.69,258,3030607.23,478472.97,2552134.26,146795.47,2698929.73,640020.58,258132.03,127924.06,173439.05,1199515.72,-141677.98,1499414.0,1641091.98
012,2025-03,157,267,759440560.54,497034905.09,2386,408858785.25,399,3948135.41,207665.09,3740470.32,182496.58,3922966.9,1594554.77,511333.6,292697.28,321865.66,2720451.32,154392.77,1202515.58,1048122.82
013,2025-03,178,305,831274227.66,469573397.39,3151,376691019.86,700,4394469.38,311464.9,4083004.48,267142.21,4350146.69,3174643.39,1010643.55,766771.81,628749.14,5580807.89,-1124950.44,-1230661.19,-105710.75
014,2025-03,182,313,474657426.57,364150067.35,3391,153285488.34,305,3565840.3,105648.16,3460192.14,185078.04,3645270.18,669093.2,228510.4,147739.22,165635.95,1210978.77,-1631467.23,2434291.41,4065758.64
015,2025-03,164,295,692784153.53,477019225.82,2648,157111048.72,501,3350753.2,674521.02,2676232.18,199164.22,2875396.41,1383870.75,697641.85,353671.65,455347.85,2890532.09,2063974.07,-15135.68,-2079109.75
016,2025-03,132,239,432795724.18,294692111.98,2617,252106938.21,262,2823635.75,99005.41,2724630.33,123509.13,2848139.46,677508.16,236704.02,127073.16,183038.77,1224324.12,609490.05,1623815.35,1014325.3
017,2025-03,242,453,877271825.82,1024082803.9,4622,451072816.19,1302,9275867.7,220952.08,9054915.61,843309.04,9898224.65,3325174.17,1016478.59,1140974.15,687121.28,6169748.19,3453072.79,3728476.47,275403.67
018,2025-03,196,354,786455726.44,490332600.22,3883,427496448.09,476,3977271.75,171102.83,3806168.92,376205.61,4182374.53,619805.34,243424.72,158887.28,150601.47,1172718.81,-357377.0,3009655.72,3367032.72
019,2025-03,235,433,952190076.39,679191526.36,3841,440526599.82,1090,6297191.22,613920.21,5683271.0,623385.67,6306656.67,1367797.97,623619.79,478861.58,363550.81,2833830.15,-1363484.56,3472826.52,4836311.08
020,2025-03,174,319,625846603.04,543401299.59,3287,228931519.83,617,4751987.39,144194.81,4607792.58,387883.6,4995676.17,1707789.21,580741.99,410021.47,355817.87,3054370.55,761607.64,1941305.62,1179697.99
021,2025-03,125,227,663727463.23,481300091.97,1996,149749266.44,420,4030948.34,115590.94,3915357.4,143792.43,4059149.83,1747738.03,548302.03,286145.02,353789.15,2935974.23,3091055.1,1123175.6,-1967879.5
022,2025-03,147,272,542517978.07,454302868.11,2558,148411951.66,431,3175280.5,194464.27,2980816.23,194381.22,3175197.45,1824233.36,538169.39,348350.96,428217.15,3138970.86,2318313.08,36226.59,-2282086.5
023,2025-03,193,320,738144984.84,465560349.98,3180,522568330.54,654,4011836.65,215821.34,3796015.31,339250.12,4135265.44,1312677.1,508730.74,340886.88,366071.08,2528365.79,-411520.42,1606899.65,2018420.07
024,2025-03,153,251,451522181.85,376967330.25,2490,234289751.12,479,3834088.43,70285.59,3763802.84,214787.69,3978590.53,1703850.11,557257.08,335477.04,428573.97,3025158.21,-2139237.55,953432.33,3092669.88
025,2025-03,188,353,801779472.12,473239934.86,3499,251213613.29,870,4316388.31,384326.02,3932062.3,395537.55,4327599.85,667049.48,280624.57,192665.47,147367.27,1287706.8,-616312.99,3039893.05,3656206.04
026,2025-03,198,333,737545836.4,619173109.38,3628,365242806.73,845,6304496.94,235193.88,6069303.06,358013.58,6427316.64,632989.32,311786.54,197739.06,157396.42,1299911.34,-231217.98,5127405.31,5358623.29
027,2025-03,149,243,605596800.23,395891080.98,2450,240446620.08,482,3419112.33,211628.28,3207484.06,241577.54,3449061.59,1641877.57,479624.01,300784.45,345192.15,2767478.19,2687375.05,681583.4,-2005791.65
028,2025-03,121,208,416135797.02,508989482.38,1908,217985680.02,410,4363106.11,89789.21,4273316.9,227639.53,4500956.43,681065.74,288929.37,129515.37,213003.81,1312514.29,-3739233.65,3188442.14,6927675.78
029,2025-03,115,191,341036281.74,355500334.22,2113,80920041.34,384,2724128.0,111267.63,2612860.37,102267.22,2715127.6,1749064.52,550698.65,286339.83,369664.04,2955767.04,2121267.82,-240639.44,-2361907.26
030,2025-03,111,181,402969722.1,347722188.02,1788,129502074.55,432,2880463.87,181917.46,2698546.41,161137.87,2859684.27,1826915.41,595273.26,297376.26,434705.97,3154270.9,2541284.11,-294586.63,-2835870.74
031,2025-03,109,178,381753717.46,295497130.17,1732,118666517.95,392,2986000.36,113790.65,2872209.72,114796.16,2987005.87,1749089.81,557064.75,273868.48,417542.77,2997565.81,157927.6,-10559.94,-168487.54
032,2025-03,111,195,452909717.42,290048212.72,2026,132389187.45,484,2684870.01,121369.22,2563500.79,178567.61,2742068.39,1800320.35,526442.15,305557.58,439525.79,3071845.87,-57439.81,-329777.48,-272337.67
033,2025-03,99,167,369129510.31,352131825.46,1724,128770093.64,383,3115488.41,381730.06,2733758.35,79818.54,2813576.89,1269696.93,441411.51,194421.22,287459.54,2192989.2,824816.18,620587.7,-204228.49
034,2025-03,84,148,275869537.16,361229387.49,1699,53309549.02,434,3208925.13,53950.94,3154974.19,98219.02,3253193.21,1763932.7,474739.14,259820.19,428985.89,2927477.92,77816.91,325715.29,247898.38
035,2025-03,70,125,183808650.02,389197510.93,1192,60886451.67,347,3172282.81,47442.26,3124840.55,64981.82,3189822.37,1629934.99,508860.67,191613.65,343647.04,2674056.35,-316866.98,515766.01,832632.99
036,2025-03,72,130,231357018.96,206485991.49,1323,67799050.17,202,2428755.65,74246.62,2354509.03,98268.24,2452777.27,823678.21,302246.74,94835.28,181515.3,1402275.53,201128.57,1050501.74,849373.17
037,2025-03,138,219,412541148.8,338819681.92,2276,131575641.27,825,2921909.26,125375.92,2796533.33,197800.19,2994333.53,654340.53,263242.38,146592.8,154460.61,1218636.33,-282069.79,1775697.2,2057766.99
001,2025-04,177,340,1093721878.08,657010789.05,3363,818788003.21,752,5531987.77,246491.4,5285496.36,332654.74,5618151.1,3307495.07,843953.83,837772.38,859481.97,5848703.25,2364422.7,-230552.15,-2594974.85
002,2025-04,172,312,591084440.86,327264663.35,2706,113251651.11,254,2621365.15,290417.92,2330947.23,180095.86,2511043.09,664621.11,259457.07,133845.23,163977.45,1221900.85,1358747.19,1289142.23,-69604.96
003,2025-04,184,303,483000446.84,457694735.19,3386,253922043.01,417,4655163.91,140127.33,4515036.58,257609.75,4772646.33,1743109.23,473753.58,375148.12,366197.1,2958208.03,-4192330.79,1814438.3,6006769.08
004,2025-04,165,320,920038217.04,408171219.2,3609,472682658.09,274,2956805.09,190616.57,2766188.52,197082.57,2963271.09,678021.73,265843.13,160724.15,158100.91,1262689.91,2617786.4,1700581.18,-917205.22
005,2025-04,193,343,748885516.98,566981860.52,3225,292102128.37,727,4628242.4,170563.75,4457678.65,271092.72,4728771.37,3095419.37,793080.97,711278.35,576362.29,5176140.98,743876.43,-447369.61,-1191246.04
006,2025-04,165,289,657143921.99,263992736.27,3026,136152711.92,254,2742307.39,237181.75,2505125.64,157753.81,2662879.44,720478.5,221650.14,142130.4,156769.66,1241028.7,-14336.96,1421850.74,1436187.7
007,2025-04,168,291,535409747.36,453243312.48,3401,506258693.42,254,3597659.48,102880.49,3494778.99,174452.01,3669231.0,663971.63,257302.21,153303.54,189698.19,1264275.57,12286.03,2404955.43,2392669.39
008,2025-04,149,282,703841059.65,407305006.49,2818,113380333.72,447,3549652.03,274969.12,3274682.91,227668.64,3502351.55,1853490.0,500396.17,378580.0,466070.87,3198537.04,691395.7,303814.51,-387581.19
009,2025-04,149,281,1043585265.18,385187308.59,2920,565198249.4,260,2899069.39,2108238.72,790830.67,198882.77,989713.44,678695.37,241691.05,130478.95,161454.16,1212319.52,1767158.29,-222606.08,-1989764.37
010,2025-04,145,278,715968007.91,408924756.38,2906,135236894.26,264,3609087.01,1498215.76,2110871.24,199270.44,2310141.68,634112.4,257021.0,125899.42,147114.89,1164147.71,1589886.76,1145993.97,-443892.79
011,2025-04,131,260,753055810.62,350280432.25,2807,119053088.63,245,2948605.19,483225.42,2465379.77,151161.63,2616541.4,643127.48,258973.4,129821.34,174201.49,1206123.71,365837.1,1410417.7,1044580.59
012,2025-04,155,269,773795171.14,477610482.24,2434,113096534.98,433,3906216.25,209599.97,3696616.28,172910.38,3869526.66,1602295.33,513000.27,302111.76,323303.47,2740710.83,-2072782.06,1128815.83,3201597.89
013,2025-04,186,306,911126053.54,484554838.44,3157,258755229.69,737,4437422.97,324661.11,4112761.86,242214.03,4354975.89,3190054.28,1013937.7,781662.22,631559.17,5617213.36,2517094.03,-1262237.47,-3779331.5
014,2025-04,185,315,489209715.45,372378534.67,3336,160892327.08,292,3631524.8,107870.07,3523654.72,185504.95,3709159.68,672341.22,229255.22,146410.93,166372.75,1214380.12,-110397.26,2494779.56,2605176.82
015,2025-04,169,294,684309397.53,477854513.03,2902,193889734.9,493,3548059.46,673771.33,2874288.13,202823.99,3077112.12,1390588.56,699915.78,368233.91,457314.87,2916053.12,-2561571.58,161059.0,2722630.58
016,2025-04,134,241,440228809.55,313273311.34,2558,240748453.2,205,3193700.21,100922.87,3092777.34,131632.0,3224409.34,680797.04,237475.55,122399.91,183851.72,1224524.22,-2469954.64,1999885.12,4469839.76
017,2025-04,246,455,892717434.55,998734001.85,4386,532433573.7,1352,9413160.25,231374.54,9181785.71,870046.37,10051832.08,3341315.79,1019791.76,1137623.73,690200.24,6188931.52,-3955237.02,3862900.56,7818137.58
018,2025-04,198,355,792036786.15,473654312.84,4133,918744583.78,441,3625547.71,172364.0,3453183.71,422791.25,3875974.95,622814.1,244218.15,162868.86,151264.81,1181165.92,2428136.11,2694809.04,266672.93
019,2025-04,240,433,923498392.6,715526818.56,3705,534364600.37,1168,6704335.11,612144.06,6092191.05,629566.9,6721757.95,1374437.77,625652.45,485094.52,365134.05,2850318.78,1106283.88,3871439.17,2765155.29
020,2025-04,174,321,639484165.63,552117385.41,3247,166282856.5,631,4707360.81,145129.34,4562231.47,382815.41,4945046.88,1716079.45,582634.89,412263.76,357401.14,3068379.24,1730300.67,1876667.64,146366.97
021,2025-04,130,228,624635704.35,572950047.83,2122,185271657.64,388,5149837.74,112459.53,5037378.21,155489.24,5192867.45,1756222.2,550089.2,290260.38,355371.82,2951943.6,-2738247.55,2240923.85,4979171.4
022,2025-04,149,273,548300107.62,433452716.96,2531,198421060.03,453,2947744.08,195114.57,2752629.51,213942.67,2966572.18,1833088.86,539923.53,351520.44,430140.29,3154673.12,-722048.06,-188100.94,533947.12
023,2025-04,192,322,706543593.76,543932694.85,3082,110701759.17,626,5328493.79,217246.34,5111247.45,328612.07,5439859.52,1319049.32,510388.92,334963.27,367685.05,2532086.56,-4765889.02,2907772.96,7673661.98
024,2025-04,151,253,450493719.62,372959126.77,2361,359590237.63,504,3742968.42,71695.09,3671273.33,228134.48,3899407.81,1712121.23,559073.43,333511.06,430485.97,3035191.69,1042056.77,864216.12,-177840.65
025,2025-04,192,357,814609743.75,473418790.21,3743,285034187.06,864,4276823.39,387571.53,3889251.86,392994.75,4282246.61,670287.59,281539.25,198877.93,148013.05,1298717.81,772473.92,2983528.8,2211054.88
026,2025-04,196,334,755854493.57,643168156.39,3495,419086663.02,775,6700637.04,237566.28,6463070.76,367986.34,6831057.1,636062.08,312802.79,191172.65,158077.64,1298115.16,-1711847.78,5532941.94,7244789.72
027,2025-04,149,247,605332698.91,394723724.95,2516,191513072.24,481,3226316.95,212729.2,3013587.76,238438.26,3252026.02,1649847.85,481187.33,305917.16,346743.37,2783695.71,2266750.86,468330.31,-1798420.55
028,2025-04,121,208,446232847.76,514717252.32,1991,100479051.02,455,4471436.14,93024.05,4378412.09,221763.86,4600175.95,684371.88,289871.12,135815.85,213936.62,1323995.48,-384054.21,3276180.47,3660234.68
029,2025-04,117,195,337322026.46,352038426.95,2128,91927174.09,399,2639695.69,111697.97,2527997.72,99842.94,2627840.66,1757555.13,552493.63,291556.42,371317.34,2972922.52,583050.41,-345081.86,-928132.27
030,2025-04,107,181,400159462.11,364496991.69,1723,132489213.18,447,3076531.52,183536.73,2892994.79,158689.82,3051684.61,1835783.93,597213.53,297279.47,436645.8,3166922.73,508879.07,-115238.12,-624117.2
031,2025-04,108,179,397533693.69,296524434.93,1785,68516334.1,395,2952359.29,123007.09,2829352.2,109367.13,2938719.33,1757580.54,558880.47,279448.97,419408.81,3015318.79,1434938.71,-76599.46,-1511538.17
032,2025-04,113,196,509422293.28,266239853.61,1974,219899326.36,437,2561821.41,130040.12,2431781.29,173647.26,2605428.55,1809059.77,528158.07,295956.56,441500.81,3074675.2,-3002680.23,-469246.65,2533433.58
033,2025-04,100,172,390720571.3,358713186.4,1976,125971427.18,388,3276301.48,389103.04,2887198.44,85888.03,2973086.47,1275860.51,442850.27,208502.03,288736.7,2215949.51,-768015.56,757136.97,1525152.52
034,2025-04,84,151,276419309.88,431260595.19,1589,67032592.36,454,3701213.54,54177.47,3647036.07,97216.0,3744252.07,1772495.48,476286.53,258223.86,430923.25,2937929.13,4367773.09,806322.94,-3561450.16
035,2025-04,71,127,168715071.09,403907753.63,1325,151819496.58,374,3270980.81,45518.46,3225462.35,64087.76,3289550.12,1637847.3,510519.28,205385.96,345184.82,2698937.36,840834.94,590612.75,-250222.19
036,2025-04,73,130,235397113.7,206657864.84,1202,46250376.97,209,2223162.1,75262.4,2147899.69,88851.38,2236751.07,827676.65,303231.9,92006.13,182318.73,1405233.41,2256287.3,831517.66,-1424769.64
037,2025-04,142,221,429834707.03,329196922.25,2303,164564598.84,849,3137280.77,128291.92,3008988.85,208329.2,3217318.05,657516.94,264100.41,149400.98,155139.75,1226158.07,-6032036.22,1991159.98,8023196.2
001,2025-05,184,342,930922513.06,640968117.67,3364,1378315335.85,693,5220099.07,232774.74,4987324.33,319317.14,5306641.47,3323473.31,846695.72,825950.01,863357.63,5859476.68,1382084.59,-552835.21,-1934919.8
002,2025-05,170,314,608693200.56,334728733.91,2879,148214273.47,263,2570044.78,295063.22,2274981.55,186178.0,2461159.56,667831.84,260300.01,139396.13,164696.77,1232224.75,1931822.32,1228934.81,-702887.51
003,2025-05,183,302,470646434.3,445606178.04,3438,215762021.67,421,4863639.14,112084.02,4751555.12,254166.35,5005721.47,1751530.05,475292.74,380514.55,367842.36,2975179.7,-4359910.42,2030541.77,6390452.19
004,2025-05,167,321,923158965.1,406744760.9,3402,284827900.08,227,3107522.44,191491.23,2916031.21,177875.14,3093906.35,681297.19,266706.82,153428.96,158794.23,1260227.21,-1081926.45,1833679.14,2915605.59
005,2025-05,194,346,704088958.56,573488789.86,3043,311989073.93,710,4479104.71,166117.65,4312987.07,284761.68,4597748.75,3110373.09,795657.58,695107.02,578960.67,5180098.36,2173260.2,-582349.61,-2755609.81
006,2025-05,167,294,684396604.31,277965093.86,3082,339506199.36,264,2810416.99,240694.24,2569722.75,167478.58,2737201.34,723959.07,222370.25,145137.36,157468.65,1248935.34,1153319.35,1488266.0,334946.65
007,2025-05,171,295,519566941.1,432599350.89,3569,353213145.56,262,3312547.98,99498.82,3213049.16,188891.38,3401940.55,667179.22,258138.15,158947.3,190530.79,1274795.45,413540.3,2127145.1,1713604.79
008,2025-05,146,281,734900697.82,420081188.68,3020,128814175.19,445,3741188.4,280401.85,3460786.55,225447.9,3686234.45,1862444.06,502021.89,392305.42,468165.67,3224937.04,-552242.69,461297.41,1013540.09
009,2025-05,145,282,1034354272.76,384930728.96,2664,308814841.43,209,2652342.49,2120518.32,531824.18,172697.01,704521.19,681974.1,242476.27,121866.46,162167.05,1208483.88,2909147.39,-503962.68,-3413110.07
010,2025-05,149,281,706592770.68,435265078.11,2522,141770604.99,271,3785104.0,1505420.99,2279683.01,187367.25,2467050.26,637175.74,257856.02,118426.18,147758.46,1161216.4,1254714.83,1305833.85,51119.02
011,2025-05,132,262,766381805.98,349862594.56,2446,67257605.23,248,2742883.8,486594.67,2256289.12,144293.72,2400582.84,646234.38,259814.77,121833.32,174963.92,1202846.38,2244041.8,1197736.45,-1046305.34
012,2025-05,158,273,664269997.44,487857843.11,2482,538036326.51,413,4145165.7,216264.21,3928901.49,183874.02,4112775.51,1610035.89,514666.93,303933.87,324741.28,2753377.97,-1256943.69,1359397.53,2616341.22
013,2025-05,187,307,928147452.95,480721538.85,3025,192975996.8,671,4377552.33,329163.63,4048388.7,248153.51,4296542.21,3205465.17,1017231.84,754185.7,634369.19,5611251.91,-173601.54,-1314709.7,-1141108.15
014,2025-05,184,314,501310225.34,373029529.62,3302,153032225.65,298,3640504.93,109852.26,3530652.67,189884.29,3720536.97,675589.25,230000.04,146620.59,167109.56,1219319.43,69546.05,2501217.53,2431671.49
015,2025-05,162,292,681021581.59,472562134.88,2590,142576627.8,491,3318224.75,675983.24,2642241.51,196400.06,2838641.56,1397306.38,702189.71,351480.61,459281.89,2910258.59,2029322.81,-71617.02,-2100939.83
016,2025-05,138,243,429924889.37,324067438.4,2688,345402657.04,254,3210136.45,98952.71,3111183.74,153670.85,3264854.59,684085.91,238247.07,129860.99,184664.68,1236858.65,1664584.77,2027995.94,363411.16
017,2025-05,247,458,902700478.42,1047538111.91,4582,636508624.86,1326,10301817.66,233566.27,10068251.39,871641.96,10939893.35,3357457.41,1023104.92,1154683.44,693279.21,6228524.98,-2560854.59,4711368.37,7272222.95
018,2025-05,196,356,759485383.22,452821468.32,3826,559223654.63,476,3415587.23,158749.84,3256837.39,390231.5,3647068.89,625822.86,245011.58,159256.07,151928.15,1182018.67,791207.08,2465050.22,1673843.14
019,2025-05,241,431,925457514.08,728119270.42,4034,718785989.5,1141,6596102.22,599376.51,5996725.71,644432.26,6641157.97,1381077.57,627685.1,499053.41,366717.28,2874533.36,3582285.95,3766624.6,184338.66
020,2025-05,174,321,686779572.03,586809679.3,3482,302337643.02,687,5093726.11,149981.5,4943744.61,384033.03,5327777.64,1724369.69,584527.79,435313.48,358984.4,3103195.36,-181684.97,2224582.28,2406267.25
021,2025-05,134,230,589324127.22,596280115.4,2232,284351190.75,423,5019813.21,109426.51,4910386.7,154778.47,5065165.17,1764706.36,551876.36,304103.79,356954.5,2977641.01,6587184.66,2087524.17,-4499660.5
022,2025-05,144,275,539900471.84,444883697.01,2780,225381097.39,515,3180450.13,194708.32,2985741.81,194302.85,3180044.67,1841944.36,541677.67,379038.9,432063.43,3194724.36,-929095.18,-14679.69,914415.49
023,2025-05,188,319,808500023.8,542256421.23,2973,266980203.97,662,5461172.52,231403.05,5229769.47,327593.67,5557363.14,1325421.54,512047.1,335728.27,369299.02,2542495.93,-1111842.14,3014867.21,4126709.35
024,2025-05,153,252,506550165.48,376345120.89,2609,355248824.69,498,3959152.82,78438.48,3880714.34,205179.45,4085893.79,1720392.34,560889.79,348448.9,432397.97,3062129.0,-3141185.34,1023764.79,4164950.13
025,2025-05,193,358,842847263.04,470079013.92,3735,302395322.15,798,4392490.82,394003.49,3998487.33,414451.44,4412938.77,673525.69,282453.94,195550.41,148658.82,1300188.86,-2521142.83,3112749.91,5633892.74
026,2025-05,199,337,768890765.76,643745014.04,3876,515195402.23,862,6783251.68,237861.33,6545390.35,377946.96,6923337.31,639134.85,313819.04,206465.63,158758.85,1318178.37,-1300263.02,5605158.94,6905421.96
027,2025-05,146,245,604682956.07,392220244.67,2701,210455581.15,511,3150989.98,213463.95,2937526.03,245127.44,3182653.47,1657818.13,482750.64,321467.14,348294.6,2810330.51,275683.1,372322.97,96639.86
028,2025-05,129,211,463761608.39,528876505.05,1965,139815224.28,448,4761906.82,95641.19,4666265.64,218495.27,4884760.91,687678.03,290812.87,135313.47,214869.43,1328673.79,-2642957.54,3556087.11,6199044.65
029,2025-05,118,194,342354946.34,353961624.98,1909,74972793.56,393,3019694.66,113169.04,2906525.62,96443.91,3002969.53,1766045.73,554288.6,278814.56,372970.65,2972119.54,-2921875.48,30849.99,2952725.47
030,2025-05,115,187,422317943.15,373763205.61,1891,204456546.08,468,3394477.59,186980.57,3207497.02,161261.85,3368758.87,1844652.45,599153.79,314649.83,438585.64,3197041.72,-3280936.22,171717.16,3452653.38
031,2025-05,111,181,413508701.2,291953703.51,1846,110398945.43,386,2937825.37,132701.44,2805123.93,110227.69,2915351.62,1766071.27,560696.2,283340.79,421274.86,3031383.11,-1299072.45,-116031.49,1183040.96
032,2025-05,115,201,592956567.03,262991043.06,2062,159803171.92,489,2683029.97,141433.29,2541596.68,167948.08,2709544.76,1817799.19,529873.98,312740.55,443475.82,3103889.54,1099551.54,-394344.78,-1493896.32
033,2025-05,99,172,400773587.42,354369530.17,1941,168368991.87,369,3130005.69,393871.71,2736133.98,94297.62,2830431.61,1282024.09,444289.02,205465.22,290013.87,2221792.2,1325079.97,608639.41,-716440.56
034,2025-05,85,154,281971278.27,432315755.04,1536,64103658.01,430,3715040.98,55509.37,3659531.61,92977.87,3752509.48,1781058.26,477833.92,252740.08,432860.62,2944492.88,3571823.71,808016.61,-2763807.11
035,2025-05,74,130,184977088.62,418821334.48,1403,88745671.91,384,3332357.34,48040.02,3284317.32,57517.06,3341834.38,1645759.61,512177.88,213233.28,346722.61,2717893.38,1640210.86,623940.99,-1016269.87
036,2025-05,74,130,234992039.37,198760743.26,1148,40341071.96,196,1994642.36,75294.61,1919347.75,85732.17,2005079.92,831675.09,304217.06,89559.3,183122.16,1408573.6,1218929.09,596506.32,-622422.76
037,2025-05,142,224,428107337.04,325357559.86,2306,209405973.43,759,2905672.58,128884.08,2776788.5,239704.07,3016492.56,660693.35,264958.44,144734.16,155818.88,1226204.82,2182550.5,1790287.74,-392262.76
001,2025-06,189,345,892277701.88,649059944.06,3220,873562414.49,752,5114287.87,230620.63,4883667.24,306474.71,5190141.95,3339451.54,849437.61,832399.68,867233.3,5888522.13,2573687.3,-698380.18,-3272067.49
002,2025-06,174,318,631193931.69,329713309.76,2887,200509219.65,230,2523861.9,294398.56,2229463.34,188983.92,2418447.27,671042.57,261142.95,138186.67,165416.1,1235788.28,-260704.11,1182658.98,1443363.09
003,2025-06,181,303,459269348.81,435748311.91,3003,128257300.1,419,4541277.01,111180.09,4430096.91,237684.1,4667781.01,1759950.86,476831.91,357950.87,369487.62,2964221.26,2350992.53,1703559.75,-647432.78
004,2025-06,170,322,816740859.48,397142997.05,3528,700226299.05,252,2964258.63,154466.92,2809791.71,197629.31,3007421.02,684572.66,267570.51,158982.91,159487.56,1270613.64,1050202.7,1736807.38,686604.69
005,2025-06,194,346,671151923.92,565564120.23,3158,294240463.77,686,4603611.89,163139.52,4440472.37,279857.42,4720329.79,3125326.81,798234.2,702492.97,581559.06,5207613.03,-1143446.91,-487283.25,656163.66
006,2025-06,168,297,696799347.98,280555326.2,2956,291736947.23,240,2813422.96,241946.5,2571476.45,176465.45,2747941.91,727439.65,223090.36,141285.57,158167.64,1249983.22,502701.67,1497958.69,995257.02
007,2025-06,168,298,501359106.98,441584501.34,3284,346978596.88,233,3455180.75,96566.43,3358614.32,167679.83,3526294.15,670386.81,258974.09,150933.57,191363.39,1271657.86,129287.5,2254636.29,2125348.8
008,2025-06,146,283,742129150.8,419357762.34,2719,94869223.5,421,3532745.08,282215.84,3250529.24,223993.14,3474522.39,1871398.12,503647.61,371589.47,470260.47,3216895.67,2147416.37,257626.72,-1889789.65
009,2025-06,148,285,1046958696.57,382615366.83,2701,207901629.12,264,3003361.69,2134193.83,869167.86,164941.86,1034109.71,685252.82,243261.49,127042.64,162879.95,1218436.9,-4829495.62,-184327.18,4645168.44
010,2025-06,143,280,701351099.9,438471350.47,2621,121008110.97,222,4081954.44,1513497.01,2568457.42,193634.35,2762091.77,640239.09,258691.05,118213.95,148402.03,1165546.12,-4182793.73,1596545.65,5779339.37
011,2025-06,137,264,770522157.23,391659227.58,2456,94471194.62,219,3092180.78,489276.07,2602904.71,144285.38,2747190.09,649341.27,260656.14,120882.85,175726.36,1206606.61,2993620.83,1540583.47,-1453037.36
012,2025-06,159,275,606436992.55,477324039.79,2422,186620291.43,444,3862349.36,228963.69,3633385.66,177695.98,3811081.65,1617776.45,516333.6,306598.78,326179.09,2766887.92,1252576.2,1044193.73,-208382.47
013,2025-06,185,306,933686688.12,496109090.41,3035,231872327.76,738,4489971.47,331704.35,4158267.12,255225.96,4413493.08,3220876.06,1020525.99,777637.75,637179.22,5656219.02,1537606.06,-1242725.94,-2780331.99
014,2025-06,181,314,508273294.82,365890991.3,3233,136936965.05,271,3580335.79,111350.98,3468984.81,181495.27,3650480.08,678837.27,230744.86,143921.36,167846.36,1221349.86,-502428.32,2429130.22,2931558.54
015,2025-06,162,292,688222875.11,466563729.79,2713,222465417.78,489,3321464.88,680246.06,2641218.81,203250.13,2844468.94,1404024.2,704463.64,359750.74,461248.91,2929487.49,5792339.73,-85018.55,-5877358.28
016,2025-06,139,245,425376357.44,326258157.75,2570,190694112.9,221,3140587.33,95420.98,3045166.34,134605.42,3179771.76,687374.79,239018.6,125389.8,185477.63,1237260.81,1477368.16,1942510.95,465142.79
017,2025-06,251,463,880284767.52,1055921487.32,4788,530614022.13,1340,10344580.32,230928.41,10113651.92,862362.72,10976014.63,3373599.04,1026418.08,1184666.69,696358.17,6281041.98,349812.67,4694972.65,4345159.99
018,2025-06,197,359,725824931.48,469028232.34,3869,635533988.32,464,3681490.58,145440.44,3536050.14,402862.83,3938912.97,628831.63,245805.01,160364.39,152591.49,1187592.53,-1110302.97,2751320.45,3861623.42
019,2025-06,241,427,966320799.22,754147740.83,3684,565089034.58,1137,6671821.71,591728.75,6080092.96,625253.46,6705346.42,1387717.36,629717.76,484346.83,368300.51,2870082.47,4077541.78,3835263.95,-242277.83
020,2025-06,175,322,723009346.64,583881769.84,3322,169513441.23,633,4896207.31,155183.89,4741023.41,382074.54,5123097.96,1732659.93,586420.69,420500.98,360567.66,3100149.25,4295832.23,2022948.7,-2272883.53
021,2025-06,127,228,590309126.48,598413496.58,2033,157805820.56,396,5008155.03,110808.79,4897346.24,143870.2,5041216.43,1773190.53,553663.53,289451.22,358537.17,2974842.44,9761.6,2066373.99,2056612.39
022,2025-06,146,271,544025291.36,436575306.86,2663,143094176.46,451,3541316.67,196068.88,3345247.79,201705.93,3546953.72,1850799.86,543431.8,362389.0,433986.57,3190607.23,-6150478.71,356346.5,6506825.21
023,2025-06,190,321,925734556.04,555076907.41,3075,273358108.99,713,5484730.78,244201.03,5240529.74,331489.18,5572018.93,1331793.75,513705.29,348735.96,370912.99,2565147.99,1993084.87,3006870.94,1013786.07
024,2025-06,157,253,534315861.55,387995551.39,2539,155568355.52,459,4010899.16,80809.3,3930089.86,208793.51,4138883.37,1728663.46,562706.14,340331.01,434309.96,3066010.57,1235595.13,1072872.8,-162722.34
025,2025-06,192,359,878136119.24,473880595.35,3837,282075133.05,875,4188601.16,400674.74,3787926.42,412168.05,4200094.48,676763.79,283368.62,203413.79,149304.6,1312850.8,3378672.09,2887243.67,-491428.42
026,2025-06,199,337,757903372.8,656517756.92,3720,384703742.01,829,6707314.49,235096.62,6472217.87,365695.77,6837913.64,642207.61,314835.3,201718.26,159440.07,1318201.24,2527053.11,5519712.4,2992659.28
027,2025-06,148,247,630392014.8,393024633.14,2666,217207819.35,496,3227832.3,216633.06,3011199.24,238461.71,3249660.96,1665788.41,484313.95,319161.25,349845.82,2819109.43,-911822.68,430551.53,1342374.21
028,2025-06,128,214,487453635.98,545016305.4,2218,176523764.86,437,4863962.21,99184.97,4764777.23,243345.39,5008122.62,690984.17,291754.62,142325.2,215802.23,1340866.22,980751.85,3667256.39,2686504.54
029,2025-06,121,196,358902437.67,339051333.0,1970,97744552.5,413,3158105.98,115193.94,3042912.05,96186.51,3139098.55,1774536.34,556083.58,287393.38,374623.95,2992637.24,-4139623.22,146461.31,4286084.52
030,2025-06,115,190,439314720.82,383206982.42,2148,261221004.82,439,3399993.77,189862.26,3210131.51,174876.04,3385007.55,1853520.98,601094.06,328722.46,440525.47,3223862.96,1299996.19,161144.59,-1138851.6
031,2025-06,113,186,427210445.27,286828162.92,1743,69725594.44,401,2892263.61,135347.1,2756916.51,106804.66,2863721.17,1774561.99,562511.92,281271.32,423140.9,3041486.13,-284686.29,-177764.96,106921.33
032,2025-06,118,204,626499348.63,240325912.82,1877,74145814.72,463,2539268.72,144703.89,2394564.83,168363.96,2562928.79,1826538.61,531589.89,298358.15,445450.83,3101937.48,-2428563.29,-539008.69,1889554.6
033,2025-06,104,177,408063459.81,364241935.06,2051,178942480.9,383,3204660.18,396270.01,2808390.16,100547.47,2908937.63,1288187.66,445727.78,213973.52,291291.03,2239180.0,587127.48,669757.64,82630.16
034,2025-06,83,155,315432286.83,455670147.76,1729,101211654.81,449,4093909.92,61740.74,4032169.17,100969.37,4133138.54,1789621.04,479381.31,269596.98,434797.98,2973397.31,-2197002.76,1159741.23,3356743.99
035,2025-06,74,132,197569276.2,420963108.62,1433,159081342.91,408,3236879.63,49752.46,3187127.17,64988.29,3252115.46,1653671.91,513836.49,220265.27,348260.4,2736034.08,5701220.5,516081.38,-5185139.12
036,2025-06,77,133,234753920.9,201253681.18,1326,58431458.4,199,2000085.81,75150.44,1924935.37,92906.6,2017841.98,835673.52,305202.22,96339.13,183925.59,1421140.46,280548.09,596701.52,316153.43
037,2025-06,147,229,465313823.25,331945877.87,2247,269387230.46,769,2889814.07,134662.32,2755151.76,232714.52,2987866.28,663869.76,265816.46,144971.1,156498.01,1231155.33,1367362.82,1756710.94,389348.12
001,2025-07,192,345,899939933.2,644966343.19,3468,514881424.23,674,4983397.22,233061.79,4750335.43,303144.51,5053479.94,3355429.78,852179.5,840119.66,871108.96,5918837.9,920021.92,-865357.96,-1785379.88
002,2025-07,175,318,644562948.0,350822521.91,2677,168083597.29,241,2808511.76,291166.55,2517345.2,185840.43,2703185.64,674253.3,261985.89,134364.31,166135.42,1236738.91,-806872.6,1466446.72,2273319.32
003,2025-07,179,299,449533901.22,466112391.83,2977,107447946.48,431,4500873.59,110116.87,4390756.73,229218.59,4619975.32,1768371.68,478371.07,359476.07,371132.87,2977351.7,4447995.43,1642623.62,-2805371.81
004,2025-07,168,323,679543376.21,410891330.61,3602,1267149641.67,287,3360387.02,112616.58,3247770.44,216322.43,3464092.87,687848.13,268434.19,163937.91,160180.88,1280401.11,-2691118.17,2183691.76,4874809.93
005,2025-07,198,346,689850582.15,564877292.69,3378,397926295.28,744,4661695.12,167108.43,4494586.69,294209.09,4788795.78,3140280.53,800810.81,740361.11,584157.44,5265609.89,-39817.85,-476814.11,-436996.26
006,2025-07,168,297,692729551.32,273750501.26,3296,325294596.5,241,2686483.11,239057.98,2447425.13,177596.98,2625022.11,730920.22,223810.47,150377.57,158866.64,1263974.9,987190.14,1361047.21,373857.07
007,2025-07,170,298,709498811.6,450164918.82,3904,750134685.05,263,3615895.09,127171.98,3488723.11,193655.01,3682378.11,673594.4,259810.03,169030.33,192195.99,1294630.74,-1344510.41,2387747.37,3732257.78
008,2025-07,153,287,855230750.66,431449704.82,2796,438711746.39,483,3721984.07,307653.99,3414330.08,221907.67,3636237.76,1880352.18,505273.33,388936.38,472355.27,3246917.16,-850547.86,389320.6,1239868.46
009,2025-07,147,282,1051662169.82,399592710.4,2685,143396237.95,221,2987532.97,2145303.01,842229.95,167653.64,1009883.6,688531.54,244046.71,124324.19,163592.85,1220495.29,5052689.24,-210611.69,-5263300.93
010,2025-07,141,280,709608150.64,441124958.7,2699,146001548.65,248,4417069.01,1523278.65,2893790.35,190717.02,3084507.37,643302.43,259526.08,122237.03,149045.6,1174111.15,-3622146.55,1910396.23,5532542.77
011,2025-07,140,265,777087867.04,430984507.23,2679,90441225.71,232,3873269.62,491518.95,3381750.68,155217.59,3536968.27,652448.17,261497.51,128085.02,176488.79,1218519.49,-4424106.45,2318448.79,6742555.23
012,2025-07,161,277,613703939.57,470317007.22,2589,334786811.65,431,3568885.06,230649.49,3338235.57,190917.7,3529153.27,1625517.0,518000.27,314885.65,327616.89,2786019.82,3780393.17,743133.45,-3037259.72
013,2025-07,189,310,941135999.65,501840501.41,3234,281469552.2,704,4600987.04,338387.75,4262599.29,266270.99,4528870.29,3236286.95,1023820.13,793600.89,639989.25,5693697.22,-13743.39,-1164826.94,-1151083.55
014,2025-07,180,315,514342402.83,352810794.72,3345,151602690.26,316,3076001.49,113348.73,2962652.76,187418.91,3150071.67,682085.3,231489.68,150113.63,168583.17,1232271.77,3961442.9,1917799.91,-2043642.99
015,2025-07,162,292,709323606.54,419296738.54,2756,144738271.3,488,3482531.49,685730.79,2796800.7,194319.65,2991120.35,1410742.02,706737.57,363606.47,463215.92,2944301.99,-10591860.72,46818.36,10638679.08
016,2025-07,142,247,432499897.18,329959068.82,2728,207132992.05,222,2934769.69,95366.33,2839403.36,139496.27,2978899.63,690663.66,239790.12,130206.58,186290.58,1246950.94,3605800.59,1731948.69,-1873851.9
017,2025-07,254,467,867117129.44,1042083172.76,4720,544242494.59,1439,10008851.48,229573.19,9779278.29,877165.3,10656443.59,3389740.66,1029731.25,1210600.39,699437.14,6329509.43,1104865.1,4326934.15,3222069.06
018,2025-07,195,360,734677142.34,471870304.46,3789,540352393.41,521,3758867.98,146800.78,3612067.2,391603.22,4003670.42,631840.39,246598.44,162804.44,153254.83,1194498.12,-272197.33,2809172.31,3081369.64
019,2025-07,245,431,984376493.52,764360076.91,4035,598511143.69,1029,6834904.0,596553.5,6238350.5,637803.27,6876153.76,1394357.16,631750.42,490235.11,369883.75,2886226.44,-1166012.02,3989927.32,5155939.34
020,2025-07,182,325,727849157.02,585298192.14,3376,201289533.92,637,4992168.46,181434.13,4810734.32,376147.96,5186882.28,1740950.17,588313.6,426701.18,362150.92,3118115.86,-1268956.13,2068766.43,3337722.56
021,2025-07,128,229,590169402.6,602234794.44,2131,270660432.13,439,5076036.15,112476.09,4963560.06,148117.12,5111677.17,1781674.69,555450.69,303836.27,360119.85,3001081.49,31142.8,2110595.68,2079452.88
022,2025-07,148,272,551712653.31,430514465.79,2827,259316293.92,459,3539425.95,197436.86,3341989.08,208449.13,3550438.21,1859655.36,545185.94,376184.19,435909.71,3216935.2,-860351.45,333503.01,1193854.46
023,2025-07,190,322,961760187.0,556341124.08,3048,263983818.42,653,5264228.51,249410.24,5014818.28,336385.8,5351204.08,1338165.97,515363.47,341547.64,372526.96,2567604.05,2970025.91,2783600.04,-186425.87
024,2025-07,151,257,528217503.49,404782940.28,2553,197505510.8,466,4121294.88,80330.4,4040964.48,205146.18,4246110.66,1736934.58,564522.49,344765.06,436221.96,3082444.09,1976125.57,1163666.57,-812458.99
025,2025-07,198,360,894977907.48,481932539.28,3828,258707782.54,862,4115293.73,404720.43,3710573.3,395927.11,4106500.41,680001.9,284283.3,203525.08,149950.37,1317760.65,2868777.27,2788739.76,-80037.51
026,2025-07,195,337,754244277.03,667149111.94,3614,502890671.98,856,6545860.03,235647.57,6310212.46,390080.46,6700292.92,645280.37,315851.55,202088.0,160121.28,1323341.2,3278917.08,5376951.72,2098034.64
027,2025-07,147,248,646870443.8,387019575.65,2604,187476480.09,527,3021551.67,226159.06,2795392.61,240289.09,3035681.7,1673758.69,485877.26,321966.08,351397.04,2832999.07,1547122.3,202682.63,-1344439.67
028,2025-07,125,214,496216300.83,538038685.23,2149,162380699.46,463,4692220.35,99489.72,4592730.63,236305.13,4829035.75,694290.31,292696.38,142935.87,216735.04,1346657.6,1976426.21,3482378.15,1505951.95
029,2025-07,123,195,360443816.08,316737522.7,1948,78479307.41,380,3103629.77,115255.65,2988374.13,96714.47,3085088.59,1783026.94,557878.56,281506.73,376277.25,2998689.48,-3228680.16,86399.12,3315079.28
030,2025-07,112,193,435197795.83,381151855.22,1929,220989487.12,409,3289219.58,190662.39,3098557.19,159198.99,3257756.17,1862389.5,603034.32,310398.35,442465.31,3218287.48,1903288.31,39468.7,-1863819.62
031,2025-07,112,184,429484977.16,290668773.71,1857,90565518.57,391,2878278.4,135300.94,2742977.46,117006.87,2859984.33,1783052.72,564327.65,288186.29,425006.94,3060573.61,868896.69,-200589.28,-1069485.97
032,2025-07,116,207,646418609.14,238135309.86,2170,197010438.02,538,2575835.45,147178.94,2428656.51,184633.51,2613290.02,1835278.03,533305.81,330848.66,447425.85,3146858.34,-925998.2,-533568.32,392429.87
033,2025-07,104,177,412722560.87,363591704.08,2175,162661764.72,420,2967813.54,398280.13,2569533.41,88555.39,2658088.79,1294351.24,447166.54,225335.66,292568.19,2259421.64,3023578.63,398667.15,-2624911.48
034,2025-07,84,155,335740523.74,461267172.46,1641,51847727.23,451,4470804.04,65952.81,4404851.23,94385.89,4499237.11,1798183.82,480928.7,265756.16,436735.34,2981604.02,-3246812.94,1517633.09,4764446.03
035,2025-07,74,136,214164061.86,388908616.25,1548,171388407.0,395,3150882.09,50933.68,3099948.41,65732.66,3165681.06,1661584.22,515495.1,226835.97,349798.19,2753713.48,-4681347.86,411967.59,5093315.44
036,2025-07,81,131,234030665.7,202048627.18,1249,67854514.33,248,1831485.32,75024.61,1756460.71,96010.73,1852471.44,839671.96,306187.37,98540.95,184729.01,1429129.3,2414996.26,423342.14,-1991654.12
037,2025-07,147,230,514006294.15,341344080.68,2212,188013796.8,807,2999208.01,142067.51,2857140.5,217306.85,3074447.35,667046.17,266674.49,147392.07,157177.15,1238289.88,-420091.69,1836157.47,2256249.16
001,2025-08,187,344,818664300.34,668978625.76,3337,598772275.93,719,5517383.64,229444.6,5287939.04,307927.85,5595866.89,3371408.02,854921.39,843382.36,874984.62,5944696.39,-2796618.83,-348829.5,2447789.33
002,2025-08,174,316,644753862.15,347569121.93,3044,122789477.0,245,2941064.47,291486.05,2649578.42,188359.9,2837938.32,677464.03,262828.83,144134.07,166854.74,1251281.67,-2286604.32,1586656.65,3873260.97
003,2025-08,176,298,471176906.67,459312397.61,3458,215297042.12,457,4376171.7,112814.75,4263356.95,252286.49,4515643.44,1776792.5,479910.23,391659.32,372778.13,3021140.18,1391985.44,1494503.26,102517.82
004,2025-08,170,323,638336114.51,426782156.15,3355,625124231.46,252,3672795.52,107060.33,3565735.19,190333.6,3756068.79,691123.6,269297.88,156228.69,160874.2,1277524.37,-1292357.9,2478544.42,3770902.32
005,2025-08,193,344,745273581.4,586260869.74,2970,414546095.42,711,4616628.0,174300.19,4442327.81,285360.19,4727688.0,3155234.24,803387.42,698361.34,586755.83,5243738.82,3899938.78,-516050.82,-4415989.61
006,2025-08,166,300,694477759.38,276304434.45,3150,251561386.83,247,3123434.66,239271.38,2884163.28,174188.82,3058352.1,734400.79,224530.58,148052.9,159565.63,1266549.9,-6028579.94,1791802.2,7820382.14
007,2025-08,172,298,879728606.44,444379189.1,3550,618690676.15,256,3630620.78,151200.07,3479420.71,179942.82,3659363.52,676802.0,260645.97,160537.44,193028.58,1291013.99,-1238837.38,2368349.53,3607186.91
008,2025-08,154,287,956664418.45,446316290.36,2822,281288399.24,443,3720386.43,330139.63,3390246.8,221322.37,3611569.18,1889306.23,506899.05,385695.11,474450.08,3256350.46,2501616.85,355218.71,-2146398.14
009,2025-08,152,281,1040291302.82,383224573.04,2703,205923019.41,235,3139198.99,2154662.65,984536.34,155276.94,1139813.28,691810.26,244831.93,126177.85,164305.74,1227125.79,-5756174.67,-87312.5,5668862.16
010,2025-08,144,281,713536292.5,439130779.62,2633,129518565.36,235,4257836.99,1531489.32,2726347.68,190569.47,2916917.15,646365.78,260361.1,120528.39,149689.18,1176944.45,2285979.53,1739972.7,-546006.83
011,2025-08,140,268,772843084.92,425071510.83,2967,90062175.2,231,3798705.71,491732.21,3306973.5,156051.44,3463024.93,655555.06,262338.87,135806.06,177251.23,1230951.22,-60770.09,2232073.71,2292843.8
012,2025-08,166,284,611178361.68,473648316.56,2725,169334758.1,455,3372450.64,231746.16,3140704.48,191100.99,3331805.47,1633257.56,519666.94,327740.95,329054.7,2809720.15,2691694.03,522085.32,-2169608.72
013,2025-08,191,313,927553596.46,520488872.22,3188,178424920.11,707,5170040.79,341481.44,4828559.35,259634.83,5088194.18,3251697.84,1027114.27,794312.52,642799.28,5715923.92,-3760072.53,-627729.73,3132342.8
014,2025-08,178,319,523278484.8,346739468.89,3057,129606424.77,272,3235169.99,115060.33,3120109.67,185873.64,3305983.31,685333.32,232234.49,141436.8,169319.97,1228324.59,-2623117.28,2077658.72,4700776.0
015,2025-08,165,296,724187069.73,413013207.09,2809,137700920.24,527,3363944.57,690384.05,2673560.52,192090.54,2865651.07,1417459.84,709011.5,374815.11,465182.94,2966469.4,133625.7,-100818.33,-234444.03
016,2025-08,140,247,441251908.16,303445021.25,2990,195718333.14,238,2760466.83,97441.3,2663025.54,145427.37,2808452.9,693952.54,240561.65,138656.64,187103.53,1260274.36,-1465790.31,1548178.55,3013968.86
017,2025-08,254,465,865493141.1,1040691547.14,4815,561562516.41,1390,9806359.34,230347.14,9576012.19,879949.99,10455962.18,3405882.28,1033044.41,1212693.67,702516.1,6354136.46,2317230.55,4101825.71,1784595.17
018,2025-08,199,363,768822615.52,458323132.0,3889,541666545.1,479,3691202.22,151814.01,3539388.21,383279.15,3922667.36,634849.16,247391.88,163362.09,153918.18,1199521.3,-1169761.7,2723146.06,3892907.76
019,2025-08,241,429,995308085.99,732359243.8,3823,573429465.56,1127,6583718.45,599984.36,5983734.09,649748.56,6633482.65,1400996.95,633783.08,494541.34,371466.98,2900788.35,-2367363.12,3732694.3,6100057.42
020,2025-08,180,326,701944718.77,583467432.75,3464,196068394.14,671,4991718.28,204451.0,4787267.27,384997.44,5172264.71,1749240.4,590206.5,438672.4,363734.18,3141853.48,-145970.32,2030411.23,2176381.56
021,2025-08,128,228,593113584.55,595135949.1,2223,247283029.57,399,4925234.15,112998.98,4812235.18,164503.21,4976738.38,1790158.86,557237.86,303960.43,361702.52,3013059.66,1167683.41,1963678.72,795995.31
022,2025-08,152,271,564660487.92,444528591.72,2732,211972190.65,486,3557484.22,199608.18,3357876.03,204543.0,3562419.03,1868510.87,546940.08,376602.98,437832.85,3229886.76,1872825.63,332532.26,-1540293.36
023,2025-08,193,327,1013708966.7,562191006.5,3115,307461256.46,668,5235375.66,256562.83,4978812.83,333142.42,5311955.25,1344538.19,517021.66,348904.59,374140.93,2584605.37,627027.71,2727349.88,2100322.17
024,2025-08,153,262,532715583.27,414619473.92,2737,243616830.58,460,4095088.34,81778.5,4013309.84,217999.71,4231309.55,1745205.69,566338.85,357278.96,438133.95,3106957.45,1623662.52,1124352.1,-499310.42
025,2025-08,205,364,937646687.07,486313500.73,3896,282673014.0,865,4008830.36,413328.65,3595501.71,395297.04,3990798.75,683240.0,285197.98,206431.48,150596.15,1325465.62,2262508.37,2665333.13,402824.76
026,2025-08,195,334,836807208.14,661783332.84,3540,443433399.16,799,6090472.47,244314.76,5846157.71,359406.0,6205563.71,648353.14,316867.8,197477.37,160802.5,1323500.81,4929878.48,4882062.9,-47815.58
027,2025-08,149,251,679008009.82,384299544.93,2505,271808603.79,463,3190433.79,238439.35,2951994.43,249557.52,3201551.96,1681728.97,487440.57,308814.34,352948.26,2830932.14,-2902090.17,370619.81,3272709.98
028,2025-08,123,213,506575447.82,532498143.11,2272,149594955.25,460,4468978.37,100152.32,4368826.05,230893.51,4599719.56,697596.46,293638.13,146552.19,217667.85,1355454.62,2826244.72,3244264.94,418020.22
029,2025-08,126,197,368904469.46,310966104.16,1943,98383063.96,391,2914256.44,116875.96,2797380.49,95579.56,2892960.04,1791517.55,559673.53,284712.71,377930.56,3013834.34,1758764.71,-120874.3,-1879639.01
030,2025-08,111,193,429907023.82,410938323.57,2058,218982310.59,438,3657087.14,190861.68,3466225.47,186526.95,3652752.41,1871258.02,604974.59,326197.18,444405.14,3246834.93,-349759.07,405917.48,755676.55
031,2025-08,114,184,432436530.02,309546553.51,2043,94749435.78,426,3106769.66,134965.97,2971803.69,118350.03,3090153.71,1791543.45,566143.38,308640.58,426872.99,3093200.39,679379.82,-3046.68,-682426.5
032,2025-08,112,205,665953771.18,243868573.86,2038,131543872.44,459,2739207.07,150841.83,2588365.24,181056.58,2769421.82,1844017.44,535021.72,310406.4,449400.86,3138846.42,-835933.92,-369424.61,466509.31
033,2025-08,105,178,408482503.72,361128469.47,2036,137810021.33,434,2861816.16,398989.38,2462826.78,94839.63,2557666.4,1300514.82,448605.3,221800.54,293845.36,2264766.02,684588.95,292900.39,-391688.56
034,2025-08,86,157,333864524.56,470943235.1,1674,63537034.12,449,4438792.83,65760.49,4373032.34,100865.15,4473897.49,1806746.6,482476.09,268992.75,438672.71,2996888.15,2898250.99,1477009.34,-1421241.65
035,2025-08,76,136,206282230.52,383427351.92,1596,180512569.86,382,3200777.95,50047.99,3150729.97,83430.32,3234160.29,1669496.52,517153.7,228407.71,351335.98,2766393.91,-1800796.75,467766.37,2268563.12
036,2025-08,82,133,232865721.46,199988663.54,1390,51713573.85,225,1728075.92,75148.79,1652927.13,92591.71,1745518.84,843670.4,307172.53,101637.64,185532.44,1438013.02,839559.72,307505.82,-532053.9
037,2025-08,152,229,506915596.44,342419381.98,2149,131157495.63,792,2814092.04,141695.31,2672396.74,214739.75,2887136.48,670222.58,267532.51,145708.85,157856.28,1241320.23,3725915.88,1645816.26,-2080099.62
001,2025-09,186,342,785173568.9,672456259.48,3441,1268796165.59,727,5394268.13,227071.92,5167196.21,323498.31,5490694.52,3387386.26,857663.28,859692.52,878860.28,5983602.34,2153126.66,-492907.82,-2646034.48
002,2025-09,177,319,641061452.27,332954042.84,3020,162749151.52,242,2893986.59,236110.66,2657875.93,197089.22,2854965.15,680674.76,263671.77,144117.67,167574.07,1256038.26,-2066049.94,1598926.89,3664976.83
003,2025-09,175,299,517435063.06,456589667.82,3426,245729680.49,410,4038423.85,118197.76,3920226.1,249370.75,4169596.85,1785213.32,481449.39,385139.85,374423.39,3026225.94,4072459.78,1143370.91,-2929088.87
004,2025-09,170,322,638915894.69,442273556.44,3399,275331296.74,240,3777666.47,107950.52,3669715.95,182989.35,3852705.3,694399.06,270161.57,157270.48,161567.53,1283398.64,1630740.8,2569306.66,938565.86
005,2025-09,190,344,795851889.08,611110147.94,3125,176013056.28,692,5108089.86,180640.42,4927449.45,273364.07,5200813.52,3170187.96,805964.03,710833.42,589354.21,5276339.62,-1691691.01,-75526.1,1616164.91
006,2025-09,165,297,730032606.92,277379796.52,2889,329160236.97,241,3038206.52,246313.93,2791892.6,165842.17,2957734.76,737881.36,225250.69,141499.35,160264.62,1264896.03,1020695.3,1692838.74,672143.44
007,2025-09,175,301,826780854.43,444198820.97,3525,430459552.38,270,3562822.92,144157.96,3418664.96,186025.58,3604690.54,680009.59,261481.91,161639.89,193861.18,1296992.57,1077407.61,2307697.97,1230290.36
008,2025-09,154,286,902766311.36,450226716.45,2972,154531113.25,520,3525372.14,319299.62,3206072.52,221266.4,3427338.92,1898260.29,508524.77,409093.4,476544.88,3292423.34,3240683.13,134915.58,-3105767.55
009,2025-09,155,279,1062043983.1,387701816.28,2685,223252498.95,221,3120157.58,2167387.08,952770.5,169792.11,1122562.6,695088.98,245617.15,125250.8,165018.64,1230975.57,1389713.82,-108412.97,-1498126.79
010,2025-09,143,279,710909335.28,452322145.68,2729,125135580.91,259,4007425.99,1537894.12,2469531.88,191269.45,2660801.32,649429.12,261196.13,124644.26,150332.75,1185602.26,5302796.16,1475199.07,-3827597.09
011,2025-09,147,272,729410734.77,435500386.32,3174,180388721.58,269,3858827.74,444566.05,3414261.69,165123.8,3579385.49,658661.96,263180.24,144196.39,178013.66,1244052.26,790212.37,2335333.23,1545120.86
012,2025-09,165,283,606938117.64,481059444.81,2652,228716120.27,446,3549804.43,232368.47,3317435.95,195675.5,3513111.45,1640998.12,521333.6,323826.8,330492.51,2816651.03,-610258.22,696460.42,1306718.64
013,2025-09,192,317,918457486.72,522092965.75,3228,168502205.05,723,5024749.88,342012.37,4682737.51,257108.57,4939846.07,3267108.73,1030408.42,807637.64,645609.31,5750764.1,2101579.5,-810918.03,-2912497.53
014,2025-09,179,319,538340624.41,347321642.29,3537,168958524.54,291,3132041.0,117728.35,3014312.64,190553.4,3204866.04,688581.35,232979.31,154555.47,170056.78,1246172.91,2590916.49,1958693.13,-632223.36
015,2025-09,168,298,745419497.86,426448677.92,2737,187626484.12,473,3492159.84,695844.45,2796315.39,197615.72,2993931.11,1424177.66,711285.43,364161.4,467149.96,2966774.45,2286157.44,27156.65,-2259000.79
016,2025-09,144,250,435303669.44,311577762.3,3070,309040297.72,239,2863389.41,91311.48,2772077.93,144016.14,2916094.07,697241.41,241333.17,141510.04,187916.48,1268001.11,-57272.57,1648092.96,1705365.52
017,2025-09,257,462,891074646.04,1049833884.15,4566,260395525.61,1364,9703948.27,233612.8,9470335.47,865200.95,10335536.41,3422023.9,1036357.57,1186726.65,705595.07,6350703.19,3462552.11,3984833.22,522281.11
018,2025-09,198,362,764183763.68,429200212.56,4103,529769645.24,493,3299514.23,153387.26,3146126.97,398548.27,3544675.24,637857.92,248185.31,169306.47,154581.52,1209931.21,194665.02,2334744.03,2140079.01
019,2025-09,243,427,1007020681.4,711240629.41,3868,661146556.15,1146,6050337.87,603352.89,5446984.98,633554.79,6080539.77,1407636.75,635815.74,501222.63,373050.21,2917725.34,3760534.41,3162814.43,-597719.98
020,2025-09,179,329,672774427.25,580951843.17,3419,117008122.52,612,4816947.46,202320.94,4614626.52,378546.96,4993173.49,1757530.64,592099.4,429818.93,365317.44,3144766.42,2060064.05,1848407.07,-211656.98
021,2025-09,123,226,661358106.67,614318318.09,2158,485038909.5,416,5341788.47,118912.59,5222875.87,161243.42,5384119.29,1798643.02,559025.02,304186.5,363285.2,3025139.73,-2701267.54,2358979.56,5060247.1
022,2025-09,152,272,571455713.19,447689873.77,3014,163446518.25,499,3279802.85,201302.22,3078500.63,204466.7,3282967.33,1877366.37,548694.22,397976.8,439755.99,3263793.37,4899294.49,19173.96,-4880120.53
023,2025-09,188,326,983989713.08,562498590.61,2981,441852768.03,666,5123581.42,256202.81,4867378.6,338481.04,5205859.64,1350910.41,518679.84,344205.68,375754.9,2589550.83,1648285.88,2616308.8,968022.92
024,2025-09,152,261,548261945.89,413259964.95,2576,162400284.78,454,3940860.72,84645.75,3856214.97,207128.14,4063343.11,1753476.81,568155.2,347858.71,440045.95,3109536.67,1836730.53,953806.45,-882924.08
025,2025-09,203,362,962155998.69,473756515.4,3814,272050623.8,916,4066815.36,418844.99,3647970.38,406349.64,4054320.01,686478.11,286112.67,208565.2,151241.92,1332397.9,-3162168.22,2721922.12,5884090.34
026,2025-09,196,335,900943123.7,659846531.11,3545,354576174.47,820,5976115.24,249673.8,5726441.43,359249.04,6085690.48,651425.9,317884.06,199870.72,161483.72,1330664.4,1391267.72,4755026.08,3363758.36
027,2025-09,151,253,721741150.2,404314856.19,2770,259479028.85,500,3351443.05,245265.9,3106177.15,257992.82,3364169.97,1689699.25,489003.88,330450.93,354499.48,2863653.55,1370142.99,500516.42,-869626.56
028,2025-09,126,213,543059932.56,528504487.17,1886,178170608.22,428,4471400.62,107049.09,4364351.53,239158.71,4603510.25,700902.6,294579.88,134042.95,218600.65,1348126.09,-656637.38,3255384.16,3912021.53
029,2025-09,127,198,386412385.99,326269479.55,1992,52149483.52,416,3104909.5,119664.2,2985245.3,99619.23,3084864.53,1800008.15,561468.51,293591.57,379583.86,3034652.09,197010.45,50212.43,-146798.01
030,2025-09,112,196,431831894.58,410570470.69,1806,217420963.43,447,3915944.2,191713.69,3724230.51,156935.72,3881166.23,1880126.54,606914.85,312793.75,446344.97,3246180.11,-4221607.85,634986.11,4856593.97
031,2025-09,113,187,438437778.78,315763900.97,1796,68095024.65,349,3138961.18,135973.2,3002987.98,110989.29,3113977.27,1800034.18,567959.1,280703.74,428739.03,3077436.05,701779.28,36541.22,-665238.06
032,2025-09,114,207,681315601.13,237188140.24,2272,182022116.7,460,2734406.78,154404.76,2580002.02,181330.78,2761332.81,1852756.86,536737.63,326854.02,451375.88,3167724.39,-1132416.46,-406391.58,726024.88
033,2025-09,104,181,414454580.66,357208450.15,1957,168627798.75,413,2961635.36,400655.08,2560980.28,89286.91,2650267.19,1306678.4,450044.06,216892.87,295122.52,2268737.85,-2114205.89,381529.34,2495735.23
034,2025-09,88,161,336719512.73,444714601.82,1604,52822724.17,444,4006348.86,66209.71,3940139.16,97770.35,4037909.5,1815309.38,484023.48,265600.1,440610.07,3005543.04,1401943.48,1032366.47,-369577.01
035,2025-09,77,136,192267343.46,401738194.1,1405,79249447.13,397,3428151.13,49080.68,3379070.44,57584.58,3436655.02,1677408.83,518812.31,220761.55,352873.77,2769856.46,-731310.12,666798.56,1398108.69
036,2025-09,86,136,231500575.02,199727465.39,1225,43140935.46,196,1690367.64,75304.86,1615062.78,92970.14,1708032.92,847668.84,308157.69,94214.08,186335.87,1436376.48,446285.12,271656.44,-174628.68
037,2025-09,148,231,531019757.75,347150852.83,2324,206240749.02,837,2951132.0,145730.89,2805401.11,204739.17,3010140.28,673398.99,268390.54,153429.9,158535.42,1253754.85,-1204760.32,1756385.44,2961145.76
001,2025-10,181,338,794158064.44,672844977.77,3244,437467079.62,724,5248171.88,227417.98,5020753.9,299628.79,5320382.69,3403364.49,860405.17,840804.46,882735.94,5987310.07,1686994.81,-666927.37,-2353922.18
002,2025-10,179,321,647341346.62,347594015.32,2934,178791037.85,235,2903081.68,182947.36,2720134.32,191812.06,2911946.38,683885.49,264514.71,142201.76,168293.39,1258895.35,3541395.35,1653051.04,-1888344.31
003,2025-10,178,300,538142283.04,451027043.32,3341,176304951.3,424,4128243.08,120510.98,4007732.1,246815.37,4254547.47,1793634.14,482988.55,384104.71,376068.65,3036796.04,-2240142.33,1217751.43,3457893.76
004,2025-10,171,325,652066640.61,442415262.07,3326,287023515.64,220,3619824.68,109793.9,3510030.77,186269.95,3696300.72,697674.53,271025.26,154926.12,162260.85,1285886.76,1801460.85,2410413.96,608953.11
005,2025-10,193,345,782131882.13,615095273.86,3096,220876897.64,698,4956034.26,179693.32,4776340.93,300681.36,5077022.29,3185141.68,808540.64,713035.95,591952.6,5298670.86,1937551.13,-221648.56,-2159199.7
006,2025-10,168,298,763500445.48,274597513.93,3086,307584101.36,231,2912231.85,251209.8,2661022.06,171534.44,2832556.5,741361.94,225970.81,146481.21,160963.61,1274777.56,1095972.52,1557778.94,461806.41
007,2025-10,174,299,804593666.07,441617024.04,3568,728228652.52,248,3267402.71,143437.41,3123965.31,191904.43,3315869.74,683217.18,262317.85,161749.19,194693.78,1301978.0,3708131.08,2013891.74,-1694239.34
008,2025-10,152,285,888913080.72,448172761.02,2780,199533579.36,493,3256111.89,317155.33,2938956.56,222041.37,3160997.93,1907214.35,510150.48,394282.0,478639.68,3290286.52,3131938.07,-129288.59,-3261226.67
009,2025-10,155,278,1087152015.05,388432883.92,2731,151591429.72,219,2782654.41,2183515.17,599139.24,157014.09,756153.34,698367.7,246402.37,126781.99,165731.54,1237283.6,5570638.49,-481130.27,-6051768.76
010,2025-10,141,279,722798534.6,457432521.48,2964,245782888.86,283,4156093.39,1547091.5,2609001.89,216644.49,2825646.38,652492.47,262031.15,132113.0,150976.32,1197612.94,-800671.09,1628033.44,2428704.53
011,2025-10,149,276,689640253.89,435265048.87,2868,102030068.3,264,3789047.27,397907.74,3391139.53,153540.52,3544680.05,661768.86,264021.61,137184.61,178776.1,1241751.18,1345491.47,2302928.88,957437.4
012,2025-10,165,283,680219123.98,469960883.66,2570,512365292.93,447,3403344.2,242131.56,3161212.63,188154.39,3349367.02,1648738.67,523000.27,320884.18,331930.32,2824553.44,-481861.59,524813.58,1006675.17
013,2025-10,194,315,921835016.34,522225399.35,3095,181179677.27,701,4626272.64,345425.42,4280847.22,256994.94,4537842.16,3282519.62,1033702.56,789831.89,648419.34,5754473.41,4911405.82,-1216631.25,-6128037.07
014,2025-10,176,318,555523116.79,349069310.87,3414,134086979.62,287,3118486.93,120785.22,2997701.71,189900.83,3187602.54,691829.37,233724.13,152152.61,170793.58,1248499.69,394836.17,1939102.85,1544266.67
015,2025-10,164,298,765786613.7,424123535.32,2613,190969009.1,525,3277084.43,701518.31,2575566.11,201864.16,2777430.27,1430895.48,713559.36,367011.27,469116.98,2980583.09,2559551.97,-203152.82,-2762704.79
016,2025-10,146,250,456700379.65,309033602.96,2967,223426742.84,241,2697320.65,89501.12,2607819.53,148000.61,2755820.14,700530.29,242104.7,139611.13,188729.44,1270975.55,1402318.73,1484844.59,82525.86
017,2025-10,255,460,921291100.14,1045800570.62,5088,857103894.26,1469,9377889.29,238057.24,9139832.05,923856.2,10063688.25,3438165.52,1039670.74,1269361.34,708674.03,6455871.63,2968835.45,3607816.62,638981.16
018,2025-10,202,366,777296726.5,436938341.54,3794,577000588.53,434,3315011.02,154990.03,3160020.99,396188.77,3556209.76,640866.68,248978.74,160292.51,155244.86,1205382.79,371483.86,2350826.97,1979343.11
019,2025-10,243,431,994232124.15,705933576.06,4128,636545976.22,1116,5977237.11,603840.61,5373396.5,636614.24,6010010.74,1414276.55,637848.4,511869.95,374633.44,2938628.34,123348.01,3071382.4,2948034.39
020,2025-10,172,331,671569642.57,606383964.23,3449,197369703.13,640,4981256.7,203178.25,4778078.45,393546.19,5171624.64,1765820.88,593992.3,437971.38,366900.7,3164685.26,437472.94,2006939.38,1569466.44
021,2025-10,121,226,716201752.72,606996623.46,2043,475394707.08,412,5289898.9,122646.27,5167252.63,160102.36,5327354.99,1807127.19,560812.18,297647.83,364867.87,3030455.07,615336.82,2296899.93,1681563.1
022,2025-10,154,273,574194006.91,445606971.84,2888,246410886.02,503,3340421.76,202400.09,3138021.66,211615.28,3349636.95,1886221.87,550448.35,392806.2,441679.12,3271155.55,-1126601.74,78481.4,1205083.14
023,2025-10,191,327,961494404.7,569571947.72,3166,541663273.93,586,4975375.51,257707.9,4717667.62,347161.64,5064829.25,1357282.63,520338.02,344042.46,377368.87,2599031.98,2983054.29,2465797.27,-517257.02
024,2025-10,154,261,555174432.05,418096515.87,2433,175506723.53,489,3938098.52,86204.47,3851894.05,201031.34,4052925.39,1761747.93,569971.55,346999.65,441957.94,3120677.08,1309703.97,932248.31,-377455.66
025,2025-10,202,361,965590789.09,471877021.18,3650,245242394.84,833,4050270.06,420139.9,3630130.15,402452.6,4032582.75,689716.21,287027.35,200407.67,151887.7,1329038.93,604135.19,2703543.82,2099408.63
026,2025-10,194,334,917114911.1,662293288.2,3496,497145253.13,824,5913094.54,252335.47,5660759.07,378461.26,6039220.33,654498.66,318900.31,199675.54,162164.93,1335239.45,1333623.59,4703980.88,3370357.29
027,2025-10,151,257,770754091.02,401786602.61,2643,247627867.52,464,3188901.05,253460.5,2935440.55,246325.29,3181765.84,1697669.53,490567.2,320238.13,356050.71,2864525.56,1452075.94,317240.27,-1134835.67
028,2025-10,125,216,567908348.48,539825108.18,2179,142690231.89,429,4278815.55,112814.71,4166000.85,244179.93,4410180.78,704208.75,295521.63,143001.16,219533.46,1362265.0,4046349.55,3047915.78,-998433.77
029,2025-10,126,199,391727395.88,319232974.42,1890,56689592.05,402,3049831.22,120815.52,2929015.69,96291.02,3025306.71,1808498.75,563263.48,286168.78,381237.17,3039168.18,-826504.61,-13861.47,812643.14
030,2025-10,117,202,440584391.22,421180077.13,2370,348736797.77,436,3900425.24,192364.88,3708060.36,194247.7,3902308.06,1888995.06,608855.12,351423.48,448284.81,3297558.47,1858662.19,604749.59,-1253912.61
031,2025-10,114,187,440017308.66,315918678.95,1854,121828127.49,403,2922572.68,137635.67,2784937.0,116605.07,2901542.07,1808524.9,569774.83,295755.16,430605.07,3104659.97,2763321.58,-203117.9,-2966439.47
032,2025-10,115,210,686140460.31,261104595.96,2044,171849303.32,456,2863896.11,152947.71,2710948.4,203421.86,2914370.26,1861496.28,538453.55,313847.76,453350.89,3167148.48,2376321.11,-252778.22,-2629099.34
033,2025-10,104,179,399183150.38,339931151.5,1956,171300820.88,345,2982849.05,256050.64,2726798.42,82330.8,2809129.21,1312841.97,451482.82,208565.49,296399.68,2269289.97,-3158244.37,539839.25,3698083.62
034,2025-10,90,161,342372518.03,441897154.34,1742,115849591.65,427,3886778.78,66435.02,3820343.76,102426.02,3922769.77,1823872.16,485570.87,272574.85,442547.43,3024565.32,990854.42,898204.45,-92649.97
035,2025-10,77,135,205912021.7,349277240.69,1313,45091943.76,371,2980324.21,50513.82,2929810.39,64250.05,2994060.44,1685321.14,520470.92,211742.91,354411.56,2771946.52,-1027283.79,222113.92,1249397.72
036,2025-10,90,139,240266712.5,199442886.79,1357,70251881.74,212,1672512.94,77553.71,1594959.23,90124.7,1685083.93,851667.28,309142.85,100907.2,187139.3,1448856.62,426340.01,236227.31,-190112.71
037,2025-10,156,232,576025798.9,354471163.52,2101,169331008.05,755,3033442.12,151096.77,2882345.36,208361.0,3090706.36,676575.4,269248.57,143715.68,159214.55,1248754.2,155904.04,1841952.16,1686048.12
001,2025-11,182,341,802412700.25,665449296.14,3216,1615332620.54,673,5183495.36,228223.58,4955271.79,319910.96,5275182.74,3419342.73,863147.06,828050.77,886611.6,5997152.16,-399044.03,-721969.42,-322925.39
002,2025-11,178,324,660106816.72,349251618.06,2972,183431205.36,249,2928455.95,184994.08,2743461.86,192715.93,2936177.8,687096.22,265357.65,144958.77,169012.71,1266425.34,-841695.25,1669752.45,2511447.7
003,2025-11,177,301,537810933.0,455111182.33,3512,178250369.05,443,4296333.26,120351.09,4175982.17,245088.54,4421070.71,1802054.95,484527.71,398600.21,377713.91,3062896.78,-2249145.15,1358173.93,3607319.08
004,2025-11,173,327,682707285.6,441289274.39,3327,618154208.83,244,3479165.56,114641.02,3364524.54,184389.84,3548914.38,700950.0,271888.94,157343.56,162954.18,1293136.68,1554062.33,2255777.69,701715.36
005,2025-11,193,346,1188830214.08,616086378.18,3207,1138135042.73,718,4955019.54,781552.51,4173467.03,280536.29,4454003.32,3200095.39,811117.25,731924.96,594550.98,5337688.58,587425.79,-883685.26,-1471111.05
006,2025-11,167,298,757949302.74,284035930.27,3089,325895251.17,243,2774884.67,252347.26,2522537.41,176594.92,2699132.33,744842.51,226690.92,148051.52,161662.6,1281247.54,3743714.73,1417884.79,-2325829.93
007,2025-11,171,297,743984456.94,440030946.73,3546,501163410.87,275,2977769.21,134368.6,2843400.61,201322.56,3044723.17,686424.77,263153.78,163517.83,195526.38,1308622.77,4608053.22,1736100.4,-2871952.82
008,2025-11,152,286,912821415.99,465522293.54,2621,113622839.92,450,3532449.13,322140.65,3210308.47,224614.98,3434923.46,1916168.41,511776.2,379230.76,480734.48,3287909.86,-1059146.88,147013.6,1206160.48
009,2025-11,154,275,1127040747.84,386014781.33,2661,274150739.69,222,2541927.96,2199770.33,342157.63,156089.33,498246.96,701646.43,247187.59,125735.42,166444.43,1241013.87,2708607.71,-742766.91,-3451374.62
010,2025-11,143,279,730251754.16,397948889.37,2601,188331619.55,224,3529467.93,1555628.97,1973838.96,201798.48,2175637.44,655555.81,262866.18,120546.19,151619.89,1190588.07,-2198524.32,985049.37,3183573.69
011,2025-11,144,278,694258510.46,442323217.26,2906,96217578.45,261,3663372.02,399988.93,3263383.09,157187.18,3420570.28,664875.75,264862.98,138635.3,179538.53,1247912.57,2632541.78,2172657.71,-459884.07
012,2025-11,170,285,719220724.59,472260757.25,2522,317804740.94,478,3335738.59,249917.83,3085820.76,188837.22,3274657.97,1656479.23,524666.94,324262.39,333368.13,2838776.69,3239634.14,435881.29,-2803752.85
013,2025-11,197,317,909941902.18,525844200.24,3048,184525320.06,691,4560791.27,347151.15,4213640.12,246997.19,4460637.3,3297930.51,1036996.71,786366.59,651229.36,5772523.17,2147504.86,-1311885.87,-3459390.73
014,2025-11,174,319,581662477.46,355993949.0,3367,204455617.98,268,2997588.61,124239.9,2873348.72,199626.31,3072975.03,695077.4,234468.95,150573.04,171530.39,1251649.77,3118019.03,1821325.26,-1296693.77
015,2025-11,163,296,763074639.14,438530788.02,2620,118868304.75,472,3301507.47,704695.17,2596812.3,193862.82,2790675.11,1437613.3,715833.29,359967.49,471084.0,2984498.08,1613197.27,-193822.97,-1807020.24
016,2025-11,143,250,478470412.14,307050794.91,2747,194853540.03,240,2550863.89,92888.77,2457975.12,130673.51,2588648.63,703819.16,242876.22,134468.45,189542.39,1270706.23,1011209.46,1317942.4,306732.94
017,2025-11,259,461,958698084.14,1051176092.88,4873,431151823.02,1355,9438133.1,241412.04,9196721.06,867385.9,10064106.96,3454307.15,1042983.9,1224354.69,711753.0,6433398.74,29518.04,3630708.22,3601190.18
018,2025-11,209,369,822145955.9,416965253.61,4273,811040403.65,475,3414822.57,159622.43,3255200.14,408301.92,3663502.06,643875.45,249772.17,173461.72,155908.2,1223017.54,-5800131.15,2440484.52,8240615.66
019,2025-11,244,433,1015838726.73,727558009.46,3876,657244179.32,1084,6042732.8,608641.4,5434091.4,648027.89,6082119.29,1420916.34,639881.06,498174.97,376216.68,2935189.04,3299518.7,3146930.24,-152588.46
020,2025-11,173,335,686563446.6,601418205.14,3574,201415626.83,655,4820993.87,206246.7,4614747.16,381081.14,4995828.3,1774111.12,595885.2,449382.98,368483.96,3187863.27,667839.85,1807965.03,1140125.18
021,2025-11,122,230,711929621.5,594838016.4,2333,173176208.66,363,4986447.84,123064.19,4863383.65,156054.46,5019438.11,1815611.35,562599.35,309124.68,366450.55,3053785.92,1422015.71,1965652.19,543636.48
022,2025-11,153,275,604587325.24,469923049.14,2938,250002706.43,470,3499649.12,206539.28,3293109.84,213219.35,3506329.2,1895077.37,552202.49,392876.73,443602.26,3283758.85,2307891.53,222570.34,-2085321.18
023,2025-11,189,330,975073230.44,575710718.94,3255,395160243.31,684,4733732.2,262869.12,4470863.08,352470.35,4823333.42,1363654.85,521996.21,363091.75,378982.84,2627725.64,4950945.57,2195607.78,-2755337.79
024,2025-11,153,260,553940729.63,414357863.04,2665,144615571.8,484,3757590.29,86856.43,3670733.86,208187.89,3878921.75,1770019.05,571787.9,361833.5,443869.94,3147510.4,3268543.95,731411.36,-2537132.59
025,2025-11,200,365,963403281.94,488413484.94,3636,244616766.78,855,4185274.86,421811.47,3763463.39,410281.57,4173744.95,692954.32,287942.03,202623.09,152533.48,1336052.92,1380416.19,2837692.04,1457275.85
026,2025-11,201,333,914637768.56,661290957.12,3288,574068942.94,836,6341008.93,253920.37,6087088.56,371942.78,6459031.34,657571.43,319916.56,196330.96,162846.15,1336665.1,-6198216.05,5122366.24,11320582.28
027,2025-11,158,260,805874180.12,417326663.28,2923,297382582.39,487,3274438.81,259866.98,3014571.83,263317.92,3277889.75,1705639.81,492130.51,340882.14,357601.93,2896254.39,2353967.35,381635.36,-1972331.99
028,2025-11,125,215,550123828.97,541267520.1,2137,86703002.08,441,4396712.9,111057.64,4285655.26,234609.7,4520264.96,707514.89,296463.38,143267.34,220466.27,1367711.88,-2149938.2,3152553.08,5302491.28
029,2025-11,128,202,403071532.56,310366626.1,1984,70077421.77,422,3069167.34,122656.81,2946510.53,97434.06,3043944.6,1816989.36,565058.46,297055.29,382890.47,3061993.58,-1692031.14,-18048.99,1673982.16
030,2025-11,121,205,437037472.15,420502652.02,2090,169522757.74,414,3674381.98,191684.08,3482697.9,175744.01,3658441.91,1897863.58,610795.38,331001.59,450224.64,3289885.2,3313127.0,368556.71,-2944570.29
031,2025-11,110,191,438272765.95,313439316.67,1810,82465700.42,423,2882000.59,138729.29,2743271.3,111489.77,2854761.07,1817015.63,571590.55,298519.02,432471.12,3119596.33,82253.42,-264835.25,-347088.68
032,2025-11,115,214,723984278.35,284996871.96,2027,215589566.94,484,3060553.8,158913.73,2901640.07,171923.67,3073563.74,1870235.7,540169.46,320304.98,455325.9,3186036.04,1915630.17,-112472.3,-2028102.47
033,2025-11,101,179,374706199.38,341749627.8,1864,77559382.37,386,3012536.64,110247.56,2902289.07,83616.9,2985905.97,1319005.55,452921.58,210654.93,297676.84,2280258.91,63162.62,705647.06,642484.45
034,2025-11,90,163,352302150.98,443437232.17,1777,61445932.09,474,3739881.37,67738.56,3672142.81,103251.65,3775394.47,1832434.94,487118.26,284589.11,444484.8,3048627.11,1716056.84,726767.36,-989289.48
035,2025-11,79,140,239965037.88,354105247.59,1345,228940261.96,336,2975359.47,57738.46,2917621.01,63593.59,2981214.6,1693233.44,522129.53,209518.44,355949.35,2780830.76,1302508.89,200383.84,-1102125.05
036,2025-11,87,140,252423657.2,211127844.32,1303,52922206.23,231,1791043.21,80279.04,1710764.17,91291.44,1802055.61,855665.71,310128.01,101291.73,187942.72,1455028.18,637293.92,347027.43,-290266.49
037,2025-11,154,234,594459568.84,352099825.04,2341,191951986.63,776,3070357.01,128612.88,2941744.14,220998.79,3162742.92,679751.81,270106.59,151450.89,159893.68,1261202.98,-1648915.43,1901539.94,3550455.37
001,2025-12,182,343,882599159.08,696180026.95,3705,1480717314.43,814,5383361.75,237683.49,5145678.25,324613.18,5470291.43,3435320.97,865888.95,924563.57,890487.27,6116260.76,2436965.2,-645969.33,-3082934.53
002,2025-12,179,326,649744739.48,356391275.83,3391,180097810.85,291,3000867.21,184761.72,2816105.49,205590.52,3021696.0,690306.95,266200.59,159063.11,169732.03,1285302.68,-41287.7,1736393.33,1777681.02
003,2025-12,179,302,574841781.78,449845198.94,3581,261332707.33,498,4264015.89,125183.91,4138831.98,255558.52,4394390.5,1810475.77,486066.87,412530.78,379359.17,3088432.59,-397024.82,1305957.9,1702982.72
004,2025-12,171,327,736404602.02,440155427.98,3599,585432074.45,285,3215492.49,121839.94,3093652.55,180291.53,3273944.08,704225.46,272752.63,167689.22,163647.5,1308314.82,2860024.03,1965629.26,-894394.77
005,2025-12,191,348,1645641386.67,649538243.87,3452,320584665.68,792,5170105.24,1391011.28,3779093.96,294798.49,4073892.45,3215049.11,813693.86,776942.82,597149.36,5402835.16,2317000.63,-1328942.71,-3645943.35
006,2025-12,175,300,774804723.34,285951212.68,3240,341761909.89,258,2741134.98,255720.79,2485414.2,178374.13,2663788.33,748323.08,227411.03,153783.65,162361.59,1291879.35,741916.05,1371908.98,629992.94
007,2025-12,169,296,702711458.14,438116381.02,4099,663070128.04,288,2733627.59,129305.35,2604322.24,232895.15,2837217.38,689632.37,263989.72,178880.33,196358.98,1328861.39,4071692.14,1508355.99,-2563336.15
008,2025-12,151,288,933215382.62,463448117.73,3165,172705434.32,484,3208330.16,324369.01,2883961.15,237079.48,3121040.63,1925122.47,513401.92,420826.18,482829.28,3342179.85,3978193.23,-221139.21,-4199332.44
009,2025-12,156,278,1165199646.7,378585540.04,3067,218340971.8,310,2632709.96,2215203.91,417506.05,159487.6,576993.65,704925.15,247972.81,141841.29,167157.33,1261896.58,-1689590.01,-684902.92,1004687.09
010,2025-12,142,280,735323217.36,408236245.34,2956,219261259.58,250,3723597.98,1563808.37,2159789.61,212698.0,2372487.61,658619.16,263701.21,131087.46,152263.46,1205671.28,-1040426.54,1166816.32,2207242.87
011,2025-12,148,279,685716254.14,443829264.39,2964,90715613.79,254,3321021.31,399209.01,2921812.29,154116.43,3075928.72,667982.65,265704.35,140252.78,180300.97,1254240.75,5049409.29,1821687.98,-3227721.32
012,2025-12,171,282,664400915.38,483306443.26,3076,253144172.63,472,3538496.49,246596.61,3291899.88,199785.17,3491685.05,1664219.79,526333.61,354341.5,334805.93,2879700.83,-285961.93,611984.22,897946.15
013,2025-12,201,316,929007954.84,526556000.09,3507,221288836.17,778,4364129.09,352572.59,4011556.49,269268.04,4280824.53,3313341.4,1040290.85,862493.95,654039.39,5870165.6,2765916.76,-1589341.07,-4355257.83
014,2025-12,174,322,591753786.29,353999132.18,3875,190625370.61,326,2701305.48,125832.62,2575472.87,199677.04,2775149.91,698325.42,235213.77,167030.73,172267.19,1272837.11,4153665.45,1502312.8,-2651352.65
015,2025-12,167,298,783977075.44,438879016.27,3116,244333427.52,519,3237097.64,710549.83,2526547.81,213400.88,2739948.69,1444331.12,718107.22,398580.97,473051.02,3034070.33,1079175.22,-294121.64,-1373296.86
016,2025-12,140,249,481677231.18,316327846.53,3170,257208546.15,256,2688459.09,93748.25,2594710.84,153880.07,2748590.91,707108.04,243647.75,146842.82,190355.34,1287953.94,-302950.6,1460636.97,1763587.56
017,2025-12,249,463,980044812.85,1090732657.74,5108,541112511.82,1527,9584866.32,243257.44,9341608.88,894870.92,10236479.79,3470448.77,1046297.06,1298573.69,714831.96,6530151.49,5542750.41,3706328.31,-1836422.11
018,2025-12,207,368,876917177.64,420288047.52,4425,815476376.04,515,3280159.86,165271.86,3114888.0,406284.59,3521172.59,646884.21,250565.6,179657.34,156571.54,1233678.69,2539686.0,2287493.9,-252192.1
019,2025-12,244,429,1047446126.06,719697719.51,4288,842990652.73,1197,6313832.37,615915.54,5697916.84,646511.1,6344427.94,1427556.14,641913.72,534452.88,377799.91,2981722.64,-4346903.79,3362705.3,7709609.09
020,2025-12,176,337,709480825.9,621888761.22,3899,241608809.08,723,4809331.1,210155.29,4599175.81,405024.85,5004200.66,1782401.36,597778.1,480171.82,370067.23,3230418.5,3691622.0,1773782.16,-1917839.84
021,2025-12,127,229,695729387.99,606479806.2,2632,192127167.64,462,5205360.84,122893.75,5082467.08,157339.79,5239806.88,1824095.52,564386.51,344262.44,368033.22,3100777.69,-1208940.1,2139029.19,3347969.29
022,2025-12,150,274,649141631.48,467597252.31,3113,305842106.13,508,3978164.22,212734.55,3765429.66,209568.3,3974997.96,1903932.87,553956.63,411866.43,445525.4,3315281.33,-6184905.21,659716.63,6844621.85
023,2025-12,187,331,952279803.1,570176988.28,3516,396490620.73,704,4812280.76,263853.07,4548427.69,349515.83,4897943.52,1370027.07,523654.39,379473.81,380596.81,2653752.08,-2858578.81,2244191.44,5102770.25
024,2025-12,152,261,574901280.65,429208012.49,2894,264922666.54,512,3773013.1,90216.57,3682796.53,216858.95,3899655.48,1778290.16,573604.26,382129.95,445781.94,3179806.31,1786489.23,719849.17,-1066640.06
025,2025-12,200,365,949914701.17,490732844.33,4038,214962049.3,948,4150100.63,421470.86,3728629.76,401342.52,4129972.29,696192.42,288856.71,218521.98,153179.25,1356750.37,1165977.52,2773221.92,1607244.4
026,2025-12,197,333,822948231.86,661445758.04,4256,689020282.51,903,6203468.92,244450.94,5959017.98,427387.96,6386405.94,660644.19,320932.82,224400.14,163527.37,1369504.51,1355617.63,5016901.43,3661283.8
027,2025-12,154,261,813473860.42,432794562.71,2881,181454669.67,568,3568461.98,262176.3,3306285.68,245557.43,3551843.11,1713610.09,493693.82,352624.52,359153.15,2919081.58,493962.7,632761.53,138798.83
028,2025-12,126,219,530814200.35,543729443.22,2428,196310286.98,507,4322685.28,109274.8,4213410.48,230927.5,4444337.98,710821.04,297405.13,157473.61,221399.07,1387098.86,1553506.4,3057239.12,1503732.72
029,2025-12,132,207,412704269.3,299333962.89,2275,66941848.93,415,2920269.38,124935.96,2795333.42,103485.01,2898818.43,1825479.96,566853.44,315751.72,384543.78,3092628.9,12275.72,-193810.47,-206086.19
030,2025-12,122,208,448022267.64,425189739.72,2487,228546943.61,485,3919152.61,191793.32,3727359.29,173473.21,3900832.5,1906732.1,612735.65,372151.68,452164.48,3343783.9,-2729067.16,557048.59,3286115.75
031,2025-12,115,195,426839220.88,315286646.36,2055,87708808.04,428,2752141.12,137511.06,2614630.06,119910.37,2734540.42,1825506.36,573406.28,317912.29,434337.16,3151162.08,1760395.17,-416621.66,-2177016.83
032,2025-12,117,218,764748659.34,311766420.21,2532,353075124.72,515,3396603.04,169947.14,3226655.9,217889.77,3444545.67,1878975.12,541885.37,359400.23,457300.92,3237561.64,586380.3,206984.03,-379396.27
033,2025-12,100,182,373010819.2,368486493.84,2170,147952921.17,410,3412287.22,109992.75,3302294.47,99790.21,3402084.68,1325169.13,454360.34,229788.03,298954.01,2308271.51,-1533870.87,1093813.17,2627684.04
034,2025-12,93,166,359611172.07,439893034.63,1842,74421428.48,511,3751980.51,68525.4,3683455.11,104088.83,3787543.95,1840997.72,488665.65,296866.05,446422.16,3072951.58,-371716.96,714592.37,1086309.33
035,2025-12,84,143,289945559.98,351572576.22,1768,207215223.99,427,2861525.89,67297.49,2794228.4,74941.54,2869169.94,1701145.75,523788.13,250552.21,357487.13,2832973.23,1490737.3,36196.71,-1454540.59
036,2025-12,90,144,254772628.06,212082091.59,1558,51527204.45,246,1697447.56,79803.28,1617644.28,96633.3,1714277.58,859664.15,311113.17,112149.85,188746.15,1471673.32,1346803.61,242604.26,-1104199.35
037,2025-12,149,233,591506402.68,352037902.64,2545,174453424.67,877,2831721.38,103842.21,2727879.17,218330.36,2946209.53,682928.22,270964.62,163196.24,160572.82,1277661.9,3170736.41,1668547.63,-1502188.78
001,2026-01,184,340,897240354.84,702358185.3,3244,1738200382.88,739,5203958.8,231418.96,4972539.84,341295.58,5313835.42,3329990.2,808641.33,778213.52,716465.95,5633311.0,5022975.97,-319475.58,-5342451.55
002,2026-01,183,328,657847254.74,404412783.11,3179,151928942.26,298,3411324.92,179548.11,3231776.81,197068.77,3428845.58,689206.36,263733.65,152645.1,163907.83,1269492.95,1559063.33,2159352.63,600289.3
003,2026-01,183,305,611436819.77,457460887.36,3527,197085147.96,450,4190688.32,125382.38,4065305.94,251289.71,4316595.65,1855852.03,507621.19,427352.07,431721.28,3222546.58,2346928.42,1094049.07,-1252879.35
004,2026-01,169,330,726155674.12,482121813.18,3584,425680320.59,264,3506995.83,114179.7,3392816.12,194527.16,3587343.29,729461.63,290865.94,181727.81,199132.13,1401187.51,1875415.63,2186155.78,310740.14
005,2026-01,189,343,1700670386.4,652715896.48,3064,247713501.44,692,5141192.26,1374113.49,3767078.77,289230.17,4056308.94,3244248.89,823486.74,727265.76,616342.96,5411344.36,-182764.52,-1355035.41,-1172270.89
006,2026-01,173,299,791846260.52,301811326.53,2980,253887790.28,256,2733037.06,248789.68,2484247.38,191626.08,2675873.45,773989.68,241794.29,159852.52,195482.03,1371118.52,2444365.2,1304754.94,-1139610.26
007,2026-01,173,300,849385237.1,482296754.76,3589,712361040.12,251,3260641.71,143730.63,3116911.09,188064.33,3304975.42,708142.98,276653.47,174935.91,226183.57,1385915.93,-1657444.32,1919059.49,3576503.81
008,2026-01,150,287,985351132.74,462753764.07,2622,210613094.28,456,3418175.95,323208.97,3094966.98,242400.19,3337367.18,2010571.54,556573.2,426291.39,617086.79,3610522.93,-2927222.21,-273155.75,2654066.46
009,2026-01,157,280,1185495100.62,389657873.34,2720,225826170.63,233,2645982.86,2127400.96,518581.9,160559.13,679141.04,711906.29,251365.8,131042.69,173440.57,1267755.35,1520060.66,-588614.31,-2108674.97
010,2026-01,149,286,756877917.9,403170988.83,2658,211553782.78,259,3566552.82,1501602.54,2064950.28,206431.13,2271381.41,681346.62,280493.03,136421.68,183826.81,1282088.13,954970.81,989293.28,34322.46
011,2026-01,147,281,697839833.34,451790070.87,2833,98734292.87,215,3274881.83,384932.55,2889949.28,164507.06,3054456.34,667399.58,263622.59,133044.34,174897.68,1238964.19,2988627.77,1815492.15,-1173135.62
012,2026-01,171,284,664003712.72,485744996.18,2624,184075478.74,403,3341292.35,234846.97,3106445.37,189124.75,3295570.13,1686113.58,536977.21,328911.98,354405.76,2906408.53,2716242.92,389161.6,-2327081.32
013,2026-01,206,320,905604597.08,555141292.65,2923,222607872.44,725,4556761.32,340220.74,4216540.58,270700.78,4487241.36,3343618.02,1052926.81,801794.58,675366.58,5873706.0,2325973.61,-1386464.64,-3712438.25
014,2026-01,175,321,611863652.86,357406862.84,3313,156182634.3,277,2624005.91,123750.56,2500255.35,187494.56,2687749.91,679304.75,221217.16,138350.17,141423.59,1180295.67,584384.79,1507454.24,923069.45
015,2026-01,169,304,865054562.23,452402922.84,2789,272318586.65,446,3224622.3,692588.67,2532033.64,215101.23,2747134.87,1451775.06,721102.31,371572.85,476525.15,3020975.37,1830380.7,-273840.51,-2104221.21
016,2026-01,139,249,492823047.81,307184100.79,2910,383419976.64,225,2536452.56,92208.65,2444243.91,158296.79,2602540.7,695993.49,234608.46,131006.07,168182.42,1229790.43,253768.64,1372750.26,1118981.63
017,2026-01,252,466,986311618.81,1085207945.18,4367,387398112.4,1313,9330945.88,235059.03,9095886.85,879528.56,9975415.41,3536570.22,1079917.97,1223515.0,784507.0,6624510.19,1500109.42,3350905.22,1850795.8
018,2026-01,208,369,904508684.74,420755907.79,4111,815102943.9,443,3594807.05,162610.92,3432196.13,427398.39,3859594.52,655023.05,255343.01,173612.43,165193.3,1249171.79,-4224382.16,2610422.73,6834804.89
019,2026-01,243,434,1061263066.41,725871880.24,3859,330150655.44,1055,6142929.9,590670.1,5552259.8,666109.12,6218368.92,1427849.94,638260.35,491957.83,368915.29,2926983.41,1273213.35,3291385.51,2018172.16
020,2026-01,182,343,743468955.63,603359848.94,3731,210054981.52,612,4655216.84,207481.4,4447735.45,401008.21,4848743.66,1780644.84,592960.91,449798.95,358807.95,3182212.66,-932923.94,1666531.0,2599454.94
021,2026-01,123,231,670009415.7,616514598.62,2201,367014610.78,429,4779974.37,115528.33,4664446.04,173616.17,4838062.21,1836541.19,568624.13,316649.84,374626.94,3096442.11,8661856.23,1741620.1,-6920236.14
022,2026-01,151,275,692980848.08,467434825.26,2721,173832292.28,443,3918563.12,208640.28,3709922.84,200550.63,3910473.46,1938898.13,570985.33,393298.65,486859.92,3390042.03,972383.48,520431.44,-451952.05
023,2026-01,191,337,896606321.75,583167734.78,2905,455665301.46,692,4751390.24,250588.97,4500801.28,362597.57,4863398.84,1383279.65,530577.58,356293.17,394362.39,2664512.78,2518638.12,2198886.06,-319752.06
024,2026-01,152,262,586743335.53,424373468.7,2641,224579531.34,478,3905247.51,88760.84,3816486.68,237734.86,4054221.53,1825613.76,600851.82,385225.56,512429.0,3324120.14,-3711835.68,730101.39,4441937.07
025,2026-01,195,371,967013243.18,454946960.5,3812,271935104.15,890,4149349.34,405970.11,3743379.23,416328.85,4159708.08,722779.54,309441.13,231230.77,189156.35,1452607.79,-6636881.33,2707100.29,9343981.62
026,2026-01,198,337,775324082.77,701559236.51,3721,602644926.91,838,5791322.63,228937.04,5562385.6,416612.18,5978997.78,660001.95,318355.08,205528.92,158480.18,1342366.13,11300285.95,4636631.64,-6663654.31
027,2026-01,155,261,835415986.12,440214451.18,2597,233574560.48,505,3464698.73,253897.08,3210801.65,269635.63,3480437.28,1788162.0,534305.76,365841.2,456840.96,3145149.91,2653793.44,335287.36,-2318506.08
028,2026-01,124,221,503153465.12,552017383.7,2209,189125343.24,443,4344184.37,100280.0,4243904.37,279043.78,4522948.15,693637.59,281472.28,136124.74,185121.43,1296356.04,1246866.01,3226592.11,1979726.1
029,2026-01,131,206,425241941.62,319758802.18,2136,111302307.34,402,3157452.23,122055.87,3035396.36,117573.41,3152969.77,1811235.91,554637.4,296014.74,357296.58,3019184.62,-146491.07,133785.15,280276.22
030,2026-01,126,210,463725645.86,419295188.96,2213,188524638.91,460,3915965.57,186961.9,3729003.67,194750.54,3923754.2,1963426.95,645751.99,375950.39,529712.7,3514842.03,-1038234.69,408912.17,1447146.86
031,2026-01,121,198,437300623.5,314634768.82,1933,96342073.79,411,2560489.9,133632.34,2426857.55,125471.18,2552328.73,1790356.02,548172.21,289210.8,375369.49,3003108.52,1956716.21,-450779.79,-2407496.0
032,2026-01,119,219,802381785.92,336310376.88,2272,248520925.46,459,3603294.15,171839.52,3431454.63,201858.9,3633313.53,1864118.35,530096.33,324367.84,424698.96,3143281.48,660832.2,490032.04,-170800.16
033,2026-01,104,184,365962449.96,368755949.12,1825,137322742.3,348,3385271.62,106784.54,3278487.09,96458.4,3374945.49,1297366.85,432838.47,192132.95,255433.47,2177771.74,371165.51,1197173.75,826008.24
034,2026-01,97,170,378652071.66,466478082.49,1940,83081072.46,470,3965796.56,67882.64,3897913.93,120777.11,4018691.04,1860133.14,495833.47,302842.01,464514.36,3123322.97,2143935.95,895368.06,-1248567.88
035,2026-01,86,144,322791838.72,352251910.03,1585,298678453.85,370,2590017.57,68436.5,2521581.07,94047.01,2615628.08,1725930.36,535872.67,238321.7,381707.2,2881831.93,3872145.77,-266203.85,-4138349.62
036,2026-01,93,148,266393576.07,214471325.26,1391,66964048.4,217,1675057.04,77230.72,1597826.32,115563.13,1713389.45,861778.49,310738.11,104117.4,186973.69,1463607.69,990769.07,249781.77,-740987.3
037,2026-01,149,239,631527948.89,363425544.83,2376,188173413.7,751,2784570.99,111939.52,2672631.47,253994.78,2926626.25,694034.19,278142.05,157307.19,173328.51,1302811.95,2211730.07,1623814.3,-587915.77
001,2026-02,184,338,840434626.04,631171742.35,3553,1159849042.01,734,4662882.36,228733.3,4434149.07,332676.37,4766825.44,3329990.2,808641.33,805636.34,716465.95,5660733.82,-1098024.25,-893908.38,204115.87
002,2026-02,187,323,662480426.79,399615516.87,3168,185481950.38,265,3318196.72,179854.74,3138341.98,203599.73,3341941.71,689206.36,263733.65,149773.29,163907.83,1266621.14,-33931.21,2075320.58,2109251.78
003,2026-02,185,305,631765395.96,465620291.03,3624,447785964.91,470,4319688.87,127937.65,4191751.22,266146.11,4457897.34,1855852.03,507621.19,435315.13,431721.28,3230509.64,-667843.97,1227387.7,1895231.67
004,2026-02,172,335,730759570.26,494210359.55,3804,548023085.34,264,3406817.41,114964.03,3291853.37,218863.15,3510716.52,729461.63,290865.94,188112.34,199132.13,1407572.04,2998297.04,2103144.48,-895152.56
005,2026-02,192,340,1739070702.14,706271422.56,3029,374960647.6,691,6368234.19,1381732.76,4986501.43,301264.94,5287766.38,3244248.89,823486.74,722100.68,616342.96,5406179.27,-10092088.54,-118412.89,9973675.64
006,2026-02,174,299,800343801.26,298878071.7,3008,288697375.32,262,2664089.02,251094.18,2412994.83,175168.68,2588163.51,773989.68,241794.29,160993.68,195482.03,1372259.67,818516.03,1215903.84,397387.82
007,2026-02,176,308,949815686.21,482088846.1,3709,495730843.1,261,3235883.01,155562.55,3080320.46,202942.95,3283263.41,708142.98,276653.47,179348.35,226183.57,1390328.37,388447.65,1892935.04,1504487.39
008,2026-02,153,290,1037635280.24,452892004.98,2940,178266253.8,452,3565037.61,333933.86,3231103.75,237416.39,3468520.14,2010571.54,556573.2,448044.72,617086.79,3632276.26,-1864249.93,-163756.12,1700493.81
009,2026-02,163,284,1212991046.69,395821798.66,2825,197853178.08,243,2633883.12,2138988.22,494894.9,170668.95,665563.85,711906.29,251365.8,134538.56,173440.57,1271251.21,148440.63,-605687.37,-754128.0
010,2026-02,148,289,777471284.31,405318733.76,2868,247282661.2,255,3454846.2,1511162.61,1943683.6,216744.21,2160427.8,681346.62,280493.03,141567.33,183826.81,1287233.78,3258768.36,873194.02,-2385574.33
011,2026-02,143,279,716186265.41,451036225.46,2884,92886634.78,252,3172299.6,388715.61,2783583.99,169781.12,2953365.11,667399.58,263622.59,136508.07,174897.68,1242427.91,466738.41,1710937.2,1244198.79
012,2026-02,172,288,763123922.15,486155851.6,2873,586428686.92,458,3274138.96,225584.01,3048554.94,207821.17,3256376.11,1686113.58,536977.21,351230.96,354405.76,2928727.51,1155217.67,327648.6,-827569.07
013,2026-02,205,320,920147324.45,559562270.08,3296,244549741.56,734,4635011.49,345482.49,4289529.0,281797.35,4571326.36,3343618.02,1052926.81,843631.37,675366.58,5915542.79,275540.01,-1344216.44,-1619756.45
014,2026-02,183,327,619713861.59,341805803.02,3563,158614814.78,349,2630663.33,124836.39,2505826.94,191134.11,2696961.05,679304.75,221217.16,148162.87,141423.59,1190108.37,-436274.52,1506852.68,1943127.2
015,2026-02,171,304,896888831.54,435148799.56,2690,209179121.04,481,3367127.02,700455.33,2666671.7,218240.67,2884912.37,1451775.06,721102.31,370877.38,476525.15,3020279.9,-3576970.08,-135367.53,3441602.55
016,2026-02,145,252,502785592.14,308563234.82,2676,239704126.16,226,2674897.71,94503.2,2580394.52,142869.75,2723264.26,695993.49,234608.46,125454.3,168182.42,1224238.67,-521972.8,1499025.59,2020998.4
017,2026-02,248,462,1017735707.53,1030763332.42,4657,489804964.96,1453,8995543.76,238887.82,8756655.93,893506.36,9650162.29,3536570.22,1079917.97,1289313.14,784507.0,6690308.33,-1672146.3,2959853.96,4632000.26
018,2026-02,218,372,922494208.12,420204735.86,4232,856083687.81,486,3749981.47,167057.48,3582923.99,433834.04,4016758.03,655023.05,255343.01,178923.85,165193.3,1254483.21,849440.36,2762274.82,1912834.46
019,2026-02,241,434,1032836812.12,741733085.68,3859,377025623.15,1130,6555861.56,586739.99,5969121.57,663935.42,6633056.99,1427849.94,638260.35,502017.03,368915.29,2937042.61,-2729013.6,3696014.38,6425027.98
020,2026-02,185,345,746720681.3,595694058.51,3503,190651168.5,645,4478664.27,209069.44,4269594.83,398209.77,4667804.6,1780644.84,592960.91,441748.88,358807.95,3174162.58,1245281.14,1493642.02,248360.88
021,2026-02,124,234,633603313.05,592729418.73,2268,260004064.48,461,4540671.98,112003.01,4428668.96,161947.91,4590616.87,1836541.19,568624.13,326578.32,374626.94,3106370.59,1606076.09,1484246.28,-121829.81
022,2026-02,150,273,687153051.18,464547931.69,3024,309615657.42,517,3739255.32,207882.78,3531372.54,253471.23,3784843.77,1938898.13,570985.33,425087.14,486859.92,3421830.52,2618940.25,363013.26,-2255927.0
023,2026-02,196,341,937748038.68,602413265.46,3187,556425241.21,625,4725566.2,258107.54,4467458.65,361058.31,4828516.96,1383279.65,530577.58,361776.8,394362.39,2669996.41,5137712.01,2158520.55,-2979191.46
024,2026-02,152,258,570387731.61,421992464.68,2662,169420031.04,507,4046866.9,87591.23,3959275.67,244395.17,4203670.84,1825613.76,600851.82,390629.09,512429.0,3329523.67,-719291.1,874147.17,1593438.26
025,2026-02,197,376,992068920.19,456791163.67,4181,317807969.08,914,4043869.71,388674.03,3655195.68,413460.95,4068656.63,722779.54,309441.13,242338.64,189156.35,1463715.66,2435162.24,2604940.96,169778.72
026,2026-02,201,340,780514944.12,692275690.15,4065,442330581.25,910,5970885.72,230521.43,5740364.29,434782.14,6175146.43,660001.95,318355.08,218035.12,158480.18,1354872.33,-2890584.0,4820274.1,7710858.1
027,2026-02,159,267,867450349.3,442746268.34,3013,336320521.17,503,3406894.7,257813.2,3149081.5,275796.5,3424878.0,1788162.0,534305.76,391351.1,456840.96,3170659.82,1457751.2,254218.19,-1203533.01
028,2026-02,127,226,487069893.68,567032150.08,2370,157315486.21,468,5044729.96,97660.4,4947069.57,263526.22,5210595.79,693637.59,281472.28,142355.95,185121.43,1302587.25,-4609452.71,3908008.54,8517461.25
029,2026-02,132,209,452928939.73,339922719.22,2296,105572840.48,438,3401502.66,125652.74,3275849.92,118549.41,3394399.33,1811235.91,554637.4,312345.3,357296.58,3035515.18,-225324.86,358884.14,584209.0
030,2026-02,125,214,459697211.31,459871165.87,2270,297745320.96,414,4339685.76,188946.77,4150738.99,221345.49,4372084.47,1963426.95,645751.99,372297.31,529712.7,3511188.95,1727465.67,860895.52,-866570.15
031,2026-02,120,203,445513176.59,310621076.98,2122,111611184.61,425,2425775.86,135429.09,2290346.78,137793.75,2428140.53,1790356.02,548172.21,303980.89,375369.49,3017878.61,2695354.29,-589738.08,-3285092.37
032,2026-02,126,227,837223257.55,310236327.08,2361,251018961.28,467,3209748.53,181211.92,3028536.61,208617.46,3237154.07,1864118.35,530096.33,332018.13,424698.96,3150931.77,72874.91,86222.3,13347.4
033,2026-02,104,187,356988663.52,364644241.7,1947,109523869.38,402,3193605.69,106955.54,3086650.15,90932.78,3177582.94,1297366.85,432838.47,204499.32,255433.47,2190138.11,2175401.11,987444.83,-1187956.28
034,2026-02,97,173,391199793.8,461654110.36,1845,94805998.1,503,3839852.32,69804.56,3770047.76,114700.07,3884747.83,1860133.14,495833.47,302701.26,464514.36,3123182.23,1869383.33,761565.6,-1107817.73
035,2026-02,92,146,353727182.98,361522025.66,1662,187060686.35,410,2667364.03,72142.94,2595221.09,85863.24,2681084.34,1725930.36,535872.67,249989.76,381707.2,2893499.98,628255.78,-212415.65,-840671.43
036,2026-02,93,152,275248745.5,218597587.0,1495,60893202.09,225,1674911.0,79782.76,1595128.24,115459.11,1710587.35,861778.49,310738.11,108707.42,186973.69,1468197.7,996715.32,242389.65,-754325.67
037,2026-02,157,244,680758213.34,333778900.46,2534,187122922.22,733,2612971.43,126360.9,2486610.53,252198.26,2738808.79,694034.19,278142.05,160282.63,173328.51,1305787.38,-1381251.91,1433021.4,2814273.32
001,2026-03,184,340,854493008.24,664150509.71,3261,1380383560.93,757,4854285.25,232178.97,4622106.27,317450.35,4939556.62,3329990.2,808641.33,783423.59,716465.95,5638521.07,3775266.01,-698964.45,-4474230.46
002,2026-03,186,328,683377369.33,404989475.02,3380,206990648.26,305,3300640.03,181574.37,3119065.66,205185.54,3324251.2,689206.36,263733.65,158033.82,163907.83,1274881.67,798349.44,2049369.53,1251020.09
003,2026-03,184,305,648274962.66,472690563.34,3228,153744796.8,410,4463215.38,130569.93,4332645.45,238040.74,4570686.19,1855852.03,507621.19,402297.54,431721.28,3197492.05,182362.09,1373194.15,1190832.05
004,2026-03,171,338,772314489.88,481501663.2,3731,1047235013.05,267,3444113.29,119384.78,3324728.51,218257.42,3542985.93,729461.63,290865.94,186408.73,199132.13,1405868.43,-831888.26,2137117.49,2969005.75
005,2026-03,204,346,1763462648.2,730398904.24,2935,199901348.44,759,6127980.8,1387587.97,4740392.83,289881.93,5030274.76,3244248.89,823486.74,731414.37,616342.96,5415492.96,7660278.66,-385218.2,-8045496.86
006,2026-03,167,300,813233449.75,295400853.81,2987,214851941.98,222,2627153.26,236348.86,2390804.4,173190.83,2563995.23,773989.68,241794.29,157324.83,195482.03,1368590.83,1047453.5,1195404.4,147950.9
007,2026-03,180,309,814836034.58,473608022.76,3972,1076591770.97,241,3499313.96,136018.05,3363295.91,217073.35,3580369.26,708142.98,276653.47,185009.38,226183.57,1395989.4,-7639682.82,2184379.86,9824062.68
008,2026-03,155,291,1036023249.65,466664767.42,2759,204795577.92,452,3599487.85,331409.46,3268078.39,237207.52,3505285.91,2010571.54,556573.2,435381.22,617086.79,3619612.76,1328356.8,-114326.85,-1442683.66
009,2026-03,165,285,1203650894.5,392932972.09,2821,331499722.48,232,2694514.83,2147397.0,547117.84,171177.92,718295.76,711906.29,251365.8,133551.07,173440.57,1270263.72,1176630.3,-551967.96,-1728598.26
010,2026-03,156,291,807715190.91,399350737.2,2748,247460520.74,264,3577018.45,1522374.34,2054644.12,207848.04,2262492.16,681346.62,280493.03,139317.12,183826.81,1284983.57,293755.78,977508.59,683752.81
011,2026-03,150,280,728228801.66,435664978.76,3102,107638762.0,250,3012845.22,391880.69,2620964.52,175219.14,2796183.66,667399.58,263622.59,141640.33,174897.68,1247560.18,912500.91,1548623.49,636122.58
012,2026-03,173,285,850923060.54,539361278.01,2901,378881624.0,441,3948756.09,217434.51,3731321.59,239396.28,3970717.87,1686113.58,536977.21,350123.15,354405.76,2927619.7,1391881.5,1043098.17,-348783.33
013,2026-03,204,323,930389000.94,573590652.67,3134,139325891.9,772,4990592.79,361221.27,4629371.51,264801.75,4894173.26,3343618.02,1052926.81,838828.9,675366.58,5910740.31,-2015200.24,-1016567.06,998633.18
014,2026-03,181,327,624807282.44,342012828.92,3500,157596165.22,277,2645855.14,125242.48,2520612.66,190910.36,2711523.02,679304.75,221217.16,142500.61,141423.59,1184446.11,144121.76,1527076.91,1382955.15
015,2026-03,174,307,883326926.28,438516321.88,2734,311786326.96,509,3281713.3,703729.15,2577984.14,234788.65,2812772.79,1451775.06,721102.31,377811.4,476525.15,3027213.92,3740194.32,-214441.13,-3954635.45
016,2026-03,148,255,534619487.92,303947506.85,2913,236076045.77,236,2523577.2,99296.87,2424280.33,139848.29,2564128.62,695993.49,234608.46,132050.29,168182.42,1230834.66,1606257.48,1333293.96,-272963.52
017,2026-03,250,463,1058371704.52,1060163973.79,4738,688829254.83,1408,9306035.63,241098.75,9064936.88,907835.03,9972771.9,3536570.22,1079917.97,1284860.15,784507.0,6685855.35,2121706.9,3286916.56,1165209.65
018,2026-03,218,376,983396735.17,445137090.34,4080,620080718.33,462,4250524.3,175611.36,4074912.95,438873.35,4513786.29,655023.05,255343.01,174486.57,165193.3,1250045.93,-2151050.36,3263740.36,5414790.72
019,2026-03,250,438,1044950787.44,714919405.53,3873,452571805.44,1102,6388180.64,591019.87,5797160.77,681060.47,6478221.24,1427849.94,638260.35,499203.58,368915.29,2934229.15,-1920651.08,3543992.08,5464643.17
020,2026-03,187,347,761615879.65,567957431.14,3716,285000117.91,678,4300368.95,210311.69,4090057.26,414572.26,4504629.52,1780644.84,592960.91,457939.45,358807.95,3190353.15,3005391.01,1314276.36,-1691114.65
021,2026-03,126,236,634866162.5,581107066.4,2498,258534996.54,462,4294291.27,112898.74,4181392.53,176199.3,4357591.83,1836541.19,568624.13,341047.63,374626.94,3120839.9,362678.25,1236751.94,874073.69
022,2026-03,148,273,665733837.94,478119541.23,2705,189094384.02,516,3706338.91,205594.92,3500744.0,214991.12,3715735.12,1938898.13,570985.33,404391.58,486859.92,3401134.96,3129588.5,314600.16,-2814988.34
023,2026-03,203,342,1091461863.91,607806975.28,3508,663266876.08,730,5108536.33,274795.26,4833741.07,367345.22,5201086.29,1383279.65,530577.58,391049.52,394362.39,2699269.14,-3234218.91,2501817.15,5736036.07
024,2026-03,155,262,571862823.36,418641410.67,2681,189921793.78,497,4110424.31,87479.87,4022944.43,233570.11,4256514.54,1825613.76,600851.82,390416.72,512429.0,3329311.3,290446.86,927203.24,636756.38
025,2026-03,200,378,1041799774.48,460574412.03,3878,430524622.94,820,4021161.86,374837.32,3646324.54,425872.47,4072197.01,722779.54,309441.13,228578.85,189156.35,1449955.87,1477434.77,2622241.15,1144806.38
026,2026-03,202,344,765389932.06,691238122.98,3861,521454887.96,879,4925552.04,230074.09,4695477.95,453268.06,5148746.01,660001.95,318355.08,211695.55,158480.18,1348532.76,13394245.24,3800213.25,-9594031.99
027,2026-03,158,267,919804336.68,444410683.9,2968,341204381.95,514,3478139.65,263754.72,3214384.93,285399.44,3499784.37,1788162.0,534305.76,389991.47,456840.96,3169300.19,191451.57,330484.18,139032.61
028,2026-03,132,228,505104009.16,561880168.5,2497,227584931.72,493,5139600.82,99842.49,5039758.33,286290.41,5326048.74,693637.59,281472.28,147536.1,185121.43,1307767.4,-2424495.25,4018281.33,6442776.59
029,2026-03,137,213,476033966.0,341939301.08,2241,109763510.34,416,3272481.15,128404.88,3144076.27,126843.07,3270919.34,1811235.91,554637.4,305902.83,357296.58,3029072.71,1934485.62,241846.62,-1692639.0
030,2026-03,124,216,569904455.99,431235368.31,2385,603283722.62,462,4268651.57,199616.87,4069034.7,220434.22,4289468.92,1963426.95,645751.99,389671.68,529712.7,3528563.32,-1262954.66,760905.6,2023860.26
031,2026-03,115,202,456913364.64,305959421.47,1984,131807428.82,381,2405936.06,138102.2,2267833.86,138904.7,2406738.56,1790356.02,548172.21,287154.83,375369.49,3001052.55,-368954.0,-594313.99,-225360.0
032,2026-03,129,231,845965202.24,309225487.33,2444,224153557.96,506,3301999.88,185317.75,3116682.13,201394.91,3318077.03,1864118.35,530096.33,344171.55,424698.96,3163085.19,-878163.64,154991.85,1033155.49
033,2026-03,102,189,346853348.82,375493427.13,2163,152665239.52,387,3401266.91,104119.21,3297147.71,100090.01,3397237.72,1297366.85,432838.47,212486.14,255433.47,2198124.93,-776244.51,1199112.79,1975357.3
034,2026-03,96,172,399983721.33,443935586.28,2020,123542884.46,478,3854728.44,71030.77,3783697.67,123607.91,3907305.58,1860133.14,495833.47,309825.31,464514.36,3130306.27,-3236001.71,776999.31,4013001.01
035,2026-03,94,146,381884344.89,359508142.86,1399,102697710.25,409,2575759.58,74972.09,2500787.49,72700.97,2573488.46,1725930.36,535872.67,233535.31,381707.2,2877045.54,825520.49,-303557.07,-1129077.57
036,2026-03,96,159,277395013.28,214531138.8,1577,45464826.39,212,1619117.68,82058.39,1537059.28,117803.36,1654862.64,861778.49,310738.11,110848.06,186973.69,1470338.35,69423.08,184524.3,115101.22
037,2026-03,164,253,715345166.92,338543455.02,2492,166610017.18,786,2995997.01,131646.96,2864350.05,252381.71,3116731.76,694034.19,278142.05,163024.5,173328.51,1308529.26,-2275468.41,1808202.51,4083670.92
001,2026-04,179,341,1290492578.54,684258727.84,3366,2582180955.55,678,5286444.4,270791.31,5015653.09,339461.12,5355114.2,3329990.2,808641.33,772871.49,716465.95,5627968.97,-2184524.77,-272854.77,1911670.0
002,2026-04,185,327,699102354.27,409138088.93,3234,210181427.95,284,3512156.44,183386.83,3328769.61,208045.19,3536814.8,689206.36,263733.65,153001.06,163907.83,1269848.91,-2003054.05,2266965.89,4270019.94
003,2026-04,189,307,667845012.19,477140531.22,3534,265300528.11,466,4468305.65,135618.88,4332686.76,276270.3,4608957.06,1855852.03,507621.19,428976.94,431721.28,3224171.45,587548.36,1384785.61,797237.25
004,2026-04,175,341,843052938.12,463090837.05,3538,514709141.62,292,3494971.29,125751.3,3369219.99,195892.18,3565112.18,729461.63,290865.94,182933.4,199132.13,1402393.09,-1957456.24,2162719.08,4120175.32
005,2026-04,210,346,1764390410.24,722626994.78,3171,345882693.84,705,6219876.66,1390944.7,4828931.96,312989.76,5141921.72,3244248.89,823486.74,739342.41,616342.96,5423421.01,3810030.6,-281499.29,-4091529.88
006,2026-04,177,305,818197528.12,288377575.44,3142,227147822.15,222,2500590.08,220451.93,2280138.15,172249.29,2452387.45,773989.68,241794.29,161861.63,195482.03,1373127.62,837436.9,1079259.83,241822.93
007,2026-04,178,306,763313618.56,459005393.37,3785,955524656.98,269,3345773.28,125877.28,3219896.0,210018.37,3429914.37,708142.98,276653.47,181505.93,226183.57,1392485.96,2586248.65,2037428.42,-548820.23
008,2026-04,155,289,1013820332.88,462536724.72,2838,143917999.33,454,3393239.87,324677.23,3068562.64,240765.34,3309327.98,2010571.54,556573.2,439465.99,617086.79,3623697.53,1667164.5,-314369.55,-1981534.04
009,2026-04,165,290,1176968937.8,390268300.73,3058,290753108.45,252,2624856.75,2155526.62,469330.13,185564.48,654894.61,711906.29,251365.8,141068.19,173440.57,1277780.85,693724.25,-622886.24,-1316610.49
010,2026-04,163,293,831472608.1,409642944.68,2824,139800843.86,266,3764903.73,1532912.55,2231991.18,209359.65,2441350.83,681346.62,280493.03,141625.96,183826.81,1287292.41,-767957.51,1154058.42,1922015.93
011,2026-04,155,280,736177701.0,407393212.72,2750,85612630.06,260,3093754.4,388690.7,2705063.7,166863.59,2871927.29,667399.58,263622.59,133456.93,174897.68,1239376.77,-3371562.08,1632550.52,5004112.59
012,2026-04,169,286,830536618.77,495460450.2,3029,662432853.86,444,3804061.54,218726.31,3585335.23,221984.2,3807319.43,1686113.58,536977.21,357209.03,354405.76,2934705.58,-2428868.31,872613.85,3301482.16
013,2026-04,205,325,955525188.31,565535630.67,3121,194890463.18,766,4855618.35,395452.42,4460165.93,279382.87,4739548.8,3343618.02,1052926.81,835822.35,675366.58,5907733.77,66638.01,-1168184.97,-1234822.98
014,2026-04,181,325,633350419.92,356666709.88,3388,196590075.2,289,2672608.93,126384.37,2546224.56,199587.42,2745811.97,679304.75,221217.16,140678.91,141423.59,1182624.41,2375791.39,1563187.56,-812603.83
015,2026-04,177,305,888174802.12,449243824.88,2907,209377375.8,491,3576683.45,707523.31,2869160.15,211987.49,3081147.63,1451775.06,721102.31,384553.63,476525.15,3033956.15,-2160128.85,47191.48,2207320.32
016,2026-04,151,258,569761340.11,307952207.85,3033,249965207.99,199,2384412.35,106219.71,2278192.64,148341.85,2426534.49,695993.49,234608.46,132586.33,168182.42,1231370.7,3600515.15,1195163.79,-2405351.36
017,2026-04,247,465,1093739956.41,1050734921.82,4739,389567692.38,1438,9438336.12,245110.1,9193226.03,900529.24,10093755.27,3536570.22,1079917.97,1291917.7,784507.0,6692912.89,-1594904.86,3400842.38,4995747.23
018,2026-04,221,378,1026828766.84,449291895.27,4419,701602754.9,475,4243777.79,180121.2,4063656.59,416050.85,4479707.44,655023.05,255343.01,182663.43,165193.3,1258222.79,138206.46,3221484.65,3083278.19
019,2026-04,250,441,1110599263.06,768082702.14,4074,465504961.53,1184,6722105.84,601972.72,6120133.12,685024.17,6805157.28,1427849.94,638260.35,519705.56,368915.29,2954731.13,3488665.68,3850426.15,361760.47
020,2026-04,188,349,772413963.89,556881672.82,3476,213148894.55,686,4281918.96,212332.64,4069586.32,416124.93,4485711.25,1780644.84,592960.91,445760.28,358807.95,3178173.98,-515184.31,1307537.27,1822721.58
021,2026-04,129,240,647548829.24,557522401.54,2389,254900301.76,436,3883336.77,115177.66,3768159.12,181065.2,3949224.32,1836541.19,568624.13,330693.14,374626.94,3110485.41,2073112.28,838738.91,-1234373.37
022,2026-04,150,274,665071681.4,485023219.38,2901,164799138.2,493,3790980.49,206382.87,3584597.62,205292.48,3789890.1,1938898.13,570985.33,412951.2,486859.92,3409694.58,-157784.23,380195.52,537979.75
023,2026-04,207,347,1051019920.26,606613757.9,3625,572656794.38,702,4846608.94,272400.09,4574208.85,381520.87,4955729.72,1383279.65,530577.58,393296.57,394362.39,2701516.19,3112250.86,2254213.53,-858037.33
024,2026-04,160,267,570750404.69,401051721.08,2802,205550589.28,510,4009590.84,87054.58,3922536.26,240332.7,4162868.96,1825613.76,600851.82,400472.96,512429.0,3339367.55,-924667.42,823501.41,1748168.84
025,2026-04,202,384,1056663883.18,459378283.49,4072,293499103.5,859,4100338.31,377571.83,3722766.48,413132.96,4135899.44,722779.54,309441.13,236513.02,189156.35,1457890.04,522180.63,2678009.4,2155828.77
026,2026-04,205,350,752236476.44,703365096.82,3975,678922733.62,847,5150720.47,229618.2,4921102.28,436738.11,5357840.38,660001.95,318355.08,212845.71,158480.18,1349682.92,3218993.8,4008157.47,789163.67
027,2026-04,159,269,944312652.88,441060925.31,3017,230365183.26,513,3675696.37,267734.46,3407961.92,265933.04,3673894.96,1788162.0,534305.76,392910.44,456840.96,3172219.15,-2421124.34,501675.8,2922800.14
028,2026-04,145,234,510740457.43,556407743.07,2661,336210286.28,478,4963117.78,100287.44,4862830.34,298251.63,5161081.97,693637.59,281472.28,150884.84,185121.43,1311116.13,2942930.71,3849965.84,907035.13
029,2026-04,135,214,490708027.23,340249208.6,2243,113523378.16,453,3052922.59,130780.22,2922142.37,120761.95,3042904.32,1811235.91,554637.4,311595.87,357296.58,3034765.76,2247756.17,8138.56,-2239617.62
030,2026-04,125,215,660203473.09,447479424.11,2347,306192705.91,412,4319176.17,207316.89,4111859.28,204422.18,4316281.46,1963426.95,645751.99,376887.25,529712.7,3515778.89,2333573.86,800502.57,-1533071.3
031,2026-04,120,204,514557237.44,309992298.4,2049,168219532.78,405,2366700.24,146405.65,2220294.59,128240.66,2348535.25,1790356.02,548172.21,295515.55,375369.49,3009413.27,1466646.18,-660878.02,-2127524.2
032,2026-04,132,232,845493004.63,325597894.18,2358,143503336.1,519,3446574.83,186569.7,3260005.13,207680.41,3467685.54,1864118.35,530096.33,340878.8,424698.96,3159792.44,1061027.3,307893.1,-753134.2
033,2026-04,103,189,353996044.25,385535956.48,2168,110649891.98,411,3683796.64,105467.69,3578328.95,94808.59,3673137.54,1297366.85,432838.47,215451.62,255433.47,2201090.41,-1671120.69,1472047.13,3143167.82
034,2026-04,96,173,409794946.07,442679846.55,1773,83038202.98,408,3633623.49,72801.19,3560822.31,112331.0,3673153.31,1860133.14,495833.47,281393.67,464514.36,3101874.63,3247263.47,571278.68,-2675984.79
035,2026-04,96,150,377865565.95,352450988.48,1738,90579280.44,397,2727536.57,74339.41,2653197.16,77051.02,2730248.18,1725930.36,535872.67,252920.11,381707.2,2896430.33,-3669963.92,-166182.16,3503781.77
036,2026-04,99,166,283923101.92,202310481.04,1600,64640356.96,227,1594441.98,86055.89,1508386.09,119153.51,1627539.6,861778.49,310738.11,113436.95,186973.69,1472927.23,-167264.24,154612.37,321876.61
037,2026-04,164,254,739701206.87,366417237.92,2479,179350994.68,822,3601629.87,134393.96,3467235.91,247134.92,3714370.84,694034.19,278142.05,164835.85,173328.51,1310340.6,-2733534.91,2404030.23,5137565.15
001,2026-05,184,342,1679283066.84,680275103.4,3427,921922873.64,747,5305406.0,305578.19,4999827.81,315838.32,5315666.13,3329990.2,808641.33,796350.99,716465.95,5651448.47,-368536.45,-335782.34,32754.11
002,2026-05,179,325,698907117.28,410752972.52,3566,221160954.08,281,3474098.01,184275.7,3289822.32,218570.55,3508392.86,689206.36,263733.65,160681.42,163907.83,1277529.27,1190387.37,2230863.59,1040476.22
003,2026-05,194,307,656584051.89,475417309.44,3430,281857794.18,435,4446445.83,136509.97,4309935.86,257686.54,4567622.41,1855852.03,507621.19,417571.33,431721.28,3212765.84,743652.92,1354856.57,611203.65
004,2026-05,176,340,927221326.71,442517890.11,3708,321577955.6,273,3210087.73,134936.65,3075151.08,222570.47,3297721.55,729461.63,290865.94,185846.7,199132.13,1405306.4,2252800.89,1892415.15,-360385.74
005,2026-05,209,350,1298083204.53,670591910.35,3395,1263650939.06,723,5151458.63,787750.2,4363708.43,325014.6,4688723.04,3244248.89,823486.74,764551.1,616342.96,5448629.69,11560267.08,-759906.66,-12320173.74
006,2026-05,177,308,826599536.88,302785661.88,3136,315629709.67,258,2492838.15,223085.5,2269752.66,184246.88,2453999.53,773989.68,241794.29,164476.34,195482.03,1375742.34,2554118.82,1078257.2,-1475861.62
007,2026-05,178,307,804078440.69,441922132.72,3800,618811458.86,268,3166510.74,129546.3,3036964.44,215807.97,3252772.41,708142.98,276653.47,181787.47,226183.57,1392767.49,2329969.66,1860004.91,-469964.75
008,2026-05,160,293,963844527.35,464947376.94,2838,218965885.68,439,3359841.43,313691.09,3046150.34,238980.12,3285130.46,2010571.54,556573.2,437269.12,617086.79,3621500.65,945944.87,-336370.19,-1282315.06
009,2026-05,173,298,1181658796.78,379705177.32,2888,222587221.27,269,2585691.47,2167079.22,418612.25,176087.69,594699.94,711906.29,251365.8,138480.96,173440.57,1275193.62,-1266256.19,-680493.68,585762.5
010,2026-05,163,294,836216419.96,405791096.58,2893,122209869.75,241,3852508.46,1540982.81,2311525.65,202396.95,2513922.6,681346.62,280493.03,141541.21,183826.81,1287207.66,-312413.29,1226714.94,1539128.22
011,2026-05,157,281,751229658.86,400061596.44,2883,116166782.34,244,2941666.84,386842.09,2554824.75,166938.7,2721763.44,667399.58,263622.59,135396.18,174897.68,1241316.03,1558527.41,1480447.42,-78080.0
012,2026-05,171,291,768805492.3,494432420.32,2896,411982653.56,471,3688466.7,214532.34,3473934.36,211586.31,3685520.67,1686113.58,536977.21,353983.89,354405.76,2931480.44,2798715.23,754040.23,-2044675.0
013,2026-05,203,329,966556088.44,541343656.1,3176,163609689.7,786,4621506.32,403586.13,4217920.19,274631.69,4492551.88,3343618.02,1052926.81,846313.74,675366.58,5918225.16,1415894.68,-1425673.28,-2841567.96
014,2026-05,186,333,652466511.35,356736659.85,3672,197347933.18,321,2938389.98,129704.24,2808685.74,202731.43,3011417.18,679304.75,221217.16,148971.35,141423.59,1190916.84,-2562608.38,1820500.33,4383108.71
015,2026-05,177,304,900561362.46,446195926.85,3092,513084042.38,528,3640822.18,711849.78,2928972.4,254086.13,3183058.54,1451775.06,721102.31,400893.34,476525.15,3050295.86,-1994175.55,132762.68,2126938.22
016,2026-05,154,262,622769685.1,291087609.36,2947,250305657.96,251,2197190.15,115894.05,2081296.1,141738.18,2223034.27,695993.49,234608.46,134030.3,168182.42,1232814.67,1157061.1,990219.61,-166841.49
017,2026-05,247,465,1086190101.23,1051194056.06,4721,816894703.96,1483,9394479.66,244990.75,9149488.91,917838.21,10067327.13,3536570.22,1079917.97,1300608.56,784507.0,6701603.76,3121381.17,3365723.37,244342.2
018,2026-05,219,377,1061521802.2,472263514.32,4368,754481311.0,465,4370537.15,183977.49,4186559.66,458159.51,4644719.17,655023.05,255343.01,181064.74,165193.3,1256624.1,2607624.55,3388095.07,780470.52
019,2026-05,254,439,1149297860.84,757327003.6,4206,482842335.08,1120,6812390.55,606940.03,6205450.52,706281.16,6911731.68,1427849.94,638260.35,517136.5,368915.29,2952162.08,-3145441.77,3959569.6,7105011.37
020,2026-05,189,349,761220932.72,544832146.18,3647,321007078.98,601,4173750.73,212704.93,3961045.81,418855.48,4379901.29,1780644.84,592960.91,441837.52,358807.95,3174251.22,883132.54,1205650.07,322517.53
021,2026-05,131,242,662885668.88,580309595.76,2316,371243207.41,442,4152732.02,117176.51,4035555.51,180129.57,4215685.08,1836541.19,568624.13,327305.86,374626.94,3107098.12,138791.94,1108586.96,969795.02
022,2026-05,144,275,666754623.38,451470667.2,3002,171913508.48,520,3989365.61,207438.51,3781927.1,212542.98,3994470.08,1938898.13,570985.33,424155.8,486859.92,3420899.18,-5161820.27,573570.9,5735391.17
023,2026-05,213,351,957588311.93,601551285.93,3600,634934844.58,712,4841306.37,267547.07,4573759.3,382718.17,4956477.47,1383279.65,530577.58,393548.27,394362.39,2701767.88,547525.95,2254709.59,1707183.64
024,2026-05,169,275,588206908.87,421339395.04,3069,385997102.02,531,4293717.62,88705.35,4205012.27,272946.41,4477958.68,1825613.76,600851.82,421647.8,512429.0,3360542.39,-193898.04,1117416.29,1311314.33
025,2026-05,202,386,1092048486.11,427110098.63,4129,520805588.79,886,3998351.7,382869.89,3615481.8,424757.07,4040238.87,722779.54,309441.13,239878.07,189156.35,1461255.09,2072943.65,2578983.78,506040.13
026,2026-05,209,353,774762958.08,693038704.71,3937,478434471.6,872,5062119.49,233215.37,4828904.11,417378.96,5246283.08,660001.95,318355.08,213652.08,158480.18,1350489.29,-592875.54,3895793.79,4488669.33
027,2026-05,163,275,940112116.57,466865400.98,2819,283471416.82,527,3867052.62,269054.52,3597998.09,267514.9,3865512.99,1788162.0,534305.76,383980.37,456840.96,3163289.08,2034228.53,702223.91,-1332004.62
028,2026-05,145,239,499663942.04,538389183.88,2720,229682170.86,483,4422877.3,98602.7,4324274.59,275493.58,4599768.17,693637.59,281472.28,152941.48,185121.43,1313172.78,4439945.12,3286595.4,-1153349.72
029,2026-05,140,216,528642555.76,368360307.5,2152,112070770.32,411,3168235.17,137234.56,3031000.62,119592.42,3150593.03,1811235.91,554637.4,299546.45,357296.58,3022716.34,2844947.21,127876.69,-2717070.51
030,2026-05,125,218,621178572.61,427110348.36,2182,389866388.04,467,3956869.26,202694.03,3754175.23,213107.48,3967282.71,1963426.95,645751.99,376612.59,529712.7,3515504.23,2233171.95,451778.48,-1781393.47
031,2026-05,120,201,537447528.98,303291576.59,1938,86668595.64,459,2240396.64,149550.69,2090845.94,129141.48,2219987.42,1790356.02,548172.21,296923.88,375369.49,3010821.6,1532812.32,-790834.18,-2323646.5
032,2026-05,129,235,861517704.42,347385359.96,2563,300085578.84,504,3730760.45,191302.55,3539457.9,217408.71,3756866.6,1864118.35,530096.33,351169.18,424698.96,3170082.82,-445180.29,586783.78,1031964.07
033,2026-05,103,190,345172366.14,391887936.52,2078,141426419.33,386,3702317.72,103913.35,3598404.37,106043.78,3704448.15,1297366.85,432838.47,208705.84,255433.47,2194344.63,318534.23,1510103.52,1191569.29
034,2026-05,102,176,431594573.85,468898222.37,1890,100073725.82,487,3863729.41,76354.65,3787374.76,114790.39,3902165.16,1860133.14,495833.47,303131.35,464514.36,3123612.32,1847173.54,778552.84,-1068620.7
035,2026-05,95,152,351976720.22,350159887.52,1761,204428656.7,378,2722972.91,71850.04,2651122.87,83443.93,2734566.8,1725930.36,535872.67,251349.73,381707.2,2894859.95,295969.71,-160293.15,-456262.86
036,2026-05,97,167,286163130.89,193953618.91,1775,62324998.06,234,1560031.2,89052.02,1470979.18,120558.49,1591537.67,861778.49,310738.11,119974.28,186973.69,1479464.56,442857.04,112073.11,-330783.93
037,2026-05,161,258,752700147.46,366833631.53,2551,235988014.62,830,3596127.19,134610.53,3461516.66,253893.78,3715410.44,694034.19,278142.05,167483.36,173328.51,1312988.12,347619.38,2402422.32,2054802.94
001,2026-06,188,343,1493894451.76,672860722.96,3393,720061670.46,794,5081205.43,291809.77,4789395.66,310991.59,5100387.25,3329990.2,808641.33,803290.1,716465.95,5658387.58,1721016.76,-558000.33,-2279017.09
002,2026-06,186,330,725529829.9,411571613.2,3279,214889724.64,273,3248377.64,187005.82,3061371.82,200877.57,3262249.39,689206.36,263733.65,153426.57,163907.83,1270274.42,7270926.69,1991974.97,-5278951.72
003,2026-06,194,312,661972005.98,460469362.43,3645,241623040.06,472,4299059.76,137726.17,4161333.59,280618.84,4441952.43,1855852.03,507621.19,436311.74,431721.28,3231506.24,1358687.38,1210446.19,-148241.19
004,2026-06,176,340,882582535.4,423644212.57,3732,542140985.67,275,3143481.74,129292.6,3014189.14,197958.57,3212147.71,729461.63,290865.94,186243.24,199132.13,1405702.93,484738.75,1806444.77,1321706.02
005,2026-06,208,352,872082182.06,671594549.26,3064,355248184.74,692,4625065.81,188031.39,4437034.42,300313.18,4737347.59,3244248.89,823486.74,724068.77,616342.96,5408147.36,7840848.63,-670799.77,-8511648.4
006,2026-06,174,312,826634129.64,312081683.02,3618,360386541.1,272,2631038.56,224187.25,2406851.31,203413.53,2610264.83,773989.68,241794.29,178770.69,195482.03,1390036.69,-1992734.38,1220228.15,3212962.52
007,2026-06,174,303,783870965.71,424616189.36,3991,481261270.32,298,3048842.73,126995.58,2921847.14,207016.94,3128864.09,708142.98,276653.47,188758.2,226183.57,1399738.23,-1634698.2,1729125.86,3363824.06
008,2026-06,160,296,911414281.79,454347671.1,2951,163913037.95,503,3196599.0,303361.84,2893237.17,237598.02,3130835.18,2010571.54,556573.2,457135.16,617086.79,3641366.7,1157548.67,-510531.52,-1668080.18
009,2026-06,177,303,1207533153.63,384283242.04,2995,177018371.42,250,3074979.45,2181270.56,893708.89,165508.41,1059217.29,711906.29,251365.8,140133.16,173440.57,1276845.82,-6014344.54,-217628.53,5796716.01
010,2026-06,165,295,843155761.77,402252189.71,3086,171221761.14,257,3750734.9,1549174.29,2201560.6,223144.5,2424705.1,681346.62,280493.03,147628.15,183826.81,1293294.6,2502799.82,1131410.5,-1371389.32
011,2026-06,156,282,786094431.15,416366531.56,3126,131394152.23,269,3281841.52,393151.78,2888689.75,175040.75,3063730.5,667399.58,263622.59,142663.02,174897.68,1248582.87,-464933.81,1815147.63,2280081.43
012,2026-06,169,288,723880780.44,499840953.32,2894,205117571.8,483,4167381.4,204492.56,3962888.84,201946.23,4164835.08,1686113.58,536977.21,354978.06,354405.76,2932474.62,-2599080.56,1232360.46,3831441.02
013,2026-06,209,329,949667804.39,548256277.3,3444,170791625.74,773,4638007.15,401400.43,4236606.72,281672.9,4518279.62,3343618.02,1052926.81,870564.41,675366.58,5942475.82,522194.69,-1424196.2,-1946390.9
014,2026-06,190,335,672455094.48,360304608.24,3650,200135973.57,328,2869521.89,132703.38,2736818.51,211057.56,2947876.07,679304.75,221217.16,148988.07,141423.59,1190933.57,807451.4,1756942.5,949491.11
015,2026-06,178,306,898535608.17,436174984.9,3082,197996507.42,508,3520947.2,715489.49,2805457.71,218681.47,3024139.19,1451775.06,721102.31,397555.85,476525.15,3046958.37,1142605.71,-22819.18,-1165424.9
016,2026-06,151,265,660242291.98,262149581.76,3208,298712109.27,243,2075976.58,123011.45,1952965.14,160919.85,2113884.98,695993.49,234608.46,139762.06,168182.42,1238546.43,-2640915.18,875338.55,3516253.73
017,2026-06,254,465,1084524240.9,1051800287.02,4816,368537489.75,1460,9171523.62,245776.08,8925747.54,896667.45,9822415.0,3536570.22,1079917.97,1303024.85,784507.0,6704020.05,4264184.06,3118394.95,-1145789.11
018,2026-06,214,375,1070428179.17,459012225.6,3973,602536794.16,482,4404984.88,185510.99,4219473.89,421320.47,4640794.36,655023.05,255343.01,173286.8,165193.3,1248846.16,-1107432.07,3391948.2,4499380.27
019,2026-06,261,448,1111162614.77,757203768.32,4212,631431964.35,1167,6791066.41,603734.83,6187331.58,694591.92,6881923.49,1427849.94,638260.35,523851.63,368915.29,2958877.21,-251474.1,3923046.29,4174520.38
020,2026-06,190,354,794835485.22,538970980.34,3703,233057890.94,710,4335584.81,217374.26,4118210.55,403789.39,4521999.94,1780644.84,592960.91,461382.89,358807.95,3193796.59,-3967339.2,1328203.35,5295542.55
021,2026-06,134,244,686321442.96,595173651.97,2535,281516874.8,432,4169754.83,119630.25,4050124.58,171524.37,4221648.96,1836541.19,568624.13,339228.21,374626.94,3119020.48,2085672.03,1102628.48,-983043.55
022,2026-06,147,280,668201258.41,452658385.56,2967,329099228.97,498,4123342.64,208577.28,3914765.35,244716.63,4159481.98,1938898.13,570985.33,418450.06,486859.92,3415193.44,1207672.01,744288.54,-463383.47
023,2026-06,215,351,906641206.61,607298172.96,3439,546380625.83,707,4642652.63,268053.7,4374598.93,371213.91,4745812.84,1383279.65,530577.58,385719.02,394362.39,2693938.63,3125655.5,2051874.21,-1073781.29
024,2026-06,171,280,599093770.19,421507038.72,3044,144122426.2,482,4292072.67,89546.36,4202526.32,239917.69,4442444.01,1825613.76,600851.82,412460.82,512429.0,3351355.4,-80181.79,1091088.61,1171270.39
025,2026-06,207,387,1151412371.7,449561587.34,3939,309599196.67,984,4185549.15,392682.21,3792866.94,417503.83,4210370.78,722779.54,309441.13,241900.66,189156.35,1463277.69,-441477.2,2747093.09,3188570.29
026,2026-06,212,357,798060648.84,701085781.5,4186,556766174.01,912,4896586.33,236364.33,4660222.0,432387.46,5092609.45,660001.95,318355.08,222243.54,158480.18,1359080.75,3608681.84,3733528.71,124846.87
027,2026-06,165,275,938140597.49,458248906.56,2904,219061837.91,510,3801504.28,270820.49,3530683.79,277439.32,3808123.1,1788162.0,534305.76,385884.31,456840.96,3165193.02,-129338.53,642930.09,772268.62
028,2026-06,146,242,515236022.54,553023213.4,2482,268451226.12,452,4630924.91,100171.65,4530753.26,260480.74,4791234.0,693637.59,281472.28,144862.9,185121.43,1305094.19,1144258.85,3486139.8,2341880.95
029,2026-06,139,219,551036492.67,369191780.72,2556,140482010.76,426,3393427.05,141000.4,3252426.65,127253.18,3379679.83,1811235.91,554637.4,326413.61,357296.58,3049583.49,-2909219.02,330096.34,3239315.36
030,2026-06,130,221,617474267.4,428758516.78,2263,176918482.98,490,4134467.01,203820.46,3930646.55,184019.46,4114666.01,1963426.95,645751.99,386794.08,529712.7,3525685.73,-1090409.69,588980.28,1679389.97
031,2026-06,129,208,550006064.55,309918009.11,2223,139647716.66,439,2191864.4,151245.99,2040618.41,130012.77,2170631.18,1790356.02,548172.21,312462.04,375369.49,3026359.76,1830844.07,-855728.58,-2686572.65
032,2026-06,133,240,879748564.43,344648120.36,2739,296294860.6,571,3539049.62,194764.75,3344284.87,225164.05,3569448.93,1864118.35,530096.33,373442.89,424698.96,3192356.53,2503757.96,377092.4,-2126665.56
033,2026-06,102,190,345882350.89,389023781.36,1923,127272223.74,357,3577742.49,104105.59,3473636.9,96777.8,3570414.71,1297366.85,432838.47,197983.87,255433.47,2183622.66,1192390.49,1386792.05,194401.56
034,2026-06,106,180,454391213.08,456821537.27,2080,132040138.24,501,3539335.62,79338.13,3459997.49,126822.3,3586819.78,1860133.14,495833.47,317864.14,464514.36,3138345.11,2209358.04,448474.68,-1760883.36
035,2026-06,92,156,349604037.67,369704310.78,1732,174189985.0,406,2791283.05,71266.97,2720016.09,81140.8,2801156.89,1725930.36,535872.67,254809.19,381707.2,2898319.42,3240231.15,-97162.53,-3337393.68
036,2026-06,99,167,288914502.38,178513078.8,1834,80979722.64,236,1467299.84,89763.18,1377536.66,121128.44,1498665.1,861778.49,310738.11,122034.73,186973.69,1481525.01,1542171.49,17140.09,-1525031.4
037,2026-06,166,261,763766182.89,366575542.88,2652,204266799.48,749,3390691.24,136429.56,3254261.68,265971.95,3520233.62,694034.19,278142.05,164803.39,173328.51,1310308.14,2897161.81,2209925.48,-687236.33
001,2026-07,182,342,1394737290.44,672874361.09,3603,869350605.06,736,4683146.69,284795.84,4398350.86,342871.9,4741222.75,3329990.2,808641.33,806577.26,716465.95,5661674.74,5643482.14,-920451.98,-6563934.12
002,2026-07,186,330,751509089.5,381645807.94,3298,175961557.34,235,3215530.51,189546.11,3025984.4,207016.08,3233000.48,689206.36,263733.65,151328.97,163907.83,1268176.82,-4536868.85,1964823.66,6501692.51
003,2026-07,193,309,681044668.82,473915185.06,3570,279020920.73,449,4233985.43,139721.72,4094263.71,262522.03,4356785.74,1855852.03,507621.19,427650.5,431721.28,3222845.01,4092046.76,1133940.74,-2958106.02
004,2026-07,181,341,840714485.56,429140969.34,3724,281729560.48,271,3195653.82,123879.44,3071774.38,193078.05,3264852.43,729461.63,290865.94,185764.27,199132.13,1405223.97,19061.54,1859628.46,1840566.92
005,2026-07,216,356,945300382.94,695058126.43,3088,316611829.5,780,4632753.47,197545.1,4435208.36,302289.76,4737498.12,3244248.89,823486.74,749916.78,616342.96,5433995.37,4486676.33,-696497.25,-5183173.59
006,2026-07,180,319,850294234.94,310104978.0,3478,405339125.74,265,2653971.81,226788.5,2427183.3,184838.19,2612021.49,773989.68,241794.29,174772.23,195482.03,1386038.22,285494.2,1225983.27,940489.08
007,2026-07,173,301,755153418.21,426502384.26,3612,517014804.22,301,2674648.24,122907.09,2551741.15,209341.95,2761083.1,708142.98,276653.47,178551.47,226183.57,1389531.49,8837790.64,1371551.6,-7466239.03
008,2026-07,159,298,921629271.76,438063009.6,3000,101645103.3,486,3161820.47,305197.17,2856623.3,235474.73,3092098.03,2010571.54,556573.2,457098.02,617086.79,3641329.55,-1401850.23,-549231.53,852618.7
009,2026-07,180,305,1222966597.97,387832341.12,2977,113941194.22,249,3118922.76,2193352.7,925570.07,165692.19,1091262.26,711906.29,251365.8,139756.76,173440.57,1276469.42,27965.28,-185207.16,-213172.43
010,2026-07,165,296,843819872.88,409876619.28,3039,153985767.66,270,3817618.69,1557511.94,2260106.75,202040.24,2462146.99,681346.62,280493.03,147398.16,183826.81,1293064.61,1657437.55,1169082.38,-488355.17
011,2026-07,157,282,827241225.12,427185023.82,2875,107781738.08,253,3261996.49,398822.11,2863174.38,164809.69,3027984.07,667399.58,263622.59,135390.14,174897.68,1241309.98,1943166.6,1786674.09,-156492.51
012,2026-07,169,287,783325954.52,503257436.76,3155,415468271.57,470,4227370.92,205267.3,4022103.62,221019.27,4243122.89,1686113.58,536977.21,366832.18,354405.76,2944328.73,1863019.28,1298794.16,-564225.12
013,2026-07,211,328,935991420.79,543945913.34,3239,159692374.29,761,4464506.27,400417.41,4064088.85,269210.78,4333299.63,3343618.02,1052926.81,844446.84,675366.58,5916358.26,7627452.47,-1583058.62,-9210511.09
014,2026-07,187,336,678053365.53,372555199.52,3607,170636247.59,336,2840846.09,133163.12,2707682.96,195505.95,2903188.91,679304.75,221217.16,148519.91,141423.59,1190465.41,2128712.02,1712723.5,-415988.51
015,2026-07,177,302,962415861.89,435336810.7,3002,487324074.48,522,3224194.92,724083.98,2500110.94,227150.24,2727261.18,1451775.06,721102.31,393523.34,476525.15,3042925.86,4118007.68,-315664.68,-4433672.36
016,2026-07,155,267,683327819.07,266095963.13,3030,283954494.48,249,2260753.44,127597.78,2133155.66,149791.98,2282947.64,695993.49,234608.46,135912.35,168182.42,1234696.72,770623.95,1048250.93,277626.97
017,2026-07,261,476,1071873565.12,1057519856.5,4805,386793765.92,1430,9140971.2,247348.14,8893623.06,897161.17,9790784.23,3536570.22,1079917.97,1295324.19,784507.0,6696319.39,1771643.27,3094464.84,1322821.58
018,2026-07,213,375,1096765610.98,462475254.64,4047,667681236.79,465,4286555.73,189411.47,4097144.26,430358.12,4527502.38,655023.05,255343.01,173892.05,165193.3,1249451.41,2019553.51,3278050.97,1258497.46
019,2026-07,258,447,1059009059.76,761342997.54,4189,546414107.58,1109,6477909.28,601477.56,5876431.73,699233.14,6575664.86,1427849.94,638260.35,515141.78,368915.29,2950167.35,4837971.84,3625497.51,-1212474.33
020,2026-07,193,355,844676757.34,550795076.34,3644,212396351.73,638,4097215.62,223454.09,3873761.52,419831.48,4293593.01,1780644.84,592960.91,447857.72,358807.95,3180271.43,5541138.38,1113321.58,-4427816.8
021,2026-07,136,245,691105870.01,536618208.68,2591,376461327.06,426,3886166.25,120235.14,3765931.11,181167.14,3947098.25,1836541.19,568624.13,341335.64,374626.94,3121127.91,-5586209.82,825970.34,6412180.16
022,2026-07,153,281,668043545.93,461200453.3,3098,317476673.21,459,4077187.38,209091.88,3868095.5,228833.34,4096928.84,1938898.13,570985.33,420362.81,486859.92,3417106.18,2524264.26,679822.66,-1844441.61
023,2026-07,217,353,856906469.21,604616134.98,3732,288066571.13,676,4191471.69,266532.37,3924939.32,379855.58,4304794.91,1383279.65,530577.58,395730.64,394362.39,2703950.25,8537068.63,1600844.66,-6936223.97
024,2026-07,173,281,592789608.87,420055812.36,2901,208348866.1,519,4097245.39,89925.94,4007319.45,238274.38,4245593.83,1825613.76,600851.82,409725.83,512429.0,3348620.42,3486893.11,896973.42,-2589919.7
025,2026-07,210,392,1182341644.9,456498945.78,4081,414147496.44,833,4188833.39,398109.67,3790723.72,434041.94,4224765.66,722779.54,309441.13,235281.05,189156.35,1456658.07,1473021.12,2768107.6,1295086.48
026,2026-07,215,360,798564356.26,669179057.0,3754,500629071.52,886,6268843.63,236667.41,6032176.22,433710.8,6465887.02,660001.95,318355.08,210357.87,158480.18,1347195.08,-21875239.27,5118691.94,26993931.21
027,2026-07,168,280,928557078.25,458006662.59,2869,277396733.48,532,3506665.92,270720.11,3235945.81,277789.81,3513735.62,1788162.0,534305.76,387980.03,456840.96,3167288.74,4350880.23,346446.88,-4004433.35
028,2026-07,146,244,548060713.14,565115643.26,2883,199979169.5,449,4776044.09,104413.97,4671630.12,276636.9,4948267.02,693637.59,281472.28,154992.26,185121.43,1315223.55,1960792.56,3633043.47,1672250.91
029,2026-07,139,219,550242817.94,365054067.06,2296,115347495.16,477,3186213.7,141151.17,3045062.53,129031.84,3174094.37,1811235.91,554637.4,318853.97,357296.58,3042023.86,3094816.09,132070.51,-2962745.58
030,2026-07,132,226,633617484.81,425493162.51,2589,308261566.76,433,3663737.59,207207.83,3456529.77,215397.63,3671927.39,1963426.95,645751.99,399639.73,529712.7,3538531.37,7301726.34,133396.03,-7168330.32
031,2026-07,126,209,545425349.14,328049005.04,2031,133037355.04,458,2220316.12,151095.27,2069220.86,148771.11,2217991.96,1790356.02,548172.21,303577.57,375369.49,3017475.29,2544828.25,-799483.33,-3344311.59
032,2026-07,135,243,900634157.19,354188309.42,2787,341021006.39,543,3644588.15,199716.78,3444871.37,210686.44,3655557.81,1864118.35,530096.33,372175.26,424698.96,3191088.9,37162.29,464468.91,427306.62
033,2026-07,105,193,358697150.18,361884576.16,2137,99373563.48,373,3414712.31,106530.22,3308182.09,93894.19,3402076.28,1297366.85,432838.47,209463.65,255433.47,2195102.45,-957474.23,1206973.84,2164448.07
034,2026-07,104,181,461036553.67,463262202.25,2188,145788899.88,487,3681064.46,80125.1,3600939.36,124052.87,3724992.22,1860133.14,495833.47,322072.43,464514.36,3142553.39,-959574.66,582438.83,1542013.49
035,2026-07,95,158,366940517.6,381566387.89,1721,146787295.18,414,2888700.6,72829.31,2815871.29,86684.72,2902556.01,1725930.36,535872.67,255502.43,381707.2,2899012.65,480748.37,3543.36,-477205.01
036,2026-07,102,170,291186055.38,178905849.26,1740,65946372.69,253,1475793.55,90311.45,1385482.1,119511.55,1504993.65,861778.49,310738.11,120627.61,186973.69,1480117.9,-19314.89,24875.76,44190.65
037,2026-07,167,261,779417108.3,342842741.7,2542,192352585.35,811,2988117.6,147780.43,2840337.17,252009.52,3092346.69,694034.19,278142.05,166083.44,173328.51,1311588.19,5022345.82,1780758.5,-3241587.32
001,2026-08,182,342,1333705314.09,671553229.84,3227,1029702985.27,711,4303046.46,279573.83,4023472.63,316790.95,4340263.58,3329990.2,808641.33,761967.46,716465.95,5617064.94,4976187.8,-1276801.35,-6252989.16
002,2026-08,189,333,770873189.02,367157462.02,3377,201188411.08,262,2843223.3,192272.02,2650951.29,210774.36,2861725.65,689206.36,263733.65,155115.66,163907.83,1271963.51,5013379.33,1589762.14,-3423617.19
003,2026-08,188,309,701308771.17,475114560.53,3470,292549162.67,441,4066405.61,141484.8,3924920.8,262006.78,4186927.59,1855852.03,507621.19,419382.44,431721.28,3214576.94,2450713.07,972350.64,-1478362.42
004,2026-08,185,344,861908168.22,394084065.84,3585,246816742.5,250,3071441.61,127316.66,2944124.95,178627.94,3122752.89,729461.63,290865.94,180444.5,199132.13,1399904.2,-780199.59,1722848.69,2503048.28
005,2026-08,211,349,961526992.67,663527865.84,3437,437015743.04,835,4277798.64,196773.33,4081025.31,340082.83,4421108.14,3244248.89,823486.74,793260.19,616342.96,5477338.78,4380501.17,-1056230.65,-5436731.82
006,2026-08,182,320,949058071.86,312618411.67,3430,457230381.84,231,2700243.79,238169.08,2462074.71,195880.34,2657955.05,773989.68,241794.29,170876.03,195482.03,1382142.02,95309.41,1275813.03,1180503.62
007,2026-08,172,303,715811255.66,429618480.83,3917,366899004.97,246,2662766.6,118235.34,2544531.26,216524.36,2761055.62,708142.98,276653.47,182842.88,226183.57,1393822.9,3138535.26,1367232.72,-1771302.54
008,2026-08,160,298,955805312.98,453033823.1,3018,190763953.72,473,3455592.05,311969.06,3143623.0,243527.53,3387150.53,2010571.54,556573.2,455394.62,617086.79,3639626.15,-231959.09,-252475.62,-20516.53
009,2026-08,181,306,1234934477.01,399866417.94,3138,290825543.4,266,2731164.1,2204111.93,527052.17,172325.23,699377.4,711906.29,251365.8,144652.51,173440.57,1281365.17,7280138.27,-581987.77,-7862126.04
010,2026-08,166,295,852800803.52,406464788.92,3016,202037014.68,285,3509915.43,1566508.56,1943406.87,208014.78,2151421.65,681346.62,280493.03,147845.68,183826.81,1293512.13,3592519.11,857909.52,-2734609.59
011,2026-08,157,285,833398061.48,424904605.65,2985,118910098.78,250,2942669.35,400097.93,2542571.42,172922.06,2715493.47,667399.58,263622.59,137858.32,174897.68,1243778.17,5412982.1,1471715.31,-3941266.8
012,2026-08,166,287,780348667.9,498334206.28,3043,426326189.34,462,4255908.54,206604.31,4049304.22,215696.86,4265001.08,1686113.58,536977.21,359419.34,354405.76,2936915.89,-1991664.7,1328085.19,3319749.9
013,2026-08,211,331,957735559.38,522919342.82,3181,193534424.02,772,4513719.78,393380.71,4120339.07,271810.19,4392149.26,3343618.02,1052926.81,840731.84,675366.58,5912643.26,-2915332.64,-1520494.0,1394838.63
014,2026-08,187,335,687946173.08,378387249.32,3651,212145059.79,312,2904286.93,135086.36,2769200.57,212326.2,2981526.77,679304.75,221217.16,147850.04,141423.59,1189795.54,556097.28,1791731.23,1235633.95
015,2026-08,179,304,1006599555.34,450848665.79,2928,213358340.74,528,3154275.42,730582.67,2423692.76,219167.51,2642860.27,1451775.06,721102.31,390628.61,476525.15,3040031.13,2517422.6,-397170.87,-2914593.47
016,2026-08,158,268,736587181.74,257832211.58,3019,331413061.32,213,2135489.75,135770.68,1999719.06,149069.47,2148788.53,695993.49,234608.46,133310.54,168182.42,1232094.91,749694.99,916693.62,166998.64
017,2026-08,272,484,1120897780.56,1064378900.67,4914,588238665.62,1433,8523664.48,255264.26,8268400.22,890311.87,9158712.08,3536570.22,1079917.97,1307963.14,784507.0,6708958.34,10599765.23,2449753.75,-8150011.48
018,2026-08,213,376,1100468707.64,461453029.52,4056,775780833.82,410,3951390.83,190506.6,3760884.23,437380.83,4198265.06,655023.05,255343.01,170734.47,165193.3,1246293.83,5282957.13,2951971.24,-2330985.9
019,2026-08,263,448,1105742183.27,764113525.34,4261,691902153.0,1172,5887738.28,619538.85,5268199.43,700524.1,5968723.53,1427849.94,638260.35,526475.65,368915.29,2961501.22,9375914.72,3007222.31,-6368692.41
020,2026-08,201,355,860094342.91,549757590.53,3598,260499673.53,675,4173930.88,222162.06,3951768.82,411068.95,4362837.77,1780644.84,592960.91,450029.7,358807.95,3182443.4,479581.79,1180394.37,700812.58
021,2026-08,138,248,696169404.46,541217024.73,2263,307720474.84,414,3615738.26,120623.04,3495115.21,163444.82,3658560.03,1836541.19,568624.13,318913.75,374626.94,3098706.02,4160665.93,559854.01,-3600811.92
022,2026-08,160,284,702467133.24,458355956.82,2940,241880061.06,497,4075009.79,213846.16,3861163.63,217248.92,4078412.55,1938898.13,570985.33,417029.33,486859.92,3413772.71,59139.52,664639.84,605500.32
023,2026-08,219,355,829236209.5,580836830.07,3402,216753821.47,682,3760359.64,265556.12,3494803.52,367047.5,3861851.02,1383279.65,530577.58,380938.01,394362.39,2689157.62,3807331.6,1172693.4,-2634638.2
024,2026-08,171,285,607644454.29,412844240.11,2912,368422545.76,521,4036698.0,92320.87,3944377.13,256088.31,4200465.44,1825613.76,600851.82,411156.88,512429.0,3350051.47,-163010.53,850413.97,1013424.5
025,2026-08,210,394,1184289656.31,446949174.71,3702,663993360.62,898,3954442.19,399145.4,3555296.79,446347.3,4001644.09,722779.54,309441.13,230206.37,189156.35,1451583.39,1714461.21,2550060.7,835599.49
026,2026-08,223,370,808138947.05,647052489.68,4118,570083460.53,878,5987733.28,236959.54,5750773.74,447346.3,6198120.04,660001.95,318355.08,218764.85,158480.18,1355602.06,2898615.93,4842517.98,1943902.05
027,2026-08,174,283,901377963.12,467871336.14,3081,217660999.88,576,3451455.39,268201.65,3183253.74,269354.22,3452607.96,1788162.0,534305.76,408680.54,456840.96,3187989.25,1547206.77,264618.7,-1282588.07
028,2026-08,143,250,559816275.28,570109729.83,2628,139137335.78,417,4632643.3,106442.62,4526200.69,265977.34,4792178.03,693637.59,281472.28,146639.68,185121.43,1306870.98,3927757.92,3485307.05,-442450.87
029,2026-08,141,218,532228860.72,361556543.48,2612,122985666.4,438,3045856.97,137729.53,2908127.43,131046.01,3039173.44,1811235.91,554637.4,331078.23,357296.58,3054248.11,1284765.51,-15074.67,-1299840.17
030,2026-08,128,227,635069104.08,425866390.88,2467,420755620.71,431,3427095.96,208084.72,3219011.23,216419.15,3435430.38,1963426.95,645751.99,390360.64,529712.7,3529252.28,3670547.49,-93821.9,-3764369.38
031,2026-08,126,210,555492849.62,325238119.18,2402,193315740.05,456,2050240.03,153285.41,1896954.61,154792.92,2051747.53,1790356.02,548172.21,326479.08,375369.49,3040376.81,3191521.61,-988629.28,-4180150.89
032,2026-08,139,244,917009033.71,379885138.46,2520,318138393.48,560,3958365.26,205695.2,3752670.06,211896.86,3964566.91,1864118.35,530096.33,358985.29,424698.96,3177898.93,123889.79,786667.98,662778.19
033,2026-08,105,193,360245701.78,357728198.06,2154,120067143.44,408,3213745.83,107958.69,3105787.14,103035.93,3208823.06,1297366.85,432838.47,213895.41,255433.47,2199534.2,4452061.16,1009288.87,-3442772.3
034,2026-08,104,181,462166680.51,464863942.72,1952,115752635.48,488,3606156.61,80031.92,3526124.7,125787.57,3651912.27,1860133.14,495833.47,307432.36,464514.36,3127913.33,2045247.05,523998.94,-1521248.11
035,2026-08,94,158,359902370.21,382547710.48,1686,149165821.85,383,2834379.95,72573.38,2761806.57,85691.67,2847498.24,1725930.36,535872.67,248329.37,381707.2,2891839.59,624492.22,-44341.35,-668833.57
036,2026-08,105,176,304494509.23,184320063.44,1908,103221913.24,233,1469837.9,93197.73,1376640.16,120232.7,1496872.87,861778.49,310738.11,124915.18,186973.69,1484405.47,1063925.4,12467.4,-1051458.0
037,2026-08,171,261,792062177.42,326713342.02,2585,155307698.25,816,2585946.82,158391.28,2427555.53,252734.11,2680289.64,694034.19,278142.05,167120.55,173328.51,1312625.3,7290040.33,1367664.34,-5922375.99
001,2026-09,183,340,1179891956.94,595074964.74,3357,349944032.58,736,3857833.9,265146.76,3592687.14,323456.26,3916143.41,3329990.2,808641.33,778907.06,716465.95,5634004.54,3037972.46,-1717861.14,-4755833.6
002,2026-09,192,335,798205465.34,360327390.53,3490,251410318.45,283,2484082.07,195549.6,2288532.47,207276.77,2495809.25,689206.36,263733.65,159142.24,163907.83,1275990.09,4099304.96,1219819.16,-2879485.8
003,2026-09,191,310,688328162.18,478903023.96,3258,203518221.33,460,3954120.7,140197.97,3813922.74,250842.56,4064765.3,1855852.03,507621.19,409439.92,431721.28,3204634.43,1914687.78,860130.87,-1054556.91
004,2026-09,184,345,911717821.34,392641679.8,3924,492237504.3,276,2773388.61,135510.11,2637878.5,199958.93,2837837.43,729461.63,290865.94,191432.8,199132.13,1410892.5,5414899.5,1426944.93,-3987954.57
005,2026-09,207,348,953854936.39,632985417.49,3189,335649883.6,709,4371124.4,193591.69,4177532.72,292970.81,4470503.53,3244248.89,823486.74,736558.92,616342.96,5420637.51,-1607259.74,-950133.98,657125.76
006,2026-09,187,325,1032633213.96,301946924.57,3467,327496610.12,251,2647025.13,247861.68,2399163.46,172784.09,2571947.55,773989.68,241794.29,173597.45,195482.03,1384863.44,2825511.49,1187084.11,-1638427.38
007,2026-09,174,309,756838863.96,419425360.88,3892,658597524.52,248,2508719.19,123887.97,2384831.22,215562.18,2600393.4,708142.98,276653.47,182587.72,226183.57,1393567.74,640102.11,1206825.65,566723.54
008,2026-09,166,301,949349783.56,444878564.1,2899,219399635.54,449,3151158.59,310323.71,2840834.89,243091.31,3083926.19,2010571.54,556573.2,442015.34,617086.79,3626246.88,3808754.6,-542320.69,-4351075.29
009,2026-09,181,303,1281778102.94,390310288.8,3315,307722923.58,247,2372899.97,2218365.58,154534.38,173052.71,327587.09,711906.29,251365.8,147217.63,173440.57,1283930.29,5496474.96,-956343.19,-6452818.15
010,2026-09,167,295,861932557.14,416394807.06,3024,179435287.23,257,3345328.66,1574919.86,1770408.8,206185.03,1976593.83,681346.62,280493.03,145998.99,183826.81,1291665.44,3677111.79,684928.39,-2992183.39
011,2026-09,158,288,801351530.91,424763470.69,3071,105986613.82,308,3139321.72,399693.92,2739627.8,172465.07,2912092.87,667399.58,263622.59,143983.49,174897.68,1249903.34,-2593732.91,1662189.53,4255922.44
012,2026-09,169,289,753273017.88,489710306.78,2843,238567666.96,462,4031074.04,203004.01,3828070.03,196923.96,4024993.99,1686113.58,536977.21,348187.48,354405.76,2925684.03,3531529.01,1099309.96,-2432219.06
013,2026-09,213,332,959743823.53,538088395.6,3300,236608516.76,836,4622599.82,381793.15,4240806.67,288200.8,4529007.47,3343618.02,1052926.81,870596.99,675366.58,5942508.41,1331444.63,-1413500.94,-2744945.57
014,2026-09,191,337,714092477.04,388746362.31,3722,217444753.7,337,2877614.15,139526.89,2738087.26,200760.42,2938847.68,679304.75,221217.16,150702.32,141423.59,1192647.82,1866382.43,1746199.86,-120182.56
015,2026-09,182,307,1009884797.33,450157010.26,3138,271594763.94,520,2738611.21,734090.05,2004521.17,216413.65,2220934.82,1451775.06,721102.31,401655.79,476525.15,3051058.31,5492878.15,-830123.49,-6323001.64
016,2026-09,157,269,768088863.14,229013799.1,3046,414337163.16,232,1763402.22,142097.1,1621305.12,165245.5,1786550.63,695993.49,234608.46,134991.68,168182.42,1233776.05,734829.93,552774.58,-182055.35
017,2026-09,269,484,1143365711.28,1039751614.62,4736,310102454.0,1361,8666546.57,258829.28,8407717.3,891436.53,9299153.83,3536570.22,1079917.97,1266911.09,784507.0,6667906.28,-4185609.82,2631247.54,6816857.36
018,2026-09,216,382,1075808560.13,485017489.05,4395,622055963.71,505,3874520.86,188465.71,3686055.15,422100.98,4108156.13,655023.05,255343.01,183951.92,165193.3,1259511.28,4106778.66,2848644.85,-1258133.81
019,2026-09,269,451,1177082366.67,756664432.0,4201,569803762.64,1139,5833826.42,639823.6,5194002.82,692984.4,5886987.22,1427849.94,638260.35,519815.56,368915.29,2954841.14,4077914.87,2932146.08,-1145768.79
020,2026-09,205,359,884562872.13,551267529.45,3753,182319747.26,647,4014980.54,217607.54,3797372.99,417360.57,4214733.56,1780644.84,592960.91,454342.64,358807.95,3186756.35,2023580.18,1027977.21,-995602.96
021,2026-09,135,250,710658928.05,530695369.46,2425,200094809.92,447,3337842.54,122543.68,3215298.86,164972.19,3380271.05,1836541.19,568624.13,333771.83,374626.94,3113564.09,2641476.95,266706.95,-2374770.0
022,2026-09,160,285,708606724.84,421061133.94,2968,175125066.28,469,3672823.76,215799.74,3457024.02,213438.18,3670462.2,1938898.13,570985.33,413831.16,486859.92,3410574.53,347751.26,259887.66,-87863.6
023,2026-09,224,356,804892464.43,579422904.45,3570,233331109.04,712,3473025.59,264810.42,3208215.17,366749.13,3574964.3,1383279.65,530577.58,392260.28,394362.39,2700479.89,4345776.02,874484.41,-3471291.61
024,2026-09,173,289,634650443.87,423563325.92,3061,273208540.27,522,3974666.25,95385.27,3879280.98,245447.67,4124728.65,1825613.76,600851.82,421398.83,512429.0,3360293.42,4095829.42,764435.23,-3331394.19
025,2026-09,217,400,1173647428.22,437389439.66,4360,468395443.25,865,3584309.54,399304.61,3185004.94,434147.96,3619152.9,722779.54,309441.13,244803.19,189156.35,1466180.21,6221413.01,2152972.69,-4068440.32
026,2026-09,221,371,852905590.8,633283050.25,3861,394844788.13,829,5805776.95,241916.29,5563860.66,415646.04,5979506.7,660001.95,318355.08,209559.85,158480.18,1346397.06,1237226.44,4633109.64,3395883.2
027,2026-09,176,289,892653077.1,452845661.42,3081,238808012.74,527,3208442.5,268116.12,2940326.37,263845.03,3204171.41,1788162.0,534305.76,400858.38,456840.96,3180167.09,3182920.94,24004.32,-3158916.63
028,2026-09,144,251,567403662.69,579660074.22,2558,164094802.49,494,4900941.42,111352.84,4789588.57,266074.61,5055663.18,693637.59,281472.28,149880.73,185121.43,1310112.03,-1114479.66,3745551.15,4860030.81
029,2026-09,143,221,525964806.58,348698864.21,2464,112903398.2,416,2712244.42,137345.67,2574898.75,125243.28,2700142.03,1811235.91,554637.4,318467.28,357296.58,3041637.17,3774174.34,-341495.14,-4115669.48
030,2026-09,128,227,629553088.99,424074829.56,2342,346101429.9,449,3314560.48,209777.32,3104783.16,204945.56,3309728.72,1963426.95,645751.99,384284.03,529712.7,3523175.67,2591980.33,-213446.94,-2805427.27
031,2026-09,127,211,573561929.84,331381181.28,2024,182136811.16,477,2077656.48,156375.64,1921280.85,143991.52,2065272.36,1790356.02,548172.21,306653.46,375369.49,3020551.18,717301.51,-955278.82,-1672580.33
032,2026-09,139,244,911867352.44,359358387.6,2813,270489793.28,516,3347632.42,206039.03,3141593.39,204705.44,3346298.83,1864118.35,530096.33,368901.77,424698.96,3187815.41,5238479.08,158483.42,-5079995.66
033,2026-09,110,196,361357264.43,369611964.39,2369,157301639.29,421,3158639.46,109610.3,3049029.16,105719.76,3154748.92,1297366.85,432838.47,225525.19,255433.47,2211163.98,3968732.24,943584.94,-3025147.3
034,2026-09,106,181,460772597.29,473999675.24,2009,133760850.6,491,3672142.57,78466.54,3593676.03,117982.9,3711658.93,1860133.14,495833.47,311278.52,464514.36,3131759.49,993549.66,579899.44,-413650.22
035,2026-09,96,164,346861233.68,381491157.11,1618,102506271.7,370,2602398.87,71607.23,2530791.63,80178.3,2610969.93,1725930.36,535872.67,242767.51,381707.2,2886277.73,3507156.86,-275307.8,-3782464.66
036,2026-09,106,175,320722352.81,176342810.84,1949,95379774.96,238,1575676.12,96396.92,1479279.2,126637.36,1605916.56,861778.49,310738.11,126454.91,186973.69,1485945.2,-661824.22,119971.36,781795.58
037,2026-09,176,266,830124806.61,329014629.67,2834,243249683.02,845,2521291.31,162530.15,2358761.16,264198.56,2622959.72,694034.19,278142.05,175041.98,173328.51,1320546.73,1019311.02,1302412.99,283101.97
001,2026-10,180,334,1073106695.16,585329769.22,3288,340891038.77,655,3735100.85,253728.17,3481372.69,309941.9,3791314.59,3329990.2,808641.33,747896.57,716465.95,5602994.05,1384171.22,-1811679.46,-3195850.67
002,2026-10,193,334,802697591.46,355956413.88,3479,158412191.82,297,2389768.7,197347.88,2192420.81,208511.83,2400932.65,689206.36,263733.65,159587.56,163907.83,1276435.41,480211.17,1124497.24,644286.07
003,2026-10,192,316,676488357.32,463790889.98,3653,208597213.88,487,4023997.04,139466.28,3884530.77,256219.12,4140749.88,1855852.03,507621.19,437444.86,431721.28,3232639.37,-1326900.92,908110.52,2235011.44
004,2026-10,185,339,960853664.01,390923199.3,3483,564755579.48,235,2713523.79,142151.48,2571372.31,203956.27,2775328.58,729461.63,290865.94,175805.52,199132.13,1395265.22,738029.95,1380063.36,642033.41
005,2026-10,207,349,970453900.34,608668340.05,3430,448099758.66,750,4194402.7,195297.93,3999104.77,313638.4,4312743.16,3244248.89,823486.74,768448.37,616342.96,5452526.96,3116386.05,-1139783.8,-4256169.85
006,2026-10,188,327,1006537915.75,298676013.82,3396,542119984.51,238,2525155.84,246688.78,2278467.06,215175.29,2493642.35,773989.68,241794.29,170448.14,195482.03,1381714.13,914001.33,1111928.22,197926.89
007,2026-10,179,310,798571294.11,359300145.7,3418,462316091.47,231,2306522.13,128706.69,2177815.45,197497.94,2375313.39,708142.98,276653.47,168270.75,226183.57,1379250.77,732181.72,996062.62,263880.9
008,2026-10,166,300,905761503.49,456705685.92,2807,135830518.62,467,3164547.2,301954.52,2862592.68,237530.24,3100122.92,2010571.54,556573.2,438594.34,617086.79,3622825.88,1369769.38,-522702.96,-1892472.34
009,2026-10,181,302,1293052596.3,389043223.25,3071,280792685.19,276,2099315.15,2229136.7,-129821.55,172619.83,42798.27,711906.29,251365.8,143205.64,173440.57,1279918.3,3618952.65,-1237120.03,-4856072.68
010,2026-10,173,298,874496645.29,401593590.7,2902,158777773.1,252,3102002.91,1584390.64,1517612.27,202008.24,1719620.51,681346.62,280493.03,142452.46,183826.81,1288118.91,3055367.95,431501.6,-2623866.35
011,2026-10,162,291,797183714.24,435722573.8,3140,87165015.85,265,3231194.14,402772.44,2828421.7,174736.09,3003157.79,667399.58,263622.59,142997.35,174897.68,1248917.19,-78857.68,1754240.6,1833098.28
012,2026-10,171,287,776979717.31,481475690.78,2875,195990039.54,451,3660544.93,205159.79,3455385.14,203688.32,3659073.46,1686113.58,536977.21,347771.33,354405.76,2925267.88,3971590.56,733805.57,-3237784.99
013,2026-10,219,339,972560747.64,559847640.57,3616,189775196.82,753,4880284.65,383143.93,4497140.72,288351.68,4785492.4,3343618.02,1052926.81,882010.54,675366.58,5953921.96,1161757.53,-1168429.55,-2330187.09
014,2026-10,191,337,731708579.0,382727295.15,3720,162199489.68,295,2551311.49,141286.56,2410024.94,202080.25,2612105.19,679304.75,221217.16,147918.78,141423.59,1189864.28,4915363.26,1422240.91,-3493122.35
015,2026-10,178,308,1049875547.34,451903489.78,2990,293638257.94,516,2743568.58,741551.59,2002016.99,228807.52,2230824.51,1451775.06,721102.31,392200.8,476525.15,3041603.32,1098728.58,-810778.81,-1909507.39
016,2026-10,157,273,767828174.05,221611935.62,3152,213851122.82,245,1644842.75,141505.79,1503336.96,141349.18,1644686.14,695993.49,234608.46,138270.7,168182.42,1237055.07,1326691.25,407631.07,-919060.18
017,2026-10,272,485,1146538972.67,1014718233.68,4663,357153042.72,1348,8253853.61,260656.9,7993196.71,883683.13,8876879.83,3536570.22,1079917.97,1253161.25,784507.0,6654156.44,2528894.14,2222723.39,-306170.75
018,2026-10,219,380,1013715817.43,499566544.28,4263,677780584.81,475,3987180.42,182970.86,3804209.56,437711.27,4241920.83,655023.05,255343.01,179121.64,165193.3,1254681.0,1582910.93,2987239.84,1404328.9
019,2026-10,273,451,1200563806.86,761770956.3,4202,525679894.6,1089,5928725.08,645211.7,5283513.38,688500.54,5972013.92,1427849.94,638260.35,512552.38,368915.29,2947577.96,2176019.01,3024435.96,848416.95
020,2026-10,206,359,866098788.39,540952547.04,3442,343244078.68,643,3841779.03,208717.84,3633061.18,402145.96,4035207.15,1780644.84,592960.91,435187.37,358807.95,3167601.07,1165693.55,867606.07,-298087.48
021,2026-10,137,254,724304690.08,508575109.54,2224,257708269.92,448,3068279.08,128202.27,2940076.81,160496.52,3100573.33,1836541.19,568624.13,321580.99,374626.94,3101373.26,3740322.96,-799.93,-3741122.89
022,2026-10,160,286,700010537.6,430691722.82,3117,222148868.91,521,3544842.58,162513.86,3382328.72,218439.7,3600768.42,1938898.13,570985.33,431404.72,486859.92,3428148.1,3775667.75,172620.32,-3603047.43
023,2026-10,227,359,776210780.5,586237919.64,3593,348449818.27,618,3392712.02,269274.05,3123437.97,375072.12,3498510.09,1383279.65,530577.58,380674.74,394362.39,2688894.35,1936181.91,809615.74,-1126566.17
024,2026-10,180,289,651202486.2,423762783.0,3073,206816443.68,523,3806816.5,96830.75,3709985.75,243359.07,3953344.82,1825613.76,600851.82,421671.85,512429.0,3360566.43,3894796.74,592778.39,-3302018.36
025,2026-10,217,403,1200929484.15,412483187.7,4285,362438856.02,874,3260103.68,404446.98,2855656.7,423104.93,3278761.63,722779.54,309441.13,243477.09,189156.35,1464854.11,2051321.48,1813907.52,-237413.96
026,2026-10,226,374,898859750.76,630934206.76,3960,449392749.13,837,5444677.81,247843.95,5196833.87,419752.43,5616586.29,660001.95,318355.08,212423.17,158480.18,1349260.39,4596617.94,4267325.91,-329292.03
027,2026-10,171,290,890574529.22,449103621.08,3250,286659291.58,506,3009936.47,269683.7,2740252.77,274839.56,3015092.32,1788162.0,534305.76,407260.46,456840.96,3186569.18,2295036.43,-171476.85,-2466513.29
028,2026-10,151,256,566983103.14,577603744.21,2339,177968151.98,421,4731090.25,114658.45,4616431.81,264838.73,4881270.54,693637.59,281472.28,139508.95,185121.43,1299740.25,4567153.64,3581530.29,-985623.35
029,2026-10,141,226,494392480.63,348329749.42,2577,160928995.06,423,2619514.05,133560.27,2485953.78,125515.03,2611468.81,1811235.91,554637.4,326791.92,357296.58,3049961.81,1569229.57,-438493.0,-2007722.57
030,2026-10,128,232,623265762.35,446120126.12,2616,441109797.76,438,3631482.2,211628.72,3419853.49,223793.24,3643646.73,1963426.95,645751.99,402485.29,529712.7,3541376.93,-330901.53,102269.8,433171.33
031,2026-10,125,210,567889730.97,318375459.73,2154,137888212.54,421,2172235.37,156340.56,2015894.81,142080.91,2157975.72,1790356.02,548172.21,304429.22,375369.49,3018326.94,-2320000.43,-860351.22,1459649.22
032,2026-10,143,249,928315787.94,350614435.66,2501,571754629.1,544,3032194.6,210135.04,2822059.55,220734.42,3042793.97,1864118.35,530096.33,354603.05,424698.96,3173516.69,3810826.49,-130722.71,-3941549.2
033,2026-10,116,201,382204146.84,363384919.0,2280,166327561.52,411,2942465.3,112432.08,2830033.22,96708.07,2926741.29,1297366.85,432838.47,220951.51,255433.47,2206590.3,1762889.34,720150.99,-1042738.35
034,2026-10,104,180,454508733.52,439433319.01,2092,111097064.56,541,3495971.72,76768.71,3419203.01,125831.86,3545034.86,1860133.14,495833.47,324582.09,464514.36,3145063.06,-1449821.03,399971.8,1849792.84
035,2026-10,96,166,326186122.99,392297887.65,1638,139112910.46,419,2659100.55,69176.35,2589924.21,78896.67,2668820.88,1725930.36,535872.67,252242.18,381707.2,2895752.4,2717311.46,-226931.52,-2944242.98
036,2026-10,108,178,322119711.0,174401113.26,2093,79288482.16,248,1491866.59,97422.89,1394443.69,128005.91,1522449.6,861778.49,310738.11,131994.03,186973.69,1491484.31,798302.76,30965.29,-767337.47
037,2026-10,175,267,862512863.22,322154445.76,2784,252197179.36,844,2445605.25,166730.67,2278874.58,271392.93,2550267.52,694034.19,278142.05,173605.99,173328.51,1319110.75,1147957.23,1231156.77,83199.53
001,2026-11,179,335,994266101.47,580646309.42,3419,949407381.94,692,3855632.64,246600.87,3609031.78,321940.32,3930972.1,3329990.2,808641.33,770224.78,716465.95,5625322.26,-1270887.4,-1694350.17,-423462.76
002,2026-11,199,338,780806816.04,348337984.18,3570,206861088.87,252,2417755.87,197653.38,2220102.49,207487.63,2427590.12,689206.36,263733.65,158846.32,163907.83,1275694.17,-2915333.18,1151895.96,4067229.13
003,2026-11,195,318,673463704.38,452481114.96,3613,360031380.56,529,3912513.33,139809.38,3772703.95,273955.65,4046659.6,1855852.03,507621.19,441651.49,431721.28,3236846.0,-311293.1,809813.6,1121106.7
004,2026-11,184,341,890868189.68,385651208.42,3498,612867542.42,269,2795955.86,132800.41,2663155.45,213824.65,2876980.1,729461.63,290865.94,178683.88,199132.13,1398143.57,-1471776.27,1478836.53,2950612.8
005,2026-11,210,351,967505977.47,562967189.08,3364,270450364.52,790,5019986.48,194713.73,4825272.75,302919.24,5128191.99,3244248.89,823486.74,772469.22,616342.96,5456547.82,-11566321.25,-328355.83,11237965.42
006,2026-11,181,326,994827530.44,275516264.04,3254,369474928.78,260,2349246.71,247161.09,2102085.62,173020.23,2275105.85,773989.68,241794.29,167917.96,195482.03,1379183.96,-1619566.6,895921.89,2515488.49
007,2026-11,184,311,781172833.98,360593288.39,4134,430858649.84,256,2305694.22,127078.87,2178615.35,210732.05,2389347.4,708142.98,276653.47,189200.21,226183.57,1400180.23,1411029.38,989167.17,-421862.21
008,2026-11,168,303,954252084.16,451925337.72,2946,304738077.61,509,2962070.85,311152.67,2650918.18,240881.13,2891799.31,2010571.54,556573.2,455714.7,617086.79,3639946.24,3663016.82,-748146.93,-4411163.75
009,2026-11,179,307,1426677970.41,430676292.98,3312,644061697.71,275,2853667.67,2249526.43,604141.24,190896.09,795037.33,711906.29,251365.8,149268.1,173440.57,1285980.76,-4533986.75,-490943.43,4043043.32
010,2026-11,172,299,882241695.6,393509371.56,3317,191766139.28,309,3230826.22,1592535.91,1638290.31,221305.12,1859595.42,681346.62,280493.03,156698.38,183826.81,1302364.83,-2202941.3,557230.59,2760171.89
011,2026-11,164,293,807999878.8,399321664.06,3125,132195496.76,273,3062187.28,406829.91,2655357.37,174615.25,2829972.62,667399.58,263622.59,143000.1,174897.68,1248919.95,-2543453.13,1581052.67,4124505.8
012,2026-11,168,289,774884097.9,464686453.29,2937,213064433.87,465,3879533.77,204830.54,3674703.23,208676.78,3883380.01,1686113.58,536977.21,353668.17,354405.76,2931164.73,-6878638.45,952215.28,7830853.74
013,2026-11,217,338,1003613710.83,546997633.39,3535,293192228.5,819,4779474.69,388461.87,4391012.82,282239.24,4673252.06,3343618.02,1052926.81,889773.82,675366.58,5961685.24,835385.8,-1288433.18,-2123818.98
014,2026-11,189,339,736188362.08,397480856.26,3582,176476199.82,280,2702312.23,140731.87,2561580.36,194812.23,2756392.59,679304.75,221217.16,144320.88,141423.59,1186266.37,-587799.05,1570126.21,2157925.26
015,2026-11,180,306,1037700934.74,438173144.46,3206,206751357.32,544,2738540.88,744799.91,1993740.98,221528.12,2215269.1,1451775.06,721102.31,407930.96,476525.15,3057333.48,2658723.17,-842064.38,-3500787.55
016,2026-11,157,271,753345668.13,210305476.7,3126,182379647.36,267,1653526.98,134618.93,1518908.05,148283.02,1667191.07,695993.49,234608.46,138628.92,168182.42,1237413.29,-395337.13,429777.78,825114.91
017,2026-11,269,481,1157265225.79,1020297641.87,5042,986221874.54,1434,8089112.39,262708.53,7826403.86,957607.59,8784011.45,3536570.22,1079917.97,1312277.87,784507.0,6713273.06,2376634.2,2070738.39,-305895.81
018,2026-11,227,384,994833075.51,515419033.6,4730,836641271.82,488,4060921.37,181726.27,3879195.1,455532.98,4334728.08,655023.05,255343.01,189892.0,165193.3,1265451.36,1434723.73,3069276.72,1634552.99
019,2026-11,274,453,1230901631.53,764789020.59,4326,589242683.6,1207,6169421.12,652194.36,5517226.75,692605.48,6209832.23,1427849.94,638260.35,533075.96,368915.29,2968101.54,-2999000.06,3241730.7,6240730.76
020,2026-11,204,359,878593097.75,538121268.55,3753,213571102.58,673,3810237.04,211421.29,3598815.75,410827.95,4009643.7,1780644.84,592960.91,456505.79,358807.95,3188919.5,809030.42,820724.2,11693.78
021,2026-11,140,257,708148713.99,505413849.04,2512,245145523.95,485,3077889.41,130648.91,2947240.49,169872.57,3117113.07,1836541.19,568624.13,345245.73,374626.94,3125037.99,-781231.26,-7924.93,773306.33
022,2026-11,156,290,700651567.26,415877839.18,2883,306936552.24,516,3325610.24,109938.58,3215671.67,240718.37,3456390.04,1938898.13,570985.33,415403.25,486859.92,3412146.63,1912651.9,44243.41,-1868408.49
023,2026-11,220,363,870906116.71,565597749.58,3578,356746367.52,710,3391548.29,287907.83,3103640.46,362187.15,3465827.61,1383279.65,530577.58,391578.57,394362.39,2699798.18,668827.27,766029.43,97202.16
024,2026-11,181,289,659601405.39,411250094.99,3014,231197912.1,513,3420022.37,97871.38,3322150.99,250899.89,3573050.88,1825613.76,600851.82,415317.09,512429.0,3354211.68,3535572.13,218839.2,-3316732.93
025,2026-11,219,405,1199388711.58,393923144.58,4246,534709836.67,894,2998993.9,405595.27,2593398.63,425900.36,3019298.99,722779.54,309441.13,243728.43,189156.35,1465105.46,332928.37,1554193.54,1221265.17
026,2026-11,231,378,942252713.19,630362557.56,3933,420819741.94,820,5624439.97,257089.52,5367350.45,426260.92,5793611.37,660001.95,318355.08,210831.51,158480.18,1347668.73,-2548312.11,4445942.65,6994254.76
027,2026-11,173,289,883947072.88,450919695.19,3046,224659092.28,518,3108498.04,270338.44,2838159.61,273125.11,3111284.71,1788162.0,534305.76,396428.09,456840.96,3175736.8,-169339.82,-64452.09,104887.73
028,2026-11,154,259,570637782.69,568920520.66,2556,183294919.54,422,4490209.44,116290.71,4373918.72,264461.81,4638380.53,693637.59,281472.28,144966.64,185121.43,1305197.94,3722045.3,3333182.59,-388862.71
029,2026-11,139,229,486643577.12,332954402.71,2571,160668661.55,440,2500007.83,134370.33,2365637.49,133456.67,2499094.16,1811235.91,554637.4,329206.59,357296.58,3052376.47,1807851.54,-553282.31,-2361133.85
030,2026-11,133,236,631941632.38,423113224.54,2653,326310954.05,494,3476636.35,212316.05,3264320.3,209736.56,3474056.86,1963426.95,645751.99,415888.43,529712.7,3554780.07,883688.83,-80723.21,-964412.04
031,2026-11,128,212,573910169.27,309697041.24,2159,146345218.0,469,2056240.3,157450.56,1898789.74,137385.9,2036175.64,1790356.02,548172.21,312713.78,375369.49,3026611.5,624094.16,-990435.86,-1614530.02
032,2026-11,146,251,981114021.25,372615421.2,2928,318236475.52,530,3458604.45,221571.54,3237032.91,213046.76,3450079.67,1864118.35,530096.33,377728.91,424698.96,3196642.55,-1324003.85,253437.11,1577440.96
033,2026-11,120,203,400579634.72,348542887.22,2171,159706011.65,402,2742817.88,125780.37,2617037.52,99073.74,2716111.25,1297366.85,432838.47,214977.11,255433.47,2200615.9,657799.07,515495.35,-142303.72
034,2026-11,105,181,452006455.07,431259101.16,1986,170085836.78,470,3420686.07,77208.3,3343477.77,126900.44,3470378.21,1860133.14,495833.47,305841.62,464514.36,3126322.58,-140518.54,344055.62,484574.17
035,2026-11,99,168,321385087.46,372454156.33,1896,145977411.08,404,2637203.41,69361.13,2567842.28,89568.44,2657410.72,1725930.36,535872.67,264723.52,381707.2,2908233.74,652619.33,-250823.02,-903442.35
036,2026-11,114,183,329535671.37,179176488.14,1814,67740930.57,278,1616126.03,99399.78,1516726.25,117318.6,1634044.85,861778.49,310738.11,125939.34,186973.69,1485429.63,-68545.71,148615.23,217160.93
037,2026-11,177,273,851640190.3,293733271.27,2795,211075570.35,823,2329667.7,166992.53,2162675.18,257675.69,2420350.87,694034.19,278142.05,172649.25,173328.51,1318154.0,-325063.29,1102196.87,1427260.16
001,2026-12,177,333,934639492.51,517137267.78,3619,2247861400.56,825,4697045.15,242189.0,4454856.15,327475.39,4782331.54,3329990.2,808641.33,821087.58,716465.95,5676185.06,-15225523.85,-893853.53,14331670.32
002,2026-12,201,339,794538559.03,340775403.25,3887,254555023.62,278,3464723.82,201030.1,3263693.71,217986.97,3481680.69,689206.36,263733.65,168151.35,163907.83,1284999.2,-13333597.3,2196681.49,15530278.79
003,2026-12,196,320,674724374.82,447555658.3,3935,231520580.0,550,4870965.25,139800.26,4731164.99,255491.6,4986656.6,1855852.03,507621.19,463326.35,431721.28,3258520.85,-14925986.14,1728135.74,16654121.88
004,2026-12,185,340,791868652.76,372178221.38,4163,322795578.95,261,3296148.14,119605.1,3176543.05,203273.35,3379816.4,729461.63,290865.94,195818.3,199132.13,1415278.0,-8502032.46,1964538.41,10466570.87
005,2026-12,203,350,942060266.95,550906290.17,3509,651343212.87,823,6268061.47,193751.35,6074310.12,335480.12,6409790.24,3244248.89,823486.74,793467.11,616342.96,5477545.7,-19712641.09,932244.54,20644885.63
006,2026-12,185,327,1047887549.34,275217873.57,3808,486843401.14,280,2899704.99,254554.17,2645150.83,205994.54,2851145.36,773989.68,241794.29,184266.13,195482.03,1395532.12,-7687560.36,1455613.24,9143173.6
007,2026-12,180,311,821741263.82,344646982.18,4429,845348501.91,295,3153160.01,133612.3,3019547.72,245644.08,3265191.8,708142.98,276653.47,199763.14,226183.57,1410743.16,-16572575.87,1854448.64,18427024.51
008,2026-12,166,301,970115586.68,435596611.54,3256,312418311.78,520,4000730.07,314129.68,3686600.38,249327.45,3935927.84,2010571.54,556573.2,477771.3,617086.79,3662002.84,-17698995.33,273925.0,17972920.34
009,2026-12,184,312,1593844810.86,418292397.62,3803,305212080.4,287,3681100.27,2275561.48,1405538.79,180715.14,1586253.93,711906.29,251365.8,161820.21,173440.57,1298532.87,-13012008.49,287721.06,13299729.56
010,2026-12,173,296,884759517.38,404397761.58,3203,161974396.2,315,3774059.4,1599700.02,2174359.37,213316.16,2387675.53,681346.62,280493.03,154078.9,183826.81,1299745.35,-5293949.85,1087930.18,6381880.03
011,2026-12,167,295,812341829.94,351290216.06,3314,170482897.53,284,3308180.7,404760.72,2903419.98,181785.43,3085205.41,667399.58,263622.59,148079.86,174897.68,1253999.71,-11840559.43,1831205.7,13671765.14
012,2026-12,173,294,799702749.94,459826555.74,3208,377017457.92,490,4833397.27,208882.39,4624514.88,212182.52,4836697.4,1686113.58,536977.21,372004.16,354405.76,2949500.72,-13961583.34,1887196.68,15848780.02
013,2026-12,221,340,1038010506.19,528857265.92,3656,288416105.35,894,5690005.1,395235.09,5294770.01,306728.19,5601498.2,3343618.02,1052926.81,922697.73,675366.58,5994609.15,-16111952.4,-393110.95,15718841.46
014,2026-12,190,336,727515172.24,363427017.94,4130,224708368.37,350,3767126.02,139025.07,3628100.95,220662.78,3848763.73,679304.75,221217.16,159752.7,141423.59,1201698.2,-18356926.77,2647065.53,21003992.3
015,2026-12,179,305,969046576.73,427712254.82,3344,237747807.16,535,3748633.51,740132.95,3008500.55,232652.55,3241153.11,1451775.06,721102.31,413671.64,476525.15,3063074.16,-16367417.11,178078.95,16545496.06
016,2026-12,156,268,737465982.26,201532585.88,3285,211275383.66,280,1851219.65,127940.93,1723278.73,143524.07,1866802.8,695993.49,234608.46,142890.69,168182.42,1241675.06,-3473857.63,625127.74,4098985.38
017,2026-12,264,483,1168043174.86,962623452.92,5206,663427363.45,1516,9979098.48,265218.21,9713880.27,918343.42,10632223.7,3536570.22,1079917.97,1348479.65,784507.0,6749474.85,-33672919.68,3882748.85,37555668.53
018,2026-12,225,385,1074044632.0,517474706.62,4648,1195614559.85,537,5171577.0,188844.15,4982732.85,445344.75,5428077.61,655023.05,255343.01,190798.16,165193.3,1266357.52,-14403438.97,4161720.09,18565159.06
019,2026-12,262,449,1238145179.17,730979158.1,4865,614623977.16,1194,7684728.14,656191.2,7028536.93,726959.57,7755496.5,1427849.94,638260.35,556019.81,368915.29,2991045.38,-25881243.11,4764451.12,30645694.23
020,2026-12,210,362,901832941.31,511289650.4,4161,234177435.4,684,5215159.07,214291.67,5000867.4,430197.65,5431065.05,1780644.84,592960.91,480369.96,358807.95,3212783.66,-22586788.0,2218281.39,24805069.39
021,2026-12,139,256,689908223.4,468428564.68,2790,426818957.4,458,4581808.71,129243.79,4452564.92,192351.6,4644916.52,1836541.19,568624.13,356715.07,374626.94,3136507.34,-23566202.78,1508409.18,25074611.96
022,2026-12,162,289,693305559.51,385145142.13,3340,376922306.02,594,3954382.42,109372.12,3845010.3,270313.38,4115323.68,1938898.13,570985.33,457262.74,486859.92,3454006.11,-13430142.3,661317.57,14091459.87
023,2026-12,218,364,894854239.49,544506692.48,4164,388113936.7,707,6296843.86,180994.32,6115849.55,370188.94,6486038.49,1383279.65,530577.58,418820.68,394362.39,2727040.3,-42411335.81,3758998.19,46170334.0
024,2026-12,183,296,654502039.68,401652373.06,3488,265772923.21,587,4501828.01,98027.43,4403800.58,259779.57,4663580.16,1825613.76,600851.82,457920.25,512429.0,3396814.83,-16963100.03,1266765.32,18229865.35
025,2026-12,225,410,1202189256.9,394409786.74,4870,354099426.68,986,4146958.91,406626.71,3740332.2,415151.96,4155484.16,722779.54,309441.13,265425.14,189156.35,1486802.16,-16438436.99,2668682.0,19107118.99
026,2026-12,229,379,941514717.27,616246171.4,4406,436928594.92,917,6417783.97,260600.96,6157183.01,429877.43,6587060.44,660001.95,318355.08,227669.78,158480.18,1364506.99,-13231104.98,5222553.45,18453658.43
027,2026-12,173,290,902985608.07,436032289.12,3002,212576598.05,557,4181599.49,274710.45,3906889.05,256605.24,4163494.29,1788162.0,534305.76,399818.79,456840.96,3179127.5,-16317626.78,984366.78,17301993.57
028,2026-12,156,263,583093430.83,530254445.22,3039,296863061.51,514,5248920.19,119432.49,5129487.7,274248.89,5403736.59,693637.59,281472.28,163223.42,185121.43,1323454.72,-16889232.43,4080281.87,20969514.29
029,2026-12,148,236,505374170.98,320269906.33,2747,166069388.24,436,3429145.04,139391.29,3289753.75,127286.87,3417040.62,1811235.91,554637.4,339839.85,357296.58,3063009.74,-14788937.93,354030.88,15142968.81
030,2026-12,128,237,608057717.3,401856564.61,3114,754983004.16,542,3963019.15,210537.71,3752481.43,250512.97,4002994.4,1963426.95,645751.99,456203.73,529712.7,3595095.37,-8709276.21,407899.03,9117175.23
031,2026-12,133,216,592353990.66,301778875.02,2383,147368963.24,484,3367243.22,160157.9,3207085.33,149006.46,3356091.79,1790356.02,548172.21,329643.92,375369.49,3043541.64,-17665778.09,312550.15,17978328.24
032,2026-12,147,252,1048935488.98,369522704.84,3124,380902803.96,557,3927657.87,236938.46,3690719.41,241420.02,3932139.43,1864118.35,530096.33,393750.37,424698.96,3212664.01,-7579570.89,719475.42,8299046.31
033,2026-12,123,206,405632503.28,376641443.94,2702,234624607.15,537,3891180.06,139228.43,3751951.63,130258.69,3882210.32,1297366.85,432838.47,254231.98,255433.47,2239870.77,-10500162.79,1642339.55,12142502.34
034,2026-12,107,183,454336084.45,404965055.17,2566,139196231.33,588,4540300.52,77966.57,4462333.95,133727.08,4596061.03,1860133.14,495833.47,361777.69,464514.36,3182258.66,-19160774.12,1413802.37,20574576.49
035,2026-12,95,169,339655211.87,351447132.76,1949,179268222.92,453,3629402.25,72913.37,3556488.88,86556.62,3643045.5,1725930.36,535872.67,275381.97,381707.2,2918892.19,-16957799.19,724153.3,17681952.49
036,2026-12,115,185,339656578.5,176454892.62,2203,97434336.86,268,2166617.31,101542.49,2065074.81,125556.36,2190631.18,861778.49,310738.11,137741.49,186973.69,1497231.77,-7736206.3,693399.41,8429605.71
037,2026-12,181,279,837706144.14,293287140.3,3115,247610044.04,940,3181476.37,165922.47,3015553.9,274793.32,3290347.21,694034.19,278142.05,187697.03,173328.51,1333201.78,-12725727.35,1957145.43,14682872.78
