account_id,year_month,opening_balance,total_inflows,total_outflows,closing_balance
A0000100,2021-01,4801.59,10126.86,4507.13,10421.32
A0000100,2021-02,10421.32,12137.66,13008.02,9550.96
A0000100,2021-03,9550.96,70208.13,38022.43,41736.66
A0000100,2021-04,41736.66,15435.92,27956.35,29216.23
A0000100,2021-05,29216.23,15652.05,26358.37,18509.91
A0000100,2021-06,18509.91,29377.87,26003.78,21884.0
A0000100,2021-07,21884.0,9275.99,23471.24,7688.75
A0000100,2021-08,7688.75,10581.66,3389.09,14881.32
A0000100,2021-09,14881.32,23451.93,17772.02,20561.23
A0000100,2021-10,20561.23,34412.44,25554.3,29419.37
A0000100,2021-11,29419.37,15948.52,19187.76,26180.13
A0000100,2021-12,26180.13,40182.84,43995.42,22367.55
A0000100,2022-01,22367.55,37920.22,34219.46,26068.31
A0000100,2022-02,26068.31,26393.74,5068.16,47393.89
A0000100,2022-03,47393.89,38126.66,70192.78,15327.77
A0000100,2022-04,15327.77,32951.1,28585.77,19693.1
A0000100,2022-05,19693.1,97302.52,38817.95,78177.67
A0000100,2022-06,78177.67,485312.55,51200.77,512289.45
A0000100,2022-07,512289.45,70340.3,24757.79,557871.96
A0000100,2022-08,557871.96,15614.87,302389.88,271096.95
A0000100,2022-09,271096.95,17818.2,89721.25,199193.9
A0000100,2022-10,199193.9,36444.92,40716.02,194922.8
A0000100,2022-11,194922.8,0.0,34352.55,160570.25
A0000100,2022-12,160570.25,84218.45,15115.71,229672.99
A0000100,2023-01,229672.99,14721.05,68084.89,176309.15
A0000100,2023-02,176309.15,46244.52,66282.14,156271.53
A0000100,2023-03,156271.53,18880.79,49931.92,125220.4
A0000100,2023-04,125220.4,61360.51,0.0,186580.91
A0000100,2023-05,186580.91,5072.04,6912.8,184740.15
A0000100,2023-06,184740.15,38382.44,6124.74,216997.85
A0000100,2023-07,216997.85,48899.82,22337.67,243560.0
A0000100,2023-08,243560.0,9424.15,35591.68,217392.47
A0000100,2023-09,217392.47,106363.08,90501.74,233253.81
A0000100,2023-10,233253.81,35685.61,11200.34,257739.08
A0000100,2023-11,257739.08,51466.34,30216.17,278989.25
A0000100,2023-12,278989.25,11281.81,44673.33,245597.73
A0000100,2024-01,245597.73,39395.86,44536.95,240456.64
A0000100,2024-02,240456.64,66020.42,22098.85,284378.21
A0000100,2024-03,284378.21,40771.36,55215.72,269933.85
A0000100,2024-04,269933.85,72685.64,43519.78,299099.71
A0000100,2024-05,299099.71,9465.4,48987.33,259577.78
A0000100,2024-06,259577.78,48552.8,31859.47,276271.11
A0000100,2024-07,276271.11,136834.88,43667.79,369438.2
A0000100,2024-08,369438.2,21772.77,5048.07,386162.9
A0000100,2024-09,386162.9,48735.23,36832.72,398065.41
A0000100,2024-10,398065.41,80575.45,35761.69,442879.17
A0000100,2024-11,442879.17,50411.95,31942.16,461348.96
A0000100,2024-12,461348.96,86805.19,72397.36,475756.79
A0000100,2025-01,475756.79,23368.96,54147.53,444978.22
A0000100,2025-02,444978.22,59180.07,138680.13,365478.16
A0000100,2025-03,365478.16,194566.19,104954.85,455089.5
A0000100,2025-04,455089.5,168296.25,61088.59,562297.16
A0000100,2025-05,562297.16,146613.12,136782.7,572127.58
A0000100,2025-06,572127.58,9903.9,37265.8,544765.68
A0000100,2025-07,544765.68,62300.02,21049.74,586015.96
A0000100,2025-08,586015.96,0.0,416473.71,169542.25
A0000100,2025-09,169542.25,41494.13,40259.53,170776.85
A0000100,2025-10,170776.85,27235.77,92857.03,105155.59
A0000100,2025-11,105155.59,5651.42,30679.48,80127.53
A0000100,2025-12,80127.53,146470.48,122999.55,103598.46
A0000100,2026-01,103598.46,144893.59,80410.22,168081.83
A0000100,2026-02,168081.83,0.0,47632.21,120449.62
A0000100,2026-03,120449.62,0.0,84222.65,36226.97
A0000100,2026-04,36226.97,9062.28,9992.78,35296.47
A0000100,2026-05,35296.47,84324.3,52901.2,66719.57
A0000100,2026-06,66719.57,190319.05,128044.85,128993.77
A0000100,2026-07,128993.77,29498.62,70328.04,88164.35
A0000100,2026-08,88164.35,33839.22,8743.39,113260.18
A0000100,2026-09,113260.18,51458.36,113837.11,50881.43
A0000100,2026-10,50881.43,119207.39,110129.07,59959.75
A0000100,2026-11,59959.75,40046.69,20972.25,79034.19
A0000100,2026-12,79034.19,146610.45,51273.59,174371.05
A0000220,2021-01,606.69,292.74,0.0,899.43
A0000220,2021-02,899.43,55.64,11.97,943.1
A0000220,2021-03,943.1,143.61,0.0,1086.71
A0000220,2021-04,1086.71,63.74,0.0,1150.45
A0000220,2021-05,1150.45,1211.37,76.63,2285.19
A0000220,2021-06,2285.19,42.26,1450.0,877.45
A0000303,2021-01,36239.21,10381.38,42963.37,3657.22
A0000303,2021-02,3657.22,116593.94,21728.74,98522.42
A0000303,2021-03,98522.42,285511.45,21973.42,362060.45
A0000303,2021-04,362060.45,69974.71,45876.77,386158.39
A0000303,2021-05,386158.39,12905.99,12674.05,386390.33
A0000303,2021-06,386390.33,48584.9,76404.49,358570.74
A0000303,2021-07,358570.74,15565.17,3658.07,370477.84
A0000303,2021-08,370477.84,15543.26,31768.74,354252.36
A0000303,2021-09,354252.36,119544.89,35416.58,438380.67
A0000303,2021-10,438380.67,24563.76,8525.17,454419.26
A0000303,2021-11,454419.26,132119.44,85368.5,501170.2
A0000303,2021-12,501170.2,32743.94,33887.79,500026.35
A0000303,2022-01,500026.35,223845.65,18618.65,705253.35
A0000303,2022-02,705253.35,40649.05,708524.98,37377.42
A0000303,2022-03,37377.42,81693.75,16632.55,102438.62
A0000303,2022-04,102438.62,40672.51,50842.78,92268.35
A0000303,2022-05,92268.35,5071.53,6272.51,91067.37
A0000303,2022-06,91067.37,23494.03,42935.47,71625.93
A0000303,2022-07,71625.93,55218.82,37762.14,89082.61
A0000303,2022-08,89082.61,24519.96,51390.49,62212.08
A0000303,2022-09,62212.08,8120.38,26764.31,43568.15
A0000303,2022-10,43568.15,35569.77,39795.35,39342.57
A0000303,2022-11,39342.57,252127.39,114573.03,176896.93
A0000303,2022-12,176896.93,18087.3,51242.78,143741.45
A0000303,2023-01,143741.45,0.0,17204.97,126536.48
A0000303,2023-02,126536.48,74914.89,199201.93,2249.44
A0000303,2023-03,2249.44,52805.11,32943.94,22110.61
A0000303,2023-04,22110.61,13056.14,26996.74,8170.01
A0000303,2023-05,8170.01,18507.51,14056.16,12621.36
A0000303,2023-06,12621.36,28586.59,24205.07,17002.88
A0000303,2023-07,17002.88,81811.15,11769.21,87044.82
A0000303,2023-08,87044.82,13925.19,4203.55,96766.46
A0000303,2023-09,96766.46,53513.72,15706.75,134573.43
A0000303,2023-10,134573.43,46061.61,38507.65,142127.39
A0000303,2023-11,142127.39,20985.37,14571.93,148540.83
A0000303,2023-12,148540.83,0.0,106686.4,41854.43
A0000303,2024-01,41854.43,11461.46,35545.22,17770.67
A0000303,2024-02,17770.67,82013.38,6883.0,92901.05
A0000303,2024-03,92901.05,75463.22,76337.69,92026.58
A0000303,2024-04,92026.58,53298.23,107079.82,38244.99
A0000303,2024-05,38244.99,49878.25,48979.13,39144.11
A0000303,2024-06,39144.11,178591.34,77130.55,140604.9
A0000303,2024-07,140604.9,111746.37,30546.23,221805.04
A0000303,2024-08,221805.04,153782.06,100711.85,274875.25
A0000303,2024-09,274875.25,13609.99,262209.17,26276.07
A0000303,2024-10,26276.07,62526.4,72800.03,16002.44
A0000303,2024-11,16002.44,28027.9,21922.99,22107.35
A0000303,2024-12,22107.35,84690.38,25693.94,81103.79
A0000303,2025-01,81103.79,2793.19,31904.12,51992.86
A0000303,2025-02,51992.86,3596.61,34485.72,21103.75
A0000303,2025-03,21103.75,555043.81,407482.75,168664.81
A0000303,2025-04,168664.81,104843.2,137524.96,135983.05
A0000303,2025-05,135983.05,40546.3,84014.19,92515.16
A0000303,2025-06,92515.16,55423.3,104330.47,43607.99
A0000303,2025-07,43607.99,115263.18,48262.4,110608.77
A0000303,2025-08,110608.77,33377.91,40325.4,103661.28
A0000303,2025-09,103661.28,50853.27,146630.95,7883.6
A0000303,2025-10,7883.6,54643.23,34417.26,28109.57
A0000303,2025-11,28109.57,23271.22,31631.6,19749.19
A0000303,2025-12,19749.19,24553.97,24868.93,19434.23
A0000303,2026-01,19434.23,765602.4,168985.48,616051.15
A0000303,2026-02,616051.15,135674.68,101412.59,650313.24
A0000303,2026-03,650313.24,32379.5,59332.92,623359.82
A0000303,2026-04,623359.82,20102.56,17359.04,626103.34
A0000303,2026-05,626103.34,6734.12,33241.72,599595.74
A0000303,2026-06,599595.74,66577.61,72723.99,593449.36
A0000303,2026-07,593449.36,33081.07,33666.45,592863.98
A0000303,2026-08,592863.98,63952.22,20285.96,636530.24
A0000303,2026-09,636530.24,58241.42,84839.54,609932.12
A0000303,2026-10,609932.12,13708.01,53806.87,569833.26
A0000303,2026-11,569833.26,10839.05,32076.62,548595.69
A0000303,2026-12,548595.69,85868.97,74329.15,560135.51
A0000323,2021-01,527.72,29975.05,395.52,30107.25
A0000323,2021-02,30107.25,382.26,0.0,30489.51
A0000323,2021-03,30489.51,0.0,95.78,30393.73
A0000323,2021-04,30393.73,202.04,524.41,30071.36
A0000323,2021-05,30071.36,464.99,19.13,30517.22
A0000323,2021-06,30517.22,383.98,5402.55,25498.65
A0000323,2021-07,25498.65,0.0,0.0,25498.65
A0000323,2021-08,25498.65,0.0,0.0,25498.65
A0000323,2021-09,25498.65,0.0,0.0,25498.65
A0000323,2021-10,25498.65,0.0,280.89,25217.76
A0000323,2021-11,25217.76,0.0,264.35,24953.41
A0000323,2021-12,24953.41,151.54,89.21,25015.74
A0000323,2022-01,25015.74,727.2,301.95,25440.99
A0000323,2022-02,25440.99,16925.69,0.0,42366.68
A0000323,2022-03,42366.68,254.77,2313.52,40307.93
A0000324,2021-01,13428.03,83579.04,86722.86,10284.21
A0000324,2021-02,10284.21,143418.8,57378.39,96324.62
A0000324,2021-03,96324.62,84572.95,10081.63,170815.94
A0000324,2021-04,170815.94,82707.15,142435.92,111087.17
A0000324,2021-05,111087.17,55617.55,16017.46,150687.26
A0000324,2021-06,150687.26,103406.41,66694.99,187398.68
A0000324,2021-07,187398.68,71395.24,9108.4,249685.52
A0000324,2021-08,249685.52,87254.61,14200.07,322740.06
A0000324,2021-09,322740.06,148756.19,13774.81,457721.44
A0000324,2021-10,457721.44,55135.04,31775.39,481081.09
A0000324,2021-11,481081.09,74919.65,13265.4,542735.34
A0000324,2021-12,542735.34,69108.93,8053.88,603790.39
A0000324,2022-01,603790.39,63302.98,17775.41,649317.96
A0000324,2022-02,649317.96,127925.1,108799.24,668443.82
A0000324,2022-03,668443.82,91223.63,23906.74,735760.71
A0000324,2022-04,735760.71,89304.83,52555.18,772510.36
A0000324,2022-05,772510.36,115268.97,155034.76,732744.57
A0000324,2022-06,732744.57,77455.56,56332.5,753867.63
A0000324,2022-07,753867.63,333473.42,45268.88,1042072.17
A0000324,2022-08,1042072.17,62539.13,76128.66,1028482.64
A0000324,2022-09,1028482.64,61596.86,52484.52,1037594.98
A0000324,2022-10,1037594.98,111943.32,29122.79,1120415.51
A0000324,2022-11,1120415.51,69318.06,74562.92,1115170.65
A0000324,2022-12,1115170.65,81348.4,15496.68,1181022.37
A0000324,2023-01,1181022.37,199113.81,27638.48,1352497.7
A0000324,2023-02,1352497.7,86588.48,24549.01,1414537.17
A0000324,2023-03,1414537.17,100436.38,56441.37,1458532.18
A0000324,2023-04,1458532.18,78630.04,81054.58,1456107.64
A0000324,2023-05,1456107.64,9200.05,103129.55,1362178.14
A0000324,2023-06,1362178.14,73385.39,38671.9,1396891.63
A0000324,2023-07,1396891.63,108929.82,191681.87,1314139.58
A0000324,2023-08,1314139.58,74351.59,39947.74,1348543.43
A0000324,2023-09,1348543.43,73593.93,171443.42,1250693.94
A0000324,2023-10,1250693.94,67857.14,102794.66,1215756.42
A0000324,2023-11,1215756.42,76019.99,81990.34,1209786.07
A0000324,2023-12,1209786.07,92207.64,5420.4,1296573.31
A0000324,2024-01,1296573.31,108099.82,112642.62,1292030.51
A0000324,2024-02,1292030.51,98061.74,19609.81,1370482.44
A0000324,2024-03,1370482.44,97480.65,145423.72,1322539.37
A0000324,2024-04,1322539.37,126395.13,72897.21,1376037.29
A0000324,2024-05,1376037.29,109696.14,28793.23,1456940.2
A0000324,2024-06,1456940.2,111201.51,103516.26,1464625.45
A0000324,2024-07,1464625.45,109112.23,35985.65,1537752.03
A0000324,2024-08,1537752.03,108421.89,16759.73,1629414.19
A0000324,2024-09,1629414.19,82059.87,112936.1,1598537.96
A0000324,2024-10,1598537.96,78532.66,86386.6,1590684.02
A0000324,2024-11,1590684.02,134909.09,29039.45,1696553.66
A0000324,2024-12,1696553.66,160543.22,90890.02,1766206.86
A0000324,2025-01,1766206.86,106863.47,27184.6,1845885.73
A0000324,2025-02,1845885.73,84586.98,305074.25,1625398.46
A0000324,2025-03,1625398.46,157381.65,917747.28,865032.83
A0000324,2025-04,865032.83,119853.05,25812.22,959073.66
A0000324,2025-05,959073.66,114865.44,64667.42,1009271.68
A0000324,2025-06,1009271.68,131736.85,29980.23,1111028.3
A0000324,2025-07,1111028.3,180256.99,215726.67,1075558.62
A0000324,2025-08,1075558.62,141459.59,147717.1,1069301.11
A0000324,2025-09,1069301.11,395398.79,98552.02,1366147.88
A0000324,2025-10,1366147.88,578226.35,513497.41,1430876.82
A0000324,2025-11,1430876.82,112198.95,69119.04,1473956.73
A0000324,2025-12,1473956.73,137718.81,34787.21,1576888.33
A0000324,2026-01,1576888.33,83750.87,21160.72,1639478.48
A0000324,2026-02,1639478.48,105928.23,56871.7,1688535.01
A0000324,2026-03,1688535.01,104064.43,44963.14,1747636.3
A0000324,2026-04,1747636.3,221587.23,105777.83,1863445.7
A0000324,2026-05,1863445.7,97757.92,41498.84,1919704.78
A0000324,2026-06,1919704.78,102897.64,24809.72,1997792.7
A0000324,2026-07,1997792.7,36770.27,195638.84,1838924.13
A0000324,2026-08,1838924.13,94813.89,16138.0,1917600.02
A0000324,2026-09,1917600.02,135857.12,73289.0,1980168.14
A0000324,2026-10,1980168.14,124442.75,85685.4,2018925.49
A0000324,2026-11,2018925.49,99254.09,89120.07,2029059.51
A0000324,2026-12,2029059.51,111538.71,177436.19,1963162.03
A0000325,2021-01,4712.84,106607.9,3462.78,107857.96
A0000325,2021-02,107857.96,69147.3,63638.91,113366.35
A0000325,2021-03,113366.35,219764.04,70387.0,262743.39
A0000325,2021-04,262743.39,51746.14,64701.17,249788.36
A0000325,2021-05,249788.36,112968.63,285944.74,76812.25
A0000325,2021-06,76812.25,58522.83,93462.07,41873.01
A0000325,2021-07,41873.01,77021.23,3989.52,114904.72
A0000325,2021-08,114904.72,98654.12,145884.7,67674.14
A0000325,2021-09,67674.14,60275.09,24893.65,103055.58
A0000325,2021-10,103055.58,58299.21,84166.11,77188.68
A0000325,2021-11,77188.68,57764.8,4891.56,130061.92
A0000325,2021-12,130061.92,178046.18,48621.28,259486.82
A0000325,2022-01,259486.82,97227.61,209877.65,146836.78
A0000325,2022-02,146836.78,69630.31,75874.66,140592.43
A0000325,2022-03,140592.43,115339.54,78171.68,177760.29
A0000325,2022-04,177760.29,81103.36,27403.1,231460.55
A0000325,2022-05,231460.55,344674.07,33612.55,542522.07
A0000325,2022-06,542522.07,82998.43,44057.33,581463.17
A0000325,2022-07,581463.17,75914.09,19353.82,638023.44
A0000325,2022-08,638023.44,79134.85,54632.43,662525.86
A0000325,2022-09,662525.86,0.0,47906.08,614619.78
A0000325,2022-10,614619.78,85356.19,73274.94,626701.03
A0000325,2022-11,626701.03,149730.19,358684.69,417746.53
A0000325,2022-12,417746.53,67768.1,43841.98,441672.65
A0000325,2023-01,441672.65,93976.43,15682.12,519966.96
A0000325,2023-02,519966.96,92329.2,10802.57,601493.59
A0000325,2023-03,601493.59,77940.62,45974.36,633459.85
A0000325,2023-04,633459.85,76247.14,70190.53,639516.46
A0000325,2023-05,639516.46,75581.06,89038.73,626058.79
A0000325,2023-06,626058.79,73451.06,129946.99,569562.86
A0000325,2023-07,569562.86,93809.39,67713.59,595658.66
A0000325,2023-08,595658.66,6382.38,162655.97,439385.07
A0000325,2023-09,439385.07,96579.76,17626.31,518338.52
A0000325,2023-10,518338.52,76473.21,49914.15,544897.58
A0000325,2023-11,544897.58,115506.93,108416.09,551988.42
A0000325,2023-12,551988.42,140582.17,65989.75,626580.84
A0000325,2024-01,626580.84,177815.74,77562.14,726834.44
A0000325,2024-02,726834.44,114626.03,16296.23,825164.24
A0000325,2024-03,825164.24,66214.11,72617.88,818760.47
A0000325,2024-04,818760.47,116843.24,19084.09,916519.62
A0000325,2024-05,916519.62,130885.15,79098.4,968306.37
A0000325,2024-06,968306.37,642498.27,86084.81,1524719.83
A0000325,2024-07,1524719.83,170629.45,70413.09,1624936.19
A0000325,2024-08,1624936.19,279817.76,17222.93,1887531.02
A0000325,2024-09,1887531.02,83259.3,86414.53,1884375.79
A0000325,2024-10,1884375.79,129043.19,24175.23,1989243.75
A0000325,2024-11,1989243.75,86630.91,41633.54,2034241.12
A0000325,2024-12,2034241.12,164365.09,72015.16,2126591.05
A0000325,2025-01,2126591.05,100416.99,71034.61,2155973.43
A0000325,2025-02,2155973.43,198865.31,89500.49,2265338.25
A0000325,2025-03,2265338.25,80049.0,30869.06,2314518.19
A0000325,2025-04,2314518.19,117632.04,29565.45,2402584.78
A0000325,2025-05,2402584.78,453937.45,68076.0,2788446.23
A0000325,2025-06,2788446.23,108961.09,68853.31,2828554.01
A0000325,2025-07,2828554.01,127481.24,217770.55,2738264.7
A0000325,2025-08,2738264.7,195281.23,31059.45,2902486.48
A0000325,2025-09,2902486.48,120600.09,58761.85,2964324.72
A0000325,2025-10,2964324.72,145633.45,345917.62,2764040.55
A0000325,2025-11,2764040.55,115212.49,1143738.82,1735514.22
A0000325,2025-12,1735514.22,53804.03,41093.82,1748224.43
A0000325,2026-01,1748224.43,162712.83,115891.21,1795046.05
A0000325,2026-02,1795046.05,94910.52,64825.61,1825130.96
A0000325,2026-03,1825130.96,864582.29,68747.77,2620965.48
A0000325,2026-04,2620965.48,104176.9,15420.62,2709721.76
A0000325,2026-05,2709721.76,0.0,141558.39,2568163.37
A0000325,2026-06,2568163.37,109141.66,95978.51,2581326.52
A0000325,2026-07,2581326.52,99638.58,128553.54,2552411.56
A0000325,2026-08,2552411.56,200299.72,113209.23,2639502.05
A0000325,2026-09,2639502.05,106030.69,892673.41,1852859.33
A0000325,2026-10,1852859.33,111900.97,55655.11,1909105.19
A0000325,2026-11,1909105.19,92575.8,134712.17,1866968.82
A0000325,2026-12,1866968.82,234932.43,148436.21,1953465.04
A0000326,2021-01,287.55,24.35,0.0,311.9
A0000326,2021-02,311.9,0.0,50.03,261.87
A0000326,2021-03,261.87,111.86,0.0,373.73
A0000326,2021-04,373.73,223.35,0.0,597.08
A0000326,2021-05,597.08,0.0,0.0,597.08
A0000326,2021-06,597.08,0.0,0.0,597.08
A0000326,2021-07,597.08,0.0,229.23,367.85
A0000326,2021-08,367.85,30979.69,0.0,31347.54
A0000326,2021-09,31347.54,0.0,7344.43,24003.11
A0000326,2021-10,24003.11,11313.05,188.5,35127.66
A0000326,2021-11,35127.66,0.0,0.0,35127.66
A0000326,2021-12,35127.66,969.62,593.97,35503.31
A0000326,2022-01,35503.31,0.0,620.33,34882.98
A0000326,2022-02,34882.98,0.0,0.0,34882.98
A0000326,2022-03,34882.98,0.0,0.0,34882.98
A0000326,2022-04,34882.98,0.0,209.44,34673.54
A0000326,2022-05,34673.54,43697.27,0.0,78370.81
A0000326,2022-06,78370.81,0.0,26.74,78344.07
A0000326,2022-07,78344.07,0.0,10009.98,68334.09
A0000326,2022-08,68334.09,0.0,34834.53,33499.56
A0000326,2022-09,33499.56,0.0,107.62,33391.94
A0000326,2022-10,33391.94,0.0,0.0,33391.94
A0000326,2022-11,33391.94,0.0,0.0,33391.94
A0000326,2022-12,33391.94,0.0,0.0,33391.94
A0000326,2023-01,33391.94,1398.29,0.0,34790.23
A0000326,2023-02,34790.23,0.0,0.0,34790.23
A0000326,2023-03,34790.23,0.0,0.0,34790.23
A0000326,2023-04,34790.23,354.72,330.12,34814.83
A0000326,2023-05,34814.83,375.05,0.0,35189.88
A0000326,2023-06,35189.88,147.23,279.53,35057.58
A0000326,2023-07,35057.58,0.0,0.0,35057.58
A0000326,2023-08,35057.58,2867.9,0.0,37925.48
A0000326,2023-09,37925.48,0.0,0.0,37925.48
A0000326,2023-10,37925.48,0.0,0.0,37925.48
A0000326,2023-11,37925.48,0.0,0.0,37925.48
A0000326,2023-12,37925.48,0.0,0.0,37925.48
A0000326,2024-01,37925.48,189.27,593.77,37520.98
A0000326,2024-02,37520.98,30268.99,9954.13,57835.84
A0000326,2024-03,57835.84,4340.25,0.0,62176.09
A0000326,2024-04,62176.09,14939.24,27108.83,50006.5
A0000326,2024-05,50006.5,0.0,0.0,50006.5
A0000326,2024-06,50006.5,0.0,525.52,49480.98
A0000326,2024-07,49480.98,0.0,83.9,49397.08
A0000326,2024-08,49397.08,0.0,0.0,49397.08
A0000326,2024-09,49397.08,0.0,0.0,49397.08
A0000326,2024-10,49397.08,0.0,1458.99,47938.09
A0000326,2024-11,47938.09,0.0,0.0,47938.09
A0000326,2024-12,47938.09,189.85,0.0,48127.94
A0000326,2025-01,48127.94,0.0,0.0,48127.94
A0000326,2025-02,48127.94,0.0,0.0,48127.94
A0000326,2025-03,48127.94,0.0,0.0,48127.94
A0000326,2025-04,48127.94,0.0,131.39,47996.55
A0000326,2025-05,47996.55,0.0,0.0,47996.55
A0000326,2025-06,47996.55,173.02,0.0,48169.57
A0000326,2025-07,48169.57,0.0,3369.21,44800.36
A0000326,2025-08,44800.36,0.0,0.0,44800.36
A0000326,2025-09,44800.36,258.54,0.0,45058.9
A0000326,2025-10,45058.9,215.25,0.0,45274.15
A0000326,2025-11,45274.15,150.95,0.0,45425.1
A0000326,2025-12,45425.1,0.0,188.91,45236.19
A0000326,2026-01,45236.19,0.0,17661.27,27574.92
A0000326,2026-02,27574.92,150.21,221.89,27503.24
A0000326,2026-03,27503.24,584.72,248.63,27839.33
A0000326,2026-04,27839.33,163.19,0.0,28002.52
A0000326,2026-05,28002.52,0.0,58.94,27943.58
A0000326,2026-06,27943.58,0.0,0.0,27943.58
A0000326,2026-07,27943.58,0.0,626.74,27316.84
A0000326,2026-08,27316.84,0.0,0.0,27316.84
A0000326,2026-09,27316.84,0.0,0.0,27316.84
A0000326,2026-10,27316.84,2530.95,0.0,29847.79
A0000326,2026-11,29847.79,0.0,55.27,29792.52
A0000326,2026-12,29792.52,0.0,0.0,29792.52
A0000509,2021-01,71782.16,0.0,34695.83,37086.33
A0000509,2021-02,37086.33,111766.24,99394.26,49458.31
A0000509,2021-03,49458.31,111816.58,91129.92,70144.97
A0000509,2021-04,70144.97,162404.9,51881.29,180668.58
A0000509,2021-05,180668.58,125877.69,163163.83,143382.44
A0000509,2021-06,143382.44,43192.47,98704.09,87870.82
A0000509,2021-07,87870.82,97948.82,74426.18,111393.46
A0000509,2021-08,111393.46,61267.74,61380.2,111281.0
A0000509,2021-09,111281.0,49055.26,33842.21,126494.05
A0000509,2021-10,126494.05,53691.86,58788.67,121397.24
A0000509,2021-11,121397.24,44317.72,41302.69,124412.27
A0000509,2021-12,124412.27,103738.09,106551.29,121599.07
A0000509,2022-01,121599.07,157606.77,237707.85,41497.99
A0000509,2022-02,41497.99,129857.65,164623.05,6732.59
A0000509,2022-03,6732.59,248344.5,133808.55,121268.54
A0000509,2022-04,121268.54,86291.14,124069.08,83490.6
A0000509,2022-05,83490.6,6054.3,47069.25,42475.65
A0000509,2022-06,42475.65,0.0,8329.5,34146.15
A0000509,2022-07,34146.15,45141.57,30906.76,48380.96
A0000509,2022-08,48380.96,108834.34,87058.35,70156.95
A0000509,2022-09,70156.95,207552.88,145573.2,132136.63
A0000509,2022-10,132136.63,16438.61,10969.58,137605.66
A0000509,2022-11,137605.66,184226.35,165809.31,156022.7
A0000509,2022-12,156022.7,10528.19,158860.65,7690.24
A0000509,2023-01,7690.24,33420.01,17934.26,23175.99
A0000509,2023-02,23175.99,118472.68,62490.58,79158.09
A0000509,2023-03,79158.09,108178.26,175497.17,11839.18
A0000509,2023-04,11839.18,134550.82,73849.17,72540.83
A0000509,2023-05,72540.83,0.0,71815.08,725.75
A0000509,2023-06,725.75,210610.88,158034.32,53302.31
A0000509,2023-07,53302.31,49159.2,73575.8,28885.71
A0000509,2023-08,28885.71,154236.28,40097.01,143024.98
A0000509,2023-09,143024.98,0.0,23324.44,119700.54
A0000509,2023-10,119700.54,0.0,98950.14,20750.4
A0000509,2023-11,20750.4,289170.89,221434.35,88486.94
A0000509,2023-12,88486.94,19039.65,101592.31,5934.28
A0000509,2024-01,5934.28,54075.15,28161.85,31847.58
A0000509,2024-02,31847.58,183189.92,95871.56,119165.94
A0000509,2024-03,119165.94,429402.47,107367.33,441201.08
A0000509,2024-04,441201.08,64214.74,118704.16,386711.66
A0000509,2024-05,386711.66,315585.32,224142.39,478154.59
A0000509,2024-06,478154.59,52701.5,46724.15,484131.94
A0000509,2024-07,484131.94,169357.44,44565.83,608923.55
A0000509,2024-08,608923.55,146233.06,270611.14,484545.47
A0000509,2024-09,484545.47,213413.03,174189.22,523769.28
A0000509,2024-10,523769.28,116241.21,148902.05,491108.44
A0000509,2024-11,491108.44,106898.48,60924.56,537082.36
A0000509,2024-12,537082.36,37362.93,142115.85,432329.44
A0000509,2025-01,432329.44,11421.83,144746.01,299005.26
A0000509,2025-02,299005.26,882093.69,115405.47,1065693.48
A0000509,2025-03,1065693.48,8354.61,141945.83,932102.26
A0000509,2025-04,932102.26,21385.18,129362.93,824124.51
A0000509,2025-05,824124.51,0.0,37646.32,786478.19
A0000509,2025-06,786478.19,110584.27,356450.54,540611.92
A0000509,2025-07,540611.92,93849.76,157501.68,476960.0
A0000509,2025-08,476960.0,282669.65,466077.93,293551.72
A0000509,2025-09,293551.72,153217.08,183775.33,262993.47
A0000509,2025-10,262993.47,105244.13,50635.31,317602.29
A0000509,2025-11,317602.29,90018.18,238901.89,168718.58
A0000509,2025-12,168718.58,22122.51,133471.99,57369.1
A0000509,2026-01,57369.1,173888.97,48804.46,182453.61
A0000509,2026-02,182453.61,60634.74,65512.42,177575.93
A0000509,2026-03,177575.93,154510.14,52430.19,279655.88
A0000509,2026-04,279655.88,95238.28,199921.42,174972.74
A0000509,2026-05,174972.74,231626.08,129406.04,277192.78
A0000509,2026-06,277192.78,121732.61,116350.25,282575.14
A0000509,2026-07,282575.14,66318.31,221118.55,127774.9
A0000509,2026-08,127774.9,156123.58,127618.17,156280.31
A0000509,2026-09,156280.31,167199.57,106334.25,217145.63
A0000509,2026-10,217145.63,49334.53,65909.79,200570.37
A0000509,2026-11,200570.37,385570.58,47997.88,538143.07
A0000509,2026-12,538143.07,60142.83,509616.33,88669.57
A0000807,2021-01,34233.84,26250.04,47364.1,13119.78
A0000807,2021-02,13119.78,31728.57,41401.61,3446.74
A0000807,2021-03,3446.74,45094.81,26360.91,22180.64
A0000807,2021-04,22180.64,46523.19,45721.61,22982.22
A0000807,2021-05,22982.22,26447.09,19415.76,30013.55
A0000807,2021-06,30013.55,0.0,17935.4,12078.15
A0000807,2021-07,12078.15,82129.39,43711.01,50496.53
A0000807,2021-08,50496.53,23803.3,7171.22,67128.61
A0000807,2021-09,67128.61,4139.82,67806.67,3461.76
A0000807,2021-10,3461.76,17861.11,9456.96,11865.91
A0000807,2021-11,11865.91,0.0,9657.54,2208.37
A0000807,2021-12,2208.37,57527.39,9562.56,50173.2
A0000807,2022-01,50173.2,30469.09,15177.68,65464.61
A0000807,2022-02,65464.61,29883.81,22179.93,73168.49
A0000807,2022-03,73168.49,102727.41,18331.53,157564.37
A0000807,2022-04,157564.37,37658.09,54899.26,140323.2
A0000807,2022-05,140323.2,34081.9,53830.97,120574.13
A0000807,2022-06,120574.13,133411.19,59407.96,194577.36
A0000807,2022-07,194577.36,14536.6,69082.14,140031.82
A0000807,2022-08,140031.82,48900.19,122495.62,66436.39
A0000807,2022-09,66436.39,6476.37,54959.53,17953.23
A0000807,2022-10,17953.23,64992.34,33846.86,49098.71
A0000807,2022-11,49098.71,109040.62,74012.59,84126.74
A0000807,2022-12,84126.74,23549.0,69875.78,37799.96
A0000807,2023-01,37799.96,0.0,6556.76,31243.2
A0000807,2023-02,31243.2,106983.94,26725.97,111501.17
A0000807,2023-03,111501.17,10667.53,102638.16,19530.54
A0000807,2023-04,19530.54,25879.07,19806.27,25603.34
A0000807,2023-05,25603.34,30020.73,42446.94,13177.13
A0000807,2023-06,13177.13,57560.33,44915.74,25821.72
A0000807,2023-07,25821.72,60181.35,68767.29,17235.78
A0000807,2023-08,17235.78,57679.74,62744.04,12171.48
A0000807,2023-09,12171.48,369395.29,21617.67,359949.1
A0000807,2023-10,359949.1,183424.63,84820.36,458553.37
A0000807,2023-11,458553.37,19230.44,54919.58,422864.23
A0000807,2023-12,422864.23,203130.88,182915.8,443079.31
A0000807,2024-01,443079.31,1624.58,133529.47,311174.42
A0000807,2024-02,311174.42,89539.89,116328.59,284385.72
A0000807,2024-03,284385.72,9060.96,38220.55,255226.13
A0000807,2024-04,255226.13,167246.81,239567.77,182905.17
A0000807,2024-05,182905.17,10271.37,55212.0,137964.54
A0000807,2024-06,137964.54,265673.79,126363.56,277274.77
A0000807,2024-07,277274.77,43351.74,24121.19,296505.32
A0000807,2024-08,296505.32,8337.17,8929.45,295913.04
A0000807,2024-09,295913.04,14242.32,30002.94,280152.42
A0000807,2024-10,280152.42,115978.35,50267.89,345862.88
A0000807,2024-11,345862.88,161307.26,134483.66,372686.48
A0000807,2024-12,372686.48,15972.61,44159.12,344499.97
A0000807,2025-01,344499.97,456500.04,133570.48,667429.53
A0000807,2025-02,667429.53,41496.7,156572.54,552353.69
A0000807,2025-03,552353.69,29396.42,55262.97,526487.14
A0000807,2025-04,526487.14,31312.69,59866.22,497933.61
A0000807,2025-05,497933.61,540679.04,106688.25,931924.4
A0000807,2025-06,931924.4,82721.32,75571.33,939074.39
A0000807,2025-07,939074.39,33824.33,31393.44,941505.28
A0000807,2025-08,941505.28,85268.81,126813.89,899960.2
A0000807,2025-09,899960.2,18558.9,48000.02,870519.08
A0000807,2025-10,870519.08,22672.59,97294.25,795897.42
A0000807,2025-11,795897.42,51771.95,62286.69,785382.68
A0000807,2025-12,785382.68,69127.73,351463.3,503047.11
A0000807,2026-01,503047.11,67813.87,71252.95,499608.03
A0000807,2026-02,499608.03,19096.74,34765.92,483938.85
A0000807,2026-03,483938.85,24711.6,270072.03,238578.42
A0000807,2026-04,238578.42,106250.89,45706.51,299122.8
A0000807,2026-05,299122.8,27423.93,69352.26,257194.47
A0000807,2026-06,257194.47,100302.86,124928.96,232568.37
A0000807,2026-07,232568.37,39566.21,119800.43,152334.15
A0000807,2026-08,152334.15,64027.34,57939.89,158421.6
A0000807,2026-09,158421.6,94550.44,98508.62,154463.42
A0000807,2026-10,154463.42,89630.33,11132.9,232960.85
A0000807,2026-11,232960.85,23942.55,52804.04,204099.36
A0000807,2026-12,204099.36,109446.18,233581.6,79963.94
A0000819,2021-01,97999.08,47479.08,66614.69,78863.47
A0000819,2021-02,78863.47,47413.24,21726.11,104550.6
A0000819,2021-03,104550.6,7173.35,36529.8,75194.15
A0000819,2021-04,75194.15,50008.05,77605.34,47596.86
A0000819,2021-05,47596.86,90844.47,56329.88,82111.45
A0000819,2021-06,82111.45,61407.43,57723.91,85794.97
A0000819,2021-07,85794.97,61357.29,46155.66,100996.6
A0000819,2021-08,100996.6,85930.55,8706.67,178220.48
A0000819,2021-09,178220.48,68228.89,138159.81,108289.56
A0000819,2021-10,108289.56,41327.69,38209.2,111408.05
A0000819,2021-11,111408.05,97042.54,34305.1,174145.49
A0000819,2021-12,174145.49,79553.32,124589.0,129109.81
A0000819,2022-01,129109.81,56323.9,87124.8,98308.91
A0000819,2022-02,98308.91,11664.47,63954.75,46018.63
A0000819,2022-03,46018.63,131432.22,67333.57,110117.28
A0000819,2022-04,110117.28,32999.35,54390.15,88726.48
A0000819,2022-05,88726.48,54540.04,142836.02,430.5
A0000819,2022-06,430.5,24693.79,3647.24,21477.05
A0000819,2022-07,21477.05,236674.06,85863.32,172287.79
A0000819,2022-08,172287.79,195111.71,235891.62,131507.88
A0000819,2022-09,131507.88,34350.85,52808.46,113050.27
A0000819,2022-10,113050.27,90121.4,70806.09,132365.58
A0000819,2022-11,132365.58,47134.68,48090.05,131410.21
A0000819,2022-12,131410.21,54916.49,91184.95,95141.75
A0000819,2023-01,95141.75,59464.31,152897.02,1709.04
A0000819,2023-02,1709.04,67826.04,44209.97,25325.11
A0000819,2023-03,25325.11,51885.39,42131.58,35078.92
A0000819,2023-04,35078.92,1117420.74,54459.86,1098039.8
A0000819,2023-05,1098039.8,95062.63,44232.02,1148870.41
A0000819,2023-06,1148870.41,128705.06,77537.47,1200038.0
A0000819,2023-07,1200038.0,27785.66,13194.6,1214629.06
A0000819,2023-08,1214629.06,88189.21,246830.12,1055988.15
A0000819,2023-09,1055988.15,62860.56,58310.79,1060537.92
A0000819,2023-10,1060537.92,21191.98,125518.1,956211.8
A0000819,2023-11,956211.8,217311.68,45939.74,1127583.74
A0000819,2023-12,1127583.74,40782.09,48106.03,1120259.8
A0000819,2024-01,1120259.8,458018.84,34014.81,1544263.83
A0000819,2024-02,1544263.83,37565.45,120260.29,1461568.99
A0000819,2024-03,1461568.99,14614.64,51658.18,1424525.45
A0000819,2024-04,1424525.45,65304.15,234745.48,1255084.12
A0000819,2024-05,1255084.12,146557.5,53315.01,1348326.61
A0000819,2024-06,1348326.61,43580.8,62124.17,1329783.24
A0000819,2024-07,1329783.24,81610.0,43209.05,1368184.19
A0000819,2024-08,1368184.19,51339.3,38313.39,1381210.1
A0000819,2024-09,1381210.1,68694.98,95883.88,1354021.2
A0000819,2024-10,1354021.2,55364.38,149471.4,1259914.18
A0000819,2024-11,1259914.18,117163.33,41593.22,1335484.29
A0000819,2024-12,1335484.29,150335.68,88208.15,1397611.82
A0000819,2025-01,1397611.82,37391.31,60803.9,1374199.23
A0000819,2025-02,1374199.23,16826.78,15445.25,1375580.76
A0000819,2025-03,1375580.76,115893.14,110482.61,1380991.29
A0000819,2025-04,1380991.29,399108.07,194317.62,1585781.74
A0000819,2025-05,1585781.74,66111.33,83533.5,1568359.57
A0000819,2025-06,1568359.57,68193.0,138599.22,1497953.35
A0000819,2025-07,1497953.35,72588.26,29542.25,1540999.36
A0000819,2025-08,1540999.36,81383.59,78371.13,1544011.82
A0000819,2025-09,1544011.82,124538.81,377408.94,1291141.69
A0000819,2025-10,1291141.69,197788.12,143427.9,1345501.91
A0000819,2025-11,1345501.91,60830.1,43723.0,1362609.01
A0000819,2025-12,1362609.01,322703.23,47243.04,1638069.2
A0000819,2026-01,1638069.2,106095.94,319043.56,1425121.58
A0000819,2026-02,1425121.58,105271.99,78238.86,1452154.71
A0000819,2026-03,1452154.71,122386.66,30939.3,1543602.07
A0000819,2026-04,1543602.07,26956.26,93155.32,1477403.01
A0000819,2026-05,1477403.01,65922.03,122856.26,1420468.78
A0000819,2026-06,1420468.78,107014.37,90421.08,1437062.07
A0000819,2026-07,1437062.07,153308.18,46700.51,1543669.74
A0000819,2026-08,1543669.74,115410.47,33625.71,1625454.5
A0000819,2026-09,1625454.5,115749.01,50295.65,1690907.86
A0000819,2026-10,1690907.86,199985.94,180588.31,1710305.49
A0000819,2026-11,1710305.49,33643.74,112172.2,1631777.03
A0000819,2026-12,1631777.03,36713.98,61864.39,1606626.62
A0000896,2021-01,147655.8,69690.04,205532.1,11813.74
A0000896,2021-02,11813.74,44189.8,54324.5,1679.04
A0000896,2021-03,1679.04,75914.47,68782.91,8810.6
A0000896,2021-04,8810.6,58001.08,63421.47,3390.21
A0000896,2021-05,3390.21,284073.61,68738.6,218725.22
A0000896,2021-06,218725.22,64368.08,39940.43,243152.87
A0000896,2021-07,243152.87,65196.24,128448.07,179901.04
A0000896,2021-08,179901.04,64909.94,161791.69,83019.29
A0000896,2021-09,83019.29,321396.37,42747.14,361668.52
A0000896,2021-10,361668.52,65318.88,40104.39,386883.01
A0000896,2021-11,386883.01,54352.51,8007.57,433227.95
A0000896,2021-12,433227.95,49029.89,27951.61,454306.23
A0000896,2022-01,454306.23,28988.34,28263.38,455031.19
A0000896,2022-02,455031.19,57724.59,86945.75,425810.03
A0000896,2022-03,425810.03,75042.94,67648.22,433204.75
A0000896,2022-04,433204.75,49092.74,54489.4,427808.09
A0000896,2022-05,427808.09,57050.91,91615.71,393243.29
A0000896,2022-06,393243.29,95885.97,65261.55,423867.71
A0000896,2022-07,423867.71,63223.37,46844.33,440246.75
A0000896,2022-08,440246.75,55870.09,27614.44,468502.4
A0000896,2022-09,468502.4,74181.2,46793.08,495890.52
A0000896,2022-10,495890.52,54216.23,80173.54,469933.21
A0000896,2022-11,469933.21,51090.65,117900.15,403123.71
A0000896,2022-12,403123.71,64058.37,56555.16,410626.92
A0000896,2023-01,410626.92,71618.05,69700.61,412544.36
A0000896,2023-02,412544.36,105585.93,133181.47,384948.82
A0000896,2023-03,384948.82,167587.72,97053.89,455482.65
A0000896,2023-04,455482.65,77661.4,154987.98,378156.07
A0000896,2023-05,378156.07,45267.29,57808.01,365615.35
A0000896,2023-06,365615.35,533193.14,47950.19,850858.3
A0000896,2023-07,850858.3,80911.78,93475.87,838294.21
A0000896,2023-08,838294.21,56272.41,18844.36,875722.26
A0000896,2023-09,875722.26,180685.36,380472.88,675934.74
A0000896,2023-10,675934.74,85147.08,78192.27,682889.55
A0000896,2023-11,682889.55,92879.87,59329.2,716440.22
A0000896,2023-12,716440.22,146770.5,84417.94,778792.78
A0000896,2024-01,778792.78,62953.65,78901.01,762845.42
A0000896,2024-02,762845.42,93940.54,69421.2,787364.76
A0000896,2024-03,787364.76,94900.21,97779.25,784485.72
A0000896,2024-04,784485.72,748197.34,171142.29,1361540.77
A0000896,2024-05,1361540.77,204073.07,84865.35,1480748.49
A0000896,2024-06,1480748.49,14869.11,116892.92,1378724.68
A0000896,2024-07,1378724.68,144886.89,64298.36,1459313.21
A0000896,2024-08,1459313.21,111862.92,180254.11,1390922.02
A0000896,2024-09,1390922.02,62473.11,102762.48,1350632.65
A0000896,2024-10,1350632.65,810366.43,80135.16,2080863.92
A0000896,2024-11,2080863.92,76696.34,97739.79,2059820.47
A0000896,2024-12,2059820.47,30542.26,118976.85,1971385.88
A0000896,2025-01,1971385.88,111670.02,122477.53,1960578.37
A0000896,2025-02,1960578.37,60601.94,55145.34,1966034.97
A0000896,2025-03,1966034.97,176974.41,93233.79,2049775.59
A0000896,2025-04,2049775.59,61534.79,95824.02,2015486.36
A0000896,2025-05,2015486.36,78701.21,168997.02,1925190.55
A0000896,2025-06,1925190.55,67075.34,84658.7,1907607.19
A0000896,2025-07,1907607.19,109905.09,135843.83,1881668.45
A0000896,2025-08,1881668.45,107528.81,135400.16,1853797.1
A0000896,2025-09,1853797.1,108996.68,303612.86,1659180.92
A0000896,2025-10,1659180.92,126180.92,119681.31,1665680.53
A0000896,2025-11,1665680.53,72912.44,90294.4,1648298.57
A0000896,2025-12,1648298.57,40468.14,607888.04,1080878.67
A0000896,2026-01,1080878.67,407196.27,216806.73,1271268.21
A0000896,2026-02,1271268.21,83531.29,182960.47,1171839.03
A0000896,2026-03,1171839.03,196577.23,220094.67,1148321.59
A0000896,2026-04,1148321.59,87384.16,160930.89,1074774.86
A0000896,2026-05,1074774.86,71904.33,65550.55,1081128.64
A0000896,2026-06,1081128.64,65082.43,93184.14,1053026.93
A0000896,2026-07,1053026.93,40384.28,84891.53,1008519.68
A0000896,2026-08,1008519.68,264715.93,204448.52,1068787.09
A0000896,2026-09,1068787.09,174434.96,308411.67,934810.38
A0000896,2026-10,934810.38,134754.27,279356.5,790208.15
A0000896,2026-11,790208.15,88767.36,147308.52,731666.99
A0000896,2026-12,731666.99,105716.05,186485.44,650897.6
A0000995,2021-01,5575.21,55022.32,40632.75,19964.78
A0000995,2021-02,19964.78,95198.34,27230.21,87932.91
A0000995,2021-03,87932.91,91985.78,131332.79,48585.9
A0000995,2021-04,48585.9,12401.26,39141.43,21845.73
A0000995,2021-05,21845.73,50366.46,63181.88,9030.31
A0000995,2021-06,9030.31,162544.04,37740.73,133833.62
A0000995,2021-07,133833.62,72088.14,187123.62,18798.14
A0000995,2021-08,18798.14,52963.78,46567.3,25194.62
A0000995,2021-09,25194.62,77824.12,102351.03,667.71
A0000995,2021-10,667.71,161336.59,103374.12,58630.18
A0000995,2021-11,58630.18,73692.46,18264.36,114058.28
A0000995,2021-12,114058.28,54174.21,47938.2,120294.29
A0000995,2022-01,120294.29,111487.63,70549.59,161232.33
A0000995,2022-02,161232.33,142748.46,45369.28,258611.51
A0000995,2022-03,258611.51,44131.4,53354.21,249388.7
A0000995,2022-04,249388.7,136574.01,115155.97,270806.74
A0000995,2022-05,270806.74,59202.23,164841.77,165167.2
A0000995,2022-06,165167.2,96459.56,128119.1,133507.66
A0000995,2022-07,133507.66,52331.55,112524.8,73314.41
A0000995,2022-08,73314.41,48167.77,61749.39,59732.79
A0000995,2022-09,59732.79,201941.39,60141.8,201532.38
A0000995,2022-10,201532.38,66596.94,53148.12,214981.2
A0000995,2022-11,214981.2,711909.4,378819.77,548070.83
A0000995,2022-12,548070.83,131800.07,168337.47,511533.43
A0000995,2023-01,511533.43,104771.63,149860.95,466444.11
A0000995,2023-02,466444.11,91236.99,84774.5,472906.6
A0000995,2023-03,472906.6,61120.65,50875.55,483151.7
A0000995,2023-04,483151.7,70825.64,102050.87,451926.47
A0000995,2023-05,451926.47,66315.12,99308.63,418932.96
A0000995,2023-06,418932.96,92475.29,62030.29,449377.96
A0000995,2023-07,449377.96,105148.35,340870.63,213655.68
A0000995,2023-08,213655.68,290684.45,16941.14,487398.99
A0000995,2023-09,487398.99,95535.21,79948.64,502985.56
A0000995,2023-10,502985.56,160912.28,112223.59,551674.25
A0000995,2023-11,551674.25,143239.76,155310.9,539603.11
A0000995,2023-12,539603.11,59528.01,100039.34,499091.78
A0000995,2024-01,499091.78,170196.99,278942.56,390346.21
A0000995,2024-02,390346.21,74045.99,85149.58,379242.62
A0000995,2024-03,379242.62,183935.0,154434.01,408743.61
A0000995,2024-04,408743.61,88005.22,191127.61,305621.22
A0000995,2024-05,305621.22,75369.13,147453.2,233537.15
A0000995,2024-06,233537.15,182518.15,117395.06,298660.24
A0000995,2024-07,298660.24,99020.15,183638.31,214042.08
A0000995,2024-08,214042.08,193267.64,185175.44,222134.28
A0000995,2024-09,222134.28,125221.21,345063.38,2292.11
A0000995,2024-10,2292.11,134342.1,1651.38,134982.83
A0000995,2024-11,134982.83,145970.85,90686.94,190266.74
A0000995,2024-12,190266.74,75479.97,29516.67,236230.04
A0000995,2025-01,236230.04,114436.11,101586.91,249079.24
A0000995,2025-02,249079.24,106807.03,74654.05,281232.22
A0000995,2025-03,281232.22,1430921.48,141737.7,1570416.0
A0000995,2025-04,1570416.0,115116.57,244488.38,1441044.19
A0000995,2025-05,1441044.19,129809.93,69746.21,1501107.91
A0000995,2025-06,1501107.91,112783.88,170721.23,1443170.56
A0000995,2025-07,1443170.56,91273.6,22064.27,1512379.89
A0000995,2025-08,1512379.89,75868.17,144351.13,1443896.93
A0000995,2025-09,1443896.93,53421.15,150911.59,1346406.49
A0000995,2025-10,1346406.49,117706.38,143940.41,1320172.46
A0000995,2025-11,1320172.46,107018.78,71036.47,1356154.77
A0000995,2025-12,1356154.77,172035.88,182705.02,1345485.63
A0000995,2026-01,1345485.63,45444.3,73335.74,1317594.19
A0000995,2026-02,1317594.19,65308.16,165283.59,1217618.76
A0000995,2026-03,1217618.76,99247.16,63683.39,1253182.53
A0000995,2026-04,1253182.53,89351.25,71428.19,1271105.59
A0000995,2026-05,1271105.59,84154.63,21107.34,1334152.88
A0000995,2026-06,1334152.88,145780.12,97148.87,1382784.13
A0000995,2026-07,1382784.13,102693.53,178687.73,1306789.93
A0000995,2026-08,1306789.93,148377.08,250897.37,1204269.64
A0000995,2026-09,1204269.64,250084.47,89872.91,1364481.2
A0000995,2026-10,1364481.2,92548.08,41092.45,1415936.83
A0000995,2026-11,1415936.83,4293510.52,122522.34,5586925.01
A0000995,2026-12,5586925.01,147840.46,138641.58,5596123.89
A0001134,2021-01,27353.11,45779.03,17165.87,55966.27
A0001134,2021-02,55966.27,22525.82,21088.01,57404.08
A0001134,2021-03,57404.08,63563.34,66050.97,54916.45
A0001134,2021-04,54916.45,42782.07,96749.55,948.97
A0001134,2021-05,948.97,65575.63,57664.13,8860.47
A0001134,2021-06,8860.47,2527.2,9073.38,2314.29
A0001134,2021-07,2314.29,110065.18,66289.41,46090.06
A0001134,2021-08,46090.06,27811.17,70729.29,3171.94
A0001135,2021-01,28322.3,0.0,0.0,28322.3
A0001135,2021-02,28322.3,3605.94,4648.69,27279.55
A0001135,2021-03,27279.55,0.0,3102.42,24177.13
A0001135,2021-04,24177.13,11739.44,34909.12,1007.45
A0001309,2021-01,41998.65,0.0,998.51,41000.14
A0001309,2021-02,41000.14,75834.05,115911.56,922.63
A0001309,2021-03,922.63,52964.36,18261.96,35625.03
A0001309,2021-04,35625.03,71886.12,13925.34,93585.81
A0001309,2021-05,93585.81,0.0,76522.56,17063.25
A0001309,2021-06,17063.25,127538.54,96116.69,48485.1
A0001309,2021-07,48485.1,24208.44,14049.4,58644.14
A0001309,2021-08,58644.14,0.0,45124.14,13520.0
A0001309,2021-09,13520.0,153455.41,43873.44,123101.97
A0001309,2021-10,123101.97,421004.33,102671.07,441435.23
A0001309,2021-11,441435.23,25610.4,75437.63,391608.0
A0001309,2021-12,391608.0,199728.11,104474.6,486861.51
A0001309,2022-01,486861.51,12072.82,72073.78,426860.55
A0001309,2022-02,426860.55,71074.62,93008.57,404926.6
A0001309,2022-03,404926.6,15229.09,95093.4,325062.29
A0001309,2022-04,325062.29,12403.23,46041.58,291423.94
A0001309,2022-05,291423.94,37130.55,23045.76,305508.73
A0001309,2022-06,305508.73,0.0,79818.7,225690.03
A0001309,2022-07,225690.03,34487.65,55157.21,205020.47
A0001309,2022-08,205020.47,100151.23,30106.82,275064.88
A0001309,2022-09,275064.88,75172.48,39943.1,310294.26
A0001309,2022-10,310294.26,13066.64,76832.11,246528.79
A0001309,2022-11,246528.79,61082.88,97130.25,210481.42
A0001309,2022-12,210481.42,70356.07,27272.18,253565.31
A0001309,2023-01,253565.31,236578.61,95280.57,394863.35
A0001309,2023-02,394863.35,0.0,188863.19,206000.16
A0001309,2023-03,206000.16,64807.87,122125.56,148682.47
A0001309,2023-04,148682.47,97054.27,13029.83,232706.91
A0001309,2023-05,232706.91,70808.16,67661.36,235853.71
A0001309,2023-06,235853.71,123034.5,45005.95,313882.26
A0001309,2023-07,313882.26,229267.87,163956.57,379193.56
A0001309,2023-08,379193.56,82660.42,34588.38,427265.6
A0001309,2023-09,427265.6,187127.89,53689.06,560704.43
A0001309,2023-10,560704.43,1958645.16,12856.82,2506492.77
A0001309,2023-11,2506492.77,57428.86,110372.4,2453549.23
A0001309,2023-12,2453549.23,84484.49,187833.05,2350200.67
A0001309,2024-01,2350200.67,103789.64,82852.74,2371137.57
A0001309,2024-02,2371137.57,53865.21,67568.75,2357434.03
A0001309,2024-03,2357434.03,22421.64,151362.53,2228493.14
A0001309,2024-04,2228493.14,46915.56,33391.01,2242017.69
A0001309,2024-05,2242017.69,23361.0,83030.0,2182348.69
A0001309,2024-06,2182348.69,46185.04,145411.89,2083121.84
A0001309,2024-07,2083121.84,9244.42,78373.57,2013992.69
A0001309,2024-08,2013992.69,16401.14,49116.46,1981277.37
A0001309,2024-09,1981277.37,42306.5,123500.14,1900083.73
A0001309,2024-10,1900083.73,102356.8,209019.64,1793420.89
A0001309,2024-11,1793420.89,137152.94,168942.24,1761631.59
A0001309,2024-12,1761631.59,5628.84,81766.21,1685494.22
A0001309,2025-01,1685494.22,120852.12,26174.4,1780171.94
A0001309,2025-02,1780171.94,160277.49,370433.64,1570015.79
A0001309,2025-03,1570015.79,61978.48,84932.18,1547062.09
A0001309,2025-04,1547062.09,77089.5,1468670.72,155480.87
A0001309,2025-05,155480.87,87948.87,31234.33,212195.41
A0001309,2025-06,212195.41,86650.3,111910.72,186934.99
A0001309,2025-07,186934.99,29408.88,56178.47,160165.4
A0001309,2025-08,160165.4,0.0,17586.95,142578.45
A0001309,2025-09,142578.45,78157.41,59869.04,160866.82
A0001309,2025-10,160866.82,0.0,22632.35,138234.47
A0001309,2025-11,138234.47,53388.58,28643.6,162979.45
A0001309,2025-12,162979.45,99223.35,68749.16,193453.64
A0001309,2026-01,193453.64,65099.65,117233.9,141319.39
A0001309,2026-02,141319.39,91404.98,59325.24,173399.13
A0001309,2026-03,173399.13,20111.5,116582.62,76928.01
A0001309,2026-04,76928.01,19343.75,22556.21,73715.55
A0001309,2026-05,73715.55,30221.02,30613.56,73323.01
A0001309,2026-06,73323.01,3119.89,20839.03,55603.87
A0001309,2026-07,55603.87,0.0,50780.94,4822.93
A0001309,2026-08,4822.93,82842.46,13130.53,74534.86
A0001309,2026-09,74534.86,33586.95,100899.27,7222.54
A0001309,2026-10,7222.54,38043.55,31663.3,13602.79
A0001309,2026-11,13602.79,64172.76,37053.98,40721.57
A0001309,2026-12,40721.57,31566.87,60617.33,11671.11
A0001337,2021-01,43800.07,37622.41,80624.39,798.09
A0001337,2021-02,798.09,107122.58,47434.59,60486.08
A0001337,2021-03,60486.08,23595.18,39537.19,44544.07
A0001337,2021-04,44544.07,45761.65,64055.41,26250.31
A0001337,2021-05,26250.31,450105.93,62870.28,413485.96
A0001337,2021-06,413485.96,71813.62,84673.8,400625.78
A0001337,2021-07,400625.78,109269.69,410128.51,99766.96
A0001337,2021-08,99766.96,30446.12,64264.24,65948.84
A0001337,2021-09,65948.84,277181.61,86603.27,256527.18
A0001337,2021-10,256527.18,66381.84,79270.91,243638.11
A0001337,2021-11,243638.11,52916.8,74835.09,221719.82
A0001337,2021-12,221719.82,111314.83,64653.5,268381.15
A0001337,2022-01,268381.15,12320.73,48031.69,232670.19
A0001337,2022-02,232670.19,29261.79,10361.06,251570.92
A0001337,2022-03,251570.92,90948.62,5294.87,337224.67
A0001337,2022-04,337224.67,39953.12,247207.6,129970.19
A0001337,2022-05,129970.19,32071.76,103467.46,58574.49
A0001337,2022-06,58574.49,1606929.51,51912.14,1613591.86
A0001337,2022-07,1613591.86,121597.46,89118.43,1646070.89
A0001337,2022-08,1646070.89,31250.26,94720.42,1582600.73
A0001337,2022-09,1582600.73,84540.88,116420.75,1550720.86
A0001337,2022-10,1550720.86,163556.69,257735.2,1456542.35
A0001337,2022-11,1456542.35,29793.26,85990.34,1400345.27
A0001337,2022-12,1400345.27,16165.59,84486.77,1332024.09
A0001337,2023-01,1332024.09,124549.38,170414.58,1286158.89
A0001337,2023-02,1286158.89,180758.46,211722.26,1255195.09
A0001337,2023-03,1255195.09,0.0,64282.53,1190912.56
A0001337,2023-04,1190912.56,186629.06,88138.35,1289403.27
A0001337,2023-05,1289403.27,88606.64,82319.11,1295690.8
A0001337,2023-06,1295690.8,47323.68,63238.93,1279775.55
A0001337,2023-07,1279775.55,65301.15,158466.25,1186610.45
A0001337,2023-08,1186610.45,53905.71,94993.7,1145522.46
A0001337,2023-09,1145522.46,50358.62,46295.1,1149585.98
A0001337,2023-10,1149585.98,29228.13,228870.34,949943.77
A0001337,2023-11,949943.77,29212.29,69221.43,909934.63
A0001337,2023-12,909934.63,150481.74,221833.54,838582.83
A0001337,2024-01,838582.83,21803.56,123799.8,736586.59
A0001337,2024-02,736586.59,203200.18,113715.58,826071.19
A0001337,2024-03,826071.19,240496.92,120489.92,946078.19
A0001337,2024-04,946078.19,252843.7,431963.77,766958.12
A0001337,2024-05,766958.12,72805.69,148538.44,691225.37
A0001337,2024-06,691225.37,152127.12,155835.2,687517.29
A0001337,2024-07,687517.29,105198.17,90805.84,701909.62
A0001337,2024-08,701909.62,88347.02,217527.74,572728.9
A0001337,2024-09,572728.9,101740.74,497624.73,176844.91
A0001337,2024-10,176844.91,69880.55,212710.39,34015.07
A0001337,2024-11,34015.07,44006.54,33229.91,44791.7
A0001337,2024-12,44791.7,360806.07,129940.39,275657.38
A0001337,2025-01,275657.38,98202.23,89623.74,284235.87
A0001337,2025-02,284235.87,111471.48,293591.4,102115.95
A0001337,2025-03,102115.95,61545.61,104125.03,59536.53
A0001337,2025-04,59536.53,11320.43,68061.63,2795.33
A0001337,2025-05,2795.33,91686.02,44500.16,49981.19
A0001337,2025-06,49981.19,57791.55,45357.56,62415.18
A0001337,2025-07,62415.18,30721.2,86042.42,7093.96
A0001337,2025-08,7093.96,214491.86,44050.94,177534.88
A0001337,2025-09,177534.88,119070.93,202163.92,94441.89
A0001337,2025-10,94441.89,120934.03,209562.38,5813.54
A0001337,2025-11,5813.54,494061.48,239068.21,260806.81
A0001337,2025-12,260806.81,37331.43,147843.69,150294.55
A0001337,2026-01,150294.55,4097.75,70131.13,84261.17
A0001337,2026-02,84261.17,25313.86,91163.04,18411.99
A0001337,2026-03,18411.99,118726.7,63272.63,73866.06
A0001337,2026-04,73866.06,14231.56,85457.29,2640.33
A0001337,2026-05,2640.33,31538.77,0.0,34179.1
A0001337,2026-06,34179.1,328338.69,272026.88,90490.91
A0001337,2026-07,90490.91,233130.83,168904.2,154717.54
A0001337,2026-08,154717.54,74240.27,76663.34,152294.47
A0001337,2026-09,152294.47,105291.16,64226.52,193359.11
A0001337,2026-10,193359.11,67230.4,157255.98,103333.53
A0001337,2026-11,103333.53,94052.49,133180.56,64205.46
A0001337,2026-12,64205.46,56188.14,113533.16,6860.44
A0001485,2021-01,141960.21,187744.51,152264.04,177440.68
A0001485,2021-02,177440.68,117387.08,124047.3,170780.46
A0001485,2021-03,170780.46,165646.95,247180.22,89247.19
A0001485,2021-04,89247.19,166940.96,253480.6,2707.55
A0001485,2021-05,2707.55,142380.11,30846.69,114240.97
A0001485,2021-06,114240.97,66568.04,92353.99,88455.02
A0001485,2021-07,88455.02,247523.18,71576.2,264402.0
A0001485,2021-08,264402.0,241914.38,288311.95,218004.43
A0001485,2021-09,218004.43,108850.95,115277.58,211577.8
A0001485,2021-10,211577.8,171875.28,147613.15,235839.93
A0001485,2021-11,235839.93,118835.18,25345.79,329329.32
A0001485,2021-12,329329.32,143843.93,144202.74,328970.51
A0001485,2022-01,328970.51,99013.78,53736.43,374247.86
A0001485,2022-02,374247.86,63954.85,102361.73,335840.98
A0001485,2022-03,335840.98,323095.7,388626.63,270310.05
A0001485,2022-04,270310.05,3552432.71,101869.41,3720873.35
A0001485,2022-05,3720873.35,149735.73,109711.23,3760897.85
A0001485,2022-06,3760897.85,107606.12,84002.23,3784501.74
A0001485,2022-07,3784501.74,166712.41,147266.13,3803948.02
A0001485,2022-08,3803948.02,211252.12,128534.06,3886666.08
A0001485,2022-09,3886666.08,345721.68,31409.33,4200978.43
A0001485,2022-10,4200978.43,126567.22,198072.77,4129472.88
A0001485,2022-11,4129472.88,184670.46,187250.61,4126892.73
A0001485,2022-12,4126892.73,142477.87,150812.18,4118558.42
A0001485,2023-01,4118558.42,21007.55,194442.75,3945123.22
A0001485,2023-02,3945123.22,202891.88,983658.98,3164356.12
A0001485,2023-03,3164356.12,140780.38,210851.83,3094284.67
A0001485,2023-04,3094284.67,143627.04,186415.5,3051496.21
A0001485,2023-05,3051496.21,130292.48,285136.85,2896651.84
A0001485,2023-06,2896651.84,79239.54,21205.53,2954685.85
A0001485,2023-07,2954685.85,123755.16,412240.84,2666200.17
A0001485,2023-08,2666200.17,122685.84,172007.34,2616878.67
A0001485,2023-09,2616878.67,143148.65,161361.52,2598665.8
A0001485,2023-10,2598665.8,180993.08,281836.04,2497822.84
A0001485,2023-11,2497822.84,221607.85,146933.21,2572497.48
A0001485,2023-12,2572497.48,37033.74,332846.23,2276684.99
A0001485,2024-01,2276684.99,194309.35,134357.92,2336636.42
A0001485,2024-02,2336636.42,24694.5,242511.01,2118819.91
A0001485,2024-03,2118819.91,55796.63,349351.34,1825265.2
A0001485,2024-04,1825265.2,126293.43,562036.17,1389522.46
A0001485,2024-05,1389522.46,254988.69,321851.97,1322659.18
A0001485,2024-06,1322659.18,144339.45,337105.77,1129892.86
A0001485,2024-07,1129892.86,628399.68,149654.08,1608638.46
A0001485,2024-08,1608638.46,205954.58,171169.9,1643423.14
A0001485,2024-09,1643423.14,138873.97,165585.7,1616711.41
A0001485,2024-10,1616711.41,228343.55,291625.74,1553429.22
A0001485,2024-11,1553429.22,161659.09,401136.24,1313952.07
A0001485,2024-12,1313952.07,183348.39,261593.63,1235706.83
A0001485,2025-01,1235706.83,178247.08,179076.92,1234876.99
A0001485,2025-02,1234876.99,154438.77,336522.01,1052793.75
A0001485,2025-03,1052793.75,435040.35,306337.5,1181496.6
A0001485,2025-04,1181496.6,160800.84,197957.05,1144340.39
A0001485,2025-05,1144340.39,170801.17,52806.16,1262335.4
A0001485,2025-06,1262335.4,266329.48,238658.01,1290006.87
A0001485,2025-07,1290006.87,175583.44,304686.48,1160903.83
A0001485,2025-08,1160903.83,472615.91,560955.06,1072564.68
A0001486,2021-01,10068.21,0.0,0.0,10068.21
A0001486,2021-02,10068.21,831.12,0.0,10899.33
A0001486,2021-03,10899.33,155.27,369.67,10684.93
A0001486,2021-04,10684.93,0.0,0.0,10684.93
A0001486,2021-05,10684.93,0.0,0.0,10684.93
A0001486,2021-06,10684.93,0.0,274.75,10410.18
A0001486,2021-07,10410.18,0.0,0.0,10410.18
A0001486,2021-08,10410.18,556.36,250.53,10716.01
A0001486,2021-09,10716.01,0.0,674.3,10041.71
A0001486,2021-10,10041.71,366.98,7305.1,3103.59
A0001486,2021-11,3103.59,1060.4,0.0,4163.99
A0001486,2021-12,4163.99,104.01,875.32,3392.68
A0001486,2022-01,3392.68,107.08,1152.77,2346.99
A0001486,2022-02,2346.99,0.0,0.0,2346.99
A0001486,2022-03,2346.99,0.0,590.43,1756.56
A0001486,2022-04,1756.56,0.0,0.0,1756.56
A0001486,2022-05,1756.56,517.32,768.95,1504.93
A0001486,2022-06,1504.93,967.59,0.0,2472.52
A0001486,2022-07,2472.52,924.6,0.0,3397.12
A0001486,2022-08,3397.12,1158.52,2988.18,1567.46
A0001486,2022-09,1567.46,0.0,0.0,1567.46
A0001486,2022-10,1567.46,0.0,77.02,1490.44
A0001486,2022-11,1490.44,0.0,1308.18,182.26
A0001486,2022-12,182.26,179.65,0.0,361.91
A0001486,2023-01,361.91,0.0,0.0,361.91
A0001486,2023-02,361.91,0.0,0.0,361.91
A0001486,2023-03,361.91,0.0,0.0,361.91
A0001486,2023-04,361.91,710.62,0.0,1072.53
A0001486,2023-05,1072.53,0.0,0.0,1072.53
A0001486,2023-06,1072.53,778.16,0.0,1850.69
A0001486,2023-07,1850.69,0.0,481.64,1369.05
A0001486,2023-08,1369.05,0.0,109.99,1259.06
A0001486,2023-09,1259.06,834.26,0.0,2093.32
A0001486,2023-10,2093.32,0.0,757.43,1335.89
A0001486,2023-11,1335.89,3268.03,0.0,4603.92
A0001486,2023-12,4603.92,0.0,0.0,4603.92
A0001486,2024-01,4603.92,0.0,239.31,4364.61
A0001486,2024-02,4364.61,0.0,0.0,4364.61
A0001486,2024-03,4364.61,0.0,224.05,4140.56
A0001486,2024-04,4140.56,0.0,62.69,4077.87
A0001486,2024-05,4077.87,0.0,0.0,4077.87
A0001486,2024-06,4077.87,0.0,285.61,3792.26
A0001487,2021-01,634048.64,66170.28,24639.39,675579.53
A0001487,2021-02,675579.53,107637.99,39180.6,744036.92
A0001487,2021-03,744036.92,116042.58,9122.8,850956.7
A0001487,2021-04,850956.7,102244.68,17739.96,935461.42
A0001487,2021-05,935461.42,13203.14,53785.73,894878.83
A0001487,2021-06,894878.83,33604.54,106334.76,822148.61
A0001487,2021-07,822148.61,182405.71,9363.69,995190.63
A0001487,2021-08,995190.63,64649.27,38584.03,1021255.87
A0001487,2021-09,1021255.87,15274.79,110209.68,926320.98
A0001487,2021-10,926320.98,22649.56,32914.16,916056.38
A0001487,2021-11,916056.38,16862.22,24998.11,907920.49
A0001487,2021-12,907920.49,117376.2,41666.75,983629.94
A0001487,2022-01,983629.94,39989.2,103871.01,919748.13
A0001487,2022-02,919748.13,27736.12,31398.2,916086.05
A0001487,2022-03,916086.05,49859.98,3829.39,962116.64
A0001487,2022-04,962116.64,103089.29,33343.87,1031862.06
A0001487,2022-05,1031862.06,17065.85,52397.88,996530.03
A0001487,2022-06,996530.03,17029.0,827.49,1012731.54
A0001487,2022-07,1012731.54,6741.1,161117.07,858355.57
A0001487,2022-08,858355.57,11763.22,168810.92,701307.87
A0001487,2022-09,701307.87,127881.31,49959.27,779229.91
A0001487,2022-10,779229.91,26367.78,14703.1,790894.59
A0001487,2022-11,790894.59,0.0,85809.76,705084.83
A0001487,2022-12,705084.83,5957.96,133312.36,577730.43
A0001487,2023-01,577730.43,24613.63,486193.28,116150.78
A0001487,2023-02,116150.78,168153.43,114698.15,169606.06
A0001487,2023-03,169606.06,31584.79,77595.74,123595.11
A0001487,2023-04,123595.11,46160.6,0.0,169755.71
A0001487,2023-05,169755.71,32884.96,43710.41,158930.26
A0001487,2023-06,158930.26,0.0,50417.23,108513.03
A0001487,2023-07,108513.03,132190.34,33930.31,206773.06
A0001487,2023-08,206773.06,215072.37,123893.82,297951.61
A0001487,2023-09,297951.61,23786.7,19513.45,302224.86
A0001487,2023-10,302224.86,112804.9,42187.95,372841.81
A0001487,2023-11,372841.81,78917.4,67435.25,384323.96
A0001487,2023-12,384323.96,24776.11,140749.56,268350.51
A0001487,2024-01,268350.51,52315.33,136412.13,184253.71
A0001487,2024-02,184253.71,59662.24,58992.36,184923.59
A0001487,2024-03,184923.59,164549.88,89986.66,259486.81
A0001487,2024-04,259486.81,58138.54,48426.23,269199.12
A0001487,2024-05,269199.12,22540.04,21704.04,270035.12
A0001487,2024-06,270035.12,84062.32,26411.96,327685.48
A0001487,2024-07,327685.48,0.0,32931.93,294753.55
A0001487,2024-08,294753.55,0.0,166211.0,128542.55
A0001487,2024-09,128542.55,67969.92,17772.56,178739.91
A0001487,2024-10,178739.91,97893.12,40107.1,236525.93
A0001487,2024-11,236525.93,47242.26,81628.35,202139.84
A0001487,2024-12,202139.84,63664.14,130671.63,135132.35
A0001487,2025-01,135132.35,6949.99,48089.45,93992.89
A0001487,2025-02,93992.89,219479.15,157487.35,155984.69
A0001487,2025-03,155984.69,45400.77,59536.78,141848.68
A0001487,2025-04,141848.68,11417.2,8543.15,144722.73
A0001487,2025-05,144722.73,79476.47,122404.99,101794.21
A0001487,2025-06,101794.21,0.0,94681.84,7112.37
A0001487,2025-07,7112.37,38989.36,37523.11,8578.62
A0001487,2025-08,8578.62,0.0,0.0,8578.62
A0001487,2025-09,8578.62,98242.06,0.0,106820.68
A0001487,2025-10,106820.68,33780.77,0.0,140601.45
A0001487,2025-11,140601.45,81552.46,170729.59,51424.32
A0001732,2021-01,1432.37,247.8,885.18,794.99
A0001732,2021-02,794.99,8335.21,685.58,8444.62
A0001732,2021-03,8444.62,0.0,579.07,7865.55
A0001732,2021-04,7865.55,0.0,342.45,7523.1
A0001732,2021-05,7523.1,111.07,2195.04,5439.13
A0001732,2021-06,5439.13,0.0,3300.37,2138.76
A0001732,2021-07,2138.76,288.18,1526.43,900.51
A0001732,2021-08,900.51,3020.68,42.79,3878.4
A0001732,2021-09,3878.4,87225.47,872.87,90231.0
A0001732,2021-10,90231.0,3759.39,5255.56,88734.83
A0001732,2021-11,88734.83,595.05,85337.69,3992.19
A0001732,2021-12,3992.19,111.0,1201.72,2901.47
A0001732,2022-01,2901.47,387.66,682.45,2606.68
A0001732,2022-02,2606.68,1688.6,352.44,3942.84
A0001732,2022-03,3942.84,2286.71,924.57,5304.98
A0001732,2022-04,5304.98,550.11,495.44,5359.65
A0001732,2022-05,5359.65,601.28,2137.06,3823.87
A0001732,2022-06,3823.87,3444.1,465.88,6802.09
A0001732,2022-07,6802.09,375.82,965.11,6212.8
A0001732,2022-08,6212.8,402.9,644.99,5970.71
A0001732,2022-09,5970.71,411.72,285.93,6096.5
A0001732,2022-10,6096.5,930.69,939.4,6087.79
A0001732,2022-11,6087.79,1400.91,976.76,6511.94
A0001732,2022-12,6511.94,362.19,495.11,6379.02
A0001732,2023-01,6379.02,233.46,303.72,6308.76
A0001732,2023-02,6308.76,82878.47,1950.76,87236.47
A0001732,2023-03,87236.47,29374.57,431.0,116180.04
A0001732,2023-04,116180.04,1215.06,336.21,117058.89
A0001732,2023-05,117058.89,399.05,170.0,117287.94
A0001732,2023-06,117287.94,1479.76,336.9,118430.8
A0001732,2023-07,118430.8,379.66,8608.81,110201.65
A0001732,2023-08,110201.65,208.08,359.9,110049.83
A0001732,2023-09,110049.83,56.96,722.94,109383.85
A0001732,2023-10,109383.85,1468.47,14208.73,96643.59
A0001732,2023-11,96643.59,1074.47,173.66,97544.4
A0001732,2023-12,97544.4,0.0,3906.09,93638.31
A0001732,2024-01,93638.31,1441.02,3804.87,91274.46
A0001732,2024-02,91274.46,37289.66,3662.28,124901.84
A0001732,2024-03,124901.84,2802.49,210.5,127493.83
A0001732,2024-04,127493.83,14010.37,38145.49,103358.71
A0001732,2024-05,103358.71,444.79,237.09,103566.41
A0001732,2024-06,103566.41,719.41,12508.15,91777.67
A0001732,2024-07,91777.67,0.0,48743.0,43034.67
A0001732,2024-08,43034.67,1008.72,165.9,43877.49
A0001732,2024-09,43877.49,413.87,895.05,43396.31
A0001732,2024-10,43396.31,50802.6,32470.69,61728.22
A0001732,2024-11,61728.22,46487.15,906.25,107309.12
A0001732,2024-12,107309.12,380.98,550.16,107139.94
A0001732,2025-01,107139.94,0.0,373.73,106766.21
A0001732,2025-02,106766.21,2761.35,295.32,109232.24
A0001732,2025-03,109232.24,9608.84,936.88,117904.2
A0001732,2025-04,117904.2,885.2,584.52,118204.88
A0001732,2025-05,118204.88,805.6,797.9,118212.58
A0001732,2025-06,118212.58,268.44,2155.72,116325.3
A0001732,2025-07,116325.3,0.0,101964.53,14360.77
A0001732,2025-08,14360.77,134.29,172.65,14322.41
A0001732,2025-09,14322.41,702.44,2071.32,12953.53
A0001732,2025-10,12953.53,574.76,6307.42,7220.87
A0001732,2025-11,7220.87,78426.34,1292.46,84354.75
A0001732,2025-12,84354.75,483.43,1967.91,82870.27
A0001732,2026-01,82870.27,1003.12,25629.84,58243.55
A0001732,2026-02,58243.55,35241.52,1244.52,92240.55
A0001732,2026-03,92240.55,0.0,1072.39,91168.16
A0001732,2026-04,91168.16,160.62,85715.07,5613.71
A0001732,2026-05,5613.71,1338.32,2092.47,4859.56
A0001732,2026-06,4859.56,182.19,685.7,4356.05
A0001732,2026-07,4356.05,208381.18,850.96,211886.27
A0001732,2026-08,211886.27,25109.51,8865.31,228130.47
A0001732,2026-09,228130.47,1141.89,1209.8,228062.56
A0001732,2026-10,228062.56,133439.05,1906.16,359595.45
A0001732,2026-11,359595.45,2395.58,1135.69,360855.34
A0001732,2026-12,360855.34,1866.92,531.89,362190.37
A0001820,2021-01,3332.2,3.38,0.0,3335.58
A0001820,2021-02,3335.58,3.32,0.0,3338.9
A0001820,2021-03,3338.9,3.46,0.0,3342.36
A0001820,2021-04,3342.36,3.33,3345.69,0.0
A0001884,2021-01,228.8,15.41,0.0,244.21
A0001884,2021-02,244.21,0.0,0.0,244.21
A0001884,2021-03,244.21,0.0,0.0,244.21
A0001884,2021-04,244.21,261.92,0.0,506.13
A0001884,2021-05,506.13,179.74,164.64,521.23
A0001884,2021-06,521.23,0.0,0.0,521.23
A0001884,2021-07,521.23,76.48,0.0,597.71
A0001884,2021-08,597.71,92.01,0.0,689.72
A0001884,2021-09,689.72,0.0,0.0,689.72
A0001884,2021-10,689.72,60.29,15.6,734.41
A0001884,2021-11,734.41,90.19,142.94,681.66
A0001884,2021-12,681.66,0.0,0.0,681.66
A0001884,2022-01,681.66,0.0,0.0,681.66
A0001884,2022-02,681.66,405.13,0.0,1086.79
A0001884,2022-03,1086.79,33930.02,0.0,35016.81
A0001884,2022-04,35016.81,148.38,0.0,35165.19
A0001884,2022-05,35165.19,0.0,0.0,35165.19
A0001884,2022-06,35165.19,26.33,49.99,35141.53
A0001884,2022-07,35141.53,114.1,4.8,35250.83
A0001884,2022-08,35250.83,66.07,0.0,35316.9
A0001884,2022-09,35316.9,0.0,0.0,35316.9
A0001884,2022-10,35316.9,0.0,131.87,35185.03
A0001884,2022-11,35185.03,152.78,12.26,35325.55
A0001884,2022-12,35325.55,0.0,0.0,35325.55
A0001884,2023-01,35325.55,16765.44,0.0,52090.99
A0001884,2023-02,52090.99,129.07,0.0,52220.06
A0001884,2023-03,52220.06,0.0,0.0,52220.06
A0001884,2023-04,52220.06,0.0,0.0,52220.06
A0001884,2023-05,52220.06,0.0,32.22,52187.84
A0001884,2023-06,52187.84,83.2,0.0,52271.04
A0001884,2023-07,52271.04,59.72,174.28,52156.48
A0001884,2023-08,52156.48,0.0,853.66,51302.82
A0001884,2023-09,51302.82,185.96,656.71,50832.07
A0001884,2023-10,50832.07,0.0,190.9,50641.17
A0001884,2023-11,50641.17,0.0,120.93,50520.24
A0001884,2023-12,50520.24,0.0,27.54,50492.7
A0001884,2024-01,50492.7,0.0,0.0,50492.7
A0001884,2024-02,50492.7,0.0,0.0,50492.7
A0001884,2024-03,50492.7,94.77,115.35,50472.12
A0001884,2024-04,50472.12,0.0,20374.04,30098.08
A0001884,2024-05,30098.08,9254.62,524.41,38828.29
A0001884,2024-06,38828.29,0.0,183.74,38644.55
A0001884,2024-07,38644.55,0.0,0.0,38644.55
A0001884,2024-08,38644.55,98.54,44.08,38699.01
A0001884,2024-09,38699.01,0.0,94.48,38604.53
A0001884,2024-10,38604.53,20.26,0.0,38624.79
A0001884,2024-11,38624.79,53.14,0.0,38677.93
A0001884,2024-12,38677.93,0.0,0.0,38677.93
A0001884,2025-01,38677.93,0.0,582.67,38095.26
A0001884,2025-02,38095.26,927.3,321.98,38700.58
A0001884,2025-03,38700.58,141.52,0.0,38842.1
A0001884,2025-04,38842.1,0.0,0.0,38842.1
A0001884,2025-05,38842.1,0.0,0.0,38842.1
A0001884,2025-06,38842.1,0.0,0.0,38842.1
A0001884,2025-07,38842.1,0.0,0.0,38842.1
A0001884,2025-08,38842.1,0.0,60.82,38781.28
A0001884,2025-09,38781.28,0.0,0.0,38781.28
A0001884,2025-10,38781.28,257.52,0.0,39038.8
A0001884,2025-11,39038.8,114.95,14198.3,24955.45
A0001884,2025-12,24955.45,0.0,0.0,24955.45
A0001884,2026-01,24955.45,213965.52,0.0,238920.97
A0001884,2026-02,238920.97,0.0,0.0,238920.97
A0001884,2026-03,238920.97,0.0,35.5,238885.47
A0001884,2026-04,238885.47,103.56,0.0,238989.03
A0001884,2026-05,238989.03,0.0,0.0,238989.03
A0001884,2026-06,238989.03,0.0,0.0,238989.03
A0001884,2026-07,238989.03,58.54,0.0,239047.57
A0001884,2026-08,239047.57,0.0,0.0,239047.57
A0001884,2026-09,239047.57,0.0,0.0,239047.57
A0001884,2026-10,239047.57,499.83,24.8,239522.6
A0001884,2026-11,239522.6,2007.84,99.62,241430.82
A0001884,2026-12,241430.82,0.0,0.0,241430.82
A0001885,2021-01,22612.24,32987.62,50454.13,5145.73
A0001885,2021-02,5145.73,55213.17,30302.45,30056.45
A0001885,2021-03,30056.45,315398.65,43343.88,302111.22
A0001885,2021-04,302111.22,13885.92,23615.24,292381.9
A0001885,2021-05,292381.9,89999.41,11676.42,370704.89
A0001885,2021-06,370704.89,36209.02,46890.55,360023.36
A0001885,2021-07,360023.36,8638.02,7329.3,361332.08
A0001885,2021-08,361332.08,10449.02,33266.05,338515.05
A0001885,2021-09,338515.05,243745.82,101915.73,480345.14
A0001885,2021-10,480345.14,1130.2,11302.85,470172.49
A0001885,2021-11,470172.49,43375.16,42057.25,471490.4
A0001885,2021-12,471490.4,776435.5,39259.56,1208666.34
A0001885,2022-01,1208666.34,6249.06,66399.74,1148515.66
A0001885,2022-02,1148515.66,70594.39,142547.37,1076562.68
A0001885,2022-03,1076562.68,14216.46,41470.73,1049308.41
A0001885,2022-04,1049308.41,27003.88,35863.58,1040448.71
A0001885,2022-05,1040448.71,76974.0,64431.59,1052991.12
A0001885,2022-06,1052991.12,7690.8,43713.81,1016968.11
A0001885,2022-07,1016968.11,6549.47,60467.66,963049.92
A0001885,2022-08,963049.92,8394.7,29185.95,942258.67
A0001885,2022-09,942258.67,17653.67,36863.74,923048.6
A0001885,2022-10,923048.6,28289.15,41734.49,909603.26
A0001885,2022-11,909603.26,14017.62,30147.73,893473.15
A0001885,2022-12,893473.15,57971.39,56779.75,894664.79
A0001885,2023-01,894664.79,21730.63,58458.02,857937.4
A0001885,2023-02,857937.4,49650.25,38153.77,869433.88
A0001885,2023-03,869433.88,9214.85,42601.7,836047.03
A0001885,2023-04,836047.03,5505.15,28784.99,812767.19
A0001885,2023-05,812767.19,36531.87,5737.14,843561.92
A0001885,2023-06,843561.92,4220.64,66310.78,781471.78
A0001885,2023-07,781471.78,16403.41,332641.2,465233.99
A0001885,2023-08,465233.99,19524.85,68448.85,416309.99
A0001885,2023-09,416309.99,127601.63,33847.05,510064.57
A0001885,2023-10,510064.57,9507.82,34584.11,484988.28
A0001885,2023-11,484988.28,39319.52,177792.6,346515.2
A0001885,2023-12,346515.2,18933.83,21755.18,343693.85
A0001885,2024-01,343693.85,925.05,49796.78,294822.12
A0001885,2024-02,294822.12,13395.49,104505.64,203711.97
A0001885,2024-03,203711.97,3567.85,39806.89,167472.93
A0001885,2024-04,167472.93,11703.65,51493.78,127682.8
A0001885,2024-05,127682.8,8084.99,22546.93,113220.86
A0001885,2024-06,113220.86,24479.2,26177.66,111522.4
A0001885,2024-07,111522.4,354639.87,41730.92,424431.35
A0001885,2024-08,424431.35,43447.98,57242.0,410637.33
A0001885,2024-09,410637.33,136549.16,78450.3,468736.19
A0001885,2024-10,468736.19,665250.03,34101.02,1099885.2
A0001885,2024-11,1099885.2,71717.13,49095.07,1122507.26
A0001885,2024-12,1122507.26,37043.02,37957.28,1121593.0
A0001885,2025-01,1121593.0,16742.15,51874.41,1086460.74
A0001885,2025-02,1086460.74,81388.98,88372.16,1079477.56
A0001885,2025-03,1079477.56,76077.59,35758.91,1119796.24
A0001885,2025-04,1119796.24,28596.67,94030.37,1054362.54
A0001885,2025-05,1054362.54,48301.97,48410.98,1054253.53
A0001885,2025-06,1054253.53,18855.67,60137.41,1012971.79
A0001885,2025-07,1012971.79,44700.82,31406.25,1026266.36
A0001885,2025-08,1026266.36,8616.27,89037.11,945845.52
A0001885,2025-09,945845.52,195517.5,630668.9,510694.12
A0001885,2025-10,510694.12,130171.69,125137.4,515728.41
A0001885,2025-11,515728.41,42856.78,110737.02,447848.17
A0001885,2025-12,447848.17,239952.81,29285.98,658515.0
A0001885,2026-01,658515.0,5331.89,6199.43,657647.46
A0001885,2026-02,657647.46,35662.19,41627.3,651682.35
A0001885,2026-03,651682.35,100286.98,31944.05,720025.28
A0001885,2026-04,720025.28,13591.65,37096.42,696520.51
A0001885,2026-05,696520.51,96860.97,34223.68,759157.8
A0001885,2026-06,759157.8,8194.26,304210.22,463141.84
A0001885,2026-07,463141.84,9723.48,17946.55,454918.77
A0001885,2026-08,454918.77,65007.03,38060.81,481864.99
A0001885,2026-09,481864.99,33010.44,84053.64,430821.79
A0001885,2026-10,430821.79,6978.39,12151.17,425649.01
A0001885,2026-11,425649.01,57708.18,90167.03,393190.16
A0001885,2026-12,393190.16,20713.28,63153.07,350750.37
A0001887,2021-01,697.02,6337.22,1089.9,5944.34
A0001887,2021-02,5944.34,5255.92,902.59,10297.67
A0001887,2021-03,10297.67,170.32,793.26,9674.73
A0001887,2021-04,9674.73,30325.78,482.69,39517.82
A0001887,2021-05,39517.82,1183.67,493.32,40208.17
A0001887,2021-06,40208.17,675.19,2204.48,38678.88
A0001887,2021-07,38678.88,111.02,1813.99,36975.91
A0001887,2021-08,36975.91,1105.23,1151.57,36929.57
A0001887,2021-09,36929.57,72610.61,9845.43,99694.75
A0001887,2021-10,99694.75,1481.14,23048.51,78127.38
A0001887,2021-11,78127.38,3064.45,20774.56,60417.27
A0001887,2021-12,60417.27,2201.56,797.41,61821.42
A0001887,2022-01,61821.42,47094.14,1498.9,107416.66
A0001887,2022-02,107416.66,0.0,1040.79,106375.87
A0001887,2022-03,106375.87,88.49,2185.11,104279.25
A0001887,2022-04,104279.25,5057.01,4940.43,104395.83
A0001887,2022-05,104395.83,10041.43,1324.28,113112.98
A0001887,2022-06,113112.98,321.87,1185.08,112249.77
A0001887,2022-07,112249.77,2352.35,590.45,114011.67
A0001887,2022-08,114011.67,176.61,763.44,113424.84
A0001887,2022-09,113424.84,3205.74,294.5,116336.08
A0001887,2022-10,116336.08,1335.6,20033.33,97638.35
A0001887,2022-11,97638.35,500.16,1407.26,96731.25
A0001887,2022-12,96731.25,1240.59,5300.78,92671.06
A0001887,2023-01,92671.06,0.0,16896.25,75774.81
A0001887,2023-02,75774.81,1054.21,50372.31,26456.71
A0001887,2023-03,26456.71,296.88,17128.98,9624.61
A0001887,2023-04,9624.61,307.16,5918.53,4013.24
A0001887,2023-05,4013.24,577.78,2385.08,2205.94
A0001887,2023-06,2205.94,5145.65,303.05,7048.54
A0001887,2023-07,7048.54,456.13,1530.39,5974.28
A0001887,2023-08,5974.28,3528.45,9061.02,441.71
A0001887,2023-09,441.71,1063.86,432.42,1073.15
A0001887,2023-10,1073.15,33489.76,820.62,33742.29
A0001887,2023-11,33742.29,0.0,612.18,33130.11
A0001887,2023-12,33130.11,431.2,5434.67,28126.64
A0001887,2024-01,28126.64,0.0,2571.36,25555.28
A0001887,2024-02,25555.28,9162.41,1522.2,33195.49
A0001887,2024-03,33195.49,9547.35,3759.63,38983.21
A0001887,2024-04,38983.21,0.0,26719.8,12263.41
A0001887,2024-05,12263.41,23335.52,2983.18,32615.75
A0001887,2024-06,32615.75,735.22,1970.61,31380.36
A0001887,2024-07,31380.36,41468.24,1484.76,71363.84
A0001887,2024-08,71363.84,1878.26,1350.31,71891.79
A0001887,2024-09,71891.79,323.26,762.9,71452.15
A0001887,2024-10,71452.15,4532.06,12861.32,63122.89
A0001887,2024-11,63122.89,2562.17,1206.07,64478.99
A0001887,2024-12,64478.99,1880.56,5964.71,60394.84
A0001887,2025-01,60394.84,215.59,352.69,60257.74
A0001887,2025-02,60257.74,2330.77,4651.98,57936.53
A0001887,2025-03,57936.53,67142.13,54823.03,70255.63
A0001887,2025-04,70255.63,2675.4,1517.21,71413.82
A0001887,2025-05,71413.82,11167.45,9219.75,73361.52
A0001887,2025-06,73361.52,520.84,1060.07,72822.29
A0001887,2025-07,72822.29,1005.9,52274.64,21553.55
A0001887,2025-08,21553.55,1558.24,588.01,22523.78
A0001887,2025-09,22523.78,1915.71,3165.83,21273.66
A0001887,2025-10,21273.66,733.24,3474.58,18532.32
A0001887,2025-11,18532.32,563.27,2617.18,16478.41
A0001887,2025-12,16478.41,0.0,1340.04,15138.37
A0001887,2026-01,15138.37,530.27,14957.95,710.69
A0001887,2026-02,710.69,277.49,658.85,329.33
A0001887,2026-03,329.33,1407.58,272.4,1464.51
A0001887,2026-04,1464.51,14294.11,283.04,15475.58
A0001887,2026-05,15475.58,6771.36,533.35,21713.59
A0001887,2026-06,21713.59,708.26,1022.96,21398.89
A0001887,2026-07,21398.89,1588.6,422.84,22564.65
A0001887,2026-08,22564.65,1938.93,1027.96,23475.62
A0001887,2026-09,23475.62,1427.72,7072.83,17830.51
A0001887,2026-10,17830.51,2631.16,3016.36,17445.31
A0001887,2026-11,17445.31,12636.81,3050.38,27031.74
A0001887,2026-12,27031.74,4055.65,1325.7,29761.69
A0001921,2021-01,77482.62,34341.88,4085.4,107739.1
A0001921,2021-02,107739.1,10315.33,31566.23,86488.2
A0001921,2021-03,86488.2,0.0,21907.17,64581.03
A0001921,2021-04,64581.03,3477.78,7186.1,60872.71
A0001921,2021-05,60872.71,32471.82,22879.02,70465.51
A0001921,2021-06,70465.51,30768.43,63574.49,37659.45
A0001921,2021-07,37659.45,170874.77,4344.94,204189.28
A0001921,2021-08,204189.28,20546.25,5046.44,219689.09
A0001921,2021-09,219689.09,68203.9,42842.97,245050.02
A0001921,2021-10,245050.02,6077.83,18778.35,232349.5
A0001921,2021-11,232349.5,0.0,30923.31,201426.19
A0001921,2021-12,201426.19,29733.7,126790.1,104369.79
A0001921,2022-01,104369.79,27789.65,5758.58,126400.86
A0001921,2022-02,126400.86,29105.14,24049.27,131456.73
A0001921,2022-03,131456.73,11155.52,17119.33,125492.92
A0001921,2022-04,125492.92,156996.95,21797.67,260692.2
A0001921,2022-05,260692.2,0.0,45800.62,214891.58
A0001921,2022-06,214891.58,50964.6,6911.77,258944.41
A0001921,2022-07,258944.41,261141.19,33021.87,487063.73
A0001921,2022-08,487063.73,18881.92,60304.95,445640.7
A0001921,2022-09,445640.7,94761.68,45833.33,494569.05
A0001921,2022-10,494569.05,15208.37,24472.01,485305.41
A0001921,2022-11,485305.41,3596.57,11609.37,477292.61
A0001921,2022-12,477292.61,17951.69,4903.27,490341.03
A0001921,2023-01,490341.03,0.0,6860.64,483480.39
A0001921,2023-02,483480.39,108910.63,21129.95,571261.07
A0001921,2023-03,571261.07,63524.69,253175.65,381610.11
A0001921,2023-04,381610.11,2008.26,44624.49,338993.88
A0001921,2023-05,338993.88,33104.27,237.92,371860.23
A0001921,2023-06,371860.23,1572721.85,21061.76,1923520.32
A0001921,2023-07,1923520.32,131803.45,497728.97,1557594.8
A0001921,2023-08,1557594.8,0.0,251388.26,1306206.54
A0001921,2023-09,1306206.54,20147.51,129991.93,1196362.12
A0001921,2023-10,1196362.12,3457.68,149175.37,1050644.43
A0001921,2023-11,1050644.43,57248.2,63993.26,1043899.37
A0001921,2023-12,1043899.37,0.0,85231.89,958667.48
A0001921,2024-01,958667.48,5364.32,75591.62,888440.18
A0001921,2024-02,888440.18,18156.27,82252.62,824343.83
A0001921,2024-03,824343.83,32599.6,64241.67,792701.76
A0001921,2024-04,792701.76,62137.44,78298.97,776540.23
A0001921,2024-05,776540.23,15248.31,119924.94,671863.6
A0001921,2024-06,671863.6,5844.94,99547.39,578161.15
A0001921,2024-07,578161.15,44801.13,124953.85,498008.43
A0001921,2024-08,498008.43,22161.22,57793.9,462375.75
A0001921,2024-09,462375.75,17867.7,94527.08,385716.37
A0001921,2024-10,385716.37,158842.68,174183.59,370375.46
A0001921,2024-11,370375.46,16671.27,57983.42,329063.31
A0001921,2024-12,329063.31,2991.3,28584.88,303469.73
A0001921,2025-01,303469.73,72153.25,5364.57,370258.41
A0001921,2025-02,370258.41,37582.28,79772.64,328068.05
A0001921,2025-03,328068.05,29672.16,98454.38,259285.83
A0001921,2025-04,259285.83,0.0,118163.26,141122.57
A0001921,2025-05,141122.57,16885.33,73436.38,84571.52
A0001921,2025-06,84571.52,10948.07,50868.13,44651.46
A0001921,2025-07,44651.46,13600.94,50377.52,7874.88
A0001921,2025-08,7874.88,50171.08,11131.33,46914.63
A0001921,2025-09,46914.63,18591.62,54966.91,10539.34
A0001921,2025-10,10539.34,19850.43,27400.46,2989.31
A0001921,2025-11,2989.31,27384.38,18880.56,11493.13
A0001921,2025-12,11493.13,32947.53,6721.87,37718.79
A0001921,2026-01,37718.79,107851.78,111393.37,34177.2
A0001921,2026-02,34177.2,0.0,18381.7,15795.5
A0001921,2026-03,15795.5,99173.0,63588.19,51380.31
A0001921,2026-04,51380.31,16685.52,61946.62,6119.21
A0001921,2026-05,6119.21,22504.0,20884.87,7738.34
A0001921,2026-06,7738.34,68972.03,34985.93,41724.44
A0001921,2026-07,41724.44,55498.91,27062.55,70160.8
A0001921,2026-08,70160.8,7737.19,61640.41,16257.58
A0001921,2026-09,16257.58,384786.63,7914.02,393130.19
A0001921,2026-10,393130.19,102297.22,107672.24,387755.17
A0001921,2026-11,387755.17,9912.72,54098.44,343569.45
A0001921,2026-12,343569.45,655583.88,60025.18,939128.15
A0001935,2021-01,85686.98,33934.72,4001.86,115619.84
A0001935,2021-02,115619.84,11621.36,17253.97,109987.23
A0001935,2021-03,109987.23,56496.8,27343.97,139140.06
A0001935,2021-04,139140.06,108272.81,41992.42,205420.45
A0001935,2021-05,205420.45,76576.78,107511.03,174486.2
A0001935,2021-06,174486.2,58737.57,132404.92,100818.85
A0001935,2021-07,100818.85,23652.53,110220.72,14250.66
A0001935,2021-08,14250.66,34532.26,39892.47,8890.45
A0001935,2021-09,8890.45,95730.96,68017.63,36603.78
A0001935,2021-10,36603.78,50343.75,33576.84,53370.69
A0001935,2021-11,53370.69,23553.67,12967.59,63956.77
A0001935,2021-12,63956.77,93577.74,22945.53,134588.98
A0001935,2022-01,134588.98,109569.18,42136.3,202021.86
A0001935,2022-02,202021.86,45506.82,16256.55,231272.13
A0001935,2022-03,231272.13,183212.67,143990.86,270493.94
A0001935,2022-04,270493.94,101924.7,42028.31,330390.33
A0001935,2022-05,330390.33,8756.59,7618.06,331528.86
A0001935,2022-06,331528.86,47332.26,17277.79,361583.33
A0001935,2022-07,361583.33,69956.41,96224.4,335315.34
A0001936,2021-01,3754.53,14484.92,99.82,18139.63
A0001936,2021-02,18139.63,0.0,0.0,18139.63
A0001936,2021-03,18139.63,0.0,909.44,17230.19
A0001936,2021-04,17230.19,0.0,1143.03,16087.16
A0001936,2021-05,16087.16,0.0,864.07,15223.09
A0001936,2021-06,15223.09,0.0,0.0,15223.09
A0001936,2021-07,15223.09,0.0,1035.6,14187.49
A0001936,2021-08,14187.49,152.89,917.46,13422.92
A0001936,2021-09,13422.92,0.0,1279.42,12143.5
A0001936,2021-10,12143.5,0.0,864.07,11279.43
A0001936,2021-11,11279.43,603.72,1541.65,10341.5
A0001936,2021-12,10341.5,154.69,864.07,9632.12
A0001936,2022-01,9632.12,296.11,137.87,9790.36
A0001936,2022-02,9790.36,0.0,864.07,8926.29
A0001936,2022-03,8926.29,21.73,0.0,8948.02
A0001936,2022-04,8948.02,2980.69,4375.73,7552.98
A0001936,2022-05,7552.98,121.54,0.0,7674.52
A0001936,2022-06,7674.52,105.49,1241.99,6538.02
A0001937,2021-01,283197.1,0.0,10607.23,272589.87
A0001937,2021-02,272589.87,62223.03,24894.0,309918.9
A0001937,2021-03,309918.9,3608.26,10995.89,302531.27
A0001937,2021-04,302531.27,6088.75,4015.12,304604.9
A0001937,2021-05,304604.9,4074.54,13650.42,295029.02
A0001937,2021-06,295029.02,80699.31,13535.22,362193.11
A0001937,2021-07,362193.11,0.0,16301.05,345892.06
A0001937,2021-08,345892.06,4422.14,16230.2,334084.0
A0001937,2021-09,334084.0,977.21,50023.48,285037.73
A0001937,2021-10,285037.73,5426.74,279959.52,10504.95
A0001937,2021-11,10504.95,18333.7,26369.67,2468.98
A0001937,2021-12,2468.98,37146.66,16679.88,22935.76
A0001937,2022-01,22935.76,86931.11,7846.88,102019.99
A0001937,2022-02,102019.99,25392.12,26788.5,100623.61
A0001937,2022-03,100623.61,10597.05,3354.37,107866.29
A0001937,2022-04,107866.29,14202.01,15955.14,106113.16
A0001937,2022-05,106113.16,36218.53,56873.66,85458.03
A0001937,2022-06,85458.03,14705.21,6382.99,93780.25
A0001937,2022-07,93780.25,11863.58,21748.59,83895.24
A0001937,2022-08,83895.24,9816.56,0.0,93711.8
A0001937,2022-09,93711.8,0.0,7763.12,85948.68
A0002055,2021-01,12698.68,18119.32,21074.97,9743.03
A0002055,2021-02,9743.03,17434.18,23334.14,3843.07
A0002055,2021-03,3843.07,30188.91,15274.56,18757.42
A0002055,2021-04,18757.42,59924.49,17543.49,61138.42
A0002055,2021-05,61138.42,27754.71,34584.16,54308.97
A0002055,2021-06,54308.97,3681.96,36608.68,21382.25
A0002055,2021-07,21382.25,43386.85,24483.55,40285.55
A0002055,2021-08,40285.55,116228.53,37463.05,119051.03
A0002055,2021-09,119051.03,3899.55,35337.85,87612.73
A0002055,2021-10,87612.73,37192.68,84213.79,40591.62
A0002055,2021-11,40591.62,33404.13,73515.39,480.36
A0002055,2021-12,480.36,4374.02,4151.23,703.15
A0002055,2022-01,703.15,28135.45,26404.83,2433.77
A0002055,2022-02,2433.77,206620.91,6930.89,202123.79
A0002055,2022-03,202123.79,176140.13,51902.6,326361.32
A0002055,2022-04,326361.32,1521.9,6273.5,321609.72
A0002055,2022-05,321609.72,54314.35,7661.44,368262.63
A0002055,2022-06,368262.63,31900.97,38154.87,362008.73
A0002055,2022-07,362008.73,16408.1,46795.16,331621.67
A0002055,2022-08,331621.67,58763.98,22503.53,367882.12
A0002055,2022-09,367882.12,51649.87,47609.34,371922.65
A0002055,2022-10,371922.65,15282.41,47749.22,339455.84
A0002070,2021-01,1742668.56,0.0,0.0,1742668.56
A0002070,2021-02,1742668.56,1780594.98,39024.13,3484239.41
A0002070,2021-03,3484239.41,1170880.09,2832725.51,1822393.99
A0002070,2021-04,1822393.99,852616.95,1029679.84,1645331.1
A0002070,2021-05,1645331.1,388539.59,0.0,2033870.69
A0002070,2021-06,2033870.69,0.0,14026.32,2019844.37
A0002070,2021-07,2019844.37,3262907.43,2580005.45,2702746.35
A0002070,2021-08,2702746.35,0.0,0.0,2702746.35
A0002070,2021-09,2702746.35,174976.1,629750.94,2247971.51
A0002070,2021-10,2247971.51,747008.16,1750307.06,1244672.61
A0002070,2021-11,1244672.61,1522585.57,2478688.28,288569.9
A0002070,2021-12,288569.9,230442.63,362618.13,156394.4
A0002070,2022-01,156394.4,0.0,139977.88,16416.52
A0002070,2022-02,16416.52,0.0,8903.23,7513.29
A0002070,2022-03,7513.29,1491608.4,217655.71,1281465.98
A0002070,2022-04,1281465.98,1543346.42,0.0,2824812.4
A0002070,2022-05,2824812.4,473077.24,88343.22,3209546.42
A0002070,2022-06,3209546.42,0.0,84143.32,3125403.1
A0002070,2022-07,3125403.1,0.0,428793.19,2696609.91
A0002070,2022-08,2696609.91,279702.58,63450.4,2912862.09
A0002070,2022-09,2912862.09,0.0,494587.27,2418274.82
A0002070,2022-10,2418274.82,945.89,334589.67,2084631.04
A0002070,2022-11,2084631.04,1245193.71,798135.71,2531689.04
A0002070,2022-12,2531689.04,466799.56,358714.37,2639774.23
A0002070,2023-01,2639774.23,4537778.35,1057.53,7176495.05
A0002070,2023-02,7176495.05,2355179.36,566620.94,8965053.47
A0002070,2023-03,8965053.47,650834.2,25428.63,9590459.04
A0002070,2023-04,9590459.04,8976.97,797177.57,8802258.44
A0002070,2023-05,8802258.44,3493114.03,1340602.73,10954769.74
A0002070,2023-06,10954769.74,0.0,691677.89,10263091.85
A0002070,2023-07,10263091.85,0.0,1196386.59,9066705.26
A0002070,2023-08,9066705.26,235351.58,2132017.75,7170039.09
A0002070,2023-09,7170039.09,340651.08,0.0,7510690.17
A0002070,2023-10,7510690.17,518056.85,800371.35,7228375.67
A0002070,2023-11,7228375.67,102895.2,2288224.81,5043046.06
A0002070,2023-12,5043046.06,1076780.65,149717.72,5970108.99
A0002070,2024-01,5970108.99,0.0,1214860.92,4755248.07
A0002070,2024-02,4755248.07,1076571.11,1565013.13,4266806.05
A0002070,2024-03,4266806.05,0.0,2778884.01,1487922.04
A0002070,2024-04,1487922.04,38977.78,1238090.6,288809.22
A0002070,2024-05,288809.22,462685.0,259720.64,491773.58
A0002070,2024-06,491773.58,513359.55,354123.86,651009.27
A0002070,2024-07,651009.27,2632174.6,1348046.4,1935137.47
A0002070,2024-08,1935137.47,517930.3,612777.48,1840290.29
A0002070,2024-09,1840290.29,1632155.89,325282.95,3147163.23
A0002070,2024-10,3147163.23,1464563.09,251950.81,4359775.51
A0002070,2024-11,4359775.51,498585.6,4368907.34,489453.77
A0002070,2024-12,489453.77,0.0,386461.28,102992.49
A0002070,2025-01,102992.49,0.0,0.0,102992.49
A0002070,2025-02,102992.49,2872494.41,0.0,2975486.9
A0002070,2025-03,2975486.9,158685.2,1203711.58,1930460.52
A0002070,2025-04,1930460.52,1020873.44,1261557.48,1689776.48
A0002070,2025-05,1689776.48,2567126.46,0.0,4256902.94
A0002070,2025-06,4256902.94,859385.02,1989367.81,3126920.15
A0002070,2025-07,3126920.15,0.0,7716.07,3119204.08
A0002070,2025-08,3119204.08,544813.21,3365584.05,298433.24
A0002070,2025-09,298433.24,1403464.0,0.0,1701897.24
A0002070,2025-10,1701897.24,231327.64,1558031.96,375192.92
A0002070,2025-11,375192.92,2397042.0,1589729.89,1182505.03
A0002070,2025-12,1182505.03,0.0,0.0,1182505.03
A0002070,2026-01,1182505.03,2646664.09,160016.25,3669152.87
A0002070,2026-02,3669152.87,0.0,0.0,3669152.87
A0002070,2026-03,3669152.87,2159.71,291079.61,3380232.97
A0002070,2026-04,3380232.97,374775.56,0.0,3755008.53
A0002070,2026-05,3755008.53,3523528.29,4274321.39,3004215.43
A0002070,2026-06,3004215.43,1556291.63,1250927.06,3309580.0
A0002070,2026-07,3309580.0,191807.08,0.0,3501387.08
A0002070,2026-08,3501387.08,232074.34,1382948.12,2350513.3
A0002070,2026-09,2350513.3,2144713.83,8798.26,4486428.87
A0002070,2026-10,4486428.87,399016.8,1033112.63,3852333.04
A0002070,2026-11,3852333.04,350627.62,1293503.7,2909456.96
A0002070,2026-12,2909456.96,1159071.69,680159.38,3388369.27
A0002072,2021-01,3202478.06,4182682.96,5118690.25,2266470.77
A0002072,2021-02,2266470.77,1466199.18,3270461.36,462208.59
A0002072,2021-03,462208.59,360560.13,526969.52,295799.2
A0002072,2021-04,295799.2,708275.65,357951.59,646123.26
A0002072,2021-05,646123.26,9586206.68,4173489.4,6058840.54
A0002072,2021-06,6058840.54,2613140.94,1893726.11,6778255.37
A0002072,2021-07,6778255.37,2472187.13,8812604.61,437837.89
A0002072,2021-08,437837.89,115330.08,417908.52,135259.45
A0002072,2021-09,135259.45,541120.73,9017.06,667363.12
A0002072,2021-10,667363.12,1716650.22,1538417.59,845595.75
A0002072,2021-11,845595.75,2811092.26,3175109.8,481578.21
A0002072,2021-12,481578.21,2123901.05,1708617.92,896861.34
A0002072,2022-01,896861.34,3852651.6,4669924.69,79588.25
A0002072,2022-02,79588.25,1492225.4,1200836.27,370977.38
A0002072,2022-03,370977.38,5652811.42,673940.24,5349848.56
A0002072,2022-04,5349848.56,2174037.9,4461070.97,3062815.49
A0002072,2022-05,3062815.49,3068772.73,6123907.61,7680.61
A0002072,2022-06,7680.61,2881934.0,1592706.41,1296908.2
A0002072,2022-07,1296908.2,390341.13,715951.26,971298.07
A0002072,2022-08,971298.07,5222242.36,2499269.96,3694270.47
A0002072,2022-09,3694270.47,1773009.07,2168010.35,3299269.19
A0002072,2022-10,3299269.19,1634610.75,3344928.71,1588951.23
A0002072,2022-11,1588951.23,3020636.76,3106452.22,1503135.77
A0002072,2022-12,1503135.77,4491003.39,1950968.36,4043170.8
A0002072,2023-01,4043170.8,3089974.12,4149226.55,2983918.37
A0002072,2023-02,2983918.37,3448609.35,2667742.87,3764784.85
A0002072,2023-03,3764784.85,6579365.36,9215897.82,1128252.39
A0002072,2023-04,1128252.39,5840466.27,3529578.37,3439140.29
A0002072,2023-05,3439140.29,759569.59,1158893.71,3039816.17
A0002072,2023-06,3039816.17,3845740.5,4395331.57,2490225.1
A0002072,2023-07,2490225.1,6273056.97,6200655.52,2562626.55
A0002072,2023-08,2562626.55,4091546.68,4357028.26,2297144.97
A0002072,2023-09,2297144.97,1570609.93,3834443.41,33311.49
A0002072,2023-10,33311.49,3501346.17,985085.12,2549572.54
A0002072,2023-11,2549572.54,6211700.66,4168702.81,4592570.39
A0002072,2023-12,4592570.39,100837.29,1374972.96,3318434.72
A0002072,2024-01,3318434.72,2897971.86,1809377.04,4407029.54
A0002072,2024-02,4407029.54,102857.9,1837155.39,2672732.05
A0002072,2024-03,2672732.05,4805997.26,2850223.97,4628505.34
A0002072,2024-04,4628505.34,1307898.18,865054.0,5071349.52
A0002072,2024-05,5071349.52,2109631.72,6098077.99,1082903.25
A0002072,2024-06,1082903.25,5437930.85,1758430.25,4762403.85
A0002072,2024-07,4762403.85,276802.47,2443147.57,2596058.75
A0002072,2024-08,2596058.75,122031.29,2593918.82,124171.22
A0002072,2024-09,124171.22,16993848.48,2952698.07,14165321.63
A0002072,2024-10,14165321.63,2696555.06,4480677.29,12381199.4
A0002072,2024-11,12381199.4,4643281.15,12503139.37,4521341.18
A0002072,2024-12,4521341.18,4223086.13,6427773.45,2316653.86
A0002072,2025-01,2316653.86,5673074.45,4056940.2,3932788.11
A0002072,2025-02,3932788.11,871310.51,2020551.67,2783546.95
A0002072,2025-03,2783546.95,3204680.34,1806261.31,4181965.98
A0002072,2025-04,4181965.98,5476546.13,6888880.58,2769631.53
A0002072,2025-05,2769631.53,6021996.94,2146262.21,6645366.26
A0002072,2025-06,6645366.26,3639086.93,4217562.51,6066890.68
A0002072,2025-07,6066890.68,4146916.5,7793764.2,2420042.98
A0002072,2025-08,2420042.98,6820430.76,5306957.38,3933516.36
A0002072,2025-09,3933516.36,431618.02,4137573.78,227560.6
A0002072,2025-10,227560.6,10303972.04,4891026.1,5640506.54
A0002072,2025-11,5640506.54,16157316.54,20552937.88,1244885.2
A0002072,2025-12,1244885.2,674150.41,363864.77,1555170.84
A0002072,2026-01,1555170.84,8492723.05,5415437.55,4632456.34
A0002072,2026-02,4632456.34,4379429.36,8898174.53,113711.17
A0002072,2026-03,113711.17,592543.18,354412.72,351841.63
A0002072,2026-04,351841.63,2662286.57,2528307.05,485821.15
A0002072,2026-05,485821.15,11488688.75,8421613.63,3552896.27
A0002072,2026-06,3552896.27,1065552.91,4456020.75,162428.43
A0002072,2026-07,162428.43,38650.14,155585.51,45493.06
A0002072,2026-08,45493.06,1804727.69,893873.92,956346.83
A0002072,2026-09,956346.83,6539589.5,2431844.73,5064091.6
A0002072,2026-10,5064091.6,832971.47,2380668.55,3516394.52
A0002072,2026-11,3516394.52,5701024.89,6632275.01,2585144.4
A0002072,2026-12,2585144.4,3315392.61,3736781.08,2163755.93
A0002073,2021-01,110722.36,383.17,56046.85,55058.68
A0002073,2021-02,55058.68,0.0,24847.97,30210.71
A0002073,2021-03,30210.71,22555.31,5737.08,47028.94
A0002073,2021-04,47028.94,2050.46,40335.68,8743.72
A0002073,2021-05,8743.72,22353.72,15697.57,15399.87
A0002073,2021-06,15399.87,39594.6,2025.42,52969.05
A0002073,2021-07,52969.05,0.0,20253.46,32715.59
A0002073,2021-08,32715.59,0.0,0.0,32715.59
A0002073,2021-09,32715.59,7759.78,5837.37,34638.0
A0002073,2021-10,34638.0,4235.56,12664.72,26208.84
A0002073,2021-11,26208.84,10674.64,22086.45,14797.03
A0002073,2021-12,14797.03,0.0,0.0,14797.03
A0002073,2022-01,14797.03,10758.16,11539.76,14015.43
A0002073,2022-02,14015.43,4850.14,0.0,18865.57
A0002073,2022-03,18865.57,0.0,21.73,18843.84
A0002073,2022-04,18843.84,83009.68,18983.94,82869.58
A0002073,2022-05,82869.58,0.0,1810.54,81059.04
A0002073,2022-06,81059.04,0.0,54394.09,26664.95
A0002073,2022-07,26664.95,68635.51,7585.48,87714.98
A0002073,2022-08,87714.98,21086.74,13397.09,95404.63
A0002073,2022-09,95404.63,12325.85,0.0,107730.48
A0002073,2022-10,107730.48,10101.35,0.0,117831.83
A0002073,2022-11,117831.83,18712.14,17323.73,119220.24
A0002073,2022-12,119220.24,0.0,0.0,119220.24
A0002073,2023-01,119220.24,71089.24,106768.96,83540.52
A0002073,2023-02,83540.52,2955.97,0.0,86496.49
A0002073,2023-03,86496.49,115796.93,99395.69,102897.73
A0002073,2023-04,102897.73,21999.7,77516.7,47380.73
A0002073,2023-05,47380.73,31036.6,0.0,78417.33
A0002073,2023-06,78417.33,137821.36,42330.15,173908.54
A0002073,2023-07,173908.54,56559.66,77605.89,152862.31
A0002073,2023-08,152862.31,0.0,8158.81,144703.5
A0002073,2023-09,144703.5,3918.14,571.25,148050.39
A0002073,2023-10,148050.39,356421.26,28793.34,475678.31
A0002073,2023-11,475678.31,51327.34,66934.62,460071.03
A0002073,2023-12,460071.03,20195.68,73223.74,407042.97
A0002073,2024-01,407042.97,0.0,7257.56,399785.41
A0002073,2024-02,399785.41,119.33,7317.21,392587.53
A0002073,2024-03,392587.53,3800.14,64830.78,331556.89
A0002073,2024-04,331556.89,17369.02,32544.64,316381.27
A0002073,2024-05,316381.27,7597.55,45399.27,278579.55
A0002073,2024-06,278579.55,65751.74,12440.17,331891.12
A0002073,2024-07,331891.12,632.79,74681.97,257841.94
A0002073,2024-08,257841.94,38559.62,235.72,296165.84
A0002073,2024-09,296165.84,7750.37,67022.03,236894.18
A0002073,2024-10,236894.18,0.0,16644.24,220249.94
A0002073,2024-11,220249.94,14864.06,113364.38,121749.62
A0002073,2024-12,121749.62,2243.95,12122.6,111870.97
A0002073,2025-01,111870.97,9732.4,8406.54,113196.83
A0002073,2025-02,113196.83,22572.96,25538.87,110230.92
A0002073,2025-03,110230.92,43330.93,66478.3,87083.55
A0002073,2025-04,87083.55,577.54,17817.42,69843.67
A0002073,2025-05,69843.67,565.99,19562.71,50846.95
A0002073,2025-06,50846.95,29092.91,51696.95,28242.91
A0002073,2025-07,28242.91,44448.17,3102.75,69588.33
A0002073,2025-08,69588.33,36565.12,25064.11,81089.34
A0002073,2025-09,81089.34,5160.75,12138.66,74111.43
A0002073,2025-10,74111.43,982.7,17024.88,58069.25
A0002073,2025-11,58069.25,19304.65,7201.84,70172.06
A0002073,2025-12,70172.06,943.78,7585.2,63530.64
A0002073,2026-01,63530.64,28531.87,74132.58,17929.93
A0002073,2026-02,17929.93,5.99,10635.97,7299.95
A0002073,2026-03,7299.95,5002.38,0.0,12302.33
A0002073,2026-04,12302.33,1100.96,7193.33,6209.96
A0002073,2026-05,6209.96,0.0,5395.67,814.29
A0002073,2026-06,814.29,0.0,0.0,814.29
A0002073,2026-07,814.29,7325.89,0.0,8140.18
A0002073,2026-08,8140.18,48293.8,12070.07,44363.91
A0002073,2026-09,44363.91,36340.86,13725.47,66979.3
A0002073,2026-10,66979.3,85915.41,39851.3,113043.41
A0002073,2026-11,113043.41,22345.34,7187.75,128201.0
A0002073,2026-12,128201.0,23645.82,73493.28,78353.54
A0002089,2021-01,1449.9,0.0,0.0,1449.9
A0002089,2021-02,1449.9,0.0,58.98,1390.92
A0002089,2021-03,1390.92,0.0,20.0,1370.92
A0002089,2021-04,1370.92,42.29,0.0,1413.21
A0002089,2021-05,1413.21,426.01,383.44,1455.78
A0002089,2021-06,1455.78,74.84,0.0,1530.62
A0002089,2021-07,1530.62,231.31,0.0,1761.93
A0002089,2021-08,1761.93,429.23,492.15,1699.01
A0002089,2021-09,1699.01,0.0,0.0,1699.01
A0002089,2021-10,1699.01,1680.56,670.28,2709.29
A0002089,2021-11,2709.29,151.12,0.0,2860.41
A0002089,2021-12,2860.41,0.0,91.09,2769.32
A0002089,2022-01,2769.32,310.21,262.76,2816.77
A0002089,2022-02,2816.77,0.0,0.0,2816.77
A0002089,2022-03,2816.77,272.2,0.0,3088.97
A0002089,2022-04,3088.97,1690.73,0.0,4779.7
A0002089,2022-05,4779.7,897.67,0.0,5677.37
A0002089,2022-06,5677.37,246.49,149.3,5774.56
A0002089,2022-07,5774.56,0.0,709.66,5064.9
A0002089,2022-08,5064.9,1933.34,738.79,6259.45
A0002089,2022-09,6259.45,73.81,0.0,6333.26
A0002089,2022-10,6333.26,414.96,564.7,6183.52
A0002089,2022-11,6183.52,287.13,1270.67,5199.98
A0002089,2022-12,5199.98,0.0,125.02,5074.96
A0002089,2023-01,5074.96,0.0,0.0,5074.96
A0002089,2023-02,5074.96,619.51,0.0,5694.47
A0002089,2023-03,5694.47,0.0,113.61,5580.86
A0002089,2023-04,5580.86,823.46,147.77,6256.55
A0002089,2023-05,6256.55,15.03,0.0,6271.58
A0002089,2023-06,6271.58,0.0,559.82,5711.76
A0002089,2023-07,5711.76,92.8,646.04,5158.52
A0002089,2023-08,5158.52,1419.41,491.84,6086.09
A0002089,2023-09,6086.09,676.51,780.84,5981.76
A0002089,2023-10,5981.76,5200.69,0.0,11182.45
A0002089,2023-11,11182.45,725.78,103.38,11804.85
A0002089,2023-12,11804.85,372.01,0.0,12176.86
A0002089,2024-01,12176.86,462.53,5124.32,7515.07
A0002089,2024-02,7515.07,1910.74,0.0,9425.81
A0002089,2024-03,9425.81,0.0,0.0,9425.81
A0002089,2024-04,9425.81,0.0,0.0,9425.81
A0002089,2024-05,9425.81,1271.85,8796.71,1900.95
A0002089,2024-06,1900.95,0.0,0.0,1900.95
A0002089,2024-07,1900.95,0.0,43.87,1857.08
A0002089,2024-08,1857.08,698.73,0.0,2555.81
A0002089,2024-09,2555.81,0.0,927.98,1627.83
A0002089,2024-10,1627.83,137.8,0.0,1765.63
A0002089,2024-11,1765.63,0.0,0.0,1765.63
A0002089,2024-12,1765.63,0.0,0.0,1765.63
A0002089,2025-01,1765.63,35.05,0.0,1800.68
A0002089,2025-02,1800.68,0.0,734.37,1066.31
A0002089,2025-03,1066.31,3027.74,95.29,3998.76
A0002089,2025-04,3998.76,0.0,0.0,3998.76
A0002089,2025-05,3998.76,0.0,0.0,3998.76
A0002089,2025-06,3998.76,0.0,0.0,3998.76
A0002089,2025-07,3998.76,0.0,507.38,3491.38
A0002089,2025-08,3491.38,62.18,0.0,3553.56
A0002089,2025-09,3553.56,881.99,0.0,4435.55
A0002089,2025-10,4435.55,0.0,544.04,3891.51
A0002089,2025-11,3891.51,0.0,104.22,3787.29
A0002089,2025-12,3787.29,0.0,0.0,3787.29
A0002089,2026-01,3787.29,2161.12,0.0,5948.41
A0002089,2026-02,5948.41,0.0,1096.09,4852.32
A0002089,2026-03,4852.32,0.0,594.88,4257.44
A0002089,2026-04,4257.44,151.11,0.0,4408.55
A0002089,2026-05,4408.55,0.0,0.0,4408.55
A0002089,2026-06,4408.55,22931.03,61.67,27277.91
A0002089,2026-07,27277.91,0.0,630.96,26646.95
A0002089,2026-08,26646.95,0.0,0.0,26646.95
A0002089,2026-09,26646.95,301.44,0.0,26948.39
A0002089,2026-10,26948.39,0.0,344.6,26603.79
A0002089,2026-11,26603.79,627.0,2728.55,24502.24
A0002089,2026-12,24502.24,1810.73,686.69,25626.28
A0002346,2021-01,139.31,49246.96,30202.57,19183.7
A0002346,2021-02,19183.7,424.02,5336.41,14271.31
A0002346,2021-03,14271.31,905.73,569.76,14607.28
A0002346,2021-04,14607.28,8059.63,16470.11,6196.8
A0002346,2021-05,6196.8,897.77,1318.86,5775.71
A0002346,2021-06,5775.71,195.45,490.22,5480.94
A0002346,2021-07,5480.94,0.0,745.16,4735.78
A0002346,2021-08,4735.78,1587.07,3292.3,3030.55
A0002346,2021-09,3030.55,3638.99,1120.41,5549.13
A0002346,2021-10,5549.13,418.08,5399.23,567.98
A0002346,2021-11,567.98,32570.57,62.85,33075.7
A0002346,2021-12,33075.7,150.49,973.54,32252.65
A0002346,2022-01,32252.65,1786.31,843.09,33195.87
A0002346,2022-02,33195.87,1729.79,3195.03,31730.63
A0002346,2022-03,31730.63,986.97,1020.93,31696.67
A0002346,2022-04,31696.67,1219.44,1460.21,31455.9
A0002346,2022-05,31455.9,63.91,782.78,30737.03
A0002346,2022-06,30737.03,510.37,2402.81,28844.59
A0002346,2022-07,28844.59,9116.15,11041.24,26919.5
A0002346,2022-08,26919.5,0.0,1012.53,25906.97
A0002346,2022-09,25906.97,2383.69,11300.68,16989.98
A0002346,2022-10,16989.98,966.11,727.6,17228.49
A0002346,2022-11,17228.49,1293.64,836.02,17686.11
A0002346,2022-12,17686.11,649.04,16504.12,1831.03
A0002346,2023-01,1831.03,268.91,191.81,1908.13
A0002346,2023-02,1908.13,2614.57,2188.79,2333.91
A0002346,2023-03,2333.91,0.0,933.06,1400.85
A0002346,2023-04,1400.85,853.04,1529.49,724.4
A0002346,2023-05,724.4,68.98,666.48,126.9
A0002346,2023-06,126.9,1279.03,794.67,611.26
A0002346,2023-07,611.26,25991.24,1017.68,25584.82
A0002346,2023-08,25584.82,994.11,2290.5,24288.43
A0002346,2023-09,24288.43,69364.02,11995.9,81656.55
A0002346,2023-10,81656.55,1362.19,851.83,82166.91
A0002346,2023-11,82166.91,122.47,358.0,81931.38
A0002346,2023-12,81931.38,6571.05,2779.29,85723.14
A0002346,2024-01,85723.14,1453.57,1499.29,85677.42
A0002346,2024-02,85677.42,529.97,732.1,85475.29
A0002346,2024-03,85475.29,1003.59,46036.32,40442.56
A0002346,2024-04,40442.56,1371.99,897.22,40917.33
A0002346,2024-05,40917.33,1748.26,3484.38,39181.21
A0002346,2024-06,39181.21,566.2,1432.09,38315.32
A0002346,2024-07,38315.32,415.47,1379.26,37351.53
A0002346,2024-08,37351.53,264.91,621.05,36995.39
A0002346,2024-09,36995.39,1613.02,2024.7,36583.71
A0002346,2024-10,36583.71,0.0,1095.22,35488.49
A0002346,2024-11,35488.49,0.0,6325.61,29162.88
A0002346,2024-12,29162.88,287.46,27892.15,1558.19
A0002346,2025-01,1558.19,310.76,402.81,1466.14
A0002346,2025-02,1466.14,281.2,147.02,1600.32
A0002346,2025-03,1600.32,499.82,1722.65,377.49
A0002346,2025-04,377.49,141.56,430.24,88.81
A0002346,2025-05,88.81,632.76,38.35,683.22
A0002346,2025-06,683.22,2084.85,1397.06,1371.01
A0002346,2025-07,1371.01,814.56,1671.22,514.35
A0002346,2025-08,514.35,1496.1,1074.55,935.9
A0002346,2025-09,935.9,1177.16,1120.77,992.29
A0002346,2025-10,992.29,59143.5,136.88,59998.91
A0002346,2025-11,59998.91,801.39,1112.54,59687.76
A0002346,2025-12,59687.76,1565.6,1552.45,59700.91
A0002346,2026-01,59700.91,1848.8,51588.23,9961.48
A0002346,2026-02,9961.48,86519.53,1466.39,95014.62
A0002346,2026-03,95014.62,4375.64,3926.32,95463.94
A0002346,2026-04,95463.94,0.0,5629.97,89833.97
A0002346,2026-05,89833.97,8571.38,27972.78,70432.57
A0002346,2026-06,70432.57,77.22,7432.83,63076.96
A0002481,2021-01,1107081.93,1170262.79,1682555.06,594789.66
A0002481,2021-02,594789.66,88974.13,209653.55,474110.24
A0002481,2021-03,474110.24,346375.95,403410.93,417075.26
A0002481,2021-04,417075.26,313102.88,730137.64,40.5
A0002481,2021-05,40.5,592155.32,484278.29,107917.53
A0002481,2021-06,107917.53,640601.13,469034.54,279484.12
A0002481,2021-07,279484.12,56990.0,139348.07,197126.05
A0002481,2021-08,197126.05,174795.65,122847.63,249074.07
A0002481,2021-09,249074.07,1184231.42,1417609.82,15695.67
A0002481,2021-10,15695.67,1283722.94,353939.13,945479.48
A0002481,2021-11,945479.48,660338.82,1108591.81,497226.49
A0002481,2021-12,497226.49,252060.11,226177.4,523109.2
A0002481,2022-01,523109.2,310015.4,496363.11,336761.49
A0002481,2022-02,336761.49,228875.59,427301.07,138336.01
A0002481,2022-03,138336.01,232115.32,269968.71,100482.62
A0002481,2022-04,100482.62,468573.21,488576.58,80479.25
A0002481,2022-05,80479.25,353559.01,427555.51,6482.75
A0002481,2022-06,6482.75,53668.31,10439.73,49711.33
A0002481,2022-07,49711.33,592060.67,399823.46,241948.54
A0002481,2022-08,241948.54,79768.24,175784.09,145932.69
A0002481,2022-09,145932.69,718518.74,733137.1,131314.33
A0002481,2022-10,131314.33,946192.83,833684.28,243822.88
A0002481,2022-11,243822.88,89016.28,184361.01,148478.15
A0002481,2022-12,148478.15,634642.11,742954.08,40166.18
A0002481,2023-01,40166.18,400204.32,314477.83,125892.67
A0002481,2023-02,125892.67,1514739.72,1126789.39,513843.0
A0002481,2023-03,513843.0,745651.96,1144990.6,114504.36
A0002481,2023-04,114504.36,651146.25,608640.21,157010.4
A0002481,2023-05,157010.4,319907.48,266646.77,210271.11
A0002481,2023-06,210271.11,107707.33,278720.38,39258.06
A0002481,2023-07,39258.06,4015615.07,1500912.94,2553960.19
A0002481,2023-08,2553960.19,91997.74,144170.26,2501787.67
A0002481,2023-09,2501787.67,684156.59,1001795.05,2184149.21
A0002481,2023-10,2184149.21,193730.69,910801.37,1467078.53
A0002481,2023-11,1467078.53,135071.35,40032.85,1562117.03
A0002481,2023-12,1562117.03,381905.86,228538.0,1715484.89
A0002481,2024-01,1715484.89,136288.57,99796.08,1751977.38
A0002481,2024-02,1751977.38,886124.72,1021371.2,1616730.9
A0002481,2024-03,1616730.9,2205172.85,2326795.02,1495108.73
A0002481,2024-04,1495108.73,1212599.17,2262440.77,445267.13
A0002481,2024-05,445267.13,365033.14,346660.15,463640.12
A0002481,2024-06,463640.12,731934.86,1126440.87,69134.11
A0002481,2024-07,69134.11,1040485.84,682730.01,426889.94
A0002481,2024-08,426889.94,112232.14,219487.86,319634.22
A0002481,2024-09,319634.22,173329.91,118180.84,374783.29
A0002481,2024-10,374783.29,1324248.87,1580056.77,118975.39
A0002481,2024-11,118975.39,2610979.94,2624859.04,105096.29
A0002481,2024-12,105096.29,542217.96,420111.66,227202.59
A0002481,2025-01,227202.59,310577.42,364969.23,172810.78
A0002481,2025-02,172810.78,388930.95,224281.57,337460.16
A0002481,2025-03,337460.16,3312671.37,1821127.49,1829004.04
A0002481,2025-04,1829004.04,1263111.9,1448227.52,1643888.42
A0002481,2025-05,1643888.42,758679.71,1280310.39,1122257.74
A0002481,2025-06,1122257.74,623353.08,375295.37,1370315.45
A0002481,2025-07,1370315.45,541792.55,733354.85,1178753.15
A0002481,2025-08,1178753.15,265374.37,528839.06,915288.46
A0002481,2025-09,915288.46,3884581.33,4309351.11,490518.68
A0002481,2025-10,490518.68,3822824.29,3467082.54,846260.43
A0002481,2025-11,846260.43,1477167.16,2161260.1,162167.49
A0002481,2025-12,162167.49,2428322.57,2558714.73,31775.33
A0002481,2026-01,31775.33,3471602.85,2111576.3,1391801.88
A0002481,2026-02,1391801.88,2046680.29,1762980.86,1675501.31
A0002481,2026-03,1675501.31,260999.43,256191.76,1680308.98
A0002481,2026-04,1680308.98,756269.1,2240084.29,196493.79
A0002481,2026-05,196493.79,521507.26,518863.61,199137.44
A0002481,2026-06,199137.44,571459.07,416062.78,354533.73
A0002481,2026-07,354533.73,1497867.48,1734426.7,117974.51
A0002481,2026-08,117974.51,160511.97,187500.44,90986.04
A0002481,2026-09,90986.04,399479.28,275732.9,214732.42
A0002481,2026-10,214732.42,389039.62,449731.02,154041.02
A0002481,2026-11,154041.02,604787.65,558213.1,200615.57
A0002481,2026-12,200615.57,380361.76,537706.58,43270.75
A0002620,2021-01,47558.09,42696.07,35186.45,55067.71
A0002620,2021-02,55067.71,53802.4,83106.15,25763.96
A0002620,2021-03,25763.96,58525.07,48682.02,35607.01
A0002620,2021-04,35607.01,84054.69,36938.69,82723.01
A0002620,2021-05,82723.01,47718.34,72283.9,58157.45
A0002620,2021-06,58157.45,109091.48,78449.16,88799.77
A0002620,2021-07,88799.77,50829.53,46659.9,92969.4
A0002620,2021-08,92969.4,30147.29,64035.77,59080.92
A0002620,2021-09,59080.92,367023.39,65871.23,360233.08
A0002620,2021-10,360233.08,65920.62,105988.38,320165.32
A0002620,2021-11,320165.32,63511.47,166673.54,217003.25
A0002622,2021-01,25540.1,392344.97,41292.89,376592.18
A0002622,2021-02,376592.18,88341.23,134264.49,330668.92
A0002623,2021-01,104103.58,23108.35,560.77,126651.16
A0002623,2021-02,126651.16,0.0,7908.51,118742.65
A0002623,2021-03,118742.65,54360.61,21455.87,151647.39
A0002623,2021-04,151647.39,1590.11,13959.46,139278.04
A0002623,2021-05,139278.04,5404.91,10274.11,134408.84
A0002623,2021-06,134408.84,22258.99,36988.47,119679.36
A0002623,2021-07,119679.36,6655.4,51159.63,75175.13
A0002624,2021-01,55180.99,38199.55,2066.27,91314.27
A0002624,2021-02,91314.27,83871.94,5213.12,169973.09
A0002624,2021-03,169973.09,0.0,22074.58,147898.51
A0002624,2021-04,147898.51,26468.52,13242.29,161124.74
A0002624,2021-05,161124.74,24317.04,20872.42,164569.36
A0002624,2021-06,164569.36,6362.38,39054.82,131876.92
A0002624,2021-07,131876.92,38146.98,11595.66,158428.24
A0002624,2021-08,158428.24,49362.64,15206.16,192584.72
A0002624,2021-09,192584.72,23208.86,92875.26,122918.32
A0002625,2021-01,1182.29,1.19,0.0,1183.48
A0002625,2021-02,1183.48,1.15,0.0,1184.63
A0002625,2021-03,1184.63,1.19,0.0,1185.82
A0002625,2021-04,1185.82,1.24,0.0,1187.06
A0002625,2021-05,1187.06,1.17,0.0,1188.23
A0002625,2021-06,1188.23,1.14,0.0,1189.37
A0002625,2021-07,1189.37,1.13,0.0,1190.5
A0002625,2021-08,1190.5,1.1,0.0,1191.6
A0002625,2021-09,1191.6,1.23,0.0,1192.83
A0002625,2021-10,1192.83,1.19,0.0,1194.02
A0002625,2021-11,1194.02,1.2,1195.22,0.0
A0002627,2021-01,40849.47,243700.98,66883.0,217667.45
A0002627,2021-02,217667.45,53474.1,5002.17,266139.38
A0002627,2021-03,266139.38,62174.64,36795.55,291518.47
A0002627,2021-04,291518.47,504953.43,56899.36,739572.54
A0002627,2021-05,739572.54,260936.94,65304.3,935205.18
A0002627,2021-06,935205.18,65928.31,43818.47,957315.02
A0002627,2021-07,957315.02,72456.47,179159.52,850611.97
A0002627,2021-08,850611.97,91523.22,170825.85,771309.34
A0002628,2021-01,654.09,8568.03,1416.77,7805.35
A0002628,2021-02,7805.35,832.69,407.36,8230.68
A0002628,2021-03,8230.68,20.0,292.76,7957.92
A0002628,2021-04,7957.92,49976.85,1358.23,56576.54
A0002628,2021-05,56576.54,314.45,0.0,56890.99
A0002628,2021-06,56890.99,214.02,135.35,56969.66
A0002628,2021-07,56969.66,623.18,463.47,57129.37
A0002628,2021-08,57129.37,53.76,1420.32,55762.81
A0002628,2021-09,55762.81,0.0,41.31,55721.5
A0002628,2021-10,55721.5,791.5,75.83,56437.17
A0002628,2021-11,56437.17,28934.41,49272.43,36099.15
A0002628,2021-12,36099.15,0.0,194.29,35904.86
A0002628,2022-01,35904.86,1239.36,983.63,36160.59
A0002628,2022-02,36160.59,1316.89,293.11,37184.37
A0002628,2022-03,37184.37,383.03,217.56,37349.84
A0002628,2022-04,37349.84,857.51,660.44,37546.91
A0002628,2022-05,37546.91,670.24,137.5,38079.65
A0002628,2022-06,38079.65,233.83,0.0,38313.48
A0002628,2022-07,38313.48,576.92,111.77,38778.63
A0002628,2022-08,38778.63,2215.66,960.52,40033.77
A0002628,2022-09,40033.77,0.0,3886.78,36146.99
A0002628,2022-10,36146.99,298.81,27.21,36418.59
A0002628,2022-11,36418.59,0.0,205.11,36213.48
A0002628,2022-12,36213.48,690.87,66.52,36837.83
A0002628,2023-01,36837.83,1007.03,905.02,36939.84
A0002628,2023-02,36939.84,265.71,2194.94,35010.61
A0002628,2023-03,35010.61,1196.28,2098.58,34108.31
A0002628,2023-04,34108.31,137.97,988.93,33257.35
A0002628,2023-05,33257.35,0.0,0.0,33257.35
A0002628,2023-06,33257.35,1307.12,941.92,33622.55
A0002628,2023-07,33622.55,0.0,900.1,32722.45
A0002628,2023-08,32722.45,0.0,585.56,32136.89
A0002628,2023-09,32136.89,588.0,0.0,32724.89
A0002628,2023-10,32724.89,934.77,885.95,32773.71
A0002628,2023-11,32773.71,4684.06,235.66,37222.11
A0002628,2023-12,37222.11,571.7,2573.97,35219.84
A0002629,2021-01,72111.4,1404.78,34877.29,38638.89
A0002629,2021-02,38638.89,12028.6,4446.88,46220.61
A0002629,2021-03,46220.61,5150.16,30601.47,20769.3
A0002629,2021-04,20769.3,35198.04,52371.95,3595.39
A0002629,2021-05,3595.39,162030.76,17845.61,147780.54
A0002629,2021-06,147780.54,10069.53,117942.54,39907.53
A0002629,2021-07,39907.53,317303.53,62168.05,295043.01
A0002629,2021-08,295043.01,41669.32,44326.37,292385.96
A0002629,2021-09,292385.96,62477.55,27615.7,327247.81
A0002629,2021-10,327247.81,63011.36,165813.49,224445.68
A0002629,2021-11,224445.68,59551.2,225966.33,58030.55
A0002629,2021-12,58030.55,31891.69,44302.36,45619.88
A0002629,2022-01,45619.88,121389.19,72408.09,94600.98
A0002629,2022-02,94600.98,0.0,94314.42,286.56
A0002629,2022-03,286.56,67571.0,5912.5,61945.06
A0002629,2022-04,61945.06,0.0,61502.12,442.94
A0002629,2022-05,442.94,122692.73,68981.18,54154.49
A0002629,2022-06,54154.49,159722.13,46471.59,167405.03
A0002629,2022-07,167405.03,246188.38,109273.9,304319.51
A0002629,2022-08,304319.51,22455.47,51732.94,275042.04
A0002629,2022-09,275042.04,69717.29,343750.93,1008.4
A0002629,2022-10,1008.4,12697.15,6754.93,6950.62
A0002629,2022-11,6950.62,31990.62,37408.33,1532.91
A0002629,2022-12,1532.91,104705.01,44336.41,61901.51
A0002629,2023-01,61901.51,140310.76,89655.59,112556.68
A0002629,2023-02,112556.68,29106.94,33458.42,108205.2
A0002629,2023-03,108205.2,67616.1,21339.1,154482.2
A0002629,2023-04,154482.2,9175.1,33623.79,130033.51
A0002629,2023-05,130033.51,85329.93,71970.56,143392.88
A0002629,2023-06,143392.88,102041.25,35256.4,210177.73
A0002629,2023-07,210177.73,30807.29,104401.19,136583.83
A0002629,2023-08,136583.83,47253.44,53594.27,130243.0
A0002629,2023-09,130243.0,29968.24,43839.82,116371.42
A0002629,2023-10,116371.42,13576.75,14208.06,115740.11
A0002629,2023-11,115740.11,0.0,23231.82,92508.29
A0002629,2023-12,92508.29,74776.9,148997.31,18287.88
A0002629,2024-01,18287.88,44439.13,5571.69,57155.32
A0002629,2024-02,57155.32,79794.4,64649.16,72300.56
A0002629,2024-03,72300.56,28309.95,40299.34,60311.17
A0002629,2024-04,60311.17,90062.68,123998.23,26375.62
A0002629,2024-05,26375.62,43005.04,45573.08,23807.58
A0002629,2024-06,23807.58,86798.21,50535.28,60070.51
A0002629,2024-07,60070.51,26420.92,31309.13,55182.3
A0002629,2024-08,55182.3,94503.7,34358.15,115327.85
A0002629,2024-09,115327.85,264534.44,143064.99,236797.3
A0002629,2024-10,236797.3,23116.85,22876.93,237037.22
A0002629,2024-11,237037.22,38928.48,28533.31,247432.39
A0002629,2024-12,247432.39,46879.38,128347.44,165964.33
A0002629,2025-01,165964.33,70888.28,52954.71,183897.9
A0002629,2025-02,183897.9,161969.46,151842.73,194024.63
A0002629,2025-03,194024.63,19320.1,47290.93,166053.8
A0002629,2025-04,166053.8,33102.43,44733.54,154422.69
A0002629,2025-05,154422.69,59184.3,76334.92,137272.07
A0002629,2025-06,137272.07,25617.01,19724.65,143164.43
A0002629,2025-07,143164.43,28723.29,71893.78,99993.94
A0002629,2025-08,99993.94,40310.84,118223.34,22081.44
A0002629,2025-09,22081.44,401337.94,75174.93,348244.45
A0002629,2025-10,348244.45,16380.65,89231.09,275394.01
A0002629,2025-11,275394.01,155421.36,62125.27,368690.1
A0002629,2025-12,368690.1,0.0,36402.27,332287.83
A0002629,2026-01,332287.83,3478.36,39787.11,295979.08
A0002629,2026-02,295979.08,125894.31,54607.0,367266.39
A0002629,2026-03,367266.39,128988.19,136936.61,359317.97
A0002629,2026-04,359317.97,27312.05,54376.96,332253.06
A0002629,2026-05,332253.06,319384.57,265023.99,386613.64
A0002629,2026-06,386613.64,47040.09,23769.55,409884.18
A0002629,2026-07,409884.18,16873.91,25824.47,400933.62
A0002629,2026-08,400933.62,9787.25,118824.7,291896.17
A0002629,2026-09,291896.17,79151.63,49476.94,321570.86
A0002629,2026-10,321570.86,53457.79,20829.33,354199.32
A0002629,2026-11,354199.32,281091.54,121935.57,513355.29
A0002629,2026-12,513355.29,39771.07,17414.96,535711.4
A0002630,2021-01,2334.69,29165.99,0.0,31500.68
A0002630,2021-02,31500.68,0.0,704.85,30795.83
A0002630,2021-03,30795.83,597.48,81.43,31311.88
A0002630,2021-04,31311.88,349.96,0.0,31661.84
A0002630,2021-05,31661.84,638.11,789.49,31510.46
A0002630,2021-06,31510.46,0.0,689.85,30820.61
A0002630,2021-07,30820.61,0.0,8937.86,21882.75
A0002630,2021-08,21882.75,0.0,0.0,21882.75
A0002630,2021-09,21882.75,1161.73,0.0,23044.48
A0002630,2021-10,23044.48,0.0,248.79,22795.69
A0002630,2021-11,22795.69,13908.12,53.56,36650.25
A0002630,2021-12,36650.25,338.32,0.0,36988.57
A0002630,2022-01,36988.57,791.81,872.48,36907.9
A0002630,2022-02,36907.9,0.0,0.0,36907.9
A0002630,2022-03,36907.9,240.7,869.42,36279.18
A0002630,2022-04,36279.18,0.0,125.02,36154.16
A0002630,2022-05,36154.16,28119.54,972.2,63301.5
A0002630,2022-06,63301.5,0.0,0.0,63301.5
A0002630,2022-07,63301.5,0.0,0.0,63301.5
A0002630,2022-08,63301.5,276.66,224.86,63353.3
A0002630,2022-09,63353.3,0.0,43.16,63310.14
A0002630,2022-10,63310.14,0.0,491.92,62818.22
A0002630,2022-11,62818.22,835.78,201.94,63452.06
A0002630,2022-12,63452.06,104.16,143.88,63412.34
A0002630,2023-01,63412.34,0.0,0.0,63412.34
A0002630,2023-02,63412.34,1870.54,0.0,65282.88
A0002630,2023-03,65282.88,4119.16,0.0,69402.04
A0002630,2023-04,69402.04,0.0,12276.82,57125.22
A0002630,2023-05,57125.22,0.0,556.26,56568.96
A0002630,2023-06,56568.96,0.0,0.0,56568.96
A0002630,2023-07,56568.96,0.0,1258.17,55310.79
A0002630,2023-08,55310.79,2664.32,476.39,57498.72
A0002630,2023-09,57498.72,0.0,169.39,57329.33
A0002630,2023-10,57329.33,0.0,0.0,57329.33
A0002630,2023-11,57329.33,0.0,111.42,57217.91
A0002630,2023-12,57217.91,28389.39,936.99,84670.31
A0002630,2024-01,84670.31,611.45,13713.99,71567.77
A0002630,2024-02,71567.77,3340.99,2995.87,71912.89
A0002630,2024-03,71912.89,655.32,0.0,72568.21
A0002630,2024-04,72568.21,15032.45,7879.89,79720.77
A0002630,2024-05,79720.77,0.0,0.0,79720.77
A0002630,2024-06,79720.77,835.49,22279.5,58276.76
A0002630,2024-07,58276.76,0.0,358.72,57918.04
A0002630,2024-08,57918.04,366.08,0.0,58284.12
A0002630,2024-09,58284.12,0.0,136.05,58148.07
A0002630,2024-10,58148.07,0.0,773.47,57374.6
A0002630,2024-11,57374.6,991.39,0.0,58365.99
A0002630,2024-12,58365.99,0.0,37.23,58328.76
A0002630,2025-01,58328.76,0.0,0.0,58328.76
A0002630,2025-02,58328.76,0.0,72.53,58256.23
A0002630,2025-03,58256.23,0.0,0.0,58256.23
A0002630,2025-04,58256.23,446.46,34.34,58668.35
A0002630,2025-05,58668.35,293.04,0.0,58961.39
A0002630,2025-06,58961.39,0.0,82.94,58878.45
A0002630,2025-07,58878.45,187.19,0.0,59065.64
A0002630,2025-08,59065.64,0.0,206.18,58859.46
A0002630,2025-09,58859.46,0.0,671.99,58187.47
A0002630,2025-10,58187.47,0.0,380.33,57807.14
A0002630,2025-11,57807.14,115.9,24751.21,33171.83
A0002675,2021-01,1722191.6,9786295.84,10701126.55,807360.89
A0002675,2021-02,807360.89,1428820.24,2186337.73,49843.4
A0002675,2021-03,49843.4,14071125.63,12304939.78,1816029.25
A0002675,2021-04,1816029.25,6245351.06,5105272.77,2956107.54
A0002675,2021-05,2956107.54,10817928.44,13152906.35,621129.63
A0002675,2021-06,621129.63,5720454.44,6326183.41,15400.66
A0002675,2021-07,15400.66,9488679.05,9122871.36,381208.35
A0002675,2021-08,381208.35,4180113.98,3621760.07,939562.26
A0002675,2021-09,939562.26,11625478.13,12120904.8,444135.59
A0002675,2021-10,444135.59,3943595.39,4016046.04,371684.94
A0002675,2021-11,371684.94,1110460.09,1471538.75,10606.28
A0002675,2021-12,10606.28,7531806.1,4589745.43,2952666.95
A0002675,2022-01,2952666.95,6343573.18,8097545.96,1198694.17
A0002675,2022-02,1198694.17,17971026.66,14586148.42,4583572.41
A0002675,2022-03,4583572.41,9644974.82,12325974.1,1902573.13
A0002675,2022-04,1902573.13,6495806.94,8377993.77,20386.3
A0002675,2022-05,20386.3,12286701.14,10824687.85,1482399.59
A0002675,2022-06,1482399.59,4166318.41,4808188.37,840529.63
A0002675,2022-07,840529.63,8480893.19,7375666.51,1945756.31
A0002675,2022-08,1945756.31,6770431.94,6301127.03,2415061.22
A0002675,2022-09,2415061.22,13590785.76,14162855.61,1842991.37
A0002675,2022-10,1842991.37,2383645.92,1775856.51,2450780.78
A0002675,2022-11,2450780.78,4558257.19,6401243.46,607794.51
A0002675,2022-12,607794.51,4956816.98,4350907.24,1213704.25
A0002675,2023-01,1213704.25,3119622.15,4222156.17,111170.23
A0002675,2023-02,111170.23,10993490.77,9821666.03,1282994.97
A0002675,2023-03,1282994.97,15219878.85,16048620.03,454253.79
A0002675,2023-04,454253.79,3328251.89,2693758.51,1088747.17
A0002675,2023-05,1088747.17,9850287.17,10452166.82,486867.52
A0002675,2023-06,486867.52,1829316.94,1878105.96,438078.5
A0002675,2023-07,438078.5,16754378.42,14714598.46,2477858.46
A0002675,2023-08,2477858.46,4376901.84,5274886.06,1579874.24
A0002675,2023-09,1579874.24,8176034.58,9008573.64,747335.18
A0002675,2023-10,747335.18,1742502.23,1496816.21,993021.2
A0002675,2023-11,993021.2,3057489.97,3245020.52,805490.65
A0002675,2023-12,805490.65,1999499.74,545923.89,2259066.5
A0002675,2024-01,2259066.5,7442.03,157321.85,2109186.68
A0002675,2024-02,2109186.68,15468413.66,15545872.78,2031727.56
A0002675,2024-03,2031727.56,13717311.49,15654693.31,94345.74
A0002675,2024-04,94345.74,28619806.81,10755062.27,17959090.28
A0002675,2024-05,17959090.28,14831294.13,21386852.19,11403532.22
A0002675,2024-06,11403532.22,14550077.68,17509516.46,8444093.44
A0002675,2024-07,8444093.44,9066508.68,12461957.52,5048644.6
A0002675,2024-08,5048644.6,11267866.31,11225161.0,5091349.91
A0002675,2024-09,5091349.91,21173299.86,21012762.39,5251887.38
A0002675,2024-10,5251887.38,13847567.4,17590544.73,1508910.05
A0002675,2024-11,1508910.05,1961532.03,1692649.94,1777792.14
A0002675,2024-12,1777792.14,7312100.09,8095871.46,994020.77
A0002675,2025-01,994020.77,14643925.86,15563282.81,74663.82
A0002675,2025-02,74663.82,10599840.38,4099055.73,6575448.47
A0002675,2025-03,6575448.47,12367854.43,17101431.04,1841871.86
A0002675,2025-04,1841871.86,16610024.17,17762017.91,689878.12
A0002675,2025-05,689878.12,4765497.48,5044429.71,410945.89
A0002675,2025-06,410945.89,11093855.53,8742711.4,2762090.02
A0002675,2025-07,2762090.02,3028975.93,5787234.82,3831.13
A0002675,2025-08,3831.13,35546280.88,5527753.59,30022358.42
A0002675,2025-09,30022358.42,14846405.15,15320640.02,29548123.55
A0002675,2025-10,29548123.55,16987508.49,19758012.42,26777619.62
A0002675,2025-11,26777619.62,3294228.73,2648071.65,27423776.7
A0002675,2025-12,27423776.7,13867732.09,14561652.77,26729856.02
A0002675,2026-01,26729856.02,16453485.33,27227269.75,15956071.6
A0002675,2026-02,15956071.6,19010214.74,18657893.61,16308392.73
A0002675,2026-03,16308392.73,15412150.06,23427169.77,8293373.02
A0002675,2026-04,8293373.02,3398632.22,1501672.84,10190332.4
A0002675,2026-05,10190332.4,14563413.55,20213531.47,4540214.48
A0002675,2026-06,4540214.48,7818418.54,4983781.71,7374851.31
A0002675,2026-07,7374851.31,15152865.88,21750820.07,776897.12
A0002675,2026-08,776897.12,6150012.27,6166523.91,760385.48
A0002675,2026-09,760385.48,16286380.23,16559855.79,486909.92
A0002675,2026-10,486909.92,11489781.04,11095254.37,881436.59
A0002675,2026-11,881436.59,20987407.32,16161570.07,5707273.84
A0002675,2026-12,5707273.84,13751541.59,13919093.43,5539722.0
A0002676,2021-01,109453.24,42207.95,111112.31,40548.88
A0002676,2021-02,40548.88,35412.19,38761.16,37199.91
A0002676,2021-03,37199.91,16996.91,5298.52,48898.3
A0002676,2021-04,48898.3,182844.37,192271.83,39470.84
A0002676,2021-05,39470.84,38391.43,16500.19,61362.08
A0002676,2021-06,61362.08,33400.7,49343.13,45419.65
A0002676,2021-07,45419.65,76109.22,57271.25,64257.62
A0002676,2021-08,64257.62,117484.53,78648.45,103093.7
A0002676,2021-09,103093.7,24238.83,17539.82,109792.71
A0002676,2021-10,109792.71,241218.18,279934.45,71076.44
A0002676,2021-11,71076.44,25197.34,46153.3,50120.48
A0002676,2021-12,50120.48,3206.64,46861.39,6465.73
A0002676,2022-01,6465.73,49906.95,53912.8,2459.88
A0002676,2022-02,2459.88,32964.65,20981.03,14443.5
A0002676,2022-03,14443.5,57811.8,56148.48,16106.82
A0002676,2022-04,16106.82,105288.09,74196.35,47198.56
A0002676,2022-05,47198.56,12449.05,55175.23,4472.38
A0002676,2022-06,4472.38,104414.17,84808.42,24078.13
A0002676,2022-07,24078.13,41401.33,2674.45,62805.01
A0002676,2022-08,62805.01,53115.87,48387.9,67532.98
A0002676,2022-09,67532.98,61678.0,35534.68,93676.3
A0002676,2022-10,93676.3,4300.92,16060.3,81916.92
A0002676,2022-11,81916.92,53526.4,132167.49,3275.83
A0002676,2022-12,3275.83,51827.91,7063.44,48040.3
A0002676,2023-01,48040.3,0.0,23981.4,24058.9
A0002676,2023-02,24058.9,26221.36,46056.33,4223.93
A0002676,2023-03,4223.93,230125.57,47266.19,187083.31
A0002676,2023-04,187083.31,54508.82,101468.18,140123.95
A0002676,2023-05,140123.95,21472.24,21913.81,139682.38
A0002676,2023-06,139682.38,38990.47,161772.32,16900.53
A0002676,2023-07,16900.53,72858.29,54978.51,34780.31
A0002676,2023-08,34780.31,173927.21,92704.15,116003.37
A0002676,2023-09,116003.37,0.0,32834.09,83169.28
A0002676,2023-10,83169.28,144464.66,98792.28,128841.66
A0002676,2023-11,128841.66,40167.85,54802.61,114206.9
A0002676,2023-12,114206.9,131220.19,146986.45,98440.64
A0002676,2024-01,98440.64,100518.73,56447.87,142511.5
A0002676,2024-02,142511.5,140922.07,121276.27,162157.3
A0002676,2024-03,162157.3,82067.84,112182.18,132042.96
A0002676,2024-04,132042.96,668.88,31687.04,101024.8
A0002676,2024-05,101024.8,69593.61,110106.06,60512.35
A0002755,2021-01,1538591.62,716182.34,222031.31,2032742.65
A0002755,2021-02,2032742.65,139605.34,501008.66,1671339.33
A0002755,2021-03,1671339.33,150125.07,536053.07,1285411.33
A0002755,2021-04,1285411.33,515043.96,269624.38,1530830.91
A0002755,2021-05,1530830.91,532698.22,496866.05,1566663.08
A0002755,2021-06,1566663.08,675904.85,226992.55,2015575.38
A0002755,2021-07,2015575.38,256404.93,307617.06,1964363.25
A0002755,2021-08,1964363.25,1054854.36,608586.15,2410631.46
A0002755,2021-09,2410631.46,104085.38,706173.8,1808543.04
A0002755,2021-10,1808543.04,52597.34,426755.62,1434384.76
A0002755,2021-11,1434384.76,135857.64,226471.28,1343771.12
A0002755,2021-12,1343771.12,19857.34,61972.1,1301656.36
A0002755,2022-01,1301656.36,321066.04,364397.25,1258325.15
A0002755,2022-02,1258325.15,50834.62,294312.17,1014847.6
A0002755,2022-03,1014847.6,520976.65,473006.2,1062818.05
A0002755,2022-04,1062818.05,473751.26,110869.46,1425699.85
A0002755,2022-05,1425699.85,753398.57,267879.48,1911218.94
A0002755,2022-06,1911218.94,81697.57,228967.37,1763949.14
A0002755,2022-07,1763949.14,412567.96,609491.43,1567025.67
A0002755,2022-08,1567025.67,415386.83,299846.04,1682566.46
A0002755,2022-09,1682566.46,383522.84,1103592.42,962496.88
A0002755,2022-10,962496.88,272849.11,312953.86,922392.13
A0002755,2022-11,922392.13,383579.89,494770.92,811201.1
A0002755,2022-12,811201.1,1046596.01,664588.21,1193208.9
A0002755,2023-01,1193208.9,689885.53,1414156.25,468938.18
A0002755,2023-02,468938.18,97420.16,523977.89,42380.45
A0002755,2023-03,42380.45,385137.49,92540.57,334977.37
A0002755,2023-04,334977.37,201103.65,416254.84,119826.18
A0002755,2023-05,119826.18,155736.46,78784.16,196778.48
A0002755,2023-06,196778.48,2043220.17,165738.19,2074260.46
A0002755,2023-07,2074260.46,178665.6,209101.79,2043824.27
A0002755,2023-08,2043824.27,157540.86,441665.57,1759699.56
A0002755,2023-09,1759699.56,252312.82,124246.7,1887765.68
A0002755,2023-10,1887765.68,323794.28,671364.43,1540195.53
A0002755,2023-11,1540195.53,143240.39,830094.92,853341.0
A0002755,2023-12,853341.0,171066.05,124230.05,900177.0
A0002755,2024-01,900177.0,728090.24,1102192.87,526074.37
A0002755,2024-02,526074.37,83142.6,171642.82,437574.15
A0002755,2024-03,437574.15,486929.46,103080.23,821423.38
A0002755,2024-04,821423.38,186025.59,68437.89,939011.08
A0002755,2024-05,939011.08,0.0,50685.27,888325.81
A0002755,2024-06,888325.81,198232.83,76350.48,1010208.16
A0002755,2024-07,1010208.16,223838.2,443487.56,790558.8
A0002755,2024-08,790558.8,96040.22,295926.9,590672.12
A0002755,2024-09,590672.12,207602.83,234863.05,563411.9
A0002755,2024-10,563411.9,379528.42,464170.41,478769.91
A0002755,2024-11,478769.91,0.0,122981.62,355788.29
A0002755,2024-12,355788.29,484625.79,734915.26,105498.82
A0002755,2025-01,105498.82,216275.11,117966.55,203807.38
A0002755,2025-02,203807.38,886364.81,241924.12,848248.07
A0002755,2025-03,848248.07,146170.22,92546.17,901872.12
A0002755,2025-04,901872.12,82015.64,105665.24,878222.52
A0002755,2025-05,878222.52,230663.72,204657.27,904228.97
A0002755,2025-06,904228.97,326531.14,219039.04,1011721.07
A0002755,2025-07,1011721.07,297106.87,542648.07,766179.87
A0002755,2025-08,766179.87,46066.42,137688.95,674557.34
A0002755,2025-09,674557.34,427259.45,598606.01,503210.78
A0002755,2025-10,503210.78,180726.46,229318.38,454618.86
A0002755,2025-11,454618.86,513748.02,453732.09,514634.79
A0002755,2025-12,514634.79,319025.59,356236.95,477423.43
A0002755,2026-01,477423.43,345741.53,9975.14,813189.82
A0002755,2026-02,813189.82,405986.25,314084.99,905091.08
A0002755,2026-03,905091.08,206013.35,336571.3,774533.13
A0002755,2026-04,774533.13,664989.37,880561.06,558961.44
A0002755,2026-05,558961.44,1082219.86,196881.81,1444299.49
A0002755,2026-06,1444299.49,648792.55,899251.4,1193840.64
A0002755,2026-07,1193840.64,191771.21,724636.58,660975.27
A0002819,2021-01,23027.15,31952.76,32385.62,22594.29
A0002819,2021-02,22594.29,3565.75,1777.79,24382.25
A0002819,2021-03,24382.25,36029.15,19722.61,40688.79
A0002819,2021-04,40688.79,496.24,22600.7,18584.33
A0002819,2021-05,18584.33,26902.45,19426.05,26060.73
A0002819,2021-06,26060.73,19364.49,20881.0,24544.22
A0002819,2021-07,24544.22,21205.14,43165.6,2583.76
A0002819,2021-08,2583.76,0.0,2505.85,77.91
A0002819,2021-09,77.91,81547.47,901.27,80724.11
A0002819,2021-10,80724.11,16899.55,20293.57,77330.09
A0002819,2021-11,77330.09,13163.55,13024.02,77469.62
A0002819,2021-12,77469.62,17823.48,22252.63,73040.47
A0002819,2022-01,73040.47,3822.37,23654.76,53208.08
A0002819,2022-02,53208.08,3788.5,2269.77,54726.81
A0002819,2022-03,54726.81,26753.62,47297.16,34183.27
A0002819,2022-04,34183.27,21246.47,5450.86,49978.88
A0002819,2022-05,49978.88,24548.81,33193.9,41333.79
A0002819,2022-06,41333.79,0.0,9053.23,32280.56
A0002819,2022-07,32280.56,82639.73,46175.71,68744.58
A0002819,2022-08,68744.58,18886.7,13996.5,73634.78
A0002819,2022-09,73634.78,20649.98,8920.51,85364.25
A0002819,2022-10,85364.25,22816.55,21761.02,86419.78
A0002819,2022-11,86419.78,5829.38,12583.33,79665.83
A0002819,2022-12,79665.83,18485.82,18240.44,79911.21
A0002819,2023-01,79911.21,7360.22,15345.67,71925.76
A0002819,2023-02,71925.76,13978.64,26033.26,59871.14
A0002819,2023-03,59871.14,182943.23,41588.26,201226.11
A0002819,2023-04,201226.11,23043.41,29921.86,194347.66
A0002819,2023-05,194347.66,53654.11,2624.58,245377.19
A0002819,2023-06,245377.19,0.0,19757.83,225619.36
A0002819,2023-07,225619.36,52107.9,68280.05,209447.21
A0002819,2023-08,209447.21,1236304.22,11450.28,1434301.15
A0002819,2023-09,1434301.15,19764.85,17661.01,1436404.99
A0002819,2023-10,1436404.99,10197.08,44830.58,1401771.49
A0002819,2023-11,1401771.49,8883.45,8915.98,1401738.96
A0002819,2023-12,1401738.96,90183.48,20166.88,1471755.56
A0002819,2024-01,1471755.56,0.0,55276.39,1416479.17
A0002819,2024-02,1416479.17,52656.36,91567.51,1377568.02
A0002819,2024-03,1377568.02,31566.07,26687.1,1382446.99
A0002819,2024-04,1382446.99,8016.89,51114.8,1339349.08
A0002819,2024-05,1339349.08,98947.6,35253.78,1403042.9
A0002819,2024-06,1403042.9,27982.51,45229.81,1385795.6
A0002819,2024-07,1385795.6,15148.55,33540.29,1367403.86
A0002819,2024-08,1367403.86,12422.17,12051.15,1367774.88
A0002819,2024-09,1367774.88,8191.09,17098.91,1358867.06
A0002819,2024-10,1358867.06,55899.53,814851.91,599914.68
A0002819,2024-11,599914.68,0.0,36493.89,563420.79
A0002819,2024-12,563420.79,38410.93,18430.07,583401.65
A0002819,2025-01,583401.65,43820.58,36827.02,590395.21
A0002819,2025-02,590395.21,23118.07,5131.29,608381.99
A0002819,2025-03,608381.99,10591.26,240699.57,378273.68
A0002819,2025-04,378273.68,23495.62,11996.86,389772.44
A0002819,2025-05,389772.44,32047.39,15213.83,406606.0
A0002819,2025-06,406606.0,24217.32,8379.38,422443.94
A0002819,2025-07,422443.94,90053.97,14021.89,498476.02
A0002819,2025-08,498476.02,8534.95,11813.71,495197.26
A0002819,2025-09,495197.26,66450.81,58456.64,503191.43
A0002819,2025-10,503191.43,42902.88,79938.45,466155.86
A0002819,2025-11,466155.86,8003.61,35091.55,439067.92
A0002819,2025-12,439067.92,53433.48,242196.05,250305.35
A0002819,2026-01,250305.35,225828.75,9567.23,466566.87
A0002819,2026-02,466566.87,24441.52,127506.14,363502.25
A0002819,2026-03,363502.25,4867.42,6681.4,361688.27
A0002819,2026-04,361688.27,176631.19,22919.04,515400.42
A0002819,2026-05,515400.42,4270.09,5683.66,513986.85
A0002819,2026-06,513986.85,5139.72,17237.88,501888.69
A0002819,2026-07,501888.69,18216.81,72692.96,447412.54
A0002819,2026-08,447412.54,163628.22,81727.41,529313.35
A0002819,2026-09,529313.35,20899.79,61569.87,488643.27
A0002819,2026-10,488643.27,17188.53,35938.62,469893.18
A0002819,2026-11,469893.18,90794.8,30366.63,530321.35
A0002819,2026-12,530321.35,61052.29,82021.0,509352.64
A0002825,2021-01,11777.71,11.6,0.0,11789.31
A0002825,2021-02,11789.31,12.63,0.0,11801.94
A0002825,2021-03,11801.94,11.98,0.0,11813.92
A0002825,2021-04,11813.92,12.14,0.0,11826.06
A0002825,2021-05,11826.06,11.71,0.0,11837.77
A0002825,2021-06,11837.77,12.49,0.0,11850.26
A0002825,2021-07,11850.26,11.93,0.0,11862.19
A0002825,2021-08,11862.19,11.09,0.0,11873.28
A0002825,2021-09,11873.28,11.8,0.0,11885.08
A0002825,2021-10,11885.08,10.92,0.0,11896.0
A0002825,2021-11,11896.0,11.69,0.0,11907.69
A0002825,2021-12,11907.69,12.16,0.0,11919.85
A0002825,2022-01,11919.85,18.62,0.0,11938.47
A0002825,2022-02,11938.47,19.44,0.0,11957.91
A0002825,2022-03,11957.91,17.92,0.0,11975.83
A0002825,2022-04,11975.83,17.09,0.0,11992.92
A0002825,2022-05,11992.92,18.6,0.0,12011.52
A0002825,2022-06,12011.52,17.97,0.0,12029.49
A0002825,2022-07,12029.49,17.89,0.0,12047.38
A0002825,2022-08,12047.38,16.8,0.0,12064.18
A0002825,2022-09,12064.18,17.8,0.0,12081.98
A0002825,2022-10,12081.98,17.43,0.0,12099.41
A0002825,2022-11,12099.41,18.27,0.0,12117.68
A0002825,2022-12,12117.68,18.09,0.0,12135.77
A0002825,2023-01,12135.77,25.53,0.0,12161.3
A0002825,2023-02,12161.3,25.39,0.0,12186.69
A0002825,2023-03,12186.69,24.91,0.0,12211.6
A0002825,2023-04,12211.6,25.49,0.0,12237.09
A0002825,2023-05,12237.09,25.7,0.0,12262.79
A0002825,2023-06,12262.79,25.91,0.0,12288.7
A0002825,2023-07,12288.7,24.34,0.0,12313.04
A0002825,2023-08,12313.04,26.01,0.0,12339.05
A0002825,2023-09,12339.05,26.69,0.0,12365.74
A0002825,2023-10,12365.74,25.16,0.0,12390.9
A0002825,2023-11,12390.9,24.74,0.0,12415.64
A0002825,2023-12,12415.64,25.65,0.0,12441.29
A0002825,2024-01,12441.29,28.61,0.0,12469.9
A0002825,2024-02,12469.9,29.16,0.0,12499.06
A0002825,2024-03,12499.06,29.03,0.0,12528.09
A0002825,2024-04,12528.09,28.8,0.0,12556.89
A0002825,2024-05,12556.89,27.86,0.0,12584.75
A0002825,2024-06,12584.75,30.17,12614.92,0.0
A0002826,2021-01,296575.33,123897.53,274272.05,146200.81
A0002826,2021-02,146200.81,135756.8,145277.56,136680.05
A0002826,2021-03,136680.05,143991.48,279840.5,831.03
A0002826,2021-04,831.03,168505.56,51715.83,117620.76
A0002826,2021-05,117620.76,121399.58,115256.14,123764.2
A0002826,2021-06,123764.2,161380.27,127096.71,158047.76
A0002826,2021-07,158047.76,170337.85,298044.4,30341.21
A0002826,2021-08,30341.21,799211.69,33315.82,796237.08
A0002826,2021-09,796237.08,416220.84,198479.51,1013978.41
A0002826,2021-10,1013978.41,169714.71,306696.5,876996.62
A0002826,2021-11,876996.62,195685.63,116461.09,956221.16
A0002826,2021-12,956221.16,129157.29,426593.03,658785.42
A0002826,2022-01,658785.42,134955.17,241775.8,551964.79
A0002826,2022-02,551964.79,282554.19,303512.28,531006.7
A0002826,2022-03,531006.7,143977.73,349972.45,325011.98
A0002826,2022-04,325011.98,346570.57,155719.97,515862.58
A0002826,2022-05,515862.58,175470.83,100612.05,590721.36
A0002826,2022-06,590721.36,270027.17,372232.95,488515.58
A0002826,2022-07,488515.58,488184.59,422161.05,554539.12
A0002826,2022-08,554539.12,183827.57,430929.3,307437.39
A0002826,2022-09,307437.39,327805.05,152244.26,482998.18
A0002826,2022-10,482998.18,34257.99,313136.15,204120.02
A0002826,2022-11,204120.02,275249.8,223081.17,256288.65
A0002826,2022-12,256288.65,180078.9,289015.34,147352.21
A0002826,2023-01,147352.21,194410.45,92420.82,249341.84
A0002826,2023-02,249341.84,314921.3,371767.2,192495.94
A0002826,2023-03,192495.94,194085.25,168625.59,217955.6
A0002826,2023-04,217955.6,180988.46,86335.58,312608.48
A0002826,2023-05,312608.48,172796.57,154671.8,330733.25
A0002826,2023-06,330733.25,292981.32,456035.42,167679.15
A0002826,2023-07,167679.15,341933.56,224534.82,285077.89
A0002826,2023-08,285077.89,224133.04,306773.5,202437.43
A0002826,2023-09,202437.43,166857.48,107128.09,262166.82
A0002826,2023-10,262166.82,561690.98,150938.23,672919.57
A0002826,2023-11,672919.57,154815.55,228105.22,599629.9
A0002826,2023-12,599629.9,163568.36,564391.75,198806.51
A0002826,2024-01,198806.51,200158.43,64891.95,334072.99
A0002826,2024-02,334072.99,197004.52,330636.52,200440.99
A0002826,2024-03,200440.99,300633.22,307258.97,193815.24
A0002826,2024-04,193815.24,327497.36,295094.41,226218.19
A0002826,2024-05,226218.19,173635.63,241850.19,158003.63
A0002826,2024-06,158003.63,302765.58,380404.92,80364.29
A0002826,2024-07,80364.29,421568.85,234525.36,267407.78
A0002826,2024-08,267407.78,193185.65,246524.78,214068.65
A0002826,2024-09,214068.65,272752.35,475230.05,11590.95
A0002826,2024-10,11590.95,3091508.83,264023.52,2839076.26
A0002826,2024-11,2839076.26,205398.15,503075.63,2541398.78
A0002826,2024-12,2541398.78,302927.38,877310.01,1967016.15
A0002835,2021-01,581.02,0.0,0.0,581.02
A0002835,2021-02,581.02,84.44,287.84,377.62
A0002835,2021-03,377.62,0.0,0.0,377.62
A0002835,2021-04,377.62,61.9,0.0,439.52
A0002835,2021-05,439.52,92.45,0.0,531.97
A0002835,2021-06,531.97,787.36,0.0,1319.33
A0002835,2021-07,1319.33,0.0,17.85,1301.48
A0002835,2021-08,1301.48,0.0,0.0,1301.48
A0002835,2021-09,1301.48,105.43,29.57,1377.34
A0002835,2021-10,1377.34,50.72,0.0,1428.06
A0002835,2021-11,1428.06,513.04,245.08,1696.02
A0002835,2021-12,1696.02,0.0,0.0,1696.02
A0002835,2022-01,1696.02,0.0,0.0,1696.02
A0002835,2022-02,1696.02,0.0,0.0,1696.02
A0002835,2022-03,1696.02,123.36,168.31,1651.07
A0002835,2022-04,1651.07,0.0,0.0,1651.07
A0002835,2022-05,1651.07,367.11,138.55,1879.63
A0002835,2022-06,1879.63,390.11,18.62,2251.12
A0002835,2022-07,2251.12,131.23,0.0,2382.35
A0002835,2022-08,2382.35,465.04,0.0,2847.39
A0002835,2022-09,2847.39,0.0,0.0,2847.39
A0002835,2022-10,2847.39,0.0,129.27,2718.12
A0002835,2022-11,2718.12,63.91,2578.7,203.33
A0002835,2022-12,203.33,26585.79,187.52,26601.6
A0002835,2023-01,26601.6,0.0,249.48,26352.12
A0002835,2023-02,26352.12,0.0,0.0,26352.12
A0002835,2023-03,26352.12,49.78,7317.51,19084.39
A0002835,2023-04,19084.39,0.0,0.0,19084.39
A0002835,2023-05,19084.39,0.0,0.0,19084.39
A0002835,2023-06,19084.39,0.0,0.0,19084.39
A0002835,2023-07,19084.39,0.0,554.83,18529.56
A0002835,2023-08,18529.56,78.81,0.0,18608.37
A0002835,2023-09,18608.37,74.28,113.23,18569.42
A0002835,2023-10,18569.42,796.12,107.86,19257.68
A0002835,2023-11,19257.68,283.78,1026.19,18515.27
A0002835,2023-12,18515.27,0.0,7480.05,11035.22
A0002835,2024-01,11035.22,1065.68,0.0,12100.9
A0002835,2024-02,12100.9,0.0,2201.87,9899.03
A0002835,2024-03,9899.03,0.0,0.0,9899.03
A0002835,2024-04,9899.03,166.81,603.21,9462.63
A0002835,2024-05,9462.63,0.0,2949.29,6513.34
A0002835,2024-06,6513.34,1492.28,616.05,7389.57
A0002835,2024-07,7389.57,0.0,0.0,7389.57
A0002835,2024-08,7389.57,135.2,0.0,7524.77
A0002835,2024-09,7524.77,0.0,0.0,7524.77
A0002835,2024-10,7524.77,0.0,0.0,7524.77
A0002835,2024-11,7524.77,0.0,0.0,7524.77
A0002835,2024-12,7524.77,0.0,149.65,7375.12
A0002835,2025-01,7375.12,59.41,1774.43,5660.1
A0002835,2025-02,5660.1,0.0,130.08,5530.02
A0002835,2025-03,5530.02,0.0,355.89,5174.13
A0002835,2025-04,5174.13,15320.81,0.0,20494.94
A0002835,2025-05,20494.94,76.53,404.12,20167.35
A0002835,2025-06,20167.35,150.36,304.53,20013.18
A0002835,2025-07,20013.18,299.77,812.55,19500.4
A0002835,2025-08,19500.4,930.73,4123.65,16307.48
A0002835,2025-09,16307.48,0.0,221.88,16085.6
A0003010,2021-01,10518.38,32794.67,17117.21,26195.84
A0003010,2021-02,26195.84,33496.83,2573.66,57119.01
A0003010,2021-03,57119.01,43277.75,59122.42,41274.34
A0003010,2021-04,41274.34,20120.92,21693.59,39701.67
A0003010,2021-05,39701.67,26153.82,25842.19,40013.3
A0003010,2021-06,40013.3,19904.08,33288.25,26629.13
A0003010,2021-07,26629.13,40558.91,40606.26,26581.78
A0003010,2021-08,26581.78,22699.61,43896.83,5384.56
A0003010,2021-09,5384.56,45552.62,10984.97,39952.21
A0003010,2021-10,39952.21,44276.47,28648.83,55579.85
A0003010,2021-11,55579.85,22703.91,4624.47,73659.29
A0003010,2021-12,73659.29,462469.11,20101.78,516026.62
A0003010,2022-01,516026.62,29061.35,17759.5,527328.47
A0003010,2022-02,527328.47,623931.3,48968.23,1102291.54
A0003010,2022-03,1102291.54,345382.95,13867.09,1433807.4
A0003010,2022-04,1433807.4,54808.11,39228.04,1449387.47
A0003010,2022-05,1449387.47,302936.82,34442.66,1717881.63
A0003010,2022-06,1717881.63,213275.43,18747.31,1912409.75
A0003010,2022-07,1912409.75,65054.52,24418.14,1953046.13
A0003010,2022-08,1953046.13,4116.67,382015.97,1575146.83
A0003065,2021-01,14936.82,927.65,11434.27,4430.2
A0003065,2021-02,4430.2,19624.93,779.76,23275.37
A0003065,2021-03,23275.37,1268.78,1123.66,23420.49
A0003065,2021-04,23420.49,1046.84,4841.73,19625.6
A0003065,2021-05,19625.6,707.5,845.51,19487.59
A0003065,2021-06,19487.59,902.63,4513.49,15876.73
A0003065,2021-07,15876.73,152.02,578.19,15450.56
A0003065,2021-08,15450.56,4584.32,1076.91,18957.97
A0003065,2021-09,18957.97,4028.45,838.04,22148.38
A0003065,2021-10,22148.38,19306.23,40287.59,1167.02
A0003065,2021-11,1167.02,992.99,2022.96,137.05
A0003065,2021-12,137.05,1648.43,405.03,1380.45
A0003065,2022-01,1380.45,0.0,1038.79,341.66
A0003065,2022-02,341.66,232.83,239.6,334.89
A0003065,2022-03,334.89,0.0,197.59,137.3
A0003106,2021-01,24084.68,95451.95,28308.74,91227.89
A0003106,2021-02,91227.89,46656.84,83340.98,54543.75
A0003106,2021-03,54543.75,151362.25,113370.75,92535.25
A0003106,2021-04,92535.25,41167.71,23416.08,110286.88
A0003106,2021-05,110286.88,51116.62,149329.71,12073.79
A0003106,2021-06,12073.79,44381.24,13837.8,42617.23
A0003106,2021-07,42617.23,36799.53,42945.76,36471.0
A0003106,2021-08,36471.0,9996.84,2394.7,44073.14
A0003106,2021-09,44073.14,39096.38,17744.34,65425.18
A0003106,2021-10,65425.18,60576.83,102672.31,23329.7
A0003106,2021-11,23329.7,75027.42,9385.1,88972.02
A0003106,2021-12,88972.02,84928.94,116938.59,56962.37
A0003106,2022-01,56962.37,49158.38,62357.74,43763.01
A0003347,2021-01,12076.52,23827.28,35724.15,179.65
A0003347,2021-02,179.65,44656.25,38747.4,6088.5
A0003347,2021-03,6088.5,76464.85,30657.36,51895.99
A0003347,2021-04,51895.99,20913.99,65057.88,7752.1
A0003347,2021-05,7752.1,62735.7,30161.87,40325.93
A0003347,2021-06,40325.93,42227.4,31765.46,50787.87
A0003347,2021-07,50787.87,32688.47,45334.8,38141.54
A0003347,2021-08,38141.54,58435.39,61259.35,35317.58
A0003347,2021-09,35317.58,22708.82,25286.2,32740.2
A0003347,2021-10,32740.2,50653.9,22771.76,60622.34
A0003347,2021-11,60622.34,31372.52,33643.83,58351.03
A0003347,2021-12,58351.03,36900.18,27973.53,67277.68
A0003347,2022-01,67277.68,26971.93,41213.89,53035.72
A0003347,2022-02,53035.72,27176.55,14079.05,66133.22
A0003347,2022-03,66133.22,536083.55,265433.15,336783.62
A0003347,2022-04,336783.62,68093.53,35022.76,369854.39
A0003347,2022-05,369854.39,66844.9,83941.14,352758.15
A0003347,2022-06,352758.15,16318.93,19658.43,349418.65
A0003347,2022-07,349418.65,39935.8,74375.57,314978.88
A0003347,2022-08,314978.88,223850.96,43568.98,495260.86
A0003347,2022-09,495260.86,128458.28,29614.52,594104.62
A0003347,2022-10,594104.62,46082.49,44998.42,595188.69
A0003347,2022-11,595188.69,73945.87,50681.66,618452.9
A0003347,2022-12,618452.9,41103.87,44113.07,615443.7
A0003347,2023-01,615443.7,53058.6,49301.41,619200.89
A0003347,2023-02,619200.89,68352.82,27683.45,659870.26
A0003347,2023-03,659870.26,36285.56,66894.8,629261.02
A0003347,2023-04,629261.02,27349.75,100556.93,556053.84
A0003347,2023-05,556053.84,39848.72,29349.12,566553.44
A0003347,2023-06,566553.44,49400.18,56173.86,559779.76
A0003347,2023-07,559779.76,88215.25,261635.15,386359.86
A0003347,2023-08,386359.86,46260.23,83673.17,348946.92
A0003347,2023-09,348946.92,49361.5,42038.25,356270.17
A0003347,2023-10,356270.17,62032.04,42325.44,375976.77
A0003347,2023-11,375976.77,53524.54,27118.1,402383.21
A0003347,2023-12,402383.21,49284.06,68950.59,382716.68
A0003347,2024-01,382716.68,38531.57,35881.45,385366.8
A0003347,2024-02,385366.8,47083.85,356405.74,76044.91
A0003347,2024-03,76044.91,30844.74,71191.76,35697.89
A0003347,2024-04,35697.89,99087.45,21405.44,113379.9
A0003347,2024-05,113379.9,59012.44,40282.62,132109.72
A0003347,2024-06,132109.72,36080.5,51960.98,116229.24
A0003347,2024-07,116229.24,96405.35,67383.05,145251.54
A0003347,2024-08,145251.54,39054.67,34512.59,149793.62
A0003347,2024-09,149793.62,58621.88,34490.02,173925.48
A0003347,2024-10,173925.48,70365.9,32057.8,212233.58
A0003347,2024-11,212233.58,118284.72,230004.49,100513.81
A0003347,2024-12,100513.81,296558.7,28102.05,368970.46
A0003347,2025-01,368970.46,40057.11,50110.77,358916.8
A0003347,2025-02,358916.8,130066.94,49977.51,439006.23
A0003347,2025-03,439006.23,49880.65,15896.06,472990.82
A0003347,2025-04,472990.82,45324.73,64347.28,453968.27
A0003347,2025-05,453968.27,30793.81,429770.75,54991.33
A0003347,2025-06,54991.33,32722.88,40598.82,47115.39
A0003347,2025-07,47115.39,118845.75,56078.92,109882.22
A0003347,2025-08,109882.22,56668.19,18181.06,148369.35
A0003347,2025-09,148369.35,33707.32,31932.52,150144.15
A0003347,2025-10,150144.15,42584.0,64450.58,128277.57
A0003347,2025-11,128277.57,33362.73,29711.84,131928.46
A0003347,2025-12,131928.46,54603.33,65807.39,120724.4
A0003347,2026-01,120724.4,64380.76,44408.24,140696.92
A0003347,2026-02,140696.92,37723.96,16586.79,161834.09
A0003347,2026-03,161834.09,34402.96,32539.94,163697.11
A0003347,2026-04,163697.11,49914.15,34389.18,179222.08
A0003347,2026-05,179222.08,60639.0,13328.71,226532.37
A0003347,2026-06,226532.37,61140.66,33826.61,253846.42
A0003347,2026-07,253846.42,33866.91,41875.45,245837.88
A0003347,2026-08,245837.88,31420.82,27833.55,249425.15
A0003347,2026-09,249425.15,33393.73,18935.78,263883.1
A0003347,2026-10,263883.1,49454.95,45580.54,267757.51
A0003347,2026-11,267757.51,51359.02,9938.55,309177.98
A0003347,2026-12,309177.98,36319.94,50040.49,295457.43
A0003387,2021-01,3967.55,3.88,0.0,3971.43
A0003387,2021-02,3971.43,4.16,0.0,3975.59
A0003387,2021-03,3975.59,3.84,0.0,3979.43
A0003387,2021-04,3979.43,4.11,0.0,3983.54
A0003387,2021-05,3983.54,3.92,0.0,3987.46
A0003387,2021-06,3987.46,4.03,0.0,3991.49
A0003387,2021-07,3991.49,4.25,0.0,3995.74
A0003387,2021-08,3995.74,3.98,0.0,3999.72
A0003387,2021-09,3999.72,3.82,0.0,4003.54
A0003387,2021-10,4003.54,4.08,0.0,4007.62
A0003387,2021-11,4007.62,3.92,0.0,4011.54
A0003387,2021-12,4011.54,4.01,0.0,4015.55
A0003387,2022-01,4015.55,6.06,0.0,4021.61
A0003387,2022-02,4021.61,6.15,0.0,4027.76
A0003387,2022-03,4027.76,6.16,0.0,4033.92
A0003387,2022-04,4033.92,5.9,0.0,4039.82
A0003387,2022-05,4039.82,6.36,0.0,4046.18
A0003387,2022-06,4046.18,6.04,0.0,4052.22
A0003387,2022-07,4052.22,6.1,0.0,4058.32
A0003387,2022-08,4058.32,5.78,0.0,4064.1
A0003387,2022-09,4064.1,6.46,0.0,4070.56
A0003387,2022-10,4070.56,6.15,0.0,4076.71
A0003387,2022-11,4076.71,6.26,0.0,4082.97
A0003387,2022-12,4082.97,6.07,0.0,4089.04
A0003387,2023-01,4089.04,8.72,0.0,4097.76
A0003387,2023-02,4097.76,8.79,0.0,4106.55
A0003387,2023-03,4106.55,8.69,0.0,4115.24
A0003387,2023-04,4115.24,8.47,0.0,4123.71
A0003387,2023-05,4123.71,8.97,0.0,4132.68
A0003387,2023-06,4132.68,8.25,0.0,4140.93
A0003387,2023-07,4140.93,9.25,0.0,4150.18
A0003387,2023-08,4150.18,9.41,0.0,4159.59
A0003387,2023-09,4159.59,8.74,0.0,4168.33
A0003387,2023-10,4168.33,8.98,0.0,4177.31
A0003387,2023-11,4177.31,8.51,0.0,4185.82
A0003387,2023-12,4185.82,9.04,0.0,4194.86
A0003387,2024-01,4194.86,10.43,0.0,4205.29
A0003387,2024-02,4205.29,10.06,0.0,4215.35
A0003387,2024-03,4215.35,10.23,0.0,4225.58
A0003387,2024-04,4225.58,9.72,0.0,4235.3
A0003387,2024-05,4235.3,10.2,0.0,4245.5
A0003387,2024-06,4245.5,11.17,0.0,4256.67
A0003387,2024-07,4256.67,9.76,0.0,4266.43
A0003387,2024-08,4266.43,8.9,0.0,4275.33
A0003387,2024-09,4275.33,10.23,0.0,4285.56
A0003387,2024-10,4285.56,9.87,0.0,4295.43
A0003387,2024-11,4295.43,10.01,0.0,4305.44
A0003387,2024-12,4305.44,10.31,0.0,4315.75
A0003387,2025-01,4315.75,11.49,0.0,4327.24
A0003387,2025-02,4327.24,10.79,0.0,4338.03
A0003387,2025-03,4338.03,10.65,0.0,4348.68
A0003387,2025-04,4348.68,10.6,0.0,4359.28
A0003387,2025-05,4359.28,10.72,0.0,4370.0
A0003387,2025-06,4370.0,11.08,0.0,4381.08
A0003387,2025-07,4381.08,11.09,0.0,4392.17
A0003387,2025-08,4392.17,10.3,0.0,4402.47
A0003387,2025-09,4402.47,11.02,0.0,4413.49
A0003387,2025-10,4413.49,11.35,0.0,4424.84
A0003387,2025-11,4424.84,12.26,0.0,4437.1
A0003387,2025-12,4437.1,10.81,0.0,4447.91
A0003387,2026-01,4447.91,10.94,0.0,4458.85
A0003387,2026-02,4458.85,10.67,0.0,4469.52
A0003387,2026-03,4469.52,11.53,0.0,4481.05
A0003387,2026-04,4481.05,11.41,0.0,4492.46
A0003387,2026-05,4492.46,10.44,0.0,4502.9
A0003387,2026-06,4502.9,11.12,0.0,4514.02
A0003387,2026-07,4514.02,10.53,0.0,4524.55
A0003387,2026-08,4524.55,12.12,0.0,4536.67
A0003387,2026-09,4536.67,11.2,0.0,4547.87
A0003387,2026-10,4547.87,11.46,0.0,4559.33
A0003387,2026-11,4559.33,11.4,0.0,4570.73
A0003387,2026-12,4570.73,11.53,0.0,4582.26
A0003388,2021-01,64368.01,112351.73,19175.19,157544.55
A0003388,2021-02,157544.55,233008.49,273607.42,116945.62
A0003388,2021-03,116945.62,60612.35,26899.61,150658.36
A0003388,2021-04,150658.36,93680.77,124982.28,119356.85
A0003388,2021-05,119356.85,70745.57,41968.01,148134.41
A0003388,2021-06,148134.41,76737.4,46180.65,178691.16
A0003388,2021-07,178691.16,95473.4,206044.59,68119.97
A0003388,2021-08,68119.97,75690.08,32921.06,110888.99
A0003388,2021-09,110888.99,108024.04,201582.87,17330.16
A0003388,2021-10,17330.16,114645.77,30495.29,101480.64
A0003388,2021-11,101480.64,148351.11,27421.74,222410.01
A0003388,2021-12,222410.01,107862.51,196497.87,133774.65
A0003388,2022-01,133774.65,117025.76,86896.37,163904.04
A0003388,2022-02,163904.04,164906.2,295904.5,32905.74
A0003388,2022-03,32905.74,221643.46,152229.07,102320.13
A0003388,2022-04,102320.13,174643.58,154596.02,122367.69
A0003388,2022-05,122367.69,204943.84,126752.62,200558.91
A0003388,2022-06,200558.91,90533.21,120576.39,170515.73
A0003388,2022-07,170515.73,91210.6,80160.29,181566.04
A0003388,2022-08,181566.04,140720.93,182568.52,139718.45
A0003388,2022-09,139718.45,146810.42,259689.94,26838.93
A0003388,2022-10,26838.93,106815.36,17682.53,115971.76
A0003388,2022-11,115971.76,101737.41,33208.01,184501.16
A0003388,2022-12,184501.16,142320.45,91828.64,234992.97
A0003388,2023-01,234992.97,100054.17,174490.57,160556.57
A0003388,2023-02,160556.57,191592.12,210476.77,141671.92
A0003388,2023-03,141671.92,49981.65,49835.8,141817.77
A0003388,2023-04,141817.77,100098.45,25190.42,216725.8
A0003388,2023-05,216725.8,94977.9,169100.87,142602.83
A0003388,2023-06,142602.83,160303.15,106018.27,196887.71
A0003388,2023-07,196887.71,102292.92,156533.97,142646.66
A0003388,2023-08,142646.66,113977.79,86214.94,170409.51
A0003388,2023-09,170409.51,474690.03,196450.29,448649.25
A0003388,2023-10,448649.25,112985.23,125715.88,435918.6
A0003388,2023-11,435918.6,154768.43,129559.75,461127.28
A0003388,2023-12,461127.28,122656.53,151143.44,432640.37
A0003388,2024-01,432640.37,101749.83,68296.27,466093.93
A0003388,2024-02,466093.93,219384.98,77004.88,608474.03
A0003388,2024-03,608474.03,178404.82,695191.31,91687.54
A0003388,2024-04,91687.54,104064.13,195021.61,730.06
A0003388,2024-05,730.06,49662.02,38195.48,12196.6
A0003388,2024-06,12196.6,0.0,10947.25,1249.35
A0003388,2024-07,1249.35,420871.55,114727.67,307393.23
A0003388,2024-08,307393.23,175783.09,114616.08,368560.24
A0003388,2024-09,368560.24,154601.13,85698.32,437463.05
A0003388,2024-10,437463.05,89731.86,43610.81,483584.1
A0003388,2024-11,483584.1,110825.01,450608.36,143800.75
A0003388,2024-12,143800.75,127135.51,245358.22,25578.04
A0003388,2025-01,25578.04,286802.91,129641.13,182739.82
A0003388,2025-02,182739.82,191997.35,161779.79,212957.38
A0003388,2025-03,212957.38,208595.07,216514.06,205038.39
A0003388,2025-04,205038.39,295874.58,228229.18,272683.79
A0003388,2025-05,272683.79,142849.15,67115.78,348417.16
A0003388,2025-06,348417.16,112083.3,253340.71,207159.75
A0003388,2025-07,207159.75,273304.31,102847.53,377616.53
A0003388,2025-08,377616.53,501887.51,458067.65,421436.39
A0003388,2025-09,421436.39,703631.41,295149.17,829918.63
A0003388,2025-10,829918.63,375307.54,622583.82,582642.35
A0003388,2025-11,582642.35,448435.71,254440.85,776637.21
A0003388,2025-12,776637.21,196317.62,228824.45,744130.38
A0003388,2026-01,744130.38,252763.87,171711.47,825182.78
A0003388,2026-02,825182.78,146992.8,218890.57,753285.01
A0003388,2026-03,753285.01,154290.95,83541.33,824034.63
A0003388,2026-04,824034.63,184988.29,100366.59,908656.33
A0003388,2026-05,908656.33,163338.67,208266.7,863728.3
A0003388,2026-06,863728.3,165406.66,355168.88,673966.08
A0003388,2026-07,673966.08,161024.39,444809.47,390181.0
A0003388,2026-08,390181.0,119962.3,245516.16,264627.14
A0003388,2026-09,264627.14,481104.79,106927.99,638803.94
A0003388,2026-10,638803.94,0.0,103942.8,534861.14
A0003388,2026-11,534861.14,151660.19,195896.21,490625.12
A0003388,2026-12,490625.12,131285.41,59123.22,562787.31
A0003389,2021-01,131290.54,0.0,19183.66,112106.88
A0003389,2021-02,112106.88,51071.23,65235.47,97942.64
A0003389,2021-03,97942.64,2824.47,58964.49,41802.62
A0003389,2021-04,41802.62,134427.56,57695.54,118534.64
A0003389,2021-05,118534.64,135264.37,171382.04,82416.97
A0003389,2021-06,82416.97,18852.36,5721.63,95547.7
A0003389,2021-07,95547.7,171423.47,10171.75,256799.42
A0003389,2021-08,256799.42,0.0,13377.3,243422.12
A0003389,2021-09,243422.12,83580.87,33922.34,293080.65
A0003389,2021-10,293080.65,21497.5,9549.9,305028.25
A0003389,2021-11,305028.25,47405.94,37658.12,314776.07
A0003389,2021-12,314776.07,59400.27,38328.74,335847.6
A0003389,2022-01,335847.6,89905.64,25374.95,400378.29
A0003389,2022-02,400378.29,178540.76,298817.27,280101.78
A0003389,2022-03,280101.78,70022.51,20395.73,329728.56
A0003389,2022-04,329728.56,119591.23,93066.6,356253.19
A0003389,2022-05,356253.19,90657.36,102358.6,344551.95
A0003389,2022-06,344551.95,19321.02,49061.79,314811.18
A0003389,2022-07,314811.18,21872.26,47367.39,289316.05
A0003389,2022-08,289316.05,69426.82,59868.02,298874.85
A0003389,2022-09,298874.85,77863.45,184156.55,192581.75
A0003389,2022-10,192581.75,46289.78,0.0,238871.53
A0003389,2022-11,238871.53,105608.24,92232.43,252247.34
A0003389,2022-12,252247.34,53039.23,24059.18,281227.39
A0003389,2023-01,281227.39,88000.54,103620.29,265607.64
A0003389,2023-02,265607.64,0.0,31109.4,234498.24
A0003389,2023-03,234498.24,422509.58,113679.54,543328.28
A0003389,2023-04,543328.28,64478.25,17621.27,590185.26
A0003389,2023-05,590185.26,102374.88,95906.36,596653.78
A0003389,2023-06,596653.78,6633.51,0.0,603287.29
A0003389,2023-07,603287.29,1594696.79,83020.21,2114963.87
A0003389,2023-08,2114963.87,0.0,0.0,2114963.87
A0003389,2023-09,2114963.87,44058.84,24518.21,2134504.5
A0003389,2023-10,2134504.5,105069.71,90093.2,2149481.01
A0003389,2023-11,2149481.01,52029.39,62759.74,2138750.66
A0003389,2023-12,2138750.66,38181.54,33511.53,2143420.67
A0003389,2024-01,2143420.67,120285.86,138001.98,2125704.55
A0003389,2024-02,2125704.55,49439.97,47772.04,2127372.48
A0003389,2024-03,2127372.48,100020.99,20192.24,2207201.23
A0003389,2024-04,2207201.23,85246.75,58625.62,2233822.36
A0003389,2024-05,2233822.36,39885.71,26520.47,2247187.6
A0003389,2024-06,2247187.6,290774.0,175690.03,2362271.57
A0003389,2024-07,2362271.57,120128.69,28839.46,2453560.8
A0003389,2024-08,2453560.8,27616.3,16329.28,2464847.82
A0003389,2024-09,2464847.82,86271.86,53211.73,2497907.95
A0003389,2024-10,2497907.95,95595.9,192043.55,2401460.3
A0003389,2024-11,2401460.3,37052.1,38542.0,2399970.4
A0003389,2024-12,2399970.4,104496.69,10437.52,2494029.57
A0003389,2025-01,2494029.57,16935.29,49510.91,2461453.95
A0003389,2025-02,2461453.95,175826.72,97159.63,2540121.04
A0003389,2025-03,2540121.04,80318.16,98595.45,2521843.75
A0003389,2025-04,2521843.75,24335.4,60037.18,2486141.97
A0003389,2025-05,2486141.97,249021.16,58534.68,2676628.45
A0003389,2025-06,2676628.45,14349.33,28299.12,2662678.66
A0003389,2025-07,2662678.66,141102.39,133526.0,2670255.05
A0003389,2025-08,2670255.05,36736.92,76651.55,2630340.42
A0003389,2025-09,2630340.42,205726.91,274316.97,2561750.36
A0003389,2025-10,2561750.36,84917.24,177890.78,2468776.82
A0003389,2025-11,2468776.82,55608.13,136284.33,2388100.62
A0003389,2025-12,2388100.62,17882.62,69269.75,2336713.49
A0003389,2026-01,2336713.49,8948.57,35001.43,2310660.63
A0003389,2026-02,2310660.63,25939.56,171396.79,2165203.4
A0003389,2026-03,2165203.4,211499.13,447263.32,1929439.21
A0003389,2026-04,1929439.21,61368.21,137820.05,1852987.37
A0003389,2026-05,1852987.37,62706.94,166531.97,1749162.34
A0003389,2026-06,1749162.34,0.0,12140.78,1737021.56
A0003389,2026-07,1737021.56,25041.06,67355.45,1694707.17
A0003389,2026-08,1694707.17,32588.83,91385.18,1635910.82
A0003389,2026-09,1635910.82,57807.09,71555.41,1622162.5
A0003389,2026-10,1622162.5,38597.04,42760.5,1617999.04
A0003389,2026-11,1617999.04,0.0,112017.88,1505981.16
A0003389,2026-12,1505981.16,130574.12,257610.66,1378944.62
A0003555,2021-01,883.53,219.12,109.52,993.13
A0003555,2021-02,993.13,0.0,451.2,541.93
A0003555,2021-03,541.93,190.29,513.62,218.6
A0003555,2021-04,218.6,186.64,22.44,382.8
A0003555,2021-05,382.8,5941.3,0.0,6324.1
A0003555,2021-06,6324.1,335.15,608.68,6050.57
A0003555,2021-07,6050.57,0.0,434.81,5615.76
A0003555,2021-08,5615.76,0.0,405.13,5210.63
A0003555,2021-09,5210.63,1220.62,411.0,6020.25
A0003555,2021-10,6020.25,6798.54,527.49,12291.3
A0003555,2021-11,12291.3,112.0,498.59,11904.71
A0003555,2021-12,11904.71,390.56,471.19,11824.08
A0003555,2022-01,11824.08,617.2,658.65,11782.63
A0003555,2022-02,11782.63,380.64,828.56,11334.71
A0003555,2022-03,11334.71,0.0,472.06,10862.65
A0003555,2022-04,10862.65,832.41,865.75,10829.31
A0003555,2022-05,10829.31,80.94,388.7,10521.55
A0003555,2022-06,10521.55,263.6,466.31,10318.84
A0003555,2022-07,10318.84,19.05,460.14,9877.75
A0003555,2022-08,9877.75,509.87,722.88,9664.74
A0003555,2022-09,9664.74,38477.92,888.62,47254.04
A0003555,2022-10,47254.04,304.02,26521.8,21036.26
A0003555,2022-11,21036.26,16607.52,390.49,37253.29
A0003555,2022-12,37253.29,46.94,307.77,36992.46
A0003555,2023-01,36992.46,987.35,4089.41,33890.4
A0003713,2021-01,427806.53,1354987.01,530170.17,1252623.37
A0003713,2021-02,1252623.37,4441918.96,1421719.07,4272823.26
A0003713,2021-03,4272823.26,773411.09,1766368.77,3279865.58
A0003713,2021-04,3279865.58,1088402.84,2397776.46,1970491.96
A0003713,2021-05,1970491.96,3080472.28,3474229.88,1576734.36
A0003713,2021-06,1576734.36,1906398.55,3260175.61,222957.3
A0003713,2021-07,222957.3,831224.41,507949.66,546232.05
A0003713,2021-08,546232.05,524710.75,332745.47,738197.33
A0003713,2021-09,738197.33,3355171.09,3276934.12,816434.3
A0003713,2021-10,816434.3,3578151.79,3097267.05,1297319.04
A0003713,2021-11,1297319.04,2459287.01,3730687.46,25918.59
A0003713,2021-12,25918.59,646374.6,627787.86,44505.33
A0003713,2022-01,44505.33,4076262.64,1393802.92,2726965.05
A0003713,2022-02,2726965.05,2524697.22,3026652.44,2225009.83
A0003713,2022-03,2225009.83,2201430.9,1914897.66,2511543.07
A0003713,2022-04,2511543.07,813186.52,1669322.27,1655407.32
A0003713,2022-05,1655407.32,1425715.64,2446972.68,634150.28
A0003713,2022-06,634150.28,2280741.3,2044205.56,870686.02
A0003713,2022-07,870686.02,2123794.34,2983805.38,10674.98
A0003713,2022-08,10674.98,4421618.48,1921432.51,2510860.95
A0003713,2022-09,2510860.95,1468481.05,2253884.33,1725457.67
A0003714,2021-01,69210.19,0.0,11353.2,57856.99
A0003714,2021-02,57856.99,2328.62,15782.41,44403.2
A0003714,2021-03,44403.2,6848.46,31995.4,19256.26
A0003714,2021-04,19256.26,40626.89,12256.59,47626.56
A0003714,2021-05,47626.56,0.0,12931.73,34694.83
A0003714,2021-06,34694.83,22624.58,10131.42,47187.99
A0003714,2021-07,47187.99,359.13,5690.82,41856.3
A0003714,2021-08,41856.3,7004.66,12126.21,36734.75
A0003714,2021-09,36734.75,351.64,16652.46,20433.93
A0003714,2021-10,20433.93,1173.42,6417.93,15189.42
A0003714,2021-11,15189.42,1111.03,2638.3,13662.15
A0003714,2021-12,13662.15,2360.29,15207.0,815.44
A0003714,2022-01,815.44,774.09,0.0,1589.53
A0003714,2022-02,1589.53,9042.06,2831.52,7800.07
A0003714,2022-03,7800.07,12828.46,7821.81,12806.72
A0003714,2022-04,12806.72,504.23,7326.4,5984.55
A0003714,2022-05,5984.55,11866.93,6889.91,10961.57
A0003714,2022-06,10961.57,549.02,3291.28,8219.31
A0003714,2022-07,8219.31,31805.16,4238.01,35786.46
A0003714,2022-08,35786.46,1948.65,28131.84,9603.27
A0003714,2022-09,9603.27,5338.92,9560.14,5382.05
A0003714,2022-10,5382.05,5386.94,9681.57,1087.42
A0003714,2022-11,1087.42,4194.94,3131.81,2150.55
A0003714,2022-12,2150.55,4269.32,1729.85,4690.02
A0003714,2023-01,4690.02,173123.04,6880.7,170932.36
A0003714,2023-02,170932.36,5918.87,16382.84,160468.39
A0003714,2023-03,160468.39,44091.45,33333.38,171226.46
A0003714,2023-04,171226.46,19812.52,7172.79,183866.19
A0003714,2023-05,183866.19,4088.7,10243.41,177711.48
A0003714,2023-06,177711.48,0.0,62059.78,115651.7
A0003714,2023-07,115651.7,5105.6,17277.06,103480.24
A0003714,2023-08,103480.24,894.13,16264.26,88110.11
A0003714,2023-09,88110.11,1288.76,18268.17,71130.7
A0003714,2023-10,71130.7,1693.24,24861.33,47962.61
A0003714,2023-11,47962.61,2039.43,17805.86,32196.18
A0003714,2023-12,32196.18,36505.7,30334.24,38367.64
A0003714,2024-01,38367.64,5978.0,25242.08,19103.56
A0003714,2024-02,19103.56,5418.98,7350.96,17171.58
A0003714,2024-03,17171.58,71436.93,13247.33,75361.18
A0003714,2024-04,75361.18,574.48,9008.29,66927.37
A0003714,2024-05,66927.37,0.0,4519.72,62407.65
A0003714,2024-06,62407.65,5559.22,9077.8,58889.07
A0003714,2024-07,58889.07,0.0,10192.66,48696.41
A0003714,2024-08,48696.41,7085.69,4728.91,51053.19
A0003714,2024-09,51053.19,16022.77,8694.39,58381.57
A0003714,2024-10,58381.57,626.21,2791.37,56216.41
A0003714,2024-11,56216.41,124261.43,1189.81,179288.03
A0003714,2024-12,179288.03,669.7,2491.45,177466.28
A0003714,2025-01,177466.28,5966.69,1464.06,181968.91
A0003714,2025-02,181968.91,0.0,3057.32,178911.59
A0003714,2025-03,178911.59,4468.96,0.0,183380.55
A0003714,2025-04,183380.55,11241.91,10682.75,183939.71
A0003714,2025-05,183939.71,19386.4,4165.78,199160.33
A0003714,2025-06,199160.33,2765.62,1788.59,200137.36
A0003714,2025-07,200137.36,1384.07,1189.81,200331.62
A0003714,2025-08,200331.62,3681.04,5345.41,198667.25
A0003714,2025-09,198667.25,8494.0,14706.31,192454.94
A0003714,2025-10,192454.94,56207.34,3625.85,245036.43
A0003714,2025-11,245036.43,24276.31,26120.15,243192.59
A0003714,2025-12,243192.59,2402.3,24202.25,221392.64
A0003714,2026-01,221392.64,10375.03,216.11,231551.56
A0003714,2026-02,231551.56,0.0,50967.47,180584.09
A0003714,2026-03,180584.09,2072.57,2142.7,180513.96
A0003714,2026-04,180513.96,3063.25,11275.7,172301.51
A0003714,2026-05,172301.51,7448.66,12868.88,166881.29
A0003714,2026-06,166881.29,0.0,1956.94,164924.35
A0003714,2026-07,164924.35,10199.62,2453.38,172670.59
A0003714,2026-08,172670.59,2473.07,4794.7,170348.96
A0003714,2026-09,170348.96,7844.16,114045.57,64147.55
A0003714,2026-10,64147.55,0.0,2418.56,61728.99
A0003714,2026-11,61728.99,17033.46,14037.83,64724.62
A0003714,2026-12,64724.62,11994.99,13435.63,63283.98
A0003781,2021-01,176207.08,550293.86,85730.86,640770.08
A0003781,2021-02,640770.08,110490.32,91597.53,659662.87
A0003781,2021-03,659662.87,46122.53,4060.48,701724.92
A0003781,2021-04,701724.92,18364.72,17048.27,703041.37
A0003781,2021-05,703041.37,55255.11,11000.41,747296.07
A0003781,2021-06,747296.07,3842.54,67891.26,683247.35
A0003781,2021-07,683247.35,23089.84,30541.19,675796.0
A0003781,2021-08,675796.0,81237.22,71070.29,685962.93
A0003781,2021-09,685962.93,9711.63,68566.66,627107.9
A0003781,2021-10,627107.9,53730.14,68733.73,612104.31
A0003781,2021-11,612104.31,5043.41,10309.3,606838.42
A0003781,2021-12,606838.42,41722.7,213487.23,435073.89
A0003781,2022-01,435073.89,53340.02,27209.78,461204.13
A0003781,2022-02,461204.13,75602.45,61706.75,475099.83
A0003781,2022-03,475099.83,37040.89,9659.75,502480.97
A0003781,2022-04,502480.97,74523.37,78969.58,498034.76
A0003781,2022-05,498034.76,208268.71,265555.29,440748.18
A0003781,2022-06,440748.18,73258.74,133030.53,380976.39
A0003781,2022-07,380976.39,46730.39,72513.17,355193.61
A0003781,2022-08,355193.61,106653.02,2727.72,459118.91
A0003781,2022-09,459118.91,2108.95,157274.35,303953.51
A0003781,2022-10,303953.51,71720.28,85788.28,289885.51
A0003781,2022-11,289885.51,134340.47,63051.8,361174.18
A0003781,2022-12,361174.18,121638.64,118277.28,364535.54
A0003781,2023-01,364535.54,86224.11,32264.18,418495.47
A0003781,2023-02,418495.47,12878.62,0.0,431374.09
A0003781,2023-03,431374.09,7190.54,190462.03,248102.6
A0003781,2023-04,248102.6,112339.07,0.0,360441.67
A0003781,2023-05,360441.67,0.0,5190.16,355251.51
A0003781,2023-06,355251.51,23198.36,98792.62,279657.25
A0003781,2023-07,279657.25,122704.96,149211.44,253150.77
A0003781,2023-08,253150.77,153065.48,38323.41,367892.84
A0003781,2023-09,367892.84,125270.51,169610.7,323552.65
A0003781,2023-10,323552.65,155157.23,41257.46,437452.42
A0003781,2023-11,437452.42,144352.2,109025.54,472779.08
A0003781,2023-12,472779.08,36165.04,155911.1,353033.02
A0003781,2024-01,353033.02,397952.3,115146.49,635838.83
A0003781,2024-02,635838.83,45377.01,96064.04,585151.8
A0003781,2024-03,585151.8,17333.37,180856.5,421628.67
A0003781,2024-04,421628.67,29587.04,176125.81,275089.9
A0003781,2024-05,275089.9,119615.64,18763.08,375942.46
A0003781,2024-06,375942.46,12322.8,92062.56,296202.7
A0003781,2024-07,296202.7,130395.61,73511.69,353086.62
A0003781,2024-08,353086.62,143772.27,9486.52,487372.37
A0003781,2024-09,487372.37,98886.42,10593.8,575664.99
A0003781,2024-10,575664.99,80623.71,186755.52,469533.18
A0003781,2024-11,469533.18,141156.49,220790.26,389899.41
A0003781,2024-12,389899.41,229508.35,92627.01,526780.75
A0003781,2025-01,526780.75,42746.17,8643.36,560883.56
A0003781,2025-02,560883.56,61461.38,88466.55,533878.39
A0003781,2025-03,533878.39,142031.4,204821.65,471088.14
A0003781,2025-04,471088.14,325059.07,42105.38,754041.83
A0003781,2025-05,754041.83,4215.56,174631.86,583625.53
A0003781,2025-06,583625.53,9562.17,129114.76,464072.94
A0003781,2025-07,464072.94,0.0,47437.45,416635.49
A0003781,2025-08,416635.49,125229.74,100645.77,441219.46
A0003781,2025-09,441219.46,16148.55,2883.09,454484.92
A0003781,2025-10,454484.92,0.0,155259.23,299225.69
A0003781,2025-11,299225.69,203686.26,204930.66,297981.29
A0003781,2025-12,297981.29,170602.37,98260.22,370323.44
A0003781,2026-01,370323.44,32790.44,158579.42,244534.46
A0003781,2026-02,244534.46,32808.72,189591.31,87751.87
A0003781,2026-03,87751.87,8043.37,65732.55,30062.69
A0003781,2026-04,30062.69,388723.18,12216.26,406569.61
A0003781,2026-05,406569.61,254199.49,230218.32,430550.78
A0003781,2026-06,430550.78,219030.29,137583.5,511997.57
A0003781,2026-07,511997.57,143950.11,200315.38,455632.3
A0003781,2026-08,455632.3,37665.0,22823.31,470473.99
A0003781,2026-09,470473.99,0.0,14054.94,456419.05
A0003781,2026-10,456419.05,205741.57,72701.0,589459.62
A0003781,2026-11,589459.62,165108.76,328640.54,425927.84
A0003781,2026-12,425927.84,98579.5,26940.67,497566.67
A0003782,2021-01,14638.03,51238.01,31713.5,34162.54
A0003782,2021-02,34162.54,426613.46,172957.79,287818.21
A0003782,2021-03,287818.21,254026.92,506434.97,35410.16
A0003782,2021-04,35410.16,337491.8,142299.63,230602.33
A0003782,2021-05,230602.33,135917.09,98769.24,267750.18
A0003782,2021-06,267750.18,240838.28,417750.15,90838.31
A0003782,2021-07,90838.31,289896.64,144484.51,236250.44
A0003782,2021-08,236250.44,183653.77,343465.23,76438.98
A0003782,2021-09,76438.98,273889.51,214018.26,136310.23
A0003782,2021-10,136310.23,425295.39,535178.76,26426.86
A0003782,2021-11,26426.86,203621.3,53690.91,176357.25
A0003782,2021-12,176357.25,319985.21,466089.31,30253.15
A0003782,2022-01,30253.15,373113.68,65579.23,337787.6
A0003782,2022-02,337787.6,162854.51,350873.23,149768.88
A0003782,2022-03,149768.88,280075.26,143670.97,286173.17
A0003782,2022-04,286173.17,275293.5,437732.63,123734.04
A0003782,2022-05,123734.04,294733.21,176675.88,241791.37
A0003782,2022-06,241791.37,225962.38,421251.89,46501.86
A0003782,2022-07,46501.86,457440.67,194869.61,309072.92
A0003782,2022-08,309072.92,502.76,113004.22,196571.46
A0003782,2022-09,196571.46,199789.37,375423.46,20937.37
A0003782,2022-10,20937.37,184209.4,173304.5,31842.27
A0003782,2022-11,31842.27,648709.26,397441.91,283109.62
A0003782,2022-12,283109.62,224713.83,292929.98,214893.47
A0003782,2023-01,214893.47,242511.67,288066.18,169338.96
A0003782,2023-02,169338.96,294893.59,180995.19,283237.36
A0003782,2023-03,283237.36,196975.53,276504.03,203708.86
A0003782,2023-04,203708.86,317979.19,396988.18,124699.87
A0003782,2023-05,124699.87,211496.69,266201.84,69994.72
A0003782,2023-06,69994.72,307681.68,362389.72,15286.68
A0003782,2023-07,15286.68,453487.46,218867.21,249906.93
A0003782,2023-08,249906.93,220025.23,322883.5,147048.66
A0003782,2023-09,147048.66,425707.95,450147.71,122608.9
A0003782,2023-10,122608.9,428187.28,408908.12,141888.06
A0003782,2023-11,141888.06,363910.46,219962.27,285836.25
A0003782,2023-12,285836.25,192790.36,253073.96,225552.65
A0003782,2024-01,225552.65,486919.65,628847.96,83624.34
A0003782,2024-02,83624.34,204423.26,182260.6,105787.0
A0003782,2024-03,105787.0,1017258.44,415982.72,707062.72
A0003782,2024-04,707062.72,360312.97,1056282.29,11093.4
A0003782,2024-05,11093.4,336445.68,139539.47,207999.61
A0003782,2024-06,207999.61,397121.39,523702.27,81418.73
A0003782,2024-07,81418.73,352502.64,220138.57,213782.8
A0003782,2024-08,213782.8,514353.43,564037.81,164098.42
A0003782,2024-09,164098.42,216416.78,283231.82,97283.38
A0003782,2024-10,97283.38,639942.7,190047.84,547178.24
A0003782,2024-11,547178.24,213460.32,371262.78,389375.78
A0003782,2024-12,389375.78,240225.73,413328.16,216273.35
A0003782,2025-01,216273.35,303503.03,233478.5,286297.88
A0003782,2025-02,286297.88,533539.96,605483.98,214353.86
A0003782,2025-03,214353.86,355773.79,171658.79,398468.86
A0003782,2025-04,398468.86,398318.24,178916.57,617870.53
A0003782,2025-05,617870.53,368477.54,393332.59,593015.48
A0003782,2025-06,593015.48,581053.77,379617.37,794451.88
A0003782,2025-07,794451.88,310908.73,530025.79,575334.82
A0003782,2025-08,575334.82,353405.87,333782.4,594958.29
A0003782,2025-09,594958.29,283391.57,81687.58,796662.28
A0003782,2025-10,796662.28,289509.55,424427.72,661744.11
A0003782,2025-11,661744.11,357567.98,705084.46,314227.63
A0003782,2025-12,314227.63,411412.97,599730.77,125909.83
A0003782,2026-01,125909.83,206409.33,123412.47,208906.69
A0003782,2026-02,208906.69,232668.05,101694.76,339879.98
A0003782,2026-03,339879.98,659944.76,660165.52,339659.22
A0003782,2026-04,339659.22,77848.81,287709.24,129798.79
A0003888,2021-01,3353.08,13811.35,3848.0,13316.43
A0003888,2021-02,13316.43,336.89,7672.09,5981.23
A0003888,2021-03,5981.23,23702.54,7976.81,21706.96
A0003888,2021-04,21706.96,25133.81,18183.89,28656.88
A0003888,2021-05,28656.88,292703.98,73909.26,247451.6
A0003888,2021-06,247451.6,51445.3,18935.22,279961.68
A0003888,2021-07,279961.68,2821.35,100574.49,182208.54
A0003888,2021-08,182208.54,7980.67,16299.77,173889.44
A0003888,2021-09,173889.44,14438.97,21723.27,166605.14
A0003888,2021-10,166605.14,28911.69,48097.95,147418.88
A0003888,2021-11,147418.88,2826.72,19142.88,131102.72
A0003888,2021-12,131102.72,34009.1,36389.37,128722.45
A0003888,2022-01,128722.45,39507.04,31272.69,136956.8
A0003888,2022-02,136956.8,7675.88,13694.68,130938.0
A0003888,2022-03,130938.0,25368.65,19799.08,136507.57
A0003888,2022-04,136507.57,13839.71,50169.43,100177.85
A0003888,2022-05,100177.85,1104259.62,79595.26,1124842.21
A0003888,2022-06,1124842.21,2376.89,30612.61,1096606.49
A0003888,2022-07,1096606.49,55427.79,14201.67,1137832.61
A0003888,2022-08,1137832.61,42581.01,75231.35,1105182.27
A0003888,2022-09,1105182.27,8795.12,30435.06,1083542.33
A0003888,2022-10,1083542.33,45463.92,46093.48,1082912.77
A0003888,2022-11,1082912.77,20787.01,26385.42,1077314.36
A0003888,2022-12,1077314.36,44606.41,22322.6,1099598.17
A0003888,2023-01,1099598.17,103031.53,22323.82,1180305.88
A0003888,2023-02,1180305.88,28537.03,17376.23,1191466.68
A0003888,2023-03,1191466.68,36568.46,33096.4,1194938.74
A0003888,2023-04,1194938.74,23704.18,12019.2,1206623.72
A0003888,2023-05,1206623.72,10066.15,23510.46,1193179.41
A0003888,2023-06,1193179.41,41308.36,7554.09,1226933.68
A0003888,2023-07,1226933.68,18352.76,98248.03,1147038.41
A0003888,2023-08,1147038.41,8060.72,24456.81,1130642.32
A0003888,2023-09,1130642.32,30658.62,12683.67,1148617.27
A0003888,2023-10,1148617.27,5338.55,16645.93,1137309.89
A0003888,2023-11,1137309.89,2722.73,33647.53,1106385.09
A0003888,2023-12,1106385.09,3000.11,21537.17,1087848.03
A0003888,2024-01,1087848.03,24923.87,18543.07,1094228.83
A0003888,2024-02,1094228.83,11837.46,17793.14,1088273.15
A0003888,2024-03,1088273.15,12719.18,1621.89,1099370.44
A0003888,2024-04,1099370.44,18091.7,25670.15,1091791.99
A0003888,2024-05,1091791.99,13518.37,22054.31,1083256.05
A0003888,2024-06,1083256.05,33496.36,13861.68,1102890.73
A0003888,2024-07,1102890.73,28457.04,17045.92,1114301.85
A0003888,2024-08,1114301.85,57923.49,11649.26,1160576.08
A0003888,2024-09,1160576.08,34226.06,16571.57,1178230.57
A0003888,2024-10,1178230.57,25439.04,21395.6,1182274.01
A0003888,2024-11,1182274.01,23526.98,5896.3,1199904.69
A0003888,2024-12,1199904.69,8381.51,13985.57,1194300.63
A0003888,2025-01,1194300.63,1730.04,58766.35,1137264.32
A0003888,2025-02,1137264.32,17677.56,20612.19,1134329.69
A0003888,2025-03,1134329.69,16207.34,29386.1,1121150.93
A0003888,2025-04,1121150.93,29444.18,15546.48,1135048.63
A0003888,2025-05,1135048.63,40220.49,87207.76,1088061.36
A0003888,2025-06,1088061.36,12278.03,14284.2,1086055.19
A0003888,2025-07,1086055.19,0.0,11770.96,1074284.23
A0003888,2025-08,1074284.23,15463.21,249990.98,839756.46
A0003888,2025-09,839756.46,49149.99,11650.48,877255.97
A0003888,2025-10,877255.97,15222.3,22789.06,869689.21
A0003888,2025-11,869689.21,24803.95,34469.5,860023.66
A0003888,2025-12,860023.66,857265.65,43994.05,1673295.26
A0003888,2026-01,1673295.26,536313.56,36281.32,2173327.5
A0003888,2026-02,2173327.5,24422.97,67764.72,2129985.75
A0003888,2026-03,2129985.75,11564.65,34054.06,2107496.34
A0003888,2026-04,2107496.34,15420.78,24852.31,2098064.81
A0003888,2026-05,2098064.81,19439.06,53862.89,2063640.98
A0003888,2026-06,2063640.98,10702.98,29405.59,2044938.37
A0003888,2026-07,2044938.37,14267.39,132042.11,1927163.65
A0003888,2026-08,1927163.65,11534.02,52363.01,1886334.66
A0003888,2026-09,1886334.66,26050.86,51490.26,1860895.26
A0003888,2026-10,1860895.26,22681.37,30236.79,1853339.84
A0003888,2026-11,1853339.84,32367.48,36353.71,1849353.61
A0003888,2026-12,1849353.61,8070.98,32947.25,1824477.34
A0004156,2021-01,3974.04,7023.65,3768.11,7229.58
A0004156,2021-02,7229.58,58932.4,6628.2,59533.78
A0004156,2021-03,59533.78,15546.32,16683.63,58396.47
A0004156,2021-04,58396.47,7717.62,32952.32,33161.77
A0004156,2021-05,33161.77,7715.13,12095.07,28781.83
A0004156,2021-06,28781.83,21589.01,22125.83,28245.01
A0004156,2021-07,28245.01,3356.48,2459.99,29141.5
A0004156,2021-08,29141.5,7880.98,23477.44,13545.04
A0004156,2021-09,13545.04,21043.34,2554.95,32033.43
A0004156,2021-10,32033.43,0.0,3323.55,28709.88
A0004156,2021-11,28709.88,2609.88,325.81,30993.95
A0004156,2021-12,30993.95,8261.28,24730.72,14524.51
A0004156,2022-01,14524.51,1278.28,11963.14,3839.65
A0004156,2022-02,3839.65,73423.46,1109.07,76154.04
A0004156,2022-03,76154.04,0.0,0.0,76154.04
A0004156,2022-04,76154.04,5626.86,915.26,80865.64
A0004156,2022-05,80865.64,2054.37,21594.27,61325.74
A0004156,2022-06,61325.74,7603.88,37444.44,31485.18
A0004156,2022-07,31485.18,34918.08,2520.08,63883.18
A0004156,2022-08,63883.18,0.0,13577.66,50305.52
A0004156,2022-09,50305.52,73389.76,17886.53,105808.75
A0004156,2022-10,105808.75,21150.47,19708.92,107250.3
A0004156,2022-11,107250.3,5699.07,19462.62,93486.75
A0004156,2022-12,93486.75,0.0,5639.54,87847.21
A0004156,2023-01,87847.21,1694.1,6768.97,82772.34
A0004156,2023-02,82772.34,2732.17,48623.24,36881.27
A0004156,2023-03,36881.27,14886.38,0.0,51767.65
A0004156,2023-04,51767.65,0.0,962.71,50804.94
A0004156,2023-05,50804.94,33538.45,9876.68,74466.71
A0004156,2023-06,74466.71,8457.85,17480.49,65444.07
A0004156,2023-07,65444.07,42773.57,21999.01,86218.63
A0004156,2023-08,86218.63,31783.84,40824.59,77177.88
A0004156,2023-09,77177.88,0.0,13712.65,63465.23
A0004156,2023-10,63465.23,37628.67,5672.92,95420.98
A0004156,2023-11,95420.98,15517.01,21077.91,89860.08
A0004156,2023-12,89860.08,38476.37,32787.8,95548.65
A0004156,2024-01,95548.65,62112.62,66512.38,91148.89
A0004156,2024-02,91148.89,12700.03,4375.75,99473.17
A0004156,2024-03,99473.17,56865.21,1484.09,154854.29
A0004156,2024-04,154854.29,98566.26,91442.96,161977.59
A0004156,2024-05,161977.59,20009.54,14547.54,167439.59
A0004156,2024-06,167439.59,8391.54,1855.0,173976.13
A0004156,2024-07,173976.13,5100.11,26514.49,152561.75
A0004156,2024-08,152561.75,16257.86,23602.28,145217.33
A0004156,2024-09,145217.33,3386.83,7746.24,140857.92
A0004156,2024-10,140857.92,66676.11,20987.47,186546.56
A0004156,2024-11,186546.56,19738.0,5580.39,200704.17
A0004156,2024-12,200704.17,11811.07,26278.04,186237.2
A0004156,2025-01,186237.2,0.0,27283.94,158953.26
A0004156,2025-02,158953.26,7301.13,20867.79,145386.6
A0004156,2025-03,145386.6,36039.59,16518.14,164908.05
A0004156,2025-04,164908.05,1889.45,125162.1,41635.4
A0004156,2025-05,41635.4,4512.1,29828.75,16318.75
A0004156,2025-06,16318.75,39132.2,19844.58,35606.37
A0004156,2025-07,35606.37,0.0,35265.46,340.91
A0004156,2025-08,340.91,29801.73,11917.37,18225.27
A0004157,2021-01,23915.55,1176.89,13894.79,11197.65
A0004157,2021-02,11197.65,17697.03,6523.55,22371.13
A0004157,2021-03,22371.13,16719.86,16748.64,22342.35
A0004157,2021-04,22342.35,1495.89,6586.03,17252.21
A0004157,2021-05,17252.21,0.0,3145.24,14106.97
A0004157,2021-06,14106.97,16742.84,0.0,30849.81
A0004157,2021-07,30849.81,9408.39,13201.36,27056.84
A0004157,2021-08,27056.84,0.0,16325.43,10731.41
A0004157,2021-09,10731.41,24413.94,0.0,35145.35
A0004157,2021-10,35145.35,55201.89,9572.36,80774.88
A0004157,2021-11,80774.88,32436.1,34513.67,78697.31
A0004157,2021-12,78697.31,5753.36,2977.87,81472.8
A0004157,2022-01,81472.8,10995.59,5085.48,87382.91
A0004157,2022-02,87382.91,7915.01,5426.96,89870.96
A0004157,2022-03,89870.96,290601.04,9117.36,371354.64
A0004157,2022-04,371354.64,37855.65,11550.97,397659.32
A0004157,2022-05,397659.32,28405.3,14124.31,411940.31
A0004157,2022-06,411940.31,19257.67,0.0,431197.98
A0004157,2022-07,431197.98,0.0,0.0,431197.98
A0004157,2022-08,431197.98,0.0,12379.32,418818.66
A0004157,2022-09,418818.66,19240.04,5318.63,432740.07
A0004157,2022-10,432740.07,10498.46,31481.5,411757.03
A0004157,2022-11,411757.03,0.0,10049.33,401707.7
A0004157,2022-12,401707.7,401.46,8666.51,393442.65
A0004157,2023-01,393442.65,11226.65,5365.78,399303.52
A0004157,2023-02,399303.52,19144.77,2077.47,416370.82
A0004157,2023-03,416370.82,42933.71,38237.66,421066.87
A0004157,2023-04,421066.87,43614.15,23401.54,441279.48
A0004157,2023-05,441279.48,2575.94,42904.31,400951.11
A0004157,2023-06,400951.11,26076.23,0.0,427027.34
A0004157,2023-07,427027.34,63425.5,12788.44,477664.4
A0004157,2023-08,477664.4,36915.55,26109.49,488470.46
A0004157,2023-09,488470.46,0.0,3363.52,485106.94
A0004157,2023-10,485106.94,14149.22,5724.41,493531.75
A0004157,2023-11,493531.75,33805.39,7284.03,520053.11
A0004157,2023-12,520053.11,0.0,6232.69,513820.42
A0004157,2024-01,513820.42,1647.64,29438.01,486030.05
A0004157,2024-02,486030.05,10813.26,7553.29,489290.02
A0004157,2024-03,489290.02,14833.81,6666.15,497457.68
A0004157,2024-04,497457.68,18082.97,0.0,515540.65
A0004157,2024-05,515540.65,24214.73,26273.25,513482.13
A0004157,2024-06,513482.13,0.0,0.0,513482.13
A0004157,2024-07,513482.13,42279.48,1655.34,554106.27
A0004157,2024-08,554106.27,0.0,0.0,554106.27
A0004157,2024-09,554106.27,34732.21,2829.93,586008.55
A0004157,2024-10,586008.55,6613.76,49141.4,543480.91
A0004157,2024-11,543480.91,10453.33,10391.77,543542.47
A0004157,2024-12,543542.47,4804.42,19481.58,528865.31
A0004157,2025-01,528865.31,33683.05,2980.98,559567.38
A0004157,2025-02,559567.38,0.0,6986.05,552581.33
A0004157,2025-03,552581.33,44610.48,22130.4,575061.41
A0004157,2025-04,575061.41,11206.09,21168.39,565099.11
A0004157,2025-05,565099.11,0.0,21474.11,543625.0
A0004157,2025-06,543625.0,9462.28,0.0,553087.28
A0004157,2025-07,553087.28,19680.56,134449.41,438318.43
A0004186,2021-01,2499.45,55398.46,40548.07,17349.84
A0004186,2021-02,17349.84,150.79,647.12,16853.51
A0004186,2021-03,16853.51,0.0,705.84,16147.67
A0004186,2021-04,16147.67,23665.45,13482.06,26331.06
A0004186,2021-05,26331.06,820.63,384.61,26767.08
A0004186,2021-06,26767.08,679.84,7575.63,19871.29
A0004186,2021-07,19871.29,166.6,212.09,19825.8
A0004186,2021-08,19825.8,24683.97,760.63,43749.14
A0004186,2021-09,43749.14,5369.55,14143.03,34975.66
A0004186,2021-10,34975.66,19285.0,29770.73,24489.93
A0004186,2021-11,24489.93,13745.58,20689.72,17545.79
A0004186,2021-12,17545.79,2012.47,802.69,18755.57
A0004186,2022-01,18755.57,211.08,781.79,18184.86
A0004186,2022-02,18184.86,85.62,303.15,17967.33
A0004186,2022-03,17967.33,8375.62,1370.68,24972.27
A0004186,2022-04,24972.27,1781.51,1396.18,25357.6
A0004186,2022-05,25357.6,1153.13,383.34,26127.39
A0004186,2022-06,26127.39,109.87,1178.55,25058.71
A0004186,2022-07,25058.71,1531.56,22812.54,3777.73
A0004186,2022-08,3777.73,40.4,575.96,3242.17
A0004186,2022-09,3242.17,839.33,306.47,3775.03
A0004186,2022-10,3775.03,0.0,1746.12,2028.91
A0004186,2022-11,2028.91,703.16,576.44,2155.63
A0004186,2022-12,2155.63,28535.5,964.05,29727.08
A0004186,2023-01,29727.08,269.44,27297.01,2699.51
A0004186,2023-02,2699.51,345.64,527.13,2518.02
A0004186,2023-03,2518.02,0.0,621.52,1896.5
A0004186,2023-04,1896.5,2020.92,582.56,3334.86
A0004186,2023-05,3334.86,378.92,1681.83,2031.95
A0004186,2023-06,2031.95,645.21,1101.22,1575.94
A0004186,2023-07,1575.94,1083.21,1843.58,815.57
A0004186,2023-08,815.57,1028.25,287.57,1556.25
A0004186,2023-09,1556.25,1392.23,1571.19,1377.29
A0004186,2023-10,1377.29,3588.17,183.07,4782.39
A0004186,2023-11,4782.39,407.16,1747.35,3442.2
A0004186,2023-12,3442.2,3745.49,6446.77,740.92
A0004186,2024-01,740.92,1737.99,1135.11,1343.8
A0004186,2024-02,1343.8,476.76,1789.76,30.8
A0004186,2024-03,30.8,1228.64,414.23,845.21
A0004186,2024-04,845.21,7410.81,2921.12,5334.9
A0004186,2024-05,5334.9,553.95,325.39,5563.46
A0004186,2024-06,5563.46,30117.51,545.84,35135.13
A0004186,2024-07,35135.13,196.37,1509.28,33822.22
A0004186,2024-08,33822.22,1041.07,741.9,34121.39
A0004186,2024-09,34121.39,0.0,4666.12,29455.27
A0004186,2024-10,29455.27,4621.57,155.95,33920.89
A0004186,2024-11,33920.89,56581.44,31251.43,59250.9
A0004186,2024-12,59250.9,972.58,519.69,59703.79
A0004186,2025-01,59703.79,450.99,1904.73,58250.05
A0004186,2025-02,58250.05,2789.19,2163.68,58875.56
A0004186,2025-03,58875.56,405.07,1210.45,58070.18
A0004186,2025-04,58070.18,983.4,151.27,58902.31
A0004186,2025-05,58902.31,64454.94,316.99,123040.26
A0004186,2025-06,123040.26,1478.3,868.02,123650.54
A0004186,2025-07,123650.54,0.0,852.97,122797.57
A0004186,2025-08,122797.57,0.0,1030.78,121766.79
A0004186,2025-09,121766.79,65265.85,213.27,186819.37
A0004186,2025-10,186819.37,1019.17,975.2,186863.34
A0004186,2025-11,186863.34,3998.03,951.45,189909.92
A0004186,2025-12,189909.92,565.65,5273.13,185202.44
A0004186,2026-01,185202.44,414.41,61152.17,124464.68
A0004186,2026-02,124464.68,714.53,877.97,124301.24
A0004186,2026-03,124301.24,0.0,365.01,123936.23
A0004186,2026-04,123936.23,1460.57,1460.37,123936.43
A0004186,2026-05,123936.43,0.0,1235.43,122701.0
A0004186,2026-06,122701.0,942.43,584.41,123059.02
A0004186,2026-07,123059.02,2777.56,1382.11,124454.47
A0004186,2026-08,124454.47,0.0,538.29,123916.18
A0004186,2026-09,123916.18,1145.21,904.18,124157.21
A0004186,2026-10,124157.21,643.36,1933.31,122867.26
A0004186,2026-11,122867.26,608.5,1495.42,121980.34
A0004186,2026-12,121980.34,1086.92,1226.99,121840.27
A0005086,2021-01,1067.64,201.69,1221.7,47.63
A0005086,2021-02,47.63,3721.7,815.56,2953.77
A0005086,2021-03,2953.77,246.07,1174.88,2024.96
A0005086,2021-04,2024.96,92.7,1597.46,520.2
A0005086,2021-05,520.2,659.26,0.0,1179.46
A0005086,2021-06,1179.46,1536.83,726.07,1990.22
A0005086,2021-07,1990.22,181.33,1696.8,474.75
A0005086,2021-08,474.75,497.83,0.0,972.58
A0005086,2021-09,972.58,21914.86,735.0,22152.44
A0005086,2021-10,22152.44,635.66,735.0,22053.1
A0005086,2021-11,22053.1,483.62,485.52,22051.2
A0005086,2021-12,22051.2,905.75,735.0,22221.95
A0005086,2022-01,22221.95,0.0,0.0,22221.95
A0005086,2022-02,22221.95,494.74,2467.07,20249.62
A0005086,2022-03,20249.62,4174.95,156.95,24267.62
A0005086,2022-04,24267.62,0.0,7636.53,16631.09
A0005086,2022-05,16631.09,998.09,1325.8,16303.38
A0005086,2022-06,16303.38,224.89,735.0,15793.27
A0005086,2022-07,15793.27,782.92,0.0,16576.19
A0005086,2022-08,16576.19,0.0,2854.03,13722.16
A0005086,2022-09,13722.16,0.0,755.16,12967.0
A0005086,2022-10,12967.0,839.91,1361.73,12445.18
A0005086,2022-11,12445.18,283.92,0.0,12729.1
A0005086,2022-12,12729.1,701.7,2583.4,10847.4
A0005086,2023-01,10847.4,1196.22,1762.19,10281.43
A0005086,2023-02,10281.43,623.91,755.16,10150.18
A0005086,2023-03,10150.18,17274.2,0.0,27424.38
A0005086,2023-04,27424.38,838.19,3116.08,25146.49
A0005086,2023-05,25146.49,1228.53,937.17,25437.85
A0005086,2023-06,25437.85,254.52,0.0,25692.37
A0005086,2023-07,25692.37,481.46,905.7,25268.13
A0005086,2023-08,25268.13,518.61,289.23,25497.51
A0005086,2023-09,25497.51,247.19,2162.47,23582.23
A0005086,2023-10,23582.23,0.0,761.76,22820.47
A0005086,2023-11,22820.47,2260.17,1074.47,24006.17
A0005086,2023-12,24006.17,49.89,3591.64,20464.42
A0005086,2024-01,20464.42,1909.77,2244.39,20129.8
A0005086,2024-02,20129.8,16764.13,761.76,36132.17
A0005086,2024-03,36132.17,378.82,2196.6,34314.39
A0005086,2024-04,34314.39,0.0,0.0,34314.39
A0005086,2024-05,34314.39,2068.45,761.76,35621.08
A0005086,2024-06,35621.08,140.89,874.85,34887.12
A0005086,2024-07,34887.12,0.0,0.0,34887.12
A0005086,2024-08,34887.12,595.88,1419.2,34063.8
A0005086,2024-09,34063.8,165.26,757.78,33471.28
A0005086,2024-10,33471.28,710.21,969.79,33211.7
A0005086,2024-11,33211.7,239.51,1426.5,32024.71
A0005086,2024-12,32024.71,478.95,1105.95,31397.71
A0005086,2025-01,31397.71,0.0,0.0,31397.71
A0005086,2025-02,31397.71,1211.67,1825.77,30783.61
A0005086,2025-03,30783.61,1951.98,757.78,31977.81
A0005086,2025-04,31977.81,224.88,1328.11,30874.58
A0005086,2025-05,30874.58,2784.34,974.03,32684.89
A0005086,2025-06,32684.89,297.01,757.78,32224.12
A0005086,2025-07,32224.12,2322.93,827.69,33719.36
A0005086,2025-08,33719.36,144.21,1559.25,32304.32
A0005086,2025-09,32304.32,2023.4,3893.74,30433.98
A0005086,2025-10,30433.98,622.1,20719.48,10336.6
A0005086,2025-11,10336.6,43258.76,1394.8,52200.56
A0005086,2025-12,52200.56,1132.19,0.0,53332.75
A0005086,2026-01,53332.75,1913.59,45477.69,9768.65
A0005086,2026-02,9768.65,10787.72,753.73,19802.64
A0005086,2026-03,19802.64,0.0,835.51,18967.13
A0005086,2026-04,18967.13,289.32,1448.24,17808.21
A0005086,2026-05,17808.21,2573.96,0.0,20382.17
A0005086,2026-06,20382.17,0.0,753.73,19628.44
A0005086,2026-07,19628.44,168.82,0.0,19797.26
A0005086,2026-08,19797.26,812.24,750.96,19858.54
A0005086,2026-09,19858.54,0.0,13844.6,6013.94
A0005086,2026-10,6013.94,1783.23,759.76,7037.41
A0005086,2026-11,7037.41,283.27,0.0,7320.68
A0005086,2026-12,7320.68,2178.81,750.96,8748.53
A0005087,2021-01,76650.02,136889.58,115852.64,97686.96
A0005087,2021-02,97686.96,6737.4,88538.32,15886.04
A0005087,2021-03,15886.04,106530.93,39604.75,82812.22
A0005087,2021-04,82812.22,92487.65,63827.28,111472.59
A0005087,2021-05,111472.59,189782.11,249221.0,52033.7
A0005087,2021-06,52033.7,142737.39,26334.92,168436.17
A0005087,2021-07,168436.17,82249.51,127517.74,123167.94
A0005087,2021-08,123167.94,0.0,18039.76,105128.18
A0005087,2021-09,105128.18,101455.96,137310.48,69273.66
A0005087,2021-10,69273.66,141167.69,77390.2,133051.15
A0005087,2021-11,133051.15,90079.42,222573.18,557.39
A0005087,2021-12,557.39,108349.69,104724.2,4182.88
A0005087,2022-01,4182.88,101517.5,66287.59,39412.79
A0005087,2022-02,39412.79,100527.12,31343.15,108596.76
A0005087,2022-03,108596.76,105918.11,176494.5,38020.37
A0005087,2022-04,38020.37,114880.26,151298.61,1602.02
A0005087,2022-05,1602.02,346082.88,115265.85,232419.05
A0005087,2022-06,232419.05,141066.99,129925.07,243560.97
A0005087,2022-07,243560.97,154372.34,23391.92,374541.39
A0005087,2022-08,374541.39,174907.48,153770.8,395678.07
A0005087,2022-09,395678.07,135655.32,374504.34,156829.05
A0005087,2022-10,156829.05,234479.9,239564.42,151744.53
A0005087,2022-11,151744.53,123435.67,105097.2,170083.0
A0005087,2022-12,170083.0,177156.03,224786.87,122452.16
A0005087,2023-01,122452.16,0.0,121266.82,1185.34
A0005087,2023-02,1185.34,178653.97,37111.63,142727.68
A0005087,2023-03,142727.68,188508.84,72218.65,259017.87
A0005087,2023-04,259017.87,124053.89,39111.04,343960.72
A0005087,2023-05,343960.72,100334.67,118304.76,325990.63
A0005087,2023-06,325990.63,110776.49,83194.74,353572.38
A0005087,2023-07,353572.38,222980.7,152759.48,423793.6
A0005087,2023-08,423793.6,0.0,229203.09,194590.51
A0005087,2023-09,194590.51,165729.93,79599.98,280720.46
A0005087,2023-10,280720.46,110979.32,60034.43,331665.35
A0005087,2023-11,331665.35,231668.7,72254.59,491079.46
A0005087,2023-12,491079.46,190911.94,194348.54,487642.86
A0005087,2024-01,487642.86,134330.68,247642.73,374330.81
A0005087,2024-02,374330.81,12121.77,370546.78,15905.8
A0005087,2024-03,15905.8,335523.46,53986.73,297442.53
A0005087,2024-04,297442.53,234329.17,121542.35,410229.35
A0005087,2024-05,410229.35,130097.15,190522.6,349803.9
A0005087,2024-06,349803.9,147797.64,53207.83,444393.71
A0005087,2024-07,444393.71,202454.97,104569.72,542278.96
A0005087,2024-08,542278.96,286462.57,106486.84,722254.69
A0005087,2024-09,722254.69,143101.87,560061.48,305295.08
A0005087,2024-10,305295.08,251800.51,150337.72,406757.87
A0005087,2024-11,406757.87,130453.58,287089.6,250121.85
A0005087,2024-12,250121.85,187308.59,131854.99,305575.45
A0005177,2021-01,73039.54,39375.93,0.0,112415.47
A0005177,2021-02,112415.47,9830.24,35486.6,86759.11
A0005177,2021-03,86759.11,45258.93,24880.94,107137.1
A0005177,2021-04,107137.1,31064.85,79232.01,58969.94
A0005177,2021-05,58969.94,176785.34,145426.78,90328.5
A0005177,2021-06,90328.5,80675.72,24204.2,146800.02
A0005177,2021-07,146800.02,176479.6,155382.55,167897.07
A0005177,2021-08,167897.07,0.0,47680.29,120216.78
A0005178,2021-01,111342.75,0.0,0.0,111342.75
A0005178,2021-02,111342.75,14385.3,46325.2,79402.85
A0005178,2021-03,79402.85,14929.82,59760.37,34572.3
A0005178,2021-04,34572.3,8118.37,0.0,42690.67
A0005178,2021-05,42690.67,15695.11,7414.1,50971.68
A0005178,2021-06,50971.68,0.0,10620.66,40351.02
A0005178,2021-07,40351.02,135338.53,16028.8,159660.75
A0005178,2021-08,159660.75,44710.93,5657.69,198713.99
A0005178,2021-09,198713.99,73190.09,13563.26,258340.82
A0005178,2021-10,258340.82,0.0,14787.68,243553.14
A0005178,2021-11,243553.14,109514.34,0.0,353067.48
A0005178,2021-12,353067.48,2323.06,296471.16,58919.38
A0005179,2021-01,44539.47,852807.72,367980.28,529366.91
A0005179,2021-02,529366.91,223378.14,21504.04,731241.01
A0005179,2021-03,731241.01,447016.59,500047.73,678209.87
A0005179,2021-04,678209.87,307181.09,473462.92,511928.04
A0005179,2021-05,511928.04,208408.96,361523.69,358813.31
A0005179,2021-06,358813.31,249416.9,150838.99,457391.22
A0005179,2021-07,457391.22,412749.13,471788.06,398352.29
A0005179,2021-08,398352.29,205609.34,275223.92,328737.71
A0005179,2021-09,328737.71,216584.79,117391.55,427930.95
A0005179,2021-10,427930.95,228187.52,156992.22,499126.25
A0005179,2021-11,499126.25,390211.41,755097.52,134240.14
A0005180,2021-01,13402.32,13.55,13415.87,0.0
A0005284,2021-01,28100.43,68916.68,40269.31,56747.8
A0005284,2021-02,56747.8,49173.36,23840.97,82080.19
A0005284,2021-03,82080.19,17842.53,41622.32,58300.4
A0005284,2021-04,58300.4,29419.92,26995.02,60725.3
A0005284,2021-05,60725.3,46420.0,55014.91,52130.39
A0005284,2021-06,52130.39,28384.06,18351.21,62163.24
A0005284,2021-07,62163.24,59108.4,26100.73,95170.91
A0005284,2021-08,95170.91,26648.89,3291.87,118527.93
A0005284,2021-09,118527.93,14952.01,14902.66,118577.28
A0005284,2021-10,118577.28,13343.45,17185.65,114735.08
A0005284,2021-11,114735.08,51519.88,24951.03,141303.93
A0005284,2021-12,141303.93,28768.74,31962.13,138110.54
A0005284,2022-01,138110.54,63602.84,35474.21,166239.17
A0005284,2022-02,166239.17,29797.97,183619.33,12417.81
A0005284,2022-03,12417.81,67576.36,26103.11,53891.06
A0005284,2022-04,53891.06,9993.74,17340.63,46544.17
A0005284,2022-05,46544.17,47697.69,56475.09,37766.77
A0005284,2022-06,37766.77,31033.31,32257.61,36542.47
A0005284,2022-07,36542.47,5401.71,24811.01,17133.17
A0005284,2022-08,17133.17,28218.47,22252.45,23099.19
A0005284,2022-09,23099.19,226002.27,59710.69,189390.77
A0005284,2022-10,189390.77,174646.71,24610.38,339427.1
A0005284,2022-11,339427.1,36566.53,49192.63,326801.0
A0005284,2022-12,326801.0,48845.13,30050.05,345596.08
A0005284,2023-01,345596.08,111640.44,88640.65,368595.87
A0005284,2023-02,368595.87,7197.89,31992.29,343801.47
A0005284,2023-03,343801.47,33753.02,37393.51,340160.98
A0005284,2023-04,340160.98,43588.62,46004.37,337745.23
A0005284,2023-05,337745.23,24718.42,26008.55,336455.1
A0005284,2023-06,336455.1,27592.49,67898.76,296148.83
A0005284,2023-07,296148.83,40672.16,81317.22,255503.77
A0005284,2023-08,255503.77,6358.52,41573.17,220289.12
A0005284,2023-09,220289.12,31620.08,44984.69,206924.51
A0005284,2023-10,206924.51,14075.8,53521.8,167478.51
A0005284,2023-11,167478.51,33638.02,54845.15,146271.38
A0005284,2023-12,146271.38,36036.54,58683.08,123624.84
A0005284,2024-01,123624.84,33134.31,32990.36,123768.79
A0005284,2024-02,123768.79,22188.74,48542.11,97415.42
A0005284,2024-03,97415.42,145527.15,24671.37,218271.2
A0005284,2024-04,218271.2,64392.07,31217.76,251445.51
A0005284,2024-05,251445.51,107237.94,46888.55,311794.9
A0005284,2024-06,311794.9,15812.21,76916.22,250690.89
A0005284,2024-07,250690.89,41861.92,53964.12,238588.69
A0005284,2024-08,238588.69,31096.78,43724.5,225960.97
A0005284,2024-09,225960.97,1021497.82,251438.79,996020.0
A0005284,2024-10,996020.0,38163.48,38532.04,995651.44
A0005284,2024-11,995651.44,72515.59,10147.36,1058019.67
A0005284,2024-12,1058019.67,29044.87,91572.05,995492.49
A0005284,2025-01,995492.49,90449.39,48491.44,1037450.44
A0005284,2025-02,1037450.44,27112.88,38319.54,1026243.78
A0005284,2025-03,1026243.78,40159.0,146132.6,920270.18
A0005284,2025-04,920270.18,31903.02,64070.6,888102.6
A0005284,2025-05,888102.6,81155.39,16158.26,953099.73
A0005284,2025-06,953099.73,18591.69,24629.93,947061.49
A0005284,2025-07,947061.49,0.0,17758.24,929303.25
A0005284,2025-08,929303.25,52793.26,65123.71,916972.8
A0005284,2025-09,916972.8,25676.6,26411.71,916237.69
A0005284,2025-10,916237.69,91338.07,59636.63,947939.13
A0005284,2025-11,947939.13,13009.03,6063.09,954885.07
A0005284,2025-12,954885.07,22083.07,37672.92,939295.22
A0005284,2026-01,939295.22,448712.54,13150.24,1374857.52
A0005284,2026-02,1374857.52,123645.23,54738.03,1443764.72
A0005284,2026-03,1443764.72,25035.43,261098.86,1207701.29
A0005284,2026-04,1207701.29,37315.6,117727.05,1127289.84
A0005284,2026-05,1127289.84,32187.19,451589.98,707887.05
A0005284,2026-06,707887.05,73251.51,192083.85,589054.71
A0005284,2026-07,589054.71,21376.44,94539.09,515892.06
A0005284,2026-08,515892.06,2266.63,25578.6,492580.09
A0005284,2026-09,492580.09,84584.23,30213.82,546950.5
A0005284,2026-10,546950.5,93915.23,43097.1,597768.63
A0005284,2026-11,597768.63,0.0,14160.41,583608.22
A0005284,2026-12,583608.22,120197.44,116706.39,587099.27
A0005285,2021-01,11070.6,5043.92,0.0,16114.52
A0005285,2021-02,16114.52,0.0,310.06,15804.46
A0005285,2021-03,15804.46,510172.37,0.0,525976.83
A0005285,2021-04,525976.83,160349.9,5081.64,681245.09
A0005285,2021-05,681245.09,2566.25,9196.95,674614.39
A0005285,2021-06,674614.39,12691.82,277.33,687028.88
A0005285,2021-07,687028.88,5724.22,21020.51,671732.59
A0005285,2021-08,671732.59,3335.68,876.04,674192.23
A0005285,2021-09,674192.23,6276.37,8404.96,672063.64
A0005285,2021-10,672063.64,294370.24,19762.79,946671.09
A0005285,2021-11,946671.09,8037.97,9085.53,945623.53
A0005285,2021-12,945623.53,5621.03,12220.35,939024.21
A0005285,2022-01,939024.21,789.5,0.0,939813.71
A0005285,2022-02,939813.71,0.0,3065.0,936748.71
A0005285,2022-03,936748.71,17758.42,4143.1,950364.03
A0005285,2022-04,950364.03,1485.39,0.0,951849.42
A0005285,2022-05,951849.42,54394.0,10993.53,995249.89
A0005285,2022-06,995249.89,16017.57,18468.42,992799.04
A0005285,2022-07,992799.04,11081.18,9158.85,994721.37
A0005285,2022-08,994721.37,4053.7,0.0,998775.07
A0005285,2022-09,998775.07,101362.16,95124.1,1005013.13
A0005285,2022-10,1005013.13,2824.77,0.0,1007837.9
A0005285,2022-11,1007837.9,8988.98,6612.5,1010214.38
A0005285,2022-12,1010214.38,23782.81,5903.98,1028093.21
A0005285,2023-01,1028093.21,6724.33,0.0,1034817.54
A0005285,2023-02,1034817.54,4517.36,14328.64,1025006.26
A0005285,2023-03,1025006.26,0.0,1210.74,1023795.52
A0005285,2023-04,1023795.52,2680.16,11038.51,1015437.17
A0005285,2023-05,1015437.17,4644.06,18427.53,1001653.7
A0005285,2023-06,1001653.7,4179.41,5362.26,1000470.85
A0005285,2023-07,1000470.85,22990.13,33818.22,989642.76
A0005285,2023-08,989642.76,23665.11,0.0,1013307.87
A0005285,2023-09,1013307.87,3800.88,25451.74,991657.01
A0005285,2023-10,991657.01,3134.54,2423.96,992367.59
A0005285,2023-11,992367.59,0.0,54510.93,937856.66
A0005285,2023-12,937856.66,7126.45,0.0,944983.11
A0005285,2024-01,944983.11,0.0,3082.23,941900.88
A0005285,2024-02,941900.88,46258.36,25406.09,962753.15
A0005285,2024-03,962753.15,0.0,0.0,962753.15
A0005285,2024-04,962753.15,18388.07,13791.92,967349.3
A0005285,2024-05,967349.3,32730.58,12686.36,987393.52
A0005285,2024-06,987393.52,11705.78,10553.89,988545.41
A0005285,2024-07,988545.41,38922.07,15561.25,1011906.23
A0005285,2024-08,1011906.23,11317.93,4506.2,1018717.96
A0005285,2024-09,1018717.96,0.0,4773.38,1013944.58
A0005285,2024-10,1013944.58,6628.35,34549.42,986023.51
A0005285,2024-11,986023.51,0.0,24023.56,961999.95
A0005285,2024-12,961999.95,13272.39,2274.3,972998.04
A0005285,2025-01,972998.04,9926.71,21943.67,960981.08
A0005285,2025-02,960981.08,9722.48,41523.53,929180.03
A0005285,2025-03,929180.03,128344.95,8348.58,1049176.4
A0005285,2025-04,1049176.4,31857.56,21493.48,1059540.48
A0005285,2025-05,1059540.48,21312.18,0.0,1080852.66
A0005285,2025-06,1080852.66,12871.3,9210.15,1084513.81
A0005285,2025-07,1084513.81,34614.44,33140.84,1085987.41
A0005285,2025-08,1085987.41,15364.03,10433.13,1090918.31
A0005285,2025-09,1090918.31,0.0,2702.54,1088215.77
A0005285,2025-10,1088215.77,30103.44,13518.61,1104800.6
A0005285,2025-11,1104800.6,22136.82,63035.14,1063902.28
A0005285,2025-12,1063902.28,10342.8,5319.39,1068925.69
A0005285,2026-01,1068925.69,4937.17,33679.62,1040183.24
A0005285,2026-02,1040183.24,0.0,5561.01,1034622.23
A0005285,2026-03,1034622.23,33433.23,28519.46,1039536.0
A0005285,2026-04,1039536.0,0.0,13673.77,1025862.23
A0005285,2026-05,1025862.23,20376.93,46973.24,999265.92
A0005285,2026-06,999265.92,0.0,4592.33,994673.59
A0005285,2026-07,994673.59,21660.4,1809.38,1014524.61
A0005285,2026-08,1014524.61,0.0,4823.65,1009700.96
A0005285,2026-09,1009700.96,0.0,13868.49,995832.47
A0005285,2026-10,995832.47,35083.47,0.0,1030915.94
A0005285,2026-11,1030915.94,5527.45,4006.79,1032436.6
A0005285,2026-12,1032436.6,28114.22,23161.03,1037389.79
A0005367,2021-01,11517.34,8073.27,18994.19,596.42
A0005367,2021-02,596.42,788.75,559.14,826.03
A0005367,2021-03,826.03,38365.83,25267.56,13924.3
A0005367,2021-04,13924.3,23236.47,1842.5,35318.27
A0005367,2021-05,35318.27,24211.79,18745.48,40784.58
A0005367,2021-06,40784.58,51046.22,37181.43,54649.37
A0005367,2021-07,54649.37,2003.19,26086.45,30566.11
A0005367,2021-08,30566.11,29679.74,55070.31,5175.54
A0005367,2021-09,5175.54,36371.74,8512.99,33034.29
A0005367,2021-10,33034.29,11602.81,22982.95,21654.15
A0005367,2021-11,21654.15,0.0,6026.65,15627.5
A0005367,2021-12,15627.5,4713.5,5305.4,15035.6
A0005367,2022-01,15035.6,0.0,3594.29,11441.31
A0005367,2022-02,11441.31,1033.85,5481.16,6994.0
A0005367,2022-03,6994.0,2857.7,925.17,8926.53
A0005367,2022-04,8926.53,2037.22,7416.32,3547.43
A0005367,2022-05,3547.43,16846.96,2149.09,18245.3
A0005367,2022-06,18245.3,16791.54,2494.95,32541.89
A0005367,2022-07,32541.89,19875.95,15762.37,36655.47
A0005367,2022-08,36655.47,13888.0,4104.23,46439.24
A0005367,2022-09,46439.24,781.25,24232.33,22988.16
A0005367,2022-10,22988.16,31140.51,4023.23,50105.44
A0005367,2022-11,50105.44,134472.87,16977.09,167601.22
A0005367,2022-12,167601.22,15817.19,63527.35,119891.06
A0005367,2023-01,119891.06,24364.08,3347.08,140908.06
A0005367,2023-02,140908.06,40845.78,2352.84,179401.0
A0005367,2023-03,179401.0,44650.05,28102.33,195948.72
A0005367,2023-04,195948.72,1244.85,3954.79,193238.78
A0005367,2023-05,193238.78,11437.63,7147.9,197528.51
A0005367,2023-06,197528.51,12822.04,20197.86,190152.69
A0005367,2023-07,190152.69,0.0,13978.79,176173.9
A0005367,2023-08,176173.9,1871.74,625.4,177420.24
A0005367,2023-09,177420.24,64093.41,46184.05,195329.6
A0005367,2023-10,195329.6,18126.53,7399.97,206056.16
A0005367,2023-11,206056.16,53343.16,21266.38,238132.94
A0005367,2023-12,238132.94,2747.91,13636.97,227243.88
A0005367,2024-01,227243.88,4896.91,16801.4,215339.39
A0005367,2024-02,215339.39,18883.69,4964.08,229259.0
A0005367,2024-03,229259.0,42668.24,8330.42,263596.82
A0005367,2024-04,263596.82,13336.45,5873.32,271059.95
A0005367,2024-05,271059.95,86336.62,2281.65,355114.92
A0005367,2024-06,355114.92,34218.91,5274.72,384059.11
A0005367,2024-07,384059.11,0.0,1566.95,382492.16
A0005367,2024-08,382492.16,82564.4,417.22,464639.34
A0005367,2024-09,464639.34,228306.62,22079.77,670866.19
A0005367,2024-10,670866.19,3439.2,248877.39,425428.0
A0005367,2024-11,425428.0,26957.63,333637.74,118747.89
A0005367,2024-12,118747.89,3138221.93,42560.76,3214409.06
A0005367,2025-01,3214409.06,41475.76,14776.43,3241108.39
A0005367,2025-02,3241108.39,9251.78,7599.4,3242760.77
A0005367,2025-03,3242760.77,13167.32,1879.46,3254048.63
A0005367,2025-04,3254048.63,41734.13,4075.95,3291706.81
A0005367,2025-05,3291706.81,8522.78,114754.6,3185474.99
A0005367,2025-06,3185474.99,56346.39,44058.08,3197763.3
A0005367,2025-07,3197763.3,64647.6,1850.95,3260559.95
A0005367,2025-08,3260559.95,20229.39,9635.62,3271153.72
A0005367,2025-09,3271153.72,442548.55,69088.76,3644613.51
A0005367,2025-10,3644613.51,77871.38,28345.07,3694139.82
A0005367,2025-11,3694139.82,15151.83,22071.95,3687219.7
A0005367,2025-12,3687219.7,6900.76,20228.08,3673892.38
A0005367,2026-01,3673892.38,153575.43,42047.06,3785420.75
A0005367,2026-02,3785420.75,213429.62,89553.64,3909296.73
A0005367,2026-03,3909296.73,18053.31,4316.34,3923033.7
A0005367,2026-04,3923033.7,276.27,15550.21,3907759.76
A0005367,2026-05,3907759.76,884399.82,14119.65,4778039.93
A0005367,2026-06,4778039.93,9654.63,15170.31,4772524.25
A0005367,2026-07,4772524.25,92080.46,524383.99,4340220.72
A0005367,2026-08,4340220.72,7460.96,25819.73,4321861.95
A0005367,2026-09,4321861.95,8999.25,457600.7,3873260.5
A0005367,2026-10,3873260.5,84227.74,64304.86,3893183.38
A0005367,2026-11,3893183.38,3354.35,55483.91,3841053.82
A0005367,2026-12,3841053.82,4938.84,270915.31,3575077.35
A0005770,2021-01,9931.35,25023.62,17864.75,17090.22
A0005770,2021-02,17090.22,147590.94,43898.11,120783.05
A0005770,2021-03,120783.05,79436.02,125246.01,74973.06
A0005770,2021-04,74973.06,36794.97,59156.19,52611.84
A0005770,2021-05,52611.84,42227.22,37409.38,57429.68
A0005770,2021-06,57429.68,9285.61,63678.99,3036.3
A0005770,2021-07,3036.3,57281.47,57959.3,2358.47
A0005770,2021-08,2358.47,124694.97,31739.21,95314.23
A0005770,2021-09,95314.23,174106.91,261873.98,7547.16
A0005770,2021-10,7547.16,77644.99,24993.94,60198.21
A0005770,2021-11,60198.21,20574.49,71281.59,9491.11
A0005790,2021-01,369392.6,75729.19,19926.67,425195.12
A0005790,2021-02,425195.12,49729.94,25241.61,449683.45
A0005790,2021-03,449683.45,25358.04,37231.41,437810.08
A0005790,2021-04,437810.08,37936.33,17284.08,458462.33
A0005790,2021-05,458462.33,59175.86,81360.37,436277.82
A0005790,2021-06,436277.82,42165.6,66836.27,411607.15
A0005790,2021-07,411607.15,38429.35,103454.42,346582.08
A0005790,2021-08,346582.08,31449.03,64518.09,313513.02
A0005790,2021-09,313513.02,38537.33,46804.47,305245.88
A0005790,2021-10,305245.88,21017.95,61367.97,264895.86
A0005790,2021-11,264895.86,71229.68,74761.17,261364.37
A0005790,2021-12,261364.37,32123.17,85840.8,207646.74
A0005790,2022-01,207646.74,40567.21,32923.93,215290.02
A0005790,2022-02,215290.02,36234.71,64276.72,187248.01
A0005790,2022-03,187248.01,31956.25,7415.48,211788.78
A0005790,2022-04,211788.78,33775.06,89323.91,156239.93
A0005790,2022-05,156239.93,97946.43,125438.9,128747.46
A0005790,2022-06,128747.46,253521.01,33242.39,349026.08
A0005790,2022-07,349026.08,75686.18,44713.94,379998.32
A0005790,2022-08,379998.32,67979.63,18072.32,429905.63
A0005790,2022-09,429905.63,56126.79,55442.93,430589.49
A0005790,2022-10,430589.49,35428.36,23299.62,442718.23
A0005790,2022-11,442718.23,77239.5,45703.39,474254.34
A0005790,2022-12,474254.34,84045.0,84200.32,474099.02
A0005790,2023-01,474099.02,78771.81,526870.81,26000.02
A0005790,2023-02,26000.02,22789.95,45459.29,3330.68
A0005790,2023-03,3330.68,49155.56,13095.11,39391.13
A0005790,2023-04,39391.13,0.0,13947.71,25443.42
A0005790,2023-05,25443.42,51982.39,34600.76,42825.05
A0005790,2023-06,42825.05,46379.79,26309.12,62895.72
A0005790,2023-07,62895.72,36660.26,41162.13,58393.85
A0005790,2023-08,58393.85,51080.85,83347.54,26127.16
A0005790,2023-09,26127.16,35325.74,40656.5,20796.4
A0005790,2023-10,20796.4,67831.79,46326.88,42301.31
A0005790,2023-11,42301.31,121598.34,74630.0,89269.65
A0005790,2023-12,89269.65,41254.38,75727.85,54796.18
A0005790,2024-01,54796.18,73978.59,5968.38,122806.39
A0005790,2024-02,122806.39,45672.09,18983.93,149494.55
A0005790,2024-03,149494.55,49538.44,75311.95,123721.04
A0005790,2024-04,123721.04,48263.23,19662.27,152322.0
A0005790,2024-05,152322.0,46154.92,4746.92,193730.0
A0005790,2024-06,193730.0,63165.46,144399.46,112496.0
A0005790,2024-07,112496.0,42180.44,16860.51,137815.93
A0005790,2024-08,137815.93,96780.22,52477.94,182118.21
A0005790,2024-09,182118.21,43076.8,30722.21,194472.8
A0005790,2024-10,194472.8,79655.33,38979.23,235148.9
A0005790,2024-11,235148.9,41489.26,41414.03,235224.13
A0005790,2024-12,235224.13,77684.35,89275.88,223632.6
A0005790,2025-01,223632.6,41799.01,3360.26,262071.35
A0005790,2025-02,262071.35,112777.89,59134.4,315714.84
A0005790,2025-03,315714.84,47263.96,247879.0,115099.8
A0005790,2025-04,115099.8,484995.06,78650.44,521444.42
A0005790,2025-05,521444.42,46882.22,7894.82,560431.82
A0005790,2025-06,560431.82,48376.08,36378.19,572429.71
A0005790,2025-07,572429.71,72973.41,44436.76,600966.36
A0005790,2025-08,600966.36,48489.83,220802.64,428653.55
A0005790,2025-09,428653.55,43859.5,230139.08,242373.97
A0005790,2025-10,242373.97,54215.07,17686.74,278902.3
A0005790,2025-11,278902.3,55275.29,28380.21,305797.38
A0005790,2025-12,305797.38,61152.74,178464.22,188485.9
A0005790,2026-01,188485.9,58259.88,22850.31,223895.47
A0005790,2026-02,223895.47,66290.4,69331.91,220853.96
A0005790,2026-03,220853.96,171666.12,38023.76,354496.32
A0005790,2026-04,354496.32,39357.63,29323.73,364530.22
A0005790,2026-05,364530.22,51032.47,39190.82,376371.87
A0005790,2026-06,376371.87,50884.76,54461.89,372794.74
A0005790,2026-07,372794.74,58392.27,21414.01,409773.0
A0005790,2026-08,409773.0,98898.36,82895.08,425776.28
A0005790,2026-09,425776.28,72295.14,216234.36,281837.06
A0005790,2026-10,281837.06,78914.89,29534.26,331217.69
A0005790,2026-11,331217.69,40336.68,56434.71,315119.66
A0005790,2026-12,315119.66,47783.66,105904.02,256999.3
A0005820,2021-01,318916.38,46797.58,33954.57,331759.39
A0005820,2021-02,331759.39,13916.67,200798.86,144877.2
A0005820,2021-03,144877.2,22286.08,165001.23,2162.05
A0005820,2021-04,2162.05,145836.0,37131.58,110866.47
A0005820,2021-05,110866.47,37448.01,84512.12,63802.36
A0005820,2021-06,63802.36,2646.85,22195.04,44254.17
A0005820,2021-07,44254.17,0.0,30914.36,13339.81
A0005820,2021-08,13339.81,33810.63,19562.55,27587.89
A0005820,2021-09,27587.89,78252.35,51170.34,54669.9
A0005820,2021-10,54669.9,22001.31,63202.09,13469.12
A0005820,2021-11,13469.12,36797.53,34585.77,15680.88
A0005820,2021-12,15680.88,89917.15,28418.1,77179.93
A0005820,2022-01,77179.93,67626.73,69098.9,75707.76
A0005820,2022-02,75707.76,40417.75,62470.75,53654.76
A0005820,2022-03,53654.76,494418.57,174336.85,373736.48
A0005820,2022-04,373736.48,40735.2,8173.9,406297.78
A0005820,2022-05,406297.78,71806.09,20564.55,457539.32
A0005820,2022-06,457539.32,225685.22,18281.1,664943.44
A0005820,2022-07,664943.44,259175.38,117032.39,807086.43
A0005820,2022-08,807086.43,262851.31,6400.35,1063537.39
A0005820,2022-09,1063537.39,0.0,217208.79,846328.6
A0005820,2022-10,846328.6,273421.05,188189.47,931560.18
A0005820,2022-11,931560.18,64084.67,182693.76,812951.09
A0005820,2022-12,812951.09,45707.68,262078.43,596580.34
A0005820,2023-01,596580.34,34415.24,80645.33,550350.25
A0005820,2023-02,550350.25,35253.51,34594.49,551009.27
A0005820,2023-03,551009.27,65679.8,263931.22,352757.85
A0005820,2023-04,352757.85,65340.94,215520.15,202578.64
A0005820,2023-05,202578.64,67649.82,162613.27,107615.19
A0005820,2023-06,107615.19,2443.61,28859.73,81199.07
A0005820,2023-07,81199.07,108619.78,30067.89,159750.96
A0005820,2023-08,159750.96,84088.9,240741.52,3098.34
A0005820,2023-09,3098.34,23219.84,3714.48,22603.7
A0005820,2023-10,22603.7,47424.95,25553.83,44474.82
A0005820,2023-11,44474.82,135411.48,77951.59,101934.71
A0005820,2023-12,101934.71,87793.31,64369.95,125358.07
A0005820,2024-01,125358.07,64182.18,99264.29,90275.96
A0005820,2024-02,90275.96,179043.39,93671.13,175648.22
A0005820,2024-03,175648.22,0.0,31126.99,144521.23
A0005820,2024-04,144521.23,190300.22,102772.07,232049.38
A0005820,2024-05,232049.38,37740.62,14527.28,255262.72
A0005820,2024-06,255262.72,75184.22,252674.24,77772.7
A0005820,2024-07,77772.7,76872.31,12135.17,142509.84
A0005820,2024-08,142509.84,48479.95,116877.98,74111.81
A0005820,2024-09,74111.81,223791.17,160814.56,137088.42
A0005820,2024-10,137088.42,77502.91,146742.5,67848.83
A0005820,2024-11,67848.83,59400.82,78187.68,49061.97
A0005820,2024-12,49061.97,56204.1,97276.55,7989.52
A0005820,2025-01,7989.52,94740.82,62015.33,40715.01
A0005820,2025-02,40715.01,58757.17,41482.12,57990.06
A0005820,2025-03,57990.06,18187.41,30414.29,45763.18
A0005820,2025-04,45763.18,161133.56,59981.55,146915.19
A0005820,2025-05,146915.19,91592.35,184138.44,54369.1
A0005820,2025-06,54369.1,50464.27,91516.84,13316.53
A0005820,2025-07,13316.53,218184.97,74311.46,157190.04
A0005820,2025-08,157190.04,18926.77,91662.87,84453.94
A0005820,2025-09,84453.94,0.0,78539.59,5914.35
A0005820,2025-10,5914.35,39265.3,32607.8,12571.85
A0005820,2025-11,12571.85,78958.78,28813.64,62716.99
A0005820,2025-12,62716.99,38661.23,50553.36,50824.86
A0005820,2026-01,50824.86,336351.1,22047.56,365128.4
A0005820,2026-02,365128.4,0.0,193026.09,172102.31
A0005820,2026-03,172102.31,25510.68,97442.05,100170.94
A0005820,2026-04,100170.94,44201.5,127731.52,16640.92
A0005820,2026-05,16640.92,70764.29,87182.51,222.7
A0005820,2026-06,222.7,296111.41,104901.82,191432.29
A0005820,2026-07,191432.29,81401.51,214207.13,58626.67
A0005820,2026-08,58626.67,105880.57,127964.17,36543.07
A0005820,2026-09,36543.07,0.0,5836.17,30706.9
A0005820,2026-10,30706.9,60669.13,63772.63,27603.4
A0005820,2026-11,27603.4,29819.54,36124.6,21298.34
A0005820,2026-12,21298.34,16428.92,22524.99,15202.27
A0005950,2021-01,78061.18,6491.74,22185.78,62367.14
A0005950,2021-02,62367.14,22014.72,25321.13,59060.73
A0005950,2021-03,59060.73,46445.83,64210.84,41295.72
A0005950,2021-04,41295.72,9345.14,41042.5,9598.36
A0005950,2021-05,9598.36,40735.22,6515.64,43817.94
A0005950,2021-06,43817.94,63037.67,19461.02,87394.59
A0005950,2021-07,87394.59,42984.64,88637.54,41741.69
A0005950,2021-08,41741.69,16216.99,17102.36,40856.32
A0005950,2021-09,40856.32,14187.8,11851.73,43192.39
A0005950,2021-10,43192.39,28573.13,30761.38,41004.14
A0005950,2021-11,41004.14,875.21,13268.6,28610.75
A0005950,2021-12,28610.75,5301.05,20201.84,13709.96
A0005950,2022-01,13709.96,8207.14,7650.74,14266.36
A0005950,2022-02,14266.36,48710.76,11656.69,51320.43
A0005950,2022-03,51320.43,9277.38,37176.85,23420.96
A0005950,2022-04,23420.96,18596.96,38992.9,3025.02
A0005950,2022-05,3025.02,4791.2,1693.92,6122.3
A0005950,2022-06,6122.3,24008.73,23809.01,6322.02
A0005950,2022-07,6322.02,36102.22,3693.3,38730.94
A0005950,2022-08,38730.94,95157.3,27691.97,106196.27
A0005950,2022-09,106196.27,8154.96,13626.25,100724.98
A0005950,2022-10,100724.98,11969.9,19367.25,93327.63
A0005950,2022-11,93327.63,66239.84,16712.68,142854.79
A0005950,2022-12,142854.79,17320.4,39389.6,120785.59
A0005950,2023-01,120785.59,0.0,11424.62,109360.97
A0005950,2023-02,109360.97,168658.68,19090.26,258929.39
A0005950,2023-03,258929.39,5573.81,26451.95,238051.25
A0005950,2023-04,238051.25,8350.47,18370.6,228031.12
A0005950,2023-05,228031.12,102950.65,4307.19,326674.58
A0005950,2023-06,326674.58,11399.36,15635.9,322438.04
A0005950,2023-07,322438.04,19719.59,33953.56,308204.07
A0005950,2023-08,308204.07,9615.33,26878.09,290941.31
A0005950,2023-09,290941.31,33533.7,55381.31,269093.7
A0005950,2023-10,269093.7,4656.33,13903.93,259846.1
A0005950,2023-11,259846.1,40260.9,50036.88,250070.12
A0005950,2023-12,250070.12,27872.16,10967.52,266974.76
A0005950,2024-01,266974.76,22761.43,44129.19,245607.0
A0005950,2024-02,245607.0,0.0,0.0,245607.0
A0005950,2024-03,245607.0,76332.74,26497.08,295442.66
A0005950,2024-04,295442.66,19292.77,41528.16,273207.27
A0005950,2024-05,273207.27,46883.6,67038.29,253052.58
A0005950,2024-06,253052.58,15549.53,48220.34,220381.77
A0005950,2024-07,220381.77,42905.35,55529.98,207757.14
A0005950,2024-08,207757.14,55032.31,10552.77,252236.68
A0005950,2024-09,252236.68,54583.54,19992.02,286828.2
A0005950,2024-10,286828.2,70644.22,18515.41,338957.01
A0005950,2024-11,338957.01,109436.16,81203.24,367189.93
A0005950,2024-12,367189.93,18150.1,31985.68,353354.35
A0005950,2025-01,353354.35,39878.25,122767.31,270465.29
A0005950,2025-02,270465.29,20625.21,5715.8,285374.7
A0005950,2025-03,285374.7,30570.2,39022.25,276922.65
A0005950,2025-04,276922.65,25189.12,81566.47,220545.3
A0005950,2025-05,220545.3,98992.86,49492.98,270045.18
A0005950,2025-06,270045.18,30085.43,69840.28,230290.33
A0005950,2025-07,230290.33,9236.35,30443.97,209082.71
A0005950,2025-08,209082.71,48668.04,26606.19,231144.56
A0005950,2025-09,231144.56,21653.75,61788.12,191010.19
A0005950,2025-10,191010.19,214271.85,36275.48,369006.56
A0005950,2025-11,369006.56,36412.21,24540.6,380878.17
A0005950,2025-12,380878.17,30164.34,48572.92,362469.59
A0005950,2026-01,362469.59,44056.42,56735.99,349790.02
A0005950,2026-02,349790.02,82226.51,40296.78,391719.75
A0005950,2026-03,391719.75,86238.2,16101.12,461856.83
A0005950,2026-04,461856.83,109947.11,65465.18,506338.76
A0005950,2026-05,506338.76,57615.44,106678.91,457275.29
A0005950,2026-06,457275.29,93761.25,61518.83,489517.71
A0005950,2026-07,489517.71,125879.21,27299.34,588097.58
A0005950,2026-08,588097.58,7085.63,58281.94,536901.27
A0005950,2026-09,536901.27,15368.06,42493.03,509776.3
A0005950,2026-10,509776.3,25054.95,233576.49,301254.76
A0005950,2026-11,301254.76,118742.85,45924.85,374072.76
A0005950,2026-12,374072.76,108349.29,14144.01,468278.04
A0006611,2021-01,35301.56,52125.48,77675.28,9751.76
A0006611,2021-02,9751.76,193405.06,59315.75,143841.07
A0006611,2021-03,143841.07,36329.88,67311.61,112859.34
A0006611,2021-04,112859.34,65344.47,40443.4,137760.41
A0006611,2021-05,137760.41,59004.64,87564.26,109200.79
A0006611,2021-06,109200.79,60341.43,126549.3,42992.92
A0006611,2021-07,42992.92,104955.29,64123.62,83824.59
A0006611,2021-08,83824.59,121345.81,78557.17,126613.23
A0006611,2021-09,126613.23,121584.25,65559.8,182637.68
A0006611,2021-10,182637.68,0.0,74801.05,107836.63
A0006611,2021-11,107836.63,135005.55,186733.39,56108.79
A0006611,2021-12,56108.79,111383.0,115545.72,51946.07
A0006611,2022-01,51946.07,64255.25,41868.8,74332.52
A0006611,2022-02,74332.52,65311.52,110845.38,28798.66
A0006611,2022-03,28798.66,288243.88,106182.74,210859.8
A0006611,2022-04,210859.8,171768.94,207231.5,175397.24
A0006611,2022-05,175397.24,6434.63,119001.02,62830.85
A0006611,2022-06,62830.85,13962.4,63168.47,13624.78
A0006611,2022-07,13624.78,145281.03,10841.13,148064.68
A0006611,2022-08,148064.68,250273.77,180803.29,217535.16
A0006611,2022-09,217535.16,247490.12,62497.6,402527.68
A0006611,2022-10,402527.68,106617.69,154062.74,355082.63
A0006611,2022-11,355082.63,68799.18,116337.96,307543.85
A0006611,2022-12,307543.85,93701.25,93911.52,307333.58
A0006611,2023-01,307333.58,52498.23,117033.5,242798.31
A0006611,2023-02,242798.31,161692.81,116014.36,288476.76
A0006611,2023-03,288476.76,31600.19,167576.5,152500.45
A0006611,2023-04,152500.45,104302.05,79547.81,177254.69
A0006611,2023-05,177254.69,52508.71,130500.54,99262.86
A0006611,2023-06,99262.86,109872.63,130607.53,78527.96
A0006611,2023-07,78527.96,67906.3,117708.31,28725.95
A0006611,2023-08,28725.95,110632.65,51607.31,87751.29
A0006611,2023-09,87751.29,110398.57,114550.47,83599.39
A0006611,2023-10,83599.39,385595.26,119955.89,349238.76
A0006611,2023-11,349238.76,51284.23,81801.53,318721.46
A0006611,2023-12,318721.46,94423.74,153246.35,259898.85
A0006611,2024-01,259898.85,41092.42,172709.7,128281.57
A0006611,2024-02,128281.57,24849.17,123795.97,29334.77
A0006611,2024-03,29334.77,353247.13,155613.88,226968.02
A0006611,2024-04,226968.02,181540.43,103113.92,305394.53
A0006611,2024-05,305394.53,139307.78,294221.04,150481.27
A0006611,2024-06,150481.27,85085.81,79128.86,156438.22
A0006611,2024-07,156438.22,10021.3,145432.84,21026.68
A0006611,2024-08,21026.68,313682.67,172677.58,162031.77
A0006611,2024-09,162031.77,182740.98,120362.16,224410.59
A0006611,2024-10,224410.59,104814.49,158968.49,170256.59
A0006611,2024-11,170256.59,104433.35,212789.83,61900.11
A0006611,2024-12,61900.11,242433.08,137645.64,166687.55
A0006611,2025-01,166687.55,22595.56,187759.82,1523.29
A0006611,2025-02,1523.29,13329697.48,147579.25,13183641.52
A0006611,2025-03,13183641.52,29012.62,161328.27,13051325.87
A0006611,2025-04,13051325.87,187103.72,474529.81,12763899.78
A0006611,2025-05,12763899.78,88756.6,156105.55,12696550.83
A0006611,2025-06,12696550.83,14493.62,466705.37,12244339.08
A0006611,2025-07,12244339.08,270498.42,285833.05,12229004.45
A0006611,2025-08,12229004.45,67440.21,333820.83,11962623.83
A0006611,2025-09,11962623.83,77064.36,453200.56,11586487.63
A0006611,2025-10,11586487.63,57044.81,293863.92,11349668.52
A0006611,2025-11,11349668.52,63824.28,356772.08,11056720.72
A0006611,2025-12,11056720.72,48561.92,258428.05,10846854.59
A0006611,2026-01,10846854.59,80437.77,109462.85,10817829.51
A0006611,2026-02,10817829.51,93940.05,299453.34,10612316.22
A0006611,2026-03,10612316.22,49044.78,396488.43,10264872.57
A0006611,2026-04,10264872.57,134690.92,315253.28,10084310.21
A0006611,2026-05,10084310.21,852512.1,499234.2,10437588.11
A0006611,2026-06,10437588.11,246777.44,364790.69,10319574.86
A0006611,2026-07,10319574.86,419928.14,344528.24,10394974.76
A0006611,2026-08,10394974.76,299605.81,173468.73,10521111.84
A0006611,2026-09,10521111.84,14659.33,254364.02,10281407.15
A0006611,2026-10,10281407.15,163342.99,155680.86,10289069.28
A0006611,2026-11,10289069.28,108278.73,422721.91,9974626.1
A0006611,2026-12,9974626.1,40250.32,414569.89,9600306.53
A0006612,2021-01,324.02,103.47,73.0,354.49
A0006612,2021-02,354.49,384.39,87.01,651.87
A0006612,2021-03,651.87,47.59,0.0,699.46
A0006612,2021-04,699.46,6.21,0.0,705.67
A0006612,2021-05,705.67,329.35,138.28,896.74
A0006612,2021-06,896.74,287.25,0.0,1183.99
A0006612,2021-07,1183.99,43.0,143.26,1083.73
A0006612,2021-08,1083.73,33.92,975.08,142.57
A0006612,2021-09,142.57,78.04,43.42,177.19
A0006612,2021-10,177.19,266.01,0.0,443.2
A0006612,2021-11,443.2,625.91,99.93,969.18
A0006612,2021-12,969.18,113.85,273.1,809.93
A0006612,2022-01,809.93,249.08,27.79,1031.22
A0006612,2022-02,1031.22,280.4,180.47,1131.15
A0006612,2022-03,1131.15,0.0,82.25,1048.9
A0006612,2022-04,1048.9,848.49,18.71,1878.68
A0006612,2022-05,1878.68,333.78,993.74,1218.72
A0006612,2022-06,1218.72,321.85,0.0,1540.57
A0006612,2022-07,1540.57,145.75,332.29,1354.03
A0006612,2022-08,1354.03,0.0,0.0,1354.03
A0006612,2022-09,1354.03,213.56,558.88,1008.71
A0006612,2022-10,1008.71,0.0,813.08,195.63
A0006612,2022-11,195.63,139.72,0.0,335.35
A0006612,2022-12,335.35,773.88,41.93,1067.3
A0006612,2023-01,1067.3,0.0,138.47,928.83
A0006612,2023-02,928.83,1299.51,106.34,2122.0
A0006612,2023-03,2122.0,129.4,469.64,1781.76
A0006612,2023-04,1781.76,0.0,0.0,1781.76
A0006612,2023-05,1781.76,746.58,116.01,2412.33
A0006612,2023-06,2412.33,0.0,0.0,2412.33
A0006612,2023-07,2412.33,291.85,159.24,2544.94
A0006612,2023-08,2544.94,436.84,208.08,2773.7
A0006612,2023-09,2773.7,189.23,290.94,2671.99
A0006612,2023-10,2671.99,204.25,277.74,2598.5
A0006612,2023-11,2598.5,389.49,595.93,2392.06
A0006612,2023-12,2392.06,580.21,726.82,2245.45
A0006612,2024-01,2245.45,0.0,1166.04,1079.41
A0006612,2024-02,1079.41,103.65,57.85,1125.21
A0006612,2024-03,1125.21,0.0,98.98,1026.23
A0006612,2024-04,1026.23,6017.72,0.0,7043.95
A0006612,2024-05,7043.95,0.0,0.0,7043.95
A0006612,2024-06,7043.95,118557.44,189.54,125411.85
A0006612,2024-07,125411.85,755.7,69586.74,56580.81
A0006612,2024-08,56580.81,751.48,477.44,56854.85
A0006612,2024-09,56854.85,664.73,509.47,57010.11
A0006612,2024-10,57010.11,731.78,850.26,56891.63
A0006612,2024-11,56891.63,258.63,99.38,57050.88
A0006612,2024-12,57050.88,513.74,720.74,56843.88
A0006612,2025-01,56843.88,501.49,583.85,56761.52
A0006612,2025-02,56761.52,117.04,755.22,56123.34
A0006612,2025-03,56123.34,274.75,0.0,56398.09
A0006612,2025-04,56398.09,0.0,0.0,56398.09
A0006612,2025-05,56398.09,229.23,112.91,56514.41
A0006612,2025-06,56514.41,278.41,129.95,56662.87
A0006612,2025-07,56662.87,64.36,721.15,56006.08
A0006612,2025-08,56006.08,612.86,5350.15,51268.79
A0006612,2025-09,51268.79,0.0,386.46,50882.33
A0006612,2025-10,50882.33,0.0,0.0,50882.33
A0006612,2025-11,50882.33,0.0,0.0,50882.33
A0006612,2025-12,50882.33,0.0,388.27,50494.06
A0006612,2026-01,50494.06,187.93,5354.06,45327.93
A0006612,2026-02,45327.93,20109.59,0.0,65437.52
A0006612,2026-03,65437.52,59.11,0.0,65496.63
A0006612,2026-04,65496.63,63.5,48.1,65512.03
A0006612,2026-05,65512.03,930.33,484.47,65957.89
A0006612,2026-06,65957.89,556.69,630.4,65884.18
A0006612,2026-07,65884.18,449.48,66.54,66267.12
A0006612,2026-08,66267.12,1428.19,924.88,66770.43
A0006612,2026-09,66770.43,230.71,0.0,67001.14
A0006612,2026-10,67001.14,202.43,0.0,67203.57
A0006612,2026-11,67203.57,76.69,17685.88,49594.38
A0006612,2026-12,49594.38,460.54,758.69,49296.23
A0006780,2021-01,7762.82,60225.41,7013.87,60974.36
A0006780,2021-02,60974.36,43505.94,68507.1,35973.2
A0006780,2021-03,35973.2,44939.12,54802.61,26109.71
A0006780,2021-04,26109.71,102842.53,15274.03,113678.21
A0006780,2021-05,113678.21,30594.62,39168.77,105104.06
A0006780,2021-06,105104.06,28210.92,114759.04,18555.94
A0006925,2021-01,711.04,1484.96,55.41,2140.59
A0006925,2021-02,2140.59,0.0,0.0,2140.59
A0006925,2021-03,2140.59,247.4,0.0,2387.99
A0006925,2021-04,2387.99,804.16,66.73,3125.42
A0006925,2021-05,3125.42,461.15,0.0,3586.57
A0006925,2021-06,3586.57,232.73,777.56,3041.74
A0006925,2021-07,3041.74,861.89,99.48,3804.15
A0006925,2021-08,3804.15,0.0,390.88,3413.27
A0006925,2021-09,3413.27,540.32,449.54,3504.05
A0006925,2021-10,3504.05,3290.83,4874.69,1920.19
A0006926,2021-01,195542.38,18337.52,12540.4,201339.5
A0006926,2021-02,201339.5,17595.33,63046.71,155888.12
A0006926,2021-03,155888.12,48711.39,17624.47,186975.04
A0006926,2021-04,186975.04,37383.04,22038.85,202319.23
A0006926,2021-05,202319.23,102065.47,46418.03,257966.67
A0006926,2021-06,257966.67,28367.56,18518.95,267815.28
A0006926,2021-07,267815.28,21163.51,17359.28,271619.51
A0006926,2021-08,271619.51,33632.15,5305.96,299945.7
A0006926,2021-09,299945.7,24890.39,8932.31,315903.78
A0006926,2021-10,315903.78,18311.75,21227.99,312987.54
A0006926,2021-11,312987.54,9695.9,41253.63,281429.81
A0006926,2021-12,281429.81,78207.94,43761.62,315876.13
A0006926,2022-01,315876.13,12567.84,28510.46,299933.51
A0006926,2022-02,299933.51,50046.18,10451.05,339528.64
A0006926,2022-03,339528.64,37081.49,17904.68,358705.45
A0006926,2022-04,358705.45,69969.32,38996.06,389678.71
A0006926,2022-05,389678.71,45437.97,51982.74,383133.94
A0006926,2022-06,383133.94,0.0,11102.71,372031.23
A0006926,2022-07,372031.23,95218.16,7286.43,459962.96
A0006926,2022-08,459962.96,80675.73,55424.71,485213.98
A0006926,2022-09,485213.98,97385.5,230732.51,351866.97
A0006926,2022-10,351866.97,19434.7,11631.54,359670.13
A0006926,2022-11,359670.13,10517.29,1979.44,368207.98
A0006926,2022-12,368207.98,22604.09,69257.97,321554.1
A0006926,2023-01,321554.1,7123.6,14390.93,314286.77
A0006926,2023-02,314286.77,37753.76,38336.83,313703.7
A0006926,2023-03,313703.7,0.0,1781.31,311922.39
A0006926,2023-04,311922.39,22309.0,68613.58,265617.81
A0006926,2023-05,265617.81,16530.79,19098.35,263050.25
A0006926,2023-06,263050.25,49866.08,59119.05,253797.28
A0006926,2023-07,253797.28,18083.41,0.0,271880.69
A0006926,2023-08,271880.69,84041.87,32523.85,323398.71
A0006926,2023-09,323398.71,0.0,998.58,322400.13
A0006926,2023-10,322400.13,15470.8,95063.68,242807.25
A0006926,2023-11,242807.25,73639.87,61444.52,255002.6
A0006926,2023-12,255002.6,37633.21,12253.01,280382.8
A0006926,2024-01,280382.8,8021.82,72653.21,215751.41
A0006926,2024-02,215751.41,53810.92,228367.21,41195.12
A0006926,2024-03,41195.12,19684.36,34182.99,26696.49
A0006926,2024-04,26696.49,47586.9,39685.81,34597.58
A0006926,2024-05,34597.58,11676.42,0.0,46274.0
A0006926,2024-06,46274.0,59087.01,60599.47,44761.54
A0006926,2024-07,44761.54,249767.51,121780.42,172748.63
A0006926,2024-08,172748.63,67682.95,11450.46,228981.12
A0006926,2024-09,228981.12,14511.12,11809.01,231683.23
A0006926,2024-10,231683.23,16696.56,24221.1,224158.69
A0006926,2024-11,224158.69,2540.7,91206.13,135493.26
A0006926,2024-12,135493.26,29511.21,32521.33,132483.14
A0006926,2025-01,132483.14,0.0,56084.13,76399.01
A0006926,2025-02,76399.01,6301.19,12595.01,70105.19
A0006926,2025-03,70105.19,135072.22,63160.02,142017.39
A0006926,2025-04,142017.39,128625.43,208076.38,62566.44
A0006926,2025-05,62566.44,0.0,61589.52,976.92
A0006926,2025-06,976.92,31701.04,6126.41,26551.55
A0006926,2025-07,26551.55,42038.25,54943.05,13646.75
A0006926,2025-08,13646.75,952.13,14377.56,221.32
A0006926,2025-09,221.32,11276.3,0.0,11497.62
A0006926,2025-10,11497.62,64119.33,29710.64,45906.31
A0006926,2025-11,45906.31,10006.36,16844.64,39068.03
A0006926,2025-12,39068.03,81249.38,6368.91,113948.5
A0006926,2026-01,113948.5,0.0,6102.39,107846.11
A0006926,2026-02,107846.11,3770.74,98382.2,13234.65
A0006926,2026-03,13234.65,77649.59,9911.21,80973.03
A0006926,2026-04,80973.03,4924.2,0.0,85897.23
A0006926,2026-05,85897.23,61350.83,0.0,147248.06
A0006926,2026-06,147248.06,63347.56,0.0,210595.62
A0006926,2026-07,210595.62,41807.68,60285.7,192117.6
A0006926,2026-08,192117.6,49296.37,10443.19,230970.78
A0006926,2026-09,230970.78,37012.88,6559.05,261424.61
A0006926,2026-10,261424.61,7559.32,36575.02,232408.91
A0006926,2026-11,232408.91,36834.75,73335.18,195908.48
A0006926,2026-12,195908.48,62208.36,35678.74,222438.1
A0006927,2021-01,69781.72,58825.93,17279.45,111328.2
A0006927,2021-02,111328.2,2342.44,59083.08,54587.56
A0006927,2021-03,54587.56,52949.1,33625.07,73911.59
A0006927,2021-04,73911.59,53362.78,15987.91,111286.46
A0006927,2021-05,111286.46,237573.37,11099.05,337760.78
A0006927,2021-06,337760.78,2645.52,35388.06,305018.24
A0006927,2021-07,305018.24,16509.52,34532.72,286995.04
A0006927,2021-08,286995.04,21298.06,10788.7,297504.4
A0006927,2021-09,297504.4,64169.56,23586.84,338087.12
A0006927,2021-10,338087.12,107451.84,40357.88,405181.08
A0006927,2021-11,405181.08,70773.41,58672.06,417282.43
A0006927,2021-12,417282.43,22902.74,37295.74,402889.43
A0006927,2022-01,402889.43,23142.56,25441.95,400590.04
A0006927,2022-02,400590.04,81873.86,43553.42,438910.48
A0006927,2022-03,438910.48,15496.42,46347.33,408059.57
A0006927,2022-04,408059.57,131624.83,86385.71,453298.69
A0006927,2022-05,453298.69,23757.24,4129.11,472926.82
A0006927,2022-06,472926.82,69573.63,0.0,542500.45
A0006927,2022-07,542500.45,6698.72,51035.14,498164.03
A0006927,2022-08,498164.03,25228.77,1034.68,522358.12
A0006927,2022-09,522358.12,0.0,35376.66,486981.46
A0006927,2022-10,486981.46,19616.72,11734.92,494863.26
A0006927,2022-11,494863.26,9189.53,58108.09,445944.7
A0006927,2022-12,445944.7,89631.87,55665.05,479911.52
A0006927,2023-01,479911.52,36248.65,12981.65,503178.52
A0006927,2023-02,503178.52,12467.72,9956.0,505690.24
A0006927,2023-03,505690.24,93453.77,45308.09,553835.92
A0006927,2023-04,553835.92,24215.99,10218.6,567833.31
A0006927,2023-05,567833.31,16333.09,56766.38,527400.02
A0006927,2023-06,527400.02,37377.83,14040.23,550737.62
A0006927,2023-07,550737.62,43848.41,18296.26,576289.77
A0006927,2023-08,576289.77,97622.82,9224.44,664688.15
A0006927,2023-09,664688.15,0.0,995.02,663693.13
A0006927,2023-10,663693.13,57840.21,12413.19,709120.15
A0006927,2023-11,709120.15,0.0,9491.84,699628.31
A0006927,2023-12,699628.31,21343.11,29525.58,691445.84
A0006927,2024-01,691445.84,18131.04,47218.29,662358.59
A0006927,2024-02,662358.59,93105.63,26314.91,729149.31
A0006927,2024-03,729149.31,84688.92,59935.14,753903.09
A0006927,2024-04,753903.09,21820.98,5197.06,770527.01
A0006927,2024-05,770527.01,41407.89,63049.67,748885.23
A0006927,2024-06,748885.23,93554.37,20079.15,822360.45
A0006927,2024-07,822360.45,0.0,2760.33,819600.12
A0006927,2024-08,819600.12,62222.36,82452.09,799370.39
A0006927,2024-09,799370.39,100167.64,7671.63,891866.4
A0006927,2024-10,891866.4,9993.54,115658.05,786201.89
A0006927,2024-11,786201.89,17862.42,520004.71,284059.6
A0006927,2024-12,284059.6,70583.4,18784.99,335858.01
A0006927,2025-01,335858.01,82117.98,24698.24,393277.75
A0006927,2025-02,393277.75,12628.81,34090.79,371815.77
A0006927,2025-03,371815.77,78097.18,116987.34,332925.61
A0006927,2025-04,332925.61,56657.49,34032.86,355550.24
A0006927,2025-05,355550.24,31414.92,23513.37,363451.79
A0006927,2025-06,363451.79,29100.44,10865.93,381686.3
A0006927,2025-07,381686.3,19481.52,0.0,401167.82
A0006927,2025-08,401167.82,88668.32,4799.64,485036.5
A0006927,2025-09,485036.5,27320.04,54972.96,457383.58
A0006927,2025-10,457383.58,53982.36,65198.87,446167.07
A0006927,2025-11,446167.07,25635.79,19416.94,452385.92
A0006927,2025-12,452385.92,27631.4,95546.63,384470.69
A0006927,2026-01,384470.69,23737.58,0.0,408208.27
A0006927,2026-02,408208.27,36326.25,30677.64,413856.88
A0006927,2026-03,413856.88,0.0,3038.78,410818.1
A0006927,2026-04,410818.1,127042.75,221080.53,316780.32
A0006927,2026-05,316780.32,0.0,3910.64,312869.68
A0006927,2026-06,312869.68,31546.18,3002.34,341413.52
A0006927,2026-07,341413.52,44244.21,98823.07,286834.66
A0006927,2026-08,286834.66,12991.6,87452.26,212374.0
A0006927,2026-09,212374.0,40155.88,190021.76,62508.12
A0006927,2026-10,62508.12,91321.29,33667.73,120161.68
A0006927,2026-11,120161.68,53797.2,3076.84,170882.04
A0006927,2026-12,170882.04,32403.43,37273.59,166011.88
A0006928,2021-01,3903.59,36072.95,22524.63,17451.91
A0006928,2021-02,17451.91,179507.76,81650.45,115309.22
A0006928,2021-03,115309.22,52896.23,51547.1,116658.35
A0006928,2021-04,116658.35,70438.77,41727.86,145369.26
A0006928,2021-05,145369.26,88680.21,64317.7,169731.77
A0006928,2021-06,169731.77,4522.51,141725.43,32528.85
A0006928,2021-07,32528.85,81154.05,106836.65,6846.25
A0006928,2021-08,6846.25,173437.6,48038.78,132245.07
A0006928,2021-09,132245.07,18047.08,99917.96,50374.19
A0006928,2021-10,50374.19,68970.65,15602.37,103742.47
A0006928,2021-11,103742.47,25221.91,38927.06,90037.32
A0006928,2021-12,90037.32,85196.1,138125.44,37107.98
A0006928,2022-01,37107.98,117516.26,5878.04,148746.2
A0006928,2022-02,148746.2,145919.35,174350.67,120314.88
A0006928,2022-03,120314.88,103041.99,107232.03,116124.84
A0006928,2022-04,116124.84,18595.81,129180.15,5540.5
A0006928,2022-05,5540.5,176862.37,74614.87,107788.0
A0006928,2022-06,107788.0,77450.94,125404.93,59834.01
A0006928,2022-07,59834.01,76451.39,71411.29,64874.11
A0006928,2022-08,64874.11,165692.9,34497.24,196069.77
A0006928,2022-09,196069.77,141947.5,235212.69,102804.58
A0006928,2022-10,102804.58,115795.88,201543.06,17057.4
A0006928,2022-11,17057.4,189622.76,65096.77,141583.39
A0006928,2022-12,141583.39,609695.03,80071.02,671207.4
A0006928,2023-01,671207.4,162653.81,138662.37,695198.84
A0006928,2023-02,695198.84,144258.28,219235.87,620221.25
A0006928,2023-03,620221.25,98792.55,157667.4,561346.4
A0006928,2023-04,561346.4,143071.54,128920.37,575497.57
A0006928,2023-05,575497.57,0.0,23455.33,552042.24
A0006928,2023-06,552042.24,88046.99,50755.3,589333.93
A0006928,2023-07,589333.93,189297.09,110081.73,668549.29
A0006928,2023-08,668549.29,152376.89,491269.35,329656.83
A0006928,2023-09,329656.83,118109.07,215219.53,232546.37
A0006928,2023-10,232546.37,297951.0,53627.55,476869.82
A0006928,2023-11,476869.82,56557.44,172432.76,360994.5
A0006928,2023-12,360994.5,273684.38,41115.29,593563.59
A0006928,2024-01,593563.59,131382.69,192740.83,532205.45
A0006928,2024-02,532205.45,194006.65,174369.44,551842.66
A0006928,2024-03,551842.66,109967.37,162483.66,499326.37
A0006928,2024-04,499326.37,75961.16,198904.41,376383.12
A0006928,2024-05,376383.12,133766.03,55405.45,454743.7
A0006928,2024-06,454743.7,262012.94,122014.01,594742.63
A0006928,2024-07,594742.63,121028.29,148481.06,567289.86
A0006928,2024-08,567289.86,77880.52,135243.76,509926.62
A0006928,2024-09,509926.62,305140.62,21987.16,793080.08
A0006928,2024-10,793080.08,134042.07,148258.53,778863.62
A0006928,2024-11,778863.62,168585.26,121753.44,825695.44
A0006928,2024-12,825695.44,188482.45,96349.08,917828.81
A0006928,2025-01,917828.81,82286.29,20211.82,979903.28
A0006928,2025-02,979903.28,96571.78,138110.3,938364.76
A0006928,2025-03,938364.76,171248.23,158583.71,951029.28
A0006928,2025-04,951029.28,92377.31,306812.46,736594.13
A0006928,2025-05,736594.13,209603.79,72442.16,873755.76
A0006928,2025-06,873755.76,222146.41,107156.75,988745.42
A0006928,2025-07,988745.42,82549.46,27292.19,1044002.69
A0006928,2025-08,1044002.69,116749.71,165932.71,994819.69
A0006928,2025-09,994819.69,139791.25,149575.36,985035.58
A0006928,2025-10,985035.58,121226.86,336136.74,770125.7
A0006928,2025-11,770125.7,468432.53,510348.5,728209.73
A0006928,2025-12,728209.73,225952.11,180975.51,773186.33
A0006928,2026-01,773186.33,142403.05,641059.69,274529.69
A0006928,2026-02,274529.69,307345.49,44087.58,537787.6
A0006928,2026-03,537787.6,119651.67,210851.11,446588.16
A0006928,2026-04,446588.16,479771.45,554441.65,371917.96
A0006928,2026-05,371917.96,189102.97,147467.77,413553.16
A0006928,2026-06,413553.16,100159.44,234933.04,278779.56
A0006928,2026-07,278779.56,248194.2,117034.67,409939.09
A0006928,2026-08,409939.09,252171.68,296938.0,365172.77
A0006928,2026-09,365172.77,195710.59,331735.27,229148.09
A0006928,2026-10,229148.09,153740.65,87320.16,295568.58
A0006928,2026-11,295568.58,792070.28,490667.2,596971.66
A0007072,2021-01,14719.69,13412.25,16018.69,12113.25
A0007072,2021-02,12113.25,78449.32,33784.1,56778.47
A0007072,2021-03,56778.47,60493.33,53216.15,64055.65
A0007072,2021-04,64055.65,18686.42,82310.5,431.57
A0007072,2021-05,431.57,384911.66,39522.73,345820.5
A0007072,2021-06,345820.5,24446.27,1270.91,368995.86
A0007072,2021-07,368995.86,53954.45,27885.25,395065.06
A0007072,2021-08,395065.06,38666.81,41832.13,391899.74
A0007072,2021-09,391899.74,61826.4,319409.67,134316.47
A0007072,2021-10,134316.47,10710.21,44285.11,100741.57
A0007072,2021-11,100741.57,9914.15,39735.25,70920.47
A0007072,2021-12,70920.47,67820.44,76698.57,62042.34
A0007072,2022-01,62042.34,17143.19,68185.19,11000.34
A0007072,2022-02,11000.34,94003.12,16402.7,88600.76
A0007072,2022-03,88600.76,69290.37,8805.92,149085.21
A0007072,2022-04,149085.21,22983.97,22683.3,149385.88
A0007072,2022-05,149385.88,94966.31,70283.57,174068.62
A0007072,2022-06,174068.62,345483.8,191082.71,328469.71
A0007072,2022-07,328469.71,14457.2,34720.33,308206.58
A0007072,2022-08,308206.58,78958.69,251960.82,135204.45
A0007072,2022-09,135204.45,66723.53,91541.02,110386.96
A0007072,2022-10,110386.96,1397.58,22748.01,89036.53
A0007072,2022-11,89036.53,58547.16,77317.48,70266.21
A0007072,2022-12,70266.21,44507.1,49539.41,65233.9
A0007072,2023-01,65233.9,0.0,47759.64,17474.26
A0007072,2023-02,17474.26,97800.65,36050.1,79224.81
A0007072,2023-03,79224.81,41449.05,83014.93,37658.93
A0007072,2023-04,37658.93,80801.78,68410.37,50050.34
A0007072,2023-05,50050.34,19167.82,60450.91,8767.25
A0007072,2023-06,8767.25,59073.87,23243.01,44598.11
A0007072,2023-07,44598.11,207085.76,140690.33,110993.54
A0007072,2023-08,110993.54,87459.85,76387.74,122065.65
A0007072,2023-09,122065.65,38038.49,25927.25,134176.89
A0007072,2023-10,134176.89,38009.27,37406.87,134779.29
A0007072,2023-11,134779.29,0.0,49267.19,85512.1
A0007072,2023-12,85512.1,157350.72,63922.34,178940.48
A0007072,2024-01,178940.48,151418.93,230895.93,99463.48
A0007072,2024-02,99463.48,20776.18,14769.7,105469.96
A0007072,2024-03,105469.96,18249.75,116259.06,7460.65
A0007072,2024-04,7460.65,45863.25,37069.06,16254.84
A0007072,2024-05,16254.84,23702.07,33954.14,6002.77
A0007072,2024-06,6002.77,69576.8,49008.97,26570.6
A0007072,2024-07,26570.6,23278.2,36763.09,13085.71
A0007072,2024-08,13085.71,6761.53,19743.43,103.81
A0007072,2024-09,103.81,101308.55,89601.24,11811.12
A0007072,2024-10,11811.12,122703.97,32645.14,101869.95
A0007072,2024-11,101869.95,117381.57,123966.33,95285.19
A0007072,2024-12,95285.19,39784.85,38226.36,96843.68
A0007072,2025-01,96843.68,128408.16,45878.58,179373.26
A0007072,2025-02,179373.26,211817.24,19430.71,371759.79
A0007072,2025-03,371759.79,162324.32,169782.13,364301.98
A0007072,2025-04,364301.98,41968.46,83383.29,322887.15
A0007072,2025-05,322887.15,12961.24,128851.63,206996.76
A0007072,2025-06,206996.76,107515.24,109906.26,204605.74
A0007072,2025-07,204605.74,105087.33,35249.51,274443.56
A0007072,2025-08,274443.56,45276.21,50705.98,269013.79
A0007072,2025-09,269013.79,592658.98,51510.73,810162.04
A0007072,2025-10,810162.04,255580.23,370966.33,694775.94
A0007072,2025-11,694775.94,63204.18,119033.67,638946.45
A0007072,2025-12,638946.45,168339.33,47173.53,760112.25
A0007072,2026-01,760112.25,65472.57,186873.03,638711.79
A0007072,2026-02,638711.79,58948.85,65085.14,632575.5
A0007072,2026-03,632575.5,222437.48,95554.86,759458.12
A0007072,2026-04,759458.12,26512.65,25080.6,760890.17
A0007072,2026-05,760890.17,154911.76,209197.66,706604.27
A0007072,2026-06,706604.27,35728.19,131582.94,610749.52
A0007072,2026-07,610749.52,97021.31,109525.7,598245.13
A0007072,2026-08,598245.13,92282.33,79054.9,611472.56
A0007072,2026-09,611472.56,88384.73,48344.43,651512.86
A0007072,2026-10,651512.86,105504.89,161698.02,595319.73
A0007072,2026-11,595319.73,104958.22,424185.95,276092.0
A0007072,2026-12,276092.0,61934.64,79292.48,258734.16
A0007189,2021-01,8467.47,16942.32,13927.65,11482.14
A0007189,2021-02,11482.14,0.0,9255.54,2226.6
A0007189,2021-03,2226.6,93139.68,13738.49,81627.79
A0007189,2021-04,81627.79,33889.35,3846.83,111670.31
A0007189,2021-05,111670.31,7759.57,83763.1,35666.78
A0007189,2021-06,35666.78,26285.46,39473.69,22478.55
A0007189,2021-07,22478.55,98111.93,34315.5,86274.98
A0007189,2021-08,86274.98,49763.16,12935.72,123102.42
A0007189,2021-09,123102.42,60602.8,11197.8,172507.42
A0007189,2021-10,172507.42,12200.48,37145.54,147562.36
A0007189,2021-11,147562.36,0.0,2250.58,145311.78
A0007189,2021-12,145311.78,11106.09,10895.11,145522.76
A0007189,2022-01,145522.76,0.0,3824.1,141698.66
A0007189,2022-02,141698.66,6431.02,4885.68,143244.0
A0007189,2022-03,143244.0,24991.57,55402.43,112833.14
A0007189,2022-04,112833.14,82474.72,5482.03,189825.83
A0007189,2022-05,189825.83,70206.57,32745.54,227286.86
A0007189,2022-06,227286.86,0.0,0.0,227286.86
A0007189,2022-07,227286.86,24384.8,8656.55,243015.11
A0007189,2022-08,243015.11,17384.56,17934.04,242465.63
A0007189,2022-09,242465.63,26837.83,10087.82,259215.64
A0007189,2022-10,259215.64,7913.05,1478.3,265650.39
A0007189,2022-11,265650.39,14014.95,2782.3,276883.04
A0007189,2022-12,276883.04,61080.55,13182.08,324781.51
A0007189,2023-01,324781.51,20321.45,5491.78,339611.18
A0007189,2023-02,339611.18,4987.46,10903.74,333694.9
A0007189,2023-03,333694.9,20691.73,18034.76,336351.87
A0007189,2023-04,336351.87,30170.6,19448.16,347074.31
A0007189,2023-05,347074.31,8843.06,27973.24,327944.13
A0007189,2023-06,327944.13,113049.74,36021.61,404972.26
A0007189,2023-07,404972.26,25521.87,95946.89,334547.24
A0007189,2023-08,334547.24,23347.61,40137.53,317757.32
A0007189,2023-09,317757.32,7498.32,23194.75,302060.89
A0007189,2023-10,302060.89,16752.33,31323.55,287489.67
A0007189,2023-11,287489.67,5426.66,6063.2,286853.13
A0007189,2023-12,286853.13,76143.9,16214.67,346782.36
A0007189,2024-01,346782.36,50978.82,5888.55,391872.63
A0007189,2024-02,391872.63,2629.46,21658.57,372843.52
A0007189,2024-03,372843.52,0.0,15819.63,357023.89
A0007189,2024-04,357023.89,0.0,120588.13,236435.76
A0007189,2024-05,236435.76,194718.41,44913.54,386240.63
A0007189,2024-06,386240.63,42110.13,19871.43,408479.33
A0007189,2024-07,408479.33,33738.63,63266.62,378951.34
A0007189,2024-08,378951.34,45136.41,46616.51,377471.24
A0007189,2024-09,377471.24,25946.95,1908.97,401509.22
A0007189,2024-10,401509.22,29036.04,0.0,430545.26
A0007189,2024-11,430545.26,25010.74,28492.63,427063.37
A0007189,2024-12,427063.37,8852.92,4030.08,431886.21
A0007189,2025-01,431886.21,28956.26,25292.42,435550.05
A0007189,2025-02,435550.05,60229.58,78097.71,417681.92
A0007189,2025-03,417681.92,21361.18,2059.87,436983.23
A0007189,2025-04,436983.23,16757.01,50576.82,403163.42
A0007189,2025-05,403163.42,17613.53,0.0,420776.95
A0007189,2025-06,420776.95,31005.82,7643.85,444138.92
A0007189,2025-07,444138.92,56504.98,18679.54,481964.36
A0007189,2025-08,481964.36,53487.94,8095.89,527356.41
A0007189,2025-09,527356.41,0.0,60399.86,466956.55
A0007189,2025-10,466956.55,9590.68,40410.5,436136.73
A0007189,2025-11,436136.73,30468.12,0.0,466604.85
A0007189,2025-12,466604.85,75722.4,41689.56,500637.69
A0007189,2026-01,500637.69,33885.39,9434.85,525088.23
A0007189,2026-02,525088.23,85047.88,112872.41,497263.7
A0007189,2026-03,497263.7,31113.06,31472.89,496903.87
A0007189,2026-04,496903.87,116567.28,6002.01,607469.14
A0007189,2026-05,607469.14,140029.74,19776.51,727722.37
A0007189,2026-06,727722.37,16020.62,3752.3,739990.69
A0007189,2026-07,739990.69,0.0,4199.56,735791.13
A0007189,2026-08,735791.13,5438.96,22691.7,718538.39
A0007189,2026-09,718538.39,0.0,5420.89,713117.5
A0007189,2026-10,713117.5,114175.56,133352.15,693940.91
A0007189,2026-11,693940.91,0.0,210251.63,483689.28
A0007189,2026-12,483689.28,88278.82,5505.13,566462.97
A0007190,2021-01,14613.57,57258.65,22147.56,49724.66
A0007190,2021-02,49724.66,41629.6,30964.21,60390.05
A0007190,2021-03,60390.05,34404.39,34789.44,60005.0
A0007190,2021-04,60005.0,11205.16,7062.28,64147.88
A0007190,2021-05,64147.88,9969.48,6861.16,67256.2
A0007190,2021-06,67256.2,22477.97,0.0,89734.17
A0007190,2021-07,89734.17,16989.06,17150.47,89572.76
A0007190,2021-08,89572.76,4954.65,58378.76,36148.65
A0007190,2021-09,36148.65,41619.62,7254.51,70513.76
A0007190,2021-10,70513.76,66945.45,0.0,137459.21
A0007190,2021-11,137459.21,0.0,2619.86,134839.35
A0007190,2021-12,134839.35,1281.81,0.0,136121.16
A0007190,2022-01,136121.16,0.0,130001.22,6119.94
A0007191,2021-01,36054.22,93765.07,111383.88,18435.41
A0007191,2021-02,18435.41,104902.17,83912.9,39424.68
A0007191,2021-03,39424.68,266727.52,196842.47,109309.73
A0007191,2021-04,109309.73,71621.08,46007.73,134923.08
A0007191,2021-05,134923.08,104162.33,117250.74,121834.67
A0007191,2021-06,121834.67,156608.93,39323.74,239119.86
A0007191,2021-07,239119.86,67003.43,90425.73,215697.56
A0007191,2021-08,215697.56,151776.66,361096.23,6377.99
A0007191,2021-09,6377.99,199916.79,14686.33,191608.45
A0007191,2021-10,191608.45,68519.08,67662.55,192464.98
A0007191,2021-11,192464.98,56280.71,119667.72,129077.97
A0007191,2021-12,129077.97,30282.87,44924.36,114436.48
A0007191,2022-01,114436.48,101798.95,35643.43,180592.0
A0007191,2022-02,180592.0,145305.36,247358.5,78538.86
A0007191,2022-03,78538.86,89047.48,160373.99,7212.35
A0007191,2022-04,7212.35,164648.67,71547.44,100313.58
A0007191,2022-05,100313.58,192175.1,153264.61,139224.07
A0007191,2022-06,139224.07,150698.49,234250.1,55672.46
A0007191,2022-07,55672.46,96647.9,78276.65,74043.71
A0007191,2022-08,74043.71,121507.05,95367.56,100183.2
A0007191,2022-09,100183.2,169130.95,158694.46,110619.69
A0007191,2022-10,110619.69,141289.4,49712.57,202196.52
A0007191,2022-11,202196.52,112792.85,155546.26,159443.11
A0007191,2022-12,159443.11,178351.6,206797.57,130997.14
A0007191,2023-01,130997.14,123633.21,35479.19,219151.16
A0007191,2023-02,219151.16,97488.48,206205.46,110434.18
A0007191,2023-03,110434.18,122994.87,116755.69,116673.36
A0007191,2023-04,116673.36,92861.54,80695.17,128839.73
A0007191,2023-05,128839.73,83055.25,88711.37,123183.61
A0007191,2023-06,123183.61,113388.67,140639.92,95932.36
A0007191,2023-07,95932.36,80285.57,75575.72,100642.21
A0007191,2023-08,100642.21,218005.76,226782.69,91865.28
A0007191,2023-09,91865.28,130420.09,55219.35,167066.02
A0007191,2023-10,167066.02,100048.64,146182.09,120932.57
A0007191,2023-11,120932.57,107347.53,50930.75,177349.35
A0007191,2023-12,177349.35,20146.63,57854.72,139641.26
A0007191,2024-01,139641.26,114536.16,55590.37,198587.05
A0007191,2024-02,198587.05,375910.33,247926.62,326570.76
A0007191,2024-03,326570.76,232147.47,276233.81,282484.42
A0007191,2024-04,282484.42,140398.19,206849.63,216032.98
A0007191,2024-05,216032.98,153795.04,259784.79,110043.23
A0007191,2024-06,110043.23,1270650.47,236027.18,1144666.52
A0007191,2024-07,1144666.52,133111.85,203092.2,1074686.17
A0007191,2024-08,1074686.17,152341.46,290711.98,936315.65
A0007191,2024-09,936315.65,93448.99,160788.32,868976.32
A0007191,2024-10,868976.32,173829.9,81074.42,961731.8
A0007191,2024-11,961731.8,94962.43,300617.22,756077.01
A0007191,2024-12,756077.01,171134.1,103752.12,823458.99
A0007191,2025-01,823458.99,92835.6,547039.5,369255.09
A0007191,2025-02,369255.09,168161.79,288561.28,248855.6
A0007191,2025-03,248855.6,151808.59,85916.83,314747.36
A0007191,2025-04,314747.36,94840.63,112521.43,297066.56
A0007191,2025-05,297066.56,147750.38,286944.27,157872.67
A0007191,2025-06,157872.67,267536.89,345242.05,80167.51
A0007191,2025-07,80167.51,182764.91,160419.91,102512.51
A0007191,2025-08,102512.51,226102.71,163239.05,165376.17
A0007191,2025-09,165376.17,172903.31,91406.88,246872.6
A0007191,2025-10,246872.6,195744.81,316480.19,126137.22
A0007191,2025-11,126137.22,103908.52,66577.54,163468.2
A0007191,2025-12,163468.2,171277.39,123037.07,211708.52
A0007191,2026-01,211708.52,172412.05,363285.33,20835.24
A0007191,2026-02,20835.24,235758.66,97630.88,158963.02
A0007191,2026-03,158963.02,95886.56,35617.59,219231.99
A0007191,2026-04,219231.99,128736.91,187945.71,160023.19
A0007191,2026-05,160023.19,169798.24,164108.1,165713.33
A0007191,2026-06,165713.33,193786.91,103057.4,256442.84
A0007191,2026-07,256442.84,91263.27,174424.29,173281.82
A0007191,2026-08,173281.82,153156.83,96178.31,230260.34
A0007191,2026-09,230260.34,153138.07,324442.92,58955.49
A0007191,2026-10,58955.49,600976.61,143071.56,516860.54
A0007191,2026-11,516860.54,288581.39,193400.96,612040.97
A0007191,2026-12,612040.97,252888.28,397589.36,467339.89
A0007205,2021-01,33504.23,61692.72,12677.57,82519.38
A0007205,2021-02,82519.38,80576.73,114987.85,48108.26
A0007205,2021-03,48108.26,90752.61,43228.86,95632.01
A0007205,2021-04,95632.01,412257.55,133077.53,374812.03
A0007205,2021-05,374812.03,273706.08,504978.23,143539.88
A0007205,2021-06,143539.88,170397.62,79886.06,234051.44
A0007205,2021-07,234051.44,90493.89,214619.77,109925.56
A0007205,2021-08,109925.56,235581.63,303151.18,42356.01
A0007205,2021-09,42356.01,81062.45,19746.96,103671.5
A0007205,2021-10,103671.5,60995.64,17172.52,147494.62
A0007205,2021-11,147494.62,93822.78,11965.1,229352.3
A0007205,2021-12,229352.3,108939.79,33686.71,304605.38
A0007205,2022-01,304605.38,113989.92,287482.03,131113.27
A0007205,2022-02,131113.27,136451.69,66726.92,200838.04
A0007205,2022-03,200838.04,90381.83,170677.91,120541.96
A0007205,2022-04,120541.96,106450.8,32586.54,194406.22
A0007205,2022-05,194406.22,197767.67,215222.68,176951.21
A0007205,2022-06,176951.21,147612.4,124802.74,199760.87
A0007205,2022-07,199760.87,76504.36,78898.5,197366.73
A0007205,2022-08,197366.73,210225.12,393402.72,14189.13
A0007205,2022-09,14189.13,35249.98,40489.46,8949.65
A0007205,2022-10,8949.65,98912.15,36835.09,71026.71
A0007205,2022-11,71026.71,152663.3,100452.64,123237.37
A0007205,2022-12,123237.37,341242.75,451629.33,12850.79
A0007205,2023-01,12850.79,154142.75,26705.87,140287.67
A0007205,2023-02,140287.67,79844.59,97682.7,122449.56
A0007205,2023-03,122449.56,139630.7,82163.22,179917.04
A0007205,2023-04,179917.04,129487.23,87117.45,222286.82
A0007205,2023-05,222286.82,103792.24,40267.11,285811.95
A0007205,2023-06,285811.95,89422.26,34730.01,340504.2
A0007205,2023-07,340504.2,231555.7,319395.51,252664.39
A0007205,2023-08,252664.39,127291.18,109086.4,270869.17
A0007205,2023-09,270869.17,130525.51,43709.73,357684.95
A0007205,2023-10,357684.95,114877.9,159907.54,312655.31
A0007205,2023-11,312655.31,143635.71,113055.55,343235.47
A0007205,2023-12,343235.47,128065.6,216791.12,254509.95
A0007205,2024-01,254509.95,159012.26,54762.08,358760.13
A0007205,2024-02,358760.13,168403.33,293919.95,233243.51
A0007205,2024-03,233243.51,112545.61,197391.63,148397.49
A0007205,2024-04,148397.49,175756.6,59926.85,264227.24
A0007205,2024-05,264227.24,153659.02,176025.01,241861.25
A0007205,2024-06,241861.25,167841.39,56292.0,353410.64
A0007205,2024-07,353410.64,110721.7,127593.8,336538.54
A0007205,2024-08,336538.54,112919.07,212195.11,237262.5
A0007205,2024-09,237262.5,1482721.58,324481.61,1395502.47
A0007205,2024-10,1395502.47,173962.68,116458.29,1453006.86
A0007205,2024-11,1453006.86,205775.85,119042.82,1539739.89
A0007205,2024-12,1539739.89,118277.94,266882.36,1391135.47
A0007205,2025-01,1391135.47,144341.51,401711.59,1133765.39
A0007205,2025-02,1133765.39,180542.38,629473.32,684834.45
A0007205,2025-03,684834.45,195990.42,225914.3,654910.57
A0007205,2025-04,654910.57,488446.5,44428.42,1098928.65
A0007205,2025-05,1098928.65,104660.6,84796.37,1118792.88
A0007205,2025-06,1118792.88,131262.15,158529.74,1091525.29
A0007205,2025-07,1091525.29,191336.87,282190.84,1000671.32
A0007205,2025-08,1000671.32,20097.16,138821.99,881946.49
A0007205,2025-09,881946.49,135444.26,209328.19,808062.56
A0007205,2025-10,808062.56,215299.87,249753.86,773608.57
A0007205,2025-11,773608.57,358215.31,85422.14,1046401.74
A0007205,2025-12,1046401.74,3898.85,98749.79,951550.8
A0007205,2026-01,951550.8,160949.55,197774.49,914725.86
A0007205,2026-02,914725.86,147718.4,210295.43,852148.83
A0007205,2026-03,852148.83,262619.82,384907.07,729861.58
A0007205,2026-04,729861.58,185659.63,152402.24,763118.97
A0007205,2026-05,763118.97,291775.67,165986.6,888908.04
A0007205,2026-06,888908.04,202759.57,53098.14,1038569.47
A0007205,2026-07,1038569.47,235885.39,82179.87,1192274.99
A0007205,2026-08,1192274.99,263588.47,129022.07,1326841.39
A0007205,2026-09,1326841.39,147421.89,776070.59,698192.69
A0007206,2021-01,2063.21,1228.72,354.22,2937.71
A0007206,2021-02,2937.71,139.71,1918.17,1159.25
A0007360,2021-01,4787.79,6768.02,1360.17,10195.64
A0007360,2021-02,10195.64,109.01,862.75,9441.9
A0007360,2021-03,9441.9,361.24,6925.93,2877.21
A0007360,2021-04,2877.21,17730.85,781.28,19826.78
A0007360,2021-05,19826.78,261.79,428.58,19659.99
A0007360,2021-06,19659.99,908.9,824.52,19744.37
A0007360,2021-07,19744.37,18330.77,963.88,37111.26
A0007360,2021-08,37111.26,3243.69,736.99,39617.96
A0007360,2021-09,39617.96,442.94,39864.27,196.63
A0007360,2021-10,196.63,1659.67,447.61,1408.69
A0007360,2021-11,1408.69,20538.86,2343.84,19603.71
A0007360,2021-12,19603.71,13782.13,7760.19,25625.65
A0007360,2022-01,25625.65,1718.78,1172.13,26172.3
A0007360,2022-02,26172.3,0.0,812.91,25359.39
A0007360,2022-03,25359.39,2863.2,1823.74,26398.85
A0007360,2022-04,26398.85,2183.42,6096.71,22485.56
A0007360,2022-05,22485.56,1525.44,2817.6,21193.4
A0007360,2022-06,21193.4,0.0,458.68,20734.72
A0007360,2022-07,20734.72,44414.38,1596.2,63552.9
A0007360,2022-08,63552.9,3039.71,1436.56,65156.05
A0007360,2022-09,65156.05,0.0,473.22,64682.83
A0007360,2022-10,64682.83,55152.11,25321.62,94513.32
A0007360,2022-11,94513.32,1204.82,1228.1,94490.04
A0007360,2022-12,94490.04,859.69,2314.0,93035.73
A0007633,2021-01,94217.91,160356.17,114880.7,139693.38
A0007633,2021-02,139693.38,149307.51,107587.45,181413.44
A0007633,2021-03,181413.44,185103.92,225648.09,140869.27
A0007633,2021-04,140869.27,137016.53,225078.61,52807.19
A0007633,2021-05,52807.19,168568.49,43885.03,177490.65
A0007633,2021-06,177490.65,359377.66,413773.81,123094.5
A0007633,2021-07,123094.5,110134.16,232033.48,1195.18
A0007633,2021-08,1195.18,202589.74,20999.81,182785.11
A0007633,2021-09,182785.11,119776.49,120954.25,181607.35
A0007633,2021-10,181607.35,137512.65,203138.71,115981.29
A0007633,2021-11,115981.29,99347.71,141503.43,73825.57
A0007633,2021-12,73825.57,175785.93,223640.29,25971.21
A0007633,2022-01,25971.21,349215.36,104720.6,270465.97
A0007633,2022-02,270465.97,139703.02,59473.47,350695.52
A0007633,2022-03,350695.52,183764.18,71790.1,462669.6
A0007633,2022-04,462669.6,2868.88,335196.3,130342.18
A0007633,2022-05,130342.18,138375.93,15238.84,253479.27
A0007633,2022-06,253479.27,123871.02,374807.23,2543.06
A0007633,2022-07,2543.06,147990.04,86920.52,63612.58
A0007633,2022-08,63612.58,166618.63,171095.39,59135.82
A0007633,2022-09,59135.82,159449.43,40509.47,178075.78
A0007633,2022-10,178075.78,246703.98,69087.96,355691.8
A0007633,2022-11,355691.8,165320.49,463836.71,57175.58
A0007633,2022-12,57175.58,505155.38,102902.24,459428.72
A0007633,2023-01,459428.72,134209.66,360538.0,233100.38
A0007633,2023-02,233100.38,286948.44,388130.47,131918.35
A0007633,2023-03,131918.35,159901.43,207312.79,84506.99
A0007633,2023-04,84506.99,311768.6,18737.25,377538.34
A0007633,2023-05,377538.34,52371.55,279166.92,150742.97
A0007633,2023-06,150742.97,117305.55,161579.32,106469.2
A0007633,2023-07,106469.2,262333.71,82703.09,286099.82
A0007633,2023-08,286099.82,127831.21,188463.98,225467.05
A0007633,2023-09,225467.05,112419.03,76654.49,261231.59
A0007633,2023-10,261231.59,148762.05,307000.71,102992.93
A0007633,2023-11,102992.93,246194.02,24738.43,324448.52
A0007633,2023-12,324448.52,129024.37,345022.84,108450.05
A0007633,2024-01,108450.05,175488.33,36494.74,247443.64
A0007633,2024-02,247443.64,211135.79,436238.68,22340.75
A0007633,2024-03,22340.75,205769.12,64984.88,163124.99
A0007633,2024-04,163124.99,292098.49,395354.96,59868.52
A0007633,2024-05,59868.52,354427.61,366159.97,48136.16
A0007633,2024-06,48136.16,68906.47,83314.01,33728.62
A0007633,2024-07,33728.62,206770.45,208016.98,32482.09
A0007633,2024-08,32482.09,560210.84,523500.12,69192.81
A0007633,2024-09,69192.81,199034.44,144008.43,124218.82
A0007633,2024-10,124218.82,203551.13,113712.78,214057.17
A0007633,2024-11,214057.17,303403.09,421008.88,96451.38
A0007633,2024-12,96451.38,449150.82,488077.04,57525.16
A0007633,2025-01,57525.16,273211.08,91445.18,239291.06
A0007633,2025-02,239291.06,317009.52,417836.36,138464.22
A0007633,2025-03,138464.22,167708.64,294659.5,11513.36
A0007633,2025-04,11513.36,13027879.73,68236.87,12971156.22
A0007633,2025-05,12971156.22,204989.62,235956.18,12940189.66
A0007633,2025-06,12940189.66,225254.61,472988.64,12692455.63
A0007633,2025-07,12692455.63,223873.08,202551.33,12713777.38
A0007633,2025-08,12713777.38,231345.97,279427.78,12665695.57
A0007633,2025-09,12665695.57,179367.95,123696.45,12721367.07
A0007633,2025-10,12721367.07,255517.12,208719.56,12768164.63
A0007633,2025-11,12768164.63,199564.74,295542.67,12672186.7
A0007633,2025-12,12672186.7,183111.26,201708.1,12653589.86
A0007633,2026-01,12653589.86,223762.8,319449.65,12557903.01
A0007633,2026-02,12557903.01,218126.96,412171.05,12363858.92
A0007633,2026-03,12363858.92,159053.66,175342.42,12347570.16
A0007633,2026-04,12347570.16,199842.32,231660.49,12315751.99
A0007633,2026-05,12315751.99,186493.12,326317.38,12175927.73
A0007633,2026-06,12175927.73,192787.71,311596.05,12057119.39
A0007633,2026-07,12057119.39,221407.59,470072.21,11808454.77
A0007633,2026-08,11808454.77,291293.9,547082.83,11552665.84
A0007633,2026-09,11552665.84,140083.05,275269.28,11417479.61
A0007633,2026-10,11417479.61,177537.46,444945.72,11150071.35
A0007633,2026-11,11150071.35,421147.24,354411.93,11216806.66
A0007633,2026-12,11216806.66,272712.04,152591.63,11336927.07
A0007634,2021-01,297637.5,2576.61,132810.5,167403.61
A0007634,2021-02,167403.61,24332.92,118367.88,73368.65
A0007634,2021-03,73368.65,84210.02,43378.77,114199.9
A0007634,2021-04,114199.9,540086.58,0.0,654286.48
A0007634,2021-05,654286.48,60831.48,47871.41,667246.55
A0007634,2021-06,667246.55,12721.16,8280.65,671687.06
A0007634,2021-07,671687.06,0.0,19499.71,652187.35
A0007634,2021-08,652187.35,11883.76,0.0,664071.11
A0007634,2021-09,664071.11,94658.11,59072.11,699657.11
A0007634,2021-10,699657.11,10061.62,73126.92,636591.81
A0007634,2021-11,636591.81,3243.21,80254.06,559580.96
A0007634,2021-12,559580.96,52988.77,0.0,612569.73
A0007634,2022-01,612569.73,86596.8,6874.42,692292.11
A0007634,2022-02,692292.11,73867.66,261040.26,505119.51
A0007634,2022-03,505119.51,52974.63,33322.94,524771.2
A0007634,2022-04,524771.2,64843.97,128139.18,461475.99
A0007634,2022-05,461475.99,61519.06,3253.32,519741.73
A0007634,2022-06,519741.73,0.0,17496.26,502245.47
A0007634,2022-07,502245.47,74337.7,264116.0,312467.17
A0007634,2022-08,312467.17,108266.69,59378.75,361355.11
A0007634,2022-09,361355.11,37093.7,304085.39,94363.42
A0007634,2022-10,94363.42,20327.22,11497.03,103193.61
A0007634,2022-11,103193.61,0.0,28093.96,75099.65
A0007634,2022-12,75099.65,35896.57,106340.75,4655.47
A0007634,2023-01,4655.47,150516.3,32081.39,123090.38
A0007634,2023-02,123090.38,28712.99,119829.25,31974.12
A0007634,2023-03,31974.12,0.0,25610.0,6364.12
A0007634,2023-04,6364.12,179010.82,54244.34,131130.6
A0007634,2023-05,131130.6,4244.09,10418.19,124956.5
A0007634,2023-06,124956.5,37904.44,110955.55,51905.39
A0007634,2023-07,51905.39,21898.59,0.0,73803.98
A0007634,2023-08,73803.98,4785.63,38030.16,40559.45
A0007634,2023-09,40559.45,20243.31,31649.21,29153.55
A0007634,2023-10,29153.55,95262.09,0.0,124415.64
A0007634,2023-11,124415.64,32142.41,2026.14,154531.91
A0007634,2023-12,154531.91,25290.42,140809.19,39013.14
A0007634,2024-01,39013.14,38213.84,0.0,77226.98
A0007634,2024-02,77226.98,325.19,2040.82,75511.35
A0007634,2024-03,75511.35,106470.23,42687.26,139294.32
A0007634,2024-04,139294.32,0.0,57788.67,81505.65
A0007634,2024-05,81505.65,135081.58,75187.93,141399.3
A0007634,2024-06,141399.3,101847.71,106578.91,136668.1
A0007634,2024-07,136668.1,0.0,10702.56,125965.54
A0007634,2024-08,125965.54,50549.02,16841.61,159672.95
A0007634,2024-09,159672.95,59674.07,26010.51,193336.51
A0007634,2024-10,193336.51,53762.81,14897.08,232202.24
A0007634,2024-11,232202.24,77610.32,267510.57,42301.99
A0007634,2024-12,42301.99,0.0,32375.59,9926.4
A0007634,2025-01,9926.4,94689.26,3654.16,100961.5
A0007634,2025-02,100961.5,59355.04,37093.15,123223.39
A0007634,2025-03,123223.39,99118.61,194256.44,28085.56
A0007634,2025-04,28085.56,62924.59,1227.43,89782.72
A0007634,2025-05,89782.72,50428.71,83982.88,56228.55
A0007634,2025-06,56228.55,117637.26,24641.39,149224.42
A0007634,2025-07,149224.42,48285.84,61991.53,135518.73
A0007634,2025-08,135518.73,21538.22,53951.51,103105.44
A0007634,2025-09,103105.44,42970.26,101957.26,44118.44
A0007634,2025-10,44118.44,172936.97,16095.96,200959.45
A0007634,2025-11,200959.45,50333.2,66151.14,185141.51
A0007634,2025-12,185141.51,38216.95,76119.85,147238.61
A0007634,2026-01,147238.61,73707.22,220640.54,305.29
A0007634,2026-02,305.29,6343.58,0.0,6648.87
A0007634,2026-03,6648.87,42023.39,0.0,48672.26
A0007634,2026-04,48672.26,74971.85,1923.24,121720.87
A0007634,2026-05,121720.87,0.0,43725.2,77995.67
A0007634,2026-06,77995.67,82744.64,63424.72,97315.59
A0007634,2026-07,97315.59,16238.9,0.0,113554.49
A0007634,2026-08,113554.49,0.0,0.0,113554.49
A0007634,2026-09,113554.49,128215.63,44863.49,196906.63
A0007634,2026-10,196906.63,17194.47,0.0,214101.1
A0007634,2026-11,214101.1,66158.96,15867.31,264392.75
A0007634,2026-12,264392.75,151353.49,2888.74,412857.5
A0007739,2021-01,845.99,36301.57,131.65,37015.91
A0007739,2021-02,37015.91,0.0,0.0,37015.91
A0007739,2021-03,37015.91,0.0,1705.65,35310.26
A0007739,2021-04,35310.26,524.41,5535.78,30298.89
A0007739,2021-05,30298.89,0.0,358.29,29940.6
A0007739,2021-06,29940.6,32278.86,0.0,62219.46
A0007739,2021-07,62219.46,294.99,0.0,62514.45
A0007739,2021-08,62514.45,0.0,1345.17,61169.28
A0007739,2021-09,61169.28,0.0,51578.35,9590.93
A0007739,2021-10,9590.93,347.55,6761.6,3176.88
A0007739,2021-11,3176.88,129.08,1345.17,1960.79
A0007739,2021-12,1960.79,0.0,1417.18,543.61
A0007739,2022-01,543.61,629.96,279.16,894.41
A0007739,2022-02,894.41,0.0,44.4,850.01
A0007739,2022-03,850.01,0.0,83.44,766.57
A0007739,2022-04,766.57,1245.34,507.58,1504.33
A0007739,2022-05,1504.33,0.0,0.0,1504.33
A0007739,2022-06,1504.33,439.32,0.0,1943.65
A0007739,2022-07,1943.65,465.4,0.0,2409.05
A0007739,2022-08,2409.05,237.95,0.0,2647.0
A0007739,2022-09,2647.0,223.47,197.78,2672.69
A0007739,2022-10,2672.69,0.0,0.0,2672.69
A0007739,2022-11,2672.69,551.16,406.11,2817.74
A0007739,2022-12,2817.74,0.0,0.0,2817.74
A0007739,2023-01,2817.74,0.0,0.03,2817.71
A0007739,2023-02,2817.71,252.33,0.0,3070.04
A0007739,2023-03,3070.04,261.52,0.0,3331.56
A0007739,2023-04,3331.56,0.0,710.62,2620.94
A0007739,2023-05,2620.94,0.0,0.0,2620.94
A0007739,2023-06,2620.94,156.09,0.0,2777.03
A0007739,2023-07,2777.03,0.0,0.0,2777.03
A0007739,2023-08,2777.03,195.06,0.0,2972.09
A0007739,2023-09,2972.09,0.0,0.0,2972.09
A0007739,2023-10,2972.09,191.97,382.12,2781.94
A0007739,2023-11,2781.94,0.0,772.66,2009.28
A0007739,2023-12,2009.28,988.33,628.34,2369.27
A0007739,2024-01,2369.27,3181.07,0.0,5550.34
A0007739,2024-02,5550.34,293.74,79.05,5765.03
A0007739,2024-03,5765.03,769.66,0.0,6534.69
A0007739,2024-04,6534.69,0.0,0.0,6534.69
A0007739,2024-05,6534.69,0.0,0.0,6534.69
A0007739,2024-06,6534.69,0.0,21.49,6513.2
A0007739,2024-07,6513.2,0.0,0.0,6513.2
A0007739,2024-08,6513.2,0.0,0.0,6513.2
A0007739,2024-09,6513.2,422.68,0.0,6935.88
A0007739,2024-10,6935.88,394.81,0.0,7330.69
A0007739,2024-11,7330.69,7737.57,0.0,15068.26
A0007739,2024-12,15068.26,1147.36,0.0,16215.62
A0007739,2025-01,16215.62,0.0,222.37,15993.25
A0007739,2025-02,15993.25,0.0,381.34,15611.91
A0007739,2025-03,15611.91,386.06,0.0,15997.97
A0007739,2025-04,15997.97,0.0,0.0,15997.97
A0007739,2025-05,15997.97,308.32,29.01,16277.28
A0007739,2025-06,16277.28,287.13,640.08,15924.33
A0007739,2025-07,15924.33,315.59,0.0,16239.92
A0007739,2025-08,16239.92,506.95,0.0,16746.87
A0007739,2025-09,16746.87,0.0,0.0,16746.87
A0007739,2025-10,16746.87,0.0,0.0,16746.87
A0007739,2025-11,16746.87,441.83,0.0,17188.7
A0007739,2025-12,17188.7,73387.89,0.0,90576.59
A0007739,2026-01,90576.59,0.0,75942.44,14634.15
A0007739,2026-02,14634.15,0.0,0.0,14634.15
A0007739,2026-03,14634.15,0.0,499.85,14134.3
A0007739,2026-04,14134.3,0.0,2561.96,11572.34
A0007739,2026-05,11572.34,0.0,0.0,11572.34
A0007739,2026-06,11572.34,621.31,0.0,12193.65
A0007739,2026-07,12193.65,0.0,0.0,12193.65
A0007739,2026-08,12193.65,0.0,892.16,11301.49
A0007739,2026-09,11301.49,0.0,1907.28,9394.21
A0007739,2026-10,9394.21,3317.22,0.0,12711.43
A0007739,2026-11,12711.43,0.0,0.0,12711.43
A0007739,2026-12,12711.43,719.01,1034.14,12396.3
A0007740,2021-01,17653.81,70972.66,25473.01,63153.46
A0007740,2021-02,63153.46,54106.32,49498.08,67761.7
A0007740,2021-03,67761.7,57826.93,68717.68,56870.95
A0007740,2021-04,56870.95,17515.16,25187.01,49199.1
A0007740,2021-05,49199.1,77112.09,79441.48,46869.71
A0007740,2021-06,46869.71,59058.14,25919.37,80008.48
A0007740,2021-07,80008.48,106943.42,40010.01,146941.89
A0007740,2021-08,146941.89,52646.53,48394.59,151193.83
A0007740,2021-09,151193.83,82067.12,125128.6,108132.35
A0007740,2021-10,108132.35,64915.52,12825.31,160222.56
A0007740,2021-11,160222.56,60726.69,31724.38,189224.87
A0007740,2021-12,189224.87,68339.53,30698.65,226865.75
A0007740,2022-01,226865.75,32777.52,132423.3,127219.97
A0007740,2022-02,127219.97,0.0,17730.88,109489.09
A0007740,2022-03,109489.09,575157.84,47988.93,636658.0
A0007740,2022-04,636658.0,68088.58,25272.89,679473.69
A0007740,2022-05,679473.69,116772.24,85208.27,711037.66
A0007740,2022-06,711037.66,63649.21,34991.32,739695.55
A0007740,2022-07,739695.55,76009.59,141446.09,674259.05
A0007740,2022-08,674259.05,79950.23,26560.66,727648.62
A0007740,2022-09,727648.62,34085.77,27786.67,733947.72
A0007740,2022-10,733947.72,63942.92,31720.05,766170.59
A0007740,2022-11,766170.59,56816.27,30525.33,792461.53
A0007740,2022-12,792461.53,88961.24,240177.23,641245.54
A0007740,2023-01,641245.54,77361.03,135976.82,582629.75
A0007740,2023-02,582629.75,301240.74,72428.35,811442.14
A0007740,2023-03,811442.14,103088.34,65875.33,848655.15
A0007740,2023-04,848655.15,95850.37,59895.49,884610.03
A0007740,2023-05,884610.03,299994.27,77989.74,1106614.56
A0007740,2023-06,1106614.56,93100.71,96346.65,1103368.62
A0007740,2023-07,1103368.62,672625.51,120556.92,1655437.21
A0007740,2023-08,1655437.21,121822.45,66121.77,1711137.89
A0007740,2023-09,1711137.89,145038.9,300229.09,1555947.7
A0007740,2023-10,1555947.7,212374.59,90957.9,1677364.39
A0007740,2023-11,1677364.39,74792.0,141058.38,1611098.01
A0007740,2023-12,1611098.01,74913.61,68226.28,1617785.34
A0007740,2024-01,1617785.34,15444.54,150167.23,1483062.65
A0007740,2024-02,1483062.65,183073.71,51586.23,1614550.13
A0007740,2024-03,1614550.13,94105.91,53943.4,1654712.64
A0007740,2024-04,1654712.64,23288.63,233576.31,1444424.96
A0007740,2024-05,1444424.96,129811.64,62049.54,1512187.06
A0007740,2024-06,1512187.06,79112.68,96483.94,1494815.8
A0007740,2024-07,1494815.8,81805.8,43731.21,1532890.39
A0007740,2024-08,1532890.39,145079.03,97294.4,1580675.02
A0007740,2024-09,1580675.02,87294.14,61966.76,1606002.4
A0007740,2024-10,1606002.4,143607.32,272453.45,1477156.27
A0007740,2024-11,1477156.27,217417.73,50456.98,1644117.02
A0007740,2024-12,1644117.02,80408.43,1924.46,1722600.99
A0007740,2025-01,1722600.99,134343.14,119396.54,1737547.59
A0007740,2025-02,1737547.59,197359.88,54947.26,1879960.21
A0007740,2025-03,1879960.21,39898.94,171804.1,1748055.05
A0007740,2025-04,1748055.05,200556.02,45738.97,1902872.1
A0007740,2025-05,1902872.1,92936.61,2804.9,1993003.81
A0007740,2025-06,1993003.81,142561.93,187665.48,1947900.26
A0007740,2025-07,1947900.26,164097.72,29734.48,2082263.5
A0007740,2025-08,2082263.5,10385.9,215647.66,1877001.74
A0007740,2025-09,1877001.74,88768.33,603466.71,1362303.36
A0007740,2025-10,1362303.36,193287.81,85713.65,1469877.52
A0007740,2025-11,1469877.52,97248.07,62402.06,1504723.53
A0007740,2025-12,1504723.53,105769.7,14736.57,1595756.66
A0007740,2026-01,1595756.66,85593.49,9435.66,1671914.49
A0007740,2026-02,1671914.49,115093.95,232720.92,1554287.52
A0007740,2026-03,1554287.52,58911.68,281097.9,1332101.3
A0007740,2026-04,1332101.3,319015.1,32438.23,1618678.17
A0007740,2026-05,1618678.17,120201.02,214035.47,1524843.72
A0007740,2026-06,1524843.72,69331.49,84250.37,1509924.84
A0007740,2026-07,1509924.84,221829.75,107572.42,1624182.17
A0007740,2026-08,1624182.17,718264.06,417695.67,1924750.56
A0007740,2026-09,1924750.56,115217.78,48937.79,1991030.55
A0007740,2026-10,1991030.55,103233.2,153969.89,1940293.86
A0007740,2026-11,1940293.86,121505.69,17270.25,2044529.3
A0007740,2026-12,2044529.3,82520.74,685515.35,1441534.69
A0007742,2021-01,1807.2,318.86,307.98,1818.08
A0007742,2021-02,1818.08,0.0,0.0,1818.08
A0007742,2021-03,1818.08,304.95,0.0,2123.03
A0007742,2021-04,2123.03,125.94,0.0,2248.97
A0007742,2021-05,2248.97,0.0,1559.18,689.79
A0007742,2021-06,689.79,491.63,0.0,1181.42
A0007742,2021-07,1181.42,370.53,0.0,1551.95
A0007742,2021-08,1551.95,220.36,0.0,1772.31
A0007742,2021-09,1772.31,11745.91,188.92,13329.3
A0007742,2021-10,13329.3,189.76,1009.02,12510.04
A0007742,2021-11,12510.04,0.0,1383.93,11126.11
A0007742,2021-12,11126.11,212.4,0.0,11338.51
A0007742,2022-01,11338.51,0.0,1345.17,9993.34
A0007742,2022-02,9993.34,202.8,1345.17,8850.97
A0007742,2022-03,8850.97,0.0,0.0,8850.97
A0007742,2022-04,8850.97,155.09,0.0,9006.06
A0007742,2022-05,9006.06,303.56,1345.17,7964.45
A0007742,2022-06,7964.45,204.86,1529.74,6639.57
A0007742,2022-07,6639.57,191.58,1345.17,5485.98
A0007742,2022-08,5485.98,0.0,2479.89,3006.09
A0007742,2022-09,3006.09,0.0,371.87,2634.22
A0007742,2022-10,2634.22,102.67,178.4,2558.49
A0007742,2022-11,2558.49,0.0,131.66,2426.83
A0007742,2022-12,2426.83,122.79,0.0,2549.62
A0007742,2023-01,2549.62,0.0,54.63,2494.99
A0007742,2023-02,2494.99,0.0,0.0,2494.99
A0007742,2023-03,2494.99,291.42,927.13,1859.28
A0007742,2023-04,1859.28,0.0,0.0,1859.28
A0007742,2023-05,1859.28,0.0,55.44,1803.84
A0007742,2023-06,1803.84,886.26,0.0,2690.1
A0007742,2023-07,2690.1,206.66,0.0,2896.76
A0007742,2023-08,2896.76,341.93,133.79,3104.9
A0007742,2023-09,3104.9,0.0,0.0,3104.9
A0007742,2023-10,3104.9,0.0,149.08,2955.82
A0007742,2023-11,2955.82,0.0,0.0,2955.82
A0007742,2023-12,2955.82,903.13,1038.75,2820.2
A0007742,2024-01,2820.2,89.69,0.0,2909.89
A0007742,2024-02,2909.89,211.7,0.0,3121.59
A0007742,2024-03,3121.59,0.0,244.86,2876.73
A0007742,2024-04,2876.73,0.0,0.0,2876.73
A0007742,2024-05,2876.73,477.74,0.0,3354.47
A0007742,2024-06,3354.47,0.0,95.81,3258.66
A0007742,2024-07,3258.66,0.0,0.0,3258.66
A0007742,2024-08,3258.66,467.8,902.94,2823.52
A0007742,2024-09,2823.52,1572.08,0.0,4395.6
A0007742,2024-10,4395.6,0.0,1358.14,3037.46
A0007742,2024-11,3037.46,146.34,558.93,2624.87
A0007742,2024-12,2624.87,163.53,118.46,2669.94
A0007742,2025-01,2669.94,0.0,0.0,2669.94
A0007742,2025-02,2669.94,0.0,97.8,2572.14
A0007742,2025-03,2572.14,0.0,1208.29,1363.85
A0007742,2025-04,1363.85,0.0,0.0,1363.85
A0007742,2025-05,1363.85,351.21,0.0,1715.06
A0007742,2025-06,1715.06,215.94,346.65,1584.35
A0007742,2025-07,1584.35,0.0,0.0,1584.35
A0007742,2025-08,1584.35,0.0,0.0,1584.35
A0007742,2025-09,1584.35,0.0,183.88,1400.47
A0007742,2025-10,1400.47,90863.03,0.0,92263.5
A0007742,2025-11,92263.5,115.77,990.25,91389.02
A0007742,2025-12,91389.02,0.0,0.0,91389.02
A0007742,2026-01,91389.02,157.36,24939.79,66606.59
A0007742,2026-02,66606.59,0.0,0.0,66606.59
A0007742,2026-03,66606.59,1074.58,0.0,67681.17
A0007742,2026-04,67681.17,0.0,0.0,67681.17
A0007742,2026-05,67681.17,0.0,0.0,67681.17
A0007742,2026-06,67681.17,0.0,0.0,67681.17
A0007742,2026-07,67681.17,0.0,0.0,67681.17
A0007742,2026-08,67681.17,383.87,0.0,68065.04
A0007742,2026-09,68065.04,425.6,44618.53,23872.11
A0007742,2026-10,23872.11,0.0,70.1,23802.01
A0007742,2026-11,23802.01,0.0,689.36,23112.65
A0007742,2026-12,23112.65,0.0,1681.92,21430.73
A0007743,2021-01,58162.93,0.0,30719.6,27443.33
A0007743,2021-02,27443.33,9870.96,5168.02,32146.27
A0007743,2021-03,32146.27,4627.19,4590.68,32182.78
A0007743,2021-04,32182.78,17498.15,5584.34,44096.59
A0007743,2021-05,44096.59,0.0,0.0,44096.59
A0007743,2021-06,44096.59,3916.86,4671.69,43341.76
A0007743,2021-07,43341.76,0.0,0.0,43341.76
A0007743,2021-08,43341.76,4986.14,6332.87,41995.03
A0007743,2021-09,41995.03,259688.09,3595.17,298087.95
A0007743,2021-10,298087.95,22778.37,0.0,320866.32
A0007743,2021-11,320866.32,13599.35,25777.53,308688.14
A0007743,2021-12,308688.14,75720.81,282674.63,101734.32
A0007743,2022-01,101734.32,3994.64,13226.9,92502.06
A0007743,2022-02,92502.06,1496.1,2142.89,91855.27
A0007743,2022-03,91855.27,13974.73,7291.21,98538.79
A0007743,2022-04,98538.79,66338.78,12979.77,151897.8
A0007743,2022-05,151897.8,21204.78,17835.36,155267.22
A0007743,2022-06,155267.22,31311.26,80826.14,105752.34
A0007743,2022-07,105752.34,0.0,2709.38,103042.96
A0007743,2022-08,103042.96,3001.82,858.3,105186.48
A0007743,2022-09,105186.48,21095.03,13954.58,112326.93
A0007743,2022-10,112326.93,2039.62,26247.64,88118.91
A0007743,2022-11,88118.91,5735.87,23345.96,70508.82
A0007743,2022-12,70508.82,0.0,24832.43,45676.39
A0007743,2023-01,45676.39,0.0,26415.94,19260.45
A0007743,2023-02,19260.45,98390.94,41922.22,75729.17
A0007743,2023-03,75729.17,0.0,5668.4,70060.77
A0007743,2023-04,70060.77,0.0,32243.3,37817.47
A0007743,2023-05,37817.47,51748.49,14230.5,75335.46
A0007743,2023-06,75335.46,14646.65,66173.19,23808.92
A0007743,2023-07,23808.92,23153.43,27187.32,19775.03
A0007743,2023-08,19775.03,11434.95,13787.93,17422.05
A0007743,2023-09,17422.05,8537.16,25479.55,479.66
A0007743,2023-10,479.66,25908.01,3588.92,22798.75
A0007743,2023-11,22798.75,0.0,5415.07,17383.68
A0007743,2023-12,17383.68,16487.86,0.0,33871.54
A0007743,2024-01,33871.54,0.0,14785.56,19085.98
A0007743,2024-02,19085.98,0.0,7776.58,11309.4
A0007743,2024-03,11309.4,0.0,10660.25,649.15
A0007743,2024-04,649.15,17814.07,10882.34,7580.88
A0007743,2024-05,7580.88,65458.19,11212.14,61826.93
A0007743,2024-06,61826.93,16728.28,45002.49,33552.72
A0007743,2024-07,33552.72,16284.15,34368.97,15467.9
A0007743,2024-08,15467.9,21785.27,15277.76,21975.41
A0007743,2024-09,21975.41,83402.02,12528.89,92848.54
A0007743,2024-10,92848.54,9462.0,23511.58,78798.96
A0007743,2024-11,78798.96,28755.87,1618.64,105936.19
A0007743,2024-12,105936.19,0.0,65314.83,40621.36
A0007743,2025-01,40621.36,0.0,11258.96,29362.4
A0007743,2025-02,29362.4,23918.79,0.0,53281.19
A0007743,2025-03,53281.19,57332.41,1680.49,108933.11
A0007743,2025-04,108933.11,28016.23,2265.44,134683.9
A0007743,2025-05,134683.9,0.0,64772.42,69911.48
A0007743,2025-06,69911.48,2068.34,0.0,71979.82
A0007744,2021-01,31526.9,38577.97,32136.11,37968.76
A0007744,2021-02,37968.76,11817.86,4483.6,45303.02
A0007744,2021-03,45303.02,80656.98,25274.17,100685.83
A0007744,2021-04,100685.83,144701.12,37249.99,208136.96
A0007744,2021-05,208136.96,55138.12,81745.82,181529.26
A0007744,2021-06,181529.26,0.0,25325.64,156203.62
A0007744,2021-07,156203.62,39659.35,40825.24,155037.73
A0007744,2021-08,155037.73,16962.46,20091.44,151908.75
A0007744,2021-09,151908.75,29940.15,98988.83,82860.07
A0007744,2021-10,82860.07,32619.23,27145.72,88333.58
A0007744,2021-11,88333.58,17012.59,65856.79,39489.38
A0007744,2021-12,39489.38,34430.01,1558.45,72360.94
A0007744,2022-01,72360.94,62890.58,103168.1,32083.42
A0007744,2022-02,32083.42,256186.93,31873.01,256397.34
A0007744,2022-03,256397.34,75553.13,90103.53,241846.94
A0007744,2022-04,241846.94,200108.0,49474.92,392480.02
A0007744,2022-05,392480.02,29315.67,133857.63,287938.06
A0007744,2022-06,287938.06,60939.32,52306.34,296571.04
A0007744,2022-07,296571.04,15478.66,9737.24,302312.46
A0007744,2022-08,302312.46,53551.38,127477.57,228386.27
A0007744,2022-09,228386.27,9679.47,42461.05,195604.69
A0007744,2022-10,195604.69,61944.95,35455.42,222094.22
A0007744,2022-11,222094.22,237971.47,237000.78,223064.91
A0007744,2022-12,223064.91,18660.97,126669.07,115056.81
A0007744,2023-01,115056.81,99140.32,38249.82,175947.31
A0007744,2023-02,175947.31,31098.84,46111.41,160934.74
A0007744,2023-03,160934.74,21194.6,38832.41,143296.93
A0007744,2023-04,143296.93,17033.15,27596.34,132733.74
A0007744,2023-05,132733.74,166055.37,77597.25,221191.86
A0007744,2023-06,221191.86,14012.85,56200.63,179004.08
A0007744,2023-07,179004.08,19285.85,126328.65,71961.28
A0007744,2023-08,71961.28,80934.57,47531.56,105364.29
A0007744,2023-09,105364.29,50850.7,56438.95,99776.04
A0007744,2023-10,99776.04,17241.84,111195.71,5822.17
A0007744,2023-11,5822.17,221139.84,46879.18,180082.83
A0007744,2023-12,180082.83,94330.46,120574.37,153838.92
A0007744,2024-01,153838.92,54238.04,108923.03,99153.93
A0007744,2024-02,99153.93,115936.15,58412.58,156677.5
A0007744,2024-03,156677.5,69753.14,46933.75,179496.89
A0007744,2024-04,179496.89,7751.93,14240.98,173007.84
A0007744,2024-05,173007.84,93920.38,92260.29,174667.93
A0007744,2024-06,174667.93,98089.24,66180.62,206576.55
A0007744,2024-07,206576.55,241315.92,86855.47,361037.0
A0007744,2024-08,361037.0,23181.81,183559.59,200659.22
A0007744,2024-09,200659.22,28036.34,73111.6,155583.96
A0007744,2024-10,155583.96,168396.99,195375.03,128605.92
A0007744,2024-11,128605.92,101107.65,39284.5,190429.07
A0007744,2024-12,190429.07,65517.14,6205.41,249740.8
A0007744,2025-01,249740.8,185432.2,91772.7,343400.3
A0007744,2025-02,343400.3,108206.66,54378.83,397228.13
A0007744,2025-03,397228.13,30022.04,21512.94,405737.23
A0007744,2025-04,405737.23,126770.18,163951.76,368555.65
A0007744,2025-05,368555.65,129577.18,136093.57,362039.26
A0007744,2025-06,362039.26,82427.27,34708.01,409758.52
A0007744,2025-07,409758.52,256057.5,116395.5,549420.52
A0007744,2025-08,549420.52,35799.9,19491.75,565728.67
A0007744,2025-09,565728.67,0.0,36967.0,528761.67
A0007744,2025-10,528761.67,47373.27,121110.15,455024.79
A0007744,2025-11,455024.79,63035.14,111969.89,406090.04
A0007744,2025-12,406090.04,239177.43,60050.65,585216.82
A0007744,2026-01,585216.82,5997.35,25105.31,566108.86
A0007744,2026-02,566108.86,152064.75,63516.08,654657.53
A0007744,2026-03,654657.53,21745.59,31185.58,645217.54
A0007744,2026-04,645217.54,48783.27,211981.77,482019.04
A0007744,2026-05,482019.04,14388.86,0.0,496407.9
A0007744,2026-06,496407.9,181688.87,107884.26,570212.51
A0007744,2026-07,570212.51,34913.89,55380.41,549745.99
A0007744,2026-08,549745.99,73960.81,35129.82,588576.98
A0007744,2026-09,588576.98,20687.05,9955.04,599308.99
A0007744,2026-10,599308.99,28935.09,35385.77,592858.31
A0007744,2026-11,592858.31,4045.98,82057.72,514846.57
A0007744,2026-12,514846.57,8843.31,192133.43,331556.45
A0007745,2021-01,37071.23,163715.19,93745.13,107041.29
A0007745,2021-02,107041.29,57397.57,126502.62,37936.24
A0007745,2021-03,37936.24,133486.54,66315.44,105107.34
A0007745,2021-04,105107.34,103528.49,105733.88,102901.95
A0007745,2021-05,102901.95,94045.63,147527.23,49420.35
A0007745,2021-06,49420.35,146053.73,160263.28,35210.8
A0007745,2021-07,35210.8,205300.07,118417.54,122093.33
A0007745,2021-08,122093.33,106005.32,88407.96,139690.69
A0007745,2021-09,139690.69,319446.46,181882.22,277254.93
A0007745,2021-10,277254.93,78814.7,135029.16,221040.47
A0007745,2021-11,221040.47,90855.24,90830.54,221065.17
A0007745,2021-12,221065.17,196453.88,99299.51,318219.54
A0007745,2022-01,318219.54,155056.57,370964.48,102311.63
A0007745,2022-02,102311.63,233913.74,191747.32,144478.05
A0007745,2022-03,144478.05,252078.53,191085.26,205471.32
A0007745,2022-04,205471.32,105660.67,66777.95,244354.04
A0007745,2022-05,244354.04,129252.93,103771.06,269835.91
A0007745,2022-06,269835.91,115893.79,130882.81,254846.89
A0007745,2022-07,254846.89,158597.18,238718.15,174725.92
A0007745,2022-08,174725.92,126277.15,145910.26,155092.81
A0007745,2022-09,155092.81,140927.75,113544.57,182475.99
A0007745,2022-10,182475.99,96799.97,128056.67,151219.29
A0007745,2022-11,151219.29,210328.51,113356.51,248191.29
A0007745,2022-12,248191.29,159985.51,166818.14,241358.66
A0007745,2023-01,241358.66,149422.74,363921.19,26860.21
A0007745,2023-02,26860.21,307377.65,215466.37,118771.49
A0007745,2023-03,118771.49,268093.31,147630.38,239234.42
A0007745,2023-04,239234.42,124488.82,72486.78,291236.46
A0007745,2023-05,291236.46,109893.04,21993.67,379135.83
A0007745,2023-06,379135.83,465272.69,296779.45,547629.07
A0007745,2023-07,547629.07,193934.31,233186.84,508376.54
A0007745,2023-08,508376.54,103342.7,87194.15,524525.09
A0007745,2023-09,524525.09,98603.22,282765.13,340363.18
A0007745,2023-10,340363.18,115780.34,173835.56,282307.96
A0007745,2023-11,282307.96,195826.86,94002.02,384132.8
A0007745,2023-12,384132.8,122446.42,190374.41,316204.81
A0007745,2024-01,316204.81,157573.16,280359.0,193418.97
A0007745,2024-02,193418.97,123450.59,176657.95,140211.61
A0007745,2024-03,140211.61,93464.14,126447.76,107227.99
A0007745,2024-04,107227.99,184275.35,169613.94,121889.4
A0007745,2024-05,121889.4,396687.99,459964.85,58612.54
A0007745,2024-06,58612.54,179626.12,189908.79,48329.87
A0007745,2024-07,48329.87,144585.99,46693.34,146222.52
A0007745,2024-08,146222.52,167538.72,19031.25,294729.99
A0007745,2024-09,294729.99,159242.73,126475.46,327497.26
A0007745,2024-10,327497.26,136488.14,119889.0,344096.4
A0007745,2024-11,344096.4,161696.52,393237.28,112555.64
A0007745,2024-12,112555.64,171283.24,250754.42,33084.46
A0007745,2025-01,33084.46,386512.45,266910.69,152686.22
A0007745,2025-02,152686.22,252968.0,402933.59,2720.63
A0007745,2025-03,2720.63,247134.33,50600.36,199254.6
A0007745,2025-04,199254.6,199384.58,74963.39,323675.79
A0007745,2025-05,323675.79,159974.51,78622.11,405028.19
A0007745,2025-06,405028.19,112658.39,55701.03,461985.55
A0007745,2025-07,461985.55,161021.21,238301.44,384705.32
A0007745,2025-08,384705.32,213766.9,242277.55,356194.67
A0007745,2025-09,356194.67,198556.57,149194.96,405556.28
A0007745,2025-10,405556.28,256875.1,215018.86,447412.52
A0007745,2025-11,447412.52,142381.6,392560.62,197233.5
A0007745,2025-12,197233.5,291428.8,375963.02,112699.28
A0007745,2026-01,112699.28,131945.53,126214.86,118429.95
A0007745,2026-02,118429.95,116927.8,84306.56,151051.19
A0007745,2026-03,151051.19,276891.39,83619.65,344322.93
A0007745,2026-04,344322.93,206429.89,19884.95,530867.87
A0007745,2026-05,530867.87,213138.17,188864.45,555141.59
A0007745,2026-06,555141.59,53786.94,166966.59,441961.94
A0007745,2026-07,441961.94,164647.09,275773.7,330835.33
A0007745,2026-08,330835.33,182748.31,113019.73,400563.91
A0007745,2026-09,400563.91,142323.76,40764.4,502123.27
A0007745,2026-10,502123.27,161875.78,174320.15,489678.9
A0007745,2026-11,489678.9,191660.65,253076.88,428262.67
A0007745,2026-12,428262.67,400980.64,124316.48,704926.83
A0007763,2021-01,21663.33,37531.12,29627.43,29567.02
A0007763,2021-02,29567.02,37104.43,31006.77,35664.68
A0007763,2021-03,35664.68,16688.0,7919.98,44432.7
A0007763,2021-04,44432.7,40069.17,34011.08,50490.79
A0007763,2021-05,50490.79,4737.22,12165.72,43062.29
A0007763,2021-06,43062.29,29894.99,8610.62,64346.66
A0007763,2021-07,64346.66,57058.17,574.58,120830.25
A0007763,2021-08,120830.25,81376.75,54609.33,147597.67
A0007763,2021-09,147597.67,12807.88,34099.78,126305.77
A0007763,2021-10,126305.77,10206.45,29316.57,107195.65
A0007763,2021-11,107195.65,351588.18,5670.25,453113.58
A0007763,2021-12,453113.58,15306.55,9237.97,459182.16
A0007763,2022-01,459182.16,515070.33,9377.74,964874.75
A0007763,2022-02,964874.75,70760.37,253032.88,782602.24
A0007763,2022-03,782602.24,49569.97,20576.19,811596.02
A0007763,2022-04,811596.02,40220.27,12097.42,839718.87
A0007763,2022-05,839718.87,240157.95,30356.13,1049520.69
A0007763,2022-06,1049520.69,11704.25,77257.05,983967.89
A0007763,2022-07,983967.89,7533.24,10021.3,981479.83
A0007763,2022-08,981479.83,1187.21,35392.0,947275.04
A0007763,2022-09,947275.04,38000.79,46613.26,938662.57
A0007763,2022-10,938662.57,58843.67,13668.2,983838.04
A0007763,2022-11,983838.04,19001.49,11392.53,991447.0
A0007763,2022-12,991447.0,68171.91,52769.26,1006849.65
A0007763,2023-01,1006849.65,9950.51,30240.6,986559.56
A0007763,2023-02,986559.56,6208.15,58550.67,934217.04
A0007763,2023-03,934217.04,34494.11,25987.99,942723.16
A0007763,2023-04,942723.16,20710.26,10769.38,952664.04
A0007763,2023-05,952664.04,11901.81,53737.27,910828.58
A0007763,2023-06,910828.58,42502.9,224210.65,729120.83
A0007763,2023-07,729120.83,156485.5,69508.79,816097.54
A0007763,2023-08,816097.54,55346.32,2442.51,869001.35
A0007763,2023-09,869001.35,18611.44,18118.72,869494.07
A0007763,2023-10,869494.07,25275.52,13874.51,880895.08
A0007763,2023-11,880895.08,27688.14,43642.56,864940.66
A0007763,2023-12,864940.66,27332.72,53570.42,838702.96
A0007763,2024-01,838702.96,40506.86,27711.85,851497.97
A0007763,2024-02,851497.97,58591.65,16302.91,893786.71
A0007763,2024-03,893786.71,296600.52,26136.46,1164250.77
A0007763,2024-04,1164250.77,28780.86,35492.56,1157539.07
A0007763,2024-05,1157539.07,57856.83,21690.46,1193705.44
A0007763,2024-06,1193705.44,35609.19,20182.88,1209131.75
A0007763,2024-07,1209131.75,38027.28,29296.67,1217862.36
A0007763,2024-08,1217862.36,31381.73,24544.86,1224699.23
A0007763,2024-09,1224699.23,26536.99,25948.49,1225287.73
A0007763,2024-10,1225287.73,17991.18,24491.36,1218787.55
A0007763,2024-11,1218787.55,88077.62,74246.8,1232618.37
A0007763,2024-12,1232618.37,93178.7,141129.19,1184667.88
A0007763,2025-01,1184667.88,39009.53,41883.96,1181793.45
A0007763,2025-02,1181793.45,128198.07,59127.06,1250864.46
A0007767,2021-01,16791.01,12051.19,12819.73,16022.47
A0007767,2021-02,16022.47,17569.79,13147.67,20444.59
A0007767,2021-03,20444.59,8503.62,0.0,28948.21
A0007767,2021-04,28948.21,54038.92,15461.58,67525.55
A0007767,2021-05,67525.55,5552.69,42895.05,30183.19
A0007767,2021-06,30183.19,14808.06,1439.26,43551.99
A0007767,2021-07,43551.99,0.0,0.0,43551.99
A0007767,2021-08,43551.99,15413.8,9600.05,49365.74
A0007767,2021-09,49365.74,5195.53,0.0,54561.27
A0007767,2021-10,54561.27,6186.42,2335.39,58412.3
A0007767,2021-11,58412.3,25913.81,6219.82,78106.29
A0007767,2021-12,78106.29,0.0,11249.89,66856.4
A0007767,2022-01,66856.4,10204.68,4763.22,72297.86
A0007767,2022-02,72297.86,4500.14,45777.43,31020.57
A0007767,2022-03,31020.57,0.0,22267.5,8753.07
A0007767,2022-04,8753.07,5989.83,6614.68,8128.22
A0007767,2022-05,8128.22,8515.72,0.0,16643.94
A0007767,2022-06,16643.94,3070.27,1353.15,18361.06
A0007767,2022-07,18361.06,3370.87,6854.73,14877.2
A0007767,2022-08,14877.2,0.0,11897.08,2980.12
A0007767,2022-09,2980.12,0.0,2423.66,556.46
A0007767,2022-10,556.46,45064.08,1519.33,44101.21
A0007767,2022-11,44101.21,60503.2,31986.78,72617.63
A0007767,2022-12,72617.63,24065.72,0.0,96683.35
A0007767,2023-01,96683.35,0.0,398.58,96284.77
A0007767,2023-02,96284.77,36182.88,9225.9,123241.75
A0007767,2023-03,123241.75,13636.53,0.0,136878.28
A0007767,2023-04,136878.28,11964.41,7319.13,141523.56
A0007767,2023-05,141523.56,2962.59,13622.0,130864.15
A0007767,2023-06,130864.15,5361.81,0.0,136225.96
A0007767,2023-07,136225.96,47801.36,6606.5,177420.82
A0007767,2023-08,177420.82,3605.04,627.29,180398.57
A0007767,2023-09,180398.57,5941.38,0.0,186339.95
A0007767,2023-10,186339.95,24888.65,2939.54,208289.06
A0007767,2023-11,208289.06,16792.35,11046.65,214034.76
A0007767,2023-12,214034.76,7837.37,10174.02,211698.11
A0007767,2024-01,211698.11,3514.1,6982.99,208229.22
A0007767,2024-02,208229.22,21907.27,6308.21,223828.28
A0007767,2024-03,223828.28,0.0,8363.83,215464.45
A0007767,2024-04,215464.45,17073.55,16965.98,215572.02
A0007767,2024-05,215572.02,111603.58,3198.6,323977.0
A0007767,2024-06,323977.0,5607.74,1670.37,327914.37
A0007767,2024-07,327914.37,0.0,20652.52,307261.85
A0007767,2024-08,307261.85,0.0,0.0,307261.85
A0007767,2024-09,307261.85,11988.81,434.43,318816.23
A0007767,2024-10,318816.23,3374.56,5912.04,316278.75
A0007767,2024-11,316278.75,13882.12,7034.38,323126.49
A0007767,2024-12,323126.49,71374.54,29884.74,364616.29
A0007767,2025-01,364616.29,5192.22,665.16,369143.35
A0007767,2025-02,369143.35,7785.81,37657.68,339271.48
A0007767,2025-03,339271.48,0.0,7974.81,331296.67
A0007767,2025-04,331296.67,15671.24,17367.82,329600.09
A0007767,2025-05,329600.09,10868.02,37091.88,303376.23
A0007767,2025-06,303376.23,29507.14,5559.15,327324.22
A0007767,2025-07,327324.22,9379.82,21544.53,315159.51
A0007767,2025-08,315159.51,9443.03,13526.84,311075.7
A0007767,2025-09,311075.7,30165.48,6173.57,335067.61
A0007767,2025-10,335067.61,29142.41,22558.35,341651.67
A0007767,2025-11,341651.67,0.0,37201.58,304450.09
A0007769,2021-01,7809.22,7397.89,1307.28,13899.83
A0007769,2021-02,13899.83,24733.25,8106.81,30526.27
A0007769,2021-03,30526.27,18930.62,19306.17,30150.72
A0007769,2021-04,30150.72,0.0,0.0,30150.72
A0007769,2021-05,30150.72,506.58,334.71,30322.59
A0007769,2021-06,30322.59,8078.71,21427.84,16973.46
A0007769,2021-07,16973.46,46779.44,667.12,63085.78
A0007769,2021-08,63085.78,4780.26,21608.75,46257.29
A0007769,2021-09,46257.29,4628.76,35581.88,15304.17
A0007769,2021-10,15304.17,2916.37,15364.55,2855.99
A0007769,2021-11,2855.99,10713.68,4082.36,9487.31
A0007769,2021-12,9487.31,14070.66,3790.94,19767.03
A0007769,2022-01,19767.03,58083.14,5219.75,72630.42
A0007769,2022-02,72630.42,0.0,24923.52,47706.9
A0007769,2022-03,47706.9,0.0,20680.17,27026.73
A0007769,2022-04,27026.73,29499.22,26891.56,29634.39
A0007769,2022-05,29634.39,35928.68,14022.51,51540.56
A0007769,2022-06,51540.56,4221.68,2688.93,53073.31
A0007769,2022-07,53073.31,0.0,33590.91,19482.4
A0007769,2022-08,19482.4,19833.79,7198.42,32117.77
A0007769,2022-09,32117.77,4368.69,9917.86,26568.6
A0007769,2022-10,26568.6,14750.94,1823.27,39496.27
A0007769,2022-11,39496.27,17728.43,9886.94,47337.76
A0007769,2022-12,47337.76,0.0,6652.89,40684.87
A0007769,2023-01,40684.87,19887.88,12724.95,47847.8
A0007769,2023-02,47847.8,26857.48,8238.96,66466.32
A0007769,2023-03,66466.32,0.0,0.0,66466.32
A0007769,2023-04,66466.32,9502.4,11960.22,64008.5
A0007769,2023-05,64008.5,637.68,11695.15,52951.03
A0007769,2023-06,52951.03,3404.61,1615.27,54740.37
A0007769,2023-07,54740.37,37500.13,20426.39,71814.11
A0007769,2023-08,71814.11,0.0,9423.46,62390.65
A0007769,2023-09,62390.65,1115.7,16060.58,47445.77
A0007769,2023-10,47445.77,1966.05,709.64,48702.18
A0007769,2023-11,48702.18,19501.24,16101.16,52102.26
A0007769,2023-12,52102.26,26929.71,71271.99,7759.98
A0007769,2024-01,7759.98,16065.11,0.0,23825.09
A0007769,2024-02,23825.09,84540.1,739.01,107626.18
A0007769,2024-03,107626.18,24438.16,12835.25,119229.09
A0007769,2024-04,119229.09,15578.49,0.0,134807.58
A0007769,2024-05,134807.58,0.0,18229.02,116578.56
A0007769,2024-06,116578.56,0.0,14026.63,102551.93
A0007769,2024-07,102551.93,4171.85,8512.45,98211.33
A0007769,2024-08,98211.33,0.0,27333.31,70878.02
A0007769,2024-09,70878.02,12328.04,22182.96,61023.1
A0007769,2024-10,61023.1,19935.28,2277.61,78680.77
A0007769,2024-11,78680.77,0.0,7478.78,71201.99
A0007769,2024-12,71201.99,1366.94,23039.08,49529.85
A0007769,2025-01,49529.85,7669.17,28450.95,28748.07
A0007769,2025-02,28748.07,80197.19,4182.34,104762.92
A0007769,2025-03,104762.92,23198.15,79270.35,48690.72
A0007884,2021-01,8099.06,36804.17,4318.77,40584.46
A0007884,2021-02,40584.46,5011.52,36175.28,9420.7
A0007884,2021-03,9420.7,61005.46,4841.61,65584.55
A0007884,2021-04,65584.55,183337.75,70831.25,178091.05
A0007884,2021-05,178091.05,85826.23,154165.68,109751.6
A0007884,2021-06,109751.6,0.0,1896.11,107855.49
A0007884,2021-07,107855.49,8851.1,12918.26,103788.33
A0007884,2021-08,103788.33,32828.84,15492.4,121124.77
A0007884,2021-09,121124.77,10655.59,21093.17,110687.19
A0007884,2021-10,110687.19,9331.31,81428.82,38589.68
A0007884,2021-11,38589.68,3867.07,15904.04,26552.71
A0007884,2021-12,26552.71,6231.91,0.0,32784.62
A0007884,2022-01,32784.62,8555.41,36915.58,4424.45
A0007884,2022-02,4424.45,1815.04,5930.33,309.16
A0007884,2022-03,309.16,72528.17,14371.67,58465.66
A0007884,2022-04,58465.66,65964.52,7698.19,116731.99
A0007884,2022-05,116731.99,91697.34,29701.04,178728.29
A0007884,2022-06,178728.29,0.0,879.3,177848.99
A0007884,2022-07,177848.99,15380.73,27073.45,166156.27
A0007884,2022-08,166156.27,51476.41,43660.7,173971.98
A0007884,2022-09,173971.98,28249.96,162888.05,39333.89
A0007884,2022-10,39333.89,16328.67,39483.54,16179.02
A0007884,2022-11,16179.02,32654.06,8843.01,39990.07
A0007884,2022-12,39990.07,70837.19,87549.06,23278.2
A0007884,2023-01,23278.2,78694.4,11528.67,90443.93
A0007884,2023-02,90443.93,1771.79,27766.37,64449.35
A0007884,2023-03,64449.35,3455.75,19311.44,48593.66
A0007884,2023-04,48593.66,45445.53,41781.3,52257.89
A0007884,2023-05,52257.89,35962.85,12416.94,75803.8
A0007884,2023-06,75803.8,113574.24,122545.13,66832.91
A0007884,2023-07,66832.91,178517.85,58417.72,186933.04
A0007884,2023-08,186933.04,29947.36,115274.02,101606.38
A0007884,2023-09,101606.38,48885.48,3731.64,146760.22
A0007884,2023-10,146760.22,0.0,41305.26,105454.96
A0007884,2023-11,105454.96,137122.07,80219.36,162357.67
A0007884,2023-12,162357.67,85970.13,108112.2,140215.6
A0007884,2024-01,140215.6,150209.25,8713.21,281711.64
A0007884,2024-02,281711.64,10661.73,183144.31,109229.06
A0007884,2024-03,109229.06,112288.27,55864.61,165652.72
A0007884,2024-04,165652.72,52942.54,152222.74,66372.52
A0007884,2024-05,66372.52,27104.8,41845.03,51632.29
A0007884,2024-06,51632.29,16737.7,0.0,68369.99
A0007884,2024-07,68369.99,156209.32,83957.54,140621.77
A0007884,2024-08,140621.77,23352.98,63260.63,100714.12
A0007884,2024-09,100714.12,221975.05,13323.95,309365.22
A0007884,2024-10,309365.22,109823.15,197889.49,221298.88
A0007884,2024-11,221298.88,133979.83,120688.0,234590.71
A0007884,2024-12,234590.71,29604.83,135799.9,128395.64
A0007884,2025-01,128395.64,22434.31,77658.3,73171.65
A0007884,2025-02,73171.65,0.0,63613.33,9558.32
A0007884,2025-03,9558.32,5091.84,9501.62,5148.54
A0007884,2025-04,5148.54,155963.1,19108.37,142003.27
A0007884,2025-05,142003.27,98016.46,72564.55,167455.18
A0007884,2025-06,167455.18,44917.1,137303.91,75068.37
A0007884,2025-07,75068.37,15717.99,0.0,90786.36
A0007884,2025-08,90786.36,57128.79,103520.63,44394.52
A0007884,2025-09,44394.52,97927.27,43654.99,98666.8
A0007884,2025-10,98666.8,45588.4,30165.48,114089.72
A0007884,2025-11,114089.72,169348.66,168832.48,114605.9
A0007884,2025-12,114605.9,201829.32,27890.6,288544.62
A0007884,2026-01,288544.62,37589.35,12675.86,313458.11
A0007884,2026-02,313458.11,36402.81,0.0,349860.92
A0007884,2026-03,349860.92,0.0,10163.34,339697.58
A0007884,2026-04,339697.58,5641.08,61257.13,284081.53
A0007884,2026-05,284081.53,6800.39,185430.47,105451.45
A0007884,2026-06,105451.45,172778.13,155108.98,123120.6
A0007884,2026-07,123120.6,213344.59,98168.76,238296.43
A0007884,2026-08,238296.43,14363.5,65378.13,187281.8
A0007884,2026-09,187281.8,45700.27,173496.66,59485.41
A0007884,2026-10,59485.41,0.0,12477.74,47007.67
A0007884,2026-11,47007.67,60242.26,25503.47,81746.46
A0007884,2026-12,81746.46,32061.39,42320.17,71487.68
A0007885,2021-01,232893.13,89275.61,75395.33,246773.41
A0007885,2021-02,246773.41,239136.39,308834.34,177075.46
A0007885,2021-03,177075.46,153285.21,217875.62,112485.05
A0007885,2021-04,112485.05,84134.2,40517.88,156101.37
A0007885,2021-05,156101.37,87418.8,236841.2,6678.97
A0007885,2021-06,6678.97,277086.5,1691.06,282074.41
A0007885,2021-07,282074.41,112908.2,105492.93,289489.68
A0007885,2021-08,289489.68,11792.5,45367.95,255914.23
A0007885,2021-09,255914.23,208830.43,148461.01,316283.65
A0007885,2021-10,316283.65,74455.48,98285.32,292453.81
A0007885,2021-11,292453.81,40528.06,327523.0,5458.87
A0007885,2021-12,5458.87,268333.17,115651.03,158141.01
A0007885,2022-01,158141.01,194770.2,90611.26,262299.95
A0007885,2022-02,262299.95,88679.97,39242.27,311737.65
A0007885,2022-03,311737.65,209024.28,497995.49,22766.44
A0007885,2022-04,22766.44,141755.78,115249.95,49272.27
A0007885,2022-05,49272.27,278854.89,208232.36,119894.8
A0007885,2022-06,119894.8,89593.39,176044.93,33443.26
A0007885,2022-07,33443.26,8600517.72,96622.94,8537338.04
A0007885,2022-08,8537338.04,486317.12,380001.33,8643653.83
A0007885,2022-09,8643653.83,224636.41,206481.29,8661808.95
A0007885,2022-10,8661808.95,374400.7,299225.45,8736984.2
A0007885,2022-11,8736984.2,0.0,203483.87,8533500.33
A0007885,2022-12,8533500.33,78093.11,452927.27,8158666.17
A0007885,2023-01,8158666.17,96527.64,181692.41,8073501.4
A0007885,2023-02,8073501.4,0.0,184265.0,7889236.4
A0007885,2023-03,7889236.4,128293.36,170889.74,7846640.02
A0007885,2023-04,7846640.02,111929.61,227305.84,7731263.79
A0007885,2023-05,7731263.79,124237.12,176817.0,7678683.91
A0007885,2023-06,7678683.91,103581.77,115025.09,7667240.59
A0007885,2023-07,7667240.59,158154.59,91360.73,7734034.45
A0007885,2023-08,7734034.45,103978.04,137321.55,7700690.94
A0007885,2023-09,7700690.94,175220.31,531389.81,7344521.44
A0007885,2023-10,7344521.44,241026.58,6459428.77,1126119.25
A0007885,2023-11,1126119.25,297935.15,536667.63,887386.77
A0007885,2023-12,887386.77,133576.77,393856.36,627107.18
A0007885,2024-01,627107.18,31124.84,173184.88,485047.14
A0007885,2024-02,485047.14,201493.91,263031.11,423509.94
A0007885,2024-03,423509.94,132477.81,542873.91,13113.84
A0007885,2024-04,13113.84,72339.13,56087.32,29365.65
A0007885,2024-05,29365.65,170401.56,174348.55,25418.66
A0007885,2024-06,25418.66,141065.74,8383.01,158101.39
A0007885,2024-07,158101.39,115499.22,153937.49,119663.12
A0007885,2024-08,119663.12,127942.31,240551.39,7054.04
A0007885,2024-09,7054.04,135568.8,138869.7,3753.14
A0007885,2024-10,3753.14,282263.83,261533.39,24483.58
A0007885,2024-11,24483.58,187569.83,110066.27,101987.14
A0007885,2024-12,101987.14,134252.72,91289.04,144950.82
A0007885,2025-01,144950.82,221331.86,237340.79,128941.89
A0007885,2025-02,128941.89,294509.16,207416.77,216034.28
A0007885,2025-03,216034.28,94530.3,247480.96,63083.62
A0007885,2025-04,63083.62,162710.06,208192.66,17601.02
A0007885,2025-05,17601.02,292613.74,218794.54,91420.22
A0007885,2025-06,91420.22,24211.71,101489.82,14142.11
A0007885,2025-07,14142.11,292589.61,221316.64,85415.08
A0007885,2025-08,85415.08,238592.73,265328.64,58679.17
A0007885,2025-09,58679.17,118908.71,150264.3,27323.58
A0007885,2025-10,27323.58,266465.47,160079.91,133709.14
A0007885,2025-11,133709.14,139896.12,214609.43,58995.83
A0007885,2025-12,58995.83,219604.7,194343.05,84257.48
A0007885,2026-01,84257.48,173214.34,256778.39,693.43
A0007885,2026-02,693.43,144394.24,134999.92,10087.75
A0007885,2026-03,10087.75,175939.01,103622.05,82404.71
A0007885,2026-04,82404.71,165070.12,189010.63,58464.2
A0007885,2026-05,58464.2,129021.77,110353.52,77132.45
A0007885,2026-06,77132.45,189966.32,162430.33,104668.44
A0007885,2026-07,104668.44,247470.5,327697.41,24441.53
A0007885,2026-08,24441.53,240183.62,234572.78,30052.37
A0007885,2026-09,30052.37,227575.03,163720.5,93906.9
A0007885,2026-10,93906.9,175959.14,148125.03,121741.01
A0007885,2026-11,121741.01,144340.43,262572.94,3508.5
A0007885,2026-12,3508.5,151938.75,56664.49,98782.76
A0007912,2021-01,61980.51,3264.53,28967.48,36277.56
A0007912,2021-02,36277.56,0.0,19993.32,16284.24
A0007912,2021-03,16284.24,5188.55,0.0,21472.79
A0007912,2021-04,21472.79,10790.8,20381.45,11882.14
A0007912,2021-05,11882.14,10772.12,0.0,22654.26
A0007912,2021-06,22654.26,4382.21,0.0,27036.47
A0007912,2021-07,27036.47,2975.28,12983.06,17028.69
A0007912,2021-08,17028.69,3463.36,0.0,20492.05
A0007912,2021-09,20492.05,40642.66,39287.34,21847.37
A0007912,2021-10,21847.37,16859.0,16689.92,22016.45
A0007912,2021-11,22016.45,1722.16,12104.27,11634.34
A0007912,2021-12,11634.34,62448.16,3590.94,70491.56
A0007912,2022-01,70491.56,10804.71,9707.97,71588.3
A0007912,2022-02,71588.3,0.0,5539.42,66048.88
A0007912,2022-03,66048.88,7162.63,1974.02,71237.49
A0007912,2022-04,71237.49,14059.33,43759.56,41537.26
A0007912,2022-05,41537.26,800793.63,11485.81,830845.08
A0007912,2022-06,830845.08,18225.92,57429.9,791641.1
A0007912,2022-07,791641.1,57252.93,30214.54,818679.49
A0007912,2022-08,818679.49,0.0,18722.04,799957.45
A0007912,2022-09,799957.45,0.0,31550.96,768406.49
A0007912,2022-10,768406.49,0.0,37712.85,730693.64
A0007912,2022-11,730693.64,16684.47,34116.91,713261.2
A0007912,2022-12,713261.2,20452.23,66015.85,667697.58
A0007912,2023-01,667697.58,0.0,39522.04,628175.54
A0007912,2023-02,628175.54,12782.33,52720.67,588237.2
A0007912,2023-03,588237.2,23312.99,2314.34,609235.85
A0007912,2023-04,609235.85,8414.14,45288.95,572361.04
A0007912,2023-05,572361.04,544.49,0.0,572905.53
A0007912,2023-06,572905.53,2557.25,42013.01,533449.77
A0007912,2023-07,533449.77,18446.01,18622.0,533273.78
A0007912,2023-08,533273.78,16458.11,57557.66,492174.23
A0007912,2023-09,492174.23,7913.0,77684.35,422402.88
A0007912,2023-10,422402.88,0.0,57546.91,364855.97
A0007912,2023-11,364855.97,2078.7,32090.21,334844.46
A0007912,2023-12,334844.46,0.0,30214.54,304629.92
A0007912,2024-01,304629.92,30448.49,9591.87,325486.54
A0007912,2024-02,325486.54,7436.35,16647.39,316275.5
A0007912,2024-03,316275.5,6736.8,33681.7,289330.6
A0007912,2024-04,289330.6,5205.11,8833.65,285702.06
A0007912,2024-05,285702.06,5365.39,30214.54,260852.91
A0007912,2024-06,260852.91,0.0,58812.31,202040.6
A0007912,2024-07,202040.6,25126.4,99359.39,127807.61
A0007912,2024-08,127807.61,14125.21,32481.41,109451.41
A0007912,2024-09,109451.41,20433.77,38453.59,91431.59
A0007912,2024-10,91431.59,14969.27,41550.52,64850.34
A0007912,2024-11,64850.34,0.0,28192.75,36657.59
A0007912,2024-12,36657.59,34517.3,50965.29,20209.6
A0007912,2025-01,20209.6,5131.33,11640.14,13700.79
A0007912,2025-02,13700.79,8036.92,6521.24,15216.47
A0007912,2025-03,15216.47,0.0,14049.85,1166.62
A0007912,2025-04,1166.62,357896.94,0.0,359063.56
A0007912,2025-05,359063.56,644.11,22497.84,337209.83
A0007912,2025-06,337209.83,40388.88,0.0,377598.71
A0007912,2025-07,377598.71,10500.97,20167.36,367932.32
A0007912,2025-08,367932.32,0.0,6009.05,361923.27
A0007912,2025-09,361923.27,31876.89,0.0,393800.16
A0007912,2025-10,393800.16,2852.23,9799.21,386853.18
A0007912,2025-11,386853.18,0.0,0.0,386853.18
A0007912,2025-12,386853.18,52127.12,25333.73,413646.57
A0007912,2026-01,413646.57,58667.89,37165.59,435148.87
A0007912,2026-02,435148.87,0.0,22497.84,412651.03
A0007912,2026-03,412651.03,52860.59,23387.07,442124.55
A0007912,2026-04,442124.55,53049.39,29285.31,465888.63
A0007912,2026-05,465888.63,22819.84,31826.08,456882.39
A0007912,2026-06,456882.39,0.0,989.55,455892.84
A0007912,2026-07,455892.84,0.0,12017.56,443875.28
A0007912,2026-08,443875.28,6560.34,0.0,450435.62
A0007912,2026-09,450435.62,6599.21,7757.26,449277.57
A0007912,2026-10,449277.57,21382.26,67017.39,403642.44
A0007912,2026-11,403642.44,5852.6,5525.6,403969.44
A0007912,2026-12,403969.44,30779.37,0.0,434748.81
A0007914,2021-01,5346.38,0.0,5253.2,93.18
A0007914,2021-02,93.18,0.0,0.0,93.18
A0007914,2021-03,93.18,0.0,52.52,40.66
A0007914,2021-04,40.66,0.0,0.0,40.66
A0007914,2021-05,40.66,0.0,0.0,40.66
A0007914,2021-06,40.66,0.0,0.0,40.66
A0007914,2021-07,40.66,221.42,0.0,262.08
A0007914,2021-08,262.08,0.0,0.0,262.08
A0007914,2021-09,262.08,0.0,0.0,262.08
A0007914,2021-10,262.08,169.89,237.59,194.38
A0007914,2021-11,194.38,271.88,0.0,466.26
A0007914,2021-12,466.26,0.0,0.0,466.26
A0007914,2022-01,466.26,76.23,0.0,542.49
A0007914,2022-02,542.49,0.0,0.0,542.49
A0007914,2022-03,542.49,0.0,236.48,306.01
A0007914,2022-04,306.01,0.0,27.81,278.2
A0007914,2022-05,278.2,0.0,0.0,278.2
A0007914,2022-06,278.2,106.2,0.0,384.4
A0007914,2022-07,384.4,0.0,244.3,140.1
A0007914,2022-08,140.1,185.65,0.0,325.75
A0007914,2022-09,325.75,39.25,0.0,365.0
A0007914,2022-10,365.0,0.0,288.75,76.25
A0007914,2022-11,76.25,0.0,0.0,76.25
A0007914,2022-12,76.25,1200.32,0.0,1276.57
A0007914,2023-01,1276.57,67.58,365.08,979.07
A0007914,2023-02,979.07,253.08,819.74,412.41
A0007914,2023-03,412.41,206.14,22.62,595.93
A0007914,2023-04,595.93,0.0,357.63,238.3
A0007914,2023-05,238.3,0.0,127.91,110.39
A0007914,2023-06,110.39,0.0,0.0,110.39
A0007914,2023-07,110.39,0.0,0.0,110.39
A0007914,2023-08,110.39,623.35,0.0,733.74
A0007914,2023-09,733.74,290.94,99.07,925.61
A0007914,2023-10,925.61,0.0,0.0,925.61
A0007914,2023-11,925.61,144.43,0.0,1070.04
A0007914,2023-12,1070.04,139.06,183.9,1025.2
A0007914,2024-01,1025.2,0.0,0.0,1025.2
A0007914,2024-02,1025.2,0.0,136.44,888.76
A0007914,2024-03,888.76,0.0,0.0,888.76
A0007914,2024-04,888.76,0.0,478.72,410.04
A0007914,2024-05,410.04,123.95,0.0,533.99
A0007914,2024-06,533.99,0.0,80.16,453.83
A0007914,2024-07,453.83,389.85,0.0,843.68
A0007914,2024-08,843.68,638.6,409.15,1073.13
A0007914,2024-09,1073.13,0.0,0.0,1073.13
A0007914,2024-10,1073.13,558.17,0.0,1631.3
A0007914,2024-11,1631.3,26979.72,0.0,28611.02
A0007914,2024-12,28611.02,0.0,387.3,28223.72
A0007914,2025-01,28223.72,0.0,0.0,28223.72
A0007914,2025-02,28223.72,360.74,59.84,28524.62
A0007914,2025-03,28524.62,0.0,0.0,28524.62
A0007914,2025-04,28524.62,129.92,85.07,28569.47
A0007914,2025-05,28569.47,0.0,0.0,28569.47
A0007914,2025-06,28569.47,195.47,0.0,28764.94
A0007914,2025-07,28764.94,250.41,0.0,29015.35
A0007914,2025-08,29015.35,0.0,0.0,29015.35
A0007914,2025-09,29015.35,230.09,0.0,29245.44
A0007914,2025-10,29245.44,0.0,811.92,28433.52
A0007914,2025-11,28433.52,0.0,94.43,28339.09
A0007914,2025-12,28339.09,55.42,0.0,28394.51
A0007914,2026-01,28394.51,0.0,0.0,28394.51
A0007914,2026-02,28394.51,0.0,0.0,28394.51
A0007914,2026-03,28394.51,748.43,549.22,28593.72
A0007914,2026-04,28593.72,0.0,0.0,28593.72
A0007914,2026-05,28593.72,312.6,0.0,28906.32
A0007914,2026-06,28906.32,0.0,43.33,28862.99
A0007914,2026-07,28862.99,1112.93,19781.74,10194.18
A0007914,2026-08,10194.18,0.0,0.0,10194.18
A0007914,2026-09,10194.18,0.0,181.63,10012.55
A0007914,2026-10,10012.55,0.0,0.0,10012.55
A0007914,2026-11,10012.55,90.06,998.9,9103.71
A0007914,2026-12,9103.71,466.75,0.0,9570.46
A0008004,2021-01,42370.06,6537.64,33643.1,15264.6
A0008004,2021-02,15264.6,42064.86,4117.74,53211.72
A0008004,2021-03,53211.72,27728.12,23642.35,57297.49
A0008004,2021-04,57297.49,3267.44,3908.03,56656.9
A0008004,2021-05,56656.9,14647.19,3641.59,67662.5
A0008004,2021-06,67662.5,4862.63,25817.27,46707.86
A0008004,2021-07,46707.86,35099.55,16447.53,65359.88
A0008004,2021-08,65359.88,13588.24,42219.52,36728.6
A0008004,2021-09,36728.6,2134.88,19479.37,19384.11
A0008004,2021-10,19384.11,104707.85,13034.74,111057.22
A0008004,2021-11,111057.22,25418.99,16465.96,120010.25
A0008004,2021-12,120010.25,0.0,16980.36,103029.89
A0008004,2022-01,103029.89,61151.29,2637.0,161544.18
A0008004,2022-02,161544.18,834.95,2247.63,160131.5
A0008004,2022-03,160131.5,27050.15,38625.29,148556.36
A0008004,2022-04,148556.36,9049.87,29899.14,127707.09
A0008004,2022-05,127707.09,2767.26,10751.05,119723.3
A0008004,2022-06,119723.3,9621.14,10751.95,118592.49
A0008004,2022-07,118592.49,64772.65,31306.49,152058.65
A0008004,2022-08,152058.65,2569.04,11297.03,143330.66
A0008004,2022-09,143330.66,0.0,19335.33,123995.33
A0008004,2022-10,123995.33,63370.64,4254.43,183111.54
A0008004,2022-11,183111.54,39746.87,38178.27,184680.14
A0008004,2022-12,184680.14,23353.19,27690.22,180343.11
A0008004,2023-01,180343.11,14477.24,73820.94,120999.41
A0008004,2023-02,120999.41,16220.98,8446.97,128773.42
A0008004,2023-03,128773.42,25124.5,15432.65,138465.27
A0008004,2023-04,138465.27,3051.33,0.0,141516.6
A0008004,2023-05,141516.6,19422.95,2532.07,158407.48
A0008004,2023-06,158407.48,15346.92,0.0,173754.4
A0008004,2023-07,173754.4,58565.93,106346.1,125974.23
A0008004,2023-08,125974.23,12575.52,22238.03,116311.72
A0008004,2023-09,116311.72,16091.04,39298.87,93103.89
A0008004,2023-10,93103.89,8480.51,38490.78,63093.62
A0008004,2023-11,63093.62,37047.73,14726.63,85414.72
A0008004,2023-12,85414.72,47018.1,86168.25,46264.57
A0008004,2024-01,46264.57,25573.78,37738.88,34099.47
A0008004,2024-02,34099.47,62166.47,56615.66,39650.28
A0008004,2024-03,39650.28,12142.72,4634.71,47158.29
A0008004,2024-04,47158.29,36267.35,28119.43,55306.21
A0008004,2024-05,55306.21,10052.03,27164.49,38193.75
A0008004,2024-06,38193.75,18006.47,9378.87,46821.35
A0008004,2024-07,46821.35,57442.34,6416.92,97846.77
A0008004,2024-08,97846.77,33979.96,6722.61,125104.12
A0008004,2024-09,125104.12,12051.31,31226.42,105929.01
A0008004,2024-10,105929.01,39849.48,97227.0,48551.49
A0008004,2024-11,48551.49,7233.45,19589.22,36195.72
A0008004,2024-12,36195.72,7408.35,2187.28,41416.79
A0008004,2025-01,41416.79,33635.47,7427.76,67624.5
A0008004,2025-02,67624.5,60715.14,0.0,128339.64
A0008004,2025-03,128339.64,25501.18,2736.03,151104.79
A0008004,2025-04,151104.79,8667.55,85159.9,74612.44
A0008004,2025-05,74612.44,13988.65,22993.61,65607.48
A0008004,2025-06,65607.48,64183.56,0.0,129791.04
A0008004,2025-07,129791.04,13083.79,38524.71,104350.12
A0008004,2025-08,104350.12,4269.94,28754.32,79865.74
A0008004,2025-09,79865.74,27840.94,5336.16,102370.52
A0008004,2025-10,102370.52,74781.69,118454.29,58697.92
A0008004,2025-11,58697.92,103616.6,81993.09,80321.43
A0008004,2025-12,80321.43,79316.18,32410.79,127226.82
A0008004,2026-01,127226.82,26830.66,8127.23,145930.25
A0008004,2026-02,145930.25,12763.56,8859.16,149834.65
A0008004,2026-03,149834.65,6794.51,40072.21,116556.95
A0008004,2026-04,116556.95,44901.76,18151.89,143306.82
A0008004,2026-05,143306.82,44848.42,0.0,188155.24
A0008004,2026-06,188155.24,108959.49,97263.74,199850.99
A0008004,2026-07,199850.99,35195.55,26352.6,208693.94
A0008004,2026-08,208693.94,55760.66,130191.48,134263.12
A0008004,2026-09,134263.12,59191.95,4668.42,188786.65
A0008004,2026-10,188786.65,6113.66,83504.94,111395.37
A0008004,2026-11,111395.37,26266.01,0.0,137661.38
A0008004,2026-12,137661.38,25423.4,52360.98,110723.8
A0008005,2021-01,27153.27,13665.69,25415.02,15403.94
A0008005,2021-02,15403.94,23910.92,7282.57,32032.29
A0008005,2021-03,32032.29,12211.11,3306.21,40937.19
A0008005,2021-04,40937.19,1604.32,6238.21,36303.3
A0008005,2021-05,36303.3,16780.57,28438.77,24645.1
A0008005,2021-06,24645.1,0.0,4385.17,20259.93
A0008005,2021-07,20259.93,40800.7,28790.84,32269.79
A0008005,2021-08,32269.79,8769.3,0.0,41039.09
A0008005,2021-09,41039.09,12744.19,42596.74,11186.54
A0008005,2021-10,11186.54,34367.87,2955.12,42599.29
A0008005,2021-11,42599.29,8975.1,0.0,51574.39
A0008005,2021-12,51574.39,993.73,19789.85,32778.27
A0008005,2022-01,32778.27,0.0,19263.08,13515.19
A0008005,2022-02,13515.19,22756.85,8533.44,27738.6
A0008005,2022-03,27738.6,7334.58,10932.57,24140.61
A0008005,2022-04,24140.61,44378.54,8658.77,59860.38
A0008005,2022-05,59860.38,1490.05,38925.28,22425.15
A0008005,2022-06,22425.15,34813.31,18424.8,38813.66
A0008005,2022-07,38813.66,5439.16,2228.52,42024.3
A0008005,2022-08,42024.3,50562.63,15806.62,76780.31
A0008005,2022-09,76780.31,8707.26,5658.53,79829.04
A0008005,2022-10,79829.04,20394.33,43887.1,56336.27
A0008005,2022-11,56336.27,22816.37,14478.3,64674.34
A0008005,2022-12,64674.34,4054.06,35286.12,33442.28
A0008005,2023-01,33442.28,6251.48,7426.56,32267.2
A0008005,2023-02,32267.2,21841.09,8097.56,46010.73
A0008005,2023-03,46010.73,33010.03,2951.45,76069.31
A0008005,2023-04,76069.31,4346.27,15295.22,65120.36
A0008005,2023-05,65120.36,758.18,30543.11,35335.43
A0008005,2023-06,35335.43,48978.2,17864.79,66448.84
A0008005,2023-07,66448.84,31410.17,35855.52,62003.49
A0008005,2023-08,62003.49,30152.13,0.0,92155.62
A0008005,2023-09,92155.62,27693.44,103478.19,16370.87
A0008005,2023-10,16370.87,54909.54,13178.89,58101.52
A0008005,2023-11,58101.52,0.0,42517.19,15584.33
A0008005,2023-12,15584.33,39183.3,13541.3,41226.33
A0008005,2024-01,41226.33,47352.54,35449.51,53129.36
A0008005,2024-02,53129.36,43606.48,0.0,96735.84
A0008005,2024-03,96735.84,51626.5,14371.14,133991.2
A0008005,2024-04,133991.2,81939.32,56925.79,159004.73
A0008005,2024-05,159004.73,11001.43,6015.98,163990.18
A0008005,2024-06,163990.18,42035.45,2930.9,203094.73
A0008005,2024-07,203094.73,2979.4,26097.61,179976.52
A0008005,2024-08,179976.52,0.0,44624.51,135352.01
A0008005,2024-09,135352.01,29943.02,42543.71,122751.32
A0008005,2024-10,122751.32,284469.6,0.0,407220.92
A0008005,2024-11,407220.92,15563.97,36153.0,386631.89
A0008005,2024-12,386631.89,76727.21,99734.98,363624.12
A0008005,2025-01,363624.12,166772.4,68997.58,461398.94
A0008005,2025-02,461398.94,22873.62,0.0,484272.56
A0008005,2025-03,484272.56,71073.73,27745.06,527601.23
A0008005,2025-04,527601.23,21555.21,17921.09,531235.35
A0008005,2025-05,531235.35,47632.37,58057.87,520809.85
A0008005,2025-06,520809.85,9308.25,22335.96,507782.14
A0008005,2025-07,507782.14,2576.26,9323.79,501034.61
A0008005,2025-08,501034.61,11538.33,28271.6,484301.34
A0008005,2025-09,484301.34,0.0,20721.88,463579.46
A0008005,2025-10,463579.46,19335.88,66611.33,416304.01
A0008005,2025-11,416304.01,10070.9,0.0,426374.91
A0008005,2025-12,426374.91,94323.26,12709.48,507988.69
A0008005,2026-01,507988.69,8660.31,93741.35,422907.65
A0008005,2026-02,422907.65,4506.75,9011.1,418403.3
A0008005,2026-03,418403.3,8275.82,4928.94,421750.18
A0008005,2026-04,421750.18,38062.92,21738.95,438074.15
A0008005,2026-05,438074.15,16078.27,95481.43,358670.99
A0008005,2026-06,358670.99,113264.64,54782.29,417153.34
A0008005,2026-07,417153.34,16977.79,348836.71,85294.42
A0008005,2026-08,85294.42,12236.85,44545.61,52985.66
A0008005,2026-09,52985.66,60819.47,0.0,113805.13
A0008005,2026-10,113805.13,40936.95,12979.36,141762.72
A0008005,2026-11,141762.72,0.0,47583.53,94179.19
A0008005,2026-12,94179.19,51280.88,105988.15,39471.92
A0008249,2021-01,1123.2,574.88,479.26,1218.82
A0008249,2021-02,1218.82,60.35,0.0,1279.17
A0008249,2021-03,1279.17,33360.36,1250.83,33388.7
A0008249,2021-04,33388.7,8761.74,0.0,42150.44
A0008249,2021-05,42150.44,868.94,961.47,42057.91
A0008249,2021-06,42057.91,278.04,607.63,41728.32
A0008249,2021-07,41728.32,376.82,0.0,42105.14
A0008249,2021-08,42105.14,0.0,218.73,41886.41
A0008249,2021-09,41886.41,436.21,310.46,42012.16
A0008249,2021-10,42012.16,622.77,8757.14,33877.79
A0008249,2021-11,33877.79,66088.58,0.0,99966.37
A0008249,2021-12,99966.37,396.89,1200.65,99162.61
A0008249,2022-01,99162.61,290.15,0.0,99452.76
A0008249,2022-02,99452.76,216.89,55.33,99614.32
A0008249,2022-03,99614.32,1454.09,0.0,101068.41
A0008249,2022-04,101068.41,0.0,185.71,100882.7
A0008249,2022-05,100882.7,98.64,261.63,100719.71
A0008249,2022-06,100719.71,791.19,298.25,101212.65
A0008249,2022-07,101212.65,546.2,1284.01,100474.84
A0008249,2022-08,100474.84,172.41,0.0,100647.25
A0008249,2022-09,100647.25,338.46,0.0,100985.71
A0008249,2022-10,100985.71,810.48,0.0,101796.19
A0008249,2022-11,101796.19,0.0,170.39,101625.8
A0008249,2022-12,101625.8,0.0,41.41,101584.39
A0008249,2023-01,101584.39,263.64,301.14,101546.89
A0008249,2023-02,101546.89,358.44,247.5,101657.83
A0008249,2023-03,101657.83,0.0,370.39,101287.44
A0008249,2023-04,101287.44,704.63,661.66,101330.41
A0008249,2023-05,101330.41,207.64,220.61,101317.44
A0008249,2023-06,101317.44,0.0,0.0,101317.44
A0008249,2023-07,101317.44,0.0,0.0,101317.44
A0008249,2023-08,101317.44,3485.94,0.0,104803.38
A0008249,2023-09,104803.38,258.4,0.0,105061.78
A0008249,2023-10,105061.78,42.38,0.0,105104.16
A0008249,2023-11,105104.16,22.03,0.0,105126.19
A0008249,2023-12,105126.19,58650.89,0.0,163777.08
A0008249,2024-01,163777.08,0.0,437.09,163339.99
A0008249,2024-02,163339.99,485.45,0.0,163825.44
A0008249,2024-03,163825.44,1880.23,684.03,165021.64
A0008249,2024-04,165021.64,688.47,0.0,165710.11
A0008249,2024-05,165710.11,4760.03,51.65,170418.49
A0008249,2024-06,170418.49,0.0,129.37,170289.12
A0008249,2024-07,170289.12,909.91,2085.4,169113.63
A0008249,2024-08,169113.63,450.26,998.85,168565.04
A0008249,2024-09,168565.04,0.0,828.81,167736.23
A0008249,2024-10,167736.23,1213.8,115.78,168834.25
A0008249,2024-11,168834.25,684.03,0.0,169518.28
A0008249,2024-12,169518.28,678.1,1538.39,168657.99
A0008249,2025-01,168657.99,109.18,0.0,168767.17
A0008249,2025-02,168767.17,647.3,780.81,168633.66
A0008249,2025-03,168633.66,240.89,828.81,168045.74
A0008249,2025-04,168045.74,0.0,1772.31,166273.43
A0008249,2025-05,166273.43,0.0,1578.66,164694.77
A0008249,2025-06,164694.77,777.78,1248.37,164224.18
A0008249,2025-07,164224.18,324.53,973.84,163574.87
A0008249,2025-08,163574.87,0.0,0.0,163574.87
A0008249,2025-09,163574.87,200432.67,82412.56,281594.98
A0008249,2025-10,281594.98,0.0,842.77,280752.21
A0008249,2025-11,280752.21,504.12,85716.61,195539.72
A0008249,2025-12,195539.72,126.92,1061.01,194605.63
A0008249,2026-01,194605.63,1184.36,77.97,195712.02
A0008249,2026-02,195712.02,309.35,973.26,195048.11
A0008249,2026-03,195048.11,658.08,1184.27,194521.92
A0008249,2026-04,194521.92,1791.42,83033.63,113279.71
A0008249,2026-05,113279.71,197.68,935.56,112541.83
A0008249,2026-06,112541.83,1594.11,299.56,113836.38
A0008249,2026-07,113836.38,936.28,1149.53,113623.13
A0008249,2026-08,113623.13,498.51,1720.5,112401.14
A0008249,2026-09,112401.14,512.04,828.81,112084.37
A0008249,2026-10,112084.37,164.18,1176.42,111072.13
A0008249,2026-11,111072.13,1029.2,5294.51,106806.82
A0008249,2026-12,106806.82,955.68,828.81,106933.69
A0008281,2021-01,17547.73,234294.3,109102.75,142739.28
A0008281,2021-02,142739.28,135727.19,238117.8,40348.67
A0008281,2021-03,40348.67,84726.52,122795.66,2279.53
A0008281,2021-04,2279.53,62099.01,64291.93,86.61
A0008281,2021-05,86.61,72879.73,49966.05,23000.29
A0008281,2021-06,23000.29,186846.83,165063.83,44783.29
A0008281,2021-07,44783.29,99583.8,99881.05,44486.04
A0008281,2021-08,44486.04,355013.13,39028.54,360470.63
A0008281,2021-09,360470.63,99496.6,186703.82,273263.41
A0008281,2021-10,273263.41,26502.45,273911.88,25853.98
A0008281,2021-11,25853.98,936700.41,47916.43,914637.96
A0008281,2021-12,914637.96,112238.36,110389.93,916486.39
A0008281,2022-01,916486.39,150943.59,170297.81,897132.17
A0008281,2022-02,897132.17,70405.17,52531.52,915005.82
A0008281,2022-03,915005.82,83248.68,16595.6,981658.9
A0008281,2022-04,981658.9,111119.09,100026.56,992751.43
A0008281,2022-05,992751.43,85754.84,163670.24,914836.03
A0008281,2022-06,914836.03,51201.36,33294.22,932743.17
A0008281,2022-07,932743.17,56411.02,42036.53,947117.66
A0008281,2022-08,947117.66,128942.99,139838.96,936221.69
A0008281,2022-09,936221.69,307278.79,290064.56,953435.92
A0008281,2022-10,953435.92,94006.33,53056.3,994385.95
A0008281,2022-11,994385.95,131753.23,30812.69,1095326.49
A0008281,2022-12,1095326.49,145655.61,624676.11,616305.99
A0008281,2023-01,616305.99,105218.41,76306.54,645217.86
A0008281,2023-02,645217.86,249252.93,294380.09,600090.7
A0008281,2023-03,600090.7,157889.18,229498.95,528480.93
A0008281,2023-04,528480.93,200693.39,46520.76,682653.56
A0008281,2023-05,682653.56,124362.24,193600.97,613414.83
A0008281,2023-06,613414.83,98901.86,224767.28,487549.41
A0008281,2023-07,487549.41,179158.66,121628.47,545079.6
A0008281,2023-08,545079.6,184350.73,368003.76,361426.57
A0008281,2023-09,361426.57,151627.27,44990.01,468063.83
A0008281,2023-10,468063.83,177919.99,249448.32,396535.5
A0008281,2023-11,396535.5,110566.87,30161.91,476940.46
A0008281,2023-12,476940.46,115033.56,210613.34,381360.68
A0008281,2024-01,381360.68,180986.36,113948.28,448398.76
A0008281,2024-02,448398.76,101248.05,133791.38,415855.43
A0008281,2024-03,415855.43,121468.22,123744.94,413578.71
A0008281,2024-04,413578.71,933906.86,93522.43,1253963.14
A0008281,2024-05,1253963.14,93586.54,101422.16,1246127.52
A0008281,2024-06,1246127.52,75180.28,149410.04,1171897.76
A0008281,2024-07,1171897.76,156123.67,323757.91,1004263.52
A0008281,2024-08,1004263.52,93879.26,263046.05,835096.73
A0008281,2024-09,835096.73,107701.41,114197.79,828600.35
A0008281,2024-10,828600.35,113146.3,74874.22,866872.43
A0008281,2024-11,866872.43,83483.37,70933.87,879421.93
A0008281,2024-12,879421.93,145765.74,64905.17,960282.5
A0008281,2025-01,960282.5,175494.39,202599.34,933177.55
A0008281,2025-02,933177.55,177101.3,186789.89,923488.96
A0008281,2025-03,923488.96,118562.38,365342.15,676709.19
A0008281,2025-04,676709.19,162189.52,246428.69,592470.02
A0008281,2025-05,592470.02,130829.87,181047.08,542252.81
A0008281,2025-06,542252.81,109682.24,215391.86,436543.19
A0008281,2025-07,436543.19,145564.03,514289.0,67818.22
A0008281,2025-08,67818.22,175089.66,169507.87,73400.01
A0008281,2025-09,73400.01,165912.13,231035.4,8276.74
A0008281,2025-10,8276.74,407535.31,130431.9,285380.15
A0008281,2025-11,285380.15,377462.64,153277.7,509565.09
A0008281,2025-12,509565.09,102078.25,221177.58,390465.76
A0008281,2026-01,390465.76,167869.78,193693.01,364642.53
A0008281,2026-02,364642.53,114366.55,61635.19,417373.89
A0008281,2026-03,417373.89,226014.41,284674.39,358713.91
A0008281,2026-04,358713.91,190576.47,188102.53,361187.85
A0008281,2026-05,361187.85,230070.99,353753.14,237505.7
A0008281,2026-06,237505.7,195797.16,165355.37,267947.49
A0008281,2026-07,267947.49,15140.47,56878.47,226209.49
A0008281,2026-08,226209.49,338591.75,132640.94,432160.3
A0008281,2026-09,432160.3,106479.07,145018.22,393621.15
A0008281,2026-10,393621.15,98816.14,105185.09,387252.2
A0008281,2026-11,387252.2,114232.11,172852.73,328631.58
A0008281,2026-12,328631.58,183768.87,185056.54,327343.91
A0008325,2021-01,112530.82,89691.54,150544.58,51677.78
A0008325,2021-02,51677.78,44388.78,12308.3,83758.26
A0008325,2021-03,83758.26,71946.71,96823.7,58881.27
A0008325,2021-04,58881.27,125420.42,126549.53,57752.16
A0008325,2021-05,57752.16,304708.2,44518.24,317942.12
A0008325,2021-06,317942.12,47776.72,63185.74,302533.1
A0008325,2021-07,302533.1,95553.13,146687.09,251399.14
A0008325,2021-08,251399.14,113847.31,188473.9,176772.55
A0008325,2021-09,176772.55,75182.5,102927.51,149027.54
A0008325,2021-10,149027.54,89841.07,171881.13,66987.48
A0008325,2021-11,66987.48,47381.97,89657.89,24711.56
A0008325,2021-12,24711.56,29816.72,19772.31,34755.97
A0008325,2022-01,34755.97,160026.77,106882.79,87899.95
A0008325,2022-02,87899.95,106167.18,99476.21,94590.92
A0008325,2022-03,94590.92,1047184.55,160326.34,981449.13
A0008325,2022-04,981449.13,91093.03,54259.65,1018282.51
A0008325,2022-05,1018282.51,192012.29,96850.36,1113444.44
A0008325,2022-06,1113444.44,93717.6,112089.29,1095072.75
A0008325,2022-07,1095072.75,76739.62,211199.12,960613.25
A0008325,2022-08,960613.25,33207.31,47214.4,946606.16
A0008325,2022-09,946606.16,183498.91,64260.44,1065844.63
A0008325,2022-10,1065844.63,163899.21,56909.55,1172834.29
A0008325,2022-11,1172834.29,155267.51,75048.85,1253052.95
A0008325,2022-12,1253052.95,113500.39,217988.96,1148564.38
A0008325,2023-01,1148564.38,101628.34,216833.37,1033359.35
A0008325,2023-02,1033359.35,183035.54,35502.9,1180891.99
A0008325,2023-03,1180891.99,108412.57,246599.49,1042705.07
A0008325,2023-04,1042705.07,120327.67,24719.12,1138313.62
A0008325,2023-05,1138313.62,65478.42,42879.37,1160912.67
A0008325,2023-06,1160912.67,144853.43,65035.04,1240731.06
A0008325,2023-07,1240731.06,149769.46,200938.37,1189562.15
A0008325,2023-08,1189562.15,101463.43,186971.14,1104054.44
A0008325,2023-09,1104054.44,111349.4,35638.13,1179765.71
A0008325,2023-10,1179765.71,40174.06,68530.61,1151409.16
A0008325,2023-11,1151409.16,38061.56,177664.44,1011806.28
A0008325,2023-12,1011806.28,191357.87,40259.68,1162904.47
A0008325,2024-01,1162904.47,152139.72,118351.67,1196692.52
A0008325,2024-02,1196692.52,131787.08,92809.19,1235670.41
A0008325,2024-03,1235670.41,78264.61,242011.06,1071923.96
A0008325,2024-04,1071923.96,188709.84,219048.5,1041585.3
A0008325,2024-05,1041585.3,88421.27,14853.1,1115153.47
A0008325,2024-06,1115153.47,87617.28,161076.38,1041694.37
A0008325,2024-07,1041694.37,86021.51,105615.89,1022099.99
A0008325,2024-08,1022099.99,83079.59,240845.41,864334.17
A0008325,2024-09,864334.17,176842.21,77087.66,964088.72
A0008325,2024-10,964088.72,149801.43,238376.32,875513.83
A0008325,2024-11,875513.83,277814.25,83507.33,1069820.75
A0008325,2024-12,1069820.75,150953.46,192619.56,1028154.65
A0008325,2025-01,1028154.65,141083.19,157276.33,1011961.51
A0008325,2025-02,1011961.51,99413.94,66468.81,1044906.64
A0008325,2025-03,1044906.64,84702.55,61459.84,1068149.35
A0008325,2025-04,1068149.35,148051.32,183367.12,1032833.55
A0008325,2025-05,1032833.55,136583.13,65280.93,1104135.75
A0008325,2025-06,1104135.75,94283.7,130054.95,1068364.5
A0008325,2025-07,1068364.5,20268.39,56811.17,1031821.72
A0008325,2025-08,1031821.72,178673.42,629520.65,580974.49
A0008325,2025-09,580974.49,216723.71,104873.66,692824.54
A0008325,2025-10,692824.54,90477.33,94063.36,689238.51
A0008325,2025-11,689238.51,158418.39,50777.04,796879.86
A0008325,2025-12,796879.86,81888.75,170301.87,708466.74
A0008325,2026-01,708466.74,475121.98,134976.42,1048612.3
A0008325,2026-02,1048612.3,140416.15,80215.01,1108813.44
A0008325,2026-03,1108813.44,187160.51,75455.73,1220518.22
A0008325,2026-04,1220518.22,229051.47,181676.59,1267893.1
A0008325,2026-05,1267893.1,164388.95,271920.99,1160361.06
A0008325,2026-06,1160361.06,236682.83,371094.17,1025949.72
A0008325,2026-07,1025949.72,121091.18,187517.2,959523.7
A0008325,2026-08,959523.7,137527.4,56539.87,1040511.23
A0008325,2026-09,1040511.23,209004.08,155629.19,1093886.12
A0008325,2026-10,1093886.12,173299.03,208708.49,1058476.66
A0008325,2026-11,1058476.66,210619.54,157674.21,1111421.99
A0008325,2026-12,1111421.99,94247.25,295188.69,910480.55
A0008326,2021-01,312395.0,18228.59,213476.52,117147.07
A0008326,2021-02,117147.07,71256.32,29655.06,158748.33
A0008326,2021-03,158748.33,38645.03,13536.76,183856.6
A0008326,2021-04,183856.6,8359.39,0.0,192215.99
A0008326,2021-05,192215.99,60752.65,218711.72,34256.92
A0008326,2021-06,34256.92,40194.85,32199.17,42252.6
A0008326,2021-07,42252.6,37788.6,68275.15,11766.05
A0008326,2021-08,11766.05,7701.96,4653.22,14814.79
A0008326,2021-09,14814.79,11204.91,20551.16,5468.54
A0008326,2021-10,5468.54,20785.99,0.0,26254.53
A0008326,2021-11,26254.53,1252.39,15526.29,11980.63
A0008326,2021-12,11980.63,10498.45,22068.89,410.19
A0008326,2022-01,410.19,59276.02,38583.02,21103.19
A0008326,2022-02,21103.19,69026.39,33931.85,56197.73
A0008326,2022-03,56197.73,25881.36,51773.92,30305.17
A0008326,2022-04,30305.17,60902.71,19255.41,71952.47
A0008326,2022-05,71952.47,0.0,63666.84,8285.63
A0008326,2022-06,8285.63,26372.57,2451.94,32206.26
A0008326,2022-07,32206.26,3792.48,31735.78,4262.96
A0008326,2022-08,4262.96,12465.07,6986.52,9741.51
A0008326,2022-09,9741.51,0.0,0.0,9741.51
A0008326,2022-10,9741.51,25627.2,27142.22,8226.49
A0008326,2022-11,8226.49,48969.72,30180.91,27015.3
A0008326,2022-12,27015.3,8350.39,34059.32,1306.37
A0008326,2023-01,1306.37,73880.63,3757.7,71429.3
A0008326,2023-02,71429.3,0.0,0.0,71429.3
A0008326,2023-03,71429.3,34485.98,87108.17,18807.11
A0008326,2023-04,18807.11,59962.57,60998.52,17771.16
A0008326,2023-05,17771.16,6959.18,0.0,24730.34
A0008326,2023-06,24730.34,143357.99,144232.57,23855.76
A0008326,2023-07,23855.76,0.0,19000.75,4855.01
A0008326,2023-08,4855.01,106767.32,23511.51,88110.82
A0008326,2023-09,88110.82,41846.48,71680.41,58276.89
A0008326,2023-10,58276.89,33188.02,80106.53,11358.38
A0008326,2023-11,11358.38,110604.78,70714.55,51248.61
A0008326,2023-12,51248.61,75711.38,83196.95,43763.04
A0008326,2024-01,43763.04,47600.9,21918.85,69445.09
A0008326,2024-02,69445.09,121237.13,24654.2,166028.02
A0008326,2024-03,166028.02,47116.02,67015.13,146128.91
A0008326,2024-04,146128.91,0.0,36146.6,109982.31
A0008326,2024-05,109982.31,35179.2,20736.41,124425.1
A0008326,2024-06,124425.1,0.0,22192.01,102233.09
A0008326,2024-07,102233.09,74176.1,70168.68,106240.51
A0008326,2024-08,106240.51,26450.83,44651.15,88040.19
A0008326,2024-09,88040.19,10203.86,13513.88,84730.17
A0008326,2024-10,84730.17,15021.17,15484.66,84266.68
A0008326,2024-11,84266.68,42236.23,51150.16,75352.75
A0008326,2024-12,75352.75,40746.72,63278.41,52821.06
A0008326,2025-01,52821.06,149138.31,33420.56,168538.81
A0008326,2025-02,168538.81,36427.24,63318.03,141648.02
A0008326,2025-03,141648.02,143167.81,83677.14,201138.69
A0008326,2025-04,201138.69,110332.47,67509.65,243961.51
A0008326,2025-05,243961.51,107606.62,142651.75,208916.38
A0008326,2025-06,208916.38,110320.93,151416.16,167821.15
A0008326,2025-07,167821.15,68848.23,28809.17,207860.21
A0008326,2025-08,207860.21,46907.13,39879.98,214887.36
A0008326,2025-09,214887.36,55396.21,30845.0,239438.57
A0008326,2025-10,239438.57,47457.56,52918.75,233977.38
A0008326,2025-11,233977.38,86059.57,45039.02,274997.93
A0008326,2025-12,274997.93,86549.99,78848.76,282699.16
A0008326,2026-01,282699.16,48027.43,68718.88,262007.71
A0008326,2026-02,262007.71,39974.74,34055.9,267926.55
A0008326,2026-03,267926.55,143659.86,139351.52,272234.89
A0008326,2026-04,272234.89,50891.54,77366.19,245760.24
A0008326,2026-05,245760.24,15614.14,250869.37,10505.01
A0008326,2026-06,10505.01,0.0,6274.59,4230.42
A0008326,2026-07,4230.42,0.0,2966.96,1263.46
A0008326,2026-08,1263.46,31371.95,32036.04,599.37
A0008326,2026-09,599.37,35225.99,0.0,35825.36
A0008326,2026-10,35825.36,161731.87,78210.73,119346.5
A0008326,2026-11,119346.5,55532.32,19929.91,154948.91
A0008326,2026-12,154948.91,10940.71,27226.98,138662.64
A0008327,2021-01,103751.73,11587.82,0.0,115339.55
A0008327,2021-02,115339.55,0.0,7210.76,108128.79
A0008327,2021-03,108128.79,6961.86,13440.82,101649.83
A0008327,2021-04,101649.83,17285.01,9054.14,109880.7
A0008327,2021-05,109880.7,111362.1,17852.55,203390.25
A0008327,2021-06,203390.25,0.0,7999.02,195391.23
A0008327,2021-07,195391.23,35557.66,2631.67,228317.22
A0008327,2021-08,228317.22,0.0,10497.92,217819.3
A0008327,2021-09,217819.3,31264.88,88159.49,160924.69
A0008327,2021-10,160924.69,29729.81,13980.9,176673.6
A0008327,2021-11,176673.6,44139.68,25622.37,195190.91
A0008327,2021-12,195190.91,19928.88,3138.94,211980.85
A0008327,2022-01,211980.85,25266.96,25059.9,212187.91
A0008327,2022-02,212187.91,47771.07,28695.72,231263.26
A0008327,2022-03,231263.26,18605.97,34620.74,215248.49
A0008327,2022-04,215248.49,0.0,1826.28,213422.21
A0008327,2022-05,213422.21,91577.97,27811.76,277188.42
A0008327,2022-06,277188.42,0.0,0.0,277188.42
A0008327,2022-07,277188.42,45310.6,9912.42,312586.6
A0008327,2022-08,312586.6,2982.26,16000.43,299568.43
A0008327,2022-09,299568.43,48581.44,48304.82,299845.05
A0008327,2022-10,299845.05,5935.85,6729.73,299051.17
A0008327,2022-11,299051.17,80046.56,46924.88,332172.85
A0008327,2022-12,332172.85,6564.47,23951.53,314785.79
A0008327,2023-01,314785.79,19680.73,6928.02,327538.5
A0008327,2023-02,327538.5,8610.66,56039.78,280109.38
A0008327,2023-03,280109.38,223861.79,6469.18,497501.99
A0008327,2023-04,497501.99,44331.76,10401.33,531432.42
A0008327,2023-05,531432.42,13623.18,37350.24,507705.36
A0008327,2023-06,507705.36,0.0,58250.55,449454.81
A0008327,2023-07,449454.81,51801.45,89855.36,411400.9
A0008327,2023-08,411400.9,74000.89,20470.16,464931.63
A0008327,2023-09,464931.63,266957.41,22542.68,709346.36
A0008327,2023-10,709346.36,10671.75,17580.32,702437.79
A0008327,2023-11,702437.79,60302.64,100867.01,661873.42
A0008327,2023-12,661873.42,0.0,11010.53,650862.89
A0008327,2024-01,650862.89,161351.65,103345.44,708869.1
A0008327,2024-02,708869.1,66520.21,44541.66,730847.65
A0008327,2024-03,730847.65,45108.38,94447.63,681508.4
A0008327,2024-04,681508.4,30002.27,43568.7,667941.97
A0008327,2024-05,667941.97,0.0,689.75,667252.22
A0008327,2024-06,667252.22,73571.75,25031.7,715792.27
A0008327,2024-07,715792.27,65497.16,102596.98,678692.45
A0008327,2024-08,678692.45,19662.02,16953.29,681401.18
A0008327,2024-09,681401.18,29569.64,73786.33,637184.49
A0008327,2024-10,637184.49,19410.91,494.21,656101.19
A0008327,2024-11,656101.19,8005.28,41578.26,622528.21
A0008327,2024-12,622528.21,24174.68,22386.08,624316.81
A0008327,2025-01,624316.81,27181.2,16153.77,635344.24
A0008327,2025-02,635344.24,0.0,0.0,635344.24
A0008327,2025-03,635344.24,41283.79,2549.09,674078.94
A0008327,2025-04,674078.94,93363.24,13729.28,753712.9
A0008327,2025-05,753712.9,15057.58,10414.57,758355.91
A0008327,2025-06,758355.91,6694.98,0.0,765050.89
A0008327,2025-07,765050.89,31828.93,40366.34,756513.48
A0008327,2025-08,756513.48,51889.99,0.0,808403.47
A0008327,2025-09,808403.47,2901.08,22036.51,789268.04
A0008327,2025-10,789268.04,33253.83,33188.1,789333.77
A0008327,2025-11,789333.77,140348.17,23505.75,906176.19
A0008327,2025-12,906176.19,1624.97,0.0,907801.16
A0008327,2026-01,907801.16,22367.65,5022.32,925146.49
A0008327,2026-02,925146.49,41862.2,60730.66,906278.03
A0008327,2026-03,906278.03,12355.73,68147.94,850485.82
A0008327,2026-04,850485.82,105091.27,175970.11,779606.98
A0008327,2026-05,779606.98,77855.6,4049.55,853413.03
A0008327,2026-06,853413.03,73061.99,230305.97,696169.05
A0008327,2026-07,696169.05,22616.76,3547.85,715237.96
A0008327,2026-08,715237.96,47964.21,33781.95,729420.22
A0008327,2026-09,729420.22,27140.9,107965.46,648595.66
A0008327,2026-10,648595.66,26194.76,0.0,674790.42
A0008327,2026-11,674790.42,23918.9,2179.29,696530.03
A0008327,2026-12,696530.03,40725.55,29117.7,708137.88
A0008330,2021-01,138435.7,37194.27,175629.97,0.0
A0008331,2021-01,21687.4,118227.28,29120.8,110793.88
A0008331,2021-02,110793.88,52999.99,94007.14,69786.73
A0008331,2021-03,69786.73,101532.42,27292.34,144026.81
A0008331,2021-04,144026.81,80515.05,184068.11,40473.75
A0008331,2021-05,40473.75,76098.0,94547.82,22023.93
A0008331,2021-06,22023.93,99262.48,120888.85,397.56
A0008331,2021-07,397.56,81859.44,61063.41,21193.59
A0008331,2021-08,21193.59,81437.07,100934.29,1696.37
A0008331,2021-09,1696.37,55188.3,52972.02,3912.65
A0008331,2021-10,3912.65,134161.77,114029.36,24045.06
A0008331,2021-11,24045.06,353938.72,72293.46,305690.32
A0008331,2021-12,305690.32,74247.87,105136.21,274801.98
A0008331,2022-01,274801.98,110198.87,59169.62,325831.23
A0008331,2022-02,325831.23,104890.36,171816.25,258905.34
A0008331,2022-03,258905.34,71750.59,44261.26,286394.67
A0008331,2022-04,286394.67,71658.78,167899.57,190153.88
A0008331,2022-05,190153.88,93913.14,21454.97,262612.05
A0008331,2022-06,262612.05,104126.74,43401.91,323336.88
A0008331,2022-07,323336.88,115538.8,61233.09,377642.59
A0008331,2022-08,377642.59,190490.24,343648.75,224484.08
A0008331,2022-09,224484.08,61446.74,110692.4,175238.42
A0008331,2022-10,175238.42,77232.43,114986.05,137484.8
A0008331,2022-11,137484.8,137395.3,60320.0,214560.1
A0008331,2022-12,214560.1,57102.58,19838.38,251824.3
A0008331,2023-01,251824.3,153133.54,128236.02,276721.82
A0008331,2023-02,276721.82,262643.19,156621.53,382743.48
A0008331,2023-03,382743.48,151680.68,27798.58,506625.58
A0008331,2023-04,506625.58,72695.78,51220.02,528101.34
A0008331,2023-05,528101.34,111994.93,140919.45,499176.82
A0008331,2023-06,499176.82,118670.29,169614.94,448232.17
A0008331,2023-07,448232.17,106816.31,289826.67,265221.81
A0008331,2023-08,265221.81,84839.59,117126.02,232935.38
A0008331,2023-09,232935.38,157204.44,103746.75,286393.07
A0008331,2023-10,286393.07,77433.8,284221.7,79605.17
A0008331,2023-11,79605.17,101514.66,9062.23,172057.6
A0008331,2023-12,172057.6,163996.6,105867.53,230186.67
A0008331,2024-01,230186.67,131110.34,106531.22,254765.79
A0008331,2024-02,254765.79,141649.82,200255.49,196160.12
A0008331,2024-03,196160.12,70384.91,66235.91,200309.12
A0008331,2024-04,200309.12,117117.34,115823.92,201602.54
A0008331,2024-05,201602.54,115582.9,152482.16,164703.28
A0008331,2024-06,164703.28,142944.91,192534.36,115113.83
A0008331,2024-07,115113.83,201924.18,153859.62,163178.39
A0008331,2024-08,163178.39,147908.57,55518.42,255568.54
A0008331,2024-09,255568.54,125715.13,219227.55,162056.12
A0008331,2024-10,162056.12,143275.05,116094.71,189236.46
A0008331,2024-11,189236.46,113721.68,35919.22,267038.92
A0008331,2024-12,267038.92,209394.23,196204.98,280228.17
A0008331,2025-01,280228.17,82994.33,14242.61,348979.89
A0008331,2025-02,348979.89,176005.59,289159.08,235826.4
A0008331,2025-03,235826.4,226722.26,186571.57,275977.09
A0008331,2025-04,275977.09,87715.76,180082.16,183610.69
A0008331,2025-05,183610.69,266654.87,20356.46,429909.1
A0008331,2025-06,429909.1,172499.56,233586.29,368822.37
A0008331,2025-07,368822.37,95253.31,103215.09,360860.59
A0008331,2025-08,360860.59,106685.85,52375.55,415170.89
A0008331,2025-09,415170.89,133136.8,387457.0,160850.69
A0008331,2025-10,160850.69,145774.84,103300.24,203325.29
A0008331,2025-11,203325.29,213271.62,139087.32,277509.59
A0008331,2025-12,277509.59,92804.5,115012.15,255301.94
A0008331,2026-01,255301.94,108310.92,62357.69,301255.17
A0008331,2026-02,301255.17,176163.2,297904.48,179513.89
A0008331,2026-03,179513.89,86057.62,249854.98,15716.53
A0008331,2026-04,15716.53,26998.5,36116.41,6598.62
A0008331,2026-05,6598.62,353620.86,66500.5,293718.98
A0008331,2026-06,293718.98,45404.08,174252.13,164870.93
A0008331,2026-07,164870.93,135176.08,115232.18,184814.83
A0008331,2026-08,184814.83,92970.91,231192.77,46592.97
A0008331,2026-09,46592.97,120390.86,85420.14,81563.69
A0008331,2026-10,81563.69,147424.68,171587.57,57400.8
A0008331,2026-11,57400.8,135531.75,151475.92,41456.63
A0008331,2026-12,41456.63,162250.96,68541.32,135166.27
A0008332,2021-01,100423.16,20767.35,29752.67,91437.84
A0008332,2021-02,91437.84,94041.95,98091.23,87388.56
A0008332,2021-03,87388.56,120541.85,94379.75,113550.66
A0008332,2021-04,113550.66,207920.56,97034.49,224436.73
A0008332,2021-05,224436.73,99274.35,76489.17,247221.91
A0008332,2021-06,247221.91,57309.12,54377.82,250153.21
A0008332,2021-07,250153.21,247976.45,54702.9,443426.76
A0008332,2021-08,443426.76,131377.42,102683.7,472120.48
A0008332,2021-09,472120.48,69594.43,9294.37,532420.54
A0008332,2021-10,532420.54,133352.14,52299.11,613473.57
A0008332,2021-11,613473.57,69481.69,154789.73,528165.53
A0008332,2021-12,528165.53,100179.4,103317.3,525027.63
A0008332,2022-01,525027.63,89811.85,51206.08,563633.4
A0008332,2022-02,563633.4,104374.85,76212.52,591795.73
A0008332,2022-03,591795.73,84708.14,86448.49,590055.38
A0008332,2022-04,590055.38,121219.32,209952.82,501321.88
A0008332,2022-05,501321.88,418790.11,419033.12,501078.87
A0008332,2022-06,501078.87,76723.45,0.0,577802.32
A0008332,2022-07,577802.32,247682.14,242534.1,582950.36
A0008332,2022-08,582950.36,84768.05,33078.31,634640.1
A0008332,2022-09,634640.1,82258.33,111286.77,605611.66
A0008332,2022-10,605611.66,127119.34,138508.3,594222.7
A0008332,2022-11,594222.7,63996.8,33596.3,624623.2
A0008332,2022-12,624623.2,144429.11,86843.13,682209.18
A0008332,2023-01,682209.18,4567.23,194872.99,491903.42
A0008332,2023-02,491903.42,64122.96,41530.36,514496.02
A0008332,2023-03,514496.02,125516.31,177676.09,462336.24
A0008332,2023-04,462336.24,117826.44,270528.11,309634.57
A0008332,2023-05,309634.57,60811.39,0.0,370445.96
A0008332,2023-06,370445.96,58755.97,93834.34,335367.59
A0008332,2023-07,335367.59,96117.64,58046.53,373438.7
A0008332,2023-08,373438.7,68571.69,136372.81,305637.58
A0008332,2023-09,305637.58,136597.93,195557.82,246677.69
A0008332,2023-10,246677.69,246286.8,207533.01,285431.48
A0008332,2023-11,285431.48,60799.23,29286.57,316944.14
A0008332,2023-12,316944.14,113862.89,255632.13,175174.9
A0008332,2024-01,175174.9,264979.95,38425.49,401729.36
A0008332,2024-02,401729.36,189253.56,459350.64,131632.28
A0008332,2024-03,131632.28,198775.86,217773.84,112634.3
A0008332,2024-04,112634.3,190621.29,66146.99,237108.6
A0008332,2024-05,237108.6,101999.72,82165.8,256942.52
A0008332,2024-06,256942.52,70179.87,36097.37,291025.02
A0008332,2024-07,291025.02,140425.95,142502.11,288948.86
A0008332,2024-08,288948.86,160982.23,142998.81,306932.28
A0008332,2024-09,306932.28,91906.03,59571.8,339266.51
A0008332,2024-10,339266.51,156032.05,435435.54,59863.02
A0008332,2024-11,59863.02,260471.58,48504.55,271830.05
A0008332,2024-12,271830.05,124500.77,278013.42,118317.4
A0008332,2025-01,118317.4,242015.46,179228.06,181104.8
A0008332,2025-02,181104.8,100073.79,160691.93,120486.66
A0008332,2025-03,120486.66,89882.71,158065.64,52303.73
A0008332,2025-04,52303.73,116794.42,14728.14,154370.01
A0008332,2025-05,154370.01,152785.01,46470.64,260684.38
A0008332,2025-06,260684.38,45382.26,88389.07,217677.57
A0008332,2025-07,217677.57,145494.25,306063.02,57108.8
A0008332,2025-08,57108.8,23393.35,17662.97,62839.18
A0008332,2025-09,62839.18,147059.84,56461.65,153437.37
A0008332,2025-10,153437.37,143471.62,281956.81,14952.18
A0008332,2025-11,14952.18,422192.86,216169.22,220975.82
A0008332,2025-12,220975.82,124319.46,110958.98,234336.3
A0008332,2026-01,234336.3,143434.25,267703.27,110067.28
A0008332,2026-02,110067.28,109797.77,97988.08,121876.97
A0008332,2026-03,121876.97,127568.76,180446.43,68999.3
A0008332,2026-04,68999.3,126318.6,56598.24,138719.66
A0008332,2026-05,138719.66,95624.5,104525.01,129819.15
A0008332,2026-06,129819.15,135849.83,181801.59,83867.39
A0008332,2026-07,83867.39,127988.46,123017.27,88838.58
A0008332,2026-08,88838.58,110132.87,191523.54,7447.91
A0008332,2026-09,7447.91,137491.36,24911.31,120027.96
A0008332,2026-10,120027.96,167948.0,115094.46,172881.5
A0008332,2026-11,172881.5,159033.86,331225.46,689.9
A0008332,2026-12,689.9,134927.58,55681.54,79935.94
A0008370,2021-01,876.2,318.34,517.06,677.48
A0008370,2021-02,677.48,407.36,66.02,1018.82
A0008370,2021-03,1018.82,0.0,80.34,938.48
A0008370,2021-04,938.48,0.0,0.0,938.48
A0008370,2021-05,938.48,132.17,0.0,1070.65
A0008370,2021-06,1070.65,514.7,866.97,718.38
A0008370,2021-07,718.38,1932.88,207.97,2443.29
A0008370,2021-08,2443.29,206.03,503.64,2145.68
A0008370,2021-09,2145.68,401.19,0.0,2546.87
A0008370,2021-10,2546.87,0.0,42.58,2504.29
A0008370,2021-11,2504.29,783.2,2107.44,1180.05
A0008370,2021-12,1180.05,0.0,43.12,1136.93
A0008370,2022-01,1136.93,39226.12,368.47,39994.58
A0008370,2022-02,39994.58,493.69,0.0,40488.27
A0008370,2022-03,40488.27,0.0,41.88,40446.39
A0008370,2022-04,40446.39,57.93,0.0,40504.32
A0008370,2022-05,40504.32,846.31,1239.52,40111.11
A0008370,2022-06,40111.11,0.0,630.96,39480.15
A0008370,2022-07,39480.15,538.95,710.92,39308.18
A0008370,2022-08,39308.18,832.98,71.64,40069.52
A0008370,2022-09,40069.52,31920.86,0.0,71990.38
A0008370,2022-10,71990.38,772.28,109.61,72653.05
A0008370,2022-11,72653.05,0.0,0.0,72653.05
A0008370,2022-12,72653.05,0.0,704.18,71948.87
A0008370,2023-01,71948.87,0.0,0.0,71948.87
A0008370,2023-02,71948.87,382.16,0.0,72331.03
A0008370,2023-03,72331.03,1038.05,2377.39,70991.69
A0008370,2023-04,70991.69,0.0,0.0,70991.69
A0008370,2023-05,70991.69,172.54,465.19,70699.04
A0008370,2023-06,70699.04,877.8,0.0,71576.84
A0008370,2023-07,71576.84,0.0,341.34,71235.5
A0008370,2023-08,71235.5,2132.62,1838.94,71529.18
A0008370,2023-09,71529.18,799.46,535.45,71793.19
A0008370,2023-10,71793.19,14970.63,1429.0,85334.82
A0008370,2023-11,85334.82,0.0,85.13,85249.69
A0008370,2023-12,85249.69,1296.68,852.46,85693.91
A0008370,2024-01,85693.91,1606.48,294.51,87005.88
A0008370,2024-02,87005.88,0.0,820.06,86185.82
A0008370,2024-03,86185.82,0.0,129.82,86056.0
A0008370,2024-04,86056.0,0.0,34808.42,51247.58
A0008370,2024-05,51247.58,0.0,422.11,50825.47
A0008370,2024-06,50825.47,480.43,0.0,51305.9
A0008370,2024-07,51305.9,284.03,13540.85,38049.08
A0008370,2024-08,38049.08,664.76,736.49,37977.35
A0008370,2024-09,37977.35,0.0,3668.75,34308.6
A0008370,2024-10,34308.6,0.0,375.06,33933.54
A0008370,2024-11,33933.54,2117.18,341.1,35709.62
A0008370,2024-12,35709.62,0.0,1188.2,34521.42
A0008370,2025-01,34521.42,0.0,0.0,34521.42
A0008370,2025-02,34521.42,796.25,1179.97,34137.7
A0008370,2025-03,34137.7,1005.11,21354.39,13788.42
A0008370,2025-04,13788.42,1039.55,0.0,14827.97
A0008370,2025-05,14827.97,925.26,0.0,15753.23
A0008370,2025-06,15753.23,3172.06,0.0,18925.29
A0008370,2025-07,18925.29,3737.61,77.11,22585.79
A0008370,2025-08,22585.79,0.0,46.25,22539.54
A0008370,2025-09,22539.54,0.0,0.0,22539.54
A0008370,2025-10,22539.54,290.41,944.64,21885.31
A0008370,2025-11,21885.31,1138.52,1271.47,21752.36
A0008370,2025-12,21752.36,940.12,2048.5,20643.98
A0008370,2026-01,20643.98,0.0,768.6,19875.38
A0008370,2026-02,19875.38,764.29,297.07,20342.6
A0008370,2026-03,20342.6,0.0,1446.88,18895.72
A0008370,2026-04,18895.72,0.0,0.0,18895.72
A0008370,2026-05,18895.72,0.0,0.0,18895.72
A0008370,2026-06,18895.72,1816.0,0.0,20711.72
A0008370,2026-07,20711.72,48007.51,1126.98,67592.25
A0008370,2026-08,67592.25,8552.62,245.66,75899.21
A0008370,2026-09,75899.21,0.0,353.67,75545.54
A0008370,2026-10,75545.54,0.0,0.0,75545.54
A0008370,2026-11,75545.54,0.0,529.22,75016.32
A0008370,2026-12,75016.32,0.0,0.0,75016.32
A0008371,2021-01,2243.61,385.62,370.91,2258.32
A0008371,2021-02,2258.32,0.0,1787.02,471.3
A0008371,2021-03,471.3,19506.7,0.0,19978.0
A0008371,2021-04,19978.0,9477.75,0.0,29455.75
A0008371,2021-05,29455.75,0.0,535.61,28920.14
A0008371,2021-06,28920.14,351.2,81.4,29189.94
A0008371,2021-07,29189.94,389.82,73.18,29506.58
A0008371,2021-08,29506.58,0.0,4606.75,24899.83
A0008371,2021-09,24899.83,314.37,13197.3,12016.9
A0008371,2021-10,12016.9,443.3,66.08,12394.12
A0008371,2021-11,12394.12,32242.54,0.0,44636.66
A0008371,2021-12,44636.66,0.0,0.0,44636.66
A0008371,2022-01,44636.66,0.0,0.0,44636.66
A0008371,2022-02,44636.66,0.0,0.0,44636.66
A0008371,2022-03,44636.66,0.0,0.0,44636.66
A0008371,2022-04,44636.66,0.0,227.56,44409.1
A0008371,2022-05,44409.1,869.53,742.26,44536.37
A0008371,2022-06,44536.37,0.0,0.0,44536.37
A0008371,2022-07,44536.37,165.45,593.25,44108.57
A0008371,2022-08,44108.57,1693.03,773.29,45028.31
A0008371,2022-09,45028.31,0.0,0.0,45028.31
A0008371,2022-10,45028.31,302.74,0.0,45331.05
A0008371,2022-11,45331.05,0.0,0.0,45331.05
A0008371,2022-12,45331.05,0.0,3888.7,41442.35
A0008371,2023-01,41442.35,14475.26,74.06,55843.55
A0008371,2023-02,55843.55,847.79,0.0,56691.34
A0008371,2023-03,56691.34,2301.58,821.01,58171.91
A0008371,2023-04,58171.91,0.0,420.41,57751.5
A0008371,2023-05,57751.5,213.35,2485.94,55478.91
A0008371,2023-06,55478.91,40538.39,0.0,96017.3
A0008371,2023-07,96017.3,113.9,0.0,96131.2
A0008371,2023-08,96131.2,115.62,0.0,96246.82
A0008371,2023-09,96246.82,0.0,212.68,96034.14
A0008371,2023-10,96034.14,131.4,0.0,96165.54
A0008371,2023-11,96165.54,0.0,0.0,96165.54
A0008371,2023-12,96165.54,0.0,477.19,95688.35
A0008371,2024-01,95688.35,0.0,0.0,95688.35
A0008371,2024-02,95688.35,241.28,15150.7,80778.93
A0008371,2024-03,80778.93,65.81,0.0,80844.74
A0008371,2024-04,80844.74,0.0,0.0,80844.74
A0008371,2024-05,80844.74,0.0,0.0,80844.74
A0008371,2024-06,80844.74,362.79,678.62,80528.91
A0008371,2024-07,80528.91,377.19,45.59,80860.51
A0008371,2024-08,80860.51,690.82,1869.0,79682.33
A0008371,2024-09,79682.33,508.67,240.43,79950.57
A0008371,2024-10,79950.57,1525.41,584.57,80891.41
A0008371,2024-11,80891.41,719.12,0.0,81610.53
A0008371,2024-12,81610.53,0.0,166.93,81443.6
A0008371,2025-01,81443.6,1311.14,525.62,82229.12
A0008371,2025-02,82229.12,0.0,3119.29,79109.83
A0008372,2021-01,95537.12,55718.39,148858.77,2396.74
A0008372,2021-02,2396.74,0.0,961.4,1435.34
A0008372,2021-03,1435.34,85416.69,11113.22,75738.81
A0008372,2021-04,75738.81,23178.3,77285.58,21631.53
A0008372,2021-05,21631.53,89651.82,51933.99,59349.36
A0008372,2021-06,59349.36,58787.12,23772.22,94364.26
A0008372,2021-07,94364.26,19740.61,82213.24,31891.63
A0008372,2021-08,31891.63,184779.65,23610.43,193060.85
A0008372,2021-09,193060.85,5235.59,40128.53,158167.91
A0008372,2021-10,158167.91,57893.61,65679.51,150382.01
A0008372,2021-11,150382.01,31253.39,40218.47,141416.93
A0008372,2021-12,141416.93,2634667.79,76619.22,2699465.5
A0008372,2022-01,2699465.5,168700.73,150445.27,2717720.96
A0008372,2022-02,2717720.96,25394.86,292767.28,2450348.54
A0008372,2022-03,2450348.54,3379.97,145786.12,2307942.39
A0008372,2022-04,2307942.39,71026.89,429078.62,1949890.66
A0008372,2022-05,1949890.66,521249.66,429524.32,2041616.0
A0008372,2022-06,2041616.0,39330.84,144389.67,1936557.17
A0008372,2022-07,1936557.17,370747.55,304683.65,2002621.07
A0008372,2022-08,2002621.07,50970.43,44071.05,2009520.45
A0008372,2022-09,2009520.45,1324.0,240896.66,1769947.79
A0008372,2022-10,1769947.79,55071.79,192143.72,1632875.86
A0008372,2022-11,1632875.86,4659.65,92587.76,1544947.75
A0008372,2022-12,1544947.75,26781.2,178817.85,1392911.1
A0008372,2023-01,1392911.1,84123.64,33306.06,1443728.68
A0008372,2023-02,1443728.68,0.0,849915.29,593813.39
A0008372,2023-03,593813.39,25153.97,210330.4,408636.96
A0008372,2023-04,408636.96,1475.25,38855.75,371256.46
A0008372,2023-05,371256.46,0.0,157482.17,213774.29
A0008372,2023-06,213774.29,82938.97,177174.98,119538.28
A0008372,2023-07,119538.28,16102.74,12127.79,123513.23
A0008372,2023-08,123513.23,0.0,96461.32,27051.91
A0008372,2023-09,27051.91,52153.44,34271.5,44933.85
A0008372,2023-10,44933.85,6713.88,40637.34,11010.39
A0008372,2023-11,11010.39,19916.26,13202.37,17724.28
A0008372,2023-12,17724.28,127870.89,103032.52,42562.65
A0008372,2024-01,42562.65,120039.56,46948.03,115654.18
A0008372,2024-02,115654.18,29345.62,61530.94,83468.86
A0008554,2021-01,22736.47,422385.79,21496.37,423625.89
A0008554,2021-02,423625.89,156668.41,84064.02,496230.28
A0008554,2021-03,496230.28,15364.8,40894.42,470700.66
A0008554,2021-04,470700.66,37485.51,226120.65,282065.52
A0008554,2021-05,282065.52,0.0,30258.34,251807.18
A0008554,2021-06,251807.18,79220.26,156414.23,174613.21
A0008554,2021-07,174613.21,79012.25,112455.71,141169.75
A0008554,2021-08,141169.75,55572.45,57802.58,138939.62
A0008554,2021-09,138939.62,230859.22,117087.52,252711.32
A0008554,2021-10,252711.32,68298.88,37628.43,283381.77
A0008554,2021-11,283381.77,36422.75,73471.53,246332.99
A0008554,2021-12,246332.99,156506.26,44952.67,357886.58
A0008554,2022-01,357886.58,55794.32,315530.81,98150.09
A0008554,2022-02,98150.09,46111.84,111587.87,32674.06
A0008554,2022-03,32674.06,66413.85,73624.46,25463.45
A0008554,2022-04,25463.45,64132.76,19070.96,70525.25
A0008554,2022-05,70525.25,183432.23,65828.16,188129.32
A0008554,2022-06,188129.32,8914.04,102988.9,94054.46
A0008554,2022-07,94054.46,31007.92,95437.66,29624.72
A0008554,2022-08,29624.72,165061.36,65103.37,129582.71
A0008554,2022-09,129582.71,203644.28,82352.16,250874.83
A0008554,2022-10,250874.83,79594.6,56831.99,273637.44
A0008554,2022-11,273637.44,20289.43,61260.09,232666.78
A0008554,2022-12,232666.78,295055.14,117912.64,409809.28
A0008554,2023-01,409809.28,120339.11,117081.16,413067.23
A0008554,2023-02,413067.23,136845.19,110778.65,439133.77
A0008554,2023-03,439133.77,98089.75,85085.03,452138.49
A0008554,2023-04,452138.49,53792.34,73044.16,432886.67
A0008554,2023-05,432886.67,36081.05,33519.96,435447.76
A0008554,2023-06,435447.76,111335.47,149156.83,397626.4
A0008554,2023-07,397626.4,445915.78,50727.19,792814.99
A0008554,2023-08,792814.99,57189.93,36651.2,813353.72
A0008554,2023-09,813353.72,50396.94,122084.11,741666.55
A0008554,2023-10,741666.55,112186.11,44916.4,808936.26
A0008554,2023-11,808936.26,7986.44,67339.38,749583.32
A0008554,2023-12,749583.32,335484.29,238535.55,846532.06
A0008554,2024-01,846532.06,98386.13,145313.47,799604.72
A0008554,2024-02,799604.72,74506.63,99060.7,775050.65
A0008554,2024-03,775050.65,36530.97,20373.47,791208.15
A0008554,2024-04,791208.15,247469.9,421685.68,616992.37
A0008554,2024-05,616992.37,21487.22,119634.88,518844.71
A0008554,2024-06,518844.71,37314.49,298246.62,257912.58
A0008554,2024-07,257912.58,30914.35,33185.74,255641.19
A0008554,2024-08,255641.19,162016.37,44753.54,372904.02
A0008554,2024-09,372904.02,24836.41,100761.24,296979.19
A0008554,2024-10,296979.19,28186.86,77942.23,247223.82
A0008554,2024-11,247223.82,107426.8,47950.94,306699.68
A0008554,2024-12,306699.68,70315.28,199694.0,177320.96
A0008554,2025-01,177320.96,127455.42,109064.73,195711.65
A0008634,2021-01,2660.09,51546.29,13061.92,41144.46
A0008634,2021-02,41144.46,193227.38,17669.89,216701.95
A0008634,2021-03,216701.95,120973.08,32054.31,305620.72
A0008634,2021-04,305620.72,37227.72,20563.81,322284.63
A0008634,2021-05,322284.63,126240.01,37159.11,411365.53
A0008634,2021-06,411365.53,14003.02,27272.24,398096.31
A0008634,2021-07,398096.31,31766.81,7100.87,422762.25
A0008634,2021-08,422762.25,16914.25,29239.81,410436.69
A0008634,2021-09,410436.69,19018.35,8188.01,421267.03
A0008634,2021-10,421267.03,2865.51,281424.11,142708.43
A0008634,2021-11,142708.43,11402.34,49124.06,104986.71
A0008634,2021-12,104986.71,10597.34,19624.48,95959.57
A0008634,2022-01,95959.57,15281.18,13097.43,98143.32
A0008634,2022-02,98143.32,19643.03,14237.5,103548.85
A0008634,2022-03,103548.85,107812.33,10259.37,201101.81
A0008634,2022-04,201101.81,2284.67,10116.7,193269.78
A0008634,2022-05,193269.78,285927.94,9570.19,469627.53
A0008634,2022-06,469627.53,15940.75,225565.34,260002.94
A0008634,2022-07,260002.94,9118.57,22719.69,246401.82
A0008634,2022-08,246401.82,47572.73,24587.94,269386.61
A0008634,2022-09,269386.61,31713.61,39900.91,261199.31
A0008634,2022-10,261199.31,67134.78,21315.33,307018.76
A0008634,2022-11,307018.76,1726.81,8402.1,300343.47
A0008634,2022-12,300343.47,30151.69,38007.27,292487.89
A0008634,2023-01,292487.89,51804.21,33587.62,310704.48
A0008634,2023-02,310704.48,172219.07,35862.96,447060.59
A0008634,2023-03,447060.59,70673.01,74181.31,443552.29
A0008634,2023-04,443552.29,23733.32,42003.91,425281.7
A0008634,2023-05,425281.7,13395.18,16725.58,421951.3
A0008634,2023-06,421951.3,0.0,16738.01,405213.29
A0008634,2023-07,405213.29,15072.66,12766.79,407519.16
A0008634,2023-08,407519.16,1834.36,16427.54,392925.98
A0008634,2023-09,392925.98,23255.04,33957.74,382223.28
A0008634,2023-10,382223.28,21727.6,21559.48,382391.4
A0008634,2023-11,382391.4,6934.54,5437.08,383888.86
A0008634,2023-12,383888.86,2774713.23,36062.87,3122539.22
A0008634,2024-01,3122539.22,2264.87,49301.3,3075502.79
A0008634,2024-02,3075502.79,18933.91,2769216.73,325219.97
A0008665,2021-01,40887.17,5100.56,4716.86,41270.87
A0008665,2021-02,41270.87,20458.78,30251.16,31478.49
A0008665,2021-03,31478.49,27095.14,44229.42,14344.21
A0008665,2021-04,14344.21,11810.34,9807.9,16346.65
A0008665,2021-05,16346.65,14739.62,18721.53,12364.74
A0008665,2021-06,12364.74,18156.53,0.0,30521.27
A0008665,2021-07,30521.27,107243.09,39334.37,98429.99
A0008665,2021-08,98429.99,331362.37,0.0,429792.36
A0008665,2021-09,429792.36,0.0,34833.06,394959.3
A0008665,2021-10,394959.3,28177.32,2277.7,420858.92
A0008665,2021-11,420858.92,50929.08,4184.68,467603.32
A0008665,2021-12,467603.32,4648.83,0.0,472252.15
A0008665,2022-01,472252.15,0.0,664.48,471587.67
A0008665,2022-02,471587.67,97040.22,31322.24,537305.65
A0008665,2022-03,537305.65,45469.8,4254.54,578520.91
A0008665,2022-04,578520.91,11054.07,24729.79,564845.19
A0008665,2022-05,564845.19,71867.96,41170.29,595542.86
A0008665,2022-06,595542.86,0.0,0.0,595542.86
A0008665,2022-07,595542.86,0.0,38425.2,557117.66
A0008665,2022-08,557117.66,20926.0,9179.42,568864.24
A0008665,2022-09,568864.24,102616.15,74666.86,596813.53
A0008665,2022-10,596813.53,19287.46,16192.88,599908.11
A0008665,2022-11,599908.11,0.0,3699.59,596208.52
A0008665,2022-12,596208.52,43329.53,13145.6,626392.45
A0008665,2023-01,626392.45,11940.49,16433.41,621899.53
A0008665,2023-02,621899.53,13887.93,10673.13,625114.33
A0008665,2023-03,625114.33,0.0,30365.82,594748.51
A0008665,2023-04,594748.51,28230.27,35013.66,587965.12
A0008665,2023-05,587965.12,6955.91,27642.25,567278.78
A0008665,2023-06,567278.78,0.0,51411.73,515867.05
A0008665,2023-07,515867.05,18181.14,61884.06,472164.13
A0008665,2023-08,472164.13,14615.48,22612.96,464166.65
A0008665,2023-09,464166.65,0.0,9007.56,455159.09
A0008665,2023-10,455159.09,4763.89,0.0,459922.98
A0008665,2023-11,459922.98,0.0,25493.56,434429.42
A0008665,2023-12,434429.42,35777.87,0.0,470207.29
A0008665,2024-01,470207.29,1888.19,0.0,472095.48
A0008665,2024-02,472095.48,0.0,23665.63,448429.85
A0008665,2024-03,448429.85,0.0,7906.94,440522.91
A0008665,2024-04,440522.91,24877.31,0.0,465400.22
A0008665,2024-05,465400.22,23164.59,0.0,488564.81
A0008665,2024-06,488564.81,0.0,29552.63,459012.18
A0008665,2024-07,459012.18,19841.6,0.0,478853.78
A0008665,2024-08,478853.78,21715.2,0.0,500568.98
A0008665,2024-09,500568.98,42051.18,9851.01,532769.15
A0008665,2024-10,532769.15,25027.64,9809.38,547987.41
A0008665,2024-11,547987.41,43028.81,28267.52,562748.7
A0008665,2024-12,562748.7,14435.59,8472.67,568711.62
A0008665,2025-01,568711.62,35017.3,27743.84,575985.08
A0008665,2025-02,575985.08,0.0,28267.52,547717.56
A0008665,2025-03,547717.56,5964.72,18341.12,535341.16
A0008665,2025-04,535341.16,0.0,0.0,535341.16
A0008665,2025-05,535341.16,43679.84,55403.24,523617.76
A0008665,2025-06,523617.76,36181.08,22443.65,537355.19
A0008665,2025-07,537355.19,28984.38,96558.66,469780.91
A0008665,2025-08,469780.91,37606.63,0.0,507387.54
A0008665,2025-09,507387.54,1709.44,1707.93,507389.05
A0008665,2025-10,507389.05,17583.45,69651.66,455320.84
A0008665,2025-11,455320.84,21055.64,34102.97,442273.51
A0008665,2025-12,442273.51,32472.41,12233.13,462512.79
A0008665,2026-01,462512.79,20829.44,7129.42,476212.81
A0008665,2026-02,476212.81,0.0,0.0,476212.81
A0008665,2026-03,476212.81,22737.1,90385.33,408564.58
A0008665,2026-04,408564.58,0.0,13688.33,394876.25
A0008665,2026-05,394876.25,5243.0,5110.4,395008.85
A0008665,2026-06,395008.85,0.0,3312.72,391696.13
A0008665,2026-07,391696.13,5231.23,45429.0,351498.36
A0008666,2021-01,54338.77,47393.69,88218.21,13514.25
A0008666,2021-02,13514.25,81248.91,52708.18,42054.98
A0008666,2021-03,42054.98,56772.57,84987.02,13840.53
A0008666,2021-04,13840.53,102166.91,60536.66,55470.78
A0008666,2021-05,55470.78,19868.01,65046.05,10292.74
A0008666,2021-06,10292.74,37032.47,31505.27,15819.94
A0008666,2021-07,15819.94,72989.14,24778.25,64030.83
A0008666,2021-08,64030.83,13821.81,54197.87,23654.77
A0008666,2021-09,23654.77,124107.42,75497.09,72265.1
A0008666,2021-10,72265.1,4374.62,68619.22,8020.5
A0008666,2021-11,8020.5,80743.16,57230.45,31533.21
A0008666,2021-12,31533.21,36336.22,55216.56,12652.87
A0008666,2022-01,12652.87,36625.63,31343.87,17934.63
A0008666,2022-02,17934.63,93049.64,75220.53,35763.74
A0008666,2022-03,35763.74,62860.55,71287.4,27336.89
A0008666,2022-04,27336.89,116260.67,105670.18,37927.38
A0008666,2022-05,37927.38,48845.1,45293.14,41479.34
A0008666,2022-06,41479.34,35010.19,76219.36,270.17
A0008666,2022-07,270.17,61855.89,23827.38,38298.68
A0008666,2022-08,38298.68,63640.25,64454.83,37484.1
A0008666,2022-09,37484.1,16538.65,36892.1,17130.65
A0008666,2022-10,17130.65,48634.79,41871.4,23894.04
A0008666,2022-11,23894.04,0.0,11694.66,12199.38
A0008666,2022-12,12199.38,20710.45,16959.53,15950.3
A0008666,2023-01,15950.3,208987.89,91371.77,133566.42
A0008666,2023-02,133566.42,27272.22,48235.19,112603.45
A0008666,2023-03,112603.45,104730.64,66899.59,150434.5
A0008666,2023-04,150434.5,69452.8,52909.02,166978.28
A0008666,2023-05,166978.28,552604.29,72322.95,647259.62
A0008666,2023-06,647259.62,27863.44,69282.82,605840.24
A0008666,2023-07,605840.24,51450.17,68143.95,589146.46
A0008666,2023-08,589146.46,195214.52,71054.5,713306.48
A0008666,2023-09,713306.48,143458.54,241526.52,615238.5
A0008666,2023-10,615238.5,190700.55,74106.58,731832.47
A0008666,2023-11,731832.47,31371.94,41079.42,722124.99
A0008666,2023-12,722124.99,101041.11,26106.7,797059.4
A0008666,2024-01,797059.4,35557.57,192004.99,640611.98
A0008666,2024-02,640611.98,103790.92,171020.09,573382.81
A0008666,2024-03,573382.81,25157.05,62162.64,536377.22
A0008666,2024-04,536377.22,141038.71,30861.13,646554.8
A0008666,2024-05,646554.8,31764.25,315359.85,362959.2
A0008666,2024-06,362959.2,127818.22,160160.45,330616.97
A0008666,2024-07,330616.97,98702.71,126421.98,302897.7
A0008666,2024-08,302897.7,216611.46,174568.54,344940.62
A0008666,2024-09,344940.62,63474.69,400806.76,7608.55
A0008666,2024-10,7608.55,90195.3,36266.3,61537.55
A0008666,2024-11,61537.55,21507.93,63473.92,19571.56
A0008666,2024-12,19571.56,114563.55,113004.02,21131.09
A0008666,2025-01,21131.09,54840.88,63245.92,12726.05
A0008666,2025-02,12726.05,88387.31,21372.01,79741.35
A0008666,2025-03,79741.35,148811.03,106081.75,122470.63
A0008666,2025-04,122470.63,309851.5,219238.92,213083.21
A0008666,2025-05,213083.21,47187.2,105075.98,155194.43
A0008666,2025-06,155194.43,27249.01,41743.24,140700.2
A0008666,2025-07,140700.2,168297.01,195584.57,113412.64
A0008666,2025-08,113412.64,41904.35,68469.24,86847.75
A0008666,2025-09,86847.75,267867.14,200748.32,153966.57
A0008666,2025-10,153966.57,39434.04,94821.47,98579.14
A0008666,2025-11,98579.14,78253.3,99801.87,77030.57
A0008666,2025-12,77030.57,78619.53,127758.74,27891.36
A0008666,2026-01,27891.36,69339.74,30284.5,66946.6
A0008666,2026-02,66946.6,176149.59,112819.44,130276.75
A0008666,2026-03,130276.75,17991.78,16432.56,131835.97
A0008666,2026-04,131835.97,45586.09,95953.74,81468.32
A0008666,2026-05,81468.32,0.0,61067.62,20400.7
A0008666,2026-06,20400.7,178248.86,133078.37,65571.19
A0008892,2021-01,55125.27,70280.22,44381.72,81023.77
A0008892,2021-02,81023.77,37534.42,25958.51,92599.68
A0008892,2021-03,92599.68,8822.81,50401.66,51020.83
A0008892,2021-04,51020.83,26233.02,70774.91,6478.94
A0008892,2021-05,6478.94,574132.21,3588.08,577023.07
A0008892,2021-06,577023.07,23080.8,40657.88,559445.99
A0008892,2021-07,559445.99,18489.63,9982.85,567952.77
A0008892,2021-08,567952.77,17713.13,29993.24,555672.66
A0008892,2021-09,555672.66,43504.38,50829.94,548347.1
A0008892,2021-10,548347.1,39136.61,13855.39,573628.32
A0008892,2021-11,573628.32,38760.39,108389.22,503999.49
A0008892,2021-12,503999.49,61998.65,55406.08,510592.06
A0008892,2022-01,510592.06,42313.05,46138.1,506767.01
A0008892,2022-02,506767.01,40702.2,15346.99,532122.22
A0008892,2022-03,532122.22,23967.61,397488.95,158600.88
A0008892,2022-04,158600.88,26084.16,32412.59,152272.45
A0008892,2022-05,152272.45,45026.6,94743.58,102555.47
A0008892,2022-06,102555.47,62558.58,42647.01,122467.04
A0008892,2022-07,122467.04,31642.21,24469.49,129639.76
A0008892,2022-08,129639.76,47653.79,75662.27,101631.28
A0008892,2022-09,101631.28,60404.05,97119.6,64915.73
A0008892,2022-10,64915.73,49125.9,24080.63,89961.0
A0008892,2022-11,89961.0,49976.0,35564.18,104372.82
A0008892,2022-12,104372.82,39173.52,35660.15,107886.19
A0008892,2023-01,107886.19,49880.13,110259.89,47506.43
A0008892,2023-02,47506.43,0.0,29023.46,18482.97
A0009024,2021-01,534852.64,2446.46,0.0,537299.1
A0009024,2021-02,537299.1,2303.59,0.0,539602.69
A0009024,2021-03,539602.69,2407.26,0.0,542009.95
A0009024,2021-04,542009.95,2549.31,0.0,544559.26
A0009024,2021-05,544559.26,2542.56,0.0,547101.82
A0009024,2021-06,547101.82,2444.97,0.0,549546.79
A0009024,2021-07,549546.79,2637.52,0.0,552184.31
A0009024,2021-08,552184.31,2460.37,0.0,554644.68
A0009024,2021-09,554644.68,2319.9,0.0,556964.58
A0009024,2021-10,556964.58,2642.79,0.0,559607.37
A0009024,2021-11,559607.37,2636.29,0.0,562243.66
A0009024,2021-12,562243.66,2744.8,0.0,564988.46
A0009024,2022-01,564988.46,3242.26,0.0,568230.72
A0009024,2022-02,568230.72,3322.91,0.0,571553.63
A0009024,2022-03,571553.63,3405.39,0.0,574959.02
A0009024,2022-04,574959.02,3295.84,0.0,578254.86
A0009024,2022-05,578254.86,3461.36,0.0,581716.22
A0009024,2022-06,581716.22,3181.66,0.0,584897.88
A0009024,2022-07,584897.88,3308.05,0.0,588205.93
A0009024,2022-08,588205.93,3487.27,0.0,591693.2
A0009024,2022-09,591693.2,3643.54,0.0,595336.74
A0009024,2022-10,595336.74,3626.86,0.0,598963.6
A0009024,2022-11,598963.6,3665.41,0.0,602629.01
A0009024,2022-12,602629.01,3564.59,0.0,606193.6
A0009024,2023-01,606193.6,4289.25,0.0,610482.85
A0009024,2023-02,610482.85,4695.33,0.0,615178.18
A0009024,2023-03,615178.18,4385.93,0.0,619564.11
A0009024,2023-04,619564.11,4521.3,0.0,624085.41
A0009024,2023-05,624085.41,4455.28,0.0,628540.69
A0009024,2023-06,628540.69,4633.39,0.0,633174.08
A0009024,2023-07,633174.08,4555.22,0.0,637729.3
A0009024,2023-08,637729.3,4476.23,0.0,642205.53
A0009024,2023-09,642205.53,4770.22,0.0,646975.75
A0009024,2023-10,646975.75,4549.15,0.0,651524.9
A0009024,2023-11,651524.9,5247.88,0.0,656772.78
A0009024,2023-12,656772.78,4988.4,0.0,661761.18
A0009024,2024-01,661761.18,4425.73,0.0,666186.91
A0009024,2024-02,666186.91,4102.61,0.0,670289.52
A0009024,2024-03,670289.52,4243.44,0.0,674532.96
A0009024,2024-04,674532.96,4236.26,0.0,678769.22
A0009024,2024-05,678769.22,4326.27,0.0,683095.49
A0009024,2024-06,683095.49,4275.12,0.0,687370.61
A0009024,2024-07,687370.61,4170.36,0.0,691540.97
A0009024,2024-08,691540.97,4374.32,0.0,695915.29
A0009024,2024-09,695915.29,3904.3,0.0,699819.59
A0009024,2024-10,699819.59,4210.35,0.0,704029.94
A0009024,2024-11,704029.94,4305.23,0.0,708335.17
A0009024,2024-12,708335.17,4035.8,0.0,712370.97
A0009024,2025-01,712370.97,3978.98,0.0,716349.95
A0009024,2025-02,716349.95,4022.34,0.0,720372.29
A0009024,2025-03,720372.29,3796.68,0.0,724168.97
A0009024,2025-04,724168.97,3853.06,0.0,728022.03
A0009024,2025-05,728022.03,4025.7,0.0,732047.73
A0009024,2025-06,732047.73,3712.83,0.0,735760.56
A0009024,2025-07,735760.56,3967.48,0.0,739728.04
A0009024,2025-08,739728.04,4008.56,0.0,743736.6
A0009024,2025-09,743736.6,4044.04,0.0,747780.64
A0009024,2025-10,747780.64,3880.39,0.0,751661.03
A0009024,2025-11,751661.03,3942.87,0.0,755603.9
A0009024,2025-12,755603.9,4264.86,0.0,759868.76
A0009024,2026-01,759868.76,4061.87,0.0,763930.63
A0009024,2026-02,763930.63,3763.46,0.0,767694.09
A0009024,2026-03,767694.09,3992.62,0.0,771686.71
A0009024,2026-04,771686.71,3584.88,0.0,775271.59
A0009024,2026-05,775271.59,3936.87,0.0,779208.46
A0009024,2026-06,779208.46,4040.24,0.0,783248.7
A0009024,2026-07,783248.7,3983.55,0.0,787232.25
A0009024,2026-08,787232.25,3782.51,791014.76,0.0
A0009051,2021-01,13622.18,12.95,0.0,13635.13
A0009051,2021-02,13635.13,13.67,0.0,13648.8
A0009051,2021-03,13648.8,12.69,0.0,13661.49
A0009051,2021-04,13661.49,13.77,0.0,13675.26
A0009051,2021-05,13675.26,14.09,0.0,13689.35
A0009051,2021-06,13689.35,13.84,0.0,13703.19
A0009051,2021-07,13703.19,13.39,0.0,13716.58
A0009051,2021-08,13716.58,13.94,0.0,13730.52
A0009051,2021-09,13730.52,13.75,0.0,13744.27
A0009051,2021-10,13744.27,13.79,0.0,13758.06
A0009051,2021-11,13758.06,14.13,0.0,13772.19
A0009051,2021-12,13772.19,13.52,0.0,13785.71
A0009051,2022-01,13785.71,20.76,0.0,13806.47
A0009051,2022-02,13806.47,20.43,0.0,13826.9
A0009051,2022-03,13826.9,20.98,0.0,13847.88
A0009051,2022-04,13847.88,21.32,0.0,13869.2
A0009051,2022-05,13869.2,19.67,0.0,13888.87
A0009051,2022-06,13888.87,19.45,0.0,13908.32
A0009051,2022-07,13908.32,21.38,0.0,13929.7
A0009051,2022-08,13929.7,21.79,0.0,13951.49
A0009051,2022-09,13951.49,20.5,0.0,13971.99
A0009051,2022-10,13971.99,21.15,0.0,13993.14
A0009051,2022-11,13993.14,20.86,0.0,14014.0
A0009051,2022-12,14014.0,20.88,0.0,14034.88
A0009051,2023-01,14034.88,30.08,0.0,14064.96
A0009051,2023-02,14064.96,30.0,0.0,14094.96
A0009051,2023-03,14094.96,31.1,0.0,14126.06
A0009051,2023-04,14126.06,31.24,0.0,14157.3
A0009051,2023-05,14157.3,31.45,14188.75,0.0
A0009443,2021-01,1563.08,0.0,236.02,1327.06
A0009443,2021-02,1327.06,2161.28,1202.08,2286.26
A0009443,2021-03,2286.26,5541.72,1950.37,5877.61
A0009443,2021-04,5877.61,396.49,2473.37,3800.73
A0009443,2021-05,3800.73,1478.71,511.06,4768.38
A0009443,2021-06,4768.38,0.0,1853.42,2914.96
A0009443,2021-07,2914.96,2277.62,1850.54,3342.04
A0009443,2021-08,3342.04,277.45,451.39,3168.1
A0009443,2021-09,3168.1,165.39,1922.73,1410.76
A0009443,2021-10,1410.76,248.79,269.35,1390.2
A0009443,2021-11,1390.2,935.6,466.53,1859.27
A0009443,2021-12,1859.27,361.3,1280.25,940.32
A0009443,2022-01,940.32,2159.31,645.38,2454.25
A0009443,2022-02,2454.25,94.1,1787.08,761.27
A0009443,2022-03,761.27,684.87,963.2,482.94
A0009443,2022-04,482.94,1852.12,313.09,2021.97
A0009443,2022-05,2021.97,10048.95,1122.19,10948.73
A0009443,2022-06,10948.73,5888.53,117.88,16719.38
A0009443,2022-07,16719.38,2209.23,1661.73,17266.88
A0009443,2022-08,17266.88,6462.95,548.63,23181.2
A0009443,2022-09,23181.2,51761.58,3409.37,71533.41
A0009443,2022-10,71533.41,678.66,656.28,71555.79
A0009443,2022-11,71555.79,0.0,983.62,70572.17
A0009443,2022-12,70572.17,29742.9,1317.68,98997.39
A0009443,2023-01,98997.39,0.0,16662.65,82334.74
A0009443,2023-02,82334.74,0.0,911.85,81422.89
A0009443,2023-03,81422.89,70480.15,3142.91,148760.13
A0009443,2023-04,148760.13,144.87,532.42,148372.58
A0009443,2023-05,148372.58,1096.52,1274.58,148194.52
A0009443,2023-06,148194.52,0.0,2551.47,145643.05
A0009443,2023-07,145643.05,1245.86,5861.75,141027.16
A0009443,2023-08,141027.16,4890.25,585.37,145332.04
A0009443,2023-09,145332.04,2444.4,1482.11,146294.33
A0009443,2023-10,146294.33,3394.59,1935.28,147753.64
A0009443,2023-11,147753.64,585.74,503.7,147835.68
A0009443,2023-12,147835.68,558.43,25400.67,122993.44
A0009443,2024-01,122993.44,366.53,12695.73,110664.24
A0009443,2024-02,110664.24,371.41,1192.91,109842.74
A0009443,2024-03,109842.74,25742.17,10718.02,124866.89
A0009443,2024-04,124866.89,56090.96,3101.21,177856.64
A0009443,2024-05,177856.64,1127.73,949.31,178035.06
A0009443,2024-06,178035.06,40713.58,37368.9,181379.74
A0009443,2024-07,181379.74,977.22,842.44,181514.52
A0009443,2024-08,181514.52,3510.06,1591.02,183433.56
A0009443,2024-09,183433.56,1714.92,1727.87,183420.61
A0009443,2024-10,183420.61,344.13,28717.55,155047.19
A0009443,2024-11,155047.19,0.0,3064.31,151982.88
A0009443,2024-12,151982.88,2477.91,756.47,153704.32
A0009443,2025-01,153704.32,1161.65,11135.52,143730.45
A0009443,2025-02,143730.45,2629.62,850.11,145509.96
A0009443,2025-03,145509.96,160177.6,423.71,305263.85
A0009443,2025-04,305263.85,520.72,1592.5,304192.07
A0009443,2025-05,304192.07,1685.39,1465.82,304411.64
A0009443,2025-06,304411.64,4555.18,2667.38,306299.44
A0009443,2025-07,306299.44,18817.54,658.32,324458.66
A0009443,2025-08,324458.66,340.78,2422.88,322376.56
A0009443,2025-09,322376.56,68664.48,265461.56,125579.48
A0009443,2025-10,125579.48,2983.39,36967.94,91594.93
A0009443,2025-11,91594.93,56345.03,1253.73,146686.23
A0009443,2025-12,146686.23,103568.75,26911.73,223343.25
A0009443,2026-01,223343.25,30757.3,1772.22,252328.33
A0009443,2026-02,252328.33,0.0,1239.65,251088.68
A0009443,2026-03,251088.68,74924.2,204.58,325808.3
A0009443,2026-04,325808.3,6862.54,36584.25,296086.59
A0009443,2026-05,296086.59,666.31,25132.52,271620.38
A0009443,2026-06,271620.38,0.0,3595.15,268025.23
A0009443,2026-07,268025.23,2076.17,394.23,269707.17
A0009443,2026-08,269707.17,68473.0,1308.54,336871.63
A0009443,2026-09,336871.63,985.1,1268.46,336588.27
A0009443,2026-10,336588.27,4257.76,2607.67,338238.36
A0009443,2026-11,338238.36,83780.74,10515.0,411504.1
A0009443,2026-12,411504.1,2028.38,5333.04,408199.44
A0009609,2021-01,259210.63,81505.51,132591.9,208124.24
A0009609,2021-02,208124.24,73983.75,81334.89,200773.1
A0009609,2021-03,200773.1,47137.98,79734.21,168176.87
A0009609,2021-04,168176.87,68943.84,22693.86,214426.85
A0009609,2021-05,214426.85,76783.05,243791.41,47418.49
A0009609,2021-06,47418.49,56638.28,103367.64,689.13
A0009609,2021-07,689.13,221041.52,92457.4,129273.25
A0009609,2021-08,129273.25,37301.1,82362.03,84212.32
A0009609,2021-09,84212.32,272720.27,71297.04,285635.55
A0009609,2021-10,285635.55,57481.02,122775.2,220341.37
A0009609,2021-11,220341.37,71283.27,40125.93,251498.71
A0009609,2021-12,251498.71,119360.56,151941.9,218917.37
A0009609,2022-01,218917.37,49897.08,72392.93,196421.52
A0009609,2022-02,196421.52,430472.59,24361.85,602532.26
A0009609,2022-03,602532.26,89014.58,207089.99,484456.85
A0009609,2022-04,484456.85,168857.53,149601.59,503712.79
A0009609,2022-05,503712.79,159243.97,185817.41,477139.35
A0009609,2022-06,477139.35,293210.77,167876.6,602473.52
A0009609,2022-07,602473.52,87042.81,85245.44,604270.89
A0009609,2022-08,604270.89,80177.73,122031.49,562417.13
A0009609,2022-09,562417.13,90828.15,125596.37,527648.91
A0009609,2022-10,527648.91,79646.16,183805.48,423489.59
A0009609,2022-11,423489.59,249277.42,183720.15,489046.86
A0009609,2022-12,489046.86,175558.03,180549.34,484055.55
A0009609,2023-01,484055.55,157448.61,480812.07,160692.09
A0009609,2023-02,160692.09,58876.29,23838.74,195729.64
A0009609,2023-03,195729.64,210329.93,219745.05,186314.52
A0009609,2023-04,186314.52,114634.73,198842.93,102106.32
A0009609,2023-05,102106.32,140507.39,162538.12,80075.59
A0009609,2023-06,80075.59,149018.7,179965.36,49128.93
A0009609,2023-07,49128.93,177775.16,123058.62,103845.47
A0009609,2023-08,103845.47,99570.84,81463.73,121952.58
A0009609,2023-09,121952.58,112514.99,77614.54,156853.03
A0009609,2023-10,156853.03,61191.72,147050.55,70994.2
A0009609,2023-11,70994.2,126803.62,120524.07,77273.75
A0009609,2023-12,77273.75,225328.37,258570.66,44031.46
A0009609,2024-01,44031.46,75726.02,116934.18,2823.3
A0009609,2024-02,2823.3,202178.82,32676.91,172325.21
A0009609,2024-03,172325.21,66998.98,221912.39,17411.8
A0009609,2024-04,17411.8,193528.97,128531.07,82409.7
A0009609,2024-05,82409.7,71163.97,92319.1,61254.57
A0009609,2024-06,61254.57,90968.67,91425.91,60797.33
A0009609,2024-07,60797.33,137870.98,162871.19,35797.12
A0009609,2024-08,35797.12,166344.93,9421.44,192720.61
A0009609,2024-09,192720.61,71924.73,117111.03,147534.31
A0009609,2024-10,147534.31,339121.96,226609.97,260046.3
A0009609,2024-11,260046.3,96978.29,259481.17,97543.42
A0009609,2024-12,97543.42,85342.29,124001.8,58883.91
A0009609,2025-01,58883.91,74133.36,83560.52,49456.75
A0009609,2025-02,49456.75,210915.3,150295.4,110076.65
A0009609,2025-03,110076.65,45881.42,121843.44,34114.63
A0009609,2025-04,34114.63,244505.32,248146.68,30473.27
A0009609,2025-05,30473.27,249121.09,90087.34,189507.02
A0009609,2025-06,189507.02,133790.3,287870.96,35426.36
A0009609,2025-07,35426.36,181826.36,185787.06,31465.66
A0009609,2025-08,31465.66,180856.1,100245.31,112076.45
A0009609,2025-09,112076.45,269982.29,160372.53,221686.21
A0009609,2025-10,221686.21,117446.09,197522.39,141609.91
A0009609,2025-11,141609.91,78495.17,142638.13,77466.95
A0009609,2025-12,77466.95,98196.76,80031.77,95631.94
A0009609,2026-01,95631.94,151522.31,71558.58,175595.67
A0009609,2026-02,175595.67,109578.31,171052.12,114121.86
A0009609,2026-03,114121.86,78756.02,151476.81,41401.07
A0009609,2026-04,41401.07,101298.81,129044.07,13655.81
A0009609,2026-05,13655.81,286325.38,96718.58,203262.61
A0009609,2026-06,203262.61,59020.19,156772.0,105510.8
A0009609,2026-07,105510.8,29551.01,86677.28,48384.53
A0009609,2026-08,48384.53,9562.52,53406.46,4540.59
A0009609,2026-09,4540.59,106337.19,88567.65,22310.13
A0009609,2026-10,22310.13,94114.86,92178.74,24246.25
A0009609,2026-11,24246.25,223474.85,135423.31,112297.79
A0009609,2026-12,112297.79,308243.45,56384.79,364156.45
A0009610,2021-01,81075.96,44139.84,19500.2,105715.6
A0009610,2021-02,105715.6,50241.3,19708.65,136248.25
A0009610,2021-03,136248.25,73366.52,61680.93,147933.84
A0009610,2021-04,147933.84,41180.95,29608.29,159506.5
A0009610,2021-05,159506.5,72061.29,36098.15,195469.64
A0009610,2021-06,195469.64,133715.34,93113.69,236071.29
A0009610,2021-07,236071.29,18400.85,72444.9,182027.24
A0009610,2021-08,182027.24,22064.08,19766.16,184325.16
A0009610,2021-09,184325.16,6234.4,14583.17,175976.39
A0009610,2021-10,175976.39,44563.06,32181.53,188357.92
A0009610,2021-11,188357.92,20789.83,5472.01,203675.74
A0009610,2021-12,203675.74,40801.88,29758.05,214719.57
A0009610,2022-01,214719.57,68983.19,65867.54,217835.22
A0009610,2022-02,217835.22,7493.6,82630.81,142698.01
A0009610,2022-03,142698.01,47613.22,47215.31,143095.92
A0009610,2022-04,143095.92,0.0,25782.36,117313.56
A0009610,2022-05,117313.56,35872.02,152571.98,613.6
A0009610,2022-06,613.6,182778.1,6252.5,177139.2
A0009610,2022-07,177139.2,98458.94,107266.4,168331.74
A0009610,2022-08,168331.74,30462.85,32399.14,166395.45
A0009610,2022-09,166395.45,20453.01,35695.81,151152.65
A0009610,2022-10,151152.65,27382.2,45685.78,132849.07
A0009610,2022-11,132849.07,52982.02,121980.32,63850.77
A0009610,2022-12,63850.77,20367.56,82031.6,2186.73
A0009610,2023-01,2186.73,110042.26,3362.82,108866.17
A0009610,2023-02,108866.17,59374.59,56676.45,111564.31
A0009610,2023-03,111564.31,158873.46,25118.05,245319.72
A0009610,2023-04,245319.72,0.0,99978.28,145341.44
A0009610,2023-05,145341.44,54283.75,89098.11,110527.08
A0009610,2023-06,110527.08,221036.77,74582.03,256981.82
A0009610,2023-07,256981.82,28767.55,105995.14,179754.23
A0009610,2023-08,179754.23,17641.24,48360.05,149035.42
A0009610,2023-09,149035.42,142964.74,33248.92,258751.24
A0009610,2023-10,258751.24,28329.39,32415.34,254665.29
A0009610,2023-11,254665.29,16575.89,100319.44,170921.74
A0009610,2023-12,170921.74,41963.43,20519.96,192365.21
A0009610,2024-01,192365.21,37213.01,64678.27,164899.95
A0009610,2024-02,164899.95,73895.06,53071.24,185723.77
A0009610,2024-03,185723.77,141255.25,47008.83,279970.19
A0009610,2024-04,279970.19,26113.92,51615.18,254468.93
A0009610,2024-05,254468.93,27898.54,52106.84,230260.63
A0009610,2024-06,230260.63,115267.28,25504.24,320023.67
A0009610,2024-07,320023.67,12787.17,143221.75,189589.09
A0009610,2024-08,189589.09,88673.14,79910.14,198352.09
A0009610,2024-09,198352.09,94476.19,104311.31,188516.97
A0009610,2024-10,188516.97,41373.81,106251.0,123639.78
A0009610,2024-11,123639.78,18186.33,60439.76,81386.35
A0009610,2024-12,81386.35,29587.5,48262.69,62711.16
A0009610,2025-01,62711.16,33408.61,52723.49,43396.28
A0009610,2025-02,43396.28,52809.61,35267.87,60938.02
A0009610,2025-03,60938.02,70061.49,86621.42,44378.09
A0009610,2025-04,44378.09,103217.57,26430.75,121164.91
A0009610,2025-05,121164.91,74213.99,129135.3,66243.6
A0009610,2025-06,66243.6,86349.06,46173.06,106419.6
A0009610,2025-07,106419.6,38755.28,43575.43,101599.45
A0009610,2025-08,101599.45,47368.32,106720.36,42247.41
A0009610,2025-09,42247.41,71451.96,39973.71,73725.66
A0009610,2025-10,73725.66,56816.64,39724.85,90817.45
A0009610,2025-11,90817.45,91593.78,166175.75,16235.48
A0009610,2025-12,16235.48,173983.49,93907.33,96311.64
A0009610,2026-01,96311.64,81955.75,104680.87,73586.52
A0009610,2026-02,73586.52,22507.71,963.04,95131.19
A0009610,2026-03,95131.19,24701.3,11577.84,108254.65
A0009610,2026-04,108254.65,5171.11,0.0,113425.76
A0009610,2026-05,113425.76,137904.32,31041.38,220288.7
A0009610,2026-06,220288.7,73612.59,196071.71,97829.58
A0009610,2026-07,97829.58,151926.63,1599.06,248157.15
A0009610,2026-08,248157.15,35940.23,50408.4,233688.98
A0009610,2026-09,233688.98,27072.86,79568.14,181193.7
A0009610,2026-10,181193.7,34750.61,49914.11,166030.2
A0009610,2026-11,166030.2,112410.99,112600.5,165840.69
A0009610,2026-12,165840.69,36044.85,14975.11,186910.43
A0009795,2021-01,42417.47,241638.3,117322.42,166733.35
A0009795,2021-02,166733.35,74113.2,36115.1,204731.45
A0009795,2021-03,204731.45,122160.2,71839.45,255052.2
A0009795,2021-04,255052.2,430925.4,42737.01,643240.59
A0009795,2021-05,643240.59,89015.54,98299.85,633956.28
A0009795,2021-06,633956.28,169189.15,245183.34,557962.09
A0009795,2021-07,557962.09,195665.72,106268.37,647359.44
A0009795,2021-08,647359.44,11770.18,136829.76,522299.86
A0009795,2021-09,522299.86,165346.16,58592.43,629053.59
A0009795,2021-10,629053.59,86443.03,35895.63,679600.99
A0009795,2021-11,679600.99,133281.53,412549.29,400333.23
A0009795,2021-12,400333.23,146627.85,135784.39,411176.69
A0009795,2022-01,411176.69,170190.72,318937.04,262430.37
A0009795,2022-02,262430.37,139452.14,159523.21,242359.3
A0009795,2022-03,242359.3,606370.46,150149.07,698580.69
A0009795,2022-04,698580.69,148063.62,181652.96,664991.35
A0009795,2022-05,664991.35,488156.21,96551.2,1056596.36
A0009795,2022-06,1056596.36,87689.53,146135.6,998150.29
A0009795,2022-07,998150.29,177305.89,221028.56,954427.62
A0009795,2022-08,954427.62,74902.13,96323.86,933005.89
A0009795,2022-09,933005.89,120000.33,278952.25,774053.97
A0009795,2022-10,774053.97,150348.07,87865.7,836536.34
A0009795,2022-11,836536.34,304324.53,153517.13,987343.74
A0009795,2022-12,987343.74,378182.17,178162.16,1187363.75
A0009795,2023-01,1187363.75,118373.11,746691.45,559045.41
A0009795,2023-02,559045.41,277207.12,557946.59,278305.94
A0009795,2023-03,278305.94,182119.09,336628.38,123796.65
A0009795,2023-04,123796.65,133268.25,29375.0,227689.9
A0009795,2023-05,227689.9,60177.26,165498.84,122368.32
A0009795,2023-06,122368.32,88133.33,72638.41,137863.24
A0009795,2023-07,137863.24,99703.28,100891.82,136674.7
A0009795,2023-08,136674.7,136173.42,53428.19,219419.93
A0009795,2023-09,219419.93,230757.23,192969.37,257207.79
A0009795,2023-10,257207.79,94830.33,87256.88,264781.24
A0009795,2023-11,264781.24,127607.66,44700.56,347688.34
A0009795,2023-12,347688.34,167718.25,76056.49,439350.1
A0009795,2024-01,439350.1,139285.5,116703.92,461931.68
A0009795,2024-02,461931.68,207546.74,189373.17,480105.25
A0009795,2024-03,480105.25,111693.75,60981.51,530817.49
A0009795,2024-04,530817.49,138599.97,76943.79,592473.67
A0009795,2024-05,592473.67,139710.83,299902.43,432282.07
A0009795,2024-06,432282.07,297834.06,112187.38,617928.75
A0009795,2024-07,617928.75,112913.36,190103.82,540738.29
A0009795,2024-08,540738.29,108971.86,120270.62,529439.53
A0009795,2024-09,529439.53,139601.9,215500.97,453540.46
A0009795,2024-10,453540.46,126908.68,143546.22,436902.92
A0009795,2024-11,436902.92,146753.56,582561.54,1094.94
A0009795,2024-12,1094.94,484877.69,175136.39,310836.24
A0009795,2025-01,310836.24,210026.04,290561.37,230300.91
A0009795,2025-02,230300.91,98871.61,88332.32,240840.2
A0009795,2025-03,240840.2,142229.66,380583.79,2486.07
A0009795,2025-04,2486.07,355851.29,89012.53,269324.83
A0009795,2025-05,269324.83,134928.97,103061.9,301191.9
A0009795,2025-06,301191.9,144756.64,31105.48,414843.06
A0009795,2025-07,414843.06,141630.86,314340.26,242133.66
A0009795,2025-08,242133.66,109797.53,64402.89,287528.3
A0009795,2025-09,287528.3,208750.88,266674.3,229604.88
A0009795,2025-10,229604.88,142832.94,108391.88,264045.94
A0009795,2025-11,264045.94,690695.93,34881.53,919860.34
A0009795,2025-12,919860.34,150318.48,366866.17,703312.65
A0009795,2026-01,703312.65,175463.94,28831.79,849944.8
A0009795,2026-02,849944.8,17206.95,112290.33,754861.42
A0009795,2026-03,754861.42,144768.67,234018.83,665611.26
A0009795,2026-04,665611.26,86866.78,149774.73,602703.31
A0009795,2026-05,602703.31,172724.12,177974.27,597453.16
A0009795,2026-06,597453.16,350142.07,34913.18,912682.05
A0009795,2026-07,912682.05,31380.46,96331.48,847731.03
A0009795,2026-08,847731.03,64300.56,424676.5,487355.09
A0009795,2026-09,487355.09,189915.93,25015.77,652255.25
A0009795,2026-10,652255.25,148863.25,250199.09,550919.41
A0009795,2026-11,550919.41,614585.18,236501.79,929002.8
A0009795,2026-12,929002.8,280166.83,212501.52,996668.11
A0009797,2021-01,59234.69,300920.37,295477.06,64678.0
A0009797,2021-02,64678.0,147691.59,84439.11,127930.48
A0009797,2021-03,127930.48,108156.36,65327.24,170759.6
A0009797,2021-04,170759.6,111282.73,132331.38,149710.95
A0009797,2021-05,149710.95,124139.2,119371.25,154478.9
A0009797,2021-06,154478.9,109926.92,106820.84,157584.98
A0009797,2021-07,157584.98,92032.57,96915.22,152702.33
A0009797,2021-08,152702.33,57256.67,132739.76,77219.24
A0009797,2021-09,77219.24,285159.65,171514.73,190864.16
A0009797,2021-10,190864.16,116975.55,251502.47,56337.24
A0009797,2021-11,56337.24,151370.35,42169.63,165537.96
A0009797,2021-12,165537.96,358853.76,130962.3,393429.42
A0009797,2022-01,393429.42,89167.68,67754.66,414842.44
A0009797,2022-02,414842.44,149169.53,115794.97,448217.0
A0009797,2022-03,448217.0,164016.87,141942.25,470291.62
A0009797,2022-04,470291.62,141451.68,165801.99,445941.31
A0009797,2022-05,445941.31,126992.92,54424.59,518509.64
A0009797,2022-06,518509.64,79157.7,387325.24,210342.1
A0009797,2022-07,210342.1,74003.05,91012.95,193332.2
A0009797,2022-08,193332.2,87388.64,184607.28,96113.56
A0009797,2022-09,96113.56,133159.86,43718.1,185555.32
A0009797,2022-10,185555.32,102857.44,182160.81,106251.95
A0009797,2022-11,106251.95,172877.04,248306.22,30822.77
A0009797,2022-12,30822.77,148711.13,112724.05,66809.85
A0009797,2023-01,66809.85,240221.05,106752.42,200278.48
A0009797,2023-02,200278.48,157359.62,327836.38,29801.72
A0009797,2023-03,29801.72,118125.49,144229.97,3697.24
A0009797,2023-04,3697.24,148216.81,86992.37,64921.68
A0009797,2023-05,64921.68,174547.35,173440.11,66028.92
A0009797,2023-06,66028.92,141044.42,205144.75,1928.59
A0009797,2023-07,1928.59,1958938.62,20677.19,1940190.02
A0009797,2023-08,1940190.02,251491.04,79002.58,2112678.48
A0009797,2023-09,2112678.48,553371.28,140991.61,2525058.15
A0009797,2023-10,2525058.15,148868.51,254031.79,2419894.87
A0009797,2023-11,2419894.87,245507.7,216930.37,2448472.2
A0009797,2023-12,2448472.2,144596.54,145224.89,2447843.85
A0009797,2024-01,2447843.85,144860.87,246722.94,2345981.78
A0009797,2024-02,2345981.78,172935.11,114753.06,2404163.83
A0009797,2024-03,2404163.83,193316.42,129778.63,2467701.62
A0009797,2024-04,2467701.62,104097.02,187705.1,2384093.54
A0009797,2024-05,2384093.54,117380.63,36267.6,2465206.57
A0009797,2024-06,2465206.57,165207.08,53551.6,2576862.05
A0009797,2024-07,2576862.05,91531.18,161316.46,2507076.77
A0009797,2024-08,2507076.77,224142.37,438032.51,2293186.63
A0009797,2024-09,2293186.63,155630.39,15161.7,2433655.32
A0009797,2024-10,2433655.32,249716.6,80851.29,2602520.63
A0009797,2024-11,2602520.63,186477.73,321733.74,2467264.62
A0009797,2024-12,2467264.62,204882.66,250089.78,2422057.5
A0009797,2025-01,2422057.5,207042.45,76033.47,2553066.48
A0009797,2025-02,2553066.48,103045.21,150544.06,2505567.63
A0009797,2025-03,2505567.63,229973.97,244067.2,2491474.4
A0009797,2025-04,2491474.4,147536.63,39315.72,2599695.31
A0009797,2025-05,2599695.31,153770.96,73603.05,2679863.22
A0009797,2025-06,2679863.22,98910.56,52654.95,2726118.83
A0009797,2025-07,2726118.83,86264.88,108465.97,2703917.74
A0009797,2025-08,2703917.74,211871.18,128499.82,2787289.1
A0009797,2025-09,2787289.1,117113.24,41916.52,2862485.82
A0009797,2025-10,2862485.82,37133.84,210054.18,2689565.48
A0009797,2025-11,2689565.48,115646.83,46750.79,2758461.52
A0009797,2025-12,2758461.52,178079.62,261076.74,2675464.4
A0009797,2026-01,2675464.4,187270.84,108870.93,2753864.31
A0009797,2026-02,2753864.31,101390.12,694785.59,2160468.84
A0009797,2026-03,2160468.84,201432.26,189056.91,2172844.19
A0009797,2026-04,2172844.19,97138.44,91129.89,2178852.74
A0009797,2026-05,2178852.74,101005.82,72564.11,2207294.45
A0009797,2026-06,2207294.45,219043.22,38481.43,2387856.24
A0009797,2026-07,2387856.24,103319.99,197443.38,2293732.85
A0009797,2026-08,2293732.85,159532.58,214807.46,2238457.97
A0009797,2026-09,2238457.97,123327.6,127617.96,2234167.61
A0009797,2026-10,2234167.61,125713.11,141887.15,2217993.57
A0009797,2026-11,2217993.57,202659.41,283387.03,2137265.95
A0009797,2026-12,2137265.95,159559.15,279443.47,2017381.63
A0009949,2021-01,70704.17,34111.42,32376.45,72439.14
A0009949,2021-02,72439.14,42339.23,13418.71,101359.66
A0009949,2021-03,101359.66,0.0,0.0,101359.66
A0009949,2021-04,101359.66,0.0,21274.14,80085.52
A0009949,2021-05,80085.52,8903.35,9548.44,79440.43
A0009949,2021-06,79440.43,24080.31,9928.39,93592.35
A0009949,2021-07,93592.35,16599.64,65728.21,44463.78
A0009949,2021-08,44463.78,0.0,17504.0,26959.78
A0009949,2021-09,26959.78,46109.01,21444.73,51624.06
A0009949,2021-10,51624.06,33271.83,17267.56,67628.33
A0009949,2021-11,67628.33,60852.86,12179.92,116301.27
A0009949,2021-12,116301.27,17398.15,4644.27,129055.15
A0009949,2022-01,129055.15,26246.73,18539.77,136762.11
A0009949,2022-02,136762.11,63187.62,38190.63,161759.1
A0009949,2022-03,161759.1,59954.6,30013.7,191700.0
A0009949,2022-04,191700.0,46936.74,28346.87,210289.87
A0009949,2022-05,210289.87,21009.99,29083.66,202216.2
A0009949,2022-06,202216.2,61061.87,26389.11,236888.96
A0009949,2022-07,236888.96,30787.27,87198.79,180477.44
A0009949,2022-08,180477.44,15683.85,111632.43,84528.86
A0009949,2022-09,84528.86,9362.91,8856.16,85035.61
A0009949,2022-10,85035.61,23733.86,70055.84,38713.63
A0009949,2022-11,38713.63,25500.84,0.0,64214.47
A0009949,2022-12,64214.47,31768.5,19348.23,76634.74
A0009949,2023-01,76634.74,57724.56,10660.21,123699.09
A0009949,2023-02,123699.09,18663.62,23240.36,119122.35
A0009949,2023-03,119122.35,63420.83,110029.42,72513.76
A0009949,2023-04,72513.76,47841.2,22953.73,97401.23
A0009949,2023-05,97401.23,4355.79,5336.65,96420.37
A0009949,2023-06,96420.37,18155.22,4855.35,109720.24
A0009949,2023-07,109720.24,69694.74,22349.34,157065.64
A0009949,2023-08,157065.64,0.0,5076.83,151988.81
A0009949,2023-09,151988.81,28041.59,48843.52,131186.88
A0009949,2023-10,131186.88,78537.09,0.0,209723.97
A0009949,2023-11,209723.97,93360.04,59586.51,243497.5
A0009949,2023-12,243497.5,1944.11,10104.08,235337.53
A0009949,2024-01,235337.53,26064.72,9825.07,251577.18
A0009949,2024-02,251577.18,224809.37,352790.61,123595.94
A0009949,2024-03,123595.94,154757.95,79266.23,199087.66
A0009949,2024-04,199087.66,36539.83,39403.33,196224.16
A0009949,2024-05,196224.16,21252.62,20502.16,196974.62
A0009949,2024-06,196974.62,51056.22,51960.69,196070.15
A0009949,2024-07,196070.15,41414.62,25831.92,211652.85
A0009949,2024-08,211652.85,83383.03,58213.09,236822.79
A0009949,2024-09,236822.79,159097.42,2204.62,393715.59
A0009949,2024-10,393715.59,17484.97,6616.43,404584.13
A0009949,2024-11,404584.13,13299.17,27509.79,390373.51
A0009949,2024-12,390373.51,48822.72,23894.31,415301.92
A0009949,2025-01,415301.92,31157.1,15136.39,431322.63
A0009949,2025-02,431322.63,152177.13,122656.46,460843.3
A0009949,2025-03,460843.3,21073.29,41303.88,440612.71
A0009949,2025-04,440612.71,7754.62,10128.6,438238.73
A0009949,2025-05,438238.73,64270.05,67250.3,435258.48
A0009949,2025-06,435258.48,88611.57,4799.34,519070.71
A0009949,2025-07,519070.71,0.0,0.0,519070.71
A0009949,2025-08,519070.71,26659.68,59087.29,486643.1
A0009949,2025-09,486643.1,57023.66,58941.42,484725.34
A0009949,2025-10,484725.34,319623.0,13370.9,790977.44
A0009949,2025-11,790977.44,45570.06,19024.13,817523.37
A0009949,2025-12,817523.37,0.0,46474.26,771049.11
A0009949,2026-01,771049.11,171512.02,63808.7,878752.43
A0009949,2026-02,878752.43,49386.54,1984.62,926154.35
A0009949,2026-03,926154.35,41263.41,34080.94,933336.82
A0009949,2026-04,933336.82,34751.72,19597.96,948490.58
A0009949,2026-05,948490.58,22454.1,38801.22,932143.46
A0009949,2026-06,932143.46,73104.65,32154.68,973093.43
A0009949,2026-07,973093.43,40953.11,55331.79,958714.75
A0009949,2026-08,958714.75,52933.63,29405.19,982243.19
A0009949,2026-09,982243.19,16913.4,27351.05,971805.54
A0009949,2026-10,971805.54,18124.74,13420.64,976509.64
A0009949,2026-11,976509.64,40376.14,9572.94,1007312.84
A0009949,2026-12,1007312.84,130102.58,121401.13,1016014.29
A0009985,2021-01,58331.47,38114.5,25955.92,70490.05
A0009985,2021-02,70490.05,15036.33,50302.86,35223.52
A0009985,2021-03,35223.52,99214.31,48753.01,85684.82
A0009985,2021-04,85684.82,4320.84,86220.01,3785.65
A0009985,2021-05,3785.65,166328.68,3419.37,166694.96
A0009985,2021-06,166694.96,109372.27,158649.48,117417.75
A0009985,2021-07,117417.75,149994.13,72283.74,195128.14
A0009985,2021-08,195128.14,206268.19,59083.52,342312.81
A0009985,2021-09,342312.81,32683.62,64058.69,310937.74
A0009985,2021-10,310937.74,16183.4,32797.82,294323.32
A0009985,2021-11,294323.32,37798.9,82811.49,249310.73
A0009985,2021-12,249310.73,49618.68,59706.99,239222.42
A0009985,2022-01,239222.42,6231.25,17305.34,228148.33
A0009985,2022-02,228148.33,174425.16,86470.96,316102.53
A0009985,2022-03,316102.53,133680.39,77509.54,372273.38
A0009985,2022-04,372273.38,98417.96,59173.07,411518.27
A0009985,2022-05,411518.27,22789.43,71605.39,362702.31
A0009985,2022-06,362702.31,31553.84,39001.28,355254.87
A0009985,2022-07,355254.87,80160.81,50147.98,385267.7
A0009985,2022-08,385267.7,11856.61,104651.63,292472.68
A0009985,2022-09,292472.68,0.0,35566.48,256906.2
A0009985,2022-10,256906.2,101943.62,27654.61,331195.21
A0009985,2022-11,331195.21,40209.86,30881.98,340523.09
A0009985,2022-12,340523.09,139992.64,24578.24,455937.49
A0009985,2023-01,455937.49,81007.1,109575.6,427368.99
A0009985,2023-02,427368.99,0.0,30860.38,396508.61
A0009985,2023-03,396508.61,111337.23,69703.75,438142.09
A0009985,2023-04,438142.09,149280.07,83254.01,504168.15
A0009985,2023-05,504168.15,115832.5,49152.13,570848.52
A0009985,2023-06,570848.52,13640.2,72612.34,511876.38
A0009985,2023-07,511876.38,41187.77,111979.4,441084.75
A0009985,2023-08,441084.75,143439.66,27259.97,557264.44
A0009985,2023-09,557264.44,115069.04,46715.88,625617.6
A0009985,2023-10,625617.6,10056.27,72732.85,562941.02
A0009985,2023-11,562941.02,74083.08,24018.6,613005.5
A0009985,2023-12,613005.5,121276.74,59485.48,674796.76
A0009985,2024-01,674796.76,7297.14,7187.83,674906.07
A0009985,2024-02,674906.07,65175.98,16855.35,723226.7
A0009985,2024-03,723226.7,104461.21,92511.61,735176.3
A0009985,2024-04,735176.3,40170.86,31023.05,744324.11
A0009985,2024-05,744324.11,180785.74,123566.38,801543.47
A0009985,2024-06,801543.47,219492.76,185692.08,835344.15
A0009985,2024-07,835344.15,74132.63,18998.6,890478.18
A0009985,2024-08,890478.18,0.0,8580.73,881897.45
A0009985,2024-09,881897.45,87610.18,58822.71,910684.92
A0009985,2024-10,910684.92,43187.39,59402.3,894470.01
A0009985,2024-11,894470.01,254937.59,34022.47,1115385.13
A0009985,2024-12,1115385.13,28133.54,73057.26,1070461.41
A0009985,2025-01,1070461.41,83039.6,75693.35,1077807.66
A0009985,2025-02,1077807.66,6032.98,31859.03,1051981.61
A0009985,2025-03,1051981.61,97280.88,220694.57,928567.92
A0009985,2025-04,928567.92,26342.1,36527.31,918382.71
A0009985,2025-05,918382.71,19857.89,58870.39,879370.21
A0009985,2025-06,879370.21,31501.86,618464.51,292407.56
A0009985,2025-07,292407.56,9440.9,110467.97,191380.49
A0009985,2025-08,191380.49,43135.22,21662.22,212853.49
A0009985,2025-09,212853.49,55663.95,17136.47,251380.97
A0009985,2025-10,251380.97,27674.75,63626.59,215429.13
A0009985,2025-11,215429.13,34328.98,12467.36,237290.75
A0009985,2025-12,237290.75,0.0,28248.91,209041.84
A0009985,2026-01,209041.84,114254.95,143292.24,180004.55
A0009985,2026-02,180004.55,42748.03,31359.32,191393.26
A0009985,2026-03,191393.26,27500.76,44730.77,174163.25
A0009985,2026-04,174163.25,37469.77,17109.32,194523.7
A0009985,2026-05,194523.7,72763.56,60405.36,206881.9
A0009985,2026-06,206881.9,6296.97,139218.79,73960.08
A0009985,2026-07,73960.08,23048.06,29564.31,67443.83
A0009985,2026-08,67443.83,124572.8,71861.71,120154.92
A0009985,2026-09,120154.92,32445.76,17093.44,135507.24
A0009985,2026-10,135507.24,0.0,28927.91,106579.33
A0009985,2026-11,106579.33,147219.45,18732.04,235066.74
A0009985,2026-12,235066.74,25522.09,49023.27,211565.56
A0010228,2021-01,196040.37,101131.89,102467.53,194704.73
A0010228,2021-02,194704.73,137668.4,193680.49,138692.64
A0010228,2021-03,138692.64,76550.6,191426.24,23817.0
A0010228,2021-04,23817.0,160394.17,112451.03,71760.14
A0010228,2021-05,71760.14,35016.3,105978.75,797.69
A0010228,2021-06,797.69,131939.49,15800.33,116936.85
A0010228,2021-07,116936.85,90857.97,138737.89,69056.93
A0010228,2021-08,69056.93,107166.72,120247.2,55976.45
A0010228,2021-09,55976.45,37444.63,39800.91,53620.17
A0010228,2021-10,53620.17,205085.85,71561.31,187144.71
A0010228,2021-11,187144.71,32192.28,96568.02,122768.97
A0010228,2021-12,122768.97,12798.72,114308.77,21258.92
A0010228,2022-01,21258.92,40056.47,748.75,60566.64
A0010228,2022-02,60566.64,50036.13,51830.3,58772.47
A0010228,2022-03,58772.47,121460.19,49300.6,130932.06
A0010228,2022-04,130932.06,164090.25,146044.18,148978.13
A0010228,2022-05,148978.13,19872.44,110851.95,57998.62
A0010228,2022-06,57998.62,66316.1,96835.13,27479.59
A0010228,2022-07,27479.59,276760.89,241722.37,62518.11
A0010228,2022-08,62518.11,162518.2,129969.83,95066.48
A0010228,2022-09,95066.48,85376.2,10929.19,169513.49
A0010228,2022-10,169513.49,138536.29,76205.43,231844.35
A0010228,2022-11,231844.35,42959.83,39065.75,235738.43
A0010228,2022-12,235738.43,25717.84,197093.69,64362.58
A0010228,2023-01,64362.58,65520.89,61925.75,67957.72
A0010228,2023-02,67957.72,217967.12,127886.54,158038.3
A0010228,2023-03,158038.3,26435.74,53042.22,131431.82
A0010228,2023-04,131431.82,50947.34,54327.15,128052.01
A0010228,2023-05,128052.01,49152.06,148858.62,28345.45
A0010228,2023-06,28345.45,70176.47,91785.14,6736.78
A0010228,2023-07,6736.78,3282.15,3611.98,6406.95
A0010228,2023-08,6406.95,417116.98,16643.6,406880.33
A0010228,2023-09,406880.33,94922.9,38273.69,463529.54
A0010228,2023-10,463529.54,137295.47,27886.96,572938.05
A0010228,2023-11,572938.05,38218.92,55689.26,555467.71
A0010228,2023-12,555467.71,110420.3,98216.05,567671.96
A0010228,2024-01,567671.96,116771.68,331222.43,353221.21
A0010228,2024-02,353221.21,74934.91,138668.12,289488.0
A0010228,2024-03,289488.0,46321.45,251953.01,83856.44
A0010228,2024-04,83856.44,290402.68,152112.08,222147.04
A0010228,2024-05,222147.04,200466.13,172209.75,250403.42
A0010228,2024-06,250403.42,12962.48,195946.33,67419.57
A0010228,2024-07,67419.57,51143.11,97197.21,21365.47
A0010228,2024-08,21365.47,198651.42,62275.38,157741.51
A0010228,2024-09,157741.51,115837.33,125858.94,147719.9
A0010228,2024-10,147719.9,173719.67,30110.28,291329.29
A0010228,2024-11,291329.29,84676.92,197000.79,179005.42
A0010228,2024-12,179005.42,69685.51,18613.99,230076.94
A0010228,2025-01,230076.94,138410.74,100074.74,268412.94
A0010228,2025-02,268412.94,156876.68,141996.4,283293.22
A0010228,2025-03,283293.22,48341.96,44549.94,287085.24
A0010228,2025-04,287085.24,38188.35,171080.26,154193.33
A0010228,2025-05,154193.33,21311.75,98256.83,77248.25
A0010228,2025-06,77248.25,107329.69,162242.88,22335.06
A0010228,2025-07,22335.06,625824.5,85954.4,562205.16
A0010228,2025-08,562205.16,91792.97,470905.74,183092.39
A0010228,2025-09,183092.39,6173.57,72779.11,116486.85
A0010228,2025-10,116486.85,71063.21,174918.55,12631.51
A0010228,2025-11,12631.51,213503.85,161455.79,64679.57
A0010228,2025-12,64679.57,1118303.57,234691.31,948291.83
A0010228,2026-01,948291.83,233788.1,146229.81,1035850.12
A0010228,2026-02,1035850.12,102330.19,96831.47,1041348.84
A0010228,2026-03,1041348.84,200446.22,335731.41,906063.65
A0010228,2026-04,906063.65,0.0,145038.13,761025.52
A0010228,2026-05,761025.52,177025.65,136762.95,801288.22
A0010228,2026-06,801288.22,35744.75,92303.16,744729.81
A0010228,2026-07,744729.81,216208.1,327508.9,633429.01
A0010228,2026-08,633429.01,218462.6,93943.26,757948.35
A0010228,2026-09,757948.35,47916.28,156327.62,649537.01
A0010228,2026-10,649537.01,26448.81,45998.82,629987.0
A0010228,2026-11,629987.0,157877.95,237772.17,550092.78
A0010228,2026-12,550092.78,462329.89,894377.55,118045.12
A0010259,2021-01,173546.33,98670.55,80590.75,191626.13
A0010259,2021-02,191626.13,84443.9,47753.29,228316.74
A0010259,2021-03,228316.74,60228.8,47628.12,240917.42
A0010259,2021-04,240917.42,62733.11,111654.33,191996.2
A0010259,2021-05,191996.2,365631.23,15332.81,542294.62
A0010259,2021-06,542294.62,48109.19,16463.26,573940.55
A0010259,2021-07,573940.55,122095.02,84508.62,611526.95
A0010259,2021-08,611526.95,117133.15,151586.65,577073.45
A0010259,2021-09,577073.45,51891.49,6079.22,622885.72
A0010259,2021-10,622885.72,126099.5,74682.16,674303.06
A0010259,2021-11,674303.06,51257.41,55190.95,670369.52
A0010259,2021-12,670369.52,55799.88,90558.38,635611.02
A0010259,2022-01,635611.02,43607.34,73727.18,605491.18
A0010259,2022-02,605491.18,89442.33,137105.95,557827.56
A0010259,2022-03,557827.56,74819.6,83341.25,549305.91
A0010259,2022-04,549305.91,78975.22,275710.07,352571.06
A0010259,2022-05,352571.06,176629.72,65572.45,463628.33
A0010259,2022-06,463628.33,80026.73,87294.44,456360.62
A0010259,2022-07,456360.62,65813.23,118873.05,403300.8
A0010259,2022-08,403300.8,78915.15,109928.82,372287.13
A0010259,2022-09,372287.13,77412.12,99379.55,350319.7
A0010259,2022-10,350319.7,85742.14,15257.67,420804.17
A0010259,2022-11,420804.17,71944.96,144007.03,348742.1
A0010259,2022-12,348742.1,102640.99,20276.56,431106.53
A0010259,2023-01,431106.53,87687.36,63010.49,455783.4
A0010259,2023-02,455783.4,55997.56,132536.47,379244.49
A0010259,2023-03,379244.49,77911.49,74701.64,382454.34
A0010259,2023-04,382454.34,60858.18,20315.09,422997.43
A0010259,2023-05,422997.43,71175.64,95179.06,398994.01
A0010259,2023-06,398994.01,69424.53,180226.83,288191.71
A0010259,2023-07,288191.71,65608.01,32984.54,320815.18
A0010259,2023-08,320815.18,106695.27,78611.44,348899.01
A0010259,2023-09,348899.01,59709.95,45480.48,363128.48
A0010259,2023-10,363128.48,64522.81,133910.66,293740.63
A0010259,2023-11,293740.63,5404.87,70386.31,228759.19
A0010259,2023-12,228759.19,129182.04,202012.73,155928.5
A0010259,2024-01,155928.5,125806.4,258576.79,23158.11
A0010278,2021-01,39287.44,187696.92,155410.06,71574.3
A0010278,2021-02,71574.3,92569.16,26941.11,137202.35
A0010278,2021-03,137202.35,174048.22,232213.57,79037.0
A0010278,2021-04,79037.0,150120.08,224336.75,4820.33
A0010278,2021-05,4820.33,179373.06,17857.17,166336.22
A0010278,2021-06,166336.22,81620.22,105769.19,142187.25
A0010278,2021-07,142187.25,141544.3,178365.36,105366.19
A0010278,2021-08,105366.19,106662.92,156424.94,55604.17
A0010278,2021-09,55604.17,139296.01,191191.24,3708.94
A0010278,2021-10,3708.94,200968.71,149500.47,55177.18
A0010278,2021-11,55177.18,94015.66,94842.71,54350.13
A0010278,2021-12,54350.13,80548.55,79961.81,54936.87
A0010278,2022-01,54936.87,98490.07,96475.06,56951.88
A0010278,2022-02,56951.88,381290.94,277987.03,160255.79
A0010278,2022-03,160255.79,250793.42,31719.55,379329.66
A0010278,2022-04,379329.66,113934.37,278643.76,214620.27
A0010278,2022-05,214620.27,798113.29,20129.44,992604.12
A0010278,2022-06,992604.12,119448.97,32647.99,1079405.1
A0010278,2022-07,1079405.1,139754.72,222913.1,996246.72
A0010278,2022-08,996246.72,187998.96,284867.17,899378.51
A0010278,2022-09,899378.51,160413.48,136769.95,923022.04
A0010278,2022-10,923022.04,123263.13,59711.98,986573.19
A0010278,2022-11,986573.19,18660.41,140135.6,865098.0
A0010278,2022-12,865098.0,107028.09,184510.35,787615.74
A0010278,2023-01,787615.74,30539.81,17063.68,801091.87
A0010278,2023-02,801091.87,345535.32,146614.16,1000013.03
A0010278,2023-03,1000013.03,223842.82,145861.58,1077994.27
A0010278,2023-04,1077994.27,112528.3,108035.55,1082487.02
A0010278,2023-05,1082487.02,252289.36,675910.13,658866.25
A0010278,2023-06,658866.25,150613.61,62353.3,747126.56
A0010278,2023-07,747126.56,139403.03,59000.08,827529.51
A0010278,2023-08,827529.51,95679.93,42018.58,881190.86
A0010278,2023-09,881190.86,153288.89,41227.46,993252.29
A0010278,2023-10,993252.29,71026.26,318206.82,746071.73
A0010278,2023-11,746071.73,103284.42,105159.46,744196.69
A0010278,2023-12,744196.69,140636.83,294307.82,590525.7
A0010278,2024-01,590525.7,164680.4,24117.1,731089.0
A0010278,2024-02,731089.0,619452.99,54679.49,1295862.5
A0010278,2024-03,1295862.5,136208.92,81899.82,1350171.6
A0010278,2024-04,1350171.6,128530.88,321167.51,1157534.97
A0010278,2024-05,1157534.97,145251.83,100869.54,1201917.26
A0010278,2024-06,1201917.26,166656.16,429089.7,939483.72
A0010278,2024-07,939483.72,126193.85,65464.46,1000213.11
A0010278,2024-08,1000213.11,134497.92,175378.46,959332.57
A0010278,2024-09,959332.57,128711.77,146585.47,941458.87
A0010278,2024-10,941458.87,160311.94,82221.5,1019549.31
A0010278,2024-11,1019549.31,111079.79,127572.32,1003056.78
A0010278,2024-12,1003056.78,238597.21,630351.04,611302.95
A0010278,2025-01,611302.95,253533.56,80225.69,784610.82
A0010278,2025-02,784610.82,178062.28,283235.22,679437.88
A0010278,2025-03,679437.88,137555.24,209851.75,607141.37
A0010278,2025-04,607141.37,239460.99,14655.05,831947.31
A0010278,2025-05,831947.31,125785.04,110466.48,847265.87
A0010278,2025-06,847265.87,99200.54,586738.59,359727.82
A0010278,2025-07,359727.82,272842.89,278137.67,354433.04
A0010279,2021-01,1757.31,3315.08,108.55,4963.84
A0010279,2021-02,4963.84,0.0,0.0,4963.84
A0010279,2021-03,4963.84,0.0,466.6,4497.24
A0010279,2021-04,4497.24,202.27,0.0,4699.51
A0010279,2021-05,4699.51,164.64,1693.47,3170.68
A0010279,2021-06,3170.68,412.41,74.43,3508.66
A0010279,2021-07,3508.66,263.13,0.0,3771.79
A0010279,2021-08,3771.79,0.0,0.0,3771.79
A0010279,2021-09,3771.79,28577.4,0.0,32349.19
A0010279,2021-10,32349.19,8482.08,5001.1,35830.17
A0010279,2021-11,35830.17,0.0,0.0,35830.17
A0010279,2021-12,35830.17,0.0,0.0,35830.17
A0010279,2022-01,35830.17,364.22,564.03,35630.36
A0010279,2022-02,35630.36,0.0,78.59,35551.77
A0010279,2022-03,35551.77,0.0,614.37,34937.4
A0010279,2022-04,34937.4,778.94,599.33,35117.01
A0010279,2022-05,35117.01,952.49,0.0,36069.5
A0010279,2022-06,36069.5,385.6,267.77,36187.33
A0010279,2022-07,36187.33,0.0,285.73,35901.6
A0010279,2022-08,35901.6,102.78,546.39,35457.99
A0010279,2022-09,35457.99,0.0,0.0,35457.99
A0010279,2022-10,35457.99,0.0,0.0,35457.99
A0010279,2022-11,35457.99,0.0,228.97,35229.02
A0010279,2022-12,35229.02,125.03,133.28,35220.77
A0010279,2023-01,35220.77,0.0,0.0,35220.77
A0010279,2023-02,35220.77,2222.12,0.0,37442.89
A0010279,2023-03,37442.89,0.0,0.0,37442.89
A0010279,2023-04,37442.89,2273.1,81.93,39634.06
A0010279,2023-05,39634.06,0.0,0.0,39634.06
A0010279,2023-06,39634.06,0.0,769.06,38865.0
A0010279,2023-07,38865.0,917.57,0.0,39782.57
A0010279,2023-08,39782.57,14026.59,0.0,53809.16
A0010279,2023-09,53809.16,0.0,2348.59,51460.57
A0010279,2023-10,51460.57,1266.05,439.56,52287.06
A0010279,2023-11,52287.06,727.6,143.64,52871.02
A0010279,2023-12,52871.02,1267.25,128.23,54010.04
A0010279,2024-01,54010.04,1549.68,210.64,55349.08
A0010279,2024-02,55349.08,534.38,661.3,55222.16
A0010279,2024-03,55222.16,0.0,0.0,55222.16
A0010279,2024-04,55222.16,0.0,665.89,54556.27
A0010279,2024-05,54556.27,0.0,3457.74,51098.53
A0010279,2024-06,51098.53,0.0,111.37,50987.16
A0010279,2024-07,50987.16,7216.65,0.0,58203.81
A0010279,2024-08,58203.81,28681.59,782.62,86102.78
A0010279,2024-09,86102.78,0.0,61.94,86040.84
A0010279,2024-10,86040.84,0.0,96.76,85944.08
A0010279,2024-11,85944.08,0.0,41767.8,44176.28
A0010279,2024-12,44176.28,1129.32,0.0,45305.6
A0010279,2025-01,45305.6,3126.88,219.42,48213.06
A0010279,2025-02,48213.06,2125.22,92.42,50245.86
A0010279,2025-03,50245.86,531.2,5799.45,44977.61
A0010381,2021-01,16017.03,255375.31,27117.04,244275.3
A0010381,2021-02,244275.3,61233.62,49705.84,255803.08
A0010381,2021-03,255803.08,53758.24,19197.72,290363.6
A0010381,2021-04,290363.6,46187.34,65238.53,271312.41
A0010381,2021-05,271312.41,73214.85,31418.98,313108.28
A0010381,2021-06,313108.28,25616.8,64804.61,273920.47
A0010381,2021-07,273920.47,424963.67,56913.54,641970.6
A0010381,2021-08,641970.6,40031.6,11642.6,670359.6
A0010381,2021-09,670359.6,636207.49,45110.47,1261456.62
A0010381,2021-10,1261456.62,43777.21,102674.39,1202559.44
A0010381,2021-11,1202559.44,39167.6,18604.76,1223122.28
A0010381,2021-12,1223122.28,39032.83,57962.97,1204192.14
A0010381,2022-01,1204192.14,61535.55,42193.08,1223534.61
A0010381,2022-02,1223534.61,41182.67,62103.08,1202614.2
A0010381,2022-03,1202614.2,454426.87,84997.94,1572043.13
A0010381,2022-04,1572043.13,54044.16,46481.61,1579605.68
A0010381,2022-05,1579605.68,130576.05,299080.79,1411100.94
A0010381,2022-06,1411100.94,151403.93,225780.4,1336724.47
A0010381,2022-07,1336724.47,42870.03,49408.76,1330185.74
A0010381,2022-08,1330185.74,63794.17,62834.56,1331145.35
A0010381,2022-09,1331145.35,90969.63,27108.24,1395006.74
A0010381,2022-10,1395006.74,60989.65,22146.28,1433850.11
A0010381,2022-11,1433850.11,43408.07,27758.18,1449500.0
A0010381,2022-12,1449500.0,65715.38,59270.02,1455945.36
A0010381,2023-01,1455945.36,76085.06,26437.37,1505593.05
A0010381,2023-02,1505593.05,83135.88,30182.6,1558546.33
A0010381,2023-03,1558546.33,121459.78,31986.07,1648020.04
A0010381,2023-04,1648020.04,55137.6,100110.02,1603047.62
A0010381,2023-05,1603047.62,5949.46,47687.89,1561309.19
A0010381,2023-06,1561309.19,62424.17,37925.87,1585807.49
A0010381,2023-07,1585807.49,136458.74,66532.61,1655733.62
A0010381,2023-08,1655733.62,43868.69,108231.01,1591371.3
A0010381,2023-09,1591371.3,72665.72,34360.69,1629676.33
A0010381,2023-10,1629676.33,52847.21,58115.01,1624408.53
A0010381,2023-11,1624408.53,56630.06,34935.9,1646102.69
A0010381,2023-12,1646102.69,79891.82,31768.06,1694226.45
A0010381,2024-01,1694226.45,60313.01,72719.17,1681820.29
A0010381,2024-02,1681820.29,77095.58,108750.9,1650164.97
A0010381,2024-03,1650164.97,82611.29,349946.9,1382829.36
A0010381,2024-04,1382829.36,48325.7,87832.63,1343322.43
A0010381,2024-05,1343322.43,55558.33,87954.71,1310926.05
A0010381,2024-06,1310926.05,99075.99,59336.57,1350665.47
A0010381,2024-07,1350665.47,58996.13,78643.63,1331017.97
A0010381,2024-08,1331017.97,59620.94,90859.85,1299779.06
A0010381,2024-09,1299779.06,51968.75,50964.77,1300783.04
A0010381,2024-10,1300783.04,507005.03,44078.11,1763709.96
A0010381,2024-11,1763709.96,65056.02,63299.91,1765466.07
A0010381,2024-12,1765466.07,52077.66,326207.43,1491336.3
A0010381,2025-01,1491336.3,55869.63,682628.55,864577.38
A0010381,2025-02,864577.38,84222.21,81115.36,867684.23
A0010381,2025-03,867684.23,69639.32,46967.26,890356.29
A0010381,2025-04,890356.29,49665.04,26501.75,913519.58
A0010381,2025-05,913519.58,85250.06,141807.37,856962.27
A0010381,2025-06,856962.27,61276.28,76605.55,841633.0
A0010381,2025-07,841633.0,89815.43,117185.45,814262.98
A0010381,2025-08,814262.98,208118.4,62851.83,959529.55
A0010381,2025-09,959529.55,100064.13,461840.89,597752.79
A0010381,2025-10,597752.79,98702.69,632499.97,63955.51
A0010381,2025-11,63955.51,69727.24,61295.68,72387.07
A0010381,2025-12,72387.07,151048.96,97017.06,126418.97
A0010381,2026-01,126418.97,54195.88,12610.58,168004.27
A0010381,2026-02,168004.27,3090131.48,47622.45,3210513.3
A0010381,2026-03,3210513.3,77156.28,27389.16,3260280.42
A0010381,2026-04,3260280.42,54903.46,91213.56,3223970.32
A0010381,2026-05,3223970.32,64323.5,377934.94,2910358.88
A0010381,2026-06,2910358.88,44795.85,97936.05,2857218.68
A0010381,2026-07,2857218.68,61819.89,21178.11,2897860.46
A0010381,2026-08,2897860.46,80651.14,98689.51,2879822.09
A0010381,2026-09,2879822.09,71659.99,144932.58,2806549.5
A0010381,2026-10,2806549.5,56947.84,105839.07,2757658.27
A0010381,2026-11,2757658.27,87685.92,352110.04,2493234.15
A0010381,2026-12,2493234.15,64789.37,101367.95,2456655.57
A0010791,2021-01,74754.22,338.92,0.0,75093.14
A0010791,2021-02,75093.14,325.63,0.0,75418.77
A0010791,2021-03,75418.77,337.12,0.0,75755.89
A0010791,2021-04,75755.89,365.25,0.0,76121.14
A0010791,2021-05,76121.14,344.39,0.0,76465.53
A0010791,2021-06,76465.53,351.38,0.0,76816.91
A0010791,2021-07,76816.91,338.15,0.0,77155.06
A0010791,2021-08,77155.06,335.25,0.0,77490.31
A0010791,2021-09,77490.31,347.14,0.0,77837.45
A0010791,2021-10,77837.45,376.31,0.0,78213.76
A0010791,2021-11,78213.76,340.15,0.0,78553.91
A0010791,2021-12,78553.91,352.76,0.0,78906.67
A0010791,2022-01,78906.67,443.74,0.0,79350.41
A0010791,2022-02,79350.41,459.53,0.0,79809.94
A0010791,2022-03,79809.94,493.08,0.0,80303.02
A0010791,2022-04,80303.02,490.78,0.0,80793.8
A0010791,2022-05,80793.8,465.35,0.0,81259.15
A0010791,2022-06,81259.15,460.91,0.0,81720.06
A0010791,2022-07,81720.06,489.19,0.0,82209.25
A0010791,2022-08,82209.25,488.38,0.0,82697.63
A0010791,2022-09,82697.63,471.64,0.0,83169.27
A0010791,2022-10,83169.27,471.15,0.0,83640.42
A0010791,2022-11,83640.42,475.59,0.0,84116.01
A0010791,2022-12,84116.01,483.45,0.0,84599.46
A0010791,2023-01,84599.46,620.57,0.0,85220.03
A0010791,2023-02,85220.03,663.39,85883.42,0.0
A0010792,2021-01,54153.79,31381.0,5534.92,79999.87
A0010792,2021-02,79999.87,124217.26,78608.49,125608.64
A0010792,2021-03,125608.64,0.0,9786.33,115822.31
A0010792,2021-04,115822.31,6835.2,52815.42,69842.09
A0010792,2021-05,69842.09,46654.35,85035.36,31461.08
A0010792,2021-06,31461.08,64020.91,30297.08,65184.91
A0010792,2021-07,65184.91,16601.0,73901.03,7884.88
A0010792,2021-08,7884.88,0.0,4825.72,3059.16
A0010792,2021-09,3059.16,110213.49,88775.52,24497.13
A0010792,2021-10,24497.13,26068.83,33624.83,16941.13
A0010792,2021-11,16941.13,292414.68,29236.25,280119.56
A0010792,2021-12,280119.56,29428.85,3142.41,306406.0
A0010792,2022-01,306406.0,53153.39,16720.07,342839.32
A0010792,2022-02,342839.32,107698.19,99619.13,350918.38
A0010792,2022-03,350918.38,87946.91,188888.71,249976.58
A0010792,2022-04,249976.58,0.0,8663.88,241312.7
A0010792,2022-05,241312.7,199308.87,202357.58,238263.99
A0010792,2022-06,238263.99,0.0,42907.54,195356.45
A0010792,2022-07,195356.45,45600.2,22484.99,218471.66
A0010792,2022-08,218471.66,5785.87,66163.44,158094.09
A0010792,2022-09,158094.09,201028.08,10995.73,348126.44
A0010792,2022-10,348126.44,80852.91,50652.87,378326.48
A0010792,2022-11,378326.48,15815.49,9253.17,384888.8
A0010792,2022-12,384888.8,68377.58,100637.28,352629.1
A0010792,2023-01,352629.1,87015.85,162000.64,277644.31
A0010792,2023-02,277644.31,0.0,86542.99,191101.32
A0010792,2023-03,191101.32,14543.2,31595.85,174048.67
A0010792,2023-04,174048.67,403499.39,206068.13,371479.93
A0010792,2023-05,371479.93,163167.22,278633.08,256014.07
A0010792,2023-06,256014.07,16924.83,171940.42,100998.48
A0010792,2023-07,100998.48,50429.62,85395.72,66032.38
A0010792,2023-08,66032.38,179784.75,84440.63,161376.5
A0010792,2023-09,161376.5,90248.4,232649.18,18975.72
A0010792,2023-10,18975.72,100386.93,21584.16,97778.49
A0010792,2023-11,97778.49,382.27,38222.48,59938.28
A0010792,2023-12,59938.28,287084.74,278311.01,68712.01
A0010792,2024-01,68712.01,38790.69,73143.86,34358.84
A0010792,2024-02,34358.84,206171.04,78665.31,161864.57
A0010792,2024-03,161864.57,77179.79,79509.15,159535.21
A0010792,2024-04,159535.21,52885.47,106637.94,105782.74
A0010792,2024-05,105782.74,2829274.82,49642.2,2885415.36
A0010792,2024-06,2885415.36,126973.9,169878.6,2842510.66
A0010792,2024-07,2842510.66,158303.22,142617.25,2858196.63
A0010792,2024-08,2858196.63,257175.08,205384.35,2909987.36
A0010792,2024-09,2909987.36,73848.06,70648.16,2913187.26
A0010792,2024-10,2913187.26,0.0,50086.24,2863101.02
A0010792,2024-11,2863101.02,19094.27,139317.51,2742877.78
A0010792,2024-12,2742877.78,75957.33,256561.94,2562273.17
A0010792,2025-01,2562273.17,54863.04,37652.08,2579484.13
A0010792,2025-02,2579484.13,56382.24,57756.9,2578109.47
A0010792,2025-03,2578109.47,106035.99,207844.2,2476301.26
A0010792,2025-04,2476301.26,289769.11,418871.5,2347198.87
A0010792,2025-05,2347198.87,0.0,133670.68,2213528.19
A0010792,2025-06,2213528.19,47914.25,48810.27,2212632.17
A0010792,2025-07,2212632.17,81867.54,48513.32,2245986.39
A0010792,2025-08,2245986.39,18548.61,50332.01,2214202.99
A0010792,2025-09,2214202.99,82667.63,236056.57,2060814.05
A0010792,2025-10,2060814.05,18261.43,720952.41,1358123.07
A0010792,2025-11,1358123.07,19244.99,59257.28,1318110.78
A0010792,2025-12,1318110.78,375139.96,110775.7,1582475.04
A0010792,2026-01,1582475.04,237888.86,22566.79,1797797.11
A0010792,2026-02,1797797.11,338855.39,217549.84,1919102.66
A0010792,2026-03,1919102.66,86318.58,31292.57,1974128.67
A0010792,2026-04,1974128.67,59503.61,80565.7,1953066.58
A0010792,2026-05,1953066.58,25582.25,140902.3,1837746.53
A0010792,2026-06,1837746.53,220443.63,74917.73,1983272.43
A0010792,2026-07,1983272.43,24796.54,93823.27,1914245.7
A0010792,2026-08,1914245.7,0.0,79466.35,1834779.35
A0010792,2026-09,1834779.35,59012.7,107198.99,1786593.06
A0010792,2026-10,1786593.06,857570.51,171755.17,2472408.4
A0011094,2021-01,8883.41,36574.16,30881.71,14575.86
A0011094,2021-02,14575.86,30411.67,30087.38,14900.15
A0011094,2021-03,14900.15,58580.91,70730.13,2750.93
A0011094,2021-04,2750.93,64559.86,11995.71,55315.08
A0011094,2021-05,55315.08,40239.03,58017.5,37536.61
A0011094,2021-06,37536.61,165375.42,13785.7,189126.33
A0011094,2021-07,189126.33,52806.18,27561.21,214371.3
A0011094,2021-08,214371.3,23429.38,71886.39,165914.29
A0011094,2021-09,165914.29,25630.4,36640.5,154904.19
A0011094,2021-10,154904.19,24341.8,29354.76,149891.23
A0011094,2021-11,149891.23,31707.49,24777.48,156821.24
A0011094,2021-12,156821.24,34769.29,59576.35,132014.18
A0011094,2022-01,132014.18,35314.04,60648.1,106680.12
A0011094,2022-02,106680.12,36510.13,28317.02,114873.23
A0011094,2022-03,114873.23,33622.68,35288.67,113207.24
A0011094,2022-04,113207.24,2623089.66,14877.09,2721419.81
A0011094,2022-05,2721419.81,81910.06,211943.6,2591386.27
A0011094,2022-06,2591386.27,44783.71,59141.05,2577028.93
A0011094,2022-07,2577028.93,39025.19,61977.23,2554076.89
A0011094,2022-08,2554076.89,60084.42,72254.51,2541906.8
A0011094,2022-09,2541906.8,30043.21,341360.44,2230589.57
A0011094,2022-10,2230589.57,68019.86,79896.13,2218713.3
A0011094,2022-11,2218713.3,35251.7,71235.31,2182729.69
A0011094,2022-12,2182729.69,28072.15,55762.23,2155039.61
A0011094,2023-01,2155039.61,58520.76,64522.73,2149037.64
A0011094,2023-02,2149037.64,26662.94,70652.35,2105048.23
A0011094,2023-03,2105048.23,36002.27,13084.92,2127965.58
A0011094,2023-04,2127965.58,28401.54,74526.39,2081840.73
A0011094,2023-05,2081840.73,76125.47,170406.93,1987559.27
A0011094,2023-06,1987559.27,62114.82,54588.28,1995085.81
A0011094,2023-07,1995085.81,54608.82,47432.39,2002262.24
A0011094,2023-08,2002262.24,54072.35,57993.28,1998341.31
A0011094,2023-09,1998341.31,91546.33,83829.64,2006058.0
A0011094,2023-10,2006058.0,46038.34,19752.92,2032343.42
A0011094,2023-11,2032343.42,34986.34,74336.43,1992993.33
A0011094,2023-12,1992993.33,66086.87,130223.39,1928856.81
A0011094,2024-01,1928856.81,76433.88,5954.21,1999336.48
A0011094,2024-02,1999336.48,63931.43,102032.41,1961235.5
A0011094,2024-03,1961235.5,70193.29,20955.39,2010473.4
A0011094,2024-04,2010473.4,78027.61,50023.82,2038477.19
A0011094,2024-05,2038477.19,34735.85,23042.26,2050170.78
A0011094,2024-06,2050170.78,54194.24,42943.13,2061421.89
A0011094,2024-07,2061421.89,42846.4,92611.27,2011657.02
A0011094,2024-08,2011657.02,40638.44,99995.78,1952299.68
A0011094,2024-09,1952299.68,33489.35,76017.39,1909771.64
A0011094,2024-10,1909771.64,39427.39,86308.22,1862890.81
A0011094,2024-11,1862890.81,8662.52,49457.37,1822095.96
A0011094,2024-12,1822095.96,54888.96,109578.56,1767406.36
A0011094,2025-01,1767406.36,61446.0,28554.48,1800297.88
A0011094,2025-02,1800297.88,141724.43,139691.81,1802330.5
A0011094,2025-03,1802330.5,9358.22,103443.21,1708245.51
A0011094,2025-04,1708245.51,57507.91,151353.68,1614399.74
A0011094,2025-05,1614399.74,65086.87,40042.87,1639443.74
A0011094,2025-06,1639443.74,37429.12,65899.87,1610972.99
A0011094,2025-07,1610972.99,83648.42,111435.16,1583186.25
A0011094,2025-08,1583186.25,36485.6,249918.06,1369753.79
A0011094,2025-09,1369753.79,73321.35,66417.54,1376657.6
A0011094,2025-10,1376657.6,40650.39,103552.96,1313755.03
A0011094,2025-11,1313755.03,60776.0,117165.09,1257365.94
A0011094,2025-12,1257365.94,46152.45,29651.6,1273866.79
A0011094,2026-01,1273866.79,52859.72,63611.7,1263114.81
A0011094,2026-02,1263114.81,79159.3,126943.95,1215330.16
A0011094,2026-03,1215330.16,32605.31,81621.12,1166314.35
A0011094,2026-04,1166314.35,43861.04,79105.79,1131069.6
A0011094,2026-05,1131069.6,116333.18,33165.64,1214237.14
A0011094,2026-06,1214237.14,57699.09,123380.51,1148555.72
A0011094,2026-07,1148555.72,91024.15,85662.3,1153917.57
A0011094,2026-08,1153917.57,34192.91,125771.93,1062338.55
A0011094,2026-09,1062338.55,3186.96,98345.98,967179.53
A0011094,2026-10,967179.53,33087.13,92760.68,907505.98
A0011094,2026-11,907505.98,42728.68,180786.81,769447.85
A0011094,2026-12,769447.85,218214.81,255408.3,732254.36
A0011095,2021-01,6495.95,7629.43,0.0,14125.38
A0011095,2021-02,14125.38,19377.26,30967.75,2534.89
A0011095,2021-03,2534.89,22494.08,8493.25,16535.72
A0011095,2021-04,16535.72,15751.68,17874.09,14413.31
A0011095,2021-05,14413.31,2707.57,5366.47,11754.41
A0011095,2021-06,11754.41,7793.89,17120.81,2427.49
A0011095,2021-07,2427.49,7545.26,7309.08,2663.67
A0011095,2021-08,2663.67,55580.02,4739.79,53503.9
A0011095,2021-09,53503.9,11100.95,15552.25,49052.6
A0011095,2021-10,49052.6,39416.76,0.0,88469.36
A0011095,2021-11,88469.36,0.0,6711.09,81758.27
A0011095,2021-12,81758.27,28392.46,0.0,110150.73
A0011095,2022-01,110150.73,31879.8,10104.82,131925.71
A0011095,2022-02,131925.71,37587.93,28971.64,140542.0
A0011095,2022-03,140542.0,1500.82,1914.98,140127.84
A0011095,2022-04,140127.84,17948.67,19853.58,138222.93
A0011095,2022-05,138222.93,12399.76,11873.43,138749.26
A0011095,2022-06,138749.26,1449.08,39733.31,100465.03
A0011095,2022-07,100465.03,0.0,45425.64,55039.39
A0011095,2022-08,55039.39,23412.82,46384.18,32068.03
A0011095,2022-09,32068.03,0.0,5753.6,26314.43
A0011095,2022-10,26314.43,1785.81,11932.25,16167.99
A0011095,2022-11,16167.99,27686.06,16128.18,27725.87
A0011095,2022-12,27725.87,8666.51,0.0,36392.38
A0011095,2023-01,36392.38,5090.83,0.0,41483.21
A0011095,2023-02,41483.21,14789.44,21542.04,34730.61
A0011095,2023-03,34730.61,20934.65,38468.27,17196.99
A0011095,2023-04,17196.99,16817.21,7190.26,26823.94
A0011095,2023-05,26823.94,3014.0,18818.98,11018.96
A0011095,2023-06,11018.96,4601.49,8538.25,7082.2
A0011095,2023-07,7082.2,27104.5,10405.1,23781.6
A0011095,2023-08,23781.6,29445.56,19167.53,34059.63
A0011095,2023-09,34059.63,43994.49,6948.62,71105.5
A0011095,2023-10,71105.5,4058.38,49038.16,26125.72
A0011095,2023-11,26125.72,17755.26,43669.27,211.71
A0011095,2023-12,211.71,5587.33,5431.85,367.19
A0011095,2024-01,367.19,0.0,0.0,367.19
A0011095,2024-02,367.19,0.0,0.0,367.19
A0011095,2024-03,367.19,74686.42,49017.88,26035.73
A0011095,2024-04,26035.73,58903.73,16625.17,68314.29
A0011095,2024-05,68314.29,41788.92,80044.56,30058.65
A0011095,2024-06,30058.65,25243.39,22304.92,32997.12
A0011095,2024-07,32997.12,3861.73,10777.17,26081.68
A0011095,2024-08,26081.68,0.0,17002.23,9079.45
A0011095,2024-09,9079.45,127965.31,0.0,137044.76
A0011095,2024-10,137044.76,10907.53,75704.34,72247.95
A0011095,2024-11,72247.95,1063943.05,49366.55,1086824.45
A0011095,2024-12,1086824.45,0.0,31170.96,1055653.49
A0011095,2025-01,1055653.49,2476.35,27293.25,1030836.59
A0011095,2025-02,1030836.59,2558.87,286688.98,746706.48
A0011095,2025-03,746706.48,50172.27,18070.41,778808.34
A0011095,2025-04,778808.34,6372.15,18982.64,766197.85
A0011095,2025-05,766197.85,9057.71,34669.4,740586.16
A0011095,2025-06,740586.16,16344.8,18948.34,737982.62
A0011095,2025-07,737982.62,18568.37,30292.17,726258.82
A0011095,2025-08,726258.82,8821.53,102643.21,632437.14
A0011095,2025-09,632437.14,13994.01,45140.37,601290.78
A0011095,2025-10,601290.78,0.0,28364.9,572925.88
A0011095,2025-11,572925.88,52577.75,90619.35,534884.28
A0011095,2025-12,534884.28,30582.38,14832.53,550634.13
A0011095,2026-01,550634.13,18961.59,4582.67,565013.05
A0011095,2026-02,565013.05,0.0,22228.85,542784.2
A0011095,2026-03,542784.2,2224.04,24608.11,520400.13
A0011095,2026-04,520400.13,15920.19,13261.55,523058.77
A0011095,2026-05,523058.77,22512.6,4143.84,541427.53
A0011255,2021-01,19714.53,343.55,2203.1,17854.98
A0011255,2021-02,17854.98,726.6,18180.52,401.06
A0011256,2021-01,1404140.04,109349.87,127893.49,1385596.42
A0011256,2021-02,1385596.42,80884.4,118634.09,1347846.73
A0011256,2021-03,1347846.73,10849.64,299981.53,1058714.84
A0011256,2021-04,1058714.84,90252.72,406643.73,742323.83
A0011256,2021-05,742323.83,45513.44,410994.45,376842.82
A0011256,2021-06,376842.82,226764.32,97179.39,506427.75
A0011256,2021-07,506427.75,18945.14,36474.52,488898.37
A0011256,2021-08,488898.37,251919.89,513522.85,227295.41
A0011256,2021-09,227295.41,176148.59,388780.68,14663.32
A0011256,2021-10,14663.32,87146.95,88961.66,12848.61
A0011256,2021-11,12848.61,141710.96,95966.95,58592.62
A0011256,2021-12,58592.62,241620.16,151662.32,148550.46
A0011257,2021-01,18998.64,19.64,0.0,19018.28
A0011257,2021-02,19018.28,18.53,0.0,19036.81
A0011257,2021-03,19036.81,19.63,19056.44,0.0
A0011354,2021-01,10255.3,3642.18,9431.64,4465.84
A0011354,2021-02,4465.84,3351.27,4480.8,3336.31
A0011354,2021-03,3336.31,3049.42,1862.08,4523.65
A0011354,2021-04,4523.65,18535.8,1616.57,21442.88
A0011354,2021-05,21442.88,0.0,5631.33,15811.55
A0011354,2021-06,15811.55,5857.35,2607.65,19061.25
A0011354,2021-07,19061.25,44546.84,14649.53,48958.56
A0011354,2021-08,48958.56,23715.41,1909.68,70764.29
A0011354,2021-09,70764.29,20587.87,49766.52,41585.64
A0011354,2021-10,41585.64,0.0,8594.66,32990.98
A0011354,2021-11,32990.98,11495.44,9610.53,34875.89
A0011354,2021-12,34875.89,15151.69,9258.15,40769.43
A0011354,2022-01,40769.43,36081.56,50940.04,25910.95
A0011354,2022-02,25910.95,10719.89,2595.37,34035.47
A0011354,2022-03,34035.47,500485.42,4044.45,530476.44
A0011354,2022-04,530476.44,50935.52,50481.1,530930.86
A0011354,2022-05,530930.86,40892.14,1237.14,570585.86
A0011354,2022-06,570585.86,23073.44,6519.99,587139.31
A0011354,2022-07,587139.31,9619.89,96648.62,500110.58
A0011354,2022-08,500110.58,41252.42,48887.88,492475.12
A0011354,2022-09,492475.12,234393.95,119580.22,607288.85
A0011354,2022-10,607288.85,1665.76,0.0,608954.61
A0011354,2022-11,608954.61,21811.47,138531.71,492234.37
A0011354,2022-12,492234.37,0.0,43771.21,448463.16
A0011354,2023-01,448463.16,32419.87,6407.72,474475.31
A0011354,2023-02,474475.31,26285.79,45849.79,454911.31
A0011354,2023-03,454911.31,35906.32,70690.73,420126.9
A0011354,2023-04,420126.9,28095.85,47086.08,401136.67
A0011354,2023-05,401136.67,82667.84,44931.55,438872.96
A0011354,2023-06,438872.96,25932.53,62010.82,402794.67
A0011354,2023-07,402794.67,2786.9,56464.42,349117.15
A0011354,2023-08,349117.15,25344.33,38710.03,335751.45
A0011354,2023-09,335751.45,57060.98,43270.43,349542.0
A0011354,2023-10,349542.0,2241.82,106748.7,245035.12
A0011354,2023-11,245035.12,18700.37,38710.03,225025.46
A0011354,2023-12,225025.46,40731.39,79123.48,186633.37
A0011354,2024-01,186633.37,0.0,2224.76,184408.61
A0011354,2024-02,184408.61,0.0,94351.45,90057.16
A0011354,2024-03,90057.16,42137.65,11681.46,120513.35
A0011354,2024-04,120513.35,0.0,995.52,119517.83
A0011354,2024-05,119517.83,4482.07,28889.96,95109.94
A0011354,2024-06,95109.94,19516.38,12693.01,101933.31
A0011354,2024-07,101933.31,14999.26,21315.09,95617.48
A0011354,2024-08,95617.48,3424.36,15346.58,83695.26
A0011354,2024-09,83695.26,56627.22,5089.2,135233.28
A0011354,2024-10,135233.28,51531.13,23665.56,163098.85
A0011354,2024-11,163098.85,22794.83,12967.78,172925.9
A0011354,2024-12,172925.9,0.0,0.0,172925.9
A0011354,2025-01,172925.9,24200.65,368.26,196758.29
A0011354,2025-02,196758.29,6684.29,0.0,203442.58
A0011354,2025-03,203442.58,26432.85,27646.54,202228.89
A0011354,2025-04,202228.89,0.0,8149.42,194079.47
A0011354,2025-05,194079.47,1768.4,0.0,195847.87
A0011354,2025-06,195847.87,0.0,12067.63,183780.24
A0011354,2025-07,183780.24,6692.96,3514.69,186958.51
A0011354,2025-08,186958.51,21348.12,42963.7,165342.93
A0011354,2025-09,165342.93,8508.62,19724.27,154127.28
A0011354,2025-10,154127.28,56888.58,35366.71,175649.15
A0011354,2025-11,175649.15,38384.35,21952.77,192080.73
A0011354,2025-12,192080.73,25984.31,43039.55,175025.49
A0011354,2026-01,175025.49,10126.5,21802.64,163349.35
A0011354,2026-02,163349.35,18684.18,96059.67,85973.86
A0011354,2026-03,85973.86,5305.89,2277.17,89002.58
A0011354,2026-04,89002.58,0.0,15423.73,73578.85
A0011354,2026-05,73578.85,0.0,18133.12,55445.73
A0011354,2026-06,55445.73,2592.01,9926.11,48111.63
A0011354,2026-07,48111.63,4396.72,14996.98,37511.37
A0011354,2026-08,37511.37,23905.09,17986.86,43429.6
A0011354,2026-09,43429.6,2551.9,17543.09,28438.41
A0011354,2026-10,28438.41,102069.82,21827.06,108681.17
A0011354,2026-11,108681.17,2911.75,4184.9,107408.02
A0011354,2026-12,107408.02,54506.27,59815.4,102098.89
A0011464,2021-01,47563.4,178807.12,11460.56,214909.96
A0011464,2021-02,214909.96,44278.82,23732.48,235456.3
A0011464,2021-03,235456.3,86534.0,232594.86,89395.44
A0011464,2021-04,89395.44,36280.33,21022.01,104653.76
A0011464,2021-05,104653.76,34602.34,49921.42,89334.68
A0011464,2021-06,89334.68,88204.15,73180.06,104358.77
A0011464,2021-07,104358.77,55526.22,50413.0,109471.99
A0011464,2021-08,109471.99,15206.46,13990.41,110688.04
A0011464,2021-09,110688.04,14348.24,90879.46,34156.82
A0011464,2021-10,34156.82,216815.55,19430.98,231541.39
A0011464,2021-11,231541.39,459726.47,40102.16,651165.7
A0011464,2021-12,651165.7,26642.81,19819.32,657989.19
A0011464,2022-01,657989.19,27729.85,56387.24,629331.8
A0011464,2022-02,629331.8,0.0,578.2,628753.6
A0011464,2022-03,628753.6,7306.5,1661.8,634398.3
A0011464,2022-04,634398.3,0.0,11197.12,623201.18
A0011464,2022-05,623201.18,42309.11,45147.94,620362.35
A0011464,2022-06,620362.35,23114.23,15452.26,628024.32
A0011464,2022-07,628024.32,17204.09,24122.07,621106.34
A0011464,2022-08,621106.34,96711.57,20555.64,697262.27
A0011464,2022-09,697262.27,34447.67,43583.24,688126.7
A0011464,2022-10,688126.7,21745.88,3753.17,706119.41
A0011464,2022-11,706119.41,52198.14,80006.6,678310.95
A0011464,2022-12,678310.95,33159.26,14430.14,697040.07
A0011464,2023-01,697040.07,0.0,390544.2,306495.87
A0011464,2023-02,306495.87,29485.91,34239.62,301742.16
A0011464,2023-03,301742.16,23786.86,21256.32,304272.7
A0011464,2023-04,304272.7,64955.98,18703.34,350525.34
A0011464,2023-05,350525.34,53278.27,8643.08,395160.53
A0011464,2023-06,395160.53,207904.33,60177.63,542887.23
A0011464,2023-07,542887.23,1986.35,110393.92,434479.66
A0011464,2023-08,434479.66,122166.63,147992.36,408653.93
A0011464,2023-09,408653.93,0.0,26278.15,382375.78
A0011464,2023-10,382375.78,57253.95,45548.55,394081.18
A0011464,2023-11,394081.18,15850.75,48341.16,361590.77
A0011464,2023-12,361590.77,17351.22,64587.45,314354.54
A0011464,2024-01,314354.54,12795.97,4587.32,322563.19
A0011464,2024-02,322563.19,42085.69,244764.65,119884.23
A0011464,2024-03,119884.23,18538.9,120374.61,18048.52
A0011464,2024-04,18048.52,119822.27,42381.52,95489.27
A0011464,2024-05,95489.27,111343.17,10139.55,196692.89
A0011464,2024-06,196692.89,39285.94,33999.19,201979.64
A0011464,2024-07,201979.64,233643.28,42730.47,392892.45
A0011464,2024-08,392892.45,25749.53,92870.26,325771.72
A0011464,2024-09,325771.72,57716.76,56607.36,326881.12
A0011464,2024-10,326881.12,19273.93,48075.59,298079.46
A0011464,2024-11,298079.46,81264.4,58127.6,321216.26
A0011464,2024-12,321216.26,69098.56,90027.47,300287.35
A0011464,2025-01,300287.35,330624.17,9437.71,621473.81
A0011464,2025-02,621473.81,97389.22,18806.36,700056.67
A0011464,2025-03,700056.67,68436.41,173472.85,595020.23
A0011464,2025-04,595020.23,35443.07,73008.62,557454.68
A0011464,2025-05,557454.68,13517.35,168406.43,402565.6
A0011464,2025-06,402565.6,42304.67,48594.35,396275.92
A0011464,2025-07,396275.92,22413.59,46831.37,371858.14
A0011464,2025-08,371858.14,92951.98,51775.83,413034.29
A0011464,2025-09,413034.29,137936.77,67578.02,483393.04
A0011464,2025-10,483393.04,9288.86,65547.34,427134.56
A0011464,2025-11,427134.56,7990.37,58399.0,376725.93
A0011464,2025-12,376725.93,94196.42,34892.54,436029.81
A0011464,2026-01,436029.81,55620.51,25264.13,466386.19
A0011464,2026-02,466386.19,20498.66,23897.54,462987.31
A0011464,2026-03,462987.31,1407.98,80261.51,384133.78
A0011464,2026-04,384133.78,57494.9,66456.13,375172.55
A0011464,2026-05,375172.55,36352.41,5690.28,405834.68
A0011464,2026-06,405834.68,0.0,99790.64,306044.04
A0011464,2026-07,306044.04,41752.75,25590.21,322206.58
A0011464,2026-08,322206.58,148649.08,39580.23,431275.43
A0011464,2026-09,431275.43,85028.08,15562.63,500740.88
A0011464,2026-10,500740.88,71909.1,70515.98,502134.0
A0011464,2026-11,502134.0,17142.38,3047.99,516228.39
A0011464,2026-12,516228.39,0.0,8905.63,507322.76
A0011465,2021-01,94808.69,18485.75,15599.6,97694.84
A0011465,2021-02,97694.84,12484.37,0.0,110179.21
A0011465,2021-03,110179.21,7265.67,0.0,117444.88
A0011465,2021-04,117444.88,3105.66,853.93,119696.61
A0011465,2021-05,119696.61,13047.78,3268.65,129475.74
A0011465,2021-06,129475.74,34118.0,19647.36,143946.38
A0011465,2021-07,143946.38,17455.35,13268.03,148133.7
A0011465,2021-08,148133.7,11796.71,0.0,159930.41
A0011465,2021-09,159930.41,14778.21,3630.79,171077.83
A0011465,2021-10,171077.83,12329.37,13002.44,170404.76
A0011465,2021-11,170404.76,6938.94,4863.44,172480.26
A0011465,2021-12,172480.26,16983.29,7152.78,182310.77
A0011465,2022-01,182310.77,12973.67,13471.05,181813.39
A0011465,2022-02,181813.39,36053.67,5800.21,212066.85
A0011465,2022-03,212066.85,24051.48,0.0,236118.33
A0011465,2022-04,236118.33,303.85,45925.66,190496.52
A0011465,2022-05,190496.52,16058.45,28565.94,177989.03
A0011465,2022-06,177989.03,46456.37,42329.34,182116.06
A0011465,2022-07,182116.06,25986.28,5053.12,203049.22
A0011465,2022-08,203049.22,0.0,3766.18,199283.04
A0011465,2022-09,199283.04,6009.13,83824.09,121468.08
A0011465,2022-10,121468.08,44678.64,13047.35,153099.37
A0011465,2022-11,153099.37,22278.89,0.0,175378.26
A0011465,2022-12,175378.26,3710.37,36674.81,142413.82
A0011465,2023-01,142413.82,0.0,15663.26,126750.56
A0011465,2023-02,126750.56,169730.07,2938.14,293542.49
A0011465,2023-03,293542.49,24423.51,38989.58,278976.42
A0011465,2023-04,278976.42,10126.72,7331.58,281771.56
A0011465,2023-05,281771.56,185691.67,92987.28,374475.95
A0011465,2023-06,374475.95,37909.05,799.45,411585.55
A0011465,2023-07,411585.55,0.0,0.0,411585.55
A0011465,2023-08,411585.55,15636.27,52442.83,374778.99
A0011465,2023-09,374778.99,35038.17,15083.67,394733.49
A0011465,2023-10,394733.49,11877.34,25722.99,380887.84
A0011465,2023-11,380887.84,0.0,11490.46,369397.38
A0011465,2023-12,369397.38,0.0,19954.98,349442.4
A0011465,2024-01,349442.4,18886.88,50315.0,318014.28
A0011465,2024-02,318014.28,20997.74,2269.66,336742.36
A0011465,2024-03,336742.36,25965.2,27037.98,335669.58
A0011465,2024-04,335669.58,3787.45,4717.36,334739.67
A0011465,2024-05,334739.67,15869.01,2124.31,348484.37
A0011465,2024-06,348484.37,0.0,14490.02,333994.35
A0011465,2024-07,333994.35,5649.8,11411.53,328232.62
A0011465,2024-08,328232.62,0.0,17324.55,310908.07
A0011465,2024-09,310908.07,1664.79,52102.05,260470.81
A0011465,2024-10,260470.81,0.0,4032.75,256438.06
A0011465,2024-11,256438.06,6866.42,23858.89,239445.59
A0011465,2024-12,239445.59,7621.69,9981.23,237086.05
A0011465,2025-01,237086.05,0.0,0.0,237086.05
A0011465,2025-02,237086.05,0.0,29468.01,207618.04
A0011465,2025-03,207618.04,22651.7,3168.28,227101.46
A0011465,2025-04,227101.46,0.0,3437.37,223664.09
A0011465,2025-05,223664.09,72808.55,35564.49,260908.15
A0011465,2025-06,260908.15,7286.93,8429.22,259765.86
A0011465,2025-07,259765.86,5827.63,13407.68,252185.81
A0011465,2025-08,252185.81,8849.33,29027.61,232007.53
A0011465,2025-09,232007.53,12014.07,34163.43,209858.17
A0011465,2025-10,209858.17,25172.94,14669.21,220361.9
A0011465,2025-11,220361.9,54236.29,46757.6,227840.59
A0011465,2025-12,227840.59,457373.77,43273.37,641940.99
A0011465,2026-01,641940.99,6565.85,15588.56,632918.28
A0011465,2026-02,632918.28,824894.95,5333.36,1452479.87
A0011465,2026-03,1452479.87,30470.58,16241.84,1466708.61
A0011465,2026-04,1466708.61,0.0,4265.81,1462442.8
A0011465,2026-05,1462442.8,0.0,5738.24,1456704.56
A0011465,2026-06,1456704.56,26363.26,1243.58,1481824.24
A0011465,2026-07,1481824.24,77902.26,208486.96,1351239.54
A0011465,2026-08,1351239.54,14801.32,4265.66,1361775.2
A0011465,2026-09,1361775.2,46279.76,40332.86,1367722.1
A0011465,2026-10,1367722.1,5287.13,53335.37,1319673.86
A0011465,2026-11,1319673.86,28544.83,66660.94,1281557.75
A0011465,2026-12,1281557.75,24692.14,58790.92,1247458.97
A0011466,2021-01,704.78,21861.27,0.0,22566.05
A0011466,2021-02,22566.05,97.32,0.0,22663.37
A0011466,2021-03,22663.37,195.22,495.88,22362.71
A0011466,2021-04,22362.71,0.0,0.0,22362.71
A0011466,2021-05,22362.71,0.0,0.0,22362.71
A0011466,2021-06,22362.71,3107.17,214.02,25255.86
A0011466,2021-07,25255.86,0.0,0.0,25255.86
A0011466,2021-08,25255.86,3133.96,0.0,28389.82
A0011466,2021-09,28389.82,0.0,0.0,28389.82
A0011466,2021-10,28389.82,280.89,54.77,28615.94
A0011466,2021-11,28615.94,27981.31,0.0,56597.25
A0011466,2021-12,56597.25,35400.8,82.15,91915.9
A0011466,2022-01,91915.9,0.0,406.3,91509.6
A0011466,2022-02,91509.6,0.0,0.0,91509.6
A0011466,2022-03,91509.6,0.0,103.86,91405.74
A0011466,2022-04,91405.74,1441.33,167.77,92679.3
A0011466,2022-05,92679.3,886.8,0.0,93566.1
A0011466,2022-06,93566.1,0.0,227.65,93338.45
A0011466,2022-07,93338.45,496.84,8466.51,85368.78
A0011466,2022-08,85368.78,50.71,0.0,85419.49
A0011466,2022-09,85419.49,240.45,0.0,85659.94
A0011466,2022-10,85659.94,0.0,88.44,85571.5
A0011466,2022-11,85571.5,4830.43,0.0,90401.93
A0011466,2022-12,90401.93,0.0,0.0,90401.93
A0011466,2023-01,90401.93,0.0,0.0,90401.93
A0011466,2023-02,90401.93,0.0,104.5,90297.43
A0011466,2023-03,90297.43,0.0,45024.26,45273.17
A0011466,2023-04,45273.17,7540.69,627.67,52186.19
A0011466,2023-05,52186.19,0.0,0.0,52186.19
A0011466,2023-06,52186.19,172.32,0.0,52358.51
A0011466,2023-07,52358.51,0.0,0.0,52358.51
A0011466,2023-08,52358.51,0.0,0.0,52358.51
A0011466,2023-09,52358.51,867.53,185.96,53040.08
A0011466,2023-10,53040.08,0.0,0.0,53040.08
A0011466,2023-11,53040.08,467.55,0.0,53507.63
A0011466,2023-12,53507.63,0.0,6313.04,47194.59
A0011466,2024-01,47194.59,17068.4,87.37,64175.62
A0011466,2024-02,64175.62,1193.45,0.0,65369.07
A0011466,2024-03,65369.07,773.16,12129.04,54013.19
A0011466,2024-04,54013.19,1314.2,39.74,55287.65
A0011466,2024-05,55287.65,809.7,54.56,56042.79
A0011466,2024-06,56042.79,0.0,36881.61,19161.18
A0011466,2024-07,19161.18,0.0,25.03,19136.15
A0011466,2024-08,19136.15,0.0,0.0,19136.15
A0011466,2024-09,19136.15,514.11,0.0,19650.26
A0011466,2024-10,19650.26,0.0,49.51,19600.75
A0011466,2024-11,19600.75,108966.96,13915.65,114652.06
A0011466,2024-12,114652.06,125.87,130.94,114646.99
A0011466,2025-01,114646.99,150.12,649.59,114147.52
A0011466,2025-02,114147.52,0.0,0.0,114147.52
A0011466,2025-03,114147.52,0.0,1320.45,112827.07
A0011466,2025-04,112827.07,362.48,0.0,113189.55
A0011466,2025-05,113189.55,0.0,790.61,112398.94
A0011466,2025-06,112398.94,61.72,0.0,112460.66
A0011466,2025-07,112460.66,0.0,0.0,112460.66
A0011466,2025-08,112460.66,262.36,0.0,112723.02
A0011466,2025-09,112723.02,240.56,91262.39,21701.19
A0011466,2025-10,21701.19,0.0,0.0,21701.19
A0011466,2025-11,21701.19,29921.06,833.31,50788.94
A0011466,2025-12,50788.94,579.4,10393.28,40975.06
A0011466,2026-01,40975.06,0.0,249.11,40725.95
A0011466,2026-02,40725.95,51359.32,542.33,91542.94
A0011466,2026-03,91542.94,0.0,0.0,91542.94
A0011466,2026-04,91542.94,850.86,0.0,92393.8
A0011466,2026-05,92393.8,147.66,183.45,92358.01
A0011466,2026-06,92358.01,182.37,0.0,92540.38
A0011466,2026-07,92540.38,0.0,58.54,92481.84
A0011466,2026-08,92481.84,16183.53,0.0,108665.37
A0011466,2026-09,108665.37,0.0,320.18,108345.19
A0011466,2026-10,108345.19,0.0,4214.67,104130.52
A0011466,2026-11,104130.52,134.49,445.08,103819.93
A0011466,2026-12,103819.93,0.0,0.0,103819.93
A0011549,2021-01,5119.37,133.89,260.87,4992.39
A0011549,2021-02,4992.39,0.0,120.74,4871.65
A0011549,2021-03,4871.65,366.85,35.97,5202.53
A0011549,2021-04,5202.53,704.08,0.0,5906.61
A0011549,2021-05,5906.61,0.0,0.0,5906.61
A0011549,2021-06,5906.61,0.0,58.33,5848.28
A0011549,2021-07,5848.28,141.86,0.0,5990.14
A0011549,2021-08,5990.14,361.6,422.19,5929.55
A0011549,2021-09,5929.55,0.0,0.0,5929.55
A0011549,2021-10,5929.55,4591.43,786.14,9734.84
A0011549,2021-11,9734.84,0.0,7283.21,2451.63
A0011549,2021-12,2451.63,0.0,730.29,1721.34
A0011549,2022-01,1721.34,3017.5,0.0,4738.84
A0011549,2022-02,4738.84,36.31,0.0,4775.15
A0011549,2022-03,4775.15,31.78,4168.3,638.63
A0011552,2021-01,516.94,18.22,22.25,512.91
A0011552,2021-02,512.91,350.48,0.0,863.39
A0011552,2021-03,863.39,0.0,165.97,697.42
A0011552,2021-04,697.42,0.0,307.88,389.54
A0011552,2021-05,389.54,0.0,54.99,334.55
A0011552,2021-06,334.55,0.0,0.0,334.55
A0011552,2021-07,334.55,0.0,0.0,334.55
A0011552,2021-08,334.55,350.52,0.0,685.07
A0011552,2021-09,685.07,19214.46,1999.33,17900.2
A0011552,2021-10,17900.2,5461.98,0.0,23362.18
A0011552,2021-11,23362.18,279.58,10992.8,12648.96
A0011552,2021-12,12648.96,164.2,140.99,12672.17
A0011552,2022-01,12672.17,147.97,5892.51,6927.63
A0011552,2022-02,6927.63,107.27,0.0,7034.9
A0011552,2022-03,7034.9,0.0,0.0,7034.9
A0011552,2022-04,7034.9,457.32,125.06,7367.16
A0011552,2022-05,7367.16,0.0,317.9,7049.26
A0011552,2022-06,7049.26,0.0,0.0,7049.26
A0011552,2022-07,7049.26,180.89,117.01,7113.14
A0011552,2022-08,7113.14,0.0,0.0,7113.14
A0011552,2022-09,7113.14,0.0,0.0,7113.14
A0011552,2022-10,7113.14,396.11,90.19,7419.06
A0011552,2022-11,7419.06,131.66,25.97,7524.75
A0011552,2022-12,7524.75,133.28,3772.38,3885.65
A0011552,2023-01,3885.65,0.0,0.0,3885.65
A0011552,2023-02,3885.65,114.76,0.0,4000.41
A0011552,2023-03,4000.41,0.0,0.0,4000.41
A0011552,2023-04,4000.41,637.77,64.76,4573.42
A0011552,2023-05,4573.42,0.0,131.88,4441.54
A0011552,2023-06,4441.54,282.93,456.31,4268.16
A0011552,2023-07,4268.16,257.16,0.0,4525.32
A0011552,2023-08,4525.32,0.0,0.0,4525.32
A0011552,2023-09,4525.32,814.18,0.0,5339.5
A0011552,2023-10,5339.5,273.5,65.33,5547.67
A0011552,2023-11,5547.67,594.96,6.99,6135.64
A0011552,2023-12,6135.64,83.48,5291.18,927.94
A0011552,2024-01,927.94,70.4,0.0,998.34
A0011552,2024-02,998.34,0.0,108.92,889.42
A0011552,2024-03,889.42,0.0,35.37,854.05
A0011552,2024-04,854.05,0.0,0.0,854.05
A0011552,2024-05,854.05,0.0,432.64,421.41
A0011552,2024-06,421.41,339.87,0.0,761.28
A0011552,2024-07,761.28,655.18,309.09,1107.37
A0011552,2024-08,1107.37,480.53,0.0,1587.9
A0011552,2024-09,1587.9,0.0,0.0,1587.9
A0011552,2024-10,1587.9,0.0,0.0,1587.9
A0011552,2024-11,1587.9,0.0,104.99,1482.91
A0011552,2024-12,1482.91,13.48,391.6,1104.79
A0011552,2025-01,1104.79,144.98,0.0,1249.77
A0011552,2025-02,1249.77,202.02,340.85,1110.94
A0011552,2025-03,1110.94,5621.4,152.59,6579.75
A0011552,2025-04,6579.75,299.43,673.63,6205.55
A0011552,2025-05,6205.55,686.01,0.0,6891.56
A0011552,2025-06,6891.56,0.0,750.45,6141.11
A0011552,2025-07,6141.11,0.0,0.0,6141.11
A0011552,2025-08,6141.11,0.0,243.15,5897.96
A0011552,2025-09,5897.96,0.0,0.0,5897.96
A0011552,2025-10,5897.96,52719.97,0.0,58617.93
A0011552,2025-11,58617.93,0.0,0.0,58617.93
A0011552,2025-12,58617.93,214.71,258.07,58574.57
A0011552,2026-01,58574.57,0.0,147.75,58426.82
A0011552,2026-02,58426.82,236.59,451.61,58211.8
A0011552,2026-03,58211.8,0.0,0.0,58211.8
A0011552,2026-04,58211.8,263.61,0.0,58475.41
A0011552,2026-05,58475.41,0.0,0.0,58475.41
A0011552,2026-06,58475.41,0.0,2146.43,56328.98
A0011552,2026-07,56328.98,612.41,0.0,56941.39
A0011552,2026-08,56941.39,230.26,92.04,57079.61
A0011552,2026-09,57079.61,14279.73,482.03,70877.31
A0011552,2026-10,70877.31,0.0,0.0,70877.31
A0011552,2026-11,70877.31,99.62,0.0,70976.93
A0011552,2026-12,70976.93,0.0,621.88,70355.05
A0011558,2021-01,1345.74,86.71,36.86,1395.59
A0011558,2021-02,1395.59,341.72,124.55,1612.76
A0011558,2021-03,1612.76,0.0,435.36,1177.4
A0011558,2021-04,1177.4,321.99,0.0,1499.39
A0011558,2021-05,1499.39,0.0,456.11,1043.28
A0011558,2021-06,1043.28,396.02,0.0,1439.3
A0011558,2021-07,1439.3,83.76,0.0,1523.06
A0011558,2021-08,1523.06,101.65,0.0,1624.71
A0011558,2021-09,1624.71,158.54,0.0,1783.25
A0011558,2021-10,1783.25,502.32,0.0,2285.57
A0011558,2021-11,2285.57,0.0,428.96,1856.61
A0011558,2021-12,1856.61,826.92,0.0,2683.53
A0011558,2022-01,2683.53,1648.24,95.38,4236.39
A0011558,2022-02,4236.39,0.0,0.0,4236.39
A0011558,2022-03,4236.39,214.78,506.19,3944.98
A0011558,2022-04,3944.98,0.0,0.0,3944.98
A0011558,2022-05,3944.98,146.46,119.5,3971.94
A0011558,2022-06,3971.94,13140.12,1303.78,15808.28
A0011558,2022-07,15808.28,0.0,227.17,15581.11
A0011558,2022-08,15581.11,0.0,136.02,15445.09
A0011558,2022-09,15445.09,613.58,3397.78,12660.89
A0011558,2022-10,12660.89,0.0,0.0,12660.89
A0011558,2022-11,12660.89,0.0,0.0,12660.89
A0011558,2022-12,12660.89,0.0,0.0,12660.89
A0011558,2023-01,12660.89,0.0,0.0,12660.89
A0011558,2023-02,12660.89,12887.31,264.17,25284.03
A0011558,2023-03,25284.03,0.0,735.22,24548.81
A0011558,2023-04,24548.81,878.23,0.0,25427.04
A0011558,2023-05,25427.04,0.0,1482.82,23944.22
A0011558,2023-06,23944.22,0.0,219.05,23725.17
A0011558,2023-07,23725.17,1810.48,387.8,25147.85
A0011558,2023-08,25147.85,0.0,667.77,24480.08
A0011558,2023-09,24480.08,0.0,92.86,24387.22
A0011558,2023-10,24387.22,0.0,126.17,24261.05
A0011558,2023-11,24261.05,0.0,316.99,23944.06
A0011558,2023-12,23944.06,128.02,0.0,24072.08
A0011558,2024-01,24072.08,940.51,489.55,24523.04
A0011558,2024-02,24523.04,0.0,137.84,24385.2
A0011558,2024-03,24385.2,777.55,0.0,25162.75
A0011558,2024-04,25162.75,0.0,0.0,25162.75
A0011558,2024-05,25162.75,288.15,86.77,25364.13
A0011558,2024-06,25364.13,811.71,1697.55,24478.29
A0011558,2024-07,24478.29,0.0,0.0,24478.29
A0011558,2024-08,24478.29,0.0,0.0,24478.29
A0011558,2024-09,24478.29,270.52,0.0,24748.81
A0011558,2024-10,24748.81,73152.85,0.0,97901.66
A0011558,2024-11,97901.66,306.23,0.0,98207.89
A0011558,2024-12,98207.89,936.03,762.99,98380.93
A0011558,2025-01,98380.93,0.0,16.23,98364.7
A0011558,2025-02,98364.7,282.25,706.12,97940.83
A0011558,2025-03,97940.83,108702.48,130.11,206513.2
A0011558,2025-04,206513.2,2271.86,46.15,208738.91
A0011558,2025-05,208738.91,158.35,1684.65,207212.61
A0011558,2025-06,207212.61,156.64,42214.12,165155.13
A0011558,2025-07,165155.13,844.53,92587.9,73411.76
A0011558,2025-08,73411.76,1241.71,212.95,74440.52
A0011558,2025-09,74440.52,0.0,675.78,73764.74
A0011558,2025-10,73764.74,1329.21,530.94,74563.01
A0011558,2025-11,74563.01,0.0,0.0,74563.01
A0011558,2025-12,74563.01,0.0,0.0,74563.01
A0011558,2026-01,74563.01,0.0,0.0,74563.01
A0011558,2026-02,74563.01,0.0,542.96,74020.05
A0011558,2026-03,74020.05,0.0,0.0,74020.05
A0011558,2026-04,74020.05,260.06,2990.31,71289.8
A0011558,2026-05,71289.8,136.22,1118.28,70307.74
A0011558,2026-06,70307.74,0.0,488.39,69819.35
A0011558,2026-07,69819.35,1580.78,2428.27,68971.86
A0011558,2026-08,68971.86,0.0,982.3,67989.56
A0011558,2026-09,67989.56,0.0,0.0,67989.56
A0011558,2026-10,67989.56,150.2,0.0,68139.76
A0011558,2026-11,68139.76,0.0,188.87,67950.89
A0011558,2026-12,67950.89,0.0,0.0,67950.89
A0011561,2021-01,209934.8,58524.55,86276.22,182183.13
A0011561,2021-02,182183.13,100667.38,282412.74,437.77
A0011561,2021-03,437.77,129125.81,70848.06,58715.52
A0011561,2021-04,58715.52,65421.74,71393.24,52744.02
A0011561,2021-05,52744.02,88535.77,94545.55,46734.24
A0011561,2021-06,46734.24,291831.92,54766.92,283799.24
A0011561,2021-07,283799.24,60298.49,106939.37,237158.36
A0011561,2021-08,237158.36,63345.94,29058.18,271446.12
A0011561,2021-09,271446.12,127317.57,168704.69,230059.0
A0011561,2021-10,230059.0,80837.6,41065.03,269831.57
A0011561,2021-11,269831.57,73543.06,68503.49,274871.14
A0011561,2021-12,274871.14,60211.42,73384.76,261697.8
A0011561,2022-01,261697.8,102572.89,40624.99,323645.7
A0011561,2022-02,323645.7,158819.56,41418.58,441046.68
A0011561,2022-03,441046.68,168488.7,51877.71,557657.67
A0011561,2022-04,557657.67,84362.69,56740.91,585279.45
A0011561,2022-05,585279.45,96634.14,119479.53,562434.06
A0011561,2022-06,562434.06,241560.84,82716.86,721278.04
A0011561,2022-07,721278.04,5618264.53,176213.72,6163328.85
A0011561,2022-08,6163328.85,130186.38,187615.51,6105899.72
A0011561,2022-09,6105899.72,215004.63,192294.63,6128609.72
A0011561,2022-10,6128609.72,70287.61,175267.37,6023629.96
A0011561,2022-11,6023629.96,160601.94,78582.18,6105649.72
A0011561,2022-12,6105649.72,74725.37,200465.26,5979909.83
A0011561,2023-01,5979909.83,141020.21,203578.16,5917351.88
A0011561,2023-02,5917351.88,80278.61,38588.79,5959041.7
A0011561,2023-03,5959041.7,120583.83,167094.88,5912530.65
A0011561,2023-04,5912530.65,84499.72,301137.66,5695892.71
A0011561,2023-05,5695892.71,114980.78,156935.7,5653937.79
A0011561,2023-06,5653937.79,88429.75,48823.9,5693543.64
A0011561,2023-07,5693543.64,190220.58,229197.72,5654566.5
A0011561,2023-08,5654566.5,72059.42,132538.39,5594087.53
A0011561,2023-09,5594087.53,137005.68,295631.02,5435462.19
A0011561,2023-10,5435462.19,110222.9,52996.98,5492688.11
A0011561,2023-11,5492688.11,93262.44,204750.75,5381199.8
A0011561,2023-12,5381199.8,163855.89,265577.16,5279478.53
A0011561,2024-01,5279478.53,118618.49,117987.3,5280109.72
A0011561,2024-02,5280109.72,20905.68,109034.01,5191981.39
A0011561,2024-03,5191981.39,77890.99,162878.14,5106994.24
A0011561,2024-04,5106994.24,100772.17,380224.85,4827541.56
A0011561,2024-05,4827541.56,77654.78,132027.85,4773168.49
A0011561,2024-06,4773168.49,149418.67,303013.63,4619573.53
A0011561,2024-07,4619573.53,79781.39,193390.47,4505964.45
A0011561,2024-08,4505964.45,106189.49,278519.63,4333634.31
A0011561,2024-09,4333634.31,157973.75,93884.88,4397723.18
A0011561,2024-10,4397723.18,124016.16,172200.02,4349539.32
A0011561,2024-11,4349539.32,96617.97,77458.28,4368699.01
A0011561,2024-12,4368699.01,145787.88,271404.86,4243082.03
A0011561,2025-01,4243082.03,64785.9,181559.48,4126308.45
A0011561,2025-02,4126308.45,195743.75,77270.95,4244781.25
A0011561,2025-03,4244781.25,108046.53,189301.89,4163525.89
A0011561,2025-04,4163525.89,124821.82,148744.57,4139603.14
A0011561,2025-05,4139603.14,131824.9,232210.68,4039217.36
A0011561,2025-06,4039217.36,124739.81,353155.48,3810801.69
A0011561,2025-07,3810801.69,97991.59,89644.62,3819148.66
A0011561,2025-08,3819148.66,375293.19,337743.44,3856698.41
A0011561,2025-09,3856698.41,88464.72,240607.37,3704555.76
A0011561,2025-10,3704555.76,221840.62,304274.15,3622122.23
A0011561,2025-11,3622122.23,105426.9,171600.2,3555948.93
A0011561,2025-12,3555948.93,188752.39,200626.14,3544075.18
A0011561,2026-01,3544075.18,94160.47,70465.8,3567769.85
A0011561,2026-02,3567769.85,108845.92,142949.03,3533666.74
A0011561,2026-03,3533666.74,215707.46,196779.87,3552594.33
A0011561,2026-04,3552594.33,146998.94,356247.51,3343345.76
A0011561,2026-05,3343345.76,98854.78,160478.79,3281721.75
A0011561,2026-06,3281721.75,226749.98,337443.41,3171028.32
A0011561,2026-07,3171028.32,272599.32,342767.97,3100859.67
A0011561,2026-08,3100859.67,98952.12,201779.28,2998032.51
A0011561,2026-09,2998032.51,103248.15,170713.68,2930566.98
A0011561,2026-10,2930566.98,102764.34,214121.08,2819210.24
A0011561,2026-11,2819210.24,183059.9,935088.67,2067181.47
A0011561,2026-12,2067181.47,129118.07,233131.63,1963167.91
A0011718,2021-01,51903.26,17235.31,39335.25,29803.32
A0011718,2021-02,29803.32,40431.84,66787.7,3447.46
A0011718,2021-03,3447.46,33842.14,13179.75,24109.85
A0011718,2021-04,24109.85,12508.12,22573.99,14043.98
A0011718,2021-05,14043.98,8621.19,10607.06,12058.11
A0011718,2021-06,12058.11,30220.71,36787.81,5491.01
A0011718,2021-07,5491.01,32962.68,7311.18,31142.51
A0011718,2021-08,31142.51,2094.5,10985.2,22251.81
A0011718,2021-09,22251.81,106941.2,3835.94,125357.07
A0011718,2021-10,125357.07,9732.59,16526.29,118563.37
A0011718,2021-11,118563.37,28285.73,20753.55,126095.55
A0011718,2021-12,126095.55,67736.51,35012.94,158819.12
A0011718,2022-01,158819.12,273376.79,43469.49,388726.42
A0011718,2022-02,388726.42,38844.45,40734.77,386836.1
A0011718,2022-03,386836.1,30988.93,63058.98,354766.05
A0011718,2022-04,354766.05,21614.66,140322.91,236057.8
A0011718,2022-05,236057.8,35651.74,13954.69,257754.85
A0011718,2022-06,257754.85,5862.46,48139.23,215478.08
A0011718,2022-07,215478.08,105602.08,56340.65,264739.51
A0011718,2022-08,264739.51,55138.86,44869.72,275008.65
A0011718,2022-09,275008.65,140719.67,51218.58,364509.74
A0011718,2022-10,364509.74,33690.23,43795.65,354404.32
A0011718,2022-11,354404.32,104719.41,4603.63,454520.1
A0011718,2022-12,454520.1,7703.96,26669.96,435554.1
A0011718,2023-01,435554.1,37246.51,28247.22,444553.39
A0011718,2023-02,444553.39,8402.14,24280.48,428675.05
A0011718,2023-03,428675.05,37213.39,83290.59,382597.85
A0011718,2023-04,382597.85,18034.75,14501.18,386131.42
A0011718,2023-05,386131.42,9251.69,17666.01,377717.1
A0011718,2023-06,377717.1,13113.3,5577.26,385253.14
A0011718,2023-07,385253.14,46482.41,14072.21,417663.34
A0011718,2023-08,417663.34,15012.0,46331.51,386343.83
A0011718,2023-09,386343.83,54698.06,9550.51,431491.38
A0011718,2023-10,431491.38,27122.68,17199.14,441414.92
A0011718,2023-11,441414.92,27595.77,38503.83,430506.86
A0011718,2023-12,430506.86,75147.23,31509.83,474144.26
A0011718,2024-01,474144.26,133951.7,170943.2,437152.76
A0011718,2024-02,437152.76,39505.47,27398.0,449260.23
A0011718,2024-03,449260.23,70107.79,74899.93,444468.09
A0011718,2024-04,444468.09,213737.55,20552.04,637653.6
A0011718,2024-05,637653.6,76124.94,48863.6,664914.94
A0011718,2024-06,664914.94,37668.76,115310.37,587273.33
A0011718,2024-07,587273.33,55444.21,65829.9,576887.64
A0011718,2024-08,576887.64,56977.1,62008.88,571855.86
A0011718,2024-09,571855.86,12312.81,95415.45,488753.22
A0011718,2024-10,488753.22,135437.34,100465.95,523724.61
A0011718,2024-11,523724.61,60971.8,115956.41,468740.0
A0011718,2024-12,468740.0,194946.62,44853.64,618832.98
A0011718,2025-01,618832.98,76874.25,73462.46,622244.77
A0011718,2025-02,622244.77,81635.39,51985.66,651894.5
A0011718,2025-03,651894.5,52682.07,43564.22,661012.35
A0011718,2025-04,661012.35,58400.48,466598.47,252814.36
A0011718,2025-05,252814.36,286132.78,34988.63,503958.51
A0011718,2025-06,503958.51,24733.04,4444.89,524246.66
A0011718,2025-07,524246.66,90886.58,31208.14,583925.1
A0011718,2025-08,583925.1,93412.37,28199.01,649138.46
A0011718,2025-09,649138.46,20129.13,93987.56,575280.03
A0011718,2025-10,575280.03,59518.28,14966.63,619831.68
A0011718,2025-11,619831.68,95154.82,92949.66,622036.84
A0011718,2025-12,622036.84,44367.51,17477.32,648927.03
A0011718,2026-01,648927.03,46052.54,18374.24,676605.33
A0011718,2026-02,676605.33,25482.16,21731.69,680355.8
A0011718,2026-03,680355.8,352368.22,533759.15,498964.87
A0011718,2026-04,498964.87,89674.82,26086.39,562553.3
A0011718,2026-05,562553.3,4721.98,22190.26,545085.02
A0011718,2026-06,545085.02,58979.49,9182.71,594881.8
A0011718,2026-07,594881.8,753002.03,63139.13,1284744.7
A0011718,2026-08,1284744.7,16285.18,83254.7,1217775.18
A0011718,2026-09,1217775.18,87029.12,59265.96,1245538.34
A0011718,2026-10,1245538.34,125361.72,39090.91,1331809.15
A0011718,2026-11,1331809.15,60098.22,7833.44,1384073.93
A0011718,2026-12,1384073.93,83375.19,9756.38,1457692.74
A0011807,2021-01,55806.16,0.0,20273.61,35532.55
A0011807,2021-02,35532.55,0.0,2257.06,33275.49
A0011807,2021-03,33275.49,0.0,4990.6,28284.89
A0011807,2021-04,28284.89,11731.52,7716.97,32299.44
A0011807,2021-05,32299.44,46661.93,0.0,78961.37
A0011807,2021-06,78961.37,0.0,2599.83,76361.54
A0011807,2021-07,76361.54,89218.98,17311.22,148269.3
A0011807,2021-08,148269.3,8980.14,6316.15,150933.29
A0011807,2021-09,150933.29,67092.8,42567.65,175458.44
A0011807,2021-10,175458.44,8798.91,2824.2,181433.15
A0011807,2021-11,181433.15,36571.78,20167.06,197837.87
A0011807,2021-12,197837.87,0.0,16121.98,181715.89
A0011807,2022-01,181715.89,17072.39,39024.03,159764.25
A0011807,2022-02,159764.25,36230.24,33348.51,162645.98
A0011807,2022-03,162645.98,43649.13,0.0,206295.11
A0011807,2022-04,206295.11,70795.26,1641.24,275449.13
A0011807,2022-05,275449.13,43278.33,70930.14,247797.32
A0011807,2022-06,247797.32,0.0,5325.79,242471.53
A0011807,2022-07,242471.53,104598.24,21425.78,325643.99
A0011807,2022-08,325643.99,17238.86,1379.74,341503.11
A0011807,2022-09,341503.11,85913.84,33639.53,393777.42
A0011807,2022-10,393777.42,62284.47,18951.86,437110.03
A0011807,2022-11,437110.03,11463.57,0.0,448573.6
A0011807,2022-12,448573.6,0.0,27236.94,421336.66
A0011807,2023-01,421336.66,0.0,4483.73,416852.93
A0011807,2023-02,416852.93,136269.49,38478.42,514644.0
A0011807,2023-03,514644.0,16535.47,45330.01,485849.46
A0011807,2023-04,485849.46,17329.22,14862.76,488315.92
A0011807,2023-05,488315.92,48009.96,14970.97,521354.91
A0011807,2023-06,521354.91,0.0,18492.15,502862.76
A0011807,2023-07,502862.76,3580.83,413121.23,93322.36
A0011808,2021-01,20900.77,101681.07,2896.66,119685.18
A0011808,2021-02,119685.18,57646.48,49807.85,127523.81
A0011808,2021-03,127523.81,92401.93,16362.86,203562.88
A0011808,2021-04,203562.88,160966.73,15655.36,348874.25
A0011808,2021-05,348874.25,58318.98,21807.0,385386.23
A0011808,2021-06,385386.23,84738.79,115903.78,354221.24
A0011808,2021-07,354221.24,866697.07,71896.8,1149021.51
A0011808,2021-08,1149021.51,62275.78,47260.99,1164036.3
A0011808,2021-09,1164036.3,82919.43,468870.06,778085.67
A0011808,2021-10,778085.67,226595.48,228396.54,776284.61
A0011808,2021-11,776284.61,104821.77,34584.38,846522.0
A0011808,2021-12,846522.0,150590.52,250118.44,746994.08
A0011808,2022-01,746994.08,465679.91,241023.35,971650.64
A0011808,2022-02,971650.64,144284.15,110885.71,1005049.08
A0011808,2022-03,1005049.08,89496.74,109381.21,985164.61
A0011808,2022-04,985164.61,307902.06,215566.35,1077500.32
A0011808,2022-05,1077500.32,79886.75,134752.79,1022634.28
A0011808,2022-06,1022634.28,175565.3,146154.76,1052044.82
A0011808,2022-07,1052044.82,71778.63,121234.78,1002588.67
A0011808,2022-08,1002588.67,91537.02,156365.63,937760.06
A0011808,2022-09,937760.06,766259.01,1211.09,1702807.98
A0011808,2022-10,1702807.98,138406.95,79154.53,1762060.4
A0011808,2022-11,1762060.4,134408.04,253799.47,1642668.97
A0011808,2022-12,1642668.97,124747.33,94667.56,1672748.74
A0011808,2023-01,1672748.74,103880.81,50189.2,1726440.35
A0011808,2023-02,1726440.35,81666.6,122873.53,1685233.42
A0011808,2023-03,1685233.42,78498.04,109439.8,1654291.66
A0011808,2023-04,1654291.66,120752.05,35829.12,1739214.59
A0011808,2023-05,1739214.59,136250.58,183209.6,1692255.57
A0011808,2023-06,1692255.57,102529.15,188182.37,1606602.35
A0011808,2023-07,1606602.35,111797.86,62274.22,1656125.99
A0011808,2023-08,1656125.99,61395.68,312045.5,1405476.17
A0011808,2023-09,1405476.17,87073.66,131154.84,1361394.99
A0011808,2023-10,1361394.99,146394.07,156624.06,1351165.0
A0011808,2023-11,1351165.0,124034.67,67841.75,1407357.92
A0011808,2023-12,1407357.92,251731.66,205771.4,1453318.18
A0011808,2024-01,1453318.18,228723.25,214470.57,1467570.86
A0011808,2024-02,1467570.86,117990.14,71192.82,1514368.18
A0011808,2024-03,1514368.18,128356.43,227102.68,1415621.93
A0011808,2024-04,1415621.93,126320.36,120785.46,1421156.83
A0011808,2024-05,1421156.83,1108626.57,313488.66,2216294.74
A0011808,2024-06,2216294.74,108532.96,110627.25,2214200.45
A0011808,2024-07,2214200.45,192787.52,101898.55,2305089.42
A0011808,2024-08,2305089.42,175131.62,484598.28,1995622.76
A0011808,2024-09,1995622.76,241494.8,245253.21,1991864.35
A0011808,2024-10,1991864.35,163873.73,155326.53,2000411.55
A0011808,2024-11,2000411.55,142280.92,163375.02,1979317.45
A0011808,2024-12,1979317.45,131634.18,162210.34,1948741.29
A0011808,2025-01,1948741.29,146421.51,132362.25,1962800.55
A0011808,2025-02,1962800.55,132875.74,109397.59,1986278.7
A0011808,2025-03,1986278.7,161118.39,425963.33,1721433.76
A0011808,2025-04,1721433.76,145487.92,582569.5,1284352.18
A0011808,2025-05,1284352.18,557317.51,121468.1,1720201.59
A0011808,2025-06,1720201.59,176317.35,122214.19,1774304.75
A0011808,2025-07,1774304.75,296032.19,360176.06,1710160.88
A0011808,2025-08,1710160.88,94362.24,90895.16,1713627.96
A0011808,2025-09,1713627.96,156026.17,175160.88,1694493.25
A0011808,2025-10,1694493.25,138609.55,58654.17,1774448.63
A0011808,2025-11,1774448.63,168972.03,79318.94,1864101.72
A0011808,2025-12,1864101.72,159567.52,125264.47,1898404.77
A0011808,2026-01,1898404.77,187564.37,182591.64,1903377.5
A0011808,2026-02,1903377.5,205615.97,180107.99,1928885.48
A0011808,2026-03,1928885.48,219108.51,222602.97,1925391.02
A0011808,2026-04,1925391.02,108113.35,37136.55,1996367.82
A0011808,2026-05,1996367.82,155717.85,122612.94,2029472.73
A0011808,2026-06,2029472.73,165593.24,34781.84,2160284.13
A0011808,2026-07,2160284.13,148424.55,271128.67,2037580.01
A0011808,2026-08,2037580.01,371190.22,286850.52,2121919.71
A0011808,2026-09,2121919.71,134266.61,80358.6,2175827.72
A0011808,2026-10,2175827.72,279771.69,153657.82,2301941.59
A0011808,2026-11,2301941.59,112280.95,140258.68,2273963.86
A0011808,2026-12,2273963.86,112211.07,211891.07,2174283.86
A0011809,2021-01,117242.54,891092.83,42318.09,966017.28
A0011809,2021-02,966017.28,0.0,24689.92,941327.36
A0011809,2021-03,941327.36,10406.81,64213.66,887520.51
A0011809,2021-04,887520.51,57936.73,87248.85,858208.39
A0011809,2021-05,858208.39,0.0,91574.67,766633.72
A0011809,2021-06,766633.72,56896.09,86424.56,737105.25
A0011809,2021-07,737105.25,64650.18,145000.08,656755.35
A0011809,2021-08,656755.35,62669.84,38920.58,680504.61
A0011809,2021-09,680504.61,64817.24,42466.46,702855.39
A0011809,2021-10,702855.39,35684.39,81462.03,657077.75
A0011809,2021-11,657077.75,18695.27,0.0,675773.02
A0011809,2021-12,675773.02,90099.13,21391.69,744480.46
A0011809,2022-01,744480.46,26538.7,47667.56,723351.6
A0011809,2022-02,723351.6,932.88,41186.6,683097.88
A0011809,2022-03,683097.88,6634.32,16121.98,673610.22
A0011809,2022-04,673610.22,55351.72,10734.35,718227.59
A0011809,2022-05,718227.59,37007.58,8165.05,747070.12
A0011809,2022-06,747070.12,45741.06,2783.46,790027.72
A0011809,2022-07,790027.72,49132.87,28134.27,811026.32
A0011809,2022-08,811026.32,85404.88,25663.36,870767.84
A0011809,2022-09,870767.84,25277.98,147555.83,748489.99
A0011809,2022-10,748489.99,3627.03,0.0,752117.02
A0011809,2022-11,752117.02,60480.25,33047.56,779549.71
A0011809,2022-12,779549.71,9482.12,29399.27,759632.56
A0011809,2023-01,759632.56,113315.72,15904.0,857044.28
A0011809,2023-02,857044.28,92044.47,14920.74,934168.01
A0011809,2023-03,934168.01,37322.71,346808.39,624682.33
A0011809,2023-04,624682.33,89004.93,55687.65,657999.61
A0011809,2023-05,657999.61,0.0,0.0,657999.61
A0011809,2023-06,657999.61,17065.06,59753.22,615311.45
A0011809,2023-07,615311.45,111885.94,46873.5,680323.89
A0011809,2023-08,680323.89,40402.75,44317.76,676408.88
A0011809,2023-09,676408.88,23038.03,26856.69,672590.22
A0011809,2023-10,672590.22,30502.39,27326.9,675765.71
A0011809,2023-11,675765.71,45908.89,33609.03,688065.57
A0011809,2023-12,688065.57,24340.39,6679.0,705726.96
A0011809,2024-01,705726.96,10630.28,78934.12,637423.12
A0011809,2024-02,637423.12,135946.53,49219.83,724149.82
A0011809,2024-03,724149.82,14816.92,49180.02,689786.72
A0011809,2024-04,689786.72,1030.12,29355.84,661461.0
A0011809,2024-05,661461.0,214.53,15756.3,645919.23
A0011809,2024-06,645919.23,79319.05,67856.52,657381.76
A0011809,2024-07,657381.76,43839.26,23626.15,677594.87
A0011809,2024-08,677594.87,91846.15,27082.46,742358.56
A0011809,2024-09,742358.56,15190.51,111326.24,646222.83
A0011809,2024-10,646222.83,0.0,15663.4,630559.43
A0011809,2024-11,630559.43,93138.87,19373.57,704324.73
A0011809,2024-12,704324.73,182361.62,103210.55,783475.8
A0011809,2025-01,783475.8,52501.7,35042.54,800934.96
A0011809,2025-02,800934.96,64569.16,52012.39,813491.73
A0011809,2025-03,813491.73,39571.17,58565.39,794497.51
A0011809,2025-04,794497.51,40642.55,21192.5,813947.56
A0011809,2025-05,813947.56,43908.96,9714.88,848141.64
A0011809,2025-06,848141.64,62269.94,24452.12,885959.46
A0011809,2025-07,885959.46,42479.01,16783.86,911654.61
A0011809,2025-08,911654.61,17400.11,15272.61,913782.11
A0011809,2025-09,913782.11,26006.22,39453.81,900334.52
A0011809,2025-10,900334.52,27346.3,102285.89,825394.93
A0011809,2025-11,825394.93,10144.4,21773.49,813765.84
A0011809,2025-12,813765.84,0.0,2282.23,811483.61
A0011809,2026-01,811483.61,43761.17,39513.34,815731.44
A0011809,2026-02,815731.44,37071.0,26841.01,825961.43
A0011809,2026-03,825961.43,14781.27,73039.76,767702.94
A0011809,2026-04,767702.94,137140.47,18312.28,886531.13
A0011809,2026-05,886531.13,33065.63,710610.53,208986.23
A0011809,2026-06,208986.23,4854.59,47263.04,166577.78
A0011809,2026-07,166577.78,39684.33,56605.08,149657.03
A0011809,2026-08,149657.03,95839.99,59010.2,186486.82
A0011809,2026-09,186486.82,15132.77,33511.12,168108.47
A0011809,2026-10,168108.47,55387.07,32649.8,190845.74
A0011809,2026-11,190845.74,72932.59,3102.59,260675.74
A0011809,2026-12,260675.74,101426.52,57826.98,304275.28
A0011868,2021-01,47831.51,26254.41,40431.13,33654.79
A0011868,2021-02,33654.79,16240.39,34088.45,15806.73
A0011868,2021-03,15806.73,61979.4,45413.33,32372.8
A0011868,2021-04,32372.8,16596.14,40114.76,8854.18
A0011868,2021-05,8854.18,118055.43,11854.18,115055.43
A0011868,2021-06,115055.43,64058.2,62407.91,116705.72
A0011868,2021-07,116705.72,36090.17,97431.19,55364.7
A0011868,2021-08,55364.7,34390.22,61509.52,28245.4
A0011868,2021-09,28245.4,217979.85,10521.87,235703.38
A0011868,2021-10,235703.38,82597.44,27494.28,290806.54
A0011868,2021-11,290806.54,77808.11,39226.69,329387.96
A0011868,2021-12,329387.96,11782.88,88515.32,252655.52
A0011868,2022-01,252655.52,53559.52,109127.83,197087.21
A0011868,2022-02,197087.21,9898.85,105118.85,101867.21
A0011868,2022-03,101867.21,71307.46,88731.97,84442.7
A0011868,2022-04,84442.7,11783.19,62310.41,33915.48
A0011868,2022-05,33915.48,60982.24,56332.76,38564.96
A0011868,2022-06,38564.96,57902.23,37354.77,59112.42
A0011868,2022-07,59112.42,11008.4,27700.29,42420.53
A0011868,2022-08,42420.53,16634.87,8737.61,50317.79
A0011868,2022-09,50317.79,58321.37,79380.56,29258.6
A0011868,2022-10,29258.6,121563.49,94035.58,56786.51
A0011868,2022-11,56786.51,402420.76,116967.6,342239.67
A0011868,2022-12,342239.67,3241.45,74969.15,270511.97
A0011868,2023-01,270511.97,157399.45,37920.25,389991.17
A0011868,2023-02,389991.17,137824.95,142490.71,385325.41
A0011868,2023-03,385325.41,143716.8,99247.34,429794.87
A0011868,2023-04,429794.87,60018.99,92012.45,397801.41
A0011868,2023-05,397801.41,159574.4,157470.46,399905.35
A0011868,2023-06,399905.35,82290.58,71352.0,410843.93
A0011868,2023-07,410843.93,17103.19,83287.95,344659.17
A0011868,2023-08,344659.17,77671.27,80195.58,342134.86
A0011868,2023-09,342134.86,29570.3,78119.24,293585.92
A0011868,2023-10,293585.92,35590.36,169794.21,159382.07
A0011868,2023-11,159382.07,163015.06,28946.42,293450.71
A0011868,2023-12,293450.71,126894.12,71058.74,349286.09
A0011868,2024-01,349286.09,566078.42,176996.54,738367.97
A0011868,2024-02,738367.97,653304.61,70805.04,1320867.54
A0011868,2024-03,1320867.54,30513.21,32981.29,1318399.46
A0011868,2024-04,1318399.46,60085.41,76951.48,1301533.39
A0011868,2024-05,1301533.39,57832.78,91360.29,1268005.88
A0011868,2024-06,1268005.88,94975.44,818339.08,544642.24
A0011868,2024-07,544642.24,140358.38,58660.7,626339.92
A0011868,2024-08,626339.92,352459.51,29325.4,949474.03
A0011868,2024-09,949474.03,307666.05,184398.01,1072742.07
A0011868,2024-10,1072742.07,74645.68,135515.89,1011871.86
A0011868,2024-11,1011871.86,27706.29,194122.61,845455.54
A0011868,2024-12,845455.54,57374.81,59789.3,843041.05
A0011868,2025-01,843041.05,17952.99,120060.16,740933.88
A0011868,2025-02,740933.88,62082.99,37185.68,765831.19
A0011868,2025-03,765831.19,8654.67,39045.66,735440.2
A0011868,2025-04,735440.2,211780.83,138659.04,808561.99
A0011868,2025-05,808561.99,85557.5,94645.27,799474.22
A0011868,2025-06,799474.22,80238.47,255065.2,624647.49
A0011868,2025-07,624647.49,69826.19,116364.53,578109.15
A0011868,2025-08,578109.15,99445.55,107413.69,570141.01
A0011868,2025-09,570141.01,34558.48,110659.86,494039.63
A0011886,2021-01,31192.99,17982.38,4691.23,44484.14
A0011886,2021-02,44484.14,13910.91,6413.37,51981.68
A0011886,2021-03,51981.68,10988.73,6001.44,56968.97
A0011886,2021-04,56968.97,737.84,28790.95,28915.86
A0011886,2021-05,28915.86,634950.47,0.0,663866.33
A0011886,2021-06,663866.33,47252.5,2403.99,708714.84
A0011886,2021-07,708714.84,0.0,16158.83,692556.01
A0011886,2021-08,692556.01,7663.84,8038.59,692181.26
A0011886,2021-09,692181.26,18001.6,15405.61,694777.25
A0011886,2021-10,694777.25,15556.12,19833.74,690499.63
A0011886,2021-11,690499.63,1706.35,13829.51,678376.47
A0011886,2021-12,678376.47,0.0,25242.57,653133.9
A0011886,2022-01,653133.9,32553.16,10319.38,675367.68
A0011886,2022-02,675367.68,7609.83,55514.04,627463.47
A0011886,2022-03,627463.47,0.0,5575.75,621887.72
A0011886,2022-04,621887.72,0.0,3035.0,618852.72
A0011886,2022-05,618852.72,43522.38,20919.82,641455.28
A0011886,2022-06,641455.28,30932.59,41238.35,631149.52
A0011886,2022-07,631149.52,11871.98,8902.36,634119.14
A0011886,2022-08,634119.14,0.0,12426.19,621692.95
A0011886,2022-09,621692.95,16332.86,580.15,637445.66
A0011886,2022-10,637445.66,12261.06,3876.97,645829.75
A0011886,2022-11,645829.75,0.0,11460.22,634369.53
A0011886,2022-12,634369.53,9079.54,3509.03,639940.04
A0011886,2023-01,639940.04,0.0,6706.52,633233.52
A0011886,2023-02,633233.52,0.0,0.0,633233.52
A0011886,2023-03,633233.52,11823.02,0.0,645056.54
A0011886,2023-04,645056.54,5676.96,0.0,650733.5
A0011886,2023-05,650733.5,15834.26,1853.23,664714.53
A0011886,2023-06,664714.53,0.0,4488.84,660225.69
A0011886,2023-07,660225.69,10842.71,4653.01,666415.39
A0011886,2023-08,666415.39,0.0,16088.87,650326.52
A0011886,2023-09,650326.52,30410.15,30564.12,650172.55
A0011886,2023-10,650172.55,11355.42,0.0,661527.97
A0011886,2023-11,661527.97,18735.24,0.0,680263.21
A0011886,2023-12,680263.21,13665.62,4626.53,689302.3
A0011886,2024-01,689302.3,13873.65,10244.61,692931.34
A0011886,2024-02,692931.34,44559.57,59079.51,678411.4
A0011886,2024-03,678411.4,13699.86,0.0,692111.26
A0011886,2024-04,692111.26,0.0,0.0,692111.26
A0011886,2024-05,692111.26,141263.55,16267.04,817107.77
A0011886,2024-06,817107.77,10156.18,11632.62,815631.33
A0011886,2024-07,815631.33,22081.61,10114.26,827598.68
A0011886,2024-08,827598.68,8694.78,1042.11,835251.35
A0011886,2024-09,835251.35,20520.17,44110.34,811661.18
A0011886,2024-10,811661.18,16867.79,0.0,828528.97
A0011886,2024-11,828528.97,0.0,0.0,828528.97
A0011886,2024-12,828528.97,43554.19,22969.72,849113.44
A0011886,2025-01,849113.44,5614.69,74414.01,780314.12
A0011886,2025-02,780314.12,4855.34,68028.08,717141.38
A0011886,2025-03,717141.38,12552.02,0.0,729693.4
A0011886,2025-04,729693.4,29135.39,9338.44,749490.35
A0011886,2025-05,749490.35,8803.43,0.0,758293.78
A0011886,2025-06,758293.78,30028.18,2803.74,785518.22
A0011886,2025-07,785518.22,0.0,0.0,785518.22
A0011886,2025-08,785518.22,13526.41,18431.7,780612.93
A0011886,2025-09,780612.93,7394.88,13995.79,774012.02
A0011886,2025-10,774012.02,7002.53,16855.42,764159.13
A0011886,2025-11,764159.13,21417.14,8306.32,777269.95
A0011886,2025-12,777269.95,27805.98,429923.75,375152.18
A0011886,2026-01,375152.18,0.0,0.0,375152.18
A0011886,2026-02,375152.18,13442.01,37452.3,351141.89
A0011886,2026-03,351141.89,13829.25,1743.31,363227.83
A0011886,2026-04,363227.83,24076.87,5125.79,382178.91
A0011886,2026-05,382178.91,42176.44,9841.95,414513.4
A0011886,2026-06,414513.4,3089.55,41242.71,376360.24
A0011886,2026-07,376360.24,4175.01,9030.29,371504.96
A0011886,2026-08,371504.96,11183.76,111385.3,271303.42
A0011886,2026-09,271303.42,90382.07,17643.18,344042.31
A0011886,2026-10,344042.31,0.0,1465.08,342577.23
A0011886,2026-11,342577.23,4336.49,975.49,345938.23
A0011886,2026-12,345938.23,17480.03,1171.0,362247.26
A0011887,2021-01,1203.73,0.0,0.0,1203.73
A0011887,2021-02,1203.73,0.0,42.75,1160.98
A0011887,2021-03,1160.98,0.0,0.0,1160.98
A0011887,2021-04,1160.98,0.0,0.0,1160.98
A0011887,2021-05,1160.98,26.39,19.03,1168.34
A0011887,2021-06,1168.34,0.0,0.0,1168.34
A0011887,2021-07,1168.34,124.89,276.19,1017.04
A0011887,2021-08,1017.04,22.09,214.9,824.23
A0011887,2021-09,824.23,0.0,47.94,776.29
A0011887,2021-10,776.29,0.0,0.0,776.29
A0011887,2021-11,776.29,0.0,0.0,776.29
A0011887,2021-12,776.29,337.89,24.5,1089.68
A0011887,2022-01,1089.68,0.0,0.0,1089.68
A0011887,2022-02,1089.68,94.39,102.24,1081.83
A0011887,2022-03,1081.83,119.51,0.0,1201.34
A0011887,2022-04,1201.34,0.0,0.0,1201.34
A0011887,2022-05,1201.34,752.73,0.0,1954.07
A0011887,2022-06,1954.07,0.0,967.59,986.48
A0011887,2022-07,986.48,227.17,64.55,1149.1
A0011887,2022-08,1149.1,0.0,283.57,865.53
A0011887,2022-09,865.53,0.0,416.67,448.86
A0011887,2022-10,448.86,0.0,0.0,448.86
A0011887,2022-11,448.86,0.0,97.38,351.48
A0011887,2022-12,351.48,140.68,0.0,492.16
A0011887,2023-01,492.16,0.0,0.0,492.16
A0011887,2023-02,492.16,286.86,0.0,779.02
A0011887,2023-03,779.02,409.61,270.55,918.08
A0011887,2023-04,918.08,482.63,224.25,1176.46
A0011887,2023-05,1176.46,0.0,789.2,387.26
A0011887,2023-06,387.26,0.0,0.0,387.26
A0011887,2023-07,387.26,138.41,0.0,525.67
A0011887,2023-08,525.67,1969.39,1103.88,1391.18
A0011887,2023-09,1391.18,329.13,184.86,1535.45
A0011887,2023-10,1535.45,0.0,0.0,1535.45
A0011887,2023-11,1535.45,380.1,0.0,1915.55
A0011887,2023-12,1915.55,0.0,0.0,1915.55
A0011887,2024-01,1915.55,0.0,0.0,1915.55
A0011887,2024-02,1915.55,0.0,0.0,1915.55
A0011887,2024-03,1915.55,0.0,0.0,1915.55
A0011887,2024-04,1915.55,48.96,0.0,1964.51
A0011887,2024-05,1964.51,0.0,64.74,1899.77
A0011887,2024-06,1899.77,0.0,152.01,1747.76
A0011887,2024-07,1747.76,339.76,0.0,2087.52
A0011887,2024-08,2087.52,0.0,0.0,2087.52
A0011887,2024-09,2087.52,278.8,522.11,1844.21
A0011887,2024-10,1844.21,0.0,0.0,1844.21
A0011887,2024-11,1844.21,17644.81,1871.84,17617.18
A0011887,2024-12,17617.18,701.09,0.0,18318.27
A0011887,2025-01,18318.27,0.0,97.75,18220.52
A0011887,2025-02,18220.52,0.0,0.0,18220.52
A0011887,2025-03,18220.52,163.49,0.0,18384.01
A0011887,2025-04,18384.01,403.38,0.0,18787.39
A0011887,2025-05,18787.39,0.0,0.0,18787.39
A0011887,2025-06,18787.39,346.65,0.0,19134.04
A0011887,2025-07,19134.04,922.86,97.54,19959.36
A0011887,2025-08,19959.36,0.0,143.95,19815.41
A0011887,2025-09,19815.41,317.63,0.0,20133.04
A0011887,2025-10,20133.04,342.4,252.21,20223.23
A0011887,2025-11,20223.23,390.05,9.8,20603.48
A0011887,2025-12,20603.48,386.84,16241.91,4748.41
A0011887,2026-01,4748.41,200.16,0.0,4948.57
A0011887,2026-02,4948.57,503.15,371.89,5079.83
A0011887,2026-03,5079.83,414.86,0.0,5494.69
A0011887,2026-04,5494.69,0.0,763.18,4731.51
A0011887,2026-05,4731.51,260.09,0.0,4991.6
A0011887,2026-06,4991.6,0.0,0.0,4991.6
A0011887,2026-07,4991.6,577.3,0.0,5568.9
A0011887,2026-08,5568.9,572.86,0.0,6141.76
A0011887,2026-09,6141.76,0.0,273.15,5868.61
A0011887,2026-10,5868.61,0.0,45.25,5823.36
A0011887,2026-11,5823.36,0.0,295.64,5527.72
A0011887,2026-12,5527.72,0.0,3550.69,1977.03
A0011888,2021-01,12498.85,313460.53,48633.37,277326.01
A0011888,2021-02,277326.01,54738.87,39276.22,292788.66
A0011888,2021-03,292788.66,34174.51,34074.83,292888.34
A0011888,2021-04,292888.34,101582.79,54054.6,340416.53
A0011888,2021-05,340416.53,13660.6,34711.75,319365.38
A0011888,2021-06,319365.38,54337.38,27484.89,346217.87
A0011888,2021-07,346217.87,43304.8,57235.49,332287.18
A0011888,2021-08,332287.18,0.0,20158.58,312128.6
A0011888,2021-09,312128.6,95632.26,101979.18,305781.68
A0011888,2021-10,305781.68,1819.81,23417.42,284184.07
A0011888,2021-11,284184.07,34229.7,25184.19,293229.58
A0011888,2021-12,293229.58,30059.61,31727.59,291561.6
A0011888,2022-01,291561.6,53708.91,34446.17,310824.34
A0011888,2022-02,310824.34,55439.03,12995.13,353268.24
A0011888,2022-03,353268.24,19101.16,36536.07,335833.33
A0011888,2022-04,335833.33,32346.81,81434.97,286745.17
A0011888,2022-05,286745.17,57406.52,37296.61,306855.08
A0011888,2022-06,306855.08,25151.52,10695.69,321310.91
A0011888,2022-07,321310.91,35549.63,12883.77,343976.77
A0011888,2022-08,343976.77,10207.28,34901.03,319283.02
A0011888,2022-09,319283.02,0.0,28575.66,290707.36
A0011888,2022-10,290707.36,20034.69,49843.29,260898.76
A0011888,2022-11,260898.76,2834.5,5286.2,258447.06
A0011888,2022-12,258447.06,26225.93,84583.18,200089.81
A0011888,2023-01,200089.81,35129.1,83982.5,151236.41
A0011888,2023-02,151236.41,74743.51,9071.25,216908.67
A0011888,2023-03,216908.67,13012.05,28045.19,201875.53
A0011888,2023-04,201875.53,373913.1,61104.27,514684.36
A0011888,2023-05,514684.36,78623.11,107045.69,486261.78
A0011888,2023-06,486261.78,15455.03,7200.9,494515.91
A0011888,2023-07,494515.91,1998.9,35462.65,461052.16
A0011888,2023-08,461052.16,96664.42,32926.76,524789.82
A0011888,2023-09,524789.82,22390.18,42263.95,504916.05
A0011888,2023-10,504916.05,68411.15,38969.47,534357.73
A0011888,2023-11,534357.73,7129.16,15421.65,526065.24
A0011888,2023-12,526065.24,44116.15,17055.3,553126.09
A0011888,2024-01,553126.09,19713.99,80394.05,492446.03
A0011888,2024-02,492446.03,21306.1,19867.91,493884.22
A0011888,2024-03,493884.22,41159.28,28023.8,507019.7
A0011888,2024-04,507019.7,14548.03,153093.78,368473.95
A0011888,2024-05,368473.95,99032.65,209894.24,257612.36
A0011888,2024-06,257612.36,14629.22,29718.38,242523.2
A0011888,2024-07,242523.2,85607.55,45860.92,282269.83
A0011888,2024-08,282269.83,116314.25,91416.68,307167.4
A0011888,2024-09,307167.4,100328.2,41697.75,365797.85
A0011888,2024-10,365797.85,20302.71,7181.42,378919.14
A0011888,2024-11,378919.14,67760.12,35907.71,410771.55
A0011888,2024-12,410771.55,109182.04,22958.37,496995.22
A0011888,2025-01,496995.22,94199.12,33801.83,557392.51
A0011888,2025-02,557392.51,6434.46,20416.62,543410.35
A0011888,2025-03,543410.35,49506.3,93987.08,498929.57
A0011888,2025-04,498929.57,16473.04,18585.1,496817.51
A0011888,2025-05,496817.51,21892.57,18908.52,499801.56
A0011888,2025-06,499801.56,23830.48,360959.54,162672.5
A0011888,2025-07,162672.5,12767.24,11490.94,163948.8
A0011888,2025-08,163948.8,1914324.05,4440.81,2073832.04
A0011888,2025-09,2073832.04,54588.88,88872.62,2039548.3
A0011888,2025-10,2039548.3,517.88,214266.19,1825799.99
A0011888,2025-11,1825799.99,139358.16,154800.68,1810357.47
A0011888,2025-12,1810357.47,24499.21,20734.26,1814122.42
A0011888,2026-01,1814122.42,14095.19,39662.45,1788555.16
A0011888,2026-02,1788555.16,89245.56,47292.59,1830508.13
A0011888,2026-03,1830508.13,614945.93,77350.53,2368103.53
A0011888,2026-04,2368103.53,13942.63,12229.47,2369816.69
A0011888,2026-05,2369816.69,80279.12,10202.32,2439893.49
A0011888,2026-06,2439893.49,5187.77,16059.21,2429022.05
A0011888,2026-07,2429022.05,52427.28,53235.77,2428213.56
A0011888,2026-08,2428213.56,147175.63,18525.29,2556863.9
A0011888,2026-09,2556863.9,42440.57,11536.65,2587767.82
A0011888,2026-10,2587767.82,22476.96,86778.23,2523466.55
A0011888,2026-11,2523466.55,8514.25,55310.34,2476670.46
A0011888,2026-12,2476670.46,80023.28,32458.85,2524234.89
A0011889,2021-01,33727.35,70052.47,36043.85,67735.97
A0011889,2021-02,67735.97,6411.91,14592.89,59554.99
A0011889,2021-03,59554.99,21037.8,37758.66,42834.13
A0011889,2021-04,42834.13,38010.22,56891.26,23953.09
A0011889,2021-05,23953.09,33945.9,52037.34,5861.65
A0011889,2021-06,5861.65,31344.78,37153.4,53.03
A0011889,2021-07,53.03,16876.21,10175.87,6753.37
A0011889,2021-08,6753.37,5609.77,7245.65,5117.49
A0011889,2021-09,5117.49,72210.6,29007.53,48320.56
A0011889,2021-10,48320.56,324540.21,129248.99,243611.78
A0011889,2021-11,243611.78,13219.84,68312.81,188518.81
A0011889,2021-12,188518.81,11167.13,80915.42,118770.52
A0011889,2022-01,118770.52,34738.07,112065.2,41443.39
A0011889,2022-02,41443.39,30006.39,12217.46,59232.32
A0011889,2022-03,59232.32,199488.04,73356.39,185363.97
A0011889,2022-04,185363.97,193449.82,126432.52,252381.27
A0011889,2022-05,252381.27,100578.5,271930.92,81028.85
A0011889,2022-06,81028.85,38683.96,86877.46,32835.35
A0011889,2022-07,32835.35,101060.02,63389.44,70505.93
A0011889,2022-08,70505.93,23567.61,8473.74,85599.8
A0011889,2022-09,85599.8,38357.05,39149.66,84807.19
A0011889,2022-10,84807.19,3306842.6,77173.17,3314476.62
A0011889,2022-11,3314476.62,54817.46,70398.9,3298895.18
A0011889,2022-12,3298895.18,71847.55,99189.66,3271553.07
A0011889,2023-01,3271553.07,73219.82,296114.24,3048658.65
A0011889,2023-02,3048658.65,132986.2,220167.76,2961477.09
A0011889,2023-03,2961477.09,9337.59,36471.41,2934343.27
A0011889,2023-04,2934343.27,18649.09,96517.65,2856474.71
A0011889,2023-05,2856474.71,46104.34,475855.42,2426723.63
A0011889,2023-06,2426723.63,73037.55,274654.4,2225106.78
A0011889,2023-07,2225106.78,60270.55,128076.1,2157301.23
A0011889,2023-08,2157301.23,138298.49,160632.95,2134966.77
A0011889,2023-09,2134966.77,100488.1,73756.37,2161698.5
A0011889,2023-10,2161698.5,28643.5,150248.79,2040093.21
A0011889,2023-11,2040093.21,35646.34,53329.32,2022410.23
A0011889,2023-12,2022410.23,16193.12,49045.81,1989557.54
A0011889,2024-01,1989557.54,77780.14,98935.29,1968402.39
A0011889,2024-02,1968402.39,5318.62,111504.52,1862216.49
A0011889,2024-03,1862216.49,34225.29,107897.77,1788544.01
A0011889,2024-04,1788544.01,188518.2,160448.13,1816614.08
A0011889,2024-05,1816614.08,20339.64,62953.62,1774000.1
A0011889,2024-06,1774000.1,24884.45,80683.48,1718201.07
A0011889,2024-07,1718201.07,9221.7,20232.93,1707189.84
A0011889,2024-08,1707189.84,114244.63,88113.06,1733321.41
A0011889,2024-09,1733321.41,32492.48,14062.06,1751751.83
A0011889,2024-10,1751751.83,22831.71,28644.41,1745939.13
A0011889,2024-11,1745939.13,94035.83,91013.78,1748961.18
A0011889,2024-12,1748961.18,98454.39,199664.13,1647751.44
A0011889,2025-01,1647751.44,18469.65,107831.85,1558389.24
A0011889,2025-02,1558389.24,136561.67,168611.57,1526339.34
A0011889,2025-03,1526339.34,55002.92,87102.42,1494239.84
A0011889,2025-04,1494239.84,73217.08,256850.12,1310606.8
A0011889,2025-05,1310606.8,80808.96,396704.64,994711.12
A0011889,2025-06,994711.12,102919.21,218550.4,879079.93
A0011889,2025-07,879079.93,39754.72,216564.03,702270.62
A0011889,2025-08,702270.62,35641.67,96099.39,641812.9
A0011889,2025-09,641812.9,53526.26,385549.42,309789.74
A0011889,2025-10,309789.74,259042.84,177151.95,391680.63
A0011889,2025-11,391680.63,116656.67,11306.8,497030.5
A0011889,2025-12,497030.5,7151.59,110531.56,393650.53
A0011889,2026-01,393650.53,30827.73,299637.02,124841.24
A0011889,2026-02,124841.24,52802.62,78049.6,99594.26
A0011889,2026-03,99594.26,80293.3,81033.46,98854.1
A0011889,2026-04,98854.1,36187.58,82842.98,52198.7
A0011889,2026-05,52198.7,11101.33,62065.54,1234.49
A0011889,2026-06,1234.49,98341.81,27351.34,72224.96
A0011889,2026-07,72224.96,103302.03,59419.23,116107.76
A0011889,2026-08,116107.76,118865.28,79092.18,155880.86
A0011889,2026-09,155880.86,21602.29,99409.46,78073.69
A0011889,2026-10,78073.69,60607.38,92272.49,46408.58
A0011889,2026-11,46408.58,89581.12,67893.29,68096.41
A0011889,2026-12,68096.41,128585.58,194975.17,1706.82
A0011890,2021-01,73644.05,10891.88,16428.91,68107.02
A0011890,2021-02,68107.02,0.0,0.0,68107.02
A0011890,2021-03,68107.02,1441.04,3600.1,65947.96
A0011890,2021-04,65947.96,10722.56,5475.67,71194.85
A0011890,2021-05,71194.85,25514.05,3065.92,93642.98
A0011890,2021-06,93642.98,3061.67,0.0,96704.65
A0011890,2021-07,96704.65,0.0,7054.13,89650.52
A0011890,2021-08,89650.52,22074.49,2352.72,109372.29
A0011890,2021-09,109372.29,25313.36,16080.2,118605.45
A0011890,2021-10,118605.45,25262.02,73270.96,70596.51
A0011890,2021-11,70596.51,11325.06,5598.01,76323.56
A0011890,2021-12,76323.56,16324.48,14078.6,78569.44
A0011890,2022-01,78569.44,13052.29,3461.52,88160.21
A0011890,2022-02,88160.21,55398.18,43925.79,99632.6
A0011890,2022-03,99632.6,11202.64,39564.67,71270.57
A0011890,2022-04,71270.57,0.0,30624.6,40645.97
A0011890,2022-05,40645.97,18542.34,3902.14,55286.17
A0011890,2022-06,55286.17,31410.5,10498.81,76197.86
A0011890,2022-07,76197.86,310588.15,0.0,386786.01
A0011890,2022-08,386786.01,35449.69,46084.53,376151.17
A0011890,2022-09,376151.17,7518.75,21670.69,361999.23
A0011890,2022-10,361999.23,6541.7,5609.59,362931.34
A0011890,2022-11,362931.34,31045.53,79700.33,314276.54
A0011890,2022-12,314276.54,55570.81,52972.7,316874.65
A0011890,2023-01,316874.65,9895.03,5196.45,321573.23
A0011890,2023-02,321573.23,4489.83,1857.19,324205.87
A0011890,2023-03,324205.87,0.0,69375.82,254830.05
A0011890,2023-04,254830.05,68987.7,0.0,323817.75
A0011890,2023-05,323817.75,27653.39,8304.92,343166.22
A0011890,2023-06,343166.22,12748.48,10671.22,345243.48
A0011890,2023-07,345243.48,65623.6,28490.28,382376.8
A0011890,2023-08,382376.8,11413.43,58558.14,335232.09
A0011890,2023-09,335232.09,77088.27,19863.7,392456.66
A0011890,2023-10,392456.66,11796.42,29148.36,375104.72
A0011890,2023-11,375104.72,5081.87,61830.32,318356.27
A0011890,2023-12,318356.27,5729.9,16115.09,307971.08
A0011890,2024-01,307971.08,27424.11,0.0,335395.19
A0011890,2024-02,335395.19,40501.16,2691.36,373204.99
A0011890,2024-03,373204.99,51541.86,10068.86,414677.99
A0011890,2024-04,414677.99,109312.82,85886.0,438104.81
A0011890,2024-05,438104.81,11385.67,14999.8,434490.68
A0011890,2024-06,434490.68,0.0,2882.62,431608.06
A0011890,2024-07,431608.06,5746.72,50818.94,386535.84
A0011890,2024-08,386535.84,88812.45,96907.64,378440.65
A0011890,2024-09,378440.65,19970.48,58629.36,339781.77
A0011890,2024-10,339781.77,17608.91,70710.89,286679.79
A0011890,2024-11,286679.79,26677.57,76712.45,236644.91
A0011890,2024-12,236644.91,4125.86,24865.81,215904.96
A0011890,2025-01,215904.96,0.0,8209.57,207695.39
A0011890,2025-02,207695.39,0.0,15144.81,192550.58
A0011890,2025-03,192550.58,68680.53,204487.89,56743.22
A0011890,2025-04,56743.22,6765.09,6437.98,57070.33
A0011890,2025-05,57070.33,5237.61,12953.35,49354.59
A0011890,2025-06,49354.59,17833.9,0.0,67188.49
A0011890,2025-07,67188.49,77756.47,32108.75,112836.21
A0011890,2025-08,112836.21,20380.08,71084.69,62131.6
A0011890,2025-09,62131.6,51966.81,0.0,114098.41
A0011890,2025-10,114098.41,0.0,0.0,114098.41
A0011890,2025-11,114098.41,62500.81,6369.87,170229.35
A0011890,2025-12,170229.35,15813.26,6613.64,179428.97
A0011890,2026-01,179428.97,31378.11,47713.03,163094.05
A0011890,2026-02,163094.05,11421.47,5254.34,169261.18
A0011890,2026-03,169261.18,6640.9,66608.09,109293.99
A0011890,2026-04,109293.99,57713.64,0.0,167007.63
A0011890,2026-05,167007.63,4203.37,18065.48,153145.52
A0011890,2026-06,153145.52,10905.68,7024.99,157026.21
A0011890,2026-07,157026.21,73275.6,74921.66,155380.15
A0011890,2026-08,155380.15,31075.08,0.0,186455.23
A0011890,2026-09,186455.23,19529.09,1185.0,204799.32
A0011890,2026-10,204799.32,10727.57,12776.21,202750.68
A0011890,2026-11,202750.68,107446.98,67065.34,243132.32
A0011890,2026-12,243132.32,16503.46,14650.86,244984.92
A0012107,2021-01,223181.14,1496085.78,543287.61,1175979.31
A0012107,2021-02,1175979.31,162601.92,979201.48,359379.75
A0012107,2021-03,359379.75,355003.74,667880.03,46503.46
A0012107,2021-04,46503.46,674234.07,131555.1,589182.43
A0012107,2021-05,589182.43,427683.17,940248.55,76617.05
A0012107,2021-06,76617.05,755935.56,340207.88,492344.73
A0012107,2021-07,492344.73,1331403.11,204947.05,1618800.79
A0012107,2021-08,1618800.79,313850.61,60713.93,1871937.47
A0012107,2021-09,1871937.47,1022121.28,568493.88,2325564.87
A0012107,2021-10,2325564.87,1148040.63,416908.3,3056697.2
A0012107,2021-11,3056697.2,206635.07,278357.71,2984974.56
A0012107,2021-12,2984974.56,654352.53,1350309.82,2289017.27
A0012107,2022-01,2289017.27,1748029.05,437816.4,3599229.92
A0012107,2022-02,3599229.92,390633.61,390233.04,3599630.49
A0012107,2022-03,3599630.49,1617779.38,1735098.79,3482311.08
A0012107,2022-04,3482311.08,315312.35,320807.08,3476816.35
A0012107,2022-05,3476816.35,50467.6,180695.47,3346588.48
A0012107,2022-06,3346588.48,53833.06,529911.18,2870510.36
A0012107,2022-07,2870510.36,0.0,594287.07,2276223.29
A0012107,2022-08,2276223.29,779634.69,1127158.07,1928699.91
A0012107,2022-09,1928699.91,247809.29,651944.41,1524564.79
A0012107,2022-10,1524564.79,226674.84,374093.41,1377146.22
A0012107,2022-11,1377146.22,1876603.44,2264480.76,989268.9
A0012107,2022-12,989268.9,335147.89,168225.16,1156191.63
A0012107,2023-01,1156191.63,1365409.42,1077152.67,1444448.38
A0012107,2023-02,1444448.38,347003.93,480732.8,1310719.51
A0012107,2023-03,1310719.51,852076.93,564599.86,1598196.58
A0012107,2023-04,1598196.58,529990.82,1629126.25,499061.15
A0012107,2023-05,499061.15,122531.19,55310.14,566282.2
A0012107,2023-06,566282.2,355835.02,553286.17,368831.05
A0012107,2023-07,368831.05,2486039.48,712086.38,2142784.15
A0012107,2023-08,2142784.15,1229337.66,1093135.46,2278986.35
A0012107,2023-09,2278986.35,1627207.56,1290859.89,2615334.02
A0012107,2023-10,2615334.02,87625.1,222221.96,2480737.16
A0012107,2023-11,2480737.16,441193.01,912941.05,2008989.12
A0012107,2023-12,2008989.12,114202.56,256356.27,1866835.41
A0012107,2024-01,1866835.41,5080073.12,3080490.54,3866417.99
A0012107,2024-02,3866417.99,259773.56,845589.03,3280602.52
A0012107,2024-03,3280602.52,1589490.39,2185091.08,2685001.83
A0012107,2024-04,2685001.83,0.0,204824.37,2480177.46
A0012107,2024-05,2480177.46,2197817.21,638049.19,4039945.48
A0012107,2024-06,4039945.48,1986540.38,698317.5,5328168.36
A0012107,2024-07,5328168.36,1577262.98,3184210.08,3721221.26
A0012107,2024-08,3721221.26,1312944.25,2064689.42,2969476.09
A0012107,2024-09,2969476.09,2135782.9,1009017.95,4096241.04
A0012107,2024-10,4096241.04,225171.42,306406.83,4015005.63
A0012107,2024-11,4015005.63,1109881.88,1233590.18,3891297.33
A0012107,2024-12,3891297.33,2141063.75,2143829.45,3888531.63
A0012107,2025-01,3888531.63,878308.28,283097.57,4483742.34
A0012107,2025-02,4483742.34,5570.24,188119.89,4301192.69
A0012107,2025-03,4301192.69,328493.47,829301.49,3800384.67
A0012107,2025-04,3800384.67,1719806.59,3761157.44,1759033.82
A0012107,2025-05,1759033.82,1903112.93,2692382.38,969764.37
A0012107,2025-06,969764.37,59019.52,937664.74,91119.15
A0012107,2025-07,91119.15,410571.02,87522.2,414167.97
A0012107,2025-08,414167.97,52282.19,65037.73,401412.43
A0012107,2025-09,401412.43,734450.12,305796.95,830065.6
A0012107,2025-10,830065.6,286674.38,201675.67,915064.31
A0012107,2025-11,915064.31,2664123.48,1983734.11,1595453.68
A0012107,2025-12,1595453.68,859848.78,1225417.42,1229885.04
A0012107,2026-01,1229885.04,3281300.31,1339518.52,3171666.83
A0012107,2026-02,3171666.83,25209.37,802870.59,2394005.61
A0012107,2026-03,2394005.61,2257892.32,1126264.77,3525633.16
A0012107,2026-04,3525633.16,312026.41,553459.58,3284199.99
A0012107,2026-05,3284199.99,248901.04,599194.2,2933906.83
A0012107,2026-06,2933906.83,2233539.85,3320236.67,1847210.01
A0012107,2026-07,1847210.01,3130019.05,1386784.0,3590445.06
A0012107,2026-08,3590445.06,226591.32,417297.18,3399739.2
A0012107,2026-09,3399739.2,0.0,1170201.87,2229537.33
A0012107,2026-10,2229537.33,0.0,481242.25,1748295.08
A0012107,2026-11,1748295.08,2182706.08,109281.23,3821719.93
A0012107,2026-12,3821719.93,593992.28,1568928.2,2846784.01
A0012109,2021-01,18508.43,0.0,18317.86,190.57
A0012109,2021-02,190.57,0.0,55.42,135.15
A0012109,2021-03,135.15,7241.52,7214.33,162.34
A0012109,2021-04,162.34,0.0,143.29,19.05
A0012109,2021-05,19.05,0.0,0.0,19.05
A0012109,2021-06,19.05,3162.14,0.0,3181.19
A0012109,2021-07,3181.19,864.11,2997.71,1047.59
A0012109,2021-08,1047.59,3299.83,0.0,4347.42
A0012109,2021-09,4347.42,40030.99,3979.67,40398.74
A0012109,2021-10,40398.74,1742.98,3739.96,38401.76
A0012109,2021-11,38401.76,24946.18,3687.04,59660.9
A0012109,2021-12,59660.9,2911.61,17060.9,45511.61
A0012109,2022-01,45511.61,0.0,0.0,45511.61
A0012109,2022-02,45511.61,18842.69,14271.26,50083.04
A0012109,2022-03,50083.04,0.0,3864.37,46218.67
A0012109,2022-04,46218.67,0.0,41074.48,5144.19
A0012109,2022-05,5144.19,10049.41,11350.02,3843.58
A0012109,2022-06,3843.58,9189.05,6310.51,6722.12
A0012109,2022-07,6722.12,6909.84,4812.34,8819.62
A0012109,2022-08,8819.62,1926.44,7400.94,3345.12
A0012109,2022-09,3345.12,4622.57,3694.3,4273.39
A0012109,2022-10,4273.39,11978.19,4711.01,11540.57
A0012109,2022-11,11540.57,7503.64,18074.36,969.85
A0012109,2022-12,969.85,35489.81,4753.23,31706.43
A0012109,2023-01,31706.43,23579.34,11241.12,44044.65
A0012109,2023-02,44044.65,14129.52,17427.0,40747.17
A0012109,2023-03,40747.17,998.34,4994.77,36750.74
A0012109,2023-04,36750.74,22120.35,15879.1,42991.99
A0012109,2023-05,42991.99,3620.06,7306.24,39305.81
A0012109,2023-06,39305.81,1147.07,4425.51,36027.37
A0012109,2023-07,36027.37,1298.42,4551.22,32774.57
A0012109,2023-08,32774.57,19066.99,3588.5,48253.06
A0012109,2023-09,48253.06,13360.44,884.47,60729.03
A0012109,2023-10,60729.03,6639.0,4025.07,63342.96
A0012109,2023-11,63342.96,1233.7,4717.55,59859.11
A0012109,2023-12,59859.11,13063.21,6948.02,65974.3
A0012109,2024-01,65974.3,95233.7,3879.7,157328.3
A0012109,2024-02,157328.3,2285.74,13045.0,146569.04
A0012109,2024-03,146569.04,1179.28,22815.14,124933.18
A0012109,2024-04,124933.18,3375.65,51551.01,76757.82
A0012109,2024-05,76757.82,1125.72,10260.1,67623.44
A0012109,2024-06,67623.44,0.0,15144.42,52479.02
A0012109,2024-07,52479.02,45804.1,12292.22,85990.9
A0012109,2024-08,85990.9,14010.75,8411.71,91589.94
A0012109,2024-09,91589.94,7589.51,19958.56,79220.89
A0012109,2024-10,79220.89,8651.65,17726.61,70145.93
A0012109,2024-11,70145.93,611.63,14010.17,56747.39
A0012109,2024-12,56747.39,5815.2,36746.22,25816.37
A0012109,2025-01,25816.37,5721.46,28136.25,3401.58
A0012109,2025-02,3401.58,2833.36,0.0,6234.94
A0012109,2025-03,6234.94,5939.91,8527.49,3647.36
A0012109,2025-04,3647.36,4613.08,802.42,7458.02
A0012109,2025-05,7458.02,26669.25,0.0,34127.27
A0012109,2025-06,34127.27,604.53,5325.09,29406.71
A0012109,2025-07,29406.71,0.0,4539.25,24867.46
A0012109,2025-08,24867.46,11279.36,3938.63,32208.19
A0012109,2025-09,32208.19,0.0,3706.32,28501.87
A0012109,2025-10,28501.87,119102.51,24088.98,123515.4
A0012109,2025-11,123515.4,0.0,2752.97,120762.43
A0012109,2025-12,120762.43,0.0,2991.72,117770.71
A0012109,2026-01,117770.71,0.0,801.1,116969.61
A0012109,2026-02,116969.61,239.8,801.1,116408.31
A0012109,2026-03,116408.31,0.0,801.1,115607.21
A0012109,2026-04,115607.21,0.0,801.1,114806.11
A0012109,2026-05,114806.11,0.0,801.1,114005.01
A0012109,2026-06,114005.01,151.51,2760.28,111396.24
A0012109,2026-07,111396.24,0.0,7385.07,104011.17
A0012109,2026-08,104011.17,6453.24,6422.55,104041.86
A0012109,2026-09,104041.86,4923.42,3811.48,105153.8
A0012109,2026-10,105153.8,2427.75,39463.03,68118.52
A0012109,2026-11,68118.52,13326.14,8720.18,72724.48
A0012109,2026-12,72724.48,0.0,11562.95,61161.53
A0012171,2021-01,23775.8,216048.62,136195.86,103628.56
A0012171,2021-02,103628.56,82595.18,94462.13,91761.61
A0012171,2021-03,91761.61,172890.01,241532.52,23119.1
A0012171,2021-04,23119.1,112391.18,133918.32,1591.96
A0012171,2021-05,1591.96,109308.94,42330.32,68570.58
A0012171,2021-06,68570.58,119055.73,137092.9,50533.41
A0012171,2021-07,50533.41,189072.63,61990.24,177615.8
A0012171,2021-08,177615.8,115724.88,91256.38,202084.3
A0012171,2021-09,202084.3,109202.5,140821.48,170465.32
A0012171,2021-10,170465.32,155987.52,182958.03,143494.81
A0012171,2021-11,143494.81,95192.02,80358.25,158328.58
A0012171,2021-12,158328.58,79185.79,68878.59,168635.78
A0012171,2022-01,168635.78,147177.98,136125.53,179688.23
A0012171,2022-02,179688.23,135236.32,244905.0,70019.55
A0012171,2022-03,70019.55,181322.94,136844.3,114498.19
A0012171,2022-04,114498.19,159492.47,25840.43,248150.23
A0012171,2022-05,248150.23,122317.45,244661.18,125806.5
A0012171,2022-06,125806.5,127135.09,155425.49,97516.1
A0012171,2022-07,97516.1,198624.06,105046.36,191093.8
A0012171,2022-08,191093.8,321860.66,355733.38,157221.08
A0012171,2022-09,157221.08,110526.25,71785.39,195961.94
A0012171,2022-10,195961.94,90765.61,125671.55,161056.0
A0012171,2022-11,161056.0,109685.68,75736.12,195005.56
A0012171,2022-12,195005.56,82667.05,211910.58,65762.03
A0012171,2023-01,65762.03,181560.28,78311.76,169010.55
A0012171,2023-02,169010.55,127338.59,85591.27,210757.87
A0012171,2023-03,210757.87,155135.49,365423.18,470.18
A0012171,2023-04,470.18,372915.37,124968.06,248417.49
A0012171,2023-05,248417.49,193801.24,156933.16,285285.57
A0012171,2023-06,285285.57,80910.16,191313.22,174882.51
A0012171,2023-07,174882.51,179408.77,332382.8,21908.48
A0012171,2023-08,21908.48,125798.86,114488.76,33218.58
A0012171,2023-09,33218.58,117340.95,150173.7,385.83
A0012171,2023-10,385.83,251599.4,220539.41,31445.82
A0012171,2023-11,31445.82,152718.2,41238.89,142925.13
A0012171,2023-12,142925.13,285900.92,97581.28,331244.77
A0012171,2024-01,331244.77,440223.55,108472.86,662995.46
A0012171,2024-02,662995.46,397104.62,39404.0,1020696.08
A0012171,2024-03,1020696.08,195559.52,219559.02,996696.58
A0012171,2024-04,996696.58,174298.13,147699.33,1023295.38
A0012171,2024-05,1023295.38,115322.75,101118.28,1037499.85
A0012171,2024-06,1037499.85,155109.44,102154.59,1090454.7
A0012171,2024-07,1090454.7,213657.18,107505.55,1196606.33
A0012171,2024-08,1196606.33,164594.68,93491.42,1267709.59
A0012171,2024-09,1267709.59,283027.37,121554.9,1429182.06
A0012171,2024-10,1429182.06,198912.68,247669.86,1380424.88
A0012171,2024-11,1380424.88,125523.47,134124.31,1371824.04
A0012171,2024-12,1371824.04,148261.0,127581.27,1392503.77
A0012171,2025-01,1392503.77,201913.22,399481.47,1194935.52
A0012171,2025-02,1194935.52,194759.44,130793.51,1258901.45
A0012171,2025-03,1258901.45,354420.5,196212.87,1417109.08
A0012171,2025-04,1417109.08,102624.66,121909.34,1397824.4
A0012171,2025-05,1397824.4,220970.93,65030.2,1553765.13
A0012171,2025-06,1553765.13,153544.37,85282.39,1622027.11
A0012171,2025-07,1622027.11,113154.5,123412.89,1611768.72
A0012171,2025-08,1611768.72,139971.94,298512.38,1453228.28
A0012171,2025-09,1453228.28,194222.09,72298.55,1575151.82
A0012171,2025-10,1575151.82,143439.67,238612.01,1479979.48
A0012171,2025-11,1479979.48,263274.33,441034.09,1302219.72
A0012171,2025-12,1302219.72,167305.89,332090.06,1137435.55
A0012171,2026-01,1137435.55,148159.63,16186.91,1269408.27
A0012171,2026-02,1269408.27,172661.96,234253.35,1207816.88
A0012171,2026-03,1207816.88,146754.41,319185.13,1035386.16
A0012171,2026-04,1035386.16,124788.98,106233.14,1053942.0
A0012171,2026-05,1053942.0,201822.02,306719.0,949045.02
A0012171,2026-06,949045.02,121765.95,50664.61,1020146.36
A0012171,2026-07,1020146.36,246058.39,399242.02,866962.73
A0012171,2026-08,866962.73,196954.78,112508.44,951409.07
A0012171,2026-09,951409.07,189689.98,82969.15,1058129.9
A0012171,2026-10,1058129.9,156734.6,7717.04,1207147.46
A0012171,2026-11,1207147.46,895784.83,205016.29,1897916.0
A0012171,2026-12,1897916.0,184072.03,58102.0,2023886.03
A0012172,2021-01,49895.36,113578.19,49307.45,114166.1
A0012172,2021-02,114166.1,4942.03,1175.49,117932.64
A0012172,2021-03,117932.64,82460.62,19052.52,181340.74
A0012172,2021-04,181340.74,26930.33,21259.7,187011.37
A0012172,2021-05,187011.37,92110.95,20899.58,258222.74
A0012172,2021-06,258222.74,57408.57,154034.72,161596.59
A0012172,2021-07,161596.59,40104.06,17688.58,184012.07
A0012172,2021-08,184012.07,43381.2,53121.88,174271.39
A0012172,2021-09,174271.39,42273.23,38126.27,178418.35
A0012172,2021-10,178418.35,52727.99,35426.47,195719.87
A0012172,2021-11,195719.87,52973.69,38776.36,209917.2
A0012172,2021-12,209917.2,141907.34,117522.09,234302.45
A0012172,2022-01,234302.45,47526.15,24126.29,257702.31
A0012172,2022-02,257702.31,13598.72,105911.8,165389.23
A0012172,2022-03,165389.23,46717.68,37999.43,174107.48
A0012172,2022-04,174107.48,36376.5,74319.87,136164.11
A0012172,2022-05,136164.11,58564.05,118546.35,76181.81
A0012172,2022-06,76181.81,44329.58,91641.7,28869.69
A0012172,2022-07,28869.69,15152.71,0.0,44022.4
A0012172,2022-08,44022.4,50421.4,76557.47,17886.33
A0012172,2022-09,17886.33,31125.76,35752.92,13259.17
A0012172,2022-10,13259.17,99502.1,103344.98,9416.29
A0012172,2022-11,9416.29,11665.6,16913.89,4168.0
A0012172,2022-12,4168.0,49183.21,39099.91,14251.3
A0012172,2023-01,14251.3,59892.97,4193.65,69950.62
A0012172,2023-02,69950.62,56389.66,35430.41,90909.87
A0012172,2023-03,90909.87,0.0,53652.2,37257.67
A0012172,2023-04,37257.67,46483.67,6223.57,77517.77
A0012172,2023-05,77517.77,89525.08,12058.06,154984.79
A0012172,2023-06,154984.79,0.0,18155.45,136829.34
A0012172,2023-07,136829.34,43103.8,175050.99,4882.15
A0012173,2021-01,19821.14,186064.48,0.0,205885.62
A0012173,2021-02,205885.62,15481.45,26983.03,194384.04
A0012173,2021-03,194384.04,11943.36,28324.29,178003.11
A0012173,2021-04,178003.11,42584.19,65247.47,155339.83
A0012173,2021-05,155339.83,27339.68,29359.23,153320.28
A0012173,2021-06,153320.28,1120.29,35265.89,119174.68
A0012173,2021-07,119174.68,11993.84,9776.78,121391.74
A0012173,2021-08,121391.74,19362.84,3979.46,136775.12
A0012173,2021-09,136775.12,18446.99,16600.87,138621.24
A0012173,2021-10,138621.24,0.0,22735.82,115885.42
A0012173,2021-11,115885.42,14265.62,619.17,129531.87
A0012173,2021-12,129531.87,47234.12,0.0,176765.99
A0012173,2022-01,176765.99,60626.46,138385.93,99006.52
A0012173,2022-02,99006.52,149729.65,2269.27,246466.9
A0012173,2022-03,246466.9,13644.69,23952.74,236158.85
A0012173,2022-04,236158.85,0.0,32629.81,203529.04
A0012173,2022-05,203529.04,4303.59,0.0,207832.63
A0012173,2022-06,207832.63,53607.32,4393.24,257046.71
A0012173,2022-07,257046.71,147070.46,29979.39,374137.78
A0012173,2022-08,374137.78,0.0,11404.4,362733.38
A0012173,2022-09,362733.38,5240.04,17888.2,350085.22
A0012173,2022-10,350085.22,0.0,8646.73,341438.49
A0012173,2022-11,341438.49,61273.15,39858.85,362852.79
A0012173,2022-12,362852.79,1001.68,22739.04,341115.43
A0012173,2023-01,341115.43,39820.28,0.0,380935.71
A0012173,2023-02,380935.71,30983.98,7340.77,404578.92
A0012173,2023-03,404578.92,0.0,0.0,404578.92
A0012173,2023-04,404578.92,0.0,42663.0,361915.92
A0012173,2023-05,361915.92,0.0,108798.1,253117.82
A0012173,2023-06,253117.82,0.0,14172.76,238945.06
A0012173,2023-07,238945.06,135491.44,9330.07,365106.43
A0012173,2023-08,365106.43,15064.61,21410.96,358760.08
A0012173,2023-09,358760.08,56341.44,75967.42,339134.1
A0012173,2023-10,339134.1,79959.96,8753.0,410341.06
A0012173,2023-11,410341.06,15153.25,26395.85,399098.46
A0012173,2023-12,399098.46,57366.96,7167.01,449298.41
A0012173,2024-01,449298.41,116187.93,31857.85,533628.49
A0012173,2024-02,533628.49,24879.37,72594.63,485913.23
A0012173,2024-03,485913.23,0.0,9268.06,476645.17
A0012173,2024-04,476645.17,0.0,66500.66,410144.51
A0012173,2024-05,410144.51,35676.54,47155.82,398665.23
A0012173,2024-06,398665.23,76299.37,8760.1,466204.5
A0012173,2024-07,466204.5,42869.32,36298.32,472775.5
A0012173,2024-08,472775.5,0.0,14436.44,458339.06
A0012173,2024-09,458339.06,35780.08,9695.45,484423.69
A0012173,2024-10,484423.69,6001.38,0.0,490425.07
A0012173,2024-11,490425.07,21310.98,8320.18,503415.87
A0012173,2024-12,503415.87,45772.51,34168.45,515019.93
A0012173,2025-01,515019.93,82634.83,44117.05,553537.71
A0012173,2025-02,553537.71,122999.5,73358.91,603178.3
A0012173,2025-03,603178.3,30809.59,8330.82,625657.07
A0012173,2025-04,625657.07,0.0,22033.29,603623.78
A0012173,2025-05,603623.78,69791.37,30593.15,642822.0
A0012173,2025-06,642822.0,12909.58,50300.19,605431.39
A0012173,2025-07,605431.39,95513.92,107292.97,593652.34
A0012173,2025-08,593652.34,40698.49,51977.57,582373.26
A0012173,2025-09,582373.26,84302.11,31358.35,635317.02
A0012173,2025-10,635317.02,0.0,47108.81,588208.21
A0012173,2025-11,588208.21,23637.99,73155.23,538690.97
A0012173,2025-12,538690.97,59237.93,39712.12,558216.78
A0012173,2026-01,558216.78,73666.89,18997.92,612885.75
A0012173,2026-02,612885.75,57923.77,83303.85,587505.67
A0012173,2026-03,587505.67,208305.87,14204.55,781606.99
A0012173,2026-04,781606.99,85394.43,45966.62,821034.8
A0012173,2026-05,821034.8,70486.17,0.0,891520.97
A0012173,2026-06,891520.97,32835.51,12382.11,911974.37
A0012173,2026-07,911974.37,102607.15,130678.12,883903.4
A0012173,2026-08,883903.4,0.0,19058.89,864844.51
A0012173,2026-09,864844.51,86356.4,31976.9,919224.01
A0012173,2026-10,919224.01,9508.32,0.0,928732.33
A0012173,2026-11,928732.33,0.0,30469.68,898262.65
A0012173,2026-12,898262.65,161546.26,111152.77,948656.14
A0012358,2021-01,3793.33,0.0,0.0,3793.33
A0012358,2021-02,3793.33,0.0,122.21,3671.12
A0012358,2021-03,3671.12,0.0,669.36,3001.76
A0012358,2021-04,3001.76,0.0,0.0,3001.76
A0012358,2021-05,3001.76,0.0,815.75,2186.01
A0012358,2021-06,2186.01,0.0,823.86,1362.15
A0012358,2021-07,1362.15,390.08,266.52,1485.71
A0012358,2021-08,1485.71,17.15,1299.45,203.41
A0012358,2021-09,203.41,0.0,32.46,170.95
A0012358,2021-10,170.95,301.69,16.64,456.0
A0012358,2021-11,456.0,214.27,5.9,664.37
A0012358,2021-12,664.37,72.01,35.52,700.86
A0012358,2022-01,700.86,30.94,0.0,731.8
A0012358,2022-02,731.8,93.23,23.81,801.22
A0012358,2022-03,801.22,150.57,0.0,951.79
A0012358,2022-04,951.79,184.22,0.0,1136.01
A0012358,2022-05,1136.01,0.0,0.0,1136.01
A0012358,2022-06,1136.01,7.7,0.0,1143.71
A0012358,2022-07,1143.71,20.55,0.0,1164.26
A0012358,2022-08,1164.26,0.0,1158.52,5.74
A0012358,2022-09,5.74,0.0,0.0,5.74
A0012358,2022-10,5.74,0.0,0.0,5.74
A0012358,2022-11,5.74,0.0,0.0,5.74
A0012358,2022-12,5.74,0.0,0.0,5.74
A0012358,2023-01,5.74,0.0,0.0,5.74
A0012358,2023-02,5.74,0.0,0.0,5.74
A0012358,2023-03,5.74,0.0,0.0,5.74
A0012358,2023-04,5.74,97216.1,127.39,97094.45
A0012358,2023-05,97094.45,393.47,230.66,97257.26
A0012358,2023-06,97257.26,0.0,0.0,97257.26
A0012358,2023-07,97257.26,0.0,92.8,97164.46
A0012358,2023-08,97164.46,59.67,0.0,97224.13
A0012358,2023-09,97224.13,0.0,0.0,97224.13
A0012358,2023-10,97224.13,342.81,470.18,97096.76
A0012358,2023-11,97096.76,0.0,0.0,97096.76
A0012358,2023-12,97096.76,288.99,216.38,97169.37
A0012358,2024-01,97169.37,0.0,0.0,97169.37
A0012358,2024-02,97169.37,59.65,0.0,97229.02
A0012358,2024-03,97229.02,0.0,0.0,97229.02
A0012358,2024-04,97229.02,0.0,33.08,97195.94
A0012358,2024-05,97195.94,2463.77,83.03,99576.68
A0012358,2024-06,99576.68,55.49,0.0,99632.17
A0012358,2024-07,99632.17,787.31,0.0,100419.48
A0012358,2024-08,100419.48,8.18,5.28,100422.38
A0012358,2024-09,100422.38,0.0,164.51,100257.87
A0012358,2024-10,100257.87,143.9,20.22,100381.55
A0012358,2024-11,100381.55,69882.34,0.0,170263.89
A0012358,2024-12,170263.89,0.0,670.73,169593.16
A0012358,2025-01,169593.16,0.0,221.46,169371.7
A0012358,2025-02,169371.7,0.0,40881.5,128490.2
A0012358,2025-03,128490.2,0.0,4248.02,124242.18
A0012358,2025-04,124242.18,0.0,34.57,124207.61
A0012358,2025-05,124207.61,0.0,62.76,124144.85
A0012358,2025-06,124144.85,395.82,0.0,124540.67
A0012358,2025-07,124540.67,0.0,0.0,124540.67
A0012358,2025-08,124540.67,672.7,257.2,124956.17
A0012358,2025-09,124956.17,0.0,286.85,124669.32
A0012358,2025-10,124669.32,326.4,52.9,124942.82
A0012358,2025-11,124942.82,200.02,0.0,125142.84
A0012358,2025-12,125142.84,133.77,334.78,124941.83
A0012358,2026-01,124941.83,408.06,0.0,125349.89
A0012358,2026-02,125349.89,0.0,9017.14,116332.75
A0012358,2026-03,116332.75,92.79,0.0,116425.54
A0012358,2026-04,116425.54,0.0,1653.96,114771.58
A0012358,2026-05,114771.58,0.0,0.0,114771.58
A0012358,2026-06,114771.58,0.0,100.89,114670.69
A0012358,2026-07,114670.69,534.72,0.0,115205.41
A0012358,2026-08,115205.41,113.71,139.69,115179.43
A0012358,2026-09,115179.43,0.0,104.07,115075.36
A0012358,2026-10,115075.36,73.93,33.38,115115.91
A0012358,2026-11,115115.91,0.0,0.0,115115.91
A0012358,2026-12,115115.91,56.86,9.33,115163.44
A0012359,2021-01,6592.74,1111.5,2582.35,5121.89
A0012359,2021-02,5121.89,3719.61,4876.25,3965.25
A0012359,2021-03,3965.25,82743.21,8287.41,78421.05
A0012359,2021-04,78421.05,28046.05,21221.5,85245.6
A0012359,2021-05,85245.6,1631.13,5715.26,81161.47
A0012359,2021-06,81161.47,56806.57,17039.95,120928.09
A0012359,2021-07,120928.09,32618.09,19702.63,133843.55
A0012359,2021-08,133843.55,52751.88,14397.45,172197.98
A0012359,2021-09,172197.98,5373.94,35182.49,142389.43
A0012359,2021-10,142389.43,86791.98,25299.22,203882.19
A0012359,2021-11,203882.19,5451.07,20008.33,189324.93
A0012359,2021-12,189324.93,27762.62,15808.48,201279.07
A0012359,2022-01,201279.07,32565.12,15531.06,218313.13
A0012359,2022-02,218313.13,10092.81,17415.48,210990.46
A0012359,2022-03,210990.46,12645.32,34097.97,189537.81
A0012359,2022-04,189537.81,84885.18,14425.76,259997.23
A0012359,2022-05,259997.23,0.0,16886.6,243110.63
A0012359,2022-06,243110.63,5289.76,4058.28,244342.11
A0012359,2022-07,244342.11,22615.81,23198.46,243759.46
A0012359,2022-08,243759.46,78883.78,15115.83,307527.41
A0012359,2022-09,307527.41,19557.83,20267.97,306817.27
A0012359,2022-10,306817.27,25408.96,30254.27,301971.96
A0012359,2022-11,301971.96,7911.5,6820.3,303063.16
A0012359,2022-12,303063.16,25079.56,10817.46,317325.26
A0012359,2023-01,317325.26,0.0,85554.24,231771.02
A0012359,2023-02,231771.02,21591.44,24274.41,229088.05
A0012359,2023-03,229088.05,19158.92,48113.43,200133.54
A0012359,2023-04,200133.54,24977.17,20657.51,204453.2
A0012359,2023-05,204453.2,21608.85,13885.23,212176.82
A0012359,2023-06,212176.82,36485.29,98790.68,149871.43
A0012359,2023-07,149871.43,38020.76,2520.67,185371.52
A0012359,2023-08,185371.52,430.88,5763.32,180039.08
A0012359,2023-09,180039.08,32662.97,14067.05,198635.0
A0012359,2023-10,198635.0,13700.89,33657.29,178678.6
A0012359,2023-11,178678.6,113250.34,123265.15,168663.79
A0012359,2023-12,168663.79,7444.87,41669.51,134439.15
A0012359,2024-01,134439.15,18909.42,22057.93,131290.64
A0012359,2024-02,131290.64,23506.4,32004.38,122792.66
A0012359,2024-03,122792.66,38161.05,19009.01,141944.7
A0012359,2024-04,141944.7,69547.85,32017.25,179475.3
A0012359,2024-05,179475.3,0.0,15965.81,163509.49
A0012359,2024-06,163509.49,49561.92,45206.74,167864.67
A0012359,2024-07,167864.67,11362.06,74753.75,104472.98
A0012359,2024-08,104472.98,47949.79,49010.35,103412.42
A0012359,2024-09,103412.42,40704.67,50648.7,93468.39
A0012361,2021-01,37276.25,2761.5,4757.31,35280.44
A0012361,2021-02,35280.44,2763.83,1900.22,36144.05
A0012361,2021-03,36144.05,4349.55,17366.67,23126.93
A0012361,2021-04,23126.93,7459.53,9505.19,21081.27
A0012361,2021-05,21081.27,28253.43,1611.78,47722.92
A0012361,2021-06,47722.92,0.0,0.0,47722.92
A0012361,2021-07,47722.92,6471.41,934.0,53260.33
A0012361,2021-08,53260.33,1630.97,18781.49,36109.81
A0012361,2021-09,36109.81,8260.91,2249.89,42120.83
A0012361,2021-10,42120.83,10315.74,0.0,52436.57
A0012361,2021-11,52436.57,11377.63,5487.31,58326.89
A0012361,2021-12,58326.89,2186.77,16290.31,44223.35
A0012361,2022-01,44223.35,22032.49,10987.79,55268.05
A0012361,2022-02,55268.05,31935.32,6732.29,80471.08
A0012361,2022-03,80471.08,7467.18,14249.22,73689.04
A0012361,2022-04,73689.04,8587.88,2318.13,79958.79
A0012361,2022-05,79958.79,40051.5,5863.41,114146.88
A0012361,2022-06,114146.88,10313.57,9412.39,115048.06
A0012361,2022-07,115048.06,12491.11,32512.45,95026.72
A0012361,2022-08,95026.72,11037.02,15584.47,90479.27
A0012361,2022-09,90479.27,12937.72,31927.28,71489.71
A0012361,2022-10,71489.71,6405.6,1106.36,76788.95
A0012361,2022-11,76788.95,39427.17,6761.2,109454.92
A0012361,2022-12,109454.92,42492.87,15293.8,136653.99
A0012361,2023-01,136653.99,4937.84,22032.73,119559.1
A0012361,2023-02,119559.1,110812.68,54463.38,175908.4
A0012361,2023-03,175908.4,0.0,24182.72,151725.68
A0012361,2023-04,151725.68,0.0,0.0,151725.68
A0012361,2023-05,151725.68,5309.4,38978.24,118056.84
A0012361,2023-06,118056.84,0.0,4449.22,113607.62
A0012361,2023-07,113607.62,0.0,764.74,112842.88
A0012361,2023-08,112842.88,43174.26,876.89,155140.25
A0012361,2023-09,155140.25,11555.93,7277.23,159418.95
A0012361,2023-10,159418.95,0.0,10323.99,149094.96
A0012361,2023-11,149094.96,5193.38,3408.85,150879.49
A0012361,2023-12,150879.49,2140.53,9559.52,143460.5
A0012361,2024-01,143460.5,16460.83,13294.92,146626.41
A0012361,2024-02,146626.41,8342.17,54539.21,100429.37
A0012361,2024-03,100429.37,57319.4,8158.19,149590.58
A0012361,2024-04,149590.58,0.0,0.0,149590.58
A0012361,2024-05,149590.58,1406.93,25037.62,125959.89
A0012361,2024-06,125959.89,10029.95,0.0,135989.84
A0012361,2024-07,135989.84,20425.35,9358.57,147056.62
A0012361,2024-08,147056.62,7547.89,37613.77,116990.74
A0012361,2024-09,116990.74,11912.97,8397.5,120506.21
A0012361,2024-10,120506.21,0.0,11410.85,109095.36
A0012361,2024-11,109095.36,8290.27,0.0,117385.63
A0012361,2024-12,117385.63,5999.88,24212.45,99173.06
A0012361,2025-01,99173.06,5138.6,0.0,104311.66
A0012361,2025-02,104311.66,10210.18,12618.44,101903.4
A0012361,2025-03,101903.4,9682.66,6589.2,104996.86
A0012361,2025-04,104996.86,17654.41,16604.3,106046.97
A0012361,2025-05,106046.97,18109.88,44139.69,80017.16
A0012361,2025-06,80017.16,16701.91,0.0,96719.07
A0012361,2025-07,96719.07,30832.74,3661.91,123889.9
A0012361,2025-08,123889.9,11636.78,14477.32,121049.36
A0012361,2025-09,121049.36,13895.51,15703.1,119241.77
A0012361,2025-10,119241.77,2044.19,34400.41,86885.55
A0012361,2025-11,86885.55,38379.84,22341.93,102923.46
A0012361,2025-12,102923.46,37036.89,16853.7,123106.65
A0012361,2026-01,123106.65,54407.78,0.0,177514.43
A0012361,2026-02,177514.43,0.0,6331.03,171183.4
A0012361,2026-03,171183.4,7056.25,8965.17,169274.48
A0012361,2026-04,169274.48,108637.12,20541.07,257370.53
A0012361,2026-05,257370.53,5037.76,91581.48,170826.81
A0012361,2026-06,170826.81,32349.88,2273.34,200903.35
A0012361,2026-07,200903.35,31272.2,19322.97,212852.58
A0012361,2026-08,212852.58,51018.26,79546.49,184324.35
A0012361,2026-09,184324.35,27213.53,26775.29,184762.59
A0012361,2026-10,184762.59,2410.73,5640.72,181532.6
A0012361,2026-11,181532.6,47243.2,12769.89,216005.91
A0012361,2026-12,216005.91,2756.54,32300.04,186462.41
A0012394,2021-01,34214.7,33382.13,0.0,67596.83
A0012394,2021-02,67596.83,93999.84,47456.3,114140.37
A0012394,2021-03,114140.37,36662.5,45426.3,105376.57
A0012394,2021-04,105376.57,77042.51,108966.89,73452.19
A0012394,2021-05,73452.19,0.0,8894.69,64557.5
A0012394,2021-06,64557.5,27323.64,24138.8,67742.34
A0012394,2021-07,67742.34,115202.39,46550.14,136394.59
A0012394,2021-08,136394.59,19504.75,73314.01,82585.33
A0012394,2021-09,82585.33,14994.1,1069.36,96510.07
A0012394,2021-10,96510.07,213131.29,28492.0,281149.36
A0012394,2021-11,281149.36,17382.47,0.0,298531.83
A0012394,2021-12,298531.83,99015.7,6174.19,391373.34
A0012394,2022-01,391373.34,24401.09,26745.51,389028.92
A0012394,2022-02,389028.92,30207.55,328794.54,90441.93
A0012394,2022-03,90441.93,63054.16,20297.14,133198.95
A0012394,2022-04,133198.95,12029.19,62951.32,82276.82
A0012394,2022-05,82276.82,449232.84,28102.21,503407.45
A0012394,2022-06,503407.45,72261.92,2851.97,572817.4
A0012394,2022-07,572817.4,3743.93,1345.81,575215.52
A0012394,2022-08,575215.52,382433.21,35583.22,922065.51
A0012394,2022-09,922065.51,15044.77,26041.55,911068.73
A0012394,2022-10,911068.73,0.0,72064.42,839004.31
A0012394,2022-11,839004.31,3679.03,22243.25,820440.09
A0012394,2022-12,820440.09,39554.12,27757.79,832236.42
A0012394,2023-01,832236.42,0.0,1534.29,830702.13
A0012394,2023-02,830702.13,26217.03,3162.9,853756.26
A0012394,2023-03,853756.26,50442.01,5311.02,898887.25
A0012394,2023-04,898887.25,0.0,14025.81,884861.44
A0012394,2023-05,884861.44,35421.98,0.0,920283.42
A0012394,2023-06,920283.42,86430.03,18584.39,988129.06
A0012394,2023-07,988129.06,2069.62,44909.6,945289.08
A0012394,2023-08,945289.08,0.0,334.77,944954.31
A0012394,2023-09,944954.31,60009.84,16817.85,988146.3
A0012394,2023-10,988146.3,61492.01,107232.41,942405.9
A0012394,2023-11,942405.9,26550.12,15552.94,953403.08
A0012394,2023-12,953403.08,27689.11,35850.28,945241.91
A0012394,2024-01,945241.91,51179.68,76051.32,920370.27
A0012394,2024-02,920370.27,45937.29,35862.96,930444.6
A0012394,2024-03,930444.6,64475.22,4092.65,990827.17
A0012394,2024-04,990827.17,263284.7,48415.51,1205696.36
A0012394,2024-05,1205696.36,0.0,46599.8,1159096.56
A0012394,2024-06,1159096.56,28647.59,118181.96,1069562.19
A0012394,2024-07,1069562.19,37392.85,28523.98,1078431.06
A0012394,2024-08,1078431.06,466504.11,39647.65,1505287.52
A0012394,2024-09,1505287.52,4674.11,96892.04,1413069.59
A0012394,2024-10,1413069.59,16106.67,34994.69,1394181.57
A0012394,2024-11,1394181.57,3487.67,80365.3,1317303.94
A0012394,2024-12,1317303.94,45798.45,58915.54,1304186.85
A0012394,2025-01,1304186.85,91525.95,443664.35,952048.45
A0012394,2025-02,952048.45,0.0,9178.96,942869.49
A0012394,2025-03,942869.49,94071.02,125734.37,911206.14
A0012394,2025-04,911206.14,0.0,59626.09,851580.05
A0012394,2025-05,851580.05,157054.51,0.0,1008634.56
A0012394,2025-06,1008634.56,29697.14,63740.22,974591.48
A0012394,2025-07,974591.48,118022.25,91845.1,1000768.63
A0012394,2025-08,1000768.63,7146.99,49323.47,958592.15
A0012394,2025-09,958592.15,61138.02,9875.36,1009854.81
A0012394,2025-10,1009854.81,30486.59,6968.63,1033372.77
A0012394,2025-11,1033372.77,13953.3,17264.41,1030061.66
A0012394,2025-12,1030061.66,0.0,30640.49,999421.17
A0012394,2026-01,999421.17,59236.48,672938.27,385719.38
A0012394,2026-02,385719.38,0.0,0.0,385719.38
A0012394,2026-03,385719.38,79976.28,120912.95,344782.71
A0012394,2026-04,344782.71,0.0,35117.31,309665.4
A0012394,2026-05,309665.4,17180.48,25113.08,301732.8
A0012394,2026-06,301732.8,30229.19,10832.17,321129.82
A0012394,2026-07,321129.82,0.0,0.0,321129.82
A0012394,2026-08,321129.82,18158.79,63264.89,276023.72
A0012394,2026-09,276023.72,31932.52,136177.3,171778.94
A0012394,2026-10,171778.94,39069.69,58951.68,151896.95
A0012394,2026-11,151896.95,54584.01,35220.38,171260.58
A0012394,2026-12,171260.58,0.0,46437.89,124822.69
A0012395,2021-01,1865.58,0.0,201.96,1663.62
A0012395,2021-02,1663.62,104.84,98.34,1670.12
A0012395,2021-03,1670.12,1100.28,243.2,2527.2
A0012395,2021-04,2527.2,0.0,2050.46,476.74
A0012395,2021-05,476.74,0.0,0.0,476.74
A0012395,2021-06,476.74,927.76,0.0,1404.5
A0012395,2021-07,1404.5,687.82,31.79,2060.53
A0012395,2021-08,2060.53,95.8,0.0,2156.33
A0012395,2021-09,2156.33,449.19,370.24,2235.28
A0012395,2021-10,2235.28,0.0,0.0,2235.28
A0012395,2021-11,2235.28,13337.0,83.46,15488.82
A0012395,2021-12,15488.82,0.0,453.47,15035.35
A0012395,2022-01,15035.35,138.19,0.0,15173.54
A0012395,2022-02,15173.54,384.81,0.0,15558.35
A0012395,2022-03,15558.35,1092.69,119.51,16531.53
A0012395,2022-04,16531.53,0.0,0.0,16531.53
A0012395,2022-05,16531.53,0.0,0.0,16531.53
A0012395,2022-06,16531.53,0.0,0.0,16531.53
A0012395,2022-07,16531.53,6031.9,944.01,21619.42
A0012395,2022-08,21619.42,171.46,33.08,21757.8
A0012395,2022-09,21757.8,0.0,87.81,21669.99
A0012395,2022-10,21669.99,296.28,0.0,21966.27
A0012395,2022-11,21966.27,0.0,54.27,21912.0
A0012395,2022-12,21912.0,1021.68,1174.77,21758.91
A0012395,2023-01,21758.91,0.0,0.0,21758.91
A0012395,2023-02,21758.91,0.0,969.12,20789.79
A0012395,2023-03,20789.79,177.0,56.71,20910.08
A0012395,2023-04,20910.08,48.18,216.85,20741.41
A0012395,2023-05,20741.41,0.0,530.73,20210.68
A0012395,2023-06,20210.68,0.0,7087.18,13123.5
A0012395,2023-07,13123.5,0.0,0.0,13123.5
A0012395,2023-08,13123.5,0.0,254.57,12868.93
A0012395,2023-09,12868.93,0.0,412.52,12456.41
A0012395,2023-10,12456.41,376.7,8963.14,3869.97
A0012395,2023-11,3869.97,10503.07,99.13,14273.91
A0012395,2023-12,14273.91,344.97,0.0,14618.88
A0012395,2024-01,14618.88,0.0,80.84,14538.04
A0012395,2024-02,14538.04,0.0,874.39,13663.65
A0012395,2024-03,13663.65,0.0,0.0,13663.65
A0012395,2024-04,13663.65,0.0,0.0,13663.65
A0012395,2024-05,13663.65,286.59,582.24,13368.0
A0012395,2024-06,13368.0,0.0,0.0,13368.0
A0012395,2024-07,13368.0,0.0,57.11,13310.89
A0012395,2024-08,13310.89,0.0,209.23,13101.66
A0012395,2024-09,13101.66,1186.15,422.68,13865.13
A0012395,2024-10,13865.13,0.0,0.0,13865.13
A0012395,2024-11,13865.13,811.92,0.0,14677.05
A0012395,2024-12,14677.05,0.0,106.05,14571.0
A0012395,2025-01,14571.0,0.0,91.27,14479.73
A0012395,2025-02,14479.73,0.0,0.0,14479.73
A0012395,2025-03,14479.73,765.49,125.95,15119.27
A0012395,2025-04,15119.27,34.57,50.47,15103.37
A0012395,2025-05,15103.37,42.4,0.0,15145.77
A0012395,2025-06,15145.77,0.0,0.0,15145.77
A0012395,2025-07,15145.77,55.28,862.74,14338.31
A0012395,2025-08,14338.31,1427.23,4.58,15760.96
A0012395,2025-09,15760.96,0.0,771.0,14989.96
A0012395,2025-10,14989.96,726.06,0.0,15716.02
A0012395,2025-11,15716.02,339.37,211.31,15844.08
A0012395,2025-12,15844.08,339.91,0.0,16183.99
A0012395,2026-01,16183.99,172491.97,1785.06,186890.9
A0012395,2026-02,186890.9,18498.26,27354.48,178034.68
A0012395,2026-03,178034.68,0.0,331.64,177703.04
A0012395,2026-04,177703.04,118119.21,0.0,295822.25
A0012395,2026-05,295822.25,0.0,265.15,295557.1
A0012395,2026-06,295557.1,0.0,0.0,295557.1
A0012395,2026-07,295557.1,1609.08,0.0,297166.18
A0012395,2026-08,297166.18,681.14,165.87,297681.45
A0012395,2026-09,297681.45,543.51,1997.9,296227.06
A0012395,2026-10,296227.06,1518.02,0.0,297745.08
A0012395,2026-11,297745.08,269.83,784.34,297230.57
A0012395,2026-12,297230.57,467.0,6931.56,290766.01
A0012519,2021-01,50809.54,32941.63,52434.93,31316.24
A0012519,2021-02,31316.24,56932.46,40981.76,47266.94
A0012519,2021-03,47266.94,10433.22,3358.09,54342.07
A0012519,2021-04,54342.07,21486.71,21152.81,54675.97
A0012519,2021-05,54675.97,24317.22,10880.03,68113.16
A0012519,2021-06,68113.16,6125.11,4534.81,69703.46
A0012519,2021-07,69703.46,27219.27,28639.78,68282.95
A0012519,2021-08,68282.95,0.0,25091.33,43191.62
A0012519,2021-09,43191.62,64342.34,35267.76,72266.2
A0012519,2021-10,72266.2,0.0,0.0,72266.2
A0012519,2021-11,72266.2,21888.42,84698.46,9456.16
A0012519,2021-12,9456.16,88601.68,24839.07,73218.77
A0012519,2022-01,73218.77,0.0,52282.81,20935.96
A0012519,2022-02,20935.96,24437.88,25280.6,20093.24
A0012519,2022-03,20093.24,31052.9,18527.03,32619.11
A0012519,2022-04,32619.11,39022.83,24026.74,47615.2
A0012519,2022-05,47615.2,21221.21,31160.94,37675.47
A0012519,2022-06,37675.47,0.0,18651.95,19023.52
A0012519,2022-07,19023.52,10698.32,21238.33,8483.51
A0012519,2022-08,8483.51,44176.45,30794.0,21865.96
A0012520,2021-01,49450.46,48383.22,97407.22,426.46
A0012520,2021-02,426.46,184467.58,50190.02,134704.02
A0012520,2021-03,134704.02,93775.41,131974.77,96504.66
A0012520,2021-04,96504.66,55643.13,88707.47,63440.32
A0012520,2021-05,63440.32,46557.12,48003.24,61994.2
A0012520,2021-06,61994.2,55423.49,83071.58,34346.11
A0012520,2021-07,34346.11,61010.56,35519.1,59837.57
A0012520,2021-08,59837.57,70461.75,76521.2,53778.12
A0012520,2021-09,53778.12,112752.87,54565.41,111965.58
A0012520,2021-10,111965.58,1122377.86,98340.86,1136002.58
A0012520,2021-11,1136002.58,81144.6,127126.82,1090020.36
A0012520,2021-12,1090020.36,60659.6,20935.96,1129744.0
A0012520,2022-01,1129744.0,68876.9,41296.37,1157324.53
A0012520,2022-02,1157324.53,82135.83,143361.32,1096099.04
A0012521,2021-01,416.63,233.13,0.0,649.76
A0012521,2021-02,649.76,1766.71,0.0,2416.47
A0012521,2021-03,2416.47,0.0,0.0,2416.47
A0012521,2021-04,2416.47,0.0,0.0,2416.47
A0012521,2021-05,2416.47,0.0,0.0,2416.47
A0012521,2021-06,2416.47,13829.52,42.26,16203.73
A0012521,2021-07,16203.73,0.0,0.0,16203.73
A0012521,2021-08,16203.73,0.0,0.0,16203.73
A0012521,2021-09,16203.73,82.03,534.97,15750.79
A0012521,2021-10,15750.79,6459.6,2623.94,19586.45
A0012521,2021-11,19586.45,6946.62,177.11,26355.96
A0012521,2021-12,26355.96,556.8,154.69,26758.07
A0012521,2022-01,26758.07,448.65,692.41,26514.31
A0012521,2022-02,26514.31,0.0,85.32,26428.99
A0012521,2022-03,26428.99,1257.52,0.0,27686.51
A0012521,2022-04,27686.51,0.0,0.0,27686.51
A0012521,2022-05,27686.51,337.18,336.26,27687.43
A0012521,2022-06,27687.43,0.0,0.0,27687.43
A0012521,2022-07,27687.43,348.29,276.04,27759.68
A0012521,2022-08,27759.68,53.35,0.0,27813.03
A0012521,2022-09,27813.03,0.0,0.0,27813.03
A0012521,2022-10,27813.03,0.0,0.0,27813.03
A0012521,2022-11,27813.03,408.11,1877.21,26343.93
A0012522,2021-01,824.85,32265.68,400.71,32689.82
A0012522,2021-02,32689.82,287.11,41.21,32935.72
A0012522,2021-03,32935.72,69.44,45.84,32959.32
A0012522,2021-04,32959.32,272.17,279.02,32952.47
A0012522,2021-05,32952.47,237.68,0.0,33190.15
A0012522,2021-06,33190.15,0.0,1414.81,31775.34
A0012627,2021-10,0.0,125307.95,7930.31,117377.64
A0012627,2021-11,117377.64,17852.62,42206.86,93023.4
A0012627,2021-12,93023.4,14390.08,40752.69,66660.79
A0012627,2022-01,66660.79,418137.88,41118.34,443680.33
A0012627,2022-02,443680.33,2872.93,99508.75,347044.51
A0012627,2022-03,347044.51,79098.63,38289.34,387853.8
A0012627,2022-04,387853.8,95439.55,234314.96,248978.39
A0012627,2022-05,248978.39,11195.97,30767.3,229407.06
A0012627,2022-06,229407.06,7515.07,150977.92,85944.21
A0012627,2022-07,85944.21,6188.95,3621.11,88512.05
A0012627,2022-08,88512.05,28493.94,71110.44,45895.55
A0012627,2022-09,45895.55,239127.45,8135.64,276887.36
A0012627,2022-10,276887.36,22480.82,23633.11,275735.07
A0012627,2022-11,275735.07,20774.88,35477.65,261032.3
A0012627,2022-12,261032.3,26050.28,28968.52,258114.06
A0012627,2023-01,258114.06,30903.02,27332.89,261684.19
A0012627,2023-02,261684.19,240320.76,33244.76,468760.19
A0012627,2023-03,468760.19,52288.37,52070.18,468978.38
A0012627,2023-04,468978.38,33626.49,31910.54,470694.33
A0012627,2023-05,470694.33,28643.55,21464.97,477872.91
A0012627,2023-06,477872.91,37543.18,27657.64,487758.45
A0012627,2023-07,487758.45,58364.26,53278.78,492843.93
A0012627,2023-08,492843.93,20745.1,18933.4,494655.63
A0012627,2023-09,494655.63,6651.65,23754.0,477553.28
A0012627,2023-10,477553.28,24405.34,52662.7,449295.92
A0012627,2023-11,449295.92,160111.47,26546.93,582860.46
A0012627,2023-12,582860.46,86791.3,10240.29,659411.47
A0012627,2024-01,659411.47,40530.47,29370.27,670571.67
A0012627,2024-02,670571.67,22368.82,9268.74,683671.75
A0012627,2024-03,683671.75,29808.27,28588.9,684891.12
A0012627,2024-04,684891.12,41240.01,19454.43,706676.7
A0012627,2024-05,706676.7,4658.89,14784.88,696550.71
A0012627,2024-06,696550.71,26213.24,26198.64,696565.31
A0012627,2024-07,696565.31,52787.16,9762.95,739589.52
A0012627,2024-08,739589.52,23733.7,66020.81,697302.41
A0012627,2024-09,697302.41,36762.61,17260.17,716804.85
A0012627,2024-10,716804.85,33030.92,88572.49,661263.28
A0012627,2024-11,661263.28,20795.48,11102.73,670956.03
A0012627,2024-12,670956.03,523.89,17388.22,654091.7
A0012627,2025-01,654091.7,15480.71,14683.74,654888.67
A0012627,2025-02,654888.67,35374.06,57005.46,633257.27
A0012627,2025-03,633257.27,94012.46,24953.61,702316.12
A0012627,2025-04,702316.12,72676.47,27910.18,747082.41
A0012627,2025-05,747082.41,1242200.46,22032.56,1967250.31
A0012627,2025-06,1967250.31,26608.72,36805.77,1957053.26
A0012627,2025-07,1957053.26,18048.27,13246.24,1961855.29
A0012627,2025-08,1961855.29,71976.03,5101.03,2028730.29
A0012627,2025-09,2028730.29,24252.8,53103.2,1999879.89
A0012627,2025-10,1999879.89,41786.36,26954.62,2014711.63
A0012627,2025-11,2014711.63,6687.29,16971.62,2004427.3
A0012627,2025-12,2004427.3,26157.45,19669.75,2010915.0
A0012627,2026-01,2010915.0,46534.78,63786.94,1993662.84
A0012627,2026-02,1993662.84,22446.37,39409.09,1976700.12
A0012627,2026-03,1976700.12,26249.65,29112.32,1973837.45
A0012627,2026-04,1973837.45,55220.49,31302.25,1997755.69
A0012627,2026-05,1997755.69,21850.96,28910.26,1990696.39
A0012627,2026-06,1990696.39,24144.2,34896.39,1979944.2
A0012627,2026-07,1979944.2,12196.67,207081.84,1785059.03
A0012627,2026-08,1785059.03,63301.02,98014.82,1750345.23
A0012627,2026-09,1750345.23,62004.94,56093.49,1756256.68
A0012627,2026-10,1756256.68,8460.22,22026.06,1742690.84
A0012627,2026-11,1742690.84,51598.96,246222.22,1548067.58
A0012627,2026-12,1548067.58,10473.39,16295.96,1542245.01
A0012639,2021-07,0.0,33229.07,9031.49,24197.58
A0012639,2021-08,24197.58,133587.95,107421.05,50364.48
A0012639,2021-09,50364.48,22727.67,14764.94,58327.21
A0012639,2021-10,58327.21,21644.52,39940.19,40031.54
A0012639,2021-11,40031.54,471073.47,27319.18,483785.83
A0012639,2021-12,483785.83,23094.58,98037.72,408842.69
A0012639,2022-01,408842.69,24633.43,106794.44,326681.68
A0012639,2022-02,326681.68,60589.58,60263.45,327007.81
A0012639,2022-03,327007.81,9139.34,105012.18,231134.97
A0012639,2022-04,231134.97,7617.02,104166.43,134585.56
A0012639,2022-05,134585.56,70106.09,118623.44,86068.21
A0012639,2022-06,86068.21,12114.92,20522.05,77661.08
A0012639,2022-07,77661.08,25114.51,43230.23,59545.36
A0012639,2022-08,59545.36,0.0,38916.43,20628.93
A0012639,2022-09,20628.93,586878.42,70603.9,536903.45
A0012639,2022-10,536903.45,24392.11,26984.23,534311.33
A0012639,2022-11,534311.33,110537.41,39430.01,605418.73
A0012639,2022-12,605418.73,110500.37,313225.78,402693.32
A0012639,2023-01,402693.32,10814.45,24747.87,388759.9
A0012639,2023-02,388759.9,48561.29,197041.54,240279.65
A0012639,2023-03,240279.65,51557.08,136220.69,155616.04
A0012639,2023-04,155616.04,85086.11,86417.51,154284.64
A0012639,2023-05,154284.64,32631.55,64356.62,122559.57
A0012639,2023-06,122559.57,27227.77,50664.26,99123.08
A0012639,2023-07,99123.08,57934.5,44662.78,112394.8
A0012639,2023-08,112394.8,36693.78,66383.52,82705.06
A0012639,2023-09,82705.06,23710.07,26621.14,79793.99
A0012639,2023-10,79793.99,49346.46,72762.07,56378.38
A0012639,2023-11,56378.38,13243.88,56980.59,12641.67
A0012639,2023-12,12641.67,33563.37,20522.56,25682.48
A0012639,2024-01,25682.48,58878.53,38939.3,45621.71
A0012639,2024-02,45621.71,104481.47,53226.2,96876.98
A0012639,2024-03,96876.98,44538.75,16639.2,124776.53
A0012639,2024-04,124776.53,94746.77,95217.8,124305.5
A0012639,2024-05,124305.5,71876.24,121708.91,74472.83
A0012639,2024-06,74472.83,11000.4,48937.29,36535.94
A0012639,2024-07,36535.94,154253.81,48698.78,142090.97
A0012639,2024-08,142090.97,54607.1,57951.81,138746.26
A0012639,2024-09,138746.26,62332.88,114388.17,86690.97
A0012639,2024-10,86690.97,9969.57,38711.3,57949.24
A0012639,2024-11,57949.24,0.0,28074.36,29874.88
A0012639,2024-12,29874.88,141811.84,42050.83,129635.89
A0012639,2025-01,129635.89,32094.95,143361.39,18369.45
A0012639,2025-02,18369.45,554982.14,16082.21,557269.38
A0012639,2025-03,557269.38,214177.89,185034.85,586412.42
A0012639,2025-04,586412.42,71419.75,69050.59,588781.58
A0012639,2025-05,588781.58,25500.42,82448.92,531833.08
A0012639,2025-06,531833.08,5158.14,171076.27,365914.95
A0012639,2025-07,365914.95,22520.19,54260.95,334174.19
A0012639,2025-08,334174.19,65369.57,73386.15,326157.61
A0012639,2025-09,326157.61,319570.56,269667.71,376060.46
A0012639,2025-10,376060.46,30009.71,27020.58,379049.59
A0012639,2025-11,379049.59,21102.28,35739.72,364412.15
A0012639,2025-12,364412.15,21289.62,41711.91,343989.86
A0012639,2026-01,343989.86,52312.38,35188.43,361113.81
A0012639,2026-02,361113.81,144770.96,258094.59,247790.18
A0012639,2026-03,247790.18,75268.27,42678.42,280380.03
A0012639,2026-04,280380.03,190751.84,150419.36,320712.51
A0012639,2026-05,320712.51,24946.36,22072.5,323586.37
A0012639,2026-06,323586.37,54273.82,132566.98,245293.21
A0012639,2026-07,245293.21,69767.6,104362.91,210697.9
A0012639,2026-08,210697.9,51530.5,51081.32,211147.08
A0012639,2026-09,211147.08,54222.28,155717.9,109651.46
A0012639,2026-10,109651.46,124391.2,69793.73,164248.93
A0012639,2026-11,164248.93,0.0,68112.2,96136.73
A0012639,2026-12,96136.73,93997.96,113175.91,76958.78
A0012656,2021-06,0.0,501527.13,68509.2,433017.93
A0012656,2021-07,433017.93,78545.61,342451.5,169112.04
A0012656,2021-08,169112.04,60360.58,80881.21,148591.41
A0012656,2021-09,148591.41,98509.7,74627.4,172473.71
A0012656,2021-10,172473.71,75598.96,29227.19,218845.48
A0012656,2021-11,218845.48,255749.83,318253.23,156342.08
A0012656,2021-12,156342.08,103996.93,259090.08,1248.93
A0012656,2022-01,1248.93,230811.74,139346.9,92713.77
A0012656,2022-02,92713.77,99876.85,150555.27,42035.35
A0012656,2022-03,42035.35,176316.04,209210.5,9140.89
A0012656,2022-04,9140.89,105389.91,71354.58,43176.22
A0012656,2022-05,43176.22,128199.11,58027.21,113348.12
A0012656,2022-06,113348.12,287274.98,209604.65,191018.45
A0012656,2022-07,191018.45,51601.07,138860.76,103758.76
A0012656,2022-08,103758.76,406060.27,144533.85,365285.18
A0012656,2022-09,365285.18,151753.79,339349.44,177689.53
A0012656,2022-10,177689.53,227489.21,178235.87,226942.87
A0012656,2022-11,226942.87,152743.99,375014.1,4672.76
A0012656,2022-12,4672.76,264984.7,57625.45,212032.01
A0012656,2023-01,212032.01,157333.4,92661.48,276703.93
A0012656,2023-02,276703.93,182093.86,333258.0,125539.79
A0012656,2023-03,125539.79,327325.85,347024.8,105840.84
A0012656,2023-04,105840.84,208806.53,113164.12,201483.25
A0012656,2023-05,201483.25,176166.47,346053.28,31596.44
A0012656,2023-06,31596.44,239763.38,153295.43,118064.39
A0012656,2023-07,118064.39,109976.18,190938.55,37102.02
A0012656,2023-08,37102.02,270902.11,210241.73,97762.4
A0012656,2023-09,97762.4,250481.51,84454.44,263789.47
A0012656,2023-10,263789.47,124766.77,375558.87,12997.37
A0012656,2023-11,12997.37,197108.29,61800.05,148305.61
A0012656,2023-12,148305.61,138185.71,158700.19,127791.13
A0012656,2024-01,127791.13,114910.39,137513.55,105187.97
A0012656,2024-02,105187.97,123203.69,4301.4,224090.26
A0012656,2024-03,224090.26,186236.8,68096.26,342230.8
A0012656,2024-04,342230.8,107314.38,109874.12,339671.06
A0012656,2024-05,339671.06,119701.99,142674.99,316698.06
A0012656,2024-06,316698.06,205842.76,364072.32,158468.5
A0012656,2024-07,158468.5,103583.82,54625.18,207427.14
A0012656,2024-08,207427.14,168770.3,37827.23,338370.21
A0012656,2024-09,338370.21,186693.14,504547.62,20515.73
A0012656,2024-10,20515.73,137515.42,58447.48,99583.67
A0012656,2024-11,99583.67,194847.58,79160.66,215270.59
A0012656,2024-12,215270.59,108589.44,139014.61,184845.42
A0012656,2025-01,184845.42,171178.67,211111.43,144912.66
A0012656,2025-02,144912.66,246026.15,153585.74,237353.07
A0012656,2025-03,237353.07,356363.29,290907.63,302808.73
A0012656,2025-04,302808.73,409136.27,340698.92,371246.08
A0012656,2025-05,371246.08,128891.5,364747.01,135390.57
A0012656,2025-06,135390.57,236741.06,247353.04,124778.59
A0012656,2025-07,124778.59,213621.74,17962.29,320438.04
A0012656,2025-08,320438.04,161870.58,468838.18,13470.44
A0012656,2025-09,13470.44,259542.26,272353.64,659.06
A0012656,2025-10,659.06,508541.1,125204.31,383995.85
A0012656,2025-11,383995.85,105219.53,246390.89,242824.49
A0012656,2025-12,242824.49,220084.87,111756.89,351152.47
A0012656,2026-01,351152.47,604694.22,124369.3,831477.39
A0012656,2026-02,831477.39,186319.13,80760.4,937036.12
A0012656,2026-03,937036.12,123014.62,167314.91,892735.83
A0012656,2026-04,892735.83,404167.3,321289.48,975613.65
A0012656,2026-05,975613.65,151175.33,199798.5,926990.48
A0012656,2026-06,926990.48,132602.91,77160.45,982432.94
A0012656,2026-07,982432.94,214166.55,76923.58,1119675.91
A0012656,2026-08,1119675.91,119361.83,103256.44,1135781.3
A0012656,2026-09,1135781.3,228361.06,248883.29,1115259.07
A0012656,2026-10,1115259.07,286087.91,191449.44,1209897.54
A0012656,2026-11,1209897.54,247225.46,361313.06,1095809.94
A0012656,2026-12,1095809.94,319810.54,220043.71,1195576.77
A0012662,2021-01,0.0,22930.23,0.0,22930.23
A0012662,2021-02,22930.23,108.57,0.0,23038.8
A0012662,2021-03,23038.8,102.32,0.0,23141.12
A0012662,2021-04,23141.12,105.82,0.0,23246.94
A0012662,2021-05,23246.94,99.23,0.0,23346.17
A0012662,2021-06,23346.17,110.71,0.0,23456.88
A0012662,2021-07,23456.88,107.49,0.0,23564.37
A0012662,2021-08,23564.37,108.32,0.0,23672.69
A0012662,2021-09,23672.69,110.9,0.0,23783.59
A0012662,2021-10,23783.59,109.08,0.0,23892.67
A0012662,2021-11,23892.67,105.89,0.0,23998.56
A0012662,2021-12,23998.56,114.04,0.0,24112.6
A0012662,2022-01,24112.6,142.57,0.0,24255.17
A0012662,2022-02,24255.17,146.16,0.0,24401.33
A0012662,2022-03,24401.33,145.38,0.0,24546.71
A0012662,2022-04,24546.71,141.73,0.0,24688.44
A0012662,2022-05,24688.44,128.9,0.0,24817.34
A0012662,2022-06,24817.34,146.66,0.0,24964.0
A0012662,2022-07,24964.0,145.81,0.0,25109.81
A0012662,2022-08,25109.81,149.07,0.0,25258.88
A0012662,2022-09,25258.88,145.87,0.0,25404.75
A0012662,2022-10,25404.75,139.34,0.0,25544.09
A0012662,2022-11,25544.09,137.37,0.0,25681.46
A0012662,2022-12,25681.46,154.91,0.0,25836.37
A0012662,2023-01,25836.37,186.93,0.0,26023.3
A0012662,2023-02,26023.3,186.74,0.0,26210.04
A0012662,2023-03,26210.04,192.2,0.0,26402.24
A0012662,2023-04,26402.24,202.87,0.0,26605.11
A0012662,2023-05,26605.11,195.57,0.0,26800.68
A0012662,2023-06,26800.68,203.75,0.0,27004.43
A0012662,2023-07,27004.43,209.51,0.0,27213.94
A0012662,2023-08,27213.94,206.33,0.0,27420.27
A0012662,2023-09,27420.27,204.88,0.0,27625.15
A0012662,2023-10,27625.15,187.45,0.0,27812.6
A0012662,2023-11,27812.6,207.48,0.0,28020.08
A0012662,2023-12,28020.08,210.86,0.0,28230.94
A0012662,2024-01,28230.94,175.55,0.0,28406.49
A0012662,2024-02,28406.49,181.13,0.0,28587.62
A0012662,2024-03,28587.62,164.47,0.0,28752.09
A0012662,2024-04,28752.09,183.89,0.0,28935.98
A0012662,2024-05,28935.98,177.47,0.0,29113.45
A0012662,2024-06,29113.45,186.57,0.0,29300.02
A0012662,2024-07,29300.02,187.08,0.0,29487.1
A0012662,2024-08,29487.1,176.41,0.0,29663.51
A0012662,2024-09,29663.51,185.29,0.0,29848.8
A0012662,2024-10,29848.8,191.29,0.0,30040.09
A0012662,2024-11,30040.09,186.9,0.0,30226.99
A0012662,2024-12,30226.99,185.64,0.0,30412.63
A0012662,2025-01,30412.63,162.04,0.0,30574.67
A0012662,2025-02,30574.67,163.36,0.0,30738.03
A0012662,2025-03,30738.03,166.74,0.0,30904.77
A0012662,2025-04,30904.77,162.45,0.0,31067.22
A0012662,2025-05,31067.22,172.72,0.0,31239.94
A0012662,2025-06,31239.94,167.47,0.0,31407.41
A0012662,2025-07,31407.41,165.47,0.0,31572.88
A0012662,2025-08,31572.88,167.69,0.0,31740.57
A0012662,2025-09,31740.57,157.63,0.0,31898.2
A0012662,2025-10,31898.2,170.6,0.0,32068.8
A0012662,2025-11,32068.8,167.32,0.0,32236.12
A0012662,2025-12,32236.12,160.08,0.0,32396.2
A0012662,2026-01,32396.2,155.93,0.0,32552.13
A0012662,2026-02,32552.13,162.64,0.0,32714.77
A0012662,2026-03,32714.77,177.01,0.0,32891.78
A0012662,2026-04,32891.78,168.87,0.0,33060.65
A0012662,2026-05,33060.65,168.18,0.0,33228.83
A0012662,2026-06,33228.83,156.61,0.0,33385.44
A0012662,2026-07,33385.44,160.63,0.0,33546.07
A0012662,2026-08,33546.07,167.88,0.0,33713.95
A0012662,2026-09,33713.95,170.63,0.0,33884.58
A0012662,2026-10,33884.58,164.93,0.0,34049.51
A0012662,2026-11,34049.51,170.09,0.0,34219.6
A0012662,2026-12,34219.6,171.08,0.0,34390.68
A0012668,2021-01,0.0,9662.03,0.0,9662.03
A0012668,2021-02,9662.03,0.0,292.67,9369.36
A0012668,2021-03,9369.36,204.56,0.0,9573.92
A0012668,2021-04,9573.92,13.5,316.4,9271.02
A0012668,2021-05,9271.02,0.0,0.0,9271.02
A0012668,2021-06,9271.02,253.53,0.0,9524.55
A0012668,2021-07,9524.55,187.33,0.0,9711.88
A0012668,2021-08,9711.88,372.68,429.23,9655.33
A0012668,2021-09,9655.33,28981.25,0.0,38636.58
A0012668,2021-10,38636.58,104.51,0.0,38741.09
A0012668,2021-11,38741.09,0.0,0.0,38741.09
A0012668,2021-12,38741.09,205.57,0.0,38946.66
A0012668,2022-01,38946.66,321.32,0.0,39267.98
A0012668,2022-02,39267.98,92129.18,66193.18,65203.98
A0012668,2022-03,65203.98,0.0,382.69,64821.29
A0012668,2022-04,64821.29,0.0,0.0,64821.29
A0012668,2022-05,64821.29,171.3,392.64,64599.95
A0012668,2022-06,64599.95,0.0,724.74,63875.21
A0012668,2022-07,63875.21,6264.18,54.73,70084.66
A0012668,2022-08,70084.66,603.33,0.0,70687.99
A0012668,2022-09,70687.99,0.0,156.1,70531.89
A0012668,2022-10,70531.89,0.0,14.05,70517.84
A0012668,2022-11,70517.84,0.0,6.67,70511.17
A0012668,2022-12,70511.17,0.0,0.0,70511.17
A0012668,2023-01,70511.17,507.4,0.0,71018.57
A0012668,2023-02,71018.57,385.48,158.66,71245.39
A0012668,2023-03,71245.39,158.42,0.0,71403.81
A0012668,2023-04,71403.81,928.06,0.0,72331.87
A0012668,2023-05,72331.87,62.68,0.0,72394.55
A0012668,2023-06,72394.55,139.1,53970.0,18563.65
A0012668,2023-07,18563.65,0.0,8730.08,9833.57
A0012668,2023-08,9833.57,0.0,195.06,9638.51
A0012668,2023-09,9638.51,238.78,0.0,9877.29
A0012668,2023-10,9877.29,0.0,0.0,9877.29
A0012668,2023-11,9877.29,240.85,527.02,9591.12
A0012668,2023-12,9591.12,865.12,36.54,10419.7
A0012668,2024-01,10419.7,0.0,0.0,10419.7
A0012668,2024-02,10419.7,1197.5,214.1,11403.1
A0012668,2024-03,11403.1,0.0,0.0,11403.1
A0012668,2024-04,11403.1,343.51,385.88,11360.73
A0012668,2024-05,11360.73,0.0,0.0,11360.73
A0012668,2024-06,11360.73,0.0,0.0,11360.73
A0012668,2024-07,11360.73,1930.47,359.18,12932.02
A0012668,2024-08,12932.02,803.08,958.57,12776.53
A0012668,2024-09,12776.53,176.68,192.46,12760.75
A0012668,2024-10,12760.75,668.15,0.0,13428.9
A0012668,2024-11,13428.9,1467.68,0.0,14896.58
A0012668,2024-12,14896.58,396.98,0.0,15293.56
A0012668,2025-01,15293.56,0.0,0.0,15293.56
A0012668,2025-02,15293.56,0.0,0.0,15293.56
A0012668,2025-03,15293.56,0.0,0.0,15293.56
A0012668,2025-04,15293.56,85.07,277.6,15101.03
A0012668,2025-05,15101.03,0.0,0.0,15101.03
A0012668,2025-06,15101.03,82.94,0.0,15183.97
A0012668,2025-07,15183.97,38.25,0.0,15222.22
A0012668,2025-08,15222.22,933.16,63.46,16091.92
A0012668,2025-09,16091.92,390.8,0.0,16482.72
A0012668,2025-10,16482.72,37902.38,0.0,54385.1
A0012668,2025-11,54385.1,0.0,17006.0,37379.1
A0012668,2025-12,37379.1,0.0,0.0,37379.1
A0012668,2026-01,37379.1,77.97,157.36,37299.71
A0012668,2026-02,37299.71,0.0,78.23,37221.48
A0012668,2026-03,37221.48,45.72,215.75,37051.45
A0012668,2026-04,37051.45,113.59,349.87,36815.17
A0012668,2026-05,36815.17,0.0,47.16,36768.01
A0012668,2026-06,36768.01,739.63,531.03,36976.61
A0012668,2026-07,36976.61,11611.45,397.22,48190.84
A0012668,2026-08,48190.84,0.0,0.0,48190.84
A0012668,2026-09,48190.84,1971.68,540.36,49622.16
A0012668,2026-10,49622.16,0.0,0.0,49622.16
A0012668,2026-11,49622.16,49.88,4893.9,44778.14
A0012668,2026-12,44778.14,789.4,1069.23,44498.31
A0012676,2021-12,0.0,48730.64,16683.25,32047.39
A0012676,2022-01,32047.39,7531.25,5866.1,33712.54
A0012676,2022-02,33712.54,2131.53,5400.76,30443.31
A0012676,2022-03,30443.31,33768.32,37838.43,26373.2
A0012676,2022-04,26373.2,25175.34,31602.48,19946.06
A0012676,2022-05,19946.06,23992.86,22173.27,21765.65
A0012676,2022-06,21765.65,7202.91,24402.48,4566.08
A0012676,2022-07,4566.08,3870.13,2241.28,6194.93
A0012676,2022-08,6194.93,3010.86,0.0,9205.79
A0012676,2022-09,9205.79,171279.06,32753.94,147730.91
A0012676,2022-10,147730.91,32358.94,26951.14,153138.71
A0012676,2022-11,153138.71,24338.38,6360.33,171116.76
A0012676,2022-12,171116.76,37870.72,9560.49,199426.99
A0012676,2023-01,199426.99,254557.32,67314.18,386670.13
A0012676,2023-02,386670.13,2552.16,7665.64,381556.65
A0012676,2023-03,381556.65,2667.04,26149.73,358073.96
A0012676,2023-04,358073.96,109463.05,30078.21,437458.8
A0012676,2023-05,437458.8,34773.27,11030.03,461202.04
A0012676,2023-06,461202.04,12037.22,29853.88,443385.38
A0012676,2023-07,443385.38,15576.95,182165.93,276796.4
A0012676,2023-08,276796.4,69523.48,22248.32,324071.56
A0012676,2023-09,324071.56,0.0,6820.17,317251.39
A0012676,2023-10,317251.39,47949.91,20456.09,344745.21
A0012676,2023-11,344745.21,0.0,106136.59,238608.62
A0012676,2023-12,238608.62,36091.92,37830.42,236870.12
A0012676,2024-01,236870.12,26758.77,85597.03,178031.86
A0012676,2024-02,178031.86,0.0,3453.94,174577.92
A0012676,2024-03,174577.92,30844.68,22438.75,182983.85
A0012676,2024-04,182983.85,13754.06,37815.2,158922.71
A0012676,2024-05,158922.71,37918.91,18978.51,177863.11
A0012676,2024-06,177863.11,684555.74,12271.77,850147.08
A0012676,2024-07,850147.08,46220.58,229591.64,666776.02
A0012676,2024-08,666776.02,27159.51,72354.57,621580.96
A0012676,2024-09,621580.96,93091.23,54921.17,659751.02
A0012676,2024-10,659751.02,6668.08,5739.68,660679.42
A0012676,2024-11,660679.42,52147.41,36183.13,676643.7
A0012676,2024-12,676643.7,70219.06,19190.3,727672.46
A0012676,2025-01,727672.46,6997.53,16647.23,718022.76
A0012676,2025-02,718022.76,34917.16,98257.77,654682.15
A0012676,2025-03,654682.15,39751.08,31003.32,663429.91
A0012676,2025-04,663429.91,81722.07,187376.38,557775.6
A0012676,2025-05,557775.6,52543.07,48788.78,561529.89
A0012676,2025-06,561529.89,8427.92,38974.54,530983.27
A0012676,2025-07,530983.27,106798.03,23810.62,613970.68
A0012676,2025-08,613970.68,94778.91,5800.15,702949.44
A0012676,2025-09,702949.44,22558.59,75979.52,649528.51
A0012676,2025-10,649528.51,26796.67,6995.67,669329.51
A0012676,2025-11,669329.51,23177.5,10020.16,682486.85
A0012676,2025-12,682486.85,6239.97,18196.52,670530.3
A0012676,2026-01,670530.3,33967.45,6928.79,697568.96
A0012676,2026-02,697568.96,84115.99,22317.31,759367.64
A0012676,2026-03,759367.64,0.0,13074.97,746292.67
A0012676,2026-04,746292.67,11463.31,29216.55,728539.43
A0012676,2026-05,728539.43,7208.47,26679.39,709068.51
A0012676,2026-06,709068.51,149559.79,24501.77,834126.53
A0012676,2026-07,834126.53,73412.4,16714.2,890824.73
A0012676,2026-08,890824.73,1337.37,42539.01,849623.09
A0012676,2026-09,849623.09,15623.08,31516.9,833729.27
A0012676,2026-10,833729.27,31901.13,6028.0,859602.4
A0012676,2026-11,859602.4,53226.97,12690.58,900138.79
A0012676,2026-12,900138.79,30813.19,32925.16,898026.82
A0012718,2021-12,0.0,151869.87,65249.59,86620.28
A0012718,2022-01,86620.28,95435.9,58786.14,123270.04
A0012718,2022-02,123270.04,29033.17,40589.14,111714.07
A0012718,2022-03,111714.07,70401.62,67075.25,115040.44
A0012718,2022-04,115040.44,23382.02,67814.67,70607.79
A0012718,2022-05,70607.79,47939.85,43398.47,75149.17
A0012718,2022-06,75149.17,39474.9,10714.87,103909.2
A0012718,2022-07,103909.2,90480.2,23069.75,171319.65
A0012718,2022-08,171319.65,25347.99,164353.25,32314.39
A0012718,2022-09,32314.39,136192.3,78795.29,89711.4
A0012718,2022-10,89711.4,29890.59,113298.69,6303.3
A0012718,2022-11,6303.3,240158.28,78274.74,168186.84
A0012718,2022-12,168186.84,26425.6,8886.82,185725.62
A0012718,2023-01,185725.62,21860.38,18186.43,189399.57
A0012718,2023-02,189399.57,136639.34,41733.36,284305.55
A0012718,2023-03,284305.55,24947.13,86027.65,223225.03
A0012718,2023-04,223225.03,89911.2,138127.38,175008.85
A0012718,2023-05,175008.85,46082.11,121697.52,99393.44
A0012718,2023-06,99393.44,65028.16,19095.32,145326.28
A0012718,2023-07,145326.28,103947.51,64156.07,185117.72
A0012718,2023-08,185117.72,10224.78,33338.34,162004.16
A0012718,2023-09,162004.16,61448.32,15907.19,207545.29
A0012718,2023-10,207545.29,25056.35,37211.35,195390.29
A0012718,2023-11,195390.29,50758.56,96634.9,149513.95
A0012718,2023-12,149513.95,45880.17,25879.65,169514.47
A0012718,2024-01,169514.47,0.0,11523.72,157990.75
A0012718,2024-02,157990.75,93487.61,121095.92,130382.44
A0012718,2024-03,130382.44,178645.01,108446.36,200581.09
A0012718,2024-04,200581.09,61187.55,69278.93,192489.71
A0012718,2024-05,192489.71,74729.57,16882.69,250336.59
A0012718,2024-06,250336.59,69612.1,10071.74,309876.95
A0012718,2024-07,309876.95,5534.27,85907.77,229503.45
A0012718,2024-08,229503.45,121479.43,103658.46,247324.42
A0012718,2024-09,247324.42,11984.61,136327.03,122982.0
A0012718,2024-10,122982.0,345242.24,106610.7,361613.54
A0012718,2024-11,361613.54,91345.32,117656.85,335302.01
A0012718,2024-12,335302.01,48645.47,56167.47,327780.01
A0012718,2025-01,327780.01,56148.59,6755.75,377172.85
A0012718,2025-02,377172.85,64831.21,41694.94,400309.12
A0012718,2025-03,400309.12,169950.65,40798.47,529461.3
A0012718,2025-04,529461.3,0.0,35653.42,493807.88
A0012718,2025-05,493807.88,0.0,44839.22,448968.66
A0012718,2025-06,448968.66,84254.38,84742.19,448480.85
A0012718,2025-07,448480.85,31393.14,65431.87,414442.12
A0012718,2025-08,414442.12,90120.18,95734.48,408827.82
A0012718,2025-09,408827.82,88251.3,37150.52,459928.6
A0012718,2025-10,459928.6,67250.14,54478.96,472699.78
A0012718,2025-11,472699.78,164956.61,113453.79,524202.6
A0012718,2025-12,524202.6,108500.0,168595.79,464106.81
A0012718,2026-01,464106.81,281967.81,63506.42,682568.2
A0012718,2026-02,682568.2,0.0,458557.96,224010.24
A0012718,2026-03,224010.24,78990.52,143357.21,159643.55
A0012718,2026-04,159643.55,96540.8,115175.61,141008.74
A0012718,2026-05,141008.74,181977.12,188140.44,134845.42
A0012718,2026-06,134845.42,103313.02,120498.33,117660.11
A0012718,2026-07,117660.11,84917.56,93987.84,108589.83
A0012718,2026-08,108589.83,0.0,48097.38,60492.45
A0012718,2026-09,60492.45,0.0,45123.44,15369.01
A0012718,2026-10,15369.01,95905.88,28992.06,82282.83
A0012718,2026-11,82282.83,43360.57,42954.03,82689.37
A0012718,2026-12,82689.37,823536.04,31065.56,875159.85
A0012786,2021-08,0.0,109472.94,36293.52,73179.42
A0012786,2021-09,73179.42,22030.7,39082.92,56127.2
A0012786,2021-10,56127.2,18345.67,31526.73,42946.14
A0012786,2021-11,42946.14,143615.68,28585.88,157975.94
A0012786,2021-12,157975.94,15534.36,11342.14,162168.16
A0012786,2022-01,162168.16,136296.94,29633.7,268831.4
A0012786,2022-02,268831.4,40303.02,74138.57,234995.85
A0012786,2022-03,234995.85,95112.86,87496.01,242612.7
A0012786,2022-04,242612.7,19106.3,217222.96,44496.04
A0012786,2022-05,44496.04,46917.89,14369.98,77043.95
A0012786,2022-06,77043.95,8428.45,1698.21,83774.19
A0012786,2022-07,83774.19,82757.07,111040.84,55490.42
A0012786,2022-08,55490.42,44999.32,17743.06,82746.68
A0012786,2022-09,82746.68,65875.62,37309.42,111312.88
A0012786,2022-10,111312.88,44196.04,130069.37,25439.55
A0012786,2022-11,25439.55,30002.28,3432.92,52008.91
A0012786,2022-12,52008.91,57789.6,24306.89,85491.62
A0012786,2023-01,85491.62,31114.49,15488.62,101117.49
A0012786,2023-02,101117.49,56141.93,81243.02,76016.4
A0012786,2023-03,76016.4,279353.34,55688.98,299680.76
A0012786,2023-04,299680.76,93334.77,41591.34,351424.19
A0012786,2023-05,351424.19,48425.84,232681.52,167168.51
A0012786,2023-06,167168.51,18953.48,55899.86,130222.13
A0012786,2023-07,130222.13,38056.2,26874.03,141404.3
A0012786,2023-08,141404.3,29001.33,66781.64,103623.99
A0012786,2023-09,103623.99,16782.9,33553.83,86853.06
A0012786,2023-10,86853.06,74756.11,70480.63,91128.54
A0012786,2023-11,91128.54,0.0,22822.79,68305.75
A0012786,2023-12,68305.75,69557.89,53802.67,84060.97
A0012786,2024-01,84060.97,101642.57,73754.15,111949.39
A0012786,2024-02,111949.39,277287.8,66386.46,322850.73
A0012786,2024-03,322850.73,36479.77,109726.64,249603.86
A0012786,2024-04,249603.86,7495.55,54033.64,203065.77
A0012786,2024-05,203065.77,41699.33,26823.83,217941.27
A0012786,2024-06,217941.27,62186.82,15242.8,264885.29
A0012786,2024-07,264885.29,118139.37,122598.97,260425.69
A0012786,2024-08,260425.69,56002.29,139650.39,176777.59
A0012786,2024-09,176777.59,60674.59,33015.54,204436.64
A0012786,2024-10,204436.64,8799.76,146363.78,66872.62
A0012786,2024-11,66872.62,76861.1,42366.09,101367.63
A0012786,2024-12,101367.63,86265.03,64953.85,122678.81
A0012786,2025-01,122678.81,20101.73,44816.17,97964.37
A0012786,2025-02,97964.37,255866.71,222331.81,131499.27
A0012786,2025-03,131499.27,31915.54,37342.87,126071.94
A0012786,2025-04,126071.94,23732.55,29271.88,120532.61
A0012786,2025-05,120532.61,93145.1,31698.01,181979.7
A0012786,2025-06,181979.7,75746.83,150960.24,106766.29
A0012786,2025-07,106766.29,156639.08,74696.88,188708.49
A0012786,2025-08,188708.49,12169.49,44859.06,156018.92
A0012786,2025-09,156018.92,28729.69,48171.24,136577.37
A0012786,2025-10,136577.37,79876.9,35862.23,180592.04
A0012786,2025-11,180592.04,8607.62,116782.6,72417.06
A0012786,2025-12,72417.06,14315.39,38328.24,48404.21
A0012786,2026-01,48404.21,609667.69,87955.64,570116.26
A0012786,2026-02,570116.26,355688.17,246115.18,679689.25
A0012786,2026-03,679689.25,27108.41,291026.29,415771.37
A0012786,2026-04,415771.37,21785.09,46517.17,391039.29
A0012786,2026-05,391039.29,38270.58,73015.11,356294.76
A0012786,2026-06,356294.76,355973.76,33146.71,679121.81
A0012786,2026-07,679121.81,34451.11,71400.48,642172.44
A0012786,2026-08,642172.44,41217.69,25205.85,658184.28
A0012786,2026-09,658184.28,39512.51,47271.19,650425.6
A0012786,2026-10,650425.6,20126.2,250014.6,420537.2
A0012786,2026-11,420537.2,222389.24,86562.5,556363.94
A0012786,2026-12,556363.94,28302.98,6163.52,578503.4
A0012826,2021-06,0.0,61086.53,4349.89,56736.64
A0012826,2021-07,56736.64,57940.76,62084.13,52593.27
A0012826,2021-08,52593.27,28999.95,59844.67,21748.55
A0012826,2021-09,21748.55,10553.88,3692.78,28609.65
A0012826,2021-10,28609.65,23844.52,22927.34,29526.83
A0012826,2021-11,29526.83,33645.47,24850.03,38322.27
A0012826,2021-12,38322.27,17712.33,40042.06,15992.54
A0012826,2022-01,15992.54,3469.1,19113.57,348.07
A0012826,2022-02,348.07,22985.8,14129.32,9204.55
A0012826,2022-03,9204.55,54410.21,29011.2,34603.56
A0012826,2022-04,34603.56,40843.56,26526.54,48920.58
A0012826,2022-05,48920.58,10981.62,4578.27,55323.93
A0012826,2022-06,55323.93,92591.48,62106.0,85809.41
A0012826,2022-07,85809.41,41980.96,42392.57,85397.8
A0012826,2022-08,85397.8,84230.95,47958.82,121669.93
A0012826,2022-09,121669.93,5759.08,5760.81,121668.2
A0012826,2022-10,121668.2,107477.5,35885.1,193260.6
A0012826,2022-11,193260.6,68673.3,59635.91,202297.99
A0012826,2022-12,202297.99,53915.46,76441.61,179771.84
A0012826,2023-01,179771.84,36558.74,91078.83,125251.75
A0012826,2023-02,125251.75,95713.0,34783.16,186181.59
A0012826,2023-03,186181.59,46392.04,55568.36,177005.27
A0012826,2023-04,177005.27,3420.66,19605.61,160820.32
A0012826,2023-05,160820.32,25353.63,3490.25,182683.7
A0012826,2023-06,182683.7,94104.42,55798.56,220989.56
A0012826,2023-07,220989.56,56317.28,191251.49,86055.35
A0012826,2023-08,86055.35,124329.57,4723.54,205661.38
A0012826,2023-09,205661.38,48978.18,38961.48,215678.08
A0012826,2023-10,215678.08,33190.72,38357.08,210511.72
A0012826,2023-11,210511.72,5812.56,49270.77,167053.51
A0012826,2023-12,167053.51,17256.19,70105.42,114204.28
A0012826,2024-01,114204.28,37403.08,48416.58,103190.78
A0012826,2024-02,103190.78,47151.61,2170.27,148172.12
A0012826,2024-03,148172.12,101049.96,30730.03,218492.05
A0012826,2024-04,218492.05,25591.53,33771.2,210312.38
A0012826,2024-05,210312.38,44440.86,18183.56,236569.68
A0012826,2024-06,236569.68,78279.22,70912.71,243936.19
A0012826,2024-07,243936.19,52641.69,35808.78,260769.1
A0012826,2024-08,260769.1,159023.62,226190.94,193601.78
A0012826,2024-09,193601.78,46857.69,73732.22,166727.25
A0012826,2024-10,166727.25,30685.22,77650.83,119761.64
A0012826,2024-11,119761.64,125371.02,67389.79,177742.87
A0012826,2024-12,177742.87,105710.16,34296.62,249156.41
A0012826,2025-01,249156.41,24241.93,29430.75,243967.59
A0012826,2025-02,243967.59,2516.6,16785.56,229698.63
A0012826,2025-03,229698.63,36384.84,26298.31,239785.16
A0012826,2025-04,239785.16,0.0,33916.19,205868.97
A0012826,2025-05,205868.97,77563.95,14552.73,268880.19
A0012826,2025-06,268880.19,55786.41,44553.6,280113.0
A0012826,2025-07,280113.0,108889.75,47686.14,341316.61
A0012826,2025-08,341316.61,38571.3,101890.02,277997.89
A0012826,2025-09,277997.89,73548.04,284965.54,66580.39
A0012826,2025-10,66580.39,104862.95,64310.22,107133.12
A0012826,2025-11,107133.12,44929.55,130386.94,21675.73
A0012826,2025-12,21675.73,37665.82,56275.88,3065.67
A0012826,2026-01,3065.67,31789.06,33525.55,1329.18
A0012826,2026-02,1329.18,79623.59,23194.44,57758.33
A0012826,2026-03,57758.33,4143.63,9058.0,52843.96
A0012826,2026-04,52843.96,108459.76,16610.22,144693.5
A0012826,2026-05,144693.5,59278.13,65113.3,138858.33
A0012826,2026-06,138858.33,11872.23,21293.83,129436.73
A0012826,2026-07,129436.73,84776.85,128944.41,85269.17
A0012826,2026-08,85269.17,32827.02,24303.53,93792.66
A0012826,2026-09,93792.66,51710.16,61745.38,83757.44
A0012826,2026-10,83757.44,100119.57,63195.13,120681.88
A0012826,2026-11,120681.88,41752.25,15698.02,146736.11
A0012826,2026-12,146736.11,481850.6,118248.77,510337.94
A0012880,2021-04,0.0,529.37,0.0,529.37
A0012880,2021-05,529.37,535.61,225.15,839.83
A0012880,2021-06,839.83,177.21,0.0,1017.04
A0012880,2021-07,1017.04,171.53,0.0,1188.57
A0012880,2021-08,1188.57,514.03,643.0,1059.6
A0012880,2021-09,1059.6,560.03,165.39,1454.24
A0012880,2021-10,1454.24,320.65,0.0,1774.89
A0012880,2021-11,1774.89,0.0,0.0,1774.89
A0012880,2021-12,1774.89,0.0,43.34,1731.55
A0012880,2022-01,1731.55,0.0,945.45,786.1
A0012880,2022-02,786.1,0.0,0.0,786.1
A0012880,2022-03,786.1,0.0,310.93,475.17
A0012880,2022-04,475.17,84.84,0.0,560.01
A0012880,2022-05,560.01,413.72,118.7,855.03
A0012880,2022-06,855.03,314.66,95.55,1074.14
A0012880,2022-07,1074.14,0.0,0.0,1074.14
A0012880,2022-08,1074.14,154.25,121.65,1106.74
A0012880,2022-09,1106.74,304.77,0.0,1411.51
A0012880,2022-10,1411.51,1305.0,0.0,2716.51
A0012880,2022-11,2716.51,517.94,0.0,3234.45
A0012880,2022-12,3234.45,451.78,0.0,3686.23
A0012880,2023-01,3686.23,0.0,1048.33,2637.9
A0012880,2023-02,2637.9,561.16,91.17,3107.89
A0012880,2023-03,3107.89,794.73,1769.76,2132.86
A0012880,2023-04,2132.86,0.0,0.0,2132.86
A0012880,2023-05,2132.86,521.48,174.6,2479.74
A0012880,2023-06,2479.74,253.88,168.85,2564.77
A0012880,2023-07,2564.77,469.5,59.72,2974.55
A0012880,2023-08,2974.55,0.0,0.0,2974.55
A0012880,2023-09,2974.55,729.8,169.43,3534.92
A0012880,2023-10,3534.92,13642.37,1024.94,16152.35
A0012880,2023-11,16152.35,122.63,0.0,16274.98
A0012880,2023-12,16274.98,0.0,0.0,16274.98
A0012880,2024-01,16274.98,0.0,226.06,16048.92
A0012880,2024-02,16048.92,0.0,0.0,16048.92
A0012880,2024-03,16048.92,0.0,157.41,15891.51
A0012880,2024-04,15891.51,502.38,896.45,15497.44
A0012880,2024-05,15497.44,0.0,0.0,15497.44
A0012880,2024-06,15497.44,0.0,1642.08,13855.36
A0012880,2024-07,13855.36,0.0,0.0,13855.36
A0012880,2024-08,13855.36,0.0,0.0,13855.36
A0012880,2024-09,13855.36,1482.99,197.42,15140.93
A0012880,2024-10,15140.93,14440.87,1800.38,27781.42
A0012880,2024-11,27781.42,0.0,0.0,27781.42
A0012880,2024-12,27781.42,14781.59,288.16,42274.85
A0012880,2025-01,42274.85,1446.9,0.0,43721.75
A0012880,2025-02,43721.75,0.0,0.0,43721.75
A0012880,2025-03,43721.75,0.0,229.38,43492.37
A0012880,2025-04,43492.37,0.0,0.0,43492.37
A0012880,2025-05,43492.37,576.32,235.05,43833.64
A0012880,2025-06,43833.64,199.06,0.0,44032.7
A0012880,2025-07,44032.7,233.31,1034.85,43231.16
A0012880,2025-08,43231.16,145.55,421.29,42955.42
A0012880,2025-09,42955.42,194.4,0.0,43149.82
A0012880,2025-10,43149.82,0.0,0.0,43149.82
A0012880,2025-11,43149.82,61.76,190.25,43021.33
A0012880,2025-12,43021.33,670.79,0.0,43692.12
A0012880,2026-01,43692.12,156.64,41053.46,2795.3
A0012880,2026-02,2795.3,0.0,0.0,2795.3
A0012880,2026-03,2795.3,385.77,679.79,2501.28
A0012880,2026-04,2501.28,349.87,0.0,2851.15
A0012880,2026-05,2851.15,0.0,2462.85,388.3
A0012880,2026-06,388.3,0.0,236.72,151.58
A0012880,2026-07,151.58,0.0,51.27,100.31
A0012880,2026-08,100.31,731.37,0.0,831.68
A0012880,2026-09,831.68,410.6,87.92,1154.36
A0012880,2026-10,1154.36,683.63,771.98,1066.01
A0012880,2026-11,1066.01,3284.6,98.18,4252.43
A0012880,2026-12,4252.43,154.18,1652.14,2754.47
A0012894,2021-12,0.0,14594.62,8539.9,6054.72
A0012894,2022-01,6054.72,81531.2,12949.05,74636.87
A0012894,2022-02,74636.87,39754.66,85827.0,28564.53
A0012894,2022-03,28564.53,75100.44,11604.86,92060.11
A0012894,2022-04,92060.11,59216.93,14841.74,136435.3
A0012894,2022-05,136435.3,62197.7,99945.22,98687.78
A0012894,2022-06,98687.78,23609.23,115332.77,6964.24
A0012894,2022-07,6964.24,171482.84,82291.77,96155.31
A0012894,2022-08,96155.31,23736.87,13596.91,106295.27
A0012894,2022-09,106295.27,173862.62,88492.77,191665.12
A0012894,2022-10,191665.12,33555.59,20752.86,204467.85
A0012894,2022-11,204467.85,47691.94,87493.85,164665.94
A0012894,2022-12,164665.94,88165.26,199754.86,53076.34
A0012894,2023-01,53076.34,137833.85,108063.55,82846.64
A0012894,2023-02,82846.64,17941.34,100543.45,244.53
A0012894,2023-03,244.53,25627.2,25832.21,39.52
A0012894,2023-04,39.52,2281.58,581.45,1739.65
A0012894,2023-05,1739.65,38712.88,38503.29,1949.24
A0012894,2023-06,1949.24,24494.42,9432.59,17011.07
A0012894,2023-07,17011.07,11052.82,11604.61,16459.28
A0012894,2023-08,16459.28,57755.64,17775.91,56439.01
A0012894,2023-09,56439.01,81011.16,42657.63,94792.54
A0012894,2023-10,94792.54,73345.72,45103.31,123034.95
A0012894,2023-11,123034.95,11979.43,88340.42,46673.96
A0012894,2023-12,46673.96,5361.38,51268.03,767.31
A0012894,2024-01,767.31,45278.12,37204.58,8840.85
A0012894,2024-02,8840.85,8706.66,15887.39,1660.12
A0012894,2024-03,1660.12,148076.75,32184.87,117552.0
A0012894,2024-04,117552.0,62189.99,32553.97,147188.02
A0012894,2024-05,147188.02,11957.37,98138.74,61006.65
A0012894,2024-06,61006.65,43042.32,23163.9,80885.07
A0012894,2024-07,80885.07,52465.18,86763.79,46586.46
A0012894,2024-08,46586.46,12988.58,42151.58,17423.46
A0012894,2024-09,17423.46,27953.39,28725.8,16651.05
A0012894,2024-10,16651.05,25703.52,31055.13,11299.44
A0012894,2024-11,11299.44,22288.88,27725.97,5862.35
A0012894,2024-12,5862.35,39168.99,9906.93,35124.41
A0012894,2025-01,35124.41,1826.51,31897.45,5053.47
A0012897,2021-02,0.0,143183.1,22911.27,120271.83
A0012897,2021-03,120271.83,60488.19,73639.72,107120.3
A0012897,2021-04,107120.3,43283.76,77944.92,72459.14
A0012897,2021-05,72459.14,54980.47,79013.45,48426.16
A0012897,2021-06,48426.16,35582.0,49243.02,34765.14
A0012897,2021-07,34765.14,23219.61,30929.28,27055.47
A0012897,2021-08,27055.47,28137.51,27245.02,27947.96
A0012897,2021-09,27947.96,53500.03,32884.82,48563.17
A0012897,2021-10,48563.17,43740.46,67764.69,24538.94
A0012897,2021-11,24538.94,119992.91,117482.2,27049.65
A0012897,2021-12,27049.65,137660.21,31726.09,132983.77
A0012897,2022-01,132983.77,117224.84,93604.43,156604.18
A0012897,2022-02,156604.18,11571.14,57688.09,110487.23
A0012897,2022-03,110487.23,161370.56,58659.64,213198.15
A0012897,2022-04,213198.15,78473.42,87182.5,204489.07
A0012897,2022-05,204489.07,64143.48,24604.68,244027.87
A0012897,2022-06,244027.87,2767.6,69421.06,177374.41
A0012897,2022-07,177374.41,120222.54,16575.76,281021.19
A0012897,2022-08,281021.19,15951.02,28419.42,268552.79
A0012897,2022-09,268552.79,82133.22,100711.62,249974.39
A0012897,2022-10,249974.39,65381.36,34522.34,280833.41
A0012897,2022-11,280833.41,21060.11,41585.83,260307.69
A0012897,2022-12,260307.69,64405.07,63885.73,260827.03
A0012897,2023-01,260827.03,35095.33,46979.21,248943.15
A0012897,2023-02,248943.15,38069.92,9068.21,277944.86
A0012897,2023-03,277944.86,58698.55,33369.88,303273.53
A0012897,2023-04,303273.53,32306.82,20526.35,315054.0
A0012897,2023-05,315054.0,10019.97,37662.04,287411.93
A0012897,2023-06,287411.93,77954.37,362598.38,2767.92
A0012897,2023-07,2767.92,65273.09,41681.94,26359.07
A0012897,2023-08,26359.07,26890.53,30209.36,23040.24
A0012897,2023-09,23040.24,674.57,21728.2,1986.61
A0012897,2023-10,1986.61,19903.4,9652.37,12237.64
A0012897,2023-11,12237.64,33861.56,37151.61,8947.59
A0012897,2023-12,8947.59,56436.23,54858.52,10525.3
A0012897,2024-01,10525.3,24827.81,16401.66,18951.45
A0012897,2024-02,18951.45,15052.14,16379.62,17623.97
A0012897,2024-03,17623.97,110720.71,58927.42,69417.26
A0012897,2024-04,69417.26,74110.84,58510.25,85017.85
A0012897,2024-05,85017.85,32616.88,58609.79,59024.94
A0012897,2024-06,59024.94,141394.49,81239.78,119179.65
A0012897,2024-07,119179.65,69214.39,50264.15,138129.89
A0012897,2024-08,138129.89,6676172.77,21325.56,6792977.1
A0012897,2024-09,6792977.1,78646.45,1003042.44,5868581.11
A0012897,2024-10,5868581.11,64940.12,201692.85,5731828.38
A0012897,2024-11,5731828.38,29216.11,103497.36,5657547.13
A0012897,2024-12,5657547.13,42119.29,212437.49,5487228.93
A0012897,2025-01,5487228.93,9298.99,134336.06,5362191.86
A0012897,2025-02,5362191.86,66153.21,136213.99,5292131.08
A0012897,2025-03,5292131.08,76123.68,151701.78,5216552.98
A0012897,2025-04,5216552.98,73179.4,172792.28,5116940.1
A0012897,2025-05,5116940.1,41042.01,196617.62,4961364.49
A0012897,2025-06,4961364.49,99107.04,102990.12,4957481.41
A0012897,2025-07,4957481.41,23044.2,95428.13,4885097.48
A0012897,2025-08,4885097.48,112168.77,82330.13,4914936.12
A0012897,2025-09,4914936.12,24254.86,34103.5,4905087.48
A0012897,2025-10,4905087.48,43356.55,143723.66,4804720.37
A0012897,2025-11,4804720.37,136788.4,141135.23,4800373.54
A0012897,2025-12,4800373.54,3994.46,81851.19,4722516.81
A0012897,2026-01,4722516.81,28357.2,131428.02,4619445.99
A0012897,2026-02,4619445.99,178961.42,270577.43,4527829.98
A0012897,2026-03,4527829.98,66206.99,87360.2,4506676.77
A0012897,2026-04,4506676.77,41906.82,148023.94,4400559.65
A0012897,2026-05,4400559.65,62175.26,190794.9,4271940.01
A0012897,2026-06,4271940.01,88451.08,571996.51,3788394.58
A0012897,2026-07,3788394.58,50317.98,79970.53,3758742.03
A0012897,2026-08,3758742.03,154816.27,179733.14,3733825.16
A0012897,2026-09,3733825.16,33232.43,105446.43,3661611.16
A0012897,2026-10,3661611.16,71818.85,30193.29,3703236.72
A0012897,2026-11,3703236.72,401780.6,125708.77,3979308.55
A0012897,2026-12,3979308.55,387229.43,130034.67,4236503.31
A0012909,2021-02,0.0,548320.13,0.0,548320.13
A0012909,2021-03,548320.13,2491.68,0.0,550811.81
A0012909,2021-04,550811.81,2525.46,0.0,553337.27
A0012909,2021-05,553337.27,2778.39,0.0,556115.66
A0012909,2021-06,556115.66,2589.94,0.0,558705.6
A0012909,2021-07,558705.6,2744.67,0.0,561450.27
A0012909,2021-08,561450.27,2588.23,0.0,564038.5
A0012909,2021-09,564038.5,2380.11,0.0,566418.61
A0012909,2021-10,566418.61,2454.01,0.0,568872.62
A0012909,2021-11,568872.62,2663.42,0.0,571536.04
A0012909,2021-12,571536.04,2564.76,0.0,574100.8
A0012909,2022-01,574100.8,3391.44,0.0,577492.24
A0012909,2022-02,577492.24,3729.5,0.0,581221.74
A0012909,2022-03,581221.74,3285.91,0.0,584507.65
A0012909,2022-04,584507.65,3483.26,0.0,587990.91
A0012909,2022-05,587990.91,3514.89,0.0,591505.8
A0012909,2022-06,591505.8,3343.4,0.0,594849.2
A0012909,2022-07,594849.2,3260.81,0.0,598110.01
A0012909,2022-08,598110.01,3592.25,0.0,601702.26
A0012909,2022-09,601702.26,3593.96,0.0,605296.22
A0012909,2022-10,605296.22,3167.87,0.0,608464.09
A0012909,2022-11,608464.09,3863.66,0.0,612327.75
A0012909,2022-12,612327.75,3829.34,0.0,616157.09
A0012909,2023-01,616157.09,4634.36,0.0,620791.45
A0012909,2023-02,620791.45,4362.01,0.0,625153.46
A0012909,2023-03,625153.46,4701.94,0.0,629855.4
A0012909,2023-04,629855.4,5168.56,0.0,635023.96
A0012909,2023-05,635023.96,4928.96,0.0,639952.92
A0012909,2023-06,639952.92,5049.47,0.0,645002.39
A0012909,2023-07,645002.39,4988.47,0.0,649990.86
A0012909,2023-08,649990.86,4636.86,0.0,654627.72
A0012909,2023-09,654627.72,4724.78,0.0,659352.5
A0012909,2023-10,659352.5,4717.51,0.0,664070.01
A0012909,2023-11,664070.01,4764.94,0.0,668834.95
A0012909,2023-12,668834.95,4912.02,0.0,673746.97
A0012909,2024-01,673746.97,4186.19,0.0,677933.16
A0012909,2024-02,677933.16,3989.69,0.0,681922.85
A0012909,2024-03,681922.85,4190.53,0.0,686113.38
A0012909,2024-04,686113.38,4498.76,0.0,690612.14
A0012909,2024-05,690612.14,4340.12,0.0,694952.26
A0012909,2024-06,694952.26,4221.06,0.0,699173.32
A0012909,2024-07,699173.32,4455.76,0.0,703629.08
A0012909,2024-08,703629.08,4197.71,0.0,707826.79
A0012909,2024-09,707826.79,4251.83,0.0,712078.62
A0012909,2024-10,712078.62,4531.29,0.0,716609.91
A0012909,2024-11,716609.91,4597.27,0.0,721207.18
A0012909,2024-12,721207.18,4451.85,0.0,725659.03
A0012909,2025-01,725659.03,3988.91,0.0,729647.94
A0012909,2025-02,729647.94,4104.55,0.0,733752.49
A0012909,2025-03,733752.49,3815.38,0.0,737567.87
A0012909,2025-04,737567.87,3849.14,0.0,741417.01
A0012909,2025-05,741417.01,4179.32,0.0,745596.33
A0012909,2025-06,745596.33,3949.61,0.0,749545.94
A0012909,2025-07,749545.94,3851.76,0.0,753397.7
A0012909,2025-08,753397.7,3890.81,0.0,757288.51
A0012909,2025-09,757288.51,4012.07,0.0,761300.58
A0012909,2025-10,761300.58,3861.12,0.0,765161.7
A0012909,2025-11,765161.7,3967.21,0.0,769128.91
A0012909,2025-12,769128.91,4229.61,0.0,773358.52
A0012909,2026-01,773358.52,4187.55,0.0,777546.07
A0012909,2026-02,777546.07,3713.55,0.0,781259.62
A0012909,2026-03,781259.62,3899.59,0.0,785159.21
A0012909,2026-04,785159.21,3774.94,0.0,788934.15
A0012909,2026-05,788934.15,4165.43,0.0,793099.58
A0012909,2026-06,793099.58,4165.03,0.0,797264.61
A0012909,2026-07,797264.61,4004.19,0.0,801268.8
A0012909,2026-08,801268.8,4085.5,0.0,805354.3
A0012909,2026-09,805354.3,4078.66,0.0,809432.96
A0012909,2026-10,809432.96,4249.71,0.0,813682.67
A0012909,2026-11,813682.67,3941.61,0.0,817624.28
A0012909,2026-12,817624.28,3973.19,0.0,821597.47
A0012929,2021-09,0.0,216701.48,26955.56,189745.92
A0012929,2021-10,189745.92,45717.27,33789.56,201673.63
A0012929,2021-11,201673.63,67866.25,20570.7,248969.18
A0012929,2021-12,248969.18,63421.3,14207.93,298182.55
A0012929,2022-01,298182.55,42741.31,6226.18,334697.68
A0012929,2022-02,334697.68,29765.18,35112.03,329350.83
A0012929,2022-03,329350.83,106242.09,43022.75,392570.17
A0012929,2022-04,392570.17,110006.57,44754.33,457822.41
A0012929,2022-05,457822.41,331705.05,186149.09,603378.37
A0012929,2022-06,603378.37,55631.36,9515.4,649494.33
A0012929,2022-07,649494.33,68656.61,31395.11,686755.83
A0012929,2022-08,686755.83,36356.29,92913.26,630198.86
A0012929,2022-09,630198.86,38936.2,37101.25,632033.81
A0012929,2022-10,632033.81,58504.79,40060.59,650478.01
A0012929,2022-11,650478.01,511307.86,14468.01,1147317.86
A0012929,2022-12,1147317.86,139535.47,97248.57,1189604.76
A0012929,2023-01,1189604.76,74516.85,75213.63,1188907.98
A0012929,2023-02,1188907.98,222778.32,40327.79,1371358.51
A0012929,2023-03,1371358.51,71088.9,78416.28,1364031.13
A0012929,2023-04,1364031.13,53215.82,48362.5,1368884.45
A0012929,2023-05,1368884.45,51018.84,18938.33,1400964.96
A0012929,2023-06,1400964.96,51965.9,9691.21,1443239.65
A0012929,2023-07,1443239.65,53490.93,22325.27,1474405.31
A0012929,2023-08,1474405.31,50800.44,31274.49,1493931.26
A0012929,2023-09,1493931.26,57884.37,37878.51,1513937.12
A0012929,2023-10,1513937.12,105166.47,43974.05,1575129.54
A0012929,2023-11,1575129.54,69995.31,134843.72,1510281.13
A0012929,2023-12,1510281.13,56896.3,326465.01,1240712.42
A0012929,2024-01,1240712.42,105378.77,36765.13,1309326.06
A0012929,2024-02,1309326.06,82939.47,287576.18,1104689.35
A0012929,2024-03,1104689.35,130518.74,21604.33,1213603.76
A0012929,2024-04,1213603.76,71416.03,260862.19,1024157.6
A0012929,2024-05,1024157.6,131999.73,35277.82,1120879.51
A0012929,2024-06,1120879.51,0.0,37386.59,1083492.92
A0012929,2024-07,1083492.92,80208.15,59251.38,1104449.69
A0012929,2024-08,1104449.69,104079.11,103958.83,1104569.97
A0012929,2024-09,1104569.97,82019.41,66768.94,1119820.44
A0012929,2024-10,1119820.44,57416.28,53634.38,1123602.34
A0012929,2024-11,1123602.34,55438.58,32862.79,1146178.13
A0012929,2024-12,1146178.13,68451.36,42903.71,1171725.78
A0012929,2025-01,1171725.78,10865.09,42950.49,1139640.38
A0012929,2025-02,1139640.38,67446.44,25891.65,1181195.17
A0012929,2025-03,1181195.17,100465.2,133203.82,1148456.55
A0012929,2025-04,1148456.55,81617.73,57549.55,1172524.73
A0012929,2025-05,1172524.73,69458.73,57769.38,1184214.08
A0012929,2025-06,1184214.08,151209.49,39318.67,1296104.9
A0012929,2025-07,1296104.9,122501.05,137480.47,1281125.48
A0012929,2025-08,1281125.48,105217.33,53931.6,1332411.21
A0012929,2025-09,1332411.21,179746.23,69804.95,1442352.49
A0012929,2025-10,1442352.49,60560.31,80184.03,1422728.77
A0012929,2025-11,1422728.77,56623.15,74160.5,1405191.42
A0012929,2025-12,1405191.42,53243.84,739305.54,719129.72
A0012929,2026-01,719129.72,93705.59,85086.12,727749.19
A0012929,2026-02,727749.19,96497.44,142019.34,682227.29
A0012929,2026-03,682227.29,143415.51,247615.57,578027.23
A0012929,2026-04,578027.23,70082.63,8260.5,639849.36
A0012929,2026-05,639849.36,138848.41,76640.6,702057.17
A0012929,2026-06,702057.17,119125.7,24859.19,796323.68
A0012929,2026-07,796323.68,78797.05,133396.69,741724.04
A0012929,2026-08,741724.04,109607.0,45699.37,805631.67
A0012929,2026-09,805631.67,60858.7,9490.51,856999.86
A0012929,2026-10,856999.86,30090.94,97064.89,790025.91
A0012929,2026-11,790025.91,64303.29,52047.62,802281.58
A0012929,2026-12,802281.58,72268.66,164822.84,709727.4
A0012930,2021-03,0.0,77394.27,21412.09,55982.18
A0012930,2021-04,55982.18,118343.71,32379.11,141946.78
A0012930,2021-05,141946.78,307931.45,262463.49,187414.74
A0012930,2021-06,187414.74,74752.71,10807.95,251359.5
A0012930,2021-07,251359.5,44327.56,67091.47,228595.59
A0012930,2021-08,228595.59,131176.93,65275.75,294496.77
A0012930,2021-09,294496.77,52959.49,191192.2,156264.06
A0013089,2021-06,0.0,5132.99,419.15,4713.84
A0013089,2021-07,4713.84,137.36,830.07,4021.13
A0013089,2021-08,4021.13,62.38,419.15,3664.36
A0013089,2021-09,3664.36,287.75,0.0,3952.11
A0013089,2021-10,3952.11,451.47,622.71,3780.87
A0013089,2021-11,3780.87,0.0,442.97,3337.9
A0013089,2021-12,3337.9,0.0,279.5,3058.4
A0013089,2022-01,3058.4,397.02,30.94,3424.48
A0013089,2022-02,3424.48,613.86,1521.85,2516.49
A0013089,2022-03,2516.49,0.0,0.0,2516.49
A0013089,2022-04,2516.49,348.77,0.0,2865.26
A0013089,2022-05,2865.26,220.98,0.0,3086.24
A0013089,2022-06,3086.24,432.23,0.0,3518.47
A0013089,2022-07,3518.47,143.26,2903.06,758.67
A0013089,2022-08,758.67,1175.77,1389.31,545.13
A0013089,2022-09,545.13,713.94,0.0,1259.07
A0013089,2022-10,1259.07,827.47,578.49,1508.05
A0013089,2022-11,1508.05,0.0,0.0,1508.05
A0013089,2022-12,1508.05,865.83,215.33,2158.55
A0013089,2023-01,2158.55,1292.73,0.0,3451.28
A0013089,2023-02,3451.28,0.0,0.0,3451.28
A0013089,2023-03,3451.28,1068.64,100.89,4419.03
A0013089,2023-04,4419.03,0.0,117.12,4301.91
A0013089,2023-05,4301.91,210.29,18.16,4494.04
A0013089,2023-06,4494.04,403.28,0.0,4897.32
A0013089,2023-07,4897.32,857.22,0.0,5754.54
A0013089,2023-08,5754.54,159.47,0.0,5914.01
A0013089,2023-09,5914.01,0.0,0.0,5914.01
A0013089,2023-10,5914.01,0.0,0.0,5914.01
A0013089,2023-11,5914.01,0.0,0.0,5914.01
A0013089,2023-12,5914.01,821.16,1059.91,5675.26
A0013089,2024-01,5675.26,0.0,474.3,5200.96
A0013089,2024-02,5200.96,0.0,0.0,5200.96
A0013089,2024-03,5200.96,2185.66,0.0,7386.62
A0013089,2024-04,7386.62,0.0,184.98,7201.64
A0013089,2024-05,7201.64,3668.94,0.0,10870.58
A0013089,2024-06,10870.58,0.0,0.0,10870.58
A0013089,2024-07,10870.58,8133.5,3878.77,15125.31
A0013089,2024-08,15125.31,0.0,0.0,15125.31
A0013089,2024-09,15125.31,938.53,134.95,15928.89
A0013089,2024-10,15928.89,0.0,0.0,15928.89
A0013089,2024-11,15928.89,996.33,0.0,16925.22
A0013089,2024-12,16925.22,1424.02,222.27,18126.97
A0013089,2025-01,18126.97,0.0,0.0,18126.97
A0013089,2025-02,18126.97,704.61,1584.38,17247.2
A0013089,2025-03,17247.2,423.77,790.08,16880.89
A0013089,2025-04,16880.89,1678.41,473.0,18086.3
A0013089,2025-05,18086.3,955.74,837.19,18204.85
A0013089,2025-06,18204.85,28.35,0.0,18233.2
A0013089,2025-07,18233.2,190.4,0.0,18423.6
A0013089,2025-08,18423.6,346.98,1011.72,17758.86
A0013089,2025-09,17758.86,0.0,0.0,17758.86
A0013089,2025-10,17758.86,0.0,11346.83,6412.03
A0013089,2025-11,6412.03,646.7,0.0,7058.73
A0013089,2025-12,7058.73,1716.25,240.53,8534.45
A0013089,2026-01,8534.45,0.0,6663.0,1871.45
A0013089,2026-02,1871.45,302.38,0.0,2173.83
A0013089,2026-03,2173.83,172.87,0.0,2346.7
A0013089,2026-04,2346.7,0.0,0.0,2346.7
A0013089,2026-05,2346.7,0.0,0.0,2346.7
A0013089,2026-06,2346.7,0.0,0.0,2346.7
A0013089,2026-07,2346.7,0.0,1700.51,646.19
A0013089,2026-08,646.19,74.27,0.0,720.46
A0013089,2026-09,720.46,0.0,608.68,111.78
A0013089,2026-10,111.78,505.88,0.0,617.66
A0013089,2026-11,617.66,3760.23,893.74,3484.15
A0013089,2026-12,3484.15,0.0,3465.81,18.34
A0013244,2021-10,0.0,2509.16,0.0,2509.16
A0013244,2021-11,2509.16,752.7,44.4,3217.46
A0013244,2021-12,3217.46,0.0,28.7,3188.76
A0013244,2022-01,3188.76,461.42,0.0,3650.18
A0013244,2022-02,3650.18,2012.37,0.0,5662.55
A0013244,2022-03,5662.55,92.63,1087.76,4667.42
A0013244,2022-04,4667.42,0.0,856.6,3810.82
A0013244,2022-05,3810.82,0.0,0.0,3810.82
A0013244,2022-06,3810.82,1857.68,0.0,5668.5
A0013244,2022-07,5668.5,655.49,0.0,6323.99
A0013244,2022-08,6323.99,149.06,339.66,6133.39
A0013244,2022-09,6133.39,72.17,1447.77,4757.79
A0013244,2022-10,4757.79,0.0,247.87,4509.92
A0013244,2022-11,4509.92,0.0,0.0,4509.92
A0013244,2022-12,4509.92,0.0,0.0,4509.92
A0013244,2023-01,4509.92,68.5,906.62,3671.8
A0013244,2023-02,3671.8,0.0,0.0,3671.8
A0013244,2023-03,3671.8,797.73,0.0,4469.53
A0013244,2023-04,4469.53,42923.91,853.61,46539.83
A0013244,2023-05,46539.83,1667.35,45558.84,2648.34
A0013244,2023-06,2648.34,179.46,0.0,2827.8
A0013244,2023-07,2827.8,633.73,1946.1,1515.43
A0013244,2023-08,1515.43,154.7,307.62,1362.51
A0013244,2023-09,1362.51,36561.77,1551.53,36372.75
A0013244,2023-10,36372.75,307.15,1524.75,35155.15
A0013244,2023-11,35155.15,0.0,0.0,35155.15
A0013244,2023-12,35155.15,0.0,288.99,34866.16
A0013244,2024-01,34866.16,249.72,854.26,34261.62
A0013244,2024-02,34261.62,34713.89,496.68,68478.83
A0013244,2024-03,68478.83,2050.75,0.0,70529.58
A0013244,2024-04,70529.58,0.0,0.0,70529.58
A0013244,2024-05,70529.58,523.79,558.23,70495.14
A0013244,2024-06,70495.14,0.0,184.78,70310.36
A0013244,2024-07,70310.36,521.22,1022.5,69809.08
A0013244,2024-08,69809.08,347.57,0.0,70156.65
A0013244,2024-09,70156.65,791.49,0.0,70948.14
A0013244,2024-10,70948.14,2336.72,1818.39,71466.47
A0013244,2024-11,71466.47,0.0,57389.75,14076.72
A0013244,2024-12,14076.72,1434.01,789.74,14720.99
A0013244,2025-01,14720.99,0.0,0.0,14720.99
A0013244,2025-02,14720.99,1329.52,0.0,16050.51
A0013244,2025-03,16050.51,0.0,1652.85,14397.66
A0013244,2025-04,14397.66,430.84,0.0,14828.5
A0013244,2025-05,14828.5,0.0,153.16,14675.34
A0013244,2025-06,14675.34,0.0,0.0,14675.34
A0013244,2025-07,14675.34,0.0,0.0,14675.34
A0013244,2025-08,14675.34,0.0,0.0,14675.34
A0013244,2025-09,14675.34,0.0,0.0,14675.34
A0013244,2025-10,14675.34,0.0,0.0,14675.34
A0013244,2025-11,14675.34,14762.71,0.0,29438.05
A0013244,2025-12,29438.05,594.36,0.0,30032.41
A0013244,2026-01,30032.41,0.0,58.8,29973.61
A0013244,2026-02,29973.61,752.44,166.71,30559.34
A0013244,2026-03,30559.34,0.0,78.45,30480.89
A0013244,2026-04,30480.89,0.0,160.37,30320.52
A0013244,2026-05,30320.52,0.0,1093.67,29226.85
A0013244,2026-06,29226.85,0.0,2021.39,27205.46
A0013244,2026-07,27205.46,0.0,340.65,26864.81
A0013244,2026-08,26864.81,0.0,0.0,26864.81
A0013244,2026-09,26864.81,949.15,0.0,27813.96
A0013244,2026-10,27813.96,3298.0,0.0,31111.96
A0013244,2026-11,31111.96,55.27,0.0,31167.23
A0013244,2026-12,31167.23,0.0,1756.95,29410.28
A0013269,2021-03,0.0,450641.29,68771.88,381869.41
A0013269,2021-04,381869.41,49608.53,97709.79,333768.15
A0013269,2021-05,333768.15,44911.29,73174.42,305505.02
A0013269,2021-06,305505.02,16727.17,26401.45,295830.74
A0013269,2021-07,295830.74,21010.74,114986.55,201854.93
A0013269,2021-08,201854.93,78576.4,81590.62,198840.71
A0013269,2021-09,198840.71,389044.11,51059.17,536825.65
A0013269,2021-10,536825.65,78079.9,215009.89,399895.66
A0013269,2021-11,399895.66,233493.14,148765.25,484623.55
A0013269,2021-12,484623.55,107421.82,143352.78,448692.59
A0013269,2022-01,448692.59,263196.76,288849.27,423040.08
A0013269,2022-02,423040.08,50814.58,50388.74,423465.92
A0013269,2022-03,423465.92,39087.2,128288.61,334264.51
A0013269,2022-04,334264.51,73223.49,90686.22,316801.78
A0013269,2022-05,316801.78,305662.28,97871.98,524592.08
A0013269,2022-06,524592.08,26712.82,28888.78,522416.12
A0013269,2022-07,522416.12,79334.62,286276.68,315474.06
A0013269,2022-08,315474.06,80914.53,157123.57,239265.02
A0013269,2022-09,239265.02,141706.08,316313.88,64657.22
A0013269,2022-10,64657.22,384712.67,179675.4,269694.49
A0013269,2022-11,269694.49,33183.42,15344.95,287532.96
A0013269,2022-12,287532.96,60761.88,139121.04,209173.8
A0013269,2023-01,209173.8,28542.17,20159.98,217555.99
A0013269,2023-02,217555.99,51034.15,78191.21,190398.93
A0013269,2023-03,190398.93,2273.6,68781.48,123891.05
A0013269,2023-04,123891.05,62641.79,29215.71,157317.13
A0013269,2023-05,157317.13,578662.53,132177.57,603802.09
A0013269,2023-06,603802.09,4863.28,234832.18,373833.19
A0013269,2023-07,373833.19,175468.63,63043.19,486258.63
A0013269,2023-08,486258.63,61615.91,65780.04,482094.5
A0013269,2023-09,482094.5,210078.48,389904.61,302268.37
A0013269,2023-10,302268.37,49145.69,18922.93,332491.13
A0013269,2023-11,332491.13,88332.26,80158.41,340664.98
A0013269,2023-12,340664.98,98228.96,97019.11,341874.83
A0013269,2024-01,341874.83,125031.76,66197.83,400708.76
A0013269,2024-02,400708.76,336971.54,417545.2,320135.1
A0013269,2024-03,320135.1,51044.99,129370.71,241809.38
A0013269,2024-04,241809.38,72387.72,100524.43,213672.67
A0013269,2024-05,213672.67,137679.2,148179.96,203171.91
A0013269,2024-06,203171.91,145727.61,76348.43,272551.09
A0013269,2024-07,272551.09,68574.96,192895.32,148230.73
A0013269,2024-08,148230.73,33483.33,12736.72,168977.34
A0013269,2024-09,168977.34,165990.95,180803.8,154164.49
A0013269,2024-10,154164.49,23713.69,136823.13,41055.05
A0013269,2024-11,41055.05,169661.56,71988.38,138728.23
A0013269,2024-12,138728.23,74574.85,135785.88,77517.2
A0013269,2025-01,77517.2,201144.32,90579.15,188082.37
A0013269,2025-02,188082.37,170099.92,210603.64,147578.65
A0013269,2025-03,147578.65,226838.07,152048.06,222368.66
A0013269,2025-04,222368.66,66810.11,93252.09,195926.68
A0013269,2025-05,195926.68,150516.59,154331.73,192111.54
A0013269,2025-06,192111.54,33437.31,105317.11,120231.74
A0013269,2025-07,120231.74,364363.42,222856.5,261738.66
A0013269,2025-08,261738.66,84607.59,238286.3,108059.95
A0013269,2025-09,108059.95,96941.95,73726.05,131275.85
A0013269,2025-10,131275.85,103381.83,116582.7,118074.98
A0013269,2025-11,118074.98,74423.24,139534.53,52963.69
A0013269,2025-12,52963.69,69985.92,116707.3,6242.31
A0013269,2026-01,6242.31,240486.46,104298.78,142429.99
A0013269,2026-02,142429.99,20540.94,69523.01,93447.92
A0013269,2026-03,93447.92,51391.24,58981.95,85857.21
A0013269,2026-04,85857.21,273392.67,180627.15,178622.73
A0013269,2026-05,178622.73,114344.59,135688.19,157279.13
A0013269,2026-06,157279.13,143710.45,219190.36,81799.22
A0013269,2026-07,81799.22,101296.64,64141.68,118954.18
A0013269,2026-08,118954.18,92549.92,72566.72,138937.38
A0013269,2026-09,138937.38,186691.7,75176.69,250452.39
A0013269,2026-10,250452.39,143090.18,171725.98,221816.59
A0013269,2026-11,221816.59,116303.97,174986.4,163134.16
A0013269,2026-12,163134.16,173540.06,143663.1,193011.12
A0013297,2021-05,0.0,178650.37,45199.28,133451.09
A0013297,2021-06,133451.09,112099.18,218889.61,26660.66
A0013297,2021-07,26660.66,101857.66,54449.43,74068.89
A0013297,2021-08,74068.89,63332.05,103016.83,34384.11
A0013297,2021-09,34384.11,49499.68,42843.56,41040.23
A0013297,2021-10,41040.23,94136.34,134984.88,191.69
A0013297,2021-11,191.69,114366.45,28726.34,85831.8
A0013297,2021-12,85831.8,46388.92,127709.56,4511.16
A0013297,2022-01,4511.16,180460.24,121618.96,63352.44
A0013297,2022-02,63352.44,62982.91,105273.32,21062.03
A0013297,2022-03,21062.03,59242.23,23362.35,56941.91
A0013297,2022-04,56941.91,65710.91,77592.41,45060.41
A0013297,2022-05,45060.41,67505.3,49989.04,62576.67
A0013297,2022-06,62576.67,66671.9,68870.12,60378.45
A0013297,2022-07,60378.45,141458.72,106678.53,95158.64
A0013297,2022-08,95158.64,68892.36,55235.55,108815.45
A0013297,2022-09,108815.45,175889.55,265906.88,18798.12
A0013297,2022-10,18798.12,60529.04,6452.82,72874.34
A0013297,2022-11,72874.34,69396.83,108098.09,34173.08
A0013297,2022-12,34173.08,260478.63,83781.55,210870.16
A0013297,2023-01,210870.16,78659.26,39172.5,250356.92
A0013297,2023-02,250356.92,109847.89,186125.5,174079.31
A0013297,2023-03,174079.31,403725.33,37499.94,540304.7
A0013297,2023-04,540304.7,115736.27,116496.48,539544.49
A0013297,2023-05,539544.49,628420.38,86299.87,1081665.0
A0013297,2023-06,1081665.0,85162.91,29435.2,1137392.71
A0013297,2023-07,1137392.71,139776.2,206393.62,1070775.29
A0013297,2023-08,1070775.29,673563.78,509406.07,1234933.0
A0013297,2023-09,1234933.0,100774.08,172887.02,1162820.06
A0013297,2023-10,1162820.06,77305.75,61902.85,1178222.96
A0013297,2023-11,1178222.96,94000.87,156916.66,1115307.17
A0013297,2023-12,1115307.17,232043.96,93107.98,1254243.15
A0013297,2024-01,1254243.15,274617.7,234829.04,1294031.81
A0013297,2024-02,1294031.81,86457.43,33915.13,1346574.11
A0013297,2024-03,1346574.11,111782.37,267684.94,1190671.54
A0013297,2024-04,1190671.54,109236.1,152288.81,1147618.83
A0013297,2024-05,1147618.83,160486.45,104479.06,1203626.22
A0013297,2024-06,1203626.22,105420.52,77476.21,1231570.53
A0013297,2024-07,1231570.53,248688.16,252856.75,1227401.94
A0013297,2024-08,1227401.94,82384.03,44835.55,1264950.42
A0013297,2024-09,1264950.42,120753.21,62534.02,1323169.61
A0013297,2024-10,1323169.61,80248.68,187738.57,1215679.72
A0013297,2024-11,1215679.72,72807.47,56747.65,1231739.54
A0013297,2024-12,1231739.54,267307.77,138612.05,1360435.26
A0013297,2025-01,1360435.26,136995.23,129245.8,1368184.69
A0013297,2025-02,1368184.69,105583.62,66068.82,1407699.49
A0013297,2025-03,1407699.49,189839.94,35329.21,1562210.22
A0013297,2025-04,1562210.22,181487.48,164596.69,1579101.01
A0013297,2025-05,1579101.01,131135.57,93954.57,1616282.01
A0013297,2025-06,1616282.01,97759.29,76566.53,1637474.77
A0013297,2025-07,1637474.77,88666.16,162456.75,1563684.18
A0013297,2025-08,1563684.18,128458.68,73519.82,1618623.04
A0013297,2025-09,1618623.04,218799.46,378891.68,1458530.82
A0013297,2025-10,1458530.82,187298.9,75188.69,1570641.03
A0013297,2025-11,1570641.03,93705.22,264716.3,1399629.95
A0013297,2025-12,1399629.95,348431.25,1324846.95,423214.25
A0013297,2026-01,423214.25,639390.46,195167.71,867437.0
A0013297,2026-02,867437.0,104533.58,40448.11,931522.47
A0013297,2026-03,931522.47,0.0,15498.16,916024.31
A0013297,2026-04,916024.31,132507.21,123211.86,925319.66
A0013297,2026-05,925319.66,148071.26,297622.69,775768.23
A0013297,2026-06,775768.23,49930.13,271006.78,554691.58
A0013297,2026-07,554691.58,298892.35,89292.12,764291.81
A0013297,2026-08,764291.81,200633.7,40247.4,924678.11
A0013297,2026-09,924678.11,204164.37,89236.36,1039606.12
A0013297,2026-10,1039606.12,98360.36,119790.04,1018176.44
A0013297,2026-11,1018176.44,73051.33,74690.38,1016537.39
A0013297,2026-12,1016537.39,9681930.13,156113.31,10542354.21
A0013338,2021-04,0.0,139030.64,30358.37,108672.27
A0013338,2021-05,108672.27,58214.73,31766.56,135120.44
A0013338,2021-06,135120.44,171595.75,45463.75,261252.44
A0013338,2021-07,261252.44,70852.96,102446.02,229659.38
A0013338,2021-08,229659.38,113424.01,45346.5,297736.89
A0013338,2021-09,297736.89,80430.93,26898.73,351269.09
A0013338,2021-10,351269.09,57439.23,34472.94,374235.38
A0013338,2021-11,374235.38,93671.97,30737.58,437169.77
A0013338,2021-12,437169.77,111854.14,212199.17,336824.74
A0013338,2022-01,336824.74,71809.35,32880.47,375753.62
A0013338,2022-02,375753.62,252695.43,74641.55,553807.5
A0013338,2022-03,553807.5,90146.69,9288.59,634665.6
A0013338,2022-04,634665.6,50921.02,26742.04,658844.58
A0013338,2022-05,658844.58,57335.19,49411.21,666768.56
A0013338,2022-06,666768.56,96390.93,24782.0,738377.49
A0013338,2022-07,738377.49,74563.0,23022.63,789917.86
A0013338,2022-08,789917.86,61390.59,8043.36,843265.09
A0013338,2022-09,843265.09,59427.31,57656.44,845035.96
A0013338,2022-10,845035.96,85385.29,18472.24,911949.01
A0013338,2022-11,911949.01,46349.91,6824.01,951474.91
A0013338,2022-12,951474.91,104860.97,52833.98,1003501.9
A0013338,2023-01,1003501.9,41561.06,61442.02,983620.94
A0013338,2023-02,983620.94,60263.93,106593.24,937291.63
A0013338,2023-03,937291.63,132549.74,80437.47,989403.9
A0013338,2023-04,989403.9,60671.34,49778.4,1000296.84
A0013338,2023-05,1000296.84,48434.81,15287.86,1033443.79
A0013338,2023-06,1033443.79,137078.84,40662.03,1129860.6
A0013338,2023-07,1129860.6,65754.49,109728.02,1085887.07
A0013338,2023-08,1085887.07,79175.9,291346.86,873716.11
A0013338,2023-09,873716.11,75380.27,680767.73,268328.65
A0013338,2023-10,268328.65,88025.92,330403.09,25951.48
A0013338,2023-11,25951.48,74766.76,70092.84,30625.4
A0013338,2023-12,30625.4,83407.41,39080.82,74951.99
A0013338,2024-01,74951.99,59353.77,60009.75,74296.01
A0013338,2024-02,74296.01,58878.34,34062.12,99112.23
A0013338,2024-03,99112.23,124057.71,40525.6,182644.34
A0013338,2024-04,182644.34,354506.45,24435.73,512715.06
A0013338,2024-05,512715.06,88260.59,110968.5,490007.15
A0013338,2024-06,490007.15,11884.83,301077.77,200814.21
A0013338,2024-07,200814.21,58703.79,89758.62,169759.38
A0013338,2024-08,169759.38,138795.83,53209.48,255345.73
A0013338,2024-09,255345.73,63983.91,72909.83,246419.81
A0013338,2024-10,246419.81,76834.08,87686.39,235567.5
A0013338,2024-11,235567.5,116832.74,345162.25,7237.99
A0013338,2024-12,7237.99,79588.66,6618.79,80207.86
A0013338,2025-01,80207.86,82511.54,100480.55,62238.85
A0013338,2025-02,62238.85,221429.89,22429.04,261239.7
A0013338,2025-03,261239.7,91947.71,47377.93,305809.48
A0013338,2025-04,305809.48,70070.05,73984.78,301894.75
A0013338,2025-05,301894.75,86894.36,201456.88,187332.23
A0013338,2025-06,187332.23,205752.05,37938.52,355145.76
A0013338,2025-07,355145.76,90287.89,9175.03,436258.62
A0013338,2025-08,436258.62,69376.76,374007.28,131628.1
A0013338,2025-09,131628.1,71375.22,29671.88,173331.44
A0013338,2025-10,173331.44,84715.36,19243.62,238803.18
A0013338,2025-11,238803.18,89199.56,81877.54,246125.2
A0013338,2025-12,246125.2,174159.12,141910.27,278374.05
A0013338,2026-01,278374.05,83131.8,326774.11,34731.74
A0013338,2026-02,34731.74,180929.23,10147.73,205513.24
A0013338,2026-03,205513.24,43547.41,84244.34,164816.31
A0013338,2026-04,164816.31,79774.37,131253.83,113336.85
A0013338,2026-05,113336.85,70925.44,39849.56,144412.73
A0013338,2026-06,144412.73,172284.78,61469.14,255228.37
A0013338,2026-07,255228.37,91943.58,42075.9,305096.05
A0013338,2026-08,305096.05,72468.23,28280.07,349284.21
A0013338,2026-09,349284.21,119013.72,305915.89,162382.04
A0013338,2026-10,162382.04,28895.03,86898.02,104379.05
A0013338,2026-11,104379.05,75308.27,148859.83,30827.49
A0013338,2026-12,30827.49,116804.91,62859.93,84772.47
A0013348,2021-10,0.0,480.0,0.0,480.0
A0013348,2021-11,480.0,0.0,48.4,431.6
A0013348,2021-12,431.6,0.0,37.03,394.57
A0013348,2022-01,394.57,0.0,257.63,136.94
A0013348,2022-02,136.94,781.55,0.0,918.49
A0013348,2022-03,918.49,53.67,0.0,972.16
A0013348,2022-04,972.16,252.42,23.76,1200.82
A0013348,2022-05,1200.82,336.97,152.31,1385.48
A0013348,2022-06,1385.48,774.19,0.0,2159.67
A0013348,2022-07,2159.67,550.67,0.0,2710.34
A0013348,2022-08,2710.34,197.66,40.74,2867.26
A0013348,2022-09,2867.26,87.33,0.0,2954.59
A0013348,2022-10,2954.59,16514.15,0.0,19468.74
A0013348,2022-11,19468.74,60.98,0.0,19529.72
A0013348,2022-12,19529.72,0.0,17.07,19512.65
A0013348,2023-01,19512.65,59.5,295.37,19276.78
A0013348,2023-02,19276.78,0.0,38.16,19238.62
A0013348,2023-03,19238.62,0.0,36.36,19202.26
A0013348,2023-04,19202.26,0.0,0.0,19202.26
A0013348,2023-05,19202.26,0.0,0.0,19202.26
A0013348,2023-06,19202.26,6017.22,0.0,25219.48
A0013348,2023-07,25219.48,187.77,0.0,25407.25
A0013348,2023-08,25407.25,0.0,39.31,25367.94
A0013348,2023-09,25367.94,0.0,574.01,24793.93
A0013348,2023-10,24793.93,226.93,0.0,25020.86
A0013348,2023-11,25020.86,528.33,75.6,25473.59
A0013348,2023-12,25473.59,145.8,1128.41,24490.98
A0013360,2021-04,0.0,85087.29,32463.28,52624.01
A0013360,2021-05,52624.01,0.0,14905.88,37718.13
A0013360,2021-06,37718.13,60469.25,64861.57,33325.81
A0013360,2021-07,33325.81,12767.09,5449.63,40643.27
A0013360,2021-08,40643.27,50840.22,57475.35,34008.14
A0013360,2021-09,34008.14,59874.77,53587.83,40295.08
A0013360,2021-10,40295.08,25754.42,12175.16,53874.34
A0013360,2021-11,53874.34,17601.9,4194.0,67282.24
A0013360,2021-12,67282.24,7640.15,63578.33,11344.06
A0013360,2022-01,11344.06,38398.07,16530.85,33211.28
A0013360,2022-02,33211.28,65337.18,32096.9,66451.56
A0013360,2022-03,66451.56,44730.99,55561.72,55620.83
A0013360,2022-04,55620.83,45653.14,24364.31,76909.66
A0013360,2022-05,76909.66,77395.33,42132.95,112172.04
A0013360,2022-06,112172.04,69472.48,36592.78,145051.74
A0013360,2022-07,145051.74,44725.19,35508.02,154268.91
A0013360,2022-08,154268.91,32202.02,124339.03,62131.9
A0013360,2022-09,62131.9,32993.63,25953.78,69171.75
A0013360,2022-10,69171.75,21703.91,17849.0,73026.66
A0013360,2022-11,73026.66,26727.57,40432.49,59321.74
A0013360,2022-12,59321.74,27584.33,73174.19,13731.88
A0013360,2023-01,13731.88,12863.35,23921.08,2674.15
A0013360,2023-02,2674.15,17427.69,16524.98,3576.86
A0013360,2023-03,3576.86,75236.39,11661.9,67151.35
A0013360,2023-04,67151.35,30304.06,11658.09,85797.32
A0013360,2023-05,85797.32,13464.71,2801.87,96460.16
A0013360,2023-06,96460.16,28385.42,35063.93,89781.65
A0013360,2023-07,89781.65,56984.44,61091.16,85674.93
A0013360,2023-08,85674.93,81575.99,7722.38,159528.54
A0013360,2023-09,159528.54,206518.56,20591.65,345455.45
A0013360,2023-10,345455.45,90768.44,96180.15,340043.74
A0013360,2023-11,340043.74,3055038.6,21500.5,3373581.84
A0013360,2023-12,3373581.84,23375.93,32612.04,3364345.73
A0013360,2024-01,3364345.73,37459.81,91677.85,3310127.69
A0013360,2024-02,3310127.69,14615.8,19373.92,3305369.57
A0013360,2024-03,3305369.57,99992.22,45453.1,3359908.69
A0013360,2024-04,3359908.69,27593.62,105191.78,3282310.53
A0013360,2024-05,3282310.53,222964.48,95916.18,3409358.83
A0013360,2024-06,3409358.83,49372.22,111685.69,3347045.36
A0013360,2024-07,3347045.36,100261.65,64353.66,3382953.35
A0013360,2024-08,3382953.35,68207.64,72542.62,3378618.37
A0013360,2024-09,3378618.37,103787.44,144201.56,3338204.25
A0013360,2024-10,3338204.25,2617.83,36148.84,3304673.24
A0013360,2024-11,3304673.24,8404.18,100419.76,3212657.66
A0013360,2024-12,3212657.66,57451.1,1094391.89,2175716.87
A0013360,2025-01,2175716.87,60795.36,84088.1,2152424.13
A0013360,2025-02,2152424.13,85043.95,54233.42,2183234.66
A0013360,2025-03,2183234.66,91241.68,255319.38,2019156.96
A0013360,2025-04,2019156.96,80323.39,122677.57,1976802.78
A0013360,2025-05,1976802.78,38982.82,76945.49,1938840.11
A0013360,2025-06,1938840.11,31567.77,34160.51,1936247.37
A0013360,2025-07,1936247.37,102004.8,46400.39,1991851.78
A0013360,2025-08,1991851.78,57981.28,102676.69,1947156.37
A0013360,2025-09,1947156.37,46057.25,197965.45,1795248.17
A0013360,2025-10,1795248.17,40736.71,44408.28,1791576.6
A0013360,2025-11,1791576.6,17321.94,68576.2,1740322.34
A0013360,2025-12,1740322.34,85500.34,129539.98,1696282.7
A0013360,2026-01,1696282.7,96062.07,6886.06,1785458.71
A0013360,2026-02,1785458.71,33170.03,97808.19,1720820.55
A0013360,2026-03,1720820.55,13394.47,62790.46,1671424.56
A0013360,2026-04,1671424.56,73719.92,14082.67,1731061.81
A0013360,2026-05,1731061.81,11493.74,26832.23,1715723.32
A0013360,2026-06,1715723.32,33004.64,77378.71,1671349.25
A0013360,2026-07,1671349.25,97674.24,57078.74,1711944.75
A0013360,2026-08,1711944.75,80582.13,45579.83,1746947.05
A0013360,2026-09,1746947.05,39142.98,13712.45,1772377.58
A0013360,2026-10,1772377.58,29233.99,53597.94,1748013.63
A0013360,2026-11,1748013.63,40096.18,97819.13,1690290.68
A0013360,2026-12,1690290.68,795766.3,56327.11,2429729.87
A0013469,2021-03,0.0,145960.74,41027.95,104932.79
A0013469,2021-04,104932.79,120915.05,118213.63,107634.21
A0013469,2021-05,107634.21,240618.38,70596.51,277656.08
A0013469,2021-06,277656.08,151164.68,205276.49,223544.27
A0013469,2021-07,223544.27,83660.69,61787.91,245417.05
A0013469,2021-08,245417.05,107083.96,72396.5,280104.51
A0013469,2021-09,280104.51,151085.84,165571.14,265619.21
A0013469,2021-10,265619.21,123940.46,224571.86,164987.81
A0013469,2021-11,164987.81,209898.37,314779.48,60106.7
A0013469,2021-12,60106.7,229388.9,41363.3,248132.3
A0013469,2022-01,248132.3,76238.39,306441.04,17929.65
A0013469,2022-02,17929.65,76964.85,61376.38,33518.12
A0013469,2022-03,33518.12,274068.73,81609.99,225976.86
A0013469,2022-04,225976.86,172025.61,175276.57,222725.9
A0013469,2022-05,222725.9,216991.13,161616.86,278100.17
A0013469,2022-06,278100.17,113798.14,130432.69,261465.62
A0013469,2022-07,261465.62,145301.13,258628.9,148137.85
A0013469,2022-08,148137.85,94810.64,193263.46,49685.03
A0013469,2022-09,49685.03,78711.82,103494.4,24902.45
A0013469,2022-10,24902.45,131735.04,101780.13,54857.36
A0013469,2022-11,54857.36,86832.07,51873.16,89816.27
A0013469,2022-12,89816.27,183158.62,257333.99,15640.9
A0013469,2023-01,15640.9,220252.21,162213.91,73679.2
A0013469,2023-02,73679.2,27700.13,90439.17,10940.16
A0013469,2023-03,10940.16,310415.42,104758.26,216597.32
A0013469,2023-04,216597.32,114748.13,232496.56,98848.89
A0013469,2023-05,98848.89,240692.78,135689.66,203852.01
A0013469,2023-06,203852.01,103412.34,16548.92,290715.43
A0013469,2023-07,290715.43,172183.67,146224.84,316674.26
A0013469,2023-08,316674.26,82770.0,29614.79,369829.47
A0013469,2023-09,369829.47,108740.48,228823.9,249746.05
A0013469,2023-10,249746.05,154956.89,398892.05,5810.89
A0013469,2023-11,5810.89,311161.8,186759.99,130212.7
A0013469,2023-12,130212.7,126605.98,181443.46,75375.22
A0013469,2024-01,75375.22,241204.37,87175.81,229403.78
A0013469,2024-02,229403.78,169696.28,88164.57,310935.49
A0013469,2024-03,310935.49,69885.8,177399.4,203421.89
A0013469,2024-04,203421.89,246881.01,103625.33,346677.57
A0013469,2024-05,346677.57,115951.3,246398.09,216230.78
A0013469,2024-06,216230.78,263016.67,471526.84,7720.61
A0013469,2024-07,7720.61,158612.82,69671.87,96661.56
A0013469,2024-08,96661.56,394873.46,243063.17,248471.85
A0013469,2024-09,248471.85,56265.69,219353.74,85383.8
A0013469,2024-10,85383.8,235322.32,148175.56,172530.56
A0013469,2024-11,172530.56,183514.7,225245.24,130800.02
A0013469,2024-12,130800.02,264516.79,8569.99,386746.82
A0013469,2025-01,386746.82,109597.07,351163.22,145180.67
A0013469,2025-02,145180.67,494248.0,146839.5,492589.17
A0013469,2025-03,492589.17,178202.71,310962.58,359829.3
A0013469,2025-04,359829.3,132212.6,163094.15,328947.75
A0013469,2025-05,328947.75,243354.81,168239.85,404062.71
A0013469,2025-06,404062.71,193527.09,122197.89,475391.91
A0013469,2025-07,475391.91,224918.84,132894.99,567415.76
A0013469,2025-08,567415.76,89810.75,354617.23,302609.28
A0013469,2025-09,302609.28,184378.38,52056.03,434931.63
A0013469,2025-10,434931.63,280730.84,161729.19,553933.28
A0013469,2025-11,553933.28,91098.83,441628.08,203404.03
A0013509,2021-10,0.0,81552.9,1919.2,79633.7
A0013509,2021-11,79633.7,4296.97,12579.02,71351.65
A0013509,2021-12,71351.65,20285.42,44394.46,47242.61
A0013509,2022-01,47242.61,23957.41,817.86,70382.16
A0013509,2022-02,70382.16,22212.77,2197.69,90397.24
A0013509,2022-03,90397.24,27167.03,33374.81,84189.46
A0013509,2022-04,84189.46,56069.79,14159.95,126099.3
A0013509,2022-05,126099.3,19251.54,4659.46,140691.38
A0013509,2022-06,140691.38,16644.34,5634.95,151700.77
A0013509,2022-07,151700.77,0.0,30293.24,121407.53
A0013509,2022-08,121407.53,41980.82,34346.71,129041.64
A0013509,2022-09,129041.64,13793.82,18994.62,123840.84
A0013509,2022-10,123840.84,43195.65,41733.33,125303.16
A0013509,2022-11,125303.16,1960.69,12683.2,114580.65
A0013509,2022-12,114580.65,20585.97,13215.62,121951.0
A0013509,2023-01,121951.0,67986.88,77970.55,111967.33
A0013509,2023-02,111967.33,7632.8,94784.53,24815.6
A0013509,2023-03,24815.6,0.0,14625.65,10189.95
A0013509,2023-04,10189.95,8677.22,8862.48,10004.69
A0013509,2023-05,10004.69,34047.12,0.0,44051.81
A0013509,2023-06,44051.81,46624.33,49269.79,41406.35
A0013509,2023-07,41406.35,37890.75,7403.45,71893.65
A0013509,2023-08,71893.65,14798.09,28669.77,58021.97
A0013509,2023-09,58021.97,10918.83,61617.88,7322.92
A0013509,2023-10,7322.92,45437.11,6567.55,46192.48
A0013509,2023-11,46192.48,11254.92,0.0,57447.4
A0013509,2023-12,57447.4,0.0,0.0,57447.4
A0013509,2024-01,57447.4,62102.28,17306.44,102243.24
A0013509,2024-02,102243.24,0.0,0.0,102243.24
A0013509,2024-03,102243.24,12577.03,17442.71,97377.56
A0013509,2024-04,97377.56,40827.29,10124.24,128080.61
A0013509,2024-05,128080.61,25128.35,3906.17,149302.79
A0013509,2024-06,149302.79,230659.88,0.0,379962.67
A0013509,2024-07,379962.67,84927.55,107285.08,357605.14
A0013509,2024-08,357605.14,19570.41,2622.74,374552.81
A0013509,2024-09,374552.81,15660.57,7310.39,382902.99
A0013509,2024-10,382902.99,10398.69,6634.5,386667.18
A0013509,2024-11,386667.18,11787.81,4084.03,394370.96
A0013509,2024-12,394370.96,19191.81,45762.95,367799.82
A0013509,2025-01,367799.82,0.0,0.0,367799.82
A0013509,2025-02,367799.82,9874.97,4139.09,373535.7
A0013509,2025-03,373535.7,27677.72,63563.29,337650.13
A0013509,2025-04,337650.13,0.0,0.0,337650.13
A0013509,2025-05,337650.13,16124.7,19109.54,334665.29
A0013509,2025-06,334665.29,19134.29,38308.81,315490.77
A0013509,2025-07,315490.77,7530.4,8330.8,314690.37
A0013509,2025-08,314690.37,33187.85,15060.1,332818.12
A0013509,2025-09,332818.12,30815.62,20090.14,343543.6
A0013509,2025-10,343543.6,74546.37,41105.85,376984.12
A0013509,2025-11,376984.12,16925.96,4947.86,388962.22
A0013509,2025-12,388962.22,1570.57,2655.92,387876.87
A0013509,2026-01,387876.87,51416.7,38495.31,400798.26
A0013509,2026-02,400798.26,13965.97,7074.62,407689.61
A0013509,2026-03,407689.61,15034.38,30390.08,392333.91
A0013509,2026-04,392333.91,0.0,0.0,392333.91
A0013509,2026-05,392333.91,28796.43,47926.13,373204.21
A0013509,2026-06,373204.21,12886.49,11348.02,374742.68
A0013509,2026-07,374742.68,31252.75,6057.9,399937.53
A0013509,2026-08,399937.53,22534.35,8057.94,414413.94
A0013509,2026-09,414413.94,73391.68,6501.35,481304.27
A0013509,2026-10,481304.27,3424.1,47505.82,437222.55
A0013509,2026-11,437222.55,71331.31,18908.52,489645.34
A0013509,2026-12,489645.34,15859.97,2430.31,503075.0
A0013512,2021-04,0.0,679950.85,106350.49,573600.36
A0013512,2021-05,573600.36,168499.23,401166.4,340933.19
A0013512,2021-06,340933.19,232524.74,310944.67,262513.26
A0013512,2021-07,262513.26,95822.51,49808.65,308527.12
A0013512,2021-08,308527.12,125998.86,79793.95,354732.03
A0013512,2021-09,354732.03,177645.93,83110.02,449267.94
A0013512,2021-10,449267.94,182058.32,273118.77,358207.49
A0013512,2021-11,358207.49,132322.5,33148.23,457381.76
A0013512,2021-12,457381.76,248057.27,263743.62,441695.41
A0013512,2022-01,441695.41,198132.95,252399.32,387429.04
A0013512,2022-02,387429.04,209802.11,50579.24,546651.91
A0013512,2022-03,546651.91,243173.64,251380.69,538444.86
A0013512,2022-04,538444.86,419227.88,121583.53,836089.21
A0013512,2022-05,836089.21,65535.14,185858.41,715765.94
A0013512,2022-06,715765.94,113810.98,61565.47,768011.45
A0013512,2022-07,768011.45,359401.44,659135.36,468277.53
A0013512,2022-08,468277.53,353007.85,685458.91,135826.47
A0013512,2022-09,135826.47,153609.84,121854.77,167581.54
A0013512,2022-10,167581.54,28310.87,186307.6,9584.81
A0013512,2022-11,9584.81,241537.33,208361.91,42760.23
A0013512,2022-12,42760.23,241586.49,127118.99,157227.73
A0013512,2023-01,157227.73,376397.67,462343.3,71282.1
A0013512,2023-02,71282.1,851535.19,288404.92,634412.37
A0013512,2023-03,634412.37,236069.86,202468.04,668014.19
A0013512,2023-04,668014.19,262258.53,269039.05,661233.67
A0013512,2023-05,661233.67,479486.0,795044.91,345674.76
A0013512,2023-06,345674.76,254837.28,572570.73,27941.31
A0013512,2023-07,27941.31,423701.6,66170.09,385472.82
A0013512,2023-08,385472.82,341241.56,705908.36,20806.02
A0013512,2023-09,20806.02,844391.32,420977.49,444219.85
A0013512,2023-10,444219.85,455242.58,885187.4,14275.03
A0013512,2023-11,14275.03,683753.91,211699.02,486329.92
A0013512,2023-12,486329.92,598573.68,508974.59,575929.01
A0013512,2024-01,575929.01,247332.54,530447.37,292814.18
A0013512,2024-02,292814.18,420732.55,341318.51,372228.22
A0013512,2024-03,372228.22,469227.95,151169.02,690287.15
A0013512,2024-04,690287.15,200897.69,508303.05,382881.79
A0013512,2024-05,382881.79,181071.85,324177.97,239775.67
A0013512,2024-06,239775.67,298019.7,162284.43,375510.94
A0013512,2024-07,375510.94,231562.91,219936.21,387137.64
A0013512,2024-08,387137.64,253601.07,317747.94,322990.77
A0013512,2024-09,322990.77,219167.77,478604.13,63554.41
A0013512,2024-10,63554.41,193382.49,152828.57,104108.33
A0013512,2024-11,104108.33,377136.11,219507.59,261736.85
A0013512,2024-12,261736.85,19072.71,264614.43,16195.13
A0013512,2025-01,16195.13,304070.26,84936.95,235328.44
A0013512,2025-02,235328.44,402733.71,501112.45,136949.7
A0013512,2025-03,136949.7,583183.89,711130.08,9003.51
A0013512,2025-04,9003.51,637860.37,189741.07,457122.81
A0013512,2025-05,457122.81,373254.33,679500.61,150876.53
A0013512,2025-06,150876.53,213626.66,200807.4,163695.79
A0013512,2025-07,163695.79,328713.27,424452.95,67956.11
A0013512,2025-08,67956.11,195583.92,218431.02,45109.01
A0013512,2025-09,45109.01,336593.76,145271.33,236431.44
A0013512,2025-10,236431.44,238225.25,218312.57,256344.12
A0013512,2025-11,256344.12,191736.33,160876.81,287203.64
A0013512,2025-12,287203.64,276115.99,466977.53,96342.1
A0013512,2026-01,96342.1,204102.44,155551.97,144892.57
A0013512,2026-02,144892.57,346982.62,289947.15,201928.04
A0013512,2026-03,201928.04,426402.08,513759.9,114570.22
A0013512,2026-04,114570.22,377928.31,451317.93,41180.6
A0013512,2026-05,41180.6,349795.38,173763.02,217212.96
A0013512,2026-06,217212.96,276016.04,478692.9,14536.1
A0013512,2026-07,14536.1,211918.28,216782.93,9671.45
A0013517,2021-07,0.0,103626.14,13350.08,90276.06
A0013517,2021-08,90276.06,33545.25,17909.41,105911.9
A0013517,2021-09,105911.9,16296.55,11244.35,110964.1
A0013517,2021-10,110964.1,39158.03,41699.1,108423.03
A0013517,2021-11,108423.03,33529.65,15063.84,126888.84
A0013517,2021-12,126888.84,18261.6,64354.7,80795.74
A0013517,2022-01,80795.74,39773.83,10346.04,110223.53
A0013517,2022-02,110223.53,9920.89,18275.37,101869.05
A0013517,2022-03,101869.05,100782.51,39190.0,163461.56
A0013517,2022-04,163461.56,12953.33,27742.0,148672.89
A0013517,2022-05,148672.89,87964.72,6558.38,230079.23
A0013517,2022-06,230079.23,32589.28,16543.1,246125.41
A0013517,2022-07,246125.41,110844.87,75768.92,281201.36
A0013517,2022-08,281201.36,83313.9,84806.4,279708.86
A0013517,2022-09,279708.86,190455.51,6864.06,463300.31
A0013517,2022-10,463300.31,34438.74,55968.07,441770.98
A0013517,2022-11,441770.98,5222.74,65906.87,381086.85
A0013517,2022-12,381086.85,354141.38,22182.38,713045.85
A0013517,2023-01,713045.85,50802.55,57545.88,706302.52
A0013517,2023-02,706302.52,11425.01,113652.13,604075.4
A0013517,2023-03,604075.4,2401.08,197428.49,409047.99
A0013517,2023-04,409047.99,74722.38,23313.05,460457.32
A0013517,2023-05,460457.32,29332.79,33677.21,456112.9
A0013517,2023-06,456112.9,49057.48,36667.77,468502.61
A0013517,2023-07,468502.61,24076.9,17807.67,474771.84
A0013517,2023-08,474771.84,22065.61,12755.82,484081.63
A0013517,2023-09,484081.63,88584.5,25875.26,546790.87
A0013517,2023-10,546790.87,107505.4,103027.55,551268.72
A0013517,2023-11,551268.72,6477.16,7091.73,550654.15
A0013517,2023-12,550654.15,131481.55,26311.25,655824.45
A0013517,2024-01,655824.45,84468.43,103737.83,636555.05
A0013517,2024-02,636555.05,113172.75,19493.15,730234.65
A0013517,2024-03,730234.65,5968.62,25251.38,710951.89
A0013517,2024-04,710951.89,844.78,33129.99,678666.68
A0013517,2024-05,678666.68,34774.13,58838.02,654602.79
A0013517,2024-06,654602.79,22214.9,54347.87,622469.82
A0013517,2024-07,622469.82,18760.61,11355.2,629875.23
A0013517,2024-08,629875.23,17327.15,10337.83,636864.55
A0013517,2024-09,636864.55,31116.9,32459.36,635522.09
A0013517,2024-10,635522.09,45700.51,54852.2,626370.4
A0013517,2024-11,626370.4,29785.73,7176.15,648979.98
A0013517,2024-12,648979.98,74000.94,95336.04,627644.88
A0013517,2025-01,627644.88,69283.47,650444.82,46483.53
A0013517,2025-02,46483.53,46786.84,19472.95,73797.42
A0013517,2025-03,73797.42,99988.2,7882.84,165902.78
A0013517,2025-04,165902.78,96706.25,43462.41,219146.62
A0013517,2025-05,219146.62,44962.19,7553.89,256554.92
A0013517,2025-06,256554.92,43832.09,53854.62,246532.39
A0013517,2025-07,246532.39,42159.3,70738.16,217953.53
A0013517,2025-08,217953.53,0.0,103625.99,114327.54
A0013517,2025-09,114327.54,48391.79,11153.12,151566.21
A0013517,2025-10,151566.21,76285.91,49315.27,178536.85
A0013517,2025-11,178536.85,62388.36,61517.52,179407.69
A0013517,2025-12,179407.69,67618.72,126824.52,120201.89
A0013517,2026-01,120201.89,39898.06,49147.1,110952.85
A0013517,2026-02,110952.85,94111.78,37769.99,167294.64
A0013517,2026-03,167294.64,78556.98,133523.77,112327.85
A0013517,2026-04,112327.85,47987.62,106573.12,53742.35
A0013517,2026-05,53742.35,83392.87,65194.7,71940.52
A0013517,2026-06,71940.52,26248.41,59227.08,38961.85
A0013517,2026-07,38961.85,21774.62,31150.24,29586.23
A0013517,2026-08,29586.23,82622.51,54639.67,57569.07
A0013517,2026-09,57569.07,17201.13,68412.73,6357.47
A0013517,2026-10,6357.47,285302.3,85077.48,206582.29
A0013517,2026-11,206582.29,65017.31,34623.07,236976.53
A0013517,2026-12,236976.53,20583.11,162511.88,95047.76
A0013529,2021-06,0.0,157197.67,1708.21,155489.46
A0013529,2021-07,155489.46,7774.26,0.0,163263.72
A0013529,2021-08,163263.72,146418.4,0.0,309682.12
A0013529,2021-09,309682.12,31443.03,14418.37,326706.78
A0013529,2021-10,326706.78,11143.61,1566.78,336283.61
A0013529,2021-11,336283.61,37010.56,18853.12,354441.05
A0013529,2021-12,354441.05,29781.13,70600.5,313621.68
A0013529,2022-01,313621.68,0.0,4257.29,309364.39
A0013529,2022-02,309364.39,32282.22,86866.28,254780.33
A0013529,2022-03,254780.33,62757.59,3857.11,313680.81
A0013529,2022-04,313680.81,5033.71,77354.09,241360.43
A0013529,2022-05,241360.43,70247.69,20754.48,290853.64
A0013529,2022-06,290853.64,0.0,29479.24,261374.4
A0013529,2022-07,261374.4,5228.67,51713.03,214890.04
A0013529,2022-08,214890.04,23553.36,30874.62,207568.78
A0013529,2022-09,207568.78,0.0,15592.81,191975.97
A0013529,2022-10,191975.97,18521.93,30314.02,180183.88
A0013529,2022-11,180183.88,61726.17,38384.66,203525.39
A0013529,2022-12,203525.39,61461.82,164919.01,100068.2
A0013529,2023-01,100068.2,97792.5,68959.9,128900.8
A0013529,2023-02,128900.8,1209375.66,35666.72,1302609.74
A0013529,2023-03,1302609.74,31412.1,53771.81,1280250.03
A0013529,2023-04,1280250.03,0.0,68014.67,1212235.36
A0013529,2023-05,1212235.36,105523.23,81823.46,1235935.13
A0013529,2023-06,1235935.13,16634.68,42468.0,1210101.81
A0013529,2023-07,1210101.81,9619.77,139747.03,1079974.55
A0013529,2023-08,1079974.55,41648.26,17295.45,1104327.36
A0013529,2023-09,1104327.36,0.0,121360.67,982966.69
A0013529,2023-10,982966.69,50444.64,91520.1,941891.23
A0013529,2023-11,941891.23,39986.08,50282.72,931594.59
A0013529,2023-12,931594.59,57342.5,14240.19,974696.9
A0013529,2024-01,974696.9,0.0,0.0,974696.9
A0013529,2024-02,974696.9,28656.75,86657.97,916695.68
A0013529,2024-03,916695.68,27230.01,53694.47,890231.22
A0013529,2024-04,890231.22,25497.53,94669.01,821059.74
A0013529,2024-05,821059.74,153155.51,94672.9,879542.35
A0013529,2024-06,879542.35,123584.26,69528.52,933598.09
A0013529,2024-07,933598.09,44776.27,123075.92,855298.44
A0013529,2024-08,855298.44,68321.68,61289.61,862330.51
A0013529,2024-09,862330.51,0.0,31246.26,831084.25
A0013529,2024-10,831084.25,22086.3,59610.99,793559.56
A0013529,2024-11,793559.56,12079.95,32353.37,773286.14
A0013529,2024-12,773286.14,47005.14,19838.42,800452.86
A0013529,2025-01,800452.86,2711.12,50199.66,752964.32
A0013529,2025-02,752964.32,0.0,3639.54,749324.78
A0013529,2025-03,749324.78,49998.72,38011.53,761311.97
A0013529,2025-04,761311.97,50223.39,76448.23,735087.13
A0013529,2025-05,735087.13,17006.68,22398.3,729695.51
A0013529,2025-06,729695.51,85940.24,27391.01,788244.74
A0013529,2025-07,788244.74,50085.99,213673.77,624656.96
A0013529,2025-08,624656.96,39414.51,32680.75,631390.72
A0013529,2025-09,631390.72,21706.89,18398.24,634699.37
A0013529,2025-10,634699.37,126589.05,64.88,761223.54
A0013529,2025-11,761223.54,12141.54,12151.0,761214.08
A0013529,2025-12,761214.08,156814.41,96900.26,821128.23
A0013529,2026-01,821128.23,16157.01,70042.92,767242.32
A0013529,2026-02,767242.32,41225.09,12471.93,795995.48
A0013529,2026-03,795995.48,18617.14,65943.67,748668.95
A0013529,2026-04,748668.95,0.0,103232.44,645436.51
A0013529,2026-05,645436.51,0.0,94820.61,550615.9
A0013529,2026-06,550615.9,0.0,87518.08,463097.82
A0013529,2026-07,463097.82,0.0,71241.47,391856.35
A0013529,2026-08,391856.35,27316.25,82473.34,336699.26
A0013529,2026-09,336699.26,445280.16,65400.3,716579.12
A0013529,2026-10,716579.12,4032.4,92615.16,627996.36
A0013529,2026-11,627996.36,8905.44,51658.44,585243.36
A0013529,2026-12,585243.36,0.0,52768.3,532475.06
A0013701,2022-10,0.0,189578.69,39263.57,150315.12
A0013701,2022-11,150315.12,67550.26,24652.45,193212.93
A0013701,2022-12,193212.93,78768.68,233028.86,38952.75
A0013701,2023-01,38952.75,95495.36,86102.32,48345.79
A0013701,2023-02,48345.79,105303.7,151490.19,2159.3
A0013701,2023-03,2159.3,180966.02,98546.5,84578.82
A0013701,2023-04,84578.82,72825.23,28536.7,128867.35
A0013701,2023-05,128867.35,71428.82,172564.74,27731.43
A0013701,2023-06,27731.43,119108.78,57033.3,89806.91
A0013701,2023-07,89806.91,68900.19,94961.94,63745.16
A0013701,2023-08,63745.16,82567.11,21762.2,124550.07
A0013701,2023-09,124550.07,78669.74,169468.63,33751.18
A0013701,2023-10,33751.18,73925.74,93998.3,13678.62
A0013701,2023-11,13678.62,29266.98,17359.13,25586.47
A0013701,2023-12,25586.47,112685.13,12673.67,125597.93
A0013701,2024-01,125597.93,82834.58,84131.81,124300.7
A0013701,2024-02,124300.7,247175.03,81509.74,289965.99
A0013701,2024-03,289965.99,129040.91,40700.68,378306.22
A0013701,2024-04,378306.22,152251.42,148250.62,382307.02
A0013701,2024-05,382307.02,86293.93,127828.81,340772.14
A0013701,2024-06,340772.14,175991.09,94355.53,422407.7
A0013701,2024-07,422407.7,190979.05,127490.76,485895.99
A0013701,2024-08,485895.99,83398.73,206653.94,362640.78
A0013701,2024-09,362640.78,90064.7,440721.03,11984.45
A0013701,2024-10,11984.45,0.0,10435.56,1548.89
A0013701,2024-11,1548.89,336873.66,32002.41,306420.14
A0013701,2024-12,306420.14,95403.04,204068.11,197755.07
A0013701,2025-01,197755.07,468838.36,267999.9,398593.53
A0013701,2025-02,398593.53,153643.31,262680.29,289556.55
A0013701,2025-03,289556.55,116205.49,64785.86,340976.18
A0013701,2025-04,340976.18,84657.63,83196.65,342437.16
A0013701,2025-05,342437.16,210734.01,210877.38,342293.79
A0013701,2025-06,342293.79,159801.18,160868.85,341226.12
A0013701,2025-07,341226.12,77954.12,129665.63,289514.61
A0013701,2025-08,289514.61,141254.53,403187.35,27581.79
A0013701,2025-09,27581.79,69491.48,60622.07,36451.2
A0013701,2025-10,36451.2,142297.22,117880.47,60867.95
A0013701,2025-11,60867.95,120444.08,46960.61,134351.42
A0013701,2025-12,134351.42,159122.1,169095.69,124377.83
A0013701,2026-01,124377.83,148544.05,96949.14,175972.74
A0013701,2026-02,175972.74,150587.19,242380.19,84179.74
A0013701,2026-03,84179.74,173950.55,41719.4,216410.89
A0013701,2026-04,216410.89,345277.28,411805.25,149882.92
A0013701,2026-05,149882.92,97706.4,103619.93,143969.39
A0013701,2026-06,143969.39,198020.43,39712.33,302277.49
A0013701,2026-07,302277.49,135942.41,107161.67,331058.23
A0013701,2026-08,331058.23,161358.62,138076.96,354339.89
A0013701,2026-09,354339.89,279805.44,210567.6,423577.73
A0013701,2026-10,423577.73,124431.47,179515.29,368493.91
A0013701,2026-11,368493.91,242750.61,330800.19,280444.33
A0013701,2026-12,280444.33,142527.94,74209.39,348762.88
A0013731,2022-12,0.0,55784.18,2910.1,52874.08
A0013731,2023-01,52874.08,10475.03,21274.18,42074.93
A0013731,2023-02,42074.93,11647.51,10058.07,43664.37
A0013731,2023-03,43664.37,328363.84,58575.89,313452.32
A0013731,2023-04,313452.32,39981.81,14886.06,338548.07
A0013731,2023-05,338548.07,46116.62,39870.12,344794.57
A0013731,2023-06,344794.57,7147.14,12264.46,339677.25
A0013731,2023-07,339677.25,34085.27,84422.85,289339.67
A0013731,2023-08,289339.67,63490.97,33338.96,319491.68
A0013731,2023-09,319491.68,0.0,216322.66,103169.02
A0013731,2023-10,103169.02,8494.44,45646.82,66016.64
A0013731,2023-11,66016.64,39034.81,26024.37,79027.08
A0013731,2023-12,79027.08,46908.38,36489.67,89445.79
A0013731,2024-01,89445.79,1243.68,11290.69,79398.78
A0013731,2024-02,79398.78,11044.26,78606.71,11836.33
A0013731,2024-03,11836.33,30976.42,11342.34,31470.41
A0013731,2024-04,31470.41,27117.44,40053.09,18534.76
A0013731,2024-05,18534.76,16345.62,24736.78,10143.6
A0013731,2024-06,10143.6,0.0,7809.94,2333.66
A0013731,2024-07,2333.66,293581.03,33405.31,262509.38
A0013731,2024-08,262509.38,41710.36,16705.6,287514.14
A0013731,2024-09,287514.14,5918.3,23693.81,269738.63
A0013731,2024-10,269738.63,31399.01,19434.11,281703.53
A0013731,2024-11,281703.53,37364.0,32087.98,286979.55
A0013731,2024-12,286979.55,0.0,20583.19,266396.36
A0013731,2025-01,266396.36,17606.89,3216.79,280786.46
A0013731,2025-02,280786.46,3033.01,153075.03,130744.44
A0013731,2025-03,130744.44,0.0,5260.6,125483.84
A0013731,2025-04,125483.84,64265.24,12774.39,176974.69
A0013731,2025-05,176974.69,75057.55,15316.44,236715.8
A0013731,2025-06,236715.8,32766.59,9463.92,260018.47
A0013731,2025-07,260018.47,39897.09,35395.08,264520.48
A0013731,2025-08,264520.48,93902.99,55149.12,303274.35
A0013731,2025-09,303274.35,22005.89,58490.31,266789.93
A0013731,2025-10,266789.93,0.0,44367.67,222422.26
A0013731,2025-11,222422.26,33684.3,24036.97,232069.59
A0013731,2025-12,232069.59,238400.71,24731.61,445738.69
A0013731,2026-01,445738.69,65837.17,47108.87,464466.99
A0013731,2026-02,464466.99,488727.43,29649.26,923545.16
A0013731,2026-03,923545.16,34675.85,42646.6,915574.41
A0013731,2026-04,915574.41,7823.26,44863.24,878534.43
A0013731,2026-05,878534.43,419647.03,38511.07,1259670.39
A0013731,2026-06,1259670.39,42271.74,7243.71,1294698.42
A0013731,2026-07,1294698.42,20636.5,24830.42,1290504.5
A0013731,2026-08,1290504.5,89420.1,45003.86,1334920.74
A0013731,2026-09,1334920.74,46077.84,8818.09,1372180.49
A0013731,2026-10,1372180.49,21303.12,30362.84,1363120.77
A0013731,2026-11,1363120.77,19811.56,153112.42,1229819.91
A0013777,2022-07,0.0,55140.97,21447.81,33693.16
A0013777,2022-08,33693.16,3993.7,11702.3,25984.56
A0013777,2022-09,25984.56,5743.17,22491.27,9236.46
A0013777,2022-10,9236.46,4023.47,3522.18,9737.75
A0013777,2022-11,9737.75,30575.1,2962.97,37349.88
A0013777,2022-12,37349.88,19942.74,8151.83,49140.79
A0013777,2023-01,49140.79,6082.69,5404.75,49818.73
A0013777,2023-02,49818.73,1480.55,6320.32,44978.96
A0013777,2023-03,44978.96,5152.64,4421.3,45710.3
A0013777,2023-04,45710.3,111389.13,17977.45,139121.98
A0013777,2023-05,139121.98,0.0,4125.49,134996.49
A0013777,2023-06,134996.49,20656.1,7980.34,147672.25
A0013777,2023-07,147672.25,10498.83,0.0,158171.08
A0013777,2023-08,158171.08,50086.86,2048.66,206209.28
A0013777,2023-09,206209.28,3406.49,0.0,209615.77
A0013777,2023-10,209615.77,19264.62,8992.48,219887.91
A0013777,2023-11,219887.91,25021.16,18436.37,226472.7
A0013777,2023-12,226472.7,10602.79,4032.91,233042.58
A0013777,2024-01,233042.58,1561.04,13566.11,221037.51
A0013777,2024-02,221037.51,3104.04,4016.3,220125.25
A0013777,2024-03,220125.25,7821.11,4493.26,223453.1
A0013777,2024-04,223453.1,2565.82,29848.81,196170.11
A0013777,2024-05,196170.11,12601.71,4480.02,204291.8
A0013777,2024-06,204291.8,34651.99,6300.15,232643.64
A0013777,2024-07,232643.64,5289.44,19615.62,218317.46
A0013777,2024-08,218317.46,15586.35,10476.79,223427.02
A0013777,2024-09,223427.02,7460.63,19667.49,211220.16
A0013777,2024-10,211220.16,3671.16,549.3,214342.02
A0013777,2024-11,214342.02,2504.03,22297.2,194548.85
A0013777,2024-12,194548.85,7907.05,10848.25,191607.65
A0013777,2025-01,191607.65,0.0,2814.47,188793.18
A0013777,2025-02,188793.18,0.0,121108.16,67685.02
A0013777,2025-03,67685.02,20939.32,4732.65,83891.69
A0013777,2025-04,83891.69,21023.51,22243.73,82671.47
A0013777,2025-05,82671.47,7468.25,0.0,90139.72
A0013777,2025-06,90139.72,19262.24,5575.52,103826.44
A0013777,2025-07,103826.44,12631.78,45924.88,70533.34
A0013777,2025-08,70533.34,18954.97,30368.1,59120.21
A0013777,2025-09,59120.21,28415.05,8901.4,78633.86
A0013777,2025-10,78633.86,59989.54,17490.05,121133.35
A0013777,2025-11,121133.35,18498.57,20042.01,119589.91
A0013777,2025-12,119589.91,0.0,492.28,119097.63
A0013777,2026-01,119097.63,17091.45,3848.42,132340.66
A0013777,2026-02,132340.66,32473.59,26859.87,137954.38
A0013777,2026-03,137954.38,6062.73,14417.65,129599.46
A0013777,2026-04,129599.46,57662.66,22135.48,165126.64
A0013777,2026-05,165126.64,11911.09,5840.8,171196.93
A0013777,2026-06,171196.93,7029.21,20319.83,157906.31
A0013777,2026-07,157906.31,1501.06,15961.9,143445.47
A0013777,2026-08,143445.47,54302.33,11835.77,185912.03
A0013777,2026-09,185912.03,5973.19,16063.09,175822.13
A0013777,2026-10,175822.13,40688.79,65593.99,150916.93
A0013777,2026-11,150916.93,212155.04,2129.53,360942.44
A0013777,2026-12,360942.44,6088.79,2964.89,364066.34
A0013791,2022-11,0.0,1237.41,0.0,1237.41
A0013791,2022-12,1237.41,15148.33,0.0,16385.74
A0013791,2023-01,16385.74,0.0,0.0,16385.74
A0013791,2023-02,16385.74,0.0,0.0,16385.74
A0013791,2023-03,16385.74,282.24,0.0,16667.98
A0013791,2023-04,16667.98,0.0,744.24,15923.74
A0013791,2023-05,15923.74,0.0,0.0,15923.74
A0013791,2023-06,15923.74,0.0,0.0,15923.74
A0013791,2023-07,15923.74,0.0,0.0,15923.74
A0013791,2023-08,15923.74,0.0,0.0,15923.74
A0013791,2023-09,15923.74,0.0,7978.59,7945.15
A0013791,2023-10,7945.15,640.24,0.0,8585.39
A0013791,2023-11,8585.39,0.0,1165.57,7419.82
A0013791,2023-12,7419.82,22.96,0.0,7442.78
A0013791,2024-01,7442.78,257.21,0.0,7699.99
A0013791,2024-02,7699.99,0.0,0.0,7699.99
A0013791,2024-03,7699.99,0.0,0.0,7699.99
A0013791,2024-04,7699.99,984.39,0.0,8684.38
A0013791,2024-05,8684.38,0.0,0.0,8684.38
A0013791,2024-06,8684.38,0.0,0.0,8684.38
A0013791,2024-07,8684.38,0.0,726.7,7957.68
A0013791,2024-08,7957.68,0.0,47.04,7910.64
A0013791,2024-09,7910.64,0.0,0.0,7910.64
A0013791,2024-10,7910.64,0.0,121.84,7788.8
A0013791,2024-11,7788.8,0.0,146.34,7642.46
A0013791,2024-12,7642.46,245.37,0.0,7887.83
A0013791,2025-01,7887.83,69977.41,675.11,77190.13
A0013791,2025-02,77190.13,14.65,0.0,77204.78
A0013791,2025-03,77204.78,47.16,1279.63,75972.31
A0013791,2025-04,75972.31,0.0,0.0,75972.31
A0013791,2025-05,75972.31,0.0,0.0,75972.31
A0013791,2025-06,75972.31,0.0,456.26,75516.05
A0013791,2025-07,75516.05,0.0,0.0,75516.05
A0013791,2025-08,75516.05,87.03,0.0,75603.08
A0013791,2025-09,75603.08,281.89,0.0,75884.97
A0013791,2025-10,75884.97,59.09,0.0,75944.06
A0013791,2025-11,75944.06,803.05,87.73,76659.38
A0013791,2025-12,76659.38,632.85,579.4,76712.83
A0013791,2026-01,76712.83,225.35,0.0,76938.18
A0013791,2026-02,76938.18,0.0,204.29,76733.89
A0013791,2026-03,76733.89,191.0,0.0,76924.89
A0013791,2026-04,76924.89,140.3,25587.04,51478.15
A0013791,2026-05,51478.15,0.0,895.5,50582.65
A0013791,2026-06,50582.65,0.0,0.0,50582.65
A0013791,2026-07,50582.65,0.0,165.62,50417.03
A0013791,2026-08,50417.03,491.48,262.05,50646.46
A0013791,2026-09,50646.46,187.31,3526.47,47307.3
A0013791,2026-10,47307.3,0.0,0.0,47307.3
A0013791,2026-11,47307.3,0.0,72.16,47235.14
A0013791,2026-12,47235.14,124.55,357.64,47002.05
A0013799,2022-05,0.0,369.42,0.0,369.42
A0013799,2022-06,369.42,0.0,0.0,369.42
A0013799,2022-07,369.42,971.83,0.0,1341.25
A0013799,2022-08,1341.25,0.0,0.0,1341.25
A0013799,2022-09,1341.25,0.0,0.0,1341.25
A0013799,2022-10,1341.25,161.4,419.61,1083.04
A0013799,2022-11,1083.04,54000.0,0.0,55083.04
A0013799,2022-12,55083.04,255.8,2977.19,52361.65
A0013799,2023-01,52361.65,0.0,1137.27,51224.38
A0013799,2023-02,51224.38,0.0,345.64,50878.74
A0013799,2023-03,50878.74,0.0,1364.15,49514.59
A0013799,2023-04,49514.59,40529.53,1354.5,88689.62
A0013799,2023-05,88689.62,678.22,1277.57,88090.27
A0013799,2023-06,88090.27,412.93,1235.55,87267.65
A0013799,2023-07,87267.65,464.91,0.0,87732.56
A0013799,2023-08,87732.56,0.0,1245.66,86486.9
A0013799,2023-09,86486.9,258.22,321.38,86423.74
A0013799,2023-10,86423.74,0.0,1137.27,85286.47
A0013799,2023-11,85286.47,452.42,1137.27,84601.62
A0013799,2023-12,84601.62,372.91,1509.63,83464.9
A0013799,2024-01,83464.9,638.88,1546.08,82557.7
A0013799,2024-02,82557.7,24639.12,1508.03,105688.79
A0013799,2024-03,105688.79,882.95,82645.68,23926.06
A0013799,2024-04,23926.06,0.0,1982.97,21943.09
A0013799,2024-05,21943.09,0.0,1232.85,20710.24
A0013799,2024-06,20710.24,0.0,3207.86,17502.38
A0013799,2024-07,17502.38,0.0,1255.68,16246.7
A0013799,2024-08,16246.7,0.0,1605.04,14641.66
A0013799,2024-09,14641.66,0.0,1137.27,13504.39
A0013799,2024-10,13504.39,0.0,5318.42,8185.97
A0013799,2024-11,8185.97,240.1,1590.08,6835.99
A0013799,2024-12,6835.99,385.7,1137.27,6084.42
A0013799,2025-01,6084.42,154.02,1196.68,5041.76
A0013799,2025-02,5041.76,0.0,1191.47,3850.29
A0013799,2025-03,3850.29,167.83,1137.27,2880.85
A0013799,2025-04,2880.85,322.42,256.83,2946.44
A0013799,2025-05,2946.44,1620.2,201.58,4365.06
A0013799,2025-06,4365.06,77.12,0.0,4442.18
A0013799,2025-07,4442.18,0.0,0.0,4442.18
A0013799,2025-08,4442.18,655.68,2139.44,2958.42
A0013799,2025-09,2958.42,339.41,39.44,3258.39
A0013799,2025-10,3258.39,205.59,263.52,3200.46
A0013799,2025-11,3200.46,0.0,1692.69,1507.77
A0013799,2025-12,1507.77,1155.58,1665.42,997.93
A0013799,2026-01,997.93,197.47,1068.35,127.05
A0013799,2026-02,127.05,326.08,0.0,453.13
A0013799,2026-03,453.13,627.88,0.0,1081.01
A0013799,2026-04,1081.01,25215.41,1760.4,24536.02
A0013799,2026-05,24536.02,0.0,1895.29,22640.73
A0013799,2026-06,22640.73,81.38,1137.27,21584.84
A0013799,2026-07,21584.84,349.02,1137.27,20796.59
A0013799,2026-08,20796.59,0.0,53.53,20743.06
A0013799,2026-09,20743.06,140.35,1137.27,19746.14
A0013799,2026-10,19746.14,0.0,1137.27,18608.87
A0013799,2026-11,18608.87,250.5,81.26,18778.11
A0013799,2026-12,18778.11,0.0,1594.68,17183.43
A0013800,2022-03,0.0,205309.69,0.0,205309.69
A0013800,2022-04,205309.69,1182.56,0.0,206492.25
A0013800,2022-05,206492.25,1292.05,0.0,207784.3
A0013800,2022-06,207784.3,1245.58,0.0,209029.88
A0013800,2022-07,209029.88,1266.11,0.0,210295.99
A0013800,2022-08,210295.99,1220.67,0.0,211516.66
A0013800,2022-09,211516.66,1243.66,0.0,212760.32
A0013800,2022-10,212760.32,1161.69,0.0,213922.01
A0013800,2022-11,213922.01,1217.39,0.0,215139.4
A0013800,2022-12,215139.4,1219.26,0.0,216358.66
A0013800,2023-01,216358.66,1727.37,0.0,218086.03
A0013800,2023-02,218086.03,1644.54,0.0,219730.57
A0013800,2023-03,219730.57,1630.11,0.0,221360.68
A0013800,2023-04,221360.68,1609.44,0.0,222970.12
A0013800,2023-05,222970.12,1723.88,0.0,224694.0
A0013800,2023-06,224694.0,1789.98,0.0,226483.98
A0013800,2023-07,226483.98,1602.79,0.0,228086.77
A0013800,2023-08,228086.77,1806.24,0.0,229893.01
A0013800,2023-09,229893.01,1741.31,0.0,231634.32
A0013800,2023-10,231634.32,1619.19,0.0,233253.51
A0013800,2023-11,233253.51,1749.85,0.0,235003.36
A0013800,2023-12,235003.36,1756.41,0.0,236759.77
A0013800,2024-01,236759.77,1484.33,0.0,238244.1
A0013800,2024-02,238244.1,1535.25,0.0,239779.35
A0013800,2024-03,239779.35,1552.73,0.0,241332.08
A0013800,2024-04,241332.08,1418.07,0.0,242750.15
A0013800,2024-05,242750.15,1543.72,0.0,244293.87
A0013800,2024-06,244293.87,1509.52,0.0,245803.39
A0013800,2024-07,245803.39,1591.82,0.0,247395.21
A0013800,2024-08,247395.21,1569.17,0.0,248964.38
A0013800,2024-09,248964.38,1607.27,0.0,250571.65
A0013800,2024-10,250571.65,1587.32,0.0,252158.97
A0013800,2024-11,252158.97,1644.14,0.0,253803.11
A0013800,2024-12,253803.11,1498.24,0.0,255301.35
A0013800,2025-01,255301.35,1370.75,0.0,256672.1
A0013800,2025-02,256672.1,1412.95,0.0,258085.05
A0013800,2025-03,258085.05,1400.47,0.0,259485.52
A0013800,2025-04,259485.52,1434.14,0.0,260919.66
A0013800,2025-05,260919.66,1489.41,0.0,262409.07
A0013800,2025-06,262409.07,1362.2,0.0,263771.27
A0013800,2025-07,263771.27,1461.02,0.0,265232.29
A0013800,2025-08,265232.29,1379.43,0.0,266611.72
A0013800,2025-09,266611.72,1294.29,0.0,267906.01
A0013800,2025-10,267906.01,1474.92,0.0,269380.93
A0013800,2025-11,269380.93,1513.9,0.0,270894.83
A0013800,2025-12,270894.83,1512.53,0.0,272407.36
A0013800,2026-01,272407.36,1411.75,0.0,273819.11
A0013800,2026-02,273819.11,1383.54,0.0,275202.65
A0013800,2026-03,275202.65,1410.66,0.0,276613.31
A0013800,2026-04,276613.31,1388.12,0.0,278001.43
A0013800,2026-05,278001.43,1385.57,0.0,279387.0
A0013800,2026-06,279387.0,1343.89,0.0,280730.89
A0013800,2026-07,280730.89,1383.83,0.0,282114.72
A0013800,2026-08,282114.72,1420.09,0.0,283534.81
A0013800,2026-09,283534.81,1395.39,0.0,284930.2
A0013800,2026-10,284930.2,1478.67,0.0,286408.87
A0013800,2026-11,286408.87,1435.69,0.0,287844.56
A0013800,2026-12,287844.56,1322.91,0.0,289167.47
A0013822,2022-05,0.0,121266.66,44354.07,76912.59
A0013822,2022-06,76912.59,44384.74,90238.7,31058.63
A0013822,2022-07,31058.63,30344.43,45343.9,16059.16
A0013822,2022-08,16059.16,23090.32,17598.88,21550.6
A0013822,2022-09,21550.6,2278.91,23568.19,261.32
A0013822,2022-10,261.32,74843.46,38640.33,36464.45
A0013822,2022-11,36464.45,13020.53,11382.83,38102.15
A0013822,2022-12,38102.15,99962.23,41602.79,96461.59
A0013822,2023-01,96461.59,0.0,53766.45,42695.14
A0013822,2023-02,42695.14,40329.81,15838.99,67185.96
A0013822,2023-03,67185.96,10872.71,8706.57,69352.1
A0013822,2023-04,69352.1,134978.31,62828.4,141502.01
A0013822,2023-05,141502.01,35207.08,20978.72,155730.37
A0013822,2023-06,155730.37,13602.57,41214.36,128118.58
A0013822,2023-07,128118.58,55388.7,18444.68,165062.6
A0013822,2023-08,165062.6,25097.14,9952.11,180207.63
A0013822,2023-09,180207.63,97809.12,38450.03,239566.72
A0013822,2023-10,239566.72,2334.8,3810.6,238090.92
A0013822,2023-11,238090.92,387170.68,24599.93,600661.67
A0013822,2023-12,600661.67,3240.33,20247.15,583654.85
A0013822,2024-01,583654.85,94821.27,8368.26,670107.86
A0013822,2024-02,670107.86,63296.6,20563.13,712841.33
A0013822,2024-03,712841.33,0.0,246738.62,466102.71
A0013822,2024-04,466102.71,88966.45,129138.41,425930.75
A0013822,2024-05,425930.75,54699.5,121416.23,359214.02
A0013822,2024-06,359214.02,38422.66,39014.62,358622.06
A0013822,2024-07,358622.06,251041.39,53613.58,556049.87
A0013822,2024-08,556049.87,59771.9,68766.46,547055.31
A0013822,2024-09,547055.31,24593.21,11674.83,559973.69
A0013822,2024-10,559973.69,58305.85,66943.01,551336.53
A0013822,2024-11,551336.53,8602.96,39120.66,520818.83
A0013822,2024-12,520818.83,74802.1,10933.54,584687.39
A0013822,2025-01,584687.39,26656.23,56909.18,554434.44
A0013822,2025-02,554434.44,114612.22,61909.47,607137.19
A0013822,2025-03,607137.19,85033.21,192599.56,499570.84
A0013822,2025-04,499570.84,10223.85,83605.16,426189.53
A0013822,2025-05,426189.53,10420.14,136102.87,300506.8
A0013822,2025-06,300506.8,77552.9,124720.98,253338.72
A0013822,2025-07,253338.72,9342.51,19303.08,243378.15
A0013822,2025-08,243378.15,15938.66,12813.32,246503.49
A0013822,2025-09,246503.49,67378.45,81819.42,232062.52
A0013822,2025-10,232062.52,77504.85,24866.72,284700.65
A0013822,2025-11,284700.65,57162.64,147321.02,194542.27
A0013822,2025-12,194542.27,109504.92,97957.44,206089.75
A0013822,2026-01,206089.75,65082.12,66982.83,204189.04
A0013822,2026-02,204189.04,47168.68,43483.72,207874.0
A0013822,2026-03,207874.0,51417.38,11620.94,247670.44
A0013822,2026-04,247670.44,14810.73,67647.52,194833.65
A0013822,2026-05,194833.65,138783.69,14447.19,319170.15
A0013822,2026-06,319170.15,50369.66,50574.25,318965.56
A0013822,2026-07,318965.56,6436.36,17813.22,307588.7
A0013822,2026-08,307588.7,37949.99,83234.97,262303.72
A0013822,2026-09,262303.72,90312.28,53581.05,299034.95
A0013822,2026-10,299034.95,61198.24,83947.14,276286.05
A0013822,2026-11,276286.05,10028.48,117759.43,168555.1
A0013822,2026-12,168555.1,36959.58,54054.95,151459.73
A0013864,2022-05,0.0,42483.76,9768.54,32715.22
A0013864,2022-06,32715.22,15732.77,42800.1,5647.89
A0013864,2022-07,5647.89,0.0,1142.16,4505.73
A0013864,2022-08,4505.73,57588.99,5711.47,56383.25
A0013864,2022-09,56383.25,23957.08,4398.76,75941.57
A0013864,2022-10,75941.57,41000.59,43547.41,73394.75
A0013864,2022-11,73394.75,27330.27,20505.67,80219.35
A0013864,2022-12,80219.35,44505.39,29523.14,95201.6
A0013864,2023-01,95201.6,46660.2,17717.36,124144.44
A0013864,2023-02,124144.44,2296.04,5425.52,121014.96
A0013864,2023-03,121014.96,24543.68,29037.13,116521.51
A0013864,2023-04,116521.51,1689.04,7560.66,110649.89
A0013864,2023-05,110649.89,24529.89,17376.78,117803.0
A0013864,2023-06,117803.0,15543.34,19383.45,113962.89
A0013864,2023-07,113962.89,114381.32,10648.65,217695.56
A0013864,2023-08,217695.56,38196.41,24398.01,231493.96
A0013864,2023-09,231493.96,14516.6,27182.55,218828.01
A0013864,2023-10,218828.01,10860.04,8569.41,221118.64
A0013864,2023-11,221118.64,47407.73,32015.1,236511.27
A0013864,2023-12,236511.27,44205.11,21811.64,258904.74
A0013864,2024-01,258904.74,48258.57,10776.02,296387.29
A0013864,2024-02,296387.29,8605.94,0.0,304993.23
A0013864,2024-03,304993.23,48654.4,100602.89,253044.74
A0013864,2024-04,253044.74,46015.98,22343.85,276716.87
A0013864,2024-05,276716.87,5722.56,2236.34,280203.09
A0013864,2024-06,280203.09,2956.63,5761.53,277398.19
A0013864,2024-07,277398.19,36378.04,13988.6,299787.63
A0013864,2024-08,299787.63,47216.35,33347.6,313656.38
A0013864,2024-09,313656.38,37854.76,16628.48,334882.66
A0013864,2024-10,334882.66,40849.56,291558.95,84173.27
A0013864,2024-11,84173.27,12843.39,20055.79,76960.87
A0013864,2024-12,76960.87,12922.62,23023.9,66859.59
A0013864,2025-01,66859.59,16089.17,33243.7,49705.06
A0013864,2025-02,49705.06,11401.98,13093.05,48013.99
A0013864,2025-03,48013.99,7669.63,7069.27,48614.35
A0013864,2025-04,48614.35,68478.81,59718.08,57375.08
A0013864,2025-05,57375.08,7281.61,48910.73,15745.96
A0013864,2025-06,15745.96,10768.25,24066.71,2447.5
A0013864,2025-07,2447.5,93709.87,53661.61,42495.76
A0013864,2025-08,42495.76,24632.39,33684.89,33443.26
A0013864,2025-09,33443.26,21067.27,50563.35,3947.18
A0013864,2025-10,3947.18,55468.51,10286.88,49128.81
A0013864,2025-11,49128.81,5433.78,7968.94,46593.65
A0013864,2025-12,46593.65,25191.34,15290.18,56494.81
A0013864,2026-01,56494.81,49321.62,9858.25,95958.18
A0013864,2026-02,95958.18,22108.19,6049.81,112016.56
A0013864,2026-03,112016.56,34247.4,12910.31,133353.65
A0013864,2026-04,133353.65,18332.32,11791.71,139894.26
A0013864,2026-05,139894.26,1846.24,10498.67,131241.83
A0013864,2026-06,131241.83,0.0,68991.12,62250.71
A0013864,2026-07,62250.71,11707.28,6140.86,67817.13
A0013864,2026-08,67817.13,86891.81,55751.91,98957.03
A0013864,2026-09,98957.03,6879.7,55893.59,49943.14
A0013864,2026-10,49943.14,85912.52,7154.84,128700.82
A0013864,2026-11,128700.82,15057.94,64276.43,79482.33
A0013864,2026-12,79482.33,44651.52,50038.49,74095.36
A0013869,2022-06,0.0,126872.15,35794.61,91077.54
A0013869,2022-07,91077.54,50894.75,58797.25,83175.04
A0013869,2022-08,83175.04,74992.96,45689.22,112478.78
A0013869,2022-09,112478.78,79365.95,7473.14,184371.59
A0013869,2022-10,184371.59,60637.98,93569.79,151439.78
A0013869,2022-11,151439.78,714568.52,34347.78,831660.52
A0013869,2022-12,831660.52,66522.6,38148.06,860035.06
A0013869,2023-01,860035.06,0.0,43889.05,816146.01
A0013869,2023-02,816146.01,90441.39,167772.18,738815.22
A0013869,2023-03,738815.22,112692.22,45207.58,806299.86
A0013869,2023-04,806299.86,52104.13,52206.0,806197.99
A0013869,2023-05,806197.99,52363.87,10680.06,847881.8
A0013869,2023-06,847881.8,64953.97,22905.21,889930.56
A0013869,2023-07,889930.56,98689.76,163812.86,824807.46
A0013869,2023-08,824807.46,58394.45,28969.47,854232.44
A0013869,2023-09,854232.44,101772.22,59958.85,896045.81
A0013869,2023-10,896045.81,164751.91,144603.16,916194.56
A0013869,2023-11,916194.56,162497.67,98163.56,980528.67
A0013869,2023-12,980528.67,18406.29,140012.93,858922.03
A0013869,2024-01,858922.03,61540.26,151137.0,769325.29
A0013869,2024-02,769325.29,56588.14,30547.84,795365.59
A0013869,2024-03,795365.59,71702.97,150143.81,716924.75
A0013869,2024-04,716924.75,54760.99,40833.01,730852.73
A0013869,2024-05,730852.73,73320.33,20313.3,783859.76
A0013869,2024-06,783859.76,69824.12,29340.46,824343.42
A0013869,2024-07,824343.42,51370.8,38432.51,837281.71
A0013869,2024-08,837281.71,82727.4,119279.14,800729.97
A0013869,2024-09,800729.97,53336.16,115184.89,738881.24
A0013869,2024-10,738881.24,90644.5,54075.03,775450.71
A0013869,2024-11,775450.71,120011.46,126704.24,768757.93
A0013869,2024-12,768757.93,31514.06,39139.0,761132.99
A0013869,2025-01,761132.99,83930.13,105239.64,739823.48
A0013869,2025-02,739823.48,102797.39,38392.82,804228.05
A0013869,2025-03,804228.05,52367.94,172284.16,684311.83
A0013869,2025-04,684311.83,82228.12,91114.64,675425.31
A0013869,2025-05,675425.31,51929.97,61242.28,666113.0
A0013869,2025-06,666113.0,69318.65,34277.87,701153.78
A0013869,2025-07,701153.78,95215.88,20699.72,775669.94
A0013869,2025-08,775669.94,105912.95,49861.67,831721.22
A0013869,2025-09,831721.22,108900.88,61120.8,879501.3
A0013869,2025-10,879501.3,66599.98,278353.89,667747.39
A0013869,2025-11,667747.39,82132.44,29075.04,720804.79
A0013869,2025-12,720804.79,146374.24,41726.78,825452.25
A0013869,2026-01,825452.25,101841.04,48358.78,878934.51
A0013869,2026-02,878934.51,51544.84,85023.16,845456.19
A0013869,2026-03,845456.19,70591.59,18565.96,897481.82
A0013869,2026-04,897481.82,55470.91,71405.22,881547.51
A0013869,2026-05,881547.51,60441.13,20488.15,921500.49
A0013869,2026-06,921500.49,27635.9,61350.66,887785.73
A0013869,2026-07,887785.73,172079.95,137809.98,922055.7
A0013869,2026-08,922055.7,89190.17,131736.84,879509.03
A0013869,2026-09,879509.03,59330.55,151340.31,787499.27
A0013869,2026-10,787499.27,45796.87,131998.93,701297.21
A0013869,2026-11,701297.21,132214.03,33936.98,799574.26
A0013869,2026-12,799574.26,64481.82,91501.86,772554.22
A0013870,2022-09,0.0,21142.27,4383.13,16759.14
A0013870,2022-10,16759.14,20415.56,4705.85,32468.85
A0013870,2022-11,32468.85,20450.09,27036.9,25882.04
A0013870,2022-12,25882.04,15180.18,29848.1,11214.12
A0013870,2023-01,11214.12,10544.45,4705.85,17052.72
A0013870,2023-02,17052.72,621.11,2778.84,14894.99
A0013870,2023-03,14894.99,27987.19,24090.82,18791.36
A0013870,2023-04,18791.36,0.0,6868.15,11923.21
A0013870,2023-05,11923.21,9278.25,6728.4,14473.06
A0013870,2023-06,14473.06,0.0,0.0,14473.06
A0013870,2023-07,14473.06,7297.93,6826.21,14944.78
A0013870,2023-08,14944.78,1478.75,7085.53,9338.0
A0013870,2023-09,9338.0,12409.16,0.0,21747.16
A0013870,2023-10,21747.16,13098.94,17980.45,16865.65
A0013870,2023-11,16865.65,17786.15,3207.41,31444.39
A0013870,2023-12,31444.39,54978.63,0.0,86423.02
A0013870,2024-01,86423.02,0.0,4037.17,82385.85
A0013870,2024-02,82385.85,16220.07,21360.48,77245.44
A0013870,2024-03,77245.44,0.0,6489.87,70755.57
A0013870,2024-04,70755.57,0.0,30116.96,40638.61
A0013870,2024-05,40638.61,0.0,6321.34,34317.27
A0013870,2024-06,34317.27,2853.56,0.0,37170.83
A0013870,2024-07,37170.83,60478.69,29251.0,68398.52
A0013870,2024-08,68398.52,8975.15,5491.28,71882.39
A0013870,2024-09,71882.39,13119.71,5062.16,79939.94
A0013870,2024-10,79939.94,0.0,1829.11,78110.83
A0013870,2024-11,78110.83,8492.97,20320.18,66283.62
A0013870,2024-12,66283.62,0.0,25712.64,40570.98
A0013870,2025-01,40570.98,0.0,1716.33,38854.65
A0013870,2025-02,38854.65,61358.69,9827.28,90386.06
A0013870,2025-03,90386.06,4154.66,4622.65,89918.07
A0013870,2025-04,89918.07,18470.36,8129.86,100258.57
A0013870,2025-05,100258.57,4181.85,19318.23,85122.19
A0013870,2025-06,85122.19,0.0,2849.84,82272.35
A0013870,2025-07,82272.35,5082.62,3567.42,83787.55
A0013870,2025-08,83787.55,153549.64,14662.63,222674.56
A0013870,2025-09,222674.56,2936.3,26811.63,198799.23
A0013870,2025-10,198799.23,51348.85,23406.04,226742.04
A0013870,2025-11,226742.04,28382.34,5097.36,250027.02
A0013870,2025-12,250027.02,0.0,6526.73,243500.29
A0013870,2026-01,243500.29,49951.37,3164.96,290286.7
A0013870,2026-02,290286.7,50318.07,0.0,340604.77
A0013870,2026-03,340604.77,46862.08,16260.53,371206.32
A0013870,2026-04,371206.32,8230.76,19541.8,359895.28
A0013870,2026-05,359895.28,16952.18,13081.87,363765.59
A0013870,2026-06,363765.59,22626.06,21822.36,364569.29
A0013870,2026-07,364569.29,25418.26,12880.86,377106.69
A0013870,2026-08,377106.69,46411.57,2051.0,421467.26
A0013870,2026-09,421467.26,3117.35,60535.86,364048.75
A0013870,2026-10,364048.75,7016.44,5944.87,365120.32
A0013870,2026-11,365120.32,44664.06,21170.78,388613.6
A0013870,2026-12,388613.6,50424.1,27005.53,412032.17
A0013889,2022-11,0.0,130388.07,5664.26,124723.81
A0013889,2022-12,124723.81,15812.08,80262.47,60273.42
A0013889,2023-01,60273.42,348513.79,131815.11,276972.1
A0013889,2023-02,276972.1,62636.71,91601.87,248006.94
A0013889,2023-03,248006.94,55449.1,184030.54,119425.5
A0013889,2023-04,119425.5,74935.54,186594.71,7766.33
A0013889,2023-05,7766.33,63346.67,60112.1,11000.9
A0013889,2023-06,11000.9,41945.21,9063.21,43882.9
A0013889,2023-07,43882.9,47588.99,64792.36,26679.53
A0013949,2022-06,0.0,76749.97,15395.65,61354.32
A0013949,2022-07,61354.32,74262.19,60290.37,75326.14
A0013949,2022-08,75326.14,101543.99,113477.57,63392.56
A0013949,2022-09,63392.56,83798.76,70841.41,76349.91
A0013971,2022-02,0.0,13488.73,646.15,12842.58
A0013971,2022-03,12842.58,0.0,8777.18,4065.4
A0013971,2022-04,4065.4,34301.31,15566.51,22800.2
A0013971,2022-05,22800.2,0.0,0.0,22800.2
A0013971,2022-06,22800.2,117376.13,4366.77,135809.56
A0013971,2022-07,135809.56,0.0,15099.34,120710.22
A0013971,2022-08,120710.22,2573.06,10064.61,113218.67
A0013971,2022-09,113218.67,8208.9,25586.12,95841.45
A0013971,2022-10,95841.45,13310.66,20598.08,88554.03
A0013971,2022-11,88554.03,16761.94,5300.27,100015.7
A0013971,2022-12,100015.7,23344.74,9802.68,113557.76
A0013971,2023-01,113557.76,6167.06,3478.13,116246.69
A0013971,2023-02,116246.69,46629.14,103157.23,59718.6
A0013971,2023-03,59718.6,15785.02,19042.52,56461.1
A0013971,2023-04,56461.1,21031.01,42093.12,35398.99
A0013971,2023-05,35398.99,11765.36,5448.72,41715.63
A0013971,2023-06,41715.63,10820.21,8848.61,43687.23
A0013971,2023-07,43687.23,0.0,604.91,43082.32
A0013971,2023-08,43082.32,0.0,5951.42,37130.9
A0013971,2023-09,37130.9,14610.39,15294.37,36446.92
A0013971,2023-10,36446.92,28148.39,44314.71,20280.6
A0013971,2023-11,20280.6,68935.7,3265.92,85950.38
A0013971,2023-12,85950.38,20180.78,19804.83,86326.33
A0013971,2024-01,86326.33,18273.23,29902.64,74696.92
A0013971,2024-02,74696.92,4972.53,62841.79,16827.66
A0013971,2024-03,16827.66,9507.99,13463.31,12872.34
A0013971,2024-04,12872.34,51764.58,2657.7,61979.22
A0013971,2024-05,61979.22,50980.5,53589.97,59369.75
A0013971,2024-06,59369.75,99301.49,10017.51,148653.73
A0013971,2024-07,148653.73,0.0,14950.61,133703.12
A0013971,2024-08,133703.12,3478.94,982.7,136199.36
A0013971,2024-09,136199.36,0.0,4072.52,132126.84
A0013971,2024-10,132126.84,19685.6,12526.31,139286.13
A0013971,2024-11,139286.13,10232.95,30235.83,119283.25
A0013971,2024-12,119283.25,32527.63,98944.25,52866.63
A0013971,2025-01,52866.63,25275.37,3742.36,74399.64
A0013971,2025-02,74399.64,0.0,61614.91,12784.73
A0013971,2025-03,12784.73,159283.01,10883.17,161184.57
A0013971,2025-04,161184.57,53447.44,79718.06,134913.95
A0013971,2025-05,134913.95,6742.49,28245.58,113410.86
A0013971,2025-06,113410.86,43916.59,29912.71,127414.74
A0013971,2025-07,127414.74,13662.89,27265.61,113812.02
A0013971,2025-08,113812.02,18869.78,34897.36,97784.44
A0013971,2025-09,97784.44,35532.91,1733.22,131584.13
A0013971,2025-10,131584.13,20191.76,144090.03,7685.86
A0013971,2025-11,7685.86,11103.36,11896.28,6892.94
A0013971,2025-12,6892.94,44128.69,32553.77,18467.86
A0013971,2026-01,18467.86,36537.3,26849.08,28156.08
A0013971,2026-02,28156.08,267503.64,2083.54,293576.18
A0013971,2026-03,293576.18,5930.48,18338.58,281168.08
A0013971,2026-04,281168.08,0.0,36629.77,244538.31
A0013971,2026-05,244538.31,12929.66,5073.49,252394.48
A0013971,2026-06,252394.48,1406.16,4220.65,249579.99
A0013971,2026-07,249579.99,44399.2,26363.43,267615.76
A0013971,2026-08,267615.76,0.0,15503.02,252112.74
A0013971,2026-09,252112.74,43894.75,28142.53,267864.96
A0013971,2026-10,267864.96,0.0,41267.57,226597.39
A0013971,2026-11,226597.39,95760.43,14842.17,307515.65
A0013971,2026-12,307515.65,3241.19,8706.9,302049.94
A0014003,2022-07,0.0,602.08,0.0,602.08
A0014003,2022-08,602.08,213.99,0.0,816.07
A0014003,2022-09,816.07,666.85,0.0,1482.92
A0014003,2022-10,1482.92,308.33,14.25,1777.0
A0014003,2022-11,1777.0,188.58,0.0,1965.58
A0014003,2022-12,1965.58,0.0,0.0,1965.58
A0014003,2023-01,1965.58,32.01,93.24,1904.35
A0014003,2023-02,1904.35,49.22,42.66,1910.91
A0014003,2023-03,1910.91,476.43,0.0,2387.34
A0014003,2023-04,2387.34,0.0,326.2,2061.14
A0014003,2023-05,2061.14,80.62,53.79,2087.97
A0014003,2023-06,2087.97,12.96,309.58,1791.35
A0014003,2023-07,1791.35,0.0,0.0,1791.35
A0014003,2023-08,1791.35,0.0,175.38,1615.97
A0014003,2023-09,1615.97,0.0,633.03,982.94
A0014003,2023-10,982.94,14917.25,376.7,15523.49
A0014003,2023-11,15523.49,211.98,56.3,15679.17
A0014003,2023-12,15679.17,670.66,80.3,16269.53
A0014003,2024-01,16269.53,0.0,53.1,16216.43
A0014003,2024-02,16216.43,0.0,5.16,16211.27
A0014003,2024-03,16211.27,1140.03,102.14,17249.16
A0014003,2024-04,17249.16,0.0,0.0,17249.16
A0014003,2024-05,17249.16,252.71,446.15,17055.72
A0014003,2024-06,17055.72,30.91,135.83,16950.8
A0014003,2024-07,16950.8,162.11,100.97,17011.94
A0014003,2024-08,17011.94,0.0,217.99,16793.95
A0014003,2024-09,16793.95,0.0,0.0,16793.95
A0014003,2024-10,16793.95,217.63,0.0,17011.58
A0014003,2024-11,17011.58,0.0,30.16,16981.42
A0014003,2024-12,16981.42,0.0,2025.64,14955.78
A0014003,2025-01,14955.78,356.58,60.07,15252.29
A0014003,2025-02,15252.29,359.79,61.58,15550.5
A0014003,2025-03,15550.5,0.0,338.04,15212.46
A0014003,2025-04,15212.46,0.0,0.0,15212.46
A0014003,2025-05,15212.46,0.0,293.79,14918.67
A0014003,2025-06,14918.67,316.45,1110.56,14124.56
A0014003,2025-07,14124.56,92.15,0.0,14216.71
A0014003,2025-08,14216.71,280.02,19.34,14477.39
A0014003,2025-09,14477.39,729.83,15.85,15191.37
A0014003,2025-10,15191.37,65.52,46.9,15209.99
A0014003,2025-11,15209.99,0.0,0.0,15209.99
A0014003,2025-12,15209.99,67783.82,208.56,82785.25
A0014003,2026-01,82785.25,874.83,0.0,83660.08
A0014003,2026-02,83660.08,961.47,89.05,84532.5
A0014003,2026-03,84532.5,0.0,0.0,84532.5
A0014003,2026-04,84532.5,0.0,667.83,83864.67
A0014003,2026-05,83864.67,335.61,0.0,84200.28
A0014003,2026-06,84200.28,228.63,212.18,84216.73
A0014003,2026-07,84216.73,219.84,0.0,84436.57
A0014003,2026-08,84436.57,18.02,317.39,84137.2
A0014003,2026-09,84137.2,238.75,681.28,83694.67
A0014003,2026-10,83694.67,0.0,0.0,83694.67
A0014003,2026-11,83694.67,382.82,197.4,83880.09
A0014003,2026-12,83880.09,402.98,45.79,84237.28
A0014020,2022-02,0.0,1296324.79,299443.03,996881.76
A0014020,2022-03,996881.76,339719.4,228311.48,1108289.68
A0014020,2022-04,1108289.68,422299.72,602155.87,928433.53
A0014020,2022-05,928433.53,834679.41,784163.37,978949.57
A0014020,2022-06,978949.57,793839.3,1041826.3,730962.57
A0014020,2022-07,730962.57,207590.71,933145.5,5407.78
A0014020,2022-08,5407.78,1249087.28,309356.9,945138.16
A0014020,2022-09,945138.16,818962.83,1763767.32,333.67
A0014020,2022-10,333.67,337784.08,257734.88,80382.87
A0014020,2022-11,80382.87,498868.34,104100.21,475151.0
A0014020,2022-12,475151.0,927888.59,588661.34,814378.25
A0014020,2023-01,814378.25,363803.89,513385.79,664796.35
A0014020,2023-02,664796.35,786136.7,897041.95,553891.1
A0014020,2023-03,553891.1,65988.1,263702.76,356176.44
A0014020,2023-04,356176.44,622515.73,941980.82,36711.35
A0014020,2023-05,36711.35,439417.95,180785.32,295343.98
A0014020,2023-06,295343.98,681777.32,583034.68,394086.62
A0014020,2023-07,394086.62,470071.02,424217.55,439940.09
A0014020,2023-08,439940.09,555928.11,225822.16,770046.04
A0014020,2023-09,770046.04,597415.34,1138900.63,228560.75
A0014020,2023-10,228560.75,649675.18,594893.8,283342.13
A0014020,2023-11,283342.13,1158474.78,539121.17,902695.74
A0014020,2023-12,902695.74,655995.01,240201.24,1318489.51
A0014020,2024-01,1318489.51,425012.32,367998.99,1375502.84
A0014020,2024-02,1375502.84,600747.43,978146.99,998103.28
A0014020,2024-03,998103.28,454497.22,388730.95,1063869.55
A0014020,2024-04,1063869.55,452413.37,354866.55,1161416.37
A0014020,2024-05,1161416.37,581754.39,857927.47,885243.29
A0014020,2024-06,885243.29,444090.0,489378.64,839954.65
A0014020,2024-07,839954.65,443637.89,289877.56,993714.98
A0014020,2024-08,993714.98,817045.08,434854.33,1375905.73
A0014020,2024-09,1375905.73,478280.97,321949.21,1532237.49
A0014020,2024-10,1532237.49,421359.08,1520341.57,433255.0
A0014020,2024-11,433255.0,359221.37,396308.41,396167.96
A0014020,2024-12,396167.96,1132499.68,1093491.95,435175.69
A0014020,2025-01,435175.69,607115.83,700955.18,341336.34
A0014020,2025-02,341336.34,503992.34,235706.75,609621.93
A0014020,2025-03,609621.93,633748.13,247788.87,995581.19
A0014020,2025-04,995581.19,500037.23,641714.04,853904.38
A0014020,2025-05,853904.38,439233.97,292488.15,1000650.2
A0014020,2025-06,1000650.2,580010.13,347597.36,1233062.97
A0014020,2025-07,1233062.97,419362.89,253113.78,1399312.08
A0014020,2025-08,1399312.08,735162.9,446881.14,1687593.84
A0014020,2025-09,1687593.84,684922.84,657152.61,1715364.07
A0014020,2025-10,1715364.07,396916.76,594748.59,1517532.24
A0014020,2025-11,1517532.24,1165062.15,473338.36,2209256.03
A0014020,2025-12,2209256.03,444370.88,1368927.8,1284699.11
A0014020,2026-01,1284699.11,13781.31,738827.25,559653.17
A0014020,2026-02,559653.17,477677.91,334469.96,702861.12
A0014020,2026-03,702861.12,770206.77,562015.24,911052.65
A0014020,2026-04,911052.65,841417.63,222161.28,1530309.0
A0014020,2026-05,1530309.0,762287.12,1108122.74,1184473.38
A0014020,2026-06,1184473.38,607281.38,938399.62,853355.14
A0014020,2026-07,853355.14,358433.08,206497.2,1005291.02
A0014020,2026-08,1005291.02,564098.8,703675.68,865714.14
A0014020,2026-09,865714.14,425738.92,198178.23,1093274.83
A0014020,2026-10,1093274.83,692454.58,643273.26,1142456.15
A0014020,2026-11,1142456.15,1023174.02,1050630.81,1114999.36
A0014020,2026-12,1114999.36,803507.48,1912404.77,6102.07
A0014045,2022-01,0.0,3364.28,0.0,3364.28
A0014045,2022-02,3364.28,4.81,0.0,3369.09
A0014045,2022-03,3369.09,5.24,0.0,3374.33
A0014045,2022-04,3374.33,5.11,0.0,3379.44
A0014045,2022-05,3379.44,5.06,0.0,3384.5
A0014045,2022-06,3384.5,5.2,0.0,3389.7
A0014045,2022-07,3389.7,5.15,0.0,3394.85
A0014045,2022-08,3394.85,4.87,0.0,3399.72
A0014045,2022-09,3399.72,5.18,0.0,3404.9
A0014045,2022-10,3404.9,4.8,0.0,3409.7
A0014045,2022-11,3409.7,5.12,0.0,3414.82
A0014045,2022-12,3414.82,5.12,3419.94,0.0
A0014088,2022-07,0.0,78733.35,61961.57,16771.78
A0014088,2022-08,16771.78,110990.06,76572.28,51189.56
A0014088,2022-09,51189.56,45473.45,93129.45,3533.56
A0014088,2022-10,3533.56,107987.65,24567.05,86954.16
A0014088,2022-11,86954.16,47107.24,92470.12,41591.28
A0014088,2022-12,41591.28,51423.68,33037.41,59977.55
A0014088,2023-01,59977.55,48212.63,28817.36,79372.82
A0014088,2023-02,79372.82,73378.49,35401.54,117349.77
A0014088,2023-03,117349.77,116086.57,160706.57,72729.77
A0014088,2023-04,72729.77,49599.67,36133.3,86196.14
A0014088,2023-05,86196.14,156917.31,35267.92,207845.53
A0014088,2023-06,207845.53,131665.07,138729.64,200780.96
A0014088,2023-07,200780.96,62401.59,67991.32,195191.23
A0014088,2023-08,195191.23,77692.87,73236.64,199647.46
A0014088,2023-09,199647.46,92222.96,30354.6,261515.82
A0014088,2023-10,261515.82,87789.99,33896.78,315409.03
A0014088,2023-11,315409.03,56604.29,88495.91,283517.41
A0014088,2023-12,283517.41,101449.69,75378.52,309588.58
A0014088,2024-01,309588.58,53838.72,3028.25,360399.05
A0014088,2024-02,360399.05,74011.41,22646.5,411763.96
A0014088,2024-03,411763.96,0.0,64965.57,346798.39
A0014088,2024-04,346798.39,105548.17,67812.41,384534.15
A0014088,2024-05,384534.15,80583.87,79156.66,385961.36
A0014088,2024-06,385961.36,80171.41,28345.7,437787.07
A0014088,2024-07,437787.07,313078.2,153500.0,597365.27
A0014088,2024-08,597365.27,76110.55,187850.96,485624.86
A0014088,2024-09,485624.86,67360.94,14692.35,538293.45
A0014088,2024-10,538293.45,103037.54,20868.81,620462.18
A0014088,2024-11,620462.18,353920.97,50443.88,923939.27
A0014088,2024-12,923939.27,69726.4,50821.38,942844.29
A0014088,2025-01,942844.29,92756.76,29675.11,1005925.94
A0014088,2025-02,1005925.94,68236.24,78678.24,995483.94
A0014088,2025-03,995483.94,112447.71,27011.99,1080919.66
A0014088,2025-04,1080919.66,136121.6,129663.78,1087377.48
A0014088,2025-05,1087377.48,76681.66,47483.39,1116575.75
A0014088,2025-06,1116575.75,98592.72,308218.23,906950.24
A0014088,2025-07,906950.24,71677.98,62366.19,916262.03
A0014088,2025-08,916262.03,109408.25,446285.77,579384.51
A0014138,2022-11,0.0,76590.84,5660.05,70930.79
A0014138,2022-12,70930.79,38951.0,2250.22,107631.57
A0014138,2023-01,107631.57,45451.55,24824.06,128259.06
A0014138,2023-02,128259.06,82216.47,69607.94,140867.59
A0014138,2023-03,140867.59,331.97,36828.16,104371.4
A0014138,2023-04,104371.4,323297.71,206362.96,221306.15
A0014138,2023-05,221306.15,20586.99,24125.53,217767.61
A0014138,2023-06,217767.61,37334.88,25968.99,229133.5
A0014138,2023-07,229133.5,32474.81,250677.7,10930.61
A0014138,2023-08,10930.61,16998.57,21184.99,6744.19
A0014138,2023-09,6744.19,21191.25,23265.14,4670.3
A0014138,2023-10,4670.3,1179.15,5699.63,149.82
A0014138,2023-11,149.82,66599.95,26358.45,40391.32
A0014138,2023-12,40391.32,93113.09,56699.92,76804.49
A0014138,2024-01,76804.49,46043.13,42772.26,80075.36
A0014138,2024-02,80075.36,151706.16,41124.67,190656.85
A0014138,2024-03,190656.85,9583.43,122338.54,77901.74
A0014138,2024-04,77901.74,228258.49,110892.63,195267.6
A0014138,2024-05,195267.6,89545.65,124239.65,160573.6
A0014138,2024-06,160573.6,218185.36,37233.88,341525.08
A0014138,2024-07,341525.08,49566.26,34579.81,356511.53
A0014138,2024-08,356511.53,302102.2,61025.12,597588.61
A0014138,2024-09,597588.61,59622.29,58001.35,599209.55
A0014138,2024-10,599209.55,688.34,41295.57,558602.32
A0014138,2024-11,558602.32,42482.67,9700.48,591384.51
A0014138,2024-12,591384.51,38828.14,12395.29,617817.36
A0014138,2025-01,617817.36,97715.18,39075.29,676457.25
A0014138,2025-02,676457.25,81127.57,14243.1,743341.72
A0014138,2025-03,743341.72,16747.83,62373.76,697715.79
A0014138,2025-04,697715.79,70020.89,83214.96,684521.72
A0014138,2025-05,684521.72,73441.89,53776.11,704187.5
A0014138,2025-06,704187.5,66176.75,23034.95,747329.3
A0014138,2025-07,747329.3,48790.46,31938.97,764180.79
A0014138,2025-08,764180.79,184343.68,447292.85,501231.62
A0014138,2025-09,501231.62,56427.09,65109.38,492549.33
A0014138,2025-10,492549.33,39701.79,55162.64,477088.48
A0014138,2025-11,477088.48,58592.88,52231.76,483449.6
A0014138,2025-12,483449.6,94465.46,52193.86,525721.2
A0014138,2026-01,525721.2,16886.58,47118.83,495488.95
A0014138,2026-02,495488.95,23264.5,64358.71,454394.74
A0014138,2026-03,454394.74,6451.45,41853.41,418992.78
A0014138,2026-04,418992.78,22159.5,36548.04,404604.24
A0014138,2026-05,404604.24,58818.77,14769.41,448653.6
A0014138,2026-06,448653.6,28803.64,15824.28,461632.96
A0014138,2026-07,461632.96,18366.61,34919.25,445080.32
A0014138,2026-08,445080.32,26705.41,52218.55,419567.18
A0014138,2026-09,419567.18,102412.85,50906.11,471073.92
A0014138,2026-10,471073.92,29595.01,17628.8,483040.13
A0014138,2026-11,483040.13,135077.66,23167.5,594950.29
A0014138,2026-12,594950.29,26166.5,49034.97,572081.82
A0014165,2022-09,0.0,17968.48,426.24,17542.24
A0014165,2022-10,17542.24,66545.53,3308.71,80779.06
A0014165,2022-11,80779.06,549.02,18611.96,62716.12
A0014165,2022-12,62716.12,3811.76,6464.74,60063.14
A0014165,2023-01,60063.14,38255.48,20763.39,77555.23
A0014165,2023-02,77555.23,12890.66,21315.73,69130.16
A0014165,2023-03,69130.16,10111.56,2375.65,76866.07
A0014165,2023-04,76866.07,29370.27,17701.8,88534.54
A0014165,2023-05,88534.54,115011.31,4254.58,199291.27
A0014165,2023-06,199291.27,70893.17,25729.96,244454.48
A0014165,2023-07,244454.48,7685.14,761.59,251378.03
A0014165,2023-08,251378.03,49511.35,1490.0,299399.38
A0014165,2023-09,299399.38,22897.73,16628.93,305668.18
A0014165,2023-10,305668.18,76597.88,14705.94,367560.12
A0014165,2023-11,367560.12,47459.88,21655.13,393364.87
A0014165,2023-12,393364.87,29351.17,366.75,422349.29
A0014165,2024-01,422349.29,14878.77,6689.84,430538.22
A0014165,2024-02,430538.22,565.24,2435.16,428668.3
A0014165,2024-03,428668.3,6875.4,19140.4,416403.3
A0014165,2024-04,416403.3,1277.14,11847.9,405832.54
A0014165,2024-05,405832.54,4078.51,6889.62,403021.43
A0014165,2024-06,403021.43,2570.4,1452.86,404138.97
A0014165,2024-07,404138.97,5001.2,24960.15,384180.02
A0014165,2024-08,384180.02,15491.48,15676.96,383994.54
A0014165,2024-09,383994.54,154899.18,1698.4,537195.32
A0014165,2024-10,537195.32,25906.56,8993.56,554108.32
A0014165,2024-11,554108.32,32698.85,74821.73,511985.44
A0014165,2024-12,511985.44,41603.46,27253.52,526335.38
A0014165,2025-01,526335.38,812.34,2374.47,524773.25
A0014165,2025-02,524773.25,18419.46,4942.93,538249.78
A0014165,2025-03,538249.78,246296.34,4727.02,779819.1
A0014165,2025-04,779819.1,992.28,68786.86,712024.52
A0014165,2025-05,712024.52,1399.97,14771.37,698653.12
A0014165,2025-06,698653.12,7767.6,914.85,705505.87
A0014165,2025-07,705505.87,70486.91,5907.21,770085.57
A0014165,2025-08,770085.57,155864.21,4941.43,921008.35
A0014165,2025-09,921008.35,8295.47,66518.72,862785.1
A0014165,2025-10,862785.1,24758.36,65571.72,821971.74
A0014165,2025-11,821971.74,12142.75,3737.6,830376.89
A0014165,2025-12,830376.89,2591.57,2099.18,830869.28
A0014165,2026-01,830869.28,16327.31,6674.3,840522.29
A0014165,2026-02,840522.29,31750.24,5630.55,866641.98
A0014165,2026-03,866641.98,63386.27,1461.29,928566.96
A0014165,2026-04,928566.96,9024.86,3396.54,934195.28
A0014165,2026-05,934195.28,79655.01,2439.32,1011410.97
A0014165,2026-06,1011410.97,126491.52,2119.42,1135783.07
A0014165,2026-07,1135783.07,13510.72,3580.61,1145713.18
A0014165,2026-08,1145713.18,0.0,14160.08,1131553.1
A0014165,2026-09,1131553.1,32005.41,366040.99,797517.52
A0014165,2026-10,797517.52,40441.78,16318.19,821641.11
A0014165,2026-11,821641.11,12231.34,768508.2,65364.25
A0014165,2026-12,65364.25,26831.3,8417.27,83778.28
A0014166,2022-03,0.0,4473.84,0.0,4473.84
A0014166,2022-04,4473.84,24.77,0.0,4498.61
A0014166,2022-05,4498.61,25.73,0.0,4524.34
A0014166,2022-06,4524.34,24.77,0.0,4549.11
A0014166,2022-07,4549.11,24.3,0.0,4573.41
A0014166,2022-08,4573.41,26.47,0.0,4599.88
A0014166,2022-09,4599.88,28.82,0.0,4628.7
A0014166,2022-10,4628.7,27.22,0.0,4655.92
A0014166,2022-11,4655.92,27.42,0.0,4683.34
A0014166,2022-12,4683.34,26.63,0.0,4709.97
A0014166,2023-01,4709.97,36.58,0.0,4746.55
A0014166,2023-02,4746.55,35.29,0.0,4781.84
A0014166,2023-03,4781.84,36.65,0.0,4818.49
A0014166,2023-04,4818.49,38.28,0.0,4856.77
A0014166,2023-05,4856.77,39.47,0.0,4896.24
A0014166,2023-06,4896.24,35.99,0.0,4932.23
A0014166,2023-07,4932.23,35.88,0.0,4968.11
A0014166,2023-08,4968.11,37.7,0.0,5005.81
A0014166,2023-09,5005.81,37.13,0.0,5042.94
A0014166,2023-10,5042.94,36.88,0.0,5079.82
A0014166,2023-11,5079.82,39.54,0.0,5119.36
A0014166,2023-12,5119.36,39.28,5158.64,0.0
A0014274,2022-09,0.0,36628.64,6007.26,30621.38
A0014274,2022-10,30621.38,0.0,13810.97,16810.41
A0014274,2022-11,16810.41,14890.91,4705.63,26995.69
A0014274,2022-12,26995.69,2668.34,26146.09,3517.94
A0014274,2023-01,3517.94,0.0,949.41,2568.53
A0014274,2023-02,2568.53,13043.06,0.0,15611.59
A0014274,2023-03,15611.59,8596.9,0.0,24208.49
A0014274,2023-04,24208.49,32755.54,10267.53,46696.5
A0014274,2023-05,46696.5,3639.96,8370.8,41965.66
A0014274,2023-06,41965.66,4652.82,14270.74,32347.74
A0014274,2023-07,32347.74,6874.92,30281.43,8941.23
A0014274,2023-08,8941.23,0.0,0.0,8941.23
A0014274,2023-09,8941.23,15375.77,18078.66,6238.34
A0014274,2023-10,6238.34,18434.43,0.0,24672.77
A0014274,2023-11,24672.77,0.0,3592.19,21080.58
A0014274,2023-12,21080.58,13231.17,1321.73,32990.02
A0014274,2024-01,32990.02,18357.74,12626.49,38721.27
A0014274,2024-02,38721.27,0.0,0.0,38721.27
A0014274,2024-03,38721.27,2344.37,5816.36,35249.28
A0014274,2024-04,35249.28,0.0,0.0,35249.28
A0014274,2024-05,35249.28,15263.93,16207.24,34305.97
A0014274,2024-06,34305.97,806.09,0.0,35112.06
A0014274,2024-07,35112.06,13154.88,1330.94,46936.0
A0014274,2024-08,46936.0,3713.15,3760.16,46888.99
A0014274,2024-09,46888.99,188831.22,3507.6,232212.61
A0014274,2024-10,232212.61,0.0,7388.99,224823.62
A0014274,2024-11,224823.62,1936.37,7810.01,218949.98
A0014274,2024-12,218949.98,12382.56,9342.74,221989.8
A0014274,2025-01,221989.8,0.0,6803.32,215186.48
A0014274,2025-02,215186.48,0.0,32278.96,182907.52
A0014274,2025-03,182907.52,17859.65,9510.95,191256.22
A0014274,2025-04,191256.22,78972.7,13149.98,257078.94
A0014274,2025-05,257078.94,8683.74,390.25,265372.43
A0014274,2025-06,265372.43,954.07,29022.35,237304.15
A0014274,2025-07,237304.15,8352.96,6690.78,238966.33
A0014274,2025-08,238966.33,18719.67,8061.78,249624.22
A0014274,2025-09,249624.22,8131.43,4330.05,253425.6
A0014274,2025-10,253425.6,9451.79,45296.48,217580.91
A0014274,2025-11,217580.91,17809.51,0.0,235390.42
A0014274,2025-12,235390.42,0.0,0.0,235390.42
A0014274,2026-01,235390.42,15818.72,2237.61,248971.53
A0014274,2026-02,248971.53,8337.59,5658.26,251650.86
A0014274,2026-03,251650.86,11635.13,18248.86,245037.13
A0014274,2026-04,245037.13,25620.23,0.0,270657.36
A0014274,2026-05,270657.36,20515.47,18559.16,272613.67
A0014274,2026-06,272613.67,2498.88,132.05,274980.5
A0014274,2026-07,274980.5,24793.66,33753.12,266021.04
A0014274,2026-08,266021.04,2024.48,7365.4,260680.12
A0014274,2026-09,260680.12,1674.23,12126.89,250227.46
A0014274,2026-10,250227.46,13568.92,8231.82,255564.56
A0014274,2026-11,255564.56,7175.17,5176.91,257562.82
A0014274,2026-12,257562.82,7110.77,366.41,264307.18
A0014300,2022-04,0.0,243336.08,40372.99,202963.09
A0014300,2022-05,202963.09,93572.27,98463.74,198071.62
A0014300,2022-06,198071.62,74042.2,24670.3,247443.52
A0014300,2022-07,247443.52,103736.85,35437.87,315742.5
A0014300,2022-08,315742.5,127377.86,120170.23,322950.13
A0014300,2022-09,322950.13,106339.28,102780.42,326508.99
A0014300,2022-10,326508.99,32916.24,33358.18,326067.05
A0014300,2022-11,326067.05,71176.63,38670.97,358572.71
A0014300,2022-12,358572.71,47356.53,16845.51,389083.73
A0014300,2023-01,389083.73,57020.48,401044.97,45059.24
A0014300,2023-02,45059.24,86357.17,93564.51,37851.9
A0014300,2023-03,37851.9,68608.07,102590.98,3868.99
A0014300,2023-04,3868.99,76557.34,58700.31,21726.02
A0014300,2023-05,21726.02,44495.63,15039.88,51181.77
A0014300,2023-06,51181.77,86260.08,132498.41,4943.44
A0014300,2023-07,4943.44,73511.24,26306.54,52148.14
A0014300,2023-08,52148.14,83620.12,129650.81,6117.45
A0014300,2023-09,6117.45,91353.91,32288.31,65183.05
A0014300,2023-10,65183.05,59427.3,37086.94,87523.41
A0014300,2023-11,87523.41,45418.35,101502.57,31439.19
A0014300,2023-12,31439.19,58790.01,90201.7,27.5
A0014300,2024-01,27.5,104476.75,16019.01,88485.24
A0014300,2024-02,88485.24,73205.97,41098.95,120592.26
A0014300,2024-03,120592.26,71565.02,69323.13,122834.15
A0014300,2024-04,122834.15,113739.6,226451.91,10121.84
A0014300,2024-05,10121.84,109023.57,72997.14,46148.27
A0014300,2024-06,46148.27,58553.26,69894.4,34807.13
A0014300,2024-07,34807.13,114454.61,107033.58,42228.16
A0014300,2024-08,42228.16,112103.43,121254.16,33077.43
A0014300,2024-09,33077.43,191152.69,126914.04,97316.08
A0014300,2024-10,97316.08,73978.07,112990.03,58304.12
A0014300,2024-11,58304.12,71370.02,123161.79,6512.35
A0014300,2024-12,6512.35,275600.52,116926.7,165186.17
A0014300,2025-01,165186.17,69766.06,144018.21,90934.02
A0014300,2025-02,90934.02,78095.9,158346.78,10683.14
A0014300,2025-03,10683.14,160618.92,72674.33,98627.73
A0014300,2025-04,98627.73,104745.67,113335.14,90038.26
A0014300,2025-05,90038.26,85288.77,90656.68,84670.35
A0014300,2025-06,84670.35,103283.58,91148.35,96805.58
A0014300,2025-07,96805.58,62766.29,159059.72,512.15
A0014300,2025-08,512.15,149678.17,91334.98,58855.34
A0014300,2025-09,58855.34,268115.74,172650.22,154320.86
A0014300,2025-10,154320.86,67177.46,195612.73,25885.59
A0014300,2025-11,25885.59,82051.65,67095.01,40842.23
A0014300,2025-12,40842.23,90987.62,109727.91,22101.94
A0014300,2026-01,22101.94,214218.54,159199.79,77120.69
A0014300,2026-02,77120.69,0.0,14856.45,62264.24
A0014300,2026-03,62264.24,86248.33,126951.68,21560.89
A0014300,2026-04,21560.89,121335.34,33829.66,109066.57
A0014300,2026-05,109066.57,177319.4,130138.81,156247.16
A0014300,2026-06,156247.16,96661.94,48238.76,204670.34
A0014300,2026-07,204670.34,285104.07,404744.2,85030.21
A0014300,2026-08,85030.21,1950.35,56301.39,30679.17
A0014300,2026-09,30679.17,75976.14,101761.19,4894.12
A0014300,2026-10,4894.12,92456.51,73264.52,24086.11
A0014300,2026-11,24086.11,132907.37,150683.29,6310.19
A0014300,2026-12,6310.19,254669.46,58723.98,202255.67
A0014358,2022-08,0.0,50203.32,0.0,50203.32
A0014358,2022-09,50203.32,17682.48,15180.49,52705.31
A0014358,2022-10,52705.31,0.0,16272.36,36432.95
A0014358,2022-11,36432.95,6360.46,0.0,42793.41
A0014358,2022-12,42793.41,16279.45,11085.49,47987.37
A0014358,2023-01,47987.37,39807.74,20007.88,67787.23
A0014358,2023-02,67787.23,24061.13,0.0,91848.36
A0014358,2023-03,91848.36,62329.56,4183.71,149994.21
A0014358,2023-04,149994.21,0.0,20494.87,129499.34
A0014358,2023-05,129499.34,76246.44,43514.95,162230.83
A0014358,2023-06,162230.83,16460.51,20838.09,157853.25
A0014358,2023-07,157853.25,0.0,5375.97,152477.28
A0014358,2023-08,152477.28,61133.97,13353.41,200257.84
A0014358,2023-09,200257.84,0.0,2003.95,198253.89
A0014358,2023-10,198253.89,8338.69,2704.83,203887.75
A0014358,2023-11,203887.75,0.0,0.0,203887.75
A0014358,2023-12,203887.75,0.0,0.0,203887.75
A0014358,2024-01,203887.75,1300.59,6092.3,199096.04
A0014358,2024-02,199096.04,0.0,56978.18,142117.86
A0014358,2024-03,142117.86,54509.83,7975.19,188652.5
A0014358,2024-04,188652.5,0.0,9587.18,179065.32
A0014358,2024-05,179065.32,0.0,25064.38,154000.94
A0014358,2024-06,154000.94,53074.91,0.0,207075.85
A0014358,2024-07,207075.85,11436.21,60680.62,157831.44
A0014358,2024-08,157831.44,38519.84,20833.03,175518.25
A0014358,2024-09,175518.25,27576.04,0.0,203094.29
A0014358,2024-10,203094.29,0.0,196346.07,6748.22
A0014358,2024-11,6748.22,63118.91,25870.5,43996.63
A0014358,2024-12,43996.63,27231.7,19319.54,51908.79
A0014358,2025-01,51908.79,82780.28,9539.77,125149.3
A0014358,2025-02,125149.3,29586.43,7852.46,146883.27
A0014358,2025-03,146883.27,0.0,10852.54,136030.73
A0014358,2025-04,136030.73,9388.38,0.0,145419.11
A0014358,2025-05,145419.11,23365.92,104674.22,64110.81
A0014358,2025-06,64110.81,21376.9,27622.09,57865.62
A0014358,2025-07,57865.62,56423.53,0.0,114289.15
A0014358,2025-08,114289.15,48449.32,4741.82,157996.65
A0014358,2025-09,157996.65,0.0,36893.8,121102.85
A0014358,2025-10,121102.85,54184.14,0.0,175286.99
A0014358,2025-11,175286.99,0.0,23656.99,151630.0
A0014358,2025-12,151630.0,26301.83,8499.72,169432.11
A0014358,2026-01,169432.11,40628.82,69384.71,140676.22
A0014358,2026-02,140676.22,0.0,3145.87,137530.35
A0014358,2026-03,137530.35,0.0,3927.95,133602.4
A0014358,2026-04,133602.4,35414.43,18593.13,150423.7
A0014358,2026-05,150423.7,0.0,0.0,150423.7
A0014358,2026-06,150423.7,23873.05,0.0,174296.75
A0014358,2026-07,174296.75,29158.81,84809.09,118646.47
A0014358,2026-08,118646.47,63043.78,18259.23,163431.02
A0014358,2026-09,163431.02,16199.67,87497.02,92133.67
A0014358,2026-10,92133.67,0.0,11141.07,80992.6
A0014358,2026-11,80992.6,18399.39,19972.92,79419.07
A0014358,2026-12,79419.07,0.0,4893.87,74525.2
A0014400,2022-01,0.0,1142.36,310.74,831.62
A0014400,2022-02,831.62,98.3,473.34,456.58
A0014400,2022-03,456.58,0.0,0.0,456.58
A0014400,2022-04,456.58,147.09,559.01,44.66
A0014400,2022-05,44.66,0.0,0.0,44.66
A0014400,2022-06,44.66,250.31,0.0,294.97
A0014400,2022-07,294.97,0.0,0.0,294.97
A0014400,2022-08,294.97,40.74,0.0,335.71
A0014400,2022-09,335.71,1040.92,513.37,863.26
A0014400,2022-10,863.26,87.23,0.0,950.49
A0014400,2022-11,950.49,86.88,0.0,1037.37
A0014400,2022-12,1037.37,1048.43,226.98,1858.82
A0014400,2023-01,1858.82,0.0,295.71,1563.11
A0014400,2023-02,1563.11,0.0,497.83,1065.28
A0014400,2023-03,1065.28,7567.13,0.0,8632.41
A0014400,2023-04,8632.41,15251.44,3607.2,20276.65
A0014400,2023-05,20276.65,92.93,101.18,20268.4
A0014400,2023-06,20268.4,0.0,164.69,20103.71
A0014400,2023-07,20103.71,165.1,456.13,19812.68
A0014400,2023-08,19812.68,0.0,2850.4,16962.28
A0014400,2023-09,16962.28,0.0,95.88,16866.4
A0014400,2023-10,16866.4,0.0,119.31,16747.09
A0014400,2023-11,16747.09,24157.01,778.86,40125.24
A0014400,2023-12,40125.24,562.04,903.13,39784.15
A0014400,2024-01,39784.15,689.85,46.4,40427.6
A0014400,2024-02,40427.6,0.0,6505.13,33922.47
A0014400,2024-03,33922.47,481.58,0.0,34404.05
A0014400,2024-04,34404.05,0.0,0.0,34404.05
A0014400,2024-05,34404.05,564.66,1629.92,33338.79
A0014400,2024-06,33338.79,0.0,0.0,33338.79
A0014400,2024-07,33338.79,0.0,0.0,33338.79
A0014400,2024-08,33338.79,449.07,22635.05,11152.81
A0014400,2024-09,11152.81,308.67,0.0,11461.48
A0014400,2024-10,11461.48,488.37,710.21,11239.64
A0014400,2024-11,11239.64,120137.23,14903.52,116473.35
A0014400,2024-12,116473.35,0.0,0.0,116473.35
A0014400,2025-01,116473.35,437.86,11121.28,105789.93
A0014400,2025-02,105789.93,111707.72,857.15,216640.5
A0014400,2025-03,216640.5,0.0,48.64,216591.86
A0014400,2025-04,216591.86,0.0,0.0,216591.86
A0014400,2025-05,216591.86,1409.95,414.15,217587.66
A0014400,2025-06,217587.66,490.53,0.0,218078.19
A0014400,2025-07,218078.19,0.0,0.0,218078.19
A0014400,2025-08,218078.19,567.55,161.17,218484.57
A0014400,2025-09,218484.57,0.0,0.0,218484.57
A0014400,2025-10,218484.57,0.0,141092.52,77392.05
A0014400,2025-11,77392.05,339.11,0.0,77731.16
A0014400,2025-12,77731.16,268.3,448.56,77550.9
A0014400,2026-01,77550.9,0.0,33352.41,44198.49
A0014400,2026-02,44198.49,419.64,14400.8,30217.33
A0014400,2026-03,30217.33,1920.09,54.98,32082.44
A0014400,2026-04,32082.44,298.28,334.41,32046.31
A0014400,2026-05,32046.31,0.0,107.07,31939.24
A0014400,2026-06,31939.24,0.0,0.0,31939.24
A0014400,2026-07,31939.24,1028.76,190.15,32777.85
A0014400,2026-08,32777.85,0.0,155.58,32622.27
A0014400,2026-09,32622.27,0.0,205.78,32416.49
A0014400,2026-10,32416.49,213.9,397.31,32233.08
A0014400,2026-11,32233.08,97.09,92.28,32237.89
A0014400,2026-12,32237.89,0.0,11109.2,21128.69
A0014401,2022-07,0.0,206690.28,27656.09,179034.19
A0014401,2022-08,179034.19,59193.35,198178.5,40049.04
A0014401,2022-09,40049.04,116001.89,122543.09,33507.84
A0014401,2022-10,33507.84,204940.29,92406.49,146041.64
A0014401,2022-11,146041.64,79251.66,133123.67,92169.63
A0014401,2022-12,92169.63,193122.64,172126.38,113165.89
A0014401,2023-01,113165.89,84753.38,99375.05,98544.22
A0014401,2023-02,98544.22,88118.77,104066.21,82596.78
A0014401,2023-03,82596.78,118723.94,191468.74,9851.98
A0014401,2023-04,9851.98,345893.1,75743.03,280002.05
A0014401,2023-05,280002.05,126895.09,186259.53,220637.61
A0014401,2023-06,220637.61,171251.52,354399.23,37489.9
A0014401,2023-07,37489.9,95396.34,63932.8,68953.44
A0014401,2023-08,68953.44,83791.28,125609.12,27135.6
A0014401,2023-09,27135.6,222574.9,73538.59,176171.91
A0014401,2023-10,176171.91,70246.45,45559.29,200859.07
A0014401,2023-11,200859.07,60377.69,123343.78,137892.98
A0014401,2023-12,137892.98,98597.06,145141.6,91348.44
A0014401,2024-01,91348.44,171565.3,90423.63,172490.11
A0014401,2024-02,172490.11,131954.23,267740.02,36704.32
A0014401,2024-03,36704.32,221347.53,96353.3,161698.55
A0014401,2024-04,161698.55,190718.22,310881.27,41535.5
A0014401,2024-05,41535.5,167241.31,201883.83,6892.98
A0014401,2024-06,6892.98,228664.86,132910.16,102647.68
A0014401,2024-07,102647.68,131598.8,183120.82,51125.66
A0014401,2024-08,51125.66,123274.54,168956.65,5443.55
A0014401,2024-09,5443.55,207457.81,7504.85,205396.51
A0014401,2024-10,205396.51,72195.95,139330.7,138261.76
A0014401,2024-11,138261.76,179988.39,156763.05,161487.1
A0014401,2024-12,161487.1,94697.49,68309.17,187875.42
A0014401,2025-01,187875.42,133371.7,254451.96,66795.16
A0014401,2025-02,66795.16,144867.33,166113.01,45549.48
A0014401,2025-03,45549.48,143197.07,108731.15,80015.4
A0014401,2025-04,80015.4,184234.51,174283.02,89966.89
A0014401,2025-05,89966.89,487225.17,53103.52,524088.54
A0014401,2025-06,524088.54,181050.38,423406.42,281732.5
A0014401,2025-07,281732.5,210965.71,103543.59,389154.62
A0014401,2025-08,389154.62,296927.66,522206.75,163875.53
A0014401,2025-09,163875.53,217809.06,217313.81,164370.78
A0014401,2025-10,164370.78,169202.95,95300.92,238272.81
A0014401,2025-11,238272.81,257117.72,284787.56,210602.97
A0014401,2025-12,210602.97,101602.0,229398.14,82806.83
A0014401,2026-01,82806.83,102114.94,118916.04,66005.73
A0014401,2026-02,66005.73,208303.49,244258.69,30050.53
A0014401,2026-03,30050.53,202578.25,120410.64,112218.14
A0014401,2026-04,112218.14,276707.48,382889.0,6036.62
A0014401,2026-05,6036.62,815757.8,142694.26,679100.16
A0014401,2026-06,679100.16,165839.69,342730.74,502209.11
A0014401,2026-07,502209.11,263158.73,89169.67,676198.17
A0014401,2026-08,676198.17,153481.62,344203.35,485476.44
A0014401,2026-09,485476.44,289961.32,334209.42,441228.34
A0014401,2026-10,441228.34,410018.03,86390.76,764855.61
A0014401,2026-11,764855.61,144751.28,37648.35,871958.54
A0014401,2026-12,871958.54,261771.59,335243.16,798486.97
A0014411,2022-04,0.0,41072.34,1512.63,39559.71
A0014411,2022-05,39559.71,29783.32,34343.29,34999.74
A0014411,2022-06,34999.74,86633.71,28225.92,93407.53
A0014411,2022-07,93407.53,5961.6,30070.95,69298.18
A0014411,2022-08,69298.18,10238.4,2257.93,77278.65
A0014411,2022-09,77278.65,153005.11,11093.43,219190.33
A0014411,2022-10,219190.33,42880.23,45829.8,216240.76
A0014411,2022-11,216240.76,77469.2,9366.83,284343.13
A0014411,2022-12,284343.13,23038.96,17859.99,289522.1
A0014411,2023-01,289522.1,40068.23,8745.55,320844.78
A0014411,2023-02,320844.78,5457.68,15436.26,310866.2
A0014411,2023-03,310866.2,9253.44,14831.97,305287.67
A0014411,2023-04,305287.67,16249.32,19954.45,301582.54
A0014411,2023-05,301582.54,19601.28,18479.46,302704.36
A0014411,2023-06,302704.36,8435.45,31720.7,279419.11
A0014411,2023-07,279419.11,229375.68,32293.29,476501.5
A0014411,2023-08,476501.5,19811.27,20240.62,476072.15
A0014411,2023-09,476072.15,1394.06,14032.68,463433.53
A0014411,2023-10,463433.53,18106.54,61728.12,419811.95
A0014411,2023-11,419811.95,31388.52,19661.59,431538.88
A0014411,2023-12,431538.88,7604.92,10692.03,428451.77
A0014411,2024-01,428451.77,59184.89,22846.0,464790.66
A0014411,2024-02,464790.66,0.0,7435.25,457355.41
A0014411,2024-03,457355.41,23540.63,26147.13,454748.91
A0014411,2024-04,454748.91,46451.23,20071.8,481128.34
A0014411,2024-05,481128.34,89451.65,214248.75,356331.24
A0014411,2024-06,356331.24,1438.98,56609.05,301161.17
A0014411,2024-07,301161.17,6909.62,720.04,307350.75
A0014411,2024-08,307350.75,3791.16,2314.68,308827.23
A0014411,2024-09,308827.23,93470.84,15325.77,386972.3
A0014411,2024-10,386972.3,36327.36,56240.36,367059.3
A0014411,2024-11,367059.3,32641.0,19216.73,380483.57
A0014411,2024-12,380483.57,0.0,0.0,380483.57
A0014411,2025-01,380483.57,8594.46,0.0,389078.03
A0014411,2025-02,389078.03,28423.32,18601.79,398899.56
A0014411,2025-03,398899.56,78294.7,57897.57,419296.69
A0014411,2025-04,419296.69,22804.17,0.0,442100.86
A0014411,2025-05,442100.86,7252.29,34901.73,414451.42
A0014411,2025-06,414451.42,75094.21,32120.99,457424.64
A0014411,2025-07,457424.64,9086.18,30035.5,436475.32
A0014411,2025-08,436475.32,18100.47,4198.6,450377.19
A0014411,2025-09,450377.19,0.0,92925.97,357451.22
A0014411,2025-10,357451.22,0.0,13317.71,344133.51
A0014411,2025-11,344133.51,42044.39,4392.86,381785.04
A0014411,2025-12,381785.04,51936.46,41049.93,392671.57
A0014411,2026-01,392671.57,27188.97,0.0,419860.54
A0014411,2026-02,419860.54,4064.67,19335.94,404589.27
A0014411,2026-03,404589.27,41749.06,18440.1,427898.23
A0014411,2026-04,427898.23,55090.72,60229.02,422759.93
A0014411,2026-05,422759.93,36819.61,2753.96,456825.58
A0014411,2026-06,456825.58,1172.6,26031.08,431967.1
A0014411,2026-07,431967.1,11580.96,5970.01,437578.05
A0014411,2026-08,437578.05,0.0,14258.71,423319.34
A0014411,2026-09,423319.34,1284.02,3849.81,420753.55
A0014411,2026-10,420753.55,45428.21,31516.1,434665.66
A0014411,2026-11,434665.66,52160.05,8192.81,478632.9
A0014411,2026-12,478632.9,39958.64,1178.46,517413.08
A0014441,2022-03,0.0,421.1,0.0,421.1
A0014441,2022-04,421.1,167.77,0.0,588.87
A0014441,2022-05,588.87,0.0,70.41,518.46
A0014441,2022-06,518.46,46.28,0.0,564.74
A0014441,2022-07,564.74,123.5,70.92,617.32
A0014441,2022-08,617.32,57.06,0.0,674.38
A0014441,2022-09,674.38,0.0,0.0,674.38
A0014441,2022-10,674.38,0.0,0.0,674.38
A0014441,2022-11,674.38,0.0,0.0,674.38
A0014441,2022-12,674.38,3645.75,0.0,4320.13
A0014441,2023-01,4320.13,0.0,0.0,4320.13
A0014441,2023-02,4320.13,278.42,63.81,4534.74
A0014441,2023-03,4534.74,0.0,0.0,4534.74
A0014441,2023-04,4534.74,89.65,0.0,4624.39
A0014441,2023-05,4624.39,753.33,0.0,5377.72
A0014441,2023-06,5377.72,252.78,427.01,5203.49
A0014441,2023-07,5203.49,0.0,0.0,5203.49
A0014441,2023-08,5203.49,30398.73,1387.91,34214.31
A0014441,2023-09,34214.31,418.61,247.19,34385.73
A0014441,2023-10,34385.73,243.78,814.32,33815.19
A0014441,2023-11,33815.19,0.0,0.0,33815.19
A0014441,2023-12,33815.19,162.66,0.0,33977.85
A0014441,2024-01,33977.85,142.69,0.0,34120.54
A0014441,2024-02,34120.54,0.0,534.38,33586.16
A0014441,2024-03,33586.16,308.37,0.0,33894.53
A0014441,2024-04,33894.53,46303.47,249.53,79948.47
A0014441,2024-05,79948.47,0.0,0.0,79948.47
A0014441,2024-06,79948.47,0.0,121.11,79827.36
A0014441,2024-07,79827.36,0.0,5327.27,74500.09
A0014441,2024-08,74500.09,0.0,316.69,74183.4
A0014441,2024-09,74183.4,0.0,0.0,74183.4
A0014441,2024-10,74183.4,0.0,105.02,74078.38
A0014441,2024-11,74078.38,0.0,0.0,74078.38
A0014441,2024-12,74078.38,153.36,0.0,74231.74
A0014441,2025-01,74231.74,0.0,99.98,74131.76
A0014441,2025-02,74131.76,481.7,0.0,74613.46
A0014441,2025-03,74613.46,53.74,0.0,74667.2
A0014441,2025-04,74667.2,0.0,873.81,73793.39
A0014441,2025-05,73793.39,0.0,0.0,73793.39
A0014441,2025-06,73793.39,0.0,308.45,73484.94
A0014441,2025-07,73484.94,163.2,0.0,73648.14
A0014441,2025-08,73648.14,389.7,79.88,73957.96
A0014441,2025-09,73957.96,0.0,9.59,73948.37
A0014441,2025-10,73948.37,148892.56,86.66,222754.27
A0014441,2025-11,222754.27,0.0,356.8,222397.47
A0014441,2025-12,222397.47,307.92,0.0,222705.39
A0014441,2026-01,222705.39,0.0,75.95,222629.44
A0014441,2026-02,222629.44,63.46,9521.46,213171.44
A0014441,2026-03,213171.44,61.24,0.0,213232.68
A0014441,2026-04,213232.68,225.16,142.57,213315.27
A0014441,2026-05,213315.27,277.62,0.0,213592.89
A0014441,2026-06,213592.89,0.0,6918.9,206673.99
A0014441,2026-07,206673.99,0.0,163.81,206510.18
A0014441,2026-08,206510.18,383.03,581.11,206312.1
A0014441,2026-09,206312.1,605.0,0.0,206917.1
A0014441,2026-10,206917.1,359.73,467.71,206809.12
A0014441,2026-11,206809.12,7870.46,776.64,213902.94
A0014441,2026-12,213902.94,0.0,87.27,213815.67
A0014473,2022-02,0.0,18374.56,6017.02,12357.54
A0014473,2022-03,12357.54,55733.53,26485.87,41605.2
A0014473,2022-04,41605.2,17591.05,6899.19,52297.06
A0014473,2022-05,52297.06,6052.5,2380.04,55969.52
A0014473,2022-06,55969.52,15358.21,7712.74,63614.99
A0014492,2022-05,0.0,121939.75,27013.83,94925.92
A0014492,2022-06,94925.92,36130.71,52486.81,78569.82
A0014492,2022-07,78569.82,158003.98,29537.76,207036.04
A0014492,2022-08,207036.04,110731.49,69775.07,247992.46
A0014492,2022-09,247992.46,31259.53,76095.36,203156.63
A0014492,2022-10,203156.63,84389.31,73346.0,214199.94
A0014492,2022-11,214199.94,37059.15,63565.86,187693.23
A0014492,2022-12,187693.23,40065.91,40772.2,186986.94
A0014492,2023-01,186986.94,72762.64,182760.75,76988.83
A0014492,2023-02,76988.83,39215.84,22002.11,94202.56
A0014492,2023-03,94202.56,41983.48,13151.87,123034.17
A0014492,2023-04,123034.17,60423.63,39768.83,143688.97
A0014492,2023-05,143688.97,37217.74,76027.75,104878.96
A0014492,2023-06,104878.96,52552.06,43981.27,113449.75
A0014492,2023-07,113449.75,228917.51,55512.36,286854.9
A0014492,2023-08,286854.9,79980.31,104043.77,262791.44
A0014492,2023-09,262791.44,95374.28,55032.33,303133.39
A0014492,2023-10,303133.39,42305.32,49966.39,295472.32
A0014492,2023-11,295472.32,41013.02,236067.76,100417.58
A0014492,2023-12,100417.58,115469.61,88156.27,127730.92
A0014492,2024-01,127730.92,62876.25,32691.89,157915.28
A0014492,2024-02,157915.28,160062.59,26722.5,291255.37
A0014492,2024-03,291255.37,74760.45,30676.77,335339.05
A0014492,2024-04,335339.05,145522.58,37088.02,443773.61
A0014492,2024-05,443773.61,69283.97,60665.73,452391.85
A0014492,2024-06,452391.85,62790.78,18565.61,496617.02
A0014492,2024-07,496617.02,4754.62,25527.37,475844.27
A0014492,2024-08,475844.27,48519.57,127177.24,397186.6
A0014492,2024-09,397186.6,74595.71,66631.6,405150.71
A0014492,2024-10,405150.71,62848.06,26845.97,441152.8
A0014492,2024-11,441152.8,68323.85,73235.36,436241.29
A0014492,2024-12,436241.29,89961.74,8113.9,518089.13
A0014492,2025-01,518089.13,43765.63,29371.56,532483.2
A0014492,2025-02,532483.2,58480.83,65883.79,525080.24
A0014492,2025-03,525080.24,85136.51,12146.97,598069.78
A0014492,2025-04,598069.78,77350.46,108323.6,567096.64
A0014492,2025-05,567096.64,48924.63,23120.66,592900.61
A0014492,2025-06,592900.61,92836.99,184803.1,500934.5
A0014492,2025-07,500934.5,128134.62,12685.69,616383.43
A0014492,2025-08,616383.43,51381.56,479279.72,188485.27
A0014492,2025-09,188485.27,102934.42,25989.82,265429.87
A0014492,2025-10,265429.87,57850.87,60726.46,262554.28
A0014492,2025-11,262554.28,46423.22,87793.46,221184.04
A0014492,2025-12,221184.04,69459.14,23061.04,267582.14
A0014492,2026-01,267582.14,66575.48,250440.6,83717.02
A0014492,2026-02,83717.02,151177.4,172640.31,62254.11
A0014492,2026-03,62254.11,66467.09,88834.38,39886.82
A0014492,2026-04,39886.82,141371.72,38039.19,143219.35
A0014492,2026-05,143219.35,65688.2,31549.25,177358.3
A0014492,2026-06,177358.3,75122.3,17241.75,235238.85
A0014492,2026-07,235238.85,54022.85,8448.93,280812.77
A0014492,2026-08,280812.77,45062.41,242016.94,83858.24
A0014492,2026-09,83858.24,88957.92,150455.93,22360.23
A0014492,2026-10,22360.23,52368.56,27477.87,47250.92
A0014492,2026-11,47250.92,45762.2,45490.9,47522.22
A0014492,2026-12,47522.22,60187.15,46490.73,61218.64
A0014535,2022-03,0.0,80167.34,7031.2,73136.14
A0014535,2022-04,73136.14,49469.11,113958.24,8647.01
A0014535,2022-05,8647.01,64885.87,29118.49,44414.39
A0014535,2022-06,44414.39,41598.46,48016.09,37996.76
A0014535,2022-07,37996.76,495392.27,382601.4,150787.63
A0014535,2022-08,150787.63,32567.71,62245.57,121109.77
A0014535,2022-09,121109.77,61576.35,64657.63,118028.49
A0014535,2022-10,118028.49,38417.51,24141.24,132304.76
A0014535,2022-11,132304.76,32803.24,20361.85,144746.15
A0014535,2022-12,144746.15,27739.86,30715.33,141770.68
A0014535,2023-01,141770.68,63365.07,60817.59,144318.16
A0014535,2023-02,144318.16,40548.4,16958.46,167908.1
A0014535,2023-03,167908.1,43858.88,43059.15,168707.83
A0014535,2023-04,168707.83,37008.1,24071.1,181644.83
A0014535,2023-05,181644.83,48888.63,70951.49,159581.97
A0014535,2023-06,159581.97,32607.2,36478.72,155710.45
A0014535,2023-07,155710.45,39597.85,27129.78,168178.52
A0014535,2023-08,168178.52,55155.74,64449.06,158885.2
A0014535,2023-09,158885.2,30204.75,52467.52,136622.43
A0014535,2023-10,136622.43,30290.01,13858.52,153053.92
A0014535,2023-11,153053.92,60006.59,40833.35,172227.16
A0014535,2023-12,172227.16,31217.59,18951.68,184493.07
A0014535,2024-01,184493.07,63254.28,100168.5,147578.85
A0014535,2024-02,147578.85,36727.09,19181.85,165124.09
A0014535,2024-03,165124.09,57670.68,37739.73,185055.04
A0014535,2024-04,185055.04,51912.77,86003.22,150964.59
A0014535,2024-05,150964.59,83047.37,15826.29,218185.67
A0014535,2024-06,218185.67,95260.78,18175.46,295270.99
A0014535,2024-07,295270.99,68984.63,7951.29,356304.33
A0014535,2024-08,356304.33,144990.69,43987.49,457307.53
A0014535,2024-09,457307.53,36429.43,13210.86,480526.1
A0014535,2024-10,480526.1,42604.98,37843.2,485287.88
A0014535,2024-11,485287.88,35593.38,41526.01,479355.25
A0014535,2024-12,479355.25,36236.64,11860.11,503731.78
A0014535,2025-01,503731.78,209454.99,65242.39,647944.38
A0014535,2025-02,647944.38,51806.76,61295.43,638455.71
A0014535,2025-03,638455.71,47731.47,128472.77,557714.41
A0014535,2025-04,557714.41,67809.61,40753.63,584770.39
A0014535,2025-05,584770.39,80647.55,29859.26,635558.68
A0014535,2025-06,635558.68,44072.46,33669.28,645961.86
A0014535,2025-07,645961.86,328779.41,38500.35,936240.92
A0014535,2025-08,936240.92,70017.52,53544.62,952713.82
A0014535,2025-09,952713.82,56270.09,22857.0,986126.91
A0014535,2025-10,986126.91,37404.26,10614.14,1012917.03
A0014535,2025-11,1012917.03,75466.78,102822.86,985560.95
A0014535,2025-12,985560.95,22081.81,53978.81,953663.95
A0014535,2026-01,953663.95,37817.02,50055.58,941425.39
A0014535,2026-02,941425.39,70103.5,135687.6,875841.29
A0014535,2026-03,875841.29,33856.96,88320.35,821377.9
A0014535,2026-04,821377.9,38152.22,117828.26,741701.86
A0014535,2026-05,741701.86,34176.68,56235.75,719642.79
A0014535,2026-06,719642.79,64612.8,37601.46,746654.13
A0014535,2026-07,746654.13,16333.65,321258.33,441729.45
A0014535,2026-08,441729.45,41621.51,135055.47,348295.49
A0014535,2026-09,348295.49,114285.47,266531.26,196049.7
A0014535,2026-10,196049.7,52818.94,21697.15,227171.49
A0014535,2026-11,227171.49,35715.13,25902.22,236984.4
A0014535,2026-12,236984.4,119075.78,27263.59,328796.59
A0014583,2022-02,0.0,135683.28,22651.24,113032.04
A0014583,2022-03,113032.04,126873.48,197254.14,42651.38
A0014583,2022-04,42651.38,150066.35,137034.43,55683.3
A0014583,2022-05,55683.3,18894.86,44097.11,30481.05
A0014583,2022-06,30481.05,45583.97,11739.65,64325.37
A0014583,2022-07,64325.37,66182.65,117739.9,12768.12
A0014583,2022-08,12768.12,53199.55,12082.54,53885.13
A0014583,2022-09,53885.13,61142.88,109796.87,5231.14
A0014583,2022-10,5231.14,296922.76,115829.9,186324.0
A0014583,2022-11,186324.0,90647.44,76729.52,200241.92
A0014583,2022-12,200241.92,92792.03,69562.85,223471.1
A0014583,2023-01,223471.1,36180.24,136460.3,123191.04
A0014583,2023-02,123191.04,165128.98,218459.83,69860.19
A0014599,2022-12,0.0,25349.84,819.77,24530.07
A0014599,2023-01,24530.07,12192.34,18810.11,17912.3
A0014599,2023-02,17912.3,31995.77,814.19,49093.88
A0014599,2023-03,49093.88,2079.78,17929.96,33243.7
A0014599,2023-04,33243.7,6641.91,32323.2,7562.41
A0014599,2023-05,7562.41,0.0,0.0,7562.41
A0014599,2023-06,7562.41,0.0,1058.59,6503.82
A0014599,2023-07,6503.82,8766.02,0.0,15269.84
A0014599,2023-08,15269.84,14335.8,0.0,29605.64
A0014599,2023-09,29605.64,6944.47,4557.73,31992.38
A0014599,2023-10,31992.38,0.0,0.0,31992.38
A0014599,2023-11,31992.38,5488.58,0.0,37480.96
A0014599,2023-12,37480.96,44518.26,16459.5,65539.72
A0014599,2024-01,65539.72,10734.77,14317.35,61957.14
A0014599,2024-02,61957.14,21378.58,7172.19,76163.53
A0014599,2024-03,76163.53,26392.78,63337.74,39218.57
A0014599,2024-04,39218.57,12682.65,10859.53,41041.69
A0014599,2024-05,41041.69,0.0,3076.72,37964.97
A0014599,2024-06,37964.97,8281.92,2572.34,43674.55
A0014599,2024-07,43674.55,1171.01,0.0,44845.56
A0014599,2024-08,44845.56,3049.87,0.0,47895.43
A0014599,2024-09,47895.43,5077.38,0.0,52972.81
A0014599,2024-10,52972.81,0.0,47989.66,4983.15
A0014599,2024-11,4983.15,17666.99,7089.48,15560.66
A0014599,2024-12,15560.66,19272.94,3160.82,31672.78
A0014599,2025-01,31672.78,6978.46,24141.67,14509.57
A0014599,2025-02,14509.57,0.0,13464.02,1045.55
A0014599,2025-03,1045.55,15722.35,1841.16,14926.74
A0014599,2025-04,14926.74,2813.33,6890.99,10849.08
A0014599,2025-05,10849.08,26246.27,10847.65,26247.7
A0014599,2025-06,26247.7,9758.9,22050.78,13955.82
A0014599,2025-07,13955.82,30884.94,19300.82,25539.94
A0014599,2025-08,25539.94,20246.31,10149.48,35636.77
A0014599,2025-09,35636.77,0.0,30608.66,5028.11
A0014599,2025-10,5028.11,20758.73,4046.36,21740.48
A0014599,2025-11,21740.48,13941.68,12912.13,22770.03
A0014599,2025-12,22770.03,11689.74,11568.72,22891.05
A0014599,2026-01,22891.05,23016.62,31023.64,14884.03
A0014599,2026-02,14884.03,23980.1,3427.35,35436.78
A0014599,2026-03,35436.78,3788.22,18251.9,20973.1
A0014599,2026-04,20973.1,0.0,3362.64,17610.46
A0014599,2026-05,17610.46,85245.99,47330.78,55525.67
A0014599,2026-06,55525.67,4020.52,1195.98,58350.21
A0014599,2026-07,58350.21,2543.76,44126.87,16767.1
A0014599,2026-08,16767.1,73463.1,1834.1,88396.1
A0014599,2026-09,88396.1,20582.47,31205.69,77772.88
A0014599,2026-10,77772.88,9687.48,25476.99,61983.37
A0014599,2026-11,61983.37,58198.44,11760.27,108421.54
A0014599,2026-12,108421.54,5734.1,52469.73,61685.91
A0014604,2022-03,0.0,1652.31,92.84,1559.47
A0014604,2022-04,1559.47,481.54,1350.74,690.27
A0014604,2022-05,690.27,233.77,608.7,315.34
A0014604,2022-06,315.34,313.7,533.02,96.02
A0014604,2022-07,96.02,1016.32,242.92,869.42
A0014604,2022-08,869.42,353.59,1025.51,197.5
A0014604,2022-09,197.5,107.62,279.0,26.12
A0014604,2022-10,26.12,1342.08,573.73,794.47
A0014604,2022-11,794.47,11115.17,756.45,11153.19
A0014604,2022-12,11153.19,1105.21,780.59,11477.81
A0014604,2023-01,11477.81,0.0,171.71,11306.1
A0014604,2023-02,11306.1,510.4,6876.41,4940.09
A0014604,2023-03,4940.09,1768.11,1571.28,5136.92
A0014604,2023-04,5136.92,1399.79,1113.79,5422.92
A0014604,2023-05,5422.92,78.81,885.24,4616.49
A0014604,2023-06,4616.49,795.06,1979.19,3432.36
A0014604,2023-07,3432.36,1403.37,748.91,4086.82
A0014604,2023-08,4086.82,92.86,1873.28,2306.4
A0014604,2023-09,2306.4,3829.76,843.06,5293.1
A0014604,2023-10,5293.1,765.68,1976.5,4082.28
A0014604,2023-11,4082.28,2888.47,2520.38,4450.37
A0014604,2023-12,4450.37,7767.88,453.88,11764.37
A0014604,2024-01,11764.37,693.6,881.43,11576.54
A0014604,2024-02,11576.54,3158.41,4086.67,10648.28
A0014604,2024-03,10648.28,16525.64,1737.79,25436.13
A0014604,2024-04,25436.13,109252.06,475.73,134212.46
A0014604,2024-05,134212.46,1009.3,180.65,135041.11
A0014604,2024-06,135041.11,0.0,779.81,134261.3
A0014604,2024-07,134261.3,554.63,1586.63,133229.3
A0014604,2024-08,133229.3,2311.49,1934.95,133605.84
A0014604,2024-09,133605.84,1821.0,645.85,134780.99
A0014604,2024-10,134780.99,724.45,1974.42,133531.02
A0014604,2024-11,133531.02,770.63,33152.76,101148.89
A0014604,2024-12,101148.89,3978.94,4217.95,100909.88
A0014604,2025-01,100909.88,127788.81,5140.75,223557.94
A0014604,2025-02,223557.94,777.16,2033.36,222301.74
A0014604,2025-03,222301.74,1353.59,255.89,223399.44
A0014604,2025-04,223399.44,2022.79,1343.0,224079.23
A0014604,2025-05,224079.23,200.29,70.34,224209.18
A0014604,2025-06,224209.18,23974.39,100.31,248083.26
A0014604,2025-07,248083.26,1458.48,551.29,248990.45
A0014604,2025-08,248990.45,22466.62,4173.95,267283.12
A0014604,2025-09,267283.12,145055.23,1068.32,411270.03
A0014604,2025-10,411270.03,1132.88,154.48,412248.43
A0014604,2025-11,412248.43,161.49,1447.84,410962.08
A0014604,2025-12,410962.08,0.0,13539.66,397422.42
A0014604,2026-01,397422.42,32866.06,46857.87,383430.61
A0014604,2026-02,383430.61,2404.05,21924.53,363910.13
A0014604,2026-03,363910.13,886.35,11643.17,353153.31
A0014604,2026-04,353153.31,180624.1,274.73,533502.68
A0014604,2026-05,533502.68,678.56,678.45,533502.79
A0014604,2026-06,533502.79,2384.39,3797.87,532089.31
A0014604,2026-07,532089.31,1561.74,203.37,533447.68
A0014604,2026-08,533447.68,1373.29,11033.64,523787.33
A0014604,2026-09,523787.33,6498.67,556.33,529729.67
A0014604,2026-10,529729.67,337.32,1842.28,528224.71
A0014604,2026-11,528224.71,8099.66,318.29,536006.08
A0014604,2026-12,536006.08,14102.02,1138.3,548969.8
A0014771,2022-12,0.0,195381.73,11199.01,184182.72
A0014771,2023-01,184182.72,80940.0,48517.34,216605.38
A0014771,2023-02,216605.38,528924.7,191902.24,553627.84
A0014771,2023-03,553627.84,37660.88,48995.68,542293.04
A0014771,2023-04,542293.04,138353.95,125955.6,554691.39
A0014771,2023-05,554691.39,190074.54,130903.15,613862.78
A0014771,2023-06,613862.78,74359.2,129146.47,559075.51
A0014771,2023-07,559075.51,130886.67,128374.9,561587.28
A0014771,2023-08,561587.28,27624.92,86788.91,502423.29
A0014771,2023-09,502423.29,162141.36,31981.21,632583.44
A0014771,2023-10,632583.44,150257.28,86750.83,696089.89
A0014771,2023-11,696089.89,179654.62,188219.57,687524.94
A0014771,2023-12,687524.94,68592.81,127161.16,628956.59
A0014771,2024-01,628956.59,39609.34,85155.23,583410.7
A0014771,2024-02,583410.7,23245.97,14140.12,592516.55
A0014771,2024-03,592516.55,191400.37,165413.89,618503.03
A0014771,2024-04,618503.03,70856.81,287299.66,402060.18
A0014771,2024-05,402060.18,138532.18,41327.5,499264.86
A0014771,2024-06,499264.86,167247.75,131703.55,534809.06
A0014771,2024-07,534809.06,25808.37,46165.79,514451.64
A0014771,2024-08,514451.64,46090.54,37654.58,522887.6
A0014771,2024-09,522887.6,38063.17,276157.9,284792.87
A0014771,2024-10,284792.87,33283.34,127131.72,190944.49
A0014771,2024-11,190944.49,90020.77,74886.06,206079.2
A0014771,2024-12,206079.2,142891.75,117064.38,231906.57
A0014771,2025-01,231906.57,199785.62,147200.53,284491.66
A0014771,2025-02,284491.66,259353.6,67358.28,476486.98
A0014771,2025-03,476486.98,267681.92,215630.62,528538.28
A0014771,2025-04,528538.28,198301.31,195027.17,531812.42
A0014771,2025-05,531812.42,382126.91,304191.44,609747.89
A0014771,2025-06,609747.89,134241.86,74624.8,669364.95
A0014771,2025-07,669364.95,73290.88,92807.7,649848.13
A0014771,2025-08,649848.13,189743.78,805415.96,34175.95
A0014771,2025-09,34175.95,134363.35,44895.96,123643.34
A0014771,2025-10,123643.34,317895.95,97181.56,344357.73
A0014771,2025-11,344357.73,278401.48,175753.26,447005.95
A0014771,2025-12,447005.95,173279.89,123619.59,496666.25
A0014771,2026-01,496666.25,51606.42,103545.0,444727.67
A0014771,2026-02,444727.67,7065.37,77128.18,374664.86
A0014771,2026-03,374664.86,69489.29,278268.88,165885.27
A0014771,2026-04,165885.27,200181.78,150696.65,215370.4
A0014771,2026-05,215370.4,145081.47,181471.5,178980.37
A0014771,2026-06,178980.37,256205.16,428733.14,6452.39
A0014771,2026-07,6452.39,12694.61,3283.32,15863.68
A0014771,2026-08,15863.68,349167.98,40331.96,324699.7
A0014771,2026-09,324699.7,398988.1,239034.72,484653.08
A0014794,2022-04,0.0,11814.7,1362.6,10452.1
A0014794,2022-05,10452.1,10101.14,12754.24,7799.0
A0014794,2022-06,7799.0,57946.29,5022.88,60722.41
A0014794,2022-07,60722.41,16981.32,1719.83,75983.9
A0014794,2022-08,75983.9,0.0,5901.09,70082.81
A0014794,2022-09,70082.81,0.0,39802.73,30280.08
A0014794,2022-10,30280.08,7014.55,2543.89,34750.74
A0014794,2022-11,34750.74,54061.52,2662.35,86149.91
A0014794,2022-12,86149.91,113833.44,3486.55,196496.8
A0014794,2023-01,196496.8,100695.54,45294.01,251898.33
A0014794,2023-02,251898.33,31999.42,4085.26,279812.49
A0014794,2023-03,279812.49,77741.3,2713.67,354840.12
A0014794,2023-04,354840.12,5167.03,11430.68,348576.47
A0014794,2023-05,348576.47,5911.94,26188.38,328300.03
A0014794,2023-06,328300.03,0.0,1673.18,326626.85
A0014794,2023-07,326626.85,22399.96,7667.98,341358.83
A0014794,2023-08,341358.83,44839.53,2263.06,383935.3
A0014794,2023-09,383935.3,21546.85,3202.94,402279.21
A0014794,2023-10,402279.21,290856.12,8072.1,685063.23
A0014794,2023-11,685063.23,9983.09,1771.95,693274.37
A0014794,2023-12,693274.37,38897.99,7804.85,724367.51
A0014794,2024-01,724367.51,87678.33,45481.33,766564.51
A0014794,2024-02,766564.51,11240.16,3160.08,774644.59
A0014794,2024-03,774644.59,45131.22,356524.2,463251.61
A0014794,2024-04,463251.61,0.0,302004.71,161246.9
A0014794,2024-05,161246.9,34321.26,6647.07,188921.09
A0014794,2024-06,188921.09,23193.3,0.0,212114.39
A0014794,2024-07,212114.39,34725.33,60650.45,186189.27
A0014794,2024-08,186189.27,53570.76,28439.61,211320.42
A0014794,2024-09,211320.42,24533.72,19148.39,216705.75
A0014794,2024-10,216705.75,9308.98,3400.02,222614.71
A0014794,2024-11,222614.71,49878.13,21041.8,251451.04
A0014794,2024-12,251451.04,1979.88,7305.75,246125.17
A0014794,2025-01,246125.17,13937.81,6264.28,253798.7
A0014794,2025-02,253798.7,32611.26,22367.2,264042.76
A0014794,2025-03,264042.76,7925.43,18419.61,253548.58
A0014794,2025-04,253548.58,15108.43,96851.5,171805.51
A0014794,2025-05,171805.51,1040.27,10935.3,161910.48
A0014794,2025-06,161910.48,19352.31,39594.4,141668.39
A0014794,2025-07,141668.39,19115.73,25851.61,134932.51
A0014794,2025-08,134932.51,7864.37,93034.35,49762.53
A0014794,2025-09,49762.53,20179.29,11574.22,58367.6
A0014794,2025-10,58367.6,36847.04,2866.04,92348.6
A0014794,2025-11,92348.6,12183.88,12053.33,92479.15
A0014794,2025-12,92479.15,10652.14,7782.58,95348.71
A0014794,2026-01,95348.71,79836.99,14864.67,160321.03
A0014794,2026-02,160321.03,7396.87,46731.74,120986.16
A0014794,2026-03,120986.16,6986.89,6261.77,121711.28
A0014794,2026-04,121711.28,0.0,12866.47,108844.81
A0014794,2026-05,108844.81,140535.28,13231.24,236148.85
A0014794,2026-06,236148.85,106302.98,9433.25,333018.58
A0014794,2026-07,333018.58,15385.29,3398.82,345005.05
A0014794,2026-08,345005.05,39970.12,20115.59,364859.58
A0014794,2026-09,364859.58,0.0,2936.46,361923.12
A0014794,2026-10,361923.12,28342.09,39910.2,350355.01
A0014794,2026-11,350355.01,201.02,41511.9,309044.13
A0014794,2026-12,309044.13,183752.8,42021.02,450775.91
A0014802,2022-05,0.0,86692.01,1240.56,85451.45
A0014802,2022-06,85451.45,17432.51,37024.35,65859.61
A0014802,2022-07,65859.61,34587.54,60964.57,39482.58
A0014802,2022-08,39482.58,12702.36,43017.07,9167.87
A0014802,2022-09,9167.87,0.0,2181.45,6986.42
A0014802,2022-10,6986.42,73616.33,6052.16,74550.59
A0014802,2022-11,74550.59,65763.24,3653.08,136660.75
A0014802,2022-12,136660.75,1230.43,32575.63,105315.55
A0014802,2023-01,105315.55,16553.43,429.52,121439.46
A0014802,2023-02,121439.46,15305.14,39667.05,97077.55
A0014802,2023-03,97077.55,35308.1,41179.52,91206.13
A0014802,2023-04,91206.13,13063.58,15710.54,88559.17
A0014802,2023-05,88559.17,10991.41,23212.42,76338.16
A0014802,2023-06,76338.16,37165.51,16696.55,96807.12
A0014802,2023-07,96807.12,664291.63,75690.6,685408.15
A0014802,2023-08,685408.15,0.0,677.52,684730.63
A0014802,2023-09,684730.63,24596.71,12916.07,696411.27
A0014802,2023-10,696411.27,41017.02,27164.35,710263.94
A0014802,2023-11,710263.94,11458.56,27517.98,694204.52
A0014802,2023-12,694204.52,34182.35,21429.65,706957.22
A0014802,2024-01,706957.22,6970.41,12871.91,701055.72
A0014802,2024-02,701055.72,0.0,20665.83,680389.89
A0014802,2024-03,680389.89,39259.01,14289.03,705359.87
A0014802,2024-04,705359.87,12100.06,25409.09,692050.84
A0014802,2024-05,692050.84,23983.07,1447.23,714586.68
A0014802,2024-06,714586.68,30533.19,13278.87,731841.0
A0014802,2024-07,731841.0,54587.7,628.5,785800.2
A0014802,2024-08,785800.2,102264.81,34738.61,853326.4
A0014802,2024-09,853326.4,20354.19,18192.44,855488.15
A0014802,2024-10,855488.15,0.0,29891.71,825596.44
A0014802,2024-11,825596.44,42379.46,23257.58,844718.32
A0014802,2024-12,844718.32,22324.21,13437.93,853604.6
A0014802,2025-01,853604.6,8182.7,12151.71,849635.59
A0014802,2025-02,849635.59,29200.0,1865.44,876970.15
A0014802,2025-03,876970.15,177117.37,19849.45,1034238.07
A0014802,2025-04,1034238.07,62790.82,5400.07,1091628.82
A0014802,2025-05,1091628.82,751.37,30912.9,1061467.29
A0014802,2025-06,1061467.29,12041.69,10893.46,1062615.52
A0014802,2025-07,1062615.52,8463.81,11738.09,1059341.24
A0014802,2025-08,1059341.24,30835.3,46825.43,1043351.11
A0014802,2025-09,1043351.11,431451.49,25159.82,1449642.78
A0014802,2025-10,1449642.78,11064.64,25644.97,1435062.45
A0014802,2025-11,1435062.45,39983.77,29284.68,1445761.54
A0014802,2025-12,1445761.54,93880.92,23485.68,1516156.78
A0014802,2026-01,1516156.78,8895.52,12808.73,1512243.57
A0014802,2026-02,1512243.57,49157.6,18544.81,1542856.36
A0014802,2026-03,1542856.36,70940.16,131247.96,1482548.56
A0014802,2026-04,1482548.56,11087.96,21553.94,1472082.58
A0014802,2026-05,1472082.58,0.0,19595.91,1452486.67
A0014802,2026-06,1452486.67,16160.5,20414.08,1448233.09
A0014802,2026-07,1448233.09,21968.66,212937.35,1257264.4
A0014802,2026-08,1257264.4,27400.47,3261.56,1281403.31
A0014802,2026-09,1281403.31,32105.25,85367.88,1228140.68
A0014802,2026-10,1228140.68,20758.34,166919.26,1081979.76
A0014802,2026-11,1081979.76,33002.15,14084.56,1100897.35
A0014802,2026-12,1100897.35,24696.47,15069.33,1110524.49
A0014853,2022-04,0.0,24007.71,10816.21,13191.5
A0014853,2022-05,13191.5,0.0,8900.52,4290.98
A0014853,2022-06,4290.98,41857.41,26775.72,19372.67
A0014853,2022-07,19372.67,14461.25,16540.88,17293.04
A0014853,2022-08,17293.04,18563.21,15541.67,20314.58
A0014853,2022-09,20314.58,0.0,17092.09,3222.49
A0014853,2022-10,3222.49,11111.49,525.8,13808.18
A0014853,2022-11,13808.18,0.0,10816.21,2991.97
A0014853,2022-12,2991.97,13901.58,12223.0,4670.55
A0014853,2023-01,4670.55,21961.73,26466.48,165.8
A0014853,2023-02,165.8,41820.59,19684.41,22301.98
A0014853,2023-03,22301.98,20217.99,10816.21,31703.76
A0014853,2023-04,31703.76,0.0,8602.85,23100.91
A0014853,2023-05,23100.91,69248.22,66133.02,26216.11
A0014853,2023-06,26216.11,8613.09,18608.8,16220.4
A0014853,2023-07,16220.4,5410.82,517.29,21113.93
A0014853,2023-08,21113.93,5834.69,19939.8,7008.82
A0014853,2023-09,7008.82,1595.77,0.0,8604.59
A0014853,2023-10,8604.59,26050.47,14203.8,20451.26
A0014853,2023-11,20451.26,39814.19,12088.54,48176.91
A0014853,2023-12,48176.91,25929.47,35940.68,38165.7
A0014853,2024-01,38165.7,3090.13,16040.69,25215.14
A0014853,2024-02,25215.14,6215.85,31063.82,367.17
A0014853,2024-03,367.17,32489.61,11878.75,20978.03
A0014853,2024-04,20978.03,114413.04,4659.07,130732.0
A0014853,2024-05,130732.0,30690.85,996.17,160426.68
A0014853,2024-06,160426.68,99412.76,45126.07,214713.37
A0014853,2024-07,214713.37,18599.06,6093.34,227219.09
A0014853,2024-08,227219.09,23622.82,88274.84,162567.07
A0014853,2024-09,162567.07,25155.4,11254.64,176467.83
A0014853,2024-10,176467.83,7604.25,45391.49,138680.59
A0014853,2024-11,138680.59,68404.85,1887.59,205197.85
A0014853,2024-12,205197.85,29840.08,79407.28,155630.65
A0014853,2025-01,155630.65,5004.5,2707.61,157927.54
A0014853,2025-02,157927.54,40072.4,54403.66,143596.28
A0014853,2025-03,143596.28,6503.72,15891.56,134208.44
A0014853,2025-04,134208.44,24246.19,65887.82,92566.81
A0014853,2025-05,92566.81,53531.86,77418.35,68680.32
A0014853,2025-06,68680.32,29082.21,68460.33,29302.2
A0014853,2025-07,29302.2,50410.2,38803.78,40908.62
A0014853,2025-08,40908.62,78081.84,76503.13,42487.33
A0014853,2025-09,42487.33,20685.24,9372.62,53799.95
A0014853,2025-10,53799.95,21407.5,47294.86,27912.59
A0014853,2025-11,27912.59,10674.05,1054.43,37532.21
A0014853,2025-12,37532.21,98044.87,14706.46,120870.62
A0014853,2026-01,120870.62,30600.19,2859.1,148611.71
A0014853,2026-02,148611.71,5356.56,1516.39,152451.88
A0014853,2026-03,152451.88,5650.85,18121.4,139981.33
A0014853,2026-04,139981.33,0.0,24617.97,115363.36
A0014853,2026-05,115363.36,15469.72,77279.85,53553.23
A0014853,2026-06,53553.23,64678.15,13209.56,105021.82
A0014853,2026-07,105021.82,2280.16,81106.32,26195.66
A0014853,2026-08,26195.66,9836.57,0.0,36032.23
A0014853,2026-09,36032.23,42247.84,24842.75,53437.32
A0014853,2026-10,53437.32,2221.59,23320.75,32338.16
A0014853,2026-11,32338.16,19825.7,0.0,52163.86
A0014853,2026-12,52163.86,341717.53,64714.26,329167.13
A0014896,2022-11,0.0,34215.3,27938.82,6276.48
A0014896,2022-12,6276.48,42651.05,21352.01,27575.52
A0014896,2023-01,27575.52,42494.41,3030.55,67039.38
A0014896,2023-02,67039.38,117052.25,21187.33,162904.3
A0014896,2023-03,162904.3,19870.69,49020.31,133754.68
A0014896,2023-04,133754.68,28944.82,15751.55,146947.95
A0014896,2023-05,146947.95,47955.96,31485.17,163418.74
A0014896,2023-06,163418.74,7582.03,33759.84,137240.93
A0014896,2023-07,137240.93,9742.7,21639.41,125344.22
A0014896,2023-08,125344.22,8366.85,10166.82,123544.25
A0014896,2023-09,123544.25,15124.19,4004.59,134663.85
A0014896,2023-10,134663.85,32843.2,30446.03,137061.02
A0014896,2023-11,137061.02,25331.42,41732.78,120659.66
A0014896,2023-12,120659.66,26636.44,27344.61,119951.49
A0014896,2024-01,119951.49,62120.3,47569.82,134501.97
A0014896,2024-02,134501.97,30968.16,71389.98,94080.15
A0014896,2024-03,94080.15,66854.83,42606.19,118328.79
A0014896,2024-04,118328.79,27035.85,17966.21,127398.43
A0014896,2024-05,127398.43,3391.75,33993.32,96796.86
A0014896,2024-06,96796.86,99885.04,55203.61,141478.29
A0014896,2024-07,141478.29,19438.24,100296.33,60620.2
A0014896,2024-08,60620.2,3526.23,13588.85,50557.58
A0014896,2024-09,50557.58,3905.3,53842.74,620.14
A0014896,2024-10,620.14,10030.78,9490.46,1160.46
A0014896,2024-11,1160.46,51277.49,8981.34,43456.61
A0014896,2024-12,43456.61,8695.36,4058.74,48093.23
A0014896,2025-01,48093.23,83982.87,36757.89,95318.21
A0014896,2025-02,95318.21,345000.0,3905.91,436412.3
A0014896,2025-03,436412.3,10886.39,124946.7,322351.99
A0014896,2025-04,322351.99,16844.04,73976.21,265219.82
A0014896,2025-05,265219.82,50817.08,12206.25,303830.65
A0014896,2025-06,303830.65,49828.82,44111.61,309547.86
A0014896,2025-07,309547.86,83821.66,16483.32,376886.2
A0014896,2025-08,376886.2,10655.59,29841.11,357700.68
A0014896,2025-09,357700.68,38391.44,43879.57,352212.55
A0014896,2025-10,352212.55,9757.0,10938.14,351031.41
A0014896,2025-11,351031.41,40802.41,60165.68,331668.14
A0014896,2025-12,331668.14,9973.95,27238.03,314404.06
A0014896,2026-01,314404.06,981403.16,16685.36,1279121.86
A0014896,2026-02,1279121.86,40033.85,19696.09,1299459.62
A0014896,2026-03,1299459.62,18859.49,110118.36,1208200.75
A0014896,2026-04,1208200.75,16793.28,60552.67,1164441.36
A0014896,2026-05,1164441.36,26370.06,27042.54,1163768.88
A0014896,2026-06,1163768.88,14446.28,19159.87,1159055.29
A0014896,2026-07,1159055.29,8194.29,18284.6,1148964.98
A0014896,2026-08,1148964.98,17396.72,99842.25,1066519.45
A0014896,2026-09,1066519.45,18665.75,13884.35,1071300.85
A0014896,2026-10,1071300.85,23398.11,49543.24,1045155.72
A0014896,2026-11,1045155.72,0.0,51296.63,993859.09
A0014896,2026-12,993859.09,37769.73,43866.61,987762.21
A0014954,2022-12,0.0,3443.62,1244.16,2199.46
A0014954,2023-01,2199.46,464.62,1514.27,1149.81
A0014954,2023-02,1149.81,91457.57,349.85,92257.53
A0014954,2023-03,92257.53,0.0,947.48,91310.05
A0014954,2023-04,91310.05,12767.88,2118.33,101959.6
A0014954,2023-05,101959.6,185.6,0.0,102145.2
A0014954,2023-06,102145.2,41.53,1063.14,101123.59
A0014954,2023-07,101123.59,14069.41,30855.34,84337.66
A0014954,2023-08,84337.66,8022.45,123.34,92236.77
A0014954,2023-09,92236.77,153.06,2388.0,90001.83
A0014954,2023-10,90001.83,279.79,19539.85,70741.77
A0014954,2023-11,70741.77,225.45,38273.17,32694.05
A0014954,2023-12,32694.05,0.0,21220.26,11473.79
A0014954,2024-01,11473.79,5708.8,259.27,16923.32
A0014954,2024-02,16923.32,384.4,2668.81,14638.91
A0014954,2024-03,14638.91,17.52,6536.49,8119.94
A0014954,2024-04,8119.94,0.0,1106.06,7013.88
A0014954,2024-05,7013.88,1276.15,5359.82,2930.21
A0014954,2024-06,2930.21,109.35,1091.09,1948.47
A0014954,2024-07,1948.47,619.47,2343.75,224.19
A0014954,2024-08,224.19,641.31,564.14,301.36
A0014954,2024-09,301.36,0.0,241.73,59.63
A0014954,2024-10,59.63,77334.98,1153.96,76240.65
A0014954,2024-11,76240.65,151612.38,1673.75,226179.28
A0014954,2024-12,226179.28,116.05,18584.53,207710.8
A0014954,2025-01,207710.8,642.31,1434.81,206918.3
A0014954,2025-02,206918.3,1767.35,3309.58,205376.07
A0014954,2025-03,205376.07,204757.87,161115.64,249018.3
A0014954,2025-04,249018.3,814.68,946.13,248886.85
A0014954,2025-05,248886.85,3.19,1558.15,247331.89
A0014954,2025-06,247331.89,116.38,1048.66,246399.61
A0014954,2025-07,246399.61,779.54,1146.81,246032.34
A0014954,2025-08,246032.34,6924.5,1253.44,251703.4
A0014954,2025-09,251703.4,13118.9,80248.68,184573.62
A0014954,2025-10,184573.62,0.0,1152.53,183421.09
A0014954,2025-11,183421.09,281.89,24911.35,158791.63
A0014954,2025-12,158791.63,83578.56,96794.07,145576.12
A0014954,2026-01,145576.12,1374.93,1121.79,145829.26
A0014954,2026-02,145829.26,0.0,973.98,144855.28
A0014954,2026-03,144855.28,421.94,932.56,144344.66
A0014954,2026-04,144344.66,602.23,2655.28,142291.61
A0014954,2026-05,142291.61,0.0,1279.08,141012.53
A0014954,2026-06,141012.53,0.0,1201.5,139811.03
A0014954,2026-07,139811.03,1369.55,35367.12,105813.46
A0014954,2026-08,105813.46,574.91,12638.73,93749.64
A0014954,2026-09,93749.64,1243.18,932.16,94060.66
A0014954,2026-10,94060.66,87.92,2188.82,91959.76
A0014954,2026-11,91959.76,390.55,1122.87,91227.44
A0014954,2026-12,91227.44,0.0,870.85,90356.59
A0014989,2023-03,0.0,37034.79,26911.67,10123.12
A0014989,2023-04,10123.12,27164.21,21298.14,15989.19
A0014989,2023-05,15989.19,2809.1,16801.92,1996.37
A0014989,2023-06,1996.37,146638.04,100507.28,48127.13
A0014989,2023-07,48127.13,2423.08,39721.65,10828.56
A0014989,2023-08,10828.56,1475242.23,17928.56,1468142.23
A0014989,2023-09,1468142.23,10013.06,28581.57,1449573.72
A0014989,2023-10,1449573.72,6039.17,32189.24,1423423.65
A0014989,2023-11,1423423.65,2746.27,20144.36,1406025.56
A0014989,2023-12,1406025.56,36829.33,22243.2,1420611.69
A0014989,2024-01,1420611.69,20506.53,4952.51,1436165.71
A0014989,2024-02,1436165.71,47938.86,22951.05,1461153.52
A0014989,2024-03,1461153.52,16244.23,17078.95,1460318.8
A0014989,2024-04,1460318.8,67957.34,13247.7,1515028.44
A0014989,2024-05,1515028.44,0.0,23904.59,1491123.85
A0014989,2024-06,1491123.85,34087.59,21813.0,1503398.44
A0014989,2024-07,1503398.44,13419.14,45782.39,1471035.19
A0014989,2024-08,1471035.19,10138.29,30472.26,1450701.22
A0014989,2024-09,1450701.22,26733.38,20537.34,1456897.26
A0014989,2024-10,1456897.26,7136.61,28182.59,1435851.28
A0014989,2024-11,1435851.28,43105.51,41102.04,1437854.75
A0014989,2024-12,1437854.75,33846.8,38144.48,1433557.07
A0014989,2025-01,1433557.07,47215.31,10763.24,1470009.14
A0014989,2025-02,1470009.14,8517.14,75421.33,1403104.95
A0014989,2025-03,1403104.95,5064.27,29094.94,1379074.28
A0014989,2025-04,1379074.28,9531.66,16619.05,1371986.89
A0014989,2025-05,1371986.89,30769.0,17707.73,1385048.16
A0014989,2025-06,1385048.16,19591.3,22095.62,1382543.84
A0014989,2025-07,1382543.84,61303.68,35159.98,1408687.54
A0014989,2025-08,1408687.54,2081.43,22018.27,1388750.7
A0014989,2025-09,1388750.7,41598.21,37547.64,1392801.27
A0015008,2023-03,0.0,1113.91,0.0,1113.91
A0015008,2023-04,1113.91,0.0,0.0,1113.91
A0015008,2023-05,1113.91,0.0,0.0,1113.91
A0015008,2023-06,1113.91,0.0,309.39,804.52
A0015008,2023-07,804.52,470.75,73.93,1201.34
A0015008,2023-08,1201.34,0.0,0.0,1201.34
A0015008,2023-09,1201.34,132.46,0.0,1333.8
A0015008,2023-10,1333.8,0.0,0.0,1333.8
A0015008,2023-11,1333.8,0.0,0.0,1333.8
A0015008,2023-12,1333.8,0.0,0.0,1333.8
A0015008,2024-01,1333.8,0.0,0.0,1333.8
A0015008,2024-02,1333.8,71.11,0.0,1404.91
A0015008,2024-03,1404.91,0.0,0.0,1404.91
A0015008,2024-04,1404.91,0.0,0.0,1404.91
A0015008,2024-05,1404.91,558.23,0.0,1963.14
A0015008,2024-06,1963.14,0.0,223.48,1739.66
A0015008,2024-07,1739.66,288.08,0.0,2027.74
A0015008,2024-08,2027.74,0.0,467.8,1559.94
A0015008,2024-09,1559.94,0.0,0.0,1559.94
A0015008,2024-10,1559.94,0.0,0.0,1559.94
A0015008,2024-11,1559.94,0.0,0.0,1559.94
A0015008,2024-12,1559.94,0.0,182.63,1377.31
A0015008,2025-01,1377.31,0.0,0.0,1377.31
A0015008,2025-02,1377.31,0.0,155.86,1221.45
A0015008,2025-03,1221.45,0.0,0.0,1221.45
A0015008,2025-04,1221.45,914.48,0.0,2135.93
A0015008,2025-05,2135.93,0.0,72.44,2063.49
A0015008,2025-06,2063.49,1107.3,727.96,2442.83
A0015008,2025-07,2442.83,0.0,0.0,2442.83
A0015008,2025-08,2442.83,79.88,0.0,2522.71
A0015008,2025-09,2522.71,0.0,0.0,2522.71
A0015008,2025-10,2522.71,677.9,91.85,3108.76
A0015008,2025-11,3108.76,0.0,0.0,3108.76
A0015008,2025-12,3108.76,0.0,0.0,3108.76
A0015008,2026-01,3108.76,0.0,218.58,2890.18
A0015008,2026-02,2890.18,0.0,326.08,2564.1
A0015008,2026-03,2564.1,0.0,0.0,2564.1
A0015008,2026-04,2564.1,481.59,0.0,3045.69
A0015008,2026-05,3045.69,0.0,0.0,3045.69
A0015008,2026-06,3045.69,0.0,204.45,2841.24
A0015008,2026-07,2841.24,0.0,0.0,2841.24
A0015008,2026-08,2841.24,359.71,724.02,2476.93
A0015008,2026-09,2476.93,5.0,0.0,2481.93
A0015008,2026-10,2481.93,0.0,0.0,2481.93
A0015008,2026-11,2481.93,11344.63,180.36,13646.2
A0015008,2026-12,13646.2,0.0,0.0,13646.2
A0015069,2023-12,0.0,45990.37,4973.4,41016.97
A0015069,2024-01,41016.97,69297.85,13905.15,96409.67
A0015069,2024-02,96409.67,23120.12,12520.37,107009.42
A0015069,2024-03,107009.42,14235.37,18498.89,102745.9
A0015069,2024-04,102745.9,19073.47,31806.0,90013.37
A0015069,2024-05,90013.37,10813.56,98848.5,1978.43
A0015069,2024-06,1978.43,34663.24,16402.29,20239.38
A0015069,2024-07,20239.38,31608.47,34213.57,17634.28
A0015069,2024-08,17634.28,113140.88,21542.09,109233.07
A0015069,2024-09,109233.07,372817.76,26411.91,455638.92
A0015069,2024-10,455638.92,22973.0,15690.43,462921.49
A0015069,2024-11,462921.49,1224.87,68262.18,395884.18
A0015069,2024-12,395884.18,37563.91,66039.43,367408.66
A0015069,2025-01,367408.66,16553.69,21976.62,361985.73
A0015069,2025-02,361985.73,10607.24,23765.77,348827.2
A0015069,2025-03,348827.2,27140.94,14849.13,361119.01
A0015069,2025-04,361119.01,78523.18,5132.36,434509.83
A0015069,2025-05,434509.83,332415.71,32158.95,734766.59
A0015069,2025-06,734766.59,790.37,33921.25,701635.71
A0015069,2025-07,701635.71,21051.91,10988.43,711699.19
A0015069,2025-08,711699.19,86184.82,78343.33,719540.68
A0015069,2025-09,719540.68,35672.31,4001.65,751211.34
A0015069,2025-10,751211.34,57525.28,8923.7,799812.92
A0015069,2025-11,799812.92,48078.33,44191.37,803699.88
A0015069,2025-12,803699.88,23292.1,19747.2,807244.78
A0015069,2026-01,807244.78,10753.65,6291.35,811707.08
A0015069,2026-02,811707.08,408531.69,18592.99,1201645.78
A0015069,2026-03,1201645.78,28268.11,274638.54,955275.35
A0015069,2026-04,955275.35,27843.32,21814.33,961304.34
A0015069,2026-05,961304.34,16980.86,72210.54,906074.66
A0015069,2026-06,906074.66,29041.65,17746.81,917369.5
A0015069,2026-07,917369.5,92372.4,40435.34,969306.56
A0015069,2026-08,969306.56,85033.69,41029.36,1013310.89
A0015069,2026-09,1013310.89,3054.51,9098.21,1007267.19
A0015069,2026-10,1007267.19,18439.07,76880.94,948825.32
A0015093,2023-02,0.0,204813.8,26177.75,178636.05
A0015093,2023-03,178636.05,18109.63,81957.69,114787.99
A0015093,2023-04,114787.99,54523.14,24029.35,145281.78
A0015093,2023-05,145281.78,109757.73,57536.08,197503.43
A0015093,2023-06,197503.43,85494.16,127058.51,155939.08
A0015093,2023-07,155939.08,103183.83,40433.7,218689.21
A0015093,2023-08,218689.21,170160.23,41837.37,347012.07
A0015093,2023-09,347012.07,181129.05,56751.68,471389.44
A0015093,2023-10,471389.44,131418.49,108747.6,494060.33
A0015093,2023-11,494060.33,63445.3,39564.21,517941.42
A0015093,2023-12,517941.42,108772.24,248477.57,378236.09
A0015093,2024-01,378236.09,112888.32,68027.08,423097.33
A0015093,2024-02,423097.33,544633.38,158980.26,808750.45
A0015093,2024-03,808750.45,195040.71,90178.8,913612.36
A0015093,2024-04,913612.36,18692.67,103017.53,829287.5
A0015093,2024-05,829287.5,226432.78,124982.58,930737.7
A0015093,2024-06,930737.7,107542.08,58702.99,979576.79
A0015093,2024-07,979576.79,74079.41,99418.13,954238.07
A0015093,2024-08,954238.07,93695.81,96193.32,951740.56
A0015093,2024-09,951740.56,171276.48,69532.01,1053485.03
A0015093,2024-10,1053485.03,79389.62,6012.92,1126861.73
A0015093,2024-11,1126861.73,86653.75,88825.93,1124689.55
A0015093,2024-12,1124689.55,132579.18,55312.37,1201956.36
A0015093,2025-01,1201956.36,73478.8,93196.41,1182238.75
A0015093,2025-02,1182238.75,98984.11,190719.69,1090503.17
A0015093,2025-03,1090503.17,11569.31,91775.01,1010297.47
A0015093,2025-04,1010297.47,105578.15,78503.15,1037372.47
A0015093,2025-05,1037372.47,152426.82,97715.16,1092084.13
A0015093,2025-06,1092084.13,326917.89,66848.41,1352153.61
A0015093,2025-07,1352153.61,107007.79,67947.19,1391214.21
A0015093,2025-08,1391214.21,113024.17,229662.44,1274575.94
A0015093,2025-09,1274575.94,81785.67,24640.94,1331720.67
A0015093,2025-10,1331720.67,93578.43,57877.08,1367422.02
A0015093,2025-11,1367422.02,86976.02,160809.09,1293588.95
A0015093,2025-12,1293588.95,140203.84,189192.82,1244599.97
A0015093,2026-01,1244599.97,101964.9,88775.39,1257789.48
A0015093,2026-02,1257789.48,83679.26,238146.49,1103322.25
A0015093,2026-03,1103322.25,295048.86,420585.64,977785.47
A0015093,2026-04,977785.47,159969.79,121045.97,1016709.29
A0015093,2026-05,1016709.29,76295.81,165903.35,927101.75
A0015093,2026-06,927101.75,144650.35,68439.11,1003312.99
A0015093,2026-07,1003312.99,85265.56,53689.94,1034888.61
A0015093,2026-08,1034888.61,79179.82,186588.56,927479.87
A0015093,2026-09,927479.87,103607.51,104536.11,926551.27
A0015093,2026-10,926551.27,117108.86,102457.54,941202.59
A0015093,2026-11,941202.59,91936.48,149777.55,883361.52
A0015093,2026-12,883361.52,137673.87,361293.99,659741.4
A0015110,2023-04,0.0,168966.59,91303.85,77662.74
A0015110,2023-05,77662.74,76350.41,109477.65,44535.5
A0015110,2023-06,44535.5,216995.19,61438.5,200092.19
A0015110,2023-07,200092.19,7082.88,13809.63,193365.44
A0015110,2023-08,193365.44,7157.74,6794.79,193728.39
A0015110,2023-09,193728.39,28431.61,6315.74,215844.26
A0015110,2023-10,215844.26,43831.39,35130.88,224544.77
A0015110,2023-11,224544.77,12849.06,65045.03,172348.8
A0015110,2023-12,172348.8,158933.84,84407.16,246875.48
A0015110,2024-01,246875.48,7063.22,24129.33,229809.37
A0015110,2024-02,229809.37,55971.38,21620.99,264159.76
A0015110,2024-03,264159.76,23378.73,50018.31,237520.18
A0015110,2024-04,237520.18,71882.11,94073.44,215328.85
A0015110,2024-05,215328.85,23451.66,20231.72,218548.79
A0015110,2024-06,218548.79,11947.12,21365.78,209130.13
A0015110,2024-07,209130.13,10939.61,32820.79,187248.95
A0015110,2024-08,187248.95,75581.45,68690.31,194140.09
A0015110,2024-09,194140.09,47799.04,43772.99,198166.14
A0015110,2024-10,198166.14,135812.41,80310.9,253667.65
A0015110,2024-11,253667.65,37405.35,72896.0,218177.0
A0015110,2024-12,218177.0,78490.92,16004.51,280663.41
A0015110,2025-01,280663.41,49980.7,7972.58,322671.53
A0015110,2025-02,322671.53,74544.92,23756.31,373460.14
A0015110,2025-03,373460.14,9120.0,42871.97,339708.17
A0015110,2025-04,339708.17,59819.08,55299.31,344227.94
A0015110,2025-05,344227.94,97399.82,51191.56,390436.2
A0015110,2025-06,390436.2,33835.26,205387.71,218883.75
A0015110,2025-07,218883.75,15742.24,59470.33,175155.66
A0015110,2025-08,175155.66,37034.03,31890.27,180299.42
A0015110,2025-09,180299.42,7479.68,27573.54,160205.56
A0015110,2025-10,160205.56,0.0,32965.69,127239.87
A0015110,2025-11,127239.87,477456.69,88279.62,516416.94
A0015110,2025-12,516416.94,7928.61,17852.46,506493.09
A0015110,2026-01,506493.09,5875.81,14087.49,498281.41
A0015110,2026-02,498281.41,10885.96,63761.52,445405.85
A0015110,2026-03,445405.85,37941.04,44118.89,439228.0
A0015110,2026-04,439228.0,68590.15,49007.67,458810.48
A0015110,2026-05,458810.48,403500.83,36386.59,825924.72
A0015110,2026-06,825924.72,19523.16,130728.67,714719.21
A0015110,2026-07,714719.21,155334.25,40621.88,829431.58
A0015110,2026-08,829431.58,33434.45,23125.96,839740.07
A0015110,2026-09,839740.07,34165.85,44725.9,829180.02
A0015110,2026-10,829180.02,27065.32,67930.29,788315.05
A0015110,2026-11,788315.05,20025.08,42736.43,765603.7
A0015110,2026-12,765603.7,60220.14,60574.83,765249.01
A0015130,2023-07,0.0,51150.16,633.73,50516.43
A0015130,2023-08,50516.43,949.57,7025.87,44440.13
A0015130,2023-09,44440.13,7646.77,7722.81,44364.09
A0015130,2023-10,44364.09,4126.69,1146.97,47343.81
A0015130,2023-11,47343.81,1479.57,8384.42,40438.96
A0015130,2023-12,40438.96,1527.31,7261.16,34705.11
A0015130,2024-01,34705.11,3017.84,4039.57,33683.38
A0015130,2024-02,33683.38,128360.11,4108.56,157934.93
A0015130,2024-03,157934.93,2296.8,20024.34,140207.39
A0015130,2024-04,140207.39,0.0,5104.0,135103.39
A0015130,2024-05,135103.39,7668.1,13325.04,129446.45
A0015130,2024-06,129446.45,4781.63,13555.76,120672.32
A0015130,2024-07,120672.32,3189.91,30942.93,92919.3
A0015130,2024-08,92919.3,1125.61,5602.91,88442.0
A0015130,2024-09,88442.0,9876.82,4263.09,94055.73
A0015130,2024-10,94055.73,2456.24,32332.87,64179.1
A0015130,2024-11,64179.1,12090.04,44628.66,31640.48
A0015130,2024-12,31640.48,7834.43,4616.88,34858.03
A0015130,2025-01,34858.03,4826.28,2952.76,36731.55
A0015130,2025-02,36731.55,3444.39,911.84,39264.1
A0015130,2025-03,39264.1,253.13,15796.98,23720.25
A0015130,2025-04,23720.25,6987.97,3911.02,26797.2
A0015130,2025-05,26797.2,1047.47,1131.27,26713.4
A0015130,2025-06,26713.4,439.55,4973.55,22179.4
A0015130,2025-07,22179.4,14286.56,3338.62,33127.34
A0015130,2025-08,33127.34,0.0,8417.18,24710.16
A0015130,2025-09,24710.16,3147.69,987.46,26870.39
A0015130,2025-10,26870.39,1159.94,1055.69,26974.64
A0015130,2025-11,26974.64,8983.97,8442.2,27516.41
A0015130,2025-12,27516.41,1921.7,19021.21,10416.9
A0015130,2026-01,10416.9,0.0,4877.53,5539.37
A0015130,2026-02,5539.37,220.19,2166.19,3593.37
A0015130,2026-03,3593.37,2999.65,4909.27,1683.75
A0015130,2026-04,1683.75,4821.52,1746.95,4758.32
A0015130,2026-05,4758.32,3586.33,7856.0,488.65
A0015130,2026-06,488.65,2661.03,1323.23,1826.45
A0015130,2026-07,1826.45,90102.11,2757.37,89171.19
A0015130,2026-08,89171.19,5683.64,3807.19,91047.64
A0015130,2026-09,91047.64,2351.45,385.07,93014.02
A0015130,2026-10,93014.02,4571.39,17572.66,80012.75
A0015130,2026-11,80012.75,11193.82,21144.7,70061.87
A0015130,2026-12,70061.87,24488.73,10196.71,84353.89
A0015228,2023-10,0.0,6286048.41,0.0,6286048.41
A0015228,2023-11,6286048.41,46718.28,0.0,6332766.69
A0015228,2023-12,6332766.69,48667.94,0.0,6381434.63
A0015228,2024-01,6381434.63,35982.04,0.0,6417416.67
A0015228,2024-02,6417416.67,39409.71,0.0,6456826.38
A0015228,2024-03,6456826.38,39190.33,0.0,6496016.71
A0015228,2024-04,6496016.71,37727.01,0.0,6533743.72
A0015228,2024-05,6533743.72,41354.73,0.0,6575098.45
A0015228,2024-06,6575098.45,39126.29,0.0,6614224.74
A0015228,2024-07,6614224.74,40452.26,0.0,6654677.0
A0015228,2024-08,6654677.0,42732.6,0.0,6697409.6
A0015228,2024-09,6697409.6,40645.0,0.0,6738054.6
A0015228,2024-10,6738054.6,42540.88,0.0,6780595.48
A0015228,2024-11,6780595.48,42680.16,0.0,6823275.64
A0015228,2024-12,6823275.64,42426.13,0.0,6865701.77
A0015228,2025-01,6865701.77,36622.03,0.0,6902323.8
A0015228,2025-02,6902323.8,39516.13,0.0,6941839.93
A0015228,2025-03,6941839.93,36911.39,0.0,6978751.32
A0015228,2025-04,6978751.32,36530.4,0.0,7015281.72
A0015228,2025-05,7015281.72,37185.38,0.0,7052467.1
A0015228,2025-06,7052467.1,37865.59,0.0,7090332.69
A0015228,2025-07,7090332.69,36864.2,0.0,7127196.89
A0015228,2025-08,7127196.89,39815.83,0.0,7167012.72
A0015228,2025-09,7167012.72,39852.09,7206864.81,0.0
A0015288,2023-09,0.0,114113.0,0.0,114113.0
A0015288,2023-10,114113.0,12191.66,8177.88,118126.78
A0015288,2023-11,118126.78,487.3,18350.08,100264.0
A0015288,2023-12,100264.0,82888.78,11601.8,171550.98
A0015288,2024-01,171550.98,11033.59,889.53,181695.04
A0015288,2024-02,181695.04,23603.77,35495.2,169803.61
A0015288,2024-03,169803.61,4122.27,39123.66,134802.22
A0015288,2024-04,134802.22,25444.1,7802.21,152444.11
A0015288,2024-05,152444.11,14740.08,101987.83,65196.36
A0015288,2024-06,65196.36,1677.54,18350.12,48523.78
A0015288,2024-07,48523.78,7389.19,6185.76,49727.21
A0015288,2024-08,49727.21,4171.23,20292.53,33605.91
A0015288,2024-09,33605.91,12206.97,0.0,45812.88
A0015288,2024-10,45812.88,11076.83,12806.59,44083.12
A0015288,2024-11,44083.12,7955.93,5735.54,46303.51
A0015288,2024-12,46303.51,1727.71,25304.1,22727.12
A0015288,2025-01,22727.12,16354.7,11671.47,27410.35
A0015288,2025-02,27410.35,7221.8,10909.18,23722.97
A0015288,2025-03,23722.97,1288.62,5735.54,19276.05
A0015288,2025-04,19276.05,23386.97,15508.06,27154.96
A0015288,2025-05,27154.96,13599.77,6386.88,34367.85
A0015288,2025-06,34367.85,3374.36,0.0,37742.21
A0015288,2025-07,37742.21,16337.6,21941.01,32138.8
A0015288,2025-08,32138.8,10551.51,7786.95,34903.36
A0015288,2025-09,34903.36,11538.08,1135.86,45305.58
A0015288,2025-10,45305.58,14003.02,6561.81,52746.79
A0015288,2025-11,52746.79,6394.49,11491.46,47649.82
A0015288,2025-12,47649.82,16339.73,15094.65,48894.9
A0015288,2026-01,48894.9,0.0,19014.13,29880.77
A0015288,2026-02,29880.77,87913.11,0.0,117793.88
A0015288,2026-03,117793.88,13774.15,80297.11,51270.92
A0015288,2026-04,51270.92,0.0,0.0,51270.92
A0015288,2026-05,51270.92,0.0,0.0,51270.92
A0015288,2026-06,51270.92,17138.53,11404.38,57005.07
A0015288,2026-07,57005.07,2206.4,23832.35,35379.12
A0015288,2026-08,35379.12,34575.56,12243.64,57711.04
A0015288,2026-09,57711.04,15090.14,0.0,72801.18
A0015288,2026-10,72801.18,0.0,362.48,72438.7
A0015288,2026-11,72438.7,5555.96,370.53,77624.13
A0015288,2026-12,77624.13,192323.31,2886.49,267060.95
A0015352,2023-11,0.0,4495.82,555.19,3940.63
A0015352,2023-12,3940.63,9042.13,3605.63,9377.13
A0015352,2024-01,9377.13,0.0,2306.46,7070.67
A0015352,2024-02,7070.67,671.73,5479.32,2263.08
A0015352,2024-03,2263.08,0.0,138.02,2125.06
A0015352,2024-04,2125.06,11539.4,851.44,12813.02
A0015352,2024-05,12813.02,6058.96,3273.63,15598.35
A0015352,2024-06,15598.35,1476.0,12833.26,4241.09
A0015352,2024-07,4241.09,1766.76,0.0,6007.85
A0015352,2024-08,6007.85,10899.93,1635.59,15272.19
A0015352,2024-09,15272.19,2726.96,0.0,17999.15
A0015352,2024-10,17999.15,24706.28,21985.65,20719.78
A0015352,2024-11,20719.78,25666.13,18160.48,28225.43
A0015352,2024-12,28225.43,23105.14,3538.5,47792.07
A0015352,2025-01,47792.07,3111.01,2338.49,48564.59
A0015352,2025-02,48564.59,3275.11,7210.41,44629.29
A0015352,2025-03,44629.29,3327.93,2630.5,45326.72
A0015352,2025-04,45326.72,2239.47,11397.2,36168.99
A0015352,2025-05,36168.99,15870.96,10911.14,41128.81
A0015352,2025-06,41128.81,5336.06,189.12,46275.75
A0015352,2025-07,46275.75,5891.26,12170.36,39996.65
A0015352,2025-08,39996.65,842.47,2798.92,38040.2
A0015352,2025-09,38040.2,1624.47,8679.53,30985.14
A0015352,2025-10,30985.14,6192.18,0.0,37177.32
A0015352,2025-11,37177.32,19741.82,13847.41,43071.73
A0015352,2025-12,43071.73,0.0,11720.53,31351.2
A0015352,2026-01,31351.2,6100.99,2199.53,35252.66
A0015352,2026-02,35252.66,27444.99,9366.66,53330.99
A0015352,2026-03,53330.99,4926.77,11154.33,47103.43
A0015352,2026-04,47103.43,4557.28,47348.41,4312.3
A0015352,2026-05,4312.3,2692.99,4964.06,2041.23
A0015352,2026-06,2041.23,0.0,917.66,1123.57
A0015352,2026-07,1123.57,17182.26,218.61,18087.22
A0015352,2026-08,18087.22,23378.31,4853.43,36612.1
A0015352,2026-09,36612.1,4842.35,26744.03,14710.42
A0015352,2026-10,14710.42,20350.08,424.21,34636.29
A0015352,2026-11,34636.29,2958.32,1743.87,35850.74
A0015352,2026-12,35850.74,22043.29,3412.48,54481.55
A0015540,2023-12,0.0,158387.91,44635.18,113752.73
A0015540,2024-01,113752.73,44541.43,111232.67,47061.49
A0015540,2024-02,47061.49,102312.68,125212.66,24161.51
A0015540,2024-03,24161.51,28857.77,35410.39,17608.89
A0015540,2024-04,17608.89,119687.54,118548.75,18747.68
A0015540,2024-05,18747.68,90606.94,5607.41,103747.21
A0015540,2024-06,103747.21,2712.62,31399.15,75060.68
A0015540,2024-07,75060.68,49114.85,16404.22,107771.31
A0015540,2024-08,107771.31,107355.09,29182.03,185944.37
A0015540,2024-09,185944.37,131207.04,36737.98,280413.43
A0015540,2024-10,280413.43,16826.92,31907.13,265333.22
A0015540,2024-11,265333.22,24615.63,50587.09,239361.76
A0015540,2024-12,239361.76,45501.8,17665.91,267197.65
A0015540,2025-01,267197.65,37612.42,47149.64,257660.43
A0015540,2025-02,257660.43,58433.64,16960.53,299133.54
A0015540,2025-03,299133.54,48602.55,197572.44,150163.65
A0015540,2025-04,150163.65,46942.19,11793.93,185311.91
A0015540,2025-05,185311.91,112255.6,80089.97,217477.54
A0015540,2025-06,217477.54,49442.43,101554.46,165365.51
A0015540,2025-07,165365.51,97487.91,16972.11,245881.31
A0015540,2025-08,245881.31,129380.75,26242.65,349019.41
A0015540,2025-09,349019.41,29813.09,25861.19,352971.31
A0015540,2025-10,352971.31,28081.72,31756.27,349296.76
A0015540,2025-11,349296.76,31944.16,32484.79,348756.13
A0015540,2025-12,348756.13,9399.28,25801.73,332353.68
A0015540,2026-01,332353.68,25325.72,127594.15,230085.25
A0015540,2026-02,230085.25,111375.87,32957.9,308503.22
A0015540,2026-03,308503.22,129284.23,45050.31,392737.14
A0015540,2026-04,392737.14,11898.93,28313.04,376323.03
A0015540,2026-05,376323.03,65112.82,102399.18,339036.67
A0015540,2026-06,339036.67,40555.68,86005.95,293586.4
A0015540,2026-07,293586.4,18120.01,3703.16,308003.25
A0015540,2026-08,308003.25,26120.69,4094.11,330029.83
A0015540,2026-09,330029.83,106116.79,41064.75,395081.87
A0015540,2026-10,395081.87,115739.94,25350.65,485471.16
A0015540,2026-11,485471.16,18831.73,41439.63,462863.26
A0015540,2026-12,462863.26,71733.34,25962.94,508633.66
A0015601,2023-10,0.0,48752.94,3972.54,44780.4
A0015601,2023-11,44780.4,28386.31,27979.61,45187.1
A0015601,2023-12,45187.1,3097.76,19388.71,28896.15
A0015601,2024-01,28896.15,19997.75,22245.17,26648.73
A0015601,2024-02,26648.73,124453.67,22151.24,128951.16
A0015601,2024-03,128951.16,52646.21,121553.42,60043.95
A0015601,2024-04,60043.95,32842.23,42182.4,50703.78
A0015601,2024-05,50703.78,0.0,299.14,50404.64
A0015601,2024-06,50404.64,21554.25,19307.42,52651.47
A0015601,2024-07,52651.47,15258.83,19549.59,48360.71
A0015601,2024-08,48360.71,64078.8,33262.64,79176.87
A0015601,2024-09,79176.87,0.0,0.0,79176.87
A0015601,2024-10,79176.87,33783.84,26672.02,86288.69
A0015601,2024-11,86288.69,32117.18,37624.74,80781.13
A0015601,2024-12,80781.13,72923.99,75361.85,78343.27
A0015601,2025-01,78343.27,12136.8,22222.73,68257.34
A0015601,2025-02,68257.34,21000.82,43217.21,46040.95
A0015601,2025-03,46040.95,29066.92,19894.89,55212.98
A0015601,2025-04,55212.98,21725.97,41609.99,35328.96
A0015601,2025-05,35328.96,0.0,6738.39,28590.57
A0015601,2025-06,28590.57,49116.95,26048.44,51659.08
A0015601,2025-07,51659.08,161099.67,44606.77,168151.98
A0015601,2025-08,168151.98,47327.33,69198.45,146280.86
A0015601,2025-09,146280.86,168365.25,74984.74,239661.37
A0015601,2025-10,239661.37,43813.67,31103.29,252371.75
A0015601,2025-11,252371.75,62148.2,7280.31,307239.64
A0015601,2025-12,307239.64,10400.28,37809.8,279830.12
A0015601,2026-01,279830.12,68700.19,21099.05,327431.26
A0015601,2026-02,327431.26,181239.29,28491.26,480179.29
A0015601,2026-03,480179.29,46388.55,49448.61,477119.23
A0015601,2026-04,477119.23,28204.52,112990.6,392333.15
A0015601,2026-05,392333.15,92538.35,23080.83,461790.67
A0015601,2026-06,461790.67,84082.93,98248.36,447625.24
A0015601,2026-07,447625.24,11815.84,23389.27,436051.81
A0015601,2026-08,436051.81,0.0,13870.2,422181.61
A0015601,2026-09,422181.61,21869.4,16718.99,427332.02
A0015601,2026-10,427332.02,50627.46,70558.17,407401.31
A0015601,2026-11,407401.31,34744.55,1761.39,440384.47
A0015601,2026-12,440384.47,8898.54,29837.51,419445.5
A0015605,2023-10,0.0,91086.69,581.52,90505.17
A0015605,2023-11,90505.17,49727.49,95239.38,44993.28
A0015605,2023-12,44993.28,0.0,24395.48,20597.8
A0015605,2024-01,20597.8,71981.88,7464.12,85115.56
A0015605,2024-02,85115.56,24221.05,11939.68,97396.93
A0015605,2024-03,97396.93,315952.52,46652.14,366697.31
A0015605,2024-04,366697.31,172308.14,95814.04,443191.41
A0015605,2024-05,443191.41,18280.64,13325.99,448146.06
A0015605,2024-06,448146.06,67402.81,20874.47,494674.4
A0015605,2024-07,494674.4,205719.31,27678.47,672715.24
A0015605,2024-08,672715.24,47805.9,43416.53,677104.61
A0015605,2024-09,677104.61,21619.34,21890.11,676833.84
A0015605,2024-10,676833.84,61852.77,718632.83,20053.78
A0015605,2024-11,20053.78,74782.05,5008.4,89827.43
A0015605,2024-12,89827.43,35722.93,69983.55,55566.81
A0015605,2025-01,55566.81,33384.42,12699.68,76251.55
A0015605,2025-02,76251.55,18995.93,7105.62,88141.86
A0015605,2025-03,88141.86,0.0,29727.16,58414.7
A0015605,2025-04,58414.7,103216.34,79049.57,82581.47
A0015605,2025-05,82581.47,620.19,7283.3,75918.36
A0015605,2025-06,75918.36,2422.24,42422.42,35918.18
A0015605,2025-07,35918.18,97555.98,0.0,133474.16
A0015605,2025-08,133474.16,11130.82,90039.07,54565.91
A0015605,2025-09,54565.91,19634.08,0.0,74199.99
A0015605,2025-10,74199.99,96039.12,18459.94,151779.17
A0015605,2025-11,151779.17,92179.72,54621.33,189337.56
A0015605,2025-12,189337.56,10209.76,89616.95,109930.37
A0015605,2026-01,109930.37,0.0,2955.66,106974.71
A0015605,2026-02,106974.71,22947.09,3555.84,126365.96
A0015605,2026-03,126365.96,10423.19,22374.2,114414.95
A0015605,2026-04,114414.95,208080.12,26859.78,295635.29
A0015605,2026-05,295635.29,19948.35,17492.56,298091.08
A0015605,2026-06,298091.08,35809.34,14205.42,319695.0
A0015605,2026-07,319695.0,14704.01,23659.4,310739.61
A0015605,2026-08,310739.61,39619.78,29729.1,320630.29
A0015605,2026-09,320630.29,43892.75,43283.36,321239.68
A0015605,2026-10,321239.68,23654.4,272420.99,72473.09
A0015655,2023-12,0.0,107987.33,4850.51,103136.82
A0015655,2024-01,103136.82,1911.51,3771.35,101276.98
A0015655,2024-02,101276.98,10690.29,1594.82,110372.45
A0015655,2024-03,110372.45,0.0,33447.29,76925.16
A0015655,2024-04,76925.16,838635.65,161233.01,754327.8
A0015655,2024-05,754327.8,29879.11,29134.61,755072.3
A0015655,2024-06,755072.3,2038.87,8984.88,748126.29
A0015655,2024-07,748126.29,0.0,8624.54,739501.75
A0015655,2024-08,739501.75,40644.56,37761.45,742384.86
A0015655,2024-09,742384.86,42765.28,51459.36,733690.78
A0015655,2024-10,733690.78,4720.55,43889.7,694521.63
A0015655,2024-11,694521.63,42226.33,66993.45,669754.51
A0015655,2024-12,669754.51,0.0,0.0,669754.51
A0015655,2025-01,669754.51,41450.81,23087.61,688117.71
A0015655,2025-02,688117.71,33086.81,13667.71,707536.81
A0015655,2025-03,707536.81,69316.89,0.0,776853.7
A0015655,2025-04,776853.7,8623.16,239209.69,546267.17
A0015655,2025-05,546267.17,23220.9,0.0,569488.07
A0015655,2025-06,569488.07,4614.77,35133.96,538968.88
A0015655,2025-07,538968.88,3640.32,2560.38,540048.82
A0015655,2025-08,540048.82,0.0,0.0,540048.82
A0015655,2025-09,540048.82,0.0,52416.19,487632.63
A0015655,2025-10,487632.63,38970.72,19171.96,507431.39
A0015655,2025-11,507431.39,11411.52,31705.78,487137.13
A0015655,2025-12,487137.13,81412.72,29488.63,539061.22
A0015655,2026-01,539061.22,42460.31,13044.25,568477.28
A0015655,2026-02,568477.28,0.0,49073.39,519403.89
A0015655,2026-03,519403.89,22694.02,98947.81,443150.1
A0015655,2026-04,443150.1,13175.64,0.0,456325.74
A0015655,2026-05,456325.74,7610.77,8588.01,455348.5
A0015655,2026-06,455348.5,19267.11,29516.54,445099.07
A0015655,2026-07,445099.07,30773.52,2778.24,473094.35
A0015655,2026-08,473094.35,79229.15,155355.77,396967.73
A0015655,2026-09,396967.73,68453.0,0.0,465420.73
A0015655,2026-10,465420.73,0.0,24775.19,440645.54
A0015655,2026-11,440645.54,41960.25,6944.36,475661.43
A0015655,2026-12,475661.43,12862.46,9116.51,479407.38
A0015656,2023-09,0.0,235734.84,3937.21,231797.63
A0015656,2023-10,231797.63,51238.92,43833.57,239202.98
A0015656,2023-11,239202.98,60217.61,14751.74,284668.85
A0015656,2023-12,284668.85,95383.7,46449.24,333603.31
A0015656,2024-01,333603.31,64544.8,56829.77,341318.34
A0015656,2024-02,341318.34,92277.11,81324.54,352270.91
A0015656,2024-03,352270.91,149640.51,60775.55,441135.87
A0015656,2024-04,441135.87,63372.35,54167.93,450340.29
A0015656,2024-05,450340.29,58649.45,45099.25,463890.49
A0015656,2024-06,463890.49,412303.74,116130.9,760063.33
A0015656,2024-07,760063.33,68015.35,89528.04,738550.64
A0015656,2024-08,738550.64,557460.4,185189.3,1110821.74
A0015656,2024-09,1110821.74,87628.0,73431.3,1125018.44
A0015656,2024-10,1125018.44,122529.83,40464.59,1207083.68
A0015656,2024-11,1207083.68,95475.5,38970.8,1263588.38
A0015656,2024-12,1263588.38,61535.21,81956.73,1243166.86
A0015656,2025-01,1243166.86,108345.77,142124.22,1209388.41
A0015656,2025-02,1209388.41,116773.51,60056.14,1266105.78
A0015656,2025-03,1266105.78,103825.63,31967.87,1337963.54
A0015656,2025-04,1337963.54,114392.67,42510.22,1409845.99
A0015656,2025-05,1409845.99,63040.0,43369.24,1429516.75
A0015656,2025-06,1429516.75,57621.28,43948.2,1443189.83
A0015656,2025-07,1443189.83,71103.79,10634.72,1503658.9
A0015656,2025-08,1503658.9,179911.24,148238.19,1535331.95
A0015656,2025-09,1535331.95,137446.69,127909.48,1544869.16
A0015656,2025-10,1544869.16,66600.48,117179.46,1494290.18
A0015656,2025-11,1494290.18,251057.71,214956.81,1530391.08
A0015656,2025-12,1530391.08,113846.29,96438.74,1547798.63
A0015656,2026-01,1547798.63,101839.62,117453.66,1532184.59
A0015656,2026-02,1532184.59,16540.34,143145.8,1405579.13
A0015656,2026-03,1405579.13,58933.33,13886.39,1450626.07
A0015656,2026-04,1450626.07,79645.38,35244.66,1495026.79
A0015656,2026-05,1495026.79,68235.43,32334.55,1530927.67
A0015656,2026-06,1530927.67,62089.55,66053.68,1526963.54
A0015656,2026-07,1526963.54,288769.08,34473.27,1781259.35
A0015656,2026-08,1781259.35,92933.44,106078.83,1768113.96
A0015656,2026-09,1768113.96,75335.87,47310.96,1796138.87
A0015656,2026-10,1796138.87,153241.79,127368.31,1822012.35
A0015656,2026-11,1822012.35,81656.72,45524.92,1858144.15
A0015656,2026-12,1858144.15,108511.44,157781.2,1808874.39
A0015708,2023-01,0.0,344131.54,53512.92,290618.62
A0015708,2023-02,290618.62,110381.9,169062.76,231937.76
A0015708,2023-03,231937.76,54087.64,35826.4,250199.0
A0015708,2023-04,250199.0,78110.08,50798.05,277511.03
A0015708,2023-05,277511.03,97146.92,50698.33,323959.62
A0015708,2023-06,323959.62,216485.93,273070.63,267374.92
A0015708,2023-07,267374.92,161036.06,92195.26,336215.72
A0015708,2023-08,336215.72,106631.65,367662.05,75185.32
A0015708,2023-09,75185.32,190370.28,149544.97,116010.63
A0015708,2023-10,116010.63,182579.83,150271.22,148319.24
A0015708,2023-11,148319.24,142854.58,94071.51,197102.31
A0015708,2023-12,197102.31,166748.94,52158.13,311693.12
A0015708,2024-01,311693.12,183121.77,138628.13,356186.76
A0015708,2024-02,356186.76,111682.42,74432.51,393436.67
A0015708,2024-03,393436.67,106425.43,224624.36,275237.74
A0015708,2024-04,275237.74,181011.42,249794.65,206454.51
A0015708,2024-05,206454.51,82527.28,159471.75,129510.04
A0015708,2024-06,129510.04,88230.07,33495.22,184244.89
A0015708,2024-07,184244.89,118288.13,161638.7,140894.32
A0015708,2024-08,140894.32,99149.35,109221.17,130822.5
A0015708,2024-09,130822.5,124571.28,63560.42,191833.36
A0015708,2024-10,191833.36,19549.91,171014.88,40368.39
A0015708,2024-11,40368.39,159544.43,147178.08,52734.74
A0015708,2024-12,52734.74,16952.15,67819.3,1867.59
A0015708,2025-01,1867.59,168200.0,37168.42,132899.17
A0015708,2025-02,132899.17,123527.51,54826.29,201600.39
A0015708,2025-03,201600.39,123005.15,142593.09,182012.45
A0015708,2025-04,182012.45,112786.97,78258.03,216541.39
A0015708,2025-05,216541.39,129213.76,180187.68,165567.47
A0015708,2025-06,165567.47,81845.42,50120.08,197292.81
A0015708,2025-07,197292.81,131477.56,179114.17,149656.2
A0015708,2025-08,149656.2,140208.96,96285.65,193579.51
A0015708,2025-09,193579.51,109336.38,173972.29,128943.6
A0015708,2025-10,128943.6,323396.94,369035.68,83304.86
A0015708,2025-11,83304.86,271548.2,105111.23,249741.83
A0015708,2025-12,249741.83,280116.69,161093.09,368765.43
A0015708,2026-01,368765.43,130045.95,213066.6,285744.78
A0015708,2026-02,285744.78,148927.36,197909.4,236762.74
A0015708,2026-03,236762.74,348248.63,120981.45,464029.92
A0015708,2026-04,464029.92,163380.45,257177.3,370233.07
A0015708,2026-05,370233.07,96013.6,149843.04,316403.63
A0015708,2026-06,316403.63,198845.95,112618.4,402631.18
A0015708,2026-07,402631.18,209624.07,453368.99,158886.26
A0015708,2026-08,158886.26,219810.57,162594.74,216102.09
A0015708,2026-09,216102.09,208881.74,353241.14,71742.69
A0015708,2026-10,71742.69,12201.49,83492.74,451.44
A0015708,2026-11,451.44,126337.61,29145.79,97643.26
A0015708,2026-12,97643.26,216115.18,68715.02,245043.42
A0015723,2023-05,0.0,4965.69,0.0,4965.69
A0015723,2023-06,4965.69,0.0,156.89,4808.8
A0015723,2023-07,4808.8,0.0,1554.87,3253.93
A0015723,2023-08,3253.93,239.87,644.56,2849.24
A0015723,2023-09,2849.24,551.89,1696.18,1704.95
A0015723,2023-10,1704.95,0.0,0.0,1704.95
A0015723,2023-11,1704.95,1432.63,66.32,3071.26
A0015723,2023-12,3071.26,6684.81,2563.48,7192.59
A0015723,2024-01,7192.59,599.44,0.0,7792.03
A0015723,2024-02,7792.03,134.59,298.37,7628.25
A0015723,2024-03,7628.25,191403.82,2039.82,196992.25
A0015723,2024-04,196992.25,728.8,133.8,197587.25
A0015723,2024-05,197587.25,1278.17,1603.06,197262.36
A0015723,2024-06,197262.36,725.78,78238.28,119749.86
A0015723,2024-07,119749.86,0.0,1137.57,118612.29
A0015723,2024-08,118612.29,1996.29,1462.86,119145.72
A0015723,2024-09,119145.72,1344.65,978.28,119512.09
A0015723,2024-10,119512.09,4016.77,1004.24,122524.62
A0015723,2024-11,122524.62,36.41,1000.11,121560.92
A0015723,2024-12,121560.92,59673.76,520.53,180714.15
A0015723,2025-01,180714.15,0.0,163.79,180550.36
A0015723,2025-02,180550.36,622.72,712.3,180460.78
A0015723,2025-03,180460.78,1074.82,894.28,180641.32
A0015723,2025-04,180641.32,369.43,4116.49,176894.26
A0015723,2025-05,176894.26,2228.29,525.65,178596.9
A0015723,2025-06,178596.9,1806.4,1716.78,178686.52
A0015723,2025-07,178686.52,0.0,840.54,177845.98
A0015723,2025-08,177845.98,52.23,840.54,177057.67
A0015723,2025-09,177057.67,0.0,840.54,176217.13
A0015723,2025-10,176217.13,160.52,36638.16,139739.49
A0015723,2025-11,139739.49,396.21,254.12,139881.58
A0015723,2025-12,139881.58,524.39,840.54,139565.43
A0015723,2026-01,139565.43,47.28,1075.78,138536.93
A0015723,2026-02,138536.93,238.84,1514.32,137261.45
A0015723,2026-03,137261.45,650.91,840.24,137072.12
A0015723,2026-04,137072.12,34.53,840.24,136266.41
A0015723,2026-05,136266.41,1051.15,840.24,136477.32
A0015723,2026-06,136477.32,2827.27,840.24,138464.35
A0015723,2026-07,138464.35,1577.93,3667.77,136374.51
A0015723,2026-08,136374.51,2338.0,956.13,137756.38
A0015723,2026-09,137756.38,1202.09,0.0,138958.47
A0015723,2026-10,138958.47,421.44,505.88,138874.03
A0015723,2026-11,138874.03,320.6,0.0,139194.63
A0015723,2026-12,139194.63,556.37,1299.36,138451.64
A0015734,2023-12,0.0,132162.4,34651.38,97511.02
A0015734,2024-01,97511.02,43141.36,51872.34,88780.04
A0015734,2024-02,88780.04,69801.03,63792.3,94788.77
A0015734,2024-03,94788.77,58569.24,57537.56,95820.45
A0015734,2024-04,95820.45,74251.36,89470.48,80601.33
A0015734,2024-05,80601.33,49706.47,65491.68,64816.12
A0015734,2024-06,64816.12,57944.4,112904.34,9856.18
A0015734,2024-07,9856.18,96214.44,16042.91,90027.71
A0015734,2024-08,90027.71,51471.18,63120.41,78378.48
A0015734,2024-09,78378.48,38371.16,7298.57,109451.07
A0015734,2024-10,109451.07,46918.56,57901.69,98467.94
A0015734,2024-11,98467.94,44349.77,114034.07,28783.64
A0015734,2024-12,28783.64,110501.63,50749.12,88536.15
A0015734,2025-01,88536.15,67633.03,27241.4,128927.78
A0015734,2025-02,128927.78,38360.5,90602.13,76686.15
A0015734,2025-03,76686.15,110563.53,177155.27,10094.41
A0015734,2025-04,10094.41,295247.57,94302.4,211039.58
A0015734,2025-05,211039.58,67749.37,45326.16,233462.79
A0015734,2025-06,233462.79,73619.52,88496.45,218585.86
A0015734,2025-07,218585.86,101018.9,54677.55,264927.21
A0015734,2025-08,264927.21,24495.32,14964.85,274457.68
A0015734,2025-09,274457.68,78012.26,101825.73,250644.21
A0015734,2025-10,250644.21,57497.04,95572.04,212569.21
A0015734,2025-11,212569.21,9387.4,40003.52,181953.09
A0015734,2025-12,181953.09,92021.96,42896.6,231078.45
A0015734,2026-01,231078.45,148018.18,128348.65,250747.98
A0015734,2026-02,250747.98,108258.17,120086.12,238920.03
A0015734,2026-03,238920.03,66589.17,102625.15,202884.05
A0015734,2026-04,202884.05,62062.0,102359.47,162586.58
A0015734,2026-05,162586.58,97325.69,96746.81,163165.46
A0015734,2026-06,163165.46,84458.6,37560.62,210063.44
A0015734,2026-07,210063.44,196430.32,85511.87,320981.89
A0015734,2026-08,320981.89,59956.74,46368.64,334569.99
A0015734,2026-09,334569.99,90166.15,164159.39,260576.75
A0015734,2026-10,260576.75,63531.02,171350.23,152757.54
A0015734,2026-11,152757.54,81621.21,169536.39,64842.36
A0015734,2026-12,64842.36,218188.23,13238.63,269791.96
A0015770,2023-05,0.0,37097.3,10018.44,27078.86
A0015770,2023-06,27078.86,30347.05,17933.09,39492.82
A0015770,2023-07,39492.82,18883.3,11385.6,46990.52
A0015770,2023-08,46990.52,8671.58,8862.51,46799.59
A0015770,2023-09,46799.59,18111.38,8812.82,56098.15
A0015770,2023-10,56098.15,230522.64,41008.53,245612.26
A0015770,2023-11,245612.26,9989.87,10953.07,244649.06
A0015770,2023-12,244649.06,0.0,808.48,243840.58
A0015770,2024-01,243840.58,42854.68,11543.43,275151.83
A0015770,2024-02,275151.83,20670.85,24214.34,271608.34
A0015770,2024-03,271608.34,139686.31,29034.84,382259.81
A0015770,2024-04,382259.81,32211.62,56495.62,357975.81
A0015770,2024-05,357975.81,22968.59,31876.65,349067.75
A0015770,2024-06,349067.75,57644.7,48892.24,357820.21
A0015770,2024-07,357820.21,52394.55,4154.67,406060.09
A0015770,2024-08,406060.09,75598.12,65306.47,416351.74
A0015770,2024-09,416351.74,55932.02,17566.16,454717.6
A0015770,2024-10,454717.6,32142.58,448395.44,38464.74
A0015770,2024-11,38464.74,138564.62,26802.57,150226.79
A0015770,2024-12,150226.79,43578.59,91510.98,102294.4
A0015770,2025-01,102294.4,89753.64,29506.94,162541.1
A0015770,2025-02,162541.1,1102.61,10476.74,153166.97
A0015770,2025-03,153166.97,6111.99,17661.61,141617.35
A0015770,2025-04,141617.35,36996.55,96172.72,82441.18
A0015770,2025-05,82441.18,35763.35,28600.87,89603.66
A0015770,2025-06,89603.66,126820.39,40723.12,175700.93
A0015770,2025-07,175700.93,55212.85,42423.56,188490.22
A0015770,2025-08,188490.22,25591.92,209591.08,4491.06
A0015770,2025-09,4491.06,41312.48,10861.01,34942.53
A0015770,2025-10,34942.53,29193.56,47600.48,16535.61
A0015770,2025-11,16535.61,47032.91,7105.74,56462.78
A0015770,2025-12,56462.78,8363.76,5796.44,59030.1
A0015770,2026-01,59030.1,7616.1,7803.92,58842.28
A0015770,2026-02,58842.28,90453.19,44662.21,104633.26
A0015770,2026-03,104633.26,281127.2,50376.25,335384.21
A0015770,2026-04,335384.21,30878.03,152691.92,213570.32
A0015770,2026-05,213570.32,0.0,20130.81,193439.51
A0015770,2026-06,193439.51,90302.77,25317.24,258425.04
A0015770,2026-07,258425.04,147940.91,32898.76,373467.19
A0015770,2026-08,373467.19,87689.24,57672.8,403483.63
A0015770,2026-09,403483.63,342732.56,5746.51,740469.68
A0015770,2026-10,740469.68,49122.26,20713.82,768878.12
A0015770,2026-11,768878.12,77038.68,27404.83,818511.97
A0015770,2026-12,818511.97,17969.69,21140.9,815340.76
A0015989,2023-02,0.0,35574.6,8543.4,27031.2
A0015989,2023-03,27031.2,10930.95,10304.35,27657.8
A0015989,2023-04,27657.8,77058.65,0.0,104716.45
A0015989,2023-05,104716.45,60371.63,0.0,165088.08
A0015989,2023-06,165088.08,42465.66,30046.34,177507.4
A0015989,2023-07,177507.4,14713.63,14883.19,177337.84
A0015989,2023-08,177337.84,41925.21,94963.02,124300.03
A0015989,2023-09,124300.03,0.0,46877.24,77422.79
A0015989,2023-10,77422.79,14905.02,44748.47,47579.34
A0015989,2023-11,47579.34,42195.42,12760.8,77013.96
A0015989,2023-12,77013.96,99694.94,172371.05,4337.85
A0015989,2024-01,4337.85,57182.4,8244.46,53275.79
A0015989,2024-02,53275.79,64899.23,163.57,118011.45
A0015989,2024-03,118011.45,54758.64,9531.42,163238.67
A0015989,2024-04,163238.67,27729.81,107518.42,83450.06
A0015989,2024-05,83450.06,43668.54,76946.1,50172.5
A0015989,2024-06,50172.5,146720.42,40411.94,156480.98
A0015989,2024-07,156480.98,12167.77,42533.77,126114.98
A0015989,2024-08,126114.98,38320.75,109414.57,55021.16
A0015989,2024-09,55021.16,0.0,21851.28,33169.88
A0015989,2024-10,33169.88,97327.28,19453.91,111043.25
A0015989,2024-11,111043.25,24426.88,39193.95,96276.18
A0015989,2024-12,96276.18,93722.85,47761.63,142237.4
A0015989,2025-01,142237.4,0.0,13982.93,128254.47
A0015989,2025-02,128254.47,0.0,70546.51,57707.96
A0015989,2025-03,57707.96,51615.04,10162.94,99160.06
A0015989,2025-04,99160.06,20995.3,16537.97,103617.39
A0015989,2025-05,103617.39,50532.03,55740.48,98408.94
A0015989,2025-06,98408.94,52600.4,12390.36,138618.98
A0015989,2025-07,138618.98,16162.54,47346.9,107434.62
A0015989,2025-08,107434.62,14789.71,2703.57,119520.76
A0015989,2025-09,119520.76,0.0,0.0,119520.76
A0015989,2025-10,119520.76,3824.14,0.0,123344.9
A0015989,2025-11,123344.9,0.0,0.0,123344.9
A0015989,2025-12,123344.9,0.0,9221.77,114123.13
A0015989,2026-01,114123.13,343170.39,7276.14,450017.38
A0015989,2026-02,450017.38,649476.86,23210.19,1076284.05
A0015989,2026-03,1076284.05,46895.85,48094.0,1075085.9
A0015989,2026-04,1075085.9,15942.32,35188.87,1055839.35
A0015989,2026-05,1055839.35,0.0,17672.97,1038166.38
A0015989,2026-06,1038166.38,138446.48,11600.0,1165012.86
A0015989,2026-07,1165012.86,60128.39,60346.44,1164794.81
A0015989,2026-08,1164794.81,61468.85,66248.99,1160014.67
A0015989,2026-09,1160014.67,15125.4,16264.96,1158875.11
A0015989,2026-10,1158875.11,32670.67,72813.58,1118732.2
A0015989,2026-11,1118732.2,148348.94,89788.07,1177293.07
A0015989,2026-12,1177293.07,8954.64,96666.13,1089581.58
A0015996,2023-11,0.0,118643.85,24472.21,94171.64
A0015996,2023-12,94171.64,62569.01,99564.98,57175.67
A0015996,2024-01,57175.67,18403.42,4089.31,71489.78
A0015996,2024-02,71489.78,35121.98,18700.85,87910.91
A0015996,2024-03,87910.91,68512.63,55482.06,100941.48
A0015996,2024-04,100941.48,15018.04,22581.43,93378.09
A0015996,2024-05,93378.09,16730.01,35466.77,74641.33
A0015996,2024-06,74641.33,17648.65,33825.15,58464.83
A0015996,2024-07,58464.83,43732.23,11600.44,90596.62
A0015996,2024-08,90596.62,56077.63,48470.81,98203.44
A0015996,2024-09,98203.44,390224.88,20745.02,467683.3
A0015996,2024-10,467683.3,22639.18,43100.53,447221.95
A0015996,2024-11,447221.95,159880.93,65012.24,542090.64
A0015996,2024-12,542090.64,2696.67,30285.35,514501.96
A0015996,2025-01,514501.96,4212.7,10455.16,508259.5
A0015996,2025-02,508259.5,18668.57,18840.96,508087.11
A0015996,2025-03,508087.11,50855.02,43162.87,515779.26
A0015996,2025-04,515779.26,50944.1,313743.26,252980.1
A0015996,2025-05,252980.1,236928.79,31879.41,458029.48
A0015996,2025-06,458029.48,10519.73,24840.23,443708.98
A0015996,2025-07,443708.98,8405.54,41262.73,410851.79
A0015996,2025-08,410851.79,57716.37,49673.57,418894.59
A0015996,2025-09,418894.59,69284.38,69628.73,418550.24
A0015996,2025-10,418550.24,13137.58,49875.68,381812.14
A0015996,2025-11,381812.14,529.64,16008.8,366332.98
A0015996,2025-12,366332.98,0.0,9368.36,356964.62
A0015996,2026-01,356964.62,18892.62,11461.97,364395.27
A0015996,2026-02,364395.27,652563.84,26256.27,990702.84
A0015996,2026-03,990702.84,33875.98,150194.95,874383.87
A0015996,2026-04,874383.87,5626.01,41696.32,838313.56
A0015996,2026-05,838313.56,41854.84,106684.57,773483.83
A0015996,2026-06,773483.83,12288.22,88613.9,697158.15
A0015996,2026-07,697158.15,181386.37,312585.82,565958.7
A0015996,2026-08,565958.7,99119.83,36709.71,628368.82
A0015996,2026-09,628368.82,2332.47,26302.14,604399.15
A0015996,2026-10,604399.15,24847.64,25676.17,603570.62
A0015996,2026-11,603570.62,277095.28,43776.57,836889.33
A0015996,2026-12,836889.33,84014.53,153873.78,767030.08
A0016006,2023-04,0.0,25825.18,0.0,25825.18
A0016006,2023-05,25825.18,190.65,26015.83,0.0
A0016101,2023-05,0.0,65057.33,2557.58,62499.75
A0016101,2023-06,62499.75,17306.43,0.0,79806.18
A0016101,2023-07,79806.18,4139.06,6783.1,77162.14
A0016101,2023-08,77162.14,11029.9,0.0,88192.04
A0016101,2023-09,88192.04,16327.76,17713.59,86806.21
A0016101,2023-10,86806.21,7843.88,4384.65,90265.44
A0016101,2023-11,90265.44,2200.35,8541.16,83924.63
A0016101,2023-12,83924.63,1075.62,4855.41,80144.84
A0016101,2024-01,80144.84,30537.75,11297.3,99385.29
A0016101,2024-02,99385.29,2349.6,12405.11,89329.78
A0016101,2024-03,89329.78,3903.44,76290.0,16943.22
A0016101,2024-04,16943.22,24320.33,16012.59,25250.96
A0016101,2024-05,25250.96,18480.45,2912.95,40818.46
A0016101,2024-06,40818.46,24655.1,7062.96,58410.6
A0016101,2024-07,58410.6,0.0,4744.46,53666.14
A0016101,2024-08,53666.14,0.0,17916.55,35749.59
A0016101,2024-09,35749.59,54617.1,24190.45,66176.24
A0016101,2024-10,66176.24,57493.19,21478.09,102191.34
A0016101,2024-11,102191.34,41276.86,999.41,142468.79
A0016101,2024-12,142468.79,22608.92,11754.93,153322.78
A0016101,2025-01,153322.78,0.0,2936.17,150386.61
A0016101,2025-02,150386.61,12168.91,12416.1,150139.42
A0016101,2025-03,150139.42,247.62,30497.28,119889.76
A0016101,2025-04,119889.76,915.74,4439.0,116366.5
A0016101,2025-05,116366.5,46790.0,10523.69,152632.81
A0016101,2025-06,152632.81,15570.54,1825.16,166378.19
A0016101,2025-07,166378.19,0.0,1964.26,164413.93
A0016101,2025-08,164413.93,5675.7,49816.96,120272.67
A0016101,2025-09,120272.67,49252.85,99943.26,69582.26
A0016101,2025-10,69582.26,30279.63,10480.34,89381.55
A0016101,2025-11,89381.55,16485.3,51336.38,54530.47
A0016101,2025-12,54530.47,7879.32,41041.52,21368.27
A0016101,2026-01,21368.27,67979.93,1079.67,88268.53
A0016101,2026-02,88268.53,4437.5,10186.72,82519.31
A0016101,2026-03,82519.31,128141.96,29718.08,180943.19
A0016101,2026-04,180943.19,50135.93,24041.16,207037.96
A0016101,2026-05,207037.96,7130.52,1740.57,212427.91
A0016101,2026-06,212427.91,7874.69,14674.12,205628.48
A0016101,2026-07,205628.48,47116.54,15638.29,237106.73
A0016101,2026-08,237106.73,9657.92,34722.23,212042.42
A0016101,2026-09,212042.42,118178.23,8503.86,321716.79
A0016101,2026-10,321716.79,65024.17,10463.68,376277.28
A0016101,2026-11,376277.28,0.0,1358.49,374918.79
A0016101,2026-12,374918.79,16602.72,24782.1,366739.41
A0016127,2023-11,0.0,286892.05,11702.38,275189.67
A0016127,2023-12,275189.67,84534.94,83806.76,275917.85
A0016127,2024-01,275917.85,17829.7,206498.61,87248.94
A0016127,2024-02,87248.94,133141.41,140028.72,80361.63
A0016127,2024-03,80361.63,132725.4,211298.78,1788.25
A0016127,2024-04,1788.25,217583.84,78443.65,140928.44
A0016127,2024-05,140928.44,123338.74,179428.19,84838.99
A0016127,2024-06,84838.99,137352.91,198040.5,24151.4
A0016127,2024-07,24151.4,188559.57,87958.26,124752.71
A0016127,2024-08,124752.71,76707.72,99098.81,102361.62
A0016127,2024-09,102361.62,101493.62,177537.71,26317.53
A0016127,2024-10,26317.53,113974.32,119301.17,20990.68
A0016127,2024-11,20990.68,84450.32,104956.79,484.21
A0016127,2024-12,484.21,183656.74,123075.86,61065.09
A0016127,2025-01,61065.09,166542.83,189880.62,37727.3
A0016127,2025-02,37727.3,179142.04,169510.56,47358.78
A0016127,2025-03,47358.78,111262.61,124125.59,34495.8
A0016127,2025-04,34495.8,104138.47,11913.35,126720.92
A0016127,2025-05,126720.92,201813.55,309750.51,18783.96
A0016127,2025-06,18783.96,191950.71,90896.24,119838.43
A0016127,2025-07,119838.43,104493.46,19798.19,204533.7
A0016127,2025-08,204533.7,98806.64,138686.1,164654.24
A0016127,2025-09,164654.24,79953.19,82782.1,161825.33
A0016127,2025-10,161825.33,119494.55,212165.19,69154.69
A0016127,2025-11,69154.69,1023031.91,381386.27,710800.33
A0016160,2023-01,0.0,60459.94,2651.95,57807.99
A0016160,2023-02,57807.99,0.0,0.0,57807.99
A0016160,2023-03,57807.99,42236.48,0.0,100044.47
A0016160,2023-04,100044.47,25829.6,29439.2,96434.87
A0016160,2023-05,96434.87,0.0,7815.96,88618.91
A0016160,2023-06,88618.91,4546.67,20990.61,72174.97
A0016160,2023-07,72174.97,14976.69,2832.21,84319.45
A0016160,2023-08,84319.45,0.0,11689.81,72629.64
A0016160,2023-09,72629.64,17263.95,22301.62,67591.97
A0016160,2023-10,67591.97,79614.86,44111.55,103095.28
A0016160,2023-11,103095.28,4391.45,2726.11,104760.62
A0016160,2023-12,104760.62,18264.8,12247.47,110777.95
A0016160,2024-01,110777.95,9732.99,39914.39,80596.55
A0016160,2024-02,80596.55,0.0,3830.8,76765.75
A0016160,2024-03,76765.75,398302.63,31667.04,443401.34
A0016160,2024-04,443401.34,15720.24,0.0,459121.58
A0016160,2024-05,459121.58,60108.49,82037.62,437192.45
A0016160,2024-06,437192.45,8744.56,0.0,445937.01
A0016160,2024-07,445937.01,54640.23,15848.31,484728.93
A0016160,2024-08,484728.93,0.0,50973.38,433755.55
A0016160,2024-09,433755.55,42605.79,6806.99,469554.35
A0016160,2024-10,469554.35,23912.38,8823.95,484642.78
A0016160,2024-11,484642.78,9559.18,10226.15,483975.81
A0016160,2024-12,483975.81,15439.67,65900.1,433515.38
A0016160,2025-01,433515.38,39026.44,53955.95,418585.87
A0016160,2025-02,418585.87,17372.17,63911.45,372046.59
A0016160,2025-03,372046.59,15850.89,4016.45,383881.03
A0016160,2025-04,383881.03,2100.29,3981.44,381999.88
A0016160,2025-05,381999.88,77123.74,30967.77,428155.85
A0016160,2025-06,428155.85,12232.15,8894.67,431493.33
A0016160,2025-07,431493.33,23509.35,14036.68,440966.0
A0016160,2025-08,440966.0,21564.96,4707.33,457823.63
A0016160,2025-09,457823.63,7682.18,6318.42,459187.39
A0016160,2025-10,459187.39,49102.41,50289.6,458000.2
A0016160,2025-11,458000.2,0.0,55106.43,402893.77
A0016160,2025-12,402893.77,0.0,2500.23,400393.54
A0016160,2026-01,400393.54,97705.92,57332.33,440767.13
A0016160,2026-02,440767.13,12422.46,0.0,453189.59
A0016160,2026-03,453189.59,11407.78,15189.4,449407.97
A0016160,2026-04,449407.97,31007.67,14926.99,465488.65
A0016160,2026-05,465488.65,81957.12,65542.83,481902.94
A0016160,2026-06,481902.94,0.0,10508.97,471393.97
A0016160,2026-07,471393.97,55452.61,14982.82,511863.76
A0016160,2026-08,511863.76,22691.42,18649.99,515905.19
A0016160,2026-09,515905.19,17776.52,2989.03,530692.68
A0016160,2026-10,530692.68,0.0,24490.05,506202.63
A0016160,2026-11,506202.63,5945.1,34901.2,477246.53
A0016160,2026-12,477246.53,3536.17,73743.09,407039.61
A0016173,2023-02,0.0,99677.71,3334.92,96342.79
A0016173,2023-03,96342.79,22046.45,69936.22,48453.02
A0016173,2023-04,48453.02,3374.22,12648.88,39178.36
A0016173,2023-05,39178.36,9362.11,14646.66,33893.81
A0016173,2023-06,33893.81,7672.94,2486.88,39079.87
A0016173,2023-07,39079.87,179251.39,21673.52,196657.74
A0016173,2023-08,196657.74,18426.25,35821.36,179262.63
A0016173,2023-09,179262.63,22922.24,62360.92,139823.95
A0016173,2023-10,139823.95,33241.29,36159.13,136906.11
A0016173,2023-11,136906.11,19440.04,18538.59,137807.56
A0016173,2023-12,137807.56,12058.25,13951.82,135913.99
A0016173,2024-01,135913.99,0.0,69650.9,66263.09
A0016173,2024-02,66263.09,7051.35,14273.78,59040.66
A0016173,2024-03,59040.66,20329.02,0.0,79369.68
A0016173,2024-04,79369.68,302620.43,68773.76,313216.35
A0016173,2024-05,313216.35,29146.01,83820.05,258542.31
A0016173,2024-06,258542.31,19677.5,96041.44,182178.37
A0016173,2024-07,182178.37,15374.66,21893.73,175659.3
A0016173,2024-08,175659.3,48206.97,7948.75,215917.52
A0016173,2024-09,215917.52,4128.84,58941.98,161104.38
A0016173,2024-10,161104.38,21531.49,53532.16,129103.71
A0016173,2024-11,129103.71,26429.04,64462.18,91070.57
A0016173,2024-12,91070.57,312862.64,22867.55,381065.66
A0016173,2025-01,381065.66,0.0,55539.35,325526.31
A0016173,2025-02,325526.31,50491.95,25673.36,350344.9
A0016173,2025-03,350344.9,541988.1,46041.15,846291.85
A0016173,2025-04,846291.85,31013.55,3579.83,873725.57
A0016173,2025-05,873725.57,6306.48,6742.49,873289.56
A0016173,2025-06,873289.56,4535.92,9372.62,868452.86
A0016173,2025-07,868452.86,42738.38,88529.71,822661.53
A0016173,2025-08,822661.53,52826.02,33327.61,842159.94
A0016173,2025-09,842159.94,15197.84,31132.35,826225.43
A0016173,2025-10,826225.43,5444.98,304614.39,527056.02
A0016173,2025-11,527056.02,53657.28,63723.32,516989.98
A0016173,2025-12,516989.98,5458.63,5565.31,516883.3
A0016173,2026-01,516883.3,2079.44,1336.72,517626.02
A0016173,2026-02,517626.02,11930.3,71226.65,458329.67
A0016173,2026-03,458329.67,416911.26,79305.63,795935.3
A0016173,2026-04,795935.3,44960.99,15693.59,825202.7
A0016173,2026-05,825202.7,53746.39,35501.6,843447.49
A0016173,2026-06,843447.49,20380.54,22171.26,841656.77
A0016173,2026-07,841656.77,13159.2,147511.82,707304.15
A0016173,2026-08,707304.15,28373.34,19414.3,716263.19
A0016173,2026-09,716263.19,0.0,23801.15,692462.04
A0016173,2026-10,692462.04,15082.45,27435.72,680108.77
A0016173,2026-11,680108.77,26127.87,61497.39,644739.25
A0016173,2026-12,644739.25,8003.94,14897.95,637845.24
A0016200,2023-11,0.0,28976.39,0.0,28976.39
A0016200,2023-12,28976.39,2969.87,23242.62,8703.64
A0016200,2024-01,8703.64,8055.27,304.63,16454.28
A0016200,2024-02,16454.28,32470.47,9232.82,39691.93
A0016200,2024-03,39691.93,20618.25,14256.57,46053.61
A0016200,2024-04,46053.61,5723.38,6583.77,45193.22
A0016200,2024-05,45193.22,4552.38,9999.64,39745.96
A0016200,2024-06,39745.96,5701.67,0.0,45447.63
A0016200,2024-07,45447.63,33794.11,27634.36,51607.38
A0016200,2024-08,51607.38,0.0,885.74,50721.64
A0016200,2024-09,50721.64,0.0,14601.55,36120.09
A0016200,2024-10,36120.09,14892.98,5756.16,45256.91
A0016200,2024-11,45256.91,10320.67,9061.77,46515.81
A0016200,2024-12,46515.81,2303.73,942.44,47877.1
A0016200,2025-01,47877.1,0.0,13666.0,34211.1
A0016200,2025-02,34211.1,17325.63,6981.43,44555.3
A0016200,2025-03,44555.3,25781.67,15991.07,54345.9
A0016200,2025-04,54345.9,7240.61,24107.07,37479.44
A0016233,2023-12,0.0,1645.14,0.0,1645.14
A0016233,2024-01,1645.14,4.01,0.0,1649.15
A0016233,2024-02,1649.15,3.9,0.0,1653.05
A0016233,2024-03,1653.05,3.91,0.0,1656.96
A0016233,2024-04,1656.96,3.68,0.0,1660.64
A0016233,2024-05,1660.64,4.19,0.0,1664.83
A0016233,2024-06,1664.83,3.99,0.0,1668.82
A0016233,2024-07,1668.82,4.05,0.0,1672.87
A0016233,2024-08,1672.87,4.0,0.0,1676.87
A0016233,2024-09,1676.87,4.04,0.0,1680.91
A0016233,2024-10,1680.91,3.95,0.0,1684.86
A0016233,2024-11,1684.86,3.95,0.0,1688.81
A0016233,2024-12,1688.81,3.88,0.0,1692.69
A0016233,2025-01,1692.69,3.98,0.0,1696.67
A0016233,2025-02,1696.67,4.45,0.0,1701.12
A0016233,2025-03,1701.12,4.42,0.0,1705.54
A0016233,2025-04,1705.54,4.4,0.0,1709.94
A0016233,2025-05,1709.94,4.25,0.0,1714.19
A0016233,2025-06,1714.19,4.15,0.0,1718.34
A0016233,2025-07,1718.34,4.16,0.0,1722.5
A0016233,2025-08,1722.5,4.14,0.0,1726.64
A0016233,2025-09,1726.64,4.12,0.0,1730.76
A0016233,2025-10,1730.76,4.58,0.0,1735.34
A0016233,2025-11,1735.34,4.5,0.0,1739.84
A0016233,2025-12,1739.84,4.04,0.0,1743.88
A0016233,2026-01,1743.88,4.49,0.0,1748.37
A0016233,2026-02,1748.37,4.7,0.0,1753.07
A0016233,2026-03,1753.07,4.47,0.0,1757.54
A0016233,2026-04,1757.54,4.59,0.0,1762.13
A0016233,2026-05,1762.13,4.26,0.0,1766.39
A0016233,2026-06,1766.39,4.52,0.0,1770.91
A0016233,2026-07,1770.91,4.99,0.0,1775.9
A0016233,2026-08,1775.9,4.31,0.0,1780.21
A0016233,2026-09,1780.21,4.15,0.0,1784.36
A0016233,2026-10,1784.36,4.29,0.0,1788.65
A0016233,2026-11,1788.65,4.61,0.0,1793.26
A0016233,2026-12,1793.26,4.62,0.0,1797.88
A0016254,2023-08,0.0,254788.88,54496.34,200292.54
A0016254,2023-09,200292.54,314609.65,153325.61,361576.58
A0016254,2023-10,361576.58,159385.83,95113.3,425849.11
A0016254,2023-11,425849.11,163387.61,174342.39,414894.33
A0016254,2023-12,414894.33,176737.95,63372.66,528259.62
A0016254,2024-01,528259.62,7761.41,242153.58,293867.45
A0016254,2024-02,293867.45,2861809.45,235426.81,2920250.09
A0016254,2024-03,2920250.09,192000.39,29896.25,3082354.23
A0016254,2024-04,3082354.23,115844.94,50425.37,3147773.8
A0016254,2024-05,3147773.8,341830.04,194513.05,3295090.79
A0016254,2024-06,3295090.79,122048.72,13700.06,3403439.45
A0016254,2024-07,3403439.45,190074.08,165716.68,3427796.85
A0016254,2024-08,3427796.85,92591.34,212829.85,3307558.34
A0016254,2024-09,3307558.34,203064.18,77068.77,3433553.75
A0016254,2024-10,3433553.75,108459.13,245749.42,3296263.46
A0016254,2024-11,3296263.46,175652.35,214006.58,3257909.23
A0016254,2024-12,3257909.23,113479.81,141729.88,3229659.16
A0016254,2025-01,3229659.16,156375.03,184463.33,3201570.86
A0016254,2025-02,3201570.86,83284.35,87632.26,3197222.95
A0016254,2025-03,3197222.95,162666.05,258278.31,3101610.69
A0016254,2025-04,3101610.69,222140.5,162227.6,3161523.59
A0016254,2025-05,3161523.59,262396.51,330427.53,3093492.57
A0016254,2025-06,3093492.57,156215.23,322122.43,2927585.37
A0016254,2025-07,2927585.37,209560.01,297408.36,2839737.02
A0016254,2025-08,2839737.02,259852.3,48296.92,3051292.4
A0016254,2025-09,3051292.4,262980.42,172938.38,3141334.44
A0016254,2025-10,3141334.44,258566.82,243739.57,3156161.69
A0016254,2025-11,3156161.69,197878.34,223201.01,3130839.02
A0016254,2025-12,3130839.02,410743.42,241775.0,3299807.44
A0016254,2026-01,3299807.44,94327.97,24478.84,3369656.57
A0016254,2026-02,3369656.57,205199.42,69542.58,3505313.41
A0016254,2026-03,3505313.41,35392.66,416912.22,3123793.85
A0016254,2026-04,3123793.85,110549.85,34371.13,3199972.57
A0016254,2026-05,3199972.57,261753.42,24159.64,3437566.35
A0016254,2026-06,3437566.35,24432.48,244923.3,3217075.53
A0016254,2026-07,3217075.53,140336.89,101395.47,3256016.95
A0016254,2026-08,3256016.95,188408.71,318651.34,3125774.32
A0016254,2026-09,3125774.32,161507.98,211797.88,3075484.42
A0016254,2026-10,3075484.42,210626.97,248837.26,3037274.13
A0016254,2026-11,3037274.13,106798.57,2626702.06,517370.64
A0016254,2026-12,517370.64,118847.09,84628.87,551588.86
A0016308,2024-02,0.0,2433.76,0.0,2433.76
A0016308,2024-03,2433.76,5.43,0.0,2439.19
A0016308,2024-04,2439.19,5.64,0.0,2444.83
A0016308,2024-05,2444.83,5.3,0.0,2450.13
A0016308,2024-06,2450.13,5.83,0.0,2455.96
A0016308,2024-07,2455.96,5.91,0.0,2461.87
A0016308,2024-08,2461.87,5.68,0.0,2467.55
A0016308,2024-09,2467.55,5.8,0.0,2473.35
A0016308,2024-10,2473.35,5.81,0.0,2479.16
A0016308,2024-11,2479.16,6.22,0.0,2485.38
A0016308,2024-12,2485.38,5.6,0.0,2490.98
A0016308,2025-01,2490.98,6.42,0.0,2497.4
A0016308,2025-02,2497.4,5.98,0.0,2503.38
A0016308,2025-03,2503.38,6.57,0.0,2509.95
A0016308,2025-04,2509.95,6.29,0.0,2516.24
A0016308,2025-05,2516.24,6.45,0.0,2522.69
A0016308,2025-06,2522.69,6.58,0.0,2529.27
A0016308,2025-07,2529.27,6.32,0.0,2535.59
A0016308,2025-08,2535.59,6.38,0.0,2541.97
A0016308,2025-09,2541.97,6.8,0.0,2548.77
A0016308,2025-10,2548.77,6.31,0.0,2555.08
A0016308,2025-11,2555.08,6.22,0.0,2561.3
A0016308,2025-12,2561.3,6.26,0.0,2567.56
A0016308,2026-01,2567.56,6.52,0.0,2574.08
A0016308,2026-02,2574.08,6.33,0.0,2580.41
A0016308,2026-03,2580.41,6.41,0.0,2586.82
A0016308,2026-04,2586.82,6.68,0.0,2593.5
A0016308,2026-05,2593.5,6.47,0.0,2599.97
A0016308,2026-06,2599.97,6.51,0.0,2606.48
A0016308,2026-07,2606.48,6.23,0.0,2612.71
A0016308,2026-08,2612.71,6.58,0.0,2619.29
A0016308,2026-09,2619.29,6.39,0.0,2625.68
A0016308,2026-10,2625.68,6.94,0.0,2632.62
A0016308,2026-11,2632.62,6.51,0.0,2639.13
A0016308,2026-12,2639.13,6.81,0.0,2645.94
A0016330,2024-08,0.0,202206.58,13519.49,188687.09
A0016330,2024-09,188687.09,33154.65,73714.36,148127.38
A0016330,2024-10,148127.38,8044.33,31682.06,124489.65
A0016330,2024-11,124489.65,9512.23,25434.14,108567.74
A0016330,2024-12,108567.74,44356.17,50390.96,102532.95
A0016330,2025-01,102532.95,41980.17,121450.92,23062.2
A0016330,2025-02,23062.2,85669.94,38438.02,70294.12
A0016330,2025-03,70294.12,120862.18,64893.85,126262.45
A0016330,2025-04,126262.45,48762.93,12269.34,162756.04
A0016330,2025-05,162756.04,115537.64,139641.72,138651.96
A0016330,2025-06,138651.96,20893.02,40041.28,119503.7
A0016330,2025-07,119503.7,59817.53,85500.85,93820.38
A0016330,2025-08,93820.38,27144.07,19318.74,101645.71
A0016330,2025-09,101645.71,60753.82,57346.59,105052.94
A0016330,2025-10,105052.94,57319.45,41498.57,120873.82
A0016330,2025-11,120873.82,68716.85,68939.22,120651.45
A0016330,2025-12,120651.45,55312.06,33677.24,142286.27
A0016330,2026-01,142286.27,13958982.37,35652.78,14065615.86
A0016330,2026-02,14065615.86,96793.62,460983.06,13701426.42
A0016330,2026-03,13701426.42,59694.83,15300.36,13745820.89
A0016330,2026-04,13745820.89,107833.89,366405.22,13487249.56
A0016330,2026-05,13487249.56,15572.76,9007.97,13493814.35
A0016330,2026-06,13493814.35,63795.4,38156.37,13519453.38
A0016330,2026-07,13519453.38,61064.46,83140.83,13497377.01
A0016330,2026-08,13497377.01,35979.65,344768.99,13188587.67
A0016330,2026-09,13188587.67,55906.75,63433.46,13181060.96
A0016330,2026-10,13181060.96,48667.67,144980.93,13084747.7
A0016330,2026-11,13084747.7,69974.86,60255.61,13094466.95
A0016330,2026-12,13094466.95,6877.76,51117.35,13050227.36
A0016381,2024-03,0.0,20225.29,0.0,20225.29
A0016381,2024-04,20225.29,11138.16,13794.63,17568.82
A0016381,2024-05,17568.82,15177.34,13675.83,19070.33
A0016381,2024-06,19070.33,6514.17,2462.33,23122.17
A0016381,2024-07,23122.17,54509.17,7520.4,70110.94
A0016381,2024-08,70110.94,25199.56,3946.54,91363.96
A0016381,2024-09,91363.96,34332.94,33642.41,92054.49
A0016381,2024-10,92054.49,28437.4,0.0,120491.89
A0016381,2024-11,120491.89,4383.88,757.12,124118.65
A0016381,2024-12,124118.65,31342.57,856.78,154604.44
A0016381,2025-01,154604.44,9538.99,8474.73,155668.7
A0016381,2025-02,155668.7,48555.28,84807.38,119416.6
A0016381,2025-03,119416.6,9870.61,31137.79,98149.42
A0016381,2025-04,98149.42,0.0,2901.19,95248.23
A0016381,2025-05,95248.23,18992.28,6072.87,108167.64
A0016381,2025-06,108167.64,14477.09,14815.51,107829.22
A0016381,2025-07,107829.22,28642.01,3988.92,132482.31
A0016381,2025-08,132482.31,14128.82,25132.71,121478.42
A0016381,2025-09,121478.42,0.0,4189.87,117288.55
A0016381,2025-10,117288.55,9524.84,2621.62,124191.77
A0016381,2025-11,124191.77,30074.53,15160.58,139105.72
A0016381,2025-12,139105.72,22384.72,34530.81,126959.63
A0016381,2026-01,126959.63,14731.85,20852.45,120839.03
A0016381,2026-02,120839.03,420935.16,1176.26,540597.93
A0016381,2026-03,540597.93,17528.28,19591.83,538534.38
A0016381,2026-04,538534.38,5775.57,8287.74,536022.21
A0016381,2026-05,536022.21,0.0,20572.15,515450.06
A0016381,2026-06,515450.06,154923.68,2437.43,667936.31
A0016381,2026-07,667936.31,0.0,3368.75,664567.56
A0016381,2026-08,664567.56,19731.78,2881.36,681417.98
A0016381,2026-09,681417.98,5484.39,554.61,686347.76
A0016381,2026-10,686347.76,3147.96,71065.43,618430.29
A0016381,2026-11,618430.29,29125.41,23567.45,623988.25
A0016381,2026-12,623988.25,28462.88,47231.82,605219.31
A0016395,2024-11,0.0,36293.91,0.0,36293.91
A0016395,2024-12,36293.91,13679.97,919.07,49054.81
A0016395,2025-01,49054.81,9524.77,17134.26,41445.32
A0016395,2025-02,41445.32,6190.81,0.0,47636.13
A0016395,2025-03,47636.13,79392.07,73864.58,53163.62
A0016395,2025-04,53163.62,31045.22,44633.2,39575.64
A0016395,2025-05,39575.64,375300.01,11773.65,403102.0
A0016395,2025-06,403102.0,144740.22,174135.46,373706.76
A0016395,2025-07,373706.76,38770.96,4669.19,407808.53
A0016395,2025-08,407808.53,163113.75,39894.11,531028.17
A0016395,2025-09,531028.17,55091.16,74034.87,512084.46
A0016395,2025-10,512084.46,30185.55,23423.79,518846.22
A0016395,2025-11,518846.22,7349.17,60808.73,465386.66
A0016395,2025-12,465386.66,6712.03,21640.24,450458.45
A0016395,2026-01,450458.45,15872.69,354088.25,112242.89
A0016395,2026-02,112242.89,3974.04,1278.91,114938.02
A0016395,2026-03,114938.02,77388.97,86498.74,105828.25
A0016395,2026-04,105828.25,4845.8,55288.22,55385.83
A0016395,2026-05,55385.83,147190.37,9129.77,193446.43
A0016395,2026-06,193446.43,0.0,14685.74,178760.69
A0016395,2026-07,178760.69,5173.62,21587.41,162346.9
A0016395,2026-08,162346.9,25891.85,11549.14,176689.61
A0016395,2026-09,176689.61,16945.68,38651.86,154983.43
A0016395,2026-10,154983.43,28282.17,18994.02,164271.58
A0016395,2026-11,164271.58,18448.61,42390.91,140329.28
A0016395,2026-12,140329.28,71856.19,93121.34,119064.13
A0016410,2024-06,0.0,148426.65,25295.2,123131.45
A0016410,2024-07,123131.45,248600.04,78731.32,293000.17
A0016410,2024-08,293000.17,35613.84,102281.88,226332.13
A0016410,2024-09,226332.13,187076.12,53391.17,360017.08
A0016410,2024-10,360017.08,76120.01,312081.64,124055.45
A0016410,2024-11,124055.45,226426.84,81209.41,269272.88
A0016410,2024-12,269272.88,43598.65,33334.78,279536.75
A0016410,2025-01,279536.75,18370.46,40968.32,256938.89
A0016410,2025-02,256938.89,101683.07,117795.71,240826.25
A0016410,2025-03,240826.25,55959.78,159807.12,136978.91
A0016410,2025-04,136978.91,58234.65,99685.2,95528.36
A0016410,2025-05,95528.36,16234.52,63906.39,47856.49
A0016410,2025-06,47856.49,14752.82,35861.8,26747.51
A0016410,2025-07,26747.51,120046.47,38286.78,108507.2
A0016410,2025-08,108507.2,418885.89,65253.81,462139.28
A0016410,2025-09,462139.28,38106.92,120575.12,379671.08
A0016410,2025-10,379671.08,33876.64,57670.27,355877.45
A0016410,2025-11,355877.45,103513.68,33071.07,426320.06
A0016410,2025-12,426320.06,116595.63,108993.62,433922.07
A0016410,2026-01,433922.07,37744.35,21623.54,450042.88
A0016410,2026-02,450042.88,147271.35,26877.08,570437.15
A0016410,2026-03,570437.15,63217.21,39705.99,593948.37
A0016410,2026-04,593948.37,15773.57,43940.47,565781.47
A0016410,2026-05,565781.47,93190.35,141636.16,517335.66
A0016410,2026-06,517335.66,54318.08,44602.67,527051.07
A0016410,2026-07,527051.07,9973.98,67101.63,469923.42
A0016410,2026-08,469923.42,40485.9,28078.3,482331.02
A0016410,2026-09,482331.02,559683.67,184933.98,857080.71
A0016410,2026-10,857080.71,29033.91,55505.61,830609.01
A0016410,2026-11,830609.01,22370.77,58043.44,794936.34
A0016410,2026-12,794936.34,49694.7,95765.43,748865.61
A0016445,2024-01,0.0,56139.41,3145.21,52994.2
A0016445,2024-02,52994.2,31237.3,47313.56,36917.94
A0016445,2024-03,36917.94,286501.54,48762.08,274657.4
A0016445,2024-04,274657.4,0.0,1784.88,272872.52
A0016445,2024-05,272872.52,4228.28,58210.25,218890.55
A0016445,2024-06,218890.55,10195.04,5314.41,223771.18
A0016445,2024-07,223771.18,8910.0,57117.99,175563.19
A0016445,2024-08,175563.19,14923.89,11324.61,179162.47
A0016445,2024-09,179162.47,19900.8,19682.39,179380.88
A0016445,2024-10,179380.88,35401.2,2759.62,212022.46
A0016445,2024-11,212022.46,24498.51,66598.61,169922.36
A0016445,2024-12,169922.36,23510.69,32464.22,160968.83
A0016445,2025-01,160968.83,5139.11,43380.86,122727.08
A0016445,2025-02,122727.08,114690.91,10084.14,227333.85
A0016445,2025-03,227333.85,24224.27,95678.58,155879.54
A0016445,2025-04,155879.54,5090.96,0.0,160970.5
A0016445,2025-05,160970.5,72620.71,27563.44,206027.77
A0016445,2025-06,206027.77,0.0,0.0,206027.77
A0016445,2025-07,206027.77,78566.85,86984.15,197610.47
A0016445,2025-08,197610.47,10013.13,13985.67,193637.93
A0016445,2025-09,193637.93,15256.47,5933.49,202960.91
A0016445,2025-10,202960.91,2513.45,67829.65,137644.71
A0016445,2025-11,137644.71,19941.47,2414.78,155171.4
A0016445,2025-12,155171.4,11962.19,37206.16,129927.43
A0016445,2026-01,129927.43,0.0,7701.75,122225.68
A0016445,2026-02,122225.68,176939.77,11736.12,287429.33
A0016445,2026-03,287429.33,0.0,526.31,286903.02
A0016445,2026-04,286903.02,11474.08,34528.97,263848.13
A0016445,2026-05,263848.13,0.0,5278.21,258569.92
A0016445,2026-06,258569.92,51667.99,19992.48,290245.43
A0016445,2026-07,290245.43,81364.83,37700.17,333910.09
A0016445,2026-08,333910.09,21019.58,7682.54,347247.13
A0016445,2026-09,347247.13,28855.56,14347.79,361754.9
A0016445,2026-10,361754.9,12513.38,8413.92,365854.36
A0016445,2026-11,365854.36,3465.67,13158.55,356161.48
A0016445,2026-12,356161.48,28272.23,231872.26,152561.45
A0016460,2024-02,0.0,102524.64,13929.19,88595.45
A0016460,2024-03,88595.45,74228.16,101534.04,61289.57
A0016460,2024-04,61289.57,237203.0,78980.4,219512.17
A0016460,2024-05,219512.17,144224.23,45677.86,318058.54
A0016460,2024-06,318058.54,84925.71,152498.44,250485.81
A0016460,2024-07,250485.81,138766.73,93722.23,295530.31
A0016460,2024-08,295530.31,92085.66,33293.89,354322.08
A0016460,2024-09,354322.08,77148.33,149655.33,281815.08
A0016460,2024-10,281815.08,174881.38,219066.32,237630.14
A0016460,2024-11,237630.14,99363.22,103551.27,233442.09
A0016460,2024-12,233442.09,135619.72,73931.08,295130.73
A0016460,2025-01,295130.73,197255.72,140757.11,351629.34
A0016460,2025-02,351629.34,148038.42,226126.9,273540.86
A0016460,2025-03,273540.86,9744.47,182398.94,100886.39
A0016460,2025-04,100886.39,159228.63,25291.7,234823.32
A0016460,2025-05,234823.32,194191.13,363174.96,65839.49
A0016460,2025-06,65839.49,4264634.59,164081.44,4166392.64
A0016460,2025-07,4166392.64,220594.47,351986.74,4035000.37
A0016460,2025-08,4035000.37,140088.35,174401.76,4000686.96
A0016460,2025-09,4000686.96,199605.0,280053.74,3920238.22
A0016460,2025-10,3920238.22,101901.99,75480.96,3946659.25
A0016460,2025-11,3946659.25,128249.14,187831.26,3887077.13
A0016460,2025-12,3887077.13,144535.65,730411.86,3301200.92
A0016460,2026-01,3301200.92,106851.25,132450.6,3275601.57
A0016460,2026-02,3275601.57,106287.98,220874.04,3161015.51
A0016460,2026-03,3161015.51,238783.66,377135.59,3022663.58
A0016460,2026-04,3022663.58,150250.59,238424.73,2934489.44
A0016460,2026-05,2934489.44,846978.54,277481.88,3503986.1
A0016460,2026-06,3503986.1,166269.18,224797.21,3445458.07
A0016460,2026-07,3445458.07,138745.29,253972.87,3330230.49
A0016460,2026-08,3330230.49,104792.14,427518.09,3007504.54
A0016460,2026-09,3007504.54,368796.34,306112.33,3070188.55
A0016460,2026-10,3070188.55,101874.73,288783.88,2883279.4
A0016460,2026-11,2883279.4,164587.69,264559.01,2783308.08
A0016460,2026-12,2783308.08,110059.9,175643.64,2717724.34
A0016481,2024-11,0.0,894.92,321.54,573.38
A0016481,2024-12,573.38,2309.28,1442.6,1440.06
A0016481,2025-01,1440.06,571.38,0.0,2011.44
A0016481,2025-02,2011.44,1077.17,126.71,2961.9
A0016481,2025-03,2961.9,837.07,381.64,3417.33
A0016481,2025-04,3417.33,212.32,2373.94,1255.71
A0016481,2025-05,1255.71,0.0,370.77,884.94
A0016481,2025-06,884.94,52.47,556.89,380.52
A0016481,2025-07,380.52,781.43,315.03,846.92
A0016481,2025-08,846.92,0.0,0.0,846.92
A0016481,2025-09,846.92,815.7,507.31,1155.31
A0016481,2025-10,1155.31,264.56,669.55,750.32
A0016481,2025-11,750.32,1125.57,740.8,1135.09
A0016481,2025-12,1135.09,1311.53,617.57,1829.05
A0016481,2026-01,1829.05,153.11,102.52,1879.64
A0016481,2026-02,1879.64,526.64,0.0,2406.28
A0016481,2026-03,2406.28,0.0,166.33,2239.95
A0016481,2026-04,2239.95,0.0,62.65,2177.3
A0016481,2026-05,2177.3,0.0,0.0,2177.3
A0016481,2026-06,2177.3,723.7,1009.4,1891.6
A0016481,2026-07,1891.6,1513.1,1348.68,2056.02
A0016481,2026-08,2056.02,0.0,0.0,2056.02
A0016481,2026-09,2056.02,98.37,2110.35,44.04
A0016481,2026-10,44.04,59.83,0.0,103.87
A0016481,2026-11,103.87,112.24,0.0,216.11
A0016481,2026-12,216.11,920.2,138.36,997.95
A0016504,2024-04,0.0,2784.19,0.0,2784.19
A0016504,2024-05,2784.19,6.26,0.0,2790.45
A0016504,2024-06,2790.45,6.15,0.0,2796.6
A0016504,2024-07,2796.6,6.55,2803.15,0.0
A0016588,2024-07,0.0,98388.2,15956.42,82431.78
A0016588,2024-08,82431.78,537222.5,77365.41,542288.87
A0016588,2024-09,542288.87,36750.04,24537.55,554501.36
A0016588,2024-10,554501.36,48937.05,18185.65,585252.76
A0016588,2024-11,585252.76,18181.24,33795.77,569638.23
A0016588,2024-12,569638.23,58709.02,72683.25,555664.0
A0016588,2025-01,555664.0,5996.71,212760.26,348900.45
A0016588,2025-02,348900.45,103720.88,32612.2,420009.13
A0016588,2025-03,420009.13,50153.96,4330.17,465832.92
A0016588,2025-04,465832.92,237552.14,13542.55,689842.51
A0016588,2025-05,689842.51,8777.29,81531.24,617088.56
A0016588,2025-06,617088.56,31766.58,17529.6,631325.54
A0016588,2025-07,631325.54,53430.55,27562.8,657193.29
A0016588,2025-08,657193.29,55417.21,49626.06,662984.44
A0016588,2025-09,662984.44,5438.61,318802.79,349620.26
A0016588,2025-10,349620.26,18079.87,41478.78,326221.35
A0016588,2025-11,326221.35,55193.88,5051.93,376363.3
A0016588,2025-12,376363.3,0.0,1641.21,374722.09
A0016588,2026-01,374722.09,16354.68,9723.62,381353.15
A0016588,2026-02,381353.15,10638.66,7546.3,384445.51
A0016588,2026-03,384445.51,141766.2,9627.78,516583.93
A0016588,2026-04,516583.93,22485.74,32626.76,506442.91
A0016588,2026-05,506442.91,36163.74,33961.23,508645.42
A0016588,2026-06,508645.42,105415.93,51295.5,562765.85
A0016588,2026-07,562765.85,4734.99,10937.17,556563.67
A0016588,2026-08,556563.67,18275.45,4600.66,570238.46
A0016588,2026-09,570238.46,50820.32,29666.9,591391.88
A0016588,2026-10,591391.88,45047.58,36434.91,600004.55
A0016588,2026-11,600004.55,12220.19,20848.07,591376.67
A0016588,2026-12,591376.67,4416.22,20424.7,575368.19
A0016632,2024-10,0.0,723299.46,99894.49,623404.97
A0016632,2024-11,623404.97,0.0,203043.01,420361.96
A0016632,2024-12,420361.96,29390.33,68573.28,381179.01
A0016632,2025-01,381179.01,333722.01,6671.76,708229.26
A0016632,2025-02,708229.26,228557.5,308281.95,628504.81
A0016632,2025-03,628504.81,153886.52,315625.64,466765.69
A0016632,2025-04,466765.69,0.0,24031.51,442734.18
A0016632,2025-05,442734.18,70491.76,75468.69,437757.25
A0016632,2025-06,437757.25,87413.35,148055.9,377114.7
A0016632,2025-07,377114.7,0.0,13141.54,363973.16
A0016632,2025-08,363973.16,186630.75,280279.76,270324.15
A0016632,2025-09,270324.15,0.0,29027.95,241296.2
A0016656,2024-09,0.0,1908332.42,0.0,1908332.42
A0016656,2024-10,1908332.42,4347.46,0.0,1912679.88
A0016656,2024-11,1912679.88,4714.86,0.0,1917394.74
A0016656,2024-12,1917394.74,4392.48,0.0,1921787.22
A0016656,2025-01,1921787.22,4721.58,0.0,1926508.8
A0016656,2025-02,1926508.8,4688.43,0.0,1931197.23
A0016656,2025-03,1931197.23,5243.99,0.0,1936441.22
A0016656,2025-04,1936441.22,4875.31,0.0,1941316.53
A0016656,2025-05,1941316.53,5090.09,0.0,1946406.62
A0016656,2025-06,1946406.62,4963.68,0.0,1951370.3
A0016656,2025-07,1951370.3,4832.15,0.0,1956202.45
A0016656,2025-08,1956202.45,4542.39,0.0,1960744.84
A0016656,2025-09,1960744.84,4724.1,0.0,1965468.94
A0016656,2025-10,1965468.94,4476.0,0.0,1969944.94
A0016656,2025-11,1969944.94,4932.11,0.0,1974877.05
A0016656,2025-12,1974877.05,5157.16,0.0,1980034.21
A0016656,2026-01,1980034.21,4809.18,0.0,1984843.39
A0016656,2026-02,1984843.39,5201.21,0.0,1990044.6
A0016656,2026-03,1990044.6,4888.1,0.0,1994932.7
A0016656,2026-04,1994932.7,4797.44,0.0,1999730.14
A0016656,2026-05,1999730.14,4880.68,0.0,2004610.82
A0016656,2026-06,2004610.82,5191.9,0.0,2009802.72
A0016656,2026-07,2009802.72,4836.36,0.0,2014639.08
A0016656,2026-08,2014639.08,5087.19,0.0,2019726.27
A0016656,2026-09,2019726.27,4982.05,0.0,2024708.32
A0016656,2026-10,2024708.32,4969.44,0.0,2029677.76
A0016656,2026-11,2029677.76,4943.3,0.0,2034621.06
A0016656,2026-12,2034621.06,5076.95,0.0,2039698.01
A0016661,2024-10,0.0,158726.39,0.0,158726.39
A0016661,2024-11,158726.39,0.0,6587.06,152139.33
A0016661,2024-12,152139.33,33648.53,50624.02,135163.84
A0016661,2025-01,135163.84,123348.5,56610.43,201901.91
A0016661,2025-02,201901.91,11924.12,135957.54,77868.49
A0016661,2025-03,77868.49,31811.46,71662.46,38017.49
A0016661,2025-04,38017.49,108192.78,29401.44,116808.83
A0016661,2025-05,116808.83,0.0,93905.59,22903.24
A0016661,2025-06,22903.24,130140.05,0.0,153043.29
A0016661,2025-07,153043.29,67763.89,111924.77,108882.41
A0016661,2025-08,108882.41,61472.96,17755.28,152600.09
A0016661,2025-09,152600.09,83853.25,132102.17,104351.17
A0016661,2025-10,104351.17,17170.42,78626.94,42894.65
A0016661,2025-11,42894.65,228525.58,98495.07,172925.16
A0016661,2025-12,172925.16,314.31,54322.65,118916.82
A0016661,2026-01,118916.82,152666.29,144346.42,127236.69
A0016661,2026-02,127236.69,261852.48,291280.85,97808.32
A0016661,2026-03,97808.32,34196.18,61972.16,70032.34
A0016661,2026-04,70032.34,35353.16,13159.58,92225.92
A0016661,2026-05,92225.92,0.0,0.0,92225.92
A0016661,2026-06,92225.92,45028.85,24525.18,112729.59
A0016661,2026-07,112729.59,25508.31,0.0,138237.9
A0016661,2026-08,138237.9,77947.0,157889.98,58294.92
A0016661,2026-09,58294.92,176880.24,8142.01,227033.15
A0016661,2026-10,227033.15,110830.53,23310.24,314553.44
A0016661,2026-11,314553.44,221569.15,15263.91,520858.68
A0016661,2026-12,520858.68,17069.0,82641.37,455286.31
A0016692,2024-01,0.0,230868.64,51022.18,179846.46
A0016692,2024-02,179846.46,135071.81,21227.76,293690.51
A0016692,2024-03,293690.51,131542.58,6864.91,418368.18
A0016692,2024-04,418368.18,170082.3,91364.99,497085.49
A0016692,2024-05,497085.49,334947.66,257633.25,574399.9
A0016692,2024-06,574399.9,238937.11,68520.95,744816.06
A0016692,2024-07,744816.06,302838.52,360431.98,687222.6
A0016692,2024-08,687222.6,161895.67,70081.83,779036.44
A0016692,2024-09,779036.44,404470.36,162814.9,1020691.9
A0016692,2024-10,1020691.9,243385.41,226836.36,1037240.95
A0016692,2024-11,1037240.95,177169.93,389444.31,824966.57
A0016692,2024-12,824966.57,258753.32,151837.29,931882.6
A0016692,2025-01,931882.6,251296.38,414133.73,769045.25
A0016692,2025-02,769045.25,256425.38,218542.9,806927.73
A0016692,2025-03,806927.73,279466.94,382885.17,703509.5
A0016692,2025-04,703509.5,388036.1,376619.15,714926.45
A0016692,2025-05,714926.45,356455.55,96277.48,975104.52
A0016692,2025-06,975104.52,276175.62,119691.43,1131588.71
A0016692,2025-07,1131588.71,205745.33,204947.57,1132386.47
A0016692,2025-08,1132386.47,257960.78,556475.8,833871.45
A0016692,2025-09,833871.45,912060.62,644925.54,1101006.53
A0016692,2025-10,1101006.53,399983.46,59191.62,1441798.37
A0016692,2025-11,1441798.37,166614.81,103472.29,1504940.89
A0016692,2025-12,1504940.89,128237.51,104355.83,1528822.57
A0016692,2026-01,1528822.57,252981.84,148502.51,1633301.9
A0016692,2026-02,1633301.9,101676.55,118668.57,1616309.88
A0016692,2026-03,1616309.88,171435.68,287411.17,1500334.39
A0016692,2026-04,1500334.39,144151.69,333902.98,1310583.1
A0016692,2026-05,1310583.1,118973.4,494776.68,934779.82
A0016699,2024-01,0.0,163801.74,25766.14,138035.6
A0016699,2024-02,138035.6,101406.65,114637.77,124804.48
A0016699,2024-03,124804.48,176279.61,175833.83,125250.26
A0016699,2024-04,125250.26,214570.0,254525.49,85294.77
A0016699,2024-05,85294.77,108643.49,122581.83,71356.43
A0016699,2024-06,71356.43,212950.34,104089.22,180217.55
A0016699,2024-07,180217.55,84448.27,78778.8,185887.02
A0016699,2024-08,185887.02,54690.34,181370.92,59206.44
A0016699,2024-09,59206.44,316018.27,120955.19,254269.52
A0016699,2024-10,254269.52,93490.63,162836.92,184923.23
A0016699,2024-11,184923.23,94005.67,141095.63,137833.27
A0016699,2024-12,137833.27,246329.79,96818.26,287344.8
A0016699,2025-01,287344.8,119846.53,198531.82,208659.51
A0016699,2025-02,208659.51,85212.83,51770.73,242101.61
A0016699,2025-03,242101.61,158443.6,101412.17,299133.04
A0016699,2025-04,299133.04,311586.17,67053.26,543665.95
A0016699,2025-05,543665.95,84498.19,30396.47,597767.67
A0016699,2025-06,597767.67,138590.91,470892.3,265466.28
A0016699,2025-07,265466.28,110399.65,154436.07,221429.86
A0016699,2025-08,221429.86,95313.96,26654.98,290088.84
A0016699,2025-09,290088.84,104995.94,93503.38,301581.4
A0016699,2025-10,301581.4,105105.09,26957.01,379729.48
A0016699,2025-11,379729.48,129618.58,142326.37,367021.69
A0016699,2025-12,367021.69,101573.34,87539.01,381056.02
A0016699,2026-01,381056.02,114162.71,108431.79,386786.94
A0016699,2026-02,386786.94,198938.87,159996.84,425728.97
A0016699,2026-03,425728.97,332884.31,31207.6,727405.68
A0016699,2026-04,727405.68,227676.71,8279.42,946802.97
A0016699,2026-05,946802.97,91023.89,46628.02,991198.84
A0016699,2026-06,991198.84,95103.77,18274.34,1068028.27
A0016699,2026-07,1068028.27,122920.25,72484.02,1118464.5
A0016699,2026-08,1118464.5,104697.67,37410.26,1185751.91
A0016699,2026-09,1185751.91,137484.16,86396.78,1236839.29
A0016699,2026-10,1236839.29,100534.76,96883.87,1240490.18
A0016699,2026-11,1240490.18,200164.7,53120.98,1387533.9
A0016699,2026-12,1387533.9,185518.94,248077.28,1324975.56
A0016876,2024-04,0.0,29238.91,0.0,29238.91
A0016876,2024-05,29238.91,53252.8,0.0,82491.71
A0016876,2024-06,82491.71,2094.59,0.0,84586.3
A0016876,2024-07,84586.3,42965.51,21710.12,105841.69
A0016876,2024-08,105841.69,38710.4,125168.72,19383.37
A0016876,2024-09,19383.37,8428.15,1425.5,26386.02
A0016876,2024-10,26386.02,2458667.88,29720.16,2455333.74
A0016876,2024-11,2455333.74,0.0,29431.61,2425902.13
A0016876,2024-12,2425902.13,141866.14,212728.03,2355040.24
A0016876,2025-01,2355040.24,0.0,104230.97,2250809.27
A0016876,2025-02,2250809.27,31658.09,376727.81,1905739.55
A0016876,2025-03,1905739.55,671644.03,107944.06,2469439.52
A0016876,2025-04,2469439.52,94746.76,193559.94,2370626.34
A0016876,2025-05,2370626.34,39631.19,133078.13,2277179.4
A0016876,2025-06,2277179.4,116605.26,114523.04,2279261.62
A0016876,2025-07,2279261.62,7797315.62,175831.92,9900745.32
A0016876,2025-08,9900745.32,0.0,89310.01,9811435.31
A0016876,2025-09,9811435.31,117580.56,121578.07,9807437.8
A0016876,2025-10,9807437.8,36192.5,189848.03,9653782.27
A0016876,2025-11,9653782.27,0.0,108786.88,9544995.39
A0016876,2025-12,9544995.39,65488.06,112621.85,9497861.6
A0016876,2026-01,9497861.6,104336.93,172155.75,9430042.78
A0016876,2026-02,9430042.78,60720.45,156794.41,9333968.82
A0016876,2026-03,9333968.82,172877.33,222172.24,9284673.91
A0016876,2026-04,9284673.91,5432.41,182084.26,9108022.06
A0016876,2026-05,9108022.06,0.0,107482.39,9000539.67
A0016876,2026-06,9000539.67,114608.75,210047.86,8905100.56
A0016876,2026-07,8905100.56,38865.75,162921.93,8781044.38
A0016876,2026-08,8781044.38,3520.05,292595.77,8491968.66
A0016876,2026-09,8491968.66,8394.64,214047.08,8286316.22
A0016876,2026-10,8286316.22,7395.47,183372.21,8110339.48
A0016876,2026-11,8110339.48,50081.15,214374.48,7946046.15
A0016876,2026-12,7946046.15,32735.02,51582.47,7927198.7
A0016902,2024-12,0.0,191863.33,15992.75,175870.58
A0016902,2025-01,175870.58,32109.51,8769.84,199210.25
A0016902,2025-02,199210.25,21830.6,155710.56,65330.29
A0016902,2025-03,65330.29,80738.28,10734.75,135333.82
A0016902,2025-04,135333.82,5420.19,6721.66,134032.35
A0016902,2025-05,134032.35,1298835.56,28718.95,1404148.96
A0016902,2025-06,1404148.96,29124.22,154030.86,1279242.32
A0016902,2025-07,1279242.32,8566.31,95431.56,1192377.07
A0016902,2025-08,1192377.07,45862.81,50537.26,1187702.62
A0016902,2025-09,1187702.62,111515.8,47815.32,1251403.1
A0016902,2025-10,1251403.1,51464.39,56309.13,1246558.36
A0016902,2025-11,1246558.36,2478.4,47358.01,1201678.75
A0016902,2025-12,1201678.75,41800.79,60825.35,1182654.19
A0016902,2026-01,1182654.19,8131.98,122674.1,1068112.07
A0016902,2026-02,1068112.07,49584.97,722843.45,394853.59
A0016902,2026-03,394853.59,38533.74,30400.45,402986.88
A0016902,2026-04,402986.88,58603.53,265327.74,196262.67
A0016902,2026-05,196262.67,9948.07,28054.19,178156.55
A0016902,2026-06,178156.55,0.0,119397.07,58759.48
A0016902,2026-07,58759.48,121137.94,70216.77,109680.65
A0016902,2026-08,109680.65,19667.16,55551.8,73796.01
A0016902,2026-09,73796.01,6728.79,44091.44,36433.36
A0016902,2026-10,36433.36,20087.39,40896.17,15624.58
A0016902,2026-11,15624.58,22958.29,28275.35,10307.52
A0016902,2026-12,10307.52,29649.91,32313.92,7643.51
A0016966,2024-08,0.0,408779.77,79195.92,329583.85
A0016966,2024-09,329583.85,77005.44,114823.58,291765.71
A0016966,2024-10,291765.71,75399.37,105520.4,261644.68
A0016966,2024-11,261644.68,20917.53,58601.58,223960.63
A0016966,2024-12,223960.63,264819.76,66519.19,422261.2
A0016966,2025-01,422261.2,31551.96,37207.08,416606.08
A0016966,2025-02,416606.08,133035.56,77822.4,471819.24
A0016966,2025-03,471819.24,59695.61,214679.07,316835.78
A0016966,2025-04,316835.78,86891.72,21364.7,382362.8
A0016966,2025-05,382362.8,111201.61,99794.55,393769.86
A0016966,2025-06,393769.86,174809.38,121430.54,447148.7
A0016966,2025-07,447148.7,41616.43,96138.48,392626.65
A0016966,2025-08,392626.65,9750.77,73504.04,328873.38
A0016966,2025-09,328873.38,74279.4,60474.96,342677.82
A0016966,2025-10,342677.82,98283.09,43536.2,397424.71
A0016966,2025-11,397424.71,262400.67,170939.8,488885.58
A0016966,2025-12,488885.58,36933.87,3814.21,522005.24
A0016966,2026-01,522005.24,597033.91,13355.74,1105683.41
A0016966,2026-02,1105683.41,30327.93,113738.23,1022273.11
A0016966,2026-03,1022273.11,73112.67,49063.54,1046322.24
A0016966,2026-04,1046322.24,0.0,7473.79,1038848.45
A0016966,2026-05,1038848.45,18478.37,18936.91,1038389.91
A0016966,2026-06,1038389.91,94771.64,169489.89,963671.66
A0016966,2026-07,963671.66,340861.72,272240.44,1032292.94
A0016966,2026-08,1032292.94,171222.61,142739.02,1060776.53
A0016966,2026-09,1060776.53,42595.07,73155.12,1030216.48
A0016966,2026-10,1030216.48,70398.18,97478.5,1003136.16
A0016966,2026-11,1003136.16,28999.01,46569.23,985565.94
A0016966,2026-12,985565.94,46347.57,88153.47,943760.04
A0017004,2024-09,0.0,211550.85,5546.4,206004.45
A0017004,2024-10,206004.45,142453.3,231745.88,116711.87
A0017004,2024-11,116711.87,379506.07,195848.85,300369.09
A0017004,2024-12,300369.09,116608.69,180136.98,236840.8
A0017004,2025-01,236840.8,313862.82,89261.38,461442.24
A0017004,2025-02,461442.24,89621.69,268075.45,282988.48
A0017004,2025-03,282988.48,284812.5,324546.33,243254.65
A0017004,2025-04,243254.65,218573.02,64730.68,397096.99
A0017004,2025-05,397096.99,231896.02,273299.23,355693.78
A0017004,2025-06,355693.78,147181.28,259037.38,243837.68
A0017004,2025-07,243837.68,104450.55,252999.08,95289.15
A0017004,2025-08,95289.15,201691.8,45433.41,251547.54
A0017004,2025-09,251547.54,95199.34,146693.59,200053.29
A0017004,2025-10,200053.29,35592.24,91435.56,144209.97
A0017004,2025-11,144209.97,100332.53,46598.17,197944.33
A0017004,2025-12,197944.33,99873.55,53889.61,243928.27
A0017004,2026-01,243928.27,175051.28,139748.3,279231.25
A0017004,2026-02,279231.25,169272.59,429978.86,18524.98
A0017004,2026-03,18524.98,209543.72,39839.07,188229.63
A0017004,2026-04,188229.63,116747.3,59949.17,245027.76
A0017004,2026-05,245027.76,255604.65,278475.08,222157.33
A0017004,2026-06,222157.33,154573.81,214937.26,161793.88
A0017004,2026-07,161793.88,150208.65,284296.92,27705.61
A0017004,2026-08,27705.61,139666.62,12051.88,155320.35
A0017004,2026-09,155320.35,139818.15,205385.56,89752.94
A0017004,2026-10,89752.94,229974.03,208755.98,110970.99
A0017004,2026-11,110970.99,82907.4,145340.04,48538.35
A0017004,2026-12,48538.35,240245.29,170530.01,118253.63
A0017110,2024-11,0.0,146439.81,47028.98,99410.83
A0017110,2024-12,99410.83,68643.7,52141.49,115913.04
A0017110,2025-01,115913.04,50403.51,34022.98,132293.57
A0017110,2025-02,132293.57,78001.01,75101.54,135193.04
A0017110,2025-03,135193.04,60908.67,39175.81,156925.9
A0017110,2025-04,156925.9,101930.47,101475.8,157380.57
A0017110,2025-05,157380.57,42530.85,149828.73,50082.69
A0017110,2025-06,50082.69,57399.92,33725.73,73756.88
A0017110,2025-07,73756.88,277367.47,116924.43,234199.92
A0017110,2025-08,234199.92,19587.14,40161.02,213626.04
A0017110,2025-09,213626.04,93065.18,42237.06,264454.16
A0017110,2025-10,264454.16,73797.22,98396.08,239855.3
A0017110,2025-11,239855.3,73671.26,100484.98,213041.58
A0017110,2025-12,213041.58,50455.89,13084.04,250413.43
A0017110,2026-01,250413.43,90249.23,111370.07,229292.59
A0017110,2026-02,229292.59,100585.88,29676.11,300202.36
A0017110,2026-03,300202.36,53638.85,48314.57,305526.64
A0017110,2026-04,305526.64,56171.83,54390.02,307308.45
A0017110,2026-05,307308.45,86465.28,42362.48,351411.25
A0017110,2026-06,351411.25,82713.25,20211.06,413913.44
A0017110,2026-07,413913.44,57026.58,58306.33,412633.69
A0017110,2026-08,412633.69,69870.46,105206.49,377297.66
A0017110,2026-09,377297.66,95613.42,100596.29,372314.79
A0017110,2026-10,372314.79,54137.63,131698.02,294754.4
A0017110,2026-11,294754.4,74828.17,109433.36,260149.21
A0017110,2026-12,260149.21,94110.39,62062.72,292196.88
A0017302,2024-10,0.0,16786.95,3033.24,13753.71
A0017302,2024-11,13753.71,21161.41,33120.8,1794.32
A0017302,2024-12,1794.32,99832.53,30183.94,71442.91
A0017302,2025-01,71442.91,304941.53,53797.77,322586.67
A0017302,2025-02,322586.67,48985.91,45161.19,326411.39
A0017302,2025-03,326411.39,91522.99,70225.92,347708.46
A0017302,2025-04,347708.46,85251.99,41228.75,391731.7
A0017302,2025-05,391731.7,24473.4,22180.33,394024.77
A0017302,2025-06,394024.77,13422.94,56760.23,350687.48
A0017302,2025-07,350687.48,27324.35,28814.68,349197.15
A0017302,2025-08,349197.15,32403.23,84711.96,296888.42
A0017302,2025-09,296888.42,88113.82,38748.14,346254.1
A0017302,2025-10,346254.1,15800.33,5664.0,356390.43
A0017302,2025-11,356390.43,50830.85,37060.55,370160.73
A0017302,2025-12,370160.73,78558.96,132404.16,316315.53
A0017302,2026-01,316315.53,24744.13,117740.84,223318.82
A0017302,2026-02,223318.82,7988.81,48841.68,182465.95
A0017302,2026-03,182465.95,10578.9,29423.07,163621.78
A0017302,2026-04,163621.78,12140.7,42082.82,133679.66
A0017302,2026-05,133679.66,11508.03,29718.23,115469.46
A0017302,2026-06,115469.46,110980.11,13140.82,213308.75
A0017302,2026-07,213308.75,57113.73,27337.92,243084.56
A0017302,2026-08,243084.56,439.98,19692.59,223831.95
A0017302,2026-09,223831.95,69505.45,30181.93,263155.47
A0017302,2026-10,263155.47,16090.69,48317.47,230928.69
A0017302,2026-11,230928.69,896055.49,11463.03,1115521.15
A0017302,2026-12,1115521.15,25226.59,83725.82,1057021.92
A0017308,2024-04,0.0,345669.21,77692.67,267976.54
A0017308,2024-05,267976.54,143055.18,114589.49,296442.23
A0017308,2024-06,296442.23,283701.59,156430.26,423713.56
A0017308,2024-07,423713.56,274731.29,200244.35,498200.5
A0017308,2024-08,498200.5,37907.18,83937.85,452169.83
A0017308,2024-09,452169.83,12514.04,5201.19,459482.68
A0017308,2024-10,459482.68,105671.43,164591.5,400562.61
A0017308,2024-11,400562.61,88586.72,70701.85,418447.48
A0017308,2024-12,418447.48,88704.06,65372.81,441778.73
A0017308,2025-01,441778.73,138806.14,162979.56,417605.31
A0017308,2025-02,417605.31,76977.42,54000.47,440582.26
A0017308,2025-03,440582.26,125239.1,109801.15,456020.21
A0017308,2025-04,456020.21,40217.48,178283.4,317954.29
A0017308,2025-05,317954.29,45314.69,37376.95,325892.03
A0017308,2025-06,325892.03,253933.76,79407.36,500418.43
A0017308,2025-07,500418.43,207661.46,283225.37,424854.52
A0017308,2025-08,424854.52,113154.93,146278.47,391730.98
A0017308,2025-09,391730.98,407906.17,248242.28,551394.87
A0017308,2025-10,551394.87,226825.76,105754.01,672466.62
A0017308,2025-11,672466.62,76451.16,31028.0,717889.78
A0017308,2025-12,717889.78,287024.93,100724.25,904190.46
A0017308,2026-01,904190.46,238135.38,279880.01,862445.83
A0017308,2026-02,862445.83,76845.28,44131.47,895159.64
A0017308,2026-03,895159.64,315294.18,157176.13,1053277.69
A0017308,2026-04,1053277.69,111928.68,118477.37,1046729.0
A0017308,2026-05,1046729.0,125831.22,20480.4,1152079.82
A0017308,2026-06,1152079.82,121697.14,127607.95,1146169.01
A0017308,2026-07,1146169.01,224908.97,240436.19,1130641.79
A0017308,2026-08,1130641.79,95003.03,138784.38,1086860.44
A0017308,2026-09,1086860.44,136035.12,238230.9,984664.66
A0017308,2026-10,984664.66,0.0,54876.98,929787.68
A0017308,2026-11,929787.68,156321.02,182140.55,903968.15
A0017308,2026-12,903968.15,181546.16,243958.72,841555.59
A0017361,2024-03,0.0,20231.82,12340.64,7891.18
A0017361,2024-04,7891.18,4679.79,3430.82,9140.15
A0017361,2024-05,9140.15,23316.12,25282.8,7173.47
A0017361,2024-06,7173.47,712915.91,17517.65,702571.73
A0017361,2024-07,702571.73,37434.18,60150.85,679855.06
A0017361,2024-08,679855.06,32127.82,17724.13,694258.75
A0017361,2024-09,694258.75,43507.25,23362.99,714403.01
A0017361,2024-10,714403.01,23085.95,103432.19,634056.77
A0017361,2024-11,634056.77,6393.18,4780.93,635669.02
A0017361,2024-12,635669.02,62336.88,54175.68,643830.22
A0017361,2025-01,643830.22,31996.78,76278.24,599548.76
A0017361,2025-02,599548.76,48373.76,38471.29,609451.23
A0017361,2025-03,609451.23,25648.19,94655.69,540443.73
A0017361,2025-04,540443.73,27216.57,51663.34,515996.96
A0017361,2025-05,515996.96,1604.88,28836.45,488765.39
A0017361,2025-06,488765.39,5272.63,32375.26,461662.76
A0017361,2025-07,461662.76,116093.24,4066.35,573689.65
A0017361,2025-08,573689.65,9368.0,78524.99,504532.66
A0017361,2025-09,504532.66,0.0,36411.91,468120.75
A0017361,2025-10,468120.75,29089.0,56095.49,441114.26
A0017361,2025-11,441114.26,22487.15,29705.36,433896.05
A0017361,2025-12,433896.05,6003.58,29849.63,410050.0
A0017361,2026-01,410050.0,23044.15,65785.31,367308.84
A0017361,2026-02,367308.84,8284.87,67199.87,308393.84
A0017361,2026-03,308393.84,61669.17,0.0,370063.01
A0017361,2026-04,370063.01,77188.33,86682.63,360568.71
A0017361,2026-05,360568.71,4160.44,56601.36,308127.79
A0017361,2026-06,308127.79,8659.44,10392.32,306394.91
A0017361,2026-07,306394.91,27484.95,8749.25,325130.61
A0017361,2026-08,325130.61,9224.55,5921.04,328434.12
A0017361,2026-09,328434.12,0.0,14407.51,314026.61
A0017361,2026-10,314026.61,0.0,0.0,314026.61
A0017361,2026-11,314026.61,90273.85,38553.98,365746.48
A0017361,2026-12,365746.48,15676.68,25015.88,356407.28
A0017434,2024-03,0.0,110808.56,11838.31,98970.25
A0017434,2024-04,98970.25,86011.54,65140.67,119841.12
A0017434,2024-05,119841.12,125262.43,163364.74,81738.81
A0017434,2024-06,81738.81,36549.36,86796.87,31491.3
A0017434,2024-07,31491.3,134060.38,59883.15,105668.53
A0017434,2024-08,105668.53,39734.01,31486.16,113916.38
A0017434,2024-09,113916.38,135078.3,12676.45,236318.23
A0017434,2024-10,236318.23,77605.27,107676.57,206246.93
A0017434,2024-11,206246.93,83307.14,7235.28,282318.79
A0017434,2024-12,282318.79,131045.29,84967.55,328396.53
A0017434,2025-01,328396.53,95148.5,35211.29,388333.74
A0017434,2025-02,388333.74,117269.07,112443.52,393159.29
A0017434,2025-03,393159.29,40793.98,154315.58,279637.69
A0017434,2025-04,279637.69,13971.95,78642.95,214966.69
A0017434,2025-05,214966.69,23921.39,202495.05,36393.03
A0017434,2025-06,36393.03,57487.37,74376.07,19504.33
A0017434,2025-07,19504.33,125982.16,37852.94,107633.55
A0017434,2025-08,107633.55,54772.56,151955.19,10450.92
A0017434,2025-09,10450.92,38387.94,19528.33,29310.53
A0017434,2025-10,29310.53,124192.25,74316.25,79186.53
A0017434,2025-11,79186.53,120083.48,71172.64,128097.37
A0017434,2025-12,128097.37,97461.7,29300.9,196258.17
A0017434,2026-01,196258.17,23861.5,20037.46,200082.21
A0017434,2026-02,200082.21,38513.76,142525.38,96070.59
A0017434,2026-03,96070.59,40065.0,55845.43,80290.16
A0017434,2026-04,80290.16,154520.35,106868.65,127941.86
A0017434,2026-05,127941.86,93700.65,56733.68,164908.83
A0017434,2026-06,164908.83,0.0,25694.44,139214.39
A0017434,2026-07,139214.39,141184.31,24409.54,255989.16
A0017434,2026-08,255989.16,199532.15,71948.51,383572.8
A0017434,2026-09,383572.8,21737.18,14369.73,390940.25
A0017434,2026-10,390940.25,76153.2,10585.7,456507.75
A0017434,2026-11,456507.75,253389.68,469985.46,239911.97
A0017434,2026-12,239911.97,39506.49,65484.21,213934.25
A0017446,2024-12,0.0,102900.78,5705.07,97195.71
A0017446,2025-01,97195.71,87257.31,59386.27,125066.75
A0017446,2025-02,125066.75,117524.03,53525.67,189065.11
A0017446,2025-03,189065.11,55700.26,98588.42,146176.95
A0017446,2025-04,146176.95,53183.38,136832.71,62527.62
A0017446,2025-05,62527.62,38870.97,100364.37,1034.22
A0017446,2025-06,1034.22,91103.27,15991.37,76146.12
A0017446,2025-07,76146.12,54374.51,34191.95,96328.68
A0017446,2025-08,96328.68,102090.4,84809.92,113609.16
A0017446,2025-09,113609.16,81564.94,193681.77,1492.33
A0017446,2025-10,1492.33,69659.49,12583.0,58568.82
A0017446,2025-11,58568.82,26689.43,24198.49,61059.76
A0017446,2025-12,61059.76,88727.92,113237.91,36549.77
A0017446,2026-01,36549.77,110364.23,104021.18,42892.82
A0017446,2026-02,42892.82,97118.91,84971.01,55040.72
A0017446,2026-03,55040.72,185656.79,86428.14,154269.37
A0017446,2026-04,154269.37,67981.04,158807.72,63442.69
A0017446,2026-05,63442.69,224783.44,19208.92,269017.21
A0017446,2026-06,269017.21,40763.79,64083.17,245697.83
A0017446,2026-07,245697.83,186672.3,9439.75,422930.38
A0017446,2026-08,422930.38,37912.06,70212.63,390629.81
A0017446,2026-09,390629.81,52154.23,30787.34,411996.7
A0017446,2026-10,411996.7,62495.11,51926.43,422565.38
A0017446,2026-11,422565.38,83881.44,59872.47,446574.35
A0017446,2026-12,446574.35,85820.1,67346.7,465047.75
A0017483,2024-09,0.0,17250.26,2323.93,14926.33
A0017483,2024-10,14926.33,37209.68,20015.26,32120.75
A0017483,2024-11,32120.75,18783.41,8807.85,42096.31
A0017483,2024-12,42096.31,30784.68,42836.25,30044.74
A0017483,2025-01,30044.74,55710.12,41357.68,44397.18
A0017483,2025-02,44397.18,23822.79,9490.14,58729.83
A0017483,2025-03,58729.83,31155.5,9385.83,80499.5
A0017483,2025-04,80499.5,40186.69,52761.47,67924.72
A0017483,2025-05,67924.72,32079.29,41769.4,58234.61
A0017483,2025-06,58234.61,57667.6,33919.35,81982.86
A0017483,2025-07,81982.86,58651.85,4673.32,135961.39
A0017483,2025-08,135961.39,55369.79,54233.35,137097.83
A0017483,2025-09,137097.83,34850.05,3480.03,168467.85
A0017483,2025-10,168467.85,163707.1,21942.0,310232.95
A0017483,2025-11,310232.95,28234.17,8052.58,330414.54
A0017483,2025-12,330414.54,32306.94,41749.57,320971.91
A0017483,2026-01,320971.91,7624.59,142105.32,186491.18
A0017483,2026-02,186491.18,29293.15,9811.23,205973.1
A0017483,2026-03,205973.1,61357.6,16834.98,250495.72
A0017483,2026-04,250495.72,0.0,6918.07,243577.65
A0017483,2026-05,243577.65,7400.52,39106.26,211871.91
A0017483,2026-06,211871.91,1007187.18,11001.42,1208057.67
A0017483,2026-07,1208057.67,34382.21,32622.64,1209817.24
A0017483,2026-08,1209817.24,8688.25,9176.31,1209329.18
A0017483,2026-09,1209329.18,837595.6,163634.84,1883289.94
A0017483,2026-10,1883289.94,1105826.1,153606.48,2835509.56
A0017483,2026-11,2835509.56,12857.74,10989.21,2837378.09
A0017483,2026-12,2837378.09,21276.62,5339.45,2853315.26
A0017491,2024-05,0.0,126269.47,94033.4,32236.07
A0017491,2024-06,32236.07,3277.0,0.0,35513.07
A0017491,2024-07,35513.07,54379.58,48710.91,41181.74
A0017491,2024-08,41181.74,298704.2,48380.5,291505.44
A0017491,2024-09,291505.44,0.0,49190.52,242314.92
A0017491,2024-10,242314.92,66309.99,36651.3,271973.61
A0017491,2024-11,271973.61,62824.64,2751.04,332047.21
A0017491,2024-12,332047.21,0.0,16388.17,315659.04
A0017491,2025-01,315659.04,62640.22,20494.14,357805.12
A0017491,2025-02,357805.12,118894.19,29589.16,447110.15
A0017491,2025-03,447110.15,0.0,72898.29,374211.86
A0017491,2025-04,374211.86,0.0,24140.29,350071.57
A0017491,2025-05,350071.57,81826.99,38905.43,392993.13
A0017491,2025-06,392993.13,53152.0,31652.33,414492.8
A0017491,2025-07,414492.8,53702.98,24559.93,443635.85
A0017491,2025-08,443635.85,9567.18,11450.05,441752.98
A0017491,2025-09,441752.98,140175.14,458445.56,123482.56
A0017542,2024-12,0.0,371869.54,46326.89,325542.65
A0017542,2025-01,325542.65,288233.36,156249.45,457526.56
A0017542,2025-02,457526.56,85239.56,296521.98,246244.14
A0017542,2025-03,246244.14,644910.47,57151.12,834003.49
A0017542,2025-04,834003.49,184154.38,123647.14,894510.73
A0017542,2025-05,894510.73,82412.57,233796.18,743127.12
A0017542,2025-06,743127.12,105983.6,242629.51,606481.21
A0017542,2025-07,606481.21,215990.02,69354.97,753116.26
A0017542,2025-08,753116.26,196946.78,60023.02,890040.02
A0017542,2025-09,890040.02,91177.85,288770.7,692447.17
A0017542,2025-10,692447.17,260409.26,245632.41,707224.02
A0017542,2025-11,707224.02,174082.7,38008.68,843298.04
A0017542,2025-12,843298.04,95199.75,209533.92,728963.87
A0017542,2026-01,728963.87,159091.39,55504.54,832550.72
A0017542,2026-02,832550.72,193115.21,104519.65,921146.28
A0017542,2026-03,921146.28,114102.49,122915.98,912332.79
A0017542,2026-04,912332.79,187561.41,507286.79,592607.41
A0017542,2026-05,592607.41,198751.65,310969.84,480389.22
A0017542,2026-06,480389.22,115408.15,55614.99,540182.38
A0017542,2026-07,540182.38,252143.54,259033.27,533292.65
A0017542,2026-08,533292.65,112210.27,108851.53,536651.39
A0017542,2026-09,536651.39,189406.15,191380.97,534676.57
A0017542,2026-10,534676.57,227811.35,264764.89,497723.03
A0017542,2026-11,497723.03,237836.49,369630.01,365929.51
A0017542,2026-12,365929.51,32325.26,119818.76,278436.01
A0017622,2025-12,0.0,240382.49,31957.85,208424.64
A0017622,2026-01,208424.64,375171.96,396786.95,186809.65
A0017622,2026-02,186809.65,56832.24,46751.97,196889.92
A0017622,2026-03,196889.92,44962.56,128764.63,113087.85
A0017622,2026-04,113087.85,67036.15,86253.71,93870.29
A0017622,2026-05,93870.29,67237.96,98923.19,62185.06
A0017622,2026-06,62185.06,248455.68,27397.69,283243.05
A0017622,2026-07,283243.05,86445.16,174886.31,194801.9
A0017622,2026-08,194801.9,51442.34,66125.35,180118.89
A0017622,2026-09,180118.89,25302.4,7659.83,197761.46
A0017622,2026-10,197761.46,105415.47,93053.38,210123.55
A0017622,2026-11,210123.55,67294.33,143311.84,134106.04
A0017622,2026-12,134106.04,125255.83,54013.94,205347.93
A0017623,2025-05,0.0,98015.86,39318.94,58696.92
A0017623,2025-06,58696.92,22860.87,23631.93,57925.86
A0017623,2025-07,57925.86,9191.85,27543.49,39574.22
A0017623,2025-08,39574.22,43378.12,18309.94,64642.4
A0017623,2025-09,64642.4,124544.88,57744.83,131442.45
A0017623,2025-10,131442.45,0.0,3810.65,127631.8
A0017623,2025-11,127631.8,16641.22,108214.98,36058.04
A0017623,2025-12,36058.04,24753.45,15817.24,44994.25
A0017623,2026-01,44994.25,2496.41,28146.46,19344.2
A0017623,2026-02,19344.2,8982.14,4900.54,23425.8
A0017623,2026-03,23425.8,58058.79,65046.22,16438.37
A0017623,2026-04,16438.37,0.0,13948.35,2490.02
A0017623,2026-05,2490.02,86032.65,9315.11,79207.56
A0017623,2026-06,79207.56,45645.21,41107.01,83745.76
A0017623,2026-07,83745.76,94134.39,86463.02,91417.13
A0017623,2026-08,91417.13,22139.97,30664.79,82892.31
A0017623,2026-09,82892.31,118240.98,15279.42,185853.87
A0017623,2026-10,185853.87,82835.65,35602.49,233087.03
A0017623,2026-11,233087.03,4038.76,87529.79,149596.0
A0017623,2026-12,149596.0,997.54,50729.37,99864.17
A0017630,2025-12,0.0,34413.68,0.0,34413.68
A0017630,2026-01,34413.68,0.0,141.76,34271.92
A0017630,2026-02,34271.92,0.0,1771.16,32500.76
A0017630,2026-03,32500.76,1229.37,1035.54,32694.59
A0017630,2026-04,32694.59,0.0,2787.7,29906.89
A0017630,2026-05,29906.89,1161.88,0.0,31068.77
A0017630,2026-06,31068.77,0.0,0.0,31068.77
A0017630,2026-07,31068.77,543.14,159.74,31452.17
A0017630,2026-08,31452.17,3688.46,899.12,34241.51
A0017630,2026-09,34241.51,0.0,247.9,33993.61
A0017630,2026-10,33993.61,1446.34,287.84,35152.11
A0017630,2026-11,35152.11,37790.17,2216.0,70726.28
A0017630,2026-12,70726.28,5928.34,526.06,76128.56
A0017706,2025-04,0.0,1113.25,0.0,1113.25
A0017706,2025-05,1113.25,0.0,538.23,575.02
A0017706,2025-06,575.02,15007.99,873.27,14709.74
A0017706,2025-07,14709.74,0.0,520.99,14188.75
A0017706,2025-08,14188.75,0.0,265.37,13923.38
A0017706,2025-09,13923.38,242.93,527.95,13638.36
A0017706,2025-10,13638.36,0.0,120.65,13517.71
A0017706,2025-11,13517.71,87.73,0.0,13605.44
A0017706,2025-12,13605.44,758.44,892.83,13471.05
A0017706,2026-01,13471.05,0.0,145.66,13325.39
A0017706,2026-02,13325.39,1459.68,0.0,14785.07
A0017706,2026-03,14785.07,2461.42,600.49,16646.0
A0017706,2026-04,16646.0,0.0,100.95,16545.05
A0017706,2026-05,16545.05,0.0,3597.27,12947.78
A0017706,2026-06,12947.78,0.0,213.7,12734.08
A0017706,2026-07,12734.08,0.0,248.1,12485.98
A0017706,2026-08,12485.98,285.93,713.02,12058.89
A0017706,2026-09,12058.89,5140.77,1304.13,15895.53
A0017706,2026-10,15895.53,0.0,0.0,15895.53
A0017706,2026-11,15895.53,0.0,0.0,15895.53
A0017706,2026-12,15895.53,1508.01,51.04,17352.5
A0017734,2025-10,0.0,1963.3,0.0,1963.3
A0017734,2025-11,1963.3,1107.98,0.0,3071.28
A0017734,2025-12,3071.28,1255.29,0.0,4326.57
A0017734,2026-01,4326.57,0.0,205.65,4120.92
A0017734,2026-02,4120.92,83.56,287.25,3917.23
A0017734,2026-03,3917.23,267.03,171.76,4012.5
A0017734,2026-04,4012.5,1058.23,0.0,5070.73
A0017734,2026-05,5070.73,1022.65,370.04,5723.34
A0017734,2026-06,5723.34,0.0,1215.16,4508.18
A0017734,2026-07,4508.18,31.23,0.0,4539.41
A0017734,2026-08,4539.41,0.0,442.72,4096.69
A0017734,2026-09,4096.69,515.18,14.77,4597.1
A0017734,2026-10,4597.1,256.14,0.0,4853.24
A0017734,2026-11,4853.24,518.15,670.51,4700.88
A0017734,2026-12,4700.88,439.12,85.4,5054.6
A0017760,2025-10,0.0,603.06,0.0,603.06
A0017760,2025-11,603.06,918.74,776.27,745.53
A0017760,2025-12,745.53,448.56,0.0,1194.09
A0017760,2026-01,1194.09,0.0,0.0,1194.09
A0017760,2026-02,1194.09,292.29,0.0,1486.38
A0017760,2026-03,1486.38,509.12,0.0,1995.5
A0017760,2026-04,1995.5,0.0,0.0,1995.5
A0017760,2026-05,1995.5,31261.48,0.0,33256.98
A0017760,2026-06,33256.98,0.0,0.0,33256.98
A0017760,2026-07,33256.98,0.0,0.0,33256.98
A0017760,2026-08,33256.98,606.37,0.0,33863.35
A0017760,2026-09,33863.35,0.0,43.29,33820.06
A0017760,2026-10,33820.06,387.1,0.0,34207.16
A0017760,2026-11,34207.16,0.0,1960.69,32246.47
A0017760,2026-12,32246.47,334.85,12475.25,20106.07
A0017881,2025-08,0.0,107260.58,13193.35,94067.23
A0017881,2025-09,94067.23,719218.91,86359.07,726927.07
A0017881,2025-10,726927.07,118136.65,46005.4,799058.32
A0017881,2025-11,799058.32,81731.75,122074.03,758716.04
A0017881,2025-12,758716.04,60161.78,46417.16,772460.66
A0017881,2026-01,772460.66,85823.19,23639.96,834643.89
A0017881,2026-02,834643.89,88902.96,35479.77,888067.08
A0017881,2026-03,888067.08,83827.3,33742.86,938151.52
A0017881,2026-04,938151.52,76281.32,216348.59,798084.25
A0017881,2026-05,798084.25,67573.38,39764.23,825893.4
A0017881,2026-06,825893.4,73374.03,37026.94,862240.49
A0017881,2026-07,862240.49,60480.34,26819.21,895901.62
A0017881,2026-08,895901.62,84702.69,197613.05,782991.26
A0017881,2026-09,782991.26,118107.91,96092.57,805006.6
A0017881,2026-10,805006.6,275869.17,65695.03,1015180.74
A0017881,2026-11,1015180.74,72096.89,132687.32,954590.31
A0017881,2026-12,954590.31,147859.42,107043.39,995406.34
A0017893,2025-09,0.0,15435.48,879.34,14556.14
A0017893,2025-10,14556.14,18650.76,17772.98,15433.92
A0017893,2025-11,15433.92,4895.22,5297.9,15031.24
A0017893,2025-12,15031.24,0.0,7419.77,7611.47
A0017893,2026-01,7611.47,9865.93,3127.0,14350.4
A0017893,2026-02,14350.4,2196.17,6314.98,10231.59
A0017893,2026-03,10231.59,14790.86,12474.97,12547.48
A0017893,2026-04,12547.48,3518.26,2542.87,13522.87
A0017893,2026-05,13522.87,0.0,9927.95,3594.92
A0017893,2026-06,3594.92,36576.14,647.75,39523.31
A0017893,2026-07,39523.31,17658.99,26216.26,30966.04
A0017893,2026-08,30966.04,3431.95,10246.93,24151.06
A0017893,2026-09,24151.06,0.0,105.89,24045.17
A0017893,2026-10,24045.17,13040.48,11584.18,25501.47
A0017893,2026-11,25501.47,5544.9,10437.2,20609.17
A0017893,2026-12,20609.17,20891.22,762.75,40737.64
A0017894,2025-10,0.0,754171.68,42153.28,712018.4
A0017894,2025-11,712018.4,15921.7,88083.81,639856.29
A0017894,2025-12,639856.29,168838.55,74549.04,734145.8
A0017894,2026-01,734145.8,111052.98,57995.48,787203.3
A0017894,2026-02,787203.3,22858.8,58819.65,751242.45
A0017894,2026-03,751242.45,216463.78,25633.95,942072.28
A0017894,2026-04,942072.28,33510.05,84152.15,891430.18
A0017894,2026-05,891430.18,17820.15,27774.9,881475.43
A0017894,2026-06,881475.43,87342.83,88938.53,879879.73
A0017894,2026-07,879879.73,111985.35,552645.85,439219.23
A0017894,2026-08,439219.23,46559.84,55431.28,430347.79
A0017894,2026-09,430347.79,38962.19,169607.05,299702.93
A0017894,2026-10,299702.93,182834.74,40753.03,441784.64
A0017894,2026-11,441784.64,89481.14,252177.44,279088.34
A0017894,2026-12,279088.34,48024.55,117113.51,209999.38
A0017898,2025-12,0.0,78558.98,38137.74,40421.24
A0017898,2026-01,40421.24,72093.89,42164.19,70350.94
A0017898,2026-02,70350.94,41688.33,50886.84,61152.43
A0017898,2026-03,61152.43,3121.07,37555.39,26718.11
A0017898,2026-04,26718.11,34782.93,17916.3,43584.74
A0017898,2026-05,43584.74,30965.59,30577.26,43973.07
A0017898,2026-06,43973.07,48297.77,10703.99,81566.85
A0017898,2026-07,81566.85,31670.58,59079.75,54157.68
A0017898,2026-08,54157.68,50561.77,42291.41,62428.04
A0017898,2026-09,62428.04,61821.35,79642.69,44606.7
A0017898,2026-10,44606.7,400563.75,40500.72,404669.73
A0017898,2026-11,404669.73,127100.89,45408.52,486362.1
A0017898,2026-12,486362.1,138878.37,71023.51,554216.96
A0017902,2025-04,0.0,83761.54,4553.66,79207.88
A0017902,2025-05,79207.88,18914.69,5108.05,93014.52
A0017902,2025-06,93014.52,58472.89,86565.38,64922.03
A0017902,2025-07,64922.03,16726.23,2049.98,79598.28
A0017902,2025-08,79598.28,52848.12,121455.06,10991.34
A0017902,2025-09,10991.34,15718.61,5794.33,20915.62
A0017902,2025-10,20915.62,41690.09,39164.86,23440.85
A0017902,2025-11,23440.85,35579.17,11807.89,47212.13
A0017902,2025-12,47212.13,0.0,5408.28,41803.85
A0017902,2026-01,41803.85,0.0,36729.12,5074.73
A0017902,2026-02,5074.73,6789.43,0.0,11864.16
A0017902,2026-03,11864.16,0.0,4702.75,7161.41
A0017902,2026-04,7161.41,63325.58,31403.93,39083.06
A0017902,2026-05,39083.06,19902.39,0.0,58985.45
A0017902,2026-06,58985.45,11744.92,31967.78,38762.59
A0017902,2026-07,38762.59,26206.98,34011.28,30958.29
A0017902,2026-08,30958.29,29733.72,37362.88,23329.13
A0017902,2026-09,23329.13,63833.23,12741.77,74420.59
A0017902,2026-10,74420.59,121584.96,117157.69,78847.86
A0017902,2026-11,78847.86,5637.87,77494.68,6991.05
A0017902,2026-12,6991.05,87447.85,81296.14,13142.76
A0017921,2025-11,0.0,41307.9,5388.41,35919.49
A0017921,2025-12,35919.49,37136.44,43319.04,29736.89
A0017921,2026-01,29736.89,45755.5,7907.13,67585.26
A0017921,2026-02,67585.26,31413.36,76562.63,22435.99
A0017921,2026-03,22435.99,87133.42,18578.81,90990.6
A0017921,2026-04,90990.6,174468.21,21566.96,243891.85
A0017921,2026-05,243891.85,36464.72,29853.73,250502.84
A0017921,2026-06,250502.84,21696.13,15963.61,256235.36
A0017921,2026-07,256235.36,48277.45,81318.85,223193.96
A0017921,2026-08,223193.96,65025.7,26526.3,261693.36
A0017921,2026-09,261693.36,46627.61,30197.31,278123.66
A0017921,2026-10,278123.66,107540.58,62635.87,323028.37
A0017921,2026-11,323028.37,13462.3,55518.04,280972.63
A0017921,2026-12,280972.63,10679.04,22559.86,269091.81
A0017970,2025-04,0.0,962763.9,115344.91,847418.99
A0017970,2025-05,847418.99,118465.54,236495.11,729389.42
A0017970,2025-06,729389.42,215068.22,40160.76,904296.88
A0017970,2025-07,904296.88,176365.49,185084.25,895578.12
A0017970,2025-08,895578.12,249501.89,852431.48,292648.53
A0017970,2025-09,292648.53,110634.72,70437.13,332846.12
A0017970,2025-10,332846.12,374047.38,595280.29,111613.21
A0017970,2025-11,111613.21,850608.79,800200.04,162021.96
A0017970,2025-12,162021.96,604461.98,439682.79,326801.15
A0017970,2026-01,326801.15,403484.94,525743.53,204542.56
A0017970,2026-02,204542.56,143371.23,344849.92,3063.87
A0017970,2026-03,3063.87,248628.95,177217.48,74475.34
A0017970,2026-04,74475.34,227483.14,41753.62,260204.86
A0017970,2026-05,260204.86,631668.71,820695.43,71178.14
A0017970,2026-06,71178.14,503829.89,466703.84,108304.19
A0017970,2026-07,108304.19,153664.13,132708.18,129260.14
A0017970,2026-08,129260.14,34896.13,124334.94,39821.33
A0017970,2026-09,39821.33,380649.14,86362.02,334108.45
A0017970,2026-10,334108.45,155420.15,142650.75,346877.85
A0017970,2026-11,346877.85,92922.81,71493.0,368307.66
A0017970,2026-12,368307.66,69323.33,432657.99,4973.0
A0018048,2025-02,0.0,22026.5,0.0,22026.5
A0018048,2025-03,22026.5,117.54,0.0,22144.04
A0018048,2025-04,22144.04,117.55,0.0,22261.59
A0018048,2025-05,22261.59,122.74,0.0,22384.33
A0018048,2025-06,22384.33,119.65,0.0,22503.98
A0018048,2025-07,22503.98,125.84,0.0,22629.82
A0018048,2025-08,22629.82,123.6,0.0,22753.42
A0018048,2025-09,22753.42,130.59,0.0,22884.01
A0018048,2025-10,22884.01,116.85,0.0,23000.86
A0018048,2025-11,23000.86,124.35,0.0,23125.21
A0018048,2025-12,23125.21,127.47,0.0,23252.68
A0018048,2026-01,23252.68,121.29,0.0,23373.97
A0018048,2026-02,23373.97,114.56,0.0,23488.53
A0018048,2026-03,23488.53,116.82,0.0,23605.35
A0018048,2026-04,23605.35,113.37,0.0,23718.72
A0018048,2026-05,23718.72,110.84,0.0,23829.56
A0018048,2026-06,23829.56,119.9,0.0,23949.46
A0018048,2026-07,23949.46,123.56,0.0,24073.02
A0018048,2026-08,24073.02,127.79,0.0,24200.81
A0018048,2026-09,24200.81,120.33,0.0,24321.14
A0018048,2026-10,24321.14,113.57,0.0,24434.71
A0018048,2026-11,24434.71,120.47,0.0,24555.18
A0018048,2026-12,24555.18,124.02,0.0,24679.2
A0018120,2025-04,0.0,868.37,0.0,868.37
A0018120,2025-05,868.37,2.03,0.0,870.4
A0018120,2025-06,870.4,2.15,0.0,872.55
A0018120,2025-07,872.55,2.14,0.0,874.69
A0018120,2025-08,874.69,2.25,0.0,876.94
A0018120,2025-09,876.94,2.12,0.0,879.06
A0018120,2025-10,879.06,2.08,0.0,881.14
A0018120,2025-11,881.14,2.23,0.0,883.37
A0018120,2025-12,883.37,2.24,0.0,885.61
A0018120,2026-01,885.61,2.14,0.0,887.75
A0018120,2026-02,887.75,2.2,0.0,889.95
A0018120,2026-03,889.95,2.24,0.0,892.19
A0018120,2026-04,892.19,2.41,0.0,894.6
A0018120,2026-05,894.6,2.22,0.0,896.82
A0018120,2026-06,896.82,2.21,0.0,899.03
A0018120,2026-07,899.03,2.27,0.0,901.3
A0018120,2026-08,901.3,2.21,0.0,903.51
A0018120,2026-09,903.51,2.15,0.0,905.66
A0018120,2026-10,905.66,2.26,0.0,907.92
A0018120,2026-11,907.92,2.26,0.0,910.18
A0018120,2026-12,910.18,2.4,0.0,912.58
A0018164,2025-01,0.0,125598.4,39320.33,86278.07
A0018164,2025-02,86278.07,17347.7,52130.74,51495.03
A0018164,2025-03,51495.03,41627.43,54344.02,38778.44
A0018164,2025-04,38778.44,107722.11,109406.75,37093.8
A0018164,2025-05,37093.8,120876.74,34947.27,123023.27
A0018164,2025-06,123023.27,57447.99,70553.75,109917.51
A0018164,2025-07,109917.51,197445.92,119793.75,187569.68
A0018164,2025-08,187569.68,40951.98,114676.28,113845.38
A0018164,2025-09,113845.38,2678.51,108663.17,7860.72
A0018164,2025-10,7860.72,1076757.72,13038.75,1071579.69
A0018164,2025-11,1071579.69,140539.73,93562.28,1118557.14
A0018164,2025-12,1118557.14,178382.51,113818.77,1183120.88
A0018164,2026-01,1183120.88,753727.28,128311.87,1808536.29
A0018164,2026-02,1808536.29,56077.62,34909.73,1829704.18
A0018164,2026-03,1829704.18,210534.04,97909.24,1942328.98
A0018164,2026-04,1942328.98,119724.68,126559.44,1935494.22
A0018164,2026-05,1935494.22,26058.9,31915.07,1929638.05
A0018164,2026-06,1929638.05,4837.9,48149.95,1886326.0
A0018164,2026-07,1886326.0,123084.46,26074.35,1983336.11
A0018164,2026-08,1983336.11,55082.39,33578.27,2004840.23
A0018164,2026-09,2004840.23,559978.17,52230.37,2512588.03
A0018164,2026-10,2512588.03,62763.75,84159.27,2491192.51
A0018164,2026-11,2491192.51,46081.92,1118359.78,1418914.65
A0018164,2026-12,1418914.65,28521.1,69225.24,1378210.51
A0018189,2025-05,0.0,375370.69,138438.05,236932.64
A0018189,2025-06,236932.64,95992.66,167091.25,165834.05
A0018189,2025-07,165834.05,77880.24,134084.28,109630.01
A0018189,2025-08,109630.01,98274.23,108231.12,99673.12
A0018189,2025-09,99673.12,92962.4,191491.0,1144.52
A0018189,2025-10,1144.52,82810.22,0.0,83954.74
A0018189,2025-11,83954.74,229488.02,184634.94,128807.82
A0018189,2025-12,128807.82,135258.42,168631.23,95435.01
A0018189,2026-01,95435.01,56069.44,123155.34,28349.11
A0018189,2026-02,28349.11,61384.11,70946.95,18786.27
A0018189,2026-03,18786.27,104044.14,30009.78,92820.63
A0018189,2026-04,92820.63,5405.39,96330.66,1895.36
A0018189,2026-05,1895.36,73970.48,21247.84,54618.0
A0018189,2026-06,54618.0,4572.36,48726.31,10464.05
A0018189,2026-07,10464.05,88662.05,53128.13,45997.97
A0018189,2026-08,45997.97,62441.05,43585.45,64853.57
A0018189,2026-09,64853.57,25385.7,45916.97,44322.3
A0018189,2026-10,44322.3,215720.69,202237.97,57805.02
A0018190,2025-10,0.0,661.73,0.0,661.73
A0018190,2025-11,661.73,297.6,0.0,959.33
A0018190,2025-12,959.33,0.0,0.0,959.33
A0018190,2026-01,959.33,0.0,0.0,959.33
A0018190,2026-02,959.33,0.0,0.0,959.33
A0018190,2026-03,959.33,0.0,0.0,959.33
A0018190,2026-04,959.33,0.0,0.0,959.33
A0018190,2026-05,959.33,1034.0,0.0,1993.33
A0018190,2026-06,1993.33,0.0,0.0,1993.33
A0018190,2026-07,1993.33,0.0,0.0,1993.33
A0018190,2026-08,1993.33,0.0,0.0,1993.33
A0018190,2026-09,1993.33,0.0,1072.04,921.29
A0018190,2026-10,921.29,0.0,0.0,921.29
A0018190,2026-11,921.29,210.66,0.0,1131.95
A0018190,2026-12,1131.95,2453.98,0.0,3585.93
A0018203,2025-10,0.0,83579.15,31913.49,51665.66
A0018203,2025-11,51665.66,62053.6,45979.3,67739.96
A0018203,2025-12,67739.96,57621.28,73180.19,52181.05
A0018203,2026-01,52181.05,58505.99,50778.1,59908.94
A0018203,2026-02,59908.94,54157.34,46598.6,67467.68
A0018203,2026-03,67467.68,30939.19,68529.41,29877.46
A0018203,2026-04,29877.46,83420.72,50296.05,63002.13
A0018203,2026-05,63002.13,57260.36,7386.87,112875.62
A0018203,2026-06,112875.62,65742.91,32726.92,145891.61
A0018203,2026-07,145891.61,360789.22,30854.55,475826.28
A0018203,2026-08,475826.28,85290.1,30970.52,530145.86
A0018203,2026-09,530145.86,46085.98,32887.35,543344.49
A0018203,2026-10,543344.49,6282.92,56778.99,492848.42
A0018203,2026-11,492848.42,44343.59,96959.35,440232.66
A0018203,2026-12,440232.66,41520.25,10793.02,470959.89
A0018206,2025-03,0.0,1652.85,0.0,1652.85
A0018206,2025-04,1652.85,0.0,205.59,1447.26
A0018206,2025-05,1447.26,576.85,50.84,1973.27
A0018206,2025-06,1973.27,283.18,0.0,2256.45
A0018206,2025-07,2256.45,0.0,463.6,1792.85
A0018206,2025-08,1792.85,265.37,0.0,2058.22
A0018206,2025-09,2058.22,197.37,0.0,2255.59
A0018206,2025-10,2255.59,508.6,825.73,1938.46
A0018206,2025-11,1938.46,2441.78,231.92,4148.32
A0018206,2025-12,4148.32,231.1,0.0,4379.42
A0018206,2026-01,4379.42,910.93,850.01,4440.34
A0018206,2026-02,4440.34,9608.61,0.0,14048.95
A0018206,2026-03,14048.95,0.0,0.0,14048.95
A0018206,2026-04,14048.95,0.0,103.56,13945.39
A0018206,2026-05,13945.39,1110.01,1244.14,13811.26
A0018206,2026-06,13811.26,1264.19,0.0,15075.45
A0018206,2026-07,15075.45,294.51,0.0,15369.96
A0018206,2026-08,15369.96,0.0,394.56,14975.4
A0018206,2026-09,14975.4,0.0,808.84,14166.56
A0018206,2026-10,14166.56,0.0,2724.06,11442.5
A0018206,2026-11,11442.5,529.22,0.0,11971.72
A0018206,2026-12,11971.72,0.0,843.1,11128.62
A0018211,2025-05,0.0,16189.29,10660.79,5528.5
A0018211,2025-06,5528.5,10502.43,12507.23,3523.7
A0018211,2025-07,3523.7,38675.71,37290.76,4908.65
A0018211,2025-08,4908.65,8143.69,4730.71,8321.63
A0018211,2025-09,8321.63,101869.9,15184.14,95007.39
A0018211,2025-10,95007.39,24417.98,34004.38,85420.99
A0018211,2025-11,85420.99,12629.93,18554.82,79496.1
A0018211,2025-12,79496.1,105187.16,28607.52,156075.74
A0018211,2026-01,156075.74,16462.44,4765.75,167772.43
A0018211,2026-02,167772.43,34740.53,8532.88,193980.08
A0018211,2026-03,193980.08,16684.87,9290.78,201374.17
A0018211,2026-04,201374.17,18247.86,48412.5,171209.53
A0018211,2026-05,171209.53,7615.05,16504.53,162320.05
A0018211,2026-06,162320.05,7107.22,8607.19,160820.08
A0018211,2026-07,160820.08,17969.54,17927.83,160861.79
A0018211,2026-08,160861.79,30679.3,3330.05,188211.04
A0018211,2026-09,188211.04,8661.92,9342.23,187530.73
A0018211,2026-10,187530.73,135871.01,78807.22,244594.52
A0018211,2026-11,244594.52,9090.09,22206.46,231478.15
A0018211,2026-12,231478.15,8680.02,14340.69,225817.48
A0018346,2025-08,0.0,803.21,0.0,803.21
A0018346,2025-09,803.21,1.91,0.0,805.12
A0018346,2025-10,805.12,2.1,0.0,807.22
A0018346,2025-11,807.22,2.09,0.0,809.31
A0018346,2025-12,809.31,2.05,0.0,811.36
A0018346,2026-01,811.36,2.07,0.0,813.43
A0018346,2026-02,813.43,1.9,0.0,815.33
A0018346,2026-03,815.33,2.15,0.0,817.48
A0018346,2026-04,817.48,2.06,0.0,819.54
A0018346,2026-05,819.54,2.02,0.0,821.56
A0018346,2026-06,821.56,1.94,0.0,823.5
A0018346,2026-07,823.5,1.99,0.0,825.49
A0018346,2026-08,825.49,2.03,0.0,827.52
A0018346,2026-09,827.52,2.17,0.0,829.69
A0018346,2026-10,829.69,2.06,0.0,831.75
A0018346,2026-11,831.75,1.97,0.0,833.72
A0018346,2026-12,833.72,2.13,0.0,835.85
A0018371,2025-09,0.0,1822.06,298.85,1523.21
A0018371,2025-10,1523.21,383.18,99.66,1806.73
A0018371,2025-11,1806.73,384.44,1656.95,534.22
A0018371,2025-12,534.22,0.0,0.0,534.22
A0018371,2026-01,534.22,0.0,0.0,534.22
A0018371,2026-02,534.22,876.11,0.0,1410.33
A0018371,2026-03,1410.33,0.0,842.63,567.7
A0018371,2026-04,567.7,0.0,0.0,567.7
A0018371,2026-05,567.7,0.0,450.89,116.81
A0018371,2026-06,116.81,399.23,74.91,441.13
A0018371,2026-07,441.13,1646.83,0.0,2087.96
A0018371,2026-08,2087.96,0.0,2021.16,66.8
A0018371,2026-09,66.8,310.08,95.76,281.12
A0018371,2026-10,281.12,2823.79,526.39,2578.52
A0018371,2026-11,2578.52,1005.98,3163.42,421.08
A0018371,2026-12,421.08,1751.69,0.0,2172.77
A0018433,2025-05,0.0,695.44,0.0,695.44
A0018433,2025-06,695.44,1515.47,297.01,1913.9
A0018433,2025-07,1913.9,72.23,0.0,1986.13
A0018433,2025-08,1986.13,0.0,1225.52,760.61
A0018433,2025-09,760.61,0.0,0.0,760.61
A0018433,2025-10,760.61,21.32,0.0,781.93
A0018433,2025-11,781.93,168.0,599.98,349.95
A0018433,2025-12,349.95,330.22,155.07,525.1
A0018433,2026-01,525.1,1545.7,0.0,2070.8
A0018433,2026-02,2070.8,686.38,407.93,2349.25
A0018433,2026-03,2349.25,0.0,875.57,1473.68
A0018433,2026-04,1473.68,640.15,0.0,2113.83
A0018433,2026-05,2113.83,2701.13,1606.88,3208.08
A0018433,2026-06,3208.08,1869.43,1284.3,3793.21
A0018433,2026-07,3793.21,2499.05,226.22,6066.04
A0018433,2026-08,6066.04,0.0,0.0,6066.04
A0018433,2026-09,6066.04,543.39,0.0,6609.43
A0018433,2026-10,6609.43,0.0,83.37,6526.06
A0018433,2026-11,6526.06,0.0,1155.55,5370.51
A0018433,2026-12,5370.51,0.0,0.0,5370.51
A0018474,2025-12,0.0,82925.06,7393.76,75531.3
A0018474,2026-01,75531.3,21317.05,5171.2,91677.15
A0018474,2026-02,91677.15,42607.38,10381.11,123903.42
A0018474,2026-03,123903.42,0.0,11500.49,112402.93
A0018474,2026-04,112402.93,42203.05,4452.26,150153.72
A0018474,2026-05,150153.72,44650.96,28749.88,166054.8
A0018474,2026-06,166054.8,103629.13,15783.81,253900.12
A0018474,2026-07,253900.12,33170.5,26391.57,260679.05
A0018474,2026-08,260679.05,93036.22,35577.81,318137.46
A0018474,2026-09,318137.46,14453.31,97471.9,235118.87
A0018474,2026-10,235118.87,26408.8,67008.0,194519.67
A0018474,2026-11,194519.67,0.0,19149.39,175370.28
A0018474,2026-12,175370.28,372906.28,107373.01,440903.55
A0018504,2025-04,0.0,161013.47,19411.48,141601.99
A0018504,2025-05,141601.99,63448.25,3341.68,201708.56
A0018504,2025-06,201708.56,77104.56,57596.04,221217.08
A0018504,2025-07,221217.08,18661.91,136599.21,103279.78
A0018504,2025-08,103279.78,86309.73,9341.63,180247.88
A0018504,2025-09,180247.88,89959.81,85511.41,184696.28
A0018504,2025-10,184696.28,38595.38,27046.41,196245.25
A0018504,2025-11,196245.25,15704.04,211688.5,260.79
A0018504,2025-12,260.79,279940.69,137319.37,142882.11
A0018504,2026-01,142882.11,76916.82,84570.09,135228.84
A0018504,2026-02,135228.84,26024.94,46546.82,114706.96
A0018504,2026-03,114706.96,47021.26,142654.1,19074.12
A0018504,2026-04,19074.12,111706.65,6599.71,124181.06
A0018504,2026-05,124181.06,141429.37,227948.11,37662.32
A0018504,2026-06,37662.32,79108.5,93671.31,23099.51
A0018504,2026-07,23099.51,133913.04,47020.11,109992.44
A0018504,2026-08,109992.44,86165.11,147218.45,48939.1
A0018504,2026-09,48939.1,54499.48,61669.71,41768.87
A0018504,2026-10,41768.87,19670.69,49265.93,12173.63
A0018504,2026-11,12173.63,63839.7,44551.91,31461.42
A0018504,2026-12,31461.42,73534.71,74288.5,30707.63
A0018594,2025-12,0.0,3068934.39,419521.89,2649412.5
A0018594,2026-01,2649412.5,8538648.98,10262930.52,925130.96
A0018594,2026-02,925130.96,2198373.54,1065592.0,2057912.5
A0018594,2026-03,2057912.5,7925327.24,4218490.71,5764749.03
A0018594,2026-04,5764749.03,1279344.01,1757991.69,5286101.35
A0018594,2026-05,5286101.35,4134027.56,5644264.67,3775864.24
A0018594,2026-06,3775864.24,457463.62,1937530.72,2295797.14
A0018594,2026-07,2295797.14,6598424.13,7619420.75,1274800.52
A0018594,2026-08,1274800.52,6357713.76,6100932.5,1531581.78
A0018594,2026-09,1531581.78,550063.83,1802183.53,279462.08
A0018594,2026-10,279462.08,3262421.1,1486743.8,2055139.38
A0018594,2026-11,2055139.38,3466461.8,5214311.83,307289.35
A0018594,2026-12,307289.35,7099970.48,6564246.45,843013.38
A0018626,2025-05,0.0,321446.56,28434.36,293012.2
A0018626,2025-06,293012.2,123374.92,140692.04,275695.08
A0018626,2025-07,275695.08,212312.21,48134.74,439872.55
A0018626,2025-08,439872.55,205198.95,639505.37,5566.13
A0018626,2025-09,5566.13,167737.53,33053.91,140249.75
A0018626,2025-10,140249.75,182728.8,92490.06,230488.49
A0018626,2025-11,230488.49,120845.93,17297.02,334037.4
A0018626,2025-12,334037.4,137262.32,106060.06,365239.66
A0018626,2026-01,365239.66,165643.47,45919.29,484963.84
A0018626,2026-02,484963.84,156226.75,235873.64,405316.95
A0018626,2026-03,405316.95,189194.23,58098.23,536412.95
A0018626,2026-04,536412.95,126460.29,204224.83,458648.41
A0018626,2026-05,458648.41,301544.63,29685.06,730507.98
A0018626,2026-06,730507.98,200962.93,59985.23,871485.68
A0018626,2026-07,871485.68,456311.59,598800.97,728996.3
A0018626,2026-08,728996.3,236593.67,78318.33,887271.64
A0018626,2026-09,887271.64,146437.48,293482.43,740226.69
A0018626,2026-10,740226.69,150859.94,404144.84,486941.79
A0018626,2026-11,486941.79,158105.88,118818.83,526228.84
A0018626,2026-12,526228.84,124743.3,362188.34,288783.8
A0018660,2025-02,0.0,0.0,0.0,0.0
A0018660,2025-03,0.0,1568.51,0.0,1568.51
A0018660,2025-04,1568.51,96981.65,57065.29,41484.87
A0018660,2025-05,41484.87,84900.86,62121.42,64264.31
A0018660,2025-06,64264.31,71903.07,77537.63,58629.75
A0018660,2025-07,58629.75,138384.61,0.0,197014.36
A0018660,2025-08,197014.36,109848.28,192414.74,114447.9
A0018660,2025-09,114447.9,15508.83,3812.39,126144.34
A0018660,2025-10,126144.34,41497.83,35580.49,132061.68
A0018660,2025-11,132061.68,123325.77,56355.84,199031.61
A0018660,2025-12,199031.61,0.0,0.0,199031.61
A0018660,2026-01,199031.61,89821.55,8393.78,280459.38
A0018681,2025-03,0.0,175077.61,21685.4,153392.21
A0018681,2025-04,153392.21,21132.86,0.0,174525.07
A0018681,2025-05,174525.07,71065.75,52787.79,192803.03
A0018681,2025-06,192803.03,48945.65,114499.47,127249.21
A0018681,2025-07,127249.21,28972.34,32319.76,123901.79
A0018681,2025-08,123901.79,41590.41,47656.16,117836.04
A0018681,2025-09,117836.04,0.0,0.0,117836.04
A0018681,2025-10,117836.04,103636.74,8529.19,212943.59
A0018681,2025-11,212943.59,107754.05,65529.18,255168.46
A0018681,2025-12,255168.46,19251.73,46916.91,227503.28
A0018681,2026-01,227503.28,16132.15,29563.17,214072.26
A0018681,2026-02,214072.26,92888.84,6095.47,300865.63
A0018681,2026-03,300865.63,16163.31,39020.32,278008.62
A0018681,2026-04,278008.62,84435.6,5395.99,357048.23
A0018681,2026-05,357048.23,1070.07,9992.45,348125.85
A0018681,2026-06,348125.85,0.0,12768.1,335357.75
A0018681,2026-07,335357.75,1544.29,46026.43,290875.61
A0018681,2026-08,290875.61,6753.89,53131.24,244498.26
A0018681,2026-09,244498.26,88498.54,40786.07,292210.73
A0018681,2026-10,292210.73,39253.15,8768.8,322695.08
A0018681,2026-11,322695.08,81567.03,52028.59,352233.52
A0018681,2026-12,352233.52,246757.28,96083.89,502906.91
A0018737,2025-09,0.0,234375.74,30779.66,203596.08
A0018737,2025-10,203596.08,177809.12,116447.23,264957.97
A0018737,2025-11,264957.97,120115.31,34816.01,350257.27
A0018737,2025-12,350257.27,138148.82,71851.28,416554.81
A0018737,2026-01,416554.81,186856.17,173651.59,429759.39
A0018737,2026-02,429759.39,132544.61,353571.25,208732.75
A0018737,2026-03,208732.75,255290.68,277773.75,186249.68
A0018737,2026-04,186249.68,195138.98,47679.09,333709.57
A0018737,2026-05,333709.57,177348.89,114768.86,396289.6
A0018737,2026-06,396289.6,116565.04,275132.6,237722.04
A0018737,2026-07,237722.04,106087.75,21504.0,322305.79
A0018737,2026-08,322305.79,126942.24,45955.39,403292.64
A0018737,2026-09,403292.64,48626.95,336655.17,115264.42
A0018737,2026-10,115264.42,183577.34,226825.33,72016.43
A0018737,2026-11,72016.43,14710.83,50281.47,36445.79
A0018737,2026-12,36445.79,197532.58,229509.99,4468.38
A0018751,2025-09,0.0,70227.59,27667.68,42559.91
A0018751,2025-10,42559.91,63777.95,31997.29,74340.57
A0018751,2025-11,74340.57,40172.35,19142.34,95370.58
A0018751,2025-12,95370.58,143643.16,138845.98,100167.76
A0018751,2026-01,100167.76,44092.89,53832.53,90428.12
A0018751,2026-02,90428.12,57942.91,58011.76,90359.27
A0018751,2026-03,90359.27,114015.58,69811.71,134563.14
A0018751,2026-04,134563.14,57706.38,28572.4,163697.12
A0018751,2026-05,163697.12,60193.09,74573.91,149316.3
A0018751,2026-06,149316.3,87281.43,57162.17,179435.56
A0018751,2026-07,179435.56,1329.99,11519.26,169246.29
A0018751,2026-08,169246.29,50344.3,109782.65,109807.94
A0018751,2026-09,109807.94,54417.58,58881.01,105344.51
A0018751,2026-10,105344.51,67543.86,85468.02,87420.35
A0018751,2026-11,87420.35,51803.84,62179.9,77044.29
A0018751,2026-12,77044.29,154759.54,41676.8,190127.03
A0018775,2025-11,0.0,131874.62,40473.46,91401.16
A0018775,2025-12,91401.16,69700.98,103512.96,57589.18
A0018775,2026-01,57589.18,906539.45,129419.5,834709.13
A0018775,2026-02,834709.13,86314.87,14300.36,906723.64
A0018775,2026-03,906723.64,37984.43,126441.53,818266.54
A0018775,2026-04,818266.54,160814.8,59778.72,919302.62
A0018775,2026-05,919302.62,105312.36,779645.41,244969.57
A0018775,2026-06,244969.57,350419.39,19899.14,575489.82
A0018775,2026-07,575489.82,0.0,60478.36,515011.46
A0018775,2026-08,515011.46,39932.47,20172.2,534771.73
A0018775,2026-09,534771.73,96830.3,124790.8,506811.23
A0018775,2026-10,506811.23,53216.59,114228.86,445798.96
A0018775,2026-11,445798.96,138282.13,86701.06,497380.03
A0018775,2026-12,497380.03,111650.16,92650.41,516379.78
A0018845,2025-03,0.0,2403.57,0.0,2403.57
A0018845,2025-04,2403.57,745.99,627.66,2521.9
A0018845,2025-05,2521.9,391.56,0.0,2913.46
A0018845,2025-06,2913.46,52.17,184.56,2781.07
A0018845,2025-07,2781.07,0.0,2201.63,579.44
A0018845,2025-08,579.44,0.0,84.34,495.1
A0018845,2025-09,495.1,0.0,0.0,495.1
A0018845,2025-10,495.1,0.0,0.0,495.1
A0018845,2025-11,495.1,715.66,0.0,1210.76
A0018845,2025-12,1210.76,292.74,294.2,1209.3
A0018845,2026-01,1209.3,116.12,0.0,1325.42
A0018845,2026-02,1325.42,0.0,0.0,1325.42
A0018845,2026-03,1325.42,0.0,0.0,1325.42
A0018845,2026-04,1325.42,0.0,0.0,1325.42
A0018845,2026-05,1325.42,0.0,265.29,1060.13
A0018845,2026-06,1060.13,0.0,466.44,593.69
A0018845,2026-07,593.69,0.0,0.0,593.69
A0018845,2026-08,593.69,0.0,176.43,417.26
A0018845,2026-09,417.26,0.0,0.0,417.26
A0018845,2026-10,417.26,4166.14,0.0,4583.4
A0018845,2026-11,4583.4,646.49,505.84,4724.05
A0018845,2026-12,4724.05,0.0,42.17,4681.88
A0018938,2025-04,0.0,85656.61,35631.15,50025.46
A0018938,2025-05,50025.46,143133.46,45010.32,148148.6
A0018938,2025-06,148148.6,0.0,33202.47,114946.13
A0018938,2025-07,114946.13,10950.31,110119.38,15777.06
A0018938,2025-08,15777.06,63087.88,47087.2,31777.74
A0018938,2025-09,31777.74,89420.69,25723.78,95474.65
A0018938,2025-10,95474.65,68387.63,51952.93,111909.35
A0018938,2025-11,111909.35,119597.37,98917.91,132588.81
A0018938,2025-12,132588.81,28069.1,16717.0,143940.91
A0018938,2026-01,143940.91,99009.96,140270.04,102680.83
A0018938,2026-02,102680.83,110017.98,56124.25,156574.56
A0018938,2026-03,156574.56,0.0,15679.62,140894.94
A0018938,2026-04,140894.94,81029.94,55370.25,166554.63
A0018938,2026-05,166554.63,63578.63,193163.32,36969.94
A0018938,2026-06,36969.94,108641.84,24787.76,120824.02
A0018938,2026-07,120824.02,16915.6,14227.49,123512.13
A0018938,2026-08,123512.13,0.0,78994.95,44517.18
A0018938,2026-09,44517.18,1265.47,37569.63,8213.02
A0018938,2026-10,8213.02,48753.37,9153.34,47813.05
A0018938,2026-11,47813.05,25097.44,68110.49,4800.0
A0018938,2026-12,4800.0,25595.34,21007.32,9388.02
A0019017,2026-05,0.0,422013.33,14042.73,407970.6
A0019017,2026-06,407970.6,87746.75,220005.03,275712.32
A0019017,2026-07,275712.32,70702.82,95240.19,251174.95
A0019017,2026-08,251174.95,111594.27,104816.31,257952.91
A0019017,2026-09,257952.91,142978.9,293379.36,107552.45
A0019017,2026-10,107552.45,134890.29,29157.39,213285.35
A0019017,2026-11,213285.35,83769.83,33797.17,263258.01
A0019017,2026-12,263258.01,138245.6,226028.26,175475.35
A0019023,2026-12,0.0,8635.18,0.0,8635.18
A0019038,2026-08,0.0,155903.43,6667.47,149235.96
A0019038,2026-09,149235.96,48063.7,91471.44,105828.22
A0019038,2026-10,105828.22,54798.95,57000.87,103626.3
A0019038,2026-11,103626.3,101451.5,48040.83,157036.97
A0019038,2026-12,157036.97,99783.12,2838.87,253981.22
A0019110,2026-12,0.0,1963.79,12.91,1950.88
A0019112,2026-06,0.0,50099.88,0.0,50099.88
A0019112,2026-07,50099.88,239.46,0.0,50339.34
A0019112,2026-08,50339.34,242.44,0.0,50581.78
A0019112,2026-09,50581.78,255.7,0.0,50837.48
A0019112,2026-10,50837.48,248.26,0.0,51085.74
A0019112,2026-11,51085.74,267.92,0.0,51353.66
A0019112,2026-12,51353.66,265.56,0.0,51619.22
A0019184,2026-10,0.0,4945.9,0.0,4945.9
A0019184,2026-11,4945.9,11.67,0.0,4957.57
A0019184,2026-12,4957.57,13.23,0.0,4970.8
A0019210,2026-05,0.0,11917.71,1246.23,10671.48
A0019210,2026-06,10671.48,154.29,2405.16,8420.61
A0019210,2026-07,8420.61,57074.24,521.16,64973.69
A0019210,2026-08,64973.69,9980.84,115.25,74839.28
A0019210,2026-09,74839.28,1144.66,0.0,75983.94
A0019210,2026-10,75983.94,0.0,119.35,75864.59
A0019210,2026-11,75864.59,243.56,240.2,75867.95
A0019210,2026-12,75867.95,0.0,135.99,75731.96
A0019235,2026-04,0.0,86374.61,5812.3,80562.31
A0019235,2026-05,80562.31,16163.82,53326.18,43399.95
A0019235,2026-06,43399.95,26165.22,49206.7,20358.47
A0019235,2026-07,20358.47,84335.34,13783.24,90910.57
A0019235,2026-08,90910.57,138870.69,64389.33,165391.93
A0019235,2026-09,165391.93,24670.57,13108.85,176953.65
A0019235,2026-10,176953.65,118315.71,5559.66,289709.7
A0019235,2026-11,289709.7,57736.36,45539.48,301906.58
A0019235,2026-12,301906.58,30868.22,45002.77,287772.03
A0019239,2026-06,0.0,484371.12,24891.62,459479.5
A0019239,2026-07,459479.5,18174.85,240075.11,237579.24
A0019239,2026-08,237579.24,26026.88,147001.37,116604.75
A0019239,2026-09,116604.75,204502.01,184425.71,136681.05
A0019239,2026-10,136681.05,77189.11,105381.14,108489.02
A0019239,2026-11,108489.02,0.0,92456.34,16032.68
A0019239,2026-12,16032.68,766146.62,128059.96,654119.34
A0019254,2026-03,0.0,85917.62,25600.24,60317.38
A0019254,2026-04,60317.38,43675.42,79910.42,24082.38
A0019254,2026-05,24082.38,49240.24,41922.28,31400.34
A0019254,2026-06,31400.34,84448.76,31133.06,84716.04
A0019254,2026-07,84716.04,48842.95,43371.89,90187.1
A0019254,2026-08,90187.1,120229.71,159757.61,50659.2
A0019254,2026-09,50659.2,95572.3,100773.88,45457.62
A0019254,2026-10,45457.62,49729.02,62428.43,32758.21
A0019254,2026-11,32758.21,134754.02,152591.95,14920.28
A0019254,2026-12,14920.28,140272.27,125743.38,29449.17
A0019260,2026-08,0.0,165651.58,155271.82,10379.76
A0019262,2026-01,0.0,201024.06,170264.96,30759.1
A0019262,2026-02,30759.1,302666.25,76602.52,256822.83
A0019262,2026-03,256822.83,119326.1,175974.71,200174.22
A0019262,2026-04,200174.22,157623.4,207284.23,150513.39
A0019262,2026-05,150513.39,535101.9,344522.69,341092.6
A0019262,2026-06,341092.6,99232.47,58080.09,382244.98
A0019262,2026-07,382244.98,256574.0,551390.16,87428.82
A0019262,2026-08,87428.82,206237.66,90366.37,203300.11
A0019262,2026-09,203300.11,53844.84,179900.47,77244.48
A0019262,2026-10,77244.48,155226.39,55727.91,176742.96
A0019262,2026-11,176742.96,163561.72,127997.32,212307.36
A0019262,2026-12,212307.36,355317.17,363922.74,203701.79
A0019350,2026-09,0.0,167853.03,136386.01,31467.02
A0019350,2026-10,31467.02,61250.42,64857.11,27860.33
A0019350,2026-11,27860.33,26775.72,43479.76,11156.29
A0019350,2026-12,11156.29,15030.35,15409.14,10777.5
A0019370,2026-06,0.0,43157.43,21563.76,21593.67
A0019370,2026-07,21593.67,28827.54,35734.68,14686.53
A0019370,2026-08,14686.53,31497.96,7544.99,38639.5
A0019370,2026-09,38639.5,24943.23,5531.41,58051.32
A0019370,2026-10,58051.32,32067.72,44637.3,45481.74
A0019370,2026-11,45481.74,36084.28,22357.46,59208.56
A0019370,2026-12,59208.56,22780.67,30529.69,51459.54
A0019510,2026-04,0.0,157087.52,0.0,157087.52
A0019510,2026-05,157087.52,770.94,0.0,157858.46
A0019510,2026-06,157858.46,813.99,0.0,158672.45
A0019510,2026-07,158672.45,749.55,0.0,159422.0
A0019510,2026-08,159422.0,773.97,0.0,160195.97
A0019510,2026-09,160195.97,841.02,0.0,161036.99
A0019510,2026-10,161036.99,772.12,0.0,161809.11
A0019510,2026-11,161809.11,803.17,0.0,162612.28
A0019510,2026-12,162612.28,828.43,0.0,163440.71
A0019615,2026-01,0.0,25274.38,17037.89,8236.49
A0019615,2026-02,8236.49,81781.82,89101.29,917.02
A0019615,2026-03,917.02,78481.54,79126.6,271.96
A0019615,2026-04,271.96,106057.11,61791.63,44537.44
A0019615,2026-05,44537.44,62563.72,37558.61,69542.55
A0019615,2026-06,69542.55,17870.63,86682.75,730.43
A0019615,2026-07,730.43,160049.23,71031.98,89747.68
A0019615,2026-08,89747.68,266114.89,39889.7,315972.87
A0019615,2026-09,315972.87,77148.8,212772.79,180348.88
A0019615,2026-10,180348.88,83945.69,83595.55,180699.02
A0019615,2026-11,180699.02,55994.44,43549.14,193144.32
A0019615,2026-12,193144.32,27705.28,109824.59,111025.01
A0019651,2026-09,0.0,153243.09,0.0,153243.09
A0019651,2026-10,153243.09,801.13,0.0,154044.22
A0019651,2026-11,154044.22,733.3,0.0,154777.52
A0019651,2026-12,154777.52,771.63,0.0,155549.15
A0019677,2026-07,0.0,171821.53,39153.92,132667.61
A0019677,2026-08,132667.61,34019.29,51765.17,114921.73
A0019677,2026-09,114921.73,6252127.02,3570466.06,2796582.69
A0019677,2026-10,2796582.69,905698.62,2813470.17,888811.14
A0019677,2026-11,888811.14,632643.23,742982.29,778472.08
A0019677,2026-12,778472.08,4440241.23,3841132.91,1377580.4
A0019685,2026-11,0.0,29493.19,3153.46,26339.73
A0019685,2026-12,26339.73,1385.22,9181.18,18543.77
A0019694,2026-08,0.0,436380.86,45317.94,391062.92
A0019694,2026-09,391062.92,8566.42,13807.05,385822.29
A0019694,2026-10,385822.29,247663.56,19215.53,614270.32
A0019694,2026-11,614270.32,31753.77,14177.58,631846.51
A0019694,2026-12,631846.51,10774.8,337247.23,305374.08
A0019733,2026-09,0.0,2535.51,96.65,2438.86
A0019733,2026-10,2438.86,1467.09,230.37,3675.58
A0019733,2026-11,3675.58,17755.96,659.66,20771.88
A0019733,2026-12,20771.88,295.48,1117.33,19950.03
A0019743,2026-11,0.0,213472.7,100450.09,113022.61
A0019743,2026-12,113022.61,73485.47,94276.75,92231.33
A0019757,2026-01,0.0,35856.31,262.33,35593.98
A0019757,2026-02,35593.98,72675.0,1817.68,106451.3
A0019757,2026-03,106451.3,5119.1,7481.33,104089.07
A0019757,2026-04,104089.07,6089.13,32846.77,77331.43
A0019757,2026-05,77331.43,17331.54,198.1,94464.87
A0019757,2026-06,94464.87,592.94,2565.0,92492.81
A0019757,2026-07,92492.81,12416.36,6587.92,98321.25
A0019757,2026-08,98321.25,4523.52,0.0,102844.77
A0019757,2026-09,102844.77,95.7,7734.0,95206.47
A0019757,2026-10,95206.47,3686.28,1797.87,97094.88
A0019757,2026-11,97094.88,42735.38,2965.63,136864.63
A0019757,2026-12,136864.63,19916.62,11211.01,145570.24
A0019802,2026-09,0.0,2169497.46,0.0,2169497.46
A0019802,2026-10,2169497.46,10937.02,0.0,2180434.48
A0019802,2026-11,2180434.48,10246.19,0.0,2190680.67
A0019802,2026-12,2190680.67,11224.54,0.0,2201905.21
A0019863,2026-10,0.0,229623.57,97331.28,132292.29
A0019863,2026-11,132292.29,27887.19,20859.22,139320.26
A0019863,2026-12,139320.26,34902.75,120943.7,53279.31
A0019884,2026-08,0.0,0.0,0.0,0.0
A0019884,2026-09,0.0,136.56,0.0,136.56
A0019884,2026-10,136.56,132.36,0.0,268.92
A0019884,2026-11,268.92,148.42,0.0,417.34
A0019884,2026-12,417.34,135.77,0.0,553.11
A0019890,2026-05,0.0,48547.34,8038.03,40509.31
A0019890,2026-06,40509.31,22440.24,34587.25,28362.3
A0019890,2026-07,28362.3,18937.57,14192.14,33107.73
A0019890,2026-08,33107.73,29002.39,27986.09,34124.03
A0019890,2026-09,34124.03,26443.24,12885.12,47682.15
A0019890,2026-10,47682.15,1260.54,14905.1,34037.59
A0019890,2026-11,34037.59,5892.46,17948.39,21981.66
A0019890,2026-12,21981.66,67479.5,16453.4,73007.76
A0019898,2026-10,0.0,83204.29,7013.72,76190.57
A0019898,2026-11,76190.57,96466.59,3333.62,169323.54
A0019898,2026-12,169323.54,27379.46,26730.97,169972.03
A0019924,2026-07,0.0,153046.59,22112.31,130934.28
A0019924,2026-08,130934.28,184610.0,167275.34,148268.94
A0019924,2026-09,148268.94,261726.49,406781.26,3214.17
A0019924,2026-10,3214.17,346988.44,89619.34,260583.27
A0019924,2026-11,260583.27,88943.95,263465.67,86061.55
A0019924,2026-12,86061.55,95488.52,56808.47,124741.6
A0019973,2026-02,0.0,1026688.3,315671.39,711016.91
A0019973,2026-03,711016.91,369537.81,845487.16,235067.56
A0019973,2026-04,235067.56,362210.32,548733.09,48544.79
A0019973,2026-05,48544.79,376612.58,137507.03,287650.34
A0019973,2026-06,287650.34,252580.55,432255.6,107975.29
A0019973,2026-07,107975.29,0.0,106233.71,1741.58
A0019973,2026-08,1741.58,203538.39,16559.45,188720.52
A0019973,2026-09,188720.52,162920.06,203126.47,148514.11
A0019973,2026-10,148514.11,367589.93,512150.07,3953.97
A0019973,2026-11,3953.97,224796.0,23695.03,205054.94
A0019973,2026-12,205054.94,317794.31,326659.72,196189.53
A0019990,2026-05,0.0,39548.21,1927.71,37620.5
A0019990,2026-06,37620.5,44519.35,21546.16,60593.69
A0019990,2026-07,60593.69,146395.45,57142.32,149846.82
A0019990,2026-08,149846.82,0.0,147593.32,2253.5
A0019990,2026-09,2253.5,69033.99,46800.88,24486.61
A0019990,2026-10,24486.61,0.0,0.0,24486.61
A0019990,2026-11,24486.61,29635.45,16467.33,37654.73
A0019990,2026-12,37654.73,286828.85,67880.0,256603.58
A0019991,2026-01,0.0,232679.31,16295.53,216383.78
A0019991,2026-02,216383.78,56421.7,71257.15,201548.33
A0019991,2026-03,201548.33,175090.46,81204.83,295433.96
A0019991,2026-04,295433.96,70743.74,101798.67,264379.03
A0019991,2026-05,264379.03,52202.76,30087.64,286494.15
A0019991,2026-06,286494.15,204401.77,115346.85,375549.07
A0019991,2026-07,375549.07,70153.35,87257.36,358445.06
A0019991,2026-08,358445.06,71929.38,75142.82,355231.62
A0019991,2026-09,355231.62,0.0,22405.78,332825.84
A0019991,2026-10,332825.84,184204.79,182626.47,334404.16
A0019991,2026-11,334404.16,15480.87,283892.19,65992.84
A0019991,2026-12,65992.84,36988.82,21385.99,81595.67
A0020003,2026-12,0.0,120627.88,11045.12,109582.76
A0020092,2026-07,0.0,5312955.29,841917.42,4471037.87
A0020092,2026-08,4471037.87,1814673.96,2375109.5,3910602.33
A0020092,2026-09,3910602.33,80848.02,103664.1,3887786.25
A0020092,2026-10,3887786.25,1415467.11,594047.76,4709205.6
A0020092,2026-11,4709205.6,3936485.77,3085802.1,5559889.27
A0020092,2026-12,5559889.27,1714270.39,2008706.02,5265453.64
A0020105,2026-08,0.0,54805.22,0.0,54805.22
A0020105,2026-09,54805.22,3878.67,34216.13,24467.76
A0020105,2026-10,24467.76,0.0,20158.44,4309.32
A0020105,2026-11,4309.32,291750.0,36906.71,259152.61
A0020105,2026-12,259152.61,44134.7,172751.8,130535.51
A0020176,2026-11,0.0,108910.28,0.0,108910.28
A0020176,2026-12,108910.28,279.39,0.0,109189.67
A0020259,2026-04,0.0,215552.38,8853.17,206699.21
A0020259,2026-05,206699.21,23778.59,14361.55,216116.25
A0020259,2026-06,216116.25,35821.58,13927.87,238009.96
A0020259,2026-07,238009.96,413387.5,10741.63,640655.83
A0020259,2026-08,640655.83,31306.83,15289.34,656673.32
A0020259,2026-09,656673.32,698.85,9833.26,647538.91
A0020259,2026-10,647538.91,113484.52,7460.92,753562.51
A0020259,2026-11,753562.51,0.0,277917.04,475645.47
A0020259,2026-12,475645.47,20751.54,27143.68,469253.33
A0020270,2026-07,0.0,1894.82,433.65,1461.17
A0020270,2026-08,1461.17,394.56,0.0,1855.73
A0020270,2026-09,1855.73,2510.52,2247.26,2118.99
A0020270,2026-10,2118.99,1174.69,0.0,3293.68
A0020270,2026-11,3293.68,213.11,507.58,2999.21
A0020270,2026-12,2999.21,109.69,0.0,3108.9
A0020352,2026-04,0.0,119158.04,0.0,119158.04
A0020352,2026-05,119158.04,624.73,0.0,119782.77
A0020352,2026-06,119782.77,625.26,0.0,120408.03
A0020352,2026-07,120408.03,627.32,0.0,121035.35
A0020352,2026-08,121035.35,572.43,0.0,121607.78
A0020352,2026-09,121607.78,600.83,0.0,122208.61
A0020352,2026-10,122208.61,573.18,0.0,122781.79
A0020352,2026-11,122781.79,620.69,0.0,123402.48
A0020352,2026-12,123402.48,629.33,0.0,124031.81
A0020371,2026-08,0.0,33929.07,3339.97,30589.1
A0020371,2026-09,30589.1,2992.09,33048.88,532.31
A0020371,2026-10,532.31,52063.86,2218.4,50377.77
A0020371,2026-11,50377.77,0.0,17223.62,33154.15
A0020371,2026-12,33154.15,0.0,2484.7,30669.45
A0020401,2026-09,0.0,15495.8,0.0,15495.8
A0020401,2026-10,15495.8,4572.01,17249.76,2818.05
A0020401,2026-11,2818.05,8342.86,11125.94,34.97
A0020401,2026-12,34.97,5992.25,0.0,6027.22
A0020438,2026-02,0.0,24008.32,0.0,24008.32
A0020438,2026-03,24008.32,40025.58,26434.84,37599.06
A0020438,2026-04,37599.06,39268.17,53207.16,23660.07
A0020438,2026-05,23660.07,20715.72,2473.26,41902.53
A0020438,2026-06,41902.53,0.0,12749.59,29152.94
A0020438,2026-07,29152.94,31164.01,25745.41,34571.54
A0020438,2026-08,34571.54,8941.89,40271.54,3241.89
A0020438,2026-09,3241.89,20255.46,2953.83,20543.52
A0020438,2026-10,20543.52,25590.92,4369.19,41765.25
A0020438,2026-11,41765.25,0.0,2398.95,39366.3
A0020438,2026-12,39366.3,72631.18,69985.72,42011.76
A0020446,2026-06,0.0,242558.09,110778.07,131780.02
A0020446,2026-07,131780.02,73845.33,102826.42,102798.93
A0020446,2026-08,102798.93,67964.69,137317.07,33446.55
A0020446,2026-09,33446.55,30547.47,19349.76,44644.26
A0020446,2026-10,44644.26,69467.41,98755.21,15356.46
A0020446,2026-11,15356.46,85206.75,26845.3,73717.91
A0020446,2026-12,73717.91,36570.57,63080.04,47208.44
A0020472,2026-06,0.0,233903.83,100649.31,133254.52
A0020472,2026-07,133254.52,204980.79,132262.78,205972.53
A0020472,2026-08,205972.53,83234.73,29173.69,260033.57
A0020472,2026-09,260033.57,48979.77,96825.2,212188.14
A0020472,2026-10,212188.14,374953.09,68870.01,518271.22
A0020472,2026-11,518271.22,35413.02,186975.22,366709.02
A0020472,2026-12,366709.02,108167.35,329546.7,145329.67
A0020610,2026-03,0.0,542543.6,5153.64,537389.96
A0020610,2026-04,537389.96,15614.32,27515.67,525488.61
A0020610,2026-05,525488.61,16953.57,9610.82,532831.36
A0020610,2026-06,532831.36,7592.57,17205.45,523218.48
A0020610,2026-07,523218.48,4272.02,163666.49,363824.01
A0020610,2026-08,363824.01,84576.39,109426.48,338973.92
A0020610,2026-09,338973.92,8488.33,3247.03,344215.22
A0020610,2026-10,344215.22,14389.77,8493.23,350111.76
A0020610,2026-11,350111.76,16780.14,239072.73,127819.17
A0020610,2026-12,127819.17,19579.5,4962.06,142436.61
A0020715,2026-05,0.0,145643.81,52198.32,93445.49
A0020715,2026-06,93445.49,14144.38,53262.86,54327.01
A0020715,2026-07,54327.01,37446.11,67486.79,24286.33
A0020715,2026-08,24286.33,67453.17,2933.77,88805.73
A0020715,2026-09,88805.73,21060.37,3884.99,105981.11
A0020715,2026-10,105981.11,0.0,5509.44,100471.67
A0020715,2026-11,100471.67,65667.76,30867.33,135272.1
A0020715,2026-12,135272.1,5848.58,35444.6,105676.08
A0020724,2026-07,0.0,2207.96,539.28,1668.68
A0020724,2026-08,1668.68,1120.12,107.42,2681.38
A0020724,2026-09,2681.38,2952.67,1647.75,3986.3
A0020724,2026-10,3986.3,8193.82,1094.79,11085.33
A0020724,2026-11,11085.33,0.0,92.68,10992.65
A0020724,2026-12,10992.65,4154.29,1385.5,13761.44
A0020763,2026-10,0.0,40399.02,2928.71,37470.31
A0020763,2026-11,37470.31,174176.15,147207.9,64438.56
A0020763,2026-12,64438.56,18768.15,23838.63,59368.08
